image_id,source,alignment_score,artifact_score,class_id,alignment_norm,artifact_norm,composite_product,composite_harmonic
0,User_DiT_1,5.0,4.0,4,1.0,0.8,0.8,0.888888888888889
0,User_DiT_2,5.0,4.0,4,1.0,0.8,0.8,0.888888888888889
0,User_DiT_3,5.0,5.0,4,1.0,1.0,1.0,1.0
0,Sys_DiT_noref_1,4.85,2.15,4,0.97,0.43,0.41709999999999997,0.5958571428571429
0,Sys_DiT_noref_2,4.65,3.85,4,0.93,0.77,0.7161000000000001,0.8424705882352941
0,Sys_DiT_noref_3,4.85,4.72,4,0.97,0.944,0.9156799999999999,0.9568234064785789
1,User_DiT_1,5.0,4.0,4,1.0,0.8,0.8,0.888888888888889
1,User_DiT_2,5.0,3.0,4,1.0,0.6,0.6,0.7499999999999999
1,User_DiT_3,5.0,4.0,4,1.0,0.8,0.8,0.888888888888889
1,Sys_DiT_noref_1,4.85,3.2,4,0.97,0.64,0.6208,0.7711801242236026
1,Sys_DiT_noref_2,4.85,4.2,4,0.97,0.8400000000000001,0.8148000000000001,0.9003314917127072
1,Sys_DiT_noref_3,4.12,2.85,4,0.8240000000000001,0.5700000000000001,0.4696800000000001,0.6738593974175037
2,User_DiT_1,5.0,5.0,4,1.0,1.0,1.0,1.0
2,User_DiT_2,5.0,4.0,4,1.0,0.8,0.8,0.888888888888889
2,User_DiT_3,5.0,4.0,4,1.0,0.8,0.8,0.888888888888889
2,Sys_DiT_noref_1,4.68,3.85,4,0.9359999999999999,0.77,0.72072,0.8449237983587339
2,Sys_DiT_noref_2,4.65,3.85,4,0.93,0.77,0.7161000000000001,0.8424705882352941
2,Sys_DiT_noref_3,4.85,4.62,4,0.97,0.924,0.89628,0.9464413938753959
3,User_DiT_1,5.0,4.0,4,1.0,0.8,0.8,0.888888888888889
3,User_DiT_2,5.0,4.0,4,1.0,0.8,0.8,0.888888888888889
3,User_DiT_3,5.0,4.0,4,1.0,0.8,0.8,0.888888888888889
3,Sys_DiT_noref_1,4.85,4.72,4,0.97,0.944,0.9156799999999999,0.9568234064785789
3,Sys_DiT_noref_2,4.85,3.2,4,0.97,0.64,0.6208,0.7711801242236026
3,Sys_DiT_noref_3,4.12,3.85,4,0.8240000000000001,0.77,0.63448,0.7960853199498118
4,User_DiT_1,5.0,3.0,4,1.0,0.6,0.6,0.7499999999999999
4,User_DiT_2,5.0,4.0,4,1.0,0.8,0.8,0.888888888888889
4,User_DiT_3,4.38,3.0,4,0.876,0.6,0.5256,0.7121951219512195
4,Sys_DiT_noref_1,4.68,3.85,4,0.9359999999999999,0.77,0.72072,0.8449237983587339
4,Sys_DiT_noref_2,4.65,3.85,4,0.93,0.77,0.7161000000000001,0.8424705882352941
4,Sys_DiT_noref_3,4.65,3.85,4,0.93,0.77,0.7161000000000001,0.8424705882352941
5,User_DiT_1,4.44,4.0,7,0.8880000000000001,0.8,0.7104000000000001,0.8417061611374408
5,User_DiT_2,4.38,2.0,7,0.876,0.4,0.35040000000000004,0.5492163009404389
5,User_DiT_3,4.38,4.0,7,0.876,0.8,0.7008000000000001,0.8362768496420048
5,Sys_DiT_noref_1,4.65,3.85,7,0.93,0.77,0.7161000000000001,0.8424705882352941
5,Sys_DiT_noref_2,4.62,3.85,7,0.924,0.77,0.71148,0.8400000000000001
5,Sys_DiT_noref_3,4.65,3.85,7,0.93,0.77,0.7161000000000001,0.8424705882352941
6,User_DiT_1,5.0,2.0,7,1.0,0.4,0.4,0.5714285714285715
6,User_DiT_2,5.0,5.0,7,1.0,1.0,1.0,1.0
6,User_DiT_3,5.0,5.0,7,1.0,1.0,1.0,1.0
6,Sys_DiT_noref_1,4.85,3.2,7,0.97,0.64,0.6208,0.7711801242236026
6,Sys_DiT_noref_2,4.12,3.65,7,0.8240000000000001,0.73,0.60152,0.7741570141570142
6,Sys_DiT_noref_3,4.92,4.65,7,0.984,0.93,0.91512,0.9562382445141066
7,User_DiT_1,4.44,4.0,7,0.8880000000000001,0.8,0.7104000000000001,0.8417061611374408
7,User_DiT_2,4.44,4.0,7,0.8880000000000001,0.8,0.7104000000000001,0.8417061611374408
7,User_DiT_3,4.44,4.0,7,0.8880000000000001,0.8,0.7104000000000001,0.8417061611374408
7,Sys_DiT_noref_1,4.65,3.85,7,0.93,0.77,0.7161000000000001,0.8424705882352941
7,Sys_DiT_noref_2,4.12,3.85,7,0.8240000000000001,0.77,0.63448,0.7960853199498118
7,Sys_DiT_noref_3,4.65,3.85,7,0.93,0.77,0.7161000000000001,0.8424705882352941
8,User_DiT_1,4.17,4.0,7,0.834,0.8,0.6672,0.8166462668298654
8,User_DiT_2,4.17,4.0,7,0.834,0.8,0.6672,0.8166462668298654
8,User_DiT_3,4.17,3.0,7,0.834,0.6,0.5004,0.697907949790795
8,Sys_DiT_noref_1,4.85,3.2,7,0.97,0.64,0.6208,0.7711801242236026
8,Sys_DiT_noref_2,4.85,3.72,7,0.97,0.744,0.72168,0.842100350058343
8,Sys_DiT_noref_3,4.85,4.62,7,0.97,0.924,0.89628,0.9464413938753959
9,User_DiT_1,5.0,3.0,7,1.0,0.6,0.6,0.7499999999999999
9,User_DiT_2,5.0,3.0,7,1.0,0.6,0.6,0.7499999999999999
9,User_DiT_3,5.0,3.0,7,1.0,0.6,0.6,0.7499999999999999
9,Sys_DiT_noref_1,4.62,3.15,7,0.924,0.63,0.5821200000000001,0.7491891891891893
9,Sys_DiT_noref_2,4.62,3.85,7,0.924,0.77,0.71148,0.8400000000000001
9,Sys_DiT_noref_3,4.62,3.85,7,0.924,0.77,0.71148,0.8400000000000001
10,User_DiT_1,3.89,4.0,10,0.778,0.8,0.6224000000000001,0.7888466413181242
10,User_DiT_2,3.89,4.0,10,0.778,0.8,0.6224000000000001,0.7888466413181242
10,User_DiT_3,3.89,4.0,10,0.778,0.8,0.6224000000000001,0.7888466413181242
10,Sys_DiT_noref_1,4.85,3.72,10,0.97,0.744,0.72168,0.842100350058343
10,Sys_DiT_noref_2,2.85,3.4,10,0.5700000000000001,0.6799999999999999,0.3876,0.62016
10,Sys_DiT_noref_3,4.85,3.92,10,0.97,0.784,0.76048,0.8671379703534778
11,User_DiT_1,4.0,5.0,10,0.8,1.0,0.8,0.888888888888889
11,User_DiT_2,4.0,5.0,10,0.8,1.0,0.8,0.888888888888889
11,User_DiT_3,4.0,5.0,10,0.8,1.0,0.8,0.888888888888889
11,Sys_DiT_noref_1,4.92,4.98,10,0.984,0.9960000000000001,0.980064,0.9899636363636364
11,Sys_DiT_noref_2,4.92,4.98,10,0.984,0.9960000000000001,0.980064,0.9899636363636364
11,Sys_DiT_noref_3,4.85,3.2,10,0.97,0.64,0.6208,0.7711801242236026
12,User_DiT_1,0.56,3.0,10,0.11200000000000002,0.6,0.06720000000000001,0.18876404494382026
12,User_DiT_2,3.57,3.0,10,0.714,0.6,0.42839999999999995,0.6520547945205478
12,User_DiT_3,0.56,2.0,10,0.11200000000000002,0.4,0.044800000000000006,0.17500000000000002
12,Sys_DiT_noref_1,3.82,1.47,10,0.764,0.294,0.22461599999999998,0.4246049149338374
12,Sys_DiT_noref_2,3.42,2.85,10,0.6839999999999999,0.5700000000000001,0.38988,0.6218181818181818
12,Sys_DiT_noref_3,4.72,4.15,10,0.944,0.8300000000000001,0.78352,0.883337091319053
13,User_DiT_1,4.0,3.0,10,0.8,0.6,0.48,0.6857142857142857
13,User_DiT_2,5.0,3.0,10,1.0,0.6,0.6,0.7499999999999999
13,User_DiT_3,4.0,2.0,10,0.8,0.4,0.32000000000000006,0.5333333333333333
13,Sys_DiT_noref_1,4.85,3.65,10,0.97,0.73,0.7081,0.8330588235294117
13,Sys_DiT_noref_2,4.65,3.85,10,0.93,0.77,0.7161000000000001,0.8424705882352941
13,Sys_DiT_noref_3,4.85,4.9,10,0.97,0.9800000000000001,0.9506000000000001,0.974974358974359
14,User_DiT_1,4.0,5.0,10,0.8,1.0,0.8,0.888888888888889
14,User_DiT_2,4.0,5.0,10,0.8,1.0,0.8,0.888888888888889
14,User_DiT_3,3.89,5.0,10,0.778,1.0,0.778,0.875140607424072
14,Sys_DiT_noref_1,5.0,5.0,10,1.0,1.0,1.0,1.0
14,Sys_DiT_noref_2,4.95,4.98,10,0.99,0.9960000000000001,0.9860400000000001,0.9929909365558913
14,Sys_DiT_noref_3,5.0,5.0,10,1.0,1.0,1.0,1.0
15,User_DiT_1,5.0,4.0,25,1.0,0.8,0.8,0.888888888888889
15,User_DiT_2,5.0,5.0,25,1.0,1.0,1.0,1.0
15,User_DiT_3,5.0,2.0,25,1.0,0.4,0.4,0.5714285714285715
15,Sys_DiT_noref_1,4.65,3.85,25,0.93,0.77,0.7161000000000001,0.8424705882352941
15,Sys_DiT_noref_2,4.85,4.72,25,0.97,0.944,0.9156799999999999,0.9568234064785789
15,Sys_DiT_noref_3,4.65,4.12,25,0.93,0.8240000000000001,0.7663200000000001,0.8737970353477766
16,User_DiT_1,5.0,5.0,25,1.0,1.0,1.0,1.0
16,User_DiT_2,5.0,4.0,25,1.0,0.8,0.8,0.888888888888889
16,User_DiT_3,5.0,5.0,25,1.0,1.0,1.0,1.0
16,Sys_DiT_noref_1,4.85,4.12,25,0.97,0.8240000000000001,0.79928,0.8910590858416945
16,Sys_DiT_noref_2,4.92,4.98,25,0.984,0.9960000000000001,0.980064,0.9899636363636364
16,Sys_DiT_noref_3,4.85,4.92,25,0.97,0.984,0.95448,0.976949846468782
17,User_DiT_1,5.0,4.0,25,1.0,0.8,0.8,0.888888888888889
17,User_DiT_2,5.0,3.0,25,1.0,0.6,0.6,0.7499999999999999
17,User_DiT_3,4.17,4.0,25,0.834,0.8,0.6672,0.8166462668298654
17,Sys_DiT_noref_1,3.65,2.85,25,0.73,0.5700000000000001,0.4161,0.6401538461538462
17,Sys_DiT_noref_2,4.12,2.65,25,0.8240000000000001,0.53,0.43672000000000005,0.6450812407680946
17,Sys_DiT_noref_3,4.12,3.85,25,0.8240000000000001,0.77,0.63448,0.7960853199498118
18,User_DiT_1,5.0,4.0,25,1.0,0.8,0.8,0.888888888888889
18,User_DiT_2,5.0,4.0,25,1.0,0.8,0.8,0.888888888888889
18,User_DiT_3,5.0,4.0,25,1.0,0.8,0.8,0.888888888888889
18,Sys_DiT_noref_1,4.85,3.65,25,0.97,0.73,0.7081,0.8330588235294117
18,Sys_DiT_noref_2,4.15,3.85,25,0.8300000000000001,0.77,0.6391000000000001,0.7988750000000001
18,Sys_DiT_noref_3,4.12,2.85,25,0.8240000000000001,0.5700000000000001,0.4696800000000001,0.6738593974175037
19,User_DiT_1,3.33,2.0,25,0.666,0.4,0.2664,0.499812382739212
19,User_DiT_2,4.29,3.0,25,0.858,0.6,0.5147999999999999,0.7061728395061727
19,User_DiT_3,3.33,3.0,25,0.666,0.6,0.3996,0.6312796208530805
19,Sys_DiT_noref_1,4.65,4.2,25,0.93,0.8400000000000001,0.7812000000000001,0.8827118644067797
19,Sys_DiT_noref_2,4.12,3.85,25,0.8240000000000001,0.77,0.63448,0.7960853199498118
19,Sys_DiT_noref_3,4.35,3.85,25,0.8699999999999999,0.77,0.6698999999999999,0.8169512195121951
20,User_DiT_1,5.0,4.0,35,1.0,0.8,0.8,0.888888888888889
20,User_DiT_2,5.0,4.0,35,1.0,0.8,0.8,0.888888888888889
20,User_DiT_3,5.0,4.0,35,1.0,0.8,0.8,0.888888888888889
20,Sys_DiT_noref_1,4.85,3.92,35,0.97,0.784,0.76048,0.8671379703534778
20,Sys_DiT_noref_2,4.85,4.92,35,0.97,0.984,0.95448,0.976949846468782
20,Sys_DiT_noref_3,4.85,3.72,35,0.97,0.744,0.72168,0.842100350058343
21,User_DiT_1,4.0,4.0,35,0.8,0.8,0.6400000000000001,0.8000000000000002
21,User_DiT_2,3.0,3.0,35,0.6,0.6,0.36,0.6
21,User_DiT_3,4.0,3.0,35,0.8,0.6,0.48,0.6857142857142857
21,Sys_DiT_noref_1,3.42,3.85,35,0.6839999999999999,0.77,0.5266799999999999,0.7244566712517193
21,Sys_DiT_noref_2,3.42,2.85,35,0.6839999999999999,0.5700000000000001,0.38988,0.6218181818181818
21,Sys_DiT_noref_3,3.42,2.18,35,0.6839999999999999,0.43600000000000005,0.298224,0.5325428571428571
22,User_DiT_1,5.0,4.0,35,1.0,0.8,0.8,0.888888888888889
22,User_DiT_2,4.0,4.0,35,0.8,0.8,0.6400000000000001,0.8000000000000002
22,User_DiT_3,4.0,5.0,35,0.8,1.0,0.8,0.888888888888889
22,Sys_DiT_noref_1,4.12,3.85,35,0.8240000000000001,0.77,0.63448,0.7960853199498118
22,Sys_DiT_noref_2,4.72,4.15,35,0.944,0.8300000000000001,0.78352,0.883337091319053
22,Sys_DiT_noref_3,4.65,4.12,35,0.93,0.8240000000000001,0.7663200000000001,0.8737970353477766
23,User_DiT_1,5.0,4.0,35,1.0,0.8,0.8,0.888888888888889
23,User_DiT_2,5.0,4.0,35,1.0,0.8,0.8,0.888888888888889
23,User_DiT_3,5.0,4.0,35,1.0,0.8,0.8,0.888888888888889
23,Sys_DiT_noref_1,3.42,2.15,35,0.6839999999999999,0.43,0.29412,0.5280430879712747
23,Sys_DiT_noref_2,3.65,2.85,35,0.73,0.5700000000000001,0.4161,0.6401538461538462
23,Sys_DiT_noref_3,4.12,3.85,35,0.8240000000000001,0.77,0.63448,0.7960853199498118
24,User_DiT_1,4.0,3.0,35,0.8,0.6,0.48,0.6857142857142857
24,User_DiT_2,4.0,3.0,35,0.8,0.6,0.48,0.6857142857142857
24,User_DiT_3,4.0,4.0,35,0.8,0.8,0.6400000000000001,0.8000000000000002
24,Sys_DiT_noref_1,4.65,3.85,35,0.93,0.77,0.7161000000000001,0.8424705882352941
24,Sys_DiT_noref_2,3.15,3.85,35,0.63,0.77,0.48510000000000003,0.6930000000000001
24,Sys_DiT_noref_3,4.65,3.85,35,0.93,0.77,0.7161000000000001,0.8424705882352941
25,User_DiT_1,5.0,4.0,39,1.0,0.8,0.8,0.888888888888889
25,User_DiT_2,5.0,3.0,39,1.0,0.6,0.6,0.7499999999999999
25,User_DiT_3,5.0,4.0,39,1.0,0.8,0.8,0.888888888888889
25,Sys_DiT_noref_1,4.85,4.92,39,0.97,0.984,0.95448,0.976949846468782
25,Sys_DiT_noref_2,4.72,3.85,39,0.944,0.77,0.72688,0.8481680280046674
25,Sys_DiT_noref_3,4.85,4.92,39,0.97,0.984,0.95448,0.976949846468782
26,User_DiT_1,3.75,3.0,39,0.75,0.6,0.44999999999999996,0.6666666666666665
26,User_DiT_2,3.89,2.0,39,0.778,0.4,0.31120000000000003,0.5283531409168082
26,User_DiT_3,3.89,2.0,39,0.778,0.4,0.31120000000000003,0.5283531409168082
26,Sys_DiT_noref_1,2.15,2.85,39,0.43,0.5700000000000001,0.2451,0.4902
26,Sys_DiT_noref_2,2.15,2.85,39,0.43,0.5700000000000001,0.2451,0.4902
26,Sys_DiT_noref_3,3.42,2.85,39,0.6839999999999999,0.5700000000000001,0.38988,0.6218181818181818
27,User_DiT_1,5.0,5.0,39,1.0,1.0,1.0,1.0
27,User_DiT_2,3.57,3.0,39,0.714,0.6,0.42839999999999995,0.6520547945205478
27,User_DiT_3,3.57,2.0,39,0.714,0.4,0.2856,0.5127468581687613
27,Sys_DiT_noref_1,3.85,4.62,39,0.77,0.924,0.71148,0.8400000000000001
27,Sys_DiT_noref_2,4.12,4.65,39,0.8240000000000001,0.93,0.7663200000000001,0.8737970353477766
27,Sys_DiT_noref_3,3.45,2.85,39,0.6900000000000001,0.5700000000000001,0.3933000000000001,0.6242857142857143
28,User_DiT_1,5.0,3.0,39,1.0,0.6,0.6,0.7499999999999999
28,User_DiT_2,4.17,2.0,39,0.834,0.4,0.3336,0.5406807131280389
28,User_DiT_3,5.0,3.0,39,1.0,0.6,0.6,0.7499999999999999
28,Sys_DiT_noref_1,2.85,4.2,39,0.5700000000000001,0.8400000000000001,0.4788000000000001,0.6791489361702129
28,Sys_DiT_noref_2,3.85,4.92,39,0.77,0.984,0.75768,0.863945267958951
28,Sys_DiT_noref_3,3.42,4.15,39,0.6839999999999999,0.8300000000000001,0.56772,0.7499603698811096
29,User_DiT_1,5.0,4.0,39,1.0,0.8,0.8,0.888888888888889
29,User_DiT_2,5.0,4.0,39,1.0,0.8,0.8,0.888888888888889
29,User_DiT_3,5.0,4.0,39,1.0,0.8,0.8,0.888888888888889
29,Sys_DiT_noref_1,4.62,4.91,39,0.924,0.982,0.9073680000000001,0.9521175236096537
29,Sys_DiT_noref_2,3.42,2.85,39,0.6839999999999999,0.5700000000000001,0.38988,0.6218181818181818
29,Sys_DiT_noref_3,2.15,4.92,39,0.43,0.984,0.42312,0.5984724186704385
30,User_DiT_1,5.0,4.0,49,1.0,0.8,0.8,0.888888888888889
30,User_DiT_2,5.0,4.0,49,1.0,0.8,0.8,0.888888888888889
30,User_DiT_3,5.0,4.0,49,1.0,0.8,0.8,0.888888888888889
30,Sys_DiT_noref_1,4.85,3.6,49,0.97,0.72,0.6983999999999999,0.8265088757396449
30,Sys_DiT_noref_2,4.85,3.92,49,0.97,0.784,0.76048,0.8671379703534778
30,Sys_DiT_noref_3,4.85,4.9,49,0.97,0.9800000000000001,0.9506000000000001,0.974974358974359
31,User_DiT_1,5.0,5.0,49,1.0,1.0,1.0,1.0
31,User_DiT_2,5.0,5.0,49,1.0,1.0,1.0,1.0
31,User_DiT_3,5.0,5.0,49,1.0,1.0,1.0,1.0
31,Sys_DiT_noref_1,4.85,4.2,49,0.97,0.8400000000000001,0.8148000000000001,0.9003314917127072
31,Sys_DiT_noref_2,4.92,4.98,49,0.984,0.9960000000000001,0.980064,0.9899636363636364
31,Sys_DiT_noref_3,4.85,4.92,49,0.97,0.984,0.95448,0.976949846468782
32,User_DiT_1,5.0,5.0,49,1.0,1.0,1.0,1.0
32,User_DiT_2,5.0,5.0,49,1.0,1.0,1.0,1.0
32,User_DiT_3,5.0,4.0,49,1.0,0.8,0.8,0.888888888888889
32,Sys_DiT_noref_1,4.85,4.62,49,0.97,0.924,0.89628,0.9464413938753959
32,Sys_DiT_noref_2,4.65,3.85,49,0.93,0.77,0.7161000000000001,0.8424705882352941
32,Sys_DiT_noref_3,4.15,3.85,49,0.8300000000000001,0.77,0.6391000000000001,0.7988750000000001
33,User_DiT_1,5.0,3.0,49,1.0,0.6,0.6,0.7499999999999999
33,User_DiT_2,5.0,3.0,49,1.0,0.6,0.6,0.7499999999999999
33,User_DiT_3,5.0,3.0,49,1.0,0.6,0.6,0.7499999999999999
33,Sys_DiT_noref_1,1.85,2.4,49,0.37,0.48,0.17759999999999998,0.4178823529411764
33,Sys_DiT_noref_2,1.85,3.2,49,0.37,0.64,0.2368,0.46891089108910894
33,Sys_DiT_noref_3,2.15,3.8,49,0.43,0.76,0.3268,0.5492436974789916
34,User_DiT_1,5.0,4.0,49,1.0,0.8,0.8,0.888888888888889
34,User_DiT_2,4.38,4.0,49,0.876,0.8,0.7008000000000001,0.8362768496420048
34,User_DiT_3,4.38,4.0,49,0.876,0.8,0.7008000000000001,0.8362768496420048
34,Sys_DiT_noref_1,2.85,3.1,49,0.5700000000000001,0.62,0.35340000000000005,0.5939495798319329
34,Sys_DiT_noref_2,3.42,2.85,49,0.6839999999999999,0.5700000000000001,0.38988,0.6218181818181818
34,Sys_DiT_noref_3,3.42,2.15,49,0.6839999999999999,0.43,0.29412,0.5280430879712747
35,User_DiT_1,5.0,5.0,51,1.0,1.0,1.0,1.0
35,User_DiT_2,5.0,5.0,51,1.0,1.0,1.0,1.0
35,User_DiT_3,5.0,5.0,51,1.0,1.0,1.0,1.0
35,Sys_DiT_noref_1,4.92,4.98,51,0.984,0.9960000000000001,0.980064,0.9899636363636364
35,Sys_DiT_noref_2,5.0,5.0,51,1.0,1.0,1.0,1.0
35,Sys_DiT_noref_3,4.92,4.98,51,0.984,0.9960000000000001,0.980064,0.9899636363636364
36,User_DiT_1,0.0,1.0,51,0.0,0.2,0.0,0.0
36,User_DiT_2,0.0,1.0,51,0.0,0.2,0.0,0.0
36,User_DiT_3,0.0,1.0,51,0.0,0.2,0.0,0.0
36,Sys_DiT_noref_1,0.15,0.85,51,0.03,0.16999999999999998,0.0050999999999999995,0.051
36,Sys_DiT_noref_2,0.15,0.85,51,0.03,0.16999999999999998,0.0050999999999999995,0.051
36,Sys_DiT_noref_3,1.85,2.4,51,0.37,0.48,0.17759999999999998,0.4178823529411764
37,User_DiT_1,5.0,4.0,51,1.0,0.8,0.8,0.888888888888889
37,User_DiT_2,5.0,4.0,51,1.0,0.8,0.8,0.888888888888889
37,User_DiT_3,5.0,5.0,51,1.0,1.0,1.0,1.0
37,Sys_DiT_noref_1,4.85,3.15,51,0.97,0.63,0.6111,0.763875
37,Sys_DiT_noref_2,4.15,4.85,51,0.8300000000000001,0.97,0.8051,0.8945555555555555
37,Sys_DiT_noref_3,5.0,5.0,51,1.0,1.0,1.0,1.0
38,User_DiT_1,5.0,5.0,51,1.0,1.0,1.0,1.0
38,User_DiT_2,5.0,5.0,51,1.0,1.0,1.0,1.0
38,User_DiT_3,5.0,5.0,51,1.0,1.0,1.0,1.0
38,Sys_DiT_noref_1,4.92,4.85,51,0.984,0.97,0.95448,0.976949846468782
38,Sys_DiT_noref_2,4.92,4.95,51,0.984,0.99,0.97416,0.9869908814589666
38,Sys_DiT_noref_3,4.25,5.0,51,0.85,1.0,0.85,0.9189189189189189
39,User_DiT_1,5.0,5.0,51,1.0,1.0,1.0,1.0
39,User_DiT_2,5.0,4.0,51,1.0,0.8,0.8,0.888888888888889
39,User_DiT_3,5.0,5.0,51,1.0,1.0,1.0,1.0
39,Sys_DiT_noref_1,4.92,4.85,51,0.984,0.97,0.95448,0.976949846468782
39,Sys_DiT_noref_2,4.85,3.75,51,0.97,0.75,0.7275,0.8459302325581396
39,Sys_DiT_noref_3,4.85,3.75,51,0.97,0.75,0.7275,0.8459302325581396
40,User_DiT_1,5.0,5.0,52,1.0,1.0,1.0,1.0
40,User_DiT_2,5.0,4.0,52,1.0,0.8,0.8,0.888888888888889
40,User_DiT_3,5.0,4.0,52,1.0,0.8,0.8,0.888888888888889
40,Sys_DiT_noref_1,4.35,4.82,52,0.8699999999999999,0.9640000000000001,0.83868,0.9145910577971647
40,Sys_DiT_noref_2,4.35,4.12,52,0.8699999999999999,0.8240000000000001,0.71688,0.846375442739079
40,Sys_DiT_noref_3,4.35,3.85,52,0.8699999999999999,0.77,0.6698999999999999,0.8169512195121951
41,User_DiT_1,5.0,4.0,52,1.0,0.8,0.8,0.888888888888889
41,User_DiT_2,4.17,5.0,52,0.834,1.0,0.834,0.9094874591057797
41,User_DiT_3,4.17,5.0,52,0.834,1.0,0.834,0.9094874591057797
41,Sys_DiT_noref_1,4.65,3.85,52,0.93,0.77,0.7161000000000001,0.8424705882352941
41,Sys_DiT_noref_2,4.85,3.6,52,0.97,0.72,0.6983999999999999,0.8265088757396449
41,Sys_DiT_noref_3,4.65,4.85,52,0.93,0.97,0.9021,0.9495789473684211
42,User_DiT_1,5.0,5.0,52,1.0,1.0,1.0,1.0
42,User_DiT_2,5.0,5.0,52,1.0,1.0,1.0,1.0
42,User_DiT_3,5.0,5.0,52,1.0,1.0,1.0,1.0
42,Sys_DiT_noref_1,4.72,3.85,52,0.944,0.77,0.72688,0.8481680280046674
42,Sys_DiT_noref_2,4.98,5.0,52,0.9960000000000001,1.0,0.9960000000000001,0.997995991983968
42,Sys_DiT_noref_3,4.92,4.95,52,0.984,0.99,0.97416,0.9869908814589666
43,User_DiT_1,5.0,3.0,52,1.0,0.6,0.6,0.7499999999999999
43,User_DiT_2,5.0,3.0,52,1.0,0.6,0.6,0.7499999999999999
43,User_DiT_3,5.0,3.0,52,1.0,0.6,0.6,0.7499999999999999
43,Sys_DiT_noref_1,2.85,1.2,52,0.5700000000000001,0.24,0.1368,0.3377777777777778
43,Sys_DiT_noref_2,4.85,3.6,52,0.97,0.72,0.6983999999999999,0.8265088757396449
43,Sys_DiT_noref_3,4.65,2.85,52,0.93,0.5700000000000001,0.5301000000000001,0.7068000000000002
44,User_DiT_1,1.43,2.0,52,0.286,0.4,0.1144,0.3335276967930029
44,User_DiT_2,0.71,2.0,52,0.142,0.4,0.056799999999999996,0.20959409594095937
44,User_DiT_3,1.43,3.0,52,0.286,0.6,0.17159999999999997,0.3873589164785553
44,Sys_DiT_noref_1,1.24,1.85,52,0.248,0.37,0.09176,0.296957928802589
44,Sys_DiT_noref_2,1.15,0.85,52,0.22999999999999998,0.16999999999999998,0.039099999999999996,0.1955
44,Sys_DiT_noref_3,1.42,3.65,52,0.284,0.73,0.20731999999999998,0.4089151873767258
45,User_DiT_1,4.29,4.0,64,0.858,0.8,0.6864,0.8279855247285887
45,User_DiT_2,5.0,5.0,64,1.0,1.0,1.0,1.0
45,User_DiT_3,5.0,4.0,64,1.0,0.8,0.8,0.888888888888889
45,Sys_DiT_noref_1,4.85,4.92,64,0.97,0.984,0.95448,0.976949846468782
45,Sys_DiT_noref_2,4.85,4.2,64,0.97,0.8400000000000001,0.8148000000000001,0.9003314917127072
45,Sys_DiT_noref_3,4.85,4.92,64,0.97,0.984,0.95448,0.976949846468782
46,User_DiT_1,2.86,3.0,64,0.572,0.6,0.34319999999999995,0.5856655290102388
46,User_DiT_2,4.29,2.0,64,0.858,0.4,0.3432,0.5456279809220985
46,User_DiT_3,4.29,2.0,64,0.858,0.4,0.3432,0.5456279809220985
46,Sys_DiT_noref_1,3.42,2.15,64,0.6839999999999999,0.43,0.29412,0.5280430879712747
46,Sys_DiT_noref_2,2.85,1.65,64,0.5700000000000001,0.32999999999999996,0.1881,0.418
46,Sys_DiT_noref_3,3.45,1.82,64,0.6900000000000001,0.364,0.25116,0.47658444022770396
47,User_DiT_1,4.29,3.0,64,0.858,0.6,0.5147999999999999,0.7061728395061727
47,User_DiT_2,5.0,5.0,64,1.0,1.0,1.0,1.0
47,User_DiT_3,4.29,3.0,64,0.858,0.6,0.5147999999999999,0.7061728395061727
47,Sys_DiT_noref_1,4.62,3.85,64,0.924,0.77,0.71148,0.8400000000000001
47,Sys_DiT_noref_2,4.85,4.92,64,0.97,0.984,0.95448,0.976949846468782
47,Sys_DiT_noref_3,3.45,1.85,64,0.6900000000000001,0.37,0.2553,0.4816981132075472
48,User_DiT_1,3.75,4.0,64,0.75,0.8,0.6000000000000001,0.7741935483870969
48,User_DiT_2,2.5,1.0,64,0.5,0.2,0.1,0.28571428571428575
48,User_DiT_3,2.5,4.0,64,0.5,0.8,0.4,0.6153846153846154
48,Sys_DiT_noref_1,2.15,3.8,64,0.43,0.76,0.3268,0.5492436974789916
48,Sys_DiT_noref_2,1.85,4.2,64,0.37,0.8400000000000001,0.3108,0.5137190082644628
48,Sys_DiT_noref_3,2.85,3.1,64,0.5700000000000001,0.62,0.35340000000000005,0.5939495798319329
49,User_DiT_1,2.86,4.0,64,0.572,0.8,0.4576,0.6670553935860059
49,User_DiT_2,2.86,4.0,64,0.572,0.8,0.4576,0.6670553935860059
49,User_DiT_3,5.0,4.0,64,1.0,0.8,0.8,0.888888888888889
49,Sys_DiT_noref_1,2.85,3.65,64,0.5700000000000001,0.73,0.4161,0.6401538461538462
49,Sys_DiT_noref_2,2.15,3.85,64,0.43,0.77,0.3311,0.5518333333333334
49,Sys_DiT_noref_3,2.85,1.65,64,0.5700000000000001,0.32999999999999996,0.1881,0.418
50,User_DiT_1,5.0,3.0,80,1.0,0.6,0.6,0.7499999999999999
50,User_DiT_2,5.0,2.0,80,1.0,0.4,0.4,0.5714285714285715
50,User_DiT_3,5.0,3.0,80,1.0,0.6,0.6,0.7499999999999999
50,Sys_DiT_noref_1,4.25,2.85,80,0.85,0.5700000000000001,0.48450000000000004,0.6823943661971832
50,Sys_DiT_noref_2,4.65,3.82,80,0.93,0.764,0.71052,0.8388665879574971
50,Sys_DiT_noref_3,4.65,3.82,80,0.93,0.764,0.71052,0.8388665879574971
51,User_DiT_1,5.0,2.0,80,1.0,0.4,0.4,0.5714285714285715
51,User_DiT_2,5.0,3.0,80,1.0,0.6,0.6,0.7499999999999999
51,User_DiT_3,5.0,2.0,80,1.0,0.4,0.4,0.5714285714285715
51,Sys_DiT_noref_1,4.85,3.65,80,0.97,0.73,0.7081,0.8330588235294117
51,Sys_DiT_noref_2,4.65,2.85,80,0.93,0.5700000000000001,0.5301000000000001,0.7068000000000002
51,Sys_DiT_noref_3,4.65,2.85,80,0.93,0.5700000000000001,0.5301000000000001,0.7068000000000002
52,User_DiT_1,0.62,0.0,80,0.124,0.0,0.0,0.0
52,User_DiT_2,4.29,2.0,80,0.858,0.4,0.3432,0.5456279809220985
52,User_DiT_3,0.62,1.0,80,0.124,0.2,0.024800000000000003,0.15308641975308643
52,Sys_DiT_noref_1,4.12,2.85,80,0.8240000000000001,0.5700000000000001,0.4696800000000001,0.6738593974175037
52,Sys_DiT_noref_2,4.12,2.85,80,0.8240000000000001,0.5700000000000001,0.4696800000000001,0.6738593974175037
52,Sys_DiT_noref_3,2.85,1.25,80,0.5700000000000001,0.25,0.14250000000000002,0.34756097560975613
53,User_DiT_1,5.0,4.0,80,1.0,0.8,0.8,0.888888888888889
53,User_DiT_2,5.0,3.0,80,1.0,0.6,0.6,0.7499999999999999
53,User_DiT_3,5.0,4.0,80,1.0,0.8,0.8,0.888888888888889
53,Sys_DiT_noref_1,4.85,3.2,80,0.97,0.64,0.6208,0.7711801242236026
53,Sys_DiT_noref_2,4.85,3.75,80,0.97,0.75,0.7275,0.8459302325581396
53,Sys_DiT_noref_3,4.65,3.82,80,0.93,0.764,0.71052,0.8388665879574971
54,User_DiT_1,5.0,4.0,80,1.0,0.8,0.8,0.888888888888889
54,User_DiT_2,3.57,4.0,80,0.714,0.8,0.5712,0.7545574636723911
54,User_DiT_3,0.0,2.0,80,0.0,0.4,0.0,0.0
54,Sys_DiT_noref_1,4.65,3.85,80,0.93,0.77,0.7161000000000001,0.8424705882352941
54,Sys_DiT_noref_2,4.65,3.85,80,0.93,0.77,0.7161000000000001,0.8424705882352941
54,Sys_DiT_noref_3,4.65,3.85,80,0.93,0.77,0.7161000000000001,0.8424705882352941
55,User_DiT_1,5.0,5.0,97,1.0,1.0,1.0,1.0
55,User_DiT_2,5.0,5.0,97,1.0,1.0,1.0,1.0
55,User_DiT_3,5.0,4.0,97,1.0,0.8,0.8,0.888888888888889
55,Sys_DiT_noref_1,4.92,5.0,97,0.984,1.0,0.984,0.9919354838709677
55,Sys_DiT_noref_2,4.92,5.0,97,0.984,1.0,0.984,0.9919354838709677
55,Sys_DiT_noref_3,5.0,5.0,97,1.0,1.0,1.0,1.0
56,User_DiT_1,5.0,5.0,97,1.0,1.0,1.0,1.0
56,User_DiT_2,5.0,5.0,97,1.0,1.0,1.0,1.0
56,User_DiT_3,5.0,5.0,97,1.0,1.0,1.0,1.0
56,Sys_DiT_noref_1,4.95,5.0,97,0.99,1.0,0.99,0.9949748743718593
56,Sys_DiT_noref_2,4.85,4.92,97,0.97,0.984,0.95448,0.976949846468782
56,Sys_DiT_noref_3,4.98,4.99,97,0.9960000000000001,0.998,0.9940080000000001,0.9969989969909729
57,User_DiT_1,5.0,3.0,97,1.0,0.6,0.6,0.7499999999999999
57,User_DiT_2,5.0,3.0,97,1.0,0.6,0.6,0.7499999999999999
57,User_DiT_3,5.0,4.0,97,1.0,0.8,0.8,0.888888888888889
57,Sys_DiT_noref_1,4.72,3.85,97,0.944,0.77,0.72688,0.8481680280046674
57,Sys_DiT_noref_2,4.15,2.85,97,0.8300000000000001,0.5700000000000001,0.4731000000000001,0.6758571428571429
57,Sys_DiT_noref_3,4.12,2.85,97,0.8240000000000001,0.5700000000000001,0.4696800000000001,0.6738593974175037
58,User_DiT_1,5.0,4.0,97,1.0,0.8,0.8,0.888888888888889
58,User_DiT_2,5.0,5.0,97,1.0,1.0,1.0,1.0
58,User_DiT_3,5.0,4.0,97,1.0,0.8,0.8,0.888888888888889
58,Sys_DiT_noref_1,4.92,5.0,97,0.984,1.0,0.984,0.9919354838709677
58,Sys_DiT_noref_2,4.92,4.98,97,0.984,0.9960000000000001,0.980064,0.9899636363636364
58,Sys_DiT_noref_3,4.72,4.85,97,0.944,0.97,0.9156799999999999,0.9568234064785789
59,User_DiT_1,5.0,5.0,97,1.0,1.0,1.0,1.0
59,User_DiT_2,5.0,5.0,97,1.0,1.0,1.0,1.0
59,User_DiT_3,5.0,5.0,97,1.0,1.0,1.0,1.0
59,Sys_DiT_noref_1,4.98,5.0,97,0.9960000000000001,1.0,0.9960000000000001,0.997995991983968
59,Sys_DiT_noref_2,4.85,4.92,97,0.97,0.984,0.95448,0.976949846468782
59,Sys_DiT_noref_3,4.85,3.65,97,0.97,0.73,0.7081,0.8330588235294117
60,User_DiT_1,5.0,4.0,106,1.0,0.8,0.8,0.888888888888889
60,User_DiT_2,5.0,4.0,106,1.0,0.8,0.8,0.888888888888889
60,User_DiT_3,5.0,2.0,106,1.0,0.4,0.4,0.5714285714285715
60,Sys_DiT_noref_1,4.65,3.85,106,0.93,0.77,0.7161000000000001,0.8424705882352941
60,Sys_DiT_noref_2,4.65,3.85,106,0.93,0.77,0.7161000000000001,0.8424705882352941
60,Sys_DiT_noref_3,4.85,4.2,106,0.97,0.8400000000000001,0.8148000000000001,0.9003314917127072
61,User_DiT_1,5.0,3.0,106,1.0,0.6,0.6,0.7499999999999999
61,User_DiT_2,5.0,4.0,106,1.0,0.8,0.8,0.888888888888889
61,User_DiT_3,5.0,4.0,106,1.0,0.8,0.8,0.888888888888889
61,Sys_DiT_noref_1,4.65,2.85,106,0.93,0.5700000000000001,0.5301000000000001,0.7068000000000002
61,Sys_DiT_noref_2,4.65,3.2,106,0.93,0.64,0.5952000000000001,0.7582165605095542
61,Sys_DiT_noref_3,4.85,3.7,106,0.97,0.74,0.7178,0.83953216374269
62,User_DiT_1,5.0,3.0,106,1.0,0.6,0.6,0.7499999999999999
62,User_DiT_2,5.0,4.0,106,1.0,0.8,0.8,0.888888888888889
62,User_DiT_3,5.0,3.0,106,1.0,0.6,0.6,0.7499999999999999
62,Sys_DiT_noref_1,4.85,3.92,106,0.97,0.784,0.76048,0.8671379703534778
62,Sys_DiT_noref_2,4.35,3.82,106,0.8699999999999999,0.764,0.6646799999999999,0.8135618115055079
62,Sys_DiT_noref_3,4.65,3.85,106,0.93,0.77,0.7161000000000001,0.8424705882352941
63,User_DiT_1,4.17,4.0,106,0.834,0.8,0.6672,0.8166462668298654
63,User_DiT_2,5.0,3.0,106,1.0,0.6,0.6,0.7499999999999999
63,User_DiT_3,4.17,4.0,106,0.834,0.8,0.6672,0.8166462668298654
63,Sys_DiT_noref_1,2.85,3.6,106,0.5700000000000001,0.72,0.41040000000000004,0.6362790697674419
63,Sys_DiT_noref_2,3.85,4.12,106,0.77,0.8240000000000001,0.63448,0.7960853199498118
63,Sys_DiT_noref_3,3.85,2.15,106,0.77,0.43,0.3311,0.5518333333333334
64,User_DiT_1,5.0,3.0,106,1.0,0.6,0.6,0.7499999999999999
64,User_DiT_2,5.0,3.0,106,1.0,0.6,0.6,0.7499999999999999
64,User_DiT_3,5.0,4.0,106,1.0,0.8,0.8,0.888888888888889
64,Sys_DiT_noref_1,4.65,3.85,106,0.93,0.77,0.7161000000000001,0.8424705882352941
64,Sys_DiT_noref_2,4.12,3.15,106,0.8240000000000001,0.63,0.51912,0.7140577716643741
64,Sys_DiT_noref_3,4.85,4.9,106,0.97,0.9800000000000001,0.9506000000000001,0.974974358974359
65,User_DiT_1,5.0,4.0,116,1.0,0.8,0.8,0.888888888888889
65,User_DiT_2,5.0,4.0,116,1.0,0.8,0.8,0.888888888888889
65,User_DiT_3,5.0,4.0,116,1.0,0.8,0.8,0.888888888888889
65,Sys_DiT_noref_1,2.85,3.12,116,0.5700000000000001,0.624,0.35568000000000005,0.5957788944723619
65,Sys_DiT_noref_2,3.85,4.12,116,0.77,0.8240000000000001,0.63448,0.7960853199498118
65,Sys_DiT_noref_3,2.85,2.1,116,0.5700000000000001,0.42000000000000004,0.23940000000000006,0.4836363636363637
66,User_DiT_1,5.0,5.0,116,1.0,1.0,1.0,1.0
66,User_DiT_2,5.0,5.0,116,1.0,1.0,1.0,1.0
66,User_DiT_3,5.0,5.0,116,1.0,1.0,1.0,1.0
66,Sys_DiT_noref_1,4.98,4.95,116,0.9960000000000001,0.99,0.9860400000000001,0.9929909365558913
66,Sys_DiT_noref_2,4.92,4.85,116,0.984,0.97,0.95448,0.976949846468782
66,Sys_DiT_noref_3,5.0,4.95,116,1.0,0.99,0.99,0.9949748743718593
67,User_DiT_1,5.0,4.0,116,1.0,0.8,0.8,0.888888888888889
67,User_DiT_2,5.0,3.0,116,1.0,0.6,0.6,0.7499999999999999
67,User_DiT_3,5.0,4.0,116,1.0,0.8,0.8,0.888888888888889
67,Sys_DiT_noref_1,4.85,4.62,116,0.97,0.924,0.89628,0.9464413938753959
67,Sys_DiT_noref_2,4.85,4.6,116,0.97,0.9199999999999999,0.8923999999999999,0.9443386243386243
67,Sys_DiT_noref_3,4.85,3.65,116,0.97,0.73,0.7081,0.8330588235294117
68,User_DiT_1,5.0,5.0,116,1.0,1.0,1.0,1.0
68,User_DiT_2,5.0,4.0,116,1.0,0.8,0.8,0.888888888888889
68,User_DiT_3,5.0,4.0,116,1.0,0.8,0.8,0.888888888888889
68,Sys_DiT_noref_1,4.92,4.85,116,0.984,0.97,0.95448,0.976949846468782
68,Sys_DiT_noref_2,4.65,3.85,116,0.93,0.77,0.7161000000000001,0.8424705882352941
68,Sys_DiT_noref_3,4.92,4.85,116,0.984,0.97,0.95448,0.976949846468782
69,User_DiT_1,5.0,4.0,116,1.0,0.8,0.8,0.888888888888889
69,User_DiT_2,5.0,4.0,116,1.0,0.8,0.8,0.888888888888889
69,User_DiT_3,5.0,4.0,116,1.0,0.8,0.8,0.888888888888889
69,Sys_DiT_noref_1,3.45,3.82,116,0.6900000000000001,0.764,0.5271600000000001,0.7251169188445667
69,Sys_DiT_noref_2,3.82,4.63,116,0.764,0.9259999999999999,0.707464,0.8372355029585798
69,Sys_DiT_noref_3,3.82,4.91,116,0.764,0.982,0.750248,0.8593906071019474
70,User_DiT_1,3.33,2.0,118,0.666,0.4,0.2664,0.499812382739212
70,User_DiT_2,4.29,3.0,118,0.858,0.6,0.5147999999999999,0.7061728395061727
70,User_DiT_3,3.57,3.0,118,0.714,0.6,0.42839999999999995,0.6520547945205478
70,Sys_DiT_noref_1,2.85,3.62,118,0.5700000000000001,0.724,0.41268000000000005,0.6378361669242659
70,Sys_DiT_noref_2,2.15,3.85,118,0.43,0.77,0.3311,0.5518333333333334
70,Sys_DiT_noref_3,2.85,3.42,118,0.5700000000000001,0.6839999999999999,0.38988,0.6218181818181818
71,User_DiT_1,2.14,4.0,118,0.42800000000000005,0.8,0.34240000000000004,0.5576547231270358
71,User_DiT_2,2.86,3.0,118,0.572,0.6,0.34319999999999995,0.5856655290102388
71,User_DiT_3,2.14,3.0,118,0.42800000000000005,0.6,0.25680000000000003,0.4996108949416343
71,Sys_DiT_noref_1,3.85,2.15,118,0.77,0.43,0.3311,0.5518333333333334
71,Sys_DiT_noref_2,3.45,1.82,118,0.6900000000000001,0.364,0.25116,0.47658444022770396
71,Sys_DiT_noref_3,4.12,3.65,118,0.8240000000000001,0.73,0.60152,0.7741570141570142
72,User_DiT_1,2.5,2.0,118,0.5,0.4,0.2,0.4444444444444445
72,User_DiT_2,2.5,1.0,118,0.5,0.2,0.1,0.28571428571428575
72,User_DiT_3,2.5,2.0,118,0.5,0.4,0.2,0.4444444444444445
72,Sys_DiT_noref_1,2.15,1.85,118,0.43,0.37,0.1591,0.39774999999999994
72,Sys_DiT_noref_2,2.85,1.42,118,0.5700000000000001,0.284,0.16188,0.3791100702576112
72,Sys_DiT_noref_3,2.85,1.45,118,0.5700000000000001,0.29,0.1653,0.38441860465116273
73,User_DiT_1,5.0,4.0,118,1.0,0.8,0.8,0.888888888888889
73,User_DiT_2,5.0,4.0,118,1.0,0.8,0.8,0.888888888888889
73,User_DiT_3,5.0,5.0,118,1.0,1.0,1.0,1.0
73,Sys_DiT_noref_1,4.12,3.85,118,0.8240000000000001,0.77,0.63448,0.7960853199498118
73,Sys_DiT_noref_2,4.85,4.72,118,0.97,0.944,0.9156799999999999,0.9568234064785789
73,Sys_DiT_noref_3,4.85,4.72,118,0.97,0.944,0.9156799999999999,0.9568234064785789
74,User_DiT_1,5.0,4.0,118,1.0,0.8,0.8,0.888888888888889
74,User_DiT_2,5.0,2.0,118,1.0,0.4,0.4,0.5714285714285715
74,User_DiT_3,5.0,4.0,118,1.0,0.8,0.8,0.888888888888889
74,Sys_DiT_noref_1,3.42,2.85,118,0.6839999999999999,0.5700000000000001,0.38988,0.6218181818181818
74,Sys_DiT_noref_2,2.14,3.82,118,0.42800000000000005,0.764,0.32699200000000006,0.5486442953020134
74,Sys_DiT_noref_3,2.15,3.42,118,0.43,0.6839999999999999,0.29412,0.5280430879712747
75,User_DiT_1,3.57,2.0,129,0.714,0.4,0.2856,0.5127468581687613
75,User_DiT_2,3.57,2.0,129,0.714,0.4,0.2856,0.5127468581687613
75,User_DiT_3,3.57,2.0,129,0.714,0.4,0.2856,0.5127468581687613
75,Sys_DiT_noref_1,3.45,2.65,129,0.6900000000000001,0.53,0.3657,0.5995081967213114
75,Sys_DiT_noref_2,3.82,1.9,129,0.764,0.38,0.29032,0.5075524475524475
75,Sys_DiT_noref_3,3.82,2.65,129,0.764,0.53,0.40492,0.6258423493044822
76,User_DiT_1,4.29,3.0,129,0.858,0.6,0.5147999999999999,0.7061728395061727
76,User_DiT_2,2.86,2.0,129,0.572,0.4,0.2288,0.47078189300411527
76,User_DiT_3,4.29,3.0,129,0.858,0.6,0.5147999999999999,0.7061728395061727
76,Sys_DiT_noref_1,3.85,2.15,129,0.77,0.43,0.3311,0.5518333333333334
76,Sys_DiT_noref_2,3.85,1.42,129,0.77,0.284,0.21867999999999999,0.4149525616698292
76,Sys_DiT_noref_3,4.12,2.85,129,0.8240000000000001,0.5700000000000001,0.4696800000000001,0.6738593974175037
77,User_DiT_1,4.29,4.0,129,0.858,0.8,0.6864,0.8279855247285887
77,User_DiT_2,4.29,4.0,129,0.858,0.8,0.6864,0.8279855247285887
77,User_DiT_3,4.29,4.0,129,0.858,0.8,0.6864,0.8279855247285887
77,Sys_DiT_noref_1,4.65,3.8,129,0.93,0.76,0.7068000000000001,0.8364497041420119
77,Sys_DiT_noref_2,4.85,3.72,129,0.97,0.744,0.72168,0.842100350058343
77,Sys_DiT_noref_3,4.65,3.82,129,0.93,0.764,0.71052,0.8388665879574971
78,User_DiT_1,3.57,3.0,129,0.714,0.6,0.42839999999999995,0.6520547945205478
78,User_DiT_2,3.57,2.0,129,0.714,0.4,0.2856,0.5127468581687613
78,User_DiT_3,3.57,3.0,129,0.714,0.6,0.42839999999999995,0.6520547945205478
78,Sys_DiT_noref_1,4.15,2.85,129,0.8300000000000001,0.5700000000000001,0.4731000000000001,0.6758571428571429
78,Sys_DiT_noref_2,4.15,2.85,129,0.8300000000000001,0.5700000000000001,0.4731000000000001,0.6758571428571429
78,Sys_DiT_noref_3,4.12,1.85,129,0.8240000000000001,0.37,0.30488000000000004,0.5106867671691793
79,User_DiT_1,3.57,4.0,129,0.714,0.8,0.5712,0.7545574636723911
79,User_DiT_2,3.57,4.0,129,0.714,0.8,0.5712,0.7545574636723911
79,User_DiT_3,3.57,4.0,129,0.714,0.8,0.5712,0.7545574636723911
79,Sys_DiT_noref_1,4.72,3.85,129,0.944,0.77,0.72688,0.8481680280046674
79,Sys_DiT_noref_2,4.12,2.85,129,0.8240000000000001,0.5700000000000001,0.4696800000000001,0.6738593974175037
79,Sys_DiT_noref_3,4.65,3.2,129,0.93,0.64,0.5952000000000001,0.7582165605095542
80,User_DiT_1,4.44,3.0,144,0.8880000000000001,0.6,0.5328,0.7161290322580646
80,User_DiT_2,4.44,3.0,144,0.8880000000000001,0.6,0.5328,0.7161290322580646
80,User_DiT_3,4.44,2.0,144,0.8880000000000001,0.4,0.35520000000000007,0.5515527950310559
80,Sys_DiT_noref_1,4.12,3.85,144,0.8240000000000001,0.77,0.63448,0.7960853199498118
80,Sys_DiT_noref_2,4.12,3.85,144,0.8240000000000001,0.77,0.63448,0.7960853199498118
80,Sys_DiT_noref_3,3.85,2.15,144,0.77,0.43,0.3311,0.5518333333333334
81,User_DiT_1,5.0,4.0,144,1.0,0.8,0.8,0.888888888888889
81,User_DiT_2,5.0,4.0,144,1.0,0.8,0.8,0.888888888888889
81,User_DiT_3,5.0,3.0,144,1.0,0.6,0.6,0.7499999999999999
81,Sys_DiT_noref_1,4.85,3.2,144,0.97,0.64,0.6208,0.7711801242236026
81,Sys_DiT_noref_2,4.65,2.85,144,0.93,0.5700000000000001,0.5301000000000001,0.7068000000000002
81,Sys_DiT_noref_3,4.65,3.8,144,0.93,0.76,0.7068000000000001,0.8364497041420119
82,User_DiT_1,4.44,3.0,144,0.8880000000000001,0.6,0.5328,0.7161290322580646
82,User_DiT_2,4.44,3.0,144,0.8880000000000001,0.6,0.5328,0.7161290322580646
82,User_DiT_3,4.38,2.0,144,0.876,0.4,0.35040000000000004,0.5492163009404389
82,Sys_DiT_noref_1,4.65,3.85,144,0.93,0.77,0.7161000000000001,0.8424705882352941
82,Sys_DiT_noref_2,4.12,3.85,144,0.8240000000000001,0.77,0.63448,0.7960853199498118
82,Sys_DiT_noref_3,4.12,2.85,144,0.8240000000000001,0.5700000000000001,0.4696800000000001,0.6738593974175037
83,User_DiT_1,5.0,2.0,144,1.0,0.4,0.4,0.5714285714285715
83,User_DiT_2,5.0,2.0,144,1.0,0.4,0.4,0.5714285714285715
83,User_DiT_3,5.0,3.0,144,1.0,0.6,0.6,0.7499999999999999
83,Sys_DiT_noref_1,4.65,2.85,144,0.93,0.5700000000000001,0.5301000000000001,0.7068000000000002
83,Sys_DiT_noref_2,4.65,2.85,144,0.93,0.5700000000000001,0.5301000000000001,0.7068000000000002
83,Sys_DiT_noref_3,4.65,2.85,144,0.93,0.5700000000000001,0.5301000000000001,0.7068000000000002
84,User_DiT_1,4.38,3.0,144,0.876,0.6,0.5256,0.7121951219512195
84,User_DiT_2,4.38,2.0,144,0.876,0.4,0.35040000000000004,0.5492163009404389
84,User_DiT_3,4.38,3.0,144,0.876,0.6,0.5256,0.7121951219512195
84,Sys_DiT_noref_1,4.12,2.85,144,0.8240000000000001,0.5700000000000001,0.4696800000000001,0.6738593974175037
84,Sys_DiT_noref_2,4.25,3.15,144,0.85,0.63,0.5355,0.7236486486486486
84,Sys_DiT_noref_3,4.12,2.85,144,0.8240000000000001,0.5700000000000001,0.4696800000000001,0.6738593974175037
85,User_DiT_1,5.0,3.0,147,1.0,0.6,0.6,0.7499999999999999
85,User_DiT_2,5.0,3.0,147,1.0,0.6,0.6,0.7499999999999999
85,User_DiT_3,5.0,2.0,147,1.0,0.4,0.4,0.5714285714285715
85,Sys_DiT_noref_1,4.12,3.65,147,0.8240000000000001,0.73,0.60152,0.7741570141570142
85,Sys_DiT_noref_2,3.85,2.15,147,0.77,0.43,0.3311,0.5518333333333334
85,Sys_DiT_noref_3,3.85,1.92,147,0.77,0.384,0.29568,0.5124436741767765
86,User_DiT_1,5.0,4.0,147,1.0,0.8,0.8,0.888888888888889
86,User_DiT_2,5.0,4.0,147,1.0,0.8,0.8,0.888888888888889
86,User_DiT_3,5.0,4.0,147,1.0,0.8,0.8,0.888888888888889
86,Sys_DiT_noref_1,4.85,4.2,147,0.97,0.8400000000000001,0.8148000000000001,0.9003314917127072
86,Sys_DiT_noref_2,4.82,3.65,147,0.9640000000000001,0.73,0.70372,0.8308382526564345
86,Sys_DiT_noref_3,4.92,4.65,147,0.984,0.93,0.91512,0.9562382445141066
87,User_DiT_1,5.0,4.0,147,1.0,0.8,0.8,0.888888888888889
87,User_DiT_2,5.0,4.0,147,1.0,0.8,0.8,0.888888888888889
87,User_DiT_3,5.0,4.0,147,1.0,0.8,0.8,0.888888888888889
87,Sys_DiT_noref_1,4.85,4.6,147,0.97,0.9199999999999999,0.8923999999999999,0.9443386243386243
87,Sys_DiT_noref_2,4.82,4.15,147,0.9640000000000001,0.8300000000000001,0.8001200000000002,0.891995540691193
87,Sys_DiT_noref_3,4.85,4.2,147,0.97,0.8400000000000001,0.8148000000000001,0.9003314917127072
88,User_DiT_1,5.0,4.0,147,1.0,0.8,0.8,0.888888888888889
88,User_DiT_2,5.0,4.0,147,1.0,0.8,0.8,0.888888888888889
88,User_DiT_3,5.0,5.0,147,1.0,1.0,1.0,1.0
88,Sys_DiT_noref_1,4.85,4.62,147,0.97,0.924,0.89628,0.9464413938753959
88,Sys_DiT_noref_2,4.85,4.2,147,0.97,0.8400000000000001,0.8148000000000001,0.9003314917127072
88,Sys_DiT_noref_3,4.85,4.62,147,0.97,0.924,0.89628,0.9464413938753959
89,User_DiT_1,5.0,5.0,147,1.0,1.0,1.0,1.0
89,User_DiT_2,5.0,4.0,147,1.0,0.8,0.8,0.888888888888889
89,User_DiT_3,5.0,4.0,147,1.0,0.8,0.8,0.888888888888889
89,Sys_DiT_noref_1,3.85,4.92,147,0.77,0.984,0.75768,0.863945267958951
89,Sys_DiT_noref_2,4.15,5.0,147,0.8300000000000001,1.0,0.8300000000000001,0.907103825136612
89,Sys_DiT_noref_3,3.85,4.92,147,0.77,0.984,0.75768,0.863945267958951
90,User_DiT_1,5.0,3.0,150,1.0,0.6,0.6,0.7499999999999999
90,User_DiT_2,5.0,2.0,150,1.0,0.4,0.4,0.5714285714285715
90,User_DiT_3,5.0,3.0,150,1.0,0.6,0.6,0.7499999999999999
90,Sys_DiT_noref_1,4.85,4.72,150,0.97,0.944,0.9156799999999999,0.9568234064785789
90,Sys_DiT_noref_2,4.85,4.72,150,0.97,0.944,0.9156799999999999,0.9568234064785789
90,Sys_DiT_noref_3,4.85,3.92,150,0.97,0.784,0.76048,0.8671379703534778
91,User_DiT_1,5.0,3.0,150,1.0,0.6,0.6,0.7499999999999999
91,User_DiT_2,5.0,2.0,150,1.0,0.4,0.4,0.5714285714285715
91,User_DiT_3,5.0,2.0,150,1.0,0.4,0.4,0.5714285714285715
91,Sys_DiT_noref_1,4.12,2.85,150,0.8240000000000001,0.5700000000000001,0.4696800000000001,0.6738593974175037
91,Sys_DiT_noref_2,4.12,2.85,150,0.8240000000000001,0.5700000000000001,0.4696800000000001,0.6738593974175037
91,Sys_DiT_noref_3,4.12,2.85,150,0.8240000000000001,0.5700000000000001,0.4696800000000001,0.6738593974175037
92,User_DiT_1,3.57,4.0,150,0.714,0.8,0.5712,0.7545574636723911
92,User_DiT_2,3.57,4.0,150,0.714,0.8,0.5712,0.7545574636723911
92,User_DiT_3,3.57,4.0,150,0.714,0.8,0.5712,0.7545574636723911
92,Sys_DiT_noref_1,3.42,2.85,150,0.6839999999999999,0.5700000000000001,0.38988,0.6218181818181818
92,Sys_DiT_noref_2,4.72,3.85,150,0.944,0.77,0.72688,0.8481680280046674
92,Sys_DiT_noref_3,4.12,3.85,150,0.8240000000000001,0.77,0.63448,0.7960853199498118
93,User_DiT_1,4.17,5.0,150,0.834,1.0,0.834,0.9094874591057797
93,User_DiT_2,4.17,4.0,150,0.834,0.8,0.6672,0.8166462668298654
93,User_DiT_3,4.17,5.0,150,0.834,1.0,0.834,0.9094874591057797
93,Sys_DiT_noref_1,4.85,4.2,150,0.97,0.8400000000000001,0.8148000000000001,0.9003314917127072
93,Sys_DiT_noref_2,4.85,3.72,150,0.97,0.744,0.72168,0.842100350058343
93,Sys_DiT_noref_3,4.92,5.0,150,0.984,1.0,0.984,0.9919354838709677
94,User_DiT_1,4.38,4.0,150,0.876,0.8,0.7008000000000001,0.8362768496420048
94,User_DiT_2,4.38,2.0,150,0.876,0.4,0.35040000000000004,0.5492163009404389
94,User_DiT_3,4.38,3.0,150,0.876,0.6,0.5256,0.7121951219512195
94,Sys_DiT_noref_1,4.12,3.65,150,0.8240000000000001,0.73,0.60152,0.7741570141570142
94,Sys_DiT_noref_2,4.65,3.85,150,0.93,0.77,0.7161000000000001,0.8424705882352941
94,Sys_DiT_noref_3,4.65,3.2,150,0.93,0.64,0.5952000000000001,0.7582165605095542
95,User_DiT_1,5.0,4.0,156,1.0,0.8,0.8,0.888888888888889
95,User_DiT_2,5.0,4.0,156,1.0,0.8,0.8,0.888888888888889
95,User_DiT_3,5.0,3.0,156,1.0,0.6,0.6,0.7499999999999999
95,Sys_DiT_noref_1,4.65,2.85,156,0.93,0.5700000000000001,0.5301000000000001,0.7068000000000002
95,Sys_DiT_noref_2,4.65,3.8,156,0.93,0.76,0.7068000000000001,0.8364497041420119
95,Sys_DiT_noref_3,4.62,2.85,156,0.924,0.5700000000000001,0.52668,0.7050602409638553
96,User_DiT_1,5.0,3.0,156,1.0,0.6,0.6,0.7499999999999999
96,User_DiT_2,5.0,3.0,156,1.0,0.6,0.6,0.7499999999999999
96,User_DiT_3,5.0,4.0,156,1.0,0.8,0.8,0.888888888888889
96,Sys_DiT_noref_1,4.85,3.92,156,0.97,0.784,0.76048,0.8671379703534778
96,Sys_DiT_noref_2,4.65,3.85,156,0.93,0.77,0.7161000000000001,0.8424705882352941
96,Sys_DiT_noref_3,4.85,3.75,156,0.97,0.75,0.7275,0.8459302325581396
97,User_DiT_1,5.0,2.0,156,1.0,0.4,0.4,0.5714285714285715
97,User_DiT_2,5.0,4.0,156,1.0,0.8,0.8,0.888888888888889
97,User_DiT_3,5.0,3.0,156,1.0,0.6,0.6,0.7499999999999999
97,Sys_DiT_noref_1,4.85,3.72,156,0.97,0.744,0.72168,0.842100350058343
97,Sys_DiT_noref_2,4.85,4.2,156,0.97,0.8400000000000001,0.8148000000000001,0.9003314917127072
97,Sys_DiT_noref_3,4.12,3.85,156,0.8240000000000001,0.77,0.63448,0.7960853199498118
98,User_DiT_1,5.0,3.0,156,1.0,0.6,0.6,0.7499999999999999
98,User_DiT_2,5.0,2.0,156,1.0,0.4,0.4,0.5714285714285715
98,User_DiT_3,5.0,2.0,156,1.0,0.4,0.4,0.5714285714285715
98,Sys_DiT_noref_1,3.65,2.85,156,0.73,0.5700000000000001,0.4161,0.6401538461538462
98,Sys_DiT_noref_2,4.65,3.85,156,0.93,0.77,0.7161000000000001,0.8424705882352941
98,Sys_DiT_noref_3,4.85,4.2,156,0.97,0.8400000000000001,0.8148000000000001,0.9003314917127072
99,User_DiT_1,5.0,4.0,156,1.0,0.8,0.8,0.888888888888889
99,User_DiT_2,5.0,3.0,156,1.0,0.6,0.6,0.7499999999999999
99,User_DiT_3,5.0,4.0,156,1.0,0.8,0.8,0.888888888888889
99,Sys_DiT_noref_1,4.85,3.65,156,0.97,0.73,0.7081,0.8330588235294117
99,Sys_DiT_noref_2,4.68,2.35,156,0.9359999999999999,0.47000000000000003,0.43992,0.6257752489331436
99,Sys_DiT_noref_3,4.85,4.1,156,0.97,0.82,0.7953999999999999,0.8887150837988825
100,User_DiT_1,2.0,3.0,159,0.4,0.6,0.24,0.48
100,User_DiT_2,2.0,1.0,159,0.4,0.2,0.08000000000000002,0.26666666666666666
100,User_DiT_3,2.0,1.0,159,0.4,0.2,0.08000000000000002,0.26666666666666666
100,Sys_DiT_noref_1,1.25,0.85,159,0.25,0.16999999999999998,0.042499999999999996,0.20238095238095238
100,Sys_DiT_noref_2,3.85,2.65,159,0.77,0.53,0.4081,0.6278461538461538
100,Sys_DiT_noref_3,3.82,2.15,159,0.764,0.43,0.32852,0.550284757118928
101,User_DiT_1,3.12,2.0,159,0.624,0.4,0.24960000000000002,0.48750000000000004
101,User_DiT_2,3.12,4.0,159,0.624,0.8,0.49920000000000003,0.7011235955056181
101,User_DiT_3,3.12,2.0,159,0.624,0.4,0.24960000000000002,0.48750000000000004
101,Sys_DiT_noref_1,1.85,3.72,159,0.37,0.744,0.27527999999999997,0.4942190305206463
101,Sys_DiT_noref_2,1.85,2.4,159,0.37,0.48,0.17759999999999998,0.4178823529411764
101,Sys_DiT_noref_3,1.85,3.2,159,0.37,0.64,0.2368,0.46891089108910894
102,User_DiT_1,5.0,3.0,159,1.0,0.6,0.6,0.7499999999999999
102,User_DiT_2,5.0,4.0,159,1.0,0.8,0.8,0.888888888888889
102,User_DiT_3,5.0,3.0,159,1.0,0.6,0.6,0.7499999999999999
102,Sys_DiT_noref_1,2.85,3.42,159,0.5700000000000001,0.6839999999999999,0.38988,0.6218181818181818
102,Sys_DiT_noref_2,3.85,1.92,159,0.77,0.384,0.29568,0.5124436741767765
102,Sys_DiT_noref_3,4.65,3.8,159,0.93,0.76,0.7068000000000001,0.8364497041420119
103,User_DiT_1,0.0,1.0,159,0.0,0.2,0.0,0.0
103,User_DiT_2,0.0,1.0,159,0.0,0.2,0.0,0.0
103,User_DiT_3,0.83,1.0,159,0.16599999999999998,0.2,0.0332,0.1814207650273224
103,Sys_DiT_noref_1,2.15,1.85,159,0.43,0.37,0.1591,0.39774999999999994
103,Sys_DiT_noref_2,1.85,1.2,159,0.37,0.24,0.08879999999999999,0.2911475409836065
103,Sys_DiT_noref_3,1.85,1.2,159,0.37,0.24,0.08879999999999999,0.2911475409836065
104,User_DiT_1,2.14,1.0,159,0.42800000000000005,0.2,0.08560000000000001,0.27261146496815286
104,User_DiT_2,2.14,2.0,159,0.42800000000000005,0.4,0.17120000000000002,0.41352657004830917
104,User_DiT_3,0.0,2.0,159,0.0,0.4,0.0,0.0
104,Sys_DiT_noref_1,4.82,3.65,159,0.9640000000000001,0.73,0.70372,0.8308382526564345
104,Sys_DiT_noref_2,1.85,1.2,159,0.37,0.24,0.08879999999999999,0.2911475409836065
104,Sys_DiT_noref_3,4.65,2.85,159,0.93,0.5700000000000001,0.5301000000000001,0.7068000000000002
105,User_DiT_1,5.0,2.0,281,1.0,0.4,0.4,0.5714285714285715
105,User_DiT_2,4.29,2.0,281,0.858,0.4,0.3432,0.5456279809220985
105,User_DiT_3,4.29,2.0,281,0.858,0.4,0.3432,0.5456279809220985
105,Sys_DiT_noref_1,4.12,3.85,281,0.8240000000000001,0.77,0.63448,0.7960853199498118
105,Sys_DiT_noref_2,4.12,2.85,281,0.8240000000000001,0.5700000000000001,0.4696800000000001,0.6738593974175037
105,Sys_DiT_noref_3,4.85,2.3,281,0.97,0.45999999999999996,0.44619999999999993,0.624055944055944
106,User_DiT_1,5.0,2.0,281,1.0,0.4,0.4,0.5714285714285715
106,User_DiT_2,5.0,3.0,281,1.0,0.6,0.6,0.7499999999999999
106,User_DiT_3,5.0,4.0,281,1.0,0.8,0.8,0.888888888888889
106,Sys_DiT_noref_1,4.82,3.15,281,0.9640000000000001,0.63,0.6073200000000001,0.7620075282308658
106,Sys_DiT_noref_2,4.72,4.15,281,0.944,0.8300000000000001,0.78352,0.883337091319053
106,Sys_DiT_noref_3,4.85,4.2,281,0.97,0.8400000000000001,0.8148000000000001,0.9003314917127072
107,User_DiT_1,5.0,2.0,281,1.0,0.4,0.4,0.5714285714285715
107,User_DiT_2,5.0,4.0,281,1.0,0.8,0.8,0.888888888888889
107,User_DiT_3,5.0,3.0,281,1.0,0.6,0.6,0.7499999999999999
107,Sys_DiT_noref_1,4.65,3.8,281,0.93,0.76,0.7068000000000001,0.8364497041420119
107,Sys_DiT_noref_2,4.12,2.85,281,0.8240000000000001,0.5700000000000001,0.4696800000000001,0.6738593974175037
107,Sys_DiT_noref_3,4.72,2.85,281,0.944,0.5700000000000001,0.53808,0.7108058124174372
108,User_DiT_1,5.0,2.0,281,1.0,0.4,0.4,0.5714285714285715
108,User_DiT_2,5.0,2.0,281,1.0,0.4,0.4,0.5714285714285715
108,User_DiT_3,5.0,4.0,281,1.0,0.8,0.8,0.888888888888889
108,Sys_DiT_noref_1,4.12,3.85,281,0.8240000000000001,0.77,0.63448,0.7960853199498118
108,Sys_DiT_noref_2,4.85,3.75,281,0.97,0.75,0.7275,0.8459302325581396
108,Sys_DiT_noref_3,4.12,2.85,281,0.8240000000000001,0.5700000000000001,0.4696800000000001,0.6738593974175037
109,User_DiT_1,5.0,3.0,281,1.0,0.6,0.6,0.7499999999999999
109,User_DiT_2,5.0,3.0,281,1.0,0.6,0.6,0.7499999999999999
109,User_DiT_3,5.0,3.0,281,1.0,0.6,0.6,0.7499999999999999
109,Sys_DiT_noref_1,3.85,2.15,281,0.77,0.43,0.3311,0.5518333333333334
109,Sys_DiT_noref_2,3.85,2.15,281,0.77,0.43,0.3311,0.5518333333333334
109,Sys_DiT_noref_3,4.12,3.85,281,0.8240000000000001,0.77,0.63448,0.7960853199498118
110,User_DiT_1,5.0,5.0,300,1.0,1.0,1.0,1.0
110,User_DiT_2,5.0,5.0,300,1.0,1.0,1.0,1.0
110,User_DiT_3,5.0,5.0,300,1.0,1.0,1.0,1.0
110,Sys_DiT_noref_1,5.0,5.0,300,1.0,1.0,1.0,1.0
110,Sys_DiT_noref_2,5.0,5.0,300,1.0,1.0,1.0,1.0
110,Sys_DiT_noref_3,5.0,5.0,300,1.0,1.0,1.0,1.0
111,User_DiT_1,4.38,4.0,300,0.876,0.8,0.7008000000000001,0.8362768496420048
111,User_DiT_2,4.38,4.0,300,0.876,0.8,0.7008000000000001,0.8362768496420048
111,User_DiT_3,4.38,5.0,300,0.876,1.0,0.876,0.933901918976546
111,Sys_DiT_noref_1,4.85,4.92,300,0.97,0.984,0.95448,0.976949846468782
111,Sys_DiT_noref_2,4.65,4.2,300,0.93,0.8400000000000001,0.7812000000000001,0.8827118644067797
111,Sys_DiT_noref_3,4.85,4.2,300,0.97,0.8400000000000001,0.8148000000000001,0.9003314917127072
112,User_DiT_1,5.0,5.0,300,1.0,1.0,1.0,1.0
112,User_DiT_2,5.0,5.0,300,1.0,1.0,1.0,1.0
112,User_DiT_3,5.0,5.0,300,1.0,1.0,1.0,1.0
112,Sys_DiT_noref_1,5.0,5.0,300,1.0,1.0,1.0,1.0
112,Sys_DiT_noref_2,5.0,5.0,300,1.0,1.0,1.0,1.0
112,Sys_DiT_noref_3,5.0,5.0,300,1.0,1.0,1.0,1.0
113,User_DiT_1,4.38,5.0,300,0.876,1.0,0.876,0.933901918976546
113,User_DiT_2,5.0,2.0,300,1.0,0.4,0.4,0.5714285714285715
113,User_DiT_3,4.38,5.0,300,0.876,1.0,0.876,0.933901918976546
113,Sys_DiT_noref_1,4.98,4.85,300,0.9960000000000001,0.97,0.9661200000000001,0.9828280773143439
113,Sys_DiT_noref_2,4.98,4.85,300,0.9960000000000001,0.97,0.9661200000000001,0.9828280773143439
113,Sys_DiT_noref_3,4.15,3.85,300,0.8300000000000001,0.77,0.6391000000000001,0.7988750000000001
114,User_DiT_1,4.38,4.0,300,0.876,0.8,0.7008000000000001,0.8362768496420048
114,User_DiT_2,4.38,4.0,300,0.876,0.8,0.7008000000000001,0.8362768496420048
114,User_DiT_3,4.38,4.0,300,0.876,0.8,0.7008000000000001,0.8362768496420048
114,Sys_DiT_noref_1,4.65,3.85,300,0.93,0.77,0.7161000000000001,0.8424705882352941
114,Sys_DiT_noref_2,3.85,2.4,300,0.77,0.48,0.3696,0.59136
114,Sys_DiT_noref_3,4.65,4.2,300,0.93,0.8400000000000001,0.7812000000000001,0.8827118644067797
115,User_DiT_1,5.0,5.0,322,1.0,1.0,1.0,1.0
115,User_DiT_2,5.0,4.0,322,1.0,0.8,0.8,0.888888888888889
115,User_DiT_3,5.0,4.0,322,1.0,0.8,0.8,0.888888888888889
115,Sys_DiT_noref_1,4.92,4.95,322,0.984,0.99,0.97416,0.9869908814589666
115,Sys_DiT_noref_2,4.72,3.85,322,0.944,0.77,0.72688,0.8481680280046674
115,Sys_DiT_noref_3,4.95,4.98,322,0.99,0.9960000000000001,0.9860400000000001,0.9929909365558913
116,User_DiT_1,5.0,3.0,322,1.0,0.6,0.6,0.7499999999999999
116,User_DiT_2,5.0,5.0,322,1.0,1.0,1.0,1.0
116,User_DiT_3,5.0,5.0,322,1.0,1.0,1.0,1.0
116,Sys_DiT_noref_1,4.98,5.0,322,0.9960000000000001,1.0,0.9960000000000001,0.997995991983968
116,Sys_DiT_noref_2,4.72,3.85,322,0.944,0.77,0.72688,0.8481680280046674
116,Sys_DiT_noref_3,4.92,4.98,322,0.984,0.9960000000000001,0.980064,0.9899636363636364
117,User_DiT_1,3.57,3.0,322,0.714,0.6,0.42839999999999995,0.6520547945205478
117,User_DiT_2,3.57,2.0,322,0.714,0.4,0.2856,0.5127468581687613
117,User_DiT_3,4.17,2.0,322,0.834,0.4,0.3336,0.5406807131280389
117,Sys_DiT_noref_1,3.42,2.15,322,0.6839999999999999,0.43,0.29412,0.5280430879712747
117,Sys_DiT_noref_2,3.42,1.68,322,0.6839999999999999,0.33599999999999997,0.22982399999999994,0.45063529411764697
117,Sys_DiT_noref_3,3.42,1.85,322,0.6839999999999999,0.37,0.25307999999999997,0.4802277039848198
118,User_DiT_1,5.0,4.0,322,1.0,0.8,0.8,0.888888888888889
118,User_DiT_2,3.57,2.0,322,0.714,0.4,0.2856,0.5127468581687613
118,User_DiT_3,5.0,5.0,322,1.0,1.0,1.0,1.0
118,Sys_DiT_noref_1,4.75,3.85,322,0.95,0.77,0.7314999999999999,0.8505813953488371
118,Sys_DiT_noref_2,4.92,4.85,322,0.984,0.97,0.95448,0.976949846468782
118,Sys_DiT_noref_3,4.15,3.85,322,0.8300000000000001,0.77,0.6391000000000001,0.7988750000000001
119,User_DiT_1,5.0,5.0,322,1.0,1.0,1.0,1.0
119,User_DiT_2,5.0,5.0,322,1.0,1.0,1.0,1.0
119,User_DiT_3,5.0,5.0,322,1.0,1.0,1.0,1.0
119,Sys_DiT_noref_1,4.92,4.95,322,0.984,0.99,0.97416,0.9869908814589666
119,Sys_DiT_noref_2,4.92,4.85,322,0.984,0.97,0.95448,0.976949846468782
119,Sys_DiT_noref_3,4.92,4.95,322,0.984,0.99,0.97416,0.9869908814589666
120,User_DiT_1,3.75,4.0,330,0.75,0.8,0.6000000000000001,0.7741935483870969
120,User_DiT_2,3.75,2.0,330,0.75,0.4,0.30000000000000004,0.5217391304347827
120,User_DiT_3,3.75,3.0,330,0.75,0.6,0.44999999999999996,0.6666666666666665
120,Sys_DiT_noref_1,4.85,4.92,330,0.97,0.984,0.95448,0.976949846468782
120,Sys_DiT_noref_2,4.15,4.6,330,0.8300000000000001,0.9199999999999999,0.7636000000000001,0.8726857142857144
120,Sys_DiT_noref_3,4.12,3.85,330,0.8240000000000001,0.77,0.63448,0.7960853199498118
121,User_DiT_1,5.0,5.0,330,1.0,1.0,1.0,1.0
121,User_DiT_2,5.0,5.0,330,1.0,1.0,1.0,1.0
121,User_DiT_3,5.0,5.0,330,1.0,1.0,1.0,1.0
121,Sys_DiT_noref_1,4.92,4.85,330,0.984,0.97,0.95448,0.976949846468782
121,Sys_DiT_noref_2,4.92,4.85,330,0.984,0.97,0.95448,0.976949846468782
121,Sys_DiT_noref_3,4.12,3.85,330,0.8240000000000001,0.77,0.63448,0.7960853199498118
122,User_DiT_1,5.0,3.0,330,1.0,0.6,0.6,0.7499999999999999
122,User_DiT_2,4.29,4.0,330,0.858,0.8,0.6864,0.8279855247285887
122,User_DiT_3,5.0,3.0,330,1.0,0.6,0.6,0.7499999999999999
122,Sys_DiT_noref_1,3.85,2.15,330,0.77,0.43,0.3311,0.5518333333333334
122,Sys_DiT_noref_2,3.85,4.15,330,0.77,0.8300000000000001,0.6391000000000001,0.7988750000000001
122,Sys_DiT_noref_3,4.65,2.85,330,0.93,0.5700000000000001,0.5301000000000001,0.7068000000000002
123,User_DiT_1,4.0,3.0,330,0.8,0.6,0.48,0.6857142857142857
123,User_DiT_2,4.0,4.0,330,0.8,0.8,0.6400000000000001,0.8000000000000002
123,User_DiT_3,4.0,4.0,330,0.8,0.8,0.6400000000000001,0.8000000000000002
123,Sys_DiT_noref_1,4.15,4.6,330,0.8300000000000001,0.9199999999999999,0.7636000000000001,0.8726857142857144
123,Sys_DiT_noref_2,3.42,4.15,330,0.6839999999999999,0.8300000000000001,0.56772,0.7499603698811096
123,Sys_DiT_noref_3,3.85,4.15,330,0.77,0.8300000000000001,0.6391000000000001,0.7988750000000001
124,User_DiT_1,5.0,5.0,330,1.0,1.0,1.0,1.0
124,User_DiT_2,5.0,5.0,330,1.0,1.0,1.0,1.0
124,User_DiT_3,5.0,5.0,330,1.0,1.0,1.0,1.0
124,Sys_DiT_noref_1,5.0,5.0,330,1.0,1.0,1.0,1.0
124,Sys_DiT_noref_2,4.92,4.95,330,0.984,0.99,0.97416,0.9869908814589666
124,Sys_DiT_noref_3,4.92,5.0,330,0.984,1.0,0.984,0.9919354838709677
125,User_DiT_1,5.0,4.0,333,1.0,0.8,0.8,0.888888888888889
125,User_DiT_2,5.0,4.0,333,1.0,0.8,0.8,0.888888888888889
125,User_DiT_3,5.0,4.0,333,1.0,0.8,0.8,0.888888888888889
125,Sys_DiT_noref_1,4.85,4.2,333,0.97,0.8400000000000001,0.8148000000000001,0.9003314917127072
125,Sys_DiT_noref_2,4.15,2.85,333,0.8300000000000001,0.5700000000000001,0.4731000000000001,0.6758571428571429
125,Sys_DiT_noref_3,4.85,4.2,333,0.97,0.8400000000000001,0.8148000000000001,0.9003314917127072
126,User_DiT_1,5.0,2.0,333,1.0,0.4,0.4,0.5714285714285715
126,User_DiT_2,5.0,4.0,333,1.0,0.8,0.8,0.888888888888889
126,User_DiT_3,5.0,2.0,333,1.0,0.4,0.4,0.5714285714285715
126,Sys_DiT_noref_1,4.65,3.85,333,0.93,0.77,0.7161000000000001,0.8424705882352941
126,Sys_DiT_noref_2,4.65,3.85,333,0.93,0.77,0.7161000000000001,0.8424705882352941
126,Sys_DiT_noref_3,4.15,2.85,333,0.8300000000000001,0.5700000000000001,0.4731000000000001,0.6758571428571429
127,User_DiT_1,5.0,2.0,333,1.0,0.4,0.4,0.5714285714285715
127,User_DiT_2,5.0,2.0,333,1.0,0.4,0.4,0.5714285714285715
127,User_DiT_3,5.0,4.0,333,1.0,0.8,0.8,0.888888888888889
127,Sys_DiT_noref_1,4.65,3.85,333,0.93,0.77,0.7161000000000001,0.8424705882352941
127,Sys_DiT_noref_2,4.65,3.85,333,0.93,0.77,0.7161000000000001,0.8424705882352941
127,Sys_DiT_noref_3,4.85,3.2,333,0.97,0.64,0.6208,0.7711801242236026
128,User_DiT_1,5.0,3.0,333,1.0,0.6,0.6,0.7499999999999999
128,User_DiT_2,5.0,3.0,333,1.0,0.6,0.6,0.7499999999999999
128,User_DiT_3,5.0,3.0,333,1.0,0.6,0.6,0.7499999999999999
128,Sys_DiT_noref_1,4.62,1.85,333,0.924,0.37,0.34188,0.5284080370942813
128,Sys_DiT_noref_2,4.72,3.85,333,0.944,0.77,0.72688,0.8481680280046674
128,Sys_DiT_noref_3,4.65,2.85,333,0.93,0.5700000000000001,0.5301000000000001,0.7068000000000002
129,User_DiT_1,5.0,2.0,333,1.0,0.4,0.4,0.5714285714285715
129,User_DiT_2,4.17,1.0,333,0.834,0.2,0.1668,0.3226305609284333
129,User_DiT_3,4.17,2.0,333,0.834,0.4,0.3336,0.5406807131280389
129,Sys_DiT_noref_1,4.15,1.85,333,0.8300000000000001,0.37,0.30710000000000004,0.5118333333333334
129,Sys_DiT_noref_2,4.15,2.85,333,0.8300000000000001,0.5700000000000001,0.4731000000000001,0.6758571428571429
129,Sys_DiT_noref_3,3.15,1.85,333,0.63,0.37,0.2331,0.4662
130,User_DiT_1,5.0,3.0,339,1.0,0.6,0.6,0.7499999999999999
130,User_DiT_2,5.0,4.0,339,1.0,0.8,0.8,0.888888888888889
130,User_DiT_3,4.38,5.0,339,0.876,1.0,0.876,0.933901918976546
130,Sys_DiT_noref_1,4.15,4.28,339,0.8300000000000001,0.8560000000000001,0.7104800000000001,0.8427995255041519
130,Sys_DiT_noref_2,4.12,2.85,339,0.8240000000000001,0.5700000000000001,0.4696800000000001,0.6738593974175037
130,Sys_DiT_noref_3,4.92,4.15,339,0.984,0.8300000000000001,0.8167200000000001,0.9004630650496142
131,User_DiT_1,2.5,4.0,339,0.5,0.8,0.4,0.6153846153846154
131,User_DiT_2,4.38,4.0,339,0.876,0.8,0.7008000000000001,0.8362768496420048
131,User_DiT_3,2.5,4.0,339,0.5,0.8,0.4,0.6153846153846154
131,Sys_DiT_noref_1,4.85,4.2,339,0.97,0.8400000000000001,0.8148000000000001,0.9003314917127072
131,Sys_DiT_noref_2,4.85,4.2,339,0.97,0.8400000000000001,0.8148000000000001,0.9003314917127072
131,Sys_DiT_noref_3,4.65,4.2,339,0.93,0.8400000000000001,0.7812000000000001,0.8827118644067797
132,User_DiT_1,5.0,4.0,339,1.0,0.8,0.8,0.888888888888889
132,User_DiT_2,5.0,2.0,339,1.0,0.4,0.4,0.5714285714285715
132,User_DiT_3,5.0,4.0,339,1.0,0.8,0.8,0.888888888888889
132,Sys_DiT_noref_1,4.12,3.65,339,0.8240000000000001,0.73,0.60152,0.7741570141570142
132,Sys_DiT_noref_2,3.82,3.15,339,0.764,0.63,0.48132,0.6905595408895265
132,Sys_DiT_noref_3,3.82,2.15,339,0.764,0.43,0.32852,0.550284757118928
133,User_DiT_1,4.38,5.0,339,0.876,1.0,0.876,0.933901918976546
133,User_DiT_2,4.38,4.0,339,0.876,0.8,0.7008000000000001,0.8362768496420048
133,User_DiT_3,4.38,5.0,339,0.876,1.0,0.876,0.933901918976546
133,Sys_DiT_noref_1,4.65,3.85,339,0.93,0.77,0.7161000000000001,0.8424705882352941
133,Sys_DiT_noref_2,4.65,3.85,339,0.93,0.77,0.7161000000000001,0.8424705882352941
133,Sys_DiT_noref_3,4.65,4.1,339,0.93,0.82,0.7626,0.8715428571428571
134,User_DiT_1,5.0,5.0,339,1.0,1.0,1.0,1.0
134,User_DiT_2,5.0,4.0,339,1.0,0.8,0.8,0.888888888888889
134,User_DiT_3,5.0,4.0,339,1.0,0.8,0.8,0.888888888888889
134,Sys_DiT_noref_1,4.85,3.9,339,0.97,0.78,0.7566,0.8646857142857144
134,Sys_DiT_noref_2,4.92,4.65,339,0.984,0.93,0.91512,0.9562382445141066
134,Sys_DiT_noref_3,4.98,4.95,339,0.9960000000000001,0.99,0.9860400000000001,0.9929909365558913
135,User_DiT_1,5.0,5.0,347,1.0,1.0,1.0,1.0
135,User_DiT_2,5.0,5.0,347,1.0,1.0,1.0,1.0
135,User_DiT_3,5.0,5.0,347,1.0,1.0,1.0,1.0
135,Sys_DiT_noref_1,4.98,4.97,347,0.9960000000000001,0.994,0.9900240000000001,0.9949989949748744
135,Sys_DiT_noref_2,5.0,5.0,347,1.0,1.0,1.0,1.0
135,Sys_DiT_noref_3,4.98,4.99,347,0.9960000000000001,0.998,0.9940080000000001,0.9969989969909729
136,User_DiT_1,5.0,5.0,347,1.0,1.0,1.0,1.0
136,User_DiT_2,5.0,3.0,347,1.0,0.6,0.6,0.7499999999999999
136,User_DiT_3,5.0,5.0,347,1.0,1.0,1.0,1.0
136,Sys_DiT_noref_1,5.0,5.0,347,1.0,1.0,1.0,1.0
136,Sys_DiT_noref_2,4.82,3.65,347,0.9640000000000001,0.73,0.70372,0.8308382526564345
136,Sys_DiT_noref_3,4.85,4.2,347,0.97,0.8400000000000001,0.8148000000000001,0.9003314917127072
137,User_DiT_1,5.0,4.0,347,1.0,0.8,0.8,0.888888888888889
137,User_DiT_2,5.0,4.0,347,1.0,0.8,0.8,0.888888888888889
137,User_DiT_3,5.0,4.0,347,1.0,0.8,0.8,0.888888888888889
137,Sys_DiT_noref_1,4.85,3.8,347,0.97,0.76,0.7372,0.8522543352601156
137,Sys_DiT_noref_2,4.82,3.65,347,0.9640000000000001,0.73,0.70372,0.8308382526564345
137,Sys_DiT_noref_3,4.15,3.85,347,0.8300000000000001,0.77,0.6391000000000001,0.7988750000000001
138,User_DiT_1,5.0,4.0,347,1.0,0.8,0.8,0.888888888888889
138,User_DiT_2,5.0,3.0,347,1.0,0.6,0.6,0.7499999999999999
138,User_DiT_3,5.0,3.0,347,1.0,0.6,0.6,0.7499999999999999
138,Sys_DiT_noref_1,4.65,3.85,347,0.93,0.77,0.7161000000000001,0.8424705882352941
138,Sys_DiT_noref_2,4.12,2.68,347,0.8240000000000001,0.536,0.44166400000000006,0.6495058823529413
138,Sys_DiT_noref_3,4.65,3.85,347,0.93,0.77,0.7161000000000001,0.8424705882352941
139,User_DiT_1,5.0,2.0,347,1.0,0.4,0.4,0.5714285714285715
139,User_DiT_2,5.0,2.0,347,1.0,0.4,0.4,0.5714285714285715
139,User_DiT_3,5.0,3.0,347,1.0,0.6,0.6,0.7499999999999999
139,Sys_DiT_noref_1,3.85,2.65,347,0.77,0.53,0.4081,0.6278461538461538
139,Sys_DiT_noref_2,4.12,2.85,347,0.8240000000000001,0.5700000000000001,0.4696800000000001,0.6738593974175037
139,Sys_DiT_noref_3,4.12,2.85,347,0.8240000000000001,0.5700000000000001,0.4696800000000001,0.6738593974175037
140,User_DiT_1,4.38,2.0,356,0.876,0.4,0.35040000000000004,0.5492163009404389
140,User_DiT_2,4.38,2.0,356,0.876,0.4,0.35040000000000004,0.5492163009404389
140,User_DiT_3,4.44,2.0,356,0.8880000000000001,0.4,0.35520000000000007,0.5515527950310559
140,Sys_DiT_noref_1,2.85,3.42,356,0.5700000000000001,0.6839999999999999,0.38988,0.6218181818181818
140,Sys_DiT_noref_2,2.85,1.2,356,0.5700000000000001,0.24,0.1368,0.3377777777777778
140,Sys_DiT_noref_3,2.85,3.1,356,0.5700000000000001,0.62,0.35340000000000005,0.5939495798319329
141,User_DiT_1,4.17,3.0,356,0.834,0.6,0.5004,0.697907949790795
141,User_DiT_2,4.17,3.0,356,0.834,0.6,0.5004,0.697907949790795
141,User_DiT_3,4.17,2.0,356,0.834,0.4,0.3336,0.5406807131280389
141,Sys_DiT_noref_1,4.12,2.35,356,0.8240000000000001,0.47000000000000003,0.38728000000000007,0.5985780525502319
141,Sys_DiT_noref_2,4.12,3.85,356,0.8240000000000001,0.77,0.63448,0.7960853199498118
141,Sys_DiT_noref_3,3.12,1.85,356,0.624,0.37,0.23088,0.46454728370221327
142,User_DiT_1,5.0,3.0,356,1.0,0.6,0.6,0.7499999999999999
142,User_DiT_2,5.0,2.0,356,1.0,0.4,0.4,0.5714285714285715
142,User_DiT_3,5.0,2.0,356,1.0,0.4,0.4,0.5714285714285715
142,Sys_DiT_noref_1,3.85,2.15,356,0.77,0.43,0.3311,0.5518333333333334
142,Sys_DiT_noref_2,3.85,2.15,356,0.77,0.43,0.3311,0.5518333333333334
142,Sys_DiT_noref_3,3.85,2.15,356,0.77,0.43,0.3311,0.5518333333333334
143,User_DiT_1,4.17,2.0,356,0.834,0.4,0.3336,0.5406807131280389
143,User_DiT_2,5.0,2.0,356,1.0,0.4,0.4,0.5714285714285715
143,User_DiT_3,5.0,4.0,356,1.0,0.8,0.8,0.888888888888889
143,Sys_DiT_noref_1,4.82,4.65,356,0.9640000000000001,0.93,0.8965200000000001,0.9466948257655755
143,Sys_DiT_noref_2,4.62,3.85,356,0.924,0.77,0.71148,0.8400000000000001
143,Sys_DiT_noref_3,4.62,3.85,356,0.924,0.77,0.71148,0.8400000000000001
144,User_DiT_1,5.0,2.0,356,1.0,0.4,0.4,0.5714285714285715
144,User_DiT_2,5.0,2.0,356,1.0,0.4,0.4,0.5714285714285715
144,User_DiT_3,5.0,2.0,356,1.0,0.4,0.4,0.5714285714285715
144,Sys_DiT_noref_1,4.35,2.85,356,0.8699999999999999,0.5700000000000001,0.4959,0.6887500000000001
144,Sys_DiT_noref_2,4.82,4.65,356,0.9640000000000001,0.93,0.8965200000000001,0.9466948257655755
144,Sys_DiT_noref_3,4.12,2.85,356,0.8240000000000001,0.5700000000000001,0.4696800000000001,0.6738593974175037
145,User_DiT_1,3.57,5.0,365,0.714,1.0,0.714,0.8331388564760793
145,User_DiT_2,3.57,5.0,365,0.714,1.0,0.714,0.8331388564760793
145,User_DiT_3,3.57,5.0,365,0.714,1.0,0.714,0.8331388564760793
145,Sys_DiT_noref_1,4.12,2.85,365,0.8240000000000001,0.5700000000000001,0.4696800000000001,0.6738593974175037
145,Sys_DiT_noref_2,4.12,2.85,365,0.8240000000000001,0.5700000000000001,0.4696800000000001,0.6738593974175037
145,Sys_DiT_noref_3,4.68,3.72,365,0.9359999999999999,0.744,0.696384,0.8290285714285714
146,User_DiT_1,5.0,4.0,365,1.0,0.8,0.8,0.888888888888889
146,User_DiT_2,5.0,2.0,365,1.0,0.4,0.4,0.5714285714285715
146,User_DiT_3,5.0,2.0,365,1.0,0.4,0.4,0.5714285714285715
146,Sys_DiT_noref_1,4.85,4.72,365,0.97,0.944,0.9156799999999999,0.9568234064785789
146,Sys_DiT_noref_2,4.65,4.12,365,0.93,0.8240000000000001,0.7663200000000001,0.8737970353477766
146,Sys_DiT_noref_3,4.65,4.1,365,0.93,0.82,0.7626,0.8715428571428571
147,User_DiT_1,4.29,2.0,365,0.858,0.4,0.3432,0.5456279809220985
147,User_DiT_2,4.29,3.0,365,0.858,0.6,0.5147999999999999,0.7061728395061727
147,User_DiT_3,4.17,2.0,365,0.834,0.4,0.3336,0.5406807131280389
147,Sys_DiT_noref_1,4.85,3.75,365,0.97,0.75,0.7275,0.8459302325581396
147,Sys_DiT_noref_2,4.12,2.85,365,0.8240000000000001,0.5700000000000001,0.4696800000000001,0.6738593974175037
147,Sys_DiT_noref_3,3.42,1.85,365,0.6839999999999999,0.37,0.25307999999999997,0.4802277039848198
148,User_DiT_1,3.33,4.0,365,0.666,0.8,0.5328,0.7268758526603001
148,User_DiT_2,3.33,4.0,365,0.666,0.8,0.5328,0.7268758526603001
148,User_DiT_3,3.75,3.0,365,0.75,0.6,0.44999999999999996,0.6666666666666665
148,Sys_DiT_noref_1,4.85,4.2,365,0.97,0.8400000000000001,0.8148000000000001,0.9003314917127072
148,Sys_DiT_noref_2,3.85,2.65,365,0.77,0.53,0.4081,0.6278461538461538
148,Sys_DiT_noref_3,4.12,2.85,365,0.8240000000000001,0.5700000000000001,0.4696800000000001,0.6738593974175037
149,User_DiT_1,5.0,4.0,365,1.0,0.8,0.8,0.888888888888889
149,User_DiT_2,5.0,3.0,365,1.0,0.6,0.6,0.7499999999999999
149,User_DiT_3,5.0,4.0,365,1.0,0.8,0.8,0.888888888888889
149,Sys_DiT_noref_1,4.85,4.2,365,0.97,0.8400000000000001,0.8148000000000001,0.9003314917127072
149,Sys_DiT_noref_2,4.85,4.92,365,0.97,0.984,0.95448,0.976949846468782
149,Sys_DiT_noref_3,4.85,4.72,365,0.97,0.944,0.9156799999999999,0.9568234064785789
150,User_DiT_1,5.0,3.0,370,1.0,0.6,0.6,0.7499999999999999
150,User_DiT_2,5.0,2.0,370,1.0,0.4,0.4,0.5714285714285715
150,User_DiT_3,5.0,2.0,370,1.0,0.4,0.4,0.5714285714285715
150,Sys_DiT_noref_1,4.65,3.85,370,0.93,0.77,0.7161000000000001,0.8424705882352941
150,Sys_DiT_noref_2,4.12,2.85,370,0.8240000000000001,0.5700000000000001,0.4696800000000001,0.6738593974175037
150,Sys_DiT_noref_3,4.65,2.75,370,0.93,0.55,0.5115000000000001,0.6912162162162163
151,User_DiT_1,5.0,4.0,370,1.0,0.8,0.8,0.888888888888889
151,User_DiT_2,5.0,4.0,370,1.0,0.8,0.8,0.888888888888889
151,User_DiT_3,5.0,2.0,370,1.0,0.4,0.4,0.5714285714285715
151,Sys_DiT_noref_1,4.85,4.92,370,0.97,0.984,0.95448,0.976949846468782
151,Sys_DiT_noref_2,4.85,3.65,370,0.97,0.73,0.7081,0.8330588235294117
151,Sys_DiT_noref_3,4.85,3.2,370,0.97,0.64,0.6208,0.7711801242236026
152,User_DiT_1,4.17,2.0,370,0.834,0.4,0.3336,0.5406807131280389
152,User_DiT_2,4.17,2.0,370,0.834,0.4,0.3336,0.5406807131280389
152,User_DiT_3,5.0,2.0,370,1.0,0.4,0.4,0.5714285714285715
152,Sys_DiT_noref_1,4.63,2.85,370,0.9259999999999999,0.5700000000000001,0.5278200000000001,0.7056417112299466
152,Sys_DiT_noref_2,3.85,2.15,370,0.77,0.43,0.3311,0.5518333333333334
152,Sys_DiT_noref_3,4.35,2.85,370,0.8699999999999999,0.5700000000000001,0.4959,0.6887500000000001
153,User_DiT_1,5.0,5.0,370,1.0,1.0,1.0,1.0
153,User_DiT_2,5.0,5.0,370,1.0,1.0,1.0,1.0
153,User_DiT_3,5.0,5.0,370,1.0,1.0,1.0,1.0
153,Sys_DiT_noref_1,4.92,4.98,370,0.984,0.9960000000000001,0.980064,0.9899636363636364
153,Sys_DiT_noref_2,4.92,4.98,370,0.984,0.9960000000000001,0.980064,0.9899636363636364
153,Sys_DiT_noref_3,4.62,3.85,370,0.924,0.77,0.71148,0.8400000000000001
154,User_DiT_1,5.0,2.0,370,1.0,0.4,0.4,0.5714285714285715
154,User_DiT_2,5.0,2.0,370,1.0,0.4,0.4,0.5714285714285715
154,User_DiT_3,5.0,2.0,370,1.0,0.4,0.4,0.5714285714285715
154,Sys_DiT_noref_1,1.85,1.2,370,0.37,0.24,0.08879999999999999,0.2911475409836065
154,Sys_DiT_noref_2,2.15,1.85,370,0.43,0.37,0.1591,0.39774999999999994
154,Sys_DiT_noref_3,1.85,1.42,370,0.37,0.284,0.10507999999999999,0.3213455657492355
155,User_DiT_1,1.67,3.0,389,0.33399999999999996,0.6,0.20039999999999997,0.42912205567451817
155,User_DiT_2,2.78,2.0,389,0.5559999999999999,0.4,0.2224,0.46527196652719666
155,User_DiT_3,1.67,2.0,389,0.33399999999999996,0.4,0.1336,0.3640326975476839
155,Sys_DiT_noref_1,1.42,1.85,389,0.284,0.37,0.10507999999999999,0.3213455657492355
155,Sys_DiT_noref_2,1.25,3.65,389,0.25,0.73,0.1825,0.37244897959183676
155,Sys_DiT_noref_3,1.25,1.85,389,0.25,0.37,0.0925,0.29838709677419356
156,User_DiT_1,2.78,3.0,389,0.5559999999999999,0.6,0.33359999999999995,0.5771626297577854
156,User_DiT_2,1.67,3.0,389,0.33399999999999996,0.6,0.20039999999999997,0.42912205567451817
156,User_DiT_3,1.67,3.0,389,0.33399999999999996,0.6,0.20039999999999997,0.42912205567451817
156,Sys_DiT_noref_1,1.15,1.85,389,0.22999999999999998,0.37,0.0851,0.2836666666666667
156,Sys_DiT_noref_2,1.85,1.6,389,0.37,0.32,0.1184,0.34318840579710147
156,Sys_DiT_noref_3,1.25,2.85,389,0.25,0.5700000000000001,0.14250000000000002,0.34756097560975613
157,User_DiT_1,1.67,2.0,389,0.33399999999999996,0.4,0.1336,0.3640326975476839
157,User_DiT_2,1.67,4.0,389,0.33399999999999996,0.8,0.2672,0.47125220458553796
157,User_DiT_3,1.67,2.0,389,0.33399999999999996,0.4,0.1336,0.3640326975476839
157,Sys_DiT_noref_1,1.25,2.85,389,0.25,0.5700000000000001,0.14250000000000002,0.34756097560975613
157,Sys_DiT_noref_2,0.12,0.85,389,0.024,0.16999999999999998,0.004079999999999999,0.04206185567010309
157,Sys_DiT_noref_3,0.0,1.85,389,0.0,0.37,0.0,0.0
158,User_DiT_1,1.11,2.0,389,0.22200000000000003,0.4,0.08880000000000002,0.28553054662379423
158,User_DiT_2,1.11,3.0,389,0.22200000000000003,0.6,0.1332,0.32408759124087594
158,User_DiT_3,1.67,3.0,389,0.33399999999999996,0.6,0.20039999999999997,0.42912205567451817
158,Sys_DiT_noref_1,1.25,2.85,389,0.25,0.5700000000000001,0.14250000000000002,0.34756097560975613
158,Sys_DiT_noref_2,1.25,2.85,389,0.25,0.5700000000000001,0.14250000000000002,0.34756097560975613
158,Sys_DiT_noref_3,1.25,0.85,389,0.25,0.16999999999999998,0.042499999999999996,0.20238095238095238
159,User_DiT_1,2.78,1.0,389,0.5559999999999999,0.2,0.1112,0.29417989417989415
159,User_DiT_2,1.67,2.0,389,0.33399999999999996,0.4,0.1336,0.3640326975476839
159,User_DiT_3,2.22,3.0,389,0.44400000000000006,0.6,0.2664,0.5103448275862069
159,Sys_DiT_noref_1,1.42,2.85,389,0.284,0.5700000000000001,0.16188,0.3791100702576112
159,Sys_DiT_noref_2,1.85,2.15,389,0.37,0.43,0.1591,0.39774999999999994
159,Sys_DiT_noref_3,1.25,1.85,389,0.25,0.37,0.0925,0.29838709677419356
160,User_DiT_1,5.0,5.0,392,1.0,1.0,1.0,1.0
160,User_DiT_2,5.0,5.0,392,1.0,1.0,1.0,1.0
160,User_DiT_3,5.0,4.0,392,1.0,0.8,0.8,0.888888888888889
160,Sys_DiT_noref_1,4.85,3.65,392,0.97,0.73,0.7081,0.8330588235294117
160,Sys_DiT_noref_2,4.85,4.92,392,0.97,0.984,0.95448,0.976949846468782
160,Sys_DiT_noref_3,4.85,4.92,392,0.97,0.984,0.95448,0.976949846468782
161,User_DiT_1,5.0,3.0,392,1.0,0.6,0.6,0.7499999999999999
161,User_DiT_2,5.0,4.0,392,1.0,0.8,0.8,0.888888888888889
161,User_DiT_3,5.0,4.0,392,1.0,0.8,0.8,0.888888888888889
161,Sys_DiT_noref_1,4.82,3.65,392,0.9640000000000001,0.73,0.70372,0.8308382526564345
161,Sys_DiT_noref_2,4.85,3.72,392,0.97,0.744,0.72168,0.842100350058343
161,Sys_DiT_noref_3,4.85,3.2,392,0.97,0.64,0.6208,0.7711801242236026
162,User_DiT_1,3.57,4.0,392,0.714,0.8,0.5712,0.7545574636723911
162,User_DiT_2,3.57,2.0,392,0.714,0.4,0.2856,0.5127468581687613
162,User_DiT_3,4.29,3.0,392,0.858,0.6,0.5147999999999999,0.7061728395061727
162,Sys_DiT_noref_1,1.85,3.2,392,0.37,0.64,0.2368,0.46891089108910894
162,Sys_DiT_noref_2,1.85,3.62,392,0.37,0.724,0.26788,0.48972577696526515
162,Sys_DiT_noref_3,2.15,3.85,392,0.43,0.77,0.3311,0.5518333333333334
163,User_DiT_1,4.29,3.0,392,0.858,0.6,0.5147999999999999,0.7061728395061727
163,User_DiT_2,4.29,4.0,392,0.858,0.8,0.6864,0.8279855247285887
163,User_DiT_3,4.29,4.0,392,0.858,0.8,0.6864,0.8279855247285887
163,Sys_DiT_noref_1,4.15,3.85,392,0.8300000000000001,0.77,0.6391000000000001,0.7988750000000001
163,Sys_DiT_noref_2,4.15,3.85,392,0.8300000000000001,0.77,0.6391000000000001,0.7988750000000001
163,Sys_DiT_noref_3,3.42,2.15,392,0.6839999999999999,0.43,0.29412,0.5280430879712747
164,User_DiT_1,5.0,4.0,392,1.0,0.8,0.8,0.888888888888889
164,User_DiT_2,5.0,3.0,392,1.0,0.6,0.6,0.7499999999999999
164,User_DiT_3,5.0,3.0,392,1.0,0.6,0.6,0.7499999999999999
164,Sys_DiT_noref_1,4.72,3.85,392,0.944,0.77,0.72688,0.8481680280046674
164,Sys_DiT_noref_2,4.85,3.62,392,0.97,0.724,0.7022799999999999,0.8291381345926799
164,Sys_DiT_noref_3,4.85,2.72,392,0.97,0.544,0.52768,0.6970673712021137
165,User_DiT_1,5.0,2.0,394,1.0,0.4,0.4,0.5714285714285715
165,User_DiT_2,5.0,2.0,394,1.0,0.4,0.4,0.5714285714285715
165,User_DiT_3,5.0,2.0,394,1.0,0.4,0.4,0.5714285714285715
165,Sys_DiT_noref_1,2.15,1.82,394,0.43,0.364,0.15652,0.39425692695214104
165,Sys_DiT_noref_2,1.25,2.85,394,0.25,0.5700000000000001,0.14250000000000002,0.34756097560975613
165,Sys_DiT_noref_3,3.45,1.82,394,0.6900000000000001,0.364,0.25116,0.47658444022770396
166,User_DiT_1,5.0,4.0,394,1.0,0.8,0.8,0.888888888888889
166,User_DiT_2,5.0,3.0,394,1.0,0.6,0.6,0.7499999999999999
166,User_DiT_3,5.0,4.0,394,1.0,0.8,0.8,0.888888888888889
166,Sys_DiT_noref_1,4.65,3.85,394,0.93,0.77,0.7161000000000001,0.8424705882352941
166,Sys_DiT_noref_2,4.85,4.2,394,0.97,0.8400000000000001,0.8148000000000001,0.9003314917127072
166,Sys_DiT_noref_3,4.65,4.12,394,0.93,0.8240000000000001,0.7663200000000001,0.8737970353477766
167,User_DiT_1,5.0,4.0,394,1.0,0.8,0.8,0.888888888888889
167,User_DiT_2,5.0,4.0,394,1.0,0.8,0.8,0.888888888888889
167,User_DiT_3,4.0,3.0,394,0.8,0.6,0.48,0.6857142857142857
167,Sys_DiT_noref_1,3.85,2.65,394,0.77,0.53,0.4081,0.6278461538461538
167,Sys_DiT_noref_2,3.85,2.15,394,0.77,0.43,0.3311,0.5518333333333334
167,Sys_DiT_noref_3,2.85,1.42,394,0.5700000000000001,0.284,0.16188,0.3791100702576112
168,User_DiT_1,5.0,3.0,394,1.0,0.6,0.6,0.7499999999999999
168,User_DiT_2,5.0,3.0,394,1.0,0.6,0.6,0.7499999999999999
168,User_DiT_3,5.0,3.0,394,1.0,0.6,0.6,0.7499999999999999
168,Sys_DiT_noref_1,4.72,2.85,394,0.944,0.5700000000000001,0.53808,0.7108058124174372
168,Sys_DiT_noref_2,5.0,4.8,394,1.0,0.96,0.96,0.9795918367346939
168,Sys_DiT_noref_3,4.72,2.15,394,0.944,0.43,0.40591999999999995,0.5908588064046579
169,User_DiT_1,3.75,1.0,394,0.75,0.2,0.15000000000000002,0.31578947368421056
169,User_DiT_2,5.0,1.0,394,1.0,0.2,0.2,0.33333333333333337
169,User_DiT_3,3.0,1.0,394,0.6,0.2,0.12,0.3
169,Sys_DiT_noref_1,1.85,0.92,394,0.37,0.184,0.06808,0.24577617328519855
169,Sys_DiT_noref_2,2.15,1.2,394,0.43,0.24,0.1032,0.30805970149253736
169,Sys_DiT_noref_3,1.25,0.85,394,0.25,0.16999999999999998,0.042499999999999996,0.20238095238095238
170,User_DiT_1,5.0,4.0,396,1.0,0.8,0.8,0.888888888888889
170,User_DiT_2,5.0,4.0,396,1.0,0.8,0.8,0.888888888888889
170,User_DiT_3,5.0,5.0,396,1.0,1.0,1.0,1.0
170,Sys_DiT_noref_1,4.98,4.95,396,0.9960000000000001,0.99,0.9860400000000001,0.9929909365558913
170,Sys_DiT_noref_2,4.65,2.8,396,0.93,0.5599999999999999,0.5207999999999999,0.6990604026845637
170,Sys_DiT_noref_3,4.72,3.85,396,0.944,0.77,0.72688,0.8481680280046674
171,User_DiT_1,5.0,4.0,396,1.0,0.8,0.8,0.888888888888889
171,User_DiT_2,5.0,4.0,396,1.0,0.8,0.8,0.888888888888889
171,User_DiT_3,5.0,5.0,396,1.0,1.0,1.0,1.0
171,Sys_DiT_noref_1,4.85,3.92,396,0.97,0.784,0.76048,0.8671379703534778
171,Sys_DiT_noref_2,4.85,4.12,396,0.97,0.8240000000000001,0.79928,0.8910590858416945
171,Sys_DiT_noref_3,4.82,3.65,396,0.9640000000000001,0.73,0.70372,0.8308382526564345
172,User_DiT_1,4.29,4.0,396,0.858,0.8,0.6864,0.8279855247285887
172,User_DiT_2,5.0,4.0,396,1.0,0.8,0.8,0.888888888888889
172,User_DiT_3,5.0,4.0,396,1.0,0.8,0.8,0.888888888888889
172,Sys_DiT_noref_1,4.85,4.2,396,0.97,0.8400000000000001,0.8148000000000001,0.9003314917127072
172,Sys_DiT_noref_2,4.85,3.65,396,0.97,0.73,0.7081,0.8330588235294117
172,Sys_DiT_noref_3,4.85,4.2,396,0.97,0.8400000000000001,0.8148000000000001,0.9003314917127072
173,User_DiT_1,5.0,4.0,396,1.0,0.8,0.8,0.888888888888889
173,User_DiT_2,5.0,4.0,396,1.0,0.8,0.8,0.888888888888889
173,User_DiT_3,5.0,5.0,396,1.0,1.0,1.0,1.0
173,Sys_DiT_noref_1,4.82,4.65,396,0.9640000000000001,0.93,0.8965200000000001,0.9466948257655755
173,Sys_DiT_noref_2,4.72,3.85,396,0.944,0.77,0.72688,0.8481680280046674
173,Sys_DiT_noref_3,4.82,4.15,396,0.9640000000000001,0.8300000000000001,0.8001200000000002,0.891995540691193
174,User_DiT_1,5.0,4.0,396,1.0,0.8,0.8,0.888888888888889
174,User_DiT_2,5.0,4.0,396,1.0,0.8,0.8,0.888888888888889
174,User_DiT_3,5.0,3.0,396,1.0,0.6,0.6,0.7499999999999999
174,Sys_DiT_noref_1,4.72,3.85,396,0.944,0.77,0.72688,0.8481680280046674
174,Sys_DiT_noref_2,4.12,2.85,396,0.8240000000000001,0.5700000000000001,0.4696800000000001,0.6738593974175037
174,Sys_DiT_noref_3,4.85,4.6,396,0.97,0.9199999999999999,0.8923999999999999,0.9443386243386243
175,User_DiT_1,5.0,1.0,400,1.0,0.2,0.2,0.33333333333333337
175,User_DiT_2,5.0,1.0,400,1.0,0.2,0.2,0.33333333333333337
175,User_DiT_3,5.0,1.0,400,1.0,0.2,0.2,0.33333333333333337
175,Sys_DiT_noref_1,4.85,1.92,400,0.97,0.384,0.37248,0.5501920236336779
175,Sys_DiT_noref_2,4.85,2.95,400,0.97,0.5900000000000001,0.5723,0.7337179487179487
175,Sys_DiT_noref_3,4.85,1.2,400,0.97,0.24,0.23279999999999998,0.384793388429752
176,User_DiT_1,5.0,1.0,400,1.0,0.2,0.2,0.33333333333333337
176,User_DiT_2,5.0,2.0,400,1.0,0.4,0.4,0.5714285714285715
176,User_DiT_3,5.0,1.0,400,1.0,0.2,0.2,0.33333333333333337
176,Sys_DiT_noref_1,4.85,1.25,400,0.97,0.25,0.2425,0.3975409836065574
176,Sys_DiT_noref_2,4.85,2.1,400,0.97,0.42000000000000004,0.40740000000000004,0.5861870503597122
176,Sys_DiT_noref_3,4.85,1.15,400,0.97,0.22999999999999998,0.22309999999999997,0.3718333333333333
177,User_DiT_1,4.44,2.0,400,0.8880000000000001,0.4,0.35520000000000007,0.5515527950310559
177,User_DiT_2,5.0,1.0,400,1.0,0.2,0.2,0.33333333333333337
177,User_DiT_3,5.0,2.0,400,1.0,0.4,0.4,0.5714285714285715
177,Sys_DiT_noref_1,4.12,1.85,400,0.8240000000000001,0.37,0.30488000000000004,0.5106867671691793
177,Sys_DiT_noref_2,4.12,1.85,400,0.8240000000000001,0.37,0.30488000000000004,0.5106867671691793
177,Sys_DiT_noref_3,3.82,1.47,400,0.764,0.294,0.22461599999999998,0.4246049149338374
178,User_DiT_1,5.0,4.0,400,1.0,0.8,0.8,0.888888888888889
178,User_DiT_2,0.0,4.0,400,0.0,0.8,0.0,0.0
178,User_DiT_3,5.0,3.0,400,1.0,0.6,0.6,0.7499999999999999
178,Sys_DiT_noref_1,4.65,3.85,400,0.93,0.77,0.7161000000000001,0.8424705882352941
178,Sys_DiT_noref_2,4.85,3.2,400,0.97,0.64,0.6208,0.7711801242236026
178,Sys_DiT_noref_3,4.85,3.2,400,0.97,0.64,0.6208,0.7711801242236026
179,User_DiT_1,5.0,2.0,400,1.0,0.4,0.4,0.5714285714285715
179,User_DiT_2,5.0,1.0,400,1.0,0.2,0.2,0.33333333333333337
179,User_DiT_3,3.89,1.0,400,0.778,0.2,0.15560000000000002,0.31820040899795504
179,Sys_DiT_noref_1,2.85,1.2,400,0.5700000000000001,0.24,0.1368,0.3377777777777778
179,Sys_DiT_noref_2,4.85,1.25,400,0.97,0.25,0.2425,0.3975409836065574
179,Sys_DiT_noref_3,4.92,1.15,400,0.984,0.22999999999999998,0.22631999999999997,0.37285008237232287
180,User_DiT_1,0.0,3.0,405,0.0,0.6,0.0,0.0
180,User_DiT_2,3.89,4.0,405,0.778,0.8,0.6224000000000001,0.7888466413181242
180,User_DiT_3,4.44,3.0,405,0.8880000000000001,0.6,0.5328,0.7161290322580646
180,Sys_DiT_noref_1,4.92,3.85,405,0.984,0.77,0.75768,0.863945267958951
180,Sys_DiT_noref_2,4.92,3.85,405,0.984,0.77,0.75768,0.863945267958951
180,Sys_DiT_noref_3,4.12,2.35,405,0.8240000000000001,0.47000000000000003,0.38728000000000007,0.5985780525502319
181,User_DiT_1,4.44,4.0,405,0.8880000000000001,0.8,0.7104000000000001,0.8417061611374408
181,User_DiT_2,4.44,4.0,405,0.8880000000000001,0.8,0.7104000000000001,0.8417061611374408
181,User_DiT_3,4.44,4.0,405,0.8880000000000001,0.8,0.7104000000000001,0.8417061611374408
181,Sys_DiT_noref_1,4.65,3.85,405,0.93,0.77,0.7161000000000001,0.8424705882352941
181,Sys_DiT_noref_2,4.65,3.85,405,0.93,0.77,0.7161000000000001,0.8424705882352941
181,Sys_DiT_noref_3,4.85,3.65,405,0.97,0.73,0.7081,0.8330588235294117
182,User_DiT_1,5.0,2.0,405,1.0,0.4,0.4,0.5714285714285715
182,User_DiT_2,5.0,4.0,405,1.0,0.8,0.8,0.888888888888889
182,User_DiT_3,3.57,4.0,405,0.714,0.8,0.5712,0.7545574636723911
182,Sys_DiT_noref_1,4.12,2.85,405,0.8240000000000001,0.5700000000000001,0.4696800000000001,0.6738593974175037
182,Sys_DiT_noref_2,2.85,1.42,405,0.5700000000000001,0.284,0.16188,0.3791100702576112
182,Sys_DiT_noref_3,3.85,2.15,405,0.77,0.43,0.3311,0.5518333333333334
183,User_DiT_1,2.78,2.0,405,0.5559999999999999,0.4,0.2224,0.46527196652719666
183,User_DiT_2,1.11,1.0,405,0.22200000000000003,0.2,0.04440000000000001,0.2104265402843602
183,User_DiT_3,1.11,2.0,405,0.22200000000000003,0.4,0.08880000000000002,0.28553054662379423
183,Sys_DiT_noref_1,2.85,1.42,405,0.5700000000000001,0.284,0.16188,0.3791100702576112
183,Sys_DiT_noref_2,2.85,1.92,405,0.5700000000000001,0.384,0.21888000000000002,0.4588679245283019
183,Sys_DiT_noref_3,1.85,1.2,405,0.37,0.24,0.08879999999999999,0.2911475409836065
184,User_DiT_1,4.44,2.0,405,0.8880000000000001,0.4,0.35520000000000007,0.5515527950310559
184,User_DiT_2,4.44,2.0,405,0.8880000000000001,0.4,0.35520000000000007,0.5515527950310559
184,User_DiT_3,3.33,2.0,405,0.666,0.4,0.2664,0.499812382739212
184,Sys_DiT_noref_1,3.15,1.2,405,0.63,0.24,0.1512,0.34758620689655173
184,Sys_DiT_noref_2,3.85,1.2,405,0.77,0.24,0.1848,0.36594059405940593
184,Sys_DiT_noref_3,2.85,1.2,405,0.5700000000000001,0.24,0.1368,0.3377777777777778
185,User_DiT_1,5.0,3.0,406,1.0,0.6,0.6,0.7499999999999999
185,User_DiT_2,5.0,4.0,406,1.0,0.8,0.8,0.888888888888889
185,User_DiT_3,5.0,4.0,406,1.0,0.8,0.8,0.888888888888889
185,Sys_DiT_noref_1,4.15,4.92,406,0.8300000000000001,0.984,0.8167200000000001,0.9004630650496142
185,Sys_DiT_noref_2,3.85,4.12,406,0.77,0.8240000000000001,0.63448,0.7960853199498118
185,Sys_DiT_noref_3,3.85,4.12,406,0.77,0.8240000000000001,0.63448,0.7960853199498118
186,User_DiT_1,5.0,4.0,406,1.0,0.8,0.8,0.888888888888889
186,User_DiT_2,5.0,4.0,406,1.0,0.8,0.8,0.888888888888889
186,User_DiT_3,5.0,3.0,406,1.0,0.6,0.6,0.7499999999999999
186,Sys_DiT_noref_1,4.65,3.82,406,0.93,0.764,0.71052,0.8388665879574971
186,Sys_DiT_noref_2,4.85,3.72,406,0.97,0.744,0.72168,0.842100350058343
186,Sys_DiT_noref_3,4.85,3.2,406,0.97,0.64,0.6208,0.7711801242236026
187,User_DiT_1,3.33,5.0,406,0.666,1.0,0.666,0.7995198079231693
187,User_DiT_2,5.0,5.0,406,1.0,1.0,1.0,1.0
187,User_DiT_3,5.0,5.0,406,1.0,1.0,1.0,1.0
187,Sys_DiT_noref_1,4.85,3.65,406,0.97,0.73,0.7081,0.8330588235294117
187,Sys_DiT_noref_2,4.72,3.65,406,0.944,0.73,0.68912,0.8233213859020311
187,Sys_DiT_noref_3,4.85,3.65,406,0.97,0.73,0.7081,0.8330588235294117
188,User_DiT_1,5.0,3.0,406,1.0,0.6,0.6,0.7499999999999999
188,User_DiT_2,5.0,3.0,406,1.0,0.6,0.6,0.7499999999999999
188,User_DiT_3,5.0,3.0,406,1.0,0.6,0.6,0.7499999999999999
188,Sys_DiT_noref_1,4.92,1.85,406,0.984,0.37,0.36408,0.5377843426883309
188,Sys_DiT_noref_2,4.85,3.72,406,0.97,0.744,0.72168,0.842100350058343
188,Sys_DiT_noref_3,4.85,1.75,406,0.97,0.35,0.33949999999999997,0.5143939393939394
189,User_DiT_1,5.0,3.0,406,1.0,0.6,0.6,0.7499999999999999
189,User_DiT_2,5.0,3.0,406,1.0,0.6,0.6,0.7499999999999999
189,User_DiT_3,5.0,3.0,406,1.0,0.6,0.6,0.7499999999999999
189,Sys_DiT_noref_1,4.85,3.75,406,0.97,0.75,0.7275,0.8459302325581396
189,Sys_DiT_noref_2,4.92,3.65,406,0.984,0.73,0.71832,0.8381796966161027
189,Sys_DiT_noref_3,4.85,2.15,406,0.97,0.43,0.41709999999999997,0.5958571428571429
190,User_DiT_1,3.33,3.0,413,0.666,0.6,0.3996,0.6312796208530805
190,User_DiT_2,3.33,3.0,413,0.666,0.6,0.3996,0.6312796208530805
190,User_DiT_3,3.33,4.0,413,0.666,0.8,0.5328,0.7268758526603001
190,Sys_DiT_noref_1,4.12,3.85,413,0.8240000000000001,0.77,0.63448,0.7960853199498118
190,Sys_DiT_noref_2,4.12,3.65,413,0.8240000000000001,0.73,0.60152,0.7741570141570142
190,Sys_DiT_noref_3,3.45,2.15,413,0.6900000000000001,0.43,0.2967,0.5298214285714286
191,User_DiT_1,3.12,1.0,413,0.624,0.2,0.12480000000000001,0.3029126213592233
191,User_DiT_2,3.57,1.0,413,0.714,0.2,0.1428,0.31247264770240707
191,User_DiT_3,3.57,1.0,413,0.714,0.2,0.1428,0.31247264770240707
191,Sys_DiT_noref_1,3.45,1.8,413,0.6900000000000001,0.36,0.2484,0.47314285714285714
191,Sys_DiT_noref_2,2.15,0.85,413,0.43,0.16999999999999998,0.0731,0.24366666666666667
191,Sys_DiT_noref_3,3.65,1.2,413,0.73,0.24,0.1752,0.3612371134020618
192,User_DiT_1,2.78,4.0,413,0.5559999999999999,0.8,0.4448,0.656047197640118
192,User_DiT_2,5.0,4.0,413,1.0,0.8,0.8,0.888888888888889
192,User_DiT_3,5.0,3.0,413,1.0,0.6,0.6,0.7499999999999999
192,Sys_DiT_noref_1,3.85,4.2,413,0.77,0.8400000000000001,0.6468,0.8034782608695652
192,Sys_DiT_noref_2,2.15,3.85,413,0.43,0.77,0.3311,0.5518333333333334
192,Sys_DiT_noref_3,2.85,2.6,413,0.5700000000000001,0.52,0.29640000000000005,0.5438532110091744
193,User_DiT_1,5.0,3.0,413,1.0,0.6,0.6,0.7499999999999999
193,User_DiT_2,5.0,3.0,413,1.0,0.6,0.6,0.7499999999999999
193,User_DiT_3,5.0,3.0,413,1.0,0.6,0.6,0.7499999999999999
193,Sys_DiT_noref_1,4.15,2.85,413,0.8300000000000001,0.5700000000000001,0.4731000000000001,0.6758571428571429
193,Sys_DiT_noref_2,4.85,2.15,413,0.97,0.43,0.41709999999999997,0.5958571428571429
193,Sys_DiT_noref_3,4.85,2.15,413,0.97,0.43,0.41709999999999997,0.5958571428571429
194,User_DiT_1,0.0,2.0,413,0.0,0.4,0.0,0.0
194,User_DiT_2,0.0,1.0,413,0.0,0.2,0.0,0.0
194,User_DiT_3,0.56,2.0,413,0.11200000000000002,0.4,0.044800000000000006,0.17500000000000002
194,Sys_DiT_noref_1,0.12,0.85,413,0.024,0.16999999999999998,0.004079999999999999,0.04206185567010309
194,Sys_DiT_noref_2,0.11,0.05,413,0.022,0.01,0.00021999999999999998,0.013749999999999998
194,Sys_DiT_noref_3,0.85,1.2,413,0.16999999999999998,0.24,0.040799999999999996,0.19902439024390242
195,User_DiT_1,3.33,2.0,415,0.666,0.4,0.2664,0.499812382739212
195,User_DiT_2,1.67,2.0,415,0.33399999999999996,0.4,0.1336,0.3640326975476839
195,User_DiT_3,4.38,2.0,415,0.876,0.4,0.35040000000000004,0.5492163009404389
195,Sys_DiT_noref_1,2.85,1.42,415,0.5700000000000001,0.284,0.16188,0.3791100702576112
195,Sys_DiT_noref_2,3.85,1.75,415,0.77,0.35,0.26949999999999996,0.4812499999999999
195,Sys_DiT_noref_3,3.85,2.15,415,0.77,0.43,0.3311,0.5518333333333334
196,User_DiT_1,3.89,3.0,415,0.778,0.6,0.4668,0.6775036284470246
196,User_DiT_2,3.89,3.0,415,0.778,0.6,0.4668,0.6775036284470246
196,User_DiT_3,3.89,3.0,415,0.778,0.6,0.4668,0.6775036284470246
196,Sys_DiT_noref_1,4.65,2.15,415,0.93,0.43,0.39990000000000003,0.5880882352941177
196,Sys_DiT_noref_2,4.12,2.85,415,0.8240000000000001,0.5700000000000001,0.4696800000000001,0.6738593974175037
196,Sys_DiT_noref_3,4.85,3.72,415,0.97,0.744,0.72168,0.842100350058343
197,User_DiT_1,4.17,2.0,415,0.834,0.4,0.3336,0.5406807131280389
197,User_DiT_2,4.17,2.0,415,0.834,0.4,0.3336,0.5406807131280389
197,User_DiT_3,5.0,2.0,415,1.0,0.4,0.4,0.5714285714285715
197,Sys_DiT_noref_1,1.85,1.2,415,0.37,0.24,0.08879999999999999,0.2911475409836065
197,Sys_DiT_noref_2,2.85,1.92,415,0.5700000000000001,0.384,0.21888000000000002,0.4588679245283019
197,Sys_DiT_noref_3,2.85,2.4,415,0.5700000000000001,0.48,0.2736,0.5211428571428571
198,User_DiT_1,4.29,3.0,415,0.858,0.6,0.5147999999999999,0.7061728395061727
198,User_DiT_2,4.29,4.0,415,0.858,0.8,0.6864,0.8279855247285887
198,User_DiT_3,4.29,2.0,415,0.858,0.4,0.3432,0.5456279809220985
198,Sys_DiT_noref_1,2.85,2.6,415,0.5700000000000001,0.52,0.29640000000000005,0.5438532110091744
198,Sys_DiT_noref_2,2.85,3.42,415,0.5700000000000001,0.6839999999999999,0.38988,0.6218181818181818
198,Sys_DiT_noref_3,3.85,2.65,415,0.77,0.53,0.4081,0.6278461538461538
199,User_DiT_1,5.0,2.0,415,1.0,0.4,0.4,0.5714285714285715
199,User_DiT_2,1.67,2.0,415,0.33399999999999996,0.4,0.1336,0.3640326975476839
199,User_DiT_3,3.33,2.0,415,0.666,0.4,0.2664,0.499812382739212
199,Sys_DiT_noref_1,3.45,1.85,415,0.6900000000000001,0.37,0.2553,0.4816981132075472
199,Sys_DiT_noref_2,2.15,3.85,415,0.43,0.77,0.3311,0.5518333333333334
199,Sys_DiT_noref_3,1.67,1.85,415,0.33399999999999996,0.37,0.12357999999999998,0.35107954545454545
200,User_DiT_1,5.0,4.0,419,1.0,0.8,0.8,0.888888888888889
200,User_DiT_2,5.0,4.0,419,1.0,0.8,0.8,0.888888888888889
200,User_DiT_3,5.0,2.0,419,1.0,0.4,0.4,0.5714285714285715
200,Sys_DiT_noref_1,4.85,3.92,419,0.97,0.784,0.76048,0.8671379703534778
200,Sys_DiT_noref_2,4.12,2.35,419,0.8240000000000001,0.47000000000000003,0.38728000000000007,0.5985780525502319
200,Sys_DiT_noref_3,4.65,4.2,419,0.93,0.8400000000000001,0.7812000000000001,0.8827118644067797
201,User_DiT_1,3.75,2.0,419,0.75,0.4,0.30000000000000004,0.5217391304347827
201,User_DiT_2,3.75,4.0,419,0.75,0.8,0.6000000000000001,0.7741935483870969
201,User_DiT_3,5.0,4.0,419,1.0,0.8,0.8,0.888888888888889
201,Sys_DiT_noref_1,2.15,1.85,419,0.43,0.37,0.1591,0.39774999999999994
201,Sys_DiT_noref_2,3.85,1.92,419,0.77,0.384,0.29568,0.5124436741767765
201,Sys_DiT_noref_3,3.85,4.2,419,0.77,0.8400000000000001,0.6468,0.8034782608695652
202,User_DiT_1,0.0,1.0,419,0.0,0.2,0.0,0.0
202,User_DiT_2,5.0,1.0,419,1.0,0.2,0.2,0.33333333333333337
202,User_DiT_3,0.0,2.0,419,0.0,0.4,0.0,0.0
202,Sys_DiT_noref_1,0.82,1.15,419,0.16399999999999998,0.22999999999999998,0.03771999999999999,0.19147208121827408
202,Sys_DiT_noref_2,2.85,1.2,419,0.5700000000000001,0.24,0.1368,0.3377777777777778
202,Sys_DiT_noref_3,2.85,1.2,419,0.5700000000000001,0.24,0.1368,0.3377777777777778
203,User_DiT_1,2.86,1.0,419,0.572,0.2,0.1144,0.29637305699481864
203,User_DiT_2,5.0,2.0,419,1.0,0.4,0.4,0.5714285714285715
203,User_DiT_3,5.0,2.0,419,1.0,0.4,0.4,0.5714285714285715
203,Sys_DiT_noref_1,0.12,0.85,419,0.024,0.16999999999999998,0.004079999999999999,0.04206185567010309
203,Sys_DiT_noref_2,3.12,1.85,419,0.624,0.37,0.23088,0.46454728370221327
203,Sys_DiT_noref_3,4.12,1.35,419,0.8240000000000001,0.27,0.22248000000000004,0.40672760511883005
204,User_DiT_1,4.0,1.0,419,0.8,0.2,0.16000000000000003,0.32000000000000006
204,User_DiT_2,5.0,4.0,419,1.0,0.8,0.8,0.888888888888889
204,User_DiT_3,5.0,4.0,419,1.0,0.8,0.8,0.888888888888889
204,Sys_DiT_noref_1,3.42,3.85,419,0.6839999999999999,0.77,0.5266799999999999,0.7244566712517193
204,Sys_DiT_noref_2,4.85,4.72,419,0.97,0.944,0.9156799999999999,0.9568234064785789
204,Sys_DiT_noref_3,4.12,1.85,419,0.8240000000000001,0.37,0.30488000000000004,0.5106867671691793
205,User_DiT_1,2.78,2.0,421,0.5559999999999999,0.4,0.2224,0.46527196652719666
205,User_DiT_2,3.33,1.0,421,0.666,0.2,0.1332,0.30762124711316396
205,User_DiT_3,0.0,2.0,421,0.0,0.4,0.0,0.0
205,Sys_DiT_noref_1,1.82,0.95,421,0.364,0.19,0.06916,0.24967509025270757
205,Sys_DiT_noref_2,0.12,0.85,421,0.024,0.16999999999999998,0.004079999999999999,0.04206185567010309
205,Sys_DiT_noref_3,1.85,1.2,421,0.37,0.24,0.08879999999999999,0.2911475409836065
206,User_DiT_1,3.12,3.0,421,0.624,0.6,0.3744,0.611764705882353
206,User_DiT_2,3.12,2.0,421,0.624,0.4,0.24960000000000002,0.48750000000000004
206,User_DiT_3,5.0,3.0,421,1.0,0.6,0.6,0.7499999999999999
206,Sys_DiT_noref_1,4.15,3.85,421,0.8300000000000001,0.77,0.6391000000000001,0.7988750000000001
206,Sys_DiT_noref_2,3.45,2.35,421,0.6900000000000001,0.47000000000000003,0.32430000000000003,0.5591379310344827
206,Sys_DiT_noref_3,4.85,4.2,421,0.97,0.8400000000000001,0.8148000000000001,0.9003314917127072
207,User_DiT_1,3.12,3.0,421,0.624,0.6,0.3744,0.611764705882353
207,User_DiT_2,3.12,3.0,421,0.624,0.6,0.3744,0.611764705882353
207,User_DiT_3,5.0,3.0,421,1.0,0.6,0.6,0.7499999999999999
207,Sys_DiT_noref_1,3.42,1.85,421,0.6839999999999999,0.37,0.25307999999999997,0.4802277039848198
207,Sys_DiT_noref_2,2.85,1.92,421,0.5700000000000001,0.384,0.21888000000000002,0.4588679245283019
207,Sys_DiT_noref_3,3.85,2.15,421,0.77,0.43,0.3311,0.5518333333333334
208,User_DiT_1,4.44,2.0,421,0.8880000000000001,0.4,0.35520000000000007,0.5515527950310559
208,User_DiT_2,5.0,2.0,421,1.0,0.4,0.4,0.5714285714285715
208,User_DiT_3,4.44,2.0,421,0.8880000000000001,0.4,0.35520000000000007,0.5515527950310559
208,Sys_DiT_noref_1,2.15,1.85,421,0.43,0.37,0.1591,0.39774999999999994
208,Sys_DiT_noref_2,1.25,0.85,421,0.25,0.16999999999999998,0.042499999999999996,0.20238095238095238
208,Sys_DiT_noref_3,4.15,2.85,421,0.8300000000000001,0.5700000000000001,0.4731000000000001,0.6758571428571429
209,User_DiT_1,5.0,4.0,421,1.0,0.8,0.8,0.888888888888889
209,User_DiT_2,5.0,3.0,421,1.0,0.6,0.6,0.7499999999999999
209,User_DiT_3,3.89,3.0,421,0.778,0.6,0.4668,0.6775036284470246
209,Sys_DiT_noref_1,4.85,2.15,421,0.97,0.43,0.41709999999999997,0.5958571428571429
209,Sys_DiT_noref_2,4.85,2.15,421,0.97,0.43,0.41709999999999997,0.5958571428571429
209,Sys_DiT_noref_3,4.85,3.15,421,0.97,0.63,0.6111,0.763875
210,User_DiT_1,3.12,3.0,426,0.624,0.6,0.3744,0.611764705882353
210,User_DiT_2,3.75,3.0,426,0.75,0.6,0.44999999999999996,0.6666666666666665
210,User_DiT_3,3.75,2.0,426,0.75,0.4,0.30000000000000004,0.5217391304347827
210,Sys_DiT_noref_1,2.85,1.2,426,0.5700000000000001,0.24,0.1368,0.3377777777777778
210,Sys_DiT_noref_2,3.65,1.85,426,0.73,0.37,0.2701,0.4910909090909091
210,Sys_DiT_noref_3,2.85,1.92,426,0.5700000000000001,0.384,0.21888000000000002,0.4588679245283019
211,User_DiT_1,3.12,1.0,426,0.624,0.2,0.12480000000000001,0.3029126213592233
211,User_DiT_2,3.12,1.0,426,0.624,0.2,0.12480000000000001,0.3029126213592233
211,User_DiT_3,3.12,2.0,426,0.624,0.4,0.24960000000000002,0.48750000000000004
211,Sys_DiT_noref_1,2.85,1.25,426,0.5700000000000001,0.25,0.14250000000000002,0.34756097560975613
211,Sys_DiT_noref_2,2.85,1.42,426,0.5700000000000001,0.284,0.16188,0.3791100702576112
211,Sys_DiT_noref_3,2.85,1.25,426,0.5700000000000001,0.25,0.14250000000000002,0.34756097560975613
212,User_DiT_1,3.12,2.0,426,0.624,0.4,0.24960000000000002,0.48750000000000004
212,User_DiT_2,3.12,2.0,426,0.624,0.4,0.24960000000000002,0.48750000000000004
212,User_DiT_3,2.86,3.0,426,0.572,0.6,0.34319999999999995,0.5856655290102388
212,Sys_DiT_noref_1,1.85,1.2,426,0.37,0.24,0.08879999999999999,0.2911475409836065
212,Sys_DiT_noref_2,1.85,1.2,426,0.37,0.24,0.08879999999999999,0.2911475409836065
212,Sys_DiT_noref_3,2.15,1.85,426,0.43,0.37,0.1591,0.39774999999999994
213,User_DiT_1,3.12,3.0,426,0.624,0.6,0.3744,0.611764705882353
213,User_DiT_2,3.12,3.0,426,0.624,0.6,0.3744,0.611764705882353
213,User_DiT_3,3.12,2.0,426,0.624,0.4,0.24960000000000002,0.48750000000000004
213,Sys_DiT_noref_1,2.85,1.42,426,0.5700000000000001,0.284,0.16188,0.3791100702576112
213,Sys_DiT_noref_2,2.85,1.42,426,0.5700000000000001,0.284,0.16188,0.3791100702576112
213,Sys_DiT_noref_3,3.45,1.85,426,0.6900000000000001,0.37,0.2553,0.4816981132075472
214,User_DiT_1,2.22,2.0,426,0.44400000000000006,0.4,0.17760000000000004,0.4208530805687204
214,User_DiT_2,2.22,1.0,426,0.44400000000000006,0.2,0.08880000000000002,0.27577639751552796
214,User_DiT_3,2.22,1.0,426,0.44400000000000006,0.2,0.08880000000000002,0.27577639751552796
214,Sys_DiT_noref_1,2.85,1.15,426,0.5700000000000001,0.22999999999999998,0.1311,0.32775
214,Sys_DiT_noref_2,2.15,1.2,426,0.43,0.24,0.1032,0.30805970149253736
214,Sys_DiT_noref_3,2.15,1.25,426,0.43,0.25,0.1075,0.31617647058823534
215,User_DiT_1,5.0,4.0,429,1.0,0.8,0.8,0.888888888888889
215,User_DiT_2,5.0,4.0,429,1.0,0.8,0.8,0.888888888888889
215,User_DiT_3,5.0,4.0,429,1.0,0.8,0.8,0.888888888888889
215,Sys_DiT_noref_1,4.85,3.2,429,0.97,0.64,0.6208,0.7711801242236026
215,Sys_DiT_noref_2,4.85,3.2,429,0.97,0.64,0.6208,0.7711801242236026
215,Sys_DiT_noref_3,4.85,3.2,429,0.97,0.64,0.6208,0.7711801242236026
216,User_DiT_1,5.0,5.0,429,1.0,1.0,1.0,1.0
216,User_DiT_2,5.0,5.0,429,1.0,1.0,1.0,1.0
216,User_DiT_3,5.0,3.0,429,1.0,0.6,0.6,0.7499999999999999
216,Sys_DiT_noref_1,4.85,4.92,429,0.97,0.984,0.95448,0.976949846468782
216,Sys_DiT_noref_2,4.85,3.75,429,0.97,0.75,0.7275,0.8459302325581396
216,Sys_DiT_noref_3,4.95,4.98,429,0.99,0.9960000000000001,0.9860400000000001,0.9929909365558913
217,User_DiT_1,0.0,5.0,429,0.0,1.0,0.0,0.0
217,User_DiT_2,0.0,5.0,429,0.0,1.0,0.0,0.0
217,User_DiT_3,0.0,5.0,429,0.0,1.0,0.0,0.0
217,Sys_DiT_noref_1,4.98,4.95,429,0.9960000000000001,0.99,0.9860400000000001,0.9929909365558913
217,Sys_DiT_noref_2,4.92,4.85,429,0.984,0.97,0.95448,0.976949846468782
217,Sys_DiT_noref_3,4.85,3.92,429,0.97,0.784,0.76048,0.8671379703534778
218,User_DiT_1,5.0,5.0,429,1.0,1.0,1.0,1.0
218,User_DiT_2,5.0,2.0,429,1.0,0.4,0.4,0.5714285714285715
218,User_DiT_3,5.0,5.0,429,1.0,1.0,1.0,1.0
218,Sys_DiT_noref_1,4.85,4.2,429,0.97,0.8400000000000001,0.8148000000000001,0.9003314917127072
218,Sys_DiT_noref_2,4.85,4.62,429,0.97,0.924,0.89628,0.9464413938753959
218,Sys_DiT_noref_3,4.85,3.92,429,0.97,0.784,0.76048,0.8671379703534778
219,User_DiT_1,5.0,5.0,429,1.0,1.0,1.0,1.0
219,User_DiT_2,5.0,4.0,429,1.0,0.8,0.8,0.888888888888889
219,User_DiT_3,5.0,5.0,429,1.0,1.0,1.0,1.0
219,Sys_DiT_noref_1,4.98,4.95,429,0.9960000000000001,0.99,0.9860400000000001,0.9929909365558913
219,Sys_DiT_noref_2,4.98,4.95,429,0.9960000000000001,0.99,0.9860400000000001,0.9929909365558913
219,Sys_DiT_noref_3,4.85,4.92,429,0.97,0.984,0.95448,0.976949846468782
220,User_DiT_1,5.0,1.0,432,1.0,0.2,0.2,0.33333333333333337
220,User_DiT_2,5.0,2.0,432,1.0,0.4,0.4,0.5714285714285715
220,User_DiT_3,4.38,2.0,432,0.876,0.4,0.35040000000000004,0.5492163009404389
220,Sys_DiT_noref_1,2.15,1.25,432,0.43,0.25,0.1075,0.31617647058823534
220,Sys_DiT_noref_2,1.42,0.85,432,0.284,0.16999999999999998,0.04827999999999999,0.2126872246696035
220,Sys_DiT_noref_3,4.85,1.2,432,0.97,0.24,0.23279999999999998,0.384793388429752
221,User_DiT_1,5.0,2.0,432,1.0,0.4,0.4,0.5714285714285715
221,User_DiT_2,5.0,3.0,432,1.0,0.6,0.6,0.7499999999999999
221,User_DiT_3,5.0,3.0,432,1.0,0.6,0.6,0.7499999999999999
221,Sys_DiT_noref_1,4.85,1.2,432,0.97,0.24,0.23279999999999998,0.384793388429752
221,Sys_DiT_noref_2,4.65,2.1,432,0.93,0.42000000000000004,0.39060000000000006,0.5786666666666667
221,Sys_DiT_noref_3,4.15,1.85,432,0.8300000000000001,0.37,0.30710000000000004,0.5118333333333334
222,User_DiT_1,4.38,3.0,432,0.876,0.6,0.5256,0.7121951219512195
222,User_DiT_2,4.38,2.0,432,0.876,0.4,0.35040000000000004,0.5492163009404389
222,User_DiT_3,4.38,2.0,432,0.876,0.4,0.35040000000000004,0.5492163009404389
222,Sys_DiT_noref_1,1.85,3.2,432,0.37,0.64,0.2368,0.46891089108910894
222,Sys_DiT_noref_2,2.85,3.42,432,0.5700000000000001,0.6839999999999999,0.38988,0.6218181818181818
222,Sys_DiT_noref_3,1.85,3.42,432,0.37,0.6839999999999999,0.25307999999999997,0.4802277039848198
223,User_DiT_1,0.56,1.0,432,0.11200000000000002,0.2,0.022400000000000003,0.14358974358974358
223,User_DiT_2,0.56,1.0,432,0.11200000000000002,0.2,0.022400000000000003,0.14358974358974358
223,User_DiT_3,3.12,1.0,432,0.624,0.2,0.12480000000000001,0.3029126213592233
223,Sys_DiT_noref_1,1.25,0.85,432,0.25,0.16999999999999998,0.042499999999999996,0.20238095238095238
223,Sys_DiT_noref_2,1.25,0.85,432,0.25,0.16999999999999998,0.042499999999999996,0.20238095238095238
223,Sys_DiT_noref_3,1.25,0.85,432,0.25,0.16999999999999998,0.042499999999999996,0.20238095238095238
224,User_DiT_1,3.33,2.0,432,0.666,0.4,0.2664,0.499812382739212
224,User_DiT_2,4.29,2.0,432,0.858,0.4,0.3432,0.5456279809220985
224,User_DiT_3,3.33,3.0,432,0.666,0.6,0.3996,0.6312796208530805
224,Sys_DiT_noref_1,2.15,1.82,432,0.43,0.364,0.15652,0.39425692695214104
224,Sys_DiT_noref_2,2.85,1.2,432,0.5700000000000001,0.24,0.1368,0.3377777777777778
224,Sys_DiT_noref_3,4.12,1.85,432,0.8240000000000001,0.37,0.30488000000000004,0.5106867671691793
225,User_DiT_1,5.0,4.0,443,1.0,0.8,0.8,0.888888888888889
225,User_DiT_2,5.0,4.0,443,1.0,0.8,0.8,0.888888888888889
225,User_DiT_3,5.0,3.0,443,1.0,0.6,0.6,0.7499999999999999
225,Sys_DiT_noref_1,4.85,3.2,443,0.97,0.64,0.6208,0.7711801242236026
225,Sys_DiT_noref_2,4.65,2.85,443,0.93,0.5700000000000001,0.5301000000000001,0.7068000000000002
225,Sys_DiT_noref_3,4.65,3.85,443,0.93,0.77,0.7161000000000001,0.8424705882352941
226,User_DiT_1,4.44,3.0,443,0.8880000000000001,0.6,0.5328,0.7161290322580646
226,User_DiT_2,4.44,4.0,443,0.8880000000000001,0.8,0.7104000000000001,0.8417061611374408
226,User_DiT_3,4.44,4.0,443,0.8880000000000001,0.8,0.7104000000000001,0.8417061611374408
226,Sys_DiT_noref_1,4.65,3.85,443,0.93,0.77,0.7161000000000001,0.8424705882352941
226,Sys_DiT_noref_2,4.65,3.85,443,0.93,0.77,0.7161000000000001,0.8424705882352941
226,Sys_DiT_noref_3,4.85,3.6,443,0.97,0.72,0.6983999999999999,0.8265088757396449
227,User_DiT_1,4.44,5.0,443,0.8880000000000001,1.0,0.8880000000000001,0.940677966101695
227,User_DiT_2,4.44,5.0,443,0.8880000000000001,1.0,0.8880000000000001,0.940677966101695
227,User_DiT_3,4.44,4.0,443,0.8880000000000001,0.8,0.7104000000000001,0.8417061611374408
227,Sys_DiT_noref_1,4.65,3.85,443,0.93,0.77,0.7161000000000001,0.8424705882352941
227,Sys_DiT_noref_2,4.65,3.85,443,0.93,0.77,0.7161000000000001,0.8424705882352941
227,Sys_DiT_noref_3,4.92,3.85,443,0.984,0.77,0.75768,0.863945267958951
228,User_DiT_1,1.67,1.0,443,0.33399999999999996,0.2,0.0668,0.250187265917603
228,User_DiT_2,1.67,1.0,443,0.33399999999999996,0.2,0.0668,0.250187265917603
228,User_DiT_3,1.67,1.0,443,0.33399999999999996,0.2,0.0668,0.250187265917603
228,Sys_DiT_noref_1,2.15,1.25,443,0.43,0.25,0.1075,0.31617647058823534
228,Sys_DiT_noref_2,2.15,1.2,443,0.43,0.24,0.1032,0.30805970149253736
228,Sys_DiT_noref_3,1.85,0.92,443,0.37,0.184,0.06808,0.24577617328519855
229,User_DiT_1,0.0,4.0,443,0.0,0.8,0.0,0.0
229,User_DiT_2,4.38,5.0,443,0.876,1.0,0.876,0.933901918976546
229,User_DiT_3,4.38,4.0,443,0.876,0.8,0.7008000000000001,0.8362768496420048
229,Sys_DiT_noref_1,4.85,4.72,443,0.97,0.944,0.9156799999999999,0.9568234064785789
229,Sys_DiT_noref_2,4.65,3.85,443,0.93,0.77,0.7161000000000001,0.8424705882352941
229,Sys_DiT_noref_3,4.65,3.8,443,0.93,0.76,0.7068000000000001,0.8364497041420119
230,User_DiT_1,3.12,3.0,446,0.624,0.6,0.3744,0.611764705882353
230,User_DiT_2,3.12,1.0,446,0.624,0.2,0.12480000000000001,0.3029126213592233
230,User_DiT_3,4.38,3.0,446,0.876,0.6,0.5256,0.7121951219512195
230,Sys_DiT_noref_1,4.15,2.85,446,0.8300000000000001,0.5700000000000001,0.4731000000000001,0.6758571428571429
230,Sys_DiT_noref_2,2.15,1.8,446,0.43,0.36,0.1548,0.39189873417721516
230,Sys_DiT_noref_3,1.25,0.85,446,0.25,0.16999999999999998,0.042499999999999996,0.20238095238095238
231,User_DiT_1,4.29,3.0,446,0.858,0.6,0.5147999999999999,0.7061728395061727
231,User_DiT_2,4.29,3.0,446,0.858,0.6,0.5147999999999999,0.7061728395061727
231,User_DiT_3,5.0,3.0,446,1.0,0.6,0.6,0.7499999999999999
231,Sys_DiT_noref_1,4.12,1.85,446,0.8240000000000001,0.37,0.30488000000000004,0.5106867671691793
231,Sys_DiT_noref_2,4.15,1.85,446,0.8300000000000001,0.37,0.30710000000000004,0.5118333333333334
231,Sys_DiT_noref_3,3.42,1.85,446,0.6839999999999999,0.37,0.25307999999999997,0.4802277039848198
232,User_DiT_1,1.11,3.0,446,0.22200000000000003,0.6,0.1332,0.32408759124087594
232,User_DiT_2,1.11,4.0,446,0.22200000000000003,0.8,0.17760000000000004,0.3475538160469668
232,User_DiT_3,1.11,4.0,446,0.22200000000000003,0.8,0.17760000000000004,0.3475538160469668
232,Sys_DiT_noref_1,0.85,4.12,446,0.16999999999999998,0.8240000000000001,0.14008,0.28185110663983903
232,Sys_DiT_noref_2,1.15,2.85,446,0.22999999999999998,0.5700000000000001,0.1311,0.32775
232,Sys_DiT_noref_3,1.15,1.85,446,0.22999999999999998,0.37,0.0851,0.2836666666666667
233,User_DiT_1,5.0,3.0,446,1.0,0.6,0.6,0.7499999999999999
233,User_DiT_2,5.0,2.0,446,1.0,0.4,0.4,0.5714285714285715
233,User_DiT_3,5.0,2.0,446,1.0,0.4,0.4,0.5714285714285715
233,Sys_DiT_noref_1,4.12,1.85,446,0.8240000000000001,0.37,0.30488000000000004,0.5106867671691793
233,Sys_DiT_noref_2,4.85,1.65,446,0.97,0.32999999999999996,0.32009999999999994,0.49246153846153845
233,Sys_DiT_noref_3,4.65,1.85,446,0.93,0.37,0.3441,0.5293846153846153
234,User_DiT_1,3.75,3.0,446,0.75,0.6,0.44999999999999996,0.6666666666666665
234,User_DiT_2,5.0,2.0,446,1.0,0.4,0.4,0.5714285714285715
234,User_DiT_3,5.0,3.0,446,1.0,0.6,0.6,0.7499999999999999
234,Sys_DiT_noref_1,3.85,1.92,446,0.77,0.384,0.29568,0.5124436741767765
234,Sys_DiT_noref_2,3.85,1.42,446,0.77,0.284,0.21867999999999999,0.4149525616698292
234,Sys_DiT_noref_3,3.85,1.42,446,0.77,0.284,0.21867999999999999,0.4149525616698292
235,User_DiT_1,1.88,2.0,453,0.376,0.4,0.1504,0.38762886597938145
235,User_DiT_2,2.5,2.0,453,0.5,0.4,0.2,0.4444444444444445
235,User_DiT_3,2.5,2.0,453,0.5,0.4,0.2,0.4444444444444445
235,Sys_DiT_noref_1,2.15,1.25,453,0.43,0.25,0.1075,0.31617647058823534
235,Sys_DiT_noref_2,3.82,2.15,453,0.764,0.43,0.32852,0.550284757118928
235,Sys_DiT_noref_3,4.12,1.85,453,0.8240000000000001,0.37,0.30488000000000004,0.5106867671691793
236,User_DiT_1,4.38,2.0,453,0.876,0.4,0.35040000000000004,0.5492163009404389
236,User_DiT_2,4.38,4.0,453,0.876,0.8,0.7008000000000001,0.8362768496420048
236,User_DiT_3,4.38,2.0,453,0.876,0.4,0.35040000000000004,0.5492163009404389
236,Sys_DiT_noref_1,4.65,2.85,453,0.93,0.5700000000000001,0.5301000000000001,0.7068000000000002
236,Sys_DiT_noref_2,4.65,3.82,453,0.93,0.764,0.71052,0.8388665879574971
236,Sys_DiT_noref_3,4.65,1.85,453,0.93,0.37,0.3441,0.5293846153846153
237,User_DiT_1,4.38,4.0,453,0.876,0.8,0.7008000000000001,0.8362768496420048
237,User_DiT_2,5.0,4.0,453,1.0,0.8,0.8,0.888888888888889
237,User_DiT_3,5.0,3.0,453,1.0,0.6,0.6,0.7499999999999999
237,Sys_DiT_noref_1,4.85,3.72,453,0.97,0.744,0.72168,0.842100350058343
237,Sys_DiT_noref_2,4.85,2.15,453,0.97,0.43,0.41709999999999997,0.5958571428571429
237,Sys_DiT_noref_3,4.85,3.2,453,0.97,0.64,0.6208,0.7711801242236026
238,User_DiT_1,5.0,2.0,453,1.0,0.4,0.4,0.5714285714285715
238,User_DiT_2,1.25,2.0,453,0.25,0.4,0.1,0.3076923076923077
238,User_DiT_3,1.25,2.0,453,0.25,0.4,0.1,0.3076923076923077
238,Sys_DiT_noref_1,4.12,1.85,453,0.8240000000000001,0.37,0.30488000000000004,0.5106867671691793
238,Sys_DiT_noref_2,3.85,1.75,453,0.77,0.35,0.26949999999999996,0.4812499999999999
238,Sys_DiT_noref_3,3.85,2.9,453,0.77,0.58,0.4466,0.6616296296296296
239,User_DiT_1,1.25,1.0,453,0.25,0.2,0.05,0.22222222222222224
239,User_DiT_2,1.25,1.0,453,0.25,0.2,0.05,0.22222222222222224
239,User_DiT_3,0.62,2.0,453,0.124,0.4,0.049600000000000005,0.18931297709923664
239,Sys_DiT_noref_1,1.85,0.92,453,0.37,0.184,0.06808,0.24577617328519855
239,Sys_DiT_noref_2,1.25,0.85,453,0.25,0.16999999999999998,0.042499999999999996,0.20238095238095238
239,Sys_DiT_noref_3,1.25,0.85,453,0.25,0.16999999999999998,0.042499999999999996,0.20238095238095238
240,User_DiT_1,5.0,5.0,461,1.0,1.0,1.0,1.0
240,User_DiT_2,5.0,5.0,461,1.0,1.0,1.0,1.0
240,User_DiT_3,5.0,5.0,461,1.0,1.0,1.0,1.0
240,Sys_DiT_noref_1,5.0,5.0,461,1.0,1.0,1.0,1.0
240,Sys_DiT_noref_2,4.85,4.92,461,0.97,0.984,0.95448,0.976949846468782
240,Sys_DiT_noref_3,5.0,5.0,461,1.0,1.0,1.0,1.0
241,User_DiT_1,4.44,4.0,461,0.8880000000000001,0.8,0.7104000000000001,0.8417061611374408
241,User_DiT_2,3.89,4.0,461,0.778,0.8,0.6224000000000001,0.7888466413181242
241,User_DiT_3,4.44,4.0,461,0.8880000000000001,0.8,0.7104000000000001,0.8417061611374408
241,Sys_DiT_noref_1,5.0,5.0,461,1.0,1.0,1.0,1.0
241,Sys_DiT_noref_2,4.65,3.85,461,0.93,0.77,0.7161000000000001,0.8424705882352941
241,Sys_DiT_noref_3,4.15,1.85,461,0.8300000000000001,0.37,0.30710000000000004,0.5118333333333334
242,User_DiT_1,5.0,4.0,461,1.0,0.8,0.8,0.888888888888889
242,User_DiT_2,5.0,4.0,461,1.0,0.8,0.8,0.888888888888889
242,User_DiT_3,5.0,4.0,461,1.0,0.8,0.8,0.888888888888889
242,Sys_DiT_noref_1,4.63,2.85,461,0.9259999999999999,0.5700000000000001,0.5278200000000001,0.7056417112299466
242,Sys_DiT_noref_2,4.15,3.85,461,0.8300000000000001,0.77,0.6391000000000001,0.7988750000000001
242,Sys_DiT_noref_3,4.85,3.2,461,0.97,0.64,0.6208,0.7711801242236026
243,User_DiT_1,4.44,5.0,461,0.8880000000000001,1.0,0.8880000000000001,0.940677966101695
243,User_DiT_2,4.44,4.0,461,0.8880000000000001,0.8,0.7104000000000001,0.8417061611374408
243,User_DiT_3,4.44,5.0,461,0.8880000000000001,1.0,0.8880000000000001,0.940677966101695
243,Sys_DiT_noref_1,4.85,4.92,461,0.97,0.984,0.95448,0.976949846468782
243,Sys_DiT_noref_2,4.92,4.98,461,0.984,0.9960000000000001,0.980064,0.9899636363636364
243,Sys_DiT_noref_3,4.65,3.85,461,0.93,0.77,0.7161000000000001,0.8424705882352941
244,User_DiT_1,3.89,4.0,461,0.778,0.8,0.6224000000000001,0.7888466413181242
244,User_DiT_2,3.33,4.0,461,0.666,0.8,0.5328,0.7268758526603001
244,User_DiT_3,4.44,5.0,461,0.8880000000000001,1.0,0.8880000000000001,0.940677966101695
244,Sys_DiT_noref_1,3.45,2.15,461,0.6900000000000001,0.43,0.2967,0.5298214285714286
244,Sys_DiT_noref_2,4.85,4.92,461,0.97,0.984,0.95448,0.976949846468782
244,Sys_DiT_noref_3,4.85,4.6,461,0.97,0.9199999999999999,0.8923999999999999,0.9443386243386243
245,User_DiT_1,4.44,3.0,477,0.8880000000000001,0.6,0.5328,0.7161290322580646
245,User_DiT_2,4.44,3.0,477,0.8880000000000001,0.6,0.5328,0.7161290322580646
245,User_DiT_3,4.44,3.0,477,0.8880000000000001,0.6,0.5328,0.7161290322580646
245,Sys_DiT_noref_1,4.12,1.85,477,0.8240000000000001,0.37,0.30488000000000004,0.5106867671691793
245,Sys_DiT_noref_2,4.12,1.85,477,0.8240000000000001,0.37,0.30488000000000004,0.5106867671691793
245,Sys_DiT_noref_3,4.12,1.85,477,0.8240000000000001,0.37,0.30488000000000004,0.5106867671691793
246,User_DiT_1,0.0,3.0,477,0.0,0.6,0.0,0.0
246,User_DiT_2,1.67,2.0,477,0.33399999999999996,0.4,0.1336,0.3640326975476839
246,User_DiT_3,0.0,2.0,477,0.0,0.4,0.0,0.0
246,Sys_DiT_noref_1,1.25,2.85,477,0.25,0.5700000000000001,0.14250000000000002,0.34756097560975613
246,Sys_DiT_noref_2,1.25,2.8,477,0.25,0.5599999999999999,0.13999999999999999,0.345679012345679
246,Sys_DiT_noref_3,0.15,1.85,477,0.03,0.37,0.011099999999999999,0.055499999999999994
247,User_DiT_1,2.22,1.0,477,0.44400000000000006,0.2,0.08880000000000002,0.27577639751552796
247,User_DiT_2,2.22,1.0,477,0.44400000000000006,0.2,0.08880000000000002,0.27577639751552796
247,User_DiT_3,2.78,1.0,477,0.5559999999999999,0.2,0.1112,0.29417989417989415
247,Sys_DiT_noref_1,2.15,1.85,477,0.43,0.37,0.1591,0.39774999999999994
247,Sys_DiT_noref_2,1.85,1.2,477,0.37,0.24,0.08879999999999999,0.2911475409836065
247,Sys_DiT_noref_3,2.15,1.85,477,0.43,0.37,0.1591,0.39774999999999994
248,User_DiT_1,0.56,3.0,477,0.11200000000000002,0.6,0.06720000000000001,0.18876404494382026
248,User_DiT_2,0.0,2.0,477,0.0,0.4,0.0,0.0
248,User_DiT_3,0.56,2.0,477,0.11200000000000002,0.4,0.044800000000000006,0.17500000000000002
248,Sys_DiT_noref_1,0.12,2.35,477,0.024,0.47000000000000003,0.01128,0.04566801619433198
248,Sys_DiT_noref_2,0.12,1.85,477,0.024,0.37,0.00888,0.0450761421319797
248,Sys_DiT_noref_3,0.12,1.85,477,0.024,0.37,0.00888,0.0450761421319797
249,User_DiT_1,1.88,4.0,477,0.376,0.8,0.3008,0.5115646258503401
249,User_DiT_2,1.88,4.0,477,0.376,0.8,0.3008,0.5115646258503401
249,User_DiT_3,1.88,2.0,477,0.376,0.4,0.1504,0.38762886597938145
249,Sys_DiT_noref_1,1.25,2.15,477,0.25,0.43,0.1075,0.31617647058823534
249,Sys_DiT_noref_2,1.25,3.68,477,0.25,0.736,0.184,0.37322515212981744
249,Sys_DiT_noref_3,1.85,3.6,477,0.37,0.72,0.26639999999999997,0.4888073394495413
250,User_DiT_1,1.11,2.0,479,0.22200000000000003,0.4,0.08880000000000002,0.28553054662379423
250,User_DiT_2,2.22,2.0,479,0.44400000000000006,0.4,0.17760000000000004,0.4208530805687204
250,User_DiT_3,2.22,1.0,479,0.44400000000000006,0.2,0.08880000000000002,0.27577639751552796
250,Sys_DiT_noref_1,1.15,0.85,479,0.22999999999999998,0.16999999999999998,0.039099999999999996,0.1955
250,Sys_DiT_noref_2,1.15,1.85,479,0.22999999999999998,0.37,0.0851,0.2836666666666667
250,Sys_DiT_noref_3,1.25,1.85,479,0.25,0.37,0.0925,0.29838709677419356
251,User_DiT_1,3.12,4.0,479,0.624,0.8,0.49920000000000003,0.7011235955056181
251,User_DiT_2,3.75,2.0,479,0.75,0.4,0.30000000000000004,0.5217391304347827
251,User_DiT_3,3.12,3.0,479,0.624,0.6,0.3744,0.611764705882353
251,Sys_DiT_noref_1,4.65,2.85,479,0.93,0.5700000000000001,0.5301000000000001,0.7068000000000002
251,Sys_DiT_noref_2,4.12,2.85,479,0.8240000000000001,0.5700000000000001,0.4696800000000001,0.6738593974175037
251,Sys_DiT_noref_3,3.42,1.85,479,0.6839999999999999,0.37,0.25307999999999997,0.4802277039848198
252,User_DiT_1,0.56,0.0,479,0.11200000000000002,0.0,0.0,0.0
252,User_DiT_2,0.56,0.0,479,0.11200000000000002,0.0,0.0,0.0
252,User_DiT_3,0.0,1.0,479,0.0,0.2,0.0,0.0
252,Sys_DiT_noref_1,0.12,0.05,479,0.024,0.01,0.00024,0.014117647058823528
252,Sys_DiT_noref_2,0.12,0.85,479,0.024,0.16999999999999998,0.004079999999999999,0.04206185567010309
252,Sys_DiT_noref_3,0.12,0.08,479,0.024,0.016,0.000384,0.019200000000000002
253,User_DiT_1,0.0,5.0,479,0.0,1.0,0.0,0.0
253,User_DiT_2,0.0,4.0,479,0.0,0.8,0.0,0.0
253,User_DiT_3,0.0,5.0,479,0.0,1.0,0.0,0.0
253,Sys_DiT_noref_1,4.92,5.0,479,0.984,1.0,0.984,0.9919354838709677
253,Sys_DiT_noref_2,4.85,3.65,479,0.97,0.73,0.7081,0.8330588235294117
253,Sys_DiT_noref_3,4.85,3.2,479,0.97,0.64,0.6208,0.7711801242236026
254,User_DiT_1,3.75,4.0,479,0.75,0.8,0.6000000000000001,0.7741935483870969
254,User_DiT_2,3.75,4.0,479,0.75,0.8,0.6000000000000001,0.7741935483870969
254,User_DiT_3,3.75,3.0,479,0.75,0.6,0.44999999999999996,0.6666666666666665
254,Sys_DiT_noref_1,3.85,2.15,479,0.77,0.43,0.3311,0.5518333333333334
254,Sys_DiT_noref_2,4.65,3.85,479,0.93,0.77,0.7161000000000001,0.8424705882352941
254,Sys_DiT_noref_3,4.12,3.85,479,0.8240000000000001,0.77,0.63448,0.7960853199498118
255,User_DiT_1,0.0,1.0,481,0.0,0.2,0.0,0.0
255,User_DiT_2,0.0,1.0,481,0.0,0.2,0.0,0.0
255,User_DiT_3,0.0,1.0,481,0.0,0.2,0.0,0.0
255,Sys_DiT_noref_1,0.0,1.25,481,0.0,0.25,0.0,0.0
255,Sys_DiT_noref_2,0.0,0.0,481,0.0,0.0,0.0,0.0
255,Sys_DiT_noref_3,0.0,0.0,481,0.0,0.0,0.0,0.0
256,User_DiT_1,2.78,2.0,481,0.5559999999999999,0.4,0.2224,0.46527196652719666
256,User_DiT_2,1.67,2.0,481,0.33399999999999996,0.4,0.1336,0.3640326975476839
256,User_DiT_3,2.5,2.0,481,0.5,0.4,0.2,0.4444444444444445
256,Sys_DiT_noref_1,4.15,1.85,481,0.8300000000000001,0.37,0.30710000000000004,0.5118333333333334
256,Sys_DiT_noref_2,1.85,1.2,481,0.37,0.24,0.08879999999999999,0.2911475409836065
256,Sys_DiT_noref_3,3.15,1.85,481,0.63,0.37,0.2331,0.4662
257,User_DiT_1,3.12,4.0,481,0.624,0.8,0.49920000000000003,0.7011235955056181
257,User_DiT_2,3.89,4.0,481,0.778,0.8,0.6224000000000001,0.7888466413181242
257,User_DiT_3,3.89,4.0,481,0.778,0.8,0.6224000000000001,0.7888466413181242
257,Sys_DiT_noref_1,4.15,3.85,481,0.8300000000000001,0.77,0.6391000000000001,0.7988750000000001
257,Sys_DiT_noref_2,3.42,1.85,481,0.6839999999999999,0.37,0.25307999999999997,0.4802277039848198
257,Sys_DiT_noref_3,4.15,1.85,481,0.8300000000000001,0.37,0.30710000000000004,0.5118333333333334
258,User_DiT_1,1.67,1.0,481,0.33399999999999996,0.2,0.0668,0.250187265917603
258,User_DiT_2,1.67,1.0,481,0.33399999999999996,0.2,0.0668,0.250187265917603
258,User_DiT_3,0.56,1.0,481,0.11200000000000002,0.2,0.022400000000000003,0.14358974358974358
258,Sys_DiT_noref_1,1.25,1.15,481,0.25,0.22999999999999998,0.057499999999999996,0.23958333333333331
258,Sys_DiT_noref_2,1.25,0.85,481,0.25,0.16999999999999998,0.042499999999999996,0.20238095238095238
258,Sys_DiT_noref_3,1.25,0.85,481,0.25,0.16999999999999998,0.042499999999999996,0.20238095238095238
259,User_DiT_1,4.44,4.0,481,0.8880000000000001,0.8,0.7104000000000001,0.8417061611374408
259,User_DiT_2,4.44,3.0,481,0.8880000000000001,0.6,0.5328,0.7161290322580646
259,User_DiT_3,3.89,4.0,481,0.778,0.8,0.6224000000000001,0.7888466413181242
259,Sys_DiT_noref_1,4.15,1.85,481,0.8300000000000001,0.37,0.30710000000000004,0.5118333333333334
259,Sys_DiT_noref_2,4.12,1.85,481,0.8240000000000001,0.37,0.30488000000000004,0.5106867671691793
259,Sys_DiT_noref_3,4.15,1.85,481,0.8300000000000001,0.37,0.30710000000000004,0.5118333333333334
260,User_DiT_1,5.0,5.0,488,1.0,1.0,1.0,1.0
260,User_DiT_2,4.29,3.0,488,0.858,0.6,0.5147999999999999,0.7061728395061727
260,User_DiT_3,5.0,4.0,488,1.0,0.8,0.8,0.888888888888889
260,Sys_DiT_noref_1,4.85,4.72,488,0.97,0.944,0.9156799999999999,0.9568234064785789
260,Sys_DiT_noref_2,4.85,4.72,488,0.97,0.944,0.9156799999999999,0.9568234064785789
260,Sys_DiT_noref_3,4.92,4.85,488,0.984,0.97,0.95448,0.976949846468782
261,User_DiT_1,5.0,5.0,488,1.0,1.0,1.0,1.0
261,User_DiT_2,5.0,4.0,488,1.0,0.8,0.8,0.888888888888889
261,User_DiT_3,5.0,4.0,488,1.0,0.8,0.8,0.888888888888889
261,Sys_DiT_noref_1,4.72,2.85,488,0.944,0.5700000000000001,0.53808,0.7108058124174372
261,Sys_DiT_noref_2,3.45,2.15,488,0.6900000000000001,0.43,0.2967,0.5298214285714286
261,Sys_DiT_noref_3,1.85,0.92,488,0.37,0.184,0.06808,0.24577617328519855
262,User_DiT_1,5.0,5.0,488,1.0,1.0,1.0,1.0
262,User_DiT_2,5.0,5.0,488,1.0,1.0,1.0,1.0
262,User_DiT_3,5.0,5.0,488,1.0,1.0,1.0,1.0
262,Sys_DiT_noref_1,4.62,3.85,488,0.924,0.77,0.71148,0.8400000000000001
262,Sys_DiT_noref_2,4.12,2.85,488,0.8240000000000001,0.5700000000000001,0.4696800000000001,0.6738593974175037
262,Sys_DiT_noref_3,4.65,3.85,488,0.93,0.77,0.7161000000000001,0.8424705882352941
263,User_DiT_1,1.43,1.0,488,0.286,0.2,0.0572,0.23539094650205764
263,User_DiT_2,5.0,4.0,488,1.0,0.8,0.8,0.888888888888889
263,User_DiT_3,1.43,1.0,488,0.286,0.2,0.0572,0.23539094650205764
263,Sys_DiT_noref_1,4.72,3.85,488,0.944,0.77,0.72688,0.8481680280046674
263,Sys_DiT_noref_2,1.85,0.92,488,0.37,0.184,0.06808,0.24577617328519855
263,Sys_DiT_noref_3,1.85,1.2,488,0.37,0.24,0.08879999999999999,0.2911475409836065
264,User_DiT_1,4.38,3.0,488,0.876,0.6,0.5256,0.7121951219512195
264,User_DiT_2,4.38,4.0,488,0.876,0.8,0.7008000000000001,0.8362768496420048
264,User_DiT_3,4.38,4.0,488,0.876,0.8,0.7008000000000001,0.8362768496420048
264,Sys_DiT_noref_1,4.25,3.85,488,0.85,0.77,0.6545,0.8080246913580246
264,Sys_DiT_noref_2,4.25,1.85,488,0.85,0.37,0.3145,0.5155737704918033
264,Sys_DiT_noref_3,2.85,3.1,488,0.5700000000000001,0.62,0.35340000000000005,0.5939495798319329
265,User_DiT_1,0.0,4.0,499,0.0,0.8,0.0,0.0
265,User_DiT_2,3.57,4.0,499,0.714,0.8,0.5712,0.7545574636723911
265,User_DiT_3,0.0,2.0,499,0.0,0.4,0.0,0.0
265,Sys_DiT_noref_1,3.85,2.65,499,0.77,0.53,0.4081,0.6278461538461538
265,Sys_DiT_noref_2,3.82,4.15,499,0.764,0.8300000000000001,0.63412,0.795633626097867
265,Sys_DiT_noref_3,3.85,3.2,499,0.77,0.64,0.4928,0.6990070921985815
266,User_DiT_1,5.0,3.0,499,1.0,0.6,0.6,0.7499999999999999
266,User_DiT_2,5.0,3.0,499,1.0,0.6,0.6,0.7499999999999999
266,User_DiT_3,5.0,3.0,499,1.0,0.6,0.6,0.7499999999999999
266,Sys_DiT_noref_1,3.82,2.75,499,0.764,0.55,0.4202,0.6395738203957382
266,Sys_DiT_noref_2,2.85,3.2,499,0.5700000000000001,0.64,0.36480000000000007,0.6029752066115703
266,Sys_DiT_noref_3,3.45,2.85,499,0.6900000000000001,0.5700000000000001,0.3933000000000001,0.6242857142857143
267,User_DiT_1,5.0,4.0,499,1.0,0.8,0.8,0.888888888888889
267,User_DiT_2,5.0,4.0,499,1.0,0.8,0.8,0.888888888888889
267,User_DiT_3,5.0,4.0,499,1.0,0.8,0.8,0.888888888888889
267,Sys_DiT_noref_1,4.95,4.85,499,0.99,0.97,0.9602999999999999,0.9798979591836734
267,Sys_DiT_noref_2,4.65,3.85,499,0.93,0.77,0.7161000000000001,0.8424705882352941
267,Sys_DiT_noref_3,4.85,3.75,499,0.97,0.75,0.7275,0.8459302325581396
268,User_DiT_1,5.0,2.0,499,1.0,0.4,0.4,0.5714285714285715
268,User_DiT_2,5.0,2.0,499,1.0,0.4,0.4,0.5714285714285715
268,User_DiT_3,5.0,2.0,499,1.0,0.4,0.4,0.5714285714285715
268,Sys_DiT_noref_1,3.85,2.45,499,0.77,0.49000000000000005,0.3773,0.5988888888888889
268,Sys_DiT_noref_2,3.85,2.1,499,0.77,0.42000000000000004,0.3234,0.5435294117647059
268,Sys_DiT_noref_3,3.45,2.8,499,0.6900000000000001,0.5599999999999999,0.38639999999999997,0.6182399999999999
269,User_DiT_1,5.0,2.0,499,1.0,0.4,0.4,0.5714285714285715
269,User_DiT_2,5.0,2.0,499,1.0,0.4,0.4,0.5714285714285715
269,User_DiT_3,5.0,2.0,499,1.0,0.4,0.4,0.5714285714285715
269,Sys_DiT_noref_1,4.85,2.15,499,0.97,0.43,0.41709999999999997,0.5958571428571429
269,Sys_DiT_noref_2,4.12,2.85,499,0.8240000000000001,0.5700000000000001,0.4696800000000001,0.6738593974175037
269,Sys_DiT_noref_3,4.12,1.85,499,0.8240000000000001,0.37,0.30488000000000004,0.5106867671691793
270,User_DiT_1,4.29,2.0,529,0.858,0.4,0.3432,0.5456279809220985
270,User_DiT_2,5.0,2.0,529,1.0,0.4,0.4,0.5714285714285715
270,User_DiT_3,4.29,2.0,529,0.858,0.4,0.3432,0.5456279809220985
270,Sys_DiT_noref_1,4.85,2.15,529,0.97,0.43,0.41709999999999997,0.5958571428571429
270,Sys_DiT_noref_2,4.82,2.15,529,0.9640000000000001,0.43,0.41452000000000006,0.5947202295552367
270,Sys_DiT_noref_3,4.85,1.75,529,0.97,0.35,0.33949999999999997,0.5143939393939394
271,User_DiT_1,4.29,2.0,529,0.858,0.4,0.3432,0.5456279809220985
271,User_DiT_2,3.57,2.0,529,0.714,0.4,0.2856,0.5127468581687613
271,User_DiT_3,4.29,1.0,529,0.858,0.2,0.1716,0.3243856332703213
271,Sys_DiT_noref_1,4.12,1.85,529,0.8240000000000001,0.37,0.30488000000000004,0.5106867671691793
271,Sys_DiT_noref_2,4.12,1.85,529,0.8240000000000001,0.37,0.30488000000000004,0.5106867671691793
271,Sys_DiT_noref_3,4.12,1.85,529,0.8240000000000001,0.37,0.30488000000000004,0.5106867671691793
272,User_DiT_1,4.29,4.0,529,0.858,0.8,0.6864,0.8279855247285887
272,User_DiT_2,4.17,4.0,529,0.834,0.8,0.6672,0.8166462668298654
272,User_DiT_3,4.17,4.0,529,0.834,0.8,0.6672,0.8166462668298654
272,Sys_DiT_noref_1,4.15,3.85,529,0.8300000000000001,0.77,0.6391000000000001,0.7988750000000001
272,Sys_DiT_noref_2,4.85,4.2,529,0.97,0.8400000000000001,0.8148000000000001,0.9003314917127072
272,Sys_DiT_noref_3,4.15,3.85,529,0.8300000000000001,0.77,0.6391000000000001,0.7988750000000001
273,User_DiT_1,5.0,2.0,529,1.0,0.4,0.4,0.5714285714285715
273,User_DiT_2,4.29,2.0,529,0.858,0.4,0.3432,0.5456279809220985
273,User_DiT_3,4.29,2.0,529,0.858,0.4,0.3432,0.5456279809220985
273,Sys_DiT_noref_1,3.25,1.8,529,0.65,0.36,0.23399999999999999,0.46336633663366333
273,Sys_DiT_noref_2,4.12,2.85,529,0.8240000000000001,0.5700000000000001,0.4696800000000001,0.6738593974175037
273,Sys_DiT_noref_3,3.42,1.85,529,0.6839999999999999,0.37,0.25307999999999997,0.4802277039848198
274,User_DiT_1,3.33,1.0,529,0.666,0.2,0.1332,0.30762124711316396
274,User_DiT_2,4.17,1.0,529,0.834,0.2,0.1668,0.3226305609284333
274,User_DiT_3,3.33,1.0,529,0.666,0.2,0.1332,0.30762124711316396
274,Sys_DiT_noref_1,3.82,1.47,529,0.764,0.294,0.22461599999999998,0.4246049149338374
274,Sys_DiT_noref_2,1.85,0.92,529,0.37,0.184,0.06808,0.24577617328519855
274,Sys_DiT_noref_3,1.85,0.42,529,0.37,0.08399999999999999,0.031079999999999997,0.13691629955947135
275,User_DiT_1,4.38,3.0,535,0.876,0.6,0.5256,0.7121951219512195
275,User_DiT_2,3.75,3.0,535,0.75,0.6,0.44999999999999996,0.6666666666666665
275,User_DiT_3,3.75,3.0,535,0.75,0.6,0.44999999999999996,0.6666666666666665
275,Sys_DiT_noref_1,3.85,1.65,535,0.77,0.32999999999999996,0.2541,0.46199999999999997
275,Sys_DiT_noref_2,4.12,2.85,535,0.8240000000000001,0.5700000000000001,0.4696800000000001,0.6738593974175037
275,Sys_DiT_noref_3,4.85,3.75,535,0.97,0.75,0.7275,0.8459302325581396
276,User_DiT_1,4.29,2.0,535,0.858,0.4,0.3432,0.5456279809220985
276,User_DiT_2,4.38,2.0,535,0.876,0.4,0.35040000000000004,0.5492163009404389
276,User_DiT_3,4.38,3.0,535,0.876,0.6,0.5256,0.7121951219512195
276,Sys_DiT_noref_1,2.15,1.85,535,0.43,0.37,0.1591,0.39774999999999994
276,Sys_DiT_noref_2,2.85,3.42,535,0.5700000000000001,0.6839999999999999,0.38988,0.6218181818181818
276,Sys_DiT_noref_3,2.85,2.15,535,0.5700000000000001,0.43,0.2451,0.4902
277,User_DiT_1,4.38,3.0,535,0.876,0.6,0.5256,0.7121951219512195
277,User_DiT_2,4.38,3.0,535,0.876,0.6,0.5256,0.7121951219512195
277,User_DiT_3,4.38,2.0,535,0.876,0.4,0.35040000000000004,0.5492163009404389
277,Sys_DiT_noref_1,3.82,1.47,535,0.764,0.294,0.22461599999999998,0.4246049149338374
277,Sys_DiT_noref_2,4.65,3.85,535,0.93,0.77,0.7161000000000001,0.8424705882352941
277,Sys_DiT_noref_3,4.12,2.35,535,0.8240000000000001,0.47000000000000003,0.38728000000000007,0.5985780525502319
278,User_DiT_1,4.0,4.0,535,0.8,0.8,0.6400000000000001,0.8000000000000002
278,User_DiT_2,4.17,3.0,535,0.834,0.6,0.5004,0.697907949790795
278,User_DiT_3,4.17,4.0,535,0.834,0.8,0.6672,0.8166462668298654
278,Sys_DiT_noref_1,3.42,2.15,535,0.6839999999999999,0.43,0.29412,0.5280430879712747
278,Sys_DiT_noref_2,4.85,3.72,535,0.97,0.744,0.72168,0.842100350058343
278,Sys_DiT_noref_3,4.12,3.65,535,0.8240000000000001,0.73,0.60152,0.7741570141570142
279,User_DiT_1,4.29,2.0,535,0.858,0.4,0.3432,0.5456279809220985
279,User_DiT_2,3.12,3.0,535,0.624,0.6,0.3744,0.611764705882353
279,User_DiT_3,3.12,3.0,535,0.624,0.6,0.3744,0.611764705882353
279,Sys_DiT_noref_1,3.42,2.85,535,0.6839999999999999,0.5700000000000001,0.38988,0.6218181818181818
279,Sys_DiT_noref_2,3.42,2.15,535,0.6839999999999999,0.43,0.29412,0.5280430879712747
279,Sys_DiT_noref_3,3.82,2.15,535,0.764,0.43,0.32852,0.550284757118928
280,User_DiT_1,0.0,2.0,554,0.0,0.4,0.0,0.0
280,User_DiT_2,0.0,2.0,554,0.0,0.4,0.0,0.0
280,User_DiT_3,0.0,2.0,554,0.0,0.4,0.0,0.0
280,Sys_DiT_noref_1,1.25,0.85,554,0.25,0.16999999999999998,0.042499999999999996,0.20238095238095238
280,Sys_DiT_noref_2,4.85,1.92,554,0.97,0.384,0.37248,0.5501920236336779
280,Sys_DiT_noref_3,4.85,1.65,554,0.97,0.32999999999999996,0.32009999999999994,0.49246153846153845
281,User_DiT_1,0.0,4.0,554,0.0,0.8,0.0,0.0
281,User_DiT_2,0.0,2.0,554,0.0,0.4,0.0,0.0
281,User_DiT_3,0.0,4.0,554,0.0,0.8,0.0,0.0
281,Sys_DiT_noref_1,4.85,3.2,554,0.97,0.64,0.6208,0.7711801242236026
281,Sys_DiT_noref_2,4.25,2.85,554,0.85,0.5700000000000001,0.48450000000000004,0.6823943661971832
281,Sys_DiT_noref_3,4.12,1.85,554,0.8240000000000001,0.37,0.30488000000000004,0.5106867671691793
282,User_DiT_1,0.0,2.0,554,0.0,0.4,0.0,0.0
282,User_DiT_2,0.0,2.0,554,0.0,0.4,0.0,0.0
282,User_DiT_3,0.0,3.0,554,0.0,0.6,0.0,0.0
282,Sys_DiT_noref_1,4.85,2.15,554,0.97,0.43,0.41709999999999997,0.5958571428571429
282,Sys_DiT_noref_2,4.85,1.92,554,0.97,0.384,0.37248,0.5501920236336779
282,Sys_DiT_noref_3,4.85,1.25,554,0.97,0.25,0.2425,0.3975409836065574
283,User_DiT_1,0.0,3.0,554,0.0,0.6,0.0,0.0
283,User_DiT_2,0.0,4.0,554,0.0,0.8,0.0,0.0
283,User_DiT_3,0.0,3.0,554,0.0,0.6,0.0,0.0
283,Sys_DiT_noref_1,4.85,3.6,554,0.97,0.72,0.6983999999999999,0.8265088757396449
283,Sys_DiT_noref_2,4.85,2.65,554,0.97,0.53,0.5141,0.6854666666666667
283,Sys_DiT_noref_3,4.85,3.6,554,0.97,0.72,0.6983999999999999,0.8265088757396449
284,User_DiT_1,0.0,2.0,554,0.0,0.4,0.0,0.0
284,User_DiT_2,0.0,2.0,554,0.0,0.4,0.0,0.0
284,User_DiT_3,0.0,4.0,554,0.0,0.8,0.0,0.0
284,Sys_DiT_noref_1,4.85,3.2,554,0.97,0.64,0.6208,0.7711801242236026
284,Sys_DiT_noref_2,4.85,3.6,554,0.97,0.72,0.6983999999999999,0.8265088757396449
284,Sys_DiT_noref_3,4.85,3.2,554,0.97,0.64,0.6208,0.7711801242236026
285,User_DiT_1,5.0,3.0,567,1.0,0.6,0.6,0.7499999999999999
285,User_DiT_2,5.0,3.0,567,1.0,0.6,0.6,0.7499999999999999
285,User_DiT_3,5.0,4.0,567,1.0,0.8,0.8,0.888888888888889
285,Sys_DiT_noref_1,4.35,2.85,567,0.8699999999999999,0.5700000000000001,0.4959,0.6887500000000001
285,Sys_DiT_noref_2,4.85,3.92,567,0.97,0.784,0.76048,0.8671379703534778
285,Sys_DiT_noref_3,4.12,1.85,567,0.8240000000000001,0.37,0.30488000000000004,0.5106867671691793
286,User_DiT_1,4.38,3.0,567,0.876,0.6,0.5256,0.7121951219512195
286,User_DiT_2,5.0,4.0,567,1.0,0.8,0.8,0.888888888888889
286,User_DiT_3,5.0,3.0,567,1.0,0.6,0.6,0.7499999999999999
286,Sys_DiT_noref_1,4.12,2.85,567,0.8240000000000001,0.5700000000000001,0.4696800000000001,0.6738593974175037
286,Sys_DiT_noref_2,4.12,2.85,567,0.8240000000000001,0.5700000000000001,0.4696800000000001,0.6738593974175037
286,Sys_DiT_noref_3,3.15,1.85,567,0.63,0.37,0.2331,0.4662
287,User_DiT_1,4.29,3.0,567,0.858,0.6,0.5147999999999999,0.7061728395061727
287,User_DiT_2,5.0,3.0,567,1.0,0.6,0.6,0.7499999999999999
287,User_DiT_3,4.29,3.0,567,0.858,0.6,0.5147999999999999,0.7061728395061727
287,Sys_DiT_noref_1,4.65,2.85,567,0.93,0.5700000000000001,0.5301000000000001,0.7068000000000002
287,Sys_DiT_noref_2,4.65,3.85,567,0.93,0.77,0.7161000000000001,0.8424705882352941
287,Sys_DiT_noref_3,4.65,2.85,567,0.93,0.5700000000000001,0.5301000000000001,0.7068000000000002
288,User_DiT_1,5.0,3.0,567,1.0,0.6,0.6,0.7499999999999999
288,User_DiT_2,5.0,3.0,567,1.0,0.6,0.6,0.7499999999999999
288,User_DiT_3,5.0,4.0,567,1.0,0.8,0.8,0.888888888888889
288,Sys_DiT_noref_1,4.12,3.68,567,0.8240000000000001,0.736,0.606464,0.7775179487179487
288,Sys_DiT_noref_2,4.85,3.72,567,0.97,0.744,0.72168,0.842100350058343
288,Sys_DiT_noref_3,4.82,3.65,567,0.9640000000000001,0.73,0.70372,0.8308382526564345
289,User_DiT_1,5.0,2.0,567,1.0,0.4,0.4,0.5714285714285715
289,User_DiT_2,1.88,2.0,567,0.376,0.4,0.1504,0.38762886597938145
289,User_DiT_3,4.29,2.0,567,0.858,0.4,0.3432,0.5456279809220985
289,Sys_DiT_noref_1,3.42,2.15,567,0.6839999999999999,0.43,0.29412,0.5280430879712747
289,Sys_DiT_noref_2,2.85,1.75,567,0.5700000000000001,0.35,0.1995,0.43369565217391304
289,Sys_DiT_noref_3,3.85,1.42,567,0.77,0.284,0.21867999999999999,0.4149525616698292
290,User_DiT_1,4.38,1.0,575,0.876,0.2,0.17520000000000002,0.32565055762081785
290,User_DiT_2,4.38,1.0,575,0.876,0.2,0.17520000000000002,0.32565055762081785
290,User_DiT_3,4.38,1.0,575,0.876,0.2,0.17520000000000002,0.32565055762081785
290,Sys_DiT_noref_1,2.85,3.92,575,0.5700000000000001,0.784,0.44688000000000005,0.6600886262924668
290,Sys_DiT_noref_2,3.65,1.85,575,0.73,0.37,0.2701,0.4910909090909091
290,Sys_DiT_noref_3,4.15,1.35,575,0.8300000000000001,0.27,0.22410000000000002,0.40745454545454546
291,User_DiT_1,4.38,3.0,575,0.876,0.6,0.5256,0.7121951219512195
291,User_DiT_2,4.29,3.0,575,0.858,0.6,0.5147999999999999,0.7061728395061727
291,User_DiT_3,4.29,3.0,575,0.858,0.6,0.5147999999999999,0.7061728395061727
291,Sys_DiT_noref_1,3.85,1.2,575,0.77,0.24,0.1848,0.36594059405940593
291,Sys_DiT_noref_2,2.85,0.92,575,0.5700000000000001,0.184,0.10488000000000001,0.27819628647214856
291,Sys_DiT_noref_3,3.85,2.15,575,0.77,0.43,0.3311,0.5518333333333334
292,User_DiT_1,4.17,1.0,575,0.834,0.2,0.1668,0.3226305609284333
292,User_DiT_2,3.57,2.0,575,0.714,0.4,0.2856,0.5127468581687613
292,User_DiT_3,3.57,2.0,575,0.714,0.4,0.2856,0.5127468581687613
292,Sys_DiT_noref_1,4.85,1.25,575,0.97,0.25,0.2425,0.3975409836065574
292,Sys_DiT_noref_2,4.12,1.85,575,0.8240000000000001,0.37,0.30488000000000004,0.5106867671691793
292,Sys_DiT_noref_3,4.85,1.25,575,0.97,0.25,0.2425,0.3975409836065574
293,User_DiT_1,3.57,2.0,575,0.714,0.4,0.2856,0.5127468581687613
293,User_DiT_2,3.57,2.0,575,0.714,0.4,0.2856,0.5127468581687613
293,User_DiT_3,0.0,2.0,575,0.0,0.4,0.0,0.0
293,Sys_DiT_noref_1,4.12,1.85,575,0.8240000000000001,0.37,0.30488000000000004,0.5106867671691793
293,Sys_DiT_noref_2,2.85,1.42,575,0.5700000000000001,0.284,0.16188,0.3791100702576112
293,Sys_DiT_noref_3,3.85,1.65,575,0.77,0.32999999999999996,0.2541,0.46199999999999997
294,User_DiT_1,4.17,2.0,575,0.834,0.4,0.3336,0.5406807131280389
294,User_DiT_2,5.0,2.0,575,1.0,0.4,0.4,0.5714285714285715
294,User_DiT_3,5.0,2.0,575,1.0,0.4,0.4,0.5714285714285715
294,Sys_DiT_noref_1,3.42,2.85,575,0.6839999999999999,0.5700000000000001,0.38988,0.6218181818181818
294,Sys_DiT_noref_2,2.15,1.85,575,0.43,0.37,0.1591,0.39774999999999994
294,Sys_DiT_noref_3,3.42,1.85,575,0.6839999999999999,0.37,0.25307999999999997,0.4802277039848198
295,User_DiT_1,0.0,1.0,585,0.0,0.2,0.0,0.0
295,User_DiT_2,0.0,1.0,585,0.0,0.2,0.0,0.0
295,User_DiT_3,0.0,1.0,585,0.0,0.2,0.0,0.0
295,Sys_DiT_noref_1,0.0,0.5,585,0.0,0.1,0.0,0.0
295,Sys_DiT_noref_2,0.0,0.0,585,0.0,0.0,0.0,0.0
295,Sys_DiT_noref_3,0.15,4.85,585,0.03,0.97,0.029099999999999997,0.058199999999999995
296,User_DiT_1,0.0,1.0,585,0.0,0.2,0.0,0.0
296,User_DiT_2,0.0,1.0,585,0.0,0.2,0.0,0.0
296,User_DiT_3,0.0,1.0,585,0.0,0.2,0.0,0.0
296,Sys_DiT_noref_1,1.85,1.2,585,0.37,0.24,0.08879999999999999,0.2911475409836065
296,Sys_DiT_noref_2,0.85,1.2,585,0.16999999999999998,0.24,0.040799999999999996,0.19902439024390242
296,Sys_DiT_noref_3,0.12,0.08,585,0.024,0.016,0.000384,0.019200000000000002
297,User_DiT_1,5.0,2.0,585,1.0,0.4,0.4,0.5714285714285715
297,User_DiT_2,5.0,2.0,585,1.0,0.4,0.4,0.5714285714285715
297,User_DiT_3,5.0,2.0,585,1.0,0.4,0.4,0.5714285714285715
297,Sys_DiT_noref_1,3.85,1.92,585,0.77,0.384,0.29568,0.5124436741767765
297,Sys_DiT_noref_2,3.42,2.15,585,0.6839999999999999,0.43,0.29412,0.5280430879712747
297,Sys_DiT_noref_3,1.85,1.65,585,0.37,0.32999999999999996,0.12209999999999999,0.34885714285714287
298,User_DiT_1,0.0,2.0,585,0.0,0.4,0.0,0.0
298,User_DiT_2,5.0,3.0,585,1.0,0.6,0.6,0.7499999999999999
298,User_DiT_3,2.5,3.0,585,0.5,0.6,0.3,0.5454545454545454
298,Sys_DiT_noref_1,1.85,1.2,585,0.37,0.24,0.08879999999999999,0.2911475409836065
298,Sys_DiT_noref_2,1.25,1.8,585,0.25,0.36,0.09,0.29508196721311475
298,Sys_DiT_noref_3,2.15,1.85,585,0.43,0.37,0.1591,0.39774999999999994
299,User_DiT_1,4.17,3.0,585,0.834,0.6,0.5004,0.697907949790795
299,User_DiT_2,4.17,2.0,585,0.834,0.4,0.3336,0.5406807131280389
299,User_DiT_3,4.17,3.0,585,0.834,0.6,0.5004,0.697907949790795
299,Sys_DiT_noref_1,4.12,2.35,585,0.8240000000000001,0.47000000000000003,0.38728000000000007,0.5985780525502319
299,Sys_DiT_noref_2,4.12,2.35,585,0.8240000000000001,0.47000000000000003,0.38728000000000007,0.5985780525502319
299,Sys_DiT_noref_3,4.12,3.85,585,0.8240000000000001,0.77,0.63448,0.7960853199498118
300,User_DiT_1,4.0,3.0,590,0.8,0.6,0.48,0.6857142857142857
300,User_DiT_2,4.0,4.0,590,0.8,0.8,0.6400000000000001,0.8000000000000002
300,User_DiT_3,4.0,4.0,590,0.8,0.8,0.6400000000000001,0.8000000000000002
300,Sys_DiT_noref_1,4.72,3.85,590,0.944,0.77,0.72688,0.8481680280046674
300,Sys_DiT_noref_2,4.12,2.85,590,0.8240000000000001,0.5700000000000001,0.4696800000000001,0.6738593974175037
300,Sys_DiT_noref_3,4.12,2.35,590,0.8240000000000001,0.47000000000000003,0.38728000000000007,0.5985780525502319
301,User_DiT_1,4.29,4.0,590,0.858,0.8,0.6864,0.8279855247285887
301,User_DiT_2,4.29,3.0,590,0.858,0.6,0.5147999999999999,0.7061728395061727
301,User_DiT_3,4.29,3.0,590,0.858,0.6,0.5147999999999999,0.7061728395061727
301,Sys_DiT_noref_1,4.12,1.85,590,0.8240000000000001,0.37,0.30488000000000004,0.5106867671691793
301,Sys_DiT_noref_2,4.62,3.15,590,0.924,0.63,0.5821200000000001,0.7491891891891893
301,Sys_DiT_noref_3,4.12,2.35,590,0.8240000000000001,0.47000000000000003,0.38728000000000007,0.5985780525502319
302,User_DiT_1,4.0,2.0,590,0.8,0.4,0.32000000000000006,0.5333333333333333
302,User_DiT_2,4.0,2.0,590,0.8,0.4,0.32000000000000006,0.5333333333333333
302,User_DiT_3,4.0,2.0,590,0.8,0.4,0.32000000000000006,0.5333333333333333
302,Sys_DiT_noref_1,2.85,1.2,590,0.5700000000000001,0.24,0.1368,0.3377777777777778
302,Sys_DiT_noref_2,3.42,1.85,590,0.6839999999999999,0.37,0.25307999999999997,0.4802277039848198
302,Sys_DiT_noref_3,3.85,2.15,590,0.77,0.43,0.3311,0.5518333333333334
303,User_DiT_1,5.0,4.0,590,1.0,0.8,0.8,0.888888888888889
303,User_DiT_2,5.0,4.0,590,1.0,0.8,0.8,0.888888888888889
303,User_DiT_3,5.0,3.0,590,1.0,0.6,0.6,0.7499999999999999
303,Sys_DiT_noref_1,3.15,1.85,590,0.63,0.37,0.2331,0.4662
303,Sys_DiT_noref_2,3.85,1.65,590,0.77,0.32999999999999996,0.2541,0.46199999999999997
303,Sys_DiT_noref_3,4.85,2.65,590,0.97,0.53,0.5141,0.6854666666666667
304,User_DiT_1,3.57,2.0,590,0.714,0.4,0.2856,0.5127468581687613
304,User_DiT_2,4.29,2.0,590,0.858,0.4,0.3432,0.5456279809220985
304,User_DiT_3,4.29,2.0,590,0.858,0.4,0.3432,0.5456279809220985
304,Sys_DiT_noref_1,3.45,1.82,590,0.6900000000000001,0.364,0.25116,0.47658444022770396
304,Sys_DiT_noref_2,2.85,1.2,590,0.5700000000000001,0.24,0.1368,0.3377777777777778
304,Sys_DiT_noref_3,3.15,1.25,590,0.63,0.25,0.1575,0.35795454545454547
305,User_DiT_1,1.11,2.0,605,0.22200000000000003,0.4,0.08880000000000002,0.28553054662379423
305,User_DiT_2,1.11,3.0,605,0.22200000000000003,0.6,0.1332,0.32408759124087594
305,User_DiT_3,1.25,2.0,605,0.25,0.4,0.1,0.3076923076923077
305,Sys_DiT_noref_1,1.15,3.85,605,0.22999999999999998,0.77,0.17709999999999998,0.35419999999999996
305,Sys_DiT_noref_2,1.15,1.85,605,0.22999999999999998,0.37,0.0851,0.2836666666666667
305,Sys_DiT_noref_3,0.45,1.85,605,0.09,0.37,0.033299999999999996,0.14478260869565218
306,User_DiT_1,0.0,1.0,605,0.0,0.2,0.0,0.0
306,User_DiT_2,0.0,1.0,605,0.0,0.2,0.0,0.0
306,User_DiT_3,0.0,1.0,605,0.0,0.2,0.0,0.0
306,Sys_DiT_noref_1,2.15,1.85,605,0.43,0.37,0.1591,0.39774999999999994
306,Sys_DiT_noref_2,1.85,1.2,605,0.37,0.24,0.08879999999999999,0.2911475409836065
306,Sys_DiT_noref_3,2.85,1.25,605,0.5700000000000001,0.25,0.14250000000000002,0.34756097560975613
307,User_DiT_1,2.5,1.0,605,0.5,0.2,0.1,0.28571428571428575
307,User_DiT_2,1.11,1.0,605,0.22200000000000003,0.2,0.04440000000000001,0.2104265402843602
307,User_DiT_3,2.5,2.0,605,0.5,0.4,0.2,0.4444444444444445
307,Sys_DiT_noref_1,1.15,0.85,605,0.22999999999999998,0.16999999999999998,0.039099999999999996,0.1955
307,Sys_DiT_noref_2,1.15,0.85,605,0.22999999999999998,0.16999999999999998,0.039099999999999996,0.1955
307,Sys_DiT_noref_3,1.25,0.85,605,0.25,0.16999999999999998,0.042499999999999996,0.20238095238095238
308,User_DiT_1,5.0,4.0,605,1.0,0.8,0.8,0.888888888888889
308,User_DiT_2,5.0,3.0,605,1.0,0.6,0.6,0.7499999999999999
308,User_DiT_3,5.0,4.0,605,1.0,0.8,0.8,0.888888888888889
308,Sys_DiT_noref_1,4.85,3.2,605,0.97,0.64,0.6208,0.7711801242236026
308,Sys_DiT_noref_2,1.85,1.2,605,0.37,0.24,0.08879999999999999,0.2911475409836065
308,Sys_DiT_noref_3,4.85,2.75,605,0.97,0.55,0.5335,0.7019736842105263
309,User_DiT_1,5.0,2.0,605,1.0,0.4,0.4,0.5714285714285715
309,User_DiT_2,5.0,2.0,605,1.0,0.4,0.4,0.5714285714285715
309,User_DiT_3,5.0,3.0,605,1.0,0.6,0.6,0.7499999999999999
309,Sys_DiT_noref_1,3.85,2.15,605,0.77,0.43,0.3311,0.5518333333333334
309,Sys_DiT_noref_2,2.85,1.42,605,0.5700000000000001,0.284,0.16188,0.3791100702576112
309,Sys_DiT_noref_3,3.42,1.85,605,0.6839999999999999,0.37,0.25307999999999997,0.4802277039848198
310,User_DiT_1,0.0,2.0,606,0.0,0.4,0.0,0.0
310,User_DiT_2,0.56,2.0,606,0.11200000000000002,0.4,0.044800000000000006,0.17500000000000002
310,User_DiT_3,0.0,2.0,606,0.0,0.4,0.0,0.0
310,Sys_DiT_noref_1,0.12,0.85,606,0.024,0.16999999999999998,0.004079999999999999,0.04206185567010309
310,Sys_DiT_noref_2,0.12,0.85,606,0.024,0.16999999999999998,0.004079999999999999,0.04206185567010309
310,Sys_DiT_noref_3,0.12,0.85,606,0.024,0.16999999999999998,0.004079999999999999,0.04206185567010309
311,User_DiT_1,5.0,2.0,606,1.0,0.4,0.4,0.5714285714285715
311,User_DiT_2,1.67,2.0,606,0.33399999999999996,0.4,0.1336,0.3640326975476839
311,User_DiT_3,5.0,2.0,606,1.0,0.4,0.4,0.5714285714285715
311,Sys_DiT_noref_1,3.42,2.15,606,0.6839999999999999,0.43,0.29412,0.5280430879712747
311,Sys_DiT_noref_2,2.85,1.42,606,0.5700000000000001,0.284,0.16188,0.3791100702576112
311,Sys_DiT_noref_3,3.45,2.85,606,0.6900000000000001,0.5700000000000001,0.3933000000000001,0.6242857142857143
312,User_DiT_1,0.62,3.0,606,0.124,0.6,0.0744,0.20552486187845304
312,User_DiT_2,0.62,2.0,606,0.124,0.4,0.049600000000000005,0.18931297709923664
312,User_DiT_3,0.62,3.0,606,0.124,0.6,0.0744,0.20552486187845304
312,Sys_DiT_noref_1,2.85,3.1,606,0.5700000000000001,0.62,0.35340000000000005,0.5939495798319329
312,Sys_DiT_noref_2,2.85,3.42,606,0.5700000000000001,0.6839999999999999,0.38988,0.6218181818181818
312,Sys_DiT_noref_3,2.15,1.25,606,0.43,0.25,0.1075,0.31617647058823534
313,User_DiT_1,4.44,4.0,606,0.8880000000000001,0.8,0.7104000000000001,0.8417061611374408
313,User_DiT_2,4.44,3.0,606,0.8880000000000001,0.6,0.5328,0.7161290322580646
313,User_DiT_3,4.44,4.0,606,0.8880000000000001,0.8,0.7104000000000001,0.8417061611374408
313,Sys_DiT_noref_1,4.15,2.85,606,0.8300000000000001,0.5700000000000001,0.4731000000000001,0.6758571428571429
313,Sys_DiT_noref_2,4.15,2.85,606,0.8300000000000001,0.5700000000000001,0.4731000000000001,0.6758571428571429
313,Sys_DiT_noref_3,4.15,2.65,606,0.8300000000000001,0.53,0.43990000000000007,0.6469117647058824
314,User_DiT_1,4.17,3.0,606,0.834,0.6,0.5004,0.697907949790795
314,User_DiT_2,4.17,2.0,606,0.834,0.4,0.3336,0.5406807131280389
314,User_DiT_3,4.17,3.0,606,0.834,0.6,0.5004,0.697907949790795
314,Sys_DiT_noref_1,3.42,1.85,606,0.6839999999999999,0.37,0.25307999999999997,0.4802277039848198
314,Sys_DiT_noref_2,3.42,1.85,606,0.6839999999999999,0.37,0.25307999999999997,0.4802277039848198
314,Sys_DiT_noref_3,4.85,1.65,606,0.97,0.32999999999999996,0.32009999999999994,0.49246153846153845
315,User_DiT_1,0.62,2.0,626,0.124,0.4,0.049600000000000005,0.18931297709923664
315,User_DiT_2,0.62,2.0,626,0.124,0.4,0.049600000000000005,0.18931297709923664
315,User_DiT_3,0.62,2.0,626,0.124,0.4,0.049600000000000005,0.18931297709923664
315,Sys_DiT_noref_1,0.85,1.2,626,0.16999999999999998,0.24,0.040799999999999996,0.19902439024390242
315,Sys_DiT_noref_2,1.25,3.85,626,0.25,0.77,0.1925,0.37745098039215685
315,Sys_DiT_noref_3,1.25,1.8,626,0.25,0.36,0.09,0.29508196721311475
316,User_DiT_1,5.0,3.0,626,1.0,0.6,0.6,0.7499999999999999
316,User_DiT_2,5.0,4.0,626,1.0,0.8,0.8,0.888888888888889
316,User_DiT_3,5.0,4.0,626,1.0,0.8,0.8,0.888888888888889
316,Sys_DiT_noref_1,4.12,2.85,626,0.8240000000000001,0.5700000000000001,0.4696800000000001,0.6738593974175037
316,Sys_DiT_noref_2,4.62,3.15,626,0.924,0.63,0.5821200000000001,0.7491891891891893
316,Sys_DiT_noref_3,4.12,2.85,626,0.8240000000000001,0.5700000000000001,0.4696800000000001,0.6738593974175037
317,User_DiT_1,4.0,3.0,626,0.8,0.6,0.48,0.6857142857142857
317,User_DiT_2,5.0,3.0,626,1.0,0.6,0.6,0.7499999999999999
317,User_DiT_3,5.0,3.0,626,1.0,0.6,0.6,0.7499999999999999
317,Sys_DiT_noref_1,4.12,2.85,626,0.8240000000000001,0.5700000000000001,0.4696800000000001,0.6738593974175037
317,Sys_DiT_noref_2,4.12,2.85,626,0.8240000000000001,0.5700000000000001,0.4696800000000001,0.6738593974175037
317,Sys_DiT_noref_3,3.85,1.42,626,0.77,0.284,0.21867999999999999,0.4149525616698292
318,User_DiT_1,1.88,3.0,626,0.376,0.6,0.2256,0.46229508196721314
318,User_DiT_2,1.88,3.0,626,0.376,0.6,0.2256,0.46229508196721314
318,User_DiT_3,3.57,3.0,626,0.714,0.6,0.42839999999999995,0.6520547945205478
318,Sys_DiT_noref_1,4.12,2.85,626,0.8240000000000001,0.5700000000000001,0.4696800000000001,0.6738593974175037
318,Sys_DiT_noref_2,4.65,2.85,626,0.93,0.5700000000000001,0.5301000000000001,0.7068000000000002
318,Sys_DiT_noref_3,4.15,2.85,626,0.8300000000000001,0.5700000000000001,0.4731000000000001,0.6758571428571429
319,User_DiT_1,5.0,3.0,626,1.0,0.6,0.6,0.7499999999999999
319,User_DiT_2,3.75,3.0,626,0.75,0.6,0.44999999999999996,0.6666666666666665
319,User_DiT_3,5.0,3.0,626,1.0,0.6,0.6,0.7499999999999999
319,Sys_DiT_noref_1,4.12,1.85,626,0.8240000000000001,0.37,0.30488000000000004,0.5106867671691793
319,Sys_DiT_noref_2,4.85,2.15,626,0.97,0.43,0.41709999999999997,0.5958571428571429
319,Sys_DiT_noref_3,4.12,1.85,626,0.8240000000000001,0.37,0.30488000000000004,0.5106867671691793
320,User_DiT_1,4.38,4.0,632,0.876,0.8,0.7008000000000001,0.8362768496420048
320,User_DiT_2,4.38,3.0,632,0.876,0.6,0.5256,0.7121951219512195
320,User_DiT_3,4.38,4.0,632,0.876,0.8,0.7008000000000001,0.8362768496420048
320,Sys_DiT_noref_1,4.92,4.85,632,0.984,0.97,0.95448,0.976949846468782
320,Sys_DiT_noref_2,4.85,4.2,632,0.97,0.8400000000000001,0.8148000000000001,0.9003314917127072
320,Sys_DiT_noref_3,4.65,3.85,632,0.93,0.77,0.7161000000000001,0.8424705882352941
321,User_DiT_1,3.12,2.0,632,0.624,0.4,0.24960000000000002,0.48750000000000004
321,User_DiT_2,3.12,2.0,632,0.624,0.4,0.24960000000000002,0.48750000000000004
321,User_DiT_3,3.12,2.0,632,0.624,0.4,0.24960000000000002,0.48750000000000004
321,Sys_DiT_noref_1,3.85,1.92,632,0.77,0.384,0.29568,0.5124436741767765
321,Sys_DiT_noref_2,3.85,1.92,632,0.77,0.384,0.29568,0.5124436741767765
321,Sys_DiT_noref_3,2.85,1.2,632,0.5700000000000001,0.24,0.1368,0.3377777777777778
322,User_DiT_1,1.88,2.0,632,0.376,0.4,0.1504,0.38762886597938145
322,User_DiT_2,0.0,2.0,632,0.0,0.4,0.0,0.0
322,User_DiT_3,0.0,2.0,632,0.0,0.4,0.0,0.0
322,Sys_DiT_noref_1,1.82,3.45,632,0.364,0.6900000000000001,0.25116,0.47658444022770396
322,Sys_DiT_noref_2,0.85,1.2,632,0.16999999999999998,0.24,0.040799999999999996,0.19902439024390242
322,Sys_DiT_noref_3,1.85,1.2,632,0.37,0.24,0.08879999999999999,0.2911475409836065
323,User_DiT_1,5.0,1.0,632,1.0,0.2,0.2,0.33333333333333337
323,User_DiT_2,4.17,2.0,632,0.834,0.4,0.3336,0.5406807131280389
323,User_DiT_3,4.17,2.0,632,0.834,0.4,0.3336,0.5406807131280389
323,Sys_DiT_noref_1,3.82,1.47,632,0.764,0.294,0.22461599999999998,0.4246049149338374
323,Sys_DiT_noref_2,2.85,1.92,632,0.5700000000000001,0.384,0.21888000000000002,0.4588679245283019
323,Sys_DiT_noref_3,3.85,1.2,632,0.77,0.24,0.1848,0.36594059405940593
324,User_DiT_1,4.29,3.0,632,0.858,0.6,0.5147999999999999,0.7061728395061727
324,User_DiT_2,4.29,4.0,632,0.858,0.8,0.6864,0.8279855247285887
324,User_DiT_3,4.29,4.0,632,0.858,0.8,0.6864,0.8279855247285887
324,Sys_DiT_noref_1,3.75,2.1,632,0.75,0.42000000000000004,0.31500000000000006,0.5384615384615385
324,Sys_DiT_noref_2,4.12,3.65,632,0.8240000000000001,0.73,0.60152,0.7741570141570142
324,Sys_DiT_noref_3,3.45,1.85,632,0.6900000000000001,0.37,0.2553,0.4816981132075472
325,User_DiT_1,4.38,4.0,633,0.876,0.8,0.7008000000000001,0.8362768496420048
325,User_DiT_2,5.0,4.0,633,1.0,0.8,0.8,0.888888888888889
325,User_DiT_3,5.0,4.0,633,1.0,0.8,0.8,0.888888888888889
325,Sys_DiT_noref_1,4.25,2.85,633,0.85,0.5700000000000001,0.48450000000000004,0.6823943661971832
325,Sys_DiT_noref_2,4.25,2.85,633,0.85,0.5700000000000001,0.48450000000000004,0.6823943661971832
325,Sys_DiT_noref_3,4.25,2.85,633,0.85,0.5700000000000001,0.48450000000000004,0.6823943661971832
326,User_DiT_1,2.78,4.0,633,0.5559999999999999,0.8,0.4448,0.656047197640118
326,User_DiT_2,2.78,4.0,633,0.5559999999999999,0.8,0.4448,0.656047197640118
326,User_DiT_3,2.78,4.0,633,0.5559999999999999,0.8,0.4448,0.656047197640118
326,Sys_DiT_noref_1,4.15,2.85,633,0.8300000000000001,0.5700000000000001,0.4731000000000001,0.6758571428571429
326,Sys_DiT_noref_2,4.85,3.92,633,0.97,0.784,0.76048,0.8671379703534778
326,Sys_DiT_noref_3,4.65,4.12,633,0.93,0.8240000000000001,0.7663200000000001,0.8737970353477766
327,User_DiT_1,4.29,1.0,633,0.858,0.2,0.1716,0.3243856332703213
327,User_DiT_2,2.5,1.0,633,0.5,0.2,0.1,0.28571428571428575
327,User_DiT_3,2.5,2.0,633,0.5,0.4,0.2,0.4444444444444445
327,Sys_DiT_noref_1,2.85,1.92,633,0.5700000000000001,0.384,0.21888000000000002,0.4588679245283019
327,Sys_DiT_noref_2,2.85,1.2,633,0.5700000000000001,0.24,0.1368,0.3377777777777778
327,Sys_DiT_noref_3,4.12,1.85,633,0.8240000000000001,0.37,0.30488000000000004,0.5106867671691793
328,User_DiT_1,4.38,4.0,633,0.876,0.8,0.7008000000000001,0.8362768496420048
328,User_DiT_2,4.38,4.0,633,0.876,0.8,0.7008000000000001,0.8362768496420048
328,User_DiT_3,4.38,4.0,633,0.876,0.8,0.7008000000000001,0.8362768496420048
328,Sys_DiT_noref_1,4.65,2.85,633,0.93,0.5700000000000001,0.5301000000000001,0.7068000000000002
328,Sys_DiT_noref_2,4.12,2.35,633,0.8240000000000001,0.47000000000000003,0.38728000000000007,0.5985780525502319
328,Sys_DiT_noref_3,4.25,2.15,633,0.85,0.43,0.3655,0.57109375
329,User_DiT_1,4.38,3.0,633,0.876,0.6,0.5256,0.7121951219512195
329,User_DiT_2,4.38,3.0,633,0.876,0.6,0.5256,0.7121951219512195
329,User_DiT_3,4.38,3.0,633,0.876,0.6,0.5256,0.7121951219512195
329,Sys_DiT_noref_1,4.85,3.2,633,0.97,0.64,0.6208,0.7711801242236026
329,Sys_DiT_noref_2,4.12,1.85,633,0.8240000000000001,0.37,0.30488000000000004,0.5106867671691793
329,Sys_DiT_noref_3,4.85,2.2,633,0.97,0.44000000000000006,0.42680000000000007,0.6053900709219858
330,User_DiT_1,0.0,3.0,634,0.0,0.6,0.0,0.0
330,User_DiT_2,0.0,2.0,634,0.0,0.4,0.0,0.0
330,User_DiT_3,0.0,2.0,634,0.0,0.4,0.0,0.0
330,Sys_DiT_noref_1,0.85,3.2,634,0.16999999999999998,0.64,0.1088,0.2686419753086419
330,Sys_DiT_noref_2,0.05,3.85,634,0.01,0.77,0.0077,0.019743589743589744
330,Sys_DiT_noref_3,0.45,3.2,634,0.09,0.64,0.0576,0.1578082191780822
331,User_DiT_1,2.78,2.0,634,0.5559999999999999,0.4,0.2224,0.46527196652719666
331,User_DiT_2,2.5,2.0,634,0.5,0.4,0.2,0.4444444444444445
331,User_DiT_3,2.78,3.0,634,0.5559999999999999,0.6,0.33359999999999995,0.5771626297577854
331,Sys_DiT_noref_1,2.85,1.65,634,0.5700000000000001,0.32999999999999996,0.1881,0.418
331,Sys_DiT_noref_2,3.82,2.15,634,0.764,0.43,0.32852,0.550284757118928
331,Sys_DiT_noref_3,2.85,1.45,634,0.5700000000000001,0.29,0.1653,0.38441860465116273
332,User_DiT_1,2.5,4.0,634,0.5,0.8,0.4,0.6153846153846154
332,User_DiT_2,3.12,4.0,634,0.624,0.8,0.49920000000000003,0.7011235955056181
332,User_DiT_3,2.5,3.0,634,0.5,0.6,0.3,0.5454545454545454
332,Sys_DiT_noref_1,3.85,3.2,634,0.77,0.64,0.4928,0.6990070921985815
332,Sys_DiT_noref_2,3.82,2.45,634,0.764,0.49000000000000005,0.37436,0.5970653907496013
332,Sys_DiT_noref_3,3.42,2.85,634,0.6839999999999999,0.5700000000000001,0.38988,0.6218181818181818
333,User_DiT_1,0.0,1.0,634,0.0,0.2,0.0,0.0
333,User_DiT_2,0.0,1.0,634,0.0,0.2,0.0,0.0
333,User_DiT_3,0.0,1.0,634,0.0,0.2,0.0,0.0
333,Sys_DiT_noref_1,0.12,1.85,634,0.024,0.37,0.00888,0.0450761421319797
333,Sys_DiT_noref_2,0.12,0.85,634,0.024,0.16999999999999998,0.004079999999999999,0.04206185567010309
333,Sys_DiT_noref_3,0.12,0.85,634,0.024,0.16999999999999998,0.004079999999999999,0.04206185567010309
334,User_DiT_1,0.0,4.0,634,0.0,0.8,0.0,0.0
334,User_DiT_2,0.0,3.0,634,0.0,0.6,0.0,0.0
334,User_DiT_3,0.56,4.0,634,0.11200000000000002,0.8,0.08960000000000001,0.19649122807017547
334,Sys_DiT_noref_1,0.85,3.72,634,0.16999999999999998,0.744,0.12647999999999998,0.27676148796498906
334,Sys_DiT_noref_2,1.25,3.85,634,0.25,0.77,0.1925,0.37745098039215685
334,Sys_DiT_noref_3,1.25,3.85,634,0.25,0.77,0.1925,0.37745098039215685
335,User_DiT_1,3.89,2.0,645,0.778,0.4,0.31120000000000003,0.5283531409168082
335,User_DiT_2,5.0,3.0,645,1.0,0.6,0.6,0.7499999999999999
335,User_DiT_3,5.0,3.0,645,1.0,0.6,0.6,0.7499999999999999
335,Sys_DiT_noref_1,4.12,2.85,645,0.8240000000000001,0.5700000000000001,0.4696800000000001,0.6738593974175037
335,Sys_DiT_noref_2,3.82,1.47,645,0.764,0.294,0.22461599999999998,0.4246049149338374
335,Sys_DiT_noref_3,3.65,1.85,645,0.73,0.37,0.2701,0.4910909090909091
336,User_DiT_1,4.38,2.0,645,0.876,0.4,0.35040000000000004,0.5492163009404389
336,User_DiT_2,4.38,2.0,645,0.876,0.4,0.35040000000000004,0.5492163009404389
336,User_DiT_3,4.38,2.0,645,0.876,0.4,0.35040000000000004,0.5492163009404389
336,Sys_DiT_noref_1,4.12,2.85,645,0.8240000000000001,0.5700000000000001,0.4696800000000001,0.6738593974175037
336,Sys_DiT_noref_2,4.12,1.85,645,0.8240000000000001,0.37,0.30488000000000004,0.5106867671691793
336,Sys_DiT_noref_3,4.12,2.85,645,0.8240000000000001,0.5700000000000001,0.4696800000000001,0.6738593974175037
337,User_DiT_1,5.0,3.0,645,1.0,0.6,0.6,0.7499999999999999
337,User_DiT_2,5.0,3.0,645,1.0,0.6,0.6,0.7499999999999999
337,User_DiT_3,5.0,2.0,645,1.0,0.4,0.4,0.5714285714285715
337,Sys_DiT_noref_1,4.85,2.75,645,0.97,0.55,0.5335,0.7019736842105263
337,Sys_DiT_noref_2,4.85,3.2,645,0.97,0.64,0.6208,0.7711801242236026
337,Sys_DiT_noref_3,4.15,2.85,645,0.8300000000000001,0.5700000000000001,0.4731000000000001,0.6758571428571429
338,User_DiT_1,4.38,4.0,645,0.876,0.8,0.7008000000000001,0.8362768496420048
338,User_DiT_2,5.0,2.0,645,1.0,0.4,0.4,0.5714285714285715
338,User_DiT_3,4.44,2.0,645,0.8880000000000001,0.4,0.35520000000000007,0.5515527950310559
338,Sys_DiT_noref_1,4.12,2.35,645,0.8240000000000001,0.47000000000000003,0.38728000000000007,0.5985780525502319
338,Sys_DiT_noref_2,4.65,1.85,645,0.93,0.37,0.3441,0.5293846153846153
338,Sys_DiT_noref_3,4.12,2.85,645,0.8240000000000001,0.5700000000000001,0.4696800000000001,0.6738593974175037
339,User_DiT_1,5.0,2.0,645,1.0,0.4,0.4,0.5714285714285715
339,User_DiT_2,5.0,2.0,645,1.0,0.4,0.4,0.5714285714285715
339,User_DiT_3,0.0,2.0,645,0.0,0.4,0.0,0.0
339,Sys_DiT_noref_1,4.12,1.85,645,0.8240000000000001,0.37,0.30488000000000004,0.5106867671691793
339,Sys_DiT_noref_2,4.85,2.15,645,0.97,0.43,0.41709999999999997,0.5958571428571429
339,Sys_DiT_noref_3,4.85,1.2,645,0.97,0.24,0.23279999999999998,0.384793388429752
340,User_DiT_1,0.0,3.0,654,0.0,0.6,0.0,0.0
340,User_DiT_2,5.0,4.0,654,1.0,0.8,0.8,0.888888888888889
340,User_DiT_3,5.0,4.0,654,1.0,0.8,0.8,0.888888888888889
340,Sys_DiT_noref_1,4.65,3.12,654,0.93,0.624,0.5803200000000001,0.746872586872587
340,Sys_DiT_noref_2,4.65,3.85,654,0.93,0.77,0.7161000000000001,0.8424705882352941
340,Sys_DiT_noref_3,4.85,2.65,654,0.97,0.53,0.5141,0.6854666666666667
341,User_DiT_1,4.38,2.0,654,0.876,0.4,0.35040000000000004,0.5492163009404389
341,User_DiT_2,5.0,2.0,654,1.0,0.4,0.4,0.5714285714285715
341,User_DiT_3,4.38,2.0,654,0.876,0.4,0.35040000000000004,0.5492163009404389
341,Sys_DiT_noref_1,4.15,1.85,654,0.8300000000000001,0.37,0.30710000000000004,0.5118333333333334
341,Sys_DiT_noref_2,4.15,1.85,654,0.8300000000000001,0.37,0.30710000000000004,0.5118333333333334
341,Sys_DiT_noref_3,4.65,1.85,654,0.93,0.37,0.3441,0.5293846153846153
342,User_DiT_1,5.0,5.0,654,1.0,1.0,1.0,1.0
342,User_DiT_2,5.0,4.0,654,1.0,0.8,0.8,0.888888888888889
342,User_DiT_3,5.0,5.0,654,1.0,1.0,1.0,1.0
342,Sys_DiT_noref_1,4.85,2.1,654,0.97,0.42000000000000004,0.40740000000000004,0.5861870503597122
342,Sys_DiT_noref_2,4.85,1.42,654,0.97,0.284,0.27547999999999995,0.43936204146730456
342,Sys_DiT_noref_3,4.15,1.85,654,0.8300000000000001,0.37,0.30710000000000004,0.5118333333333334
343,User_DiT_1,5.0,3.0,654,1.0,0.6,0.6,0.7499999999999999
343,User_DiT_2,5.0,3.0,654,1.0,0.6,0.6,0.7499999999999999
343,User_DiT_3,4.38,4.0,654,0.876,0.8,0.7008000000000001,0.8362768496420048
343,Sys_DiT_noref_1,4.12,2.85,654,0.8240000000000001,0.5700000000000001,0.4696800000000001,0.6738593974175037
343,Sys_DiT_noref_2,4.65,2.85,654,0.93,0.5700000000000001,0.5301000000000001,0.7068000000000002
343,Sys_DiT_noref_3,4.65,2.85,654,0.93,0.5700000000000001,0.5301000000000001,0.7068000000000002
344,User_DiT_1,4.38,2.0,654,0.876,0.4,0.35040000000000004,0.5492163009404389
344,User_DiT_2,5.0,2.0,654,1.0,0.4,0.4,0.5714285714285715
344,User_DiT_3,5.0,2.0,654,1.0,0.4,0.4,0.5714285714285715
344,Sys_DiT_noref_1,4.12,2.35,654,0.8240000000000001,0.47000000000000003,0.38728000000000007,0.5985780525502319
344,Sys_DiT_noref_2,3.85,2.15,654,0.77,0.43,0.3311,0.5518333333333334
344,Sys_DiT_noref_3,4.15,2.85,654,0.8300000000000001,0.5700000000000001,0.4731000000000001,0.6758571428571429
345,User_DiT_1,3.12,4.0,679,0.624,0.8,0.49920000000000003,0.7011235955056181
345,User_DiT_2,3.12,4.0,679,0.624,0.8,0.49920000000000003,0.7011235955056181
345,User_DiT_3,3.12,4.0,679,0.624,0.8,0.49920000000000003,0.7011235955056181
345,Sys_DiT_noref_1,3.85,2.65,679,0.77,0.53,0.4081,0.6278461538461538
345,Sys_DiT_noref_2,4.12,2.35,679,0.8240000000000001,0.47000000000000003,0.38728000000000007,0.5985780525502319
345,Sys_DiT_noref_3,4.65,2.85,679,0.93,0.5700000000000001,0.5301000000000001,0.7068000000000002
346,User_DiT_1,1.88,4.0,679,0.376,0.8,0.3008,0.5115646258503401
346,User_DiT_2,2.5,4.0,679,0.5,0.8,0.4,0.6153846153846154
346,User_DiT_3,2.5,4.0,679,0.5,0.8,0.4,0.6153846153846154
346,Sys_DiT_noref_1,4.72,3.85,679,0.944,0.77,0.72688,0.8481680280046674
346,Sys_DiT_noref_2,2.85,3.2,679,0.5700000000000001,0.64,0.36480000000000007,0.6029752066115703
346,Sys_DiT_noref_3,4.85,3.8,679,0.97,0.76,0.7372,0.8522543352601156
347,User_DiT_1,1.88,3.0,679,0.376,0.6,0.2256,0.46229508196721314
347,User_DiT_2,1.88,3.0,679,0.376,0.6,0.2256,0.46229508196721314
347,User_DiT_3,1.88,3.0,679,0.376,0.6,0.2256,0.46229508196721314
347,Sys_DiT_noref_1,4.12,2.68,679,0.8240000000000001,0.536,0.44166400000000006,0.6495058823529413
347,Sys_DiT_noref_2,4.12,2.85,679,0.8240000000000001,0.5700000000000001,0.4696800000000001,0.6738593974175037
347,Sys_DiT_noref_3,4.12,2.85,679,0.8240000000000001,0.5700000000000001,0.4696800000000001,0.6738593974175037
348,User_DiT_1,3.57,2.0,679,0.714,0.4,0.2856,0.5127468581687613
348,User_DiT_2,4.17,2.0,679,0.834,0.4,0.3336,0.5406807131280389
348,User_DiT_3,2.86,3.0,679,0.572,0.6,0.34319999999999995,0.5856655290102388
348,Sys_DiT_noref_1,4.12,2.85,679,0.8240000000000001,0.5700000000000001,0.4696800000000001,0.6738593974175037
348,Sys_DiT_noref_2,3.42,2.15,679,0.6839999999999999,0.43,0.29412,0.5280430879712747
348,Sys_DiT_noref_3,3.85,2.15,679,0.77,0.43,0.3311,0.5518333333333334
349,User_DiT_1,1.88,1.0,679,0.376,0.2,0.0752,0.26111111111111107
349,User_DiT_2,1.88,1.0,679,0.376,0.2,0.0752,0.26111111111111107
349,User_DiT_3,3.75,2.0,679,0.75,0.4,0.30000000000000004,0.5217391304347827
349,Sys_DiT_noref_1,3.85,1.92,679,0.77,0.384,0.29568,0.5124436741767765
349,Sys_DiT_noref_2,4.12,1.85,679,0.8240000000000001,0.37,0.30488000000000004,0.5106867671691793
349,Sys_DiT_noref_3,4.12,2.85,679,0.8240000000000001,0.5700000000000001,0.4696800000000001,0.6738593974175037
350,User_DiT_1,5.0,4.0,687,1.0,0.8,0.8,0.888888888888889
350,User_DiT_2,5.0,4.0,687,1.0,0.8,0.8,0.888888888888889
350,User_DiT_3,5.0,3.0,687,1.0,0.6,0.6,0.7499999999999999
350,Sys_DiT_noref_1,5.0,5.0,687,1.0,1.0,1.0,1.0
350,Sys_DiT_noref_2,4.25,2.85,687,0.85,0.5700000000000001,0.48450000000000004,0.6823943661971832
350,Sys_DiT_noref_3,4.12,2.35,687,0.8240000000000001,0.47000000000000003,0.38728000000000007,0.5985780525502319
351,User_DiT_1,5.0,5.0,687,1.0,1.0,1.0,1.0
351,User_DiT_2,5.0,3.0,687,1.0,0.6,0.6,0.7499999999999999
351,User_DiT_3,5.0,3.0,687,1.0,0.6,0.6,0.7499999999999999
351,Sys_DiT_noref_1,4.85,3.65,687,0.97,0.73,0.7081,0.8330588235294117
351,Sys_DiT_noref_2,4.85,4.92,687,0.97,0.984,0.95448,0.976949846468782
351,Sys_DiT_noref_3,4.92,4.85,687,0.984,0.97,0.95448,0.976949846468782
352,User_DiT_1,5.0,5.0,687,1.0,1.0,1.0,1.0
352,User_DiT_2,5.0,4.0,687,1.0,0.8,0.8,0.888888888888889
352,User_DiT_3,5.0,5.0,687,1.0,1.0,1.0,1.0
352,Sys_DiT_noref_1,4.85,4.9,687,0.97,0.9800000000000001,0.9506000000000001,0.974974358974359
352,Sys_DiT_noref_2,4.85,4.9,687,0.97,0.9800000000000001,0.9506000000000001,0.974974358974359
352,Sys_DiT_noref_3,4.92,4.85,687,0.984,0.97,0.95448,0.976949846468782
353,User_DiT_1,5.0,5.0,687,1.0,1.0,1.0,1.0
353,User_DiT_2,5.0,5.0,687,1.0,1.0,1.0,1.0
353,User_DiT_3,5.0,5.0,687,1.0,1.0,1.0,1.0
353,Sys_DiT_noref_1,5.0,5.0,687,1.0,1.0,1.0,1.0
353,Sys_DiT_noref_2,4.85,4.92,687,0.97,0.984,0.95448,0.976949846468782
353,Sys_DiT_noref_3,4.85,4.92,687,0.97,0.984,0.95448,0.976949846468782
354,User_DiT_1,5.0,4.0,687,1.0,0.8,0.8,0.888888888888889
354,User_DiT_2,5.0,4.0,687,1.0,0.8,0.8,0.888888888888889
354,User_DiT_3,5.0,4.0,687,1.0,0.8,0.8,0.888888888888889
354,Sys_DiT_noref_1,4.12,1.85,687,0.8240000000000001,0.37,0.30488000000000004,0.5106867671691793
354,Sys_DiT_noref_2,4.65,1.85,687,0.93,0.37,0.3441,0.5293846153846153
354,Sys_DiT_noref_3,4.35,2.15,687,0.8699999999999999,0.43,0.37409999999999993,0.5755384615384616
355,User_DiT_1,4.38,2.0,730,0.876,0.4,0.35040000000000004,0.5492163009404389
355,User_DiT_2,3.89,2.0,730,0.778,0.4,0.31120000000000003,0.5283531409168082
355,User_DiT_3,3.89,1.0,730,0.778,0.2,0.15560000000000002,0.31820040899795504
355,Sys_DiT_noref_1,3.12,1.85,730,0.624,0.37,0.23088,0.46454728370221327
355,Sys_DiT_noref_2,3.82,1.47,730,0.764,0.294,0.22461599999999998,0.4246049149338374
355,Sys_DiT_noref_3,0.82,0.15,730,0.16399999999999998,0.03,0.004919999999999999,0.05072164948453608
356,User_DiT_1,3.89,4.0,730,0.778,0.8,0.6224000000000001,0.7888466413181242
356,User_DiT_2,3.89,4.0,730,0.778,0.8,0.6224000000000001,0.7888466413181242
356,User_DiT_3,3.89,4.0,730,0.778,0.8,0.6224000000000001,0.7888466413181242
356,Sys_DiT_noref_1,4.12,2.35,730,0.8240000000000001,0.47000000000000003,0.38728000000000007,0.5985780525502319
356,Sys_DiT_noref_2,4.12,2.35,730,0.8240000000000001,0.47000000000000003,0.38728000000000007,0.5985780525502319
356,Sys_DiT_noref_3,4.12,3.65,730,0.8240000000000001,0.73,0.60152,0.7741570141570142
357,User_DiT_1,4.44,4.0,730,0.8880000000000001,0.8,0.7104000000000001,0.8417061611374408
357,User_DiT_2,5.0,4.0,730,1.0,0.8,0.8,0.888888888888889
357,User_DiT_3,4.44,3.0,730,0.8880000000000001,0.6,0.5328,0.7161290322580646
357,Sys_DiT_noref_1,4.65,2.85,730,0.93,0.5700000000000001,0.5301000000000001,0.7068000000000002
357,Sys_DiT_noref_2,4.85,3.2,730,0.97,0.64,0.6208,0.7711801242236026
357,Sys_DiT_noref_3,4.85,3.2,730,0.97,0.64,0.6208,0.7711801242236026
358,User_DiT_1,3.33,1.0,730,0.666,0.2,0.1332,0.30762124711316396
358,User_DiT_2,4.38,2.0,730,0.876,0.4,0.35040000000000004,0.5492163009404389
358,User_DiT_3,2.78,1.0,730,0.5559999999999999,0.2,0.1112,0.29417989417989415
358,Sys_DiT_noref_1,2.85,1.2,730,0.5700000000000001,0.24,0.1368,0.3377777777777778
358,Sys_DiT_noref_2,4.12,2.85,730,0.8240000000000001,0.5700000000000001,0.4696800000000001,0.6738593974175037
358,Sys_DiT_noref_3,1.85,1.2,730,0.37,0.24,0.08879999999999999,0.2911475409836065
359,User_DiT_1,5.0,4.0,730,1.0,0.8,0.8,0.888888888888889
359,User_DiT_2,5.0,3.0,730,1.0,0.6,0.6,0.7499999999999999
359,User_DiT_3,5.0,4.0,730,1.0,0.8,0.8,0.888888888888889
359,Sys_DiT_noref_1,3.85,4.15,730,0.77,0.8300000000000001,0.6391000000000001,0.7988750000000001
359,Sys_DiT_noref_2,4.12,3.85,730,0.8240000000000001,0.77,0.63448,0.7960853199498118
359,Sys_DiT_noref_3,3.85,3.6,730,0.77,0.72,0.5544,0.7441610738255033
360,User_DiT_1,0.0,1.0,743,0.0,0.2,0.0,0.0
360,User_DiT_2,0.0,3.0,743,0.0,0.6,0.0,0.0
360,User_DiT_3,0.0,3.0,743,0.0,0.6,0.0,0.0
360,Sys_DiT_noref_1,0.15,1.2,743,0.03,0.24,0.0072,0.05333333333333333
360,Sys_DiT_noref_2,0.12,0.85,743,0.024,0.16999999999999998,0.004079999999999999,0.04206185567010309
360,Sys_DiT_noref_3,0.15,1.85,743,0.03,0.37,0.011099999999999999,0.055499999999999994
361,User_DiT_1,0.0,4.0,743,0.0,0.8,0.0,0.0
361,User_DiT_2,3.75,3.0,743,0.75,0.6,0.44999999999999996,0.6666666666666665
361,User_DiT_3,0.0,4.0,743,0.0,0.8,0.0,0.0
361,Sys_DiT_noref_1,4.85,2.15,743,0.97,0.43,0.41709999999999997,0.5958571428571429
361,Sys_DiT_noref_2,4.85,3.75,743,0.97,0.75,0.7275,0.8459302325581396
361,Sys_DiT_noref_3,4.12,2.85,743,0.8240000000000001,0.5700000000000001,0.4696800000000001,0.6738593974175037
362,User_DiT_1,5.0,5.0,743,1.0,1.0,1.0,1.0
362,User_DiT_2,5.0,5.0,743,1.0,1.0,1.0,1.0
362,User_DiT_3,5.0,5.0,743,1.0,1.0,1.0,1.0
362,Sys_DiT_noref_1,4.92,4.15,743,0.984,0.8300000000000001,0.8167200000000001,0.9004630650496142
362,Sys_DiT_noref_2,4.92,4.95,743,0.984,0.99,0.97416,0.9869908814589666
362,Sys_DiT_noref_3,4.85,4.92,743,0.97,0.984,0.95448,0.976949846468782
363,User_DiT_1,3.33,2.0,743,0.666,0.4,0.2664,0.499812382739212
363,User_DiT_2,3.33,3.0,743,0.666,0.6,0.3996,0.6312796208530805
363,User_DiT_3,3.33,2.0,743,0.666,0.4,0.2664,0.499812382739212
363,Sys_DiT_noref_1,3.85,2.15,743,0.77,0.43,0.3311,0.5518333333333334
363,Sys_DiT_noref_2,2.85,1.65,743,0.5700000000000001,0.32999999999999996,0.1881,0.418
363,Sys_DiT_noref_3,3.85,1.92,743,0.77,0.384,0.29568,0.5124436741767765
364,User_DiT_1,5.0,4.0,743,1.0,0.8,0.8,0.888888888888889
364,User_DiT_2,5.0,5.0,743,1.0,1.0,1.0,1.0
364,User_DiT_3,5.0,4.0,743,1.0,0.8,0.8,0.888888888888889
364,Sys_DiT_noref_1,4.12,2.85,743,0.8240000000000001,0.5700000000000001,0.4696800000000001,0.6738593974175037
364,Sys_DiT_noref_2,4.15,4.25,743,0.8300000000000001,0.85,0.7055,0.8398809523809523
364,Sys_DiT_noref_3,4.65,3.85,743,0.93,0.77,0.7161000000000001,0.8424705882352941
365,User_DiT_1,3.57,2.0,746,0.714,0.4,0.2856,0.5127468581687613
365,User_DiT_2,3.57,2.0,746,0.714,0.4,0.2856,0.5127468581687613
365,User_DiT_3,3.57,4.0,746,0.714,0.8,0.5712,0.7545574636723911
365,Sys_DiT_noref_1,3.45,2.85,746,0.6900000000000001,0.5700000000000001,0.3933000000000001,0.6242857142857143
365,Sys_DiT_noref_2,2.85,1.42,746,0.5700000000000001,0.284,0.16188,0.3791100702576112
365,Sys_DiT_noref_3,2.85,1.9,746,0.5700000000000001,0.38,0.21660000000000001,0.456
366,User_DiT_1,1.25,1.0,746,0.25,0.2,0.05,0.22222222222222224
366,User_DiT_2,1.25,3.0,746,0.25,0.6,0.15,0.35294117647058826
366,User_DiT_3,1.25,2.0,746,0.25,0.4,0.1,0.3076923076923077
366,Sys_DiT_noref_1,1.25,0.85,746,0.25,0.16999999999999998,0.042499999999999996,0.20238095238095238
366,Sys_DiT_noref_2,0.15,0.85,746,0.03,0.16999999999999998,0.0050999999999999995,0.051
366,Sys_DiT_noref_3,1.15,4.85,746,0.22999999999999998,0.97,0.22309999999999997,0.3718333333333333
367,User_DiT_1,3.57,4.0,746,0.714,0.8,0.5712,0.7545574636723911
367,User_DiT_2,3.57,3.0,746,0.714,0.6,0.42839999999999995,0.6520547945205478
367,User_DiT_3,3.57,4.0,746,0.714,0.8,0.5712,0.7545574636723911
367,Sys_DiT_noref_1,2.85,3.1,746,0.5700000000000001,0.62,0.35340000000000005,0.5939495798319329
367,Sys_DiT_noref_2,3.15,2.85,746,0.63,0.5700000000000001,0.35910000000000003,0.5984999999999999
367,Sys_DiT_noref_3,2.85,3.6,746,0.5700000000000001,0.72,0.41040000000000004,0.6362790697674419
368,User_DiT_1,0.62,2.0,746,0.124,0.4,0.049600000000000005,0.18931297709923664
368,User_DiT_2,0.62,2.0,746,0.124,0.4,0.049600000000000005,0.18931297709923664
368,User_DiT_3,5.0,2.0,746,1.0,0.4,0.4,0.5714285714285715
368,Sys_DiT_noref_1,1.25,2.85,746,0.25,0.5700000000000001,0.14250000000000002,0.34756097560975613
368,Sys_DiT_noref_2,0.15,1.2,746,0.03,0.24,0.0072,0.05333333333333333
368,Sys_DiT_noref_3,1.15,1.82,746,0.22999999999999998,0.364,0.08371999999999999,0.28188552188552185
369,User_DiT_1,4.17,1.0,746,0.834,0.2,0.1668,0.3226305609284333
369,User_DiT_2,4.29,1.0,746,0.858,0.2,0.1716,0.3243856332703213
369,User_DiT_3,4.17,3.0,746,0.834,0.6,0.5004,0.697907949790795
369,Sys_DiT_noref_1,3.85,1.25,746,0.77,0.25,0.1925,0.37745098039215685
369,Sys_DiT_noref_2,3.12,1.85,746,0.624,0.37,0.23088,0.46454728370221327
369,Sys_DiT_noref_3,4.12,1.85,746,0.8240000000000001,0.37,0.30488000000000004,0.5106867671691793
370,User_DiT_1,1.5,4.0,755,0.3,0.8,0.24,0.4363636363636363
370,User_DiT_2,5.0,2.0,755,1.0,0.4,0.4,0.5714285714285715
370,User_DiT_3,5.0,2.0,755,1.0,0.4,0.4,0.5714285714285715
370,Sys_DiT_noref_1,4.85,3.7,755,0.97,0.74,0.7178,0.83953216374269
370,Sys_DiT_noref_2,3.85,1.42,755,0.77,0.284,0.21867999999999999,0.4149525616698292
370,Sys_DiT_noref_3,4.85,3.2,755,0.97,0.64,0.6208,0.7711801242236026
371,User_DiT_1,5.0,3.0,755,1.0,0.6,0.6,0.7499999999999999
371,User_DiT_2,4.5,4.0,755,0.9,0.8,0.7200000000000001,0.8470588235294118
371,User_DiT_3,5.0,3.0,755,1.0,0.6,0.6,0.7499999999999999
371,Sys_DiT_noref_1,4.62,2.85,755,0.924,0.5700000000000001,0.52668,0.7050602409638553
371,Sys_DiT_noref_2,4.65,2.85,755,0.93,0.5700000000000001,0.5301000000000001,0.7068000000000002
371,Sys_DiT_noref_3,4.65,2.15,755,0.93,0.43,0.39990000000000003,0.5880882352941177
372,User_DiT_1,5.0,5.0,755,1.0,1.0,1.0,1.0
372,User_DiT_2,5.0,5.0,755,1.0,1.0,1.0,1.0
372,User_DiT_3,5.0,3.0,755,1.0,0.6,0.6,0.7499999999999999
372,Sys_DiT_noref_1,4.85,5.0,755,0.97,1.0,0.97,0.9847715736040609
372,Sys_DiT_noref_2,4.82,4.95,755,0.9640000000000001,0.99,0.9543600000000001,0.9768270214943705
372,Sys_DiT_noref_3,4.65,4.92,755,0.93,0.984,0.91512,0.9562382445141066
373,User_DiT_1,0.56,1.0,755,0.11200000000000002,0.2,0.022400000000000003,0.14358974358974358
373,User_DiT_2,5.0,1.0,755,1.0,0.2,0.2,0.33333333333333337
373,User_DiT_3,0.56,1.0,755,0.11200000000000002,0.2,0.022400000000000003,0.14358974358974358
373,Sys_DiT_noref_1,0.85,0.92,755,0.16999999999999998,0.184,0.031279999999999995,0.1767231638418079
373,Sys_DiT_noref_2,0.85,1.2,755,0.16999999999999998,0.24,0.040799999999999996,0.19902439024390242
373,Sys_DiT_noref_3,4.85,3.75,755,0.97,0.75,0.7275,0.8459302325581396
374,User_DiT_1,5.0,5.0,755,1.0,1.0,1.0,1.0
374,User_DiT_2,5.0,5.0,755,1.0,1.0,1.0,1.0
374,User_DiT_3,5.0,5.0,755,1.0,1.0,1.0,1.0
374,Sys_DiT_noref_1,5.0,5.0,755,1.0,1.0,1.0,1.0
374,Sys_DiT_noref_2,4.92,4.95,755,0.984,0.99,0.97416,0.9869908814589666
374,Sys_DiT_noref_3,4.92,4.95,755,0.984,0.99,0.97416,0.9869908814589666
375,User_DiT_1,5.0,2.0,756,1.0,0.4,0.4,0.5714285714285715
375,User_DiT_2,5.0,4.0,756,1.0,0.8,0.8,0.888888888888889
375,User_DiT_3,5.0,4.0,756,1.0,0.8,0.8,0.888888888888889
375,Sys_DiT_noref_1,4.85,3.2,756,0.97,0.64,0.6208,0.7711801242236026
375,Sys_DiT_noref_2,4.12,2.85,756,0.8240000000000001,0.5700000000000001,0.4696800000000001,0.6738593974175037
375,Sys_DiT_noref_3,4.85,3.2,756,0.97,0.64,0.6208,0.7711801242236026
376,User_DiT_1,3.89,3.0,756,0.778,0.6,0.4668,0.6775036284470246
376,User_DiT_2,3.89,3.0,756,0.778,0.6,0.4668,0.6775036284470246
376,User_DiT_3,5.0,3.0,756,1.0,0.6,0.6,0.7499999999999999
376,Sys_DiT_noref_1,3.65,2.15,756,0.73,0.43,0.3139,0.5412068965517242
376,Sys_DiT_noref_2,3.85,2.15,756,0.77,0.43,0.3311,0.5518333333333334
376,Sys_DiT_noref_3,4.12,2.85,756,0.8240000000000001,0.5700000000000001,0.4696800000000001,0.6738593974175037
377,User_DiT_1,4.0,4.0,756,0.8,0.8,0.6400000000000001,0.8000000000000002
377,User_DiT_2,4.0,4.0,756,0.8,0.8,0.6400000000000001,0.8000000000000002
377,User_DiT_3,4.0,4.0,756,0.8,0.8,0.6400000000000001,0.8000000000000002
377,Sys_DiT_noref_1,4.15,3.85,756,0.8300000000000001,0.77,0.6391000000000001,0.7988750000000001
377,Sys_DiT_noref_2,4.15,3.85,756,0.8300000000000001,0.77,0.6391000000000001,0.7988750000000001
377,Sys_DiT_noref_3,3.85,4.62,756,0.77,0.924,0.71148,0.8400000000000001
378,User_DiT_1,4.29,3.0,756,0.858,0.6,0.5147999999999999,0.7061728395061727
378,User_DiT_2,4.29,3.0,756,0.858,0.6,0.5147999999999999,0.7061728395061727
378,User_DiT_3,4.29,2.0,756,0.858,0.4,0.3432,0.5456279809220985
378,Sys_DiT_noref_1,3.85,1.65,756,0.77,0.32999999999999996,0.2541,0.46199999999999997
378,Sys_DiT_noref_2,3.85,2.15,756,0.77,0.43,0.3311,0.5518333333333334
378,Sys_DiT_noref_3,3.65,1.85,756,0.73,0.37,0.2701,0.4910909090909091
379,User_DiT_1,4.17,2.0,756,0.834,0.4,0.3336,0.5406807131280389
379,User_DiT_2,4.17,2.0,756,0.834,0.4,0.3336,0.5406807131280389
379,User_DiT_3,4.17,2.0,756,0.834,0.4,0.3336,0.5406807131280389
379,Sys_DiT_noref_1,3.85,2.15,756,0.77,0.43,0.3311,0.5518333333333334
379,Sys_DiT_noref_2,4.12,2.35,756,0.8240000000000001,0.47000000000000003,0.38728000000000007,0.5985780525502319
379,Sys_DiT_noref_3,4.15,2.35,756,0.8300000000000001,0.47000000000000003,0.39010000000000006,0.6001538461538463
380,User_DiT_1,5.0,5.0,806,1.0,1.0,1.0,1.0
380,User_DiT_2,0.0,3.0,806,0.0,0.6,0.0,0.0
380,User_DiT_3,5.0,5.0,806,1.0,1.0,1.0,1.0
380,Sys_DiT_noref_1,4.92,4.98,806,0.984,0.9960000000000001,0.980064,0.9899636363636364
380,Sys_DiT_noref_2,4.65,4.12,806,0.93,0.8240000000000001,0.7663200000000001,0.8737970353477766
380,Sys_DiT_noref_3,4.35,3.85,806,0.8699999999999999,0.77,0.6698999999999999,0.8169512195121951
381,User_DiT_1,5.0,4.0,806,1.0,0.8,0.8,0.888888888888889
381,User_DiT_2,5.0,5.0,806,1.0,1.0,1.0,1.0
381,User_DiT_3,5.0,5.0,806,1.0,1.0,1.0,1.0
381,Sys_DiT_noref_1,4.65,3.85,806,0.93,0.77,0.7161000000000001,0.8424705882352941
381,Sys_DiT_noref_2,4.75,3.85,806,0.95,0.77,0.7314999999999999,0.8505813953488371
381,Sys_DiT_noref_3,4.25,3.85,806,0.85,0.77,0.6545,0.8080246913580246
382,User_DiT_1,5.0,5.0,806,1.0,1.0,1.0,1.0
382,User_DiT_2,5.0,5.0,806,1.0,1.0,1.0,1.0
382,User_DiT_3,4.44,5.0,806,0.8880000000000001,1.0,0.8880000000000001,0.940677966101695
382,Sys_DiT_noref_1,4.98,5.0,806,0.9960000000000001,1.0,0.9960000000000001,0.997995991983968
382,Sys_DiT_noref_2,4.92,4.98,806,0.984,0.9960000000000001,0.980064,0.9899636363636364
382,Sys_DiT_noref_3,4.92,4.98,806,0.984,0.9960000000000001,0.980064,0.9899636363636364
383,User_DiT_1,5.0,4.0,806,1.0,0.8,0.8,0.888888888888889
383,User_DiT_2,5.0,4.0,806,1.0,0.8,0.8,0.888888888888889
383,User_DiT_3,5.0,4.0,806,1.0,0.8,0.8,0.888888888888889
383,Sys_DiT_noref_1,4.68,4.12,806,0.9359999999999999,0.8240000000000001,0.7712640000000001,0.8764363636363637
383,Sys_DiT_noref_2,4.85,4.6,806,0.97,0.9199999999999999,0.8923999999999999,0.9443386243386243
383,Sys_DiT_noref_3,4.65,3.85,806,0.93,0.77,0.7161000000000001,0.8424705882352941
384,User_DiT_1,5.0,5.0,806,1.0,1.0,1.0,1.0
384,User_DiT_2,5.0,5.0,806,1.0,1.0,1.0,1.0
384,User_DiT_3,5.0,4.0,806,1.0,0.8,0.8,0.888888888888889
384,Sys_DiT_noref_1,4.25,3.85,806,0.85,0.77,0.6545,0.8080246913580246
384,Sys_DiT_noref_2,4.92,5.0,806,0.984,1.0,0.984,0.9919354838709677
384,Sys_DiT_noref_3,4.65,3.85,806,0.93,0.77,0.7161000000000001,0.8424705882352941
385,User_DiT_1,3.12,3.0,810,0.624,0.6,0.3744,0.611764705882353
385,User_DiT_2,2.5,3.0,810,0.5,0.6,0.3,0.5454545454545454
385,User_DiT_3,2.5,3.0,810,0.5,0.6,0.3,0.5454545454545454
385,Sys_DiT_noref_1,3.65,1.85,810,0.73,0.37,0.2701,0.4910909090909091
385,Sys_DiT_noref_2,4.65,1.85,810,0.93,0.37,0.3441,0.5293846153846153
385,Sys_DiT_noref_3,1.25,1.85,810,0.25,0.37,0.0925,0.29838709677419356
386,User_DiT_1,3.75,4.0,810,0.75,0.8,0.6000000000000001,0.7741935483870969
386,User_DiT_2,3.75,4.0,810,0.75,0.8,0.6000000000000001,0.7741935483870969
386,User_DiT_3,3.75,4.0,810,0.75,0.8,0.6000000000000001,0.7741935483870969
386,Sys_DiT_noref_1,4.85,3.72,810,0.97,0.744,0.72168,0.842100350058343
386,Sys_DiT_noref_2,4.12,4.65,810,0.8240000000000001,0.93,0.7663200000000001,0.8737970353477766
386,Sys_DiT_noref_3,4.15,4.85,810,0.8300000000000001,0.97,0.8051,0.8945555555555555
387,User_DiT_1,4.38,3.0,810,0.876,0.6,0.5256,0.7121951219512195
387,User_DiT_2,3.75,3.0,810,0.75,0.6,0.44999999999999996,0.6666666666666665
387,User_DiT_3,4.38,4.0,810,0.876,0.8,0.7008000000000001,0.8362768496420048
387,Sys_DiT_noref_1,4.65,3.82,810,0.93,0.764,0.71052,0.8388665879574971
387,Sys_DiT_noref_2,4.85,4.62,810,0.97,0.924,0.89628,0.9464413938753959
387,Sys_DiT_noref_3,4.85,3.2,810,0.97,0.64,0.6208,0.7711801242236026
388,User_DiT_1,3.75,4.0,810,0.75,0.8,0.6000000000000001,0.7741935483870969
388,User_DiT_2,3.75,2.0,810,0.75,0.4,0.30000000000000004,0.5217391304347827
388,User_DiT_3,3.75,3.0,810,0.75,0.6,0.44999999999999996,0.6666666666666665
388,Sys_DiT_noref_1,2.85,2.1,810,0.5700000000000001,0.42000000000000004,0.23940000000000006,0.4836363636363637
388,Sys_DiT_noref_2,3.85,2.15,810,0.77,0.43,0.3311,0.5518333333333334
388,Sys_DiT_noref_3,4.15,3.85,810,0.8300000000000001,0.77,0.6391000000000001,0.7988750000000001
389,User_DiT_1,3.12,2.0,810,0.624,0.4,0.24960000000000002,0.48750000000000004
389,User_DiT_2,3.12,3.0,810,0.624,0.6,0.3744,0.611764705882353
389,User_DiT_3,3.12,3.0,810,0.624,0.6,0.3744,0.611764705882353
389,Sys_DiT_noref_1,1.25,1.85,810,0.25,0.37,0.0925,0.29838709677419356
389,Sys_DiT_noref_2,4.12,2.85,810,0.8240000000000001,0.5700000000000001,0.4696800000000001,0.6738593974175037
389,Sys_DiT_noref_3,0.85,2.15,810,0.16999999999999998,0.43,0.0731,0.24366666666666667
390,User_DiT_1,4.0,2.0,819,0.8,0.4,0.32000000000000006,0.5333333333333333
390,User_DiT_2,4.0,2.0,819,0.8,0.4,0.32000000000000006,0.5333333333333333
390,User_DiT_3,4.0,2.0,819,0.8,0.4,0.32000000000000006,0.5333333333333333
390,Sys_DiT_noref_1,3.82,1.95,819,0.764,0.39,0.29796,0.5163951473136915
390,Sys_DiT_noref_2,4.12,2.85,819,0.8240000000000001,0.5700000000000001,0.4696800000000001,0.6738593974175037
390,Sys_DiT_noref_3,4.12,1.85,819,0.8240000000000001,0.37,0.30488000000000004,0.5106867671691793
391,User_DiT_1,4.17,3.0,819,0.834,0.6,0.5004,0.697907949790795
391,User_DiT_2,5.0,3.0,819,1.0,0.6,0.6,0.7499999999999999
391,User_DiT_3,4.17,4.0,819,0.834,0.8,0.6672,0.8166462668298654
391,Sys_DiT_noref_1,4.65,3.85,819,0.93,0.77,0.7161000000000001,0.8424705882352941
391,Sys_DiT_noref_2,4.72,2.85,819,0.944,0.5700000000000001,0.53808,0.7108058124174372
391,Sys_DiT_noref_3,4.12,2.85,819,0.8240000000000001,0.5700000000000001,0.4696800000000001,0.6738593974175037
392,User_DiT_1,5.0,2.0,819,1.0,0.4,0.4,0.5714285714285715
392,User_DiT_2,5.0,2.0,819,1.0,0.4,0.4,0.5714285714285715
392,User_DiT_3,5.0,3.0,819,1.0,0.6,0.6,0.7499999999999999
392,Sys_DiT_noref_1,4.15,2.85,819,0.8300000000000001,0.5700000000000001,0.4731000000000001,0.6758571428571429
392,Sys_DiT_noref_2,4.15,1.85,819,0.8300000000000001,0.37,0.30710000000000004,0.5118333333333334
392,Sys_DiT_noref_3,4.12,2.85,819,0.8240000000000001,0.5700000000000001,0.4696800000000001,0.6738593974175037
393,User_DiT_1,1.25,2.0,819,0.25,0.4,0.1,0.3076923076923077
393,User_DiT_2,1.25,2.0,819,0.25,0.4,0.1,0.3076923076923077
393,User_DiT_3,1.25,2.0,819,0.25,0.4,0.1,0.3076923076923077
393,Sys_DiT_noref_1,1.85,3.42,819,0.37,0.6839999999999999,0.25307999999999997,0.4802277039848198
393,Sys_DiT_noref_2,2.15,1.85,819,0.43,0.37,0.1591,0.39774999999999994
393,Sys_DiT_noref_3,1.85,1.62,819,0.37,0.324,0.11988,0.3454755043227666
394,User_DiT_1,5.0,4.0,819,1.0,0.8,0.8,0.888888888888889
394,User_DiT_2,5.0,2.0,819,1.0,0.4,0.4,0.5714285714285715
394,User_DiT_3,5.0,2.0,819,1.0,0.4,0.4,0.5714285714285715
394,Sys_DiT_noref_1,4.12,2.85,819,0.8240000000000001,0.5700000000000001,0.4696800000000001,0.6738593974175037
394,Sys_DiT_noref_2,3.85,2.15,819,0.77,0.43,0.3311,0.5518333333333334
394,Sys_DiT_noref_3,4.12,2.85,819,0.8240000000000001,0.5700000000000001,0.4696800000000001,0.6738593974175037
395,User_DiT_1,0.71,1.0,836,0.142,0.2,0.028399999999999998,0.16608187134502925
395,User_DiT_2,0.83,2.0,836,0.16599999999999998,0.4,0.0664,0.23462897526501764
395,User_DiT_3,0.71,1.0,836,0.142,0.2,0.028399999999999998,0.16608187134502925
395,Sys_DiT_noref_1,0.42,0.15,836,0.08399999999999999,0.03,0.0025199999999999997,0.04421052631578947
395,Sys_DiT_noref_2,1.25,0.85,836,0.25,0.16999999999999998,0.042499999999999996,0.20238095238095238
395,Sys_DiT_noref_3,4.85,1.2,836,0.97,0.24,0.23279999999999998,0.384793388429752
396,User_DiT_1,1.43,4.0,836,0.286,0.8,0.2288,0.42136279926335174
396,User_DiT_2,1.43,1.0,836,0.286,0.2,0.0572,0.23539094650205764
396,User_DiT_3,0.0,4.0,836,0.0,0.8,0.0,0.0
396,Sys_DiT_noref_1,0.15,3.85,836,0.03,0.77,0.0231,0.057749999999999996
396,Sys_DiT_noref_2,0.12,3.85,836,0.024,0.77,0.01848,0.046549118387909316
396,Sys_DiT_noref_3,1.25,3.85,836,0.25,0.77,0.1925,0.37745098039215685
397,User_DiT_1,0.0,1.0,836,0.0,0.2,0.0,0.0
397,User_DiT_2,0.0,1.0,836,0.0,0.2,0.0,0.0
397,User_DiT_3,0.0,1.0,836,0.0,0.2,0.0,0.0
397,Sys_DiT_noref_1,0.12,0.85,836,0.024,0.16999999999999998,0.004079999999999999,0.04206185567010309
397,Sys_DiT_noref_2,0.15,1.2,836,0.03,0.24,0.0072,0.05333333333333333
397,Sys_DiT_noref_3,0.15,1.25,836,0.03,0.25,0.0075,0.05357142857142856
398,User_DiT_1,0.0,4.0,836,0.0,0.8,0.0,0.0
398,User_DiT_2,0.0,3.0,836,0.0,0.6,0.0,0.0
398,User_DiT_3,0.0,4.0,836,0.0,0.8,0.0,0.0
398,Sys_DiT_noref_1,0.15,1.85,836,0.03,0.37,0.011099999999999999,0.055499999999999994
398,Sys_DiT_noref_2,0.15,2.85,836,0.03,0.5700000000000001,0.0171,0.056999999999999995
398,Sys_DiT_noref_3,0.85,3.2,836,0.16999999999999998,0.64,0.1088,0.2686419753086419
399,User_DiT_1,0.83,1.0,836,0.16599999999999998,0.2,0.0332,0.1814207650273224
399,User_DiT_2,0.83,1.0,836,0.16599999999999998,0.2,0.0332,0.1814207650273224
399,User_DiT_3,0.83,0.0,836,0.16599999999999998,0.0,0.0,0.0
399,Sys_DiT_noref_1,0.12,0.85,836,0.024,0.16999999999999998,0.004079999999999999,0.04206185567010309
399,Sys_DiT_noref_2,0.12,0.85,836,0.024,0.16999999999999998,0.004079999999999999,0.04206185567010309
399,Sys_DiT_noref_3,0.15,0.85,836,0.03,0.16999999999999998,0.0050999999999999995,0.051
400,User_DiT_1,5.0,4.0,903,1.0,0.8,0.8,0.888888888888889
400,User_DiT_2,5.0,4.0,903,1.0,0.8,0.8,0.888888888888889
400,User_DiT_3,5.0,4.0,903,1.0,0.8,0.8,0.888888888888889
400,Sys_DiT_noref_1,4.85,3.2,903,0.97,0.64,0.6208,0.7711801242236026
400,Sys_DiT_noref_2,4.35,3.82,903,0.8699999999999999,0.764,0.6646799999999999,0.8135618115055079
400,Sys_DiT_noref_3,4.35,2.15,903,0.8699999999999999,0.43,0.37409999999999993,0.5755384615384616
401,User_DiT_1,3.57,3.0,903,0.714,0.6,0.42839999999999995,0.6520547945205478
401,User_DiT_2,1.43,2.0,903,0.286,0.4,0.1144,0.3335276967930029
401,User_DiT_3,3.57,2.0,903,0.714,0.4,0.2856,0.5127468581687613
401,Sys_DiT_noref_1,1.25,1.8,903,0.25,0.36,0.09,0.29508196721311475
401,Sys_DiT_noref_2,2.85,1.45,903,0.5700000000000001,0.29,0.1653,0.38441860465116273
401,Sys_DiT_noref_3,2.85,1.2,903,0.5700000000000001,0.24,0.1368,0.3377777777777778
402,User_DiT_1,2.86,4.0,903,0.572,0.8,0.4576,0.6670553935860059
402,User_DiT_2,2.86,4.0,903,0.572,0.8,0.4576,0.6670553935860059
402,User_DiT_3,0.71,4.0,903,0.142,0.8,0.11359999999999999,0.24118895966029721
402,Sys_DiT_noref_1,3.12,2.85,903,0.624,0.5700000000000001,0.35568000000000005,0.5957788944723619
402,Sys_DiT_noref_2,4.15,1.85,903,0.8300000000000001,0.37,0.30710000000000004,0.5118333333333334
402,Sys_DiT_noref_3,1.85,1.2,903,0.37,0.24,0.08879999999999999,0.2911475409836065
403,User_DiT_1,5.0,4.0,903,1.0,0.8,0.8,0.888888888888889
403,User_DiT_2,5.0,4.0,903,1.0,0.8,0.8,0.888888888888889
403,User_DiT_3,5.0,4.0,903,1.0,0.8,0.8,0.888888888888889
403,Sys_DiT_noref_1,4.85,4.72,903,0.97,0.944,0.9156799999999999,0.9568234064785789
403,Sys_DiT_noref_2,4.85,3.2,903,0.97,0.64,0.6208,0.7711801242236026
403,Sys_DiT_noref_3,4.65,3.85,903,0.93,0.77,0.7161000000000001,0.8424705882352941
404,User_DiT_1,0.0,4.0,903,0.0,0.8,0.0,0.0
404,User_DiT_2,3.57,4.0,903,0.714,0.8,0.5712,0.7545574636723911
404,User_DiT_3,0.0,3.0,903,0.0,0.6,0.0,0.0
404,Sys_DiT_noref_1,3.45,1.85,903,0.6900000000000001,0.37,0.2553,0.4816981132075472
404,Sys_DiT_noref_2,2.85,1.65,903,0.5700000000000001,0.32999999999999996,0.1881,0.418
404,Sys_DiT_noref_3,3.85,4.2,903,0.77,0.8400000000000001,0.6468,0.8034782608695652
405,User_DiT_1,4.29,3.0,917,0.858,0.6,0.5147999999999999,0.7061728395061727
405,User_DiT_2,4.29,3.0,917,0.858,0.6,0.5147999999999999,0.7061728395061727
405,User_DiT_3,4.29,3.0,917,0.858,0.6,0.5147999999999999,0.7061728395061727
405,Sys_DiT_noref_1,4.12,2.85,917,0.8240000000000001,0.5700000000000001,0.4696800000000001,0.6738593974175037
405,Sys_DiT_noref_2,3.12,1.85,917,0.624,0.37,0.23088,0.46454728370221327
405,Sys_DiT_noref_3,4.12,2.85,917,0.8240000000000001,0.5700000000000001,0.4696800000000001,0.6738593974175037
406,User_DiT_1,0.0,2.0,917,0.0,0.4,0.0,0.0
406,User_DiT_2,3.0,2.0,917,0.6,0.4,0.24,0.48
406,User_DiT_3,5.0,2.0,917,1.0,0.4,0.4,0.5714285714285715
406,Sys_DiT_noref_1,3.42,1.85,917,0.6839999999999999,0.37,0.25307999999999997,0.4802277039848198
406,Sys_DiT_noref_2,3.85,1.92,917,0.77,0.384,0.29568,0.5124436741767765
406,Sys_DiT_noref_3,3.42,1.85,917,0.6839999999999999,0.37,0.25307999999999997,0.4802277039848198
407,User_DiT_1,4.29,2.0,917,0.858,0.4,0.3432,0.5456279809220985
407,User_DiT_2,4.29,2.0,917,0.858,0.4,0.3432,0.5456279809220985
407,User_DiT_3,4.29,2.0,917,0.858,0.4,0.3432,0.5456279809220985
407,Sys_DiT_noref_1,3.42,1.85,917,0.6839999999999999,0.37,0.25307999999999997,0.4802277039848198
407,Sys_DiT_noref_2,3.85,2.15,917,0.77,0.43,0.3311,0.5518333333333334
407,Sys_DiT_noref_3,4.12,2.85,917,0.8240000000000001,0.5700000000000001,0.4696800000000001,0.6738593974175037
408,User_DiT_1,3.57,2.0,917,0.714,0.4,0.2856,0.5127468581687613
408,User_DiT_2,3.57,2.0,917,0.714,0.4,0.2856,0.5127468581687613
408,User_DiT_3,2.86,2.0,917,0.572,0.4,0.2288,0.47078189300411527
408,Sys_DiT_noref_1,3.42,2.85,917,0.6839999999999999,0.5700000000000001,0.38988,0.6218181818181818
408,Sys_DiT_noref_2,3.85,2.15,917,0.77,0.43,0.3311,0.5518333333333334
408,Sys_DiT_noref_3,3.42,2.85,917,0.6839999999999999,0.5700000000000001,0.38988,0.6218181818181818
409,User_DiT_1,4.17,1.0,917,0.834,0.2,0.1668,0.3226305609284333
409,User_DiT_2,4.17,1.0,917,0.834,0.2,0.1668,0.3226305609284333
409,User_DiT_3,3.33,3.0,917,0.666,0.6,0.3996,0.6312796208530805
409,Sys_DiT_noref_1,2.85,1.2,917,0.5700000000000001,0.24,0.1368,0.3377777777777778
409,Sys_DiT_noref_2,3.85,1.92,917,0.77,0.384,0.29568,0.5124436741767765
409,Sys_DiT_noref_3,3.12,1.85,917,0.624,0.37,0.23088,0.46454728370221327
410,User_DiT_1,1.25,1.0,919,0.25,0.2,0.05,0.22222222222222224
410,User_DiT_2,1.25,1.0,919,0.25,0.2,0.05,0.22222222222222224
410,User_DiT_3,1.25,1.0,919,0.25,0.2,0.05,0.22222222222222224
410,Sys_DiT_noref_1,1.85,0.92,919,0.37,0.184,0.06808,0.24577617328519855
410,Sys_DiT_noref_2,1.85,1.2,919,0.37,0.24,0.08879999999999999,0.2911475409836065
410,Sys_DiT_noref_3,1.85,0.92,919,0.37,0.184,0.06808,0.24577617328519855
411,User_DiT_1,3.12,1.0,919,0.624,0.2,0.12480000000000001,0.3029126213592233
411,User_DiT_2,3.12,1.0,919,0.624,0.2,0.12480000000000001,0.3029126213592233
411,User_DiT_3,3.12,1.0,919,0.624,0.2,0.12480000000000001,0.3029126213592233
411,Sys_DiT_noref_1,2.85,1.2,919,0.5700000000000001,0.24,0.1368,0.3377777777777778
411,Sys_DiT_noref_2,2.85,1.92,919,0.5700000000000001,0.384,0.21888000000000002,0.4588679245283019
411,Sys_DiT_noref_3,2.15,1.2,919,0.43,0.24,0.1032,0.30805970149253736
412,User_DiT_1,1.88,2.0,919,0.376,0.4,0.1504,0.38762886597938145
412,User_DiT_2,1.88,1.0,919,0.376,0.2,0.0752,0.26111111111111107
412,User_DiT_3,2.5,1.0,919,0.5,0.2,0.1,0.28571428571428575
412,Sys_DiT_noref_1,1.24,0.85,919,0.248,0.16999999999999998,0.042159999999999996,0.2017224880382775
412,Sys_DiT_noref_2,1.85,1.2,919,0.37,0.24,0.08879999999999999,0.2911475409836065
412,Sys_DiT_noref_3,1.85,0.92,919,0.37,0.184,0.06808,0.24577617328519855
413,User_DiT_1,2.5,1.0,919,0.5,0.2,0.1,0.28571428571428575
413,User_DiT_2,2.5,2.0,919,0.5,0.4,0.2,0.4444444444444445
413,User_DiT_3,2.5,1.0,919,0.5,0.2,0.1,0.28571428571428575
413,Sys_DiT_noref_1,2.15,0.85,919,0.43,0.16999999999999998,0.0731,0.24366666666666667
413,Sys_DiT_noref_2,2.15,0.85,919,0.43,0.16999999999999998,0.0731,0.24366666666666667
413,Sys_DiT_noref_3,2.15,0.85,919,0.43,0.16999999999999998,0.0731,0.24366666666666667
414,User_DiT_1,1.67,1.0,919,0.33399999999999996,0.2,0.0668,0.250187265917603
414,User_DiT_2,1.67,2.0,919,0.33399999999999996,0.4,0.1336,0.3640326975476839
414,User_DiT_3,1.11,1.0,919,0.22200000000000003,0.2,0.04440000000000001,0.2104265402843602
414,Sys_DiT_noref_1,1.85,1.2,919,0.37,0.24,0.08879999999999999,0.2911475409836065
414,Sys_DiT_noref_2,1.85,1.2,919,0.37,0.24,0.08879999999999999,0.2911475409836065
414,Sys_DiT_noref_3,1.85,1.2,919,0.37,0.24,0.08879999999999999,0.2911475409836065
415,User_DiT_1,5.0,2.0,920,1.0,0.4,0.4,0.5714285714285715
415,User_DiT_2,4.38,2.0,920,0.876,0.4,0.35040000000000004,0.5492163009404389
415,User_DiT_3,5.0,3.0,920,1.0,0.6,0.6,0.7499999999999999
415,Sys_DiT_noref_1,4.65,1.85,920,0.93,0.37,0.3441,0.5293846153846153
415,Sys_DiT_noref_2,4.85,1.25,920,0.97,0.25,0.2425,0.3975409836065574
415,Sys_DiT_noref_3,4.65,1.85,920,0.93,0.37,0.3441,0.5293846153846153
416,User_DiT_1,2.78,3.0,920,0.5559999999999999,0.6,0.33359999999999995,0.5771626297577854
416,User_DiT_2,2.78,2.0,920,0.5559999999999999,0.4,0.2224,0.46527196652719666
416,User_DiT_3,2.22,2.0,920,0.44400000000000006,0.4,0.17760000000000004,0.4208530805687204
416,Sys_DiT_noref_1,2.15,1.85,920,0.43,0.37,0.1591,0.39774999999999994
416,Sys_DiT_noref_2,4.15,1.85,920,0.8300000000000001,0.37,0.30710000000000004,0.5118333333333334
416,Sys_DiT_noref_3,4.65,2.85,920,0.93,0.5700000000000001,0.5301000000000001,0.7068000000000002
417,User_DiT_1,3.33,3.0,920,0.666,0.6,0.3996,0.6312796208530805
417,User_DiT_2,3.33,3.0,920,0.666,0.6,0.3996,0.6312796208530805
417,User_DiT_3,3.33,3.0,920,0.666,0.6,0.3996,0.6312796208530805
417,Sys_DiT_noref_1,1.85,0.92,920,0.37,0.184,0.06808,0.24577617328519855
417,Sys_DiT_noref_2,2.85,1.92,920,0.5700000000000001,0.384,0.21888000000000002,0.4588679245283019
417,Sys_DiT_noref_3,2.15,1.85,920,0.43,0.37,0.1591,0.39774999999999994
418,User_DiT_1,3.33,2.0,920,0.666,0.4,0.2664,0.499812382739212
418,User_DiT_2,2.22,2.0,920,0.44400000000000006,0.4,0.17760000000000004,0.4208530805687204
418,User_DiT_3,4.44,2.0,920,0.8880000000000001,0.4,0.35520000000000007,0.5515527950310559
418,Sys_DiT_noref_1,2.85,1.42,920,0.5700000000000001,0.284,0.16188,0.3791100702576112
418,Sys_DiT_noref_2,4.65,2.85,920,0.93,0.5700000000000001,0.5301000000000001,0.7068000000000002
418,Sys_DiT_noref_3,4.12,1.85,920,0.8240000000000001,0.37,0.30488000000000004,0.5106867671691793
419,User_DiT_1,5.0,4.0,920,1.0,0.8,0.8,0.888888888888889
419,User_DiT_2,2.5,4.0,920,0.5,0.8,0.4,0.6153846153846154
419,User_DiT_3,5.0,4.0,920,1.0,0.8,0.8,0.888888888888889
419,Sys_DiT_noref_1,4.65,2.85,920,0.93,0.5700000000000001,0.5301000000000001,0.7068000000000002
419,Sys_DiT_noref_2,4.65,2.85,920,0.93,0.5700000000000001,0.5301000000000001,0.7068000000000002
419,Sys_DiT_noref_3,4.85,2.15,920,0.97,0.43,0.41709999999999997,0.5958571428571429
420,User_DiT_1,1.11,1.0,922,0.22200000000000003,0.2,0.04440000000000001,0.2104265402843602
420,User_DiT_2,0.0,1.0,922,0.0,0.2,0.0,0.0
420,User_DiT_3,0.0,1.0,922,0.0,0.2,0.0,0.0
420,Sys_DiT_noref_1,1.85,0.42,922,0.37,0.08399999999999999,0.031079999999999997,0.13691629955947135
420,Sys_DiT_noref_2,0.85,0.92,922,0.16999999999999998,0.184,0.031279999999999995,0.1767231638418079
420,Sys_DiT_noref_3,1.85,0.92,922,0.37,0.184,0.06808,0.24577617328519855
421,User_DiT_1,2.22,1.0,922,0.44400000000000006,0.2,0.08880000000000002,0.27577639751552796
421,User_DiT_2,0.56,1.0,922,0.11200000000000002,0.2,0.022400000000000003,0.14358974358974358
421,User_DiT_3,2.22,1.0,922,0.44400000000000006,0.2,0.08880000000000002,0.27577639751552796
421,Sys_DiT_noref_1,3.85,1.2,922,0.77,0.24,0.1848,0.36594059405940593
421,Sys_DiT_noref_2,4.12,1.85,922,0.8240000000000001,0.37,0.30488000000000004,0.5106867671691793
421,Sys_DiT_noref_3,1.25,0.85,922,0.25,0.16999999999999998,0.042499999999999996,0.20238095238095238
422,User_DiT_1,2.22,1.0,922,0.44400000000000006,0.2,0.08880000000000002,0.27577639751552796
422,User_DiT_2,2.22,1.0,922,0.44400000000000006,0.2,0.08880000000000002,0.27577639751552796
422,User_DiT_3,2.22,1.0,922,0.44400000000000006,0.2,0.08880000000000002,0.27577639751552796
422,Sys_DiT_noref_1,1.85,0.92,922,0.37,0.184,0.06808,0.24577617328519855
422,Sys_DiT_noref_2,1.85,0.92,922,0.37,0.184,0.06808,0.24577617328519855
422,Sys_DiT_noref_3,1.25,0.85,922,0.25,0.16999999999999998,0.042499999999999996,0.20238095238095238
423,User_DiT_1,2.86,1.0,922,0.572,0.2,0.1144,0.29637305699481864
423,User_DiT_2,0.0,1.0,922,0.0,0.2,0.0,0.0
423,User_DiT_3,0.0,1.0,922,0.0,0.2,0.0,0.0
423,Sys_DiT_noref_1,1.82,0.95,922,0.364,0.19,0.06916,0.24967509025270757
423,Sys_DiT_noref_2,2.15,1.25,922,0.43,0.25,0.1075,0.31617647058823534
423,Sys_DiT_noref_3,1.25,0.85,922,0.25,0.16999999999999998,0.042499999999999996,0.20238095238095238
424,User_DiT_1,0.0,1.0,922,0.0,0.2,0.0,0.0
424,User_DiT_2,0.0,1.0,922,0.0,0.2,0.0,0.0
424,User_DiT_3,0.0,1.0,922,0.0,0.2,0.0,0.0
424,Sys_DiT_noref_1,0.15,0.2,922,0.03,0.04,0.0012,0.03428571428571428
424,Sys_DiT_noref_2,0.15,0.2,922,0.03,0.04,0.0012,0.03428571428571428
424,Sys_DiT_noref_3,0.12,0.85,922,0.024,0.16999999999999998,0.004079999999999999,0.04206185567010309
425,User_DiT_1,5.0,4.0,928,1.0,0.8,0.8,0.888888888888889
425,User_DiT_2,5.0,4.0,928,1.0,0.8,0.8,0.888888888888889
425,User_DiT_3,5.0,4.0,928,1.0,0.8,0.8,0.888888888888889
425,Sys_DiT_noref_1,4.15,2.35,928,0.8300000000000001,0.47000000000000003,0.39010000000000006,0.6001538461538463
425,Sys_DiT_noref_2,4.15,3.85,928,0.8300000000000001,0.77,0.6391000000000001,0.7988750000000001
425,Sys_DiT_noref_3,3.42,2.15,928,0.6839999999999999,0.43,0.29412,0.5280430879712747
426,User_DiT_1,3.33,2.0,928,0.666,0.4,0.2664,0.499812382739212
426,User_DiT_2,3.33,3.0,928,0.666,0.6,0.3996,0.6312796208530805
426,User_DiT_3,3.33,2.0,928,0.666,0.4,0.2664,0.499812382739212
426,Sys_DiT_noref_1,3.65,4.12,928,0.73,0.8240000000000001,0.60152,0.7741570141570142
426,Sys_DiT_noref_2,3.25,2.85,928,0.65,0.5700000000000001,0.37050000000000005,0.6073770491803279
426,Sys_DiT_noref_3,4.12,3.85,928,0.8240000000000001,0.77,0.63448,0.7960853199498118
427,User_DiT_1,4.44,3.0,928,0.8880000000000001,0.6,0.5328,0.7161290322580646
427,User_DiT_2,4.44,3.0,928,0.8880000000000001,0.6,0.5328,0.7161290322580646
427,User_DiT_3,3.75,4.0,928,0.75,0.8,0.6000000000000001,0.7741935483870969
427,Sys_DiT_noref_1,3.85,2.75,928,0.77,0.55,0.42350000000000004,0.6416666666666667
427,Sys_DiT_noref_2,4.35,3.85,928,0.8699999999999999,0.77,0.6698999999999999,0.8169512195121951
427,Sys_DiT_noref_3,4.12,3.85,928,0.8240000000000001,0.77,0.63448,0.7960853199498118
428,User_DiT_1,5.0,4.0,928,1.0,0.8,0.8,0.888888888888889
428,User_DiT_2,3.33,3.0,928,0.666,0.6,0.3996,0.6312796208530805
428,User_DiT_3,3.33,3.0,928,0.666,0.6,0.3996,0.6312796208530805
428,Sys_DiT_noref_1,4.35,4.62,928,0.8699999999999999,0.924,0.8038799999999999,0.8961872909698996
428,Sys_DiT_noref_2,4.35,3.8,928,0.8699999999999999,0.76,0.6611999999999999,0.8112883435582822
428,Sys_DiT_noref_3,4.15,3.85,928,0.8300000000000001,0.77,0.6391000000000001,0.7988750000000001
429,User_DiT_1,0.0,4.0,928,0.0,0.8,0.0,0.0
429,User_DiT_2,0.0,4.0,928,0.0,0.8,0.0,0.0
429,User_DiT_3,0.0,4.0,928,0.0,0.8,0.0,0.0
429,Sys_DiT_noref_1,4.65,2.85,928,0.93,0.5700000000000001,0.5301000000000001,0.7068000000000002
429,Sys_DiT_noref_2,4.85,3.75,928,0.97,0.75,0.7275,0.8459302325581396
429,Sys_DiT_noref_3,4.65,3.85,928,0.93,0.77,0.7161000000000001,0.8424705882352941
430,User_DiT_1,5.0,4.0,931,1.0,0.8,0.8,0.888888888888889
430,User_DiT_2,5.0,4.0,931,1.0,0.8,0.8,0.888888888888889
430,User_DiT_3,5.0,4.0,931,1.0,0.8,0.8,0.888888888888889
430,Sys_DiT_noref_1,4.65,4.2,931,0.93,0.8400000000000001,0.7812000000000001,0.8827118644067797
430,Sys_DiT_noref_2,4.85,4.2,931,0.97,0.8400000000000001,0.8148000000000001,0.9003314917127072
430,Sys_DiT_noref_3,5.0,5.0,931,1.0,1.0,1.0,1.0
431,User_DiT_1,5.0,4.0,931,1.0,0.8,0.8,0.888888888888889
431,User_DiT_2,5.0,4.0,931,1.0,0.8,0.8,0.888888888888889
431,User_DiT_3,5.0,4.0,931,1.0,0.8,0.8,0.888888888888889
431,Sys_DiT_noref_1,4.85,3.2,931,0.97,0.64,0.6208,0.7711801242236026
431,Sys_DiT_noref_2,4.65,2.85,931,0.93,0.5700000000000001,0.5301000000000001,0.7068000000000002
431,Sys_DiT_noref_3,4.65,1.85,931,0.93,0.37,0.3441,0.5293846153846153
432,User_DiT_1,4.38,1.0,931,0.876,0.2,0.17520000000000002,0.32565055762081785
432,User_DiT_2,4.38,1.0,931,0.876,0.2,0.17520000000000002,0.32565055762081785
432,User_DiT_3,4.38,1.0,931,0.876,0.2,0.17520000000000002,0.32565055762081785
432,Sys_DiT_noref_1,1.85,1.2,931,0.37,0.24,0.08879999999999999,0.2911475409836065
432,Sys_DiT_noref_2,2.15,1.2,931,0.43,0.24,0.1032,0.30805970149253736
432,Sys_DiT_noref_3,2.15,1.2,931,0.43,0.24,0.1032,0.30805970149253736
433,User_DiT_1,3.12,4.0,931,0.624,0.8,0.49920000000000003,0.7011235955056181
433,User_DiT_2,4.44,4.0,931,0.8880000000000001,0.8,0.7104000000000001,0.8417061611374408
433,User_DiT_3,4.44,4.0,931,0.8880000000000001,0.8,0.7104000000000001,0.8417061611374408
433,Sys_DiT_noref_1,3.65,3.85,931,0.73,0.77,0.5621,0.7494666666666667
433,Sys_DiT_noref_2,2.85,3.42,931,0.5700000000000001,0.6839999999999999,0.38988,0.6218181818181818
433,Sys_DiT_noref_3,2.85,3.2,931,0.5700000000000001,0.64,0.36480000000000007,0.6029752066115703
434,User_DiT_1,4.44,4.0,931,0.8880000000000001,0.8,0.7104000000000001,0.8417061611374408
434,User_DiT_2,5.0,4.0,931,1.0,0.8,0.8,0.888888888888889
434,User_DiT_3,4.44,5.0,931,0.8880000000000001,1.0,0.8880000000000001,0.940677966101695
434,Sys_DiT_noref_1,4.92,4.88,931,0.984,0.976,0.960384,0.9799836734693878
434,Sys_DiT_noref_2,4.85,3.7,931,0.97,0.74,0.7178,0.83953216374269
434,Sys_DiT_noref_3,4.85,4.72,931,0.97,0.944,0.9156799999999999,0.9568234064785789
435,User_DiT_1,4.0,3.0,943,0.8,0.6,0.48,0.6857142857142857
435,User_DiT_2,4.0,3.0,943,0.8,0.6,0.48,0.6857142857142857
435,User_DiT_3,4.0,3.0,943,0.8,0.6,0.48,0.6857142857142857
435,Sys_DiT_noref_1,2.85,3.2,943,0.5700000000000001,0.64,0.36480000000000007,0.6029752066115703
435,Sys_DiT_noref_2,2.85,3.72,943,0.5700000000000001,0.744,0.42408000000000007,0.6454794520547946
435,Sys_DiT_noref_3,1.85,2.9,943,0.37,0.58,0.21459999999999999,0.4517894736842105
436,User_DiT_1,5.0,4.0,943,1.0,0.8,0.8,0.888888888888889
436,User_DiT_2,5.0,3.0,943,1.0,0.6,0.6,0.7499999999999999
436,User_DiT_3,5.0,4.0,943,1.0,0.8,0.8,0.888888888888889
436,Sys_DiT_noref_1,4.12,1.85,943,0.8240000000000001,0.37,0.30488000000000004,0.5106867671691793
436,Sys_DiT_noref_2,4.65,3.85,943,0.93,0.77,0.7161000000000001,0.8424705882352941
436,Sys_DiT_noref_3,4.15,2.85,943,0.8300000000000001,0.5700000000000001,0.4731000000000001,0.6758571428571429
437,User_DiT_1,5.0,5.0,943,1.0,1.0,1.0,1.0
437,User_DiT_2,5.0,4.0,943,1.0,0.8,0.8,0.888888888888889
437,User_DiT_3,5.0,4.0,943,1.0,0.8,0.8,0.888888888888889
437,Sys_DiT_noref_1,4.65,2.85,943,0.93,0.5700000000000001,0.5301000000000001,0.7068000000000002
437,Sys_DiT_noref_2,4.72,3.85,943,0.944,0.77,0.72688,0.8481680280046674
437,Sys_DiT_noref_3,4.85,4.62,943,0.97,0.924,0.89628,0.9464413938753959
438,User_DiT_1,2.5,3.0,943,0.5,0.6,0.3,0.5454545454545454
438,User_DiT_2,2.5,3.0,943,0.5,0.6,0.3,0.5454545454545454
438,User_DiT_3,2.5,3.0,943,0.5,0.6,0.3,0.5454545454545454
438,Sys_DiT_noref_1,3.45,3.82,943,0.6900000000000001,0.764,0.5271600000000001,0.7251169188445667
438,Sys_DiT_noref_2,2.15,3.85,943,0.43,0.77,0.3311,0.5518333333333334
438,Sys_DiT_noref_3,2.85,3.42,943,0.5700000000000001,0.6839999999999999,0.38988,0.6218181818181818
439,User_DiT_1,5.0,4.0,943,1.0,0.8,0.8,0.888888888888889
439,User_DiT_2,5.0,4.0,943,1.0,0.8,0.8,0.888888888888889
439,User_DiT_3,5.0,3.0,943,1.0,0.6,0.6,0.7499999999999999
439,Sys_DiT_noref_1,4.65,3.85,943,0.93,0.77,0.7161000000000001,0.8424705882352941
439,Sys_DiT_noref_2,4.82,3.65,943,0.9640000000000001,0.73,0.70372,0.8308382526564345
439,Sys_DiT_noref_3,4.65,3.85,943,0.93,0.77,0.7161000000000001,0.8424705882352941
440,User_DiT_1,4.17,5.0,952,0.834,1.0,0.834,0.9094874591057797
440,User_DiT_2,4.0,5.0,952,0.8,1.0,0.8,0.888888888888889
440,User_DiT_3,4.17,5.0,952,0.834,1.0,0.834,0.9094874591057797
440,Sys_DiT_noref_1,4.85,4.92,952,0.97,0.984,0.95448,0.976949846468782
440,Sys_DiT_noref_2,4.15,3.85,952,0.8300000000000001,0.77,0.6391000000000001,0.7988750000000001
440,Sys_DiT_noref_3,4.85,5.0,952,0.97,1.0,0.97,0.9847715736040609
441,User_DiT_1,5.0,5.0,952,1.0,1.0,1.0,1.0
441,User_DiT_2,5.0,5.0,952,1.0,1.0,1.0,1.0
441,User_DiT_3,5.0,4.0,952,1.0,0.8,0.8,0.888888888888889
441,Sys_DiT_noref_1,4.92,4.98,952,0.984,0.9960000000000001,0.980064,0.9899636363636364
441,Sys_DiT_noref_2,4.92,5.0,952,0.984,1.0,0.984,0.9919354838709677
441,Sys_DiT_noref_3,4.92,4.98,952,0.984,0.9960000000000001,0.980064,0.9899636363636364
442,User_DiT_1,5.0,5.0,952,1.0,1.0,1.0,1.0
442,User_DiT_2,5.0,4.0,952,1.0,0.8,0.8,0.888888888888889
442,User_DiT_3,5.0,4.0,952,1.0,0.8,0.8,0.888888888888889
442,Sys_DiT_noref_1,4.92,4.95,952,0.984,0.99,0.97416,0.9869908814589666
442,Sys_DiT_noref_2,4.92,4.95,952,0.984,0.99,0.97416,0.9869908814589666
442,Sys_DiT_noref_3,4.92,4.95,952,0.984,0.99,0.97416,0.9869908814589666
443,User_DiT_1,5.0,5.0,952,1.0,1.0,1.0,1.0
443,User_DiT_2,5.0,5.0,952,1.0,1.0,1.0,1.0
443,User_DiT_3,5.0,5.0,952,1.0,1.0,1.0,1.0
443,Sys_DiT_noref_1,4.98,5.0,952,0.9960000000000001,1.0,0.9960000000000001,0.997995991983968
443,Sys_DiT_noref_2,5.0,5.0,952,1.0,1.0,1.0,1.0
443,Sys_DiT_noref_3,4.98,5.0,952,0.9960000000000001,1.0,0.9960000000000001,0.997995991983968
444,User_DiT_1,5.0,3.0,952,1.0,0.6,0.6,0.7499999999999999
444,User_DiT_2,5.0,4.0,952,1.0,0.8,0.8,0.888888888888889
444,User_DiT_3,5.0,4.0,952,1.0,0.8,0.8,0.888888888888889
444,Sys_DiT_noref_1,4.85,4.72,952,0.97,0.944,0.9156799999999999,0.9568234064785789
444,Sys_DiT_noref_2,4.85,3.2,952,0.97,0.64,0.6208,0.7711801242236026
444,Sys_DiT_noref_3,4.85,4.2,952,0.97,0.8400000000000001,0.8148000000000001,0.9003314917127072
445,User_DiT_1,5.0,4.0,960,1.0,0.8,0.8,0.888888888888889
445,User_DiT_2,5.0,4.0,960,1.0,0.8,0.8,0.888888888888889
445,User_DiT_3,5.0,4.0,960,1.0,0.8,0.8,0.888888888888889
445,Sys_DiT_noref_1,4.85,3.72,960,0.97,0.744,0.72168,0.842100350058343
445,Sys_DiT_noref_2,4.65,3.2,960,0.93,0.64,0.5952000000000001,0.7582165605095542
445,Sys_DiT_noref_3,4.85,3.2,960,0.97,0.64,0.6208,0.7711801242236026
446,User_DiT_1,5.0,4.0,960,1.0,0.8,0.8,0.888888888888889
446,User_DiT_2,5.0,4.0,960,1.0,0.8,0.8,0.888888888888889
446,User_DiT_3,5.0,4.0,960,1.0,0.8,0.8,0.888888888888889
446,Sys_DiT_noref_1,4.65,3.85,960,0.93,0.77,0.7161000000000001,0.8424705882352941
446,Sys_DiT_noref_2,4.65,3.85,960,0.93,0.77,0.7161000000000001,0.8424705882352941
446,Sys_DiT_noref_3,4.85,4.2,960,0.97,0.8400000000000001,0.8148000000000001,0.9003314917127072
447,User_DiT_1,3.57,2.0,960,0.714,0.4,0.2856,0.5127468581687613
447,User_DiT_2,3.57,2.0,960,0.714,0.4,0.2856,0.5127468581687613
447,User_DiT_3,5.0,2.0,960,1.0,0.4,0.4,0.5714285714285715
447,Sys_DiT_noref_1,2.85,1.92,960,0.5700000000000001,0.384,0.21888000000000002,0.4588679245283019
447,Sys_DiT_noref_2,2.85,1.92,960,0.5700000000000001,0.384,0.21888000000000002,0.4588679245283019
447,Sys_DiT_noref_3,3.45,1.82,960,0.6900000000000001,0.364,0.25116,0.47658444022770396
448,User_DiT_1,5.0,3.0,960,1.0,0.6,0.6,0.7499999999999999
448,User_DiT_2,5.0,3.0,960,1.0,0.6,0.6,0.7499999999999999
448,User_DiT_3,5.0,1.0,960,1.0,0.2,0.2,0.33333333333333337
448,Sys_DiT_noref_1,2.14,1.85,960,0.42800000000000005,0.37,0.15836000000000003,0.39689223057644113
448,Sys_DiT_noref_2,3.85,2.65,960,0.77,0.53,0.4081,0.6278461538461538
448,Sys_DiT_noref_3,2.15,3.82,960,0.43,0.764,0.32852,0.550284757118928
449,User_DiT_1,5.0,4.0,960,1.0,0.8,0.8,0.888888888888889
449,User_DiT_2,5.0,4.0,960,1.0,0.8,0.8,0.888888888888889
449,User_DiT_3,5.0,3.0,960,1.0,0.6,0.6,0.7499999999999999
449,Sys_DiT_noref_1,4.65,2.85,960,0.93,0.5700000000000001,0.5301000000000001,0.7068000000000002
449,Sys_DiT_noref_2,4.65,3.85,960,0.93,0.77,0.7161000000000001,0.8424705882352941
449,Sys_DiT_noref_3,4.65,3.85,960,0.93,0.77,0.7161000000000001,0.8424705882352941
450,User_DiT_1,5.0,4.0,962,1.0,0.8,0.8,0.888888888888889
450,User_DiT_2,5.0,4.0,962,1.0,0.8,0.8,0.888888888888889
450,User_DiT_3,5.0,4.0,962,1.0,0.8,0.8,0.888888888888889
450,Sys_DiT_noref_1,4.62,3.85,962,0.924,0.77,0.71148,0.8400000000000001
450,Sys_DiT_noref_2,4.65,3.85,962,0.93,0.77,0.7161000000000001,0.8424705882352941
450,Sys_DiT_noref_3,4.85,3.62,962,0.97,0.724,0.7022799999999999,0.8291381345926799
451,User_DiT_1,5.0,4.0,962,1.0,0.8,0.8,0.888888888888889
451,User_DiT_2,5.0,4.0,962,1.0,0.8,0.8,0.888888888888889
451,User_DiT_3,5.0,4.0,962,1.0,0.8,0.8,0.888888888888889
451,Sys_DiT_noref_1,4.85,4.2,962,0.97,0.8400000000000001,0.8148000000000001,0.9003314917127072
451,Sys_DiT_noref_2,4.65,2.85,962,0.93,0.5700000000000001,0.5301000000000001,0.7068000000000002
451,Sys_DiT_noref_3,4.65,2.85,962,0.93,0.5700000000000001,0.5301000000000001,0.7068000000000002
452,User_DiT_1,5.0,4.0,962,1.0,0.8,0.8,0.888888888888889
452,User_DiT_2,5.0,4.0,962,1.0,0.8,0.8,0.888888888888889
452,User_DiT_3,5.0,4.0,962,1.0,0.8,0.8,0.888888888888889
452,Sys_DiT_noref_1,4.85,3.72,962,0.97,0.744,0.72168,0.842100350058343
452,Sys_DiT_noref_2,4.65,3.85,962,0.93,0.77,0.7161000000000001,0.8424705882352941
452,Sys_DiT_noref_3,4.85,4.2,962,0.97,0.8400000000000001,0.8148000000000001,0.9003314917127072
453,User_DiT_1,5.0,4.0,962,1.0,0.8,0.8,0.888888888888889
453,User_DiT_2,5.0,4.0,962,1.0,0.8,0.8,0.888888888888889
453,User_DiT_3,5.0,4.0,962,1.0,0.8,0.8,0.888888888888889
453,Sys_DiT_noref_1,4.85,3.2,962,0.97,0.64,0.6208,0.7711801242236026
453,Sys_DiT_noref_2,4.62,3.85,962,0.924,0.77,0.71148,0.8400000000000001
453,Sys_DiT_noref_3,4.65,3.85,962,0.93,0.77,0.7161000000000001,0.8424705882352941
454,User_DiT_1,4.38,2.0,962,0.876,0.4,0.35040000000000004,0.5492163009404389
454,User_DiT_2,4.38,3.0,962,0.876,0.6,0.5256,0.7121951219512195
454,User_DiT_3,4.38,2.0,962,0.876,0.4,0.35040000000000004,0.5492163009404389
454,Sys_DiT_noref_1,4.15,2.85,962,0.8300000000000001,0.5700000000000001,0.4731000000000001,0.6758571428571429
454,Sys_DiT_noref_2,4.12,3.85,962,0.8240000000000001,0.77,0.63448,0.7960853199498118
454,Sys_DiT_noref_3,4.65,3.82,962,0.93,0.764,0.71052,0.8388665879574971
455,User_DiT_1,2.86,2.0,968,0.572,0.4,0.2288,0.47078189300411527
455,User_DiT_2,2.14,4.0,968,0.42800000000000005,0.8,0.34240000000000004,0.5576547231270358
455,User_DiT_3,2.14,3.0,968,0.42800000000000005,0.6,0.25680000000000003,0.4996108949416343
455,Sys_DiT_noref_1,1.85,2.1,968,0.37,0.42000000000000004,0.1554,0.39341772151898735
455,Sys_DiT_noref_2,2.85,2.65,968,0.5700000000000001,0.53,0.30210000000000004,0.5492727272727272
455,Sys_DiT_noref_3,3.42,2.18,968,0.6839999999999999,0.43600000000000005,0.298224,0.5325428571428571
456,User_DiT_1,5.0,4.0,968,1.0,0.8,0.8,0.888888888888889
456,User_DiT_2,5.0,4.0,968,1.0,0.8,0.8,0.888888888888889
456,User_DiT_3,5.0,4.0,968,1.0,0.8,0.8,0.888888888888889
456,Sys_DiT_noref_1,4.85,3.72,968,0.97,0.744,0.72168,0.842100350058343
456,Sys_DiT_noref_2,4.85,4.2,968,0.97,0.8400000000000001,0.8148000000000001,0.9003314917127072
456,Sys_DiT_noref_3,4.65,2.85,968,0.93,0.5700000000000001,0.5301000000000001,0.7068000000000002
457,User_DiT_1,5.0,5.0,968,1.0,1.0,1.0,1.0
457,User_DiT_2,5.0,5.0,968,1.0,1.0,1.0,1.0
457,User_DiT_3,5.0,5.0,968,1.0,1.0,1.0,1.0
457,Sys_DiT_noref_1,4.85,4.92,968,0.97,0.984,0.95448,0.976949846468782
457,Sys_DiT_noref_2,4.98,5.0,968,0.9960000000000001,1.0,0.9960000000000001,0.997995991983968
457,Sys_DiT_noref_3,5.0,5.0,968,1.0,1.0,1.0,1.0
458,User_DiT_1,5.0,2.0,968,1.0,0.4,0.4,0.5714285714285715
458,User_DiT_2,5.0,3.0,968,1.0,0.6,0.6,0.7499999999999999
458,User_DiT_3,4.29,4.0,968,0.858,0.8,0.6864,0.8279855247285887
458,Sys_DiT_noref_1,3.82,2.15,968,0.764,0.43,0.32852,0.550284757118928
458,Sys_DiT_noref_2,3.82,2.15,968,0.764,0.43,0.32852,0.550284757118928
458,Sys_DiT_noref_3,3.85,2.15,968,0.77,0.43,0.3311,0.5518333333333334
459,User_DiT_1,5.0,3.0,968,1.0,0.6,0.6,0.7499999999999999
459,User_DiT_2,5.0,3.0,968,1.0,0.6,0.6,0.7499999999999999
459,User_DiT_3,5.0,3.0,968,1.0,0.6,0.6,0.7499999999999999
459,Sys_DiT_noref_1,3.65,1.85,968,0.73,0.37,0.2701,0.4910909090909091
459,Sys_DiT_noref_2,2.85,1.42,968,0.5700000000000001,0.284,0.16188,0.3791100702576112
459,Sys_DiT_noref_3,3.12,1.85,968,0.624,0.37,0.23088,0.46454728370221327
460,User_DiT_1,4.38,4.0,971,0.876,0.8,0.7008000000000001,0.8362768496420048
460,User_DiT_2,4.38,4.0,971,0.876,0.8,0.7008000000000001,0.8362768496420048
460,User_DiT_3,4.38,4.0,971,0.876,0.8,0.7008000000000001,0.8362768496420048
460,Sys_DiT_noref_1,4.65,2.85,971,0.93,0.5700000000000001,0.5301000000000001,0.7068000000000002
460,Sys_DiT_noref_2,2.85,1.42,971,0.5700000000000001,0.284,0.16188,0.3791100702576112
460,Sys_DiT_noref_3,4.15,2.35,971,0.8300000000000001,0.47000000000000003,0.39010000000000006,0.6001538461538463
461,User_DiT_1,4.38,2.0,971,0.876,0.4,0.35040000000000004,0.5492163009404389
461,User_DiT_2,4.38,2.0,971,0.876,0.4,0.35040000000000004,0.5492163009404389
461,User_DiT_3,4.38,2.0,971,0.876,0.4,0.35040000000000004,0.5492163009404389
461,Sys_DiT_noref_1,4.15,2.85,971,0.8300000000000001,0.5700000000000001,0.4731000000000001,0.6758571428571429
461,Sys_DiT_noref_2,3.85,1.92,971,0.77,0.384,0.29568,0.5124436741767765
461,Sys_DiT_noref_3,4.15,2.85,971,0.8300000000000001,0.5700000000000001,0.4731000000000001,0.6758571428571429
462,User_DiT_1,4.29,3.0,971,0.858,0.6,0.5147999999999999,0.7061728395061727
462,User_DiT_2,4.29,2.0,971,0.858,0.4,0.3432,0.5456279809220985
462,User_DiT_3,4.29,4.0,971,0.858,0.8,0.6864,0.8279855247285887
462,Sys_DiT_noref_1,4.15,3.85,971,0.8300000000000001,0.77,0.6391000000000001,0.7988750000000001
462,Sys_DiT_noref_2,4.65,3.85,971,0.93,0.77,0.7161000000000001,0.8424705882352941
462,Sys_DiT_noref_3,4.65,3.85,971,0.93,0.77,0.7161000000000001,0.8424705882352941
463,User_DiT_1,4.38,1.0,971,0.876,0.2,0.17520000000000002,0.32565055762081785
463,User_DiT_2,0.0,1.0,971,0.0,0.2,0.0,0.0
463,User_DiT_3,0.0,2.0,971,0.0,0.4,0.0,0.0
463,Sys_DiT_noref_1,3.82,1.47,971,0.764,0.294,0.22461599999999998,0.4246049149338374
463,Sys_DiT_noref_2,3.85,1.92,971,0.77,0.384,0.29568,0.5124436741767765
463,Sys_DiT_noref_3,2.85,1.92,971,0.5700000000000001,0.384,0.21888000000000002,0.4588679245283019
464,User_DiT_1,4.38,2.0,971,0.876,0.4,0.35040000000000004,0.5492163009404389
464,User_DiT_2,4.38,4.0,971,0.876,0.8,0.7008000000000001,0.8362768496420048
464,User_DiT_3,4.38,4.0,971,0.876,0.8,0.7008000000000001,0.8362768496420048
464,Sys_DiT_noref_1,4.15,3.85,971,0.8300000000000001,0.77,0.6391000000000001,0.7988750000000001
464,Sys_DiT_noref_2,4.15,1.85,971,0.8300000000000001,0.37,0.30710000000000004,0.5118333333333334
464,Sys_DiT_noref_3,3.85,1.75,971,0.77,0.35,0.26949999999999996,0.4812499999999999
465,User_DiT_1,5.0,4.0,972,1.0,0.8,0.8,0.888888888888889
465,User_DiT_2,5.0,3.0,972,1.0,0.6,0.6,0.7499999999999999
465,User_DiT_3,5.0,3.0,972,1.0,0.6,0.6,0.7499999999999999
465,Sys_DiT_noref_1,3.85,2.15,972,0.77,0.43,0.3311,0.5518333333333334
465,Sys_DiT_noref_2,4.15,3.85,972,0.8300000000000001,0.77,0.6391000000000001,0.7988750000000001
465,Sys_DiT_noref_3,3.85,2.75,972,0.77,0.55,0.42350000000000004,0.6416666666666667
466,User_DiT_1,2.5,1.0,972,0.5,0.2,0.1,0.28571428571428575
466,User_DiT_2,2.22,1.0,972,0.44400000000000006,0.2,0.08880000000000002,0.27577639751552796
466,User_DiT_3,2.22,1.0,972,0.44400000000000006,0.2,0.08880000000000002,0.27577639751552796
466,Sys_DiT_noref_1,1.85,0.92,972,0.37,0.184,0.06808,0.24577617328519855
466,Sys_DiT_noref_2,1.85,0.92,972,0.37,0.184,0.06808,0.24577617328519855
466,Sys_DiT_noref_3,1.25,0.85,972,0.25,0.16999999999999998,0.042499999999999996,0.20238095238095238
467,User_DiT_1,5.0,5.0,972,1.0,1.0,1.0,1.0
467,User_DiT_2,5.0,5.0,972,1.0,1.0,1.0,1.0
467,User_DiT_3,5.0,4.0,972,1.0,0.8,0.8,0.888888888888889
467,Sys_DiT_noref_1,4.85,3.8,972,0.97,0.76,0.7372,0.8522543352601156
467,Sys_DiT_noref_2,4.65,2.85,972,0.93,0.5700000000000001,0.5301000000000001,0.7068000000000002
467,Sys_DiT_noref_3,4.65,2.85,972,0.93,0.5700000000000001,0.5301000000000001,0.7068000000000002
468,User_DiT_1,1.25,4.0,972,0.25,0.8,0.2,0.38095238095238093
468,User_DiT_2,1.88,4.0,972,0.376,0.8,0.3008,0.5115646258503401
468,User_DiT_3,2.78,3.0,972,0.5559999999999999,0.6,0.33359999999999995,0.5771626297577854
468,Sys_DiT_noref_1,1.85,3.42,972,0.37,0.6839999999999999,0.25307999999999997,0.4802277039848198
468,Sys_DiT_noref_2,1.85,1.42,972,0.37,0.284,0.10507999999999999,0.3213455657492355
468,Sys_DiT_noref_3,1.85,3.2,972,0.37,0.64,0.2368,0.46891089108910894
469,User_DiT_1,4.29,1.0,972,0.858,0.2,0.1716,0.3243856332703213
469,User_DiT_2,3.75,1.0,972,0.75,0.2,0.15000000000000002,0.31578947368421056
469,User_DiT_3,4.29,1.0,972,0.858,0.2,0.1716,0.3243856332703213
469,Sys_DiT_noref_1,2.85,1.42,972,0.5700000000000001,0.284,0.16188,0.3791100702576112
469,Sys_DiT_noref_2,1.85,1.2,972,0.37,0.24,0.08879999999999999,0.2911475409836065
469,Sys_DiT_noref_3,1.25,4.85,972,0.25,0.97,0.2425,0.3975409836065574
470,User_DiT_1,1.67,2.0,981,0.33399999999999996,0.4,0.1336,0.3640326975476839
470,User_DiT_2,3.33,2.0,981,0.666,0.4,0.2664,0.499812382739212
470,User_DiT_3,3.33,2.0,981,0.666,0.4,0.2664,0.499812382739212
470,Sys_DiT_noref_1,2.85,1.2,981,0.5700000000000001,0.24,0.1368,0.3377777777777778
470,Sys_DiT_noref_2,2.85,1.92,981,0.5700000000000001,0.384,0.21888000000000002,0.4588679245283019
470,Sys_DiT_noref_3,2.85,1.25,981,0.5700000000000001,0.25,0.14250000000000002,0.34756097560975613
471,User_DiT_1,3.75,1.0,981,0.75,0.2,0.15000000000000002,0.31578947368421056
471,User_DiT_2,3.75,1.0,981,0.75,0.2,0.15000000000000002,0.31578947368421056
471,User_DiT_3,0.71,1.0,981,0.142,0.2,0.028399999999999998,0.16608187134502925
471,Sys_DiT_noref_1,3.42,1.85,981,0.6839999999999999,0.37,0.25307999999999997,0.4802277039848198
471,Sys_DiT_noref_2,4.25,4.1,981,0.85,0.82,0.697,0.8347305389221557
471,Sys_DiT_noref_3,3.42,2.15,981,0.6839999999999999,0.43,0.29412,0.5280430879712747
472,User_DiT_1,4.29,2.0,981,0.858,0.4,0.3432,0.5456279809220985
472,User_DiT_2,5.0,2.0,981,1.0,0.4,0.4,0.5714285714285715
472,User_DiT_3,3.57,2.0,981,0.714,0.4,0.2856,0.5127468581687613
472,Sys_DiT_noref_1,3.42,1.85,981,0.6839999999999999,0.37,0.25307999999999997,0.4802277039848198
472,Sys_DiT_noref_2,3.65,1.85,981,0.73,0.37,0.2701,0.4910909090909091
472,Sys_DiT_noref_3,4.12,1.85,981,0.8240000000000001,0.37,0.30488000000000004,0.5106867671691793
473,User_DiT_1,4.38,2.0,981,0.876,0.4,0.35040000000000004,0.5492163009404389
473,User_DiT_2,4.38,2.0,981,0.876,0.4,0.35040000000000004,0.5492163009404389
473,User_DiT_3,5.0,2.0,981,1.0,0.4,0.4,0.5714285714285715
473,Sys_DiT_noref_1,4.15,2.85,981,0.8300000000000001,0.5700000000000001,0.4731000000000001,0.6758571428571429
473,Sys_DiT_noref_2,4.65,2.85,981,0.93,0.5700000000000001,0.5301000000000001,0.7068000000000002
473,Sys_DiT_noref_3,3.85,2.15,981,0.77,0.43,0.3311,0.5518333333333334
474,User_DiT_1,3.57,2.0,981,0.714,0.4,0.2856,0.5127468581687613
474,User_DiT_2,4.29,2.0,981,0.858,0.4,0.3432,0.5456279809220985
474,User_DiT_3,4.29,2.0,981,0.858,0.4,0.3432,0.5456279809220985
474,Sys_DiT_noref_1,3.65,1.85,981,0.73,0.37,0.2701,0.4910909090909091
474,Sys_DiT_noref_2,3.42,1.85,981,0.6839999999999999,0.37,0.25307999999999997,0.4802277039848198
474,Sys_DiT_noref_3,4.12,1.85,981,0.8240000000000001,0.37,0.30488000000000004,0.5106867671691793
475,User_DiT_1,3.57,2.0,982,0.714,0.4,0.2856,0.5127468581687613
475,User_DiT_2,3.57,2.0,982,0.714,0.4,0.2856,0.5127468581687613
475,User_DiT_3,3.57,3.0,982,0.714,0.6,0.42839999999999995,0.6520547945205478
475,Sys_DiT_noref_1,4.15,3.2,982,0.8300000000000001,0.64,0.5312,0.7227210884353741
475,Sys_DiT_noref_2,3.45,1.82,982,0.6900000000000001,0.364,0.25116,0.47658444022770396
475,Sys_DiT_noref_3,3.45,1.82,982,0.6900000000000001,0.364,0.25116,0.47658444022770396
476,User_DiT_1,0.0,2.0,982,0.0,0.4,0.0,0.0
476,User_DiT_2,2.5,2.0,982,0.5,0.4,0.2,0.4444444444444445
476,User_DiT_3,0.0,2.0,982,0.0,0.4,0.0,0.0
476,Sys_DiT_noref_1,3.85,1.92,982,0.77,0.384,0.29568,0.5124436741767765
476,Sys_DiT_noref_2,3.85,1.92,982,0.77,0.384,0.29568,0.5124436741767765
476,Sys_DiT_noref_3,3.82,1.65,982,0.764,0.32999999999999996,0.25211999999999996,0.4609140767824497
477,User_DiT_1,2.86,1.0,982,0.572,0.2,0.1144,0.29637305699481864
477,User_DiT_2,2.86,1.0,982,0.572,0.2,0.1144,0.29637305699481864
477,User_DiT_3,2.86,1.0,982,0.572,0.2,0.1144,0.29637305699481864
477,Sys_DiT_noref_1,1.85,0.92,982,0.37,0.184,0.06808,0.24577617328519855
477,Sys_DiT_noref_2,1.85,1.42,982,0.37,0.284,0.10507999999999999,0.3213455657492355
477,Sys_DiT_noref_3,1.85,1.2,982,0.37,0.24,0.08879999999999999,0.2911475409836065
478,User_DiT_1,2.0,1.0,982,0.4,0.2,0.08000000000000002,0.26666666666666666
478,User_DiT_2,0.0,1.0,982,0.0,0.2,0.0,0.0
478,User_DiT_3,2.0,1.0,982,0.4,0.2,0.08000000000000002,0.26666666666666666
478,Sys_DiT_noref_1,0.15,0.85,982,0.03,0.16999999999999998,0.0050999999999999995,0.051
478,Sys_DiT_noref_2,0.12,0.85,982,0.024,0.16999999999999998,0.004079999999999999,0.04206185567010309
478,Sys_DiT_noref_3,0.12,0.85,982,0.024,0.16999999999999998,0.004079999999999999,0.04206185567010309
479,User_DiT_1,2.86,2.0,982,0.572,0.4,0.2288,0.47078189300411527
479,User_DiT_2,3.57,2.0,982,0.714,0.4,0.2856,0.5127468581687613
479,User_DiT_3,2.86,2.0,982,0.572,0.4,0.2288,0.47078189300411527
479,Sys_DiT_noref_1,3.42,1.85,982,0.6839999999999999,0.37,0.25307999999999997,0.4802277039848198
479,Sys_DiT_noref_2,3.42,1.85,982,0.6839999999999999,0.37,0.25307999999999997,0.4802277039848198
479,Sys_DiT_noref_3,3.45,1.85,982,0.6900000000000001,0.37,0.2553,0.4816981132075472
480,User_DiT_1,5.0,3.0,983,1.0,0.6,0.6,0.7499999999999999
480,User_DiT_2,5.0,3.0,983,1.0,0.6,0.6,0.7499999999999999
480,User_DiT_3,5.0,3.0,983,1.0,0.6,0.6,0.7499999999999999
480,Sys_DiT_noref_1,4.12,2.85,983,0.8240000000000001,0.5700000000000001,0.4696800000000001,0.6738593974175037
480,Sys_DiT_noref_2,4.15,2.85,983,0.8300000000000001,0.5700000000000001,0.4731000000000001,0.6758571428571429
480,Sys_DiT_noref_3,4.15,1.85,983,0.8300000000000001,0.37,0.30710000000000004,0.5118333333333334
481,User_DiT_1,5.0,3.0,983,1.0,0.6,0.6,0.7499999999999999
481,User_DiT_2,5.0,3.0,983,1.0,0.6,0.6,0.7499999999999999
481,User_DiT_3,5.0,3.0,983,1.0,0.6,0.6,0.7499999999999999
481,Sys_DiT_noref_1,4.85,3.2,983,0.97,0.64,0.6208,0.7711801242236026
481,Sys_DiT_noref_2,4.85,4.62,983,0.97,0.924,0.89628,0.9464413938753959
481,Sys_DiT_noref_3,4.85,3.72,983,0.97,0.744,0.72168,0.842100350058343
482,User_DiT_1,5.0,3.0,983,1.0,0.6,0.6,0.7499999999999999
482,User_DiT_2,5.0,3.0,983,1.0,0.6,0.6,0.7499999999999999
482,User_DiT_3,5.0,4.0,983,1.0,0.8,0.8,0.888888888888889
482,Sys_DiT_noref_1,4.68,4.25,983,0.9359999999999999,0.85,0.7956,0.8909294512877939
482,Sys_DiT_noref_2,4.15,2.85,983,0.8300000000000001,0.5700000000000001,0.4731000000000001,0.6758571428571429
482,Sys_DiT_noref_3,4.65,1.85,983,0.93,0.37,0.3441,0.5293846153846153
483,User_DiT_1,5.0,3.0,983,1.0,0.6,0.6,0.7499999999999999
483,User_DiT_2,5.0,4.0,983,1.0,0.8,0.8,0.888888888888889
483,User_DiT_3,5.0,2.0,983,1.0,0.4,0.4,0.5714285714285715
483,Sys_DiT_noref_1,3.85,2.15,983,0.77,0.43,0.3311,0.5518333333333334
483,Sys_DiT_noref_2,4.35,2.85,983,0.8699999999999999,0.5700000000000001,0.4959,0.6887500000000001
483,Sys_DiT_noref_3,4.15,1.85,983,0.8300000000000001,0.37,0.30710000000000004,0.5118333333333334
484,User_DiT_1,4.44,4.0,983,0.8880000000000001,0.8,0.7104000000000001,0.8417061611374408
484,User_DiT_2,4.44,3.0,983,0.8880000000000001,0.6,0.5328,0.7161290322580646
484,User_DiT_3,4.44,2.0,983,0.8880000000000001,0.4,0.35520000000000007,0.5515527950310559
484,Sys_DiT_noref_1,4.15,2.85,983,0.8300000000000001,0.5700000000000001,0.4731000000000001,0.6758571428571429
484,Sys_DiT_noref_2,4.65,3.2,983,0.93,0.64,0.5952000000000001,0.7582165605095542
484,Sys_DiT_noref_3,4.12,1.85,983,0.8240000000000001,0.37,0.30488000000000004,0.5106867671691793
485,User_DiT_1,3.0,4.0,985,0.6,0.8,0.48,0.6857142857142857
485,User_DiT_2,3.0,4.0,985,0.6,0.8,0.48,0.6857142857142857
485,User_DiT_3,3.0,4.0,985,0.6,0.8,0.48,0.6857142857142857
485,Sys_DiT_noref_1,1.85,4.62,985,0.37,0.924,0.34188,0.5284080370942813
485,Sys_DiT_noref_2,2.85,3.65,985,0.5700000000000001,0.73,0.4161,0.6401538461538462
485,Sys_DiT_noref_3,3.45,3.82,985,0.6900000000000001,0.764,0.5271600000000001,0.7251169188445667
486,User_DiT_1,0.0,3.0,985,0.0,0.6,0.0,0.0
486,User_DiT_2,0.0,3.0,985,0.0,0.6,0.0,0.0
486,User_DiT_3,0.0,3.0,985,0.0,0.6,0.0,0.0
486,Sys_DiT_noref_1,0.15,3.85,985,0.03,0.77,0.0231,0.057749999999999996
486,Sys_DiT_noref_2,0.15,2.85,985,0.03,0.5700000000000001,0.0171,0.056999999999999995
486,Sys_DiT_noref_3,1.25,3.8,985,0.25,0.76,0.19,0.37623762376237624
487,User_DiT_1,5.0,4.0,985,1.0,0.8,0.8,0.888888888888889
487,User_DiT_2,5.0,4.0,985,1.0,0.8,0.8,0.888888888888889
487,User_DiT_3,5.0,4.0,985,1.0,0.8,0.8,0.888888888888889
487,Sys_DiT_noref_1,4.85,4.62,985,0.97,0.924,0.89628,0.9464413938753959
487,Sys_DiT_noref_2,4.85,3.65,985,0.97,0.73,0.7081,0.8330588235294117
487,Sys_DiT_noref_3,4.85,4.6,985,0.97,0.9199999999999999,0.8923999999999999,0.9443386243386243
488,User_DiT_1,5.0,4.0,985,1.0,0.8,0.8,0.888888888888889
488,User_DiT_2,5.0,4.0,985,1.0,0.8,0.8,0.888888888888889
488,User_DiT_3,5.0,5.0,985,1.0,1.0,1.0,1.0
488,Sys_DiT_noref_1,5.0,5.0,985,1.0,1.0,1.0,1.0
488,Sys_DiT_noref_2,5.0,5.0,985,1.0,1.0,1.0,1.0
488,Sys_DiT_noref_3,5.0,5.0,985,1.0,1.0,1.0,1.0
489,User_DiT_1,5.0,4.0,985,1.0,0.8,0.8,0.888888888888889
489,User_DiT_2,5.0,4.0,985,1.0,0.8,0.8,0.888888888888889
489,User_DiT_3,5.0,4.0,985,1.0,0.8,0.8,0.888888888888889
489,Sys_DiT_noref_1,4.65,2.85,985,0.93,0.5700000000000001,0.5301000000000001,0.7068000000000002
489,Sys_DiT_noref_2,4.62,3.85,985,0.924,0.77,0.71148,0.8400000000000001
489,Sys_DiT_noref_3,4.65,3.85,985,0.93,0.77,0.7161000000000001,0.8424705882352941
490,User_DiT_1,5.0,4.0,991,1.0,0.8,0.8,0.888888888888889
490,User_DiT_2,5.0,5.0,991,1.0,1.0,1.0,1.0
490,User_DiT_3,5.0,5.0,991,1.0,1.0,1.0,1.0
490,Sys_DiT_noref_1,4.85,4.62,991,0.97,0.924,0.89628,0.9464413938753959
490,Sys_DiT_noref_2,4.65,4.82,991,0.93,0.9640000000000001,0.8965200000000001,0.9466948257655755
490,Sys_DiT_noref_3,4.35,2.85,991,0.8699999999999999,0.5700000000000001,0.4959,0.6887500000000001
491,User_DiT_1,4.44,4.0,991,0.8880000000000001,0.8,0.7104000000000001,0.8417061611374408
491,User_DiT_2,4.44,4.0,991,0.8880000000000001,0.8,0.7104000000000001,0.8417061611374408
491,User_DiT_3,3.89,4.0,991,0.778,0.8,0.6224000000000001,0.7888466413181242
491,Sys_DiT_noref_1,4.75,4.2,991,0.95,0.8400000000000001,0.798,0.8916201117318436
491,Sys_DiT_noref_2,4.65,4.92,991,0.93,0.984,0.91512,0.9562382445141066
491,Sys_DiT_noref_3,4.75,3.85,991,0.95,0.77,0.7314999999999999,0.8505813953488371
492,User_DiT_1,5.0,4.0,991,1.0,0.8,0.8,0.888888888888889
492,User_DiT_2,5.0,5.0,991,1.0,1.0,1.0,1.0
492,User_DiT_3,5.0,5.0,991,1.0,1.0,1.0,1.0
492,Sys_DiT_noref_1,4.92,4.85,991,0.984,0.97,0.95448,0.976949846468782
492,Sys_DiT_noref_2,4.85,3.65,991,0.97,0.73,0.7081,0.8330588235294117
492,Sys_DiT_noref_3,4.95,4.98,991,0.99,0.9960000000000001,0.9860400000000001,0.9929909365558913
493,User_DiT_1,5.0,5.0,991,1.0,1.0,1.0,1.0
493,User_DiT_2,5.0,3.0,991,1.0,0.6,0.6,0.7499999999999999
493,User_DiT_3,5.0,4.0,991,1.0,0.8,0.8,0.888888888888889
493,Sys_DiT_noref_1,4.65,3.2,991,0.93,0.64,0.5952000000000001,0.7582165605095542
493,Sys_DiT_noref_2,4.65,3.85,991,0.93,0.77,0.7161000000000001,0.8424705882352941
493,Sys_DiT_noref_3,5.0,5.0,991,1.0,1.0,1.0,1.0
494,User_DiT_1,5.0,5.0,991,1.0,1.0,1.0,1.0
494,User_DiT_2,4.0,5.0,991,0.8,1.0,0.8,0.888888888888889
494,User_DiT_3,5.0,4.0,991,1.0,0.8,0.8,0.888888888888889
494,Sys_DiT_noref_1,3.65,2.85,991,0.73,0.5700000000000001,0.4161,0.6401538461538462
494,Sys_DiT_noref_2,3.85,2.15,991,0.77,0.43,0.3311,0.5518333333333334
494,Sys_DiT_noref_3,4.85,4.2,991,0.97,0.8400000000000001,0.8148000000000001,0.9003314917127072
495,User_DiT_1,5.0,3.0,999,1.0,0.6,0.6,0.7499999999999999
495,User_DiT_2,5.0,3.0,999,1.0,0.6,0.6,0.7499999999999999
495,User_DiT_3,5.0,3.0,999,1.0,0.6,0.6,0.7499999999999999
495,Sys_DiT_noref_1,4.12,3.65,999,0.8240000000000001,0.73,0.60152,0.7741570141570142
495,Sys_DiT_noref_2,4.12,2.85,999,0.8240000000000001,0.5700000000000001,0.4696800000000001,0.6738593974175037
495,Sys_DiT_noref_3,4.65,2.85,999,0.93,0.5700000000000001,0.5301000000000001,0.7068000000000002
496,User_DiT_1,0.56,2.0,999,0.11200000000000002,0.4,0.044800000000000006,0.17500000000000002
496,User_DiT_2,0.56,2.0,999,0.11200000000000002,0.4,0.044800000000000006,0.17500000000000002
496,User_DiT_3,5.0,2.0,999,1.0,0.4,0.4,0.5714285714285715
496,Sys_DiT_noref_1,4.35,2.65,999,0.8699999999999999,0.53,0.46109999999999995,0.6587142857142857
496,Sys_DiT_noref_2,4.65,3.82,999,0.93,0.764,0.71052,0.8388665879574971
496,Sys_DiT_noref_3,1.85,1.2,999,0.37,0.24,0.08879999999999999,0.2911475409836065
497,User_DiT_1,5.0,2.0,999,1.0,0.4,0.4,0.5714285714285715
497,User_DiT_2,5.0,2.0,999,1.0,0.4,0.4,0.5714285714285715
497,User_DiT_3,5.0,4.0,999,1.0,0.8,0.8,0.888888888888889
497,Sys_DiT_noref_1,4.62,3.85,999,0.924,0.77,0.71148,0.8400000000000001
497,Sys_DiT_noref_2,4.12,1.85,999,0.8240000000000001,0.37,0.30488000000000004,0.5106867671691793
497,Sys_DiT_noref_3,4.12,1.85,999,0.8240000000000001,0.37,0.30488000000000004,0.5106867671691793
498,User_DiT_1,5.0,3.0,999,1.0,0.6,0.6,0.7499999999999999
498,User_DiT_2,5.0,3.0,999,1.0,0.6,0.6,0.7499999999999999
498,User_DiT_3,5.0,3.0,999,1.0,0.6,0.6,0.7499999999999999
498,Sys_DiT_noref_1,4.12,2.35,999,0.8240000000000001,0.47000000000000003,0.38728000000000007,0.5985780525502319
498,Sys_DiT_noref_2,4.85,2.35,999,0.97,0.47000000000000003,0.4559,0.6331944444444445
498,Sys_DiT_noref_3,4.65,3.85,999,0.93,0.77,0.7161000000000001,0.8424705882352941
499,User_DiT_1,5.0,3.0,999,1.0,0.6,0.6,0.7499999999999999
499,User_DiT_2,5.0,3.0,999,1.0,0.6,0.6,0.7499999999999999
499,User_DiT_3,5.0,3.0,999,1.0,0.6,0.6,0.7499999999999999
499,Sys_DiT_noref_1,3.82,1.47,999,0.764,0.294,0.22461599999999998,0.4246049149338374
499,Sys_DiT_noref_2,4.65,1.85,999,0.93,0.37,0.3441,0.5293846153846153
499,Sys_DiT_noref_3,4.12,1.85,999,0.8240000000000001,0.37,0.30488000000000004,0.5106867671691793
