group,alignment_threshold,authenticity_threshold,probability
Sys_DiT_noexpert,0.0,0.0,1.0
Sys_DiT_noexpert,0.0,0.02,1.0
Sys_DiT_noexpert,0.0,0.04,1.0
Sys_DiT_noexpert,0.0,0.06,1.0
Sys_DiT_noexpert,0.0,0.08,1.0
Sys_DiT_noexpert,0.0,0.1,0.998
Sys_DiT_noexpert,0.0,0.12,0.998
Sys_DiT_noexpert,0.0,0.14,0.998
Sys_DiT_noexpert,0.0,0.16,0.996
Sys_DiT_noexpert,0.0,0.18,0.9939999999999999
Sys_DiT_noexpert,0.0,0.2,0.9939999999999999
Sys_DiT_noexpert,0.0,0.22,0.9919999999999999
Sys_DiT_noexpert,0.0,0.24,0.9919999999999999
Sys_DiT_noexpert,0.0,0.26,0.9819999999999998
Sys_DiT_noexpert,0.0,0.28,0.9659999999999995
Sys_DiT_noexpert,0.0,0.3,0.9579999999999994
Sys_DiT_noexpert,0.0,0.32,0.9519999999999995
Sys_DiT_noexpert,0.0,0.34,0.9359999999999996
Sys_DiT_noexpert,0.0,0.36,0.9299999999999996
Sys_DiT_noexpert,0.0,0.38,0.9139999999999994
Sys_DiT_noexpert,0.0,0.4,0.9039999999999996
Sys_DiT_noexpert,0.0,0.42,0.8919999999999996
Sys_DiT_noexpert,0.0,0.44,0.8679999999999995
Sys_DiT_noexpert,0.0,0.46,0.8619999999999997
Sys_DiT_noexpert,0.0,0.48,0.8459999999999996
Sys_DiT_noexpert,0.0,0.5,0.8399999999999995
Sys_DiT_noexpert,0.0,0.52,0.8219999999999996
Sys_DiT_noexpert,0.0,0.54,0.8039999999999996
Sys_DiT_noexpert,0.0,0.56,0.7959999999999997
Sys_DiT_noexpert,0.0,0.58,0.7779999999999996
Sys_DiT_noexpert,0.0,0.6,0.7679999999999996
Sys_DiT_noexpert,0.0,0.62,0.7519999999999996
Sys_DiT_noexpert,0.0,0.64,0.7339999999999998
Sys_DiT_noexpert,0.0,0.66,0.7199999999999998
Sys_DiT_noexpert,0.0,0.68,0.7079999999999999
Sys_DiT_noexpert,0.0,0.7,0.6939999999999997
Sys_DiT_noexpert,0.0,0.72,0.6600000000000001
Sys_DiT_noexpert,0.0,0.74,0.6260000000000001
Sys_DiT_noexpert,0.0,0.76,0.6000000000000001
Sys_DiT_noexpert,0.0,0.78,0.5140000000000002
Sys_DiT_noexpert,0.0,0.8,0.47400000000000003
Sys_DiT_noexpert,0.0,0.82,0.43399999999999994
Sys_DiT_noexpert,0.0,0.84,0.3939999999999999
Sys_DiT_noexpert,0.0,0.86,0.358
Sys_DiT_noexpert,0.0,0.88,0.33599999999999985
Sys_DiT_noexpert,0.0,0.9,0.3119999999999999
Sys_DiT_noexpert,0.0,0.92,0.2779999999999999
Sys_DiT_noexpert,0.0,0.94,0.244
Sys_DiT_noexpert,0.0,0.96,0.22799999999999992
Sys_DiT_noexpert,0.0,0.98,0.19999999999999996
Sys_DiT_noexpert,0.0,1.0,0.18999999999999992
Sys_DiT_noexpert,0.02,0.0,0.9939999999999999
Sys_DiT_noexpert,0.02,0.02,0.9939999999999999
Sys_DiT_noexpert,0.02,0.04,0.9939999999999999
Sys_DiT_noexpert,0.02,0.06,0.9939999999999999
Sys_DiT_noexpert,0.02,0.08,0.9939999999999999
Sys_DiT_noexpert,0.02,0.1,0.9919999999999999
Sys_DiT_noexpert,0.02,0.12,0.9919999999999999
Sys_DiT_noexpert,0.02,0.14,0.9919999999999999
Sys_DiT_noexpert,0.02,0.16,0.9899999999999999
Sys_DiT_noexpert,0.02,0.18,0.9879999999999999
Sys_DiT_noexpert,0.02,0.2,0.9879999999999999
Sys_DiT_noexpert,0.02,0.22,0.9859999999999998
Sys_DiT_noexpert,0.02,0.24,0.9859999999999998
Sys_DiT_noexpert,0.02,0.26,0.9759999999999998
Sys_DiT_noexpert,0.02,0.28,0.9599999999999995
Sys_DiT_noexpert,0.02,0.3,0.9519999999999995
Sys_DiT_noexpert,0.02,0.32,0.9479999999999995
Sys_DiT_noexpert,0.02,0.34,0.9319999999999996
Sys_DiT_noexpert,0.02,0.36,0.9259999999999995
Sys_DiT_noexpert,0.02,0.38,0.9099999999999995
Sys_DiT_noexpert,0.02,0.4,0.8999999999999996
Sys_DiT_noexpert,0.02,0.42,0.8879999999999996
Sys_DiT_noexpert,0.02,0.44,0.8639999999999994
Sys_DiT_noexpert,0.02,0.46,0.8579999999999995
Sys_DiT_noexpert,0.02,0.48,0.8419999999999997
Sys_DiT_noexpert,0.02,0.5,0.8359999999999996
Sys_DiT_noexpert,0.02,0.52,0.8179999999999995
Sys_DiT_noexpert,0.02,0.54,0.7999999999999996
Sys_DiT_noexpert,0.02,0.56,0.7919999999999996
Sys_DiT_noexpert,0.02,0.58,0.7759999999999995
Sys_DiT_noexpert,0.02,0.6,0.7659999999999996
Sys_DiT_noexpert,0.02,0.62,0.7499999999999996
Sys_DiT_noexpert,0.02,0.64,0.7319999999999998
Sys_DiT_noexpert,0.02,0.66,0.7179999999999996
Sys_DiT_noexpert,0.02,0.68,0.7059999999999996
Sys_DiT_noexpert,0.02,0.7,0.6919999999999997
Sys_DiT_noexpert,0.02,0.72,0.6580000000000001
Sys_DiT_noexpert,0.02,0.74,0.6240000000000001
Sys_DiT_noexpert,0.02,0.76,0.5980000000000001
Sys_DiT_noexpert,0.02,0.78,0.5120000000000002
Sys_DiT_noexpert,0.02,0.8,0.47200000000000003
Sys_DiT_noexpert,0.02,0.82,0.43199999999999994
Sys_DiT_noexpert,0.02,0.84,0.3919999999999999
Sys_DiT_noexpert,0.02,0.86,0.35600000000000004
Sys_DiT_noexpert,0.02,0.88,0.3339999999999999
Sys_DiT_noexpert,0.02,0.9,0.3099999999999999
Sys_DiT_noexpert,0.02,0.92,0.2759999999999999
Sys_DiT_noexpert,0.02,0.94,0.242
Sys_DiT_noexpert,0.02,0.96,0.22599999999999995
Sys_DiT_noexpert,0.02,0.98,0.19799999999999993
Sys_DiT_noexpert,0.02,1.0,0.18799999999999994
Sys_DiT_noexpert,0.04,0.0,0.9899999999999999
Sys_DiT_noexpert,0.04,0.02,0.9899999999999999
Sys_DiT_noexpert,0.04,0.04,0.9899999999999999
Sys_DiT_noexpert,0.04,0.06,0.9899999999999999
Sys_DiT_noexpert,0.04,0.08,0.9899999999999999
Sys_DiT_noexpert,0.04,0.1,0.9879999999999999
Sys_DiT_noexpert,0.04,0.12,0.9879999999999999
Sys_DiT_noexpert,0.04,0.14,0.9879999999999999
Sys_DiT_noexpert,0.04,0.16,0.9859999999999998
Sys_DiT_noexpert,0.04,0.18,0.9839999999999998
Sys_DiT_noexpert,0.04,0.2,0.9839999999999998
Sys_DiT_noexpert,0.04,0.22,0.9819999999999998
Sys_DiT_noexpert,0.04,0.24,0.9819999999999998
Sys_DiT_noexpert,0.04,0.26,0.9719999999999999
Sys_DiT_noexpert,0.04,0.28,0.9579999999999997
Sys_DiT_noexpert,0.04,0.3,0.9499999999999996
Sys_DiT_noexpert,0.04,0.32,0.9459999999999996
Sys_DiT_noexpert,0.04,0.34,0.9299999999999996
Sys_DiT_noexpert,0.04,0.36,0.9239999999999995
Sys_DiT_noexpert,0.04,0.38,0.9079999999999994
Sys_DiT_noexpert,0.04,0.4,0.8979999999999996
Sys_DiT_noexpert,0.04,0.42,0.8859999999999996
Sys_DiT_noexpert,0.04,0.44,0.8619999999999994
Sys_DiT_noexpert,0.04,0.46,0.8559999999999995
Sys_DiT_noexpert,0.04,0.48,0.8399999999999997
Sys_DiT_noexpert,0.04,0.5,0.8339999999999996
Sys_DiT_noexpert,0.04,0.52,0.8159999999999995
Sys_DiT_noexpert,0.04,0.54,0.7979999999999996
Sys_DiT_noexpert,0.04,0.56,0.7899999999999996
Sys_DiT_noexpert,0.04,0.58,0.7739999999999996
Sys_DiT_noexpert,0.04,0.6,0.7639999999999995
Sys_DiT_noexpert,0.04,0.62,0.7479999999999997
Sys_DiT_noexpert,0.04,0.64,0.7299999999999999
Sys_DiT_noexpert,0.04,0.66,0.7159999999999997
Sys_DiT_noexpert,0.04,0.68,0.7039999999999997
Sys_DiT_noexpert,0.04,0.7,0.6899999999999998
Sys_DiT_noexpert,0.04,0.72,0.6560000000000002
Sys_DiT_noexpert,0.04,0.74,0.6220000000000002
Sys_DiT_noexpert,0.04,0.76,0.5960000000000001
Sys_DiT_noexpert,0.04,0.78,0.5100000000000002
Sys_DiT_noexpert,0.04,0.8,0.4700000000000001
Sys_DiT_noexpert,0.04,0.82,0.43
Sys_DiT_noexpert,0.04,0.84,0.3919999999999999
Sys_DiT_noexpert,0.04,0.86,0.35600000000000004
Sys_DiT_noexpert,0.04,0.88,0.3339999999999999
Sys_DiT_noexpert,0.04,0.9,0.3099999999999999
Sys_DiT_noexpert,0.04,0.92,0.2759999999999999
Sys_DiT_noexpert,0.04,0.94,0.242
Sys_DiT_noexpert,0.04,0.96,0.22599999999999995
Sys_DiT_noexpert,0.04,0.98,0.19799999999999993
Sys_DiT_noexpert,0.04,1.0,0.18799999999999994
Sys_DiT_noexpert,0.06,0.0,0.9879999999999999
Sys_DiT_noexpert,0.06,0.02,0.9879999999999999
Sys_DiT_noexpert,0.06,0.04,0.9879999999999999
Sys_DiT_noexpert,0.06,0.06,0.9879999999999999
Sys_DiT_noexpert,0.06,0.08,0.9879999999999999
Sys_DiT_noexpert,0.06,0.1,0.9859999999999998
Sys_DiT_noexpert,0.06,0.12,0.9859999999999998
Sys_DiT_noexpert,0.06,0.14,0.9859999999999998
Sys_DiT_noexpert,0.06,0.16,0.9839999999999998
Sys_DiT_noexpert,0.06,0.18,0.9819999999999998
Sys_DiT_noexpert,0.06,0.2,0.9819999999999998
Sys_DiT_noexpert,0.06,0.22,0.9799999999999998
Sys_DiT_noexpert,0.06,0.24,0.9799999999999998
Sys_DiT_noexpert,0.06,0.26,0.9699999999999999
Sys_DiT_noexpert,0.06,0.28,0.9559999999999996
Sys_DiT_noexpert,0.06,0.3,0.9479999999999995
Sys_DiT_noexpert,0.06,0.32,0.9439999999999996
Sys_DiT_noexpert,0.06,0.34,0.9279999999999997
Sys_DiT_noexpert,0.06,0.36,0.9219999999999996
Sys_DiT_noexpert,0.06,0.38,0.9059999999999994
Sys_DiT_noexpert,0.06,0.4,0.8959999999999995
Sys_DiT_noexpert,0.06,0.42,0.8839999999999995
Sys_DiT_noexpert,0.06,0.44,0.8599999999999995
Sys_DiT_noexpert,0.06,0.46,0.8539999999999995
Sys_DiT_noexpert,0.06,0.48,0.8379999999999996
Sys_DiT_noexpert,0.06,0.5,0.8319999999999996
Sys_DiT_noexpert,0.06,0.52,0.8139999999999995
Sys_DiT_noexpert,0.06,0.54,0.7959999999999995
Sys_DiT_noexpert,0.06,0.56,0.7879999999999996
Sys_DiT_noexpert,0.06,0.58,0.7719999999999996
Sys_DiT_noexpert,0.06,0.6,0.7619999999999995
Sys_DiT_noexpert,0.06,0.62,0.7459999999999997
Sys_DiT_noexpert,0.06,0.64,0.7279999999999996
Sys_DiT_noexpert,0.06,0.66,0.7139999999999997
Sys_DiT_noexpert,0.06,0.68,0.7019999999999998
Sys_DiT_noexpert,0.06,0.7,0.6879999999999998
Sys_DiT_noexpert,0.06,0.72,0.6540000000000002
Sys_DiT_noexpert,0.06,0.74,0.6220000000000002
Sys_DiT_noexpert,0.06,0.76,0.5960000000000001
Sys_DiT_noexpert,0.06,0.78,0.5100000000000002
Sys_DiT_noexpert,0.06,0.8,0.4700000000000001
Sys_DiT_noexpert,0.06,0.82,0.43
Sys_DiT_noexpert,0.06,0.84,0.3919999999999999
Sys_DiT_noexpert,0.06,0.86,0.35600000000000004
Sys_DiT_noexpert,0.06,0.88,0.3339999999999999
Sys_DiT_noexpert,0.06,0.9,0.3099999999999999
Sys_DiT_noexpert,0.06,0.92,0.2759999999999999
Sys_DiT_noexpert,0.06,0.94,0.242
Sys_DiT_noexpert,0.06,0.96,0.22599999999999995
Sys_DiT_noexpert,0.06,0.98,0.19799999999999993
Sys_DiT_noexpert,0.06,1.0,0.18799999999999994
Sys_DiT_noexpert,0.08,0.0,0.9819999999999999
Sys_DiT_noexpert,0.08,0.02,0.9819999999999999
Sys_DiT_noexpert,0.08,0.04,0.9819999999999999
Sys_DiT_noexpert,0.08,0.06,0.9819999999999999
Sys_DiT_noexpert,0.08,0.08,0.9819999999999999
Sys_DiT_noexpert,0.08,0.1,0.9819999999999999
Sys_DiT_noexpert,0.08,0.12,0.9819999999999999
Sys_DiT_noexpert,0.08,0.14,0.9819999999999999
Sys_DiT_noexpert,0.08,0.16,0.9799999999999999
Sys_DiT_noexpert,0.08,0.18,0.9779999999999999
Sys_DiT_noexpert,0.08,0.2,0.9779999999999999
Sys_DiT_noexpert,0.08,0.22,0.9759999999999998
Sys_DiT_noexpert,0.08,0.24,0.9759999999999998
Sys_DiT_noexpert,0.08,0.26,0.9679999999999999
Sys_DiT_noexpert,0.08,0.28,0.9539999999999996
Sys_DiT_noexpert,0.08,0.3,0.9459999999999995
Sys_DiT_noexpert,0.08,0.32,0.9419999999999996
Sys_DiT_noexpert,0.08,0.34,0.9279999999999997
Sys_DiT_noexpert,0.08,0.36,0.9219999999999996
Sys_DiT_noexpert,0.08,0.38,0.9059999999999994
Sys_DiT_noexpert,0.08,0.4,0.8959999999999995
Sys_DiT_noexpert,0.08,0.42,0.8839999999999995
Sys_DiT_noexpert,0.08,0.44,0.8599999999999995
Sys_DiT_noexpert,0.08,0.46,0.8539999999999995
Sys_DiT_noexpert,0.08,0.48,0.8379999999999996
Sys_DiT_noexpert,0.08,0.5,0.8319999999999996
Sys_DiT_noexpert,0.08,0.52,0.8139999999999995
Sys_DiT_noexpert,0.08,0.54,0.7959999999999995
Sys_DiT_noexpert,0.08,0.56,0.7879999999999996
Sys_DiT_noexpert,0.08,0.58,0.7719999999999996
Sys_DiT_noexpert,0.08,0.6,0.7619999999999995
Sys_DiT_noexpert,0.08,0.62,0.7459999999999997
Sys_DiT_noexpert,0.08,0.64,0.7279999999999996
Sys_DiT_noexpert,0.08,0.66,0.7139999999999997
Sys_DiT_noexpert,0.08,0.68,0.7019999999999998
Sys_DiT_noexpert,0.08,0.7,0.6879999999999998
Sys_DiT_noexpert,0.08,0.72,0.6540000000000002
Sys_DiT_noexpert,0.08,0.74,0.6220000000000002
Sys_DiT_noexpert,0.08,0.76,0.5960000000000001
Sys_DiT_noexpert,0.08,0.78,0.5100000000000002
Sys_DiT_noexpert,0.08,0.8,0.4700000000000001
Sys_DiT_noexpert,0.08,0.82,0.43
Sys_DiT_noexpert,0.08,0.84,0.3919999999999999
Sys_DiT_noexpert,0.08,0.86,0.35600000000000004
Sys_DiT_noexpert,0.08,0.88,0.3339999999999999
Sys_DiT_noexpert,0.08,0.9,0.3099999999999999
Sys_DiT_noexpert,0.08,0.92,0.2759999999999999
Sys_DiT_noexpert,0.08,0.94,0.242
Sys_DiT_noexpert,0.08,0.96,0.22599999999999995
Sys_DiT_noexpert,0.08,0.98,0.19799999999999993
Sys_DiT_noexpert,0.08,1.0,0.18799999999999994
Sys_DiT_noexpert,0.1,0.0,0.9779999999999999
Sys_DiT_noexpert,0.1,0.02,0.9779999999999999
Sys_DiT_noexpert,0.1,0.04,0.9779999999999999
Sys_DiT_noexpert,0.1,0.06,0.9779999999999999
Sys_DiT_noexpert,0.1,0.08,0.9779999999999999
Sys_DiT_noexpert,0.1,0.1,0.9779999999999999
Sys_DiT_noexpert,0.1,0.12,0.9779999999999999
Sys_DiT_noexpert,0.1,0.14,0.9779999999999999
Sys_DiT_noexpert,0.1,0.16,0.9759999999999998
Sys_DiT_noexpert,0.1,0.18,0.9739999999999998
Sys_DiT_noexpert,0.1,0.2,0.9739999999999998
Sys_DiT_noexpert,0.1,0.22,0.9719999999999998
Sys_DiT_noexpert,0.1,0.24,0.9719999999999998
Sys_DiT_noexpert,0.1,0.26,0.9639999999999997
Sys_DiT_noexpert,0.1,0.28,0.9499999999999996
Sys_DiT_noexpert,0.1,0.3,0.9419999999999995
Sys_DiT_noexpert,0.1,0.32,0.9379999999999995
Sys_DiT_noexpert,0.1,0.34,0.9239999999999996
Sys_DiT_noexpert,0.1,0.36,0.9179999999999996
Sys_DiT_noexpert,0.1,0.38,0.9019999999999994
Sys_DiT_noexpert,0.1,0.4,0.8919999999999995
Sys_DiT_noexpert,0.1,0.42,0.8799999999999994
Sys_DiT_noexpert,0.1,0.44,0.8559999999999995
Sys_DiT_noexpert,0.1,0.46,0.8499999999999994
Sys_DiT_noexpert,0.1,0.48,0.8359999999999996
Sys_DiT_noexpert,0.1,0.5,0.8299999999999996
Sys_DiT_noexpert,0.1,0.52,0.8119999999999995
Sys_DiT_noexpert,0.1,0.54,0.7939999999999995
Sys_DiT_noexpert,0.1,0.56,0.7859999999999995
Sys_DiT_noexpert,0.1,0.58,0.7699999999999996
Sys_DiT_noexpert,0.1,0.6,0.7599999999999995
Sys_DiT_noexpert,0.1,0.62,0.7439999999999994
Sys_DiT_noexpert,0.1,0.64,0.7259999999999998
Sys_DiT_noexpert,0.1,0.66,0.7119999999999996
Sys_DiT_noexpert,0.1,0.68,0.6999999999999998
Sys_DiT_noexpert,0.1,0.7,0.6859999999999998
Sys_DiT_noexpert,0.1,0.72,0.6520000000000001
Sys_DiT_noexpert,0.1,0.74,0.6200000000000001
Sys_DiT_noexpert,0.1,0.76,0.5940000000000001
Sys_DiT_noexpert,0.1,0.78,0.5080000000000002
Sys_DiT_noexpert,0.1,0.8,0.468
Sys_DiT_noexpert,0.1,0.82,0.428
Sys_DiT_noexpert,0.1,0.84,0.3899999999999999
Sys_DiT_noexpert,0.1,0.86,0.35600000000000004
Sys_DiT_noexpert,0.1,0.88,0.3339999999999999
Sys_DiT_noexpert,0.1,0.9,0.3099999999999999
Sys_DiT_noexpert,0.1,0.92,0.2759999999999999
Sys_DiT_noexpert,0.1,0.94,0.242
Sys_DiT_noexpert,0.1,0.96,0.22599999999999995
Sys_DiT_noexpert,0.1,0.98,0.19799999999999993
Sys_DiT_noexpert,0.1,1.0,0.18799999999999994
Sys_DiT_noexpert,0.12,0.0,0.9779999999999999
Sys_DiT_noexpert,0.12,0.02,0.9779999999999999
Sys_DiT_noexpert,0.12,0.04,0.9779999999999999
Sys_DiT_noexpert,0.12,0.06,0.9779999999999999
Sys_DiT_noexpert,0.12,0.08,0.9779999999999999
Sys_DiT_noexpert,0.12,0.1,0.9779999999999999
Sys_DiT_noexpert,0.12,0.12,0.9779999999999999
Sys_DiT_noexpert,0.12,0.14,0.9779999999999999
Sys_DiT_noexpert,0.12,0.16,0.9759999999999998
Sys_DiT_noexpert,0.12,0.18,0.9739999999999998
Sys_DiT_noexpert,0.12,0.2,0.9739999999999998
Sys_DiT_noexpert,0.12,0.22,0.9719999999999998
Sys_DiT_noexpert,0.12,0.24,0.9719999999999998
Sys_DiT_noexpert,0.12,0.26,0.9639999999999997
Sys_DiT_noexpert,0.12,0.28,0.9499999999999996
Sys_DiT_noexpert,0.12,0.3,0.9419999999999995
Sys_DiT_noexpert,0.12,0.32,0.9379999999999995
Sys_DiT_noexpert,0.12,0.34,0.9239999999999996
Sys_DiT_noexpert,0.12,0.36,0.9179999999999996
Sys_DiT_noexpert,0.12,0.38,0.9019999999999994
Sys_DiT_noexpert,0.12,0.4,0.8919999999999995
Sys_DiT_noexpert,0.12,0.42,0.8799999999999994
Sys_DiT_noexpert,0.12,0.44,0.8559999999999995
Sys_DiT_noexpert,0.12,0.46,0.8499999999999994
Sys_DiT_noexpert,0.12,0.48,0.8359999999999996
Sys_DiT_noexpert,0.12,0.5,0.8299999999999996
Sys_DiT_noexpert,0.12,0.52,0.8119999999999995
Sys_DiT_noexpert,0.12,0.54,0.7939999999999995
Sys_DiT_noexpert,0.12,0.56,0.7859999999999995
Sys_DiT_noexpert,0.12,0.58,0.7699999999999996
Sys_DiT_noexpert,0.12,0.6,0.7599999999999995
Sys_DiT_noexpert,0.12,0.62,0.7439999999999994
Sys_DiT_noexpert,0.12,0.64,0.7259999999999998
Sys_DiT_noexpert,0.12,0.66,0.7119999999999996
Sys_DiT_noexpert,0.12,0.68,0.6999999999999998
Sys_DiT_noexpert,0.12,0.7,0.6859999999999998
Sys_DiT_noexpert,0.12,0.72,0.6520000000000001
Sys_DiT_noexpert,0.12,0.74,0.6200000000000001
Sys_DiT_noexpert,0.12,0.76,0.5940000000000001
Sys_DiT_noexpert,0.12,0.78,0.5080000000000002
Sys_DiT_noexpert,0.12,0.8,0.468
Sys_DiT_noexpert,0.12,0.82,0.428
Sys_DiT_noexpert,0.12,0.84,0.3899999999999999
Sys_DiT_noexpert,0.12,0.86,0.35600000000000004
Sys_DiT_noexpert,0.12,0.88,0.3339999999999999
Sys_DiT_noexpert,0.12,0.9,0.3099999999999999
Sys_DiT_noexpert,0.12,0.92,0.2759999999999999
Sys_DiT_noexpert,0.12,0.94,0.242
Sys_DiT_noexpert,0.12,0.96,0.22599999999999995
Sys_DiT_noexpert,0.12,0.98,0.19799999999999993
Sys_DiT_noexpert,0.12,1.0,0.18799999999999994
Sys_DiT_noexpert,0.14,0.0,0.9759999999999998
Sys_DiT_noexpert,0.14,0.02,0.9759999999999998
Sys_DiT_noexpert,0.14,0.04,0.9759999999999998
Sys_DiT_noexpert,0.14,0.06,0.9759999999999998
Sys_DiT_noexpert,0.14,0.08,0.9759999999999998
Sys_DiT_noexpert,0.14,0.1,0.9759999999999998
Sys_DiT_noexpert,0.14,0.12,0.9759999999999998
Sys_DiT_noexpert,0.14,0.14,0.9759999999999998
Sys_DiT_noexpert,0.14,0.16,0.9739999999999998
Sys_DiT_noexpert,0.14,0.18,0.9719999999999999
Sys_DiT_noexpert,0.14,0.2,0.9719999999999999
Sys_DiT_noexpert,0.14,0.22,0.9699999999999999
Sys_DiT_noexpert,0.14,0.24,0.9699999999999999
Sys_DiT_noexpert,0.14,0.26,0.9619999999999996
Sys_DiT_noexpert,0.14,0.28,0.9479999999999995
Sys_DiT_noexpert,0.14,0.3,0.9419999999999995
Sys_DiT_noexpert,0.14,0.32,0.9379999999999995
Sys_DiT_noexpert,0.14,0.34,0.9239999999999996
Sys_DiT_noexpert,0.14,0.36,0.9179999999999996
Sys_DiT_noexpert,0.14,0.38,0.9019999999999994
Sys_DiT_noexpert,0.14,0.4,0.8919999999999995
Sys_DiT_noexpert,0.14,0.42,0.8799999999999994
Sys_DiT_noexpert,0.14,0.44,0.8559999999999995
Sys_DiT_noexpert,0.14,0.46,0.8499999999999994
Sys_DiT_noexpert,0.14,0.48,0.8359999999999996
Sys_DiT_noexpert,0.14,0.5,0.8299999999999996
Sys_DiT_noexpert,0.14,0.52,0.8119999999999995
Sys_DiT_noexpert,0.14,0.54,0.7939999999999995
Sys_DiT_noexpert,0.14,0.56,0.7859999999999995
Sys_DiT_noexpert,0.14,0.58,0.7699999999999996
Sys_DiT_noexpert,0.14,0.6,0.7599999999999995
Sys_DiT_noexpert,0.14,0.62,0.7439999999999994
Sys_DiT_noexpert,0.14,0.64,0.7259999999999998
Sys_DiT_noexpert,0.14,0.66,0.7119999999999996
Sys_DiT_noexpert,0.14,0.68,0.6999999999999998
Sys_DiT_noexpert,0.14,0.7,0.6859999999999998
Sys_DiT_noexpert,0.14,0.72,0.6520000000000001
Sys_DiT_noexpert,0.14,0.74,0.6200000000000001
Sys_DiT_noexpert,0.14,0.76,0.5940000000000001
Sys_DiT_noexpert,0.14,0.78,0.5080000000000002
Sys_DiT_noexpert,0.14,0.8,0.468
Sys_DiT_noexpert,0.14,0.82,0.428
Sys_DiT_noexpert,0.14,0.84,0.3899999999999999
Sys_DiT_noexpert,0.14,0.86,0.35600000000000004
Sys_DiT_noexpert,0.14,0.88,0.3339999999999999
Sys_DiT_noexpert,0.14,0.9,0.3099999999999999
Sys_DiT_noexpert,0.14,0.92,0.2759999999999999
Sys_DiT_noexpert,0.14,0.94,0.242
Sys_DiT_noexpert,0.14,0.96,0.22599999999999995
Sys_DiT_noexpert,0.14,0.98,0.19799999999999993
Sys_DiT_noexpert,0.14,1.0,0.18799999999999994
Sys_DiT_noexpert,0.16,0.0,0.9719999999999998
Sys_DiT_noexpert,0.16,0.02,0.9719999999999998
Sys_DiT_noexpert,0.16,0.04,0.9719999999999998
Sys_DiT_noexpert,0.16,0.06,0.9719999999999998
Sys_DiT_noexpert,0.16,0.08,0.9719999999999998
Sys_DiT_noexpert,0.16,0.1,0.9719999999999998
Sys_DiT_noexpert,0.16,0.12,0.9719999999999998
Sys_DiT_noexpert,0.16,0.14,0.9719999999999998
Sys_DiT_noexpert,0.16,0.16,0.9699999999999999
Sys_DiT_noexpert,0.16,0.18,0.9699999999999999
Sys_DiT_noexpert,0.16,0.2,0.9699999999999999
Sys_DiT_noexpert,0.16,0.22,0.9679999999999999
Sys_DiT_noexpert,0.16,0.24,0.9679999999999999
Sys_DiT_noexpert,0.16,0.26,0.9599999999999995
Sys_DiT_noexpert,0.16,0.28,0.9459999999999995
Sys_DiT_noexpert,0.16,0.3,0.9399999999999994
Sys_DiT_noexpert,0.16,0.32,0.9359999999999995
Sys_DiT_noexpert,0.16,0.34,0.9219999999999996
Sys_DiT_noexpert,0.16,0.36,0.9159999999999995
Sys_DiT_noexpert,0.16,0.38,0.8999999999999992
Sys_DiT_noexpert,0.16,0.4,0.8899999999999995
Sys_DiT_noexpert,0.16,0.42,0.8779999999999994
Sys_DiT_noexpert,0.16,0.44,0.8539999999999995
Sys_DiT_noexpert,0.16,0.46,0.8479999999999994
Sys_DiT_noexpert,0.16,0.48,0.8339999999999996
Sys_DiT_noexpert,0.16,0.5,0.8279999999999995
Sys_DiT_noexpert,0.16,0.52,0.8119999999999995
Sys_DiT_noexpert,0.16,0.54,0.7939999999999995
Sys_DiT_noexpert,0.16,0.56,0.7859999999999995
Sys_DiT_noexpert,0.16,0.58,0.7699999999999996
Sys_DiT_noexpert,0.16,0.6,0.7599999999999995
Sys_DiT_noexpert,0.16,0.62,0.7439999999999994
Sys_DiT_noexpert,0.16,0.64,0.7259999999999998
Sys_DiT_noexpert,0.16,0.66,0.7119999999999996
Sys_DiT_noexpert,0.16,0.68,0.6999999999999998
Sys_DiT_noexpert,0.16,0.7,0.6859999999999998
Sys_DiT_noexpert,0.16,0.72,0.6520000000000001
Sys_DiT_noexpert,0.16,0.74,0.6200000000000001
Sys_DiT_noexpert,0.16,0.76,0.5940000000000001
Sys_DiT_noexpert,0.16,0.78,0.5080000000000002
Sys_DiT_noexpert,0.16,0.8,0.468
Sys_DiT_noexpert,0.16,0.82,0.428
Sys_DiT_noexpert,0.16,0.84,0.3899999999999999
Sys_DiT_noexpert,0.16,0.86,0.35600000000000004
Sys_DiT_noexpert,0.16,0.88,0.3339999999999999
Sys_DiT_noexpert,0.16,0.9,0.3099999999999999
Sys_DiT_noexpert,0.16,0.92,0.2759999999999999
Sys_DiT_noexpert,0.16,0.94,0.242
Sys_DiT_noexpert,0.16,0.96,0.22599999999999995
Sys_DiT_noexpert,0.16,0.98,0.19799999999999993
Sys_DiT_noexpert,0.16,1.0,0.18799999999999994
Sys_DiT_noexpert,0.18,0.0,0.9659999999999997
Sys_DiT_noexpert,0.18,0.02,0.9659999999999997
Sys_DiT_noexpert,0.18,0.04,0.9659999999999997
Sys_DiT_noexpert,0.18,0.06,0.9659999999999997
Sys_DiT_noexpert,0.18,0.08,0.9659999999999997
Sys_DiT_noexpert,0.18,0.1,0.9659999999999997
Sys_DiT_noexpert,0.18,0.12,0.9659999999999997
Sys_DiT_noexpert,0.18,0.14,0.9659999999999997
Sys_DiT_noexpert,0.18,0.16,0.9639999999999997
Sys_DiT_noexpert,0.18,0.18,0.9639999999999997
Sys_DiT_noexpert,0.18,0.2,0.9639999999999997
Sys_DiT_noexpert,0.18,0.22,0.9619999999999997
Sys_DiT_noexpert,0.18,0.24,0.9619999999999997
Sys_DiT_noexpert,0.18,0.26,0.9539999999999996
Sys_DiT_noexpert,0.18,0.28,0.9399999999999996
Sys_DiT_noexpert,0.18,0.3,0.9339999999999995
Sys_DiT_noexpert,0.18,0.32,0.9299999999999996
Sys_DiT_noexpert,0.18,0.34,0.9159999999999997
Sys_DiT_noexpert,0.18,0.36,0.9099999999999996
Sys_DiT_noexpert,0.18,0.38,0.8939999999999994
Sys_DiT_noexpert,0.18,0.4,0.8839999999999997
Sys_DiT_noexpert,0.18,0.42,0.8719999999999994
Sys_DiT_noexpert,0.18,0.44,0.8479999999999995
Sys_DiT_noexpert,0.18,0.46,0.8419999999999994
Sys_DiT_noexpert,0.18,0.48,0.8299999999999996
Sys_DiT_noexpert,0.18,0.5,0.8239999999999995
Sys_DiT_noexpert,0.18,0.52,0.8079999999999995
Sys_DiT_noexpert,0.18,0.54,0.7899999999999996
Sys_DiT_noexpert,0.18,0.56,0.7819999999999995
Sys_DiT_noexpert,0.18,0.58,0.7659999999999996
Sys_DiT_noexpert,0.18,0.6,0.7559999999999996
Sys_DiT_noexpert,0.18,0.62,0.7399999999999998
Sys_DiT_noexpert,0.18,0.64,0.7219999999999998
Sys_DiT_noexpert,0.18,0.66,0.7079999999999999
Sys_DiT_noexpert,0.18,0.68,0.6959999999999998
Sys_DiT_noexpert,0.18,0.7,0.6839999999999999
Sys_DiT_noexpert,0.18,0.72,0.6500000000000002
Sys_DiT_noexpert,0.18,0.74,0.6200000000000001
Sys_DiT_noexpert,0.18,0.76,0.5940000000000001
Sys_DiT_noexpert,0.18,0.78,0.5080000000000002
Sys_DiT_noexpert,0.18,0.8,0.468
Sys_DiT_noexpert,0.18,0.82,0.428
Sys_DiT_noexpert,0.18,0.84,0.3899999999999999
Sys_DiT_noexpert,0.18,0.86,0.35600000000000004
Sys_DiT_noexpert,0.18,0.88,0.3339999999999999
Sys_DiT_noexpert,0.18,0.9,0.3099999999999999
Sys_DiT_noexpert,0.18,0.92,0.2759999999999999
Sys_DiT_noexpert,0.18,0.94,0.242
Sys_DiT_noexpert,0.18,0.96,0.22599999999999995
Sys_DiT_noexpert,0.18,0.98,0.19799999999999993
Sys_DiT_noexpert,0.18,1.0,0.18799999999999994
Sys_DiT_noexpert,0.2,0.0,0.9619999999999997
Sys_DiT_noexpert,0.2,0.02,0.9619999999999997
Sys_DiT_noexpert,0.2,0.04,0.9619999999999997
Sys_DiT_noexpert,0.2,0.06,0.9619999999999997
Sys_DiT_noexpert,0.2,0.08,0.9619999999999997
Sys_DiT_noexpert,0.2,0.1,0.9619999999999997
Sys_DiT_noexpert,0.2,0.12,0.9619999999999997
Sys_DiT_noexpert,0.2,0.14,0.9619999999999997
Sys_DiT_noexpert,0.2,0.16,0.9599999999999997
Sys_DiT_noexpert,0.2,0.18,0.9599999999999997
Sys_DiT_noexpert,0.2,0.2,0.9599999999999997
Sys_DiT_noexpert,0.2,0.22,0.9579999999999997
Sys_DiT_noexpert,0.2,0.24,0.9579999999999997
Sys_DiT_noexpert,0.2,0.26,0.9499999999999996
Sys_DiT_noexpert,0.2,0.28,0.9399999999999996
Sys_DiT_noexpert,0.2,0.3,0.9339999999999995
Sys_DiT_noexpert,0.2,0.32,0.9299999999999996
Sys_DiT_noexpert,0.2,0.34,0.9159999999999997
Sys_DiT_noexpert,0.2,0.36,0.9099999999999996
Sys_DiT_noexpert,0.2,0.38,0.8939999999999994
Sys_DiT_noexpert,0.2,0.4,0.8839999999999997
Sys_DiT_noexpert,0.2,0.42,0.8719999999999994
Sys_DiT_noexpert,0.2,0.44,0.8479999999999995
Sys_DiT_noexpert,0.2,0.46,0.8419999999999994
Sys_DiT_noexpert,0.2,0.48,0.8299999999999996
Sys_DiT_noexpert,0.2,0.5,0.8239999999999995
Sys_DiT_noexpert,0.2,0.52,0.8079999999999995
Sys_DiT_noexpert,0.2,0.54,0.7899999999999996
Sys_DiT_noexpert,0.2,0.56,0.7819999999999995
Sys_DiT_noexpert,0.2,0.58,0.7659999999999996
Sys_DiT_noexpert,0.2,0.6,0.7559999999999996
Sys_DiT_noexpert,0.2,0.62,0.7399999999999998
Sys_DiT_noexpert,0.2,0.64,0.7219999999999998
Sys_DiT_noexpert,0.2,0.66,0.7079999999999999
Sys_DiT_noexpert,0.2,0.68,0.6959999999999998
Sys_DiT_noexpert,0.2,0.7,0.6839999999999999
Sys_DiT_noexpert,0.2,0.72,0.6500000000000002
Sys_DiT_noexpert,0.2,0.74,0.6200000000000001
Sys_DiT_noexpert,0.2,0.76,0.5940000000000001
Sys_DiT_noexpert,0.2,0.78,0.5080000000000002
Sys_DiT_noexpert,0.2,0.8,0.468
Sys_DiT_noexpert,0.2,0.82,0.428
Sys_DiT_noexpert,0.2,0.84,0.3899999999999999
Sys_DiT_noexpert,0.2,0.86,0.35600000000000004
Sys_DiT_noexpert,0.2,0.88,0.3339999999999999
Sys_DiT_noexpert,0.2,0.9,0.3099999999999999
Sys_DiT_noexpert,0.2,0.92,0.2759999999999999
Sys_DiT_noexpert,0.2,0.94,0.242
Sys_DiT_noexpert,0.2,0.96,0.22599999999999995
Sys_DiT_noexpert,0.2,0.98,0.19799999999999993
Sys_DiT_noexpert,0.2,1.0,0.18799999999999994
Sys_DiT_noexpert,0.22,0.0,0.9559999999999998
Sys_DiT_noexpert,0.22,0.02,0.9559999999999998
Sys_DiT_noexpert,0.22,0.04,0.9559999999999998
Sys_DiT_noexpert,0.22,0.06,0.9559999999999998
Sys_DiT_noexpert,0.22,0.08,0.9559999999999998
Sys_DiT_noexpert,0.22,0.1,0.9559999999999998
Sys_DiT_noexpert,0.22,0.12,0.9559999999999998
Sys_DiT_noexpert,0.22,0.14,0.9559999999999998
Sys_DiT_noexpert,0.22,0.16,0.9539999999999997
Sys_DiT_noexpert,0.22,0.18,0.9539999999999997
Sys_DiT_noexpert,0.22,0.2,0.9539999999999997
Sys_DiT_noexpert,0.22,0.22,0.9519999999999997
Sys_DiT_noexpert,0.22,0.24,0.9519999999999997
Sys_DiT_noexpert,0.22,0.26,0.9439999999999996
Sys_DiT_noexpert,0.22,0.28,0.9339999999999996
Sys_DiT_noexpert,0.22,0.3,0.9279999999999995
Sys_DiT_noexpert,0.22,0.32,0.9239999999999996
Sys_DiT_noexpert,0.22,0.34,0.9099999999999997
Sys_DiT_noexpert,0.22,0.36,0.9039999999999996
Sys_DiT_noexpert,0.22,0.38,0.8879999999999996
Sys_DiT_noexpert,0.22,0.4,0.8779999999999997
Sys_DiT_noexpert,0.22,0.42,0.8659999999999995
Sys_DiT_noexpert,0.22,0.44,0.8419999999999996
Sys_DiT_noexpert,0.22,0.46,0.8359999999999995
Sys_DiT_noexpert,0.22,0.48,0.8239999999999996
Sys_DiT_noexpert,0.22,0.5,0.8179999999999995
Sys_DiT_noexpert,0.22,0.52,0.8019999999999996
Sys_DiT_noexpert,0.22,0.54,0.7839999999999996
Sys_DiT_noexpert,0.22,0.56,0.7759999999999995
Sys_DiT_noexpert,0.22,0.58,0.7599999999999996
Sys_DiT_noexpert,0.22,0.6,0.7499999999999996
Sys_DiT_noexpert,0.22,0.62,0.7339999999999997
Sys_DiT_noexpert,0.22,0.64,0.7159999999999997
Sys_DiT_noexpert,0.22,0.66,0.7019999999999997
Sys_DiT_noexpert,0.22,0.68,0.6899999999999998
Sys_DiT_noexpert,0.22,0.7,0.6779999999999998
Sys_DiT_noexpert,0.22,0.72,0.644
Sys_DiT_noexpert,0.22,0.74,0.6180000000000001
Sys_DiT_noexpert,0.22,0.76,0.5920000000000001
Sys_DiT_noexpert,0.22,0.78,0.5080000000000002
Sys_DiT_noexpert,0.22,0.8,0.468
Sys_DiT_noexpert,0.22,0.82,0.428
Sys_DiT_noexpert,0.22,0.84,0.3899999999999999
Sys_DiT_noexpert,0.22,0.86,0.35600000000000004
Sys_DiT_noexpert,0.22,0.88,0.3339999999999999
Sys_DiT_noexpert,0.22,0.9,0.3099999999999999
Sys_DiT_noexpert,0.22,0.92,0.2759999999999999
Sys_DiT_noexpert,0.22,0.94,0.242
Sys_DiT_noexpert,0.22,0.96,0.22599999999999995
Sys_DiT_noexpert,0.22,0.98,0.19799999999999993
Sys_DiT_noexpert,0.22,1.0,0.18799999999999994
Sys_DiT_noexpert,0.24,0.0,0.9559999999999998
Sys_DiT_noexpert,0.24,0.02,0.9559999999999998
Sys_DiT_noexpert,0.24,0.04,0.9559999999999998
Sys_DiT_noexpert,0.24,0.06,0.9559999999999998
Sys_DiT_noexpert,0.24,0.08,0.9559999999999998
Sys_DiT_noexpert,0.24,0.1,0.9559999999999998
Sys_DiT_noexpert,0.24,0.12,0.9559999999999998
Sys_DiT_noexpert,0.24,0.14,0.9559999999999998
Sys_DiT_noexpert,0.24,0.16,0.9539999999999997
Sys_DiT_noexpert,0.24,0.18,0.9539999999999997
Sys_DiT_noexpert,0.24,0.2,0.9539999999999997
Sys_DiT_noexpert,0.24,0.22,0.9519999999999997
Sys_DiT_noexpert,0.24,0.24,0.9519999999999997
Sys_DiT_noexpert,0.24,0.26,0.9439999999999996
Sys_DiT_noexpert,0.24,0.28,0.9339999999999996
Sys_DiT_noexpert,0.24,0.3,0.9279999999999995
Sys_DiT_noexpert,0.24,0.32,0.9239999999999996
Sys_DiT_noexpert,0.24,0.34,0.9099999999999997
Sys_DiT_noexpert,0.24,0.36,0.9039999999999996
Sys_DiT_noexpert,0.24,0.38,0.8879999999999996
Sys_DiT_noexpert,0.24,0.4,0.8779999999999997
Sys_DiT_noexpert,0.24,0.42,0.8659999999999995
Sys_DiT_noexpert,0.24,0.44,0.8419999999999996
Sys_DiT_noexpert,0.24,0.46,0.8359999999999995
Sys_DiT_noexpert,0.24,0.48,0.8239999999999996
Sys_DiT_noexpert,0.24,0.5,0.8179999999999995
Sys_DiT_noexpert,0.24,0.52,0.8019999999999996
Sys_DiT_noexpert,0.24,0.54,0.7839999999999996
Sys_DiT_noexpert,0.24,0.56,0.7759999999999995
Sys_DiT_noexpert,0.24,0.58,0.7599999999999996
Sys_DiT_noexpert,0.24,0.6,0.7499999999999996
Sys_DiT_noexpert,0.24,0.62,0.7339999999999997
Sys_DiT_noexpert,0.24,0.64,0.7159999999999997
Sys_DiT_noexpert,0.24,0.66,0.7019999999999997
Sys_DiT_noexpert,0.24,0.68,0.6899999999999998
Sys_DiT_noexpert,0.24,0.7,0.6779999999999998
Sys_DiT_noexpert,0.24,0.72,0.644
Sys_DiT_noexpert,0.24,0.74,0.6180000000000001
Sys_DiT_noexpert,0.24,0.76,0.5920000000000001
Sys_DiT_noexpert,0.24,0.78,0.5080000000000002
Sys_DiT_noexpert,0.24,0.8,0.468
Sys_DiT_noexpert,0.24,0.82,0.428
Sys_DiT_noexpert,0.24,0.84,0.3899999999999999
Sys_DiT_noexpert,0.24,0.86,0.35600000000000004
Sys_DiT_noexpert,0.24,0.88,0.3339999999999999
Sys_DiT_noexpert,0.24,0.9,0.3099999999999999
Sys_DiT_noexpert,0.24,0.92,0.2759999999999999
Sys_DiT_noexpert,0.24,0.94,0.242
Sys_DiT_noexpert,0.24,0.96,0.22599999999999995
Sys_DiT_noexpert,0.24,0.98,0.19799999999999993
Sys_DiT_noexpert,0.24,1.0,0.18799999999999994
Sys_DiT_noexpert,0.26,0.0,0.9419999999999996
Sys_DiT_noexpert,0.26,0.02,0.9419999999999996
Sys_DiT_noexpert,0.26,0.04,0.9419999999999996
Sys_DiT_noexpert,0.26,0.06,0.9419999999999996
Sys_DiT_noexpert,0.26,0.08,0.9419999999999996
Sys_DiT_noexpert,0.26,0.1,0.9419999999999996
Sys_DiT_noexpert,0.26,0.12,0.9419999999999996
Sys_DiT_noexpert,0.26,0.14,0.9419999999999996
Sys_DiT_noexpert,0.26,0.16,0.9399999999999997
Sys_DiT_noexpert,0.26,0.18,0.9399999999999997
Sys_DiT_noexpert,0.26,0.2,0.9399999999999997
Sys_DiT_noexpert,0.26,0.22,0.9379999999999997
Sys_DiT_noexpert,0.26,0.24,0.9379999999999997
Sys_DiT_noexpert,0.26,0.26,0.9299999999999996
Sys_DiT_noexpert,0.26,0.28,0.9199999999999995
Sys_DiT_noexpert,0.26,0.3,0.9139999999999995
Sys_DiT_noexpert,0.26,0.32,0.9099999999999995
Sys_DiT_noexpert,0.26,0.34,0.8959999999999995
Sys_DiT_noexpert,0.26,0.36,0.8899999999999995
Sys_DiT_noexpert,0.26,0.38,0.8739999999999993
Sys_DiT_noexpert,0.26,0.4,0.8639999999999994
Sys_DiT_noexpert,0.26,0.42,0.8519999999999994
Sys_DiT_noexpert,0.26,0.44,0.8299999999999996
Sys_DiT_noexpert,0.26,0.46,0.8239999999999995
Sys_DiT_noexpert,0.26,0.48,0.8119999999999996
Sys_DiT_noexpert,0.26,0.5,0.8079999999999997
Sys_DiT_noexpert,0.26,0.52,0.7919999999999995
Sys_DiT_noexpert,0.26,0.54,0.7739999999999995
Sys_DiT_noexpert,0.26,0.56,0.7659999999999997
Sys_DiT_noexpert,0.26,0.58,0.7499999999999996
Sys_DiT_noexpert,0.26,0.6,0.7399999999999995
Sys_DiT_noexpert,0.26,0.62,0.7239999999999996
Sys_DiT_noexpert,0.26,0.64,0.7059999999999998
Sys_DiT_noexpert,0.26,0.66,0.6919999999999997
Sys_DiT_noexpert,0.26,0.68,0.6799999999999997
Sys_DiT_noexpert,0.26,0.7,0.6679999999999998
Sys_DiT_noexpert,0.26,0.72,0.634
Sys_DiT_noexpert,0.26,0.74,0.6080000000000001
Sys_DiT_noexpert,0.26,0.76,0.582
Sys_DiT_noexpert,0.26,0.78,0.5040000000000002
Sys_DiT_noexpert,0.26,0.8,0.46399999999999997
Sys_DiT_noexpert,0.26,0.82,0.42599999999999993
Sys_DiT_noexpert,0.26,0.84,0.3879999999999999
Sys_DiT_noexpert,0.26,0.86,0.35400000000000004
Sys_DiT_noexpert,0.26,0.88,0.3319999999999999
Sys_DiT_noexpert,0.26,0.9,0.3079999999999999
Sys_DiT_noexpert,0.26,0.92,0.2739999999999999
Sys_DiT_noexpert,0.26,0.94,0.24
Sys_DiT_noexpert,0.26,0.96,0.22399999999999995
Sys_DiT_noexpert,0.26,0.98,0.19599999999999998
Sys_DiT_noexpert,0.26,1.0,0.18599999999999994
Sys_DiT_noexpert,0.28,0.0,0.9419999999999996
Sys_DiT_noexpert,0.28,0.02,0.9419999999999996
Sys_DiT_noexpert,0.28,0.04,0.9419999999999996
Sys_DiT_noexpert,0.28,0.06,0.9419999999999996
Sys_DiT_noexpert,0.28,0.08,0.9419999999999996
Sys_DiT_noexpert,0.28,0.1,0.9419999999999996
Sys_DiT_noexpert,0.28,0.12,0.9419999999999996
Sys_DiT_noexpert,0.28,0.14,0.9419999999999996
Sys_DiT_noexpert,0.28,0.16,0.9399999999999997
Sys_DiT_noexpert,0.28,0.18,0.9399999999999997
Sys_DiT_noexpert,0.28,0.2,0.9399999999999997
Sys_DiT_noexpert,0.28,0.22,0.9379999999999997
Sys_DiT_noexpert,0.28,0.24,0.9379999999999997
Sys_DiT_noexpert,0.28,0.26,0.9299999999999996
Sys_DiT_noexpert,0.28,0.28,0.9199999999999995
Sys_DiT_noexpert,0.28,0.3,0.9139999999999995
Sys_DiT_noexpert,0.28,0.32,0.9099999999999995
Sys_DiT_noexpert,0.28,0.34,0.8959999999999995
Sys_DiT_noexpert,0.28,0.36,0.8899999999999995
Sys_DiT_noexpert,0.28,0.38,0.8739999999999993
Sys_DiT_noexpert,0.28,0.4,0.8639999999999994
Sys_DiT_noexpert,0.28,0.42,0.8519999999999994
Sys_DiT_noexpert,0.28,0.44,0.8299999999999996
Sys_DiT_noexpert,0.28,0.46,0.8239999999999995
Sys_DiT_noexpert,0.28,0.48,0.8119999999999996
Sys_DiT_noexpert,0.28,0.5,0.8079999999999997
Sys_DiT_noexpert,0.28,0.52,0.7919999999999995
Sys_DiT_noexpert,0.28,0.54,0.7739999999999995
Sys_DiT_noexpert,0.28,0.56,0.7659999999999997
Sys_DiT_noexpert,0.28,0.58,0.7499999999999996
Sys_DiT_noexpert,0.28,0.6,0.7399999999999995
Sys_DiT_noexpert,0.28,0.62,0.7239999999999996
Sys_DiT_noexpert,0.28,0.64,0.7059999999999998
Sys_DiT_noexpert,0.28,0.66,0.6919999999999997
Sys_DiT_noexpert,0.28,0.68,0.6799999999999997
Sys_DiT_noexpert,0.28,0.7,0.6679999999999998
Sys_DiT_noexpert,0.28,0.72,0.634
Sys_DiT_noexpert,0.28,0.74,0.6080000000000001
Sys_DiT_noexpert,0.28,0.76,0.582
Sys_DiT_noexpert,0.28,0.78,0.5040000000000002
Sys_DiT_noexpert,0.28,0.8,0.46399999999999997
Sys_DiT_noexpert,0.28,0.82,0.42599999999999993
Sys_DiT_noexpert,0.28,0.84,0.3879999999999999
Sys_DiT_noexpert,0.28,0.86,0.35400000000000004
Sys_DiT_noexpert,0.28,0.88,0.3319999999999999
Sys_DiT_noexpert,0.28,0.9,0.3079999999999999
Sys_DiT_noexpert,0.28,0.92,0.2739999999999999
Sys_DiT_noexpert,0.28,0.94,0.24
Sys_DiT_noexpert,0.28,0.96,0.22399999999999995
Sys_DiT_noexpert,0.28,0.98,0.19599999999999998
Sys_DiT_noexpert,0.28,1.0,0.18599999999999994
Sys_DiT_noexpert,0.3,0.0,0.9299999999999996
Sys_DiT_noexpert,0.3,0.02,0.9299999999999996
Sys_DiT_noexpert,0.3,0.04,0.9299999999999996
Sys_DiT_noexpert,0.3,0.06,0.9299999999999996
Sys_DiT_noexpert,0.3,0.08,0.9299999999999996
Sys_DiT_noexpert,0.3,0.1,0.9299999999999996
Sys_DiT_noexpert,0.3,0.12,0.9299999999999996
Sys_DiT_noexpert,0.3,0.14,0.9299999999999996
Sys_DiT_noexpert,0.3,0.16,0.9279999999999995
Sys_DiT_noexpert,0.3,0.18,0.9279999999999995
Sys_DiT_noexpert,0.3,0.2,0.9279999999999995
Sys_DiT_noexpert,0.3,0.22,0.9279999999999995
Sys_DiT_noexpert,0.3,0.24,0.9279999999999995
Sys_DiT_noexpert,0.3,0.26,0.9219999999999996
Sys_DiT_noexpert,0.3,0.28,0.9119999999999996
Sys_DiT_noexpert,0.3,0.3,0.9059999999999994
Sys_DiT_noexpert,0.3,0.32,0.9019999999999996
Sys_DiT_noexpert,0.3,0.34,0.8879999999999996
Sys_DiT_noexpert,0.3,0.36,0.8819999999999995
Sys_DiT_noexpert,0.3,0.38,0.8659999999999993
Sys_DiT_noexpert,0.3,0.4,0.8559999999999995
Sys_DiT_noexpert,0.3,0.42,0.8439999999999995
Sys_DiT_noexpert,0.3,0.44,0.8219999999999996
Sys_DiT_noexpert,0.3,0.46,0.8159999999999995
Sys_DiT_noexpert,0.3,0.48,0.8059999999999996
Sys_DiT_noexpert,0.3,0.5,0.8039999999999996
Sys_DiT_noexpert,0.3,0.52,0.7899999999999996
Sys_DiT_noexpert,0.3,0.54,0.7719999999999996
Sys_DiT_noexpert,0.3,0.56,0.7639999999999995
Sys_DiT_noexpert,0.3,0.58,0.7479999999999996
Sys_DiT_noexpert,0.3,0.6,0.7379999999999994
Sys_DiT_noexpert,0.3,0.62,0.7219999999999996
Sys_DiT_noexpert,0.3,0.64,0.7039999999999997
Sys_DiT_noexpert,0.3,0.66,0.6899999999999998
Sys_DiT_noexpert,0.3,0.68,0.6779999999999998
Sys_DiT_noexpert,0.3,0.7,0.6659999999999999
Sys_DiT_noexpert,0.3,0.72,0.632
Sys_DiT_noexpert,0.3,0.74,0.606
Sys_DiT_noexpert,0.3,0.76,0.58
Sys_DiT_noexpert,0.3,0.78,0.5040000000000002
Sys_DiT_noexpert,0.3,0.8,0.46399999999999997
Sys_DiT_noexpert,0.3,0.82,0.42599999999999993
Sys_DiT_noexpert,0.3,0.84,0.3879999999999999
Sys_DiT_noexpert,0.3,0.86,0.35400000000000004
Sys_DiT_noexpert,0.3,0.88,0.3319999999999999
Sys_DiT_noexpert,0.3,0.9,0.3079999999999999
Sys_DiT_noexpert,0.3,0.92,0.2739999999999999
Sys_DiT_noexpert,0.3,0.94,0.24
Sys_DiT_noexpert,0.3,0.96,0.22399999999999995
Sys_DiT_noexpert,0.3,0.98,0.19599999999999998
Sys_DiT_noexpert,0.3,1.0,0.18599999999999994
Sys_DiT_noexpert,0.32,0.0,0.9299999999999996
Sys_DiT_noexpert,0.32,0.02,0.9299999999999996
Sys_DiT_noexpert,0.32,0.04,0.9299999999999996
Sys_DiT_noexpert,0.32,0.06,0.9299999999999996
Sys_DiT_noexpert,0.32,0.08,0.9299999999999996
Sys_DiT_noexpert,0.32,0.1,0.9299999999999996
Sys_DiT_noexpert,0.32,0.12,0.9299999999999996
Sys_DiT_noexpert,0.32,0.14,0.9299999999999996
Sys_DiT_noexpert,0.32,0.16,0.9279999999999995
Sys_DiT_noexpert,0.32,0.18,0.9279999999999995
Sys_DiT_noexpert,0.32,0.2,0.9279999999999995
Sys_DiT_noexpert,0.32,0.22,0.9279999999999995
Sys_DiT_noexpert,0.32,0.24,0.9279999999999995
Sys_DiT_noexpert,0.32,0.26,0.9219999999999996
Sys_DiT_noexpert,0.32,0.28,0.9119999999999996
Sys_DiT_noexpert,0.32,0.3,0.9059999999999994
Sys_DiT_noexpert,0.32,0.32,0.9019999999999996
Sys_DiT_noexpert,0.32,0.34,0.8879999999999996
Sys_DiT_noexpert,0.32,0.36,0.8819999999999995
Sys_DiT_noexpert,0.32,0.38,0.8659999999999993
Sys_DiT_noexpert,0.32,0.4,0.8559999999999995
Sys_DiT_noexpert,0.32,0.42,0.8439999999999995
Sys_DiT_noexpert,0.32,0.44,0.8219999999999996
Sys_DiT_noexpert,0.32,0.46,0.8159999999999995
Sys_DiT_noexpert,0.32,0.48,0.8059999999999996
Sys_DiT_noexpert,0.32,0.5,0.8039999999999996
Sys_DiT_noexpert,0.32,0.52,0.7899999999999996
Sys_DiT_noexpert,0.32,0.54,0.7719999999999996
Sys_DiT_noexpert,0.32,0.56,0.7639999999999995
Sys_DiT_noexpert,0.32,0.58,0.7479999999999996
Sys_DiT_noexpert,0.32,0.6,0.7379999999999994
Sys_DiT_noexpert,0.32,0.62,0.7219999999999996
Sys_DiT_noexpert,0.32,0.64,0.7039999999999997
Sys_DiT_noexpert,0.32,0.66,0.6899999999999998
Sys_DiT_noexpert,0.32,0.68,0.6779999999999998
Sys_DiT_noexpert,0.32,0.7,0.6659999999999999
Sys_DiT_noexpert,0.32,0.72,0.632
Sys_DiT_noexpert,0.32,0.74,0.606
Sys_DiT_noexpert,0.32,0.76,0.58
Sys_DiT_noexpert,0.32,0.78,0.5040000000000002
Sys_DiT_noexpert,0.32,0.8,0.46399999999999997
Sys_DiT_noexpert,0.32,0.82,0.42599999999999993
Sys_DiT_noexpert,0.32,0.84,0.3879999999999999
Sys_DiT_noexpert,0.32,0.86,0.35400000000000004
Sys_DiT_noexpert,0.32,0.88,0.3319999999999999
Sys_DiT_noexpert,0.32,0.9,0.3079999999999999
Sys_DiT_noexpert,0.32,0.92,0.2739999999999999
Sys_DiT_noexpert,0.32,0.94,0.24
Sys_DiT_noexpert,0.32,0.96,0.22399999999999995
Sys_DiT_noexpert,0.32,0.98,0.19599999999999998
Sys_DiT_noexpert,0.32,1.0,0.18599999999999994
Sys_DiT_noexpert,0.34,0.0,0.9219999999999997
Sys_DiT_noexpert,0.34,0.02,0.9219999999999997
Sys_DiT_noexpert,0.34,0.04,0.9219999999999997
Sys_DiT_noexpert,0.34,0.06,0.9219999999999997
Sys_DiT_noexpert,0.34,0.08,0.9219999999999997
Sys_DiT_noexpert,0.34,0.1,0.9219999999999997
Sys_DiT_noexpert,0.34,0.12,0.9219999999999997
Sys_DiT_noexpert,0.34,0.14,0.9219999999999997
Sys_DiT_noexpert,0.34,0.16,0.9199999999999996
Sys_DiT_noexpert,0.34,0.18,0.9199999999999996
Sys_DiT_noexpert,0.34,0.2,0.9199999999999996
Sys_DiT_noexpert,0.34,0.22,0.9199999999999996
Sys_DiT_noexpert,0.34,0.24,0.9199999999999996
Sys_DiT_noexpert,0.34,0.26,0.9139999999999996
Sys_DiT_noexpert,0.34,0.28,0.9059999999999995
Sys_DiT_noexpert,0.34,0.3,0.8999999999999995
Sys_DiT_noexpert,0.34,0.32,0.8959999999999995
Sys_DiT_noexpert,0.34,0.34,0.8819999999999996
Sys_DiT_noexpert,0.34,0.36,0.8759999999999996
Sys_DiT_noexpert,0.34,0.38,0.8619999999999994
Sys_DiT_noexpert,0.34,0.4,0.8519999999999996
Sys_DiT_noexpert,0.34,0.42,0.8399999999999995
Sys_DiT_noexpert,0.34,0.44,0.8179999999999997
Sys_DiT_noexpert,0.34,0.46,0.8119999999999996
Sys_DiT_noexpert,0.34,0.48,0.8019999999999996
Sys_DiT_noexpert,0.34,0.5,0.7999999999999996
Sys_DiT_noexpert,0.34,0.52,0.7859999999999995
Sys_DiT_noexpert,0.34,0.54,0.7679999999999997
Sys_DiT_noexpert,0.34,0.56,0.7599999999999997
Sys_DiT_noexpert,0.34,0.58,0.7439999999999997
Sys_DiT_noexpert,0.34,0.6,0.7339999999999997
Sys_DiT_noexpert,0.34,0.62,0.7199999999999998
Sys_DiT_noexpert,0.34,0.64,0.7019999999999997
Sys_DiT_noexpert,0.34,0.66,0.6879999999999998
Sys_DiT_noexpert,0.34,0.68,0.6759999999999998
Sys_DiT_noexpert,0.34,0.7,0.6639999999999999
Sys_DiT_noexpert,0.34,0.72,0.632
Sys_DiT_noexpert,0.34,0.74,0.606
Sys_DiT_noexpert,0.34,0.76,0.58
Sys_DiT_noexpert,0.34,0.78,0.5040000000000002
Sys_DiT_noexpert,0.34,0.8,0.46399999999999997
Sys_DiT_noexpert,0.34,0.82,0.42599999999999993
Sys_DiT_noexpert,0.34,0.84,0.3879999999999999
Sys_DiT_noexpert,0.34,0.86,0.35400000000000004
Sys_DiT_noexpert,0.34,0.88,0.3319999999999999
Sys_DiT_noexpert,0.34,0.9,0.3079999999999999
Sys_DiT_noexpert,0.34,0.92,0.2739999999999999
Sys_DiT_noexpert,0.34,0.94,0.24
Sys_DiT_noexpert,0.34,0.96,0.22399999999999995
Sys_DiT_noexpert,0.34,0.98,0.19599999999999998
Sys_DiT_noexpert,0.34,1.0,0.18599999999999994
Sys_DiT_noexpert,0.36,0.0,0.9179999999999997
Sys_DiT_noexpert,0.36,0.02,0.9179999999999997
Sys_DiT_noexpert,0.36,0.04,0.9179999999999997
Sys_DiT_noexpert,0.36,0.06,0.9179999999999997
Sys_DiT_noexpert,0.36,0.08,0.9179999999999997
Sys_DiT_noexpert,0.36,0.1,0.9179999999999997
Sys_DiT_noexpert,0.36,0.12,0.9179999999999997
Sys_DiT_noexpert,0.36,0.14,0.9179999999999997
Sys_DiT_noexpert,0.36,0.16,0.9159999999999995
Sys_DiT_noexpert,0.36,0.18,0.9159999999999995
Sys_DiT_noexpert,0.36,0.2,0.9159999999999995
Sys_DiT_noexpert,0.36,0.22,0.9159999999999995
Sys_DiT_noexpert,0.36,0.24,0.9159999999999995
Sys_DiT_noexpert,0.36,0.26,0.9099999999999996
Sys_DiT_noexpert,0.36,0.28,0.9019999999999995
Sys_DiT_noexpert,0.36,0.3,0.8959999999999994
Sys_DiT_noexpert,0.36,0.32,0.8919999999999995
Sys_DiT_noexpert,0.36,0.34,0.8779999999999996
Sys_DiT_noexpert,0.36,0.36,0.8719999999999994
Sys_DiT_noexpert,0.36,0.38,0.8579999999999994
Sys_DiT_noexpert,0.36,0.4,0.8479999999999995
Sys_DiT_noexpert,0.36,0.42,0.8359999999999995
Sys_DiT_noexpert,0.36,0.44,0.8139999999999996
Sys_DiT_noexpert,0.36,0.46,0.8079999999999997
Sys_DiT_noexpert,0.36,0.48,0.7979999999999997
Sys_DiT_noexpert,0.36,0.5,0.7959999999999997
Sys_DiT_noexpert,0.36,0.52,0.7819999999999996
Sys_DiT_noexpert,0.36,0.54,0.7639999999999997
Sys_DiT_noexpert,0.36,0.56,0.7559999999999997
Sys_DiT_noexpert,0.36,0.58,0.7399999999999995
Sys_DiT_noexpert,0.36,0.6,0.7299999999999995
Sys_DiT_noexpert,0.36,0.62,0.7179999999999996
Sys_DiT_noexpert,0.36,0.64,0.6999999999999997
Sys_DiT_noexpert,0.36,0.66,0.6859999999999998
Sys_DiT_noexpert,0.36,0.68,0.6739999999999998
Sys_DiT_noexpert,0.36,0.7,0.6619999999999999
Sys_DiT_noexpert,0.36,0.72,0.63
Sys_DiT_noexpert,0.36,0.74,0.606
Sys_DiT_noexpert,0.36,0.76,0.58
Sys_DiT_noexpert,0.36,0.78,0.5040000000000002
Sys_DiT_noexpert,0.36,0.8,0.46399999999999997
Sys_DiT_noexpert,0.36,0.82,0.42599999999999993
Sys_DiT_noexpert,0.36,0.84,0.3879999999999999
Sys_DiT_noexpert,0.36,0.86,0.35400000000000004
Sys_DiT_noexpert,0.36,0.88,0.3319999999999999
Sys_DiT_noexpert,0.36,0.9,0.3079999999999999
Sys_DiT_noexpert,0.36,0.92,0.2739999999999999
Sys_DiT_noexpert,0.36,0.94,0.24
Sys_DiT_noexpert,0.36,0.96,0.22399999999999995
Sys_DiT_noexpert,0.36,0.98,0.19599999999999998
Sys_DiT_noexpert,0.36,1.0,0.18599999999999994
Sys_DiT_noexpert,0.38,0.0,0.9079999999999997
Sys_DiT_noexpert,0.38,0.02,0.9079999999999997
Sys_DiT_noexpert,0.38,0.04,0.9079999999999997
Sys_DiT_noexpert,0.38,0.06,0.9079999999999997
Sys_DiT_noexpert,0.38,0.08,0.9079999999999997
Sys_DiT_noexpert,0.38,0.1,0.9079999999999997
Sys_DiT_noexpert,0.38,0.12,0.9079999999999997
Sys_DiT_noexpert,0.38,0.14,0.9079999999999997
Sys_DiT_noexpert,0.38,0.16,0.9059999999999995
Sys_DiT_noexpert,0.38,0.18,0.9059999999999995
Sys_DiT_noexpert,0.38,0.2,0.9059999999999995
Sys_DiT_noexpert,0.38,0.22,0.9059999999999995
Sys_DiT_noexpert,0.38,0.24,0.9059999999999995
Sys_DiT_noexpert,0.38,0.26,0.9019999999999996
Sys_DiT_noexpert,0.38,0.28,0.8939999999999995
Sys_DiT_noexpert,0.38,0.3,0.8879999999999995
Sys_DiT_noexpert,0.38,0.32,0.8839999999999995
Sys_DiT_noexpert,0.38,0.34,0.8699999999999996
Sys_DiT_noexpert,0.38,0.36,0.8639999999999994
Sys_DiT_noexpert,0.38,0.38,0.8499999999999994
Sys_DiT_noexpert,0.38,0.4,0.8399999999999997
Sys_DiT_noexpert,0.38,0.42,0.8279999999999995
Sys_DiT_noexpert,0.38,0.44,0.8079999999999995
Sys_DiT_noexpert,0.38,0.46,0.8019999999999996
Sys_DiT_noexpert,0.38,0.48,0.7919999999999997
Sys_DiT_noexpert,0.38,0.5,0.7899999999999997
Sys_DiT_noexpert,0.38,0.52,0.7759999999999995
Sys_DiT_noexpert,0.38,0.54,0.7579999999999997
Sys_DiT_noexpert,0.38,0.56,0.7499999999999996
Sys_DiT_noexpert,0.38,0.58,0.7339999999999995
Sys_DiT_noexpert,0.38,0.6,0.7239999999999995
Sys_DiT_noexpert,0.38,0.62,0.7119999999999996
Sys_DiT_noexpert,0.38,0.64,0.6959999999999998
Sys_DiT_noexpert,0.38,0.66,0.6819999999999997
Sys_DiT_noexpert,0.38,0.68,0.6699999999999998
Sys_DiT_noexpert,0.38,0.7,0.6599999999999998
Sys_DiT_noexpert,0.38,0.72,0.628
Sys_DiT_noexpert,0.38,0.74,0.6040000000000001
Sys_DiT_noexpert,0.38,0.76,0.58
Sys_DiT_noexpert,0.38,0.78,0.5040000000000002
Sys_DiT_noexpert,0.38,0.8,0.46399999999999997
Sys_DiT_noexpert,0.38,0.82,0.42599999999999993
Sys_DiT_noexpert,0.38,0.84,0.3879999999999999
Sys_DiT_noexpert,0.38,0.86,0.35400000000000004
Sys_DiT_noexpert,0.38,0.88,0.3319999999999999
Sys_DiT_noexpert,0.38,0.9,0.3079999999999999
Sys_DiT_noexpert,0.38,0.92,0.2739999999999999
Sys_DiT_noexpert,0.38,0.94,0.24
Sys_DiT_noexpert,0.38,0.96,0.22399999999999995
Sys_DiT_noexpert,0.38,0.98,0.19599999999999998
Sys_DiT_noexpert,0.38,1.0,0.18599999999999994
Sys_DiT_noexpert,0.4,0.0,0.8959999999999994
Sys_DiT_noexpert,0.4,0.02,0.8959999999999994
Sys_DiT_noexpert,0.4,0.04,0.8959999999999994
Sys_DiT_noexpert,0.4,0.06,0.8959999999999994
Sys_DiT_noexpert,0.4,0.08,0.8959999999999994
Sys_DiT_noexpert,0.4,0.1,0.8959999999999994
Sys_DiT_noexpert,0.4,0.12,0.8959999999999994
Sys_DiT_noexpert,0.4,0.14,0.8959999999999994
Sys_DiT_noexpert,0.4,0.16,0.8959999999999994
Sys_DiT_noexpert,0.4,0.18,0.8959999999999994
Sys_DiT_noexpert,0.4,0.2,0.8959999999999994
Sys_DiT_noexpert,0.4,0.22,0.8959999999999994
Sys_DiT_noexpert,0.4,0.24,0.8959999999999994
Sys_DiT_noexpert,0.4,0.26,0.8919999999999995
Sys_DiT_noexpert,0.4,0.28,0.8879999999999995
Sys_DiT_noexpert,0.4,0.3,0.8839999999999993
Sys_DiT_noexpert,0.4,0.32,0.8799999999999994
Sys_DiT_noexpert,0.4,0.34,0.8659999999999995
Sys_DiT_noexpert,0.4,0.36,0.8619999999999994
Sys_DiT_noexpert,0.4,0.38,0.8479999999999994
Sys_DiT_noexpert,0.4,0.4,0.8379999999999996
Sys_DiT_noexpert,0.4,0.42,0.8259999999999995
Sys_DiT_noexpert,0.4,0.44,0.8059999999999995
Sys_DiT_noexpert,0.4,0.46,0.7999999999999996
Sys_DiT_noexpert,0.4,0.48,0.7899999999999997
Sys_DiT_noexpert,0.4,0.5,0.7899999999999997
Sys_DiT_noexpert,0.4,0.52,0.7759999999999995
Sys_DiT_noexpert,0.4,0.54,0.7579999999999997
Sys_DiT_noexpert,0.4,0.56,0.7499999999999996
Sys_DiT_noexpert,0.4,0.58,0.7339999999999995
Sys_DiT_noexpert,0.4,0.6,0.7239999999999995
Sys_DiT_noexpert,0.4,0.62,0.7119999999999996
Sys_DiT_noexpert,0.4,0.64,0.6959999999999998
Sys_DiT_noexpert,0.4,0.66,0.6819999999999997
Sys_DiT_noexpert,0.4,0.68,0.6699999999999998
Sys_DiT_noexpert,0.4,0.7,0.6599999999999998
Sys_DiT_noexpert,0.4,0.72,0.628
Sys_DiT_noexpert,0.4,0.74,0.6040000000000001
Sys_DiT_noexpert,0.4,0.76,0.58
Sys_DiT_noexpert,0.4,0.78,0.5040000000000002
Sys_DiT_noexpert,0.4,0.8,0.46399999999999997
Sys_DiT_noexpert,0.4,0.82,0.42599999999999993
Sys_DiT_noexpert,0.4,0.84,0.3879999999999999
Sys_DiT_noexpert,0.4,0.86,0.35400000000000004
Sys_DiT_noexpert,0.4,0.88,0.3319999999999999
Sys_DiT_noexpert,0.4,0.9,0.3079999999999999
Sys_DiT_noexpert,0.4,0.92,0.2739999999999999
Sys_DiT_noexpert,0.4,0.94,0.24
Sys_DiT_noexpert,0.4,0.96,0.22399999999999995
Sys_DiT_noexpert,0.4,0.98,0.19599999999999998
Sys_DiT_noexpert,0.4,1.0,0.18599999999999994
Sys_DiT_noexpert,0.42,0.0,0.8899999999999992
Sys_DiT_noexpert,0.42,0.02,0.8899999999999992
Sys_DiT_noexpert,0.42,0.04,0.8899999999999992
Sys_DiT_noexpert,0.42,0.06,0.8899999999999992
Sys_DiT_noexpert,0.42,0.08,0.8899999999999992
Sys_DiT_noexpert,0.42,0.1,0.8899999999999992
Sys_DiT_noexpert,0.42,0.12,0.8899999999999992
Sys_DiT_noexpert,0.42,0.14,0.8899999999999992
Sys_DiT_noexpert,0.42,0.16,0.8899999999999992
Sys_DiT_noexpert,0.42,0.18,0.8899999999999992
Sys_DiT_noexpert,0.42,0.2,0.8899999999999992
Sys_DiT_noexpert,0.42,0.22,0.8899999999999992
Sys_DiT_noexpert,0.42,0.24,0.8899999999999992
Sys_DiT_noexpert,0.42,0.26,0.8859999999999993
Sys_DiT_noexpert,0.42,0.28,0.8839999999999995
Sys_DiT_noexpert,0.42,0.3,0.8799999999999994
Sys_DiT_noexpert,0.42,0.32,0.8759999999999993
Sys_DiT_noexpert,0.42,0.34,0.8639999999999994
Sys_DiT_noexpert,0.42,0.36,0.8599999999999994
Sys_DiT_noexpert,0.42,0.38,0.8459999999999995
Sys_DiT_noexpert,0.42,0.4,0.8359999999999996
Sys_DiT_noexpert,0.42,0.42,0.8239999999999995
Sys_DiT_noexpert,0.42,0.44,0.8039999999999996
Sys_DiT_noexpert,0.42,0.46,0.7979999999999996
Sys_DiT_noexpert,0.42,0.48,0.7879999999999996
Sys_DiT_noexpert,0.42,0.5,0.7879999999999996
Sys_DiT_noexpert,0.42,0.52,0.7739999999999995
Sys_DiT_noexpert,0.42,0.54,0.7559999999999996
Sys_DiT_noexpert,0.42,0.56,0.7479999999999996
Sys_DiT_noexpert,0.42,0.58,0.7319999999999997
Sys_DiT_noexpert,0.42,0.6,0.7219999999999993
Sys_DiT_noexpert,0.42,0.62,0.7099999999999995
Sys_DiT_noexpert,0.42,0.64,0.6939999999999997
Sys_DiT_noexpert,0.42,0.66,0.6799999999999997
Sys_DiT_noexpert,0.42,0.68,0.6679999999999998
Sys_DiT_noexpert,0.42,0.7,0.6579999999999998
Sys_DiT_noexpert,0.42,0.72,0.6259999999999999
Sys_DiT_noexpert,0.42,0.74,0.602
Sys_DiT_noexpert,0.42,0.76,0.58
Sys_DiT_noexpert,0.42,0.78,0.5040000000000002
Sys_DiT_noexpert,0.42,0.8,0.46399999999999997
Sys_DiT_noexpert,0.42,0.82,0.42599999999999993
Sys_DiT_noexpert,0.42,0.84,0.3879999999999999
Sys_DiT_noexpert,0.42,0.86,0.35400000000000004
Sys_DiT_noexpert,0.42,0.88,0.3319999999999999
Sys_DiT_noexpert,0.42,0.9,0.3079999999999999
Sys_DiT_noexpert,0.42,0.92,0.2739999999999999
Sys_DiT_noexpert,0.42,0.94,0.24
Sys_DiT_noexpert,0.42,0.96,0.22399999999999995
Sys_DiT_noexpert,0.42,0.98,0.19599999999999998
Sys_DiT_noexpert,0.42,1.0,0.18599999999999994
Sys_DiT_noexpert,0.44,0.0,0.8739999999999997
Sys_DiT_noexpert,0.44,0.02,0.8739999999999997
Sys_DiT_noexpert,0.44,0.04,0.8739999999999997
Sys_DiT_noexpert,0.44,0.06,0.8739999999999997
Sys_DiT_noexpert,0.44,0.08,0.8739999999999997
Sys_DiT_noexpert,0.44,0.1,0.8739999999999997
Sys_DiT_noexpert,0.44,0.12,0.8739999999999997
Sys_DiT_noexpert,0.44,0.14,0.8739999999999997
Sys_DiT_noexpert,0.44,0.16,0.8739999999999997
Sys_DiT_noexpert,0.44,0.18,0.8739999999999997
Sys_DiT_noexpert,0.44,0.2,0.8739999999999997
Sys_DiT_noexpert,0.44,0.22,0.8739999999999997
Sys_DiT_noexpert,0.44,0.24,0.8739999999999997
Sys_DiT_noexpert,0.44,0.26,0.8699999999999997
Sys_DiT_noexpert,0.44,0.28,0.8679999999999997
Sys_DiT_noexpert,0.44,0.3,0.8659999999999997
Sys_DiT_noexpert,0.44,0.32,0.8639999999999997
Sys_DiT_noexpert,0.44,0.34,0.8519999999999994
Sys_DiT_noexpert,0.44,0.36,0.8479999999999994
Sys_DiT_noexpert,0.44,0.38,0.8379999999999995
Sys_DiT_noexpert,0.44,0.4,0.8279999999999995
Sys_DiT_noexpert,0.44,0.42,0.8179999999999995
Sys_DiT_noexpert,0.44,0.44,0.7999999999999997
Sys_DiT_noexpert,0.44,0.46,0.7939999999999996
Sys_DiT_noexpert,0.44,0.48,0.7839999999999996
Sys_DiT_noexpert,0.44,0.5,0.7839999999999996
Sys_DiT_noexpert,0.44,0.52,0.7699999999999997
Sys_DiT_noexpert,0.44,0.54,0.7519999999999998
Sys_DiT_noexpert,0.44,0.56,0.7439999999999997
Sys_DiT_noexpert,0.44,0.58,0.7279999999999995
Sys_DiT_noexpert,0.44,0.6,0.7179999999999995
Sys_DiT_noexpert,0.44,0.62,0.7059999999999996
Sys_DiT_noexpert,0.44,0.64,0.6899999999999998
Sys_DiT_noexpert,0.44,0.66,0.6759999999999998
Sys_DiT_noexpert,0.44,0.68,0.6659999999999998
Sys_DiT_noexpert,0.44,0.7,0.6559999999999997
Sys_DiT_noexpert,0.44,0.72,0.6239999999999999
Sys_DiT_noexpert,0.44,0.74,0.6
Sys_DiT_noexpert,0.44,0.76,0.578
Sys_DiT_noexpert,0.44,0.78,0.5040000000000002
Sys_DiT_noexpert,0.44,0.8,0.46399999999999997
Sys_DiT_noexpert,0.44,0.82,0.42599999999999993
Sys_DiT_noexpert,0.44,0.84,0.3879999999999999
Sys_DiT_noexpert,0.44,0.86,0.35400000000000004
Sys_DiT_noexpert,0.44,0.88,0.3319999999999999
Sys_DiT_noexpert,0.44,0.9,0.3079999999999999
Sys_DiT_noexpert,0.44,0.92,0.2739999999999999
Sys_DiT_noexpert,0.44,0.94,0.24
Sys_DiT_noexpert,0.44,0.96,0.22399999999999995
Sys_DiT_noexpert,0.44,0.98,0.19599999999999998
Sys_DiT_noexpert,0.44,1.0,0.18599999999999994
Sys_DiT_noexpert,0.46,0.0,0.8699999999999997
Sys_DiT_noexpert,0.46,0.02,0.8699999999999997
Sys_DiT_noexpert,0.46,0.04,0.8699999999999997
Sys_DiT_noexpert,0.46,0.06,0.8699999999999997
Sys_DiT_noexpert,0.46,0.08,0.8699999999999997
Sys_DiT_noexpert,0.46,0.1,0.8699999999999997
Sys_DiT_noexpert,0.46,0.12,0.8699999999999997
Sys_DiT_noexpert,0.46,0.14,0.8699999999999997
Sys_DiT_noexpert,0.46,0.16,0.8699999999999997
Sys_DiT_noexpert,0.46,0.18,0.8699999999999997
Sys_DiT_noexpert,0.46,0.2,0.8699999999999997
Sys_DiT_noexpert,0.46,0.22,0.8699999999999997
Sys_DiT_noexpert,0.46,0.24,0.8699999999999997
Sys_DiT_noexpert,0.46,0.26,0.8679999999999997
Sys_DiT_noexpert,0.46,0.28,0.8679999999999997
Sys_DiT_noexpert,0.46,0.3,0.8659999999999997
Sys_DiT_noexpert,0.46,0.32,0.8639999999999997
Sys_DiT_noexpert,0.46,0.34,0.8519999999999994
Sys_DiT_noexpert,0.46,0.36,0.8479999999999994
Sys_DiT_noexpert,0.46,0.38,0.8379999999999995
Sys_DiT_noexpert,0.46,0.4,0.8279999999999995
Sys_DiT_noexpert,0.46,0.42,0.8179999999999995
Sys_DiT_noexpert,0.46,0.44,0.7999999999999997
Sys_DiT_noexpert,0.46,0.46,0.7939999999999996
Sys_DiT_noexpert,0.46,0.48,0.7839999999999996
Sys_DiT_noexpert,0.46,0.5,0.7839999999999996
Sys_DiT_noexpert,0.46,0.52,0.7699999999999997
Sys_DiT_noexpert,0.46,0.54,0.7519999999999998
Sys_DiT_noexpert,0.46,0.56,0.7439999999999997
Sys_DiT_noexpert,0.46,0.58,0.7279999999999995
Sys_DiT_noexpert,0.46,0.6,0.7179999999999995
Sys_DiT_noexpert,0.46,0.62,0.7059999999999996
Sys_DiT_noexpert,0.46,0.64,0.6899999999999998
Sys_DiT_noexpert,0.46,0.66,0.6759999999999998
Sys_DiT_noexpert,0.46,0.68,0.6659999999999998
Sys_DiT_noexpert,0.46,0.7,0.6559999999999997
Sys_DiT_noexpert,0.46,0.72,0.6239999999999999
Sys_DiT_noexpert,0.46,0.74,0.6
Sys_DiT_noexpert,0.46,0.76,0.578
Sys_DiT_noexpert,0.46,0.78,0.5040000000000002
Sys_DiT_noexpert,0.46,0.8,0.46399999999999997
Sys_DiT_noexpert,0.46,0.82,0.42599999999999993
Sys_DiT_noexpert,0.46,0.84,0.3879999999999999
Sys_DiT_noexpert,0.46,0.86,0.35400000000000004
Sys_DiT_noexpert,0.46,0.88,0.3319999999999999
Sys_DiT_noexpert,0.46,0.9,0.3079999999999999
Sys_DiT_noexpert,0.46,0.92,0.2739999999999999
Sys_DiT_noexpert,0.46,0.94,0.24
Sys_DiT_noexpert,0.46,0.96,0.22399999999999995
Sys_DiT_noexpert,0.46,0.98,0.19599999999999998
Sys_DiT_noexpert,0.46,1.0,0.18599999999999994
Sys_DiT_noexpert,0.48,0.0,0.8619999999999997
Sys_DiT_noexpert,0.48,0.02,0.8619999999999997
Sys_DiT_noexpert,0.48,0.04,0.8619999999999997
Sys_DiT_noexpert,0.48,0.06,0.8619999999999997
Sys_DiT_noexpert,0.48,0.08,0.8619999999999997
Sys_DiT_noexpert,0.48,0.1,0.8619999999999997
Sys_DiT_noexpert,0.48,0.12,0.8619999999999997
Sys_DiT_noexpert,0.48,0.14,0.8619999999999997
Sys_DiT_noexpert,0.48,0.16,0.8619999999999997
Sys_DiT_noexpert,0.48,0.18,0.8619999999999997
Sys_DiT_noexpert,0.48,0.2,0.8619999999999997
Sys_DiT_noexpert,0.48,0.22,0.8619999999999997
Sys_DiT_noexpert,0.48,0.24,0.8619999999999997
Sys_DiT_noexpert,0.48,0.26,0.8599999999999995
Sys_DiT_noexpert,0.48,0.28,0.8599999999999995
Sys_DiT_noexpert,0.48,0.3,0.8579999999999995
Sys_DiT_noexpert,0.48,0.32,0.8559999999999995
Sys_DiT_noexpert,0.48,0.34,0.8459999999999995
Sys_DiT_noexpert,0.48,0.36,0.8419999999999994
Sys_DiT_noexpert,0.48,0.38,0.8339999999999995
Sys_DiT_noexpert,0.48,0.4,0.8239999999999996
Sys_DiT_noexpert,0.48,0.42,0.8139999999999996
Sys_DiT_noexpert,0.48,0.44,0.7979999999999997
Sys_DiT_noexpert,0.48,0.46,0.7919999999999996
Sys_DiT_noexpert,0.48,0.48,0.7819999999999996
Sys_DiT_noexpert,0.48,0.5,0.7819999999999996
Sys_DiT_noexpert,0.48,0.52,0.7679999999999997
Sys_DiT_noexpert,0.48,0.54,0.7499999999999999
Sys_DiT_noexpert,0.48,0.56,0.7419999999999995
Sys_DiT_noexpert,0.48,0.58,0.7259999999999996
Sys_DiT_noexpert,0.48,0.6,0.7159999999999996
Sys_DiT_noexpert,0.48,0.62,0.7039999999999996
Sys_DiT_noexpert,0.48,0.64,0.688
Sys_DiT_noexpert,0.48,0.66,0.6739999999999998
Sys_DiT_noexpert,0.48,0.68,0.6639999999999998
Sys_DiT_noexpert,0.48,0.7,0.6539999999999998
Sys_DiT_noexpert,0.48,0.72,0.622
Sys_DiT_noexpert,0.48,0.74,0.6
Sys_DiT_noexpert,0.48,0.76,0.578
Sys_DiT_noexpert,0.48,0.78,0.5040000000000002
Sys_DiT_noexpert,0.48,0.8,0.46399999999999997
Sys_DiT_noexpert,0.48,0.82,0.42599999999999993
Sys_DiT_noexpert,0.48,0.84,0.3879999999999999
Sys_DiT_noexpert,0.48,0.86,0.35400000000000004
Sys_DiT_noexpert,0.48,0.88,0.3319999999999999
Sys_DiT_noexpert,0.48,0.9,0.3079999999999999
Sys_DiT_noexpert,0.48,0.92,0.2739999999999999
Sys_DiT_noexpert,0.48,0.94,0.24
Sys_DiT_noexpert,0.48,0.96,0.22399999999999995
Sys_DiT_noexpert,0.48,0.98,0.19599999999999998
Sys_DiT_noexpert,0.48,1.0,0.18599999999999994
Sys_DiT_noexpert,0.5,0.0,0.8619999999999997
Sys_DiT_noexpert,0.5,0.02,0.8619999999999997
Sys_DiT_noexpert,0.5,0.04,0.8619999999999997
Sys_DiT_noexpert,0.5,0.06,0.8619999999999997
Sys_DiT_noexpert,0.5,0.08,0.8619999999999997
Sys_DiT_noexpert,0.5,0.1,0.8619999999999997
Sys_DiT_noexpert,0.5,0.12,0.8619999999999997
Sys_DiT_noexpert,0.5,0.14,0.8619999999999997
Sys_DiT_noexpert,0.5,0.16,0.8619999999999997
Sys_DiT_noexpert,0.5,0.18,0.8619999999999997
Sys_DiT_noexpert,0.5,0.2,0.8619999999999997
Sys_DiT_noexpert,0.5,0.22,0.8619999999999997
Sys_DiT_noexpert,0.5,0.24,0.8619999999999997
Sys_DiT_noexpert,0.5,0.26,0.8599999999999995
Sys_DiT_noexpert,0.5,0.28,0.8599999999999995
Sys_DiT_noexpert,0.5,0.3,0.8579999999999995
Sys_DiT_noexpert,0.5,0.32,0.8559999999999995
Sys_DiT_noexpert,0.5,0.34,0.8459999999999995
Sys_DiT_noexpert,0.5,0.36,0.8419999999999994
Sys_DiT_noexpert,0.5,0.38,0.8339999999999995
Sys_DiT_noexpert,0.5,0.4,0.8239999999999996
Sys_DiT_noexpert,0.5,0.42,0.8139999999999996
Sys_DiT_noexpert,0.5,0.44,0.7979999999999997
Sys_DiT_noexpert,0.5,0.46,0.7919999999999996
Sys_DiT_noexpert,0.5,0.48,0.7819999999999996
Sys_DiT_noexpert,0.5,0.5,0.7819999999999996
Sys_DiT_noexpert,0.5,0.52,0.7679999999999997
Sys_DiT_noexpert,0.5,0.54,0.7499999999999999
Sys_DiT_noexpert,0.5,0.56,0.7419999999999995
Sys_DiT_noexpert,0.5,0.58,0.7259999999999996
Sys_DiT_noexpert,0.5,0.6,0.7159999999999996
Sys_DiT_noexpert,0.5,0.62,0.7039999999999996
Sys_DiT_noexpert,0.5,0.64,0.688
Sys_DiT_noexpert,0.5,0.66,0.6739999999999998
Sys_DiT_noexpert,0.5,0.68,0.6639999999999998
Sys_DiT_noexpert,0.5,0.7,0.6539999999999998
Sys_DiT_noexpert,0.5,0.72,0.622
Sys_DiT_noexpert,0.5,0.74,0.6
Sys_DiT_noexpert,0.5,0.76,0.578
Sys_DiT_noexpert,0.5,0.78,0.5040000000000002
Sys_DiT_noexpert,0.5,0.8,0.46399999999999997
Sys_DiT_noexpert,0.5,0.82,0.42599999999999993
Sys_DiT_noexpert,0.5,0.84,0.3879999999999999
Sys_DiT_noexpert,0.5,0.86,0.35400000000000004
Sys_DiT_noexpert,0.5,0.88,0.3319999999999999
Sys_DiT_noexpert,0.5,0.9,0.3079999999999999
Sys_DiT_noexpert,0.5,0.92,0.2739999999999999
Sys_DiT_noexpert,0.5,0.94,0.24
Sys_DiT_noexpert,0.5,0.96,0.22399999999999995
Sys_DiT_noexpert,0.5,0.98,0.19599999999999998
Sys_DiT_noexpert,0.5,1.0,0.18599999999999994
Sys_DiT_noexpert,0.52,0.0,0.8559999999999995
Sys_DiT_noexpert,0.52,0.02,0.8559999999999995
Sys_DiT_noexpert,0.52,0.04,0.8559999999999995
Sys_DiT_noexpert,0.52,0.06,0.8559999999999995
Sys_DiT_noexpert,0.52,0.08,0.8559999999999995
Sys_DiT_noexpert,0.52,0.1,0.8559999999999995
Sys_DiT_noexpert,0.52,0.12,0.8559999999999995
Sys_DiT_noexpert,0.52,0.14,0.8559999999999995
Sys_DiT_noexpert,0.52,0.16,0.8559999999999995
Sys_DiT_noexpert,0.52,0.18,0.8559999999999995
Sys_DiT_noexpert,0.52,0.2,0.8559999999999995
Sys_DiT_noexpert,0.52,0.22,0.8559999999999995
Sys_DiT_noexpert,0.52,0.24,0.8559999999999995
Sys_DiT_noexpert,0.52,0.26,0.8539999999999995
Sys_DiT_noexpert,0.52,0.28,0.8539999999999995
Sys_DiT_noexpert,0.52,0.3,0.8519999999999994
Sys_DiT_noexpert,0.52,0.32,0.8499999999999994
Sys_DiT_noexpert,0.52,0.34,0.8419999999999994
Sys_DiT_noexpert,0.52,0.36,0.8379999999999994
Sys_DiT_noexpert,0.52,0.38,0.8299999999999994
Sys_DiT_noexpert,0.52,0.4,0.8199999999999996
Sys_DiT_noexpert,0.52,0.42,0.8099999999999994
Sys_DiT_noexpert,0.52,0.44,0.7959999999999997
Sys_DiT_noexpert,0.52,0.46,0.7899999999999996
Sys_DiT_noexpert,0.52,0.48,0.7819999999999996
Sys_DiT_noexpert,0.52,0.5,0.7819999999999996
Sys_DiT_noexpert,0.52,0.52,0.7679999999999997
Sys_DiT_noexpert,0.52,0.54,0.7499999999999999
Sys_DiT_noexpert,0.52,0.56,0.7419999999999995
Sys_DiT_noexpert,0.52,0.58,0.7259999999999996
Sys_DiT_noexpert,0.52,0.6,0.7159999999999996
Sys_DiT_noexpert,0.52,0.62,0.7039999999999996
Sys_DiT_noexpert,0.52,0.64,0.688
Sys_DiT_noexpert,0.52,0.66,0.6739999999999998
Sys_DiT_noexpert,0.52,0.68,0.6639999999999998
Sys_DiT_noexpert,0.52,0.7,0.6539999999999998
Sys_DiT_noexpert,0.52,0.72,0.622
Sys_DiT_noexpert,0.52,0.74,0.6
Sys_DiT_noexpert,0.52,0.76,0.578
Sys_DiT_noexpert,0.52,0.78,0.5040000000000002
Sys_DiT_noexpert,0.52,0.8,0.46399999999999997
Sys_DiT_noexpert,0.52,0.82,0.42599999999999993
Sys_DiT_noexpert,0.52,0.84,0.3879999999999999
Sys_DiT_noexpert,0.52,0.86,0.35400000000000004
Sys_DiT_noexpert,0.52,0.88,0.3319999999999999
Sys_DiT_noexpert,0.52,0.9,0.3079999999999999
Sys_DiT_noexpert,0.52,0.92,0.2739999999999999
Sys_DiT_noexpert,0.52,0.94,0.24
Sys_DiT_noexpert,0.52,0.96,0.22399999999999995
Sys_DiT_noexpert,0.52,0.98,0.19599999999999998
Sys_DiT_noexpert,0.52,1.0,0.18599999999999994
Sys_DiT_noexpert,0.54,0.0,0.8439999999999995
Sys_DiT_noexpert,0.54,0.02,0.8439999999999995
Sys_DiT_noexpert,0.54,0.04,0.8439999999999995
Sys_DiT_noexpert,0.54,0.06,0.8439999999999995
Sys_DiT_noexpert,0.54,0.08,0.8439999999999995
Sys_DiT_noexpert,0.54,0.1,0.8439999999999995
Sys_DiT_noexpert,0.54,0.12,0.8439999999999995
Sys_DiT_noexpert,0.54,0.14,0.8439999999999995
Sys_DiT_noexpert,0.54,0.16,0.8439999999999995
Sys_DiT_noexpert,0.54,0.18,0.8439999999999995
Sys_DiT_noexpert,0.54,0.2,0.8439999999999995
Sys_DiT_noexpert,0.54,0.22,0.8439999999999995
Sys_DiT_noexpert,0.54,0.24,0.8439999999999995
Sys_DiT_noexpert,0.54,0.26,0.8419999999999994
Sys_DiT_noexpert,0.54,0.28,0.8419999999999994
Sys_DiT_noexpert,0.54,0.3,0.8399999999999994
Sys_DiT_noexpert,0.54,0.32,0.8379999999999994
Sys_DiT_noexpert,0.54,0.34,0.8299999999999994
Sys_DiT_noexpert,0.54,0.36,0.8259999999999994
Sys_DiT_noexpert,0.54,0.38,0.8199999999999994
Sys_DiT_noexpert,0.54,0.4,0.8119999999999996
Sys_DiT_noexpert,0.54,0.42,0.8039999999999995
Sys_DiT_noexpert,0.54,0.44,0.7899999999999996
Sys_DiT_noexpert,0.54,0.46,0.7839999999999995
Sys_DiT_noexpert,0.54,0.48,0.7759999999999995
Sys_DiT_noexpert,0.54,0.5,0.7759999999999995
Sys_DiT_noexpert,0.54,0.52,0.7619999999999998
Sys_DiT_noexpert,0.54,0.54,0.7439999999999998
Sys_DiT_noexpert,0.54,0.56,0.7359999999999997
Sys_DiT_noexpert,0.54,0.58,0.7219999999999998
Sys_DiT_noexpert,0.54,0.6,0.7119999999999996
Sys_DiT_noexpert,0.54,0.62,0.7019999999999997
Sys_DiT_noexpert,0.54,0.64,0.6859999999999999
Sys_DiT_noexpert,0.54,0.66,0.6739999999999998
Sys_DiT_noexpert,0.54,0.68,0.6639999999999998
Sys_DiT_noexpert,0.54,0.7,0.6539999999999998
Sys_DiT_noexpert,0.54,0.72,0.622
Sys_DiT_noexpert,0.54,0.74,0.6
Sys_DiT_noexpert,0.54,0.76,0.578
Sys_DiT_noexpert,0.54,0.78,0.5040000000000002
Sys_DiT_noexpert,0.54,0.8,0.46399999999999997
Sys_DiT_noexpert,0.54,0.82,0.42599999999999993
Sys_DiT_noexpert,0.54,0.84,0.3879999999999999
Sys_DiT_noexpert,0.54,0.86,0.35400000000000004
Sys_DiT_noexpert,0.54,0.88,0.3319999999999999
Sys_DiT_noexpert,0.54,0.9,0.3079999999999999
Sys_DiT_noexpert,0.54,0.92,0.2739999999999999
Sys_DiT_noexpert,0.54,0.94,0.24
Sys_DiT_noexpert,0.54,0.96,0.22399999999999995
Sys_DiT_noexpert,0.54,0.98,0.19599999999999998
Sys_DiT_noexpert,0.54,1.0,0.18599999999999994
Sys_DiT_noexpert,0.56,0.0,0.8419999999999994
Sys_DiT_noexpert,0.56,0.02,0.8419999999999994
Sys_DiT_noexpert,0.56,0.04,0.8419999999999994
Sys_DiT_noexpert,0.56,0.06,0.8419999999999994
Sys_DiT_noexpert,0.56,0.08,0.8419999999999994
Sys_DiT_noexpert,0.56,0.1,0.8419999999999994
Sys_DiT_noexpert,0.56,0.12,0.8419999999999994
Sys_DiT_noexpert,0.56,0.14,0.8419999999999994
Sys_DiT_noexpert,0.56,0.16,0.8419999999999994
Sys_DiT_noexpert,0.56,0.18,0.8419999999999994
Sys_DiT_noexpert,0.56,0.2,0.8419999999999994
Sys_DiT_noexpert,0.56,0.22,0.8419999999999994
Sys_DiT_noexpert,0.56,0.24,0.8419999999999994
Sys_DiT_noexpert,0.56,0.26,0.8399999999999994
Sys_DiT_noexpert,0.56,0.28,0.8399999999999994
Sys_DiT_noexpert,0.56,0.3,0.8379999999999994
Sys_DiT_noexpert,0.56,0.32,0.8379999999999994
Sys_DiT_noexpert,0.56,0.34,0.8299999999999994
Sys_DiT_noexpert,0.56,0.36,0.8259999999999994
Sys_DiT_noexpert,0.56,0.38,0.8199999999999994
Sys_DiT_noexpert,0.56,0.4,0.8119999999999996
Sys_DiT_noexpert,0.56,0.42,0.8039999999999995
Sys_DiT_noexpert,0.56,0.44,0.7899999999999996
Sys_DiT_noexpert,0.56,0.46,0.7839999999999995
Sys_DiT_noexpert,0.56,0.48,0.7759999999999995
Sys_DiT_noexpert,0.56,0.5,0.7759999999999995
Sys_DiT_noexpert,0.56,0.52,0.7619999999999998
Sys_DiT_noexpert,0.56,0.54,0.7439999999999998
Sys_DiT_noexpert,0.56,0.56,0.7359999999999997
Sys_DiT_noexpert,0.56,0.58,0.7219999999999998
Sys_DiT_noexpert,0.56,0.6,0.7119999999999996
Sys_DiT_noexpert,0.56,0.62,0.7019999999999997
Sys_DiT_noexpert,0.56,0.64,0.6859999999999999
Sys_DiT_noexpert,0.56,0.66,0.6739999999999998
Sys_DiT_noexpert,0.56,0.68,0.6639999999999998
Sys_DiT_noexpert,0.56,0.7,0.6539999999999998
Sys_DiT_noexpert,0.56,0.72,0.622
Sys_DiT_noexpert,0.56,0.74,0.6
Sys_DiT_noexpert,0.56,0.76,0.578
Sys_DiT_noexpert,0.56,0.78,0.5040000000000002
Sys_DiT_noexpert,0.56,0.8,0.46399999999999997
Sys_DiT_noexpert,0.56,0.82,0.42599999999999993
Sys_DiT_noexpert,0.56,0.84,0.3879999999999999
Sys_DiT_noexpert,0.56,0.86,0.35400000000000004
Sys_DiT_noexpert,0.56,0.88,0.3319999999999999
Sys_DiT_noexpert,0.56,0.9,0.3079999999999999
Sys_DiT_noexpert,0.56,0.92,0.2739999999999999
Sys_DiT_noexpert,0.56,0.94,0.24
Sys_DiT_noexpert,0.56,0.96,0.22399999999999995
Sys_DiT_noexpert,0.56,0.98,0.19599999999999998
Sys_DiT_noexpert,0.56,1.0,0.18599999999999994
Sys_DiT_noexpert,0.58,0.0,0.8239999999999994
Sys_DiT_noexpert,0.58,0.02,0.8239999999999994
Sys_DiT_noexpert,0.58,0.04,0.8239999999999994
Sys_DiT_noexpert,0.58,0.06,0.8239999999999994
Sys_DiT_noexpert,0.58,0.08,0.8239999999999994
Sys_DiT_noexpert,0.58,0.1,0.8239999999999994
Sys_DiT_noexpert,0.58,0.12,0.8239999999999994
Sys_DiT_noexpert,0.58,0.14,0.8239999999999994
Sys_DiT_noexpert,0.58,0.16,0.8239999999999994
Sys_DiT_noexpert,0.58,0.18,0.8239999999999994
Sys_DiT_noexpert,0.58,0.2,0.8239999999999994
Sys_DiT_noexpert,0.58,0.22,0.8239999999999994
Sys_DiT_noexpert,0.58,0.24,0.8239999999999994
Sys_DiT_noexpert,0.58,0.26,0.8219999999999995
Sys_DiT_noexpert,0.58,0.28,0.8219999999999995
Sys_DiT_noexpert,0.58,0.3,0.8199999999999994
Sys_DiT_noexpert,0.58,0.32,0.8199999999999994
Sys_DiT_noexpert,0.58,0.34,0.8139999999999995
Sys_DiT_noexpert,0.58,0.36,0.8119999999999995
Sys_DiT_noexpert,0.58,0.38,0.8059999999999996
Sys_DiT_noexpert,0.58,0.4,0.8019999999999996
Sys_DiT_noexpert,0.58,0.42,0.7939999999999996
Sys_DiT_noexpert,0.58,0.44,0.7839999999999995
Sys_DiT_noexpert,0.58,0.46,0.7779999999999994
Sys_DiT_noexpert,0.58,0.48,0.7699999999999995
Sys_DiT_noexpert,0.58,0.5,0.7699999999999995
Sys_DiT_noexpert,0.58,0.52,0.7559999999999997
Sys_DiT_noexpert,0.58,0.54,0.7399999999999999
Sys_DiT_noexpert,0.58,0.56,0.7319999999999998
Sys_DiT_noexpert,0.58,0.58,0.7179999999999996
Sys_DiT_noexpert,0.58,0.6,0.7079999999999995
Sys_DiT_noexpert,0.58,0.62,0.6999999999999997
Sys_DiT_noexpert,0.58,0.64,0.6839999999999999
Sys_DiT_noexpert,0.58,0.66,0.6719999999999997
Sys_DiT_noexpert,0.58,0.68,0.6619999999999997
Sys_DiT_noexpert,0.58,0.7,0.6519999999999999
Sys_DiT_noexpert,0.58,0.72,0.62
Sys_DiT_noexpert,0.58,0.74,0.5980000000000001
Sys_DiT_noexpert,0.58,0.76,0.5760000000000001
Sys_DiT_noexpert,0.58,0.78,0.5020000000000002
Sys_DiT_noexpert,0.58,0.8,0.462
Sys_DiT_noexpert,0.58,0.82,0.424
Sys_DiT_noexpert,0.58,0.84,0.38599999999999995
Sys_DiT_noexpert,0.58,0.86,0.35200000000000004
Sys_DiT_noexpert,0.58,0.88,0.32999999999999985
Sys_DiT_noexpert,0.58,0.9,0.3059999999999999
Sys_DiT_noexpert,0.58,0.92,0.2719999999999999
Sys_DiT_noexpert,0.58,0.94,0.23800000000000002
Sys_DiT_noexpert,0.58,0.96,0.22199999999999995
Sys_DiT_noexpert,0.58,0.98,0.19599999999999998
Sys_DiT_noexpert,0.58,1.0,0.18599999999999994
Sys_DiT_noexpert,0.6,0.0,0.8179999999999994
Sys_DiT_noexpert,0.6,0.02,0.8179999999999994
Sys_DiT_noexpert,0.6,0.04,0.8179999999999994
Sys_DiT_noexpert,0.6,0.06,0.8179999999999994
Sys_DiT_noexpert,0.6,0.08,0.8179999999999994
Sys_DiT_noexpert,0.6,0.1,0.8179999999999994
Sys_DiT_noexpert,0.6,0.12,0.8179999999999994
Sys_DiT_noexpert,0.6,0.14,0.8179999999999994
Sys_DiT_noexpert,0.6,0.16,0.8179999999999994
Sys_DiT_noexpert,0.6,0.18,0.8179999999999994
Sys_DiT_noexpert,0.6,0.2,0.8179999999999994
Sys_DiT_noexpert,0.6,0.22,0.8179999999999994
Sys_DiT_noexpert,0.6,0.24,0.8179999999999994
Sys_DiT_noexpert,0.6,0.26,0.8179999999999994
Sys_DiT_noexpert,0.6,0.28,0.8179999999999994
Sys_DiT_noexpert,0.6,0.3,0.8159999999999994
Sys_DiT_noexpert,0.6,0.32,0.8159999999999994
Sys_DiT_noexpert,0.6,0.34,0.8119999999999995
Sys_DiT_noexpert,0.6,0.36,0.8099999999999994
Sys_DiT_noexpert,0.6,0.38,0.8039999999999995
Sys_DiT_noexpert,0.6,0.4,0.7999999999999996
Sys_DiT_noexpert,0.6,0.42,0.7919999999999996
Sys_DiT_noexpert,0.6,0.44,0.7819999999999995
Sys_DiT_noexpert,0.6,0.46,0.7759999999999994
Sys_DiT_noexpert,0.6,0.48,0.7679999999999996
Sys_DiT_noexpert,0.6,0.5,0.7679999999999996
Sys_DiT_noexpert,0.6,0.52,0.7539999999999997
Sys_DiT_noexpert,0.6,0.54,0.7379999999999997
Sys_DiT_noexpert,0.6,0.56,0.7299999999999995
Sys_DiT_noexpert,0.6,0.58,0.7159999999999996
Sys_DiT_noexpert,0.6,0.6,0.7059999999999996
Sys_DiT_noexpert,0.6,0.62,0.6979999999999997
Sys_DiT_noexpert,0.6,0.64,0.6819999999999999
Sys_DiT_noexpert,0.6,0.66,0.6699999999999997
Sys_DiT_noexpert,0.6,0.68,0.6599999999999997
Sys_DiT_noexpert,0.6,0.7,0.6499999999999999
Sys_DiT_noexpert,0.6,0.72,0.618
Sys_DiT_noexpert,0.6,0.74,0.5980000000000001
Sys_DiT_noexpert,0.6,0.76,0.5760000000000001
Sys_DiT_noexpert,0.6,0.78,0.5020000000000002
Sys_DiT_noexpert,0.6,0.8,0.462
Sys_DiT_noexpert,0.6,0.82,0.424
Sys_DiT_noexpert,0.6,0.84,0.38599999999999995
Sys_DiT_noexpert,0.6,0.86,0.35200000000000004
Sys_DiT_noexpert,0.6,0.88,0.32999999999999985
Sys_DiT_noexpert,0.6,0.9,0.3059999999999999
Sys_DiT_noexpert,0.6,0.92,0.2719999999999999
Sys_DiT_noexpert,0.6,0.94,0.23800000000000002
Sys_DiT_noexpert,0.6,0.96,0.22199999999999995
Sys_DiT_noexpert,0.6,0.98,0.19599999999999998
Sys_DiT_noexpert,0.6,1.0,0.18599999999999994
Sys_DiT_noexpert,0.62,0.0,0.8039999999999995
Sys_DiT_noexpert,0.62,0.02,0.8039999999999995
Sys_DiT_noexpert,0.62,0.04,0.8039999999999995
Sys_DiT_noexpert,0.62,0.06,0.8039999999999995
Sys_DiT_noexpert,0.62,0.08,0.8039999999999995
Sys_DiT_noexpert,0.62,0.1,0.8039999999999995
Sys_DiT_noexpert,0.62,0.12,0.8039999999999995
Sys_DiT_noexpert,0.62,0.14,0.8039999999999995
Sys_DiT_noexpert,0.62,0.16,0.8039999999999995
Sys_DiT_noexpert,0.62,0.18,0.8039999999999995
Sys_DiT_noexpert,0.62,0.2,0.8039999999999995
Sys_DiT_noexpert,0.62,0.22,0.8039999999999995
Sys_DiT_noexpert,0.62,0.24,0.8039999999999995
Sys_DiT_noexpert,0.62,0.26,0.8039999999999995
Sys_DiT_noexpert,0.62,0.28,0.8039999999999995
Sys_DiT_noexpert,0.62,0.3,0.8019999999999995
Sys_DiT_noexpert,0.62,0.32,0.8019999999999995
Sys_DiT_noexpert,0.62,0.34,0.7979999999999996
Sys_DiT_noexpert,0.62,0.36,0.7959999999999995
Sys_DiT_noexpert,0.62,0.38,0.7899999999999996
Sys_DiT_noexpert,0.62,0.4,0.7859999999999997
Sys_DiT_noexpert,0.62,0.42,0.7779999999999996
Sys_DiT_noexpert,0.62,0.44,0.7679999999999996
Sys_DiT_noexpert,0.62,0.46,0.7619999999999995
Sys_DiT_noexpert,0.62,0.48,0.7539999999999997
Sys_DiT_noexpert,0.62,0.5,0.7539999999999997
Sys_DiT_noexpert,0.62,0.52,0.7419999999999998
Sys_DiT_noexpert,0.62,0.54,0.7279999999999996
Sys_DiT_noexpert,0.62,0.56,0.7219999999999998
Sys_DiT_noexpert,0.62,0.58,0.7079999999999999
Sys_DiT_noexpert,0.62,0.6,0.6979999999999997
Sys_DiT_noexpert,0.62,0.62,0.6899999999999998
Sys_DiT_noexpert,0.62,0.64,0.6739999999999999
Sys_DiT_noexpert,0.62,0.66,0.6619999999999999
Sys_DiT_noexpert,0.62,0.68,0.6539999999999999
Sys_DiT_noexpert,0.62,0.7,0.6439999999999999
Sys_DiT_noexpert,0.62,0.72,0.6139999999999999
Sys_DiT_noexpert,0.62,0.74,0.596
Sys_DiT_noexpert,0.62,0.76,0.574
Sys_DiT_noexpert,0.62,0.78,0.5000000000000002
Sys_DiT_noexpert,0.62,0.8,0.46
Sys_DiT_noexpert,0.62,0.82,0.424
Sys_DiT_noexpert,0.62,0.84,0.38599999999999995
Sys_DiT_noexpert,0.62,0.86,0.35200000000000004
Sys_DiT_noexpert,0.62,0.88,0.32999999999999985
Sys_DiT_noexpert,0.62,0.9,0.3059999999999999
Sys_DiT_noexpert,0.62,0.92,0.2719999999999999
Sys_DiT_noexpert,0.62,0.94,0.23800000000000002
Sys_DiT_noexpert,0.62,0.96,0.22199999999999995
Sys_DiT_noexpert,0.62,0.98,0.19599999999999998
Sys_DiT_noexpert,0.62,1.0,0.18599999999999994
Sys_DiT_noexpert,0.64,0.0,0.7939999999999994
Sys_DiT_noexpert,0.64,0.02,0.7939999999999994
Sys_DiT_noexpert,0.64,0.04,0.7939999999999994
Sys_DiT_noexpert,0.64,0.06,0.7939999999999994
Sys_DiT_noexpert,0.64,0.08,0.7939999999999994
Sys_DiT_noexpert,0.64,0.1,0.7939999999999994
Sys_DiT_noexpert,0.64,0.12,0.7939999999999994
Sys_DiT_noexpert,0.64,0.14,0.7939999999999994
Sys_DiT_noexpert,0.64,0.16,0.7939999999999994
Sys_DiT_noexpert,0.64,0.18,0.7939999999999994
Sys_DiT_noexpert,0.64,0.2,0.7939999999999994
Sys_DiT_noexpert,0.64,0.22,0.7939999999999994
Sys_DiT_noexpert,0.64,0.24,0.7939999999999994
Sys_DiT_noexpert,0.64,0.26,0.7939999999999994
Sys_DiT_noexpert,0.64,0.28,0.7939999999999994
Sys_DiT_noexpert,0.64,0.3,0.7939999999999994
Sys_DiT_noexpert,0.64,0.32,0.7939999999999994
Sys_DiT_noexpert,0.64,0.34,0.7899999999999995
Sys_DiT_noexpert,0.64,0.36,0.7879999999999994
Sys_DiT_noexpert,0.64,0.38,0.7819999999999995
Sys_DiT_noexpert,0.64,0.4,0.7779999999999996
Sys_DiT_noexpert,0.64,0.42,0.7699999999999995
Sys_DiT_noexpert,0.64,0.44,0.7599999999999995
Sys_DiT_noexpert,0.64,0.46,0.7539999999999994
Sys_DiT_noexpert,0.64,0.48,0.7479999999999996
Sys_DiT_noexpert,0.64,0.5,0.7479999999999996
Sys_DiT_noexpert,0.64,0.52,0.7379999999999997
Sys_DiT_noexpert,0.64,0.54,0.7239999999999996
Sys_DiT_noexpert,0.64,0.56,0.7179999999999996
Sys_DiT_noexpert,0.64,0.58,0.7039999999999997
Sys_DiT_noexpert,0.64,0.6,0.6939999999999996
Sys_DiT_noexpert,0.64,0.62,0.6879999999999998
Sys_DiT_noexpert,0.64,0.64,0.6719999999999999
Sys_DiT_noexpert,0.64,0.66,0.6599999999999998
Sys_DiT_noexpert,0.64,0.68,0.6519999999999999
Sys_DiT_noexpert,0.64,0.7,0.6419999999999999
Sys_DiT_noexpert,0.64,0.72,0.612
Sys_DiT_noexpert,0.64,0.74,0.5940000000000001
Sys_DiT_noexpert,0.64,0.76,0.572
Sys_DiT_noexpert,0.64,0.78,0.4980000000000003
Sys_DiT_noexpert,0.64,0.8,0.458
Sys_DiT_noexpert,0.64,0.82,0.42200000000000004
Sys_DiT_noexpert,0.64,0.84,0.38599999999999995
Sys_DiT_noexpert,0.64,0.86,0.35200000000000004
Sys_DiT_noexpert,0.64,0.88,0.32999999999999985
Sys_DiT_noexpert,0.64,0.9,0.3059999999999999
Sys_DiT_noexpert,0.64,0.92,0.2719999999999999
Sys_DiT_noexpert,0.64,0.94,0.23800000000000002
Sys_DiT_noexpert,0.64,0.96,0.22199999999999995
Sys_DiT_noexpert,0.64,0.98,0.19599999999999998
Sys_DiT_noexpert,0.64,1.0,0.18599999999999994
Sys_DiT_noexpert,0.66,0.0,0.7879999999999994
Sys_DiT_noexpert,0.66,0.02,0.7879999999999994
Sys_DiT_noexpert,0.66,0.04,0.7879999999999994
Sys_DiT_noexpert,0.66,0.06,0.7879999999999994
Sys_DiT_noexpert,0.66,0.08,0.7879999999999994
Sys_DiT_noexpert,0.66,0.1,0.7879999999999994
Sys_DiT_noexpert,0.66,0.12,0.7879999999999994
Sys_DiT_noexpert,0.66,0.14,0.7879999999999994
Sys_DiT_noexpert,0.66,0.16,0.7879999999999994
Sys_DiT_noexpert,0.66,0.18,0.7879999999999994
Sys_DiT_noexpert,0.66,0.2,0.7879999999999994
Sys_DiT_noexpert,0.66,0.22,0.7879999999999994
Sys_DiT_noexpert,0.66,0.24,0.7879999999999994
Sys_DiT_noexpert,0.66,0.26,0.7879999999999994
Sys_DiT_noexpert,0.66,0.28,0.7879999999999994
Sys_DiT_noexpert,0.66,0.3,0.7879999999999994
Sys_DiT_noexpert,0.66,0.32,0.7879999999999994
Sys_DiT_noexpert,0.66,0.34,0.7839999999999995
Sys_DiT_noexpert,0.66,0.36,0.7819999999999995
Sys_DiT_noexpert,0.66,0.38,0.7759999999999995
Sys_DiT_noexpert,0.66,0.4,0.7719999999999995
Sys_DiT_noexpert,0.66,0.42,0.7639999999999997
Sys_DiT_noexpert,0.66,0.44,0.7539999999999994
Sys_DiT_noexpert,0.66,0.46,0.7479999999999996
Sys_DiT_noexpert,0.66,0.48,0.7419999999999995
Sys_DiT_noexpert,0.66,0.5,0.7419999999999995
Sys_DiT_noexpert,0.66,0.52,0.7319999999999998
Sys_DiT_noexpert,0.66,0.54,0.7179999999999996
Sys_DiT_noexpert,0.66,0.56,0.7139999999999996
Sys_DiT_noexpert,0.66,0.58,0.6999999999999997
Sys_DiT_noexpert,0.66,0.6,0.6899999999999997
Sys_DiT_noexpert,0.66,0.62,0.6839999999999997
Sys_DiT_noexpert,0.66,0.64,0.6679999999999999
Sys_DiT_noexpert,0.66,0.66,0.6559999999999999
Sys_DiT_noexpert,0.66,0.68,0.6479999999999998
Sys_DiT_noexpert,0.66,0.7,0.638
Sys_DiT_noexpert,0.66,0.72,0.608
Sys_DiT_noexpert,0.66,0.74,0.5900000000000001
Sys_DiT_noexpert,0.66,0.76,0.572
Sys_DiT_noexpert,0.66,0.78,0.4980000000000003
Sys_DiT_noexpert,0.66,0.8,0.458
Sys_DiT_noexpert,0.66,0.82,0.42200000000000004
Sys_DiT_noexpert,0.66,0.84,0.38599999999999995
Sys_DiT_noexpert,0.66,0.86,0.35200000000000004
Sys_DiT_noexpert,0.66,0.88,0.32999999999999985
Sys_DiT_noexpert,0.66,0.9,0.3059999999999999
Sys_DiT_noexpert,0.66,0.92,0.2719999999999999
Sys_DiT_noexpert,0.66,0.94,0.23800000000000002
Sys_DiT_noexpert,0.66,0.96,0.22199999999999995
Sys_DiT_noexpert,0.66,0.98,0.19599999999999998
Sys_DiT_noexpert,0.66,1.0,0.18599999999999994
Sys_DiT_noexpert,0.68,0.0,0.7719999999999994
Sys_DiT_noexpert,0.68,0.02,0.7719999999999994
Sys_DiT_noexpert,0.68,0.04,0.7719999999999994
Sys_DiT_noexpert,0.68,0.06,0.7719999999999994
Sys_DiT_noexpert,0.68,0.08,0.7719999999999994
Sys_DiT_noexpert,0.68,0.1,0.7719999999999994
Sys_DiT_noexpert,0.68,0.12,0.7719999999999994
Sys_DiT_noexpert,0.68,0.14,0.7719999999999994
Sys_DiT_noexpert,0.68,0.16,0.7719999999999994
Sys_DiT_noexpert,0.68,0.18,0.7719999999999994
Sys_DiT_noexpert,0.68,0.2,0.7719999999999994
Sys_DiT_noexpert,0.68,0.22,0.7719999999999994
Sys_DiT_noexpert,0.68,0.24,0.7719999999999994
Sys_DiT_noexpert,0.68,0.26,0.7719999999999994
Sys_DiT_noexpert,0.68,0.28,0.7719999999999994
Sys_DiT_noexpert,0.68,0.3,0.7719999999999994
Sys_DiT_noexpert,0.68,0.32,0.7719999999999994
Sys_DiT_noexpert,0.68,0.34,0.7679999999999993
Sys_DiT_noexpert,0.68,0.36,0.7659999999999993
Sys_DiT_noexpert,0.68,0.38,0.7619999999999995
Sys_DiT_noexpert,0.68,0.4,0.7599999999999996
Sys_DiT_noexpert,0.68,0.42,0.7519999999999996
Sys_DiT_noexpert,0.68,0.44,0.7419999999999994
Sys_DiT_noexpert,0.68,0.46,0.7379999999999995
Sys_DiT_noexpert,0.68,0.48,0.7319999999999997
Sys_DiT_noexpert,0.68,0.5,0.7319999999999997
Sys_DiT_noexpert,0.68,0.52,0.7219999999999998
Sys_DiT_noexpert,0.68,0.54,0.7079999999999997
Sys_DiT_noexpert,0.68,0.56,0.7039999999999996
Sys_DiT_noexpert,0.68,0.58,0.6899999999999998
Sys_DiT_noexpert,0.68,0.6,0.6799999999999997
Sys_DiT_noexpert,0.68,0.62,0.6739999999999998
Sys_DiT_noexpert,0.68,0.64,0.6579999999999999
Sys_DiT_noexpert,0.68,0.66,0.6459999999999999
Sys_DiT_noexpert,0.68,0.68,0.6399999999999999
Sys_DiT_noexpert,0.68,0.7,0.634
Sys_DiT_noexpert,0.68,0.72,0.604
Sys_DiT_noexpert,0.68,0.74,0.5880000000000001
Sys_DiT_noexpert,0.68,0.76,0.572
Sys_DiT_noexpert,0.68,0.78,0.4980000000000003
Sys_DiT_noexpert,0.68,0.8,0.458
Sys_DiT_noexpert,0.68,0.82,0.42200000000000004
Sys_DiT_noexpert,0.68,0.84,0.38599999999999995
Sys_DiT_noexpert,0.68,0.86,0.35200000000000004
Sys_DiT_noexpert,0.68,0.88,0.32999999999999985
Sys_DiT_noexpert,0.68,0.9,0.3059999999999999
Sys_DiT_noexpert,0.68,0.92,0.2719999999999999
Sys_DiT_noexpert,0.68,0.94,0.23800000000000002
Sys_DiT_noexpert,0.68,0.96,0.22199999999999995
Sys_DiT_noexpert,0.68,0.98,0.19599999999999998
Sys_DiT_noexpert,0.68,1.0,0.18599999999999994
Sys_DiT_noexpert,0.7,0.0,0.7519999999999996
Sys_DiT_noexpert,0.7,0.02,0.7519999999999996
Sys_DiT_noexpert,0.7,0.04,0.7519999999999996
Sys_DiT_noexpert,0.7,0.06,0.7519999999999996
Sys_DiT_noexpert,0.7,0.08,0.7519999999999996
Sys_DiT_noexpert,0.7,0.1,0.7519999999999996
Sys_DiT_noexpert,0.7,0.12,0.7519999999999996
Sys_DiT_noexpert,0.7,0.14,0.7519999999999996
Sys_DiT_noexpert,0.7,0.16,0.7519999999999996
Sys_DiT_noexpert,0.7,0.18,0.7519999999999996
Sys_DiT_noexpert,0.7,0.2,0.7519999999999996
Sys_DiT_noexpert,0.7,0.22,0.7519999999999996
Sys_DiT_noexpert,0.7,0.24,0.7519999999999996
Sys_DiT_noexpert,0.7,0.26,0.7519999999999996
Sys_DiT_noexpert,0.7,0.28,0.7519999999999996
Sys_DiT_noexpert,0.7,0.3,0.7519999999999996
Sys_DiT_noexpert,0.7,0.32,0.7519999999999996
Sys_DiT_noexpert,0.7,0.34,0.7479999999999996
Sys_DiT_noexpert,0.7,0.36,0.7479999999999996
Sys_DiT_noexpert,0.7,0.38,0.7439999999999997
Sys_DiT_noexpert,0.7,0.4,0.7419999999999998
Sys_DiT_noexpert,0.7,0.42,0.7339999999999998
Sys_DiT_noexpert,0.7,0.44,0.7239999999999996
Sys_DiT_noexpert,0.7,0.46,0.7199999999999995
Sys_DiT_noexpert,0.7,0.48,0.7139999999999996
Sys_DiT_noexpert,0.7,0.5,0.7139999999999996
Sys_DiT_noexpert,0.7,0.52,0.7059999999999996
Sys_DiT_noexpert,0.7,0.54,0.6939999999999997
Sys_DiT_noexpert,0.7,0.56,0.6899999999999997
Sys_DiT_noexpert,0.7,0.58,0.6779999999999998
Sys_DiT_noexpert,0.7,0.6,0.6679999999999998
Sys_DiT_noexpert,0.7,0.62,0.6619999999999999
Sys_DiT_noexpert,0.7,0.64,0.6459999999999999
Sys_DiT_noexpert,0.7,0.66,0.634
Sys_DiT_noexpert,0.7,0.68,0.628
Sys_DiT_noexpert,0.7,0.7,0.622
Sys_DiT_noexpert,0.7,0.72,0.596
Sys_DiT_noexpert,0.7,0.74,0.5800000000000001
Sys_DiT_noexpert,0.7,0.76,0.5640000000000001
Sys_DiT_noexpert,0.7,0.78,0.4960000000000003
Sys_DiT_noexpert,0.7,0.8,0.45600000000000007
Sys_DiT_noexpert,0.7,0.82,0.4200000000000001
Sys_DiT_noexpert,0.7,0.84,0.38599999999999995
Sys_DiT_noexpert,0.7,0.86,0.35200000000000004
Sys_DiT_noexpert,0.7,0.88,0.32999999999999985
Sys_DiT_noexpert,0.7,0.9,0.3059999999999999
Sys_DiT_noexpert,0.7,0.92,0.2719999999999999
Sys_DiT_noexpert,0.7,0.94,0.23800000000000002
Sys_DiT_noexpert,0.7,0.96,0.22199999999999995
Sys_DiT_noexpert,0.7,0.98,0.19599999999999998
Sys_DiT_noexpert,0.7,1.0,0.18599999999999994
Sys_DiT_noexpert,0.72,0.0,0.7279999999999996
Sys_DiT_noexpert,0.72,0.02,0.7279999999999996
Sys_DiT_noexpert,0.72,0.04,0.7279999999999996
Sys_DiT_noexpert,0.72,0.06,0.7279999999999996
Sys_DiT_noexpert,0.72,0.08,0.7279999999999996
Sys_DiT_noexpert,0.72,0.1,0.7279999999999996
Sys_DiT_noexpert,0.72,0.12,0.7279999999999996
Sys_DiT_noexpert,0.72,0.14,0.7279999999999996
Sys_DiT_noexpert,0.72,0.16,0.7279999999999996
Sys_DiT_noexpert,0.72,0.18,0.7279999999999996
Sys_DiT_noexpert,0.72,0.2,0.7279999999999996
Sys_DiT_noexpert,0.72,0.22,0.7279999999999996
Sys_DiT_noexpert,0.72,0.24,0.7279999999999996
Sys_DiT_noexpert,0.72,0.26,0.7279999999999996
Sys_DiT_noexpert,0.72,0.28,0.7279999999999996
Sys_DiT_noexpert,0.72,0.3,0.7279999999999996
Sys_DiT_noexpert,0.72,0.32,0.7279999999999996
Sys_DiT_noexpert,0.72,0.34,0.7239999999999996
Sys_DiT_noexpert,0.72,0.36,0.7239999999999996
Sys_DiT_noexpert,0.72,0.38,0.7199999999999995
Sys_DiT_noexpert,0.72,0.4,0.7179999999999996
Sys_DiT_noexpert,0.72,0.42,0.7119999999999997
Sys_DiT_noexpert,0.72,0.44,0.7019999999999997
Sys_DiT_noexpert,0.72,0.46,0.6979999999999997
Sys_DiT_noexpert,0.72,0.48,0.6939999999999997
Sys_DiT_noexpert,0.72,0.5,0.6939999999999997
Sys_DiT_noexpert,0.72,0.52,0.6859999999999999
Sys_DiT_noexpert,0.72,0.54,0.6739999999999998
Sys_DiT_noexpert,0.72,0.56,0.6699999999999997
Sys_DiT_noexpert,0.72,0.58,0.6579999999999999
Sys_DiT_noexpert,0.72,0.6,0.6479999999999998
Sys_DiT_noexpert,0.72,0.62,0.6419999999999999
Sys_DiT_noexpert,0.72,0.64,0.6260000000000001
Sys_DiT_noexpert,0.72,0.66,0.614
Sys_DiT_noexpert,0.72,0.68,0.608
Sys_DiT_noexpert,0.72,0.7,0.602
Sys_DiT_noexpert,0.72,0.72,0.5779999999999998
Sys_DiT_noexpert,0.72,0.74,0.564
Sys_DiT_noexpert,0.72,0.76,0.5479999999999999
Sys_DiT_noexpert,0.72,0.78,0.4860000000000003
Sys_DiT_noexpert,0.72,0.8,0.44800000000000006
Sys_DiT_noexpert,0.72,0.82,0.414
Sys_DiT_noexpert,0.72,0.84,0.38199999999999995
Sys_DiT_noexpert,0.72,0.86,0.35
Sys_DiT_noexpert,0.72,0.88,0.32999999999999985
Sys_DiT_noexpert,0.72,0.9,0.3059999999999999
Sys_DiT_noexpert,0.72,0.92,0.2719999999999999
Sys_DiT_noexpert,0.72,0.94,0.23800000000000002
Sys_DiT_noexpert,0.72,0.96,0.22199999999999995
Sys_DiT_noexpert,0.72,0.98,0.19599999999999998
Sys_DiT_noexpert,0.72,1.0,0.18599999999999994
Sys_DiT_noexpert,0.74,0.0,0.7179999999999995
Sys_DiT_noexpert,0.74,0.02,0.7179999999999995
Sys_DiT_noexpert,0.74,0.04,0.7179999999999995
Sys_DiT_noexpert,0.74,0.06,0.7179999999999995
Sys_DiT_noexpert,0.74,0.08,0.7179999999999995
Sys_DiT_noexpert,0.74,0.1,0.7179999999999995
Sys_DiT_noexpert,0.74,0.12,0.7179999999999995
Sys_DiT_noexpert,0.74,0.14,0.7179999999999995
Sys_DiT_noexpert,0.74,0.16,0.7179999999999995
Sys_DiT_noexpert,0.74,0.18,0.7179999999999995
Sys_DiT_noexpert,0.74,0.2,0.7179999999999995
Sys_DiT_noexpert,0.74,0.22,0.7179999999999995
Sys_DiT_noexpert,0.74,0.24,0.7179999999999995
Sys_DiT_noexpert,0.74,0.26,0.7179999999999995
Sys_DiT_noexpert,0.74,0.28,0.7179999999999995
Sys_DiT_noexpert,0.74,0.3,0.7179999999999995
Sys_DiT_noexpert,0.74,0.32,0.7179999999999995
Sys_DiT_noexpert,0.74,0.34,0.7159999999999995
Sys_DiT_noexpert,0.74,0.36,0.7159999999999995
Sys_DiT_noexpert,0.74,0.38,0.7119999999999996
Sys_DiT_noexpert,0.74,0.4,0.7099999999999995
Sys_DiT_noexpert,0.74,0.42,0.7039999999999996
Sys_DiT_noexpert,0.74,0.44,0.6939999999999996
Sys_DiT_noexpert,0.74,0.46,0.6919999999999996
Sys_DiT_noexpert,0.74,0.48,0.6879999999999998
Sys_DiT_noexpert,0.74,0.5,0.6879999999999998
Sys_DiT_noexpert,0.74,0.52,0.6799999999999998
Sys_DiT_noexpert,0.74,0.54,0.6679999999999998
Sys_DiT_noexpert,0.74,0.56,0.6639999999999998
Sys_DiT_noexpert,0.74,0.58,0.6519999999999997
Sys_DiT_noexpert,0.74,0.6,0.6419999999999998
Sys_DiT_noexpert,0.74,0.62,0.6359999999999999
Sys_DiT_noexpert,0.74,0.64,0.62
Sys_DiT_noexpert,0.74,0.66,0.6099999999999999
Sys_DiT_noexpert,0.74,0.68,0.6039999999999999
Sys_DiT_noexpert,0.74,0.7,0.598
Sys_DiT_noexpert,0.74,0.72,0.5759999999999998
Sys_DiT_noexpert,0.74,0.74,0.5619999999999999
Sys_DiT_noexpert,0.74,0.76,0.5459999999999999
Sys_DiT_noexpert,0.74,0.78,0.4860000000000003
Sys_DiT_noexpert,0.74,0.8,0.44800000000000006
Sys_DiT_noexpert,0.74,0.82,0.414
Sys_DiT_noexpert,0.74,0.84,0.38199999999999995
Sys_DiT_noexpert,0.74,0.86,0.35
Sys_DiT_noexpert,0.74,0.88,0.32999999999999985
Sys_DiT_noexpert,0.74,0.9,0.3059999999999999
Sys_DiT_noexpert,0.74,0.92,0.2719999999999999
Sys_DiT_noexpert,0.74,0.94,0.23800000000000002
Sys_DiT_noexpert,0.74,0.96,0.22199999999999995
Sys_DiT_noexpert,0.74,0.98,0.19599999999999998
Sys_DiT_noexpert,0.74,1.0,0.18599999999999994
Sys_DiT_noexpert,0.76,0.0,0.7019999999999996
Sys_DiT_noexpert,0.76,0.02,0.7019999999999996
Sys_DiT_noexpert,0.76,0.04,0.7019999999999996
Sys_DiT_noexpert,0.76,0.06,0.7019999999999996
Sys_DiT_noexpert,0.76,0.08,0.7019999999999996
Sys_DiT_noexpert,0.76,0.1,0.7019999999999996
Sys_DiT_noexpert,0.76,0.12,0.7019999999999996
Sys_DiT_noexpert,0.76,0.14,0.7019999999999996
Sys_DiT_noexpert,0.76,0.16,0.7019999999999996
Sys_DiT_noexpert,0.76,0.18,0.7019999999999996
Sys_DiT_noexpert,0.76,0.2,0.7019999999999996
Sys_DiT_noexpert,0.76,0.22,0.7019999999999996
Sys_DiT_noexpert,0.76,0.24,0.7019999999999996
Sys_DiT_noexpert,0.76,0.26,0.7019999999999996
Sys_DiT_noexpert,0.76,0.28,0.7019999999999996
Sys_DiT_noexpert,0.76,0.3,0.7019999999999996
Sys_DiT_noexpert,0.76,0.32,0.7019999999999996
Sys_DiT_noexpert,0.76,0.34,0.6999999999999996
Sys_DiT_noexpert,0.76,0.36,0.6999999999999996
Sys_DiT_noexpert,0.76,0.38,0.6959999999999996
Sys_DiT_noexpert,0.76,0.4,0.6939999999999996
Sys_DiT_noexpert,0.76,0.42,0.6879999999999998
Sys_DiT_noexpert,0.76,0.44,0.6779999999999998
Sys_DiT_noexpert,0.76,0.46,0.6759999999999998
Sys_DiT_noexpert,0.76,0.48,0.6719999999999997
Sys_DiT_noexpert,0.76,0.5,0.6719999999999997
Sys_DiT_noexpert,0.76,0.52,0.6639999999999998
Sys_DiT_noexpert,0.76,0.54,0.6519999999999999
Sys_DiT_noexpert,0.76,0.56,0.6479999999999998
Sys_DiT_noexpert,0.76,0.58,0.6359999999999998
Sys_DiT_noexpert,0.76,0.6,0.6259999999999999
Sys_DiT_noexpert,0.76,0.62,0.6199999999999999
Sys_DiT_noexpert,0.76,0.64,0.6040000000000001
Sys_DiT_noexpert,0.76,0.66,0.5940000000000001
Sys_DiT_noexpert,0.76,0.68,0.5880000000000002
Sys_DiT_noexpert,0.76,0.7,0.5820000000000002
Sys_DiT_noexpert,0.76,0.72,0.56
Sys_DiT_noexpert,0.76,0.74,0.55
Sys_DiT_noexpert,0.76,0.76,0.534
Sys_DiT_noexpert,0.76,0.78,0.47400000000000025
Sys_DiT_noexpert,0.76,0.8,0.4380000000000001
Sys_DiT_noexpert,0.76,0.82,0.41
Sys_DiT_noexpert,0.76,0.84,0.37999999999999995
Sys_DiT_noexpert,0.76,0.86,0.35
Sys_DiT_noexpert,0.76,0.88,0.32999999999999985
Sys_DiT_noexpert,0.76,0.9,0.3059999999999999
Sys_DiT_noexpert,0.76,0.92,0.2719999999999999
Sys_DiT_noexpert,0.76,0.94,0.23800000000000002
Sys_DiT_noexpert,0.76,0.96,0.22199999999999995
Sys_DiT_noexpert,0.76,0.98,0.19599999999999998
Sys_DiT_noexpert,0.76,1.0,0.18599999999999994
Sys_DiT_noexpert,0.78,0.0,0.6719999999999999
Sys_DiT_noexpert,0.78,0.02,0.6719999999999999
Sys_DiT_noexpert,0.78,0.04,0.6719999999999999
Sys_DiT_noexpert,0.78,0.06,0.6719999999999999
Sys_DiT_noexpert,0.78,0.08,0.6719999999999999
Sys_DiT_noexpert,0.78,0.1,0.6719999999999999
Sys_DiT_noexpert,0.78,0.12,0.6719999999999999
Sys_DiT_noexpert,0.78,0.14,0.6719999999999999
Sys_DiT_noexpert,0.78,0.16,0.6719999999999999
Sys_DiT_noexpert,0.78,0.18,0.6719999999999999
Sys_DiT_noexpert,0.78,0.2,0.6719999999999999
Sys_DiT_noexpert,0.78,0.22,0.6719999999999999
Sys_DiT_noexpert,0.78,0.24,0.6719999999999999
Sys_DiT_noexpert,0.78,0.26,0.6719999999999999
Sys_DiT_noexpert,0.78,0.28,0.6719999999999999
Sys_DiT_noexpert,0.78,0.3,0.6719999999999999
Sys_DiT_noexpert,0.78,0.32,0.6719999999999999
Sys_DiT_noexpert,0.78,0.34,0.6699999999999998
Sys_DiT_noexpert,0.78,0.36,0.6699999999999998
Sys_DiT_noexpert,0.78,0.38,0.6659999999999999
Sys_DiT_noexpert,0.78,0.4,0.6659999999999999
Sys_DiT_noexpert,0.78,0.42,0.6619999999999999
Sys_DiT_noexpert,0.78,0.44,0.652
Sys_DiT_noexpert,0.78,0.46,0.6499999999999999
Sys_DiT_noexpert,0.78,0.48,0.6459999999999999
Sys_DiT_noexpert,0.78,0.5,0.6459999999999999
Sys_DiT_noexpert,0.78,0.52,0.6379999999999999
Sys_DiT_noexpert,0.78,0.54,0.6259999999999998
Sys_DiT_noexpert,0.78,0.56,0.6239999999999998
Sys_DiT_noexpert,0.78,0.58,0.6119999999999998
Sys_DiT_noexpert,0.78,0.6,0.6019999999999999
Sys_DiT_noexpert,0.78,0.62,0.5979999999999999
Sys_DiT_noexpert,0.78,0.64,0.586
Sys_DiT_noexpert,0.78,0.66,0.5780000000000001
Sys_DiT_noexpert,0.78,0.68,0.5740000000000001
Sys_DiT_noexpert,0.78,0.7,0.5680000000000001
Sys_DiT_noexpert,0.78,0.72,0.5459999999999999
Sys_DiT_noexpert,0.78,0.74,0.5359999999999999
Sys_DiT_noexpert,0.78,0.76,0.52
Sys_DiT_noexpert,0.78,0.78,0.46400000000000013
Sys_DiT_noexpert,0.78,0.8,0.42800000000000005
Sys_DiT_noexpert,0.78,0.82,0.408
Sys_DiT_noexpert,0.78,0.84,0.37999999999999995
Sys_DiT_noexpert,0.78,0.86,0.35
Sys_DiT_noexpert,0.78,0.88,0.32999999999999985
Sys_DiT_noexpert,0.78,0.9,0.3059999999999999
Sys_DiT_noexpert,0.78,0.92,0.2719999999999999
Sys_DiT_noexpert,0.78,0.94,0.23800000000000002
Sys_DiT_noexpert,0.78,0.96,0.22199999999999995
Sys_DiT_noexpert,0.78,0.98,0.19599999999999998
Sys_DiT_noexpert,0.78,1.0,0.18599999999999994
Sys_DiT_noexpert,0.8,0.0,0.6379999999999999
Sys_DiT_noexpert,0.8,0.02,0.6379999999999999
Sys_DiT_noexpert,0.8,0.04,0.6379999999999999
Sys_DiT_noexpert,0.8,0.06,0.6379999999999999
Sys_DiT_noexpert,0.8,0.08,0.6379999999999999
Sys_DiT_noexpert,0.8,0.1,0.6379999999999999
Sys_DiT_noexpert,0.8,0.12,0.6379999999999999
Sys_DiT_noexpert,0.8,0.14,0.6379999999999999
Sys_DiT_noexpert,0.8,0.16,0.6379999999999999
Sys_DiT_noexpert,0.8,0.18,0.6379999999999999
Sys_DiT_noexpert,0.8,0.2,0.6379999999999999
Sys_DiT_noexpert,0.8,0.22,0.6379999999999999
Sys_DiT_noexpert,0.8,0.24,0.6379999999999999
Sys_DiT_noexpert,0.8,0.26,0.6379999999999999
Sys_DiT_noexpert,0.8,0.28,0.6379999999999999
Sys_DiT_noexpert,0.8,0.3,0.6379999999999999
Sys_DiT_noexpert,0.8,0.32,0.6379999999999999
Sys_DiT_noexpert,0.8,0.34,0.6359999999999999
Sys_DiT_noexpert,0.8,0.36,0.6359999999999999
Sys_DiT_noexpert,0.8,0.38,0.6319999999999999
Sys_DiT_noexpert,0.8,0.4,0.6319999999999999
Sys_DiT_noexpert,0.8,0.42,0.6279999999999998
Sys_DiT_noexpert,0.8,0.44,0.6179999999999999
Sys_DiT_noexpert,0.8,0.46,0.6179999999999999
Sys_DiT_noexpert,0.8,0.48,0.6139999999999999
Sys_DiT_noexpert,0.8,0.5,0.6139999999999999
Sys_DiT_noexpert,0.8,0.52,0.6059999999999999
Sys_DiT_noexpert,0.8,0.54,0.5979999999999999
Sys_DiT_noexpert,0.8,0.56,0.5959999999999999
Sys_DiT_noexpert,0.8,0.58,0.5879999999999999
Sys_DiT_noexpert,0.8,0.6,0.578
Sys_DiT_noexpert,0.8,0.62,0.574
Sys_DiT_noexpert,0.8,0.64,0.5680000000000001
Sys_DiT_noexpert,0.8,0.66,0.56
Sys_DiT_noexpert,0.8,0.68,0.556
Sys_DiT_noexpert,0.8,0.7,0.5500000000000002
Sys_DiT_noexpert,0.8,0.72,0.532
Sys_DiT_noexpert,0.8,0.74,0.522
Sys_DiT_noexpert,0.8,0.76,0.5060000000000001
Sys_DiT_noexpert,0.8,0.78,0.4520000000000002
Sys_DiT_noexpert,0.8,0.8,0.41800000000000004
Sys_DiT_noexpert,0.8,0.82,0.4
Sys_DiT_noexpert,0.8,0.84,0.37199999999999994
Sys_DiT_noexpert,0.8,0.86,0.344
Sys_DiT_noexpert,0.8,0.88,0.3239999999999999
Sys_DiT_noexpert,0.8,0.9,0.2999999999999999
Sys_DiT_noexpert,0.8,0.92,0.2679999999999999
Sys_DiT_noexpert,0.8,0.94,0.234
Sys_DiT_noexpert,0.8,0.96,0.21799999999999997
Sys_DiT_noexpert,0.8,0.98,0.19199999999999995
Sys_DiT_noexpert,0.8,1.0,0.18599999999999994
Sys_DiT_noexpert,0.82,0.0,0.616
Sys_DiT_noexpert,0.82,0.02,0.616
Sys_DiT_noexpert,0.82,0.04,0.616
Sys_DiT_noexpert,0.82,0.06,0.616
Sys_DiT_noexpert,0.82,0.08,0.616
Sys_DiT_noexpert,0.82,0.1,0.616
Sys_DiT_noexpert,0.82,0.12,0.616
Sys_DiT_noexpert,0.82,0.14,0.616
Sys_DiT_noexpert,0.82,0.16,0.616
Sys_DiT_noexpert,0.82,0.18,0.616
Sys_DiT_noexpert,0.82,0.2,0.616
Sys_DiT_noexpert,0.82,0.22,0.616
Sys_DiT_noexpert,0.82,0.24,0.616
Sys_DiT_noexpert,0.82,0.26,0.616
Sys_DiT_noexpert,0.82,0.28,0.616
Sys_DiT_noexpert,0.82,0.3,0.616
Sys_DiT_noexpert,0.82,0.32,0.616
Sys_DiT_noexpert,0.82,0.34,0.614
Sys_DiT_noexpert,0.82,0.36,0.614
Sys_DiT_noexpert,0.82,0.38,0.612
Sys_DiT_noexpert,0.82,0.4,0.612
Sys_DiT_noexpert,0.82,0.42,0.608
Sys_DiT_noexpert,0.82,0.44,0.598
Sys_DiT_noexpert,0.82,0.46,0.598
Sys_DiT_noexpert,0.82,0.48,0.596
Sys_DiT_noexpert,0.82,0.5,0.596
Sys_DiT_noexpert,0.82,0.52,0.59
Sys_DiT_noexpert,0.82,0.54,0.582
Sys_DiT_noexpert,0.82,0.56,0.58
Sys_DiT_noexpert,0.82,0.58,0.572
Sys_DiT_noexpert,0.82,0.6,0.5619999999999999
Sys_DiT_noexpert,0.82,0.62,0.5579999999999999
Sys_DiT_noexpert,0.82,0.64,0.552
Sys_DiT_noexpert,0.82,0.66,0.5440000000000002
Sys_DiT_noexpert,0.82,0.68,0.54
Sys_DiT_noexpert,0.82,0.7,0.5340000000000001
Sys_DiT_noexpert,0.82,0.72,0.516
Sys_DiT_noexpert,0.82,0.74,0.506
Sys_DiT_noexpert,0.82,0.76,0.49400000000000005
Sys_DiT_noexpert,0.82,0.78,0.4420000000000001
Sys_DiT_noexpert,0.82,0.8,0.41200000000000003
Sys_DiT_noexpert,0.82,0.82,0.3939999999999999
Sys_DiT_noexpert,0.82,0.84,0.36599999999999994
Sys_DiT_noexpert,0.82,0.86,0.33799999999999997
Sys_DiT_noexpert,0.82,0.88,0.31799999999999995
Sys_DiT_noexpert,0.82,0.9,0.29399999999999993
Sys_DiT_noexpert,0.82,0.92,0.2639999999999999
Sys_DiT_noexpert,0.82,0.94,0.23199999999999998
Sys_DiT_noexpert,0.82,0.96,0.21799999999999997
Sys_DiT_noexpert,0.82,0.98,0.19199999999999995
Sys_DiT_noexpert,0.82,1.0,0.18599999999999994
Sys_DiT_noexpert,0.84,0.0,0.5880000000000002
Sys_DiT_noexpert,0.84,0.02,0.5880000000000002
Sys_DiT_noexpert,0.84,0.04,0.5880000000000002
Sys_DiT_noexpert,0.84,0.06,0.5880000000000002
Sys_DiT_noexpert,0.84,0.08,0.5880000000000002
Sys_DiT_noexpert,0.84,0.1,0.5880000000000002
Sys_DiT_noexpert,0.84,0.12,0.5880000000000002
Sys_DiT_noexpert,0.84,0.14,0.5880000000000002
Sys_DiT_noexpert,0.84,0.16,0.5880000000000002
Sys_DiT_noexpert,0.84,0.18,0.5880000000000002
Sys_DiT_noexpert,0.84,0.2,0.5880000000000002
Sys_DiT_noexpert,0.84,0.22,0.5880000000000002
Sys_DiT_noexpert,0.84,0.24,0.5880000000000002
Sys_DiT_noexpert,0.84,0.26,0.5880000000000002
Sys_DiT_noexpert,0.84,0.28,0.5880000000000002
Sys_DiT_noexpert,0.84,0.3,0.5880000000000002
Sys_DiT_noexpert,0.84,0.32,0.5880000000000002
Sys_DiT_noexpert,0.84,0.34,0.5860000000000002
Sys_DiT_noexpert,0.84,0.36,0.5860000000000002
Sys_DiT_noexpert,0.84,0.38,0.5840000000000002
Sys_DiT_noexpert,0.84,0.4,0.5840000000000002
Sys_DiT_noexpert,0.84,0.42,0.5800000000000002
Sys_DiT_noexpert,0.84,0.44,0.5700000000000001
Sys_DiT_noexpert,0.84,0.46,0.5700000000000001
Sys_DiT_noexpert,0.84,0.48,0.5680000000000001
Sys_DiT_noexpert,0.84,0.5,0.5680000000000001
Sys_DiT_noexpert,0.84,0.52,0.5640000000000001
Sys_DiT_noexpert,0.84,0.54,0.56
Sys_DiT_noexpert,0.84,0.56,0.558
Sys_DiT_noexpert,0.84,0.58,0.552
Sys_DiT_noexpert,0.84,0.6,0.544
Sys_DiT_noexpert,0.84,0.62,0.54
Sys_DiT_noexpert,0.84,0.64,0.5340000000000003
Sys_DiT_noexpert,0.84,0.66,0.5280000000000001
Sys_DiT_noexpert,0.84,0.68,0.5240000000000002
Sys_DiT_noexpert,0.84,0.7,0.5180000000000002
Sys_DiT_noexpert,0.84,0.72,0.502
Sys_DiT_noexpert,0.84,0.74,0.49200000000000005
Sys_DiT_noexpert,0.84,0.76,0.4800000000000001
Sys_DiT_noexpert,0.84,0.78,0.43200000000000016
Sys_DiT_noexpert,0.84,0.8,0.40399999999999997
Sys_DiT_noexpert,0.84,0.82,0.3899999999999999
Sys_DiT_noexpert,0.84,0.84,0.36199999999999993
Sys_DiT_noexpert,0.84,0.86,0.33399999999999996
Sys_DiT_noexpert,0.84,0.88,0.31399999999999995
Sys_DiT_noexpert,0.84,0.9,0.2919999999999999
Sys_DiT_noexpert,0.84,0.92,0.2619999999999999
Sys_DiT_noexpert,0.84,0.94,0.23199999999999998
Sys_DiT_noexpert,0.84,0.96,0.21799999999999997
Sys_DiT_noexpert,0.84,0.98,0.19199999999999995
Sys_DiT_noexpert,0.84,1.0,0.18599999999999994
Sys_DiT_noexpert,0.86,0.0,0.5580000000000003
Sys_DiT_noexpert,0.86,0.02,0.5580000000000003
Sys_DiT_noexpert,0.86,0.04,0.5580000000000003
Sys_DiT_noexpert,0.86,0.06,0.5580000000000003
Sys_DiT_noexpert,0.86,0.08,0.5580000000000003
Sys_DiT_noexpert,0.86,0.1,0.5580000000000003
Sys_DiT_noexpert,0.86,0.12,0.5580000000000003
Sys_DiT_noexpert,0.86,0.14,0.5580000000000003
Sys_DiT_noexpert,0.86,0.16,0.5580000000000003
Sys_DiT_noexpert,0.86,0.18,0.5580000000000003
Sys_DiT_noexpert,0.86,0.2,0.5580000000000003
Sys_DiT_noexpert,0.86,0.22,0.5580000000000003
Sys_DiT_noexpert,0.86,0.24,0.5580000000000003
Sys_DiT_noexpert,0.86,0.26,0.5580000000000003
Sys_DiT_noexpert,0.86,0.28,0.5580000000000003
Sys_DiT_noexpert,0.86,0.3,0.5580000000000003
Sys_DiT_noexpert,0.86,0.32,0.5580000000000003
Sys_DiT_noexpert,0.86,0.34,0.5560000000000003
Sys_DiT_noexpert,0.86,0.36,0.5560000000000003
Sys_DiT_noexpert,0.86,0.38,0.5540000000000004
Sys_DiT_noexpert,0.86,0.4,0.5540000000000004
Sys_DiT_noexpert,0.86,0.42,0.5500000000000003
Sys_DiT_noexpert,0.86,0.44,0.5400000000000003
Sys_DiT_noexpert,0.86,0.46,0.5400000000000003
Sys_DiT_noexpert,0.86,0.48,0.5380000000000003
Sys_DiT_noexpert,0.86,0.5,0.5380000000000003
Sys_DiT_noexpert,0.86,0.52,0.5340000000000003
Sys_DiT_noexpert,0.86,0.54,0.5300000000000002
Sys_DiT_noexpert,0.86,0.56,0.5280000000000001
Sys_DiT_noexpert,0.86,0.58,0.5220000000000001
Sys_DiT_noexpert,0.86,0.6,0.5160000000000001
Sys_DiT_noexpert,0.86,0.62,0.5120000000000001
Sys_DiT_noexpert,0.86,0.64,0.5080000000000001
Sys_DiT_noexpert,0.86,0.66,0.5020000000000002
Sys_DiT_noexpert,0.86,0.68,0.4980000000000001
Sys_DiT_noexpert,0.86,0.7,0.4940000000000001
Sys_DiT_noexpert,0.86,0.72,0.47800000000000004
Sys_DiT_noexpert,0.86,0.74,0.4699999999999999
Sys_DiT_noexpert,0.86,0.76,0.45799999999999996
Sys_DiT_noexpert,0.86,0.78,0.41200000000000003
Sys_DiT_noexpert,0.86,0.8,0.38599999999999995
Sys_DiT_noexpert,0.86,0.82,0.37599999999999995
Sys_DiT_noexpert,0.86,0.84,0.348
Sys_DiT_noexpert,0.86,0.86,0.3239999999999999
Sys_DiT_noexpert,0.86,0.88,0.30399999999999994
Sys_DiT_noexpert,0.86,0.9,0.28399999999999986
Sys_DiT_noexpert,0.86,0.92,0.25599999999999995
Sys_DiT_noexpert,0.86,0.94,0.23199999999999998
Sys_DiT_noexpert,0.86,0.96,0.21799999999999997
Sys_DiT_noexpert,0.86,0.98,0.19199999999999995
Sys_DiT_noexpert,0.86,1.0,0.18599999999999994
Sys_DiT_noexpert,0.88,0.0,0.5220000000000002
Sys_DiT_noexpert,0.88,0.02,0.5220000000000002
Sys_DiT_noexpert,0.88,0.04,0.5220000000000002
Sys_DiT_noexpert,0.88,0.06,0.5220000000000002
Sys_DiT_noexpert,0.88,0.08,0.5220000000000002
Sys_DiT_noexpert,0.88,0.1,0.5220000000000002
Sys_DiT_noexpert,0.88,0.12,0.5220000000000002
Sys_DiT_noexpert,0.88,0.14,0.5220000000000002
Sys_DiT_noexpert,0.88,0.16,0.5220000000000002
Sys_DiT_noexpert,0.88,0.18,0.5220000000000002
Sys_DiT_noexpert,0.88,0.2,0.5220000000000002
Sys_DiT_noexpert,0.88,0.22,0.5220000000000002
Sys_DiT_noexpert,0.88,0.24,0.5220000000000002
Sys_DiT_noexpert,0.88,0.26,0.5220000000000002
Sys_DiT_noexpert,0.88,0.28,0.5220000000000002
Sys_DiT_noexpert,0.88,0.3,0.5220000000000002
Sys_DiT_noexpert,0.88,0.32,0.5220000000000002
Sys_DiT_noexpert,0.88,0.34,0.5220000000000002
Sys_DiT_noexpert,0.88,0.36,0.5220000000000002
Sys_DiT_noexpert,0.88,0.38,0.5200000000000002
Sys_DiT_noexpert,0.88,0.4,0.5200000000000002
Sys_DiT_noexpert,0.88,0.42,0.5160000000000001
Sys_DiT_noexpert,0.88,0.44,0.5060000000000001
Sys_DiT_noexpert,0.88,0.46,0.5060000000000001
Sys_DiT_noexpert,0.88,0.48,0.5040000000000001
Sys_DiT_noexpert,0.88,0.5,0.5040000000000001
Sys_DiT_noexpert,0.88,0.52,0.5000000000000001
Sys_DiT_noexpert,0.88,0.54,0.4960000000000001
Sys_DiT_noexpert,0.88,0.56,0.49400000000000005
Sys_DiT_noexpert,0.88,0.58,0.49000000000000005
Sys_DiT_noexpert,0.88,0.6,0.484
Sys_DiT_noexpert,0.88,0.62,0.48200000000000004
Sys_DiT_noexpert,0.88,0.64,0.47800000000000004
Sys_DiT_noexpert,0.88,0.66,0.47400000000000003
Sys_DiT_noexpert,0.88,0.68,0.47400000000000003
Sys_DiT_noexpert,0.88,0.7,0.47
Sys_DiT_noexpert,0.88,0.72,0.4539999999999999
Sys_DiT_noexpert,0.88,0.74,0.44599999999999995
Sys_DiT_noexpert,0.88,0.76,0.43599999999999994
Sys_DiT_noexpert,0.88,0.78,0.3939999999999999
Sys_DiT_noexpert,0.88,0.8,0.3719999999999999
Sys_DiT_noexpert,0.88,0.82,0.36399999999999993
Sys_DiT_noexpert,0.88,0.84,0.34
Sys_DiT_noexpert,0.88,0.86,0.3159999999999999
Sys_DiT_noexpert,0.88,0.88,0.29799999999999993
Sys_DiT_noexpert,0.88,0.9,0.2819999999999999
Sys_DiT_noexpert,0.88,0.92,0.25399999999999995
Sys_DiT_noexpert,0.88,0.94,0.23199999999999998
Sys_DiT_noexpert,0.88,0.96,0.21799999999999997
Sys_DiT_noexpert,0.88,0.98,0.19199999999999995
Sys_DiT_noexpert,0.88,1.0,0.18599999999999994
Sys_DiT_noexpert,0.9,0.0,0.49600000000000016
Sys_DiT_noexpert,0.9,0.02,0.49600000000000016
Sys_DiT_noexpert,0.9,0.04,0.49600000000000016
Sys_DiT_noexpert,0.9,0.06,0.49600000000000016
Sys_DiT_noexpert,0.9,0.08,0.49600000000000016
Sys_DiT_noexpert,0.9,0.1,0.49600000000000016
Sys_DiT_noexpert,0.9,0.12,0.49600000000000016
Sys_DiT_noexpert,0.9,0.14,0.49600000000000016
Sys_DiT_noexpert,0.9,0.16,0.49600000000000016
Sys_DiT_noexpert,0.9,0.18,0.49600000000000016
Sys_DiT_noexpert,0.9,0.2,0.49600000000000016
Sys_DiT_noexpert,0.9,0.22,0.49600000000000016
Sys_DiT_noexpert,0.9,0.24,0.49600000000000016
Sys_DiT_noexpert,0.9,0.26,0.49600000000000016
Sys_DiT_noexpert,0.9,0.28,0.49600000000000016
Sys_DiT_noexpert,0.9,0.3,0.49600000000000016
Sys_DiT_noexpert,0.9,0.32,0.49600000000000016
Sys_DiT_noexpert,0.9,0.34,0.49600000000000016
Sys_DiT_noexpert,0.9,0.36,0.49600000000000016
Sys_DiT_noexpert,0.9,0.38,0.4940000000000001
Sys_DiT_noexpert,0.9,0.4,0.4940000000000001
Sys_DiT_noexpert,0.9,0.42,0.49000000000000005
Sys_DiT_noexpert,0.9,0.44,0.4800000000000001
Sys_DiT_noexpert,0.9,0.46,0.4800000000000001
Sys_DiT_noexpert,0.9,0.48,0.47800000000000004
Sys_DiT_noexpert,0.9,0.5,0.47800000000000004
Sys_DiT_noexpert,0.9,0.52,0.4760000000000001
Sys_DiT_noexpert,0.9,0.54,0.4720000000000001
Sys_DiT_noexpert,0.9,0.56,0.47
Sys_DiT_noexpert,0.9,0.58,0.466
Sys_DiT_noexpert,0.9,0.6,0.4599999999999999
Sys_DiT_noexpert,0.9,0.62,0.4579999999999999
Sys_DiT_noexpert,0.9,0.64,0.45599999999999996
Sys_DiT_noexpert,0.9,0.66,0.45199999999999996
Sys_DiT_noexpert,0.9,0.68,0.45199999999999996
Sys_DiT_noexpert,0.9,0.7,0.44999999999999996
Sys_DiT_noexpert,0.9,0.72,0.43599999999999994
Sys_DiT_noexpert,0.9,0.74,0.4279999999999999
Sys_DiT_noexpert,0.9,0.76,0.4179999999999999
Sys_DiT_noexpert,0.9,0.78,0.37799999999999995
Sys_DiT_noexpert,0.9,0.8,0.35999999999999993
Sys_DiT_noexpert,0.9,0.82,0.352
Sys_DiT_noexpert,0.9,0.84,0.3279999999999999
Sys_DiT_noexpert,0.9,0.86,0.30399999999999994
Sys_DiT_noexpert,0.9,0.88,0.2859999999999999
Sys_DiT_noexpert,0.9,0.9,0.2739999999999999
Sys_DiT_noexpert,0.9,0.92,0.25199999999999995
Sys_DiT_noexpert,0.9,0.94,0.23
Sys_DiT_noexpert,0.9,0.96,0.21599999999999997
Sys_DiT_noexpert,0.9,0.98,0.18999999999999997
Sys_DiT_noexpert,0.9,1.0,0.18399999999999994
Sys_DiT_noexpert,0.92,0.0,0.46399999999999997
Sys_DiT_noexpert,0.92,0.02,0.46399999999999997
Sys_DiT_noexpert,0.92,0.04,0.46399999999999997
Sys_DiT_noexpert,0.92,0.06,0.46399999999999997
Sys_DiT_noexpert,0.92,0.08,0.46399999999999997
Sys_DiT_noexpert,0.92,0.1,0.46399999999999997
Sys_DiT_noexpert,0.92,0.12,0.46399999999999997
Sys_DiT_noexpert,0.92,0.14,0.46399999999999997
Sys_DiT_noexpert,0.92,0.16,0.46399999999999997
Sys_DiT_noexpert,0.92,0.18,0.46399999999999997
Sys_DiT_noexpert,0.92,0.2,0.46399999999999997
Sys_DiT_noexpert,0.92,0.22,0.46399999999999997
Sys_DiT_noexpert,0.92,0.24,0.46399999999999997
Sys_DiT_noexpert,0.92,0.26,0.46399999999999997
Sys_DiT_noexpert,0.92,0.28,0.46399999999999997
Sys_DiT_noexpert,0.92,0.3,0.46399999999999997
Sys_DiT_noexpert,0.92,0.32,0.46399999999999997
Sys_DiT_noexpert,0.92,0.34,0.46399999999999997
Sys_DiT_noexpert,0.92,0.36,0.46399999999999997
Sys_DiT_noexpert,0.92,0.38,0.46199999999999997
Sys_DiT_noexpert,0.92,0.4,0.46199999999999997
Sys_DiT_noexpert,0.92,0.42,0.4579999999999999
Sys_DiT_noexpert,0.92,0.44,0.4479999999999999
Sys_DiT_noexpert,0.92,0.46,0.4479999999999999
Sys_DiT_noexpert,0.92,0.48,0.44599999999999995
Sys_DiT_noexpert,0.92,0.5,0.44599999999999995
Sys_DiT_noexpert,0.92,0.52,0.444
Sys_DiT_noexpert,0.92,0.54,0.43999999999999995
Sys_DiT_noexpert,0.92,0.56,0.4379999999999999
Sys_DiT_noexpert,0.92,0.58,0.43599999999999994
Sys_DiT_noexpert,0.92,0.6,0.4299999999999999
Sys_DiT_noexpert,0.92,0.62,0.4299999999999999
Sys_DiT_noexpert,0.92,0.64,0.4279999999999998
Sys_DiT_noexpert,0.92,0.66,0.4239999999999998
Sys_DiT_noexpert,0.92,0.68,0.4239999999999998
Sys_DiT_noexpert,0.92,0.7,0.4219999999999998
Sys_DiT_noexpert,0.92,0.72,0.4099999999999998
Sys_DiT_noexpert,0.92,0.74,0.4019999999999998
Sys_DiT_noexpert,0.92,0.76,0.3919999999999998
Sys_DiT_noexpert,0.92,0.78,0.35599999999999987
Sys_DiT_noexpert,0.92,0.8,0.34199999999999986
Sys_DiT_noexpert,0.92,0.82,0.33599999999999997
Sys_DiT_noexpert,0.92,0.84,0.3139999999999999
Sys_DiT_noexpert,0.92,0.86,0.29599999999999993
Sys_DiT_noexpert,0.92,0.88,0.2799999999999999
Sys_DiT_noexpert,0.92,0.9,0.2699999999999999
Sys_DiT_noexpert,0.92,0.92,0.25199999999999995
Sys_DiT_noexpert,0.92,0.94,0.23
Sys_DiT_noexpert,0.92,0.96,0.21599999999999997
Sys_DiT_noexpert,0.92,0.98,0.18999999999999997
Sys_DiT_noexpert,0.92,1.0,0.18399999999999994
Sys_DiT_noexpert,0.94,0.0,0.42800000000000005
Sys_DiT_noexpert,0.94,0.02,0.42800000000000005
Sys_DiT_noexpert,0.94,0.04,0.42800000000000005
Sys_DiT_noexpert,0.94,0.06,0.42800000000000005
Sys_DiT_noexpert,0.94,0.08,0.42800000000000005
Sys_DiT_noexpert,0.94,0.1,0.42800000000000005
Sys_DiT_noexpert,0.94,0.12,0.42800000000000005
Sys_DiT_noexpert,0.94,0.14,0.42800000000000005
Sys_DiT_noexpert,0.94,0.16,0.42800000000000005
Sys_DiT_noexpert,0.94,0.18,0.42800000000000005
Sys_DiT_noexpert,0.94,0.2,0.42800000000000005
Sys_DiT_noexpert,0.94,0.22,0.42800000000000005
Sys_DiT_noexpert,0.94,0.24,0.42800000000000005
Sys_DiT_noexpert,0.94,0.26,0.42800000000000005
Sys_DiT_noexpert,0.94,0.28,0.42800000000000005
Sys_DiT_noexpert,0.94,0.3,0.42800000000000005
Sys_DiT_noexpert,0.94,0.32,0.42800000000000005
Sys_DiT_noexpert,0.94,0.34,0.42800000000000005
Sys_DiT_noexpert,0.94,0.36,0.42800000000000005
Sys_DiT_noexpert,0.94,0.38,0.42800000000000005
Sys_DiT_noexpert,0.94,0.4,0.42800000000000005
Sys_DiT_noexpert,0.94,0.42,0.424
Sys_DiT_noexpert,0.94,0.44,0.414
Sys_DiT_noexpert,0.94,0.46,0.414
Sys_DiT_noexpert,0.94,0.48,0.412
Sys_DiT_noexpert,0.94,0.5,0.412
Sys_DiT_noexpert,0.94,0.52,0.41
Sys_DiT_noexpert,0.94,0.54,0.4059999999999999
Sys_DiT_noexpert,0.94,0.56,0.40399999999999997
Sys_DiT_noexpert,0.94,0.58,0.40199999999999997
Sys_DiT_noexpert,0.94,0.6,0.39599999999999985
Sys_DiT_noexpert,0.94,0.62,0.39599999999999985
Sys_DiT_noexpert,0.94,0.64,0.39399999999999985
Sys_DiT_noexpert,0.94,0.66,0.38999999999999985
Sys_DiT_noexpert,0.94,0.68,0.38999999999999985
Sys_DiT_noexpert,0.94,0.7,0.38799999999999985
Sys_DiT_noexpert,0.94,0.72,0.37999999999999995
Sys_DiT_noexpert,0.94,0.74,0.37399999999999983
Sys_DiT_noexpert,0.94,0.76,0.3639999999999998
Sys_DiT_noexpert,0.94,0.78,0.33599999999999997
Sys_DiT_noexpert,0.94,0.8,0.3219999999999999
Sys_DiT_noexpert,0.94,0.82,0.3159999999999999
Sys_DiT_noexpert,0.94,0.84,0.29599999999999993
Sys_DiT_noexpert,0.94,0.86,0.2799999999999999
Sys_DiT_noexpert,0.94,0.88,0.2679999999999999
Sys_DiT_noexpert,0.94,0.9,0.25999999999999995
Sys_DiT_noexpert,0.94,0.92,0.24599999999999997
Sys_DiT_noexpert,0.94,0.94,0.22399999999999998
Sys_DiT_noexpert,0.94,0.96,0.212
Sys_DiT_noexpert,0.94,0.98,0.18599999999999997
Sys_DiT_noexpert,0.94,1.0,0.17999999999999994
Sys_DiT_noexpert,0.96,0.0,0.3679999999999999
Sys_DiT_noexpert,0.96,0.02,0.3679999999999999
Sys_DiT_noexpert,0.96,0.04,0.3679999999999999
Sys_DiT_noexpert,0.96,0.06,0.3679999999999999
Sys_DiT_noexpert,0.96,0.08,0.3679999999999999
Sys_DiT_noexpert,0.96,0.1,0.3679999999999999
Sys_DiT_noexpert,0.96,0.12,0.3679999999999999
Sys_DiT_noexpert,0.96,0.14,0.3679999999999999
Sys_DiT_noexpert,0.96,0.16,0.3679999999999999
Sys_DiT_noexpert,0.96,0.18,0.3679999999999999
Sys_DiT_noexpert,0.96,0.2,0.3679999999999999
Sys_DiT_noexpert,0.96,0.22,0.3679999999999999
Sys_DiT_noexpert,0.96,0.24,0.3679999999999999
Sys_DiT_noexpert,0.96,0.26,0.3679999999999999
Sys_DiT_noexpert,0.96,0.28,0.3679999999999999
Sys_DiT_noexpert,0.96,0.3,0.3679999999999999
Sys_DiT_noexpert,0.96,0.32,0.3679999999999999
Sys_DiT_noexpert,0.96,0.34,0.3679999999999999
Sys_DiT_noexpert,0.96,0.36,0.3679999999999999
Sys_DiT_noexpert,0.96,0.38,0.3679999999999999
Sys_DiT_noexpert,0.96,0.4,0.3679999999999999
Sys_DiT_noexpert,0.96,0.42,0.36399999999999993
Sys_DiT_noexpert,0.96,0.44,0.3539999999999999
Sys_DiT_noexpert,0.96,0.46,0.3539999999999999
Sys_DiT_noexpert,0.96,0.48,0.352
Sys_DiT_noexpert,0.96,0.5,0.352
Sys_DiT_noexpert,0.96,0.52,0.352
Sys_DiT_noexpert,0.96,0.54,0.3499999999999999
Sys_DiT_noexpert,0.96,0.56,0.348
Sys_DiT_noexpert,0.96,0.58,0.348
Sys_DiT_noexpert,0.96,0.6,0.34600000000000003
Sys_DiT_noexpert,0.96,0.62,0.34600000000000003
Sys_DiT_noexpert,0.96,0.64,0.34600000000000003
Sys_DiT_noexpert,0.96,0.66,0.342
Sys_DiT_noexpert,0.96,0.68,0.342
Sys_DiT_noexpert,0.96,0.7,0.34
Sys_DiT_noexpert,0.96,0.72,0.33599999999999997
Sys_DiT_noexpert,0.96,0.74,0.3319999999999999
Sys_DiT_noexpert,0.96,0.76,0.32599999999999985
Sys_DiT_noexpert,0.96,0.78,0.3099999999999999
Sys_DiT_noexpert,0.96,0.8,0.2979999999999999
Sys_DiT_noexpert,0.96,0.82,0.2919999999999999
Sys_DiT_noexpert,0.96,0.84,0.27399999999999985
Sys_DiT_noexpert,0.96,0.86,0.26599999999999996
Sys_DiT_noexpert,0.96,0.88,0.2539999999999999
Sys_DiT_noexpert,0.96,0.9,0.24599999999999994
Sys_DiT_noexpert,0.96,0.92,0.23399999999999996
Sys_DiT_noexpert,0.96,0.94,0.214
Sys_DiT_noexpert,0.96,0.96,0.20199999999999993
Sys_DiT_noexpert,0.96,0.98,0.17599999999999993
Sys_DiT_noexpert,0.96,1.0,0.16999999999999993
Sys_DiT_noexpert,0.98,0.0,0.26999999999999996
Sys_DiT_noexpert,0.98,0.02,0.26999999999999996
Sys_DiT_noexpert,0.98,0.04,0.26999999999999996
Sys_DiT_noexpert,0.98,0.06,0.26999999999999996
Sys_DiT_noexpert,0.98,0.08,0.26999999999999996
Sys_DiT_noexpert,0.98,0.1,0.26999999999999996
Sys_DiT_noexpert,0.98,0.12,0.26999999999999996
Sys_DiT_noexpert,0.98,0.14,0.26999999999999996
Sys_DiT_noexpert,0.98,0.16,0.26999999999999996
Sys_DiT_noexpert,0.98,0.18,0.26999999999999996
Sys_DiT_noexpert,0.98,0.2,0.26999999999999996
Sys_DiT_noexpert,0.98,0.22,0.26999999999999996
Sys_DiT_noexpert,0.98,0.24,0.26999999999999996
Sys_DiT_noexpert,0.98,0.26,0.26999999999999996
Sys_DiT_noexpert,0.98,0.28,0.26999999999999996
Sys_DiT_noexpert,0.98,0.3,0.26999999999999996
Sys_DiT_noexpert,0.98,0.32,0.26999999999999996
Sys_DiT_noexpert,0.98,0.34,0.26999999999999996
Sys_DiT_noexpert,0.98,0.36,0.26999999999999996
Sys_DiT_noexpert,0.98,0.38,0.26999999999999996
Sys_DiT_noexpert,0.98,0.4,0.26999999999999996
Sys_DiT_noexpert,0.98,0.42,0.26799999999999996
Sys_DiT_noexpert,0.98,0.44,0.26599999999999996
Sys_DiT_noexpert,0.98,0.46,0.26599999999999996
Sys_DiT_noexpert,0.98,0.48,0.26599999999999996
Sys_DiT_noexpert,0.98,0.5,0.26599999999999996
Sys_DiT_noexpert,0.98,0.52,0.26599999999999996
Sys_DiT_noexpert,0.98,0.54,0.26599999999999996
Sys_DiT_noexpert,0.98,0.56,0.26599999999999996
Sys_DiT_noexpert,0.98,0.58,0.26599999999999996
Sys_DiT_noexpert,0.98,0.6,0.26599999999999996
Sys_DiT_noexpert,0.98,0.62,0.26599999999999996
Sys_DiT_noexpert,0.98,0.64,0.26599999999999996
Sys_DiT_noexpert,0.98,0.66,0.26599999999999996
Sys_DiT_noexpert,0.98,0.68,0.26599999999999996
Sys_DiT_noexpert,0.98,0.7,0.26599999999999996
Sys_DiT_noexpert,0.98,0.72,0.2639999999999999
Sys_DiT_noexpert,0.98,0.74,0.2639999999999999
Sys_DiT_noexpert,0.98,0.76,0.2639999999999999
Sys_DiT_noexpert,0.98,0.78,0.25799999999999995
Sys_DiT_noexpert,0.98,0.8,0.2499999999999999
Sys_DiT_noexpert,0.98,0.82,0.2459999999999999
Sys_DiT_noexpert,0.98,0.84,0.2339999999999999
Sys_DiT_noexpert,0.98,0.86,0.22599999999999995
Sys_DiT_noexpert,0.98,0.88,0.2179999999999999
Sys_DiT_noexpert,0.98,0.9,0.2139999999999999
Sys_DiT_noexpert,0.98,0.92,0.2059999999999999
Sys_DiT_noexpert,0.98,0.94,0.19799999999999993
Sys_DiT_noexpert,0.98,0.96,0.19199999999999995
Sys_DiT_noexpert,0.98,0.98,0.16599999999999998
Sys_DiT_noexpert,0.98,1.0,0.16399999999999995
Sys_DiT_noexpert,1.0,0.0,0.16599999999999995
Sys_DiT_noexpert,1.0,0.02,0.16599999999999995
Sys_DiT_noexpert,1.0,0.04,0.16599999999999995
Sys_DiT_noexpert,1.0,0.06,0.16599999999999995
Sys_DiT_noexpert,1.0,0.08,0.16599999999999995
Sys_DiT_noexpert,1.0,0.1,0.16599999999999995
Sys_DiT_noexpert,1.0,0.12,0.16599999999999995
Sys_DiT_noexpert,1.0,0.14,0.16599999999999995
Sys_DiT_noexpert,1.0,0.16,0.16599999999999995
Sys_DiT_noexpert,1.0,0.18,0.16599999999999995
Sys_DiT_noexpert,1.0,0.2,0.16599999999999995
Sys_DiT_noexpert,1.0,0.22,0.16599999999999995
Sys_DiT_noexpert,1.0,0.24,0.16599999999999995
Sys_DiT_noexpert,1.0,0.26,0.16599999999999995
Sys_DiT_noexpert,1.0,0.28,0.16599999999999995
Sys_DiT_noexpert,1.0,0.3,0.16599999999999995
Sys_DiT_noexpert,1.0,0.32,0.16599999999999995
Sys_DiT_noexpert,1.0,0.34,0.16599999999999995
Sys_DiT_noexpert,1.0,0.36,0.16599999999999995
Sys_DiT_noexpert,1.0,0.38,0.16599999999999995
Sys_DiT_noexpert,1.0,0.4,0.16599999999999995
Sys_DiT_noexpert,1.0,0.42,0.16599999999999995
Sys_DiT_noexpert,1.0,0.44,0.16399999999999995
Sys_DiT_noexpert,1.0,0.46,0.16399999999999995
Sys_DiT_noexpert,1.0,0.48,0.16399999999999995
Sys_DiT_noexpert,1.0,0.5,0.16399999999999995
Sys_DiT_noexpert,1.0,0.52,0.16399999999999995
Sys_DiT_noexpert,1.0,0.54,0.16399999999999995
Sys_DiT_noexpert,1.0,0.56,0.16399999999999995
Sys_DiT_noexpert,1.0,0.58,0.16399999999999995
Sys_DiT_noexpert,1.0,0.6,0.16399999999999995
Sys_DiT_noexpert,1.0,0.62,0.16399999999999995
Sys_DiT_noexpert,1.0,0.64,0.16399999999999995
Sys_DiT_noexpert,1.0,0.66,0.16399999999999995
Sys_DiT_noexpert,1.0,0.68,0.16399999999999995
Sys_DiT_noexpert,1.0,0.7,0.16399999999999995
Sys_DiT_noexpert,1.0,0.72,0.16399999999999995
Sys_DiT_noexpert,1.0,0.74,0.16399999999999995
Sys_DiT_noexpert,1.0,0.76,0.16399999999999995
Sys_DiT_noexpert,1.0,0.78,0.16399999999999995
Sys_DiT_noexpert,1.0,0.8,0.15999999999999998
Sys_DiT_noexpert,1.0,0.82,0.15999999999999998
Sys_DiT_noexpert,1.0,0.84,0.15999999999999998
Sys_DiT_noexpert,1.0,0.86,0.15799999999999997
Sys_DiT_noexpert,1.0,0.88,0.15599999999999997
Sys_DiT_noexpert,1.0,0.9,0.15599999999999997
Sys_DiT_noexpert,1.0,0.92,0.15199999999999997
Sys_DiT_noexpert,1.0,0.94,0.15199999999999997
Sys_DiT_noexpert,1.0,0.96,0.14999999999999997
Sys_DiT_noexpert,1.0,0.98,0.14599999999999996
Sys_DiT_noexpert,1.0,1.0,0.14599999999999996
Human_DiT_500,0.0,0.0,1.0
Human_DiT_500,0.0,0.02,1.0
Human_DiT_500,0.0,0.04,1.0
Human_DiT_500,0.0,0.06,1.0
Human_DiT_500,0.0,0.08,0.998
Human_DiT_500,0.0,0.1,0.998
Human_DiT_500,0.0,0.12,0.998
Human_DiT_500,0.0,0.14,0.996
Human_DiT_500,0.0,0.16,0.996
Human_DiT_500,0.0,0.18,0.996
Human_DiT_500,0.0,0.2,0.996
Human_DiT_500,0.0,0.22,0.9319999999999995
Human_DiT_500,0.0,0.24,0.9319999999999995
Human_DiT_500,0.0,0.26,0.9319999999999995
Human_DiT_500,0.0,0.28,0.9019999999999996
Human_DiT_500,0.0,0.3,0.9019999999999996
Human_DiT_500,0.0,0.32,0.9019999999999996
Human_DiT_500,0.0,0.34,0.8679999999999997
Human_DiT_500,0.0,0.36,0.8679999999999997
Human_DiT_500,0.0,0.38,0.8679999999999997
Human_DiT_500,0.0,0.4,0.8659999999999997
Human_DiT_500,0.0,0.42,0.7579999999999998
Human_DiT_500,0.0,0.44,0.7579999999999998
Human_DiT_500,0.0,0.46,0.7579999999999998
Human_DiT_500,0.0,0.48,0.6839999999999999
Human_DiT_500,0.0,0.5,0.6839999999999999
Human_DiT_500,0.0,0.52,0.6839999999999999
Human_DiT_500,0.0,0.54,0.596
Human_DiT_500,0.0,0.56,0.596
Human_DiT_500,0.0,0.58,0.596
Human_DiT_500,0.0,0.6,0.596
Human_DiT_500,0.0,0.62,0.49
Human_DiT_500,0.0,0.64,0.49
Human_DiT_500,0.0,0.66,0.49
Human_DiT_500,0.0,0.68,0.40399999999999986
Human_DiT_500,0.0,0.7,0.40399999999999986
Human_DiT_500,0.0,0.72,0.40399999999999986
Human_DiT_500,0.0,0.74,0.28999999999999987
Human_DiT_500,0.0,0.76,0.28999999999999987
Human_DiT_500,0.0,0.78,0.28999999999999987
Human_DiT_500,0.0,0.8,0.2819999999999999
Human_DiT_500,0.0,0.82,0.15799999999999997
Human_DiT_500,0.0,0.84,0.15799999999999997
Human_DiT_500,0.0,0.86,0.15799999999999997
Human_DiT_500,0.0,0.88,0.09800000000000003
Human_DiT_500,0.0,0.9,0.09800000000000003
Human_DiT_500,0.0,0.92,0.09800000000000003
Human_DiT_500,0.0,0.94,0.05600000000000002
Human_DiT_500,0.0,0.96,0.05600000000000002
Human_DiT_500,0.0,0.98,0.05600000000000002
Human_DiT_500,0.0,1.0,0.05600000000000002
Human_DiT_500,0.02,0.0,0.9599999999999997
Human_DiT_500,0.02,0.02,0.9599999999999997
Human_DiT_500,0.02,0.04,0.9599999999999997
Human_DiT_500,0.02,0.06,0.9599999999999997
Human_DiT_500,0.02,0.08,0.9579999999999999
Human_DiT_500,0.02,0.1,0.9579999999999999
Human_DiT_500,0.02,0.12,0.9579999999999999
Human_DiT_500,0.02,0.14,0.956
Human_DiT_500,0.02,0.16,0.956
Human_DiT_500,0.02,0.18,0.956
Human_DiT_500,0.02,0.2,0.956
Human_DiT_500,0.02,0.22,0.9079999999999996
Human_DiT_500,0.02,0.24,0.9079999999999996
Human_DiT_500,0.02,0.26,0.9079999999999996
Human_DiT_500,0.02,0.28,0.8779999999999996
Human_DiT_500,0.02,0.3,0.8779999999999996
Human_DiT_500,0.02,0.32,0.8779999999999996
Human_DiT_500,0.02,0.34,0.8439999999999996
Human_DiT_500,0.02,0.36,0.8439999999999996
Human_DiT_500,0.02,0.38,0.8439999999999996
Human_DiT_500,0.02,0.4,0.8419999999999994
Human_DiT_500,0.02,0.42,0.7359999999999997
Human_DiT_500,0.02,0.44,0.7359999999999997
Human_DiT_500,0.02,0.46,0.7359999999999997
Human_DiT_500,0.02,0.48,0.6679999999999998
Human_DiT_500,0.02,0.5,0.6679999999999998
Human_DiT_500,0.02,0.52,0.6679999999999998
Human_DiT_500,0.02,0.54,0.5820000000000001
Human_DiT_500,0.02,0.56,0.5820000000000001
Human_DiT_500,0.02,0.58,0.5820000000000001
Human_DiT_500,0.02,0.6,0.5820000000000001
Human_DiT_500,0.02,0.62,0.478
Human_DiT_500,0.02,0.64,0.478
Human_DiT_500,0.02,0.66,0.478
Human_DiT_500,0.02,0.68,0.39599999999999985
Human_DiT_500,0.02,0.7,0.39599999999999985
Human_DiT_500,0.02,0.72,0.39599999999999985
Human_DiT_500,0.02,0.74,0.2839999999999999
Human_DiT_500,0.02,0.76,0.2839999999999999
Human_DiT_500,0.02,0.78,0.2839999999999999
Human_DiT_500,0.02,0.8,0.2759999999999999
Human_DiT_500,0.02,0.82,0.154
Human_DiT_500,0.02,0.84,0.154
Human_DiT_500,0.02,0.86,0.154
Human_DiT_500,0.02,0.88,0.09400000000000003
Human_DiT_500,0.02,0.9,0.09400000000000003
Human_DiT_500,0.02,0.92,0.09400000000000003
Human_DiT_500,0.02,0.94,0.05400000000000002
Human_DiT_500,0.02,0.96,0.05400000000000002
Human_DiT_500,0.02,0.98,0.05400000000000002
Human_DiT_500,0.02,1.0,0.05400000000000002
Human_DiT_500,0.04,0.0,0.9539999999999996
Human_DiT_500,0.04,0.02,0.9539999999999996
Human_DiT_500,0.04,0.04,0.9539999999999996
Human_DiT_500,0.04,0.06,0.9539999999999996
Human_DiT_500,0.04,0.08,0.9519999999999996
Human_DiT_500,0.04,0.1,0.9519999999999996
Human_DiT_500,0.04,0.12,0.9519999999999996
Human_DiT_500,0.04,0.14,0.9499999999999997
Human_DiT_500,0.04,0.16,0.9499999999999997
Human_DiT_500,0.04,0.18,0.9499999999999997
Human_DiT_500,0.04,0.2,0.9499999999999997
Human_DiT_500,0.04,0.22,0.9019999999999996
Human_DiT_500,0.04,0.24,0.9019999999999996
Human_DiT_500,0.04,0.26,0.9019999999999996
Human_DiT_500,0.04,0.28,0.8719999999999994
Human_DiT_500,0.04,0.3,0.8719999999999994
Human_DiT_500,0.04,0.32,0.8719999999999994
Human_DiT_500,0.04,0.34,0.8399999999999995
Human_DiT_500,0.04,0.36,0.8399999999999995
Human_DiT_500,0.04,0.38,0.8399999999999995
Human_DiT_500,0.04,0.4,0.8379999999999994
Human_DiT_500,0.04,0.42,0.7339999999999998
Human_DiT_500,0.04,0.44,0.7339999999999998
Human_DiT_500,0.04,0.46,0.7339999999999998
Human_DiT_500,0.04,0.48,0.6659999999999999
Human_DiT_500,0.04,0.5,0.6659999999999999
Human_DiT_500,0.04,0.52,0.6659999999999999
Human_DiT_500,0.04,0.54,0.5800000000000002
Human_DiT_500,0.04,0.56,0.5800000000000002
Human_DiT_500,0.04,0.58,0.5800000000000002
Human_DiT_500,0.04,0.6,0.5800000000000002
Human_DiT_500,0.04,0.62,0.47600000000000003
Human_DiT_500,0.04,0.64,0.47600000000000003
Human_DiT_500,0.04,0.66,0.47600000000000003
Human_DiT_500,0.04,0.68,0.39399999999999985
Human_DiT_500,0.04,0.7,0.39399999999999985
Human_DiT_500,0.04,0.72,0.39399999999999985
Human_DiT_500,0.04,0.74,0.2839999999999999
Human_DiT_500,0.04,0.76,0.2839999999999999
Human_DiT_500,0.04,0.78,0.2839999999999999
Human_DiT_500,0.04,0.8,0.2759999999999999
Human_DiT_500,0.04,0.82,0.154
Human_DiT_500,0.04,0.84,0.154
Human_DiT_500,0.04,0.86,0.154
Human_DiT_500,0.04,0.88,0.09400000000000003
Human_DiT_500,0.04,0.9,0.09400000000000003
Human_DiT_500,0.04,0.92,0.09400000000000003
Human_DiT_500,0.04,0.94,0.05400000000000002
Human_DiT_500,0.04,0.96,0.05400000000000002
Human_DiT_500,0.04,0.98,0.05400000000000002
Human_DiT_500,0.04,1.0,0.05400000000000002
Human_DiT_500,0.06,0.0,0.9519999999999996
Human_DiT_500,0.06,0.02,0.9519999999999996
Human_DiT_500,0.06,0.04,0.9519999999999996
Human_DiT_500,0.06,0.06,0.9519999999999996
Human_DiT_500,0.06,0.08,0.9499999999999997
Human_DiT_500,0.06,0.1,0.9499999999999997
Human_DiT_500,0.06,0.12,0.9499999999999997
Human_DiT_500,0.06,0.14,0.9479999999999998
Human_DiT_500,0.06,0.16,0.9479999999999998
Human_DiT_500,0.06,0.18,0.9479999999999998
Human_DiT_500,0.06,0.2,0.9479999999999998
Human_DiT_500,0.06,0.22,0.9019999999999996
Human_DiT_500,0.06,0.24,0.9019999999999996
Human_DiT_500,0.06,0.26,0.9019999999999996
Human_DiT_500,0.06,0.28,0.8719999999999994
Human_DiT_500,0.06,0.3,0.8719999999999994
Human_DiT_500,0.06,0.32,0.8719999999999994
Human_DiT_500,0.06,0.34,0.8399999999999995
Human_DiT_500,0.06,0.36,0.8399999999999995
Human_DiT_500,0.06,0.38,0.8399999999999995
Human_DiT_500,0.06,0.4,0.8379999999999994
Human_DiT_500,0.06,0.42,0.7339999999999998
Human_DiT_500,0.06,0.44,0.7339999999999998
Human_DiT_500,0.06,0.46,0.7339999999999998
Human_DiT_500,0.06,0.48,0.6659999999999999
Human_DiT_500,0.06,0.5,0.6659999999999999
Human_DiT_500,0.06,0.52,0.6659999999999999
Human_DiT_500,0.06,0.54,0.5800000000000002
Human_DiT_500,0.06,0.56,0.5800000000000002
Human_DiT_500,0.06,0.58,0.5800000000000002
Human_DiT_500,0.06,0.6,0.5800000000000002
Human_DiT_500,0.06,0.62,0.47600000000000003
Human_DiT_500,0.06,0.64,0.47600000000000003
Human_DiT_500,0.06,0.66,0.47600000000000003
Human_DiT_500,0.06,0.68,0.39399999999999985
Human_DiT_500,0.06,0.7,0.39399999999999985
Human_DiT_500,0.06,0.72,0.39399999999999985
Human_DiT_500,0.06,0.74,0.2839999999999999
Human_DiT_500,0.06,0.76,0.2839999999999999
Human_DiT_500,0.06,0.78,0.2839999999999999
Human_DiT_500,0.06,0.8,0.2759999999999999
Human_DiT_500,0.06,0.82,0.154
Human_DiT_500,0.06,0.84,0.154
Human_DiT_500,0.06,0.86,0.154
Human_DiT_500,0.06,0.88,0.09400000000000003
Human_DiT_500,0.06,0.9,0.09400000000000003
Human_DiT_500,0.06,0.92,0.09400000000000003
Human_DiT_500,0.06,0.94,0.05400000000000002
Human_DiT_500,0.06,0.96,0.05400000000000002
Human_DiT_500,0.06,0.98,0.05400000000000002
Human_DiT_500,0.06,1.0,0.05400000000000002
Human_DiT_500,0.08,0.0,0.9459999999999996
Human_DiT_500,0.08,0.02,0.9459999999999996
Human_DiT_500,0.08,0.04,0.9459999999999996
Human_DiT_500,0.08,0.06,0.9459999999999996
Human_DiT_500,0.08,0.08,0.9459999999999996
Human_DiT_500,0.08,0.1,0.9459999999999996
Human_DiT_500,0.08,0.12,0.9459999999999996
Human_DiT_500,0.08,0.14,0.9439999999999997
Human_DiT_500,0.08,0.16,0.9439999999999997
Human_DiT_500,0.08,0.18,0.9439999999999997
Human_DiT_500,0.08,0.2,0.9439999999999997
Human_DiT_500,0.08,0.22,0.8999999999999996
Human_DiT_500,0.08,0.24,0.8999999999999996
Human_DiT_500,0.08,0.26,0.8999999999999996
Human_DiT_500,0.08,0.28,0.8699999999999996
Human_DiT_500,0.08,0.3,0.8699999999999996
Human_DiT_500,0.08,0.32,0.8699999999999996
Human_DiT_500,0.08,0.34,0.8379999999999995
Human_DiT_500,0.08,0.36,0.8379999999999995
Human_DiT_500,0.08,0.38,0.8379999999999995
Human_DiT_500,0.08,0.4,0.8359999999999995
Human_DiT_500,0.08,0.42,0.7319999999999998
Human_DiT_500,0.08,0.44,0.7319999999999998
Human_DiT_500,0.08,0.46,0.7319999999999998
Human_DiT_500,0.08,0.48,0.6659999999999999
Human_DiT_500,0.08,0.5,0.6659999999999999
Human_DiT_500,0.08,0.52,0.6659999999999999
Human_DiT_500,0.08,0.54,0.5800000000000002
Human_DiT_500,0.08,0.56,0.5800000000000002
Human_DiT_500,0.08,0.58,0.5800000000000002
Human_DiT_500,0.08,0.6,0.5800000000000002
Human_DiT_500,0.08,0.62,0.47600000000000003
Human_DiT_500,0.08,0.64,0.47600000000000003
Human_DiT_500,0.08,0.66,0.47600000000000003
Human_DiT_500,0.08,0.68,0.39399999999999985
Human_DiT_500,0.08,0.7,0.39399999999999985
Human_DiT_500,0.08,0.72,0.39399999999999985
Human_DiT_500,0.08,0.74,0.2839999999999999
Human_DiT_500,0.08,0.76,0.2839999999999999
Human_DiT_500,0.08,0.78,0.2839999999999999
Human_DiT_500,0.08,0.8,0.2759999999999999
Human_DiT_500,0.08,0.82,0.154
Human_DiT_500,0.08,0.84,0.154
Human_DiT_500,0.08,0.86,0.154
Human_DiT_500,0.08,0.88,0.09400000000000003
Human_DiT_500,0.08,0.9,0.09400000000000003
Human_DiT_500,0.08,0.92,0.09400000000000003
Human_DiT_500,0.08,0.94,0.05400000000000002
Human_DiT_500,0.08,0.96,0.05400000000000002
Human_DiT_500,0.08,0.98,0.05400000000000002
Human_DiT_500,0.08,1.0,0.05400000000000002
Human_DiT_500,0.1,0.0,0.9459999999999996
Human_DiT_500,0.1,0.02,0.9459999999999996
Human_DiT_500,0.1,0.04,0.9459999999999996
Human_DiT_500,0.1,0.06,0.9459999999999996
Human_DiT_500,0.1,0.08,0.9459999999999996
Human_DiT_500,0.1,0.1,0.9459999999999996
Human_DiT_500,0.1,0.12,0.9459999999999996
Human_DiT_500,0.1,0.14,0.9439999999999997
Human_DiT_500,0.1,0.16,0.9439999999999997
Human_DiT_500,0.1,0.18,0.9439999999999997
Human_DiT_500,0.1,0.2,0.9439999999999997
Human_DiT_500,0.1,0.22,0.8999999999999996
Human_DiT_500,0.1,0.24,0.8999999999999996
Human_DiT_500,0.1,0.26,0.8999999999999996
Human_DiT_500,0.1,0.28,0.8699999999999996
Human_DiT_500,0.1,0.3,0.8699999999999996
Human_DiT_500,0.1,0.32,0.8699999999999996
Human_DiT_500,0.1,0.34,0.8379999999999995
Human_DiT_500,0.1,0.36,0.8379999999999995
Human_DiT_500,0.1,0.38,0.8379999999999995
Human_DiT_500,0.1,0.4,0.8359999999999995
Human_DiT_500,0.1,0.42,0.7319999999999998
Human_DiT_500,0.1,0.44,0.7319999999999998
Human_DiT_500,0.1,0.46,0.7319999999999998
Human_DiT_500,0.1,0.48,0.6659999999999999
Human_DiT_500,0.1,0.5,0.6659999999999999
Human_DiT_500,0.1,0.52,0.6659999999999999
Human_DiT_500,0.1,0.54,0.5800000000000002
Human_DiT_500,0.1,0.56,0.5800000000000002
Human_DiT_500,0.1,0.58,0.5800000000000002
Human_DiT_500,0.1,0.6,0.5800000000000002
Human_DiT_500,0.1,0.62,0.47600000000000003
Human_DiT_500,0.1,0.64,0.47600000000000003
Human_DiT_500,0.1,0.66,0.47600000000000003
Human_DiT_500,0.1,0.68,0.39399999999999985
Human_DiT_500,0.1,0.7,0.39399999999999985
Human_DiT_500,0.1,0.72,0.39399999999999985
Human_DiT_500,0.1,0.74,0.2839999999999999
Human_DiT_500,0.1,0.76,0.2839999999999999
Human_DiT_500,0.1,0.78,0.2839999999999999
Human_DiT_500,0.1,0.8,0.2759999999999999
Human_DiT_500,0.1,0.82,0.154
Human_DiT_500,0.1,0.84,0.154
Human_DiT_500,0.1,0.86,0.154
Human_DiT_500,0.1,0.88,0.09400000000000003
Human_DiT_500,0.1,0.9,0.09400000000000003
Human_DiT_500,0.1,0.92,0.09400000000000003
Human_DiT_500,0.1,0.94,0.05400000000000002
Human_DiT_500,0.1,0.96,0.05400000000000002
Human_DiT_500,0.1,0.98,0.05400000000000002
Human_DiT_500,0.1,1.0,0.05400000000000002
Human_DiT_500,0.12,0.0,0.9439999999999996
Human_DiT_500,0.12,0.02,0.9439999999999996
Human_DiT_500,0.12,0.04,0.9439999999999996
Human_DiT_500,0.12,0.06,0.9439999999999996
Human_DiT_500,0.12,0.08,0.9439999999999996
Human_DiT_500,0.12,0.1,0.9439999999999996
Human_DiT_500,0.12,0.12,0.9439999999999996
Human_DiT_500,0.12,0.14,0.9419999999999997
Human_DiT_500,0.12,0.16,0.9419999999999997
Human_DiT_500,0.12,0.18,0.9419999999999997
Human_DiT_500,0.12,0.2,0.9419999999999997
Human_DiT_500,0.12,0.22,0.8979999999999996
Human_DiT_500,0.12,0.24,0.8979999999999996
Human_DiT_500,0.12,0.26,0.8979999999999996
Human_DiT_500,0.12,0.28,0.8679999999999995
Human_DiT_500,0.12,0.3,0.8679999999999995
Human_DiT_500,0.12,0.32,0.8679999999999995
Human_DiT_500,0.12,0.34,0.8359999999999995
Human_DiT_500,0.12,0.36,0.8359999999999995
Human_DiT_500,0.12,0.38,0.8359999999999995
Human_DiT_500,0.12,0.4,0.8339999999999995
Human_DiT_500,0.12,0.42,0.7299999999999998
Human_DiT_500,0.12,0.44,0.7299999999999998
Human_DiT_500,0.12,0.46,0.7299999999999998
Human_DiT_500,0.12,0.48,0.6659999999999999
Human_DiT_500,0.12,0.5,0.6659999999999999
Human_DiT_500,0.12,0.52,0.6659999999999999
Human_DiT_500,0.12,0.54,0.5800000000000002
Human_DiT_500,0.12,0.56,0.5800000000000002
Human_DiT_500,0.12,0.58,0.5800000000000002
Human_DiT_500,0.12,0.6,0.5800000000000002
Human_DiT_500,0.12,0.62,0.47600000000000003
Human_DiT_500,0.12,0.64,0.47600000000000003
Human_DiT_500,0.12,0.66,0.47600000000000003
Human_DiT_500,0.12,0.68,0.39399999999999985
Human_DiT_500,0.12,0.7,0.39399999999999985
Human_DiT_500,0.12,0.72,0.39399999999999985
Human_DiT_500,0.12,0.74,0.2839999999999999
Human_DiT_500,0.12,0.76,0.2839999999999999
Human_DiT_500,0.12,0.78,0.2839999999999999
Human_DiT_500,0.12,0.8,0.2759999999999999
Human_DiT_500,0.12,0.82,0.154
Human_DiT_500,0.12,0.84,0.154
Human_DiT_500,0.12,0.86,0.154
Human_DiT_500,0.12,0.88,0.09400000000000003
Human_DiT_500,0.12,0.9,0.09400000000000003
Human_DiT_500,0.12,0.92,0.09400000000000003
Human_DiT_500,0.12,0.94,0.05400000000000002
Human_DiT_500,0.12,0.96,0.05400000000000002
Human_DiT_500,0.12,0.98,0.05400000000000002
Human_DiT_500,0.12,1.0,0.05400000000000002
Human_DiT_500,0.14,0.0,0.9379999999999997
Human_DiT_500,0.14,0.02,0.9379999999999997
Human_DiT_500,0.14,0.04,0.9379999999999997
Human_DiT_500,0.14,0.06,0.9379999999999997
Human_DiT_500,0.14,0.08,0.9379999999999997
Human_DiT_500,0.14,0.1,0.9379999999999997
Human_DiT_500,0.14,0.12,0.9379999999999997
Human_DiT_500,0.14,0.14,0.9359999999999998
Human_DiT_500,0.14,0.16,0.9359999999999998
Human_DiT_500,0.14,0.18,0.9359999999999998
Human_DiT_500,0.14,0.2,0.9359999999999998
Human_DiT_500,0.14,0.22,0.8919999999999996
Human_DiT_500,0.14,0.24,0.8919999999999996
Human_DiT_500,0.14,0.26,0.8919999999999996
Human_DiT_500,0.14,0.28,0.8619999999999994
Human_DiT_500,0.14,0.3,0.8619999999999994
Human_DiT_500,0.14,0.32,0.8619999999999994
Human_DiT_500,0.14,0.34,0.8299999999999996
Human_DiT_500,0.14,0.36,0.8299999999999996
Human_DiT_500,0.14,0.38,0.8299999999999996
Human_DiT_500,0.14,0.4,0.8279999999999995
Human_DiT_500,0.14,0.42,0.7279999999999996
Human_DiT_500,0.14,0.44,0.7279999999999996
Human_DiT_500,0.14,0.46,0.7279999999999996
Human_DiT_500,0.14,0.48,0.6639999999999999
Human_DiT_500,0.14,0.5,0.6639999999999999
Human_DiT_500,0.14,0.52,0.6639999999999999
Human_DiT_500,0.14,0.54,0.5800000000000002
Human_DiT_500,0.14,0.56,0.5800000000000002
Human_DiT_500,0.14,0.58,0.5800000000000002
Human_DiT_500,0.14,0.6,0.5800000000000002
Human_DiT_500,0.14,0.62,0.47600000000000003
Human_DiT_500,0.14,0.64,0.47600000000000003
Human_DiT_500,0.14,0.66,0.47600000000000003
Human_DiT_500,0.14,0.68,0.39399999999999985
Human_DiT_500,0.14,0.7,0.39399999999999985
Human_DiT_500,0.14,0.72,0.39399999999999985
Human_DiT_500,0.14,0.74,0.2839999999999999
Human_DiT_500,0.14,0.76,0.2839999999999999
Human_DiT_500,0.14,0.78,0.2839999999999999
Human_DiT_500,0.14,0.8,0.2759999999999999
Human_DiT_500,0.14,0.82,0.154
Human_DiT_500,0.14,0.84,0.154
Human_DiT_500,0.14,0.86,0.154
Human_DiT_500,0.14,0.88,0.09400000000000003
Human_DiT_500,0.14,0.9,0.09400000000000003
Human_DiT_500,0.14,0.92,0.09400000000000003
Human_DiT_500,0.14,0.94,0.05400000000000002
Human_DiT_500,0.14,0.96,0.05400000000000002
Human_DiT_500,0.14,0.98,0.05400000000000002
Human_DiT_500,0.14,1.0,0.05400000000000002
Human_DiT_500,0.16,0.0,0.9359999999999998
Human_DiT_500,0.16,0.02,0.9359999999999998
Human_DiT_500,0.16,0.04,0.9359999999999998
Human_DiT_500,0.16,0.06,0.9359999999999998
Human_DiT_500,0.16,0.08,0.9359999999999998
Human_DiT_500,0.16,0.1,0.9359999999999998
Human_DiT_500,0.16,0.12,0.9359999999999998
Human_DiT_500,0.16,0.14,0.9339999999999997
Human_DiT_500,0.16,0.16,0.9339999999999997
Human_DiT_500,0.16,0.18,0.9339999999999997
Human_DiT_500,0.16,0.2,0.9339999999999997
Human_DiT_500,0.16,0.22,0.8899999999999996
Human_DiT_500,0.16,0.24,0.8899999999999996
Human_DiT_500,0.16,0.26,0.8899999999999996
Human_DiT_500,0.16,0.28,0.8619999999999994
Human_DiT_500,0.16,0.3,0.8619999999999994
Human_DiT_500,0.16,0.32,0.8619999999999994
Human_DiT_500,0.16,0.34,0.8299999999999996
Human_DiT_500,0.16,0.36,0.8299999999999996
Human_DiT_500,0.16,0.38,0.8299999999999996
Human_DiT_500,0.16,0.4,0.8279999999999995
Human_DiT_500,0.16,0.42,0.7279999999999996
Human_DiT_500,0.16,0.44,0.7279999999999996
Human_DiT_500,0.16,0.46,0.7279999999999996
Human_DiT_500,0.16,0.48,0.6639999999999999
Human_DiT_500,0.16,0.5,0.6639999999999999
Human_DiT_500,0.16,0.52,0.6639999999999999
Human_DiT_500,0.16,0.54,0.5800000000000002
Human_DiT_500,0.16,0.56,0.5800000000000002
Human_DiT_500,0.16,0.58,0.5800000000000002
Human_DiT_500,0.16,0.6,0.5800000000000002
Human_DiT_500,0.16,0.62,0.47600000000000003
Human_DiT_500,0.16,0.64,0.47600000000000003
Human_DiT_500,0.16,0.66,0.47600000000000003
Human_DiT_500,0.16,0.68,0.39399999999999985
Human_DiT_500,0.16,0.7,0.39399999999999985
Human_DiT_500,0.16,0.72,0.39399999999999985
Human_DiT_500,0.16,0.74,0.2839999999999999
Human_DiT_500,0.16,0.76,0.2839999999999999
Human_DiT_500,0.16,0.78,0.2839999999999999
Human_DiT_500,0.16,0.8,0.2759999999999999
Human_DiT_500,0.16,0.82,0.154
Human_DiT_500,0.16,0.84,0.154
Human_DiT_500,0.16,0.86,0.154
Human_DiT_500,0.16,0.88,0.09400000000000003
Human_DiT_500,0.16,0.9,0.09400000000000003
Human_DiT_500,0.16,0.92,0.09400000000000003
Human_DiT_500,0.16,0.94,0.05400000000000002
Human_DiT_500,0.16,0.96,0.05400000000000002
Human_DiT_500,0.16,0.98,0.05400000000000002
Human_DiT_500,0.16,1.0,0.05400000000000002
Human_DiT_500,0.18,0.0,0.9319999999999997
Human_DiT_500,0.18,0.02,0.9319999999999997
Human_DiT_500,0.18,0.04,0.9319999999999997
Human_DiT_500,0.18,0.06,0.9319999999999997
Human_DiT_500,0.18,0.08,0.9319999999999997
Human_DiT_500,0.18,0.1,0.9319999999999997
Human_DiT_500,0.18,0.12,0.9319999999999997
Human_DiT_500,0.18,0.14,0.9319999999999997
Human_DiT_500,0.18,0.16,0.9319999999999997
Human_DiT_500,0.18,0.18,0.9319999999999997
Human_DiT_500,0.18,0.2,0.9319999999999997
Human_DiT_500,0.18,0.22,0.8879999999999997
Human_DiT_500,0.18,0.24,0.8879999999999997
Human_DiT_500,0.18,0.26,0.8879999999999997
Human_DiT_500,0.18,0.28,0.8599999999999995
Human_DiT_500,0.18,0.3,0.8599999999999995
Human_DiT_500,0.18,0.32,0.8599999999999995
Human_DiT_500,0.18,0.34,0.8279999999999997
Human_DiT_500,0.18,0.36,0.8279999999999997
Human_DiT_500,0.18,0.38,0.8279999999999997
Human_DiT_500,0.18,0.4,0.8259999999999996
Human_DiT_500,0.18,0.42,0.7279999999999996
Human_DiT_500,0.18,0.44,0.7279999999999996
Human_DiT_500,0.18,0.46,0.7279999999999996
Human_DiT_500,0.18,0.48,0.6639999999999999
Human_DiT_500,0.18,0.5,0.6639999999999999
Human_DiT_500,0.18,0.52,0.6639999999999999
Human_DiT_500,0.18,0.54,0.5800000000000002
Human_DiT_500,0.18,0.56,0.5800000000000002
Human_DiT_500,0.18,0.58,0.5800000000000002
Human_DiT_500,0.18,0.6,0.5800000000000002
Human_DiT_500,0.18,0.62,0.47600000000000003
Human_DiT_500,0.18,0.64,0.47600000000000003
Human_DiT_500,0.18,0.66,0.47600000000000003
Human_DiT_500,0.18,0.68,0.39399999999999985
Human_DiT_500,0.18,0.7,0.39399999999999985
Human_DiT_500,0.18,0.72,0.39399999999999985
Human_DiT_500,0.18,0.74,0.2839999999999999
Human_DiT_500,0.18,0.76,0.2839999999999999
Human_DiT_500,0.18,0.78,0.2839999999999999
Human_DiT_500,0.18,0.8,0.2759999999999999
Human_DiT_500,0.18,0.82,0.154
Human_DiT_500,0.18,0.84,0.154
Human_DiT_500,0.18,0.86,0.154
Human_DiT_500,0.18,0.88,0.09400000000000003
Human_DiT_500,0.18,0.9,0.09400000000000003
Human_DiT_500,0.18,0.92,0.09400000000000003
Human_DiT_500,0.18,0.94,0.05400000000000002
Human_DiT_500,0.18,0.96,0.05400000000000002
Human_DiT_500,0.18,0.98,0.05400000000000002
Human_DiT_500,0.18,1.0,0.05400000000000002
Human_DiT_500,0.2,0.0,0.9279999999999998
Human_DiT_500,0.2,0.02,0.9279999999999998
Human_DiT_500,0.2,0.04,0.9279999999999998
Human_DiT_500,0.2,0.06,0.9279999999999998
Human_DiT_500,0.2,0.08,0.9279999999999998
Human_DiT_500,0.2,0.1,0.9279999999999998
Human_DiT_500,0.2,0.12,0.9279999999999998
Human_DiT_500,0.2,0.14,0.9279999999999998
Human_DiT_500,0.2,0.16,0.9279999999999998
Human_DiT_500,0.2,0.18,0.9279999999999998
Human_DiT_500,0.2,0.2,0.9279999999999998
Human_DiT_500,0.2,0.22,0.8859999999999997
Human_DiT_500,0.2,0.24,0.8859999999999997
Human_DiT_500,0.2,0.26,0.8859999999999997
Human_DiT_500,0.2,0.28,0.8579999999999995
Human_DiT_500,0.2,0.3,0.8579999999999995
Human_DiT_500,0.2,0.32,0.8579999999999995
Human_DiT_500,0.2,0.34,0.8259999999999996
Human_DiT_500,0.2,0.36,0.8259999999999996
Human_DiT_500,0.2,0.38,0.8259999999999996
Human_DiT_500,0.2,0.4,0.8239999999999996
Human_DiT_500,0.2,0.42,0.7259999999999996
Human_DiT_500,0.2,0.44,0.7259999999999996
Human_DiT_500,0.2,0.46,0.7259999999999996
Human_DiT_500,0.2,0.48,0.6619999999999999
Human_DiT_500,0.2,0.5,0.6619999999999999
Human_DiT_500,0.2,0.52,0.6619999999999999
Human_DiT_500,0.2,0.54,0.5780000000000001
Human_DiT_500,0.2,0.56,0.5780000000000001
Human_DiT_500,0.2,0.58,0.5780000000000001
Human_DiT_500,0.2,0.6,0.5780000000000001
Human_DiT_500,0.2,0.62,0.47600000000000003
Human_DiT_500,0.2,0.64,0.47600000000000003
Human_DiT_500,0.2,0.66,0.47600000000000003
Human_DiT_500,0.2,0.68,0.39399999999999985
Human_DiT_500,0.2,0.7,0.39399999999999985
Human_DiT_500,0.2,0.72,0.39399999999999985
Human_DiT_500,0.2,0.74,0.2839999999999999
Human_DiT_500,0.2,0.76,0.2839999999999999
Human_DiT_500,0.2,0.78,0.2839999999999999
Human_DiT_500,0.2,0.8,0.2759999999999999
Human_DiT_500,0.2,0.82,0.154
Human_DiT_500,0.2,0.84,0.154
Human_DiT_500,0.2,0.86,0.154
Human_DiT_500,0.2,0.88,0.09400000000000003
Human_DiT_500,0.2,0.9,0.09400000000000003
Human_DiT_500,0.2,0.92,0.09400000000000003
Human_DiT_500,0.2,0.94,0.05400000000000002
Human_DiT_500,0.2,0.96,0.05400000000000002
Human_DiT_500,0.2,0.98,0.05400000000000002
Human_DiT_500,0.2,1.0,0.05400000000000002
Human_DiT_500,0.22,0.0,0.9259999999999998
Human_DiT_500,0.22,0.02,0.9259999999999998
Human_DiT_500,0.22,0.04,0.9259999999999998
Human_DiT_500,0.22,0.06,0.9259999999999998
Human_DiT_500,0.22,0.08,0.9259999999999998
Human_DiT_500,0.22,0.1,0.9259999999999998
Human_DiT_500,0.22,0.12,0.9259999999999998
Human_DiT_500,0.22,0.14,0.9259999999999998
Human_DiT_500,0.22,0.16,0.9259999999999998
Human_DiT_500,0.22,0.18,0.9259999999999998
Human_DiT_500,0.22,0.2,0.9259999999999998
Human_DiT_500,0.22,0.22,0.8839999999999995
Human_DiT_500,0.22,0.24,0.8839999999999995
Human_DiT_500,0.22,0.26,0.8839999999999995
Human_DiT_500,0.22,0.28,0.8579999999999995
Human_DiT_500,0.22,0.3,0.8579999999999995
Human_DiT_500,0.22,0.32,0.8579999999999995
Human_DiT_500,0.22,0.34,0.8259999999999996
Human_DiT_500,0.22,0.36,0.8259999999999996
Human_DiT_500,0.22,0.38,0.8259999999999996
Human_DiT_500,0.22,0.4,0.8239999999999996
Human_DiT_500,0.22,0.42,0.7259999999999996
Human_DiT_500,0.22,0.44,0.7259999999999996
Human_DiT_500,0.22,0.46,0.7259999999999996
Human_DiT_500,0.22,0.48,0.6619999999999999
Human_DiT_500,0.22,0.5,0.6619999999999999
Human_DiT_500,0.22,0.52,0.6619999999999999
Human_DiT_500,0.22,0.54,0.5780000000000001
Human_DiT_500,0.22,0.56,0.5780000000000001
Human_DiT_500,0.22,0.58,0.5780000000000001
Human_DiT_500,0.22,0.6,0.5780000000000001
Human_DiT_500,0.22,0.62,0.47600000000000003
Human_DiT_500,0.22,0.64,0.47600000000000003
Human_DiT_500,0.22,0.66,0.47600000000000003
Human_DiT_500,0.22,0.68,0.39399999999999985
Human_DiT_500,0.22,0.7,0.39399999999999985
Human_DiT_500,0.22,0.72,0.39399999999999985
Human_DiT_500,0.22,0.74,0.2839999999999999
Human_DiT_500,0.22,0.76,0.2839999999999999
Human_DiT_500,0.22,0.78,0.2839999999999999
Human_DiT_500,0.22,0.8,0.2759999999999999
Human_DiT_500,0.22,0.82,0.154
Human_DiT_500,0.22,0.84,0.154
Human_DiT_500,0.22,0.86,0.154
Human_DiT_500,0.22,0.88,0.09400000000000003
Human_DiT_500,0.22,0.9,0.09400000000000003
Human_DiT_500,0.22,0.92,0.09400000000000003
Human_DiT_500,0.22,0.94,0.05400000000000002
Human_DiT_500,0.22,0.96,0.05400000000000002
Human_DiT_500,0.22,0.98,0.05400000000000002
Human_DiT_500,0.22,1.0,0.05400000000000002
Human_DiT_500,0.24,0.0,0.9159999999999998
Human_DiT_500,0.24,0.02,0.9159999999999998
Human_DiT_500,0.24,0.04,0.9159999999999998
Human_DiT_500,0.24,0.06,0.9159999999999998
Human_DiT_500,0.24,0.08,0.9159999999999998
Human_DiT_500,0.24,0.1,0.9159999999999998
Human_DiT_500,0.24,0.12,0.9159999999999998
Human_DiT_500,0.24,0.14,0.9159999999999998
Human_DiT_500,0.24,0.16,0.9159999999999998
Human_DiT_500,0.24,0.18,0.9159999999999998
Human_DiT_500,0.24,0.2,0.9159999999999998
Human_DiT_500,0.24,0.22,0.8739999999999994
Human_DiT_500,0.24,0.24,0.8739999999999994
Human_DiT_500,0.24,0.26,0.8739999999999994
Human_DiT_500,0.24,0.28,0.8479999999999994
Human_DiT_500,0.24,0.3,0.8479999999999994
Human_DiT_500,0.24,0.32,0.8479999999999994
Human_DiT_500,0.24,0.34,0.8159999999999995
Human_DiT_500,0.24,0.36,0.8159999999999995
Human_DiT_500,0.24,0.38,0.8159999999999995
Human_DiT_500,0.24,0.4,0.8139999999999996
Human_DiT_500,0.24,0.42,0.7159999999999995
Human_DiT_500,0.24,0.44,0.7159999999999995
Human_DiT_500,0.24,0.46,0.7159999999999995
Human_DiT_500,0.24,0.48,0.6559999999999998
Human_DiT_500,0.24,0.5,0.6559999999999998
Human_DiT_500,0.24,0.52,0.6559999999999998
Human_DiT_500,0.24,0.54,0.5720000000000001
Human_DiT_500,0.24,0.56,0.5720000000000001
Human_DiT_500,0.24,0.58,0.5720000000000001
Human_DiT_500,0.24,0.6,0.5720000000000001
Human_DiT_500,0.24,0.62,0.4700000000000001
Human_DiT_500,0.24,0.64,0.4700000000000001
Human_DiT_500,0.24,0.66,0.4700000000000001
Human_DiT_500,0.24,0.68,0.38999999999999985
Human_DiT_500,0.24,0.7,0.38999999999999985
Human_DiT_500,0.24,0.72,0.38999999999999985
Human_DiT_500,0.24,0.74,0.2839999999999999
Human_DiT_500,0.24,0.76,0.2839999999999999
Human_DiT_500,0.24,0.78,0.2839999999999999
Human_DiT_500,0.24,0.8,0.2759999999999999
Human_DiT_500,0.24,0.82,0.154
Human_DiT_500,0.24,0.84,0.154
Human_DiT_500,0.24,0.86,0.154
Human_DiT_500,0.24,0.88,0.09400000000000003
Human_DiT_500,0.24,0.9,0.09400000000000003
Human_DiT_500,0.24,0.92,0.09400000000000003
Human_DiT_500,0.24,0.94,0.05400000000000002
Human_DiT_500,0.24,0.96,0.05400000000000002
Human_DiT_500,0.24,0.98,0.05400000000000002
Human_DiT_500,0.24,1.0,0.05400000000000002
Human_DiT_500,0.26,0.0,0.9039999999999996
Human_DiT_500,0.26,0.02,0.9039999999999996
Human_DiT_500,0.26,0.04,0.9039999999999996
Human_DiT_500,0.26,0.06,0.9039999999999996
Human_DiT_500,0.26,0.08,0.9039999999999996
Human_DiT_500,0.26,0.1,0.9039999999999996
Human_DiT_500,0.26,0.12,0.9039999999999996
Human_DiT_500,0.26,0.14,0.9039999999999996
Human_DiT_500,0.26,0.16,0.9039999999999996
Human_DiT_500,0.26,0.18,0.9039999999999996
Human_DiT_500,0.26,0.2,0.9039999999999996
Human_DiT_500,0.26,0.22,0.8659999999999993
Human_DiT_500,0.26,0.24,0.8659999999999993
Human_DiT_500,0.26,0.26,0.8659999999999993
Human_DiT_500,0.26,0.28,0.8399999999999994
Human_DiT_500,0.26,0.3,0.8399999999999994
Human_DiT_500,0.26,0.32,0.8399999999999994
Human_DiT_500,0.26,0.34,0.8079999999999995
Human_DiT_500,0.26,0.36,0.8079999999999995
Human_DiT_500,0.26,0.38,0.8079999999999995
Human_DiT_500,0.26,0.4,0.8059999999999996
Human_DiT_500,0.26,0.42,0.7119999999999996
Human_DiT_500,0.26,0.44,0.7119999999999996
Human_DiT_500,0.26,0.46,0.7119999999999996
Human_DiT_500,0.26,0.48,0.6519999999999997
Human_DiT_500,0.26,0.5,0.6519999999999997
Human_DiT_500,0.26,0.52,0.6519999999999997
Human_DiT_500,0.26,0.54,0.5700000000000001
Human_DiT_500,0.26,0.56,0.5700000000000001
Human_DiT_500,0.26,0.58,0.5700000000000001
Human_DiT_500,0.26,0.6,0.5700000000000001
Human_DiT_500,0.26,0.62,0.468
Human_DiT_500,0.26,0.64,0.468
Human_DiT_500,0.26,0.66,0.468
Human_DiT_500,0.26,0.68,0.38799999999999985
Human_DiT_500,0.26,0.7,0.38799999999999985
Human_DiT_500,0.26,0.72,0.38799999999999985
Human_DiT_500,0.26,0.74,0.2839999999999999
Human_DiT_500,0.26,0.76,0.2839999999999999
Human_DiT_500,0.26,0.78,0.2839999999999999
Human_DiT_500,0.26,0.8,0.2759999999999999
Human_DiT_500,0.26,0.82,0.154
Human_DiT_500,0.26,0.84,0.154
Human_DiT_500,0.26,0.86,0.154
Human_DiT_500,0.26,0.88,0.09400000000000003
Human_DiT_500,0.26,0.9,0.09400000000000003
Human_DiT_500,0.26,0.92,0.09400000000000003
Human_DiT_500,0.26,0.94,0.05400000000000002
Human_DiT_500,0.26,0.96,0.05400000000000002
Human_DiT_500,0.26,0.98,0.05400000000000002
Human_DiT_500,0.26,1.0,0.05400000000000002
Human_DiT_500,0.28,0.0,0.9019999999999996
Human_DiT_500,0.28,0.02,0.9019999999999996
Human_DiT_500,0.28,0.04,0.9019999999999996
Human_DiT_500,0.28,0.06,0.9019999999999996
Human_DiT_500,0.28,0.08,0.9019999999999996
Human_DiT_500,0.28,0.1,0.9019999999999996
Human_DiT_500,0.28,0.12,0.9019999999999996
Human_DiT_500,0.28,0.14,0.9019999999999996
Human_DiT_500,0.28,0.16,0.9019999999999996
Human_DiT_500,0.28,0.18,0.9019999999999996
Human_DiT_500,0.28,0.2,0.9019999999999996
Human_DiT_500,0.28,0.22,0.8659999999999993
Human_DiT_500,0.28,0.24,0.8659999999999993
Human_DiT_500,0.28,0.26,0.8659999999999993
Human_DiT_500,0.28,0.28,0.8399999999999994
Human_DiT_500,0.28,0.3,0.8399999999999994
Human_DiT_500,0.28,0.32,0.8399999999999994
Human_DiT_500,0.28,0.34,0.8079999999999995
Human_DiT_500,0.28,0.36,0.8079999999999995
Human_DiT_500,0.28,0.38,0.8079999999999995
Human_DiT_500,0.28,0.4,0.8059999999999996
Human_DiT_500,0.28,0.42,0.7119999999999996
Human_DiT_500,0.28,0.44,0.7119999999999996
Human_DiT_500,0.28,0.46,0.7119999999999996
Human_DiT_500,0.28,0.48,0.6519999999999997
Human_DiT_500,0.28,0.5,0.6519999999999997
Human_DiT_500,0.28,0.52,0.6519999999999997
Human_DiT_500,0.28,0.54,0.5700000000000001
Human_DiT_500,0.28,0.56,0.5700000000000001
Human_DiT_500,0.28,0.58,0.5700000000000001
Human_DiT_500,0.28,0.6,0.5700000000000001
Human_DiT_500,0.28,0.62,0.468
Human_DiT_500,0.28,0.64,0.468
Human_DiT_500,0.28,0.66,0.468
Human_DiT_500,0.28,0.68,0.38799999999999985
Human_DiT_500,0.28,0.7,0.38799999999999985
Human_DiT_500,0.28,0.72,0.38799999999999985
Human_DiT_500,0.28,0.74,0.2839999999999999
Human_DiT_500,0.28,0.76,0.2839999999999999
Human_DiT_500,0.28,0.78,0.2839999999999999
Human_DiT_500,0.28,0.8,0.2759999999999999
Human_DiT_500,0.28,0.82,0.154
Human_DiT_500,0.28,0.84,0.154
Human_DiT_500,0.28,0.86,0.154
Human_DiT_500,0.28,0.88,0.09400000000000003
Human_DiT_500,0.28,0.9,0.09400000000000003
Human_DiT_500,0.28,0.92,0.09400000000000003
Human_DiT_500,0.28,0.94,0.05400000000000002
Human_DiT_500,0.28,0.96,0.05400000000000002
Human_DiT_500,0.28,0.98,0.05400000000000002
Human_DiT_500,0.28,1.0,0.05400000000000002
Human_DiT_500,0.3,0.0,0.8939999999999995
Human_DiT_500,0.3,0.02,0.8939999999999995
Human_DiT_500,0.3,0.04,0.8939999999999995
Human_DiT_500,0.3,0.06,0.8939999999999995
Human_DiT_500,0.3,0.08,0.8939999999999995
Human_DiT_500,0.3,0.1,0.8939999999999995
Human_DiT_500,0.3,0.12,0.8939999999999995
Human_DiT_500,0.3,0.14,0.8939999999999995
Human_DiT_500,0.3,0.16,0.8939999999999995
Human_DiT_500,0.3,0.18,0.8939999999999995
Human_DiT_500,0.3,0.2,0.8939999999999995
Human_DiT_500,0.3,0.22,0.8599999999999995
Human_DiT_500,0.3,0.24,0.8599999999999995
Human_DiT_500,0.3,0.26,0.8599999999999995
Human_DiT_500,0.3,0.28,0.8379999999999994
Human_DiT_500,0.3,0.3,0.8379999999999994
Human_DiT_500,0.3,0.32,0.8379999999999994
Human_DiT_500,0.3,0.34,0.8079999999999995
Human_DiT_500,0.3,0.36,0.8079999999999995
Human_DiT_500,0.3,0.38,0.8079999999999995
Human_DiT_500,0.3,0.4,0.8059999999999996
Human_DiT_500,0.3,0.42,0.7119999999999996
Human_DiT_500,0.3,0.44,0.7119999999999996
Human_DiT_500,0.3,0.46,0.7119999999999996
Human_DiT_500,0.3,0.48,0.6519999999999997
Human_DiT_500,0.3,0.5,0.6519999999999997
Human_DiT_500,0.3,0.52,0.6519999999999997
Human_DiT_500,0.3,0.54,0.5700000000000001
Human_DiT_500,0.3,0.56,0.5700000000000001
Human_DiT_500,0.3,0.58,0.5700000000000001
Human_DiT_500,0.3,0.6,0.5700000000000001
Human_DiT_500,0.3,0.62,0.468
Human_DiT_500,0.3,0.64,0.468
Human_DiT_500,0.3,0.66,0.468
Human_DiT_500,0.3,0.68,0.38799999999999985
Human_DiT_500,0.3,0.7,0.38799999999999985
Human_DiT_500,0.3,0.72,0.38799999999999985
Human_DiT_500,0.3,0.74,0.2839999999999999
Human_DiT_500,0.3,0.76,0.2839999999999999
Human_DiT_500,0.3,0.78,0.2839999999999999
Human_DiT_500,0.3,0.8,0.2759999999999999
Human_DiT_500,0.3,0.82,0.154
Human_DiT_500,0.3,0.84,0.154
Human_DiT_500,0.3,0.86,0.154
Human_DiT_500,0.3,0.88,0.09400000000000003
Human_DiT_500,0.3,0.9,0.09400000000000003
Human_DiT_500,0.3,0.92,0.09400000000000003
Human_DiT_500,0.3,0.94,0.05400000000000002
Human_DiT_500,0.3,0.96,0.05400000000000002
Human_DiT_500,0.3,0.98,0.05400000000000002
Human_DiT_500,0.3,1.0,0.05400000000000002
Human_DiT_500,0.32,0.0,0.8919999999999996
Human_DiT_500,0.32,0.02,0.8919999999999996
Human_DiT_500,0.32,0.04,0.8919999999999996
Human_DiT_500,0.32,0.06,0.8919999999999996
Human_DiT_500,0.32,0.08,0.8919999999999996
Human_DiT_500,0.32,0.1,0.8919999999999996
Human_DiT_500,0.32,0.12,0.8919999999999996
Human_DiT_500,0.32,0.14,0.8919999999999996
Human_DiT_500,0.32,0.16,0.8919999999999996
Human_DiT_500,0.32,0.18,0.8919999999999996
Human_DiT_500,0.32,0.2,0.8919999999999996
Human_DiT_500,0.32,0.22,0.8579999999999995
Human_DiT_500,0.32,0.24,0.8579999999999995
Human_DiT_500,0.32,0.26,0.8579999999999995
Human_DiT_500,0.32,0.28,0.8359999999999995
Human_DiT_500,0.32,0.3,0.8359999999999995
Human_DiT_500,0.32,0.32,0.8359999999999995
Human_DiT_500,0.32,0.34,0.8059999999999996
Human_DiT_500,0.32,0.36,0.8059999999999996
Human_DiT_500,0.32,0.38,0.8059999999999996
Human_DiT_500,0.32,0.4,0.8039999999999996
Human_DiT_500,0.32,0.42,0.7099999999999995
Human_DiT_500,0.32,0.44,0.7099999999999995
Human_DiT_500,0.32,0.46,0.7099999999999995
Human_DiT_500,0.32,0.48,0.6499999999999999
Human_DiT_500,0.32,0.5,0.6499999999999999
Human_DiT_500,0.32,0.52,0.6499999999999999
Human_DiT_500,0.32,0.54,0.5700000000000001
Human_DiT_500,0.32,0.56,0.5700000000000001
Human_DiT_500,0.32,0.58,0.5700000000000001
Human_DiT_500,0.32,0.6,0.5700000000000001
Human_DiT_500,0.32,0.62,0.468
Human_DiT_500,0.32,0.64,0.468
Human_DiT_500,0.32,0.66,0.468
Human_DiT_500,0.32,0.68,0.38799999999999985
Human_DiT_500,0.32,0.7,0.38799999999999985
Human_DiT_500,0.32,0.72,0.38799999999999985
Human_DiT_500,0.32,0.74,0.2839999999999999
Human_DiT_500,0.32,0.76,0.2839999999999999
Human_DiT_500,0.32,0.78,0.2839999999999999
Human_DiT_500,0.32,0.8,0.2759999999999999
Human_DiT_500,0.32,0.82,0.154
Human_DiT_500,0.32,0.84,0.154
Human_DiT_500,0.32,0.86,0.154
Human_DiT_500,0.32,0.88,0.09400000000000003
Human_DiT_500,0.32,0.9,0.09400000000000003
Human_DiT_500,0.32,0.92,0.09400000000000003
Human_DiT_500,0.32,0.94,0.05400000000000002
Human_DiT_500,0.32,0.96,0.05400000000000002
Human_DiT_500,0.32,0.98,0.05400000000000002
Human_DiT_500,0.32,1.0,0.05400000000000002
Human_DiT_500,0.34,0.0,0.8819999999999995
Human_DiT_500,0.34,0.02,0.8819999999999995
Human_DiT_500,0.34,0.04,0.8819999999999995
Human_DiT_500,0.34,0.06,0.8819999999999995
Human_DiT_500,0.34,0.08,0.8819999999999995
Human_DiT_500,0.34,0.1,0.8819999999999995
Human_DiT_500,0.34,0.12,0.8819999999999995
Human_DiT_500,0.34,0.14,0.8819999999999995
Human_DiT_500,0.34,0.16,0.8819999999999995
Human_DiT_500,0.34,0.18,0.8819999999999995
Human_DiT_500,0.34,0.2,0.8819999999999995
Human_DiT_500,0.34,0.22,0.8519999999999996
Human_DiT_500,0.34,0.24,0.8519999999999996
Human_DiT_500,0.34,0.26,0.8519999999999996
Human_DiT_500,0.34,0.28,0.8319999999999994
Human_DiT_500,0.34,0.3,0.8319999999999994
Human_DiT_500,0.34,0.32,0.8319999999999994
Human_DiT_500,0.34,0.34,0.8039999999999996
Human_DiT_500,0.34,0.36,0.8039999999999996
Human_DiT_500,0.34,0.38,0.8039999999999996
Human_DiT_500,0.34,0.4,0.8019999999999996
Human_DiT_500,0.34,0.42,0.7079999999999997
Human_DiT_500,0.34,0.44,0.7079999999999997
Human_DiT_500,0.34,0.46,0.7079999999999997
Human_DiT_500,0.34,0.48,0.6479999999999998
Human_DiT_500,0.34,0.5,0.6479999999999998
Human_DiT_500,0.34,0.52,0.6479999999999998
Human_DiT_500,0.34,0.54,0.5700000000000001
Human_DiT_500,0.34,0.56,0.5700000000000001
Human_DiT_500,0.34,0.58,0.5700000000000001
Human_DiT_500,0.34,0.6,0.5700000000000001
Human_DiT_500,0.34,0.62,0.468
Human_DiT_500,0.34,0.64,0.468
Human_DiT_500,0.34,0.66,0.468
Human_DiT_500,0.34,0.68,0.38799999999999985
Human_DiT_500,0.34,0.7,0.38799999999999985
Human_DiT_500,0.34,0.72,0.38799999999999985
Human_DiT_500,0.34,0.74,0.2839999999999999
Human_DiT_500,0.34,0.76,0.2839999999999999
Human_DiT_500,0.34,0.78,0.2839999999999999
Human_DiT_500,0.34,0.8,0.2759999999999999
Human_DiT_500,0.34,0.82,0.154
Human_DiT_500,0.34,0.84,0.154
Human_DiT_500,0.34,0.86,0.154
Human_DiT_500,0.34,0.88,0.09400000000000003
Human_DiT_500,0.34,0.9,0.09400000000000003
Human_DiT_500,0.34,0.92,0.09400000000000003
Human_DiT_500,0.34,0.94,0.05400000000000002
Human_DiT_500,0.34,0.96,0.05400000000000002
Human_DiT_500,0.34,0.98,0.05400000000000002
Human_DiT_500,0.34,1.0,0.05400000000000002
Human_DiT_500,0.36,0.0,0.8819999999999995
Human_DiT_500,0.36,0.02,0.8819999999999995
Human_DiT_500,0.36,0.04,0.8819999999999995
Human_DiT_500,0.36,0.06,0.8819999999999995
Human_DiT_500,0.36,0.08,0.8819999999999995
Human_DiT_500,0.36,0.1,0.8819999999999995
Human_DiT_500,0.36,0.12,0.8819999999999995
Human_DiT_500,0.36,0.14,0.8819999999999995
Human_DiT_500,0.36,0.16,0.8819999999999995
Human_DiT_500,0.36,0.18,0.8819999999999995
Human_DiT_500,0.36,0.2,0.8819999999999995
Human_DiT_500,0.36,0.22,0.8519999999999996
Human_DiT_500,0.36,0.24,0.8519999999999996
Human_DiT_500,0.36,0.26,0.8519999999999996
Human_DiT_500,0.36,0.28,0.8319999999999994
Human_DiT_500,0.36,0.3,0.8319999999999994
Human_DiT_500,0.36,0.32,0.8319999999999994
Human_DiT_500,0.36,0.34,0.8039999999999996
Human_DiT_500,0.36,0.36,0.8039999999999996
Human_DiT_500,0.36,0.38,0.8039999999999996
Human_DiT_500,0.36,0.4,0.8019999999999996
Human_DiT_500,0.36,0.42,0.7079999999999997
Human_DiT_500,0.36,0.44,0.7079999999999997
Human_DiT_500,0.36,0.46,0.7079999999999997
Human_DiT_500,0.36,0.48,0.6479999999999998
Human_DiT_500,0.36,0.5,0.6479999999999998
Human_DiT_500,0.36,0.52,0.6479999999999998
Human_DiT_500,0.36,0.54,0.5700000000000001
Human_DiT_500,0.36,0.56,0.5700000000000001
Human_DiT_500,0.36,0.58,0.5700000000000001
Human_DiT_500,0.36,0.6,0.5700000000000001
Human_DiT_500,0.36,0.62,0.468
Human_DiT_500,0.36,0.64,0.468
Human_DiT_500,0.36,0.66,0.468
Human_DiT_500,0.36,0.68,0.38799999999999985
Human_DiT_500,0.36,0.7,0.38799999999999985
Human_DiT_500,0.36,0.72,0.38799999999999985
Human_DiT_500,0.36,0.74,0.2839999999999999
Human_DiT_500,0.36,0.76,0.2839999999999999
Human_DiT_500,0.36,0.78,0.2839999999999999
Human_DiT_500,0.36,0.8,0.2759999999999999
Human_DiT_500,0.36,0.82,0.154
Human_DiT_500,0.36,0.84,0.154
Human_DiT_500,0.36,0.86,0.154
Human_DiT_500,0.36,0.88,0.09400000000000003
Human_DiT_500,0.36,0.9,0.09400000000000003
Human_DiT_500,0.36,0.92,0.09400000000000003
Human_DiT_500,0.36,0.94,0.05400000000000002
Human_DiT_500,0.36,0.96,0.05400000000000002
Human_DiT_500,0.36,0.98,0.05400000000000002
Human_DiT_500,0.36,1.0,0.05400000000000002
Human_DiT_500,0.38,0.0,0.8739999999999994
Human_DiT_500,0.38,0.02,0.8739999999999994
Human_DiT_500,0.38,0.04,0.8739999999999994
Human_DiT_500,0.38,0.06,0.8739999999999994
Human_DiT_500,0.38,0.08,0.8739999999999994
Human_DiT_500,0.38,0.1,0.8739999999999994
Human_DiT_500,0.38,0.12,0.8739999999999994
Human_DiT_500,0.38,0.14,0.8739999999999994
Human_DiT_500,0.38,0.16,0.8739999999999994
Human_DiT_500,0.38,0.18,0.8739999999999994
Human_DiT_500,0.38,0.2,0.8739999999999994
Human_DiT_500,0.38,0.22,0.8459999999999995
Human_DiT_500,0.38,0.24,0.8459999999999995
Human_DiT_500,0.38,0.26,0.8459999999999995
Human_DiT_500,0.38,0.28,0.8259999999999995
Human_DiT_500,0.38,0.3,0.8259999999999995
Human_DiT_500,0.38,0.32,0.8259999999999995
Human_DiT_500,0.38,0.34,0.7999999999999997
Human_DiT_500,0.38,0.36,0.7999999999999997
Human_DiT_500,0.38,0.38,0.7999999999999997
Human_DiT_500,0.38,0.4,0.7979999999999997
Human_DiT_500,0.38,0.42,0.7039999999999996
Human_DiT_500,0.38,0.44,0.7039999999999996
Human_DiT_500,0.38,0.46,0.7039999999999996
Human_DiT_500,0.38,0.48,0.6439999999999998
Human_DiT_500,0.38,0.5,0.6439999999999998
Human_DiT_500,0.38,0.52,0.6439999999999998
Human_DiT_500,0.38,0.54,0.5660000000000001
Human_DiT_500,0.38,0.56,0.5660000000000001
Human_DiT_500,0.38,0.58,0.5660000000000001
Human_DiT_500,0.38,0.6,0.5660000000000001
Human_DiT_500,0.38,0.62,0.466
Human_DiT_500,0.38,0.64,0.466
Human_DiT_500,0.38,0.66,0.466
Human_DiT_500,0.38,0.68,0.38799999999999985
Human_DiT_500,0.38,0.7,0.38799999999999985
Human_DiT_500,0.38,0.72,0.38799999999999985
Human_DiT_500,0.38,0.74,0.2839999999999999
Human_DiT_500,0.38,0.76,0.2839999999999999
Human_DiT_500,0.38,0.78,0.2839999999999999
Human_DiT_500,0.38,0.8,0.2759999999999999
Human_DiT_500,0.38,0.82,0.154
Human_DiT_500,0.38,0.84,0.154
Human_DiT_500,0.38,0.86,0.154
Human_DiT_500,0.38,0.88,0.09400000000000003
Human_DiT_500,0.38,0.9,0.09400000000000003
Human_DiT_500,0.38,0.92,0.09400000000000003
Human_DiT_500,0.38,0.94,0.05400000000000002
Human_DiT_500,0.38,0.96,0.05400000000000002
Human_DiT_500,0.38,0.98,0.05400000000000002
Human_DiT_500,0.38,1.0,0.05400000000000002
Human_DiT_500,0.4,0.0,0.8719999999999994
Human_DiT_500,0.4,0.02,0.8719999999999994
Human_DiT_500,0.4,0.04,0.8719999999999994
Human_DiT_500,0.4,0.06,0.8719999999999994
Human_DiT_500,0.4,0.08,0.8719999999999994
Human_DiT_500,0.4,0.1,0.8719999999999994
Human_DiT_500,0.4,0.12,0.8719999999999994
Human_DiT_500,0.4,0.14,0.8719999999999994
Human_DiT_500,0.4,0.16,0.8719999999999994
Human_DiT_500,0.4,0.18,0.8719999999999994
Human_DiT_500,0.4,0.2,0.8719999999999994
Human_DiT_500,0.4,0.22,0.8439999999999996
Human_DiT_500,0.4,0.24,0.8439999999999996
Human_DiT_500,0.4,0.26,0.8439999999999996
Human_DiT_500,0.4,0.28,0.8239999999999996
Human_DiT_500,0.4,0.3,0.8239999999999996
Human_DiT_500,0.4,0.32,0.8239999999999996
Human_DiT_500,0.4,0.34,0.7979999999999998
Human_DiT_500,0.4,0.36,0.7979999999999998
Human_DiT_500,0.4,0.38,0.7979999999999998
Human_DiT_500,0.4,0.4,0.7959999999999998
Human_DiT_500,0.4,0.42,0.7019999999999997
Human_DiT_500,0.4,0.44,0.7019999999999997
Human_DiT_500,0.4,0.46,0.7019999999999997
Human_DiT_500,0.4,0.48,0.6419999999999998
Human_DiT_500,0.4,0.5,0.6419999999999998
Human_DiT_500,0.4,0.52,0.6419999999999998
Human_DiT_500,0.4,0.54,0.5640000000000001
Human_DiT_500,0.4,0.56,0.5640000000000001
Human_DiT_500,0.4,0.58,0.5640000000000001
Human_DiT_500,0.4,0.6,0.5640000000000001
Human_DiT_500,0.4,0.62,0.46399999999999997
Human_DiT_500,0.4,0.64,0.46399999999999997
Human_DiT_500,0.4,0.66,0.46399999999999997
Human_DiT_500,0.4,0.68,0.3859999999999999
Human_DiT_500,0.4,0.7,0.3859999999999999
Human_DiT_500,0.4,0.72,0.3859999999999999
Human_DiT_500,0.4,0.74,0.2839999999999999
Human_DiT_500,0.4,0.76,0.2839999999999999
Human_DiT_500,0.4,0.78,0.2839999999999999
Human_DiT_500,0.4,0.8,0.2759999999999999
Human_DiT_500,0.4,0.82,0.154
Human_DiT_500,0.4,0.84,0.154
Human_DiT_500,0.4,0.86,0.154
Human_DiT_500,0.4,0.88,0.09400000000000003
Human_DiT_500,0.4,0.9,0.09400000000000003
Human_DiT_500,0.4,0.92,0.09400000000000003
Human_DiT_500,0.4,0.94,0.05400000000000002
Human_DiT_500,0.4,0.96,0.05400000000000002
Human_DiT_500,0.4,0.98,0.05400000000000002
Human_DiT_500,0.4,1.0,0.05400000000000002
Human_DiT_500,0.42,0.0,0.8539999999999995
Human_DiT_500,0.42,0.02,0.8539999999999995
Human_DiT_500,0.42,0.04,0.8539999999999995
Human_DiT_500,0.42,0.06,0.8539999999999995
Human_DiT_500,0.42,0.08,0.8539999999999995
Human_DiT_500,0.42,0.1,0.8539999999999995
Human_DiT_500,0.42,0.12,0.8539999999999995
Human_DiT_500,0.42,0.14,0.8539999999999995
Human_DiT_500,0.42,0.16,0.8539999999999995
Human_DiT_500,0.42,0.18,0.8539999999999995
Human_DiT_500,0.42,0.2,0.8539999999999995
Human_DiT_500,0.42,0.22,0.8279999999999995
Human_DiT_500,0.42,0.24,0.8279999999999995
Human_DiT_500,0.42,0.26,0.8279999999999995
Human_DiT_500,0.42,0.28,0.8119999999999996
Human_DiT_500,0.42,0.3,0.8119999999999996
Human_DiT_500,0.42,0.32,0.8119999999999996
Human_DiT_500,0.42,0.34,0.7899999999999998
Human_DiT_500,0.42,0.36,0.7899999999999998
Human_DiT_500,0.42,0.38,0.7899999999999998
Human_DiT_500,0.42,0.4,0.7879999999999998
Human_DiT_500,0.42,0.42,0.6979999999999997
Human_DiT_500,0.42,0.44,0.6979999999999997
Human_DiT_500,0.42,0.46,0.6979999999999997
Human_DiT_500,0.42,0.48,0.6399999999999998
Human_DiT_500,0.42,0.5,0.6399999999999998
Human_DiT_500,0.42,0.52,0.6399999999999998
Human_DiT_500,0.42,0.54,0.562
Human_DiT_500,0.42,0.56,0.562
Human_DiT_500,0.42,0.58,0.562
Human_DiT_500,0.42,0.6,0.562
Human_DiT_500,0.42,0.62,0.46399999999999997
Human_DiT_500,0.42,0.64,0.46399999999999997
Human_DiT_500,0.42,0.66,0.46399999999999997
Human_DiT_500,0.42,0.68,0.3859999999999999
Human_DiT_500,0.42,0.7,0.3859999999999999
Human_DiT_500,0.42,0.72,0.3859999999999999
Human_DiT_500,0.42,0.74,0.2839999999999999
Human_DiT_500,0.42,0.76,0.2839999999999999
Human_DiT_500,0.42,0.78,0.2839999999999999
Human_DiT_500,0.42,0.8,0.2759999999999999
Human_DiT_500,0.42,0.82,0.154
Human_DiT_500,0.42,0.84,0.154
Human_DiT_500,0.42,0.86,0.154
Human_DiT_500,0.42,0.88,0.09400000000000003
Human_DiT_500,0.42,0.9,0.09400000000000003
Human_DiT_500,0.42,0.92,0.09400000000000003
Human_DiT_500,0.42,0.94,0.05400000000000002
Human_DiT_500,0.42,0.96,0.05400000000000002
Human_DiT_500,0.42,0.98,0.05400000000000002
Human_DiT_500,0.42,1.0,0.05400000000000002
Human_DiT_500,0.44,0.0,0.8519999999999994
Human_DiT_500,0.44,0.02,0.8519999999999994
Human_DiT_500,0.44,0.04,0.8519999999999994
Human_DiT_500,0.44,0.06,0.8519999999999994
Human_DiT_500,0.44,0.08,0.8519999999999994
Human_DiT_500,0.44,0.1,0.8519999999999994
Human_DiT_500,0.44,0.12,0.8519999999999994
Human_DiT_500,0.44,0.14,0.8519999999999994
Human_DiT_500,0.44,0.16,0.8519999999999994
Human_DiT_500,0.44,0.18,0.8519999999999994
Human_DiT_500,0.44,0.2,0.8519999999999994
Human_DiT_500,0.44,0.22,0.8259999999999995
Human_DiT_500,0.44,0.24,0.8259999999999995
Human_DiT_500,0.44,0.26,0.8259999999999995
Human_DiT_500,0.44,0.28,0.8099999999999996
Human_DiT_500,0.44,0.3,0.8099999999999996
Human_DiT_500,0.44,0.32,0.8099999999999996
Human_DiT_500,0.44,0.34,0.7879999999999998
Human_DiT_500,0.44,0.36,0.7879999999999998
Human_DiT_500,0.44,0.38,0.7879999999999998
Human_DiT_500,0.44,0.4,0.7859999999999998
Human_DiT_500,0.44,0.42,0.6959999999999998
Human_DiT_500,0.44,0.44,0.6959999999999998
Human_DiT_500,0.44,0.46,0.6959999999999998
Human_DiT_500,0.44,0.48,0.6379999999999998
Human_DiT_500,0.44,0.5,0.6379999999999998
Human_DiT_500,0.44,0.52,0.6379999999999998
Human_DiT_500,0.44,0.54,0.56
Human_DiT_500,0.44,0.56,0.56
Human_DiT_500,0.44,0.58,0.56
Human_DiT_500,0.44,0.6,0.56
Human_DiT_500,0.44,0.62,0.46199999999999997
Human_DiT_500,0.44,0.64,0.46199999999999997
Human_DiT_500,0.44,0.66,0.46199999999999997
Human_DiT_500,0.44,0.68,0.38399999999999984
Human_DiT_500,0.44,0.7,0.38399999999999984
Human_DiT_500,0.44,0.72,0.38399999999999984
Human_DiT_500,0.44,0.74,0.28199999999999986
Human_DiT_500,0.44,0.76,0.28199999999999986
Human_DiT_500,0.44,0.78,0.28199999999999986
Human_DiT_500,0.44,0.8,0.27399999999999985
Human_DiT_500,0.44,0.82,0.154
Human_DiT_500,0.44,0.84,0.154
Human_DiT_500,0.44,0.86,0.154
Human_DiT_500,0.44,0.88,0.09400000000000003
Human_DiT_500,0.44,0.9,0.09400000000000003
Human_DiT_500,0.44,0.92,0.09400000000000003
Human_DiT_500,0.44,0.94,0.05400000000000002
Human_DiT_500,0.44,0.96,0.05400000000000002
Human_DiT_500,0.44,0.98,0.05400000000000002
Human_DiT_500,0.44,1.0,0.05400000000000002
Human_DiT_500,0.46,0.0,0.8419999999999994
Human_DiT_500,0.46,0.02,0.8419999999999994
Human_DiT_500,0.46,0.04,0.8419999999999994
Human_DiT_500,0.46,0.06,0.8419999999999994
Human_DiT_500,0.46,0.08,0.8419999999999994
Human_DiT_500,0.46,0.1,0.8419999999999994
Human_DiT_500,0.46,0.12,0.8419999999999994
Human_DiT_500,0.46,0.14,0.8419999999999994
Human_DiT_500,0.46,0.16,0.8419999999999994
Human_DiT_500,0.46,0.18,0.8419999999999994
Human_DiT_500,0.46,0.2,0.8419999999999994
Human_DiT_500,0.46,0.22,0.8179999999999995
Human_DiT_500,0.46,0.24,0.8179999999999995
Human_DiT_500,0.46,0.26,0.8179999999999995
Human_DiT_500,0.46,0.28,0.8039999999999996
Human_DiT_500,0.46,0.3,0.8039999999999996
Human_DiT_500,0.46,0.32,0.8039999999999996
Human_DiT_500,0.46,0.34,0.7819999999999999
Human_DiT_500,0.46,0.36,0.7819999999999999
Human_DiT_500,0.46,0.38,0.7819999999999999
Human_DiT_500,0.46,0.4,0.7799999999999998
Human_DiT_500,0.46,0.42,0.6939999999999997
Human_DiT_500,0.46,0.44,0.6939999999999997
Human_DiT_500,0.46,0.46,0.6939999999999997
Human_DiT_500,0.46,0.48,0.6359999999999998
Human_DiT_500,0.46,0.5,0.6359999999999998
Human_DiT_500,0.46,0.52,0.6359999999999998
Human_DiT_500,0.46,0.54,0.558
Human_DiT_500,0.46,0.56,0.558
Human_DiT_500,0.46,0.58,0.558
Human_DiT_500,0.46,0.6,0.558
Human_DiT_500,0.46,0.62,0.46
Human_DiT_500,0.46,0.64,0.46
Human_DiT_500,0.46,0.66,0.46
Human_DiT_500,0.46,0.68,0.38199999999999984
Human_DiT_500,0.46,0.7,0.38199999999999984
Human_DiT_500,0.46,0.72,0.38199999999999984
Human_DiT_500,0.46,0.74,0.2799999999999999
Human_DiT_500,0.46,0.76,0.2799999999999999
Human_DiT_500,0.46,0.78,0.2799999999999999
Human_DiT_500,0.46,0.8,0.2719999999999999
Human_DiT_500,0.46,0.82,0.154
Human_DiT_500,0.46,0.84,0.154
Human_DiT_500,0.46,0.86,0.154
Human_DiT_500,0.46,0.88,0.09400000000000003
Human_DiT_500,0.46,0.9,0.09400000000000003
Human_DiT_500,0.46,0.92,0.09400000000000003
Human_DiT_500,0.46,0.94,0.05400000000000002
Human_DiT_500,0.46,0.96,0.05400000000000002
Human_DiT_500,0.46,0.98,0.05400000000000002
Human_DiT_500,0.46,1.0,0.05400000000000002
Human_DiT_500,0.48,0.0,0.8319999999999993
Human_DiT_500,0.48,0.02,0.8319999999999993
Human_DiT_500,0.48,0.04,0.8319999999999993
Human_DiT_500,0.48,0.06,0.8319999999999993
Human_DiT_500,0.48,0.08,0.8319999999999993
Human_DiT_500,0.48,0.1,0.8319999999999993
Human_DiT_500,0.48,0.12,0.8319999999999993
Human_DiT_500,0.48,0.14,0.8319999999999993
Human_DiT_500,0.48,0.16,0.8319999999999993
Human_DiT_500,0.48,0.18,0.8319999999999993
Human_DiT_500,0.48,0.2,0.8319999999999993
Human_DiT_500,0.48,0.22,0.8099999999999996
Human_DiT_500,0.48,0.24,0.8099999999999996
Human_DiT_500,0.48,0.26,0.8099999999999996
Human_DiT_500,0.48,0.28,0.7959999999999995
Human_DiT_500,0.48,0.3,0.7959999999999995
Human_DiT_500,0.48,0.32,0.7959999999999995
Human_DiT_500,0.48,0.34,0.7739999999999996
Human_DiT_500,0.48,0.36,0.7739999999999996
Human_DiT_500,0.48,0.38,0.7739999999999996
Human_DiT_500,0.48,0.4,0.7719999999999998
Human_DiT_500,0.48,0.42,0.6899999999999997
Human_DiT_500,0.48,0.44,0.6899999999999997
Human_DiT_500,0.48,0.46,0.6899999999999997
Human_DiT_500,0.48,0.48,0.6319999999999998
Human_DiT_500,0.48,0.5,0.6319999999999998
Human_DiT_500,0.48,0.52,0.6319999999999998
Human_DiT_500,0.48,0.54,0.554
Human_DiT_500,0.48,0.56,0.554
Human_DiT_500,0.48,0.58,0.554
Human_DiT_500,0.48,0.6,0.554
Human_DiT_500,0.48,0.62,0.45799999999999996
Human_DiT_500,0.48,0.64,0.45799999999999996
Human_DiT_500,0.48,0.66,0.45799999999999996
Human_DiT_500,0.48,0.68,0.38199999999999984
Human_DiT_500,0.48,0.7,0.38199999999999984
Human_DiT_500,0.48,0.72,0.38199999999999984
Human_DiT_500,0.48,0.74,0.2799999999999999
Human_DiT_500,0.48,0.76,0.2799999999999999
Human_DiT_500,0.48,0.78,0.2799999999999999
Human_DiT_500,0.48,0.8,0.2719999999999999
Human_DiT_500,0.48,0.82,0.154
Human_DiT_500,0.48,0.84,0.154
Human_DiT_500,0.48,0.86,0.154
Human_DiT_500,0.48,0.88,0.09400000000000003
Human_DiT_500,0.48,0.9,0.09400000000000003
Human_DiT_500,0.48,0.92,0.09400000000000003
Human_DiT_500,0.48,0.94,0.05400000000000002
Human_DiT_500,0.48,0.96,0.05400000000000002
Human_DiT_500,0.48,0.98,0.05400000000000002
Human_DiT_500,0.48,1.0,0.05400000000000002
Human_DiT_500,0.5,0.0,0.8279999999999994
Human_DiT_500,0.5,0.02,0.8279999999999994
Human_DiT_500,0.5,0.04,0.8279999999999994
Human_DiT_500,0.5,0.06,0.8279999999999994
Human_DiT_500,0.5,0.08,0.8279999999999994
Human_DiT_500,0.5,0.1,0.8279999999999994
Human_DiT_500,0.5,0.12,0.8279999999999994
Human_DiT_500,0.5,0.14,0.8279999999999994
Human_DiT_500,0.5,0.16,0.8279999999999994
Human_DiT_500,0.5,0.18,0.8279999999999994
Human_DiT_500,0.5,0.2,0.8279999999999994
Human_DiT_500,0.5,0.22,0.8079999999999997
Human_DiT_500,0.5,0.24,0.8079999999999997
Human_DiT_500,0.5,0.26,0.8079999999999997
Human_DiT_500,0.5,0.28,0.7939999999999996
Human_DiT_500,0.5,0.3,0.7939999999999996
Human_DiT_500,0.5,0.32,0.7939999999999996
Human_DiT_500,0.5,0.34,0.7719999999999998
Human_DiT_500,0.5,0.36,0.7719999999999998
Human_DiT_500,0.5,0.38,0.7719999999999998
Human_DiT_500,0.5,0.4,0.7699999999999997
Human_DiT_500,0.5,0.42,0.6879999999999998
Human_DiT_500,0.5,0.44,0.6879999999999998
Human_DiT_500,0.5,0.46,0.6879999999999998
Human_DiT_500,0.5,0.48,0.6299999999999998
Human_DiT_500,0.5,0.5,0.6299999999999998
Human_DiT_500,0.5,0.52,0.6299999999999998
Human_DiT_500,0.5,0.54,0.552
Human_DiT_500,0.5,0.56,0.552
Human_DiT_500,0.5,0.58,0.552
Human_DiT_500,0.5,0.6,0.552
Human_DiT_500,0.5,0.62,0.45799999999999996
Human_DiT_500,0.5,0.64,0.45799999999999996
Human_DiT_500,0.5,0.66,0.45799999999999996
Human_DiT_500,0.5,0.68,0.38199999999999984
Human_DiT_500,0.5,0.7,0.38199999999999984
Human_DiT_500,0.5,0.72,0.38199999999999984
Human_DiT_500,0.5,0.74,0.2799999999999999
Human_DiT_500,0.5,0.76,0.2799999999999999
Human_DiT_500,0.5,0.78,0.2799999999999999
Human_DiT_500,0.5,0.8,0.2719999999999999
Human_DiT_500,0.5,0.82,0.154
Human_DiT_500,0.5,0.84,0.154
Human_DiT_500,0.5,0.86,0.154
Human_DiT_500,0.5,0.88,0.09400000000000003
Human_DiT_500,0.5,0.9,0.09400000000000003
Human_DiT_500,0.5,0.92,0.09400000000000003
Human_DiT_500,0.5,0.94,0.05400000000000002
Human_DiT_500,0.5,0.96,0.05400000000000002
Human_DiT_500,0.5,0.98,0.05400000000000002
Human_DiT_500,0.5,1.0,0.05400000000000002
Human_DiT_500,0.52,0.0,0.8139999999999994
Human_DiT_500,0.52,0.02,0.8139999999999994
Human_DiT_500,0.52,0.04,0.8139999999999994
Human_DiT_500,0.52,0.06,0.8139999999999994
Human_DiT_500,0.52,0.08,0.8139999999999994
Human_DiT_500,0.52,0.1,0.8139999999999994
Human_DiT_500,0.52,0.12,0.8139999999999994
Human_DiT_500,0.52,0.14,0.8139999999999994
Human_DiT_500,0.52,0.16,0.8139999999999994
Human_DiT_500,0.52,0.18,0.8139999999999994
Human_DiT_500,0.52,0.2,0.8139999999999994
Human_DiT_500,0.52,0.22,0.7939999999999995
Human_DiT_500,0.52,0.24,0.7939999999999995
Human_DiT_500,0.52,0.26,0.7939999999999995
Human_DiT_500,0.52,0.28,0.7839999999999995
Human_DiT_500,0.52,0.3,0.7839999999999995
Human_DiT_500,0.52,0.32,0.7839999999999995
Human_DiT_500,0.52,0.34,0.7639999999999997
Human_DiT_500,0.52,0.36,0.7639999999999997
Human_DiT_500,0.52,0.38,0.7639999999999997
Human_DiT_500,0.52,0.4,0.7619999999999996
Human_DiT_500,0.52,0.42,0.6819999999999999
Human_DiT_500,0.52,0.44,0.6819999999999999
Human_DiT_500,0.52,0.46,0.6819999999999999
Human_DiT_500,0.52,0.48,0.6259999999999998
Human_DiT_500,0.52,0.5,0.6259999999999998
Human_DiT_500,0.52,0.52,0.6259999999999998
Human_DiT_500,0.52,0.54,0.55
Human_DiT_500,0.52,0.56,0.55
Human_DiT_500,0.52,0.58,0.55
Human_DiT_500,0.52,0.6,0.55
Human_DiT_500,0.52,0.62,0.45799999999999996
Human_DiT_500,0.52,0.64,0.45799999999999996
Human_DiT_500,0.52,0.66,0.45799999999999996
Human_DiT_500,0.52,0.68,0.38199999999999984
Human_DiT_500,0.52,0.7,0.38199999999999984
Human_DiT_500,0.52,0.72,0.38199999999999984
Human_DiT_500,0.52,0.74,0.2799999999999999
Human_DiT_500,0.52,0.76,0.2799999999999999
Human_DiT_500,0.52,0.78,0.2799999999999999
Human_DiT_500,0.52,0.8,0.2719999999999999
Human_DiT_500,0.52,0.82,0.154
Human_DiT_500,0.52,0.84,0.154
Human_DiT_500,0.52,0.86,0.154
Human_DiT_500,0.52,0.88,0.09400000000000003
Human_DiT_500,0.52,0.9,0.09400000000000003
Human_DiT_500,0.52,0.92,0.09400000000000003
Human_DiT_500,0.52,0.94,0.05400000000000002
Human_DiT_500,0.52,0.96,0.05400000000000002
Human_DiT_500,0.52,0.98,0.05400000000000002
Human_DiT_500,0.52,1.0,0.05400000000000002
Human_DiT_500,0.54,0.0,0.8079999999999993
Human_DiT_500,0.54,0.02,0.8079999999999993
Human_DiT_500,0.54,0.04,0.8079999999999993
Human_DiT_500,0.54,0.06,0.8079999999999993
Human_DiT_500,0.54,0.08,0.8079999999999993
Human_DiT_500,0.54,0.1,0.8079999999999993
Human_DiT_500,0.54,0.12,0.8079999999999993
Human_DiT_500,0.54,0.14,0.8079999999999993
Human_DiT_500,0.54,0.16,0.8079999999999993
Human_DiT_500,0.54,0.18,0.8079999999999993
Human_DiT_500,0.54,0.2,0.8079999999999993
Human_DiT_500,0.54,0.22,0.7879999999999994
Human_DiT_500,0.54,0.24,0.7879999999999994
Human_DiT_500,0.54,0.26,0.7879999999999994
Human_DiT_500,0.54,0.28,0.7779999999999996
Human_DiT_500,0.54,0.3,0.7779999999999996
Human_DiT_500,0.54,0.32,0.7779999999999996
Human_DiT_500,0.54,0.34,0.7579999999999997
Human_DiT_500,0.54,0.36,0.7579999999999997
Human_DiT_500,0.54,0.38,0.7579999999999997
Human_DiT_500,0.54,0.4,0.7579999999999997
Human_DiT_500,0.54,0.42,0.6799999999999998
Human_DiT_500,0.54,0.44,0.6799999999999998
Human_DiT_500,0.54,0.46,0.6799999999999998
Human_DiT_500,0.54,0.48,0.6259999999999998
Human_DiT_500,0.54,0.5,0.6259999999999998
Human_DiT_500,0.54,0.52,0.6259999999999998
Human_DiT_500,0.54,0.54,0.55
Human_DiT_500,0.54,0.56,0.55
Human_DiT_500,0.54,0.58,0.55
Human_DiT_500,0.54,0.6,0.55
Human_DiT_500,0.54,0.62,0.45799999999999996
Human_DiT_500,0.54,0.64,0.45799999999999996
Human_DiT_500,0.54,0.66,0.45799999999999996
Human_DiT_500,0.54,0.68,0.38199999999999984
Human_DiT_500,0.54,0.7,0.38199999999999984
Human_DiT_500,0.54,0.72,0.38199999999999984
Human_DiT_500,0.54,0.74,0.2799999999999999
Human_DiT_500,0.54,0.76,0.2799999999999999
Human_DiT_500,0.54,0.78,0.2799999999999999
Human_DiT_500,0.54,0.8,0.2719999999999999
Human_DiT_500,0.54,0.82,0.154
Human_DiT_500,0.54,0.84,0.154
Human_DiT_500,0.54,0.86,0.154
Human_DiT_500,0.54,0.88,0.09400000000000003
Human_DiT_500,0.54,0.9,0.09400000000000003
Human_DiT_500,0.54,0.92,0.09400000000000003
Human_DiT_500,0.54,0.94,0.05400000000000002
Human_DiT_500,0.54,0.96,0.05400000000000002
Human_DiT_500,0.54,0.98,0.05400000000000002
Human_DiT_500,0.54,1.0,0.05400000000000002
Human_DiT_500,0.56,0.0,0.7959999999999993
Human_DiT_500,0.56,0.02,0.7959999999999993
Human_DiT_500,0.56,0.04,0.7959999999999993
Human_DiT_500,0.56,0.06,0.7959999999999993
Human_DiT_500,0.56,0.08,0.7959999999999993
Human_DiT_500,0.56,0.1,0.7959999999999993
Human_DiT_500,0.56,0.12,0.7959999999999993
Human_DiT_500,0.56,0.14,0.7959999999999993
Human_DiT_500,0.56,0.16,0.7959999999999993
Human_DiT_500,0.56,0.18,0.7959999999999993
Human_DiT_500,0.56,0.2,0.7959999999999993
Human_DiT_500,0.56,0.22,0.7779999999999994
Human_DiT_500,0.56,0.24,0.7779999999999994
Human_DiT_500,0.56,0.26,0.7779999999999994
Human_DiT_500,0.56,0.28,0.7679999999999996
Human_DiT_500,0.56,0.3,0.7679999999999996
Human_DiT_500,0.56,0.32,0.7679999999999996
Human_DiT_500,0.56,0.34,0.7479999999999997
Human_DiT_500,0.56,0.36,0.7479999999999997
Human_DiT_500,0.56,0.38,0.7479999999999997
Human_DiT_500,0.56,0.4,0.7479999999999997
Human_DiT_500,0.56,0.42,0.6719999999999999
Human_DiT_500,0.56,0.44,0.6719999999999999
Human_DiT_500,0.56,0.46,0.6719999999999999
Human_DiT_500,0.56,0.48,0.6179999999999998
Human_DiT_500,0.56,0.5,0.6179999999999998
Human_DiT_500,0.56,0.52,0.6179999999999998
Human_DiT_500,0.56,0.54,0.5420000000000001
Human_DiT_500,0.56,0.56,0.5420000000000001
Human_DiT_500,0.56,0.58,0.5420000000000001
Human_DiT_500,0.56,0.6,0.5420000000000001
Human_DiT_500,0.56,0.62,0.45199999999999996
Human_DiT_500,0.56,0.64,0.45199999999999996
Human_DiT_500,0.56,0.66,0.45199999999999996
Human_DiT_500,0.56,0.68,0.37799999999999984
Human_DiT_500,0.56,0.7,0.37799999999999984
Human_DiT_500,0.56,0.72,0.37799999999999984
Human_DiT_500,0.56,0.74,0.27799999999999986
Human_DiT_500,0.56,0.76,0.27799999999999986
Human_DiT_500,0.56,0.78,0.27799999999999986
Human_DiT_500,0.56,0.8,0.26999999999999985
Human_DiT_500,0.56,0.82,0.154
Human_DiT_500,0.56,0.84,0.154
Human_DiT_500,0.56,0.86,0.154
Human_DiT_500,0.56,0.88,0.09400000000000003
Human_DiT_500,0.56,0.9,0.09400000000000003
Human_DiT_500,0.56,0.92,0.09400000000000003
Human_DiT_500,0.56,0.94,0.05400000000000002
Human_DiT_500,0.56,0.96,0.05400000000000002
Human_DiT_500,0.56,0.98,0.05400000000000002
Human_DiT_500,0.56,1.0,0.05400000000000002
Human_DiT_500,0.58,0.0,0.7899999999999995
Human_DiT_500,0.58,0.02,0.7899999999999995
Human_DiT_500,0.58,0.04,0.7899999999999995
Human_DiT_500,0.58,0.06,0.7899999999999995
Human_DiT_500,0.58,0.08,0.7899999999999995
Human_DiT_500,0.58,0.1,0.7899999999999995
Human_DiT_500,0.58,0.12,0.7899999999999995
Human_DiT_500,0.58,0.14,0.7899999999999995
Human_DiT_500,0.58,0.16,0.7899999999999995
Human_DiT_500,0.58,0.18,0.7899999999999995
Human_DiT_500,0.58,0.2,0.7899999999999995
Human_DiT_500,0.58,0.22,0.7739999999999995
Human_DiT_500,0.58,0.24,0.7739999999999995
Human_DiT_500,0.58,0.26,0.7739999999999995
Human_DiT_500,0.58,0.28,0.7639999999999995
Human_DiT_500,0.58,0.3,0.7639999999999995
Human_DiT_500,0.58,0.32,0.7639999999999995
Human_DiT_500,0.58,0.34,0.7439999999999997
Human_DiT_500,0.58,0.36,0.7439999999999997
Human_DiT_500,0.58,0.38,0.7439999999999997
Human_DiT_500,0.58,0.4,0.7439999999999997
Human_DiT_500,0.58,0.42,0.6679999999999998
Human_DiT_500,0.58,0.44,0.6679999999999998
Human_DiT_500,0.58,0.46,0.6679999999999998
Human_DiT_500,0.58,0.48,0.6159999999999998
Human_DiT_500,0.58,0.5,0.6159999999999998
Human_DiT_500,0.58,0.52,0.6159999999999998
Human_DiT_500,0.58,0.54,0.54
Human_DiT_500,0.58,0.56,0.54
Human_DiT_500,0.58,0.58,0.54
Human_DiT_500,0.58,0.6,0.54
Human_DiT_500,0.58,0.62,0.44999999999999984
Human_DiT_500,0.58,0.64,0.44999999999999984
Human_DiT_500,0.58,0.66,0.44999999999999984
Human_DiT_500,0.58,0.68,0.37799999999999984
Human_DiT_500,0.58,0.7,0.37799999999999984
Human_DiT_500,0.58,0.72,0.37799999999999984
Human_DiT_500,0.58,0.74,0.27799999999999986
Human_DiT_500,0.58,0.76,0.27799999999999986
Human_DiT_500,0.58,0.78,0.27799999999999986
Human_DiT_500,0.58,0.8,0.26999999999999985
Human_DiT_500,0.58,0.82,0.154
Human_DiT_500,0.58,0.84,0.154
Human_DiT_500,0.58,0.86,0.154
Human_DiT_500,0.58,0.88,0.09400000000000003
Human_DiT_500,0.58,0.9,0.09400000000000003
Human_DiT_500,0.58,0.92,0.09400000000000003
Human_DiT_500,0.58,0.94,0.05400000000000002
Human_DiT_500,0.58,0.96,0.05400000000000002
Human_DiT_500,0.58,0.98,0.05400000000000002
Human_DiT_500,0.58,1.0,0.05400000000000002
Human_DiT_500,0.6,0.0,0.7859999999999994
Human_DiT_500,0.6,0.02,0.7859999999999994
Human_DiT_500,0.6,0.04,0.7859999999999994
Human_DiT_500,0.6,0.06,0.7859999999999994
Human_DiT_500,0.6,0.08,0.7859999999999994
Human_DiT_500,0.6,0.1,0.7859999999999994
Human_DiT_500,0.6,0.12,0.7859999999999994
Human_DiT_500,0.6,0.14,0.7859999999999994
Human_DiT_500,0.6,0.16,0.7859999999999994
Human_DiT_500,0.6,0.18,0.7859999999999994
Human_DiT_500,0.6,0.2,0.7859999999999994
Human_DiT_500,0.6,0.22,0.7699999999999995
Human_DiT_500,0.6,0.24,0.7699999999999995
Human_DiT_500,0.6,0.26,0.7699999999999995
Human_DiT_500,0.6,0.28,0.7599999999999995
Human_DiT_500,0.6,0.3,0.7599999999999995
Human_DiT_500,0.6,0.32,0.7599999999999995
Human_DiT_500,0.6,0.34,0.7399999999999998
Human_DiT_500,0.6,0.36,0.7399999999999998
Human_DiT_500,0.6,0.38,0.7399999999999998
Human_DiT_500,0.6,0.4,0.7399999999999998
Human_DiT_500,0.6,0.42,0.6639999999999999
Human_DiT_500,0.6,0.44,0.6639999999999999
Human_DiT_500,0.6,0.46,0.6639999999999999
Human_DiT_500,0.6,0.48,0.6119999999999998
Human_DiT_500,0.6,0.5,0.6119999999999998
Human_DiT_500,0.6,0.52,0.6119999999999998
Human_DiT_500,0.6,0.54,0.536
Human_DiT_500,0.6,0.56,0.536
Human_DiT_500,0.6,0.58,0.536
Human_DiT_500,0.6,0.6,0.536
Human_DiT_500,0.6,0.62,0.4479999999999999
Human_DiT_500,0.6,0.64,0.4479999999999999
Human_DiT_500,0.6,0.66,0.4479999999999999
Human_DiT_500,0.6,0.68,0.3759999999999998
Human_DiT_500,0.6,0.7,0.3759999999999998
Human_DiT_500,0.6,0.72,0.3759999999999998
Human_DiT_500,0.6,0.74,0.27599999999999986
Human_DiT_500,0.6,0.76,0.27599999999999986
Human_DiT_500,0.6,0.78,0.27599999999999986
Human_DiT_500,0.6,0.8,0.26799999999999985
Human_DiT_500,0.6,0.82,0.15199999999999997
Human_DiT_500,0.6,0.84,0.15199999999999997
Human_DiT_500,0.6,0.86,0.15199999999999997
Human_DiT_500,0.6,0.88,0.09400000000000003
Human_DiT_500,0.6,0.9,0.09400000000000003
Human_DiT_500,0.6,0.92,0.09400000000000003
Human_DiT_500,0.6,0.94,0.05400000000000002
Human_DiT_500,0.6,0.96,0.05400000000000002
Human_DiT_500,0.6,0.98,0.05400000000000002
Human_DiT_500,0.6,1.0,0.05400000000000002
Human_DiT_500,0.62,0.0,0.7779999999999994
Human_DiT_500,0.62,0.02,0.7779999999999994
Human_DiT_500,0.62,0.04,0.7779999999999994
Human_DiT_500,0.62,0.06,0.7779999999999994
Human_DiT_500,0.62,0.08,0.7779999999999994
Human_DiT_500,0.62,0.1,0.7779999999999994
Human_DiT_500,0.62,0.12,0.7779999999999994
Human_DiT_500,0.62,0.14,0.7779999999999994
Human_DiT_500,0.62,0.16,0.7779999999999994
Human_DiT_500,0.62,0.18,0.7779999999999994
Human_DiT_500,0.62,0.2,0.7779999999999994
Human_DiT_500,0.62,0.22,0.7619999999999995
Human_DiT_500,0.62,0.24,0.7619999999999995
Human_DiT_500,0.62,0.26,0.7619999999999995
Human_DiT_500,0.62,0.28,0.7539999999999993
Human_DiT_500,0.62,0.3,0.7539999999999993
Human_DiT_500,0.62,0.32,0.7539999999999993
Human_DiT_500,0.62,0.34,0.7339999999999997
Human_DiT_500,0.62,0.36,0.7339999999999997
Human_DiT_500,0.62,0.38,0.7339999999999997
Human_DiT_500,0.62,0.4,0.7339999999999997
Human_DiT_500,0.62,0.42,0.6599999999999998
Human_DiT_500,0.62,0.44,0.6599999999999998
Human_DiT_500,0.62,0.46,0.6599999999999998
Human_DiT_500,0.62,0.48,0.6099999999999999
Human_DiT_500,0.62,0.5,0.6099999999999999
Human_DiT_500,0.62,0.52,0.6099999999999999
Human_DiT_500,0.62,0.54,0.5340000000000001
Human_DiT_500,0.62,0.56,0.5340000000000001
Human_DiT_500,0.62,0.58,0.5340000000000001
Human_DiT_500,0.62,0.6,0.5340000000000001
Human_DiT_500,0.62,0.62,0.44599999999999995
Human_DiT_500,0.62,0.64,0.44599999999999995
Human_DiT_500,0.62,0.66,0.44599999999999995
Human_DiT_500,0.62,0.68,0.37399999999999983
Human_DiT_500,0.62,0.7,0.37399999999999983
Human_DiT_500,0.62,0.72,0.37399999999999983
Human_DiT_500,0.62,0.74,0.27399999999999985
Human_DiT_500,0.62,0.76,0.27399999999999985
Human_DiT_500,0.62,0.78,0.27399999999999985
Human_DiT_500,0.62,0.8,0.26599999999999985
Human_DiT_500,0.62,0.82,0.15199999999999997
Human_DiT_500,0.62,0.84,0.15199999999999997
Human_DiT_500,0.62,0.86,0.15199999999999997
Human_DiT_500,0.62,0.88,0.09400000000000003
Human_DiT_500,0.62,0.9,0.09400000000000003
Human_DiT_500,0.62,0.92,0.09400000000000003
Human_DiT_500,0.62,0.94,0.05400000000000002
Human_DiT_500,0.62,0.96,0.05400000000000002
Human_DiT_500,0.62,0.98,0.05400000000000002
Human_DiT_500,0.62,1.0,0.05400000000000002
Human_DiT_500,0.64,0.0,0.7599999999999995
Human_DiT_500,0.64,0.02,0.7599999999999995
Human_DiT_500,0.64,0.04,0.7599999999999995
Human_DiT_500,0.64,0.06,0.7599999999999995
Human_DiT_500,0.64,0.08,0.7599999999999995
Human_DiT_500,0.64,0.1,0.7599999999999995
Human_DiT_500,0.64,0.12,0.7599999999999995
Human_DiT_500,0.64,0.14,0.7599999999999995
Human_DiT_500,0.64,0.16,0.7599999999999995
Human_DiT_500,0.64,0.18,0.7599999999999995
Human_DiT_500,0.64,0.2,0.7599999999999995
Human_DiT_500,0.64,0.22,0.7459999999999997
Human_DiT_500,0.64,0.24,0.7459999999999997
Human_DiT_500,0.64,0.26,0.7459999999999997
Human_DiT_500,0.64,0.28,0.7399999999999995
Human_DiT_500,0.64,0.3,0.7399999999999995
Human_DiT_500,0.64,0.32,0.7399999999999995
Human_DiT_500,0.64,0.34,0.7199999999999998
Human_DiT_500,0.64,0.36,0.7199999999999998
Human_DiT_500,0.64,0.38,0.7199999999999998
Human_DiT_500,0.64,0.4,0.7199999999999998
Human_DiT_500,0.64,0.42,0.6500000000000001
Human_DiT_500,0.64,0.44,0.6500000000000001
Human_DiT_500,0.64,0.46,0.6500000000000001
Human_DiT_500,0.64,0.48,0.6
Human_DiT_500,0.64,0.5,0.6
Human_DiT_500,0.64,0.52,0.6
Human_DiT_500,0.64,0.54,0.5300000000000001
Human_DiT_500,0.64,0.56,0.5300000000000001
Human_DiT_500,0.64,0.58,0.5300000000000001
Human_DiT_500,0.64,0.6,0.5300000000000001
Human_DiT_500,0.64,0.62,0.44199999999999995
Human_DiT_500,0.64,0.64,0.44199999999999995
Human_DiT_500,0.64,0.66,0.44199999999999995
Human_DiT_500,0.64,0.68,0.3699999999999999
Human_DiT_500,0.64,0.7,0.3699999999999999
Human_DiT_500,0.64,0.72,0.3699999999999999
Human_DiT_500,0.64,0.74,0.26999999999999985
Human_DiT_500,0.64,0.76,0.26999999999999985
Human_DiT_500,0.64,0.78,0.26999999999999985
Human_DiT_500,0.64,0.8,0.26199999999999984
Human_DiT_500,0.64,0.82,0.15199999999999997
Human_DiT_500,0.64,0.84,0.15199999999999997
Human_DiT_500,0.64,0.86,0.15199999999999997
Human_DiT_500,0.64,0.88,0.09400000000000003
Human_DiT_500,0.64,0.9,0.09400000000000003
Human_DiT_500,0.64,0.92,0.09400000000000003
Human_DiT_500,0.64,0.94,0.05400000000000002
Human_DiT_500,0.64,0.96,0.05400000000000002
Human_DiT_500,0.64,0.98,0.05400000000000002
Human_DiT_500,0.64,1.0,0.05400000000000002
Human_DiT_500,0.66,0.0,0.7599999999999995
Human_DiT_500,0.66,0.02,0.7599999999999995
Human_DiT_500,0.66,0.04,0.7599999999999995
Human_DiT_500,0.66,0.06,0.7599999999999995
Human_DiT_500,0.66,0.08,0.7599999999999995
Human_DiT_500,0.66,0.1,0.7599999999999995
Human_DiT_500,0.66,0.12,0.7599999999999995
Human_DiT_500,0.66,0.14,0.7599999999999995
Human_DiT_500,0.66,0.16,0.7599999999999995
Human_DiT_500,0.66,0.18,0.7599999999999995
Human_DiT_500,0.66,0.2,0.7599999999999995
Human_DiT_500,0.66,0.22,0.7459999999999997
Human_DiT_500,0.66,0.24,0.7459999999999997
Human_DiT_500,0.66,0.26,0.7459999999999997
Human_DiT_500,0.66,0.28,0.7399999999999995
Human_DiT_500,0.66,0.3,0.7399999999999995
Human_DiT_500,0.66,0.32,0.7399999999999995
Human_DiT_500,0.66,0.34,0.7199999999999998
Human_DiT_500,0.66,0.36,0.7199999999999998
Human_DiT_500,0.66,0.38,0.7199999999999998
Human_DiT_500,0.66,0.4,0.7199999999999998
Human_DiT_500,0.66,0.42,0.6500000000000001
Human_DiT_500,0.66,0.44,0.6500000000000001
Human_DiT_500,0.66,0.46,0.6500000000000001
Human_DiT_500,0.66,0.48,0.6
Human_DiT_500,0.66,0.5,0.6
Human_DiT_500,0.66,0.52,0.6
Human_DiT_500,0.66,0.54,0.5300000000000001
Human_DiT_500,0.66,0.56,0.5300000000000001
Human_DiT_500,0.66,0.58,0.5300000000000001
Human_DiT_500,0.66,0.6,0.5300000000000001
Human_DiT_500,0.66,0.62,0.44199999999999995
Human_DiT_500,0.66,0.64,0.44199999999999995
Human_DiT_500,0.66,0.66,0.44199999999999995
Human_DiT_500,0.66,0.68,0.3699999999999999
Human_DiT_500,0.66,0.7,0.3699999999999999
Human_DiT_500,0.66,0.72,0.3699999999999999
Human_DiT_500,0.66,0.74,0.26999999999999985
Human_DiT_500,0.66,0.76,0.26999999999999985
Human_DiT_500,0.66,0.78,0.26999999999999985
Human_DiT_500,0.66,0.8,0.26199999999999984
Human_DiT_500,0.66,0.82,0.15199999999999997
Human_DiT_500,0.66,0.84,0.15199999999999997
Human_DiT_500,0.66,0.86,0.15199999999999997
Human_DiT_500,0.66,0.88,0.09400000000000003
Human_DiT_500,0.66,0.9,0.09400000000000003
Human_DiT_500,0.66,0.92,0.09400000000000003
Human_DiT_500,0.66,0.94,0.05400000000000002
Human_DiT_500,0.66,0.96,0.05400000000000002
Human_DiT_500,0.66,0.98,0.05400000000000002
Human_DiT_500,0.66,1.0,0.05400000000000002
Human_DiT_500,0.68,0.0,0.7359999999999995
Human_DiT_500,0.68,0.02,0.7359999999999995
Human_DiT_500,0.68,0.04,0.7359999999999995
Human_DiT_500,0.68,0.06,0.7359999999999995
Human_DiT_500,0.68,0.08,0.7359999999999995
Human_DiT_500,0.68,0.1,0.7359999999999995
Human_DiT_500,0.68,0.12,0.7359999999999995
Human_DiT_500,0.68,0.14,0.7359999999999995
Human_DiT_500,0.68,0.16,0.7359999999999995
Human_DiT_500,0.68,0.18,0.7359999999999995
Human_DiT_500,0.68,0.2,0.7359999999999995
Human_DiT_500,0.68,0.22,0.7219999999999996
Human_DiT_500,0.68,0.24,0.7219999999999996
Human_DiT_500,0.68,0.26,0.7219999999999996
Human_DiT_500,0.68,0.28,0.7159999999999996
Human_DiT_500,0.68,0.3,0.7159999999999996
Human_DiT_500,0.68,0.32,0.7159999999999996
Human_DiT_500,0.68,0.34,0.6959999999999996
Human_DiT_500,0.68,0.36,0.6959999999999996
Human_DiT_500,0.68,0.38,0.6959999999999996
Human_DiT_500,0.68,0.4,0.6959999999999996
Human_DiT_500,0.68,0.42,0.634
Human_DiT_500,0.68,0.44,0.634
Human_DiT_500,0.68,0.46,0.634
Human_DiT_500,0.68,0.48,0.5879999999999999
Human_DiT_500,0.68,0.5,0.5879999999999999
Human_DiT_500,0.68,0.52,0.5879999999999999
Human_DiT_500,0.68,0.54,0.518
Human_DiT_500,0.68,0.56,0.518
Human_DiT_500,0.68,0.58,0.518
Human_DiT_500,0.68,0.6,0.518
Human_DiT_500,0.68,0.62,0.43399999999999994
Human_DiT_500,0.68,0.64,0.43399999999999994
Human_DiT_500,0.68,0.66,0.43399999999999994
Human_DiT_500,0.68,0.68,0.3639999999999998
Human_DiT_500,0.68,0.7,0.3639999999999998
Human_DiT_500,0.68,0.72,0.3639999999999998
Human_DiT_500,0.68,0.74,0.26799999999999985
Human_DiT_500,0.68,0.76,0.26799999999999985
Human_DiT_500,0.68,0.78,0.26799999999999985
Human_DiT_500,0.68,0.8,0.25999999999999984
Human_DiT_500,0.68,0.82,0.14999999999999997
Human_DiT_500,0.68,0.84,0.14999999999999997
Human_DiT_500,0.68,0.86,0.14999999999999997
Human_DiT_500,0.68,0.88,0.09400000000000003
Human_DiT_500,0.68,0.9,0.09400000000000003
Human_DiT_500,0.68,0.92,0.09400000000000003
Human_DiT_500,0.68,0.94,0.05400000000000002
Human_DiT_500,0.68,0.96,0.05400000000000002
Human_DiT_500,0.68,0.98,0.05400000000000002
Human_DiT_500,0.68,1.0,0.05400000000000002
Human_DiT_500,0.7,0.0,0.7299999999999994
Human_DiT_500,0.7,0.02,0.7299999999999994
Human_DiT_500,0.7,0.04,0.7299999999999994
Human_DiT_500,0.7,0.06,0.7299999999999994
Human_DiT_500,0.7,0.08,0.7299999999999994
Human_DiT_500,0.7,0.1,0.7299999999999994
Human_DiT_500,0.7,0.12,0.7299999999999994
Human_DiT_500,0.7,0.14,0.7299999999999994
Human_DiT_500,0.7,0.16,0.7299999999999994
Human_DiT_500,0.7,0.18,0.7299999999999994
Human_DiT_500,0.7,0.2,0.7299999999999994
Human_DiT_500,0.7,0.22,0.7179999999999995
Human_DiT_500,0.7,0.24,0.7179999999999995
Human_DiT_500,0.7,0.26,0.7179999999999995
Human_DiT_500,0.7,0.28,0.7139999999999995
Human_DiT_500,0.7,0.3,0.7139999999999995
Human_DiT_500,0.7,0.32,0.7139999999999995
Human_DiT_500,0.7,0.34,0.6939999999999997
Human_DiT_500,0.7,0.36,0.6939999999999997
Human_DiT_500,0.7,0.38,0.6939999999999997
Human_DiT_500,0.7,0.4,0.6939999999999997
Human_DiT_500,0.7,0.42,0.632
Human_DiT_500,0.7,0.44,0.632
Human_DiT_500,0.7,0.46,0.632
Human_DiT_500,0.7,0.48,0.5859999999999999
Human_DiT_500,0.7,0.5,0.5859999999999999
Human_DiT_500,0.7,0.52,0.5859999999999999
Human_DiT_500,0.7,0.54,0.516
Human_DiT_500,0.7,0.56,0.516
Human_DiT_500,0.7,0.58,0.516
Human_DiT_500,0.7,0.6,0.516
Human_DiT_500,0.7,0.62,0.4319999999999999
Human_DiT_500,0.7,0.64,0.4319999999999999
Human_DiT_500,0.7,0.66,0.4319999999999999
Human_DiT_500,0.7,0.68,0.3619999999999999
Human_DiT_500,0.7,0.7,0.3619999999999999
Human_DiT_500,0.7,0.72,0.3619999999999999
Human_DiT_500,0.7,0.74,0.26799999999999985
Human_DiT_500,0.7,0.76,0.26799999999999985
Human_DiT_500,0.7,0.78,0.26799999999999985
Human_DiT_500,0.7,0.8,0.25999999999999984
Human_DiT_500,0.7,0.82,0.14999999999999997
Human_DiT_500,0.7,0.84,0.14999999999999997
Human_DiT_500,0.7,0.86,0.14999999999999997
Human_DiT_500,0.7,0.88,0.09400000000000003
Human_DiT_500,0.7,0.9,0.09400000000000003
Human_DiT_500,0.7,0.92,0.09400000000000003
Human_DiT_500,0.7,0.94,0.05400000000000002
Human_DiT_500,0.7,0.96,0.05400000000000002
Human_DiT_500,0.7,0.98,0.05400000000000002
Human_DiT_500,0.7,1.0,0.05400000000000002
Human_DiT_500,0.72,0.0,0.7039999999999995
Human_DiT_500,0.72,0.02,0.7039999999999995
Human_DiT_500,0.72,0.04,0.7039999999999995
Human_DiT_500,0.72,0.06,0.7039999999999995
Human_DiT_500,0.72,0.08,0.7039999999999995
Human_DiT_500,0.72,0.1,0.7039999999999995
Human_DiT_500,0.72,0.12,0.7039999999999995
Human_DiT_500,0.72,0.14,0.7039999999999995
Human_DiT_500,0.72,0.16,0.7039999999999995
Human_DiT_500,0.72,0.18,0.7039999999999995
Human_DiT_500,0.72,0.2,0.7039999999999995
Human_DiT_500,0.72,0.22,0.6919999999999996
Human_DiT_500,0.72,0.24,0.6919999999999996
Human_DiT_500,0.72,0.26,0.6919999999999996
Human_DiT_500,0.72,0.28,0.6879999999999995
Human_DiT_500,0.72,0.3,0.6879999999999995
Human_DiT_500,0.72,0.32,0.6879999999999995
Human_DiT_500,0.72,0.34,0.6679999999999997
Human_DiT_500,0.72,0.36,0.6679999999999997
Human_DiT_500,0.72,0.38,0.6679999999999997
Human_DiT_500,0.72,0.4,0.6679999999999997
Human_DiT_500,0.72,0.42,0.6079999999999999
Human_DiT_500,0.72,0.44,0.6079999999999999
Human_DiT_500,0.72,0.46,0.6079999999999999
Human_DiT_500,0.72,0.48,0.568
Human_DiT_500,0.72,0.5,0.568
Human_DiT_500,0.72,0.52,0.568
Human_DiT_500,0.72,0.54,0.506
Human_DiT_500,0.72,0.56,0.506
Human_DiT_500,0.72,0.58,0.506
Human_DiT_500,0.72,0.6,0.506
Human_DiT_500,0.72,0.62,0.4219999999999998
Human_DiT_500,0.72,0.64,0.4219999999999998
Human_DiT_500,0.72,0.66,0.4219999999999998
Human_DiT_500,0.72,0.68,0.35199999999999987
Human_DiT_500,0.72,0.7,0.35199999999999987
Human_DiT_500,0.72,0.72,0.35199999999999987
Human_DiT_500,0.72,0.74,0.25999999999999984
Human_DiT_500,0.72,0.76,0.25999999999999984
Human_DiT_500,0.72,0.78,0.25999999999999984
Human_DiT_500,0.72,0.8,0.2519999999999999
Human_DiT_500,0.72,0.82,0.14799999999999996
Human_DiT_500,0.72,0.84,0.14799999999999996
Human_DiT_500,0.72,0.86,0.14799999999999996
Human_DiT_500,0.72,0.88,0.09200000000000001
Human_DiT_500,0.72,0.9,0.09200000000000001
Human_DiT_500,0.72,0.92,0.09200000000000001
Human_DiT_500,0.72,0.94,0.05200000000000002
Human_DiT_500,0.72,0.96,0.05200000000000002
Human_DiT_500,0.72,0.98,0.05200000000000002
Human_DiT_500,0.72,1.0,0.05200000000000002
Human_DiT_500,0.74,0.0,0.6939999999999995
Human_DiT_500,0.74,0.02,0.6939999999999995
Human_DiT_500,0.74,0.04,0.6939999999999995
Human_DiT_500,0.74,0.06,0.6939999999999995
Human_DiT_500,0.74,0.08,0.6939999999999995
Human_DiT_500,0.74,0.1,0.6939999999999995
Human_DiT_500,0.74,0.12,0.6939999999999995
Human_DiT_500,0.74,0.14,0.6939999999999995
Human_DiT_500,0.74,0.16,0.6939999999999995
Human_DiT_500,0.74,0.18,0.6939999999999995
Human_DiT_500,0.74,0.2,0.6939999999999995
Human_DiT_500,0.74,0.22,0.6839999999999996
Human_DiT_500,0.74,0.24,0.6839999999999996
Human_DiT_500,0.74,0.26,0.6839999999999996
Human_DiT_500,0.74,0.28,0.6799999999999996
Human_DiT_500,0.74,0.3,0.6799999999999996
Human_DiT_500,0.74,0.32,0.6799999999999996
Human_DiT_500,0.74,0.34,0.6599999999999997
Human_DiT_500,0.74,0.36,0.6599999999999997
Human_DiT_500,0.74,0.38,0.6599999999999997
Human_DiT_500,0.74,0.4,0.6599999999999997
Human_DiT_500,0.74,0.42,0.6
Human_DiT_500,0.74,0.44,0.6
Human_DiT_500,0.74,0.46,0.6
Human_DiT_500,0.74,0.48,0.5619999999999999
Human_DiT_500,0.74,0.5,0.5619999999999999
Human_DiT_500,0.74,0.52,0.5619999999999999
Human_DiT_500,0.74,0.54,0.502
Human_DiT_500,0.74,0.56,0.502
Human_DiT_500,0.74,0.58,0.502
Human_DiT_500,0.74,0.6,0.502
Human_DiT_500,0.74,0.62,0.4179999999999999
Human_DiT_500,0.74,0.64,0.4179999999999999
Human_DiT_500,0.74,0.66,0.4179999999999999
Human_DiT_500,0.74,0.68,0.3499999999999999
Human_DiT_500,0.74,0.7,0.3499999999999999
Human_DiT_500,0.74,0.72,0.3499999999999999
Human_DiT_500,0.74,0.74,0.25799999999999984
Human_DiT_500,0.74,0.76,0.25799999999999984
Human_DiT_500,0.74,0.78,0.25799999999999984
Human_DiT_500,0.74,0.8,0.24999999999999986
Human_DiT_500,0.74,0.82,0.14799999999999996
Human_DiT_500,0.74,0.84,0.14799999999999996
Human_DiT_500,0.74,0.86,0.14799999999999996
Human_DiT_500,0.74,0.88,0.09200000000000001
Human_DiT_500,0.74,0.9,0.09200000000000001
Human_DiT_500,0.74,0.92,0.09200000000000001
Human_DiT_500,0.74,0.94,0.05200000000000002
Human_DiT_500,0.74,0.96,0.05200000000000002
Human_DiT_500,0.74,0.98,0.05200000000000002
Human_DiT_500,0.74,1.0,0.05200000000000002
Human_DiT_500,0.76,0.0,0.6739999999999996
Human_DiT_500,0.76,0.02,0.6739999999999996
Human_DiT_500,0.76,0.04,0.6739999999999996
Human_DiT_500,0.76,0.06,0.6739999999999996
Human_DiT_500,0.76,0.08,0.6739999999999996
Human_DiT_500,0.76,0.1,0.6739999999999996
Human_DiT_500,0.76,0.12,0.6739999999999996
Human_DiT_500,0.76,0.14,0.6739999999999996
Human_DiT_500,0.76,0.16,0.6739999999999996
Human_DiT_500,0.76,0.18,0.6739999999999996
Human_DiT_500,0.76,0.2,0.6739999999999996
Human_DiT_500,0.76,0.22,0.6639999999999996
Human_DiT_500,0.76,0.24,0.6639999999999996
Human_DiT_500,0.76,0.26,0.6639999999999996
Human_DiT_500,0.76,0.28,0.6599999999999997
Human_DiT_500,0.76,0.3,0.6599999999999997
Human_DiT_500,0.76,0.32,0.6599999999999997
Human_DiT_500,0.76,0.34,0.6419999999999998
Human_DiT_500,0.76,0.36,0.6419999999999998
Human_DiT_500,0.76,0.38,0.6419999999999998
Human_DiT_500,0.76,0.4,0.6419999999999998
Human_DiT_500,0.76,0.42,0.584
Human_DiT_500,0.76,0.44,0.584
Human_DiT_500,0.76,0.46,0.584
Human_DiT_500,0.76,0.48,0.5479999999999999
Human_DiT_500,0.76,0.5,0.5479999999999999
Human_DiT_500,0.76,0.52,0.5479999999999999
Human_DiT_500,0.76,0.54,0.49200000000000005
Human_DiT_500,0.76,0.56,0.49200000000000005
Human_DiT_500,0.76,0.58,0.49200000000000005
Human_DiT_500,0.76,0.6,0.49200000000000005
Human_DiT_500,0.76,0.62,0.4139999999999999
Human_DiT_500,0.76,0.64,0.4139999999999999
Human_DiT_500,0.76,0.66,0.4139999999999999
Human_DiT_500,0.76,0.68,0.3459999999999999
Human_DiT_500,0.76,0.7,0.3459999999999999
Human_DiT_500,0.76,0.72,0.3459999999999999
Human_DiT_500,0.76,0.74,0.2559999999999999
Human_DiT_500,0.76,0.76,0.2559999999999999
Human_DiT_500,0.76,0.78,0.2559999999999999
Human_DiT_500,0.76,0.8,0.24799999999999986
Human_DiT_500,0.76,0.82,0.14799999999999996
Human_DiT_500,0.76,0.84,0.14799999999999996
Human_DiT_500,0.76,0.86,0.14799999999999996
Human_DiT_500,0.76,0.88,0.09200000000000001
Human_DiT_500,0.76,0.9,0.09200000000000001
Human_DiT_500,0.76,0.92,0.09200000000000001
Human_DiT_500,0.76,0.94,0.05200000000000002
Human_DiT_500,0.76,0.96,0.05200000000000002
Human_DiT_500,0.76,0.98,0.05200000000000002
Human_DiT_500,0.76,1.0,0.05200000000000002
Human_DiT_500,0.78,0.0,0.6499999999999997
Human_DiT_500,0.78,0.02,0.6499999999999997
Human_DiT_500,0.78,0.04,0.6499999999999997
Human_DiT_500,0.78,0.06,0.6499999999999997
Human_DiT_500,0.78,0.08,0.6499999999999997
Human_DiT_500,0.78,0.1,0.6499999999999997
Human_DiT_500,0.78,0.12,0.6499999999999997
Human_DiT_500,0.78,0.14,0.6499999999999997
Human_DiT_500,0.78,0.16,0.6499999999999997
Human_DiT_500,0.78,0.18,0.6499999999999997
Human_DiT_500,0.78,0.2,0.6499999999999997
Human_DiT_500,0.78,0.22,0.6399999999999997
Human_DiT_500,0.78,0.24,0.6399999999999997
Human_DiT_500,0.78,0.26,0.6399999999999997
Human_DiT_500,0.78,0.28,0.6359999999999997
Human_DiT_500,0.78,0.3,0.6359999999999997
Human_DiT_500,0.78,0.32,0.6359999999999997
Human_DiT_500,0.78,0.34,0.6199999999999997
Human_DiT_500,0.78,0.36,0.6199999999999997
Human_DiT_500,0.78,0.38,0.6199999999999997
Human_DiT_500,0.78,0.4,0.6199999999999997
Human_DiT_500,0.78,0.42,0.564
Human_DiT_500,0.78,0.44,0.564
Human_DiT_500,0.78,0.46,0.564
Human_DiT_500,0.78,0.48,0.5319999999999999
Human_DiT_500,0.78,0.5,0.5319999999999999
Human_DiT_500,0.78,0.52,0.5319999999999999
Human_DiT_500,0.78,0.54,0.4799999999999999
Human_DiT_500,0.78,0.56,0.4799999999999999
Human_DiT_500,0.78,0.58,0.4799999999999999
Human_DiT_500,0.78,0.6,0.4799999999999999
Human_DiT_500,0.78,0.62,0.40599999999999986
Human_DiT_500,0.78,0.64,0.40599999999999986
Human_DiT_500,0.78,0.66,0.40599999999999986
Human_DiT_500,0.78,0.68,0.3399999999999999
Human_DiT_500,0.78,0.7,0.3399999999999999
Human_DiT_500,0.78,0.72,0.3399999999999999
Human_DiT_500,0.78,0.74,0.2499999999999999
Human_DiT_500,0.78,0.76,0.2499999999999999
Human_DiT_500,0.78,0.78,0.2499999999999999
Human_DiT_500,0.78,0.8,0.24199999999999988
Human_DiT_500,0.78,0.82,0.146
Human_DiT_500,0.78,0.84,0.146
Human_DiT_500,0.78,0.86,0.146
Human_DiT_500,0.78,0.88,0.09200000000000001
Human_DiT_500,0.78,0.9,0.09200000000000001
Human_DiT_500,0.78,0.92,0.09200000000000001
Human_DiT_500,0.78,0.94,0.05200000000000002
Human_DiT_500,0.78,0.96,0.05200000000000002
Human_DiT_500,0.78,0.98,0.05200000000000002
Human_DiT_500,0.78,1.0,0.05200000000000002
Human_DiT_500,0.8,0.0,0.6439999999999999
Human_DiT_500,0.8,0.02,0.6439999999999999
Human_DiT_500,0.8,0.04,0.6439999999999999
Human_DiT_500,0.8,0.06,0.6439999999999999
Human_DiT_500,0.8,0.08,0.6439999999999999
Human_DiT_500,0.8,0.1,0.6439999999999999
Human_DiT_500,0.8,0.12,0.6439999999999999
Human_DiT_500,0.8,0.14,0.6439999999999999
Human_DiT_500,0.8,0.16,0.6439999999999999
Human_DiT_500,0.8,0.18,0.6439999999999999
Human_DiT_500,0.8,0.2,0.6439999999999999
Human_DiT_500,0.8,0.22,0.6359999999999997
Human_DiT_500,0.8,0.24,0.6359999999999997
Human_DiT_500,0.8,0.26,0.6359999999999997
Human_DiT_500,0.8,0.28,0.6319999999999998
Human_DiT_500,0.8,0.3,0.6319999999999998
Human_DiT_500,0.8,0.32,0.6319999999999998
Human_DiT_500,0.8,0.34,0.6159999999999998
Human_DiT_500,0.8,0.36,0.6159999999999998
Human_DiT_500,0.8,0.38,0.6159999999999998
Human_DiT_500,0.8,0.4,0.6159999999999998
Human_DiT_500,0.8,0.42,0.56
Human_DiT_500,0.8,0.44,0.56
Human_DiT_500,0.8,0.46,0.56
Human_DiT_500,0.8,0.48,0.5279999999999999
Human_DiT_500,0.8,0.5,0.5279999999999999
Human_DiT_500,0.8,0.52,0.5279999999999999
Human_DiT_500,0.8,0.54,0.4759999999999999
Human_DiT_500,0.8,0.56,0.4759999999999999
Human_DiT_500,0.8,0.58,0.4759999999999999
Human_DiT_500,0.8,0.6,0.4759999999999999
Human_DiT_500,0.8,0.62,0.4039999999999999
Human_DiT_500,0.8,0.64,0.4039999999999999
Human_DiT_500,0.8,0.66,0.4039999999999999
Human_DiT_500,0.8,0.68,0.33799999999999986
Human_DiT_500,0.8,0.7,0.33799999999999986
Human_DiT_500,0.8,0.72,0.33799999999999986
Human_DiT_500,0.8,0.74,0.2479999999999999
Human_DiT_500,0.8,0.76,0.2479999999999999
Human_DiT_500,0.8,0.78,0.2479999999999999
Human_DiT_500,0.8,0.8,0.23999999999999988
Human_DiT_500,0.8,0.82,0.144
Human_DiT_500,0.8,0.84,0.144
Human_DiT_500,0.8,0.86,0.144
Human_DiT_500,0.8,0.88,0.09
Human_DiT_500,0.8,0.9,0.09
Human_DiT_500,0.8,0.92,0.09
Human_DiT_500,0.8,0.94,0.05000000000000002
Human_DiT_500,0.8,0.96,0.05000000000000002
Human_DiT_500,0.8,0.98,0.05000000000000002
Human_DiT_500,0.8,1.0,0.05000000000000002
Human_DiT_500,0.82,0.0,0.6119999999999998
Human_DiT_500,0.82,0.02,0.6119999999999998
Human_DiT_500,0.82,0.04,0.6119999999999998
Human_DiT_500,0.82,0.06,0.6119999999999998
Human_DiT_500,0.82,0.08,0.6119999999999998
Human_DiT_500,0.82,0.1,0.6119999999999998
Human_DiT_500,0.82,0.12,0.6119999999999998
Human_DiT_500,0.82,0.14,0.6119999999999998
Human_DiT_500,0.82,0.16,0.6119999999999998
Human_DiT_500,0.82,0.18,0.6119999999999998
Human_DiT_500,0.82,0.2,0.6119999999999998
Human_DiT_500,0.82,0.22,0.6039999999999998
Human_DiT_500,0.82,0.24,0.6039999999999998
Human_DiT_500,0.82,0.26,0.6039999999999998
Human_DiT_500,0.82,0.28,0.5999999999999998
Human_DiT_500,0.82,0.3,0.5999999999999998
Human_DiT_500,0.82,0.32,0.5999999999999998
Human_DiT_500,0.82,0.34,0.5879999999999996
Human_DiT_500,0.82,0.36,0.5879999999999996
Human_DiT_500,0.82,0.38,0.5879999999999996
Human_DiT_500,0.82,0.4,0.5879999999999996
Human_DiT_500,0.82,0.42,0.544
Human_DiT_500,0.82,0.44,0.544
Human_DiT_500,0.82,0.46,0.544
Human_DiT_500,0.82,0.48,0.512
Human_DiT_500,0.82,0.5,0.512
Human_DiT_500,0.82,0.52,0.512
Human_DiT_500,0.82,0.54,0.46
Human_DiT_500,0.82,0.56,0.46
Human_DiT_500,0.82,0.58,0.46
Human_DiT_500,0.82,0.6,0.46
Human_DiT_500,0.82,0.62,0.38999999999999985
Human_DiT_500,0.82,0.64,0.38999999999999985
Human_DiT_500,0.82,0.66,0.38999999999999985
Human_DiT_500,0.82,0.68,0.32799999999999985
Human_DiT_500,0.82,0.7,0.32799999999999985
Human_DiT_500,0.82,0.72,0.32799999999999985
Human_DiT_500,0.82,0.74,0.24199999999999988
Human_DiT_500,0.82,0.76,0.24199999999999988
Human_DiT_500,0.82,0.78,0.24199999999999988
Human_DiT_500,0.82,0.8,0.2339999999999999
Human_DiT_500,0.82,0.82,0.142
Human_DiT_500,0.82,0.84,0.142
Human_DiT_500,0.82,0.86,0.142
Human_DiT_500,0.82,0.88,0.08800000000000001
Human_DiT_500,0.82,0.9,0.08800000000000001
Human_DiT_500,0.82,0.92,0.08800000000000001
Human_DiT_500,0.82,0.94,0.04800000000000002
Human_DiT_500,0.82,0.96,0.04800000000000002
Human_DiT_500,0.82,0.98,0.04800000000000002
Human_DiT_500,0.82,1.0,0.04800000000000002
Human_DiT_500,0.84,0.0,0.5879999999999999
Human_DiT_500,0.84,0.02,0.5879999999999999
Human_DiT_500,0.84,0.04,0.5879999999999999
Human_DiT_500,0.84,0.06,0.5879999999999999
Human_DiT_500,0.84,0.08,0.5879999999999999
Human_DiT_500,0.84,0.1,0.5879999999999999
Human_DiT_500,0.84,0.12,0.5879999999999999
Human_DiT_500,0.84,0.14,0.5879999999999999
Human_DiT_500,0.84,0.16,0.5879999999999999
Human_DiT_500,0.84,0.18,0.5879999999999999
Human_DiT_500,0.84,0.2,0.5879999999999999
Human_DiT_500,0.84,0.22,0.5819999999999999
Human_DiT_500,0.84,0.24,0.5819999999999999
Human_DiT_500,0.84,0.26,0.5819999999999999
Human_DiT_500,0.84,0.28,0.5779999999999998
Human_DiT_500,0.84,0.3,0.5779999999999998
Human_DiT_500,0.84,0.32,0.5779999999999998
Human_DiT_500,0.84,0.34,0.5659999999999998
Human_DiT_500,0.84,0.36,0.5659999999999998
Human_DiT_500,0.84,0.38,0.5659999999999998
Human_DiT_500,0.84,0.4,0.5659999999999998
Human_DiT_500,0.84,0.42,0.5239999999999999
Human_DiT_500,0.84,0.44,0.5239999999999999
Human_DiT_500,0.84,0.46,0.5239999999999999
Human_DiT_500,0.84,0.48,0.4919999999999999
Human_DiT_500,0.84,0.5,0.4919999999999999
Human_DiT_500,0.84,0.52,0.4919999999999999
Human_DiT_500,0.84,0.54,0.4459999999999999
Human_DiT_500,0.84,0.56,0.4459999999999999
Human_DiT_500,0.84,0.58,0.4459999999999999
Human_DiT_500,0.84,0.6,0.4459999999999999
Human_DiT_500,0.84,0.62,0.3759999999999998
Human_DiT_500,0.84,0.64,0.3759999999999998
Human_DiT_500,0.84,0.66,0.3759999999999998
Human_DiT_500,0.84,0.68,0.3179999999999999
Human_DiT_500,0.84,0.7,0.3179999999999999
Human_DiT_500,0.84,0.72,0.3179999999999999
Human_DiT_500,0.84,0.74,0.2359999999999999
Human_DiT_500,0.84,0.76,0.2359999999999999
Human_DiT_500,0.84,0.78,0.2359999999999999
Human_DiT_500,0.84,0.8,0.22799999999999992
Human_DiT_500,0.84,0.82,0.13799999999999998
Human_DiT_500,0.84,0.84,0.13799999999999998
Human_DiT_500,0.84,0.86,0.13799999999999998
Human_DiT_500,0.84,0.88,0.08400000000000003
Human_DiT_500,0.84,0.9,0.08400000000000003
Human_DiT_500,0.84,0.92,0.08400000000000003
Human_DiT_500,0.84,0.94,0.04600000000000002
Human_DiT_500,0.84,0.96,0.04600000000000002
Human_DiT_500,0.84,0.98,0.04600000000000002
Human_DiT_500,0.84,1.0,0.04600000000000002
Human_DiT_500,0.86,0.0,0.5479999999999999
Human_DiT_500,0.86,0.02,0.5479999999999999
Human_DiT_500,0.86,0.04,0.5479999999999999
Human_DiT_500,0.86,0.06,0.5479999999999999
Human_DiT_500,0.86,0.08,0.5479999999999999
Human_DiT_500,0.86,0.1,0.5479999999999999
Human_DiT_500,0.86,0.12,0.5479999999999999
Human_DiT_500,0.86,0.14,0.5479999999999999
Human_DiT_500,0.86,0.16,0.5479999999999999
Human_DiT_500,0.86,0.18,0.5479999999999999
Human_DiT_500,0.86,0.2,0.5479999999999999
Human_DiT_500,0.86,0.22,0.5419999999999999
Human_DiT_500,0.86,0.24,0.5419999999999999
Human_DiT_500,0.86,0.26,0.5419999999999999
Human_DiT_500,0.86,0.28,0.5379999999999999
Human_DiT_500,0.86,0.3,0.5379999999999999
Human_DiT_500,0.86,0.32,0.5379999999999999
Human_DiT_500,0.86,0.34,0.5299999999999999
Human_DiT_500,0.86,0.36,0.5299999999999999
Human_DiT_500,0.86,0.38,0.5299999999999999
Human_DiT_500,0.86,0.4,0.5299999999999999
Human_DiT_500,0.86,0.42,0.49200000000000005
Human_DiT_500,0.86,0.44,0.49200000000000005
Human_DiT_500,0.86,0.46,0.49200000000000005
Human_DiT_500,0.86,0.48,0.4619999999999998
Human_DiT_500,0.86,0.5,0.4619999999999998
Human_DiT_500,0.86,0.52,0.4619999999999998
Human_DiT_500,0.86,0.54,0.4179999999999999
Human_DiT_500,0.86,0.56,0.4179999999999999
Human_DiT_500,0.86,0.58,0.4179999999999999
Human_DiT_500,0.86,0.6,0.4179999999999999
Human_DiT_500,0.86,0.62,0.3559999999999999
Human_DiT_500,0.86,0.64,0.3559999999999999
Human_DiT_500,0.86,0.66,0.3559999999999999
Human_DiT_500,0.86,0.68,0.30199999999999994
Human_DiT_500,0.86,0.7,0.30199999999999994
Human_DiT_500,0.86,0.72,0.30199999999999994
Human_DiT_500,0.86,0.74,0.2279999999999999
Human_DiT_500,0.86,0.76,0.2279999999999999
Human_DiT_500,0.86,0.78,0.2279999999999999
Human_DiT_500,0.86,0.8,0.21999999999999992
Human_DiT_500,0.86,0.82,0.13799999999999998
Human_DiT_500,0.86,0.84,0.13799999999999998
Human_DiT_500,0.86,0.86,0.13799999999999998
Human_DiT_500,0.86,0.88,0.08400000000000003
Human_DiT_500,0.86,0.9,0.08400000000000003
Human_DiT_500,0.86,0.92,0.08400000000000003
Human_DiT_500,0.86,0.94,0.04600000000000002
Human_DiT_500,0.86,0.96,0.04600000000000002
Human_DiT_500,0.86,0.98,0.04600000000000002
Human_DiT_500,0.86,1.0,0.04600000000000002
Human_DiT_500,0.88,0.0,0.502
Human_DiT_500,0.88,0.02,0.502
Human_DiT_500,0.88,0.04,0.502
Human_DiT_500,0.88,0.06,0.502
Human_DiT_500,0.88,0.08,0.502
Human_DiT_500,0.88,0.1,0.502
Human_DiT_500,0.88,0.12,0.502
Human_DiT_500,0.88,0.14,0.502
Human_DiT_500,0.88,0.16,0.502
Human_DiT_500,0.88,0.18,0.502
Human_DiT_500,0.88,0.2,0.502
Human_DiT_500,0.88,0.22,0.5000000000000001
Human_DiT_500,0.88,0.24,0.5000000000000001
Human_DiT_500,0.88,0.26,0.5000000000000001
Human_DiT_500,0.88,0.28,0.4960000000000001
Human_DiT_500,0.88,0.3,0.4960000000000001
Human_DiT_500,0.88,0.32,0.4960000000000001
Human_DiT_500,0.88,0.34,0.48800000000000004
Human_DiT_500,0.88,0.36,0.48800000000000004
Human_DiT_500,0.88,0.38,0.48800000000000004
Human_DiT_500,0.88,0.4,0.48800000000000004
Human_DiT_500,0.88,0.42,0.4539999999999999
Human_DiT_500,0.88,0.44,0.4539999999999999
Human_DiT_500,0.88,0.46,0.4539999999999999
Human_DiT_500,0.88,0.48,0.4299999999999999
Human_DiT_500,0.88,0.5,0.4299999999999999
Human_DiT_500,0.88,0.52,0.4299999999999999
Human_DiT_500,0.88,0.54,0.39399999999999985
Human_DiT_500,0.88,0.56,0.39399999999999985
Human_DiT_500,0.88,0.58,0.39399999999999985
Human_DiT_500,0.88,0.6,0.39399999999999985
Human_DiT_500,0.88,0.62,0.33799999999999997
Human_DiT_500,0.88,0.64,0.33799999999999997
Human_DiT_500,0.88,0.66,0.33799999999999997
Human_DiT_500,0.88,0.68,0.286
Human_DiT_500,0.88,0.7,0.286
Human_DiT_500,0.88,0.72,0.286
Human_DiT_500,0.88,0.74,0.21599999999999994
Human_DiT_500,0.88,0.76,0.21599999999999994
Human_DiT_500,0.88,0.78,0.21599999999999994
Human_DiT_500,0.88,0.8,0.20799999999999993
Human_DiT_500,0.88,0.82,0.13199999999999998
Human_DiT_500,0.88,0.84,0.13199999999999998
Human_DiT_500,0.88,0.86,0.13199999999999998
Human_DiT_500,0.88,0.88,0.08200000000000003
Human_DiT_500,0.88,0.9,0.08200000000000003
Human_DiT_500,0.88,0.92,0.08200000000000003
Human_DiT_500,0.88,0.94,0.04600000000000002
Human_DiT_500,0.88,0.96,0.04600000000000002
Human_DiT_500,0.88,0.98,0.04600000000000002
Human_DiT_500,0.88,1.0,0.04600000000000002
Human_DiT_500,0.9,0.0,0.4619999999999999
Human_DiT_500,0.9,0.02,0.4619999999999999
Human_DiT_500,0.9,0.04,0.4619999999999999
Human_DiT_500,0.9,0.06,0.4619999999999999
Human_DiT_500,0.9,0.08,0.4619999999999999
Human_DiT_500,0.9,0.1,0.4619999999999999
Human_DiT_500,0.9,0.12,0.4619999999999999
Human_DiT_500,0.9,0.14,0.4619999999999999
Human_DiT_500,0.9,0.16,0.4619999999999999
Human_DiT_500,0.9,0.18,0.4619999999999999
Human_DiT_500,0.9,0.2,0.4619999999999999
Human_DiT_500,0.9,0.22,0.45999999999999985
Human_DiT_500,0.9,0.24,0.45999999999999985
Human_DiT_500,0.9,0.26,0.45999999999999985
Human_DiT_500,0.9,0.28,0.4559999999999998
Human_DiT_500,0.9,0.3,0.4559999999999998
Human_DiT_500,0.9,0.32,0.4559999999999998
Human_DiT_500,0.9,0.34,0.4519999999999999
Human_DiT_500,0.9,0.36,0.4519999999999999
Human_DiT_500,0.9,0.38,0.4519999999999999
Human_DiT_500,0.9,0.4,0.4519999999999999
Human_DiT_500,0.9,0.42,0.4239999999999998
Human_DiT_500,0.9,0.44,0.4239999999999998
Human_DiT_500,0.9,0.46,0.4239999999999998
Human_DiT_500,0.9,0.48,0.39999999999999986
Human_DiT_500,0.9,0.5,0.39999999999999986
Human_DiT_500,0.9,0.52,0.39999999999999986
Human_DiT_500,0.9,0.54,0.3679999999999999
Human_DiT_500,0.9,0.56,0.3679999999999999
Human_DiT_500,0.9,0.58,0.3679999999999999
Human_DiT_500,0.9,0.6,0.3679999999999999
Human_DiT_500,0.9,0.62,0.3159999999999999
Human_DiT_500,0.9,0.64,0.3159999999999999
Human_DiT_500,0.9,0.66,0.3159999999999999
Human_DiT_500,0.9,0.68,0.26799999999999996
Human_DiT_500,0.9,0.7,0.26799999999999996
Human_DiT_500,0.9,0.72,0.26799999999999996
Human_DiT_500,0.9,0.74,0.204
Human_DiT_500,0.9,0.76,0.204
Human_DiT_500,0.9,0.78,0.204
Human_DiT_500,0.9,0.8,0.19599999999999995
Human_DiT_500,0.9,0.82,0.12399999999999997
Human_DiT_500,0.9,0.84,0.12399999999999997
Human_DiT_500,0.9,0.86,0.12399999999999997
Human_DiT_500,0.9,0.88,0.07400000000000002
Human_DiT_500,0.9,0.9,0.07400000000000002
Human_DiT_500,0.9,0.92,0.07400000000000002
Human_DiT_500,0.9,0.94,0.04400000000000002
Human_DiT_500,0.9,0.96,0.04400000000000002
Human_DiT_500,0.9,0.98,0.04400000000000002
Human_DiT_500,0.9,1.0,0.04400000000000002
Human_DiT_500,0.92,0.0,0.43399999999999983
Human_DiT_500,0.92,0.02,0.43399999999999983
Human_DiT_500,0.92,0.04,0.43399999999999983
Human_DiT_500,0.92,0.06,0.43399999999999983
Human_DiT_500,0.92,0.08,0.43399999999999983
Human_DiT_500,0.92,0.1,0.43399999999999983
Human_DiT_500,0.92,0.12,0.43399999999999983
Human_DiT_500,0.92,0.14,0.43399999999999983
Human_DiT_500,0.92,0.16,0.43399999999999983
Human_DiT_500,0.92,0.18,0.43399999999999983
Human_DiT_500,0.92,0.2,0.43399999999999983
Human_DiT_500,0.92,0.22,0.4319999999999999
Human_DiT_500,0.92,0.24,0.4319999999999999
Human_DiT_500,0.92,0.26,0.4319999999999999
Human_DiT_500,0.92,0.28,0.4279999999999998
Human_DiT_500,0.92,0.3,0.4279999999999998
Human_DiT_500,0.92,0.32,0.4279999999999998
Human_DiT_500,0.92,0.34,0.4239999999999998
Human_DiT_500,0.92,0.36,0.4239999999999998
Human_DiT_500,0.92,0.38,0.4239999999999998
Human_DiT_500,0.92,0.4,0.4239999999999998
Human_DiT_500,0.92,0.42,0.4059999999999998
Human_DiT_500,0.92,0.44,0.4059999999999998
Human_DiT_500,0.92,0.46,0.4059999999999998
Human_DiT_500,0.92,0.48,0.38199999999999973
Human_DiT_500,0.92,0.5,0.38199999999999973
Human_DiT_500,0.92,0.52,0.38199999999999973
Human_DiT_500,0.92,0.54,0.35199999999999987
Human_DiT_500,0.92,0.56,0.35199999999999987
Human_DiT_500,0.92,0.58,0.35199999999999987
Human_DiT_500,0.92,0.6,0.35199999999999987
Human_DiT_500,0.92,0.62,0.30599999999999994
Human_DiT_500,0.92,0.64,0.30599999999999994
Human_DiT_500,0.92,0.66,0.30599999999999994
Human_DiT_500,0.92,0.68,0.25999999999999995
Human_DiT_500,0.92,0.7,0.25999999999999995
Human_DiT_500,0.92,0.72,0.25999999999999995
Human_DiT_500,0.92,0.74,0.2
Human_DiT_500,0.92,0.76,0.2
Human_DiT_500,0.92,0.78,0.2
Human_DiT_500,0.92,0.8,0.19399999999999995
Human_DiT_500,0.92,0.82,0.12399999999999997
Human_DiT_500,0.92,0.84,0.12399999999999997
Human_DiT_500,0.92,0.86,0.12399999999999997
Human_DiT_500,0.92,0.88,0.07400000000000002
Human_DiT_500,0.92,0.9,0.07400000000000002
Human_DiT_500,0.92,0.92,0.07400000000000002
Human_DiT_500,0.92,0.94,0.04400000000000002
Human_DiT_500,0.92,0.96,0.04400000000000002
Human_DiT_500,0.92,0.98,0.04400000000000002
Human_DiT_500,0.92,1.0,0.04400000000000002
Human_DiT_500,0.94,0.0,0.41199999999999987
Human_DiT_500,0.94,0.02,0.41199999999999987
Human_DiT_500,0.94,0.04,0.41199999999999987
Human_DiT_500,0.94,0.06,0.41199999999999987
Human_DiT_500,0.94,0.08,0.41199999999999987
Human_DiT_500,0.94,0.1,0.41199999999999987
Human_DiT_500,0.94,0.12,0.41199999999999987
Human_DiT_500,0.94,0.14,0.41199999999999987
Human_DiT_500,0.94,0.16,0.41199999999999987
Human_DiT_500,0.94,0.18,0.41199999999999987
Human_DiT_500,0.94,0.2,0.41199999999999987
Human_DiT_500,0.94,0.22,0.40999999999999986
Human_DiT_500,0.94,0.24,0.40999999999999986
Human_DiT_500,0.94,0.26,0.40999999999999986
Human_DiT_500,0.94,0.28,0.4079999999999998
Human_DiT_500,0.94,0.3,0.4079999999999998
Human_DiT_500,0.94,0.32,0.4079999999999998
Human_DiT_500,0.94,0.34,0.4039999999999999
Human_DiT_500,0.94,0.36,0.4039999999999999
Human_DiT_500,0.94,0.38,0.4039999999999999
Human_DiT_500,0.94,0.4,0.4039999999999999
Human_DiT_500,0.94,0.42,0.3879999999999997
Human_DiT_500,0.94,0.44,0.3879999999999997
Human_DiT_500,0.94,0.46,0.3879999999999997
Human_DiT_500,0.94,0.48,0.36399999999999977
Human_DiT_500,0.94,0.5,0.36399999999999977
Human_DiT_500,0.94,0.52,0.36399999999999977
Human_DiT_500,0.94,0.54,0.33799999999999997
Human_DiT_500,0.94,0.56,0.33799999999999997
Human_DiT_500,0.94,0.58,0.33799999999999997
Human_DiT_500,0.94,0.6,0.33799999999999997
Human_DiT_500,0.94,0.62,0.29599999999999993
Human_DiT_500,0.94,0.64,0.29599999999999993
Human_DiT_500,0.94,0.66,0.29599999999999993
Human_DiT_500,0.94,0.68,0.25199999999999995
Human_DiT_500,0.94,0.7,0.25199999999999995
Human_DiT_500,0.94,0.72,0.25199999999999995
Human_DiT_500,0.94,0.74,0.19599999999999998
Human_DiT_500,0.94,0.76,0.19599999999999998
Human_DiT_500,0.94,0.78,0.19599999999999998
Human_DiT_500,0.94,0.8,0.18999999999999997
Human_DiT_500,0.94,0.82,0.11999999999999998
Human_DiT_500,0.94,0.84,0.11999999999999998
Human_DiT_500,0.94,0.86,0.11999999999999998
Human_DiT_500,0.94,0.88,0.07200000000000002
Human_DiT_500,0.94,0.9,0.07200000000000002
Human_DiT_500,0.94,0.92,0.07200000000000002
Human_DiT_500,0.94,0.94,0.04400000000000002
Human_DiT_500,0.94,0.96,0.04400000000000002
Human_DiT_500,0.94,0.98,0.04400000000000002
Human_DiT_500,0.94,1.0,0.04400000000000002
Human_DiT_500,0.96,0.0,0.3759999999999998
Human_DiT_500,0.96,0.02,0.3759999999999998
Human_DiT_500,0.96,0.04,0.3759999999999998
Human_DiT_500,0.96,0.06,0.3759999999999998
Human_DiT_500,0.96,0.08,0.3759999999999998
Human_DiT_500,0.96,0.1,0.3759999999999998
Human_DiT_500,0.96,0.12,0.3759999999999998
Human_DiT_500,0.96,0.14,0.3759999999999998
Human_DiT_500,0.96,0.16,0.3759999999999998
Human_DiT_500,0.96,0.18,0.3759999999999998
Human_DiT_500,0.96,0.2,0.3759999999999998
Human_DiT_500,0.96,0.22,0.3739999999999998
Human_DiT_500,0.96,0.24,0.3739999999999998
Human_DiT_500,0.96,0.26,0.3739999999999998
Human_DiT_500,0.96,0.28,0.37199999999999983
Human_DiT_500,0.96,0.3,0.37199999999999983
Human_DiT_500,0.96,0.32,0.37199999999999983
Human_DiT_500,0.96,0.34,0.3699999999999998
Human_DiT_500,0.96,0.36,0.3699999999999998
Human_DiT_500,0.96,0.38,0.3699999999999998
Human_DiT_500,0.96,0.4,0.3699999999999998
Human_DiT_500,0.96,0.42,0.3579999999999998
Human_DiT_500,0.96,0.44,0.3579999999999998
Human_DiT_500,0.96,0.46,0.3579999999999998
Human_DiT_500,0.96,0.48,0.33599999999999985
Human_DiT_500,0.96,0.5,0.33599999999999985
Human_DiT_500,0.96,0.52,0.33599999999999985
Human_DiT_500,0.96,0.54,0.31399999999999995
Human_DiT_500,0.96,0.56,0.31399999999999995
Human_DiT_500,0.96,0.58,0.31399999999999995
Human_DiT_500,0.96,0.6,0.31399999999999995
Human_DiT_500,0.96,0.62,0.2739999999999999
Human_DiT_500,0.96,0.64,0.2739999999999999
Human_DiT_500,0.96,0.66,0.2739999999999999
Human_DiT_500,0.96,0.68,0.23799999999999993
Human_DiT_500,0.96,0.7,0.23799999999999993
Human_DiT_500,0.96,0.72,0.23799999999999993
Human_DiT_500,0.96,0.74,0.18599999999999997
Human_DiT_500,0.96,0.76,0.18599999999999997
Human_DiT_500,0.96,0.78,0.18599999999999997
Human_DiT_500,0.96,0.8,0.182
Human_DiT_500,0.96,0.82,0.118
Human_DiT_500,0.96,0.84,0.118
Human_DiT_500,0.96,0.86,0.118
Human_DiT_500,0.96,0.88,0.07200000000000002
Human_DiT_500,0.96,0.9,0.07200000000000002
Human_DiT_500,0.96,0.92,0.07200000000000002
Human_DiT_500,0.96,0.94,0.04400000000000002
Human_DiT_500,0.96,0.96,0.04400000000000002
Human_DiT_500,0.96,0.98,0.04400000000000002
Human_DiT_500,0.96,1.0,0.04400000000000002
Human_DiT_500,0.98,0.0,0.3699999999999998
Human_DiT_500,0.98,0.02,0.3699999999999998
Human_DiT_500,0.98,0.04,0.3699999999999998
Human_DiT_500,0.98,0.06,0.3699999999999998
Human_DiT_500,0.98,0.08,0.3699999999999998
Human_DiT_500,0.98,0.1,0.3699999999999998
Human_DiT_500,0.98,0.12,0.3699999999999998
Human_DiT_500,0.98,0.14,0.3699999999999998
Human_DiT_500,0.98,0.16,0.3699999999999998
Human_DiT_500,0.98,0.18,0.3699999999999998
Human_DiT_500,0.98,0.2,0.3699999999999998
Human_DiT_500,0.98,0.22,0.36799999999999977
Human_DiT_500,0.98,0.24,0.36799999999999977
Human_DiT_500,0.98,0.26,0.36799999999999977
Human_DiT_500,0.98,0.28,0.3659999999999998
Human_DiT_500,0.98,0.3,0.3659999999999998
Human_DiT_500,0.98,0.32,0.3659999999999998
Human_DiT_500,0.98,0.34,0.3659999999999998
Human_DiT_500,0.98,0.36,0.3659999999999998
Human_DiT_500,0.98,0.38,0.3659999999999998
Human_DiT_500,0.98,0.4,0.3659999999999998
Human_DiT_500,0.98,0.42,0.35399999999999976
Human_DiT_500,0.98,0.44,0.35399999999999976
Human_DiT_500,0.98,0.46,0.35399999999999976
Human_DiT_500,0.98,0.48,0.3319999999999999
Human_DiT_500,0.98,0.5,0.3319999999999999
Human_DiT_500,0.98,0.52,0.3319999999999999
Human_DiT_500,0.98,0.54,0.30999999999999994
Human_DiT_500,0.98,0.56,0.30999999999999994
Human_DiT_500,0.98,0.58,0.30999999999999994
Human_DiT_500,0.98,0.6,0.30999999999999994
Human_DiT_500,0.98,0.62,0.2699999999999999
Human_DiT_500,0.98,0.64,0.2699999999999999
Human_DiT_500,0.98,0.66,0.2699999999999999
Human_DiT_500,0.98,0.68,0.23599999999999993
Human_DiT_500,0.98,0.7,0.23599999999999993
Human_DiT_500,0.98,0.72,0.23599999999999993
Human_DiT_500,0.98,0.74,0.184
Human_DiT_500,0.98,0.76,0.184
Human_DiT_500,0.98,0.78,0.184
Human_DiT_500,0.98,0.8,0.17999999999999997
Human_DiT_500,0.98,0.82,0.11599999999999999
Human_DiT_500,0.98,0.84,0.11599999999999999
Human_DiT_500,0.98,0.86,0.11599999999999999
Human_DiT_500,0.98,0.88,0.07000000000000003
Human_DiT_500,0.98,0.9,0.07000000000000003
Human_DiT_500,0.98,0.92,0.07000000000000003
Human_DiT_500,0.98,0.94,0.042000000000000016
Human_DiT_500,0.98,0.96,0.042000000000000016
Human_DiT_500,0.98,0.98,0.042000000000000016
Human_DiT_500,0.98,1.0,0.042000000000000016
Human_DiT_500,1.0,0.0,0.3699999999999998
Human_DiT_500,1.0,0.02,0.3699999999999998
Human_DiT_500,1.0,0.04,0.3699999999999998
Human_DiT_500,1.0,0.06,0.3699999999999998
Human_DiT_500,1.0,0.08,0.3699999999999998
Human_DiT_500,1.0,0.1,0.3699999999999998
Human_DiT_500,1.0,0.12,0.3699999999999998
Human_DiT_500,1.0,0.14,0.3699999999999998
Human_DiT_500,1.0,0.16,0.3699999999999998
Human_DiT_500,1.0,0.18,0.3699999999999998
Human_DiT_500,1.0,0.2,0.3699999999999998
Human_DiT_500,1.0,0.22,0.36799999999999977
Human_DiT_500,1.0,0.24,0.36799999999999977
Human_DiT_500,1.0,0.26,0.36799999999999977
Human_DiT_500,1.0,0.28,0.3659999999999998
Human_DiT_500,1.0,0.3,0.3659999999999998
Human_DiT_500,1.0,0.32,0.3659999999999998
Human_DiT_500,1.0,0.34,0.3659999999999998
Human_DiT_500,1.0,0.36,0.3659999999999998
Human_DiT_500,1.0,0.38,0.3659999999999998
Human_DiT_500,1.0,0.4,0.3659999999999998
Human_DiT_500,1.0,0.42,0.35399999999999976
Human_DiT_500,1.0,0.44,0.35399999999999976
Human_DiT_500,1.0,0.46,0.35399999999999976
Human_DiT_500,1.0,0.48,0.3319999999999999
Human_DiT_500,1.0,0.5,0.3319999999999999
Human_DiT_500,1.0,0.52,0.3319999999999999
Human_DiT_500,1.0,0.54,0.30999999999999994
Human_DiT_500,1.0,0.56,0.30999999999999994
Human_DiT_500,1.0,0.58,0.30999999999999994
Human_DiT_500,1.0,0.6,0.30999999999999994
Human_DiT_500,1.0,0.62,0.2699999999999999
Human_DiT_500,1.0,0.64,0.2699999999999999
Human_DiT_500,1.0,0.66,0.2699999999999999
Human_DiT_500,1.0,0.68,0.23599999999999993
Human_DiT_500,1.0,0.7,0.23599999999999993
Human_DiT_500,1.0,0.72,0.23599999999999993
Human_DiT_500,1.0,0.74,0.184
Human_DiT_500,1.0,0.76,0.184
Human_DiT_500,1.0,0.78,0.184
Human_DiT_500,1.0,0.8,0.17999999999999997
Human_DiT_500,1.0,0.82,0.11599999999999999
Human_DiT_500,1.0,0.84,0.11599999999999999
Human_DiT_500,1.0,0.86,0.11599999999999999
Human_DiT_500,1.0,0.88,0.07000000000000003
Human_DiT_500,1.0,0.9,0.07000000000000003
Human_DiT_500,1.0,0.92,0.07000000000000003
Human_DiT_500,1.0,0.94,0.042000000000000016
Human_DiT_500,1.0,0.96,0.042000000000000016
Human_DiT_500,1.0,0.98,0.042000000000000016
Human_DiT_500,1.0,1.0,0.042000000000000016
