image_id,source,alignment_score,artifact_score
0,Sys_JiTfdloss_ref_1,4.85,3.65
0,Sys_JiTfdloss_ref_2,4.85,3.65
0,Sys_JiTfdloss_ref_3,4.65,3.82
0,User_JiTfdloss_1,5.0,4.0
0,User_JiTfdloss_2,5.0,4.0
0,User_JiTfdloss_3,5.0,3.0
1,Sys_JiTfdloss_ref_1,4.65,1.82
1,Sys_JiTfdloss_ref_2,4.65,2.85
1,Sys_JiTfdloss_ref_3,4.65,1.85
1,User_JiTfdloss_1,4.44,2.0
1,User_JiTfdloss_2,5.0,2.0
1,User_JiTfdloss_3,5.0,3.0
2,Sys_JiTfdloss_ref_1,2.15,1.85
2,Sys_JiTfdloss_ref_2,2.85,2.1
2,Sys_JiTfdloss_ref_3,2.35,1.82
2,User_JiTfdloss_1,5.0,1.0
2,User_JiTfdloss_2,5.0,1.0
2,User_JiTfdloss_3,5.0,2.0
3,Sys_JiTfdloss_ref_1,4.65,3.85
3,Sys_JiTfdloss_ref_2,4.85,3.65
3,Sys_JiTfdloss_ref_3,4.85,3.92
3,User_JiTfdloss_1,5.0,4.0
3,User_JiTfdloss_2,5.0,4.0
3,User_JiTfdloss_3,5.0,4.0
4,Sys_JiTfdloss_ref_1,4.85,3.62
4,Sys_JiTfdloss_ref_2,4.85,3.62
4,Sys_JiTfdloss_ref_3,4.85,2.8
4,User_JiTfdloss_1,5.0,4.0
4,User_JiTfdloss_2,5.0,4.0
4,User_JiTfdloss_3,5.0,4.0
5,Sys_JiTfdloss_ref_1,4.68,2.35
5,Sys_JiTfdloss_ref_2,4.63,2.85
5,Sys_JiTfdloss_ref_3,4.65,3.2
5,User_JiTfdloss_1,4.38,3.0
5,User_JiTfdloss_2,5.0,4.0
5,User_JiTfdloss_3,5.0,4.0
6,Sys_JiTfdloss_ref_1,4.85,3.65
6,Sys_JiTfdloss_ref_2,4.65,2.85
6,Sys_JiTfdloss_ref_3,4.62,3.85
6,User_JiTfdloss_1,5.0,4.0
6,User_JiTfdloss_2,5.0,4.0
6,User_JiTfdloss_3,5.0,4.0
7,Sys_JiTfdloss_ref_1,1.85,1.42
7,Sys_JiTfdloss_ref_2,2.15,1.85
7,Sys_JiTfdloss_ref_3,2.85,1.92
7,User_JiTfdloss_1,5.0,1.0
7,User_JiTfdloss_2,5.0,2.0
7,User_JiTfdloss_3,5.0,1.0
8,Sys_JiTfdloss_ref_1,4.85,3.62
8,Sys_JiTfdloss_ref_2,4.65,3.85
8,Sys_JiTfdloss_ref_3,4.65,3.85
8,User_JiTfdloss_1,5.0,4.0
8,User_JiTfdloss_2,5.0,4.0
8,User_JiTfdloss_3,5.0,3.0
9,Sys_JiTfdloss_ref_1,4.65,2.85
9,Sys_JiTfdloss_ref_2,4.65,3.85
9,Sys_JiTfdloss_ref_3,4.65,3.82
9,User_JiTfdloss_1,5.0,4.0
9,User_JiTfdloss_2,5.0,4.0
9,User_JiTfdloss_3,5.0,4.0
10,Sys_JiTfdloss_ref_1,3.82,1.5
10,Sys_JiTfdloss_ref_2,4.15,2.85
10,Sys_JiTfdloss_ref_3,3.85,1.5
10,User_JiTfdloss_1,4.44,3.0
10,User_JiTfdloss_2,5.0,2.0
10,User_JiTfdloss_3,5.0,2.0
11,Sys_JiTfdloss_ref_1,4.12,1.5
11,Sys_JiTfdloss_ref_2,3.85,1.5
11,Sys_JiTfdloss_ref_3,4.68,1.5
11,User_JiTfdloss_1,4.5,3.0
11,User_JiTfdloss_2,4.09,3.0
11,User_JiTfdloss_3,4.5,2.0
12,Sys_JiTfdloss_ref_1,4.65,4.2
12,Sys_JiTfdloss_ref_2,4.82,4.65
12,Sys_JiTfdloss_ref_3,4.85,3.65
12,User_JiTfdloss_1,4.17,4.0
12,User_JiTfdloss_2,4.17,4.0
12,User_JiTfdloss_3,4.17,4.0
13,Sys_JiTfdloss_ref_1,4.85,3.75
13,Sys_JiTfdloss_ref_2,4.65,3.85
13,Sys_JiTfdloss_ref_3,4.85,4.2
13,User_JiTfdloss_1,5.0,4.0
13,User_JiTfdloss_2,5.0,4.0
13,User_JiTfdloss_3,5.0,4.0
14,Sys_JiTfdloss_ref_1,4.15,1.5
14,Sys_JiTfdloss_ref_2,4.12,1.5
14,Sys_JiTfdloss_ref_3,3.82,1.5
14,User_JiTfdloss_1,4.09,2.0
14,User_JiTfdloss_2,4.09,3.0
14,User_JiTfdloss_3,4.09,2.0
15,Sys_JiTfdloss_ref_1,4.15,1.5
15,Sys_JiTfdloss_ref_2,3.42,1.5
15,Sys_JiTfdloss_ref_3,2.85,1.5
15,User_JiTfdloss_1,4.09,2.0
15,User_JiTfdloss_2,3.18,2.0
15,User_JiTfdloss_3,3.64,2.0
16,Sys_JiTfdloss_ref_1,3.85,3.72
16,Sys_JiTfdloss_ref_2,3.42,2.15
16,Sys_JiTfdloss_ref_3,4.12,3.85
16,User_JiTfdloss_1,3.33,2.0
16,User_JiTfdloss_2,3.33,2.0
16,User_JiTfdloss_3,3.33,4.0
17,Sys_JiTfdloss_ref_1,4.12,1.5
17,Sys_JiTfdloss_ref_2,4.15,4.28
17,Sys_JiTfdloss_ref_3,3.65,2.85
17,User_JiTfdloss_1,5.0,3.0
17,User_JiTfdloss_2,4.38,3.0
17,User_JiTfdloss_3,5.0,4.0
18,Sys_JiTfdloss_ref_1,4.12,1.5
18,Sys_JiTfdloss_ref_2,3.85,1.5
18,Sys_JiTfdloss_ref_3,4.15,1.5
18,User_JiTfdloss_1,5.0,3.0
18,User_JiTfdloss_2,4.29,2.0
18,User_JiTfdloss_3,5.0,2.0
19,Sys_JiTfdloss_ref_1,4.82,4.35
19,Sys_JiTfdloss_ref_2,4.82,3.65
19,Sys_JiTfdloss_ref_3,4.85,4.92
19,User_JiTfdloss_1,5.0,4.0
19,User_JiTfdloss_2,5.0,5.0
19,User_JiTfdloss_3,5.0,5.0
20,Sys_JiTfdloss_ref_1,4.82,3.65
20,Sys_JiTfdloss_ref_2,4.85,3.65
20,Sys_JiTfdloss_ref_3,4.62,3.85
20,User_JiTfdloss_1,5.0,5.0
20,User_JiTfdloss_2,4.0,4.0
20,User_JiTfdloss_3,4.0,4.0
21,Sys_JiTfdloss_ref_1,4.85,4.72
21,Sys_JiTfdloss_ref_2,4.92,4.85
21,Sys_JiTfdloss_ref_3,4.85,4.62
21,User_JiTfdloss_1,5.0,5.0
21,User_JiTfdloss_2,5.0,5.0
21,User_JiTfdloss_3,5.0,5.0
22,Sys_JiTfdloss_ref_1,4.85,4.6
22,Sys_JiTfdloss_ref_2,4.92,4.85
22,Sys_JiTfdloss_ref_3,3.85,4.15
22,User_JiTfdloss_1,4.38,5.0
22,User_JiTfdloss_2,4.38,5.0
22,User_JiTfdloss_3,5.0,4.0
23,Sys_JiTfdloss_ref_1,4.92,4.98
23,Sys_JiTfdloss_ref_2,4.85,4.92
23,Sys_JiTfdloss_ref_3,4.92,4.95
23,User_JiTfdloss_1,4.0,5.0
23,User_JiTfdloss_2,5.0,5.0
23,User_JiTfdloss_3,4.0,5.0
24,Sys_JiTfdloss_ref_1,4.85,4.2
24,Sys_JiTfdloss_ref_2,4.12,3.85
24,Sys_JiTfdloss_ref_3,4.85,3.85
24,User_JiTfdloss_1,4.0,4.0
24,User_JiTfdloss_2,4.0,4.0
24,User_JiTfdloss_3,4.0,4.0
25,Sys_JiTfdloss_ref_1,4.82,4.65
25,Sys_JiTfdloss_ref_2,4.92,4.98
25,Sys_JiTfdloss_ref_3,4.85,4.92
25,User_JiTfdloss_1,4.0,5.0
25,User_JiTfdloss_2,5.0,5.0
25,User_JiTfdloss_3,5.0,5.0
26,Sys_JiTfdloss_ref_1,4.65,3.85
26,Sys_JiTfdloss_ref_2,3.85,4.12
26,Sys_JiTfdloss_ref_3,4.85,4.62
26,User_JiTfdloss_1,3.89,5.0
26,User_JiTfdloss_2,4.44,4.0
26,User_JiTfdloss_3,4.44,3.0
27,Sys_JiTfdloss_ref_1,3.85,3.6
27,Sys_JiTfdloss_ref_2,3.42,1.5
27,Sys_JiTfdloss_ref_3,4.62,1.5
27,User_JiTfdloss_1,3.89,4.0
27,User_JiTfdloss_2,3.5,3.0
27,User_JiTfdloss_3,3.89,2.0
28,Sys_JiTfdloss_ref_1,4.68,1.5
28,Sys_JiTfdloss_ref_2,4.12,1.5
28,Sys_JiTfdloss_ref_3,4.85,4.92
28,User_JiTfdloss_1,5.0,4.0
28,User_JiTfdloss_2,5.0,5.0
28,User_JiTfdloss_3,5.0,4.0
29,Sys_JiTfdloss_ref_1,4.85,4.2
29,Sys_JiTfdloss_ref_2,4.85,4.2
29,Sys_JiTfdloss_ref_3,4.82,3.65
29,User_JiTfdloss_1,5.0,4.0
29,User_JiTfdloss_2,3.75,4.0
29,User_JiTfdloss_3,5.0,4.0
30,Sys_JiTfdloss_ref_1,4.65,3.85
30,Sys_JiTfdloss_ref_2,4.72,3.85
30,Sys_JiTfdloss_ref_3,4.72,1.5
30,User_JiTfdloss_1,5.0,4.0
30,User_JiTfdloss_2,5.0,4.0
30,User_JiTfdloss_3,5.0,4.0
31,Sys_JiTfdloss_ref_1,4.92,4.85
31,Sys_JiTfdloss_ref_2,4.35,3.85
31,Sys_JiTfdloss_ref_3,4.12,1.5
31,User_JiTfdloss_1,5.0,4.0
31,User_JiTfdloss_2,5.0,2.0
31,User_JiTfdloss_3,4.29,5.0
32,Sys_JiTfdloss_ref_1,4.65,3.85
32,Sys_JiTfdloss_ref_2,4.15,1.5
32,Sys_JiTfdloss_ref_3,3.65,1.5
32,User_JiTfdloss_1,2.5,3.0
32,User_JiTfdloss_2,4.17,3.0
32,User_JiTfdloss_3,2.5,3.0
33,Sys_JiTfdloss_ref_1,4.65,3.0
33,Sys_JiTfdloss_ref_2,4.85,3.0
33,Sys_JiTfdloss_ref_3,3.85,3.0
33,User_JiTfdloss_1,5.0,4.0
33,User_JiTfdloss_2,5.0,5.0
33,User_JiTfdloss_3,5.0,5.0
34,Sys_JiTfdloss_ref_1,4.35,1.5
34,Sys_JiTfdloss_ref_2,4.12,1.5
34,Sys_JiTfdloss_ref_3,4.65,1.5
34,User_JiTfdloss_1,5.0,3.0
34,User_JiTfdloss_2,4.17,2.0
34,User_JiTfdloss_3,4.17,5.0
35,Sys_JiTfdloss_ref_1,4.65,3.85
35,Sys_JiTfdloss_ref_2,4.85,3.72
35,Sys_JiTfdloss_ref_3,4.12,2.85
35,User_JiTfdloss_1,5.0,3.0
35,User_JiTfdloss_2,5.0,4.0
35,User_JiTfdloss_3,5.0,4.0
36,Sys_JiTfdloss_ref_1,4.15,2.85
36,Sys_JiTfdloss_ref_2,4.15,2.85
36,Sys_JiTfdloss_ref_3,4.85,4.72
36,User_JiTfdloss_1,5.0,5.0
36,User_JiTfdloss_2,5.0,3.0
36,User_JiTfdloss_3,5.0,3.0
37,Sys_JiTfdloss_ref_1,4.12,1.5
37,Sys_JiTfdloss_ref_2,4.82,3.65
37,Sys_JiTfdloss_ref_3,2.85,1.5
37,User_JiTfdloss_1,4.17,4.0
37,User_JiTfdloss_2,2.86,4.0
37,User_JiTfdloss_3,2.86,4.0
38,Sys_JiTfdloss_ref_1,3.82,4.15
38,Sys_JiTfdloss_ref_2,4.35,3.8
38,Sys_JiTfdloss_ref_3,4.72,4.95
38,User_JiTfdloss_1,5.0,4.0
38,User_JiTfdloss_2,5.0,4.0
38,User_JiTfdloss_3,5.0,5.0
39,Sys_JiTfdloss_ref_1,3.85,3.6
39,Sys_JiTfdloss_ref_2,4.15,3.0
39,Sys_JiTfdloss_ref_3,2.85,1.95
39,User_JiTfdloss_1,2.86,3.0
39,User_JiTfdloss_2,3.57,3.0
39,User_JiTfdloss_3,4.29,3.0
40,Sys_JiTfdloss_ref_1,1.25,4.85
40,Sys_JiTfdloss_ref_2,1.25,4.85
40,Sys_JiTfdloss_ref_3,1.25,4.85
40,User_JiTfdloss_1,0.0,4.0
40,User_JiTfdloss_2,1.25,5.0
40,User_JiTfdloss_3,0.0,5.0
41,Sys_JiTfdloss_ref_1,1.85,2.65
41,Sys_JiTfdloss_ref_2,1.85,1.42
41,Sys_JiTfdloss_ref_3,1.85,2.1
41,User_JiTfdloss_1,0.0,3.0
41,User_JiTfdloss_2,0.0,3.0
41,User_JiTfdloss_3,3.33,2.0
42,Sys_JiTfdloss_ref_1,3.65,2.85
42,Sys_JiTfdloss_ref_2,3.65,2.35
42,Sys_JiTfdloss_ref_3,3.42,1.5
42,User_JiTfdloss_1,3.75,4.0
42,User_JiTfdloss_2,3.75,3.0
42,User_JiTfdloss_3,5.0,4.0
43,Sys_JiTfdloss_ref_1,3.82,3.65
43,Sys_JiTfdloss_ref_2,3.65,3.82
43,Sys_JiTfdloss_ref_3,3.42,2.85
43,User_JiTfdloss_1,5.0,4.0
43,User_JiTfdloss_2,5.0,4.0
43,User_JiTfdloss_3,5.0,4.0
44,Sys_JiTfdloss_ref_1,4.65,4.72
44,Sys_JiTfdloss_ref_2,3.42,2.85
44,Sys_JiTfdloss_ref_3,4.85,4.92
44,User_JiTfdloss_1,4.0,5.0
44,User_JiTfdloss_2,5.0,3.0
44,User_JiTfdloss_3,5.0,5.0
45,Sys_JiTfdloss_ref_1,4.65,3.85
45,Sys_JiTfdloss_ref_2,4.65,3.85
45,Sys_JiTfdloss_ref_3,4.85,3.65
45,User_JiTfdloss_1,5.0,4.0
45,User_JiTfdloss_2,5.0,3.0
45,User_JiTfdloss_3,5.0,4.0
46,Sys_JiTfdloss_ref_1,4.35,3.82
46,Sys_JiTfdloss_ref_2,4.85,4.2
46,Sys_JiTfdloss_ref_3,4.15,3.85
46,User_JiTfdloss_1,5.0,4.0
46,User_JiTfdloss_2,5.0,4.0
46,User_JiTfdloss_3,5.0,4.0
47,Sys_JiTfdloss_ref_1,4.62,3.85
47,Sys_JiTfdloss_ref_2,3.85,3.6
47,Sys_JiTfdloss_ref_3,4.65,3.82
47,User_JiTfdloss_1,5.0,3.0
47,User_JiTfdloss_2,4.0,3.0
47,User_JiTfdloss_3,4.0,3.0
48,Sys_JiTfdloss_ref_1,4.15,2.85
48,Sys_JiTfdloss_ref_2,3.85,3.2
48,Sys_JiTfdloss_ref_3,3.82,2.65
48,User_JiTfdloss_1,2.5,3.0
48,User_JiTfdloss_2,2.5,2.0
48,User_JiTfdloss_3,5.0,2.0
49,Sys_JiTfdloss_ref_1,3.82,4.15
49,Sys_JiTfdloss_ref_2,2.85,3.42
49,Sys_JiTfdloss_ref_3,2.85,3.62
49,User_JiTfdloss_1,3.0,4.0
49,User_JiTfdloss_2,3.0,4.0
49,User_JiTfdloss_3,3.0,4.0
50,Sys_JiTfdloss_ref_1,4.92,4.98
50,Sys_JiTfdloss_ref_2,4.92,4.98
50,Sys_JiTfdloss_ref_3,4.92,4.98
50,User_JiTfdloss_1,5.0,5.0
50,User_JiTfdloss_2,5.0,5.0
50,User_JiTfdloss_3,5.0,5.0
51,Sys_JiTfdloss_ref_1,4.92,3.0
51,Sys_JiTfdloss_ref_2,4.82,3.0
51,Sys_JiTfdloss_ref_3,4.92,3.0
51,User_JiTfdloss_1,5.0,4.0
51,User_JiTfdloss_2,5.0,4.0
51,User_JiTfdloss_3,5.0,3.0
52,Sys_JiTfdloss_ref_1,4.12,2.85
52,Sys_JiTfdloss_ref_2,4.62,3.85
52,Sys_JiTfdloss_ref_3,4.15,2.85
52,User_JiTfdloss_1,5.0,4.0
52,User_JiTfdloss_2,3.89,2.0
52,User_JiTfdloss_3,5.0,4.0
53,Sys_JiTfdloss_ref_1,3.42,2.0
53,Sys_JiTfdloss_ref_2,3.42,2.0
53,Sys_JiTfdloss_ref_3,3.85,2.0
53,User_JiTfdloss_1,4.29,2.0
53,User_JiTfdloss_2,4.29,2.0
53,User_JiTfdloss_3,4.29,2.0
54,Sys_JiTfdloss_ref_1,4.35,2.0
54,Sys_JiTfdloss_ref_2,4.85,4.92
54,Sys_JiTfdloss_ref_3,4.35,2.0
54,User_JiTfdloss_1,4.38,4.0
54,User_JiTfdloss_2,5.0,5.0
54,User_JiTfdloss_3,4.38,2.0
55,Sys_JiTfdloss_ref_1,4.35,3.82
55,Sys_JiTfdloss_ref_2,4.62,3.85
55,Sys_JiTfdloss_ref_3,4.85,4.92
55,User_JiTfdloss_1,5.0,4.0
55,User_JiTfdloss_2,4.38,4.0
55,User_JiTfdloss_3,5.0,4.0
56,Sys_JiTfdloss_ref_1,4.98,4.99
56,Sys_JiTfdloss_ref_2,4.85,4.92
56,Sys_JiTfdloss_ref_3,4.85,4.92
56,User_JiTfdloss_1,5.0,5.0
56,User_JiTfdloss_2,5.0,5.0
56,User_JiTfdloss_3,5.0,5.0
57,Sys_JiTfdloss_ref_1,4.35,3.65
57,Sys_JiTfdloss_ref_2,3.85,4.15
57,Sys_JiTfdloss_ref_3,4.65,4.2
57,User_JiTfdloss_1,3.75,4.0
57,User_JiTfdloss_2,3.75,4.0
57,User_JiTfdloss_3,3.75,4.0
58,Sys_JiTfdloss_ref_1,4.85,4.92
58,Sys_JiTfdloss_ref_2,4.82,4.15
58,Sys_JiTfdloss_ref_3,4.85,4.92
58,User_JiTfdloss_1,5.0,5.0
58,User_JiTfdloss_2,4.17,5.0
58,User_JiTfdloss_3,5.0,5.0
59,Sys_JiTfdloss_ref_1,4.62,3.0
59,Sys_JiTfdloss_ref_2,4.62,3.0
59,Sys_JiTfdloss_ref_3,4.65,3.0
59,User_JiTfdloss_1,4.44,4.0
59,User_JiTfdloss_2,4.44,4.0
59,User_JiTfdloss_3,4.44,3.0
60,Sys_JiTfdloss_ref_1,4.85,3.6
60,Sys_JiTfdloss_ref_2,4.65,2.85
60,Sys_JiTfdloss_ref_3,4.12,2.85
60,User_JiTfdloss_1,5.0,3.0
60,User_JiTfdloss_2,5.0,3.0
60,User_JiTfdloss_3,5.0,4.0
61,Sys_JiTfdloss_ref_1,2.85,1.5
61,Sys_JiTfdloss_ref_2,1.85,2.1
61,Sys_JiTfdloss_ref_3,2.85,1.5
61,User_JiTfdloss_1,4.29,2.0
61,User_JiTfdloss_2,4.38,2.0
61,User_JiTfdloss_3,4.38,2.0
62,Sys_JiTfdloss_ref_1,4.85,3.75
62,Sys_JiTfdloss_ref_2,4.35,3.85
62,Sys_JiTfdloss_ref_3,4.85,3.2
62,User_JiTfdloss_1,5.0,3.0
62,User_JiTfdloss_2,5.0,3.0
62,User_JiTfdloss_3,4.29,3.0
63,Sys_JiTfdloss_ref_1,4.68,3.85
63,Sys_JiTfdloss_ref_2,4.65,3.85
63,Sys_JiTfdloss_ref_3,4.12,2.65
63,User_JiTfdloss_1,5.0,3.0
63,User_JiTfdloss_2,5.0,3.0
63,User_JiTfdloss_3,5.0,3.0
64,Sys_JiTfdloss_ref_1,4.72,3.0
64,Sys_JiTfdloss_ref_2,4.92,4.95
64,Sys_JiTfdloss_ref_3,4.92,4.95
64,User_JiTfdloss_1,5.0,4.0
64,User_JiTfdloss_2,5.0,5.0
64,User_JiTfdloss_3,5.0,5.0
65,Sys_JiTfdloss_ref_1,4.62,3.85
65,Sys_JiTfdloss_ref_2,4.62,3.85
65,Sys_JiTfdloss_ref_3,4.68,3.85
65,User_JiTfdloss_1,5.0,4.0
65,User_JiTfdloss_2,5.0,4.0
65,User_JiTfdloss_3,5.0,4.0
66,Sys_JiTfdloss_ref_1,4.12,1.5
66,Sys_JiTfdloss_ref_2,4.12,1.5
66,Sys_JiTfdloss_ref_3,4.85,1.5
66,User_JiTfdloss_1,4.44,4.0
66,User_JiTfdloss_2,5.0,3.0
66,User_JiTfdloss_3,5.0,2.0
67,Sys_JiTfdloss_ref_1,4.65,3.85
67,Sys_JiTfdloss_ref_2,4.12,2.85
67,Sys_JiTfdloss_ref_3,4.68,3.42
67,User_JiTfdloss_1,5.0,4.0
67,User_JiTfdloss_2,5.0,3.0
67,User_JiTfdloss_3,5.0,4.0
68,Sys_JiTfdloss_ref_1,4.85,4.92
68,Sys_JiTfdloss_ref_2,4.85,4.92
68,Sys_JiTfdloss_ref_3,4.85,4.92
68,User_JiTfdloss_1,5.0,4.0
68,User_JiTfdloss_2,5.0,5.0
68,User_JiTfdloss_3,5.0,4.0
69,Sys_JiTfdloss_ref_1,4.68,3.72
69,Sys_JiTfdloss_ref_2,4.35,2.85
69,Sys_JiTfdloss_ref_3,4.12,2.85
69,User_JiTfdloss_1,5.0,2.0
69,User_JiTfdloss_2,5.0,4.0
69,User_JiTfdloss_3,4.29,2.0
70,Sys_JiTfdloss_ref_1,4.92,4.85
70,Sys_JiTfdloss_ref_2,4.85,3.6
70,Sys_JiTfdloss_ref_3,4.92,4.98
70,User_JiTfdloss_1,5.0,5.0
70,User_JiTfdloss_2,5.0,5.0
70,User_JiTfdloss_3,5.0,4.0
71,Sys_JiTfdloss_ref_1,4.15,4.62
71,Sys_JiTfdloss_ref_2,2.85,3.0
71,Sys_JiTfdloss_ref_3,4.72,4.35
71,User_JiTfdloss_1,3.12,4.0
71,User_JiTfdloss_2,3.12,2.0
71,User_JiTfdloss_3,4.38,2.0
72,Sys_JiTfdloss_ref_1,1.85,3.2
72,Sys_JiTfdloss_ref_2,2.15,3.85
72,Sys_JiTfdloss_ref_3,2.85,3.2
72,User_JiTfdloss_1,3.33,5.0
72,User_JiTfdloss_2,3.33,4.0
72,User_JiTfdloss_3,3.33,5.0
73,Sys_JiTfdloss_ref_1,4.85,4.92
73,Sys_JiTfdloss_ref_2,4.85,4.92
73,Sys_JiTfdloss_ref_3,4.85,4.92
73,User_JiTfdloss_1,5.0,5.0
73,User_JiTfdloss_2,5.0,4.0
73,User_JiTfdloss_3,5.0,3.0
74,Sys_JiTfdloss_ref_1,4.85,2.1
74,Sys_JiTfdloss_ref_2,4.92,4.85
74,Sys_JiTfdloss_ref_3,4.85,4.92
74,User_JiTfdloss_1,5.0,5.0
74,User_JiTfdloss_2,5.0,4.0
74,User_JiTfdloss_3,5.0,5.0
75,Sys_JiTfdloss_ref_1,4.12,2.35
75,Sys_JiTfdloss_ref_2,4.85,3.2
75,Sys_JiTfdloss_ref_3,4.65,3.8
75,User_JiTfdloss_1,4.38,4.0
75,User_JiTfdloss_2,4.38,4.0
75,User_JiTfdloss_3,4.38,4.0
76,Sys_JiTfdloss_ref_1,4.92,4.85
76,Sys_JiTfdloss_ref_2,4.85,3.62
76,Sys_JiTfdloss_ref_3,2.85,3.65
76,User_JiTfdloss_1,5.0,5.0
76,User_JiTfdloss_2,5.0,5.0
76,User_JiTfdloss_3,3.75,4.0
77,Sys_JiTfdloss_ref_1,4.15,2.85
77,Sys_JiTfdloss_ref_2,4.65,3.85
77,Sys_JiTfdloss_ref_3,4.15,2.85
77,User_JiTfdloss_1,4.17,4.0
77,User_JiTfdloss_2,4.17,4.0
77,User_JiTfdloss_3,4.17,4.0
78,Sys_JiTfdloss_ref_1,4.82,3.65
78,Sys_JiTfdloss_ref_2,4.85,3.62
78,Sys_JiTfdloss_ref_3,4.85,4.2
78,User_JiTfdloss_1,5.0,4.0
78,User_JiTfdloss_2,5.0,5.0
78,User_JiTfdloss_3,5.0,4.0
79,Sys_JiTfdloss_ref_1,1.85,3.62
79,Sys_JiTfdloss_ref_2,2.15,2.85
79,Sys_JiTfdloss_ref_3,1.85,2.92
79,User_JiTfdloss_1,1.25,3.0
79,User_JiTfdloss_2,1.25,3.0
79,User_JiTfdloss_3,1.25,3.0
80,Sys_JiTfdloss_ref_1,2.35,2.8
80,Sys_JiTfdloss_ref_2,3.85,3.62
80,Sys_JiTfdloss_ref_3,2.35,3.82
80,User_JiTfdloss_1,2.5,2.0
80,User_JiTfdloss_2,4.29,4.0
80,User_JiTfdloss_3,4.29,3.0
81,Sys_JiTfdloss_ref_1,4.92,4.85
81,Sys_JiTfdloss_ref_2,4.65,3.85
81,Sys_JiTfdloss_ref_3,1.85,3.62
81,User_JiTfdloss_1,3.57,4.0
81,User_JiTfdloss_2,3.57,4.0
81,User_JiTfdloss_3,5.0,4.0
82,Sys_JiTfdloss_ref_1,0.05,4.82
82,Sys_JiTfdloss_ref_2,0.0,0.0
82,Sys_JiTfdloss_ref_3,0.0,1.2
82,User_JiTfdloss_1,0.0,1.0
82,User_JiTfdloss_2,0.0,4.0
82,User_JiTfdloss_3,0.0,1.0
83,Sys_JiTfdloss_ref_1,2.85,2.9
83,Sys_JiTfdloss_ref_2,2.15,2.85
83,Sys_JiTfdloss_ref_3,4.15,2.85
83,User_JiTfdloss_1,2.14,3.0
83,User_JiTfdloss_2,5.0,2.0
83,User_JiTfdloss_3,2.14,4.0
84,Sys_JiTfdloss_ref_1,3.85,4.12
84,Sys_JiTfdloss_ref_2,3.85,3.6
84,Sys_JiTfdloss_ref_3,4.85,4.9
84,User_JiTfdloss_1,4.29,5.0
84,User_JiTfdloss_2,4.29,4.0
84,User_JiTfdloss_3,4.29,5.0
85,Sys_JiTfdloss_ref_1,3.85,3.92
85,Sys_JiTfdloss_ref_2,3.45,3.8
85,Sys_JiTfdloss_ref_3,4.92,4.95
85,User_JiTfdloss_1,4.17,4.0
85,User_JiTfdloss_2,5.0,4.0
85,User_JiTfdloss_3,5.0,5.0
86,Sys_JiTfdloss_ref_1,2.15,3.85
86,Sys_JiTfdloss_ref_2,3.42,2.85
86,Sys_JiTfdloss_ref_3,2.45,3.82
86,User_JiTfdloss_1,3.75,3.0
86,User_JiTfdloss_2,2.5,3.0
86,User_JiTfdloss_3,2.5,3.0
87,Sys_JiTfdloss_ref_1,3.85,3.2
87,Sys_JiTfdloss_ref_2,4.12,2.85
87,Sys_JiTfdloss_ref_3,3.82,3.65
87,User_JiTfdloss_1,4.17,3.0
87,User_JiTfdloss_2,4.17,4.0
87,User_JiTfdloss_3,4.17,4.0
88,Sys_JiTfdloss_ref_1,4.85,4.92
88,Sys_JiTfdloss_ref_2,4.85,4.9
88,Sys_JiTfdloss_ref_3,4.85,3.65
88,User_JiTfdloss_1,5.0,5.0
88,User_JiTfdloss_2,5.0,5.0
88,User_JiTfdloss_3,5.0,4.0
89,Sys_JiTfdloss_ref_1,2.85,3.2
89,Sys_JiTfdloss_ref_2,2.45,3.8
89,Sys_JiTfdloss_ref_3,1.85,4.92
89,User_JiTfdloss_1,2.86,3.0
89,User_JiTfdloss_2,1.67,4.0
89,User_JiTfdloss_3,2.86,3.0
90,Sys_JiTfdloss_ref_1,4.35,2.85
90,Sys_JiTfdloss_ref_2,4.65,3.2
90,Sys_JiTfdloss_ref_3,4.65,4.35
90,User_JiTfdloss_1,5.0,4.0
90,User_JiTfdloss_2,5.0,4.0
90,User_JiTfdloss_3,5.0,3.0
91,Sys_JiTfdloss_ref_1,4.65,2.85
91,Sys_JiTfdloss_ref_2,4.85,4.65
91,Sys_JiTfdloss_ref_3,4.65,3.85
91,User_JiTfdloss_1,5.0,4.0
91,User_JiTfdloss_2,5.0,3.0
91,User_JiTfdloss_3,5.0,4.0
92,Sys_JiTfdloss_ref_1,4.85,3.65
92,Sys_JiTfdloss_ref_2,4.65,3.85
92,Sys_JiTfdloss_ref_3,4.85,3.8
92,User_JiTfdloss_1,5.0,4.0
92,User_JiTfdloss_2,5.0,4.0
92,User_JiTfdloss_3,5.0,4.0
93,Sys_JiTfdloss_ref_1,1.85,2.6
93,Sys_JiTfdloss_ref_2,1.25,3.85
93,Sys_JiTfdloss_ref_3,1.25,3.45
93,User_JiTfdloss_1,2.14,3.0
93,User_JiTfdloss_2,2.14,4.0
93,User_JiTfdloss_3,2.5,4.0
94,Sys_JiTfdloss_ref_1,1.42,1.85
94,Sys_JiTfdloss_ref_2,1.85,2.1
94,Sys_JiTfdloss_ref_3,1.25,1.8
94,User_JiTfdloss_1,1.67,3.0
94,User_JiTfdloss_2,1.67,2.0
94,User_JiTfdloss_3,2.86,3.0
95,Sys_JiTfdloss_ref_1,4.62,3.85
95,Sys_JiTfdloss_ref_2,4.85,3.2
95,Sys_JiTfdloss_ref_3,3.65,2.85
95,User_JiTfdloss_1,5.0,3.0
95,User_JiTfdloss_2,5.0,4.0
95,User_JiTfdloss_3,4.29,4.0
96,Sys_JiTfdloss_ref_1,4.85,3.82
96,Sys_JiTfdloss_ref_2,4.62,3.85
96,Sys_JiTfdloss_ref_3,4.85,3.65
96,User_JiTfdloss_1,5.0,5.0
96,User_JiTfdloss_2,5.0,3.0
96,User_JiTfdloss_3,5.0,4.0
97,Sys_JiTfdloss_ref_1,4.85,4.75
97,Sys_JiTfdloss_ref_2,4.92,4.85
97,Sys_JiTfdloss_ref_3,4.85,4.92
97,User_JiTfdloss_1,5.0,5.0
97,User_JiTfdloss_2,5.0,5.0
97,User_JiTfdloss_3,5.0,5.0
98,Sys_JiTfdloss_ref_1,3.85,4.12
98,Sys_JiTfdloss_ref_2,3.65,4.82
98,Sys_JiTfdloss_ref_3,1.85,2.1
98,User_JiTfdloss_1,4.29,4.0
98,User_JiTfdloss_2,5.0,3.0
98,User_JiTfdloss_3,4.29,3.0
99,Sys_JiTfdloss_ref_1,4.65,3.82
99,Sys_JiTfdloss_ref_2,4.12,2.85
99,Sys_JiTfdloss_ref_3,2.85,2.6
99,User_JiTfdloss_1,5.0,4.0
99,User_JiTfdloss_2,5.0,3.0
99,User_JiTfdloss_3,3.57,3.0
100,Sys_JiTfdloss_ref_1,4.35,1.5
100,Sys_JiTfdloss_ref_2,4.62,1.5
100,Sys_JiTfdloss_ref_3,4.65,3.85
100,User_JiTfdloss_1,5.0,4.0
100,User_JiTfdloss_2,5.0,3.0
100,User_JiTfdloss_3,5.0,4.0
101,Sys_JiTfdloss_ref_1,4.65,3.85
101,Sys_JiTfdloss_ref_2,4.85,1.5
101,Sys_JiTfdloss_ref_3,4.65,1.5
101,User_JiTfdloss_1,5.0,5.0
101,User_JiTfdloss_2,5.0,3.0
101,User_JiTfdloss_3,5.0,3.0
102,Sys_JiTfdloss_ref_1,4.62,1.5
102,Sys_JiTfdloss_ref_2,4.65,3.85
102,Sys_JiTfdloss_ref_3,4.85,1.5
102,User_JiTfdloss_1,5.0,4.0
102,User_JiTfdloss_2,5.0,4.0
102,User_JiTfdloss_3,5.0,4.0
103,Sys_JiTfdloss_ref_1,2.15,1.2
103,Sys_JiTfdloss_ref_2,2.85,1.92
103,Sys_JiTfdloss_ref_3,1.85,1.2
103,User_JiTfdloss_1,4.0,2.0
103,User_JiTfdloss_2,0.0,2.0
103,User_JiTfdloss_3,4.0,1.0
104,Sys_JiTfdloss_ref_1,4.85,3.2
104,Sys_JiTfdloss_ref_2,4.85,3.0
104,Sys_JiTfdloss_ref_3,4.85,3.0
104,User_JiTfdloss_1,5.0,3.0
104,User_JiTfdloss_2,5.0,3.0
104,User_JiTfdloss_3,5.0,3.0
105,Sys_JiTfdloss_ref_1,4.68,2.0
105,Sys_JiTfdloss_ref_2,4.62,3.85
105,Sys_JiTfdloss_ref_3,4.82,2.0
105,User_JiTfdloss_1,3.89,2.0
105,User_JiTfdloss_2,5.0,3.0
105,User_JiTfdloss_3,5.0,3.0
106,Sys_JiTfdloss_ref_1,4.68,2.0
106,Sys_JiTfdloss_ref_2,4.62,2.0
106,Sys_JiTfdloss_ref_3,4.62,2.0
106,User_JiTfdloss_1,5.0,4.0
106,User_JiTfdloss_2,5.0,4.0
106,User_JiTfdloss_3,5.0,4.0
107,Sys_JiTfdloss_ref_1,4.35,1.5
107,Sys_JiTfdloss_ref_2,4.65,3.85
107,Sys_JiTfdloss_ref_3,4.62,3.85
107,User_JiTfdloss_1,5.0,4.0
107,User_JiTfdloss_2,5.0,4.0
107,User_JiTfdloss_3,5.0,4.0
108,Sys_JiTfdloss_ref_1,4.82,3.0
108,Sys_JiTfdloss_ref_2,4.62,3.0
108,Sys_JiTfdloss_ref_3,4.12,2.85
108,User_JiTfdloss_1,5.0,4.0
108,User_JiTfdloss_2,5.0,3.0
108,User_JiTfdloss_3,5.0,4.0
109,Sys_JiTfdloss_ref_1,4.65,1.5
109,Sys_JiTfdloss_ref_2,4.65,1.5
109,Sys_JiTfdloss_ref_3,4.15,1.5
109,User_JiTfdloss_1,5.0,3.0
109,User_JiTfdloss_2,5.0,3.0
109,User_JiTfdloss_3,5.0,3.0
110,Sys_JiTfdloss_ref_1,4.82,1.5
110,Sys_JiTfdloss_ref_2,4.85,1.5
110,Sys_JiTfdloss_ref_3,4.98,1.5
110,User_JiTfdloss_1,5.0,4.0
110,User_JiTfdloss_2,5.0,4.0
110,User_JiTfdloss_3,5.0,4.0
111,Sys_JiTfdloss_ref_1,4.65,1.5
111,Sys_JiTfdloss_ref_2,4.62,1.5
111,Sys_JiTfdloss_ref_3,4.92,1.5
111,User_JiTfdloss_1,5.0,3.0
111,User_JiTfdloss_2,5.0,4.0
111,User_JiTfdloss_3,5.0,4.0
112,Sys_JiTfdloss_ref_1,4.92,4.98
112,Sys_JiTfdloss_ref_2,4.98,4.97
112,Sys_JiTfdloss_ref_3,4.92,4.98
112,User_JiTfdloss_1,5.0,5.0
112,User_JiTfdloss_2,5.0,4.0
112,User_JiTfdloss_3,5.0,5.0
113,Sys_JiTfdloss_ref_1,4.85,3.65
113,Sys_JiTfdloss_ref_2,4.72,3.85
113,Sys_JiTfdloss_ref_3,4.82,4.15
113,User_JiTfdloss_1,5.0,4.0
113,User_JiTfdloss_2,5.0,5.0
113,User_JiTfdloss_3,5.0,4.0
114,Sys_JiTfdloss_ref_1,4.92,1.5
114,Sys_JiTfdloss_ref_2,4.92,1.5
114,Sys_JiTfdloss_ref_3,4.65,1.5
114,User_JiTfdloss_1,5.0,4.0
114,User_JiTfdloss_2,5.0,4.0
114,User_JiTfdloss_3,5.0,4.0
115,Sys_JiTfdloss_ref_1,4.72,3.85
115,Sys_JiTfdloss_ref_2,4.72,2.85
115,Sys_JiTfdloss_ref_3,4.85,1.5
115,User_JiTfdloss_1,5.0,4.0
115,User_JiTfdloss_2,5.0,4.0
115,User_JiTfdloss_3,5.0,2.0
116,Sys_JiTfdloss_ref_1,4.72,1.5
116,Sys_JiTfdloss_ref_2,4.92,1.5
116,Sys_JiTfdloss_ref_3,3.82,1.5
116,User_JiTfdloss_1,5.0,4.0
116,User_JiTfdloss_2,5.0,4.0
116,User_JiTfdloss_3,5.0,4.0
117,Sys_JiTfdloss_ref_1,4.72,3.85
117,Sys_JiTfdloss_ref_2,4.72,1.5
117,Sys_JiTfdloss_ref_3,4.85,1.5
117,User_JiTfdloss_1,5.0,2.0
117,User_JiTfdloss_2,5.0,2.0
117,User_JiTfdloss_3,5.0,5.0
118,Sys_JiTfdloss_ref_1,4.12,1.5
118,Sys_JiTfdloss_ref_2,4.82,1.5
118,Sys_JiTfdloss_ref_3,4.72,1.5
118,User_JiTfdloss_1,5.0,4.0
118,User_JiTfdloss_2,5.0,4.0
118,User_JiTfdloss_3,5.0,4.0
119,Sys_JiTfdloss_ref_1,5.0,5.0
119,Sys_JiTfdloss_ref_2,5.0,5.0
119,Sys_JiTfdloss_ref_3,4.92,4.95
119,User_JiTfdloss_1,5.0,5.0
119,User_JiTfdloss_2,5.0,5.0
119,User_JiTfdloss_3,5.0,5.0
120,Sys_JiTfdloss_ref_1,4.65,3.82
120,Sys_JiTfdloss_ref_2,4.85,3.65
120,Sys_JiTfdloss_ref_3,4.65,3.85
120,User_JiTfdloss_1,5.0,4.0
120,User_JiTfdloss_2,5.0,4.0
120,User_JiTfdloss_3,5.0,5.0
121,Sys_JiTfdloss_ref_1,4.82,3.65
121,Sys_JiTfdloss_ref_2,4.85,3.62
121,Sys_JiTfdloss_ref_3,4.82,3.65
121,User_JiTfdloss_1,5.0,4.0
121,User_JiTfdloss_2,5.0,4.0
121,User_JiTfdloss_3,5.0,4.0
122,Sys_JiTfdloss_ref_1,4.65,3.85
122,Sys_JiTfdloss_ref_2,4.85,3.65
122,Sys_JiTfdloss_ref_3,4.85,3.75
122,User_JiTfdloss_1,5.0,4.0
122,User_JiTfdloss_2,5.0,4.0
122,User_JiTfdloss_3,5.0,4.0
123,Sys_JiTfdloss_ref_1,3.65,1.5
123,Sys_JiTfdloss_ref_2,4.12,1.5
123,Sys_JiTfdloss_ref_3,4.12,1.5
123,User_JiTfdloss_1,5.0,3.0
123,User_JiTfdloss_2,5.0,5.0
123,User_JiTfdloss_3,5.0,3.0
124,Sys_JiTfdloss_ref_1,4.15,1.5
124,Sys_JiTfdloss_ref_2,4.82,1.5
124,Sys_JiTfdloss_ref_3,4.12,1.5
124,User_JiTfdloss_1,5.0,2.0
124,User_JiTfdloss_2,5.0,2.0
124,User_JiTfdloss_3,5.0,2.0
125,Sys_JiTfdloss_ref_1,4.68,2.0
125,Sys_JiTfdloss_ref_2,4.85,2.0
125,Sys_JiTfdloss_ref_3,4.85,2.0
125,User_JiTfdloss_1,5.0,4.0
125,User_JiTfdloss_2,5.0,4.0
125,User_JiTfdloss_3,5.0,4.0
126,Sys_JiTfdloss_ref_1,4.12,1.5
126,Sys_JiTfdloss_ref_2,4.12,1.5
126,Sys_JiTfdloss_ref_3,4.62,1.5
126,User_JiTfdloss_1,5.0,3.0
126,User_JiTfdloss_2,5.0,2.0
126,User_JiTfdloss_3,5.0,2.0
127,Sys_JiTfdloss_ref_1,4.65,3.0
127,Sys_JiTfdloss_ref_2,4.65,3.0
127,Sys_JiTfdloss_ref_3,4.68,3.0
127,User_JiTfdloss_1,5.0,4.0
127,User_JiTfdloss_2,5.0,4.0
127,User_JiTfdloss_3,5.0,4.0
128,Sys_JiTfdloss_ref_1,4.65,1.5
128,Sys_JiTfdloss_ref_2,4.68,1.5
128,Sys_JiTfdloss_ref_3,4.65,1.5
128,User_JiTfdloss_1,5.0,2.0
128,User_JiTfdloss_2,5.0,2.0
128,User_JiTfdloss_3,5.0,3.0
129,Sys_JiTfdloss_ref_1,4.62,2.0
129,Sys_JiTfdloss_ref_2,4.92,2.0
129,Sys_JiTfdloss_ref_3,4.82,2.0
129,User_JiTfdloss_1,5.0,3.0
129,User_JiTfdloss_2,5.0,4.0
129,User_JiTfdloss_3,5.0,4.0
130,Sys_JiTfdloss_ref_1,4.92,4.95
130,Sys_JiTfdloss_ref_2,4.85,3.65
130,Sys_JiTfdloss_ref_3,4.68,3.85
130,User_JiTfdloss_1,5.0,5.0
130,User_JiTfdloss_2,5.0,5.0
130,User_JiTfdloss_3,5.0,5.0
131,Sys_JiTfdloss_ref_1,4.85,4.2
131,Sys_JiTfdloss_ref_2,4.92,4.95
131,Sys_JiTfdloss_ref_3,4.82,4.65
131,User_JiTfdloss_1,5.0,4.0
131,User_JiTfdloss_2,5.0,5.0
131,User_JiTfdloss_3,5.0,5.0
132,Sys_JiTfdloss_ref_1,5.0,5.0
132,Sys_JiTfdloss_ref_2,4.92,4.95
132,Sys_JiTfdloss_ref_3,4.98,4.95
132,User_JiTfdloss_1,5.0,5.0
132,User_JiTfdloss_2,5.0,5.0
132,User_JiTfdloss_3,5.0,5.0
133,Sys_JiTfdloss_ref_1,4.68,3.45
133,Sys_JiTfdloss_ref_2,4.92,4.85
133,Sys_JiTfdloss_ref_3,4.92,3.85
133,User_JiTfdloss_1,5.0,5.0
133,User_JiTfdloss_2,5.0,5.0
133,User_JiTfdloss_3,5.0,5.0
134,Sys_JiTfdloss_ref_1,4.85,3.65
134,Sys_JiTfdloss_ref_2,4.85,4.6
134,Sys_JiTfdloss_ref_3,4.92,4.65
134,User_JiTfdloss_1,5.0,4.0
134,User_JiTfdloss_2,5.0,4.0
134,User_JiTfdloss_3,5.0,4.0
135,Sys_JiTfdloss_ref_1,4.65,3.85
135,Sys_JiTfdloss_ref_2,4.62,3.85
135,Sys_JiTfdloss_ref_3,4.98,4.95
135,User_JiTfdloss_1,5.0,5.0
135,User_JiTfdloss_2,5.0,5.0
135,User_JiTfdloss_3,5.0,5.0
136,Sys_JiTfdloss_ref_1,3.85,3.62
136,Sys_JiTfdloss_ref_2,3.42,3.15
136,Sys_JiTfdloss_ref_3,3.65,2.85
136,User_JiTfdloss_1,4.29,4.0
136,User_JiTfdloss_2,4.29,3.0
136,User_JiTfdloss_3,4.29,3.0
137,Sys_JiTfdloss_ref_1,2.85,3.65
137,Sys_JiTfdloss_ref_2,3.82,2.95
137,Sys_JiTfdloss_ref_3,3.85,2.9
137,User_JiTfdloss_1,5.0,4.0
137,User_JiTfdloss_2,4.29,3.0
137,User_JiTfdloss_3,5.0,4.0
138,Sys_JiTfdloss_ref_1,4.98,4.95
138,Sys_JiTfdloss_ref_2,4.92,4.95
138,Sys_JiTfdloss_ref_3,4.98,4.96
138,User_JiTfdloss_1,5.0,5.0
138,User_JiTfdloss_2,5.0,5.0
138,User_JiTfdloss_3,5.0,5.0
139,Sys_JiTfdloss_ref_1,4.65,3.85
139,Sys_JiTfdloss_ref_2,4.85,4.62
139,Sys_JiTfdloss_ref_3,4.82,3.65
139,User_JiTfdloss_1,5.0,5.0
139,User_JiTfdloss_2,5.0,4.0
139,User_JiTfdloss_3,5.0,5.0
140,Sys_JiTfdloss_ref_1,4.35,3.82
140,Sys_JiTfdloss_ref_2,4.65,3.85
140,Sys_JiTfdloss_ref_3,4.12,2.35
140,User_JiTfdloss_1,4.29,3.0
140,User_JiTfdloss_2,5.0,4.0
140,User_JiTfdloss_3,4.29,4.0
141,Sys_JiTfdloss_ref_1,3.85,2.65
141,Sys_JiTfdloss_ref_2,3.85,2.65
141,Sys_JiTfdloss_ref_3,4.15,2.85
141,User_JiTfdloss_1,4.38,5.0
141,User_JiTfdloss_2,3.75,4.0
141,User_JiTfdloss_3,3.33,2.0
142,Sys_JiTfdloss_ref_1,3.65,2.15
142,Sys_JiTfdloss_ref_2,3.42,2.15
142,Sys_JiTfdloss_ref_3,4.12,2.85
142,User_JiTfdloss_1,3.33,2.0
142,User_JiTfdloss_2,2.5,2.0
142,User_JiTfdloss_3,2.5,4.0
143,Sys_JiTfdloss_ref_1,3.42,2.15
143,Sys_JiTfdloss_ref_2,4.15,3.25
143,Sys_JiTfdloss_ref_3,4.35,3.82
143,User_JiTfdloss_1,3.75,3.0
143,User_JiTfdloss_2,3.75,4.0
143,User_JiTfdloss_3,3.75,3.0
144,Sys_JiTfdloss_ref_1,4.12,2.85
144,Sys_JiTfdloss_ref_2,4.35,2.15
144,Sys_JiTfdloss_ref_3,4.12,2.85
144,User_JiTfdloss_1,4.29,4.0
144,User_JiTfdloss_2,4.29,4.0
144,User_JiTfdloss_3,5.0,4.0
145,Sys_JiTfdloss_ref_1,3.42,2.15
145,Sys_JiTfdloss_ref_2,4.15,2.85
145,Sys_JiTfdloss_ref_3,3.42,2.68
145,User_JiTfdloss_1,3.12,2.0
145,User_JiTfdloss_2,3.75,3.0
145,User_JiTfdloss_3,3.12,3.0
146,Sys_JiTfdloss_ref_1,3.85,2.15
146,Sys_JiTfdloss_ref_2,2.85,1.95
146,Sys_JiTfdloss_ref_3,3.85,2.4
146,User_JiTfdloss_1,3.0,2.0
146,User_JiTfdloss_2,3.33,3.0
146,User_JiTfdloss_3,3.33,3.0
147,Sys_JiTfdloss_ref_1,3.85,2.9
147,Sys_JiTfdloss_ref_2,3.85,1.82
147,Sys_JiTfdloss_ref_3,3.85,1.92
147,User_JiTfdloss_1,3.57,2.0
147,User_JiTfdloss_2,3.57,2.0
147,User_JiTfdloss_3,3.57,2.0
148,Sys_JiTfdloss_ref_1,2.15,1.85
148,Sys_JiTfdloss_ref_2,2.45,1.5
148,Sys_JiTfdloss_ref_3,3.85,1.82
148,User_JiTfdloss_2,2.5,2.0
148,User_JiTfdloss_3,2.5,2.0
149,Sys_JiTfdloss_ref_1,4.85,3.2
149,Sys_JiTfdloss_ref_2,3.65,1.85
149,Sys_JiTfdloss_ref_3,4.65,3.85
149,User_JiTfdloss_1,3.75,4.0
149,User_JiTfdloss_2,5.0,2.0
149,User_JiTfdloss_3,5.0,3.0
150,Sys_JiTfdloss_ref_1,4.65,1.5
150,Sys_JiTfdloss_ref_2,4.68,1.5
150,Sys_JiTfdloss_ref_3,4.12,1.5
150,User_JiTfdloss_1,4.29,3.0
150,User_JiTfdloss_2,3.57,4.0
150,User_JiTfdloss_3,3.57,3.0
151,Sys_JiTfdloss_ref_1,3.85,1.5
151,Sys_JiTfdloss_ref_2,4.12,1.5
151,Sys_JiTfdloss_ref_3,4.65,1.5
151,User_JiTfdloss_1,3.33,3.0
151,User_JiTfdloss_2,3.33,3.0
151,User_JiTfdloss_3,3.33,2.0
152,Sys_JiTfdloss_ref_1,4.85,3.82
152,Sys_JiTfdloss_ref_2,4.82,3.65
152,Sys_JiTfdloss_ref_3,4.85,3.6
152,User_JiTfdloss_1,5.0,4.0
152,User_JiTfdloss_2,5.0,4.0
152,User_JiTfdloss_3,5.0,4.0
153,Sys_JiTfdloss_ref_1,4.12,2.0
153,Sys_JiTfdloss_ref_2,3.45,2.0
153,Sys_JiTfdloss_ref_3,4.15,2.0
153,User_JiTfdloss_1,3.33,4.0
153,User_JiTfdloss_2,3.75,2.0
153,User_JiTfdloss_3,3.75,4.0
154,Sys_JiTfdloss_ref_1,4.15,1.5
154,Sys_JiTfdloss_ref_2,4.12,1.5
154,Sys_JiTfdloss_ref_3,4.12,1.5
154,User_JiTfdloss_1,3.89,3.0
154,User_JiTfdloss_2,3.89,3.0
154,User_JiTfdloss_3,3.89,3.0
155,Sys_JiTfdloss_ref_1,3.85,1.5
155,Sys_JiTfdloss_ref_2,3.65,1.5
155,Sys_JiTfdloss_ref_3,3.42,1.5
155,User_JiTfdloss_1,4.29,2.0
155,User_JiTfdloss_2,3.57,2.0
155,User_JiTfdloss_3,3.57,3.0
156,Sys_JiTfdloss_ref_1,3.42,1.5
156,Sys_JiTfdloss_ref_2,3.82,1.5
156,Sys_JiTfdloss_ref_3,3.42,1.5
156,User_JiTfdloss_1,3.57,2.0
156,User_JiTfdloss_2,3.57,2.0
156,User_JiTfdloss_3,3.57,2.0
157,Sys_JiTfdloss_ref_1,3.85,1.5
157,Sys_JiTfdloss_ref_2,4.85,1.5
157,Sys_JiTfdloss_ref_3,4.15,1.5
157,User_JiTfdloss_1,2.86,3.0
157,User_JiTfdloss_2,2.86,2.0
157,User_JiTfdloss_3,2.86,3.0
158,Sys_JiTfdloss_ref_1,1.05,1.5
158,Sys_JiTfdloss_ref_2,0.15,1.5
158,Sys_JiTfdloss_ref_3,1.15,1.5
158,User_JiTfdloss_1,1.67,2.0
158,User_JiTfdloss_2,1.67,2.0
158,User_JiTfdloss_3,1.67,2.0
159,Sys_JiTfdloss_ref_1,4.82,3.65
159,Sys_JiTfdloss_ref_2,3.85,2.15
159,Sys_JiTfdloss_ref_3,3.42,3.15
159,User_JiTfdloss_1,2.86,3.0
159,User_JiTfdloss_2,5.0,4.0
159,User_JiTfdloss_3,5.0,3.0
160,Sys_JiTfdloss_ref_1,3.85,1.5
160,Sys_JiTfdloss_ref_2,3.85,1.5
160,Sys_JiTfdloss_ref_3,4.12,1.5
160,User_JiTfdloss_1,3.75,3.0
160,User_JiTfdloss_2,3.75,2.0
160,User_JiTfdloss_3,3.75,3.0
161,Sys_JiTfdloss_ref_1,4.85,3.62
161,Sys_JiTfdloss_ref_2,4.85,2.0
161,Sys_JiTfdloss_ref_3,4.92,4.88
161,User_JiTfdloss_1,5.0,4.0
161,User_JiTfdloss_2,5.0,4.0
161,User_JiTfdloss_3,5.0,5.0
162,Sys_JiTfdloss_ref_1,4.85,3.62
162,Sys_JiTfdloss_ref_2,4.35,2.85
162,Sys_JiTfdloss_ref_3,4.65,3.85
162,User_JiTfdloss_1,5.0,4.0
162,User_JiTfdloss_2,5.0,3.0
162,User_JiTfdloss_3,5.0,4.0
163,Sys_JiTfdloss_ref_1,4.35,1.5
163,Sys_JiTfdloss_ref_2,4.12,3.65
163,Sys_JiTfdloss_ref_3,4.65,3.85
163,User_JiTfdloss_1,5.0,4.0
163,User_JiTfdloss_2,5.0,4.0
163,User_JiTfdloss_3,5.0,4.0
164,Sys_JiTfdloss_ref_1,4.65,1.5
164,Sys_JiTfdloss_ref_2,4.35,1.5
164,Sys_JiTfdloss_ref_3,4.35,1.5
164,User_JiTfdloss_1,4.38,4.0
164,User_JiTfdloss_2,4.38,2.0
164,User_JiTfdloss_3,4.38,2.0
165,Sys_JiTfdloss_ref_1,2.15,1.5
165,Sys_JiTfdloss_ref_2,1.85,1.2
165,Sys_JiTfdloss_ref_3,2.85,1.5
165,User_JiTfdloss_1,4.38,2.0
165,User_JiTfdloss_2,4.38,2.0
165,User_JiTfdloss_3,4.29,3.0
166,Sys_JiTfdloss_ref_1,4.15,1.5
166,Sys_JiTfdloss_ref_2,4.65,1.5
166,Sys_JiTfdloss_ref_3,4.65,1.5
166,User_JiTfdloss_1,5.0,2.0
166,User_JiTfdloss_2,5.0,3.0
166,User_JiTfdloss_3,4.44,3.0
167,Sys_JiTfdloss_ref_1,4.65,1.5
167,Sys_JiTfdloss_ref_2,4.85,1.5
167,Sys_JiTfdloss_ref_3,4.15,1.5
167,User_JiTfdloss_1,5.0,2.0
167,User_JiTfdloss_2,4.38,3.0
167,User_JiTfdloss_3,4.38,4.0
168,Sys_JiTfdloss_ref_1,4.65,1.5
168,Sys_JiTfdloss_ref_2,4.15,1.5
168,Sys_JiTfdloss_ref_3,4.35,1.5
168,User_JiTfdloss_1,5.0,3.0
168,User_JiTfdloss_2,5.0,2.0
168,User_JiTfdloss_3,5.0,3.0
169,Sys_JiTfdloss_ref_1,4.35,1.5
169,Sys_JiTfdloss_ref_2,4.65,1.5
169,Sys_JiTfdloss_ref_3,4.62,1.5
169,User_JiTfdloss_1,4.38,4.0
169,User_JiTfdloss_2,4.38,2.0
169,User_JiTfdloss_3,5.0,4.0
170,Sys_JiTfdloss_ref_1,4.82,4.65
170,Sys_JiTfdloss_ref_2,4.85,4.72
170,Sys_JiTfdloss_ref_3,4.85,4.12
170,User_JiTfdloss_1,5.0,5.0
170,User_JiTfdloss_2,5.0,5.0
170,User_JiTfdloss_3,5.0,4.0
171,Sys_JiTfdloss_ref_1,4.85,4.92
171,Sys_JiTfdloss_ref_2,4.85,3.62
171,Sys_JiTfdloss_ref_3,4.85,4.2
171,User_JiTfdloss_1,5.0,4.0
171,User_JiTfdloss_2,5.0,4.0
171,User_JiTfdloss_3,5.0,5.0
172,Sys_JiTfdloss_ref_1,4.85,3.62
172,Sys_JiTfdloss_ref_2,4.82,3.65
172,Sys_JiTfdloss_ref_3,4.82,3.65
172,User_JiTfdloss_1,5.0,4.0
172,User_JiTfdloss_2,5.0,4.0
172,User_JiTfdloss_3,5.0,4.0
173,Sys_JiTfdloss_ref_1,4.82,4.65
173,Sys_JiTfdloss_ref_2,4.65,3.85
173,Sys_JiTfdloss_ref_3,4.65,3.85
173,User_JiTfdloss_1,5.0,5.0
173,User_JiTfdloss_2,5.0,4.0
173,User_JiTfdloss_3,5.0,4.0
174,Sys_JiTfdloss_ref_1,1.85,1.2
174,Sys_JiTfdloss_ref_2,1.85,1.2
174,Sys_JiTfdloss_ref_3,0.85,1.2
174,User_JiTfdloss_1,0.83,1.0
174,User_JiTfdloss_2,0.83,1.0
174,User_JiTfdloss_3,0.83,1.0
175,Sys_JiTfdloss_ref_1,4.12,3.68
175,Sys_JiTfdloss_ref_2,4.85,3.62
175,Sys_JiTfdloss_ref_3,4.12,3.65
175,User_JiTfdloss_2,5.0,2.0
175,User_JiTfdloss_3,5.0,4.0
176,Sys_JiTfdloss_ref_1,4.85,3.62
176,Sys_JiTfdloss_ref_2,4.65,3.85
176,Sys_JiTfdloss_ref_3,4.82,3.65
176,User_JiTfdloss_1,5.0,3.0
176,User_JiTfdloss_2,5.0,3.0
176,User_JiTfdloss_3,5.0,4.0
177,Sys_JiTfdloss_ref_1,3.85,4.12
177,Sys_JiTfdloss_ref_2,3.42,3.85
177,Sys_JiTfdloss_ref_3,1.85,3.62
177,User_JiTfdloss_2,5.0,4.0
177,User_JiTfdloss_3,5.0,3.0
178,Sys_JiTfdloss_ref_1,0.15,3.85
178,Sys_JiTfdloss_ref_2,0.85,4.92
178,Sys_JiTfdloss_ref_3,0.85,0.92
178,User_JiTfdloss_2,1.0,2.0
178,User_JiTfdloss_3,0.83,1.0
179,Sys_JiTfdloss_ref_1,4.85,3.92
179,Sys_JiTfdloss_ref_2,4.85,3.92
179,Sys_JiTfdloss_ref_3,4.85,3.2
179,User_JiTfdloss_2,5.0,4.0
179,User_JiTfdloss_3,5.0,4.0
180,Sys_JiTfdloss_ref_1,4.65,4.2
180,Sys_JiTfdloss_ref_2,4.85,4.62
180,Sys_JiTfdloss_ref_3,4.85,3.65
180,User_JiTfdloss_2,5.0,5.0
180,User_JiTfdloss_3,3.75,5.0
181,Sys_JiTfdloss_ref_1,4.15,2.85
181,Sys_JiTfdloss_ref_2,4.62,3.85
181,Sys_JiTfdloss_ref_3,4.12,2.85
181,User_JiTfdloss_2,5.0,4.0
181,User_JiTfdloss_3,5.0,4.0
182,Sys_JiTfdloss_ref_1,4.65,2.0
182,Sys_JiTfdloss_ref_2,3.12,2.0
182,Sys_JiTfdloss_ref_3,4.12,2.0
182,User_JiTfdloss_2,3.57,3.0
182,User_JiTfdloss_3,2.86,4.0
183,Sys_JiTfdloss_ref_1,4.12,3.85
183,Sys_JiTfdloss_ref_2,4.65,3.82
183,Sys_JiTfdloss_ref_3,3.85,3.2
183,User_JiTfdloss_2,3.33,4.0
183,User_JiTfdloss_3,5.0,3.0
184,Sys_JiTfdloss_ref_1,4.15,3.85
184,Sys_JiTfdloss_ref_2,4.85,3.92
184,Sys_JiTfdloss_ref_3,4.85,4.92
184,User_JiTfdloss_2,5.0,4.0
184,User_JiTfdloss_3,5.0,4.0
185,Sys_JiTfdloss_ref_1,3.85,1.5
185,Sys_JiTfdloss_ref_2,4.12,1.5
185,Sys_JiTfdloss_ref_3,3.65,1.5
185,User_JiTfdloss_2,5.0,2.0
185,User_JiTfdloss_3,5.0,3.0
186,Sys_JiTfdloss_ref_1,3.42,1.5
186,Sys_JiTfdloss_ref_2,1.85,1.5
186,Sys_JiTfdloss_ref_3,2.85,1.5
186,User_JiTfdloss_2,2.86,2.0
186,User_JiTfdloss_3,2.86,2.0
187,Sys_JiTfdloss_ref_1,4.12,3.0
187,Sys_JiTfdloss_ref_2,3.42,2.85
187,Sys_JiTfdloss_ref_3,4.82,3.0
187,User_JiTfdloss_2,5.0,2.0
187,User_JiTfdloss_3,5.0,4.0
188,Sys_JiTfdloss_ref_1,1.85,1.2
188,Sys_JiTfdloss_ref_2,1.85,1.2
188,Sys_JiTfdloss_ref_3,2.15,1.5
188,User_JiTfdloss_2,2.22,2.0
188,User_JiTfdloss_3,2.22,2.0
189,Sys_JiTfdloss_ref_1,3.42,1.5
189,Sys_JiTfdloss_ref_2,3.65,1.5
189,Sys_JiTfdloss_ref_3,4.62,1.5
189,User_JiTfdloss_2,3.57,2.0
189,User_JiTfdloss_3,3.57,3.0
190,Sys_JiTfdloss_ref_1,3.65,2.0
190,Sys_JiTfdloss_ref_2,4.12,2.0
190,Sys_JiTfdloss_ref_3,4.35,2.0
190,User_JiTfdloss_2,5.0,2.0
190,User_JiTfdloss_3,4.29,3.0
191,Sys_JiTfdloss_ref_1,4.82,3.0
191,Sys_JiTfdloss_ref_2,4.62,3.0
191,Sys_JiTfdloss_ref_3,4.82,3.0
191,User_JiTfdloss_2,5.0,4.0
191,User_JiTfdloss_3,5.0,4.0
192,Sys_JiTfdloss_ref_1,4.65,3.85
192,Sys_JiTfdloss_ref_2,4.85,3.75
192,Sys_JiTfdloss_ref_3,4.85,3.2
192,User_JiTfdloss_2,5.0,3.0
192,User_JiTfdloss_3,5.0,4.0
193,Sys_JiTfdloss_ref_1,4.12,2.0
193,Sys_JiTfdloss_ref_2,4.62,2.0
193,Sys_JiTfdloss_ref_3,4.12,2.0
193,User_JiTfdloss_2,4.29,3.0
193,User_JiTfdloss_3,4.29,2.0
194,Sys_JiTfdloss_ref_1,4.35,2.85
194,Sys_JiTfdloss_ref_2,4.68,3.0
194,Sys_JiTfdloss_ref_3,4.12,3.0
194,User_JiTfdloss_2,5.0,3.0
194,User_JiTfdloss_3,5.0,3.0
195,Sys_JiTfdloss_ref_1,4.12,1.5
195,Sys_JiTfdloss_ref_2,3.82,1.5
195,Sys_JiTfdloss_ref_3,3.42,1.5
195,User_JiTfdloss_2,5.0,2.0
195,User_JiTfdloss_3,5.0,2.0
196,Sys_JiTfdloss_ref_1,4.82,1.5
196,Sys_JiTfdloss_ref_2,4.85,1.5
196,Sys_JiTfdloss_ref_3,4.85,1.5
196,User_JiTfdloss_2,5.0,4.0
196,User_JiTfdloss_3,5.0,4.0
197,Sys_JiTfdloss_ref_1,4.12,1.5
197,Sys_JiTfdloss_ref_2,4.12,1.5
197,Sys_JiTfdloss_ref_3,4.85,1.5
197,User_JiTfdloss_2,5.0,3.0
197,User_JiTfdloss_3,5.0,3.0
198,Sys_JiTfdloss_ref_1,4.65,1.5
198,Sys_JiTfdloss_ref_2,4.12,1.5
198,Sys_JiTfdloss_ref_3,4.12,1.5
198,User_JiTfdloss_2,5.0,2.0
198,User_JiTfdloss_3,5.0,2.0
199,Sys_JiTfdloss_ref_1,3.85,2.0
199,Sys_JiTfdloss_ref_2,4.12,2.0
199,Sys_JiTfdloss_ref_3,4.12,2.0
199,User_JiTfdloss_2,2.86,2.0
199,User_JiTfdloss_3,4.29,3.0
200,Sys_JiTfdloss_ref_1,4.85,4.62
200,Sys_JiTfdloss_ref_2,3.42,4.15
200,Sys_JiTfdloss_ref_3,4.65,3.85
200,User_JiTfdloss_2,5.0,3.0
200,User_JiTfdloss_3,5.0,4.0
201,Sys_JiTfdloss_ref_1,3.42,2.85
201,Sys_JiTfdloss_ref_2,3.65,2.85
201,Sys_JiTfdloss_ref_3,3.42,2.85
201,User_JiTfdloss_1,3.75,3.0
201,User_JiTfdloss_2,5.0,3.0
201,User_JiTfdloss_3,3.75,3.0
202,Sys_JiTfdloss_ref_1,4.65,2.0
202,Sys_JiTfdloss_ref_2,4.68,2.0
202,Sys_JiTfdloss_ref_3,4.85,2.0
202,User_JiTfdloss_2,5.0,4.0
202,User_JiTfdloss_3,5.0,4.0
203,Sys_JiTfdloss_ref_1,1.85,1.2
203,Sys_JiTfdloss_ref_2,2.85,1.5
203,Sys_JiTfdloss_ref_3,1.85,1.5
203,User_JiTfdloss_2,3.12,2.0
203,User_JiTfdloss_3,2.86,2.0
204,Sys_JiTfdloss_ref_1,4.12,2.0
204,Sys_JiTfdloss_ref_2,3.42,2.0
204,Sys_JiTfdloss_ref_3,4.12,2.0
204,User_JiTfdloss_2,5.0,2.0
204,User_JiTfdloss_3,5.0,2.0
205,Sys_JiTfdloss_ref_1,2.15,3.0
205,Sys_JiTfdloss_ref_2,2.85,1.92
205,Sys_JiTfdloss_ref_3,2.85,2.15
205,User_JiTfdloss_2,2.86,3.0
205,User_JiTfdloss_3,3.0,4.0
206,Sys_JiTfdloss_ref_1,3.85,2.65
206,Sys_JiTfdloss_ref_2,4.15,3.85
206,Sys_JiTfdloss_ref_3,3.65,2.85
206,User_JiTfdloss_2,5.0,4.0
206,User_JiTfdloss_3,5.0,2.0
207,Sys_JiTfdloss_ref_1,3.82,1.47
207,Sys_JiTfdloss_ref_2,3.82,1.47
207,Sys_JiTfdloss_ref_3,3.65,1.85
207,User_JiTfdloss_1,4.17,2.0
207,User_JiTfdloss_2,4.17,1.0
207,User_JiTfdloss_3,4.17,1.0
208,Sys_JiTfdloss_ref_1,2.85,1.92
208,Sys_JiTfdloss_ref_2,4.35,2.85
208,Sys_JiTfdloss_ref_3,4.35,3.82
208,User_JiTfdloss_2,4.38,2.0
208,User_JiTfdloss_3,4.38,4.0
209,Sys_JiTfdloss_ref_1,4.12,2.0
209,Sys_JiTfdloss_ref_2,3.82,2.0
209,Sys_JiTfdloss_ref_3,4.35,2.0
209,User_JiTfdloss_1,4.17,3.0
209,User_JiTfdloss_2,4.17,3.0
209,User_JiTfdloss_3,5.0,3.0
210,Sys_JiTfdloss_ref_1,4.85,1.5
210,Sys_JiTfdloss_ref_2,4.35,3.82
210,Sys_JiTfdloss_ref_3,4.65,3.85
210,User_JiTfdloss_1,5.0,4.0
210,User_JiTfdloss_2,5.0,2.0
210,User_JiTfdloss_3,5.0,4.0
211,Sys_JiTfdloss_ref_1,4.12,1.5
211,Sys_JiTfdloss_ref_2,4.12,1.5
211,Sys_JiTfdloss_ref_3,4.65,1.5
211,User_JiTfdloss_1,5.0,3.0
211,User_JiTfdloss_2,5.0,2.0
211,User_JiTfdloss_3,5.0,3.0
212,Sys_JiTfdloss_ref_1,4.92,1.5
212,Sys_JiTfdloss_ref_2,4.85,1.5
212,Sys_JiTfdloss_ref_3,4.92,1.5
212,User_JiTfdloss_2,5.0,4.0
212,User_JiTfdloss_3,5.0,4.0
213,Sys_JiTfdloss_ref_1,4.65,1.5
213,Sys_JiTfdloss_ref_2,4.85,1.5
213,Sys_JiTfdloss_ref_3,4.12,1.5
213,User_JiTfdloss_1,5.0,4.0
213,User_JiTfdloss_2,5.0,4.0
213,User_JiTfdloss_3,5.0,2.0
214,Sys_JiTfdloss_ref_1,4.85,2.0
214,Sys_JiTfdloss_ref_2,4.82,2.0
214,Sys_JiTfdloss_ref_3,4.85,2.0
214,User_JiTfdloss_1,5.0,4.0
214,User_JiTfdloss_2,5.0,2.0
214,User_JiTfdloss_3,5.0,4.0
215,Sys_JiTfdloss_ref_1,4.82,1.5
215,Sys_JiTfdloss_ref_2,4.65,1.5
215,Sys_JiTfdloss_ref_3,4.85,1.5
215,User_JiTfdloss_1,5.0,2.0
215,User_JiTfdloss_2,5.0,3.0
215,User_JiTfdloss_3,5.0,3.0
216,Sys_JiTfdloss_ref_1,4.62,2.0
216,Sys_JiTfdloss_ref_2,4.65,2.0
216,Sys_JiTfdloss_ref_3,4.68,2.0
216,User_JiTfdloss_1,5.0,4.0
216,User_JiTfdloss_2,5.0,4.0
216,User_JiTfdloss_3,5.0,4.0
217,Sys_JiTfdloss_ref_1,4.92,4.65
217,Sys_JiTfdloss_ref_2,4.82,3.65
217,Sys_JiTfdloss_ref_3,4.82,3.65
217,User_JiTfdloss_1,5.0,5.0
217,User_JiTfdloss_2,5.0,4.0
217,User_JiTfdloss_3,5.0,5.0
218,Sys_JiTfdloss_ref_1,4.65,1.5
218,Sys_JiTfdloss_ref_2,4.85,1.5
218,Sys_JiTfdloss_ref_3,4.65,1.5
218,User_JiTfdloss_1,5.0,3.0
218,User_JiTfdloss_2,5.0,3.0
218,User_JiTfdloss_3,5.0,2.0
219,Sys_JiTfdloss_ref_1,4.92,3.0
219,Sys_JiTfdloss_ref_2,4.92,3.0
219,Sys_JiTfdloss_ref_3,4.92,3.0
219,User_JiTfdloss_1,5.0,4.0
219,User_JiTfdloss_2,5.0,4.0
219,User_JiTfdloss_3,5.0,4.0
220,Sys_JiTfdloss_ref_1,4.12,3.65
220,Sys_JiTfdloss_ref_2,4.85,3.6
220,Sys_JiTfdloss_ref_3,4.92,4.85
220,User_JiTfdloss_1,5.0,4.0
220,User_JiTfdloss_2,5.0,4.0
220,User_JiTfdloss_3,5.0,4.0
221,Sys_JiTfdloss_ref_1,4.98,4.96
221,Sys_JiTfdloss_ref_2,4.98,4.95
221,Sys_JiTfdloss_ref_3,4.98,4.96
221,User_JiTfdloss_1,5.0,5.0
221,User_JiTfdloss_2,5.0,5.0
221,User_JiTfdloss_3,5.0,5.0
222,Sys_JiTfdloss_ref_1,4.65,4.72
222,Sys_JiTfdloss_ref_2,4.62,3.85
222,Sys_JiTfdloss_ref_3,3.42,2.85
222,User_JiTfdloss_1,4.38,4.0
222,User_JiTfdloss_2,4.38,4.0
222,User_JiTfdloss_3,4.38,4.0
223,Sys_JiTfdloss_ref_1,4.98,4.85
223,Sys_JiTfdloss_ref_2,4.98,4.85
223,Sys_JiTfdloss_ref_3,4.85,3.6
223,User_JiTfdloss_1,5.0,5.0
223,User_JiTfdloss_2,5.0,5.0
223,User_JiTfdloss_3,5.0,5.0
224,Sys_JiTfdloss_ref_1,4.98,4.95
224,Sys_JiTfdloss_ref_2,5.0,5.0
224,Sys_JiTfdloss_ref_3,4.92,4.85
224,User_JiTfdloss_1,5.0,5.0
224,User_JiTfdloss_2,5.0,5.0
224,User_JiTfdloss_3,5.0,5.0
225,Sys_JiTfdloss_ref_1,5.0,5.0
225,Sys_JiTfdloss_ref_2,5.0,5.0
225,Sys_JiTfdloss_ref_3,4.12,3.85
225,User_JiTfdloss_1,5.0,5.0
225,User_JiTfdloss_2,5.0,5.0
225,User_JiTfdloss_3,4.38,5.0
226,Sys_JiTfdloss_ref_1,5.0,5.0
226,Sys_JiTfdloss_ref_2,5.0,5.0
226,Sys_JiTfdloss_ref_3,5.0,5.0
226,User_JiTfdloss_1,5.0,5.0
226,User_JiTfdloss_2,5.0,5.0
226,User_JiTfdloss_3,5.0,5.0
227,Sys_JiTfdloss_ref_1,4.92,4.95
227,Sys_JiTfdloss_ref_2,4.98,4.96
227,Sys_JiTfdloss_ref_3,5.0,5.0
227,User_JiTfdloss_1,5.0,5.0
227,User_JiTfdloss_2,5.0,5.0
227,User_JiTfdloss_3,5.0,5.0
228,Sys_JiTfdloss_ref_1,3.65,2.85
228,Sys_JiTfdloss_ref_2,2.85,2.1
228,Sys_JiTfdloss_ref_3,2.85,2.1
228,User_JiTfdloss_1,0.0,4.0
228,User_JiTfdloss_2,3.75,4.0
228,User_JiTfdloss_3,3.12,4.0
229,Sys_JiTfdloss_ref_1,4.85,3.65
229,Sys_JiTfdloss_ref_2,4.85,4.62
229,Sys_JiTfdloss_ref_3,5.0,5.0
229,User_JiTfdloss_1,5.0,5.0
229,User_JiTfdloss_2,5.0,4.0
229,User_JiTfdloss_3,5.0,5.0
230,Sys_JiTfdloss_ref_1,4.92,4.95
230,Sys_JiTfdloss_ref_2,4.85,4.92
230,Sys_JiTfdloss_ref_3,4.85,4.92
230,User_JiTfdloss_1,5.0,5.0
230,User_JiTfdloss_2,5.0,5.0
230,User_JiTfdloss_3,5.0,5.0
231,Sys_JiTfdloss_ref_1,2.85,2.9
231,Sys_JiTfdloss_ref_2,3.65,4.12
231,Sys_JiTfdloss_ref_3,2.85,2.6
231,User_JiTfdloss_1,3.57,4.0
231,User_JiTfdloss_2,2.86,2.0
231,User_JiTfdloss_3,2.86,2.0
232,Sys_JiTfdloss_ref_1,4.92,4.95
232,Sys_JiTfdloss_ref_2,4.72,3.65
232,Sys_JiTfdloss_ref_3,4.92,4.95
232,User_JiTfdloss_1,5.0,5.0
232,User_JiTfdloss_2,5.0,4.0
232,User_JiTfdloss_3,5.0,5.0
233,Sys_JiTfdloss_ref_1,4.98,4.95
233,Sys_JiTfdloss_ref_2,4.92,4.95
233,Sys_JiTfdloss_ref_3,4.85,4.72
233,User_JiTfdloss_1,5.0,5.0
233,User_JiTfdloss_2,5.0,5.0
233,User_JiTfdloss_3,5.0,5.0
234,Sys_JiTfdloss_ref_1,4.85,3.42
234,Sys_JiTfdloss_ref_2,4.85,3.8
234,Sys_JiTfdloss_ref_3,4.85,3.65
234,User_JiTfdloss_1,5.0,4.0
234,User_JiTfdloss_2,5.0,4.0
234,User_JiTfdloss_3,5.0,4.0
235,Sys_JiTfdloss_ref_1,4.85,3.75
235,Sys_JiTfdloss_ref_2,4.92,4.95
235,Sys_JiTfdloss_ref_3,4.75,2.8
235,User_JiTfdloss_1,5.0,3.0
235,User_JiTfdloss_2,5.0,5.0
235,User_JiTfdloss_3,5.0,3.0
236,Sys_JiTfdloss_ref_1,4.85,3.65
236,Sys_JiTfdloss_ref_2,4.35,2.85
236,Sys_JiTfdloss_ref_3,4.35,2.85
236,User_JiTfdloss_1,5.0,5.0
236,User_JiTfdloss_2,5.0,5.0
236,User_JiTfdloss_3,5.0,3.0
237,Sys_JiTfdloss_ref_1,4.92,4.98
237,Sys_JiTfdloss_ref_2,4.92,4.95
237,Sys_JiTfdloss_ref_3,4.92,4.95
237,User_JiTfdloss_1,5.0,5.0
237,User_JiTfdloss_2,5.0,5.0
237,User_JiTfdloss_3,5.0,5.0
238,Sys_JiTfdloss_ref_1,4.85,3.6
238,Sys_JiTfdloss_ref_2,4.95,4.98
238,Sys_JiTfdloss_ref_3,4.65,2.85
238,User_JiTfdloss_1,5.0,4.0
238,User_JiTfdloss_2,5.0,4.0
238,User_JiTfdloss_3,5.0,3.0
239,Sys_JiTfdloss_ref_1,0.85,3.62
239,Sys_JiTfdloss_ref_2,1.25,2.85
239,Sys_JiTfdloss_ref_3,1.25,3.85
239,User_JiTfdloss_1,1.43,3.0
239,User_JiTfdloss_2,1.43,4.0
239,User_JiTfdloss_3,1.43,3.0
240,Sys_JiTfdloss_ref_1,3.42,2.15
240,Sys_JiTfdloss_ref_2,3.82,3.0
240,Sys_JiTfdloss_ref_3,3.85,2.65
240,User_JiTfdloss_1,3.57,3.0
240,User_JiTfdloss_2,4.17,3.0
240,User_JiTfdloss_3,4.17,3.0
241,Sys_JiTfdloss_ref_1,3.42,1.5
241,Sys_JiTfdloss_ref_2,3.42,1.5
241,Sys_JiTfdloss_ref_3,4.12,1.5
241,User_JiTfdloss_1,4.17,2.0
241,User_JiTfdloss_2,4.0,2.0
241,User_JiTfdloss_3,4.0,2.0
242,Sys_JiTfdloss_ref_1,4.92,3.0
242,Sys_JiTfdloss_ref_2,4.62,3.0
242,Sys_JiTfdloss_ref_3,4.82,3.0
242,User_JiTfdloss_1,5.0,4.0
242,User_JiTfdloss_2,5.0,5.0
242,User_JiTfdloss_3,5.0,5.0
243,Sys_JiTfdloss_ref_1,3.62,2.0
243,Sys_JiTfdloss_ref_2,3.42,2.0
243,Sys_JiTfdloss_ref_3,3.65,2.0
243,User_JiTfdloss_1,4.0,3.0
243,User_JiTfdloss_2,4.0,2.0
243,User_JiTfdloss_3,4.0,2.0
244,Sys_JiTfdloss_ref_1,3.82,3.65
244,Sys_JiTfdloss_ref_2,4.85,4.92
244,Sys_JiTfdloss_ref_3,3.82,3.65
244,User_JiTfdloss_1,4.0,5.0
244,User_JiTfdloss_2,4.0,4.0
244,User_JiTfdloss_3,4.0,4.0
245,Sys_JiTfdloss_ref_1,3.42,2.0
245,Sys_JiTfdloss_ref_2,3.65,2.0
245,Sys_JiTfdloss_ref_3,3.45,2.0
245,User_JiTfdloss_1,4.0,2.0
245,User_JiTfdloss_2,3.33,3.0
245,User_JiTfdloss_3,4.17,2.0
246,Sys_JiTfdloss_ref_1,4.68,3.85
246,Sys_JiTfdloss_ref_2,4.12,3.65
246,Sys_JiTfdloss_ref_3,4.68,3.85
246,User_JiTfdloss_1,5.0,4.0
246,User_JiTfdloss_2,5.0,4.0
246,User_JiTfdloss_3,5.0,4.0
247,Sys_JiTfdloss_ref_1,4.12,1.5
247,Sys_JiTfdloss_ref_2,3.85,1.5
247,Sys_JiTfdloss_ref_3,3.85,1.5
247,User_JiTfdloss_1,5.0,3.0
247,User_JiTfdloss_2,5.0,4.0
247,User_JiTfdloss_3,5.0,3.0
248,Sys_JiTfdloss_ref_1,4.12,1.85
248,Sys_JiTfdloss_ref_2,4.85,2.15
248,Sys_JiTfdloss_ref_3,4.12,2.85
248,User_JiTfdloss_1,5.0,2.0
248,User_JiTfdloss_2,5.0,3.0
248,User_JiTfdloss_3,5.0,3.0
249,Sys_JiTfdloss_ref_1,2.85,2.0
249,Sys_JiTfdloss_ref_2,2.85,1.92
249,Sys_JiTfdloss_ref_3,2.85,2.0
249,User_JiTfdloss_1,3.0,1.0
249,User_JiTfdloss_2,3.0,2.0
249,User_JiTfdloss_3,3.0,3.0
250,Sys_JiTfdloss_ref_1,4.15,1.5
250,Sys_JiTfdloss_ref_2,4.65,1.5
250,Sys_JiTfdloss_ref_3,4.85,1.5
250,User_JiTfdloss_1,5.0,3.0
250,User_JiTfdloss_2,5.0,3.0
250,User_JiTfdloss_3,5.0,4.0
251,Sys_JiTfdloss_ref_1,4.15,1.5
251,Sys_JiTfdloss_ref_2,4.65,1.5
251,Sys_JiTfdloss_ref_3,4.85,1.5
251,User_JiTfdloss_1,5.0,2.0
251,User_JiTfdloss_2,5.0,2.0
251,User_JiTfdloss_3,5.0,2.0
252,Sys_JiTfdloss_ref_1,3.65,1.5
252,Sys_JiTfdloss_ref_2,1.65,0.85
252,Sys_JiTfdloss_ref_3,3.85,1.5
252,User_JiTfdloss_1,4.0,2.0
252,User_JiTfdloss_2,4.0,1.0
252,User_JiTfdloss_3,1.43,2.0
253,Sys_JiTfdloss_ref_1,3.85,1.5
253,Sys_JiTfdloss_ref_2,2.85,1.5
253,Sys_JiTfdloss_ref_3,1.85,1.2
253,User_JiTfdloss_1,1.43,1.0
253,User_JiTfdloss_2,5.0,2.0
253,User_JiTfdloss_3,1.43,2.0
254,Sys_JiTfdloss_ref_1,4.65,2.0
254,Sys_JiTfdloss_ref_2,4.12,2.0
254,Sys_JiTfdloss_ref_3,4.15,2.0
254,User_JiTfdloss_1,4.17,3.0
254,User_JiTfdloss_2,4.17,2.0
254,User_JiTfdloss_3,4.17,3.0
255,Sys_JiTfdloss_ref_1,2.85,2.0
255,Sys_JiTfdloss_ref_2,2.85,2.0
255,Sys_JiTfdloss_ref_3,2.15,2.0
255,User_JiTfdloss_1,3.75,2.0
255,User_JiTfdloss_2,3.75,2.0
255,User_JiTfdloss_3,3.75,3.0
256,Sys_JiTfdloss_ref_1,2.85,1.5
256,Sys_JiTfdloss_ref_2,3.85,1.5
256,Sys_JiTfdloss_ref_3,3.45,1.5
256,User_JiTfdloss_1,5.0,2.0
256,User_JiTfdloss_2,4.0,2.0
256,User_JiTfdloss_3,4.0,2.0
257,Sys_JiTfdloss_ref_1,4.12,1.5
257,Sys_JiTfdloss_ref_2,4.15,2.85
257,Sys_JiTfdloss_ref_3,4.65,1.5
257,User_JiTfdloss_1,5.0,3.0
257,User_JiTfdloss_2,4.17,3.0
257,User_JiTfdloss_3,4.17,3.0
258,Sys_JiTfdloss_ref_1,4.65,1.5
258,Sys_JiTfdloss_ref_2,4.65,1.5
258,Sys_JiTfdloss_ref_3,4.85,1.5
258,User_JiTfdloss_1,5.0,2.0
258,User_JiTfdloss_2,5.0,3.0
258,User_JiTfdloss_3,5.0,3.0
259,Sys_JiTfdloss_ref_1,4.72,3.0
259,Sys_JiTfdloss_ref_2,4.72,3.0
259,Sys_JiTfdloss_ref_3,4.12,2.85
259,User_JiTfdloss_1,5.0,3.0
259,User_JiTfdloss_2,5.0,3.0
259,User_JiTfdloss_3,5.0,4.0
260,Sys_JiTfdloss_ref_1,3.85,2.15
260,Sys_JiTfdloss_ref_2,3.85,2.15
260,Sys_JiTfdloss_ref_3,1.85,1.2
260,User_JiTfdloss_1,5.0,2.0
260,User_JiTfdloss_2,2.86,2.0
260,User_JiTfdloss_3,5.0,1.0
261,Sys_JiTfdloss_ref_1,0.85,0.92
261,Sys_JiTfdloss_ref_2,1.35,0.85
261,Sys_JiTfdloss_ref_3,1.25,0.85
261,User_JiTfdloss_1,1.25,1.0
261,User_JiTfdloss_2,0.0,1.0
261,User_JiTfdloss_3,1.25,1.0
262,Sys_JiTfdloss_ref_1,4.65,4.12
262,Sys_JiTfdloss_ref_2,4.65,3.85
262,Sys_JiTfdloss_ref_3,4.65,3.85
262,User_JiTfdloss_1,4.38,4.0
262,User_JiTfdloss_2,4.38,4.0
262,User_JiTfdloss_3,4.38,3.0
263,Sys_JiTfdloss_ref_1,4.82,1.5
263,Sys_JiTfdloss_ref_2,4.12,1.5
263,Sys_JiTfdloss_ref_3,4.12,1.5
263,User_JiTfdloss_1,5.0,4.0
263,User_JiTfdloss_2,5.0,3.0
263,User_JiTfdloss_3,5.0,4.0
264,Sys_JiTfdloss_ref_1,3.82,3.65
264,Sys_JiTfdloss_ref_2,3.85,2.65
264,Sys_JiTfdloss_ref_3,3.85,2.15
264,User_JiTfdloss_1,4.17,3.0
264,User_JiTfdloss_2,5.0,2.0
264,User_JiTfdloss_3,0.0,4.0
265,Sys_JiTfdloss_ref_1,4.85,3.65
265,Sys_JiTfdloss_ref_2,4.85,3.72
265,Sys_JiTfdloss_ref_3,5.0,4.6
265,User_JiTfdloss_1,5.0,4.0
265,User_JiTfdloss_2,4.38,4.0
265,User_JiTfdloss_3,5.0,4.0
266,Sys_JiTfdloss_ref_1,2.85,1.92
266,Sys_JiTfdloss_ref_2,3.42,2.15
266,Sys_JiTfdloss_ref_3,3.42,2.85
266,User_JiTfdloss_1,2.86,2.0
266,User_JiTfdloss_2,2.86,2.0
266,User_JiTfdloss_3,2.86,1.0
267,Sys_JiTfdloss_ref_1,3.65,4.25
267,Sys_JiTfdloss_ref_2,3.65,3.82
267,Sys_JiTfdloss_ref_3,2.85,3.62
267,User_JiTfdloss_1,3.75,4.0
267,User_JiTfdloss_2,3.75,4.0
267,User_JiTfdloss_3,3.75,4.0
268,Sys_JiTfdloss_ref_1,3.85,2.0
268,Sys_JiTfdloss_ref_2,4.65,2.0
268,Sys_JiTfdloss_ref_3,3.85,2.0
268,User_JiTfdloss_1,5.0,2.0
268,User_JiTfdloss_2,3.75,4.0
268,User_JiTfdloss_3,5.0,4.0
269,Sys_JiTfdloss_ref_1,2.85,1.5
269,Sys_JiTfdloss_ref_2,1.85,1.2
269,Sys_JiTfdloss_ref_3,1.25,1.5
269,User_JiTfdloss_1,2.5,1.0
269,User_JiTfdloss_2,2.5,1.0
269,User_JiTfdloss_3,4.29,1.0
270,Sys_JiTfdloss_ref_1,4.15,2.85
270,Sys_JiTfdloss_ref_2,4.68,3.0
270,Sys_JiTfdloss_ref_3,4.15,2.85
270,User_JiTfdloss_1,5.0,3.0
270,User_JiTfdloss_2,4.44,3.0
270,User_JiTfdloss_3,5.0,3.0
271,Sys_JiTfdloss_ref_1,4.85,3.65
271,Sys_JiTfdloss_ref_2,4.82,3.65
271,Sys_JiTfdloss_ref_3,4.82,4.15
271,User_JiTfdloss_1,5.0,4.0
271,User_JiTfdloss_2,5.0,4.0
271,User_JiTfdloss_3,5.0,4.0
272,Sys_JiTfdloss_ref_1,3.42,2.15
272,Sys_JiTfdloss_ref_2,3.85,2.95
272,Sys_JiTfdloss_ref_3,3.82,2.65
272,User_JiTfdloss_1,2.86,4.0
272,User_JiTfdloss_2,2.86,2.0
272,User_JiTfdloss_3,3.33,3.0
273,Sys_JiTfdloss_ref_1,4.82,3.65
273,Sys_JiTfdloss_ref_2,4.68,3.42
273,Sys_JiTfdloss_ref_3,4.82,3.65
273,User_JiTfdloss_1,5.0,4.0
273,User_JiTfdloss_2,5.0,3.0
273,User_JiTfdloss_3,5.0,4.0
274,Sys_JiTfdloss_ref_1,4.85,3.65
274,Sys_JiTfdloss_ref_2,4.62,2.85
274,Sys_JiTfdloss_ref_3,4.62,3.15
274,User_JiTfdloss_1,5.0,4.0
274,User_JiTfdloss_2,5.0,4.0
274,User_JiTfdloss_3,5.0,4.0
275,Sys_JiTfdloss_ref_1,4.12,2.0
275,Sys_JiTfdloss_ref_2,4.68,2.0
275,Sys_JiTfdloss_ref_3,4.12,2.0
275,User_JiTfdloss_1,5.0,3.0
275,User_JiTfdloss_2,5.0,3.0
275,User_JiTfdloss_3,5.0,2.0
276,Sys_JiTfdloss_ref_1,4.85,3.65
276,Sys_JiTfdloss_ref_2,4.82,3.65
276,Sys_JiTfdloss_ref_3,4.85,3.8
276,User_JiTfdloss_1,5.0,4.0
276,User_JiTfdloss_2,5.0,4.0
276,User_JiTfdloss_3,5.0,4.0
277,Sys_JiTfdloss_ref_1,4.85,4.12
277,Sys_JiTfdloss_ref_2,4.85,1.5
277,Sys_JiTfdloss_ref_3,4.15,1.5
277,User_JiTfdloss_1,5.0,4.0
277,User_JiTfdloss_2,5.0,4.0
277,User_JiTfdloss_3,5.0,2.0
278,Sys_JiTfdloss_ref_1,4.62,3.85
278,Sys_JiTfdloss_ref_2,4.65,3.85
278,Sys_JiTfdloss_ref_3,4.65,3.85
278,User_JiTfdloss_1,4.44,4.0
278,User_JiTfdloss_2,5.0,4.0
278,User_JiTfdloss_3,5.0,4.0
279,Sys_JiTfdloss_ref_1,3.85,1.5
279,Sys_JiTfdloss_ref_2,4.85,1.5
279,Sys_JiTfdloss_ref_3,3.85,1.5
279,User_JiTfdloss_1,5.0,4.0
279,User_JiTfdloss_2,5.0,4.0
279,User_JiTfdloss_3,5.0,4.0
280,Sys_JiTfdloss_ref_1,4.85,2.65
280,Sys_JiTfdloss_ref_2,4.85,3.2
280,Sys_JiTfdloss_ref_3,4.85,2.15
280,User_JiTfdloss_1,5.0,3.0
280,User_JiTfdloss_2,5.0,3.0
280,User_JiTfdloss_3,5.0,3.0
281,Sys_JiTfdloss_ref_1,3.15,3.85
281,Sys_JiTfdloss_ref_2,3.45,2.8
281,Sys_JiTfdloss_ref_3,4.15,3.85
281,User_JiTfdloss_1,3.33,3.0
281,User_JiTfdloss_2,3.33,3.0
281,User_JiTfdloss_3,3.33,3.0
282,Sys_JiTfdloss_ref_1,4.15,1.5
282,Sys_JiTfdloss_ref_2,3.65,1.5
282,Sys_JiTfdloss_ref_3,2.85,1.5
282,User_JiTfdloss_1,4.38,3.0
282,User_JiTfdloss_2,4.38,3.0
282,User_JiTfdloss_3,3.75,3.0
283,Sys_JiTfdloss_ref_1,4.12,1.5
283,Sys_JiTfdloss_ref_2,4.12,1.5
283,Sys_JiTfdloss_ref_3,4.15,1.5
283,User_JiTfdloss_1,4.17,4.0
283,User_JiTfdloss_2,4.17,2.0
283,User_JiTfdloss_3,4.17,2.0
284,Sys_JiTfdloss_ref_1,3.82,1.5
284,Sys_JiTfdloss_ref_2,3.42,1.5
284,Sys_JiTfdloss_ref_3,3.42,1.5
284,User_JiTfdloss_1,3.57,2.0
284,User_JiTfdloss_2,3.57,2.0
284,User_JiTfdloss_3,3.57,2.0
285,Sys_JiTfdloss_ref_1,1.85,1.92
285,Sys_JiTfdloss_ref_2,2.15,2.0
285,Sys_JiTfdloss_ref_3,2.15,2.0
285,User_JiTfdloss_1,4.38,3.0
285,User_JiTfdloss_2,4.38,2.0
285,User_JiTfdloss_3,4.38,2.0
286,Sys_JiTfdloss_ref_1,4.65,1.5
286,Sys_JiTfdloss_ref_2,4.65,1.5
286,Sys_JiTfdloss_ref_3,3.85,1.5
286,User_JiTfdloss_1,5.0,2.0
286,User_JiTfdloss_2,5.0,4.0
286,User_JiTfdloss_3,5.0,3.0
287,Sys_JiTfdloss_ref_1,4.85,4.72
287,Sys_JiTfdloss_ref_2,4.85,3.75
287,Sys_JiTfdloss_ref_3,4.65,3.85
287,User_JiTfdloss_1,4.17,4.0
287,User_JiTfdloss_2,4.17,5.0
287,User_JiTfdloss_3,4.17,5.0
288,Sys_JiTfdloss_ref_1,4.82,3.65
288,Sys_JiTfdloss_ref_2,4.68,3.85
288,Sys_JiTfdloss_ref_3,4.85,3.65
288,User_JiTfdloss_1,5.0,4.0
288,User_JiTfdloss_2,5.0,4.0
288,User_JiTfdloss_3,5.0,4.0
289,Sys_JiTfdloss_ref_1,4.85,3.65
289,Sys_JiTfdloss_ref_2,4.85,3.6
289,Sys_JiTfdloss_ref_3,4.65,2.85
289,User_JiTfdloss_1,4.44,4.0
289,User_JiTfdloss_2,4.44,4.0
289,User_JiTfdloss_3,4.44,4.0
290,Sys_JiTfdloss_ref_1,4.65,3.85
290,Sys_JiTfdloss_ref_2,4.65,3.85
290,Sys_JiTfdloss_ref_3,4.65,3.85
290,User_JiTfdloss_1,5.0,4.0
290,User_JiTfdloss_2,5.0,3.0
290,User_JiTfdloss_3,4.38,3.0
291,Sys_JiTfdloss_ref_1,4.65,1.5
291,Sys_JiTfdloss_ref_2,4.65,1.5
291,Sys_JiTfdloss_ref_3,4.12,1.5
291,User_JiTfdloss_1,4.17,2.0
291,User_JiTfdloss_2,4.17,3.0
291,User_JiTfdloss_3,5.0,4.0
292,Sys_JiTfdloss_ref_1,4.82,3.0
292,Sys_JiTfdloss_ref_2,4.15,2.85
292,Sys_JiTfdloss_ref_3,4.35,3.0
292,User_JiTfdloss_1,4.38,4.0
292,User_JiTfdloss_2,4.38,4.0
292,User_JiTfdloss_3,4.38,4.0
293,Sys_JiTfdloss_ref_1,4.85,2.0
293,Sys_JiTfdloss_ref_2,4.12,2.0
293,Sys_JiTfdloss_ref_3,4.15,2.0
293,User_JiTfdloss_1,4.29,2.0
293,User_JiTfdloss_2,4.29,4.0
293,User_JiTfdloss_3,4.38,2.0
294,Sys_JiTfdloss_ref_1,4.85,1.5
294,Sys_JiTfdloss_ref_2,4.65,1.5
294,Sys_JiTfdloss_ref_3,4.85,1.5
294,User_JiTfdloss_1,5.0,4.0
294,User_JiTfdloss_2,5.0,3.0
294,User_JiTfdloss_3,5.0,4.0
295,Sys_JiTfdloss_ref_1,4.12,1.5
295,Sys_JiTfdloss_ref_2,3.85,1.5
295,Sys_JiTfdloss_ref_3,4.12,1.5
295,User_JiTfdloss_1,4.29,2.0
295,User_JiTfdloss_2,4.29,2.0
295,User_JiTfdloss_3,3.75,4.0
296,Sys_JiTfdloss_ref_1,4.85,1.5
296,Sys_JiTfdloss_ref_2,4.85,1.5
296,Sys_JiTfdloss_ref_3,4.82,3.65
296,User_JiTfdloss_1,3.75,4.0
296,User_JiTfdloss_2,3.75,4.0
296,User_JiTfdloss_3,3.75,4.0
297,Sys_JiTfdloss_ref_1,4.82,3.0
297,Sys_JiTfdloss_ref_2,4.65,3.0
297,Sys_JiTfdloss_ref_3,4.12,2.85
297,User_JiTfdloss_1,4.29,3.0
297,User_JiTfdloss_2,4.29,3.0
297,User_JiTfdloss_3,4.29,3.0
298,Sys_JiTfdloss_ref_1,4.85,1.5
298,Sys_JiTfdloss_ref_2,4.12,1.5
298,Sys_JiTfdloss_ref_3,4.65,1.5
298,User_JiTfdloss_1,4.0,3.0
298,User_JiTfdloss_2,4.0,3.0
298,User_JiTfdloss_3,4.0,2.0
299,Sys_JiTfdloss_ref_1,3.65,1.5
299,Sys_JiTfdloss_ref_2,4.62,1.5
299,Sys_JiTfdloss_ref_3,4.15,1.5
299,User_JiTfdloss_1,4.38,2.0
299,User_JiTfdloss_2,4.38,2.0
299,User_JiTfdloss_3,3.75,2.0
300,Sys_JiTfdloss_ref_1,4.15,1.5
300,Sys_JiTfdloss_ref_2,4.65,1.5
300,Sys_JiTfdloss_ref_3,4.15,1.5
300,User_JiTfdloss_1,5.0,2.0
300,User_JiTfdloss_2,5.0,2.0
300,User_JiTfdloss_3,5.0,3.0
301,Sys_JiTfdloss_ref_1,4.92,3.85
301,Sys_JiTfdloss_ref_2,4.82,3.65
301,Sys_JiTfdloss_ref_3,4.92,3.65
301,User_JiTfdloss_1,5.0,4.0
301,User_JiTfdloss_2,5.0,4.0
301,User_JiTfdloss_3,5.0,4.0
302,Sys_JiTfdloss_ref_1,1.85,1.5
302,Sys_JiTfdloss_ref_2,1.85,4.82
302,Sys_JiTfdloss_ref_3,1.25,1.5
302,User_JiTfdloss_1,3.33,4.0
302,User_JiTfdloss_2,3.33,4.0
302,User_JiTfdloss_3,2.5,4.0
303,Sys_JiTfdloss_ref_1,4.65,1.5
303,Sys_JiTfdloss_ref_2,4.68,1.5
303,Sys_JiTfdloss_ref_3,4.12,1.5
303,User_JiTfdloss_1,5.0,2.0
303,User_JiTfdloss_2,5.0,3.0
303,User_JiTfdloss_3,5.0,3.0
304,Sys_JiTfdloss_ref_1,4.92,3.0
304,Sys_JiTfdloss_ref_2,4.92,3.0
304,Sys_JiTfdloss_ref_3,4.82,3.0
304,User_JiTfdloss_1,5.0,3.0
304,User_JiTfdloss_2,5.0,5.0
304,User_JiTfdloss_3,5.0,3.0
305,Sys_JiTfdloss_ref_1,4.68,2.85
305,Sys_JiTfdloss_ref_2,4.68,3.0
305,Sys_JiTfdloss_ref_3,4.82,2.65
305,User_JiTfdloss_1,5.0,2.0
305,User_JiTfdloss_2,5.0,4.0
305,User_JiTfdloss_3,5.0,4.0
306,Sys_JiTfdloss_ref_1,4.85,3.0
306,Sys_JiTfdloss_ref_2,4.15,2.85
306,Sys_JiTfdloss_ref_3,4.85,3.0
306,User_JiTfdloss_1,5.0,3.0
306,User_JiTfdloss_2,5.0,3.0
306,User_JiTfdloss_3,4.44,4.0
307,Sys_JiTfdloss_ref_1,4.85,4.2
307,Sys_JiTfdloss_ref_2,4.92,3.85
307,Sys_JiTfdloss_ref_3,4.82,3.65
307,User_JiTfdloss_1,5.0,4.0
307,User_JiTfdloss_2,5.0,4.0
307,User_JiTfdloss_3,5.0,4.0
308,Sys_JiTfdloss_ref_1,4.82,3.65
308,Sys_JiTfdloss_ref_2,4.68,3.42
308,Sys_JiTfdloss_ref_3,4.65,3.82
308,User_JiTfdloss_1,5.0,3.0
308,User_JiTfdloss_2,5.0,2.0
308,User_JiTfdloss_3,5.0,4.0
309,Sys_JiTfdloss_ref_1,4.12,1.5
309,Sys_JiTfdloss_ref_2,4.65,1.5
309,Sys_JiTfdloss_ref_3,4.15,1.5
309,User_JiTfdloss_1,5.0,3.0
309,User_JiTfdloss_2,5.0,3.0
309,User_JiTfdloss_3,5.0,4.0
310,Sys_JiTfdloss_ref_1,1.85,2.65
310,Sys_JiTfdloss_ref_2,1.15,3.85
310,Sys_JiTfdloss_ref_3,1.15,3.85
310,User_JiTfdloss_1,1.67,4.0
310,User_JiTfdloss_2,2.22,4.0
310,User_JiTfdloss_3,1.11,4.0
311,Sys_JiTfdloss_ref_1,1.25,1.5
311,Sys_JiTfdloss_ref_2,1.15,1.5
311,Sys_JiTfdloss_ref_3,1.15,1.5
311,User_JiTfdloss_1,1.11,4.0
311,User_JiTfdloss_2,1.67,4.0
311,User_JiTfdloss_3,1.67,3.0
312,Sys_JiTfdloss_ref_1,3.42,2.85
312,Sys_JiTfdloss_ref_2,3.85,2.75
312,Sys_JiTfdloss_ref_3,3.42,3.85
312,User_JiTfdloss_1,3.33,3.0
312,User_JiTfdloss_2,3.89,5.0
312,User_JiTfdloss_3,3.33,4.0
313,Sys_JiTfdloss_ref_1,1.42,4.85
313,Sys_JiTfdloss_ref_2,1.15,4.85
313,User_JiTfdloss_1,1.11,4.0
313,User_JiTfdloss_2,1.11,4.0
313,User_JiTfdloss_3,1.67,5.0
314,Sys_JiTfdloss_ref_1,2.15,3.85
314,Sys_JiTfdloss_ref_2,1.85,3.2
314,Sys_JiTfdloss_ref_3,1.85,3.2
314,User_JiTfdloss_1,2.22,4.0
314,User_JiTfdloss_2,2.78,4.0
314,User_JiTfdloss_3,2.78,3.0
315,Sys_JiTfdloss_ref_1,1.85,2.9
315,Sys_JiTfdloss_ref_2,1.35,2.85
315,Sys_JiTfdloss_ref_3,1.35,3.82
315,User_JiTfdloss_1,2.5,3.0
315,User_JiTfdloss_2,2.5,3.0
315,User_JiTfdloss_3,1.43,3.0
316,Sys_JiTfdloss_ref_1,1.42,1.5
316,Sys_JiTfdloss_ref_2,1.85,1.5
316,Sys_JiTfdloss_ref_3,1.85,1.5
316,User_JiTfdloss_1,2.22,3.0
316,User_JiTfdloss_2,2.22,3.0
316,User_JiTfdloss_3,1.67,3.0
317,Sys_JiTfdloss_ref_1,4.65,3.85
317,Sys_JiTfdloss_ref_2,3.85,2.8
317,Sys_JiTfdloss_ref_3,4.82,3.65
317,User_JiTfdloss_1,5.0,4.0
317,User_JiTfdloss_2,5.0,4.0
317,User_JiTfdloss_3,5.0,4.0
318,Sys_JiTfdloss_ref_1,1.85,1.2
318,Sys_JiTfdloss_ref_2,0.12,0.85
318,Sys_JiTfdloss_ref_3,0.15,0.85
318,User_JiTfdloss_1,0.0,1.0
318,User_JiTfdloss_2,0.0,1.0
318,User_JiTfdloss_3,0.0,1.0
319,Sys_JiTfdloss_ref_1,1.85,1.5
319,Sys_JiTfdloss_ref_2,1.25,1.5
319,Sys_JiTfdloss_ref_3,1.15,1.5
319,User_JiTfdloss_1,1.67,3.0
319,User_JiTfdloss_2,1.11,4.0
319,User_JiTfdloss_3,1.11,3.0
320,Sys_JiTfdloss_ref_1,4.85,3.65
320,Sys_JiTfdloss_ref_2,4.85,3.65
320,Sys_JiTfdloss_ref_3,4.75,3.85
320,User_JiTfdloss_1,5.0,4.0
320,User_JiTfdloss_2,5.0,4.0
320,User_JiTfdloss_3,5.0,4.0
321,Sys_JiTfdloss_ref_1,4.82,2.75
321,Sys_JiTfdloss_ref_2,4.82,3.65
321,Sys_JiTfdloss_ref_3,4.82,3.65
321,User_JiTfdloss_1,5.0,4.0
321,User_JiTfdloss_2,5.0,4.0
321,User_JiTfdloss_3,5.0,4.0
322,Sys_JiTfdloss_ref_1,4.85,3.85
322,Sys_JiTfdloss_ref_2,4.85,3.65
322,Sys_JiTfdloss_ref_3,4.85,4.12
322,User_JiTfdloss_1,5.0,4.0
322,User_JiTfdloss_2,5.0,4.0
322,User_JiTfdloss_3,5.0,4.0
323,Sys_JiTfdloss_ref_1,1.85,3.42
323,Sys_JiTfdloss_ref_2,1.85,3.62
323,Sys_JiTfdloss_ref_3,1.85,3.62
323,User_JiTfdloss_1,3.57,3.0
323,User_JiTfdloss_2,3.57,4.0
323,User_JiTfdloss_3,3.57,4.0
324,Sys_JiTfdloss_ref_1,1.85,3.42
324,Sys_JiTfdloss_ref_2,1.85,3.62
324,Sys_JiTfdloss_ref_3,1.85,3.42
324,User_JiTfdloss_1,3.57,3.0
324,User_JiTfdloss_2,3.57,4.0
324,User_JiTfdloss_3,3.57,3.0
325,Sys_JiTfdloss_ref_1,4.65,3.82
325,Sys_JiTfdloss_ref_2,2.85,2.4
325,Sys_JiTfdloss_ref_3,4.65,3.85
325,User_JiTfdloss_1,4.29,1.0
325,User_JiTfdloss_2,2.14,1.0
325,User_JiTfdloss_3,4.29,4.0
326,Sys_JiTfdloss_ref_1,1.85,3.62
326,Sys_JiTfdloss_ref_2,1.85,3.62
326,Sys_JiTfdloss_ref_3,1.25,4.15
326,User_JiTfdloss_1,3.57,4.0
326,User_JiTfdloss_2,4.17,4.0
326,User_JiTfdloss_3,3.57,4.0
327,Sys_JiTfdloss_ref_1,4.72,1.85
327,Sys_JiTfdloss_ref_2,4.68,2.85
327,Sys_JiTfdloss_ref_3,4.68,2.15
327,User_JiTfdloss_1,5.0,2.0
327,User_JiTfdloss_2,5.0,2.0
327,User_JiTfdloss_3,5.0,2.0
328,Sys_JiTfdloss_ref_1,4.85,3.75
328,Sys_JiTfdloss_ref_2,4.85,3.8
328,Sys_JiTfdloss_ref_3,4.72,3.85
328,User_JiTfdloss_1,5.0,4.0
328,User_JiTfdloss_2,5.0,4.0
328,User_JiTfdloss_3,5.0,4.0
329,Sys_JiTfdloss_ref_1,4.85,2.1
329,Sys_JiTfdloss_ref_2,4.82,3.65
329,Sys_JiTfdloss_ref_3,4.85,3.62
329,User_JiTfdloss_1,5.0,2.0
329,User_JiTfdloss_2,5.0,4.0
329,User_JiTfdloss_3,5.0,4.0
330,Sys_JiTfdloss_ref_1,4.72,3.85
330,Sys_JiTfdloss_ref_2,4.85,4.2
330,Sys_JiTfdloss_ref_3,5.0,5.0
330,User_JiTfdloss_1,5.0,5.0
330,User_JiTfdloss_2,5.0,5.0
330,User_JiTfdloss_3,5.0,5.0
331,Sys_JiTfdloss_ref_1,2.15,3.85
331,Sys_JiTfdloss_ref_2,1.25,2.8
331,Sys_JiTfdloss_ref_3,1.85,2.4
331,User_JiTfdloss_1,1.43,3.0
331,User_JiTfdloss_2,2.14,4.0
331,User_JiTfdloss_3,1.43,3.0
332,Sys_JiTfdloss_ref_1,4.95,4.85
332,Sys_JiTfdloss_ref_2,5.0,4.9
332,Sys_JiTfdloss_ref_3,5.0,4.8
332,User_JiTfdloss_1,5.0,5.0
332,User_JiTfdloss_2,5.0,5.0
332,User_JiTfdloss_3,5.0,5.0
333,Sys_JiTfdloss_ref_1,4.92,3.85
333,Sys_JiTfdloss_ref_2,4.92,3.85
333,Sys_JiTfdloss_ref_3,4.92,2.85
333,User_JiTfdloss_1,5.0,5.0
333,User_JiTfdloss_2,5.0,5.0
333,User_JiTfdloss_3,5.0,3.0
334,Sys_JiTfdloss_ref_1,3.42,2.85
334,Sys_JiTfdloss_ref_2,2.85,2.0
334,Sys_JiTfdloss_ref_3,4.72,2.85
334,User_JiTfdloss_1,5.0,3.0
334,User_JiTfdloss_2,3.33,2.0
334,User_JiTfdloss_3,5.0,2.0
335,Sys_JiTfdloss_ref_1,4.12,2.85
335,Sys_JiTfdloss_ref_2,4.65,3.2
335,Sys_JiTfdloss_ref_3,4.12,2.85
335,User_JiTfdloss_1,4.17,3.0
335,User_JiTfdloss_2,4.17,3.0
335,User_JiTfdloss_3,4.17,2.0
336,Sys_JiTfdloss_ref_1,4.82,3.65
336,Sys_JiTfdloss_ref_2,4.12,1.85
336,Sys_JiTfdloss_ref_3,4.72,2.85
336,User_JiTfdloss_1,4.17,3.0
336,User_JiTfdloss_2,5.0,3.0
336,User_JiTfdloss_3,4.17,3.0
337,Sys_JiTfdloss_ref_1,2.85,2.15
337,Sys_JiTfdloss_ref_2,1.85,2.1
337,Sys_JiTfdloss_ref_3,2.15,2.8
337,User_JiTfdloss_1,5.0,3.0
337,User_JiTfdloss_2,5.0,2.0
337,User_JiTfdloss_3,5.0,2.0
338,Sys_JiTfdloss_ref_1,2.14,2.85
338,Sys_JiTfdloss_ref_2,3.42,2.85
338,Sys_JiTfdloss_ref_3,3.65,2.0
338,User_JiTfdloss_1,2.14,2.0
338,User_JiTfdloss_2,2.14,3.0
338,User_JiTfdloss_3,2.86,3.0
339,Sys_JiTfdloss_ref_1,3.42,2.15
339,Sys_JiTfdloss_ref_2,4.12,2.85
339,Sys_JiTfdloss_ref_3,4.12,3.68
339,User_JiTfdloss_1,4.0,3.0
339,User_JiTfdloss_2,4.17,3.0
339,User_JiTfdloss_3,5.0,4.0
340,Sys_JiTfdloss_ref_1,4.72,3.85
340,Sys_JiTfdloss_ref_2,4.35,2.85
340,Sys_JiTfdloss_ref_3,4.72,3.65
340,User_JiTfdloss_1,5.0,4.0
340,User_JiTfdloss_2,5.0,4.0
340,User_JiTfdloss_3,4.17,3.0
341,Sys_JiTfdloss_ref_1,4.72,3.85
341,Sys_JiTfdloss_ref_2,4.35,3.82
341,Sys_JiTfdloss_ref_3,4.82,3.65
341,User_JiTfdloss_1,4.29,4.0
341,User_JiTfdloss_2,4.29,4.0
341,User_JiTfdloss_3,4.29,4.0
342,Sys_JiTfdloss_ref_1,4.82,4.65
342,Sys_JiTfdloss_ref_2,4.85,4.62
342,Sys_JiTfdloss_ref_3,4.92,4.85
342,User_JiTfdloss_1,5.0,5.0
342,User_JiTfdloss_2,5.0,5.0
342,User_JiTfdloss_3,5.0,4.0
343,Sys_JiTfdloss_ref_1,4.82,3.85
343,Sys_JiTfdloss_ref_2,4.85,4.92
343,Sys_JiTfdloss_ref_3,4.72,4.35
343,User_JiTfdloss_1,5.0,5.0
343,User_JiTfdloss_2,5.0,4.0
343,User_JiTfdloss_3,5.0,4.0
344,Sys_JiTfdloss_ref_1,4.82,3.65
344,Sys_JiTfdloss_ref_2,4.75,3.85
344,Sys_JiTfdloss_ref_3,4.72,3.15
344,User_JiTfdloss_1,5.0,3.0
344,User_JiTfdloss_2,5.0,4.0
344,User_JiTfdloss_3,5.0,4.0
345,Sys_JiTfdloss_ref_1,4.72,3.85
345,Sys_JiTfdloss_ref_2,4.72,2.85
345,Sys_JiTfdloss_ref_3,4.82,3.65
345,User_JiTfdloss_1,5.0,4.0
345,User_JiTfdloss_2,5.0,3.0
345,User_JiTfdloss_3,5.0,3.0
346,Sys_JiTfdloss_ref_1,4.72,3.85
346,Sys_JiTfdloss_ref_2,4.72,3.85
346,Sys_JiTfdloss_ref_3,4.85,4.62
346,User_JiTfdloss_1,5.0,4.0
346,User_JiTfdloss_2,5.0,4.0
346,User_JiTfdloss_3,5.0,4.0
347,Sys_JiTfdloss_ref_1,4.82,4.15
347,Sys_JiTfdloss_ref_2,4.85,4.92
347,Sys_JiTfdloss_ref_3,4.98,4.95
347,User_JiTfdloss_1,5.0,5.0
347,User_JiTfdloss_2,5.0,5.0
347,User_JiTfdloss_3,5.0,5.0
348,Sys_JiTfdloss_ref_1,4.82,4.65
348,Sys_JiTfdloss_ref_2,4.85,4.72
348,Sys_JiTfdloss_ref_3,4.92,4.95
348,User_JiTfdloss_1,5.0,4.0
348,User_JiTfdloss_2,5.0,5.0
348,User_JiTfdloss_3,5.0,4.0
349,Sys_JiTfdloss_ref_1,4.85,4.92
349,Sys_JiTfdloss_ref_2,4.85,3.65
349,Sys_JiTfdloss_ref_3,4.72,3.85
349,User_JiTfdloss_1,5.0,5.0
349,User_JiTfdloss_2,5.0,4.0
349,User_JiTfdloss_3,5.0,4.0
350,Sys_JiTfdloss_ref_1,4.85,3.92
350,Sys_JiTfdloss_ref_2,4.15,2.85
350,Sys_JiTfdloss_ref_3,4.12,2.85
350,User_JiTfdloss_1,5.0,3.0
350,User_JiTfdloss_2,5.0,3.0
350,User_JiTfdloss_3,4.17,4.0
351,Sys_JiTfdloss_ref_1,4.85,1.5
351,Sys_JiTfdloss_ref_2,4.15,1.5
351,Sys_JiTfdloss_ref_3,5.0,4.8
351,User_JiTfdloss_1,3.12,2.0
351,User_JiTfdloss_2,5.0,3.0
351,User_JiTfdloss_3,5.0,3.0
352,Sys_JiTfdloss_ref_1,4.85,3.62
352,Sys_JiTfdloss_ref_2,4.12,1.5
352,Sys_JiTfdloss_ref_3,4.85,3.65
352,User_JiTfdloss_1,5.0,3.0
352,User_JiTfdloss_2,5.0,4.0
352,User_JiTfdloss_3,5.0,4.0
353,Sys_JiTfdloss_ref_1,4.65,1.5
353,Sys_JiTfdloss_ref_2,3.85,2.9
353,Sys_JiTfdloss_ref_3,2.15,1.5
353,User_JiTfdloss_1,2.22,2.0
353,User_JiTfdloss_2,0.0,2.0
353,User_JiTfdloss_3,0.0,3.0
354,Sys_JiTfdloss_ref_1,4.92,1.5
354,Sys_JiTfdloss_ref_2,4.85,1.5
354,Sys_JiTfdloss_ref_3,4.65,1.5
354,User_JiTfdloss_1,5.0,2.0
354,User_JiTfdloss_2,0.0,2.0
354,User_JiTfdloss_3,5.0,3.0
355,Sys_JiTfdloss_ref_1,4.85,3.75
355,Sys_JiTfdloss_ref_2,4.85,3.75
355,Sys_JiTfdloss_ref_3,4.85,3.75
355,User_JiTfdloss_1,5.0,2.0
355,User_JiTfdloss_2,5.0,3.0
355,User_JiTfdloss_3,5.0,2.0
356,Sys_JiTfdloss_ref_1,4.85,3.62
356,Sys_JiTfdloss_ref_2,4.85,3.72
356,Sys_JiTfdloss_ref_3,4.85,2.15
356,User_JiTfdloss_1,5.0,2.0
356,User_JiTfdloss_2,5.0,4.0
356,User_JiTfdloss_3,5.0,4.0
357,Sys_JiTfdloss_ref_1,4.15,3.65
357,Sys_JiTfdloss_ref_2,4.65,1.5
357,Sys_JiTfdloss_ref_3,3.85,3.6
357,User_JiTfdloss_1,5.0,3.0
357,User_JiTfdloss_2,5.0,3.0
357,User_JiTfdloss_3,3.75,4.0
358,Sys_JiTfdloss_ref_1,4.65,3.85
358,Sys_JiTfdloss_ref_2,3.82,1.5
358,Sys_JiTfdloss_ref_3,4.15,2.85
358,User_JiTfdloss_1,4.44,4.0
358,User_JiTfdloss_2,3.89,1.0
358,User_JiTfdloss_3,4.44,4.0
359,Sys_JiTfdloss_ref_1,2.15,1.2
359,Sys_JiTfdloss_ref_2,2.85,0.92
359,Sys_JiTfdloss_ref_3,2.85,1.2
359,User_JiTfdloss_1,3.12,1.0
359,User_JiTfdloss_2,4.0,2.0
359,User_JiTfdloss_3,3.12,1.0
360,Sys_JiTfdloss_ref_1,3.45,2.85
360,Sys_JiTfdloss_ref_2,4.65,3.85
360,Sys_JiTfdloss_ref_3,4.65,3.85
360,User_JiTfdloss_1,2.78,4.0
360,User_JiTfdloss_2,2.78,3.0
360,User_JiTfdloss_3,5.0,4.0
361,Sys_JiTfdloss_ref_1,4.85,4.92
361,Sys_JiTfdloss_ref_2,4.85,4.92
361,Sys_JiTfdloss_ref_3,4.85,4.92
361,User_JiTfdloss_1,5.0,5.0
361,User_JiTfdloss_2,5.0,5.0
361,User_JiTfdloss_3,5.0,5.0
362,Sys_JiTfdloss_ref_1,1.85,3.2
362,Sys_JiTfdloss_ref_2,1.25,3.65
362,Sys_JiTfdloss_ref_3,1.85,2.4
362,User_JiTfdloss_1,0.56,2.0
362,User_JiTfdloss_2,1.67,3.0
362,User_JiTfdloss_3,0.56,2.0
363,Sys_JiTfdloss_ref_1,3.45,2.15
363,Sys_JiTfdloss_ref_2,4.85,3.2
363,Sys_JiTfdloss_ref_3,4.15,2.85
363,User_JiTfdloss_1,5.0,3.0
363,User_JiTfdloss_2,3.12,3.0
363,User_JiTfdloss_3,3.12,3.0
364,Sys_JiTfdloss_ref_1,4.15,2.85
364,Sys_JiTfdloss_ref_2,4.12,2.85
364,Sys_JiTfdloss_ref_3,1.85,1.92
364,User_JiTfdloss_1,5.0,1.0
364,User_JiTfdloss_2,5.0,1.0
364,User_JiTfdloss_3,5.0,2.0
365,Sys_JiTfdloss_ref_1,4.85,3.42
365,Sys_JiTfdloss_ref_2,2.15,1.85
365,Sys_JiTfdloss_ref_3,3.45,2.85
365,User_JiTfdloss_1,2.78,4.0
365,User_JiTfdloss_2,2.78,2.0
365,User_JiTfdloss_3,2.78,3.0
366,Sys_JiTfdloss_ref_1,4.85,3.62
366,Sys_JiTfdloss_ref_2,4.65,3.85
366,Sys_JiTfdloss_ref_3,4.85,3.75
366,User_JiTfdloss_1,5.0,4.0
366,User_JiTfdloss_2,4.38,4.0
366,User_JiTfdloss_3,5.0,4.0
367,Sys_JiTfdloss_ref_1,1.85,3.42
367,Sys_JiTfdloss_ref_2,1.42,2.85
367,Sys_JiTfdloss_ref_3,1.25,3.85
367,User_JiTfdloss_1,1.11,3.0
367,User_JiTfdloss_2,1.11,3.0
367,User_JiTfdloss_3,1.11,3.0
368,Sys_JiTfdloss_ref_1,2.85,2.1
368,Sys_JiTfdloss_ref_2,1.85,2.4
368,Sys_JiTfdloss_ref_3,2.85,3.6
368,User_JiTfdloss_1,2.22,3.0
368,User_JiTfdloss_2,2.22,3.0
368,User_JiTfdloss_3,2.22,4.0
369,Sys_JiTfdloss_ref_1,1.85,2.4
369,Sys_JiTfdloss_ref_2,1.85,2.4
369,Sys_JiTfdloss_ref_3,2.15,2.8
369,User_JiTfdloss_1,2.22,4.0
369,User_JiTfdloss_2,2.22,4.0
369,User_JiTfdloss_3,2.22,2.0
370,Sys_JiTfdloss_ref_1,4.85,2.65
370,Sys_JiTfdloss_ref_2,4.85,3.75
370,Sys_JiTfdloss_ref_3,4.85,2.65
370,User_JiTfdloss_1,5.0,4.0
370,User_JiTfdloss_2,5.0,3.0
370,User_JiTfdloss_3,5.0,3.0
371,Sys_JiTfdloss_ref_1,4.85,3.75
371,Sys_JiTfdloss_ref_2,4.85,3.75
371,Sys_JiTfdloss_ref_3,4.65,3.85
371,User_JiTfdloss_1,5.0,4.0
371,User_JiTfdloss_2,5.0,4.0
371,User_JiTfdloss_3,5.0,4.0
372,Sys_JiTfdloss_ref_1,4.65,3.2
372,Sys_JiTfdloss_ref_2,4.85,3.6
372,Sys_JiTfdloss_ref_3,4.85,3.72
372,User_JiTfdloss_1,5.0,3.0
372,User_JiTfdloss_2,5.0,3.0
372,User_JiTfdloss_3,5.0,4.0
373,Sys_JiTfdloss_ref_1,4.65,3.85
373,Sys_JiTfdloss_ref_2,4.85,2.15
373,Sys_JiTfdloss_ref_3,4.85,3.65
373,User_JiTfdloss_1,3.33,2.0
373,User_JiTfdloss_2,3.33,2.0
373,User_JiTfdloss_3,3.33,4.0
374,Sys_JiTfdloss_ref_1,2.85,1.42
374,Sys_JiTfdloss_ref_2,4.85,4.72
374,Sys_JiTfdloss_ref_3,4.68,3.42
374,User_JiTfdloss_1,4.44,3.0
374,User_JiTfdloss_2,4.44,3.0
374,User_JiTfdloss_3,4.44,3.0
375,Sys_JiTfdloss_ref_1,1.85,2.4
375,Sys_JiTfdloss_ref_2,1.25,2.8
375,Sys_JiTfdloss_ref_3,1.85,3.2
375,User_JiTfdloss_1,1.67,2.0
375,User_JiTfdloss_2,1.67,2.0
375,User_JiTfdloss_3,1.67,3.0
376,Sys_JiTfdloss_ref_1,4.85,3.72
376,Sys_JiTfdloss_ref_2,4.65,3.25
376,Sys_JiTfdloss_ref_3,4.65,3.82
376,User_JiTfdloss_1,5.0,3.0
376,User_JiTfdloss_2,5.0,4.0
376,User_JiTfdloss_3,5.0,4.0
377,Sys_JiTfdloss_ref_1,4.85,3.72
377,Sys_JiTfdloss_ref_2,4.65,2.85
377,Sys_JiTfdloss_ref_3,4.85,3.72
377,User_JiTfdloss_1,5.0,3.0
377,User_JiTfdloss_2,4.44,4.0
377,User_JiTfdloss_3,5.0,3.0
378,Sys_JiTfdloss_ref_1,4.65,3.82
378,Sys_JiTfdloss_ref_2,4.65,2.85
378,Sys_JiTfdloss_ref_3,4.65,2.85
378,User_JiTfdloss_1,4.38,4.0
378,User_JiTfdloss_2,4.44,2.0
378,User_JiTfdloss_3,4.44,2.0
379,Sys_JiTfdloss_ref_1,4.12,2.85
379,Sys_JiTfdloss_ref_2,4.12,3.85
379,Sys_JiTfdloss_ref_3,4.12,3.68
379,User_JiTfdloss_1,5.0,4.0
379,User_JiTfdloss_2,5.0,4.0
379,User_JiTfdloss_3,5.0,4.0
380,Sys_JiTfdloss_ref_1,4.85,3.75
380,Sys_JiTfdloss_ref_2,4.92,3.85
380,Sys_JiTfdloss_ref_3,4.65,3.85
380,User_JiTfdloss_1,5.0,4.0
380,User_JiTfdloss_2,5.0,4.0
380,User_JiTfdloss_3,5.0,4.0
381,Sys_JiTfdloss_ref_1,4.65,1.5
381,Sys_JiTfdloss_ref_2,4.85,1.5
381,Sys_JiTfdloss_ref_3,4.65,1.5
381,User_JiTfdloss_1,5.0,3.0
381,User_JiTfdloss_2,5.0,4.0
381,User_JiTfdloss_3,5.0,2.0
382,Sys_JiTfdloss_ref_1,4.85,3.62
382,Sys_JiTfdloss_ref_2,2.85,2.4
382,Sys_JiTfdloss_ref_3,4.65,2.85
382,User_JiTfdloss_1,2.86,4.0
382,User_JiTfdloss_2,5.0,2.0
382,User_JiTfdloss_3,2.86,3.0
383,Sys_JiTfdloss_ref_1,4.25,2.8
383,Sys_JiTfdloss_ref_2,4.15,1.82
383,Sys_JiTfdloss_ref_3,1.85,1.2
383,User_JiTfdloss_1,2.22,2.0
383,User_JiTfdloss_2,3.89,2.0
383,User_JiTfdloss_3,3.89,1.0
384,Sys_JiTfdloss_ref_1,4.85,2.0
384,Sys_JiTfdloss_ref_2,4.85,2.0
384,Sys_JiTfdloss_ref_3,4.65,3.85
384,User_JiTfdloss_1,5.0,4.0
384,User_JiTfdloss_2,5.0,4.0
384,User_JiTfdloss_3,5.0,2.0
385,Sys_JiTfdloss_ref_1,0.85,1.2
385,Sys_JiTfdloss_ref_2,0.82,1.15
385,Sys_JiTfdloss_ref_3,0.12,0.85
385,User_JiTfdloss_1,0.56,1.0
385,User_JiTfdloss_2,0.56,1.0
385,User_JiTfdloss_3,0.56,1.0
386,Sys_JiTfdloss_ref_1,4.15,1.5
386,Sys_JiTfdloss_ref_2,4.65,1.5
386,Sys_JiTfdloss_ref_3,4.65,1.5
386,User_JiTfdloss_1,5.0,3.0
386,User_JiTfdloss_2,4.38,2.0
386,User_JiTfdloss_3,4.38,3.0
387,Sys_JiTfdloss_ref_1,4.65,2.85
387,Sys_JiTfdloss_ref_2,4.65,3.82
387,Sys_JiTfdloss_ref_3,4.12,2.35
387,User_JiTfdloss_1,5.0,3.0
387,User_JiTfdloss_2,5.0,3.0
387,User_JiTfdloss_3,5.0,4.0
388,Sys_JiTfdloss_ref_1,1.25,0.85
388,Sys_JiTfdloss_ref_2,3.85,1.2
388,Sys_JiTfdloss_ref_3,1.85,0.92
388,User_JiTfdloss_1,3.33,2.0
388,User_JiTfdloss_2,4.38,2.0
388,User_JiTfdloss_3,4.38,2.0
389,Sys_JiTfdloss_ref_1,4.85,3.75
389,Sys_JiTfdloss_ref_2,4.85,3.2
389,Sys_JiTfdloss_ref_3,4.85,3.75
389,User_JiTfdloss_1,5.0,4.0
389,User_JiTfdloss_2,5.0,4.0
389,User_JiTfdloss_3,5.0,4.0
390,Sys_JiTfdloss_ref_1,3.85,2.65
390,Sys_JiTfdloss_ref_2,4.12,2.85
390,Sys_JiTfdloss_ref_3,3.82,2.15
390,User_JiTfdloss_1,4.17,4.0
390,User_JiTfdloss_2,4.17,4.0
390,User_JiTfdloss_3,4.17,4.0
391,Sys_JiTfdloss_ref_1,3.65,2.8
391,Sys_JiTfdloss_ref_2,4.12,2.85
391,Sys_JiTfdloss_ref_3,4.85,3.75
391,User_JiTfdloss_1,4.17,3.0
391,User_JiTfdloss_2,5.0,4.0
391,User_JiTfdloss_3,4.17,4.0
392,Sys_JiTfdloss_ref_1,4.12,3.68
392,Sys_JiTfdloss_ref_2,2.85,3.62
392,Sys_JiTfdloss_ref_3,2.15,2.85
392,User_JiTfdloss_1,4.17,3.0
392,User_JiTfdloss_2,4.17,4.0
392,User_JiTfdloss_3,3.0,3.0
393,Sys_JiTfdloss_ref_1,4.12,3.68
393,Sys_JiTfdloss_ref_2,3.45,2.85
393,Sys_JiTfdloss_ref_3,3.82,1.47
393,User_JiTfdloss_1,3.57,2.0
393,User_JiTfdloss_2,3.57,2.0
393,User_JiTfdloss_3,3.57,2.0
394,Sys_JiTfdloss_ref_1,3.42,2.85
394,Sys_JiTfdloss_ref_2,2.15,1.85
394,Sys_JiTfdloss_ref_3,2.85,2.4
394,User_JiTfdloss_1,2.22,3.0
394,User_JiTfdloss_2,2.22,3.0
394,User_JiTfdloss_3,2.22,2.0
395,Sys_JiTfdloss_ref_1,4.85,3.72
395,Sys_JiTfdloss_ref_2,4.85,3.72
395,Sys_JiTfdloss_ref_3,4.85,2.75
395,User_JiTfdloss_1,5.0,4.0
395,User_JiTfdloss_2,5.0,4.0
395,User_JiTfdloss_3,5.0,4.0
396,Sys_JiTfdloss_ref_1,0.0,0.85
396,Sys_JiTfdloss_ref_2,0.0,1.25
396,Sys_JiTfdloss_ref_3,0.0,1.25
396,User_JiTfdloss_1,0.0,1.0
396,User_JiTfdloss_2,0.0,1.0
396,User_JiTfdloss_3,0.0,1.0
397,Sys_JiTfdloss_ref_1,0.45,2.85
397,Sys_JiTfdloss_ref_2,0.45,3.62
397,Sys_JiTfdloss_ref_3,0.62,3.45
397,User_JiTfdloss_1,0.56,3.0
397,User_JiTfdloss_2,0.56,3.0
397,User_JiTfdloss_3,0.56,3.0
398,Sys_JiTfdloss_ref_1,3.85,1.5
398,Sys_JiTfdloss_ref_2,3.85,2.75
398,Sys_JiTfdloss_ref_3,3.85,3.92
398,User_JiTfdloss_1,2.86,2.0
398,User_JiTfdloss_2,4.17,3.0
398,User_JiTfdloss_3,3.57,2.0
399,Sys_JiTfdloss_ref_1,2.85,3.42
399,Sys_JiTfdloss_ref_2,1.85,2.1
399,Sys_JiTfdloss_ref_3,2.85,1.92
399,User_JiTfdloss_1,3.33,2.0
399,User_JiTfdloss_2,3.33,2.0
399,User_JiTfdloss_3,3.33,2.0
400,Sys_JiTfdloss_ref_1,4.85,1.2
400,Sys_JiTfdloss_ref_2,4.85,2.15
400,Sys_JiTfdloss_ref_3,4.85,2.15
400,User_JiTfdloss_1,5.0,1.0
400,User_JiTfdloss_2,5.0,2.0
400,User_JiTfdloss_3,5.0,1.0
401,Sys_JiTfdloss_ref_1,4.85,1.2
401,Sys_JiTfdloss_ref_2,4.15,1.85
401,Sys_JiTfdloss_ref_3,3.85,1.25
401,User_JiTfdloss_1,5.0,2.0
401,User_JiTfdloss_2,4.17,1.0
401,User_JiTfdloss_3,5.0,4.0
402,Sys_JiTfdloss_ref_1,4.92,4.65
402,Sys_JiTfdloss_ref_2,4.85,3.65
402,Sys_JiTfdloss_ref_3,4.85,3.65
402,User_JiTfdloss_1,5.0,4.0
402,User_JiTfdloss_2,5.0,5.0
402,User_JiTfdloss_3,5.0,5.0
403,Sys_JiTfdloss_ref_1,1.85,1.6
403,Sys_JiTfdloss_ref_2,4.85,3.72
403,Sys_JiTfdloss_ref_3,1.85,1.2
403,User_JiTfdloss_1,5.0,2.0
403,User_JiTfdloss_2,5.0,4.0
403,User_JiTfdloss_3,2.14,3.0
404,Sys_JiTfdloss_ref_1,4.85,1.8
404,Sys_JiTfdloss_ref_2,4.15,1.85
404,Sys_JiTfdloss_ref_3,4.85,3.72
404,User_JiTfdloss_1,5.0,2.0
404,User_JiTfdloss_2,5.0,3.0
404,User_JiTfdloss_3,5.0,2.0
405,Sys_JiTfdloss_ref_1,3.82,1.45
405,Sys_JiTfdloss_ref_2,1.85,2.1
405,Sys_JiTfdloss_ref_3,2.85,1.2
405,User_JiTfdloss_1,5.0,1.0
405,User_JiTfdloss_2,5.0,2.0
405,User_JiTfdloss_3,3.75,2.0
406,Sys_JiTfdloss_ref_1,4.65,2.85
406,Sys_JiTfdloss_ref_2,4.15,2.85
406,Sys_JiTfdloss_ref_3,4.65,3.82
406,User_JiTfdloss_1,5.0,3.0
406,User_JiTfdloss_2,4.38,3.0
406,User_JiTfdloss_3,4.29,3.0
407,Sys_JiTfdloss_ref_1,2.15,2.8
407,Sys_JiTfdloss_ref_2,2.15,1.85
407,Sys_JiTfdloss_ref_3,2.15,2.85
407,User_JiTfdloss_1,2.5,2.0
407,User_JiTfdloss_2,2.5,2.0
407,User_JiTfdloss_3,2.14,2.0
408,Sys_JiTfdloss_ref_1,4.65,3.85
408,Sys_JiTfdloss_ref_2,4.65,3.85
408,Sys_JiTfdloss_ref_3,4.85,3.75
408,User_JiTfdloss_1,4.38,4.0
408,User_JiTfdloss_2,4.38,4.0
408,User_JiTfdloss_3,4.38,4.0
409,Sys_JiTfdloss_ref_1,4.65,3.82
409,Sys_JiTfdloss_ref_2,4.85,4.2
409,Sys_JiTfdloss_ref_3,4.85,4.2
409,User_JiTfdloss_1,5.0,4.0
409,User_JiTfdloss_2,5.0,4.0
409,User_JiTfdloss_3,5.0,3.0
410,Sys_JiTfdloss_ref_1,3.85,3.62
410,Sys_JiTfdloss_ref_2,3.67,2.85
410,Sys_JiTfdloss_ref_3,4.65,3.85
410,User_JiTfdloss_1,4.44,4.0
410,User_JiTfdloss_2,4.44,4.0
410,User_JiTfdloss_3,3.33,4.0
411,Sys_JiTfdloss_ref_1,5.0,5.0
411,Sys_JiTfdloss_ref_2,5.0,5.0
411,Sys_JiTfdloss_ref_3,5.0,5.0
411,User_JiTfdloss_1,5.0,4.0
411,User_JiTfdloss_2,5.0,4.0
411,User_JiTfdloss_3,5.0,4.0
412,Sys_JiTfdloss_ref_1,3.85,2.65
412,Sys_JiTfdloss_ref_2,3.85,2.75
412,Sys_JiTfdloss_ref_3,3.85,4.12
412,User_JiTfdloss_1,5.0,3.0
412,User_JiTfdloss_2,5.0,4.0
412,User_JiTfdloss_3,5.0,4.0
413,Sys_JiTfdloss_ref_1,3.85,2.65
413,Sys_JiTfdloss_ref_2,3.15,2.85
413,Sys_JiTfdloss_ref_3,3.82,2.15
413,User_JiTfdloss_1,3.89,3.0
413,User_JiTfdloss_2,3.89,3.0
413,User_JiTfdloss_3,3.33,3.0
414,Sys_JiTfdloss_ref_1,4.12,2.35
414,Sys_JiTfdloss_ref_2,2.15,2.85
414,Sys_JiTfdloss_ref_3,3.85,2.75
414,User_JiTfdloss_1,4.44,3.0
414,User_JiTfdloss_2,5.0,2.0
414,User_JiTfdloss_3,4.44,2.0
415,Sys_JiTfdloss_ref_1,0.0,1.85
415,Sys_JiTfdloss_ref_2,0.15,1.85
415,Sys_JiTfdloss_ref_3,0.15,1.85
415,User_JiTfdloss_1,1.11,2.0
415,User_JiTfdloss_2,0.56,2.0
415,User_JiTfdloss_3,1.11,2.0
416,Sys_JiTfdloss_ref_1,4.85,3.62
416,Sys_JiTfdloss_ref_2,4.65,2.85
416,Sys_JiTfdloss_ref_3,4.65,3.2
416,User_JiTfdloss_1,5.0,3.0
416,User_JiTfdloss_2,5.0,3.0
416,User_JiTfdloss_3,5.0,5.0
417,Sys_JiTfdloss_ref_1,2.85,1.92
417,Sys_JiTfdloss_ref_2,2.85,1.42
417,Sys_JiTfdloss_ref_3,3.15,1.85
417,User_JiTfdloss_1,3.33,2.0
417,User_JiTfdloss_2,3.33,1.0
417,User_JiTfdloss_3,2.78,1.0
418,Sys_JiTfdloss_ref_1,2.85,1.95
418,Sys_JiTfdloss_ref_2,2.85,1.92
418,Sys_JiTfdloss_ref_3,0.15,1.82
418,User_JiTfdloss_1,2.78,2.0
418,User_JiTfdloss_2,2.78,2.0
418,User_JiTfdloss_3,2.78,2.0
419,Sys_JiTfdloss_ref_1,4.85,3.6
419,Sys_JiTfdloss_ref_2,4.65,2.85
419,Sys_JiTfdloss_ref_3,4.65,2.85
419,User_JiTfdloss_1,4.44,3.0
419,User_JiTfdloss_2,5.0,4.0
419,User_JiTfdloss_3,4.44,4.0
420,Sys_JiTfdloss_ref_1,2.85,1.65
420,Sys_JiTfdloss_ref_2,3.85,2.4
420,Sys_JiTfdloss_ref_3,3.42,2.15
420,User_JiTfdloss_1,3.12,2.0
420,User_JiTfdloss_2,3.12,2.0
420,User_JiTfdloss_3,2.86,2.0
421,Sys_JiTfdloss_ref_1,3.85,2.15
421,Sys_JiTfdloss_ref_2,2.85,1.65
421,Sys_JiTfdloss_ref_3,3.85,2.15
421,User_JiTfdloss_1,3.12,2.0
421,User_JiTfdloss_2,3.12,2.0
421,User_JiTfdloss_3,3.12,3.0
422,Sys_JiTfdloss_ref_1,3.85,3.2
422,Sys_JiTfdloss_ref_2,2.85,2.1
422,Sys_JiTfdloss_ref_3,1.85,3.2
422,User_JiTfdloss_1,3.12,2.0
422,User_JiTfdloss_2,1.88,2.0
422,User_JiTfdloss_3,2.5,2.0
423,Sys_JiTfdloss_ref_1,3.85,2.65
423,Sys_JiTfdloss_ref_2,2.15,1.85
423,Sys_JiTfdloss_ref_3,2.85,1.95
423,User_JiTfdloss_1,2.5,2.0
423,User_JiTfdloss_2,3.12,3.0
423,User_JiTfdloss_3,2.5,2.0
424,Sys_JiTfdloss_ref_1,2.85,1.95
424,Sys_JiTfdloss_ref_2,3.42,2.85
424,Sys_JiTfdloss_ref_3,3.85,2.9
424,User_JiTfdloss_1,3.12,3.0
424,User_JiTfdloss_2,3.12,3.0
424,User_JiTfdloss_3,2.78,4.0
425,Sys_JiTfdloss_ref_1,2.85,1.45
425,Sys_JiTfdloss_ref_2,2.85,1.9
425,Sys_JiTfdloss_ref_3,3.15,2.4
425,User_JiTfdloss_1,3.12,2.0
425,User_JiTfdloss_2,3.75,2.0
425,User_JiTfdloss_3,3.75,2.0
426,Sys_JiTfdloss_ref_1,2.85,1.42
426,Sys_JiTfdloss_ref_2,3.85,2.15
426,Sys_JiTfdloss_ref_3,3.85,1.92
426,User_JiTfdloss_1,3.12,2.0
426,User_JiTfdloss_2,3.12,2.0
426,User_JiTfdloss_3,3.75,2.0
427,Sys_JiTfdloss_ref_1,2.85,1.95
427,Sys_JiTfdloss_ref_2,2.85,1.65
427,Sys_JiTfdloss_ref_3,2.85,1.65
427,User_JiTfdloss_1,3.12,2.0
427,User_JiTfdloss_2,2.78,3.0
427,User_JiTfdloss_3,3.12,3.0
428,Sys_JiTfdloss_ref_1,3.42,2.15
428,Sys_JiTfdloss_ref_2,2.85,1.65
428,Sys_JiTfdloss_ref_3,4.25,3.85
428,User_JiTfdloss_1,3.12,4.0
428,User_JiTfdloss_2,3.12,2.0
428,User_JiTfdloss_3,3.12,2.0
429,Sys_JiTfdloss_ref_1,1.85,1.2
429,Sys_JiTfdloss_ref_2,2.15,1.85
429,Sys_JiTfdloss_ref_3,2.85,1.95
429,User_JiTfdloss_1,1.88,2.0
429,User_JiTfdloss_2,2.5,1.0
429,User_JiTfdloss_3,2.5,2.0
430,Sys_JiTfdloss_ref_1,4.65,3.85
430,Sys_JiTfdloss_ref_2,4.85,3.2
430,Sys_JiTfdloss_ref_3,4.85,3.62
430,User_JiTfdloss_1,5.0,4.0
430,User_JiTfdloss_2,5.0,4.0
430,User_JiTfdloss_3,5.0,4.0
431,Sys_JiTfdloss_ref_1,4.85,3.2
431,Sys_JiTfdloss_ref_2,4.85,4.2
431,Sys_JiTfdloss_ref_3,4.85,3.2
431,User_JiTfdloss_1,5.0,3.0
431,User_JiTfdloss_2,5.0,4.0
431,User_JiTfdloss_3,5.0,5.0
432,Sys_JiTfdloss_ref_1,4.65,2.85
432,Sys_JiTfdloss_ref_2,4.65,3.85
432,Sys_JiTfdloss_ref_3,4.85,3.75
432,User_JiTfdloss_1,4.38,4.0
432,User_JiTfdloss_2,5.0,4.0
432,User_JiTfdloss_3,4.38,4.0
433,Sys_JiTfdloss_ref_1,4.92,4.85
433,Sys_JiTfdloss_ref_2,4.92,4.85
433,Sys_JiTfdloss_ref_3,5.0,5.0
433,User_JiTfdloss_1,5.0,5.0
433,User_JiTfdloss_2,5.0,4.0
433,User_JiTfdloss_3,5.0,4.0
434,Sys_JiTfdloss_ref_1,4.85,4.2
434,Sys_JiTfdloss_ref_2,4.65,3.82
434,Sys_JiTfdloss_ref_3,5.0,5.0
434,User_JiTfdloss_1,4.38,4.0
434,User_JiTfdloss_2,5.0,4.0
434,User_JiTfdloss_3,5.0,4.0
435,Sys_JiTfdloss_ref_1,4.65,2.0
435,Sys_JiTfdloss_ref_2,4.85,3.75
435,Sys_JiTfdloss_ref_3,4.85,3.75
435,User_JiTfdloss_1,5.0,2.0
435,User_JiTfdloss_2,5.0,3.0
435,User_JiTfdloss_3,5.0,4.0
436,Sys_JiTfdloss_ref_1,4.85,3.2
436,Sys_JiTfdloss_ref_2,4.85,3.2
436,Sys_JiTfdloss_ref_3,4.85,3.2
436,User_JiTfdloss_1,5.0,4.0
436,User_JiTfdloss_2,5.0,4.0
436,User_JiTfdloss_3,5.0,3.0
437,Sys_JiTfdloss_ref_1,4.85,3.2
437,Sys_JiTfdloss_ref_2,4.85,3.2
437,Sys_JiTfdloss_ref_3,4.85,3.72
437,User_JiTfdloss_1,4.38,4.0
437,User_JiTfdloss_2,4.38,2.0
437,User_JiTfdloss_3,4.38,4.0
438,Sys_JiTfdloss_ref_1,4.62,2.0
438,Sys_JiTfdloss_ref_2,0.15,0.85
438,Sys_JiTfdloss_ref_3,3.85,2.0
438,User_JiTfdloss_1,0.0,1.0
438,User_JiTfdloss_2,5.0,2.0
438,User_JiTfdloss_3,0.0,2.0
439,Sys_JiTfdloss_ref_1,4.85,4.92
439,Sys_JiTfdloss_ref_2,4.92,4.98
439,Sys_JiTfdloss_ref_3,4.85,4.75
439,User_JiTfdloss_1,3.75,5.0
439,User_JiTfdloss_2,4.38,5.0
439,User_JiTfdloss_3,4.38,5.0
440,Sys_JiTfdloss_ref_1,4.85,3.92
440,Sys_JiTfdloss_ref_2,4.85,3.2
440,Sys_JiTfdloss_ref_3,4.65,3.82
440,User_JiTfdloss_1,5.0,4.0
440,User_JiTfdloss_2,5.0,3.0
440,User_JiTfdloss_3,5.0,4.0
441,Sys_JiTfdloss_ref_1,4.65,1.5
441,Sys_JiTfdloss_ref_2,4.85,4.62
441,Sys_JiTfdloss_ref_3,5.0,4.9
441,User_JiTfdloss_1,5.0,4.0
441,User_JiTfdloss_2,5.0,5.0
441,User_JiTfdloss_3,5.0,4.0
442,Sys_JiTfdloss_ref_1,4.85,1.5
442,Sys_JiTfdloss_ref_2,4.65,3.82
442,Sys_JiTfdloss_ref_3,4.12,1.5
442,User_JiTfdloss_1,5.0,3.0
442,User_JiTfdloss_2,5.0,4.0
442,User_JiTfdloss_3,5.0,2.0
443,Sys_JiTfdloss_ref_1,3.85,2.75
443,Sys_JiTfdloss_ref_2,4.65,3.82
443,Sys_JiTfdloss_ref_3,4.65,2.85
443,User_JiTfdloss_1,5.0,3.0
443,User_JiTfdloss_2,5.0,3.0
443,User_JiTfdloss_3,5.0,4.0
444,Sys_JiTfdloss_ref_1,4.85,3.62
444,Sys_JiTfdloss_ref_2,4.85,3.65
444,Sys_JiTfdloss_ref_3,4.65,3.85
444,User_JiTfdloss_1,5.0,4.0
444,User_JiTfdloss_2,5.0,4.0
444,User_JiTfdloss_3,5.0,4.0
445,Sys_JiTfdloss_ref_1,4.85,2.65
445,Sys_JiTfdloss_ref_2,4.65,2.85
445,Sys_JiTfdloss_ref_3,4.15,2.85
445,User_JiTfdloss_1,5.0,3.0
445,User_JiTfdloss_2,4.38,3.0
445,User_JiTfdloss_3,5.0,3.0
446,Sys_JiTfdloss_ref_1,4.85,4.2
446,Sys_JiTfdloss_ref_2,4.65,1.5
446,Sys_JiTfdloss_ref_3,4.65,1.5
446,User_JiTfdloss_1,5.0,2.0
446,User_JiTfdloss_2,5.0,4.0
446,User_JiTfdloss_3,5.0,2.0
447,Sys_JiTfdloss_ref_1,4.65,1.5
447,Sys_JiTfdloss_ref_2,4.65,2.85
447,Sys_JiTfdloss_ref_3,4.25,3.85
447,User_JiTfdloss_1,5.0,3.0
447,User_JiTfdloss_2,4.38,3.0
447,User_JiTfdloss_3,5.0,4.0
448,Sys_JiTfdloss_ref_1,4.85,1.2
448,Sys_JiTfdloss_ref_2,2.15,1.85
448,Sys_JiTfdloss_ref_3,4.85,1.2
448,User_JiTfdloss_1,5.0,3.0
448,User_JiTfdloss_2,2.5,3.0
448,User_JiTfdloss_3,2.5,1.0
449,Sys_JiTfdloss_ref_1,4.85,3.65
449,Sys_JiTfdloss_ref_2,4.85,3.65
449,Sys_JiTfdloss_ref_3,4.12,2.85
449,User_JiTfdloss_1,5.0,3.0
449,User_JiTfdloss_2,5.0,4.0
449,User_JiTfdloss_3,5.0,3.0
450,Sys_JiTfdloss_ref_1,4.85,2.65
450,Sys_JiTfdloss_ref_2,4.65,3.8
450,Sys_JiTfdloss_ref_3,4.25,2.85
450,User_JiTfdloss_1,4.38,3.0
450,User_JiTfdloss_2,5.0,3.0
450,User_JiTfdloss_3,5.0,3.0
451,Sys_JiTfdloss_ref_1,4.85,3.6
451,Sys_JiTfdloss_ref_2,4.75,3.85
451,Sys_JiTfdloss_ref_3,4.25,3.15
451,User_JiTfdloss_1,5.0,3.0
451,User_JiTfdloss_2,4.38,4.0
451,User_JiTfdloss_3,4.38,4.0
452,Sys_JiTfdloss_ref_1,4.85,3.72
452,Sys_JiTfdloss_ref_2,4.85,3.72
452,Sys_JiTfdloss_ref_3,4.85,3.75
452,User_JiTfdloss_1,5.0,4.0
452,User_JiTfdloss_2,5.0,4.0
452,User_JiTfdloss_3,5.0,3.0
453,Sys_JiTfdloss_ref_1,4.85,3.6
453,Sys_JiTfdloss_ref_2,4.65,3.85
453,Sys_JiTfdloss_ref_3,4.65,3.82
453,User_JiTfdloss_1,4.44,3.0
453,User_JiTfdloss_2,4.44,4.0
453,User_JiTfdloss_3,4.44,4.0
454,Sys_JiTfdloss_ref_1,4.85,4.2
454,Sys_JiTfdloss_ref_2,4.85,3.75
454,Sys_JiTfdloss_ref_3,4.65,3.85
454,User_JiTfdloss_1,4.44,5.0
454,User_JiTfdloss_2,4.44,4.0
454,User_JiTfdloss_3,4.38,4.0
455,Sys_JiTfdloss_ref_1,4.85,3.75
455,Sys_JiTfdloss_ref_2,4.65,3.85
455,Sys_JiTfdloss_ref_3,4.95,5.0
455,User_JiTfdloss_1,5.0,4.0
455,User_JiTfdloss_2,5.0,5.0
455,User_JiTfdloss_3,5.0,5.0
456,Sys_JiTfdloss_ref_1,5.0,5.0
456,Sys_JiTfdloss_ref_2,5.0,5.0
456,Sys_JiTfdloss_ref_3,5.0,5.0
456,User_JiTfdloss_1,5.0,5.0
456,User_JiTfdloss_2,5.0,5.0
456,User_JiTfdloss_3,5.0,5.0
457,Sys_JiTfdloss_ref_1,5.0,5.0
457,Sys_JiTfdloss_ref_2,5.0,5.0
457,Sys_JiTfdloss_ref_3,5.0,5.0
457,User_JiTfdloss_1,5.0,5.0
457,User_JiTfdloss_2,4.44,5.0
457,User_JiTfdloss_3,5.0,5.0
458,Sys_JiTfdloss_ref_1,4.65,3.85
458,Sys_JiTfdloss_ref_2,5.0,5.0
458,Sys_JiTfdloss_ref_3,5.0,5.0
458,User_JiTfdloss_1,5.0,4.0
458,User_JiTfdloss_2,0.0,5.0
458,User_JiTfdloss_3,4.44,5.0
459,Sys_JiTfdloss_ref_1,4.85,3.2
459,Sys_JiTfdloss_ref_2,4.85,3.62
459,Sys_JiTfdloss_ref_3,4.85,4.2
459,User_JiTfdloss_1,0.0,4.0
459,User_JiTfdloss_2,5.0,4.0
459,User_JiTfdloss_3,0.0,4.0
460,Sys_JiTfdloss_ref_1,3.85,2.15
460,Sys_JiTfdloss_ref_2,4.15,2.85
460,Sys_JiTfdloss_ref_3,3.12,1.85
460,User_JiTfdloss_1,5.0,3.0
460,User_JiTfdloss_2,3.33,2.0
460,User_JiTfdloss_3,5.0,2.0
461,Sys_JiTfdloss_ref_1,4.12,2.85
461,Sys_JiTfdloss_ref_2,4.12,2.85
461,Sys_JiTfdloss_ref_3,4.65,2.85
461,User_JiTfdloss_1,4.38,3.0
461,User_JiTfdloss_2,4.38,3.0
461,User_JiTfdloss_3,4.38,3.0
462,Sys_JiTfdloss_ref_1,3.85,1.92
462,Sys_JiTfdloss_ref_2,4.85,2.1
462,Sys_JiTfdloss_ref_3,4.12,2.85
462,User_JiTfdloss_1,5.0,3.0
462,User_JiTfdloss_2,5.0,3.0
462,User_JiTfdloss_3,3.75,2.0
463,Sys_JiTfdloss_ref_1,4.12,3.85
463,Sys_JiTfdloss_ref_2,4.85,3.65
463,Sys_JiTfdloss_ref_3,4.12,2.85
463,User_JiTfdloss_1,5.0,3.0
463,User_JiTfdloss_2,4.17,3.0
463,User_JiTfdloss_3,5.0,4.0
464,Sys_JiTfdloss_ref_1,4.85,2.15
464,Sys_JiTfdloss_ref_2,4.85,2.1
464,Sys_JiTfdloss_ref_3,4.65,2.85
464,User_JiTfdloss_1,5.0,3.0
464,User_JiTfdloss_2,4.44,2.0
464,User_JiTfdloss_3,5.0,2.0
465,Sys_JiTfdloss_ref_1,4.85,3.72
465,Sys_JiTfdloss_ref_2,4.65,3.85
465,Sys_JiTfdloss_ref_3,4.65,3.2
465,User_JiTfdloss_1,5.0,4.0
465,User_JiTfdloss_2,4.38,3.0
465,User_JiTfdloss_3,4.38,3.0
466,Sys_JiTfdloss_ref_1,4.15,2.35
466,Sys_JiTfdloss_ref_2,4.15,2.35
466,Sys_JiTfdloss_ref_3,3.85,2.65
466,User_JiTfdloss_1,4.38,3.0
466,User_JiTfdloss_2,4.44,3.0
466,User_JiTfdloss_3,4.44,2.0
467,Sys_JiTfdloss_ref_1,3.82,2.15
467,Sys_JiTfdloss_ref_2,4.85,3.72
467,Sys_JiTfdloss_ref_3,3.42,1.85
467,User_JiTfdloss_1,3.75,2.0
467,User_JiTfdloss_2,3.75,3.0
467,User_JiTfdloss_3,3.75,3.0
468,Sys_JiTfdloss_ref_1,4.85,3.75
468,Sys_JiTfdloss_ref_2,4.15,2.85
468,Sys_JiTfdloss_ref_3,3.85,1.25
468,User_JiTfdloss_1,3.89,4.0
468,User_JiTfdloss_2,5.0,2.0
468,User_JiTfdloss_3,5.0,2.0
469,Sys_JiTfdloss_ref_1,2.85,1.65
469,Sys_JiTfdloss_ref_2,3.85,2.75
469,Sys_JiTfdloss_ref_3,3.45,1.82
469,User_JiTfdloss_1,4.29,3.0
469,User_JiTfdloss_2,2.86,3.0
469,User_JiTfdloss_3,2.14,3.0
470,Sys_JiTfdloss_ref_1,4.85,2.15
470,Sys_JiTfdloss_ref_2,4.85,2.1
470,Sys_JiTfdloss_ref_3,4.85,2.65
470,User_JiTfdloss_1,5.0,2.0
470,User_JiTfdloss_2,5.0,4.0
470,User_JiTfdloss_3,5.0,4.0
471,Sys_JiTfdloss_ref_1,4.15,3.85
471,Sys_JiTfdloss_ref_2,3.85,4.12
471,Sys_JiTfdloss_ref_3,4.15,3.85
471,User_JiTfdloss_1,3.75,4.0
471,User_JiTfdloss_2,3.75,4.0
471,User_JiTfdloss_3,3.75,4.0
472,Sys_JiTfdloss_ref_1,4.85,3.72
472,Sys_JiTfdloss_ref_2,4.85,2.9
472,Sys_JiTfdloss_ref_3,4.85,3.75
472,User_JiTfdloss_1,3.75,4.0
472,User_JiTfdloss_2,4.38,3.0
472,User_JiTfdloss_3,3.75,4.0
473,Sys_JiTfdloss_ref_1,3.85,1.65
473,Sys_JiTfdloss_ref_2,3.85,1.42
473,Sys_JiTfdloss_ref_3,4.12,3.68
473,User_JiTfdloss_1,3.75,3.0
473,User_JiTfdloss_2,3.75,3.0
473,User_JiTfdloss_3,3.75,2.0
474,Sys_JiTfdloss_ref_1,4.85,2.65
474,Sys_JiTfdloss_ref_2,5.0,5.0
474,Sys_JiTfdloss_ref_3,3.25,2.85
474,User_JiTfdloss_1,3.12,3.0
474,User_JiTfdloss_2,3.75,3.0
474,User_JiTfdloss_3,3.12,3.0
475,Sys_JiTfdloss_ref_1,2.85,1.42
475,Sys_JiTfdloss_ref_2,1.85,1.92
475,Sys_JiTfdloss_ref_3,2.15,2.8
475,User_JiTfdloss_1,2.5,2.0
475,User_JiTfdloss_2,1.88,1.0
475,User_JiTfdloss_3,2.5,2.0
476,Sys_JiTfdloss_ref_1,3.85,2.4
476,Sys_JiTfdloss_ref_2,4.15,2.85
476,Sys_JiTfdloss_ref_3,4.85,3.72
476,User_JiTfdloss_1,3.75,2.0
476,User_JiTfdloss_2,3.75,2.0
476,User_JiTfdloss_3,3.12,2.0
477,Sys_JiTfdloss_ref_1,4.65,3.2
477,Sys_JiTfdloss_ref_2,4.85,3.65
477,Sys_JiTfdloss_ref_3,4.65,3.85
477,User_JiTfdloss_1,5.0,4.0
477,User_JiTfdloss_2,5.0,4.0
477,User_JiTfdloss_3,5.0,4.0
478,Sys_JiTfdloss_ref_1,4.15,3.65
478,Sys_JiTfdloss_ref_2,4.85,3.65
478,Sys_JiTfdloss_ref_3,3.85,2.4
478,User_JiTfdloss_1,3.75,2.0
478,User_JiTfdloss_2,3.75,4.0
478,User_JiTfdloss_3,3.75,4.0
479,Sys_JiTfdloss_ref_1,4.85,3.62
479,Sys_JiTfdloss_ref_2,4.85,4.2
479,Sys_JiTfdloss_ref_3,4.85,3.2
479,User_JiTfdloss_1,3.75,3.0
479,User_JiTfdloss_2,3.75,4.0
479,User_JiTfdloss_3,3.75,3.0
480,Sys_JiTfdloss_ref_1,4.15,3.85
480,Sys_JiTfdloss_ref_2,4.15,2.85
480,Sys_JiTfdloss_ref_3,3.45,2.15
480,User_JiTfdloss_1,3.33,4.0
480,User_JiTfdloss_2,3.33,3.0
480,User_JiTfdloss_3,3.33,4.0
481,Sys_JiTfdloss_ref_1,3.85,2.75
481,Sys_JiTfdloss_ref_2,4.15,3.85
481,Sys_JiTfdloss_ref_3,4.72,3.85
481,User_JiTfdloss_1,3.33,4.0
481,User_JiTfdloss_2,3.33,4.0
481,User_JiTfdloss_3,3.89,4.0
482,Sys_JiTfdloss_ref_1,5.0,5.0
482,Sys_JiTfdloss_ref_2,4.72,4.15
482,Sys_JiTfdloss_ref_3,4.85,4.72
482,User_JiTfdloss_1,3.89,4.0
482,User_JiTfdloss_2,5.0,4.0
482,User_JiTfdloss_3,3.89,4.0
483,Sys_JiTfdloss_ref_1,5.0,3.85
483,Sys_JiTfdloss_ref_2,4.85,3.62
483,Sys_JiTfdloss_ref_3,4.85,2.65
483,User_JiTfdloss_1,5.0,3.0
483,User_JiTfdloss_2,5.0,3.0
483,User_JiTfdloss_3,0.0,3.0
484,Sys_JiTfdloss_ref_1,4.85,3.6
484,Sys_JiTfdloss_ref_2,4.85,3.72
484,Sys_JiTfdloss_ref_3,4.72,3.85
484,User_JiTfdloss_1,5.0,4.0
484,User_JiTfdloss_2,5.0,4.0
484,User_JiTfdloss_3,5.0,4.0
485,Sys_JiTfdloss_ref_1,4.85,2.9
485,Sys_JiTfdloss_ref_2,4.65,3.85
485,Sys_JiTfdloss_ref_3,4.85,2.15
485,User_JiTfdloss_1,5.0,2.0
485,User_JiTfdloss_2,5.0,2.0
485,User_JiTfdloss_3,5.0,2.0
486,Sys_JiTfdloss_ref_1,4.85,4.92
486,Sys_JiTfdloss_ref_2,5.0,4.95
486,Sys_JiTfdloss_ref_3,5.0,4.8
486,User_JiTfdloss_1,5.0,5.0
486,User_JiTfdloss_2,5.0,5.0
486,User_JiTfdloss_3,5.0,5.0
487,Sys_JiTfdloss_ref_1,4.85,3.6
487,Sys_JiTfdloss_ref_2,4.15,2.85
487,Sys_JiTfdloss_ref_3,4.65,1.85
487,User_JiTfdloss_1,0.0,4.0
487,User_JiTfdloss_2,4.44,4.0
487,User_JiTfdloss_3,4.44,3.0
488,Sys_JiTfdloss_ref_1,4.92,2.15
488,Sys_JiTfdloss_ref_2,4.92,3.85
488,Sys_JiTfdloss_ref_3,4.85,3.6
488,User_JiTfdloss_1,5.0,5.0
488,User_JiTfdloss_2,5.0,4.0
488,User_JiTfdloss_3,5.0,5.0
489,Sys_JiTfdloss_ref_1,4.12,2.85
489,Sys_JiTfdloss_ref_2,3.65,2.15
489,Sys_JiTfdloss_ref_3,4.72,2.0
489,User_JiTfdloss_1,3.89,3.0
489,User_JiTfdloss_2,3.89,3.0
489,User_JiTfdloss_3,3.89,3.0
490,Sys_JiTfdloss_ref_1,1.82,2.45
490,Sys_JiTfdloss_ref_2,2.15,3.42
490,Sys_JiTfdloss_ref_3,2.85,2.1
490,User_JiTfdloss_1,1.67,2.0
490,User_JiTfdloss_2,1.67,2.0
490,User_JiTfdloss_3,1.67,3.0
491,Sys_JiTfdloss_ref_1,4.65,2.85
491,Sys_JiTfdloss_ref_2,4.65,1.82
491,Sys_JiTfdloss_ref_3,3.85,2.4
491,User_JiTfdloss_1,4.44,3.0
491,User_JiTfdloss_2,4.44,3.0
491,User_JiTfdloss_3,4.44,3.0
492,Sys_JiTfdloss_ref_1,3.65,2.85
492,Sys_JiTfdloss_ref_2,3.85,3.6
492,Sys_JiTfdloss_ref_3,4.15,3.85
492,User_JiTfdloss_1,0.0,4.0
492,User_JiTfdloss_2,3.89,3.0
492,User_JiTfdloss_3,0.0,4.0
493,Sys_JiTfdloss_ref_1,3.85,2.15
493,Sys_JiTfdloss_ref_2,3.85,2.15
493,Sys_JiTfdloss_ref_3,4.15,2.85
493,User_JiTfdloss_1,3.33,4.0
493,User_JiTfdloss_2,3.33,3.0
493,User_JiTfdloss_3,3.33,4.0
494,Sys_JiTfdloss_ref_1,4.82,1.35
494,Sys_JiTfdloss_ref_2,4.85,1.2
494,Sys_JiTfdloss_ref_3,3.85,1.2
494,User_JiTfdloss_1,5.0,1.0
494,User_JiTfdloss_2,5.0,1.0
494,User_JiTfdloss_3,5.0,2.0
495,Sys_JiTfdloss_ref_1,1.85,2.4
495,Sys_JiTfdloss_ref_2,1.85,2.9
495,Sys_JiTfdloss_ref_3,2.15,1.85
495,User_JiTfdloss_1,3.57,2.0
495,User_JiTfdloss_2,3.57,2.0
495,User_JiTfdloss_3,3.57,2.0
496,Sys_JiTfdloss_ref_1,4.15,3.85
496,Sys_JiTfdloss_ref_2,4.12,3.65
496,Sys_JiTfdloss_ref_3,2.85,3.6
496,User_JiTfdloss_1,4.44,4.0
496,User_JiTfdloss_2,4.44,4.0
496,User_JiTfdloss_3,3.89,4.0
497,Sys_JiTfdloss_ref_1,1.85,1.2
497,Sys_JiTfdloss_ref_2,1.25,1.8
497,Sys_JiTfdloss_ref_3,2.15,1.85
497,User_JiTfdloss_1,3.33,1.0
497,User_JiTfdloss_2,3.33,2.0
497,User_JiTfdloss_3,3.33,1.0
498,Sys_JiTfdloss_ref_1,3.85,3.92
498,Sys_JiTfdloss_ref_2,3.85,3.92
498,Sys_JiTfdloss_ref_3,3.85,3.6
498,User_JiTfdloss_1,3.33,4.0
498,User_JiTfdloss_2,3.33,4.0
498,User_JiTfdloss_3,3.89,3.0
499,Sys_JiTfdloss_ref_1,0.12,1.85
499,Sys_JiTfdloss_ref_2,0.15,1.85
499,Sys_JiTfdloss_ref_3,0.12,1.85
499,User_JiTfdloss_1,0.56,2.0
499,User_JiTfdloss_2,0.56,2.0
499,User_JiTfdloss_3,0.56,2.0
500,Sys_JiTfdloss_ref_1,3.45,1.85
500,Sys_JiTfdloss_ref_2,3.15,2.85
500,Sys_JiTfdloss_ref_3,2.85,1.92
500,User_JiTfdloss_1,3.33,2.0
500,User_JiTfdloss_2,3.33,3.0
500,User_JiTfdloss_3,3.33,2.0
501,Sys_JiTfdloss_ref_1,4.15,2.85
501,Sys_JiTfdloss_ref_2,3.65,2.85
501,Sys_JiTfdloss_ref_3,4.65,3.85
501,User_JiTfdloss_1,4.44,4.0
501,User_JiTfdloss_2,3.33,4.0
501,User_JiTfdloss_3,4.44,4.0
502,Sys_JiTfdloss_ref_1,4.15,3.65
502,Sys_JiTfdloss_ref_2,4.85,4.92
502,Sys_JiTfdloss_ref_3,4.85,4.2
502,User_JiTfdloss_1,0.0,5.0
502,User_JiTfdloss_2,0.0,4.0
502,User_JiTfdloss_3,3.33,4.0
503,Sys_JiTfdloss_ref_1,4.65,3.85
503,Sys_JiTfdloss_ref_2,4.12,3.68
503,Sys_JiTfdloss_ref_3,4.15,2.85
503,User_JiTfdloss_1,3.75,3.0
503,User_JiTfdloss_2,3.75,4.0
503,User_JiTfdloss_3,5.0,4.0
504,Sys_JiTfdloss_ref_1,4.65,2.85
504,Sys_JiTfdloss_ref_2,4.65,2.85
504,Sys_JiTfdloss_ref_3,4.65,3.85
504,User_JiTfdloss_1,5.0,3.0
504,User_JiTfdloss_2,5.0,3.0
504,User_JiTfdloss_3,5.0,3.0
505,Sys_JiTfdloss_ref_1,4.85,3.62
505,Sys_JiTfdloss_ref_2,4.85,3.65
505,Sys_JiTfdloss_ref_3,4.65,2.85
505,User_JiTfdloss_1,5.0,4.0
505,User_JiTfdloss_2,5.0,1.0
505,User_JiTfdloss_3,5.0,4.0
506,Sys_JiTfdloss_ref_1,4.65,3.85
506,Sys_JiTfdloss_ref_2,4.85,4.2
506,Sys_JiTfdloss_ref_3,4.63,3.82
506,User_JiTfdloss_1,3.89,4.0
506,User_JiTfdloss_2,4.44,4.0
506,User_JiTfdloss_3,3.89,4.0
507,Sys_JiTfdloss_ref_1,4.12,3.85
507,Sys_JiTfdloss_ref_2,4.35,3.82
507,Sys_JiTfdloss_ref_3,3.85,3.6
507,User_JiTfdloss_1,3.75,4.0
507,User_JiTfdloss_2,3.75,3.0
507,User_JiTfdloss_3,5.0,4.0
508,Sys_JiTfdloss_ref_1,3.85,1.92
508,Sys_JiTfdloss_ref_2,3.85,1.2
508,Sys_JiTfdloss_ref_3,3.85,2.15
508,User_JiTfdloss_1,3.12,1.0
508,User_JiTfdloss_2,3.12,2.0
508,User_JiTfdloss_3,3.12,2.0
509,Sys_JiTfdloss_ref_1,4.35,2.85
509,Sys_JiTfdloss_ref_2,2.85,2.4
509,Sys_JiTfdloss_ref_3,4.85,3.72
509,User_JiTfdloss_1,5.0,4.0
509,User_JiTfdloss_2,5.0,4.0
509,User_JiTfdloss_3,5.0,4.0
510,Sys_JiTfdloss_ref_1,0.15,2.85
510,Sys_JiTfdloss_ref_2,0.05,4.12
510,Sys_JiTfdloss_ref_3,1.85,3.42
510,User_JiTfdloss_1,1.11,3.0
510,User_JiTfdloss_2,2.22,3.0
510,User_JiTfdloss_3,2.22,3.0
511,Sys_JiTfdloss_ref_1,4.12,2.85
511,Sys_JiTfdloss_ref_2,4.65,2.85
511,Sys_JiTfdloss_ref_3,3.42,2.15
511,User_JiTfdloss_1,4.38,3.0
511,User_JiTfdloss_2,3.89,3.0
511,User_JiTfdloss_3,3.89,3.0
512,Sys_JiTfdloss_ref_1,4.85,3.65
512,Sys_JiTfdloss_ref_2,2.85,1.92
512,Sys_JiTfdloss_ref_3,4.65,2.8
512,User_JiTfdloss_1,5.0,3.0
512,User_JiTfdloss_2,5.0,3.0
512,User_JiTfdloss_3,3.75,3.0
513,Sys_JiTfdloss_ref_1,3.42,2.15
513,Sys_JiTfdloss_ref_2,3.45,2.1
513,Sys_JiTfdloss_ref_3,3.65,2.85
513,User_JiTfdloss_1,3.33,3.0
513,User_JiTfdloss_2,3.89,2.0
513,User_JiTfdloss_3,3.89,3.0
514,Sys_JiTfdloss_ref_1,4.15,2.85
514,Sys_JiTfdloss_ref_2,4.85,3.2
514,Sys_JiTfdloss_ref_3,4.85,3.62
514,User_JiTfdloss_1,4.44,4.0
514,User_JiTfdloss_2,5.0,4.0
514,User_JiTfdloss_3,4.44,4.0
515,Sys_JiTfdloss_ref_1,4.65,2.85
515,Sys_JiTfdloss_ref_2,4.65,2.85
515,Sys_JiTfdloss_ref_3,4.65,2.85
515,User_JiTfdloss_1,3.89,3.0
515,User_JiTfdloss_2,3.75,3.0
515,User_JiTfdloss_3,3.89,3.0
516,Sys_JiTfdloss_ref_1,4.85,3.72
516,Sys_JiTfdloss_ref_2,4.92,4.85
516,Sys_JiTfdloss_ref_3,4.92,4.35
516,User_JiTfdloss_1,5.0,4.0
516,User_JiTfdloss_2,5.0,4.0
516,User_JiTfdloss_3,5.0,4.0
517,Sys_JiTfdloss_ref_1,4.65,3.85
517,Sys_JiTfdloss_ref_2,4.65,3.82
517,Sys_JiTfdloss_ref_3,4.65,2.35
517,User_JiTfdloss_1,3.75,4.0
517,User_JiTfdloss_2,4.38,3.0
517,User_JiTfdloss_3,4.38,4.0
518,Sys_JiTfdloss_ref_1,4.15,1.85
518,Sys_JiTfdloss_ref_2,3.42,1.85
518,Sys_JiTfdloss_ref_3,3.85,1.92
518,User_JiTfdloss_1,3.75,2.0
518,User_JiTfdloss_2,3.33,2.0
518,User_JiTfdloss_3,3.75,2.0
519,Sys_JiTfdloss_ref_1,4.12,2.85
519,Sys_JiTfdloss_ref_2,3.85,2.15
519,Sys_JiTfdloss_ref_3,3.65,2.85
519,User_JiTfdloss_1,3.89,3.0
519,User_JiTfdloss_2,3.89,2.0
519,User_JiTfdloss_3,3.89,2.0
520,Sys_JiTfdloss_ref_1,4.25,2.85
520,Sys_JiTfdloss_ref_2,3.85,3.2
520,Sys_JiTfdloss_ref_3,4.15,3.85
520,User_JiTfdloss_1,5.0,3.0
520,User_JiTfdloss_2,4.38,3.0
520,User_JiTfdloss_3,5.0,3.0
521,Sys_JiTfdloss_ref_1,4.85,3.72
521,Sys_JiTfdloss_ref_2,4.92,4.85
521,Sys_JiTfdloss_ref_3,4.85,3.72
521,User_JiTfdloss_1,5.0,4.0
521,User_JiTfdloss_2,5.0,4.0
521,User_JiTfdloss_3,5.0,4.0
522,Sys_JiTfdloss_ref_1,3.45,3.82
522,Sys_JiTfdloss_ref_2,3.45,3.82
522,Sys_JiTfdloss_ref_3,3.45,3.82
522,User_JiTfdloss_1,4.29,4.0
522,User_JiTfdloss_2,4.29,4.0
522,User_JiTfdloss_3,4.29,4.0
523,Sys_JiTfdloss_ref_1,2.85,2.4
523,Sys_JiTfdloss_ref_2,4.85,4.2
523,Sys_JiTfdloss_ref_3,1.85,3.42
523,User_JiTfdloss_1,3.75,2.0
523,User_JiTfdloss_2,3.75,4.0
523,User_JiTfdloss_3,3.75,3.0
524,Sys_JiTfdloss_ref_1,1.85,2.1
524,Sys_JiTfdloss_ref_2,3.82,2.15
524,Sys_JiTfdloss_ref_3,1.85,2.4
524,User_JiTfdloss_1,2.14,2.0
524,User_JiTfdloss_2,3.57,2.0
524,User_JiTfdloss_3,2.14,2.0
525,Sys_JiTfdloss_ref_1,4.12,3.68
525,Sys_JiTfdloss_ref_2,4.95,4.98
525,Sys_JiTfdloss_ref_3,3.85,2.75
525,User_JiTfdloss_1,3.12,5.0
525,User_JiTfdloss_2,4.38,4.0
525,User_JiTfdloss_3,3.12,3.0
526,Sys_JiTfdloss_ref_1,4.85,4.92
526,Sys_JiTfdloss_ref_2,4.85,4.92
526,Sys_JiTfdloss_ref_3,4.35,4.82
526,User_JiTfdloss_1,5.0,5.0
526,User_JiTfdloss_2,5.0,5.0
526,User_JiTfdloss_3,5.0,5.0
527,Sys_JiTfdloss_ref_1,5.0,5.0
527,Sys_JiTfdloss_ref_2,4.92,4.85
527,Sys_JiTfdloss_ref_3,4.65,3.82
527,User_JiTfdloss_1,5.0,4.0
527,User_JiTfdloss_2,5.0,4.0
527,User_JiTfdloss_3,5.0,4.0
528,Sys_JiTfdloss_ref_1,5.0,5.0
528,Sys_JiTfdloss_ref_2,4.85,4.62
528,Sys_JiTfdloss_ref_3,4.85,4.92
528,User_JiTfdloss_1,5.0,5.0
528,User_JiTfdloss_2,5.0,5.0
528,User_JiTfdloss_3,5.0,5.0
529,Sys_JiTfdloss_ref_1,3.85,3.2
529,Sys_JiTfdloss_ref_2,1.85,2.4
529,Sys_JiTfdloss_ref_3,4.85,3.72
529,User_JiTfdloss_1,5.0,4.0
529,User_JiTfdloss_2,1.0,5.0
529,User_JiTfdloss_3,1.0,4.0
530,Sys_JiTfdloss_ref_1,2.15,1.85
530,Sys_JiTfdloss_ref_2,4.65,3.85
530,Sys_JiTfdloss_ref_3,2.15,1.8
530,User_JiTfdloss_1,3.33,2.0
530,User_JiTfdloss_2,3.33,2.0
530,User_JiTfdloss_3,5.0,2.0
531,Sys_JiTfdloss_ref_1,4.85,3.62
531,Sys_JiTfdloss_ref_2,4.85,3.62
531,Sys_JiTfdloss_ref_3,4.65,3.85
531,User_JiTfdloss_1,3.89,4.0
531,User_JiTfdloss_2,5.0,4.0
531,User_JiTfdloss_3,5.0,4.0
532,Sys_JiTfdloss_ref_1,1.25,1.8
532,Sys_JiTfdloss_ref_2,4.85,2.15
532,Sys_JiTfdloss_ref_3,4.85,2.1
532,User_JiTfdloss_1,0.83,3.0
532,User_JiTfdloss_2,5.0,2.0
532,User_JiTfdloss_3,0.83,3.0
533,Sys_JiTfdloss_ref_1,4.12,1.5
533,Sys_JiTfdloss_ref_2,4.85,3.2
533,Sys_JiTfdloss_ref_3,4.85,1.5
533,User_JiTfdloss_1,5.0,3.0
533,User_JiTfdloss_2,5.0,2.0
533,User_JiTfdloss_3,5.0,3.0
534,Sys_JiTfdloss_ref_1,4.12,2.35
534,Sys_JiTfdloss_ref_2,4.85,3.72
534,Sys_JiTfdloss_ref_3,4.12,2.35
534,User_JiTfdloss_1,5.0,2.0
534,User_JiTfdloss_2,5.0,3.0
534,User_JiTfdloss_3,5.0,2.0
535,Sys_JiTfdloss_ref_1,4.65,3.82
535,Sys_JiTfdloss_ref_2,4.85,3.62
535,Sys_JiTfdloss_ref_3,4.92,3.85
535,User_JiTfdloss_1,5.0,3.0
535,User_JiTfdloss_2,5.0,4.0
535,User_JiTfdloss_3,5.0,4.0
536,Sys_JiTfdloss_ref_1,2.85,1.65
536,Sys_JiTfdloss_ref_2,4.65,2.15
536,Sys_JiTfdloss_ref_3,4.85,3.6
536,User_JiTfdloss_1,3.33,3.0
536,User_JiTfdloss_2,5.0,2.0
536,User_JiTfdloss_3,3.33,2.0
537,Sys_JiTfdloss_ref_1,0.15,0.85
537,Sys_JiTfdloss_ref_2,1.25,1.8
537,Sys_JiTfdloss_ref_3,0.15,1.2
537,User_JiTfdloss_1,0.0,1.0
537,User_JiTfdloss_2,1.0,1.0
537,User_JiTfdloss_3,1.0,2.0
538,Sys_JiTfdloss_ref_1,4.82,2.15
538,Sys_JiTfdloss_ref_2,4.25,2.85
538,Sys_JiTfdloss_ref_3,4.85,2.15
538,User_JiTfdloss_1,5.0,3.0
538,User_JiTfdloss_2,5.0,3.0
538,User_JiTfdloss_3,5.0,2.0
539,Sys_JiTfdloss_ref_1,4.85,3.2
539,Sys_JiTfdloss_ref_2,4.85,3.62
539,Sys_JiTfdloss_ref_3,4.85,3.62
539,User_JiTfdloss_1,5.0,4.0
539,User_JiTfdloss_2,5.0,4.0
539,User_JiTfdloss_3,5.0,4.0
540,Sys_JiTfdloss_ref_1,4.12,1.5
540,Sys_JiTfdloss_ref_2,4.12,1.5
540,Sys_JiTfdloss_ref_3,3.42,1.5
540,User_JiTfdloss_1,5.0,2.0
540,User_JiTfdloss_2,5.0,2.0
540,User_JiTfdloss_3,5.0,2.0
541,Sys_JiTfdloss_ref_1,4.72,2.85
541,Sys_JiTfdloss_ref_2,4.85,3.62
541,Sys_JiTfdloss_ref_3,4.15,2.85
541,User_JiTfdloss_1,4.29,3.0
541,User_JiTfdloss_2,4.29,3.0
541,User_JiTfdloss_3,4.29,3.0
542,Sys_JiTfdloss_ref_1,4.85,1.2
542,Sys_JiTfdloss_ref_2,3.82,1.47
542,Sys_JiTfdloss_ref_3,3.82,1.47
542,User_JiTfdloss_1,4.17,4.0
542,User_JiTfdloss_2,4.17,1.0
542,User_JiTfdloss_3,4.0,4.0
543,Sys_JiTfdloss_ref_1,4.12,1.5
543,Sys_JiTfdloss_ref_2,1.85,1.5
543,Sys_JiTfdloss_ref_3,4.12,1.5
543,User_JiTfdloss_1,2.5,2.0
543,User_JiTfdloss_2,2.5,2.0
543,User_JiTfdloss_3,4.29,2.0
544,Sys_JiTfdloss_ref_1,4.85,5.0
544,Sys_JiTfdloss_ref_2,4.85,4.72
544,Sys_JiTfdloss_ref_3,4.85,5.0
544,User_JiTfdloss_1,3.33,5.0
544,User_JiTfdloss_2,4.17,5.0
544,User_JiTfdloss_3,3.33,4.0
545,Sys_JiTfdloss_ref_1,3.45,2.8
545,Sys_JiTfdloss_ref_2,4.15,3.85
545,Sys_JiTfdloss_ref_3,4.85,3.92
545,User_JiTfdloss_1,3.0,3.0
545,User_JiTfdloss_2,3.33,4.0
545,User_JiTfdloss_3,3.0,3.0
546,Sys_JiTfdloss_ref_1,4.15,3.85
546,Sys_JiTfdloss_ref_2,4.15,2.85
546,Sys_JiTfdloss_ref_3,3.45,2.15
546,User_JiTfdloss_1,2.5,2.0
546,User_JiTfdloss_2,2.5,2.0
546,User_JiTfdloss_3,2.5,2.0
547,Sys_JiTfdloss_ref_1,4.85,3.2
547,Sys_JiTfdloss_ref_2,4.85,2.75
547,Sys_JiTfdloss_ref_3,4.85,2.1
547,User_JiTfdloss_1,4.29,3.0
547,User_JiTfdloss_2,4.29,3.0
547,User_JiTfdloss_3,4.29,4.0
548,Sys_JiTfdloss_ref_1,1.85,1.2
548,Sys_JiTfdloss_ref_2,2.85,1.42
548,Sys_JiTfdloss_ref_3,3.82,1.47
548,User_JiTfdloss_1,5.0,2.0
548,User_JiTfdloss_2,1.67,1.0
548,User_JiTfdloss_3,3.75,1.0
549,Sys_JiTfdloss_ref_1,3.82,1.47
549,Sys_JiTfdloss_ref_2,4.12,2.85
549,Sys_JiTfdloss_ref_3,4.85,1.2
549,User_JiTfdloss_1,4.17,2.0
549,User_JiTfdloss_2,4.17,2.0
549,User_JiTfdloss_3,4.17,2.0
550,Sys_JiTfdloss_ref_1,4.12,2.85
550,Sys_JiTfdloss_ref_2,4.12,3.65
550,Sys_JiTfdloss_ref_3,4.12,2.85
550,User_JiTfdloss_1,3.57,3.0
550,User_JiTfdloss_2,4.17,4.0
550,User_JiTfdloss_3,3.57,4.0
551,Sys_JiTfdloss_ref_1,4.85,3.72
551,Sys_JiTfdloss_ref_2,4.85,3.6
551,Sys_JiTfdloss_ref_3,4.85,4.2
551,User_JiTfdloss_1,4.29,4.0
551,User_JiTfdloss_2,4.29,4.0
551,User_JiTfdloss_3,4.29,4.0
552,Sys_JiTfdloss_ref_1,4.85,2.15
552,Sys_JiTfdloss_ref_2,4.85,3.2
552,Sys_JiTfdloss_ref_3,4.65,2.85
552,User_JiTfdloss_1,4.29,2.0
552,User_JiTfdloss_2,4.29,4.0
552,User_JiTfdloss_3,4.29,3.0
553,Sys_JiTfdloss_ref_1,4.15,2.35
553,Sys_JiTfdloss_ref_2,3.45,2.15
553,Sys_JiTfdloss_ref_3,3.85,2.15
553,User_JiTfdloss_1,3.33,2.0
553,User_JiTfdloss_2,3.33,3.0
553,User_JiTfdloss_3,3.33,4.0
554,Sys_JiTfdloss_ref_1,3.85,3.2
554,Sys_JiTfdloss_ref_2,4.12,3.68
554,Sys_JiTfdloss_ref_3,3.85,2.9
554,User_JiTfdloss_1,4.17,4.0
554,User_JiTfdloss_2,3.33,3.0
554,User_JiTfdloss_3,3.12,3.0
555,Sys_JiTfdloss_ref_1,4.85,4.92
555,Sys_JiTfdloss_ref_2,4.12,3.68
555,Sys_JiTfdloss_ref_3,4.85,4.92
555,User_JiTfdloss_1,3.57,4.0
555,User_JiTfdloss_2,4.17,4.0
555,User_JiTfdloss_3,4.38,3.0
556,Sys_JiTfdloss_ref_1,3.85,3.2
556,Sys_JiTfdloss_ref_2,3.85,3.2
556,Sys_JiTfdloss_ref_3,2.85,4.15
556,User_JiTfdloss_1,2.78,4.0
556,User_JiTfdloss_2,2.78,2.0
556,User_JiTfdloss_3,2.78,4.0
557,Sys_JiTfdloss_ref_1,4.65,3.85
557,Sys_JiTfdloss_ref_2,4.15,3.25
557,Sys_JiTfdloss_ref_3,4.25,3.85
557,User_JiTfdloss_1,4.38,4.0
557,User_JiTfdloss_2,4.38,4.0
557,User_JiTfdloss_3,4.29,4.0
558,Sys_JiTfdloss_ref_1,4.15,3.85
558,Sys_JiTfdloss_ref_2,4.85,3.72
558,Sys_JiTfdloss_ref_3,4.85,4.2
558,User_JiTfdloss_1,3.33,4.0
558,User_JiTfdloss_2,3.33,3.0
558,User_JiTfdloss_3,2.78,4.0
559,Sys_JiTfdloss_ref_1,2.85,2.1
559,Sys_JiTfdloss_ref_2,3.85,2.75
559,Sys_JiTfdloss_ref_3,2.85,2.6
559,User_JiTfdloss_1,2.78,2.0
559,User_JiTfdloss_2,2.22,3.0
559,User_JiTfdloss_3,2.78,2.0
560,Sys_JiTfdloss_ref_1,4.85,1.65
560,Sys_JiTfdloss_ref_2,4.85,2.65
560,Sys_JiTfdloss_ref_3,4.85,3.75
560,User_JiTfdloss_1,0.0,2.0
560,User_JiTfdloss_2,0.0,2.0
560,User_JiTfdloss_3,0.0,3.0
561,Sys_JiTfdloss_ref_1,4.92,2.15
561,Sys_JiTfdloss_ref_2,4.85,1.62
561,Sys_JiTfdloss_ref_3,4.75,2.85
561,User_JiTfdloss_1,0.0,3.0
561,User_JiTfdloss_2,0.0,2.0
561,User_JiTfdloss_3,0.0,2.0
562,Sys_JiTfdloss_ref_1,4.85,2.15
562,Sys_JiTfdloss_ref_2,4.85,3.62
562,Sys_JiTfdloss_ref_3,4.85,1.65
562,User_JiTfdloss_1,0.0,2.0
562,User_JiTfdloss_2,5.0,2.0
562,User_JiTfdloss_3,5.0,2.0
563,Sys_JiTfdloss_ref_1,4.25,2.85
563,Sys_JiTfdloss_ref_2,4.85,2.15
563,Sys_JiTfdloss_ref_3,4.85,2.4
563,User_JiTfdloss_1,0.0,2.0
563,User_JiTfdloss_2,0.0,2.0
563,User_JiTfdloss_3,0.0,2.0
564,Sys_JiTfdloss_ref_1,4.92,4.65
564,Sys_JiTfdloss_ref_2,4.85,3.6
564,Sys_JiTfdloss_ref_3,4.85,3.62
564,User_JiTfdloss_1,0.0,2.0
564,User_JiTfdloss_2,0.0,2.0
564,User_JiTfdloss_3,0.0,5.0
565,Sys_JiTfdloss_ref_1,4.85,3.65
565,Sys_JiTfdloss_ref_2,4.85,2.1
565,Sys_JiTfdloss_ref_3,4.85,3.6
565,User_JiTfdloss_1,0.0,4.0
565,User_JiTfdloss_2,0.0,2.0
565,User_JiTfdloss_3,0.0,3.0
566,Sys_JiTfdloss_ref_1,4.85,1.65
566,Sys_JiTfdloss_ref_2,4.85,2.65
566,Sys_JiTfdloss_ref_3,4.85,2.65
566,User_JiTfdloss_1,0.0,3.0
566,User_JiTfdloss_2,0.0,4.0
566,User_JiTfdloss_3,0.0,3.0
567,Sys_JiTfdloss_ref_1,1.85,2.4
567,Sys_JiTfdloss_ref_2,1.85,1.42
567,Sys_JiTfdloss_ref_3,1.85,2.4
567,User_JiTfdloss_1,0.0,1.0
567,User_JiTfdloss_2,0.0,2.0
567,User_JiTfdloss_3,0.0,2.0
568,Sys_JiTfdloss_ref_1,1.85,1.6
568,Sys_JiTfdloss_ref_2,1.85,2.1
568,Sys_JiTfdloss_ref_3,1.85,2.4
568,User_JiTfdloss_1,0.0,2.0
568,User_JiTfdloss_2,0.0,2.0
568,User_JiTfdloss_3,0.0,2.0
569,Sys_JiTfdloss_ref_1,4.85,1.2
569,Sys_JiTfdloss_ref_2,4.85,1.2
569,Sys_JiTfdloss_ref_3,4.82,1.65
569,User_JiTfdloss_1,0.0,2.0
569,User_JiTfdloss_2,2.5,2.0
569,User_JiTfdloss_3,0.0,2.0
570,Sys_JiTfdloss_ref_1,4.65,2.85
570,Sys_JiTfdloss_ref_2,4.25,2.85
570,Sys_JiTfdloss_ref_3,4.85,3.2
570,User_JiTfdloss_1,5.0,3.0
570,User_JiTfdloss_2,5.0,3.0
570,User_JiTfdloss_3,5.0,3.0
571,Sys_JiTfdloss_ref_1,4.65,3.82
571,Sys_JiTfdloss_ref_2,4.25,3.85
571,Sys_JiTfdloss_ref_3,4.65,3.85
571,User_JiTfdloss_1,4.38,3.0
571,User_JiTfdloss_2,4.38,3.0
571,User_JiTfdloss_3,4.38,4.0
572,Sys_JiTfdloss_ref_1,4.85,3.65
572,Sys_JiTfdloss_ref_2,4.85,3.6
572,Sys_JiTfdloss_ref_3,4.85,3.2
572,User_JiTfdloss_1,5.0,4.0
572,User_JiTfdloss_2,5.0,4.0
572,User_JiTfdloss_3,5.0,4.0
573,Sys_JiTfdloss_ref_1,4.85,3.6
573,Sys_JiTfdloss_ref_2,4.85,3.72
573,Sys_JiTfdloss_ref_3,4.85,3.62
573,User_JiTfdloss_1,5.0,4.0
573,User_JiTfdloss_2,5.0,4.0
573,User_JiTfdloss_3,5.0,4.0
574,Sys_JiTfdloss_ref_1,4.65,3.82
574,Sys_JiTfdloss_ref_2,4.85,3.62
574,Sys_JiTfdloss_ref_3,4.65,3.2
574,User_JiTfdloss_1,5.0,4.0
574,User_JiTfdloss_2,5.0,3.0
574,User_JiTfdloss_3,5.0,4.0
575,Sys_JiTfdloss_ref_1,4.85,1.45
575,Sys_JiTfdloss_ref_2,4.85,3.75
575,Sys_JiTfdloss_ref_3,4.13,1.5
575,User_JiTfdloss_1,4.38,3.0
575,User_JiTfdloss_2,4.38,3.0
575,User_JiTfdloss_3,4.38,3.0
576,Sys_JiTfdloss_ref_1,4.85,3.65
576,Sys_JiTfdloss_ref_2,4.85,3.65
576,Sys_JiTfdloss_ref_3,4.85,3.92
576,User_JiTfdloss_1,5.0,4.0
576,User_JiTfdloss_2,5.0,4.0
576,User_JiTfdloss_3,5.0,4.0
577,Sys_JiTfdloss_ref_1,3.82,2.45
577,Sys_JiTfdloss_ref_2,2.85,2.4
577,Sys_JiTfdloss_ref_3,2.85,2.4
577,User_JiTfdloss_1,3.75,2.0
577,User_JiTfdloss_2,3.75,2.0
577,User_JiTfdloss_3,3.75,2.0
578,Sys_JiTfdloss_ref_1,4.85,3.62
578,Sys_JiTfdloss_ref_2,4.85,4.2
578,Sys_JiTfdloss_ref_3,4.82,3.65
578,User_JiTfdloss_1,5.0,4.0
578,User_JiTfdloss_2,5.0,4.0
578,User_JiTfdloss_3,5.0,4.0
579,Sys_JiTfdloss_ref_1,4.25,1.85
579,Sys_JiTfdloss_ref_2,3.85,1.92
579,Sys_JiTfdloss_ref_3,4.25,1.85
579,User_JiTfdloss_1,5.0,2.0
579,User_JiTfdloss_2,5.0,2.0
579,User_JiTfdloss_3,5.0,1.0
580,Sys_JiTfdloss_ref_1,3.85,2.4
580,Sys_JiTfdloss_ref_2,3.85,4.12
580,Sys_JiTfdloss_ref_3,3.85,2.15
580,User_JiTfdloss_1,5.0,4.0
580,User_JiTfdloss_2,5.0,2.0
580,User_JiTfdloss_3,5.0,4.0
581,Sys_JiTfdloss_ref_1,4.25,1.5
581,Sys_JiTfdloss_ref_2,4.85,1.5
581,Sys_JiTfdloss_ref_3,4.85,1.5
581,User_JiTfdloss_1,5.0,2.0
581,User_JiTfdloss_2,5.0,2.0
581,User_JiTfdloss_3,5.0,2.0
582,Sys_JiTfdloss_ref_1,3.45,2.85
582,Sys_JiTfdloss_ref_2,4.65,1.5
582,Sys_JiTfdloss_ref_3,4.12,1.5
582,User_JiTfdloss_1,5.0,3.0
582,User_JiTfdloss_2,5.0,2.0
582,User_JiTfdloss_3,4.0,2.0
583,Sys_JiTfdloss_ref_1,4.12,2.85
583,Sys_JiTfdloss_ref_2,3.82,2.15
583,Sys_JiTfdloss_ref_3,3.42,1.85
583,User_JiTfdloss_1,5.0,3.0
583,User_JiTfdloss_2,5.0,2.0
583,User_JiTfdloss_3,4.17,2.0
584,Sys_JiTfdloss_ref_1,4.85,3.75
584,Sys_JiTfdloss_ref_2,4.85,3.65
584,Sys_JiTfdloss_ref_3,4.98,4.95
584,User_JiTfdloss_1,5.0,4.0
584,User_JiTfdloss_2,5.0,5.0
584,User_JiTfdloss_3,5.0,4.0
585,Sys_JiTfdloss_ref_1,4.12,1.5
585,Sys_JiTfdloss_ref_2,4.65,3.82
585,Sys_JiTfdloss_ref_3,4.85,1.5
585,User_JiTfdloss_1,5.0,3.0
585,User_JiTfdloss_2,5.0,2.0
585,User_JiTfdloss_3,5.0,2.0
586,Sys_JiTfdloss_ref_1,4.85,2.9
586,Sys_JiTfdloss_ref_2,4.85,3.75
586,Sys_JiTfdloss_ref_3,4.85,2.15
586,User_JiTfdloss_1,5.0,2.0
586,User_JiTfdloss_2,5.0,2.0
586,User_JiTfdloss_3,5.0,3.0
587,Sys_JiTfdloss_ref_1,4.12,2.85
587,Sys_JiTfdloss_ref_2,4.65,3.85
587,Sys_JiTfdloss_ref_3,4.65,3.82
587,User_JiTfdloss_1,4.38,4.0
587,User_JiTfdloss_2,4.38,4.0
587,User_JiTfdloss_3,4.38,4.0
588,Sys_JiTfdloss_ref_1,4.85,2.15
588,Sys_JiTfdloss_ref_2,4.12,2.85
588,Sys_JiTfdloss_ref_3,4.85,2.1
588,User_JiTfdloss_1,4.0,3.0
588,User_JiTfdloss_2,5.0,2.0
588,User_JiTfdloss_3,5.0,2.0
589,Sys_JiTfdloss_ref_1,3.85,1.5
589,Sys_JiTfdloss_ref_2,4.85,2.15
589,Sys_JiTfdloss_ref_3,4.85,3.2
589,User_JiTfdloss_1,5.0,2.0
589,User_JiTfdloss_2,5.0,3.0
589,User_JiTfdloss_3,5.0,2.0
590,Sys_JiTfdloss_ref_1,0.05,1.2
590,Sys_JiTfdloss_ref_2,0.0,1.25
590,Sys_JiTfdloss_ref_3,0.0,0.5
590,User_JiTfdloss_1,0.0,0.0
590,User_JiTfdloss_2,0.0,0.0
590,User_JiTfdloss_3,0.0,1.0
591,Sys_JiTfdloss_ref_1,0.0,1.5
591,Sys_JiTfdloss_ref_2,4.15,2.85
591,Sys_JiTfdloss_ref_3,0.0,4.8
591,User_JiTfdloss_1,4.0,4.0
591,User_JiTfdloss_2,4.0,4.0
591,User_JiTfdloss_3,4.0,4.0
592,Sys_JiTfdloss_ref_1,0.0,1.25
592,Sys_JiTfdloss_ref_2,0.0,1.5
592,Sys_JiTfdloss_ref_3,0.0,1.5
592,User_JiTfdloss_1,0.0,1.0
592,User_JiTfdloss_2,0.0,2.0
592,User_JiTfdloss_3,0.0,1.0
593,Sys_JiTfdloss_ref_1,0.0,0.85
593,Sys_JiTfdloss_ref_2,0.0,1.25
593,Sys_JiTfdloss_ref_3,0.0,1.2
593,User_JiTfdloss_1,0.0,1.0
593,User_JiTfdloss_2,0.0,1.0
593,User_JiTfdloss_3,0.0,1.0
594,Sys_JiTfdloss_ref_1,4.12,2.35
594,Sys_JiTfdloss_ref_2,4.15,2.85
594,Sys_JiTfdloss_ref_3,3.85,1.92
594,User_JiTfdloss_1,4.17,2.0
594,User_JiTfdloss_2,4.17,2.0
594,User_JiTfdloss_3,4.17,2.0
595,Sys_JiTfdloss_ref_1,1.85,2.4
595,Sys_JiTfdloss_ref_2,2.85,3.2
595,Sys_JiTfdloss_ref_3,1.85,1.2
595,User_JiTfdloss_1,2.14,2.0
595,User_JiTfdloss_2,5.0,3.0
595,User_JiTfdloss_3,5.0,2.0
596,Sys_JiTfdloss_ref_1,1.85,2.1
596,Sys_JiTfdloss_ref_2,0.0,1.25
596,Sys_JiTfdloss_ref_3,0.0,1.25
596,User_JiTfdloss_1,0.0,2.0
596,User_JiTfdloss_2,0.0,2.0
596,User_JiTfdloss_3,0.0,2.0
597,Sys_JiTfdloss_ref_1,0.85,2.4
597,Sys_JiTfdloss_ref_2,0.85,2.6
597,Sys_JiTfdloss_ref_3,0.85,2.15
597,User_JiTfdloss_1,2.14,3.0
597,User_JiTfdloss_2,2.14,3.0
597,User_JiTfdloss_3,2.14,3.0
598,Sys_JiTfdloss_ref_1,1.25,0.85
598,Sys_JiTfdloss_ref_2,1.85,0.92
598,Sys_JiTfdloss_ref_3,1.85,0.5
598,User_JiTfdloss_1,0.0,2.0
598,User_JiTfdloss_2,2.14,1.0
598,User_JiTfdloss_3,2.14,2.0
599,Sys_JiTfdloss_ref_1,3.82,1.47
599,Sys_JiTfdloss_ref_2,3.85,2.15
599,Sys_JiTfdloss_ref_3,3.15,1.5
599,User_JiTfdloss_1,5.0,2.0
599,User_JiTfdloss_2,5.0,2.0
599,User_JiTfdloss_3,5.0,2.0
600,Sys_JiTfdloss_ref_1,4.15,3.25
600,Sys_JiTfdloss_ref_2,4.12,2.85
600,Sys_JiTfdloss_ref_3,4.12,2.85
600,User_JiTfdloss_1,4.0,2.0
600,User_JiTfdloss_2,4.0,2.0
600,User_JiTfdloss_3,4.0,3.0
601,Sys_JiTfdloss_ref_1,4.12,2.85
601,Sys_JiTfdloss_ref_2,4.12,2.85
601,Sys_JiTfdloss_ref_3,3.42,2.85
601,User_JiTfdloss_1,5.0,3.0
601,User_JiTfdloss_2,5.0,3.0
601,User_JiTfdloss_3,4.0,2.0
602,Sys_JiTfdloss_ref_1,4.65,2.85
602,Sys_JiTfdloss_ref_2,4.65,1.82
602,Sys_JiTfdloss_ref_3,4.65,2.85
602,User_JiTfdloss_1,5.0,2.0
602,User_JiTfdloss_2,5.0,2.0
602,User_JiTfdloss_3,5.0,3.0
603,Sys_JiTfdloss_ref_1,3.45,2.8
603,Sys_JiTfdloss_ref_2,3.45,2.1
603,Sys_JiTfdloss_ref_3,4.12,2.85
603,User_JiTfdloss_1,4.0,2.0
603,User_JiTfdloss_2,4.0,2.0
603,User_JiTfdloss_3,4.0,2.0
604,Sys_JiTfdloss_ref_1,3.65,2.85
604,Sys_JiTfdloss_ref_2,3.42,2.85
604,Sys_JiTfdloss_ref_3,3.85,2.45
604,User_JiTfdloss_1,4.29,3.0
604,User_JiTfdloss_2,4.29,3.0
604,User_JiTfdloss_3,4.29,3.0
605,Sys_JiTfdloss_ref_1,4.12,2.85
605,Sys_JiTfdloss_ref_2,4.12,2.85
605,Sys_JiTfdloss_ref_3,3.82,2.15
605,User_JiTfdloss_1,4.17,3.0
605,User_JiTfdloss_2,4.17,3.0
605,User_JiTfdloss_3,4.17,2.0
606,Sys_JiTfdloss_ref_1,4.25,2.85
606,Sys_JiTfdloss_ref_2,4.12,2.85
606,Sys_JiTfdloss_ref_3,4.12,3.65
606,User_JiTfdloss_1,4.0,3.0
606,User_JiTfdloss_2,4.0,4.0
606,User_JiTfdloss_3,4.0,3.0
607,Sys_JiTfdloss_ref_1,1.85,1.2
607,Sys_JiTfdloss_ref_2,2.85,1.92
607,Sys_JiTfdloss_ref_3,2.85,1.92
607,User_JiTfdloss_1,1.43,1.0
607,User_JiTfdloss_2,2.0,2.0
607,User_JiTfdloss_3,2.0,2.0
608,Sys_JiTfdloss_ref_1,1.85,1.2
608,Sys_JiTfdloss_ref_2,2.15,1.85
608,Sys_JiTfdloss_ref_3,3.15,2.4
608,User_JiTfdloss_1,2.5,1.0
608,User_JiTfdloss_2,2.5,2.0
608,User_JiTfdloss_3,1.88,1.0
609,Sys_JiTfdloss_ref_1,3.85,1.75
609,Sys_JiTfdloss_ref_2,3.82,2.15
609,Sys_JiTfdloss_ref_3,2.85,1.92
609,User_JiTfdloss_1,4.0,2.0
609,User_JiTfdloss_2,4.0,3.0
609,User_JiTfdloss_3,4.0,2.0
610,Sys_JiTfdloss_ref_1,3.82,2.65
610,Sys_JiTfdloss_ref_2,3.85,2.9
610,Sys_JiTfdloss_ref_3,3.85,2.15
610,User_JiTfdloss_1,3.75,2.0
610,User_JiTfdloss_2,3.75,3.0
610,User_JiTfdloss_3,3.75,3.0
611,Sys_JiTfdloss_ref_1,4.12,2.85
611,Sys_JiTfdloss_ref_2,4.12,2.85
611,Sys_JiTfdloss_ref_3,1.85,3.42
611,User_JiTfdloss_1,5.0,3.0
611,User_JiTfdloss_2,5.0,3.0
611,User_JiTfdloss_3,5.0,3.0
612,Sys_JiTfdloss_ref_1,3.85,2.15
612,Sys_JiTfdloss_ref_2,3.85,2.4
612,Sys_JiTfdloss_ref_3,4.65,2.15
612,User_JiTfdloss_1,3.12,2.0
612,User_JiTfdloss_2,3.75,2.0
612,User_JiTfdloss_3,5.0,2.0
613,Sys_JiTfdloss_ref_1,4.65,2.85
613,Sys_JiTfdloss_ref_2,4.12,2.85
613,Sys_JiTfdloss_ref_3,4.12,2.85
613,User_JiTfdloss_1,4.38,2.0
613,User_JiTfdloss_2,4.38,2.0
613,User_JiTfdloss_3,4.38,2.0
614,Sys_JiTfdloss_ref_1,3.42,2.15
614,Sys_JiTfdloss_ref_2,3.42,2.15
614,Sys_JiTfdloss_ref_3,3.45,1.82
614,User_JiTfdloss_1,4.29,2.0
614,User_JiTfdloss_2,3.57,3.0
614,User_JiTfdloss_3,3.57,3.0
615,Sys_JiTfdloss_ref_1,4.15,3.85
615,Sys_JiTfdloss_ref_2,4.65,3.85
615,Sys_JiTfdloss_ref_3,3.85,2.65
615,User_JiTfdloss_1,4.29,3.0
615,User_JiTfdloss_2,4.29,3.0
615,User_JiTfdloss_3,4.29,3.0
616,Sys_JiTfdloss_ref_1,4.65,3.82
616,Sys_JiTfdloss_ref_2,2.15,1.85
616,Sys_JiTfdloss_ref_3,4.65,3.85
616,User_JiTfdloss_1,4.29,4.0
616,User_JiTfdloss_2,3.57,2.0
616,User_JiTfdloss_3,3.57,3.0
617,Sys_JiTfdloss_ref_1,1.85,1.92
617,Sys_JiTfdloss_ref_2,2.15,1.8
617,Sys_JiTfdloss_ref_3,1.85,2.4
617,User_JiTfdloss_1,2.78,2.0
617,User_JiTfdloss_2,2.78,2.0
617,User_JiTfdloss_3,2.5,2.0
618,Sys_JiTfdloss_ref_1,4.15,3.62
618,Sys_JiTfdloss_ref_2,4.15,3.85
618,Sys_JiTfdloss_ref_3,4.15,3.65
618,User_JiTfdloss_1,4.29,4.0
618,User_JiTfdloss_2,4.29,4.0
618,User_JiTfdloss_3,4.29,4.0
619,Sys_JiTfdloss_ref_1,4.65,3.85
619,Sys_JiTfdloss_ref_2,4.85,3.75
619,Sys_JiTfdloss_ref_3,4.65,3.85
619,User_JiTfdloss_1,5.0,4.0
619,User_JiTfdloss_2,5.0,4.0
619,User_JiTfdloss_3,5.0,4.0
620,Sys_JiTfdloss_ref_1,4.65,3.85
620,Sys_JiTfdloss_ref_2,4.65,3.2
620,Sys_JiTfdloss_ref_3,4.85,3.65
620,User_JiTfdloss_1,4.38,3.0
620,User_JiTfdloss_2,4.38,3.0
620,User_JiTfdloss_3,5.0,4.0
621,Sys_JiTfdloss_ref_1,4.85,3.75
621,Sys_JiTfdloss_ref_2,2.15,2.8
621,Sys_JiTfdloss_ref_3,4.15,3.2
621,User_JiTfdloss_1,2.14,1.0
621,User_JiTfdloss_2,4.29,4.0
621,User_JiTfdloss_3,2.14,1.0
622,Sys_JiTfdloss_ref_1,2.35,3.82
622,Sys_JiTfdloss_ref_2,3.85,2.65
622,Sys_JiTfdloss_ref_3,3.85,3.62
622,User_JiTfdloss_1,2.22,3.0
622,User_JiTfdloss_2,2.78,4.0
622,User_JiTfdloss_3,2.22,4.0
623,Sys_JiTfdloss_ref_1,4.85,2.65
623,Sys_JiTfdloss_ref_2,4.85,3.72
623,Sys_JiTfdloss_ref_3,4.15,3.85
623,User_JiTfdloss_1,5.0,4.0
623,User_JiTfdloss_2,5.0,3.0
623,User_JiTfdloss_3,5.0,3.0
624,Sys_JiTfdloss_ref_1,4.85,4.62
624,Sys_JiTfdloss_ref_2,4.12,3.85
624,Sys_JiTfdloss_ref_3,3.85,3.2
624,User_JiTfdloss_1,5.0,2.0
624,User_JiTfdloss_2,5.0,4.0
624,User_JiTfdloss_3,5.0,5.0
625,Sys_JiTfdloss_ref_1,3.85,2.4
625,Sys_JiTfdloss_ref_2,2.85,3.42
625,Sys_JiTfdloss_ref_3,2.15,2.85
625,User_JiTfdloss_1,2.5,4.0
625,User_JiTfdloss_2,2.0,3.0
625,User_JiTfdloss_3,2.5,3.0
626,Sys_JiTfdloss_ref_1,4.65,3.85
626,Sys_JiTfdloss_ref_2,4.85,3.6
626,Sys_JiTfdloss_ref_3,4.85,3.62
626,User_JiTfdloss_1,5.0,4.0
626,User_JiTfdloss_2,5.0,4.0
626,User_JiTfdloss_3,5.0,4.0
627,Sys_JiTfdloss_ref_1,2.85,4.15
627,Sys_JiTfdloss_ref_2,1.85,4.12
627,Sys_JiTfdloss_ref_3,4.15,3.82
627,User_JiTfdloss_1,1.67,4.0
627,User_JiTfdloss_2,1.67,2.0
627,User_JiTfdloss_3,0.56,2.0
628,Sys_JiTfdloss_ref_1,4.15,2.85
628,Sys_JiTfdloss_ref_2,4.35,3.82
628,Sys_JiTfdloss_ref_3,4.65,3.85
628,User_JiTfdloss_1,5.0,3.0
628,User_JiTfdloss_2,5.0,3.0
628,User_JiTfdloss_3,4.44,3.0
629,Sys_JiTfdloss_ref_1,4.85,3.65
629,Sys_JiTfdloss_ref_2,4.85,3.92
629,Sys_JiTfdloss_ref_3,3.85,2.15
629,User_JiTfdloss_1,5.0,4.0
629,User_JiTfdloss_2,5.0,4.0
629,User_JiTfdloss_3,5.0,3.0
630,Sys_JiTfdloss_ref_1,4.85,3.6
630,Sys_JiTfdloss_ref_2,3.42,2.15
630,Sys_JiTfdloss_ref_3,2.85,1.95
630,User_JiTfdloss_1,5.0,2.0
630,User_JiTfdloss_2,5.0,3.0
630,User_JiTfdloss_3,5.0,4.0
631,Sys_JiTfdloss_ref_1,4.65,3.82
631,Sys_JiTfdloss_ref_2,4.85,3.62
631,Sys_JiTfdloss_ref_3,4.65,3.82
631,User_JiTfdloss_1,5.0,4.0
631,User_JiTfdloss_2,5.0,4.0
631,User_JiTfdloss_3,5.0,4.0
632,Sys_JiTfdloss_ref_1,4.85,2.15
632,Sys_JiTfdloss_ref_2,2.85,1.65
632,Sys_JiTfdloss_ref_3,2.85,1.45
632,User_JiTfdloss_1,5.0,1.0
632,User_JiTfdloss_2,4.17,2.0
632,User_JiTfdloss_3,2.86,1.0
633,Sys_JiTfdloss_ref_1,2.85,1.5
633,Sys_JiTfdloss_ref_2,1.85,1.5
633,Sys_JiTfdloss_ref_3,1.85,1.5
633,User_JiTfdloss_1,2.86,2.0
633,User_JiTfdloss_2,5.0,2.0
633,User_JiTfdloss_3,5.0,2.0
634,Sys_JiTfdloss_ref_1,3.45,1.5
634,Sys_JiTfdloss_ref_2,4.12,1.5
634,Sys_JiTfdloss_ref_3,3.85,1.5
634,User_JiTfdloss_1,5.0,2.0
634,User_JiTfdloss_2,5.0,2.0
634,User_JiTfdloss_3,5.0,2.0
635,Sys_JiTfdloss_ref_1,2.85,2.6
635,Sys_JiTfdloss_ref_2,2.85,2.1
635,Sys_JiTfdloss_ref_3,3.82,2.45
635,User_JiTfdloss_1,4.0,3.0
635,User_JiTfdloss_2,4.0,4.0
635,User_JiTfdloss_3,4.0,3.0
636,Sys_JiTfdloss_ref_1,4.85,3.6
636,Sys_JiTfdloss_ref_2,4.65,2.85
636,Sys_JiTfdloss_ref_3,4.85,3.6
636,User_JiTfdloss_1,5.0,4.0
636,User_JiTfdloss_2,5.0,4.0
636,User_JiTfdloss_3,5.0,4.0
637,Sys_JiTfdloss_ref_1,3.85,2.15
637,Sys_JiTfdloss_ref_2,4.65,3.82
637,Sys_JiTfdloss_ref_3,4.15,2.85
637,User_JiTfdloss_1,5.0,3.0
637,User_JiTfdloss_2,4.38,4.0
637,User_JiTfdloss_3,4.38,4.0
638,Sys_JiTfdloss_ref_1,0.15,1.25
638,Sys_JiTfdloss_ref_2,0.15,0.85
638,Sys_JiTfdloss_ref_3,0.85,1.2
638,User_JiTfdloss_1,1.25,1.0
638,User_JiTfdloss_2,0.0,2.0
638,User_JiTfdloss_3,1.25,2.0
639,Sys_JiTfdloss_ref_1,1.25,1.8
639,Sys_JiTfdloss_ref_2,1.25,0.85
639,Sys_JiTfdloss_ref_3,1.85,1.2
639,User_JiTfdloss_1,1.25,2.0
639,User_JiTfdloss_2,1.25,1.0
639,User_JiTfdloss_3,1.25,1.0
640,Sys_JiTfdloss_ref_1,4.65,3.85
640,Sys_JiTfdloss_ref_2,4.65,3.85
640,Sys_JiTfdloss_ref_3,4.65,3.85
640,User_JiTfdloss_1,5.0,3.0
640,User_JiTfdloss_2,4.38,4.0
640,User_JiTfdloss_3,5.0,3.0
641,Sys_JiTfdloss_ref_1,0.15,2.85
641,Sys_JiTfdloss_ref_2,0.12,3.45
641,Sys_JiTfdloss_ref_3,0.15,3.85
641,User_JiTfdloss_1,1.25,3.0
641,User_JiTfdloss_2,1.25,4.0
641,User_JiTfdloss_3,1.25,4.0
642,Sys_JiTfdloss_ref_1,4.85,2.9
642,Sys_JiTfdloss_ref_2,4.85,3.65
642,Sys_JiTfdloss_ref_3,4.85,3.65
642,User_JiTfdloss_1,4.38,4.0
642,User_JiTfdloss_2,4.38,4.0
642,User_JiTfdloss_3,4.38,4.0
643,Sys_JiTfdloss_ref_1,3.85,2.75
643,Sys_JiTfdloss_ref_2,3.45,2.85
643,Sys_JiTfdloss_ref_3,4.85,3.75
643,User_JiTfdloss_1,3.33,3.0
643,User_JiTfdloss_2,3.0,3.0
643,User_JiTfdloss_3,4.0,3.0
644,Sys_JiTfdloss_ref_1,4.65,2.85
644,Sys_JiTfdloss_ref_2,4.65,1.85
644,Sys_JiTfdloss_ref_3,4.65,2.85
644,User_JiTfdloss_1,4.38,3.0
644,User_JiTfdloss_2,4.38,4.0
644,User_JiTfdloss_3,4.38,3.0
645,Sys_JiTfdloss_ref_1,4.65,2.85
645,Sys_JiTfdloss_ref_2,4.85,3.2
645,Sys_JiTfdloss_ref_3,4.65,3.82
645,User_JiTfdloss_1,4.29,4.0
645,User_JiTfdloss_2,4.29,3.0
645,User_JiTfdloss_3,4.29,4.0
646,Sys_JiTfdloss_ref_1,4.65,2.85
646,Sys_JiTfdloss_ref_2,4.65,2.85
646,Sys_JiTfdloss_ref_3,4.85,3.72
646,User_JiTfdloss_1,4.38,3.0
646,User_JiTfdloss_2,4.38,3.0
646,User_JiTfdloss_3,4.38,3.0
647,Sys_JiTfdloss_ref_1,2.85,2.4
647,Sys_JiTfdloss_ref_2,2.85,1.92
647,Sys_JiTfdloss_ref_3,4.15,2.85
647,User_JiTfdloss_1,3.75,2.0
647,User_JiTfdloss_2,1.88,2.0
647,User_JiTfdloss_3,3.75,3.0
648,Sys_JiTfdloss_ref_1,3.65,1.25
648,Sys_JiTfdloss_ref_2,4.65,1.85
648,Sys_JiTfdloss_ref_3,4.65,1.85
648,User_JiTfdloss_1,5.0,2.0
648,User_JiTfdloss_2,5.0,1.0
648,User_JiTfdloss_3,5.0,1.0
649,Sys_JiTfdloss_ref_1,4.12,2.85
649,Sys_JiTfdloss_ref_2,4.12,2.85
649,Sys_JiTfdloss_ref_3,3.85,2.15
649,User_JiTfdloss_1,3.75,2.0
649,User_JiTfdloss_2,3.75,3.0
649,User_JiTfdloss_3,3.75,2.0
650,Sys_JiTfdloss_ref_1,4.85,3.72
650,Sys_JiTfdloss_ref_2,4.15,3.85
650,Sys_JiTfdloss_ref_3,4.85,3.72
650,User_JiTfdloss_1,3.75,4.0
650,User_JiTfdloss_2,3.75,4.0
650,User_JiTfdloss_3,4.38,4.0
651,Sys_JiTfdloss_ref_1,2.85,1.2
651,Sys_JiTfdloss_ref_2,4.85,3.75
651,Sys_JiTfdloss_ref_3,4.85,3.72
651,User_JiTfdloss_1,5.0,4.0
651,User_JiTfdloss_2,5.0,4.0
651,User_JiTfdloss_3,5.0,4.0
652,Sys_JiTfdloss_ref_1,3.85,3.62
652,Sys_JiTfdloss_ref_2,3.85,2.65
652,Sys_JiTfdloss_ref_3,3.85,3.42
652,User_JiTfdloss_1,5.0,3.0
652,User_JiTfdloss_2,5.0,4.0
652,User_JiTfdloss_3,5.0,4.0
653,Sys_JiTfdloss_ref_1,2.85,2.45
653,Sys_JiTfdloss_ref_2,3.85,3.62
653,Sys_JiTfdloss_ref_3,1.25,2.8
653,User_JiTfdloss_1,2.5,2.0
653,User_JiTfdloss_2,1.25,3.0
653,User_JiTfdloss_3,2.5,4.0
654,Sys_JiTfdloss_ref_1,4.15,2.85
654,Sys_JiTfdloss_ref_2,4.15,2.85
654,Sys_JiTfdloss_ref_3,4.85,3.6
654,User_JiTfdloss_1,4.38,3.0
654,User_JiTfdloss_2,3.75,3.0
654,User_JiTfdloss_3,4.38,4.0
655,Sys_JiTfdloss_ref_1,3.45,1.82
655,Sys_JiTfdloss_ref_2,3.42,2.85
655,Sys_JiTfdloss_ref_3,3.85,2.15
655,User_JiTfdloss_1,3.12,2.0
655,User_JiTfdloss_2,3.33,3.0
655,User_JiTfdloss_3,3.33,3.0
656,Sys_JiTfdloss_ref_1,2.85,3.65
656,Sys_JiTfdloss_ref_2,2.15,2.85
656,Sys_JiTfdloss_ref_3,1.85,2.4
656,User_JiTfdloss_1,2.86,4.0
656,User_JiTfdloss_2,2.5,4.0
656,User_JiTfdloss_3,2.86,2.0
657,Sys_JiTfdloss_ref_1,3.42,2.85
657,Sys_JiTfdloss_ref_2,1.85,2.1
657,Sys_JiTfdloss_ref_3,3.42,2.15
657,User_JiTfdloss_1,2.86,4.0
657,User_JiTfdloss_2,3.75,4.0
657,User_JiTfdloss_3,3.75,4.0
658,Sys_JiTfdloss_ref_1,4.85,3.65
658,Sys_JiTfdloss_ref_2,4.85,3.62
658,Sys_JiTfdloss_ref_3,4.85,4.12
658,User_JiTfdloss_1,3.75,4.0
658,User_JiTfdloss_2,0.0,4.0
658,User_JiTfdloss_3,0.0,4.0
659,Sys_JiTfdloss_ref_1,1.85,0.92
659,Sys_JiTfdloss_ref_2,2.15,1.85
659,Sys_JiTfdloss_ref_3,1.85,1.2
659,User_JiTfdloss_1,1.88,1.0
659,User_JiTfdloss_2,2.22,1.0
659,User_JiTfdloss_3,1.88,1.0
660,Sys_JiTfdloss_ref_1,2.85,1.5
660,Sys_JiTfdloss_ref_2,2.85,1.5
660,Sys_JiTfdloss_ref_3,2.85,1.65
660,User_JiTfdloss_1,0.0,2.0
660,User_JiTfdloss_2,2.22,2.0
660,User_JiTfdloss_3,0.0,2.0
661,Sys_JiTfdloss_ref_1,4.85,3.65
661,Sys_JiTfdloss_ref_2,1.25,3.85
661,Sys_JiTfdloss_ref_3,4.85,3.72
661,User_JiTfdloss_1,0.56,4.0
661,User_JiTfdloss_2,5.0,4.0
661,User_JiTfdloss_3,5.0,4.0
662,Sys_JiTfdloss_ref_1,3.85,1.5
662,Sys_JiTfdloss_ref_2,1.85,1.5
662,Sys_JiTfdloss_ref_3,3.85,1.5
662,User_JiTfdloss_1,2.22,2.0
662,User_JiTfdloss_2,2.22,2.0
662,User_JiTfdloss_3,2.22,2.0
663,Sys_JiTfdloss_ref_1,3.85,2.75
663,Sys_JiTfdloss_ref_2,3.85,3.6
663,Sys_JiTfdloss_ref_3,2.85,3.42
663,User_JiTfdloss_1,3.57,4.0
663,User_JiTfdloss_2,3.57,4.0
663,User_JiTfdloss_3,3.57,3.0
664,Sys_JiTfdloss_ref_1,3.85,2.15
664,Sys_JiTfdloss_ref_2,3.45,2.85
664,Sys_JiTfdloss_ref_3,3.85,2.45
664,User_JiTfdloss_1,2.5,3.0
664,User_JiTfdloss_2,2.5,3.0
664,User_JiTfdloss_3,2.5,2.0
665,Sys_JiTfdloss_ref_1,4.12,2.85
665,Sys_JiTfdloss_ref_2,3.85,1.65
665,Sys_JiTfdloss_ref_3,3.42,2.15
665,User_JiTfdloss_1,3.75,2.0
665,User_JiTfdloss_2,5.0,2.0
665,User_JiTfdloss_3,3.75,2.0
666,Sys_JiTfdloss_ref_1,2.85,3.42
666,Sys_JiTfdloss_ref_2,2.85,2.1
666,Sys_JiTfdloss_ref_3,3.85,3.42
666,User_JiTfdloss_1,2.22,2.0
666,User_JiTfdloss_2,2.22,2.0
666,User_JiTfdloss_3,2.22,2.0
667,Sys_JiTfdloss_ref_1,1.85,2.4
667,Sys_JiTfdloss_ref_2,0.62,1.85
667,Sys_JiTfdloss_ref_3,0.12,1.85
667,User_JiTfdloss_1,1.43,3.0
667,User_JiTfdloss_2,1.43,3.0
667,User_JiTfdloss_3,0.56,2.0
668,Sys_JiTfdloss_ref_1,3.82,1.47
668,Sys_JiTfdloss_ref_2,4.15,2.85
668,Sys_JiTfdloss_ref_3,4.85,3.62
668,User_JiTfdloss_1,4.0,1.0
668,User_JiTfdloss_2,3.33,1.0
668,User_JiTfdloss_3,3.33,3.0
669,Sys_JiTfdloss_ref_1,2.85,2.4
669,Sys_JiTfdloss_ref_2,1.85,2.4
669,Sys_JiTfdloss_ref_3,3.45,2.15
669,User_JiTfdloss_1,1.67,2.0
669,User_JiTfdloss_2,1.67,2.0
669,User_JiTfdloss_3,1.67,2.0
670,Sys_JiTfdloss_ref_1,2.85,1.65
670,Sys_JiTfdloss_ref_2,1.85,1.2
670,Sys_JiTfdloss_ref_3,1.85,1.2
670,User_JiTfdloss_1,3.33,1.0
670,User_JiTfdloss_2,0.0,1.0
670,User_JiTfdloss_3,3.33,1.0
671,Sys_JiTfdloss_ref_1,1.85,3.2
671,Sys_JiTfdloss_ref_2,1.85,2.15
671,Sys_JiTfdloss_ref_3,3.65,1.5
671,User_JiTfdloss_1,3.12,2.0
671,User_JiTfdloss_2,3.12,2.0
671,User_JiTfdloss_3,3.89,2.0
672,Sys_JiTfdloss_ref_1,4.12,2.85
672,Sys_JiTfdloss_ref_2,4.15,2.85
672,Sys_JiTfdloss_ref_3,3.85,1.42
672,User_JiTfdloss_1,3.75,3.0
672,User_JiTfdloss_2,3.75,1.0
672,User_JiTfdloss_3,3.75,2.0
673,Sys_JiTfdloss_ref_1,4.15,1.5
673,Sys_JiTfdloss_ref_2,4.15,2.85
673,Sys_JiTfdloss_ref_3,4.12,1.5
673,User_JiTfdloss_1,4.44,2.0
673,User_JiTfdloss_2,4.44,2.0
673,User_JiTfdloss_3,4.44,2.0
674,Sys_JiTfdloss_ref_1,4.12,1.5
674,Sys_JiTfdloss_ref_2,4.15,1.5
674,Sys_JiTfdloss_ref_3,4.65,1.5
674,User_JiTfdloss_1,4.44,3.0
674,User_JiTfdloss_2,5.0,2.0
674,User_JiTfdloss_3,5.0,3.0
675,Sys_JiTfdloss_ref_1,4.12,3.85
675,Sys_JiTfdloss_ref_2,3.85,2.65
675,Sys_JiTfdloss_ref_3,4.12,3.85
675,User_JiTfdloss_1,5.0,4.0
675,User_JiTfdloss_2,5.0,2.0
675,User_JiTfdloss_3,5.0,3.0
676,Sys_JiTfdloss_ref_1,4.85,2.75
676,Sys_JiTfdloss_ref_2,4.85,4.12
676,Sys_JiTfdloss_ref_3,4.85,3.72
676,User_JiTfdloss_1,5.0,4.0
676,User_JiTfdloss_2,5.0,4.0
676,User_JiTfdloss_3,5.0,3.0
677,Sys_JiTfdloss_ref_1,4.92,1.5
677,Sys_JiTfdloss_ref_2,4.92,1.5
677,Sys_JiTfdloss_ref_3,4.65,1.5
677,User_JiTfdloss_1,5.0,2.0
677,User_JiTfdloss_2,5.0,2.0
677,User_JiTfdloss_3,4.44,2.0
678,Sys_JiTfdloss_ref_1,3.85,3.2
678,Sys_JiTfdloss_ref_2,3.82,2.0
678,Sys_JiTfdloss_ref_3,4.12,2.85
678,User_JiTfdloss_1,4.17,2.0
678,User_JiTfdloss_2,4.17,2.0
678,User_JiTfdloss_3,3.57,3.0
679,Sys_JiTfdloss_ref_1,3.42,1.5
679,Sys_JiTfdloss_ref_2,2.85,4.12
679,Sys_JiTfdloss_ref_3,3.85,4.12
679,User_JiTfdloss_1,3.89,4.0
679,User_JiTfdloss_2,3.89,4.0
679,User_JiTfdloss_3,3.89,4.0
680,Sys_JiTfdloss_ref_1,4.85,3.62
680,Sys_JiTfdloss_ref_2,4.65,2.85
680,Sys_JiTfdloss_ref_3,4.65,2.15
680,User_JiTfdloss_1,5.0,2.0
680,User_JiTfdloss_2,5.0,3.0
680,User_JiTfdloss_3,5.0,3.0
681,Sys_JiTfdloss_ref_1,4.85,3.62
681,Sys_JiTfdloss_ref_2,4.85,3.62
681,Sys_JiTfdloss_ref_3,4.85,4.92
681,User_JiTfdloss_1,4.38,5.0
681,User_JiTfdloss_2,5.0,5.0
681,User_JiTfdloss_3,5.0,4.0
682,Sys_JiTfdloss_ref_1,4.85,3.65
682,Sys_JiTfdloss_ref_2,4.85,3.65
682,Sys_JiTfdloss_ref_3,4.85,3.65
682,User_JiTfdloss_1,5.0,4.0
682,User_JiTfdloss_2,5.0,4.0
682,User_JiTfdloss_3,5.0,4.0
683,Sys_JiTfdloss_ref_1,4.85,3.75
683,Sys_JiTfdloss_ref_2,4.85,3.65
683,Sys_JiTfdloss_ref_3,4.85,2.15
683,User_JiTfdloss_1,5.0,4.0
683,User_JiTfdloss_2,5.0,4.0
683,User_JiTfdloss_3,5.0,4.0
684,Sys_JiTfdloss_ref_1,4.85,3.62
684,Sys_JiTfdloss_ref_2,4.85,2.15
684,Sys_JiTfdloss_ref_3,4.85,2.15
684,User_JiTfdloss_1,5.0,2.0
684,User_JiTfdloss_2,5.0,3.0
684,User_JiTfdloss_3,5.0,2.0
685,Sys_JiTfdloss_ref_1,4.65,2.15
685,Sys_JiTfdloss_ref_2,4.65,2.85
685,Sys_JiTfdloss_ref_3,4.65,2.15
685,User_JiTfdloss_1,5.0,3.0
685,User_JiTfdloss_2,5.0,3.0
685,User_JiTfdloss_3,4.38,3.0
686,Sys_JiTfdloss_ref_1,4.85,3.65
686,Sys_JiTfdloss_ref_2,4.85,3.65
686,Sys_JiTfdloss_ref_3,4.85,3.6
686,User_JiTfdloss_1,5.0,4.0
686,User_JiTfdloss_2,5.0,4.0
686,User_JiTfdloss_3,5.0,4.0
687,Sys_JiTfdloss_ref_1,4.12,1.5
687,Sys_JiTfdloss_ref_2,3.85,1.5
687,Sys_JiTfdloss_ref_3,4.85,1.92
687,User_JiTfdloss_1,5.0,2.0
687,User_JiTfdloss_2,5.0,3.0
687,User_JiTfdloss_3,5.0,2.0
688,Sys_JiTfdloss_ref_1,4.85,3.2
688,Sys_JiTfdloss_ref_2,4.85,3.2
688,Sys_JiTfdloss_ref_3,4.85,2.15
688,User_JiTfdloss_1,5.0,2.0
688,User_JiTfdloss_2,5.0,2.0
688,User_JiTfdloss_3,5.0,2.0
689,Sys_JiTfdloss_ref_1,4.85,3.2
689,Sys_JiTfdloss_ref_2,4.85,3.62
689,Sys_JiTfdloss_ref_3,4.85,3.6
689,User_JiTfdloss_1,5.0,4.0
689,User_JiTfdloss_2,5.0,4.0
689,User_JiTfdloss_3,5.0,4.0
690,Sys_JiTfdloss_ref_1,4.85,2.75
690,Sys_JiTfdloss_ref_2,4.85,3.2
690,Sys_JiTfdloss_ref_3,5.0,5.0
690,User_JiTfdloss_1,3.12,3.0
690,User_JiTfdloss_2,3.12,4.0
690,User_JiTfdloss_3,5.0,3.0
691,Sys_JiTfdloss_ref_1,3.85,3.2
691,Sys_JiTfdloss_ref_2,4.85,3.2
691,Sys_JiTfdloss_ref_3,4.85,3.6
691,User_JiTfdloss_1,4.38,3.0
691,User_JiTfdloss_2,4.38,4.0
691,User_JiTfdloss_3,3.75,3.0
692,Sys_JiTfdloss_ref_1,4.85,3.75
692,Sys_JiTfdloss_ref_2,4.85,3.75
692,Sys_JiTfdloss_ref_3,4.85,3.75
692,User_JiTfdloss_1,3.57,3.0
692,User_JiTfdloss_2,3.57,4.0
692,User_JiTfdloss_3,3.57,4.0
693,Sys_JiTfdloss_ref_1,4.65,3.85
693,Sys_JiTfdloss_ref_2,4.15,2.85
693,Sys_JiTfdloss_ref_3,4.85,3.65
693,User_JiTfdloss_1,3.75,4.0
693,User_JiTfdloss_2,3.75,4.0
693,User_JiTfdloss_3,3.12,4.0
694,Sys_JiTfdloss_ref_1,2.85,3.42
694,Sys_JiTfdloss_ref_2,3.42,3.85
694,Sys_JiTfdloss_ref_3,3.82,3.65
694,User_JiTfdloss_1,3.12,2.0
694,User_JiTfdloss_2,3.12,4.0
694,User_JiTfdloss_3,3.12,3.0
695,Sys_JiTfdloss_ref_1,2.85,1.92
695,Sys_JiTfdloss_ref_2,3.85,2.4
695,Sys_JiTfdloss_ref_3,2.85,1.42
695,User_JiTfdloss_1,1.88,2.0
695,User_JiTfdloss_2,1.25,1.0
695,User_JiTfdloss_3,1.88,1.0
696,Sys_JiTfdloss_ref_1,4.85,3.72
696,Sys_JiTfdloss_ref_2,4.85,4.2
696,Sys_JiTfdloss_ref_3,4.85,4.72
696,User_JiTfdloss_1,3.57,4.0
696,User_JiTfdloss_2,3.57,4.0
696,User_JiTfdloss_3,3.57,4.0
697,Sys_JiTfdloss_ref_1,4.85,3.6
697,Sys_JiTfdloss_ref_2,4.85,3.6
697,Sys_JiTfdloss_ref_3,4.85,3.75
697,User_JiTfdloss_1,5.0,4.0
697,User_JiTfdloss_2,5.0,4.0
697,User_JiTfdloss_3,5.0,4.0
698,Sys_JiTfdloss_ref_1,4.65,3.85
698,Sys_JiTfdloss_ref_2,4.85,3.2
698,Sys_JiTfdloss_ref_3,4.15,3.25
698,User_JiTfdloss_1,3.75,4.0
698,User_JiTfdloss_2,3.75,4.0
698,User_JiTfdloss_3,3.75,4.0
699,Sys_JiTfdloss_ref_1,4.65,3.82
699,Sys_JiTfdloss_ref_2,3.85,2.65
699,Sys_JiTfdloss_ref_3,4.25,3.65
699,User_JiTfdloss_1,3.33,3.0
699,User_JiTfdloss_2,5.0,3.0
699,User_JiTfdloss_3,3.33,3.0
700,Sys_JiTfdloss_ref_1,4.85,3.65
700,Sys_JiTfdloss_ref_2,4.85,3.65
700,Sys_JiTfdloss_ref_3,4.85,4.62
700,User_JiTfdloss_1,5.0,5.0
700,User_JiTfdloss_2,5.0,4.0
700,User_JiTfdloss_3,5.0,5.0
701,Sys_JiTfdloss_ref_1,4.65,3.82
701,Sys_JiTfdloss_ref_2,4.85,3.92
701,Sys_JiTfdloss_ref_3,4.85,3.65
701,User_JiTfdloss_1,5.0,4.0
701,User_JiTfdloss_2,5.0,4.0
701,User_JiTfdloss_3,5.0,4.0
702,Sys_JiTfdloss_ref_1,4.85,4.92
702,Sys_JiTfdloss_ref_2,4.85,4.92
702,Sys_JiTfdloss_ref_3,4.85,4.92
702,User_JiTfdloss_1,5.0,4.0
702,User_JiTfdloss_2,5.0,4.0
702,User_JiTfdloss_3,5.0,4.0
703,Sys_JiTfdloss_ref_1,3.85,3.62
703,Sys_JiTfdloss_ref_2,4.85,4.12
703,Sys_JiTfdloss_ref_3,4.85,4.92
703,User_JiTfdloss_1,5.0,5.0
703,User_JiTfdloss_2,5.0,4.0
703,User_JiTfdloss_3,5.0,5.0
704,Sys_JiTfdloss_ref_1,5.0,5.0
704,Sys_JiTfdloss_ref_2,4.85,3.6
704,Sys_JiTfdloss_ref_3,5.0,5.0
704,User_JiTfdloss_1,5.0,5.0
704,User_JiTfdloss_2,5.0,5.0
704,User_JiTfdloss_3,5.0,5.0
705,Sys_JiTfdloss_ref_1,4.85,3.65
705,Sys_JiTfdloss_ref_2,4.85,3.75
705,Sys_JiTfdloss_ref_3,4.85,3.65
705,User_JiTfdloss_1,5.0,3.0
705,User_JiTfdloss_2,5.0,4.0
705,User_JiTfdloss_3,5.0,4.0
706,Sys_JiTfdloss_ref_1,3.82,3.65
706,Sys_JiTfdloss_ref_2,4.65,2.85
706,Sys_JiTfdloss_ref_3,4.65,2.85
706,User_JiTfdloss_1,5.0,3.0
706,User_JiTfdloss_2,5.0,2.0
706,User_JiTfdloss_3,5.0,4.0
707,Sys_JiTfdloss_ref_1,4.85,4.75
707,Sys_JiTfdloss_ref_2,4.85,4.75
707,Sys_JiTfdloss_ref_3,4.85,4.75
707,User_JiTfdloss_1,5.0,5.0
707,User_JiTfdloss_2,5.0,5.0
707,User_JiTfdloss_3,5.0,5.0
708,Sys_JiTfdloss_ref_1,3.85,2.15
708,Sys_JiTfdloss_ref_2,3.85,2.0
708,Sys_JiTfdloss_ref_3,4.65,3.82
708,User_JiTfdloss_1,4.29,2.0
708,User_JiTfdloss_2,3.57,2.0
708,User_JiTfdloss_3,3.57,3.0
709,Sys_JiTfdloss_ref_1,4.85,3.6
709,Sys_JiTfdloss_ref_2,4.85,3.65
709,Sys_JiTfdloss_ref_3,4.65,3.85
709,User_JiTfdloss_1,5.0,4.0
709,User_JiTfdloss_2,5.0,4.0
709,User_JiTfdloss_3,5.0,4.0
710,Sys_JiTfdloss_ref_1,4.85,2.9
710,Sys_JiTfdloss_ref_2,4.85,3.2
710,Sys_JiTfdloss_ref_3,4.85,3.2
710,User_JiTfdloss_1,3.75,3.0
710,User_JiTfdloss_2,3.75,3.0
710,User_JiTfdloss_3,3.75,3.0
711,Sys_JiTfdloss_ref_1,4.85,3.72
711,Sys_JiTfdloss_ref_2,4.92,4.15
711,Sys_JiTfdloss_ref_3,4.85,3.72
711,User_JiTfdloss_1,5.0,3.0
711,User_JiTfdloss_2,5.0,4.0
711,User_JiTfdloss_3,5.0,4.0
712,Sys_JiTfdloss_ref_1,4.15,2.85
712,Sys_JiTfdloss_ref_2,4.25,2.15
712,Sys_JiTfdloss_ref_3,4.65,3.85
712,User_JiTfdloss_1,4.38,2.0
712,User_JiTfdloss_2,3.75,2.0
712,User_JiTfdloss_3,4.38,2.0
713,Sys_JiTfdloss_ref_1,3.45,2.8
713,Sys_JiTfdloss_ref_2,4.65,3.2
713,Sys_JiTfdloss_ref_3,4.12,3.68
713,User_JiTfdloss_1,3.89,3.0
713,User_JiTfdloss_2,5.0,4.0
713,User_JiTfdloss_3,2.78,4.0
714,Sys_JiTfdloss_ref_1,4.65,3.82
714,Sys_JiTfdloss_ref_2,4.85,3.72
714,Sys_JiTfdloss_ref_3,4.65,3.82
714,User_JiTfdloss_1,3.89,4.0
714,User_JiTfdloss_2,3.89,4.0
714,User_JiTfdloss_3,3.89,3.0
715,Sys_JiTfdloss_ref_1,2.85,1.92
715,Sys_JiTfdloss_ref_2,2.15,2.85
715,Sys_JiTfdloss_ref_3,3.82,2.45
715,User_JiTfdloss_1,2.0,2.0
715,User_JiTfdloss_2,2.0,3.0
715,User_JiTfdloss_3,2.0,2.0
716,Sys_JiTfdloss_ref_1,2.15,1.85
716,Sys_JiTfdloss_ref_2,1.85,2.1
716,Sys_JiTfdloss_ref_3,1.85,2.4
716,User_JiTfdloss_1,3.33,2.0
716,User_JiTfdloss_2,3.33,1.0
716,User_JiTfdloss_3,3.33,2.0
717,Sys_JiTfdloss_ref_1,4.12,1.5
717,Sys_JiTfdloss_ref_2,4.85,1.2
717,Sys_JiTfdloss_ref_3,2.85,1.42
717,User_JiTfdloss_1,3.0,1.0
717,User_JiTfdloss_2,3.33,1.0
717,User_JiTfdloss_3,3.0,2.0
718,Sys_JiTfdloss_ref_1,3.85,2.15
718,Sys_JiTfdloss_ref_2,2.85,1.92
718,Sys_JiTfdloss_ref_3,3.85,2.4
718,User_JiTfdloss_1,1.67,2.0
718,User_JiTfdloss_2,2.78,2.0
718,User_JiTfdloss_3,2.78,2.0
719,Sys_JiTfdloss_ref_1,4.65,3.8
719,Sys_JiTfdloss_ref_2,4.65,3.85
719,Sys_JiTfdloss_ref_3,4.65,3.82
719,User_JiTfdloss_1,5.0,4.0
719,User_JiTfdloss_2,5.0,4.0
719,User_JiTfdloss_3,5.0,3.0
720,Sys_JiTfdloss_ref_1,2.15,0.85
720,Sys_JiTfdloss_ref_2,3.85,1.25
720,Sys_JiTfdloss_ref_3,2.85,1.2
720,User_JiTfdloss_1,3.75,1.0
720,User_JiTfdloss_2,5.0,1.0
720,User_JiTfdloss_3,5.0,1.0
721,Sys_JiTfdloss_ref_1,4.85,3.6
721,Sys_JiTfdloss_ref_2,4.85,3.62
721,Sys_JiTfdloss_ref_3,4.85,3.72
721,User_JiTfdloss_1,5.0,4.0
721,User_JiTfdloss_2,5.0,4.0
721,User_JiTfdloss_3,5.0,4.0
722,Sys_JiTfdloss_ref_1,4.85,3.0
722,Sys_JiTfdloss_ref_2,4.85,4.62
722,Sys_JiTfdloss_ref_3,4.85,3.6
722,User_JiTfdloss_1,5.0,4.0
722,User_JiTfdloss_2,5.0,4.0
722,User_JiTfdloss_3,5.0,4.0
723,Sys_JiTfdloss_ref_1,4.85,3.65
723,Sys_JiTfdloss_ref_2,4.92,3.85
723,Sys_JiTfdloss_ref_3,4.85,3.62
723,User_JiTfdloss_1,5.0,5.0
723,User_JiTfdloss_2,5.0,5.0
723,User_JiTfdloss_3,5.0,5.0
724,Sys_JiTfdloss_ref_1,3.85,1.5
724,Sys_JiTfdloss_ref_2,4.82,1.5
724,Sys_JiTfdloss_ref_3,4.85,1.5
724,User_JiTfdloss_1,2.5,3.0
724,User_JiTfdloss_2,5.0,2.0
724,User_JiTfdloss_3,5.0,2.0
725,Sys_JiTfdloss_ref_1,4.85,3.65
725,Sys_JiTfdloss_ref_2,4.85,3.65
725,Sys_JiTfdloss_ref_3,4.85,4.2
725,User_JiTfdloss_1,5.0,4.0
725,User_JiTfdloss_2,5.0,4.0
725,User_JiTfdloss_3,5.0,4.0
726,Sys_JiTfdloss_ref_1,3.85,3.72
726,Sys_JiTfdloss_ref_2,1.85,3.2
726,Sys_JiTfdloss_ref_3,4.25,4.1
726,User_JiTfdloss_1,3.75,5.0
726,User_JiTfdloss_2,5.0,4.0
726,User_JiTfdloss_3,1.88,4.0
727,Sys_JiTfdloss_ref_1,4.85,3.72
727,Sys_JiTfdloss_ref_2,4.85,3.65
727,Sys_JiTfdloss_ref_3,4.85,3.65
727,User_JiTfdloss_1,5.0,4.0
727,User_JiTfdloss_2,5.0,5.0
727,User_JiTfdloss_3,5.0,4.0
728,Sys_JiTfdloss_ref_1,4.85,3.62
728,Sys_JiTfdloss_ref_2,3.85,2.4
728,Sys_JiTfdloss_ref_3,4.85,2.15
728,User_JiTfdloss_1,5.0,3.0
728,User_JiTfdloss_2,4.0,2.0
728,User_JiTfdloss_3,5.0,3.0
729,Sys_JiTfdloss_ref_1,3.42,2.85
729,Sys_JiTfdloss_ref_2,4.15,2.35
729,Sys_JiTfdloss_ref_3,1.85,2.4
729,User_JiTfdloss_1,3.33,3.0
729,User_JiTfdloss_2,1.11,3.0
729,User_JiTfdloss_3,1.11,3.0
730,Sys_JiTfdloss_ref_1,2.85,2.1
730,Sys_JiTfdloss_ref_2,2.85,1.65
730,Sys_JiTfdloss_ref_3,3.65,2.85
730,User_JiTfdloss_1,3.57,2.0
730,User_JiTfdloss_2,4.29,2.0
730,User_JiTfdloss_3,3.57,3.0
731,Sys_JiTfdloss_ref_1,1.85,2.1
731,Sys_JiTfdloss_ref_2,1.85,2.1
731,Sys_JiTfdloss_ref_3,0.85,1.5
731,User_JiTfdloss_1,2.5,2.0
731,User_JiTfdloss_2,1.43,2.0
731,User_JiTfdloss_3,1.43,2.0
732,Sys_JiTfdloss_ref_1,0.0,1.85
732,Sys_JiTfdloss_ref_2,0.15,2.85
732,Sys_JiTfdloss_ref_3,0.15,1.2
732,User_JiTfdloss_1,0.62,2.0
732,User_JiTfdloss_2,0.62,1.0
732,User_JiTfdloss_3,0.62,2.0
733,Sys_JiTfdloss_ref_1,1.85,2.4
733,Sys_JiTfdloss_ref_2,0.85,2.4
733,Sys_JiTfdloss_ref_3,4.85,3.72
733,User_JiTfdloss_1,0.71,2.0
733,User_JiTfdloss_2,5.0,2.0
733,User_JiTfdloss_3,1.43,3.0
734,Sys_JiTfdloss_ref_1,4.15,2.85
734,Sys_JiTfdloss_ref_2,3.65,3.82
734,Sys_JiTfdloss_ref_3,4.15,3.85
734,User_JiTfdloss_1,4.29,4.0
734,User_JiTfdloss_2,4.29,4.0
734,User_JiTfdloss_3,4.29,4.0
735,Sys_JiTfdloss_ref_1,1.25,1.5
735,Sys_JiTfdloss_ref_2,0.15,3.85
735,Sys_JiTfdloss_ref_3,0.15,1.5
735,User_JiTfdloss_1,0.56,2.0
735,User_JiTfdloss_2,0.56,3.0
735,User_JiTfdloss_3,0.56,3.0
736,Sys_JiTfdloss_ref_1,4.15,2.85
736,Sys_JiTfdloss_ref_2,3.65,1.85
736,Sys_JiTfdloss_ref_3,3.85,1.2
736,User_JiTfdloss_1,4.29,1.0
736,User_JiTfdloss_2,4.29,2.0
736,User_JiTfdloss_3,4.29,1.0
737,Sys_JiTfdloss_ref_1,3.45,3.82
737,Sys_JiTfdloss_ref_2,1.85,3.42
737,Sys_JiTfdloss_ref_3,2.15,3.42
737,User_JiTfdloss_1,2.5,3.0
737,User_JiTfdloss_2,3.33,1.0
737,User_JiTfdloss_3,2.5,3.0
738,Sys_JiTfdloss_ref_1,4.12,2.85
738,Sys_JiTfdloss_ref_2,4.12,2.85
738,Sys_JiTfdloss_ref_3,3.45,1.82
738,User_JiTfdloss_1,4.29,3.0
738,User_JiTfdloss_2,4.29,3.0
738,User_JiTfdloss_3,4.29,3.0
739,Sys_JiTfdloss_ref_1,1.25,1.85
739,Sys_JiTfdloss_ref_2,1.85,2.4
739,Sys_JiTfdloss_ref_3,3.85,1.92
739,User_JiTfdloss_1,5.0,2.0
739,User_JiTfdloss_2,2.5,2.0
739,User_JiTfdloss_3,5.0,2.0
740,Sys_JiTfdloss_ref_1,4.92,4.85
740,Sys_JiTfdloss_ref_2,4.92,4.65
740,Sys_JiTfdloss_ref_3,4.85,4.62
740,User_JiTfdloss_1,5.0,5.0
740,User_JiTfdloss_2,5.0,5.0
740,User_JiTfdloss_3,5.0,5.0
741,Sys_JiTfdloss_ref_1,4.82,3.65
741,Sys_JiTfdloss_ref_2,4.85,3.6
741,Sys_JiTfdloss_ref_3,4.85,3.62
741,User_JiTfdloss_1,5.0,4.0
741,User_JiTfdloss_2,5.0,5.0
741,User_JiTfdloss_3,5.0,5.0
742,Sys_JiTfdloss_ref_1,4.92,4.95
742,Sys_JiTfdloss_ref_2,4.65,3.85
742,Sys_JiTfdloss_ref_3,5.0,5.0
742,User_JiTfdloss_1,5.0,5.0
742,User_JiTfdloss_2,5.0,4.0
742,User_JiTfdloss_3,5.0,5.0
743,Sys_JiTfdloss_ref_1,4.65,2.85
743,Sys_JiTfdloss_ref_2,4.85,2.75
743,Sys_JiTfdloss_ref_3,4.85,3.2
743,User_JiTfdloss_1,5.0,4.0
743,User_JiTfdloss_2,5.0,3.0
743,User_JiTfdloss_3,5.0,3.0
744,Sys_JiTfdloss_ref_1,5.0,4.8
744,Sys_JiTfdloss_ref_2,4.85,3.65
744,Sys_JiTfdloss_ref_3,4.68,3.42
744,User_JiTfdloss_1,5.0,4.0
744,User_JiTfdloss_2,5.0,5.0
744,User_JiTfdloss_3,5.0,4.0
745,Sys_JiTfdloss_ref_1,1.85,1.42
745,Sys_JiTfdloss_ref_2,1.85,1.2
745,Sys_JiTfdloss_ref_3,1.25,1.8
745,User_JiTfdloss_1,0.5,1.0
745,User_JiTfdloss_2,0.5,2.0
745,User_JiTfdloss_3,1.25,1.0
746,Sys_JiTfdloss_ref_1,4.85,3.65
746,Sys_JiTfdloss_ref_2,4.65,3.85
746,Sys_JiTfdloss_ref_3,4.12,2.85
746,User_JiTfdloss_1,5.0,3.0
746,User_JiTfdloss_2,4.44,4.0
746,User_JiTfdloss_3,4.44,4.0
747,Sys_JiTfdloss_ref_1,1.25,1.8
747,Sys_JiTfdloss_ref_2,1.25,1.8
747,Sys_JiTfdloss_ref_3,1.85,2.1
747,User_JiTfdloss_1,0.62,2.0
747,User_JiTfdloss_2,0.62,2.0
747,User_JiTfdloss_3,0.62,2.0
748,Sys_JiTfdloss_ref_1,4.65,2.85
748,Sys_JiTfdloss_ref_2,4.92,4.85
748,Sys_JiTfdloss_ref_3,4.92,4.85
748,User_JiTfdloss_1,5.0,3.0
748,User_JiTfdloss_2,5.0,5.0
748,User_JiTfdloss_3,5.0,4.0
749,Sys_JiTfdloss_ref_1,4.85,3.65
749,Sys_JiTfdloss_ref_2,4.85,3.6
749,Sys_JiTfdloss_ref_3,4.65,3.85
749,User_JiTfdloss_1,5.0,4.0
749,User_JiTfdloss_2,5.0,4.0
749,User_JiTfdloss_3,5.0,4.0
750,Sys_JiTfdloss_ref_1,3.85,3.2
750,Sys_JiTfdloss_ref_2,3.42,2.85
750,Sys_JiTfdloss_ref_3,3.85,2.4
750,User_JiTfdloss_1,3.89,3.0
750,User_JiTfdloss_2,3.89,3.0
750,User_JiTfdloss_3,3.75,4.0
751,Sys_JiTfdloss_ref_1,4.12,4.35
751,Sys_JiTfdloss_ref_2,4.12,3.85
751,Sys_JiTfdloss_ref_3,4.25,4.68
751,User_JiTfdloss_1,4.29,4.0
751,User_JiTfdloss_2,4.29,4.0
751,User_JiTfdloss_3,4.29,5.0
752,Sys_JiTfdloss_ref_1,3.45,2.85
752,Sys_JiTfdloss_ref_2,2.15,1.5
752,Sys_JiTfdloss_ref_3,2.85,1.2
752,User_JiTfdloss_1,2.5,1.0
752,User_JiTfdloss_2,2.5,1.0
752,User_JiTfdloss_3,2.5,1.0
753,Sys_JiTfdloss_ref_1,4.85,3.75
753,Sys_JiTfdloss_ref_2,4.85,3.6
753,Sys_JiTfdloss_ref_3,3.85,1.92
753,User_JiTfdloss_1,5.0,4.0
753,User_JiTfdloss_2,5.0,2.0
753,User_JiTfdloss_3,5.0,2.0
754,Sys_JiTfdloss_ref_1,2.85,3.4
754,Sys_JiTfdloss_ref_2,1.85,3.42
754,Sys_JiTfdloss_ref_3,1.85,3.42
754,User_JiTfdloss_1,2.5,4.0
754,User_JiTfdloss_2,1.67,4.0
754,User_JiTfdloss_3,1.67,3.0
755,Sys_JiTfdloss_ref_1,1.85,2.65
755,Sys_JiTfdloss_ref_2,2.35,2.85
755,Sys_JiTfdloss_ref_3,1.85,2.4
755,User_JiTfdloss_1,2.22,3.0
755,User_JiTfdloss_2,0.0,2.0
755,User_JiTfdloss_3,2.22,2.0
756,Sys_JiTfdloss_ref_1,4.12,2.85
756,Sys_JiTfdloss_ref_2,3.85,2.65
756,Sys_JiTfdloss_ref_3,3.85,2.9
756,User_JiTfdloss_1,3.33,3.0
756,User_JiTfdloss_2,3.33,2.0
756,User_JiTfdloss_3,3.33,2.0
757,Sys_JiTfdloss_ref_1,1.85,3.72
757,Sys_JiTfdloss_ref_2,1.25,2.85
757,Sys_JiTfdloss_ref_3,1.85,2.4
757,User_JiTfdloss_1,1.11,3.0
757,User_JiTfdloss_2,1.11,3.0
757,User_JiTfdloss_3,1.11,3.0
758,Sys_JiTfdloss_ref_1,4.85,2.15
758,Sys_JiTfdloss_ref_2,4.85,3.72
758,Sys_JiTfdloss_ref_3,4.85,2.8
758,User_JiTfdloss_1,0.0,4.0
758,User_JiTfdloss_2,0.0,4.0
758,User_JiTfdloss_3,0.0,4.0
759,Sys_JiTfdloss_ref_1,3.42,2.15
759,Sys_JiTfdloss_ref_2,3.42,2.15
759,Sys_JiTfdloss_ref_3,4.12,2.85
759,User_JiTfdloss_1,3.33,3.0
759,User_JiTfdloss_2,3.33,3.0
759,User_JiTfdloss_3,3.33,3.0
760,Sys_JiTfdloss_ref_1,4.25,3.85
760,Sys_JiTfdloss_ref_2,4.25,2.85
760,Sys_JiTfdloss_ref_3,4.15,3.85
760,User_JiTfdloss_1,4.38,4.0
760,User_JiTfdloss_2,5.0,3.0
760,User_JiTfdloss_3,4.38,4.0
761,Sys_JiTfdloss_ref_1,3.85,1.25
761,Sys_JiTfdloss_ref_2,4.85,1.2
761,Sys_JiTfdloss_ref_3,4.15,1.5
761,User_JiTfdloss_1,5.0,2.0
761,User_JiTfdloss_2,5.0,1.0
761,User_JiTfdloss_3,4.38,1.0
762,Sys_JiTfdloss_ref_1,5.0,5.0
762,Sys_JiTfdloss_ref_2,4.92,4.98
762,Sys_JiTfdloss_ref_3,4.25,3.85
762,User_JiTfdloss_1,5.0,5.0
762,User_JiTfdloss_2,5.0,5.0
762,User_JiTfdloss_3,5.0,5.0
763,Sys_JiTfdloss_ref_1,4.15,3.2
763,Sys_JiTfdloss_ref_2,4.15,3.85
763,Sys_JiTfdloss_ref_3,4.85,3.2
763,User_JiTfdloss_1,4.38,3.0
763,User_JiTfdloss_2,4.38,3.0
763,User_JiTfdloss_3,4.38,3.0
764,Sys_JiTfdloss_ref_1,4.65,3.85
764,Sys_JiTfdloss_ref_2,4.15,2.85
764,Sys_JiTfdloss_ref_3,4.65,3.82
764,User_JiTfdloss_1,4.44,4.0
764,User_JiTfdloss_2,4.44,4.0
764,User_JiTfdloss_3,4.44,4.0
765,Sys_JiTfdloss_ref_1,4.65,2.85
765,Sys_JiTfdloss_ref_2,4.65,3.82
765,Sys_JiTfdloss_ref_3,4.92,4.65
765,User_JiTfdloss_1,5.0,4.0
765,User_JiTfdloss_2,5.0,4.0
765,User_JiTfdloss_3,5.0,5.0
766,Sys_JiTfdloss_ref_1,4.25,2.85
766,Sys_JiTfdloss_ref_2,4.12,3.65
766,Sys_JiTfdloss_ref_3,4.82,4.65
766,User_JiTfdloss_1,4.29,4.0
766,User_JiTfdloss_2,4.29,4.0
766,User_JiTfdloss_3,4.29,4.0
767,Sys_JiTfdloss_ref_1,3.65,1.85
767,Sys_JiTfdloss_ref_2,3.82,1.45
767,Sys_JiTfdloss_ref_3,4.65,1.5
767,User_JiTfdloss_1,4.44,4.0
767,User_JiTfdloss_2,4.44,2.0
767,User_JiTfdloss_3,4.44,4.0
768,Sys_JiTfdloss_ref_1,4.65,3.85
768,Sys_JiTfdloss_ref_2,4.65,2.85
768,Sys_JiTfdloss_ref_3,3.85,2.65
768,User_JiTfdloss_1,4.17,3.0
768,User_JiTfdloss_2,4.38,4.0
768,User_JiTfdloss_3,4.38,4.0
769,Sys_JiTfdloss_ref_1,4.12,1.85
769,Sys_JiTfdloss_ref_2,4.85,1.2
769,Sys_JiTfdloss_ref_3,3.85,1.2
769,User_JiTfdloss_1,5.0,1.0
769,User_JiTfdloss_2,3.89,1.0
769,User_JiTfdloss_3,3.89,1.0
770,Sys_JiTfdloss_ref_1,4.85,3.72
770,Sys_JiTfdloss_ref_2,5.0,5.0
770,Sys_JiTfdloss_ref_3,4.65,3.85
770,User_JiTfdloss_1,5.0,3.0
770,User_JiTfdloss_2,5.0,3.0
770,User_JiTfdloss_3,5.0,3.0
771,Sys_JiTfdloss_ref_1,0.85,1.2
771,Sys_JiTfdloss_ref_2,0.85,0.92
771,Sys_JiTfdloss_ref_3,1.25,0.85
771,User_JiTfdloss_1,1.88,2.0
771,User_JiTfdloss_2,1.88,1.0
771,User_JiTfdloss_3,2.5,2.0
772,Sys_JiTfdloss_ref_1,4.15,3.85
772,Sys_JiTfdloss_ref_2,4.85,3.6
772,Sys_JiTfdloss_ref_3,4.85,3.75
772,User_JiTfdloss_1,3.75,1.0
772,User_JiTfdloss_2,5.0,4.0
772,User_JiTfdloss_3,5.0,1.0
773,Sys_JiTfdloss_ref_1,2.85,1.92
773,Sys_JiTfdloss_ref_2,4.85,3.72
773,Sys_JiTfdloss_ref_3,4.25,2.15
773,User_JiTfdloss_1,2.5,2.0
773,User_JiTfdloss_2,2.5,4.0
773,User_JiTfdloss_3,2.5,4.0
774,Sys_JiTfdloss_ref_1,2.85,2.4
774,Sys_JiTfdloss_ref_2,0.85,2.65
774,Sys_JiTfdloss_ref_3,1.85,2.15
774,User_JiTfdloss_1,1.88,2.0
774,User_JiTfdloss_2,1.88,3.0
774,User_JiTfdloss_3,1.88,3.0
775,Sys_JiTfdloss_ref_1,2.85,1.92
775,Sys_JiTfdloss_ref_2,1.85,1.2
775,Sys_JiTfdloss_ref_3,1.85,1.92
775,User_JiTfdloss_1,3.12,2.0
775,User_JiTfdloss_2,2.5,2.0
775,User_JiTfdloss_3,2.5,2.0
776,Sys_JiTfdloss_ref_1,4.85,1.2
776,Sys_JiTfdloss_ref_2,4.85,3.62
776,Sys_JiTfdloss_ref_3,4.85,3.12
776,User_JiTfdloss_1,5.0,4.0
776,User_JiTfdloss_2,5.0,4.0
776,User_JiTfdloss_3,5.0,4.0
777,Sys_JiTfdloss_ref_1,3.82,1.47
777,Sys_JiTfdloss_ref_2,1.25,1.8
777,Sys_JiTfdloss_ref_3,2.85,2.1
777,User_JiTfdloss_1,1.88,2.0
777,User_JiTfdloss_2,1.88,2.0
777,User_JiTfdloss_3,1.88,2.0
778,Sys_JiTfdloss_ref_1,4.85,3.72
778,Sys_JiTfdloss_ref_2,4.85,3.2
778,Sys_JiTfdloss_ref_3,4.85,3.72
778,User_JiTfdloss_1,5.0,3.0
778,User_JiTfdloss_2,5.0,3.0
778,User_JiTfdloss_3,5.0,3.0
779,Sys_JiTfdloss_ref_1,4.85,3.72
779,Sys_JiTfdloss_ref_2,4.85,2.15
779,Sys_JiTfdloss_ref_3,4.65,2.85
779,User_JiTfdloss_1,3.75,4.0
779,User_JiTfdloss_2,5.0,3.0
779,User_JiTfdloss_3,3.75,2.0
780,Sys_JiTfdloss_ref_1,1.85,1.5
780,Sys_JiTfdloss_ref_2,1.85,1.5
780,Sys_JiTfdloss_ref_3,2.85,1.5
780,User_JiTfdloss_1,0.0,2.0
780,User_JiTfdloss_2,0.0,2.0
780,User_JiTfdloss_3,0.0,2.0
781,Sys_JiTfdloss_ref_1,3.82,1.5
781,Sys_JiTfdloss_ref_2,4.12,1.5
781,Sys_JiTfdloss_ref_3,3.42,1.5
781,User_JiTfdloss_1,5.0,2.0
781,User_JiTfdloss_2,5.0,2.0
781,User_JiTfdloss_3,5.0,2.0
782,Sys_JiTfdloss_ref_1,1.85,2.4
782,Sys_JiTfdloss_ref_2,4.85,2.0
782,Sys_JiTfdloss_ref_3,4.15,2.0
782,User_JiTfdloss_1,2.5,2.0
782,User_JiTfdloss_2,5.0,2.0
782,User_JiTfdloss_3,5.0,2.0
783,Sys_JiTfdloss_ref_1,4.12,3.68
783,Sys_JiTfdloss_ref_2,4.12,3.68
783,Sys_JiTfdloss_ref_3,4.82,3.65
783,User_JiTfdloss_1,3.33,2.0
783,User_JiTfdloss_2,4.17,4.0
783,User_JiTfdloss_3,4.17,4.0
784,Sys_JiTfdloss_ref_1,1.85,1.5
784,Sys_JiTfdloss_ref_2,3.85,2.15
784,Sys_JiTfdloss_ref_3,4.15,2.85
784,User_JiTfdloss_1,0.0,4.0
784,User_JiTfdloss_2,0.0,4.0
784,User_JiTfdloss_3,0.0,4.0
785,Sys_JiTfdloss_ref_1,4.15,1.5
785,Sys_JiTfdloss_ref_2,4.12,1.5
785,Sys_JiTfdloss_ref_3,4.15,1.5
785,User_JiTfdloss_1,0.0,2.0
785,User_JiTfdloss_2,5.0,2.0
785,User_JiTfdloss_3,5.0,2.0
786,Sys_JiTfdloss_ref_1,3.85,1.5
786,Sys_JiTfdloss_ref_2,2.85,1.5
786,Sys_JiTfdloss_ref_3,3.85,1.5
786,User_JiTfdloss_1,5.0,2.0
786,User_JiTfdloss_2,5.0,3.0
786,User_JiTfdloss_3,5.0,3.0
787,Sys_JiTfdloss_ref_1,3.85,2.0
787,Sys_JiTfdloss_ref_2,3.85,2.0
787,Sys_JiTfdloss_ref_3,3.85,2.0
787,User_JiTfdloss_1,5.0,2.0
787,User_JiTfdloss_2,5.0,3.0
787,User_JiTfdloss_3,5.0,3.0
788,Sys_JiTfdloss_ref_1,4.85,2.15
788,Sys_JiTfdloss_ref_2,4.85,2.15
788,Sys_JiTfdloss_ref_3,4.65,2.85
788,User_JiTfdloss_1,4.29,3.0
788,User_JiTfdloss_2,5.0,4.0
788,User_JiTfdloss_3,4.29,3.0
789,Sys_JiTfdloss_ref_1,4.12,1.5
789,Sys_JiTfdloss_ref_2,3.82,1.5
789,Sys_JiTfdloss_ref_3,3.85,1.5
789,User_JiTfdloss_1,4.17,3.0
789,User_JiTfdloss_2,4.17,3.0
789,User_JiTfdloss_3,4.17,3.0
790,Sys_JiTfdloss_ref_1,0.45,3.82
790,Sys_JiTfdloss_ref_2,4.85,2.75
790,Sys_JiTfdloss_ref_3,0.45,3.82
790,User_JiTfdloss_1,0.71,4.0
790,User_JiTfdloss_2,0.83,4.0
790,User_JiTfdloss_3,0.71,4.0
791,Sys_JiTfdloss_ref_1,4.85,3.92
791,Sys_JiTfdloss_ref_2,4.85,3.72
791,Sys_JiTfdloss_ref_3,4.92,3.85
791,User_JiTfdloss_1,0.62,3.0
791,User_JiTfdloss_2,0.62,3.0
791,User_JiTfdloss_3,0.62,1.0
792,Sys_JiTfdloss_ref_1,0.0,3.85
792,Sys_JiTfdloss_ref_2,0.0,1.5
792,Sys_JiTfdloss_ref_3,0.0,1.25
792,User_JiTfdloss_1,0.0,4.0
792,User_JiTfdloss_2,0.0,1.0
792,User_JiTfdloss_3,0.0,1.0
793,Sys_JiTfdloss_ref_1,0.0,2.45
793,Sys_JiTfdloss_ref_2,0.85,3.65
793,Sys_JiTfdloss_ref_3,0.0,1.85
793,User_JiTfdloss_1,0.0,3.0
793,User_JiTfdloss_2,0.0,4.0
793,User_JiTfdloss_3,0.71,2.0
794,Sys_JiTfdloss_ref_1,0.0,1.85
794,Sys_JiTfdloss_ref_2,0.0,1.85
794,Sys_JiTfdloss_ref_3,0.0,1.85
794,User_JiTfdloss_1,0.0,3.0
794,User_JiTfdloss_2,0.0,2.0
794,User_JiTfdloss_3,0.0,2.0
795,Sys_JiTfdloss_ref_1,4.92,4.35
795,Sys_JiTfdloss_ref_2,0.85,3.65
795,Sys_JiTfdloss_ref_3,1.25,4.15
795,User_JiTfdloss_1,0.83,4.0
795,User_JiTfdloss_2,0.71,3.0
795,User_JiTfdloss_3,0.0,4.0
796,Sys_JiTfdloss_ref_1,0.0,2.85
796,Sys_JiTfdloss_ref_2,0.0,1.85
796,Sys_JiTfdloss_ref_3,0.0,2.85
796,User_JiTfdloss_1,0.0,3.0
796,User_JiTfdloss_2,0.0,2.0
796,User_JiTfdloss_3,0.0,3.0
797,Sys_JiTfdloss_ref_1,4.85,3.62
797,Sys_JiTfdloss_ref_2,1.85,3.62
797,Sys_JiTfdloss_ref_3,0.15,3.85
797,User_JiTfdloss_1,0.83,4.0
797,User_JiTfdloss_2,0.71,4.0
797,User_JiTfdloss_3,1.43,4.0
798,Sys_JiTfdloss_ref_1,0.85,3.62
798,Sys_JiTfdloss_ref_2,0.0,3.82
798,Sys_JiTfdloss_ref_3,0.55,3.85
798,User_JiTfdloss_1,0.71,2.0
798,User_JiTfdloss_2,0.71,4.0
798,User_JiTfdloss_3,0.71,4.0
799,Sys_JiTfdloss_ref_1,0.0,1.5
799,Sys_JiTfdloss_ref_2,0.0,1.5
799,Sys_JiTfdloss_ref_3,0.0,1.5
799,User_JiTfdloss_1,0.0,2.0
799,User_JiTfdloss_2,0.0,2.0
799,User_JiTfdloss_3,0.0,2.0
800,Sys_JiTfdloss_ref_1,4.65,1.85
800,Sys_JiTfdloss_ref_2,2.85,1.92
800,Sys_JiTfdloss_ref_3,4.65,1.85
800,User_JiTfdloss_1,5.0,2.0
800,User_JiTfdloss_2,5.0,2.0
800,User_JiTfdloss_3,5.0,2.0
801,Sys_JiTfdloss_ref_1,4.65,2.85
801,Sys_JiTfdloss_ref_2,4.65,3.85
801,Sys_JiTfdloss_ref_3,4.85,4.12
801,User_JiTfdloss_1,5.0,3.0
801,User_JiTfdloss_2,5.0,5.0
801,User_JiTfdloss_3,5.0,4.0
802,Sys_JiTfdloss_ref_1,2.85,1.5
802,Sys_JiTfdloss_ref_2,4.85,1.5
802,Sys_JiTfdloss_ref_3,3.15,1.5
802,User_JiTfdloss_1,3.57,2.0
802,User_JiTfdloss_2,2.86,1.0
802,User_JiTfdloss_3,2.86,2.0
803,Sys_JiTfdloss_ref_1,3.85,4.72
803,Sys_JiTfdloss_ref_2,2.85,2.0
803,Sys_JiTfdloss_ref_3,2.85,2.0
803,User_JiTfdloss_1,4.29,1.0
803,User_JiTfdloss_2,4.29,3.0
803,User_JiTfdloss_3,4.29,3.0
804,Sys_JiTfdloss_ref_1,4.12,2.85
804,Sys_JiTfdloss_ref_2,4.65,3.82
804,Sys_JiTfdloss_ref_3,1.25,1.8
804,User_JiTfdloss_1,0.0,3.0
804,User_JiTfdloss_2,4.29,4.0
804,User_JiTfdloss_3,4.29,2.0
805,Sys_JiTfdloss_ref_1,3.85,1.92
805,Sys_JiTfdloss_ref_2,3.82,1.47
805,Sys_JiTfdloss_ref_3,3.45,1.85
805,User_JiTfdloss_1,3.57,2.0
805,User_JiTfdloss_2,3.57,2.0
805,User_JiTfdloss_3,3.57,2.0
806,Sys_JiTfdloss_ref_1,4.65,3.82
806,Sys_JiTfdloss_ref_2,4.12,2.85
806,Sys_JiTfdloss_ref_3,4.65,3.82
806,User_JiTfdloss_1,4.29,4.0
806,User_JiTfdloss_2,5.0,3.0
806,User_JiTfdloss_3,4.29,3.0
807,Sys_JiTfdloss_ref_1,3.85,2.4
807,Sys_JiTfdloss_ref_2,3.82,2.15
807,Sys_JiTfdloss_ref_3,4.85,4.2
807,User_JiTfdloss_1,3.57,4.0
807,User_JiTfdloss_2,3.57,4.0
807,User_JiTfdloss_3,3.57,4.0
808,Sys_JiTfdloss_ref_1,4.82,4.15
808,Sys_JiTfdloss_ref_2,4.65,1.5
808,Sys_JiTfdloss_ref_3,4.62,3.85
808,User_JiTfdloss_1,5.0,4.0
808,User_JiTfdloss_2,5.0,4.0
808,User_JiTfdloss_3,5.0,5.0
809,Sys_JiTfdloss_ref_1,2.85,1.5
809,Sys_JiTfdloss_ref_2,4.12,1.5
809,Sys_JiTfdloss_ref_3,2.85,1.42
809,User_JiTfdloss_1,3.57,1.0
809,User_JiTfdloss_2,2.86,2.0
809,User_JiTfdloss_3,3.57,2.0
810,Sys_JiTfdloss_ref_1,2.15,1.85
810,Sys_JiTfdloss_ref_2,3.42,2.15
810,Sys_JiTfdloss_ref_3,2.15,1.85
810,User_JiTfdloss_1,3.12,2.0
810,User_JiTfdloss_2,3.12,2.0
810,User_JiTfdloss_3,1.88,2.0
811,Sys_JiTfdloss_ref_1,1.85,1.2
811,Sys_JiTfdloss_ref_3,1.85,1.2
811,User_JiTfdloss_1,3.57,1.0
811,User_JiTfdloss_2,3.57,1.0
811,User_JiTfdloss_3,2.14,1.0
812,Sys_JiTfdloss_ref_1,3.82,2.15
812,Sys_JiTfdloss_ref_2,3.42,2.15
812,Sys_JiTfdloss_ref_3,4.12,2.85
812,User_JiTfdloss_1,5.0,2.0
812,User_JiTfdloss_2,4.17,2.0
812,User_JiTfdloss_3,5.0,2.0
813,Sys_JiTfdloss_ref_1,2.85,1.5
813,Sys_JiTfdloss_ref_2,2.85,1.5
813,Sys_JiTfdloss_ref_3,2.85,1.5
813,User_JiTfdloss_1,3.12,2.0
813,User_JiTfdloss_2,2.5,2.0
813,User_JiTfdloss_3,3.12,2.0
814,Sys_JiTfdloss_ref_1,1.85,1.2
814,Sys_JiTfdloss_ref_2,4.15,2.85
814,Sys_JiTfdloss_ref_3,2.85,1.92
814,User_JiTfdloss_1,4.29,3.0
814,User_JiTfdloss_2,1.25,2.0
814,User_JiTfdloss_3,1.25,3.0
815,Sys_JiTfdloss_ref_1,2.85,1.92
815,Sys_JiTfdloss_ref_2,2.85,1.92
815,Sys_JiTfdloss_ref_3,2.15,1.85
815,User_JiTfdloss_1,4.17,2.0
815,User_JiTfdloss_2,3.33,1.0
815,User_JiTfdloss_3,3.33,1.0
816,Sys_JiTfdloss_ref_1,1.85,2.1
816,Sys_JiTfdloss_ref_2,2.15,1.85
816,Sys_JiTfdloss_ref_3,3.85,1.42
816,User_JiTfdloss_1,3.33,2.0
816,User_JiTfdloss_2,3.33,1.0
816,User_JiTfdloss_3,3.33,2.0
817,Sys_JiTfdloss_ref_1,4.12,2.85
817,Sys_JiTfdloss_ref_2,3.85,2.15
817,Sys_JiTfdloss_ref_3,2.85,1.92
817,User_JiTfdloss_1,3.57,2.0
817,User_JiTfdloss_2,5.0,2.0
817,User_JiTfdloss_3,3.57,3.0
818,Sys_JiTfdloss_ref_1,2.85,2.15
818,Sys_JiTfdloss_ref_2,2.85,2.4
818,Sys_JiTfdloss_ref_3,3.42,2.85
818,User_JiTfdloss_1,4.0,2.0
818,User_JiTfdloss_2,4.0,2.0
818,User_JiTfdloss_3,4.0,2.0
819,Sys_JiTfdloss_ref_1,1.25,2.8
819,Sys_JiTfdloss_ref_2,1.85,2.1
819,Sys_JiTfdloss_ref_3,0.42,2.15
819,User_JiTfdloss_1,2.14,2.0
819,User_JiTfdloss_2,2.14,2.0
819,User_JiTfdloss_3,2.14,2.0
820,Sys_JiTfdloss_ref_1,1.85,1.2
820,Sys_JiTfdloss_ref_2,1.85,1.2
820,Sys_JiTfdloss_ref_3,2.15,1.85
820,User_JiTfdloss_1,2.5,1.0
820,User_JiTfdloss_2,2.5,1.0
820,User_JiTfdloss_3,2.5,1.0
821,Sys_JiTfdloss_ref_1,0.85,1.2
821,Sys_JiTfdloss_ref_2,1.25,0.85
821,Sys_JiTfdloss_ref_3,0.85,0.92
821,User_JiTfdloss_1,2.5,1.0
821,User_JiTfdloss_2,2.5,1.0
821,User_JiTfdloss_3,2.5,1.0
822,Sys_JiTfdloss_ref_1,2.15,1.8
822,Sys_JiTfdloss_ref_2,1.85,1.2
822,Sys_JiTfdloss_ref_3,1.85,2.1
822,User_JiTfdloss_1,2.5,2.0
822,User_JiTfdloss_2,2.5,2.0
822,User_JiTfdloss_3,2.5,2.0
823,Sys_JiTfdloss_ref_1,1.85,1.2
823,Sys_JiTfdloss_ref_2,2.85,1.2
823,Sys_JiTfdloss_ref_3,1.85,0.92
823,User_JiTfdloss_1,3.33,1.0
823,User_JiTfdloss_2,3.12,2.0
823,User_JiTfdloss_3,3.12,1.0
824,Sys_JiTfdloss_ref_1,1.85,1.2
824,Sys_JiTfdloss_ref_2,1.85,1.2
824,Sys_JiTfdloss_ref_3,1.85,1.2
824,User_JiTfdloss_1,2.5,1.0
824,User_JiTfdloss_2,2.5,1.0
824,User_JiTfdloss_3,2.5,1.0
825,Sys_JiTfdloss_ref_1,1.85,1.2
825,Sys_JiTfdloss_ref_2,1.85,1.2
825,Sys_JiTfdloss_ref_3,1.85,2.1
825,User_JiTfdloss_1,2.78,1.0
825,User_JiTfdloss_2,2.78,1.0
825,User_JiTfdloss_3,2.5,1.0
826,Sys_JiTfdloss_ref_1,0.85,1.2
826,Sys_JiTfdloss_ref_2,1.85,2.1
826,Sys_JiTfdloss_ref_3,0.85,1.2
826,User_JiTfdloss_1,2.22,2.0
826,User_JiTfdloss_2,1.11,2.0
826,User_JiTfdloss_3,1.11,1.0
827,Sys_JiTfdloss_ref_1,2.85,1.2
827,Sys_JiTfdloss_ref_2,1.85,0.92
827,Sys_JiTfdloss_ref_3,1.85,0.95
827,User_JiTfdloss_1,3.12,1.0
827,User_JiTfdloss_2,3.12,2.0
827,User_JiTfdloss_3,3.12,1.0
828,Sys_JiTfdloss_ref_1,1.85,1.2
828,Sys_JiTfdloss_ref_2,1.85,1.2
828,Sys_JiTfdloss_ref_3,1.85,1.2
828,User_JiTfdloss_1,2.5,1.0
828,User_JiTfdloss_2,2.5,1.0
828,User_JiTfdloss_3,2.5,2.0
829,Sys_JiTfdloss_ref_1,1.85,1.2
829,Sys_JiTfdloss_ref_2,1.85,0.92
829,Sys_JiTfdloss_ref_3,2.85,1.2
829,User_JiTfdloss_1,2.5,1.0
829,User_JiTfdloss_2,3.12,1.0
829,User_JiTfdloss_3,3.12,1.0
830,Sys_JiTfdloss_ref_1,2.15,2.85
830,Sys_JiTfdloss_ref_2,4.65,2.85
830,Sys_JiTfdloss_ref_3,4.85,2.15
830,User_JiTfdloss_1,2.5,3.0
830,User_JiTfdloss_2,5.0,3.0
830,User_JiTfdloss_3,5.0,3.0
831,Sys_JiTfdloss_ref_1,3.85,1.92
831,Sys_JiTfdloss_ref_2,4.25,1.85
831,Sys_JiTfdloss_ref_3,4.85,2.15
831,User_JiTfdloss_1,3.57,2.0
831,User_JiTfdloss_2,3.57,2.0
831,User_JiTfdloss_3,4.29,2.0
832,Sys_JiTfdloss_ref_1,4.85,4.92
832,Sys_JiTfdloss_ref_2,4.85,4.92
832,Sys_JiTfdloss_ref_3,5.0,4.95
832,User_JiTfdloss_1,5.0,5.0
832,User_JiTfdloss_2,5.0,5.0
832,User_JiTfdloss_3,5.0,5.0
833,Sys_JiTfdloss_ref_1,4.95,4.85
833,Sys_JiTfdloss_ref_2,4.65,3.85
833,Sys_JiTfdloss_ref_3,4.85,3.65
833,User_JiTfdloss_1,5.0,5.0
833,User_JiTfdloss_2,5.0,5.0
833,User_JiTfdloss_3,5.0,5.0
834,Sys_JiTfdloss_ref_1,1.25,0.85
834,Sys_JiTfdloss_ref_2,1.25,1.1
834,Sys_JiTfdloss_ref_3,1.25,0.85
834,User_JiTfdloss_1,1.25,2.0
834,User_JiTfdloss_2,1.25,1.0
834,User_JiTfdloss_3,1.25,2.0
835,Sys_JiTfdloss_ref_1,4.65,2.85
835,Sys_JiTfdloss_ref_2,4.65,2.1
835,Sys_JiTfdloss_ref_3,4.65,2.15
835,User_JiTfdloss_1,5.0,4.0
835,User_JiTfdloss_2,5.0,4.0
835,User_JiTfdloss_3,5.0,3.0
836,Sys_JiTfdloss_ref_1,2.85,2.4
836,Sys_JiTfdloss_ref_2,1.25,2.85
836,Sys_JiTfdloss_ref_3,2.15,1.85
836,User_JiTfdloss_1,0.62,2.0
836,User_JiTfdloss_2,2.5,3.0
836,User_JiTfdloss_3,2.5,3.0
837,Sys_JiTfdloss_ref_1,1.85,2.1
837,Sys_JiTfdloss_ref_2,2.15,1.85
837,Sys_JiTfdloss_ref_3,2.85,2.4
837,User_JiTfdloss_1,3.12,2.0
837,User_JiTfdloss_2,3.12,2.0
837,User_JiTfdloss_3,3.12,1.0
838,Sys_JiTfdloss_ref_1,2.85,2.4
838,Sys_JiTfdloss_ref_2,2.85,2.1
838,Sys_JiTfdloss_ref_3,3.45,2.85
838,User_JiTfdloss_1,3.89,3.0
838,User_JiTfdloss_2,3.33,2.0
838,User_JiTfdloss_3,3.89,3.0
839,Sys_JiTfdloss_ref_1,3.85,3.2
839,Sys_JiTfdloss_ref_2,4.85,3.2
839,Sys_JiTfdloss_ref_3,3.85,2.9
839,User_JiTfdloss_1,5.0,3.0
839,User_JiTfdloss_2,4.38,3.0
839,User_JiTfdloss_3,4.38,3.0
840,Sys_JiTfdloss_ref_1,3.85,1.25
840,Sys_JiTfdloss_ref_2,2.85,1.65
840,Sys_JiTfdloss_ref_3,3.15,2.85
840,User_JiTfdloss_1,5.0,1.0
840,User_JiTfdloss_2,5.0,1.0
840,User_JiTfdloss_3,3.75,1.0
841,Sys_JiTfdloss_ref_1,4.15,2.85
841,Sys_JiTfdloss_ref_2,4.12,2.85
841,Sys_JiTfdloss_ref_3,3.85,2.4
841,User_JiTfdloss_1,0.0,3.0
841,User_JiTfdloss_2,0.0,3.0
841,User_JiTfdloss_3,4.29,3.0
842,Sys_JiTfdloss_ref_1,3.85,2.65
842,Sys_JiTfdloss_ref_2,3.85,1.92
842,Sys_JiTfdloss_ref_3,2.85,1.9
842,User_JiTfdloss_1,3.89,2.0
842,User_JiTfdloss_2,3.57,2.0
842,User_JiTfdloss_3,5.0,2.0
843,Sys_JiTfdloss_ref_1,2.15,1.85
843,Sys_JiTfdloss_ref_2,2.15,1.85
843,Sys_JiTfdloss_ref_3,3.85,2.9
843,User_JiTfdloss_1,4.17,2.0
843,User_JiTfdloss_2,3.89,2.0
843,User_JiTfdloss_3,2.78,2.0
844,Sys_JiTfdloss_ref_1,2.85,1.2
844,Sys_JiTfdloss_ref_2,2.15,1.85
844,Sys_JiTfdloss_ref_3,2.85,1.92
844,User_JiTfdloss_1,2.78,1.0
844,User_JiTfdloss_2,2.78,2.0
844,User_JiTfdloss_3,2.78,1.0
845,Sys_JiTfdloss_ref_1,2.85,2.1
845,Sys_JiTfdloss_ref_2,3.45,2.1
845,Sys_JiTfdloss_ref_3,3.85,2.15
845,User_JiTfdloss_1,4.29,2.0
845,User_JiTfdloss_2,4.29,3.0
845,User_JiTfdloss_3,4.29,2.0
846,Sys_JiTfdloss_ref_1,0.42,0.85
846,Sys_JiTfdloss_ref_2,3.85,1.92
846,Sys_JiTfdloss_ref_3,2.15,1.85
846,User_JiTfdloss_1,2.14,1.0
846,User_JiTfdloss_2,2.14,1.0
846,User_JiTfdloss_3,4.17,1.0
847,Sys_JiTfdloss_ref_1,1.85,1.2
847,Sys_JiTfdloss_ref_2,3.85,2.4
847,Sys_JiTfdloss_ref_3,3.85,2.15
847,User_JiTfdloss_1,4.38,1.0
847,User_JiTfdloss_2,3.12,1.0
847,User_JiTfdloss_3,4.38,1.0
848,Sys_JiTfdloss_ref_1,1.85,0.92
848,Sys_JiTfdloss_ref_2,1.85,1.2
848,Sys_JiTfdloss_ref_3,1.85,0.92
848,User_JiTfdloss_1,2.22,1.0
848,User_JiTfdloss_2,0.0,1.0
848,User_JiTfdloss_3,2.22,1.0
849,Sys_JiTfdloss_ref_1,2.85,1.2
849,Sys_JiTfdloss_ref_2,3.85,2.15
849,Sys_JiTfdloss_ref_3,4.65,1.82
849,User_JiTfdloss_1,2.78,2.0
849,User_JiTfdloss_2,3.12,3.0
849,User_JiTfdloss_3,3.12,2.0
850,Sys_JiTfdloss_ref_1,4.65,2.85
850,Sys_JiTfdloss_ref_2,4.85,3.75
850,Sys_JiTfdloss_ref_3,4.65,3.85
850,User_JiTfdloss_1,5.0,3.0
850,User_JiTfdloss_2,5.0,4.0
850,User_JiTfdloss_3,5.0,4.0
851,Sys_JiTfdloss_ref_1,4.15,2.85
851,Sys_JiTfdloss_ref_2,4.15,2.85
851,Sys_JiTfdloss_ref_3,4.85,3.2
851,User_JiTfdloss_1,3.33,3.0
851,User_JiTfdloss_2,5.0,3.0
851,User_JiTfdloss_3,3.33,3.0
852,Sys_JiTfdloss_ref_1,4.65,3.82
852,Sys_JiTfdloss_ref_2,4.85,4.92
852,Sys_JiTfdloss_ref_3,4.65,3.85
852,User_JiTfdloss_1,5.0,3.0
852,User_JiTfdloss_2,5.0,5.0
852,User_JiTfdloss_3,5.0,3.0
853,Sys_JiTfdloss_ref_1,4.65,3.85
853,Sys_JiTfdloss_ref_2,4.85,3.62
853,Sys_JiTfdloss_ref_3,4.85,3.72
853,User_JiTfdloss_1,4.44,4.0
853,User_JiTfdloss_2,4.44,4.0
853,User_JiTfdloss_3,4.44,4.0
854,Sys_JiTfdloss_ref_1,3.85,2.75
854,Sys_JiTfdloss_ref_2,4.65,3.85
854,Sys_JiTfdloss_ref_3,4.65,3.82
854,User_JiTfdloss_1,4.44,4.0
854,User_JiTfdloss_2,5.0,4.0
854,User_JiTfdloss_3,4.44,4.0
855,Sys_JiTfdloss_ref_1,4.12,3.85
855,Sys_JiTfdloss_ref_2,4.85,3.75
855,Sys_JiTfdloss_ref_3,4.65,3.85
855,User_JiTfdloss_1,5.0,4.0
855,User_JiTfdloss_2,5.0,4.0
855,User_JiTfdloss_3,5.0,4.0
856,Sys_JiTfdloss_ref_1,4.65,4.82
856,Sys_JiTfdloss_ref_2,4.65,3.82
856,Sys_JiTfdloss_ref_3,4.12,3.65
856,User_JiTfdloss_1,5.0,5.0
856,User_JiTfdloss_2,5.0,4.0
856,User_JiTfdloss_3,5.0,5.0
857,Sys_JiTfdloss_ref_1,3.85,2.75
857,Sys_JiTfdloss_ref_2,1.85,2.4
857,Sys_JiTfdloss_ref_3,3.85,2.4
857,User_JiTfdloss_1,4.38,2.0
857,User_JiTfdloss_2,0.0,2.0
857,User_JiTfdloss_3,0.0,3.0
858,Sys_JiTfdloss_ref_1,3.42,2.15
858,Sys_JiTfdloss_ref_2,3.15,2.85
858,Sys_JiTfdloss_ref_3,3.82,1.5
858,User_JiTfdloss_1,3.12,2.0
858,User_JiTfdloss_2,3.12,3.0
858,User_JiTfdloss_3,3.12,2.0
859,Sys_JiTfdloss_ref_1,4.12,2.35
859,Sys_JiTfdloss_ref_2,4.15,2.85
859,Sys_JiTfdloss_ref_3,3.42,2.85
859,User_JiTfdloss_1,4.44,2.0
859,User_JiTfdloss_2,4.44,2.0
859,User_JiTfdloss_3,3.89,3.0
860,Sys_JiTfdloss_ref_1,4.85,3.65
860,Sys_JiTfdloss_ref_2,4.85,3.75
860,Sys_JiTfdloss_ref_3,4.85,3.75
860,User_JiTfdloss_1,5.0,4.0
860,User_JiTfdloss_2,5.0,4.0
860,User_JiTfdloss_3,5.0,4.0
861,Sys_JiTfdloss_ref_1,4.85,3.62
861,Sys_JiTfdloss_ref_2,4.85,3.62
861,Sys_JiTfdloss_ref_3,4.85,3.65
861,User_JiTfdloss_1,5.0,5.0
861,User_JiTfdloss_2,5.0,4.0
861,User_JiTfdloss_3,5.0,4.0
862,Sys_JiTfdloss_ref_1,4.92,4.65
862,Sys_JiTfdloss_ref_2,4.85,4.2
862,Sys_JiTfdloss_ref_3,4.85,3.65
862,User_JiTfdloss_1,5.0,4.0
862,User_JiTfdloss_2,5.0,4.0
862,User_JiTfdloss_3,5.0,5.0
863,Sys_JiTfdloss_ref_1,4.92,4.85
863,Sys_JiTfdloss_ref_2,4.85,4.62
863,Sys_JiTfdloss_ref_3,4.85,1.5
863,User_JiTfdloss_1,5.0,3.0
863,User_JiTfdloss_2,5.0,2.0
863,User_JiTfdloss_3,5.0,3.0
864,Sys_JiTfdloss_ref_1,4.85,3.2
864,Sys_JiTfdloss_ref_2,4.15,2.85
864,Sys_JiTfdloss_ref_3,4.85,2.15
864,User_JiTfdloss_1,5.0,3.0
864,User_JiTfdloss_2,4.29,3.0
864,User_JiTfdloss_3,4.29,3.0
865,Sys_JiTfdloss_ref_1,3.85,2.65
865,Sys_JiTfdloss_ref_2,4.65,3.82
865,Sys_JiTfdloss_ref_3,3.85,3.2
865,User_JiTfdloss_1,5.0,3.0
865,User_JiTfdloss_2,5.0,3.0
865,User_JiTfdloss_3,5.0,4.0
866,Sys_JiTfdloss_ref_1,4.85,3.65
866,Sys_JiTfdloss_ref_2,4.85,3.6
866,Sys_JiTfdloss_ref_3,4.92,5.0
866,User_JiTfdloss_1,5.0,4.0
866,User_JiTfdloss_2,5.0,5.0
866,User_JiTfdloss_3,5.0,4.0
867,Sys_JiTfdloss_ref_1,4.98,4.95
867,Sys_JiTfdloss_ref_2,4.92,4.95
867,Sys_JiTfdloss_ref_3,4.98,4.95
867,User_JiTfdloss_1,5.0,5.0
867,User_JiTfdloss_2,5.0,5.0
867,User_JiTfdloss_3,5.0,5.0
868,Sys_JiTfdloss_ref_1,4.65,3.2
868,Sys_JiTfdloss_ref_2,4.12,2.85
868,Sys_JiTfdloss_ref_3,4.85,3.72
868,User_JiTfdloss_1,4.29,3.0
868,User_JiTfdloss_2,4.38,3.0
868,User_JiTfdloss_3,4.29,4.0
869,Sys_JiTfdloss_ref_1,4.85,2.1
869,Sys_JiTfdloss_ref_2,4.85,2.1
869,Sys_JiTfdloss_ref_3,4.85,2.75
869,User_JiTfdloss_1,5.0,3.0
869,User_JiTfdloss_2,5.0,3.0
869,User_JiTfdloss_3,5.0,4.0
870,Sys_JiTfdloss_ref_1,4.82,2.0
870,Sys_JiTfdloss_ref_2,4.15,2.0
870,Sys_JiTfdloss_ref_3,4.12,2.0
870,User_JiTfdloss_1,4.0,2.0
870,User_JiTfdloss_2,4.0,2.0
870,User_JiTfdloss_3,5.0,2.0
871,Sys_JiTfdloss_ref_1,4.85,3.65
871,Sys_JiTfdloss_ref_2,4.85,2.65
871,Sys_JiTfdloss_ref_3,4.65,2.85
871,User_JiTfdloss_1,5.0,3.0
871,User_JiTfdloss_2,5.0,3.0
871,User_JiTfdloss_3,4.44,4.0
872,Sys_JiTfdloss_ref_1,4.65,2.85
872,Sys_JiTfdloss_ref_2,4.85,2.35
872,Sys_JiTfdloss_ref_3,4.12,2.85
872,User_JiTfdloss_1,5.0,3.0
872,User_JiTfdloss_2,5.0,3.0
872,User_JiTfdloss_3,5.0,2.0
873,Sys_JiTfdloss_ref_1,0.02,4.85
873,Sys_JiTfdloss_ref_2,0.02,4.85
873,Sys_JiTfdloss_ref_3,0.15,3.85
873,User_JiTfdloss_1,0.0,1.0
873,User_JiTfdloss_2,0.0,1.0
873,User_JiTfdloss_3,0.0,4.0
874,Sys_JiTfdloss_ref_1,4.12,1.85
874,Sys_JiTfdloss_ref_2,4.85,2.1
874,Sys_JiTfdloss_ref_3,4.12,2.85
874,User_JiTfdloss_1,4.29,2.0
874,User_JiTfdloss_2,5.0,2.0
874,User_JiTfdloss_3,5.0,3.0
875,Sys_JiTfdloss_ref_1,4.85,4.2
875,Sys_JiTfdloss_ref_2,4.85,3.65
875,Sys_JiTfdloss_ref_3,4.68,3.42
875,User_JiTfdloss_1,4.0,4.0
875,User_JiTfdloss_2,4.0,4.0
875,User_JiTfdloss_3,4.0,4.0
876,Sys_JiTfdloss_ref_1,4.15,2.85
876,Sys_JiTfdloss_ref_2,4.85,3.6
876,Sys_JiTfdloss_ref_3,4.85,3.75
876,User_JiTfdloss_1,5.0,4.0
876,User_JiTfdloss_2,5.0,4.0
876,User_JiTfdloss_3,5.0,4.0
877,Sys_JiTfdloss_ref_1,3.85,3.6
877,Sys_JiTfdloss_ref_2,1.85,3.62
877,Sys_JiTfdloss_ref_3,3.42,2.85
877,User_JiTfdloss_1,2.0,4.0
877,User_JiTfdloss_2,2.0,3.0
877,User_JiTfdloss_3,2.0,3.0
878,Sys_JiTfdloss_ref_1,3.85,3.6
878,Sys_JiTfdloss_ref_2,4.85,3.65
878,Sys_JiTfdloss_ref_3,4.85,3.8
878,User_JiTfdloss_1,4.0,4.0
878,User_JiTfdloss_2,5.0,4.0
878,User_JiTfdloss_3,5.0,4.0
879,Sys_JiTfdloss_ref_1,4.82,3.65
879,Sys_JiTfdloss_ref_2,4.62,3.85
879,Sys_JiTfdloss_ref_3,4.85,2.9
879,User_JiTfdloss_1,4.44,4.0
879,User_JiTfdloss_2,4.44,4.0
879,User_JiTfdloss_3,4.44,4.0
880,Sys_JiTfdloss_ref_1,4.85,3.65
880,Sys_JiTfdloss_ref_2,5.0,5.0
880,Sys_JiTfdloss_ref_3,5.0,5.0
880,User_JiTfdloss_1,5.0,4.0
880,User_JiTfdloss_2,5.0,4.0
880,User_JiTfdloss_3,5.0,5.0
881,Sys_JiTfdloss_ref_1,4.92,4.95
881,Sys_JiTfdloss_ref_2,4.92,4.98
881,Sys_JiTfdloss_ref_3,4.98,4.95
881,User_JiTfdloss_1,5.0,5.0
881,User_JiTfdloss_2,5.0,5.0
881,User_JiTfdloss_3,5.0,5.0
882,Sys_JiTfdloss_ref_1,4.98,4.95
882,Sys_JiTfdloss_ref_2,4.98,4.95
882,Sys_JiTfdloss_ref_3,4.92,4.95
882,User_JiTfdloss_1,5.0,5.0
882,User_JiTfdloss_2,5.0,5.0
882,User_JiTfdloss_3,5.0,5.0
883,Sys_JiTfdloss_ref_1,4.15,3.85
883,Sys_JiTfdloss_ref_2,4.62,3.85
883,Sys_JiTfdloss_ref_3,4.92,4.95
883,User_JiTfdloss_1,4.17,3.0
883,User_JiTfdloss_2,4.17,5.0
883,User_JiTfdloss_3,5.0,3.0
884,Sys_JiTfdloss_ref_1,4.92,4.85
884,Sys_JiTfdloss_ref_2,4.85,4.92
884,Sys_JiTfdloss_ref_3,4.85,4.92
884,User_JiTfdloss_1,5.0,5.0
884,User_JiTfdloss_2,5.0,5.0
884,User_JiTfdloss_3,5.0,5.0
885,Sys_JiTfdloss_ref_1,4.95,4.98
885,Sys_JiTfdloss_ref_2,4.85,3.65
885,Sys_JiTfdloss_ref_3,4.98,4.95
885,User_JiTfdloss_1,5.0,5.0
885,User_JiTfdloss_2,5.0,5.0
885,User_JiTfdloss_3,5.0,5.0
886,Sys_JiTfdloss_ref_1,4.82,4.15
886,Sys_JiTfdloss_ref_2,4.85,4.2
886,Sys_JiTfdloss_ref_3,4.85,3.62
886,User_JiTfdloss_1,5.0,4.0
886,User_JiTfdloss_2,5.0,4.0
886,User_JiTfdloss_3,5.0,4.0
887,Sys_JiTfdloss_ref_1,4.82,3.65
887,Sys_JiTfdloss_ref_2,4.85,3.62
887,Sys_JiTfdloss_ref_3,4.85,3.65
887,User_JiTfdloss_1,5.0,3.0
887,User_JiTfdloss_2,5.0,4.0
887,User_JiTfdloss_3,5.0,5.0
888,Sys_JiTfdloss_ref_1,4.92,4.95
888,Sys_JiTfdloss_ref_2,4.85,4.62
888,Sys_JiTfdloss_ref_3,4.92,4.95
888,User_JiTfdloss_1,5.0,5.0
888,User_JiTfdloss_2,5.0,5.0
888,User_JiTfdloss_3,5.0,5.0
889,Sys_JiTfdloss_ref_1,4.85,4.2
889,Sys_JiTfdloss_ref_2,4.85,3.62
889,Sys_JiTfdloss_ref_3,3.85,1.92
889,User_JiTfdloss_1,5.0,3.0
889,User_JiTfdloss_2,5.0,2.0
889,User_JiTfdloss_3,5.0,2.0
890,Sys_JiTfdloss_ref_1,2.85,1.92
890,Sys_JiTfdloss_ref_2,1.85,1.2
890,Sys_JiTfdloss_ref_3,2.85,1.2
890,User_JiTfdloss_1,2.5,2.0
890,User_JiTfdloss_2,4.17,2.0
890,User_JiTfdloss_3,4.17,1.0
891,Sys_JiTfdloss_ref_1,4.65,3.82
891,Sys_JiTfdloss_ref_2,4.65,3.2
891,Sys_JiTfdloss_ref_3,4.85,3.75
891,User_JiTfdloss_1,5.0,3.0
891,User_JiTfdloss_2,5.0,4.0
891,User_JiTfdloss_3,5.0,4.0
892,Sys_JiTfdloss_ref_1,4.85,1.2
892,Sys_JiTfdloss_ref_2,4.85,1.2
892,Sys_JiTfdloss_ref_3,4.65,1.82
892,User_JiTfdloss_1,5.0,2.0
892,User_JiTfdloss_2,5.0,2.0
892,User_JiTfdloss_3,5.0,2.0
893,Sys_JiTfdloss_ref_1,4.12,2.85
893,Sys_JiTfdloss_ref_2,4.12,3.65
893,Sys_JiTfdloss_ref_3,4.65,3.85
893,User_JiTfdloss_1,5.0,3.0
893,User_JiTfdloss_2,5.0,4.0
893,User_JiTfdloss_3,5.0,4.0
894,Sys_JiTfdloss_ref_1,5.0,5.0
894,Sys_JiTfdloss_ref_2,5.0,5.0
894,Sys_JiTfdloss_ref_3,4.85,3.2
894,User_JiTfdloss_1,5.0,3.0
894,User_JiTfdloss_2,5.0,3.0
894,User_JiTfdloss_3,5.0,4.0
895,Sys_JiTfdloss_ref_1,4.85,3.65
895,Sys_JiTfdloss_ref_2,4.85,3.72
895,Sys_JiTfdloss_ref_3,4.85,3.2
895,User_JiTfdloss_1,5.0,2.0
895,User_JiTfdloss_2,5.0,2.0
895,User_JiTfdloss_3,5.0,2.0
896,Sys_JiTfdloss_ref_1,2.85,2.1
896,Sys_JiTfdloss_ref_2,1.25,2.85
896,Sys_JiTfdloss_ref_3,3.85,2.15
896,User_JiTfdloss_1,5.0,2.0
896,User_JiTfdloss_2,3.75,2.0
896,User_JiTfdloss_3,3.75,2.0
897,Sys_JiTfdloss_ref_1,4.85,4.2
897,Sys_JiTfdloss_ref_2,4.85,3.62
897,Sys_JiTfdloss_ref_3,4.85,3.6
897,User_JiTfdloss_1,5.0,4.0
897,User_JiTfdloss_2,5.0,4.0
897,User_JiTfdloss_3,5.0,4.0
898,Sys_JiTfdloss_ref_1,4.85,2.1
898,Sys_JiTfdloss_ref_2,4.25,2.85
898,Sys_JiTfdloss_ref_3,3.85,1.2
898,User_JiTfdloss_1,5.0,3.0
898,User_JiTfdloss_2,5.0,2.0
898,User_JiTfdloss_3,5.0,2.0
899,Sys_JiTfdloss_ref_1,4.85,3.65
899,Sys_JiTfdloss_ref_2,4.85,3.2
899,Sys_JiTfdloss_ref_3,4.85,3.72
899,User_JiTfdloss_1,5.0,4.0
899,User_JiTfdloss_2,5.0,3.0
899,User_JiTfdloss_3,5.0,4.0
900,Sys_JiTfdloss_ref_1,4.85,2.1
900,Sys_JiTfdloss_ref_2,4.65,2.85
900,Sys_JiTfdloss_ref_3,4.85,1.65
900,User_JiTfdloss_1,5.0,3.0
900,User_JiTfdloss_2,5.0,3.0
900,User_JiTfdloss_3,5.0,3.0
901,Sys_JiTfdloss_ref_1,4.85,3.65
901,Sys_JiTfdloss_ref_2,4.65,3.85
901,Sys_JiTfdloss_ref_3,4.85,4.2
901,User_JiTfdloss_1,5.0,3.0
901,User_JiTfdloss_2,5.0,4.0
901,User_JiTfdloss_3,5.0,4.0
902,Sys_JiTfdloss_ref_1,4.65,3.85
902,Sys_JiTfdloss_ref_2,4.92,3.85
902,Sys_JiTfdloss_ref_3,4.65,3.82
902,User_JiTfdloss_1,5.0,4.0
902,User_JiTfdloss_2,5.0,4.0
902,User_JiTfdloss_3,5.0,4.0
903,Sys_JiTfdloss_ref_1,3.45,2.1
903,Sys_JiTfdloss_ref_2,4.12,2.85
903,Sys_JiTfdloss_ref_3,3.45,2.85
903,User_JiTfdloss_1,3.89,3.0
903,User_JiTfdloss_2,3.89,4.0
903,User_JiTfdloss_3,3.89,3.0
904,Sys_JiTfdloss_ref_1,4.85,2.1
904,Sys_JiTfdloss_ref_2,4.85,2.65
904,Sys_JiTfdloss_ref_3,4.85,3.6
904,User_JiTfdloss_1,5.0,4.0
904,User_JiTfdloss_2,5.0,4.0
904,User_JiTfdloss_3,5.0,2.0
905,Sys_JiTfdloss_ref_1,4.85,3.65
905,Sys_JiTfdloss_ref_2,4.65,3.82
905,Sys_JiTfdloss_ref_3,4.35,3.82
905,User_JiTfdloss_1,5.0,4.0
905,User_JiTfdloss_2,5.0,4.0
905,User_JiTfdloss_3,5.0,4.0
906,Sys_JiTfdloss_ref_1,1.85,1.92
906,Sys_JiTfdloss_ref_2,1.85,2.4
906,Sys_JiTfdloss_ref_3,1.85,1.2
906,User_JiTfdloss_1,2.14,2.0
906,User_JiTfdloss_2,2.86,1.0
906,User_JiTfdloss_3,2.86,2.0
907,Sys_JiTfdloss_ref_1,4.85,2.75
907,Sys_JiTfdloss_ref_2,4.85,2.15
907,Sys_JiTfdloss_ref_3,4.85,2.15
907,User_JiTfdloss_1,5.0,2.0
907,User_JiTfdloss_2,5.0,2.0
907,User_JiTfdloss_3,5.0,2.0
908,Sys_JiTfdloss_ref_1,2.15,1.85
908,Sys_JiTfdloss_ref_2,3.85,2.15
908,Sys_JiTfdloss_ref_3,2.15,1.85
908,User_JiTfdloss_1,5.0,2.0
908,User_JiTfdloss_2,5.0,2.0
908,User_JiTfdloss_3,4.44,2.0
909,Sys_JiTfdloss_ref_1,4.85,3.62
909,Sys_JiTfdloss_ref_2,4.85,2.1
909,Sys_JiTfdloss_ref_3,4.85,3.75
909,User_JiTfdloss_1,5.0,4.0
909,User_JiTfdloss_2,5.0,3.0
909,User_JiTfdloss_3,5.0,4.0
910,Sys_JiTfdloss_ref_1,4.65,4.92
910,Sys_JiTfdloss_ref_2,4.65,4.92
910,Sys_JiTfdloss_ref_3,4.85,4.92
910,User_JiTfdloss_1,5.0,5.0
910,User_JiTfdloss_2,5.0,5.0
910,User_JiTfdloss_3,5.0,5.0
911,Sys_JiTfdloss_ref_1,3.85,3.62
911,Sys_JiTfdloss_ref_2,2.85,3.42
911,Sys_JiTfdloss_ref_3,4.25,3.85
911,User_JiTfdloss_1,3.75,4.0
911,User_JiTfdloss_2,3.75,4.0
911,User_JiTfdloss_3,3.75,4.0
912,Sys_JiTfdloss_ref_1,4.85,4.72
912,Sys_JiTfdloss_ref_2,4.92,3.85
912,Sys_JiTfdloss_ref_3,4.85,4.2
912,User_JiTfdloss_1,5.0,5.0
912,User_JiTfdloss_2,5.0,5.0
912,User_JiTfdloss_3,5.0,5.0
913,Sys_JiTfdloss_ref_1,3.82,3.45
913,Sys_JiTfdloss_ref_2,4.85,3.72
913,Sys_JiTfdloss_ref_3,4.35,3.82
913,User_JiTfdloss_1,5.0,4.0
913,User_JiTfdloss_2,5.0,5.0
913,User_JiTfdloss_3,5.0,5.0
914,Sys_JiTfdloss_ref_1,4.92,4.85
914,Sys_JiTfdloss_ref_2,4.85,4.2
914,Sys_JiTfdloss_ref_3,4.85,3.65
914,User_JiTfdloss_1,5.0,4.0
914,User_JiTfdloss_2,5.0,5.0
914,User_JiTfdloss_3,5.0,4.0
915,Sys_JiTfdloss_ref_1,4.25,3.65
915,Sys_JiTfdloss_ref_2,3.85,4.12
915,Sys_JiTfdloss_ref_3,4.15,3.62
915,User_JiTfdloss_1,4.38,4.0
915,User_JiTfdloss_2,4.38,3.0
915,User_JiTfdloss_3,4.38,3.0
916,Sys_JiTfdloss_ref_1,4.85,4.2
916,Sys_JiTfdloss_ref_2,4.85,3.72
916,Sys_JiTfdloss_ref_3,4.85,4.2
916,User_JiTfdloss_1,5.0,4.0
916,User_JiTfdloss_2,5.0,4.0
916,User_JiTfdloss_3,5.0,4.0
917,Sys_JiTfdloss_ref_1,3.45,3.82
917,Sys_JiTfdloss_ref_2,2.85,2.4
917,Sys_JiTfdloss_ref_3,3.82,3.45
917,User_JiTfdloss_1,3.57,4.0
917,User_JiTfdloss_2,4.29,3.0
917,User_JiTfdloss_3,4.29,2.0
918,Sys_JiTfdloss_ref_1,4.85,4.2
918,Sys_JiTfdloss_ref_2,4.85,3.65
918,Sys_JiTfdloss_ref_3,4.85,4.2
918,User_JiTfdloss_1,5.0,4.0
918,User_JiTfdloss_2,5.0,4.0
918,User_JiTfdloss_3,5.0,4.0
919,Sys_JiTfdloss_ref_1,4.12,3.65
919,Sys_JiTfdloss_ref_2,4.12,3.65
919,Sys_JiTfdloss_ref_3,3.85,3.62
919,User_JiTfdloss_1,5.0,4.0
919,User_JiTfdloss_2,5.0,4.0
919,User_JiTfdloss_3,5.0,5.0
920,Sys_JiTfdloss_ref_1,4.65,1.5
920,Sys_JiTfdloss_ref_2,4.85,1.5
920,Sys_JiTfdloss_ref_3,4.85,3.75
920,User_JiTfdloss_1,5.0,3.0
920,User_JiTfdloss_2,5.0,3.0
920,User_JiTfdloss_3,5.0,4.0
921,Sys_JiTfdloss_ref_1,4.65,2.0
921,Sys_JiTfdloss_ref_2,4.65,2.1
921,Sys_JiTfdloss_ref_3,3.85,3.2
921,User_JiTfdloss_1,3.12,3.0
921,User_JiTfdloss_2,5.0,3.0
921,User_JiTfdloss_3,5.0,3.0
922,Sys_JiTfdloss_ref_1,4.65,2.85
922,Sys_JiTfdloss_ref_2,4.65,2.85
922,Sys_JiTfdloss_ref_3,4.65,3.82
922,User_JiTfdloss_1,5.0,3.0
922,User_JiTfdloss_2,5.0,3.0
922,User_JiTfdloss_3,5.0,3.0
923,Sys_JiTfdloss_ref_1,4.65,3.8
923,Sys_JiTfdloss_ref_2,4.65,3.85
923,Sys_JiTfdloss_ref_3,4.65,3.85
923,User_JiTfdloss_1,5.0,4.0
923,User_JiTfdloss_2,5.0,2.0
923,User_JiTfdloss_3,5.0,4.0
924,Sys_JiTfdloss_ref_1,4.65,2.85
924,Sys_JiTfdloss_ref_2,4.65,3.82
924,Sys_JiTfdloss_ref_3,4.65,3.82
924,User_JiTfdloss_1,5.0,4.0
924,User_JiTfdloss_2,5.0,3.0
924,User_JiTfdloss_3,5.0,3.0
925,Sys_JiTfdloss_ref_1,4.65,3.82
925,Sys_JiTfdloss_ref_2,4.85,3.72
925,Sys_JiTfdloss_ref_3,4.65,3.85
925,User_JiTfdloss_1,5.0,4.0
925,User_JiTfdloss_2,5.0,4.0
925,User_JiTfdloss_3,5.0,4.0
926,Sys_JiTfdloss_ref_1,4.65,3.85
926,Sys_JiTfdloss_ref_2,4.65,2.85
926,Sys_JiTfdloss_ref_3,4.85,4.92
926,User_JiTfdloss_1,5.0,4.0
926,User_JiTfdloss_2,5.0,3.0
926,User_JiTfdloss_3,5.0,4.0
927,Sys_JiTfdloss_ref_1,1.85,2.4
927,Sys_JiTfdloss_ref_2,1.25,2.85
927,Sys_JiTfdloss_ref_3,1.85,2.1
927,User_JiTfdloss_1,4.29,3.0
927,User_JiTfdloss_2,1.43,2.0
927,User_JiTfdloss_3,4.29,3.0
928,Sys_JiTfdloss_ref_1,4.15,3.85
928,Sys_JiTfdloss_ref_2,4.35,3.82
928,Sys_JiTfdloss_ref_3,4.15,3.6
928,User_JiTfdloss_1,4.38,4.0
928,User_JiTfdloss_2,4.38,4.0
928,User_JiTfdloss_3,4.38,4.0
929,Sys_JiTfdloss_ref_1,3.85,4.12
929,Sys_JiTfdloss_ref_2,4.82,3.75
929,Sys_JiTfdloss_ref_3,4.12,3.85
929,User_JiTfdloss_1,5.0,4.0
929,User_JiTfdloss_2,5.0,4.0
929,User_JiTfdloss_3,4.17,4.0
930,Sys_JiTfdloss_ref_1,4.65,3.85
930,Sys_JiTfdloss_ref_2,4.65,3.85
930,Sys_JiTfdloss_ref_3,4.65,3.85
930,User_JiTfdloss_1,5.0,5.0
930,User_JiTfdloss_2,5.0,4.0
930,User_JiTfdloss_3,5.0,4.0
931,Sys_JiTfdloss_ref_1,4.85,4.6
931,Sys_JiTfdloss_ref_2,4.85,3.72
931,Sys_JiTfdloss_ref_3,4.65,3.85
931,User_JiTfdloss_1,5.0,4.0
931,User_JiTfdloss_2,5.0,5.0
931,User_JiTfdloss_3,5.0,4.0
932,Sys_JiTfdloss_ref_1,4.85,3.7
932,Sys_JiTfdloss_ref_2,4.85,3.8
932,Sys_JiTfdloss_ref_3,4.65,3.8
932,User_JiTfdloss_1,5.0,4.0
932,User_JiTfdloss_2,5.0,3.0
932,User_JiTfdloss_3,5.0,4.0
933,Sys_JiTfdloss_ref_1,2.85,3.6
933,Sys_JiTfdloss_ref_2,1.85,3.2
933,Sys_JiTfdloss_ref_3,1.85,2.2
933,User_JiTfdloss_1,2.78,4.0
933,User_JiTfdloss_2,2.78,4.0
933,User_JiTfdloss_3,0.56,4.0
934,Sys_JiTfdloss_ref_1,4.85,3.65
934,Sys_JiTfdloss_ref_2,4.85,4.92
934,Sys_JiTfdloss_ref_3,4.68,3.15
934,User_JiTfdloss_1,5.0,4.0
934,User_JiTfdloss_2,5.0,4.0
934,User_JiTfdloss_3,5.0,4.0
935,Sys_JiTfdloss_ref_1,4.85,1.2
935,Sys_JiTfdloss_ref_2,3.65,1.85
935,Sys_JiTfdloss_ref_3,4.85,1.2
935,User_JiTfdloss_1,5.0,2.0
935,User_JiTfdloss_2,3.89,2.0
935,User_JiTfdloss_3,3.89,2.0
936,Sys_JiTfdloss_ref_1,3.85,2.65
936,Sys_JiTfdloss_ref_2,2.15,1.85
936,Sys_JiTfdloss_ref_3,3.42,1.85
936,User_JiTfdloss_1,3.33,2.0
936,User_JiTfdloss_2,3.33,3.0
936,User_JiTfdloss_3,2.86,1.0
937,Sys_JiTfdloss_ref_1,4.65,1.5
937,Sys_JiTfdloss_ref_2,4.65,1.5
937,Sys_JiTfdloss_ref_3,4.65,1.5
937,User_JiTfdloss_1,5.0,2.0
937,User_JiTfdloss_2,5.0,3.0
937,User_JiTfdloss_3,5.0,2.0
938,Sys_JiTfdloss_ref_1,4.65,3.85
938,Sys_JiTfdloss_ref_2,4.12,2.35
938,Sys_JiTfdloss_ref_3,4.65,2.85
938,User_JiTfdloss_1,5.0,4.0
938,User_JiTfdloss_2,5.0,2.0
938,User_JiTfdloss_3,5.0,2.0
939,Sys_JiTfdloss_ref_1,4.85,3.7
939,Sys_JiTfdloss_ref_2,4.85,4.62
939,Sys_JiTfdloss_ref_3,4.85,3.65
939,User_JiTfdloss_1,5.0,4.0
939,User_JiTfdloss_2,5.0,4.0
939,User_JiTfdloss_3,5.0,5.0
940,Sys_JiTfdloss_ref_1,4.15,2.0
940,Sys_JiTfdloss_ref_2,3.85,2.0
940,Sys_JiTfdloss_ref_3,3.42,2.0
940,User_JiTfdloss_1,3.75,2.0
940,User_JiTfdloss_2,4.38,3.0
940,User_JiTfdloss_3,4.38,3.0
941,Sys_JiTfdloss_ref_1,4.35,1.5
941,Sys_JiTfdloss_ref_2,4.15,1.5
941,Sys_JiTfdloss_ref_3,4.12,1.5
941,User_JiTfdloss_1,0.0,2.0
941,User_JiTfdloss_2,0.0,3.0
941,User_JiTfdloss_3,0.0,2.0
942,Sys_JiTfdloss_ref_1,2.85,1.5
942,Sys_JiTfdloss_ref_2,2.85,1.5
942,Sys_JiTfdloss_ref_3,2.15,1.5
942,User_JiTfdloss_1,3.57,2.0
942,User_JiTfdloss_2,2.5,2.0
942,User_JiTfdloss_3,2.5,2.0
943,Sys_JiTfdloss_ref_1,0.15,0.1
943,Sys_JiTfdloss_ref_2,0.85,0.42
943,Sys_JiTfdloss_ref_3,0.12,0.05
943,User_JiTfdloss_1,0.0,1.0
943,User_JiTfdloss_2,0.0,1.0
943,User_JiTfdloss_3,0.0,1.0
944,Sys_JiTfdloss_ref_1,3.42,1.5
944,Sys_JiTfdloss_ref_2,3.42,2.15
944,Sys_JiTfdloss_ref_3,2.85,1.5
944,User_JiTfdloss_1,2.5,2.0
944,User_JiTfdloss_2,2.86,2.0
944,User_JiTfdloss_3,2.5,2.0
945,Sys_JiTfdloss_ref_1,3.42,1.5
945,Sys_JiTfdloss_ref_2,3.65,1.5
945,Sys_JiTfdloss_ref_3,3.85,1.5
945,User_JiTfdloss_1,3.33,3.0
945,User_JiTfdloss_2,3.33,3.0
945,User_JiTfdloss_3,3.89,3.0
946,Sys_JiTfdloss_ref_1,3.42,1.5
946,Sys_JiTfdloss_ref_2,3.42,1.5
946,Sys_JiTfdloss_ref_3,2.85,1.5
946,User_JiTfdloss_1,3.33,2.0
946,User_JiTfdloss_2,3.33,3.0
946,User_JiTfdloss_3,3.33,2.0
947,Sys_JiTfdloss_ref_1,3.65,1.5
947,Sys_JiTfdloss_ref_2,4.15,1.5
947,Sys_JiTfdloss_ref_3,3.85,1.5
947,User_JiTfdloss_1,4.38,2.0
947,User_JiTfdloss_2,4.38,2.0
947,User_JiTfdloss_3,4.38,2.0
948,Sys_JiTfdloss_ref_1,3.85,1.92
948,Sys_JiTfdloss_ref_2,3.65,1.85
948,Sys_JiTfdloss_ref_3,3.65,1.85
948,User_JiTfdloss_1,3.57,2.0
948,User_JiTfdloss_2,5.0,2.0
948,User_JiTfdloss_3,4.29,2.0
949,Sys_JiTfdloss_ref_1,4.12,2.85
949,Sys_JiTfdloss_ref_2,4.12,3.68
949,Sys_JiTfdloss_ref_3,4.12,2.85
949,User_JiTfdloss_1,5.0,2.0
949,User_JiTfdloss_2,5.0,2.0
949,User_JiTfdloss_3,5.0,2.0
950,Sys_JiTfdloss_ref_1,4.12,2.85
950,Sys_JiTfdloss_ref_2,4.15,2.85
950,Sys_JiTfdloss_ref_3,4.12,2.85
950,User_JiTfdloss_1,5.0,2.0
950,User_JiTfdloss_2,5.0,2.0
950,User_JiTfdloss_3,5.0,3.0
951,Sys_JiTfdloss_ref_1,0.15,1.5
951,Sys_JiTfdloss_ref_2,0.12,1.5
951,Sys_JiTfdloss_ref_3,0.12,1.5
951,User_JiTfdloss_1,0.0,2.0
951,User_JiTfdloss_2,0.0,3.0
951,User_JiTfdloss_3,0.0,2.0
952,Sys_JiTfdloss_ref_1,3.65,2.85
952,Sys_JiTfdloss_ref_2,4.65,3.85
952,Sys_JiTfdloss_ref_3,4.15,3.65
952,User_JiTfdloss_1,3.57,4.0
952,User_JiTfdloss_2,4.29,4.0
952,User_JiTfdloss_3,4.29,4.0
953,Sys_JiTfdloss_ref_1,4.12,1.85
953,Sys_JiTfdloss_ref_2,3.65,1.85
953,Sys_JiTfdloss_ref_3,4.12,2.0
953,User_JiTfdloss_1,4.29,2.0
953,User_JiTfdloss_2,5.0,2.0
953,User_JiTfdloss_3,5.0,2.0
954,Sys_JiTfdloss_ref_1,2.85,1.42
954,Sys_JiTfdloss_ref_2,2.85,1.5
954,Sys_JiTfdloss_ref_3,1.85,1.5
954,User_JiTfdloss_1,3.57,2.0
954,User_JiTfdloss_2,3.57,2.0
954,User_JiTfdloss_3,3.57,1.0
955,Sys_JiTfdloss_ref_1,0.05,3.85
955,Sys_JiTfdloss_ref_2,0.0,3.85
955,Sys_JiTfdloss_ref_3,0.0,1.25
955,User_JiTfdloss_1,0.0,2.0
955,User_JiTfdloss_2,0.0,1.0
955,User_JiTfdloss_3,0.0,2.0
956,Sys_JiTfdloss_ref_1,2.15,1.5
956,Sys_JiTfdloss_ref_2,2.85,1.5
956,Sys_JiTfdloss_ref_3,2.85,1.5
956,User_JiTfdloss_1,4.29,1.0
956,User_JiTfdloss_2,2.14,2.0
956,User_JiTfdloss_3,3.57,2.0
957,Sys_JiTfdloss_ref_1,4.12,1.5
957,Sys_JiTfdloss_ref_2,2.85,1.5
957,Sys_JiTfdloss_ref_3,2.85,1.5
957,User_JiTfdloss_1,2.5,2.0
957,User_JiTfdloss_2,2.5,2.0
957,User_JiTfdloss_3,2.5,2.0
958,Sys_JiTfdloss_ref_1,3.45,1.5
958,Sys_JiTfdloss_ref_2,3.85,1.5
958,Sys_JiTfdloss_ref_3,3.82,1.47
958,User_JiTfdloss_1,5.0,1.0
958,User_JiTfdloss_2,5.0,2.0
958,User_JiTfdloss_3,5.0,1.0
959,Sys_JiTfdloss_ref_1,2.85,1.42
959,Sys_JiTfdloss_ref_2,1.25,1.5
959,Sys_JiTfdloss_ref_3,1.85,1.42
959,User_JiTfdloss_1,0.83,1.0
959,User_JiTfdloss_2,3.75,2.0
959,User_JiTfdloss_3,0.0,2.0
960,Sys_JiTfdloss_ref_1,3.42,1.5
960,Sys_JiTfdloss_ref_2,4.65,3.82
960,Sys_JiTfdloss_ref_3,3.82,1.5
960,User_JiTfdloss_1,5.0,3.0
960,User_JiTfdloss_2,4.38,3.0
960,User_JiTfdloss_3,4.38,3.0
961,Sys_JiTfdloss_ref_1,2.15,1.5
961,Sys_JiTfdloss_ref_2,2.85,1.5
961,Sys_JiTfdloss_ref_3,2.85,1.5
961,User_JiTfdloss_1,2.86,2.0
961,User_JiTfdloss_2,3.33,2.0
961,User_JiTfdloss_3,3.33,2.0
962,Sys_JiTfdloss_ref_1,3.65,1.85
962,Sys_JiTfdloss_ref_2,4.65,1.85
962,Sys_JiTfdloss_ref_3,3.85,1.92
962,User_JiTfdloss_1,3.89,2.0
962,User_JiTfdloss_2,3.75,2.0
962,User_JiTfdloss_3,5.0,2.0
963,Sys_JiTfdloss_ref_1,3.65,2.85
963,Sys_JiTfdloss_ref_2,3.65,2.85
963,Sys_JiTfdloss_ref_3,3.65,2.85
963,User_JiTfdloss_1,4.29,3.0
963,User_JiTfdloss_2,3.75,3.0
963,User_JiTfdloss_3,4.29,3.0
964,Sys_JiTfdloss_ref_1,4.35,3.65
964,Sys_JiTfdloss_ref_2,4.15,2.85
964,Sys_JiTfdloss_ref_3,4.35,3.65
964,User_JiTfdloss_1,4.44,3.0
964,User_JiTfdloss_2,4.44,3.0
964,User_JiTfdloss_3,4.44,3.0
965,Sys_JiTfdloss_ref_1,3.65,2.15
965,Sys_JiTfdloss_ref_2,3.85,2.65
965,Sys_JiTfdloss_ref_3,4.12,2.85
965,User_JiTfdloss_1,4.17,3.0
965,User_JiTfdloss_2,4.17,3.0
965,User_JiTfdloss_3,4.17,3.0
966,Sys_JiTfdloss_ref_1,4.12,2.85
966,Sys_JiTfdloss_ref_2,4.35,2.85
966,Sys_JiTfdloss_ref_3,4.35,1.5
966,User_JiTfdloss_1,5.0,3.0
966,User_JiTfdloss_2,5.0,3.0
966,User_JiTfdloss_3,5.0,3.0
967,Sys_JiTfdloss_ref_1,2.85,1.2
967,Sys_JiTfdloss_ref_2,3.65,1.85
967,Sys_JiTfdloss_ref_3,3.65,1.85
967,User_JiTfdloss_1,3.33,2.0
967,User_JiTfdloss_2,3.33,2.0
967,User_JiTfdloss_3,3.33,1.0
968,Sys_JiTfdloss_ref_1,4.92,3.65
968,Sys_JiTfdloss_ref_2,4.65,2.85
968,Sys_JiTfdloss_ref_3,4.65,2.85
968,User_JiTfdloss_1,5.0,3.0
968,User_JiTfdloss_2,5.0,3.0
968,User_JiTfdloss_3,5.0,3.0
969,Sys_JiTfdloss_ref_1,4.65,2.0
969,Sys_JiTfdloss_ref_2,3.42,2.0
969,Sys_JiTfdloss_ref_3,4.15,2.0
969,User_JiTfdloss_1,3.89,2.0
969,User_JiTfdloss_2,3.89,2.0
969,User_JiTfdloss_3,3.89,3.0
970,Sys_JiTfdloss_ref_1,1.85,3.62
970,Sys_JiTfdloss_ref_2,2.85,3.65
970,Sys_JiTfdloss_ref_3,1.85,3.62
970,User_JiTfdloss_1,3.75,3.0
970,User_JiTfdloss_2,3.75,3.0
970,User_JiTfdloss_3,3.75,4.0
971,Sys_JiTfdloss_ref_1,2.85,3.42
971,Sys_JiTfdloss_ref_2,1.85,3.42
971,Sys_JiTfdloss_ref_3,2.85,3.42
971,User_JiTfdloss_1,3.75,4.0
971,User_JiTfdloss_2,3.75,5.0
971,User_JiTfdloss_3,3.75,4.0
972,Sys_JiTfdloss_ref_1,2.85,3.65
972,Sys_JiTfdloss_ref_2,2.85,3.42
972,Sys_JiTfdloss_ref_3,1.85,3.42
972,User_JiTfdloss_1,3.0,4.0
972,User_JiTfdloss_2,3.0,3.0
972,User_JiTfdloss_3,2.0,4.0
973,Sys_JiTfdloss_ref_1,4.65,4.2
973,Sys_JiTfdloss_ref_2,4.65,3.85
973,Sys_JiTfdloss_ref_3,4.92,4.65
973,User_JiTfdloss_1,5.0,4.0
973,User_JiTfdloss_2,5.0,4.0
973,User_JiTfdloss_3,5.0,4.0
974,Sys_JiTfdloss_ref_1,4.98,4.95
974,Sys_JiTfdloss_ref_2,4.65,3.85
974,Sys_JiTfdloss_ref_3,4.92,4.98
974,User_JiTfdloss_1,5.0,5.0
974,User_JiTfdloss_2,5.0,5.0
974,User_JiTfdloss_3,5.0,5.0
975,Sys_JiTfdloss_ref_1,2.15,3.8
975,Sys_JiTfdloss_ref_2,1.85,2.6
975,Sys_JiTfdloss_ref_3,1.85,3.62
975,User_JiTfdloss_1,2.14,4.0
975,User_JiTfdloss_2,2.14,3.0
975,User_JiTfdloss_3,2.14,4.0
976,Sys_JiTfdloss_ref_1,3.85,3.62
976,Sys_JiTfdloss_ref_2,2.85,4.12
976,Sys_JiTfdloss_ref_3,2.85,4.12
976,User_JiTfdloss_1,3.0,4.0
976,User_JiTfdloss_2,3.0,4.0
976,User_JiTfdloss_3,3.0,4.0
977,Sys_JiTfdloss_ref_1,2.85,3.62
977,Sys_JiTfdloss_ref_2,2.85,3.42
977,Sys_JiTfdloss_ref_3,3.45,2.85
977,User_JiTfdloss_1,3.89,2.0
977,User_JiTfdloss_2,3.89,3.0
977,User_JiTfdloss_3,3.89,4.0
978,Sys_JiTfdloss_ref_1,2.85,3.65
978,Sys_JiTfdloss_ref_2,3.42,3.15
978,Sys_JiTfdloss_ref_3,2.45,3.85
978,User_JiTfdloss_1,3.0,4.0
978,User_JiTfdloss_2,3.0,4.0
978,User_JiTfdloss_3,3.0,4.0
979,Sys_JiTfdloss_ref_1,4.85,4.2
979,Sys_JiTfdloss_ref_2,4.92,3.85
979,Sys_JiTfdloss_ref_3,4.92,4.88
979,User_JiTfdloss_1,5.0,4.0
979,User_JiTfdloss_2,5.0,3.0
979,User_JiTfdloss_3,5.0,4.0
980,Sys_JiTfdloss_ref_1,4.85,4.62
980,Sys_JiTfdloss_ref_2,4.85,4.92
980,Sys_JiTfdloss_ref_3,4.85,4.92
980,User_JiTfdloss_1,5.0,2.0
980,User_JiTfdloss_2,5.0,5.0
980,User_JiTfdloss_3,5.0,3.0
981,Sys_JiTfdloss_ref_1,4.15,3.85
981,Sys_JiTfdloss_ref_2,4.68,3.85
981,Sys_JiTfdloss_ref_3,4.65,4.12
981,User_JiTfdloss_1,5.0,5.0
981,User_JiTfdloss_2,4.44,4.0
981,User_JiTfdloss_3,4.29,4.0
982,Sys_JiTfdloss_ref_1,4.65,3.85
982,Sys_JiTfdloss_ref_2,4.85,3.65
982,Sys_JiTfdloss_ref_3,4.85,3.62
982,User_JiTfdloss_1,5.0,4.0
982,User_JiTfdloss_2,5.0,4.0
982,User_JiTfdloss_3,5.0,4.0
983,Sys_JiTfdloss_ref_1,4.12,3.65
983,Sys_JiTfdloss_ref_2,3.45,2.85
983,Sys_JiTfdloss_ref_3,3.45,2.85
983,User_JiTfdloss_1,2.86,4.0
983,User_JiTfdloss_2,4.17,4.0
983,User_JiTfdloss_3,4.17,4.0
984,Sys_JiTfdloss_ref_1,4.65,3.85
984,Sys_JiTfdloss_ref_2,4.92,4.85
984,Sys_JiTfdloss_ref_3,4.85,3.65
984,User_JiTfdloss_1,5.0,4.0
984,User_JiTfdloss_2,5.0,4.0
984,User_JiTfdloss_3,5.0,3.0
985,Sys_JiTfdloss_ref_1,3.42,4.15
985,Sys_JiTfdloss_ref_2,3.45,3.82
985,Sys_JiTfdloss_ref_3,3.45,3.82
985,User_JiTfdloss_1,3.89,4.0
985,User_JiTfdloss_2,3.89,4.0
985,User_JiTfdloss_3,3.89,4.0
986,Sys_JiTfdloss_ref_1,3.65,2.85
986,Sys_JiTfdloss_ref_2,3.85,3.2
986,Sys_JiTfdloss_ref_3,3.85,4.62
986,User_JiTfdloss_1,4.44,3.0
986,User_JiTfdloss_2,4.44,5.0
986,User_JiTfdloss_3,4.44,3.0
987,Sys_JiTfdloss_ref_1,4.92,4.15
987,Sys_JiTfdloss_ref_2,4.65,3.85
987,Sys_JiTfdloss_ref_3,4.92,4.65
987,User_JiTfdloss_1,4.44,4.0
987,User_JiTfdloss_2,5.0,4.0
987,User_JiTfdloss_3,4.44,4.0
988,Sys_JiTfdloss_ref_1,3.65,3.82
988,Sys_JiTfdloss_ref_2,3.85,2.8
988,Sys_JiTfdloss_ref_3,4.65,3.85
988,User_JiTfdloss_1,3.89,4.0
988,User_JiTfdloss_2,3.89,4.0
988,User_JiTfdloss_3,3.89,4.0
989,Sys_JiTfdloss_ref_1,1.25,4.15
989,Sys_JiTfdloss_ref_2,1.25,3.85
989,Sys_JiTfdloss_ref_3,1.25,2.85
989,User_JiTfdloss_1,1.25,4.0
989,User_JiTfdloss_2,1.25,4.0
989,User_JiTfdloss_3,1.25,5.0
990,Sys_JiTfdloss_ref_1,4.12,2.0
990,Sys_JiTfdloss_ref_2,3.85,2.0
990,Sys_JiTfdloss_ref_3,4.12,2.0
990,User_JiTfdloss_1,4.29,4.0
990,User_JiTfdloss_2,4.29,4.0
990,User_JiTfdloss_3,4.29,4.0
991,Sys_JiTfdloss_ref_1,2.85,1.65
991,Sys_JiTfdloss_ref_2,4.12,2.85
991,Sys_JiTfdloss_ref_3,2.85,2.4
991,User_JiTfdloss_1,3.57,3.0
991,User_JiTfdloss_2,3.57,2.0
991,User_JiTfdloss_3,3.57,3.0
992,Sys_JiTfdloss_ref_1,4.85,3.65
992,Sys_JiTfdloss_ref_2,4.85,3.65
992,Sys_JiTfdloss_ref_3,4.65,2.85
992,User_JiTfdloss_1,5.0,4.0
992,User_JiTfdloss_2,5.0,4.0
992,User_JiTfdloss_3,5.0,4.0
993,Sys_JiTfdloss_ref_1,4.25,3.85
993,Sys_JiTfdloss_ref_2,4.65,3.85
993,Sys_JiTfdloss_ref_3,4.35,3.62
993,User_JiTfdloss_1,5.0,4.0
993,User_JiTfdloss_2,4.17,4.0
993,User_JiTfdloss_3,4.17,4.0
994,Sys_JiTfdloss_ref_1,1.85,1.2
994,Sys_JiTfdloss_ref_2,1.85,1.2
994,Sys_JiTfdloss_ref_3,1.85,1.2
994,User_JiTfdloss_1,1.67,1.0
994,User_JiTfdloss_2,0.71,2.0
994,User_JiTfdloss_3,0.71,2.0
995,Sys_JiTfdloss_ref_1,1.85,2.1
995,Sys_JiTfdloss_ref_2,1.25,1.85
995,Sys_JiTfdloss_ref_3,3.85,1.2
995,User_JiTfdloss_1,1.67,2.0
995,User_JiTfdloss_2,1.67,3.0
995,User_JiTfdloss_3,4.0,2.0
996,Sys_JiTfdloss_ref_1,0.62,1.15
996,Sys_JiTfdloss_ref_2,1.85,1.2
996,Sys_JiTfdloss_ref_3,0.12,1.35
996,User_JiTfdloss_1,3.57,1.0
996,User_JiTfdloss_2,0.62,2.0
996,User_JiTfdloss_3,0.56,1.0
997,Sys_JiTfdloss_ref_1,3.82,2.65
997,Sys_JiTfdloss_ref_2,2.85,1.92
997,Sys_JiTfdloss_ref_3,2.85,1.92
997,User_JiTfdloss_1,5.0,2.0
997,User_JiTfdloss_2,5.0,2.0
997,User_JiTfdloss_3,5.0,2.0
998,Sys_JiTfdloss_ref_1,3.85,1.2
998,Sys_JiTfdloss_ref_2,3.85,1.2
998,Sys_JiTfdloss_ref_3,3.82,1.47
998,User_JiTfdloss_1,3.33,1.0
998,User_JiTfdloss_2,3.33,1.0
998,User_JiTfdloss_3,3.33,3.0
999,Sys_JiTfdloss_ref_1,4.65,2.85
999,Sys_JiTfdloss_ref_2,4.85,3.2
999,Sys_JiTfdloss_ref_3,4.85,3.2
999,User_JiTfdloss_1,5.0,3.0
999,User_JiTfdloss_2,5.0,3.0
999,User_JiTfdloss_3,5.0,2.0
