image_id,source,alignment_score,artifact_score,class_id,alignment_norm,artifact_norm,composite_product_perimage,composite_harmonic_perimage
0,User_DiT_1,5.0,4.0,4,1.0,0.8,0.8,0.888888888888889
0,User_DiT_2,5.0,4.0,4,1.0,0.8,0.8,0.888888888888889
0,User_DiT_3,5.0,5.0,4,1.0,1.0,1.0,1.0
0,Sys_RAEv2_ref,4.65,2.85,4,0.93,0.5700000000000001,0.5301000000000001,0.7068000000000002
1,User_DiT_1,5.0,4.0,4,1.0,0.8,0.8,0.888888888888889
1,User_DiT_2,5.0,3.0,4,1.0,0.6,0.6,0.7499999999999999
1,User_DiT_3,5.0,4.0,4,1.0,0.8,0.8,0.888888888888889
1,Sys_RAEv2_ref,4.62,2.85,4,0.924,0.5700000000000001,0.52668,0.7050602409638553
2,User_DiT_1,5.0,5.0,4,1.0,1.0,1.0,1.0
2,User_DiT_2,5.0,4.0,4,1.0,0.8,0.8,0.888888888888889
2,User_DiT_3,5.0,4.0,4,1.0,0.8,0.8,0.888888888888889
2,Sys_RAEv2_ref,4.85,3.2,4,0.97,0.64,0.6208,0.7711801242236026
3,User_DiT_1,5.0,4.0,4,1.0,0.8,0.8,0.888888888888889
3,User_DiT_2,5.0,4.0,4,1.0,0.8,0.8,0.888888888888889
3,User_DiT_3,5.0,4.0,4,1.0,0.8,0.8,0.888888888888889
3,Sys_RAEv2_ref,4.62,3.85,4,0.924,0.77,0.71148,0.8400000000000001
4,User_DiT_1,5.0,3.0,4,1.0,0.6,0.6,0.7499999999999999
4,User_DiT_2,5.0,4.0,4,1.0,0.8,0.8,0.888888888888889
4,User_DiT_3,4.38,3.0,4,0.876,0.6,0.5256,0.7121951219512195
4,Sys_RAEv2_ref,4.92,4.95,4,0.984,0.99,0.97416,0.9869908814589666
5,User_DiT_1,4.44,4.0,7,0.8880000000000001,0.8,0.7104000000000001,0.8417061611374408
5,User_DiT_2,4.38,2.0,7,0.876,0.4,0.35040000000000004,0.5492163009404389
5,User_DiT_3,4.38,4.0,7,0.876,0.8,0.7008000000000001,0.8362768496420048
5,Sys_RAEv2_ref,4.65,1.5,7,0.93,0.3,0.279,0.4536585365853659
6,User_DiT_1,5.0,2.0,7,1.0,0.4,0.4,0.5714285714285715
6,User_DiT_2,5.0,5.0,7,1.0,1.0,1.0,1.0
6,User_DiT_3,5.0,5.0,7,1.0,1.0,1.0,1.0
6,Sys_RAEv2_ref,4.82,3.65,7,0.9640000000000001,0.73,0.70372,0.8308382526564345
7,User_DiT_1,4.44,4.0,7,0.8880000000000001,0.8,0.7104000000000001,0.8417061611374408
7,User_DiT_2,4.44,4.0,7,0.8880000000000001,0.8,0.7104000000000001,0.8417061611374408
7,User_DiT_3,4.44,4.0,7,0.8880000000000001,0.8,0.7104000000000001,0.8417061611374408
7,Sys_RAEv2_ref,4.82,3.65,7,0.9640000000000001,0.73,0.70372,0.8308382526564345
8,User_DiT_1,4.17,4.0,7,0.834,0.8,0.6672,0.8166462668298654
8,User_DiT_2,4.17,4.0,7,0.834,0.8,0.6672,0.8166462668298654
8,User_DiT_3,4.17,3.0,7,0.834,0.6,0.5004,0.697907949790795
8,Sys_RAEv2_ref,4.98,4.95,7,0.9960000000000001,0.99,0.9860400000000001,0.9929909365558913
9,User_DiT_1,5.0,3.0,7,1.0,0.6,0.6,0.7499999999999999
9,User_DiT_2,5.0,3.0,7,1.0,0.6,0.6,0.7499999999999999
9,User_DiT_3,5.0,3.0,7,1.0,0.6,0.6,0.7499999999999999
9,Sys_RAEv2_ref,1.85,2.0,7,0.37,0.4,0.148,0.3844155844155844
10,User_DiT_1,3.89,4.0,10,0.778,0.8,0.6224000000000001,0.7888466413181242
10,User_DiT_2,3.89,4.0,10,0.778,0.8,0.6224000000000001,0.7888466413181242
10,User_DiT_3,3.89,4.0,10,0.778,0.8,0.6224000000000001,0.7888466413181242
10,Sys_RAEv2_ref,3.85,2.75,10,0.77,0.55,0.42350000000000004,0.6416666666666667
11,User_DiT_1,4.0,5.0,10,0.8,1.0,0.8,0.888888888888889
11,User_DiT_2,4.0,5.0,10,0.8,1.0,0.8,0.888888888888889
11,User_DiT_3,4.0,5.0,10,0.8,1.0,0.8,0.888888888888889
11,Sys_RAEv2_ref,3.85,2.15,10,0.77,0.43,0.3311,0.5518333333333334
12,User_DiT_1,0.56,3.0,10,0.11200000000000002,0.6,0.06720000000000001,0.18876404494382026
12,User_DiT_2,3.57,3.0,10,0.714,0.6,0.42839999999999995,0.6520547945205478
12,User_DiT_3,0.56,2.0,10,0.11200000000000002,0.4,0.044800000000000006,0.17500000000000002
12,Sys_RAEv2_ref,4.12,1.5,10,0.8240000000000001,0.3,0.2472,0.43985765124555154
13,User_DiT_1,4.0,3.0,10,0.8,0.6,0.48,0.6857142857142857
13,User_DiT_2,5.0,3.0,10,1.0,0.6,0.6,0.7499999999999999
13,User_DiT_3,4.0,2.0,10,0.8,0.4,0.32000000000000006,0.5333333333333333
13,Sys_RAEv2_ref,4.65,1.5,10,0.93,0.3,0.279,0.4536585365853659
14,User_DiT_1,4.0,5.0,10,0.8,1.0,0.8,0.888888888888889
14,User_DiT_2,4.0,5.0,10,0.8,1.0,0.8,0.888888888888889
14,User_DiT_3,3.89,5.0,10,0.778,1.0,0.778,0.875140607424072
14,Sys_RAEv2_ref,2.15,1.85,10,0.43,0.37,0.1591,0.39774999999999994
15,User_DiT_1,5.0,4.0,25,1.0,0.8,0.8,0.888888888888889
15,User_DiT_2,5.0,5.0,25,1.0,1.0,1.0,1.0
15,User_DiT_3,5.0,2.0,25,1.0,0.4,0.4,0.5714285714285715
15,Sys_RAEv2_ref,3.85,1.5,25,0.77,0.3,0.23099999999999998,0.4317757009345794
16,User_DiT_1,5.0,5.0,25,1.0,1.0,1.0,1.0
16,User_DiT_2,5.0,4.0,25,1.0,0.8,0.8,0.888888888888889
16,User_DiT_3,5.0,5.0,25,1.0,1.0,1.0,1.0
16,Sys_RAEv2_ref,4.85,4.92,25,0.97,0.984,0.95448,0.976949846468782
17,User_DiT_1,5.0,4.0,25,1.0,0.8,0.8,0.888888888888889
17,User_DiT_2,5.0,3.0,25,1.0,0.6,0.6,0.7499999999999999
17,User_DiT_3,4.17,4.0,25,0.834,0.8,0.6672,0.8166462668298654
17,Sys_RAEv2_ref,4.15,3.85,25,0.8300000000000001,0.77,0.6391000000000001,0.7988750000000001
18,User_DiT_1,5.0,4.0,25,1.0,0.8,0.8,0.888888888888889
18,User_DiT_2,5.0,4.0,25,1.0,0.8,0.8,0.888888888888889
18,User_DiT_3,5.0,4.0,25,1.0,0.8,0.8,0.888888888888889
18,Sys_RAEv2_ref,4.85,4.72,25,0.97,0.944,0.9156799999999999,0.9568234064785789
19,User_DiT_1,3.33,2.0,25,0.666,0.4,0.2664,0.499812382739212
19,User_DiT_2,4.29,3.0,25,0.858,0.6,0.5147999999999999,0.7061728395061727
19,User_DiT_3,3.33,3.0,25,0.666,0.6,0.3996,0.6312796208530805
19,Sys_RAEv2_ref,4.35,1.5,25,0.8699999999999999,0.3,0.26099999999999995,0.4461538461538461
20,User_DiT_1,5.0,4.0,35,1.0,0.8,0.8,0.888888888888889
20,User_DiT_2,5.0,4.0,35,1.0,0.8,0.8,0.888888888888889
20,User_DiT_3,5.0,4.0,35,1.0,0.8,0.8,0.888888888888889
20,Sys_RAEv2_ref,4.65,3.82,35,0.93,0.764,0.71052,0.8388665879574971
21,User_DiT_1,4.0,4.0,35,0.8,0.8,0.6400000000000001,0.8000000000000002
21,User_DiT_2,3.0,3.0,35,0.6,0.6,0.36,0.6
21,User_DiT_3,4.0,3.0,35,0.8,0.6,0.48,0.6857142857142857
21,Sys_RAEv2_ref,1.25,3.85,35,0.25,0.77,0.1925,0.37745098039215685
22,User_DiT_1,5.0,4.0,35,1.0,0.8,0.8,0.888888888888889
22,User_DiT_2,4.0,4.0,35,0.8,0.8,0.6400000000000001,0.8000000000000002
22,User_DiT_3,4.0,5.0,35,0.8,1.0,0.8,0.888888888888889
22,Sys_RAEv2_ref,1.45,4.92,35,0.29,0.984,0.28536,0.44797488226059656
23,User_DiT_1,5.0,4.0,35,1.0,0.8,0.8,0.888888888888889
23,User_DiT_2,5.0,4.0,35,1.0,0.8,0.8,0.888888888888889
23,User_DiT_3,5.0,4.0,35,1.0,0.8,0.8,0.888888888888889
23,Sys_RAEv2_ref,0.42,3.65,35,0.08399999999999999,0.73,0.06131999999999999,0.15066339066339066
24,User_DiT_1,4.0,3.0,35,0.8,0.6,0.48,0.6857142857142857
24,User_DiT_2,4.0,3.0,35,0.8,0.6,0.48,0.6857142857142857
24,User_DiT_3,4.0,4.0,35,0.8,0.8,0.6400000000000001,0.8000000000000002
24,Sys_RAEv2_ref,1.25,3.85,35,0.25,0.77,0.1925,0.37745098039215685
25,User_DiT_1,5.0,4.0,39,1.0,0.8,0.8,0.888888888888889
25,User_DiT_2,5.0,3.0,39,1.0,0.6,0.6,0.7499999999999999
25,User_DiT_3,5.0,4.0,39,1.0,0.8,0.8,0.888888888888889
25,Sys_RAEv2_ref,3.65,1.85,39,0.73,0.37,0.2701,0.4910909090909091
26,User_DiT_1,3.75,3.0,39,0.75,0.6,0.44999999999999996,0.6666666666666665
26,User_DiT_2,3.89,2.0,39,0.778,0.4,0.31120000000000003,0.5283531409168082
26,User_DiT_3,3.89,2.0,39,0.778,0.4,0.31120000000000003,0.5283531409168082
26,Sys_RAEv2_ref,3.85,1.2,39,0.77,0.24,0.1848,0.36594059405940593
27,User_DiT_1,5.0,5.0,39,1.0,1.0,1.0,1.0
27,User_DiT_2,3.57,3.0,39,0.714,0.6,0.42839999999999995,0.6520547945205478
27,User_DiT_3,3.57,2.0,39,0.714,0.4,0.2856,0.5127468581687613
27,Sys_RAEv2_ref,4.12,3.85,39,0.8240000000000001,0.77,0.63448,0.7960853199498118
28,User_DiT_1,5.0,3.0,39,1.0,0.6,0.6,0.7499999999999999
28,User_DiT_2,4.17,2.0,39,0.834,0.4,0.3336,0.5406807131280389
28,User_DiT_3,5.0,3.0,39,1.0,0.6,0.6,0.7499999999999999
28,Sys_RAEv2_ref,1.85,1.2,39,0.37,0.24,0.08879999999999999,0.2911475409836065
29,User_DiT_1,5.0,4.0,39,1.0,0.8,0.8,0.888888888888889
29,User_DiT_2,5.0,4.0,39,1.0,0.8,0.8,0.888888888888889
29,User_DiT_3,5.0,4.0,39,1.0,0.8,0.8,0.888888888888889
29,Sys_RAEv2_ref,3.45,2.85,39,0.6900000000000001,0.5700000000000001,0.3933000000000001,0.6242857142857143
30,User_DiT_1,5.0,4.0,49,1.0,0.8,0.8,0.888888888888889
30,User_DiT_2,5.0,4.0,49,1.0,0.8,0.8,0.888888888888889
30,User_DiT_3,5.0,4.0,49,1.0,0.8,0.8,0.888888888888889
30,Sys_RAEv2_ref,4.85,4.92,49,0.97,0.984,0.95448,0.976949846468782
31,User_DiT_1,5.0,5.0,49,1.0,1.0,1.0,1.0
31,User_DiT_2,5.0,5.0,49,1.0,1.0,1.0,1.0
31,User_DiT_3,5.0,5.0,49,1.0,1.0,1.0,1.0
31,Sys_RAEv2_ref,4.12,3.85,49,0.8240000000000001,0.77,0.63448,0.7960853199498118
32,User_DiT_1,5.0,5.0,49,1.0,1.0,1.0,1.0
32,User_DiT_2,5.0,5.0,49,1.0,1.0,1.0,1.0
32,User_DiT_3,5.0,4.0,49,1.0,0.8,0.8,0.888888888888889
32,Sys_RAEv2_ref,2.15,3.0,49,0.43,0.6,0.258,0.5009708737864078
33,User_DiT_1,5.0,3.0,49,1.0,0.6,0.6,0.7499999999999999
33,User_DiT_2,5.0,3.0,49,1.0,0.6,0.6,0.7499999999999999
33,User_DiT_3,5.0,3.0,49,1.0,0.6,0.6,0.7499999999999999
33,Sys_RAEv2_ref,4.12,2.65,49,0.8240000000000001,0.53,0.43672000000000005,0.6450812407680946
34,User_DiT_1,5.0,4.0,49,1.0,0.8,0.8,0.888888888888889
34,User_DiT_2,4.38,4.0,49,0.876,0.8,0.7008000000000001,0.8362768496420048
34,User_DiT_3,4.38,4.0,49,0.876,0.8,0.7008000000000001,0.8362768496420048
34,Sys_RAEv2_ref,3.85,4.12,49,0.77,0.8240000000000001,0.63448,0.7960853199498118
35,User_DiT_1,5.0,5.0,51,1.0,1.0,1.0,1.0
35,User_DiT_2,5.0,5.0,51,1.0,1.0,1.0,1.0
35,User_DiT_3,5.0,5.0,51,1.0,1.0,1.0,1.0
35,Sys_RAEv2_ref,2.15,1.8,51,0.43,0.36,0.1548,0.39189873417721516
36,User_DiT_1,0.0,1.0,51,0.0,0.2,0.0,0.0
36,User_DiT_2,0.0,1.0,51,0.0,0.2,0.0,0.0
36,User_DiT_3,0.0,1.0,51,0.0,0.2,0.0,0.0
36,Sys_RAEv2_ref,5.0,5.0,51,1.0,1.0,1.0,1.0
37,User_DiT_1,5.0,4.0,51,1.0,0.8,0.8,0.888888888888889
37,User_DiT_2,5.0,4.0,51,1.0,0.8,0.8,0.888888888888889
37,User_DiT_3,5.0,5.0,51,1.0,1.0,1.0,1.0
37,Sys_RAEv2_ref,2.85,1.65,51,0.5700000000000001,0.32999999999999996,0.1881,0.418
38,User_DiT_1,5.0,5.0,51,1.0,1.0,1.0,1.0
38,User_DiT_2,5.0,5.0,51,1.0,1.0,1.0,1.0
38,User_DiT_3,5.0,5.0,51,1.0,1.0,1.0,1.0
38,Sys_RAEv2_ref,2.85,3.6,51,0.5700000000000001,0.72,0.41040000000000004,0.6362790697674419
39,User_DiT_1,5.0,5.0,51,1.0,1.0,1.0,1.0
39,User_DiT_2,5.0,4.0,51,1.0,0.8,0.8,0.888888888888889
39,User_DiT_3,5.0,5.0,51,1.0,1.0,1.0,1.0
39,Sys_RAEv2_ref,4.65,3.85,51,0.93,0.77,0.7161000000000001,0.8424705882352941
40,User_DiT_1,5.0,5.0,52,1.0,1.0,1.0,1.0
40,User_DiT_2,5.0,4.0,52,1.0,0.8,0.8,0.888888888888889
40,User_DiT_3,5.0,4.0,52,1.0,0.8,0.8,0.888888888888889
40,Sys_RAEv2_ref,4.92,4.95,52,0.984,0.99,0.97416,0.9869908814589666
41,User_DiT_1,5.0,4.0,52,1.0,0.8,0.8,0.888888888888889
41,User_DiT_2,4.17,5.0,52,0.834,1.0,0.834,0.9094874591057797
41,User_DiT_3,4.17,5.0,52,0.834,1.0,0.834,0.9094874591057797
41,Sys_RAEv2_ref,1.25,3.8,52,0.25,0.76,0.19,0.37623762376237624
42,User_DiT_1,5.0,5.0,52,1.0,1.0,1.0,1.0
42,User_DiT_2,5.0,5.0,52,1.0,1.0,1.0,1.0
42,User_DiT_3,5.0,5.0,52,1.0,1.0,1.0,1.0
42,Sys_RAEv2_ref,2.35,3.85,52,0.47000000000000003,0.77,0.36190000000000005,0.583709677419355
43,User_DiT_1,5.0,3.0,52,1.0,0.6,0.6,0.7499999999999999
43,User_DiT_2,5.0,3.0,52,1.0,0.6,0.6,0.7499999999999999
43,User_DiT_3,5.0,3.0,52,1.0,0.6,0.6,0.7499999999999999
43,Sys_RAEv2_ref,4.12,3.68,52,0.8240000000000001,0.736,0.606464,0.7775179487179487
44,User_DiT_1,1.43,2.0,52,0.286,0.4,0.1144,0.3335276967930029
44,User_DiT_2,0.71,2.0,52,0.142,0.4,0.056799999999999996,0.20959409594095937
44,User_DiT_3,1.43,3.0,52,0.286,0.6,0.17159999999999997,0.3873589164785553
44,Sys_RAEv2_ref,4.12,3.65,52,0.8240000000000001,0.73,0.60152,0.7741570141570142
45,User_DiT_1,4.29,4.0,64,0.858,0.8,0.6864,0.8279855247285887
45,User_DiT_2,5.0,5.0,64,1.0,1.0,1.0,1.0
45,User_DiT_3,5.0,4.0,64,1.0,0.8,0.8,0.888888888888889
45,Sys_RAEv2_ref,4.12,3.65,64,0.8240000000000001,0.73,0.60152,0.7741570141570142
46,User_DiT_1,2.86,3.0,64,0.572,0.6,0.34319999999999995,0.5856655290102388
46,User_DiT_2,4.29,2.0,64,0.858,0.4,0.3432,0.5456279809220985
46,User_DiT_3,4.29,2.0,64,0.858,0.4,0.3432,0.5456279809220985
46,Sys_RAEv2_ref,3.45,3.12,64,0.6900000000000001,0.624,0.43056000000000005,0.6553424657534247
47,User_DiT_1,4.29,3.0,64,0.858,0.6,0.5147999999999999,0.7061728395061727
47,User_DiT_2,5.0,5.0,64,1.0,1.0,1.0,1.0
47,User_DiT_3,4.29,3.0,64,0.858,0.6,0.5147999999999999,0.7061728395061727
47,Sys_RAEv2_ref,4.85,4.92,64,0.97,0.984,0.95448,0.976949846468782
48,User_DiT_1,3.75,4.0,64,0.75,0.8,0.6000000000000001,0.7741935483870969
48,User_DiT_2,2.5,1.0,64,0.5,0.2,0.1,0.28571428571428575
48,User_DiT_3,2.5,4.0,64,0.5,0.8,0.4,0.6153846153846154
48,Sys_RAEv2_ref,0.85,1.2,64,0.16999999999999998,0.24,0.040799999999999996,0.19902439024390242
49,User_DiT_1,2.86,4.0,64,0.572,0.8,0.4576,0.6670553935860059
49,User_DiT_2,2.86,4.0,64,0.572,0.8,0.4576,0.6670553935860059
49,User_DiT_3,5.0,4.0,64,1.0,0.8,0.8,0.888888888888889
49,Sys_RAEv2_ref,4.65,3.85,64,0.93,0.77,0.7161000000000001,0.8424705882352941
50,User_DiT_1,5.0,3.0,80,1.0,0.6,0.6,0.7499999999999999
50,User_DiT_2,5.0,2.0,80,1.0,0.4,0.4,0.5714285714285715
50,User_DiT_3,5.0,3.0,80,1.0,0.6,0.6,0.7499999999999999
50,Sys_RAEv2_ref,4.82,1.5,80,0.9640000000000001,0.3,0.2892,0.45759493670886076
51,User_DiT_1,5.0,2.0,80,1.0,0.4,0.4,0.5714285714285715
51,User_DiT_2,5.0,3.0,80,1.0,0.6,0.6,0.7499999999999999
51,User_DiT_3,5.0,2.0,80,1.0,0.4,0.4,0.5714285714285715
51,Sys_RAEv2_ref,4.65,1.5,80,0.93,0.3,0.279,0.4536585365853659
52,User_DiT_1,0.62,0.0,80,0.124,0.0,0.0,0.0
52,User_DiT_2,4.29,2.0,80,0.858,0.4,0.3432,0.5456279809220985
52,User_DiT_3,0.62,1.0,80,0.124,0.2,0.024800000000000003,0.15308641975308643
52,Sys_RAEv2_ref,3.85,2.15,80,0.77,0.43,0.3311,0.5518333333333334
53,User_DiT_1,5.0,4.0,80,1.0,0.8,0.8,0.888888888888889
53,User_DiT_2,5.0,3.0,80,1.0,0.6,0.6,0.7499999999999999
53,User_DiT_3,5.0,4.0,80,1.0,0.8,0.8,0.888888888888889
53,Sys_RAEv2_ref,4.62,3.85,80,0.924,0.77,0.71148,0.8400000000000001
54,User_DiT_1,5.0,4.0,80,1.0,0.8,0.8,0.888888888888889
54,User_DiT_2,3.57,4.0,80,0.714,0.8,0.5712,0.7545574636723911
54,User_DiT_3,0.0,2.0,80,0.0,0.4,0.0,0.0
54,Sys_RAEv2_ref,4.85,3.72,80,0.97,0.744,0.72168,0.842100350058343
55,User_DiT_1,5.0,5.0,97,1.0,1.0,1.0,1.0
55,User_DiT_2,5.0,5.0,97,1.0,1.0,1.0,1.0
55,User_DiT_3,5.0,4.0,97,1.0,0.8,0.8,0.888888888888889
55,Sys_RAEv2_ref,4.85,3.65,97,0.97,0.73,0.7081,0.8330588235294117
56,User_DiT_1,5.0,5.0,97,1.0,1.0,1.0,1.0
56,User_DiT_2,5.0,5.0,97,1.0,1.0,1.0,1.0
56,User_DiT_3,5.0,5.0,97,1.0,1.0,1.0,1.0
56,Sys_RAEv2_ref,4.65,3.0,97,0.93,0.6,0.558,0.7294117647058824
57,User_DiT_1,5.0,3.0,97,1.0,0.6,0.6,0.7499999999999999
57,User_DiT_2,5.0,3.0,97,1.0,0.6,0.6,0.7499999999999999
57,User_DiT_3,5.0,4.0,97,1.0,0.8,0.8,0.888888888888889
57,Sys_RAEv2_ref,4.85,4.2,97,0.97,0.8400000000000001,0.8148000000000001,0.9003314917127072
58,User_DiT_1,5.0,4.0,97,1.0,0.8,0.8,0.888888888888889
58,User_DiT_2,5.0,5.0,97,1.0,1.0,1.0,1.0
58,User_DiT_3,5.0,4.0,97,1.0,0.8,0.8,0.888888888888889
58,Sys_RAEv2_ref,4.85,1.5,97,0.97,0.3,0.291,0.458267716535433
59,User_DiT_1,5.0,5.0,97,1.0,1.0,1.0,1.0
59,User_DiT_2,5.0,5.0,97,1.0,1.0,1.0,1.0
59,User_DiT_3,5.0,5.0,97,1.0,1.0,1.0,1.0
59,Sys_RAEv2_ref,4.98,4.95,97,0.9960000000000001,0.99,0.9860400000000001,0.9929909365558913
60,User_DiT_1,5.0,4.0,106,1.0,0.8,0.8,0.888888888888889
60,User_DiT_2,5.0,4.0,106,1.0,0.8,0.8,0.888888888888889
60,User_DiT_3,5.0,2.0,106,1.0,0.4,0.4,0.5714285714285715
60,Sys_RAEv2_ref,4.82,1.5,106,0.9640000000000001,0.3,0.2892,0.45759493670886076
61,User_DiT_1,5.0,3.0,106,1.0,0.6,0.6,0.7499999999999999
61,User_DiT_2,5.0,4.0,106,1.0,0.8,0.8,0.888888888888889
61,User_DiT_3,5.0,4.0,106,1.0,0.8,0.8,0.888888888888889
61,Sys_RAEv2_ref,3.42,1.5,106,0.6839999999999999,0.3,0.20519999999999997,0.41707317073170724
62,User_DiT_1,5.0,3.0,106,1.0,0.6,0.6,0.7499999999999999
62,User_DiT_2,5.0,4.0,106,1.0,0.8,0.8,0.888888888888889
62,User_DiT_3,5.0,3.0,106,1.0,0.6,0.6,0.7499999999999999
62,Sys_RAEv2_ref,4.65,1.5,106,0.93,0.3,0.279,0.4536585365853659
63,User_DiT_1,4.17,4.0,106,0.834,0.8,0.6672,0.8166462668298654
63,User_DiT_2,5.0,3.0,106,1.0,0.6,0.6,0.7499999999999999
63,User_DiT_3,4.17,4.0,106,0.834,0.8,0.6672,0.8166462668298654
63,Sys_RAEv2_ref,0.15,2.0,106,0.03,0.4,0.012,0.055813953488372085
64,User_DiT_1,5.0,3.0,106,1.0,0.6,0.6,0.7499999999999999
64,User_DiT_2,5.0,3.0,106,1.0,0.6,0.6,0.7499999999999999
64,User_DiT_3,5.0,4.0,106,1.0,0.8,0.8,0.888888888888889
64,Sys_RAEv2_ref,4.62,3.0,106,0.924,0.6,0.5544,0.7275590551181103
65,User_DiT_1,5.0,4.0,116,1.0,0.8,0.8,0.888888888888889
65,User_DiT_2,5.0,4.0,116,1.0,0.8,0.8,0.888888888888889
65,User_DiT_3,5.0,4.0,116,1.0,0.8,0.8,0.888888888888889
65,Sys_RAEv2_ref,1.85,1.2,116,0.37,0.24,0.08879999999999999,0.2911475409836065
66,User_DiT_1,5.0,5.0,116,1.0,1.0,1.0,1.0
66,User_DiT_2,5.0,5.0,116,1.0,1.0,1.0,1.0
66,User_DiT_3,5.0,5.0,116,1.0,1.0,1.0,1.0
66,Sys_RAEv2_ref,4.62,3.85,116,0.924,0.77,0.71148,0.8400000000000001
67,User_DiT_1,5.0,4.0,116,1.0,0.8,0.8,0.888888888888889
67,User_DiT_2,5.0,3.0,116,1.0,0.6,0.6,0.7499999999999999
67,User_DiT_3,5.0,4.0,116,1.0,0.8,0.8,0.888888888888889
67,Sys_RAEv2_ref,4.82,3.65,116,0.9640000000000001,0.73,0.70372,0.8308382526564345
68,User_DiT_1,5.0,5.0,116,1.0,1.0,1.0,1.0
68,User_DiT_2,5.0,4.0,116,1.0,0.8,0.8,0.888888888888889
68,User_DiT_3,5.0,4.0,116,1.0,0.8,0.8,0.888888888888889
68,Sys_RAEv2_ref,4.92,4.85,116,0.984,0.97,0.95448,0.976949846468782
69,User_DiT_1,5.0,4.0,116,1.0,0.8,0.8,0.888888888888889
69,User_DiT_2,5.0,4.0,116,1.0,0.8,0.8,0.888888888888889
69,User_DiT_3,5.0,4.0,116,1.0,0.8,0.8,0.888888888888889
69,Sys_RAEv2_ref,4.62,3.45,116,0.924,0.6900000000000001,0.6375600000000001,0.7900371747211897
70,User_DiT_1,3.33,2.0,118,0.666,0.4,0.2664,0.499812382739212
70,User_DiT_2,4.29,3.0,118,0.858,0.6,0.5147999999999999,0.7061728395061727
70,User_DiT_3,3.57,3.0,118,0.714,0.6,0.42839999999999995,0.6520547945205478
70,Sys_RAEv2_ref,1.85,1.5,118,0.37,0.3,0.111,0.3313432835820896
71,User_DiT_1,2.14,4.0,118,0.42800000000000005,0.8,0.34240000000000004,0.5576547231270358
71,User_DiT_2,2.86,3.0,118,0.572,0.6,0.34319999999999995,0.5856655290102388
71,User_DiT_3,2.14,3.0,118,0.42800000000000005,0.6,0.25680000000000003,0.4996108949416343
71,Sys_RAEv2_ref,4.65,3.82,118,0.93,0.764,0.71052,0.8388665879574971
72,User_DiT_1,2.5,2.0,118,0.5,0.4,0.2,0.4444444444444445
72,User_DiT_2,2.5,1.0,118,0.5,0.2,0.1,0.28571428571428575
72,User_DiT_3,2.5,2.0,118,0.5,0.4,0.2,0.4444444444444445
72,Sys_RAEv2_ref,4.15,3.85,118,0.8300000000000001,0.77,0.6391000000000001,0.7988750000000001
73,User_DiT_1,5.0,4.0,118,1.0,0.8,0.8,0.888888888888889
73,User_DiT_2,5.0,4.0,118,1.0,0.8,0.8,0.888888888888889
73,User_DiT_3,5.0,5.0,118,1.0,1.0,1.0,1.0
73,Sys_RAEv2_ref,4.85,3.65,118,0.97,0.73,0.7081,0.8330588235294117
74,User_DiT_1,5.0,4.0,118,1.0,0.8,0.8,0.888888888888889
74,User_DiT_2,5.0,2.0,118,1.0,0.4,0.4,0.5714285714285715
74,User_DiT_3,5.0,4.0,118,1.0,0.8,0.8,0.888888888888889
74,Sys_RAEv2_ref,4.15,3.85,118,0.8300000000000001,0.77,0.6391000000000001,0.7988750000000001
75,User_DiT_1,3.57,2.0,129,0.714,0.4,0.2856,0.5127468581687613
75,User_DiT_2,3.57,2.0,129,0.714,0.4,0.2856,0.5127468581687613
75,User_DiT_3,3.57,2.0,129,0.714,0.4,0.2856,0.5127468581687613
75,Sys_RAEv2_ref,4.12,3.65,129,0.8240000000000001,0.73,0.60152,0.7741570141570142
76,User_DiT_1,4.29,3.0,129,0.858,0.6,0.5147999999999999,0.7061728395061727
76,User_DiT_2,2.86,2.0,129,0.572,0.4,0.2288,0.47078189300411527
76,User_DiT_3,4.29,3.0,129,0.858,0.6,0.5147999999999999,0.7061728395061727
76,Sys_RAEv2_ref,4.12,3.0,129,0.8240000000000001,0.6,0.4944,0.6943820224719102
77,User_DiT_1,4.29,4.0,129,0.858,0.8,0.6864,0.8279855247285887
77,User_DiT_2,4.29,4.0,129,0.858,0.8,0.6864,0.8279855247285887
77,User_DiT_3,4.29,4.0,129,0.858,0.8,0.6864,0.8279855247285887
77,Sys_RAEv2_ref,4.12,1.5,129,0.8240000000000001,0.3,0.2472,0.43985765124555154
78,User_DiT_1,3.57,3.0,129,0.714,0.6,0.42839999999999995,0.6520547945205478
78,User_DiT_2,3.57,2.0,129,0.714,0.4,0.2856,0.5127468581687613
78,User_DiT_3,3.57,3.0,129,0.714,0.6,0.42839999999999995,0.6520547945205478
78,Sys_RAEv2_ref,4.12,1.5,129,0.8240000000000001,0.3,0.2472,0.43985765124555154
79,User_DiT_1,3.57,4.0,129,0.714,0.8,0.5712,0.7545574636723911
79,User_DiT_2,3.57,4.0,129,0.714,0.8,0.5712,0.7545574636723911
79,User_DiT_3,3.57,4.0,129,0.714,0.8,0.5712,0.7545574636723911
79,Sys_RAEv2_ref,2.15,0.85,129,0.43,0.16999999999999998,0.0731,0.24366666666666667
80,User_DiT_1,4.44,3.0,144,0.8880000000000001,0.6,0.5328,0.7161290322580646
80,User_DiT_2,4.44,3.0,144,0.8880000000000001,0.6,0.5328,0.7161290322580646
80,User_DiT_3,4.44,2.0,144,0.8880000000000001,0.4,0.35520000000000007,0.5515527950310559
80,Sys_RAEv2_ref,4.85,4.62,144,0.97,0.924,0.89628,0.9464413938753959
81,User_DiT_1,5.0,4.0,144,1.0,0.8,0.8,0.888888888888889
81,User_DiT_2,5.0,4.0,144,1.0,0.8,0.8,0.888888888888889
81,User_DiT_3,5.0,3.0,144,1.0,0.6,0.6,0.7499999999999999
81,Sys_RAEv2_ref,4.85,1.5,144,0.97,0.3,0.291,0.458267716535433
82,User_DiT_1,4.44,3.0,144,0.8880000000000001,0.6,0.5328,0.7161290322580646
82,User_DiT_2,4.44,3.0,144,0.8880000000000001,0.6,0.5328,0.7161290322580646
82,User_DiT_3,4.38,2.0,144,0.876,0.4,0.35040000000000004,0.5492163009404389
82,Sys_RAEv2_ref,4.85,3.65,144,0.97,0.73,0.7081,0.8330588235294117
83,User_DiT_1,5.0,2.0,144,1.0,0.4,0.4,0.5714285714285715
83,User_DiT_2,5.0,2.0,144,1.0,0.4,0.4,0.5714285714285715
83,User_DiT_3,5.0,3.0,144,1.0,0.6,0.6,0.7499999999999999
83,Sys_RAEv2_ref,4.12,2.0,144,0.8240000000000001,0.4,0.32960000000000006,0.538562091503268
84,User_DiT_1,4.38,3.0,144,0.876,0.6,0.5256,0.7121951219512195
84,User_DiT_2,4.38,2.0,144,0.876,0.4,0.35040000000000004,0.5492163009404389
84,User_DiT_3,4.38,3.0,144,0.876,0.6,0.5256,0.7121951219512195
84,Sys_RAEv2_ref,4.35,1.5,144,0.8699999999999999,0.3,0.26099999999999995,0.4461538461538461
85,User_DiT_1,5.0,3.0,147,1.0,0.6,0.6,0.7499999999999999
85,User_DiT_2,5.0,3.0,147,1.0,0.6,0.6,0.7499999999999999
85,User_DiT_3,5.0,2.0,147,1.0,0.4,0.4,0.5714285714285715
85,Sys_RAEv2_ref,4.65,3.25,147,0.93,0.65,0.6045,0.7651898734177215
86,User_DiT_1,5.0,4.0,147,1.0,0.8,0.8,0.888888888888889
86,User_DiT_2,5.0,4.0,147,1.0,0.8,0.8,0.888888888888889
86,User_DiT_3,5.0,4.0,147,1.0,0.8,0.8,0.888888888888889
86,Sys_RAEv2_ref,0.12,0.85,147,0.024,0.16999999999999998,0.004079999999999999,0.04206185567010309
87,User_DiT_1,5.0,4.0,147,1.0,0.8,0.8,0.888888888888889
87,User_DiT_2,5.0,4.0,147,1.0,0.8,0.8,0.888888888888889
87,User_DiT_3,5.0,4.0,147,1.0,0.8,0.8,0.888888888888889
87,Sys_RAEv2_ref,4.85,3.65,147,0.97,0.73,0.7081,0.8330588235294117
88,User_DiT_1,5.0,4.0,147,1.0,0.8,0.8,0.888888888888889
88,User_DiT_2,5.0,4.0,147,1.0,0.8,0.8,0.888888888888889
88,User_DiT_3,5.0,5.0,147,1.0,1.0,1.0,1.0
88,Sys_RAEv2_ref,2.15,3.85,147,0.43,0.77,0.3311,0.5518333333333334
89,User_DiT_1,5.0,5.0,147,1.0,1.0,1.0,1.0
89,User_DiT_2,5.0,4.0,147,1.0,0.8,0.8,0.888888888888889
89,User_DiT_3,5.0,4.0,147,1.0,0.8,0.8,0.888888888888889
89,Sys_RAEv2_ref,4.85,3.92,147,0.97,0.784,0.76048,0.8671379703534778
90,User_DiT_1,5.0,3.0,150,1.0,0.6,0.6,0.7499999999999999
90,User_DiT_2,5.0,2.0,150,1.0,0.4,0.4,0.5714285714285715
90,User_DiT_3,5.0,3.0,150,1.0,0.6,0.6,0.7499999999999999
90,Sys_RAEv2_ref,4.12,1.5,150,0.8240000000000001,0.3,0.2472,0.43985765124555154
91,User_DiT_1,5.0,3.0,150,1.0,0.6,0.6,0.7499999999999999
91,User_DiT_2,5.0,2.0,150,1.0,0.4,0.4,0.5714285714285715
91,User_DiT_3,5.0,2.0,150,1.0,0.4,0.4,0.5714285714285715
91,Sys_RAEv2_ref,4.85,1.5,150,0.97,0.3,0.291,0.458267716535433
92,User_DiT_1,3.57,4.0,150,0.714,0.8,0.5712,0.7545574636723911
92,User_DiT_2,3.57,4.0,150,0.714,0.8,0.5712,0.7545574636723911
92,User_DiT_3,3.57,4.0,150,0.714,0.8,0.5712,0.7545574636723911
92,Sys_RAEv2_ref,3.85,2.75,150,0.77,0.55,0.42350000000000004,0.6416666666666667
93,User_DiT_1,4.17,5.0,150,0.834,1.0,0.834,0.9094874591057797
93,User_DiT_2,4.17,4.0,150,0.834,0.8,0.6672,0.8166462668298654
93,User_DiT_3,4.17,5.0,150,0.834,1.0,0.834,0.9094874591057797
93,Sys_RAEv2_ref,1.85,1.5,150,0.37,0.3,0.111,0.3313432835820896
94,User_DiT_1,4.38,4.0,150,0.876,0.8,0.7008000000000001,0.8362768496420048
94,User_DiT_2,4.38,2.0,150,0.876,0.4,0.35040000000000004,0.5492163009404389
94,User_DiT_3,4.38,3.0,150,0.876,0.6,0.5256,0.7121951219512195
94,Sys_RAEv2_ref,4.12,2.0,150,0.8240000000000001,0.4,0.32960000000000006,0.538562091503268
95,User_DiT_1,5.0,4.0,156,1.0,0.8,0.8,0.888888888888889
95,User_DiT_2,5.0,4.0,156,1.0,0.8,0.8,0.888888888888889
95,User_DiT_3,5.0,3.0,156,1.0,0.6,0.6,0.7499999999999999
95,Sys_RAEv2_ref,3.65,1.5,156,0.73,0.3,0.219,0.42524271844660194
96,User_DiT_1,5.0,3.0,156,1.0,0.6,0.6,0.7499999999999999
96,User_DiT_2,5.0,3.0,156,1.0,0.6,0.6,0.7499999999999999
96,User_DiT_3,5.0,4.0,156,1.0,0.8,0.8,0.888888888888889
96,Sys_RAEv2_ref,4.15,1.5,156,0.8300000000000001,0.3,0.249,0.44070796460176986
97,User_DiT_1,5.0,2.0,156,1.0,0.4,0.4,0.5714285714285715
97,User_DiT_2,5.0,4.0,156,1.0,0.8,0.8,0.888888888888889
97,User_DiT_3,5.0,3.0,156,1.0,0.6,0.6,0.7499999999999999
97,Sys_RAEv2_ref,4.12,2.0,156,0.8240000000000001,0.4,0.32960000000000006,0.538562091503268
98,User_DiT_1,5.0,3.0,156,1.0,0.6,0.6,0.7499999999999999
98,User_DiT_2,5.0,2.0,156,1.0,0.4,0.4,0.5714285714285715
98,User_DiT_3,5.0,2.0,156,1.0,0.4,0.4,0.5714285714285715
98,Sys_RAEv2_ref,3.85,2.0,156,0.77,0.4,0.30800000000000005,0.5264957264957266
99,User_DiT_1,5.0,4.0,156,1.0,0.8,0.8,0.888888888888889
99,User_DiT_2,5.0,3.0,156,1.0,0.6,0.6,0.7499999999999999
99,User_DiT_3,5.0,4.0,156,1.0,0.8,0.8,0.888888888888889
99,Sys_RAEv2_ref,4.82,2.0,156,0.9640000000000001,0.4,0.38560000000000005,0.5653958944281525
100,User_DiT_1,2.0,3.0,159,0.4,0.6,0.24,0.48
100,User_DiT_2,2.0,1.0,159,0.4,0.2,0.08000000000000002,0.26666666666666666
100,User_DiT_3,2.0,1.0,159,0.4,0.2,0.08000000000000002,0.26666666666666666
100,Sys_RAEv2_ref,3.65,1.5,159,0.73,0.3,0.219,0.42524271844660194
101,User_DiT_1,3.12,2.0,159,0.624,0.4,0.24960000000000002,0.48750000000000004
101,User_DiT_2,3.12,4.0,159,0.624,0.8,0.49920000000000003,0.7011235955056181
101,User_DiT_3,3.12,2.0,159,0.624,0.4,0.24960000000000002,0.48750000000000004
101,Sys_RAEv2_ref,4.92,4.95,159,0.984,0.99,0.97416,0.9869908814589666
102,User_DiT_1,5.0,3.0,159,1.0,0.6,0.6,0.7499999999999999
102,User_DiT_2,5.0,4.0,159,1.0,0.8,0.8,0.888888888888889
102,User_DiT_3,5.0,3.0,159,1.0,0.6,0.6,0.7499999999999999
102,Sys_RAEv2_ref,4.68,3.85,159,0.9359999999999999,0.77,0.72072,0.8449237983587339
103,User_DiT_1,0.0,1.0,159,0.0,0.2,0.0,0.0
103,User_DiT_2,0.0,1.0,159,0.0,0.2,0.0,0.0
103,User_DiT_3,0.83,1.0,159,0.16599999999999998,0.2,0.0332,0.1814207650273224
103,Sys_RAEv2_ref,1.85,3.62,159,0.37,0.724,0.26788,0.48972577696526515
104,User_DiT_1,2.14,1.0,159,0.42800000000000005,0.2,0.08560000000000001,0.27261146496815286
104,User_DiT_2,2.14,2.0,159,0.42800000000000005,0.4,0.17120000000000002,0.41352657004830917
104,User_DiT_3,0.0,2.0,159,0.0,0.4,0.0,0.0
104,Sys_RAEv2_ref,4.92,4.85,159,0.984,0.97,0.95448,0.976949846468782
105,User_DiT_1,5.0,2.0,281,1.0,0.4,0.4,0.5714285714285715
105,User_DiT_2,4.29,2.0,281,0.858,0.4,0.3432,0.5456279809220985
105,User_DiT_3,4.29,2.0,281,0.858,0.4,0.3432,0.5456279809220985
105,Sys_RAEv2_ref,3.45,1.5,281,0.6900000000000001,0.3,0.20700000000000002,0.4181818181818182
106,User_DiT_1,5.0,2.0,281,1.0,0.4,0.4,0.5714285714285715
106,User_DiT_2,5.0,3.0,281,1.0,0.6,0.6,0.7499999999999999
106,User_DiT_3,5.0,4.0,281,1.0,0.8,0.8,0.888888888888889
106,Sys_RAEv2_ref,4.85,2.0,281,0.97,0.4,0.388,0.5664233576642336
107,User_DiT_1,5.0,2.0,281,1.0,0.4,0.4,0.5714285714285715
107,User_DiT_2,5.0,4.0,281,1.0,0.8,0.8,0.888888888888889
107,User_DiT_3,5.0,3.0,281,1.0,0.6,0.6,0.7499999999999999
107,Sys_RAEv2_ref,4.62,1.5,281,0.924,0.3,0.2772,0.45294117647058824
108,User_DiT_1,5.0,2.0,281,1.0,0.4,0.4,0.5714285714285715
108,User_DiT_2,5.0,2.0,281,1.0,0.4,0.4,0.5714285714285715
108,User_DiT_3,5.0,4.0,281,1.0,0.8,0.8,0.888888888888889
108,Sys_RAEv2_ref,3.85,1.5,281,0.77,0.3,0.23099999999999998,0.4317757009345794
109,User_DiT_1,5.0,3.0,281,1.0,0.6,0.6,0.7499999999999999
109,User_DiT_2,5.0,3.0,281,1.0,0.6,0.6,0.7499999999999999
109,User_DiT_3,5.0,3.0,281,1.0,0.6,0.6,0.7499999999999999
109,Sys_RAEv2_ref,4.92,4.85,281,0.984,0.97,0.95448,0.976949846468782
110,User_DiT_1,5.0,5.0,300,1.0,1.0,1.0,1.0
110,User_DiT_2,5.0,5.0,300,1.0,1.0,1.0,1.0
110,User_DiT_3,5.0,5.0,300,1.0,1.0,1.0,1.0
110,Sys_RAEv2_ref,5.0,5.0,300,1.0,1.0,1.0,1.0
111,User_DiT_1,4.38,4.0,300,0.876,0.8,0.7008000000000001,0.8362768496420048
111,User_DiT_2,4.38,4.0,300,0.876,0.8,0.7008000000000001,0.8362768496420048
111,User_DiT_3,4.38,5.0,300,0.876,1.0,0.876,0.933901918976546
111,Sys_RAEv2_ref,5.0,5.0,300,1.0,1.0,1.0,1.0
112,User_DiT_1,5.0,5.0,300,1.0,1.0,1.0,1.0
112,User_DiT_2,5.0,5.0,300,1.0,1.0,1.0,1.0
112,User_DiT_3,5.0,5.0,300,1.0,1.0,1.0,1.0
112,Sys_RAEv2_ref,4.15,3.85,300,0.8300000000000001,0.77,0.6391000000000001,0.7988750000000001
113,User_DiT_1,4.38,5.0,300,0.876,1.0,0.876,0.933901918976546
113,User_DiT_2,5.0,2.0,300,1.0,0.4,0.4,0.5714285714285715
113,User_DiT_3,4.38,5.0,300,0.876,1.0,0.876,0.933901918976546
113,Sys_RAEv2_ref,4.85,4.92,300,0.97,0.984,0.95448,0.976949846468782
114,User_DiT_1,4.38,4.0,300,0.876,0.8,0.7008000000000001,0.8362768496420048
114,User_DiT_2,4.38,4.0,300,0.876,0.8,0.7008000000000001,0.8362768496420048
114,User_DiT_3,4.38,4.0,300,0.876,0.8,0.7008000000000001,0.8362768496420048
114,Sys_RAEv2_ref,5.0,5.0,300,1.0,1.0,1.0,1.0
115,User_DiT_1,5.0,5.0,322,1.0,1.0,1.0,1.0
115,User_DiT_2,5.0,4.0,322,1.0,0.8,0.8,0.888888888888889
115,User_DiT_3,5.0,4.0,322,1.0,0.8,0.8,0.888888888888889
115,Sys_RAEv2_ref,4.85,3.65,322,0.97,0.73,0.7081,0.8330588235294117
116,User_DiT_1,5.0,3.0,322,1.0,0.6,0.6,0.7499999999999999
116,User_DiT_2,5.0,5.0,322,1.0,1.0,1.0,1.0
116,User_DiT_3,5.0,5.0,322,1.0,1.0,1.0,1.0
116,Sys_RAEv2_ref,1.85,2.4,322,0.37,0.48,0.17759999999999998,0.4178823529411764
117,User_DiT_1,3.57,3.0,322,0.714,0.6,0.42839999999999995,0.6520547945205478
117,User_DiT_2,3.57,2.0,322,0.714,0.4,0.2856,0.5127468581687613
117,User_DiT_3,4.17,2.0,322,0.834,0.4,0.3336,0.5406807131280389
117,Sys_RAEv2_ref,4.85,3.82,322,0.97,0.764,0.74108,0.8547635524798154
118,User_DiT_1,5.0,4.0,322,1.0,0.8,0.8,0.888888888888889
118,User_DiT_2,3.57,2.0,322,0.714,0.4,0.2856,0.5127468581687613
118,User_DiT_3,5.0,5.0,322,1.0,1.0,1.0,1.0
118,Sys_RAEv2_ref,4.65,2.85,322,0.93,0.5700000000000001,0.5301000000000001,0.7068000000000002
119,User_DiT_1,5.0,5.0,322,1.0,1.0,1.0,1.0
119,User_DiT_2,5.0,5.0,322,1.0,1.0,1.0,1.0
119,User_DiT_3,5.0,5.0,322,1.0,1.0,1.0,1.0
119,Sys_RAEv2_ref,4.92,4.85,322,0.984,0.97,0.95448,0.976949846468782
120,User_DiT_1,3.75,4.0,330,0.75,0.8,0.6000000000000001,0.7741935483870969
120,User_DiT_2,3.75,2.0,330,0.75,0.4,0.30000000000000004,0.5217391304347827
120,User_DiT_3,3.75,3.0,330,0.75,0.6,0.44999999999999996,0.6666666666666665
120,Sys_RAEv2_ref,4.12,1.5,330,0.8240000000000001,0.3,0.2472,0.43985765124555154
121,User_DiT_1,5.0,5.0,330,1.0,1.0,1.0,1.0
121,User_DiT_2,5.0,5.0,330,1.0,1.0,1.0,1.0
121,User_DiT_3,5.0,5.0,330,1.0,1.0,1.0,1.0
121,Sys_RAEv2_ref,4.85,3.2,330,0.97,0.64,0.6208,0.7711801242236026
122,User_DiT_1,5.0,3.0,330,1.0,0.6,0.6,0.7499999999999999
122,User_DiT_2,4.29,4.0,330,0.858,0.8,0.6864,0.8279855247285887
122,User_DiT_3,5.0,3.0,330,1.0,0.6,0.6,0.7499999999999999
122,Sys_RAEv2_ref,3.42,3.65,330,0.6839999999999999,0.73,0.49931999999999993,0.7062517680339462
123,User_DiT_1,4.0,3.0,330,0.8,0.6,0.48,0.6857142857142857
123,User_DiT_2,4.0,4.0,330,0.8,0.8,0.6400000000000001,0.8000000000000002
123,User_DiT_3,4.0,4.0,330,0.8,0.8,0.6400000000000001,0.8000000000000002
123,Sys_RAEv2_ref,4.15,2.85,330,0.8300000000000001,0.5700000000000001,0.4731000000000001,0.6758571428571429
124,User_DiT_1,5.0,5.0,330,1.0,1.0,1.0,1.0
124,User_DiT_2,5.0,5.0,330,1.0,1.0,1.0,1.0
124,User_DiT_3,5.0,5.0,330,1.0,1.0,1.0,1.0
124,Sys_RAEv2_ref,3.65,3.82,330,0.73,0.764,0.55772,0.7466131191432396
125,User_DiT_1,5.0,4.0,333,1.0,0.8,0.8,0.888888888888889
125,User_DiT_2,5.0,4.0,333,1.0,0.8,0.8,0.888888888888889
125,User_DiT_3,5.0,4.0,333,1.0,0.8,0.8,0.888888888888889
125,Sys_RAEv2_ref,2.85,2.0,333,0.5700000000000001,0.4,0.22800000000000004,0.4701030927835052
126,User_DiT_1,5.0,2.0,333,1.0,0.4,0.4,0.5714285714285715
126,User_DiT_2,5.0,4.0,333,1.0,0.8,0.8,0.888888888888889
126,User_DiT_3,5.0,2.0,333,1.0,0.4,0.4,0.5714285714285715
126,Sys_RAEv2_ref,4.15,1.5,333,0.8300000000000001,0.3,0.249,0.44070796460176986
127,User_DiT_1,5.0,2.0,333,1.0,0.4,0.4,0.5714285714285715
127,User_DiT_2,5.0,2.0,333,1.0,0.4,0.4,0.5714285714285715
127,User_DiT_3,5.0,4.0,333,1.0,0.8,0.8,0.888888888888889
127,Sys_RAEv2_ref,3.42,4.15,333,0.6839999999999999,0.8300000000000001,0.56772,0.7499603698811096
128,User_DiT_1,5.0,3.0,333,1.0,0.6,0.6,0.7499999999999999
128,User_DiT_2,5.0,3.0,333,1.0,0.6,0.6,0.7499999999999999
128,User_DiT_3,5.0,3.0,333,1.0,0.6,0.6,0.7499999999999999
128,Sys_RAEv2_ref,4.65,4.12,333,0.93,0.8240000000000001,0.7663200000000001,0.8737970353477766
129,User_DiT_1,5.0,2.0,333,1.0,0.4,0.4,0.5714285714285715
129,User_DiT_2,4.17,1.0,333,0.834,0.2,0.1668,0.3226305609284333
129,User_DiT_3,4.17,2.0,333,0.834,0.4,0.3336,0.5406807131280389
129,Sys_RAEv2_ref,4.65,2.85,333,0.93,0.5700000000000001,0.5301000000000001,0.7068000000000002
130,User_DiT_1,5.0,3.0,339,1.0,0.6,0.6,0.7499999999999999
130,User_DiT_2,5.0,4.0,339,1.0,0.8,0.8,0.888888888888889
130,User_DiT_3,4.38,5.0,339,0.876,1.0,0.876,0.933901918976546
130,Sys_RAEv2_ref,3.85,3.92,339,0.77,0.784,0.60368,0.7769369369369369
131,User_DiT_1,2.5,4.0,339,0.5,0.8,0.4,0.6153846153846154
131,User_DiT_2,4.38,4.0,339,0.876,0.8,0.7008000000000001,0.8362768496420048
131,User_DiT_3,2.5,4.0,339,0.5,0.8,0.4,0.6153846153846154
131,Sys_RAEv2_ref,3.15,2.85,339,0.63,0.5700000000000001,0.35910000000000003,0.5984999999999999
132,User_DiT_1,5.0,4.0,339,1.0,0.8,0.8,0.888888888888889
132,User_DiT_2,5.0,2.0,339,1.0,0.4,0.4,0.5714285714285715
132,User_DiT_3,5.0,4.0,339,1.0,0.8,0.8,0.888888888888889
132,Sys_RAEv2_ref,4.12,3.85,339,0.8240000000000001,0.77,0.63448,0.7960853199498118
133,User_DiT_1,4.38,5.0,339,0.876,1.0,0.876,0.933901918976546
133,User_DiT_2,4.38,4.0,339,0.876,0.8,0.7008000000000001,0.8362768496420048
133,User_DiT_3,4.38,5.0,339,0.876,1.0,0.876,0.933901918976546
133,Sys_RAEv2_ref,4.12,1.5,339,0.8240000000000001,0.3,0.2472,0.43985765124555154
134,User_DiT_1,5.0,5.0,339,1.0,1.0,1.0,1.0
134,User_DiT_2,5.0,4.0,339,1.0,0.8,0.8,0.888888888888889
134,User_DiT_3,5.0,4.0,339,1.0,0.8,0.8,0.888888888888889
134,Sys_RAEv2_ref,4.85,4.2,339,0.97,0.8400000000000001,0.8148000000000001,0.9003314917127072
135,User_DiT_1,5.0,5.0,347,1.0,1.0,1.0,1.0
135,User_DiT_2,5.0,5.0,347,1.0,1.0,1.0,1.0
135,User_DiT_3,5.0,5.0,347,1.0,1.0,1.0,1.0
135,Sys_RAEv2_ref,4.65,3.85,347,0.93,0.77,0.7161000000000001,0.8424705882352941
136,User_DiT_1,5.0,5.0,347,1.0,1.0,1.0,1.0
136,User_DiT_2,5.0,3.0,347,1.0,0.6,0.6,0.7499999999999999
136,User_DiT_3,5.0,5.0,347,1.0,1.0,1.0,1.0
136,Sys_RAEv2_ref,4.85,2.0,347,0.97,0.4,0.388,0.5664233576642336
137,User_DiT_1,5.0,4.0,347,1.0,0.8,0.8,0.888888888888889
137,User_DiT_2,5.0,4.0,347,1.0,0.8,0.8,0.888888888888889
137,User_DiT_3,5.0,4.0,347,1.0,0.8,0.8,0.888888888888889
137,Sys_RAEv2_ref,4.62,2.0,347,0.924,0.4,0.36960000000000004,0.5583081570996979
138,User_DiT_1,5.0,4.0,347,1.0,0.8,0.8,0.888888888888889
138,User_DiT_2,5.0,3.0,347,1.0,0.6,0.6,0.7499999999999999
138,User_DiT_3,5.0,3.0,347,1.0,0.6,0.6,0.7499999999999999
138,Sys_RAEv2_ref,4.82,4.91,347,0.9640000000000001,0.982,0.946648,0.9729167523124357
139,User_DiT_1,5.0,2.0,347,1.0,0.4,0.4,0.5714285714285715
139,User_DiT_2,5.0,2.0,347,1.0,0.4,0.4,0.5714285714285715
139,User_DiT_3,5.0,3.0,347,1.0,0.6,0.6,0.7499999999999999
139,Sys_RAEv2_ref,4.85,1.5,347,0.97,0.3,0.291,0.458267716535433
140,User_DiT_1,4.38,2.0,356,0.876,0.4,0.35040000000000004,0.5492163009404389
140,User_DiT_2,4.38,2.0,356,0.876,0.4,0.35040000000000004,0.5492163009404389
140,User_DiT_3,4.44,2.0,356,0.8880000000000001,0.4,0.35520000000000007,0.5515527950310559
140,Sys_RAEv2_ref,3.82,1.5,356,0.764,0.3,0.2292,0.4308270676691729
141,User_DiT_1,4.17,3.0,356,0.834,0.6,0.5004,0.697907949790795
141,User_DiT_2,4.17,3.0,356,0.834,0.6,0.5004,0.697907949790795
141,User_DiT_3,4.17,2.0,356,0.834,0.4,0.3336,0.5406807131280389
141,Sys_RAEv2_ref,1.45,2.0,356,0.29,0.4,0.11599999999999999,0.336231884057971
142,User_DiT_1,5.0,3.0,356,1.0,0.6,0.6,0.7499999999999999
142,User_DiT_2,5.0,2.0,356,1.0,0.4,0.4,0.5714285714285715
142,User_DiT_3,5.0,2.0,356,1.0,0.4,0.4,0.5714285714285715
142,Sys_RAEv2_ref,4.72,3.85,356,0.944,0.77,0.72688,0.8481680280046674
143,User_DiT_1,4.17,2.0,356,0.834,0.4,0.3336,0.5406807131280389
143,User_DiT_2,5.0,2.0,356,1.0,0.4,0.4,0.5714285714285715
143,User_DiT_3,5.0,4.0,356,1.0,0.8,0.8,0.888888888888889
143,Sys_RAEv2_ref,4.85,3.72,356,0.97,0.744,0.72168,0.842100350058343
144,User_DiT_1,5.0,2.0,356,1.0,0.4,0.4,0.5714285714285715
144,User_DiT_2,5.0,2.0,356,1.0,0.4,0.4,0.5714285714285715
144,User_DiT_3,5.0,2.0,356,1.0,0.4,0.4,0.5714285714285715
144,Sys_RAEv2_ref,3.82,1.5,356,0.764,0.3,0.2292,0.4308270676691729
145,User_DiT_1,3.57,5.0,365,0.714,1.0,0.714,0.8331388564760793
145,User_DiT_2,3.57,5.0,365,0.714,1.0,0.714,0.8331388564760793
145,User_DiT_3,3.57,5.0,365,0.714,1.0,0.714,0.8331388564760793
145,Sys_RAEv2_ref,4.15,2.0,365,0.8300000000000001,0.4,0.3320000000000001,0.5398373983739838
146,User_DiT_1,5.0,4.0,365,1.0,0.8,0.8,0.888888888888889
146,User_DiT_2,5.0,2.0,365,1.0,0.4,0.4,0.5714285714285715
146,User_DiT_3,5.0,2.0,365,1.0,0.4,0.4,0.5714285714285715
146,Sys_RAEv2_ref,4.68,3.0,365,0.9359999999999999,0.6,0.5616,0.73125
147,User_DiT_1,4.29,2.0,365,0.858,0.4,0.3432,0.5456279809220985
147,User_DiT_2,4.29,3.0,365,0.858,0.6,0.5147999999999999,0.7061728395061727
147,User_DiT_3,4.17,2.0,365,0.834,0.4,0.3336,0.5406807131280389
147,Sys_RAEv2_ref,4.68,1.5,365,0.9359999999999999,0.3,0.2808,0.45436893203883494
148,User_DiT_1,3.33,4.0,365,0.666,0.8,0.5328,0.7268758526603001
148,User_DiT_2,3.33,4.0,365,0.666,0.8,0.5328,0.7268758526603001
148,User_DiT_3,3.75,3.0,365,0.75,0.6,0.44999999999999996,0.6666666666666665
148,Sys_RAEv2_ref,4.82,1.5,365,0.9640000000000001,0.3,0.2892,0.45759493670886076
149,User_DiT_1,5.0,4.0,365,1.0,0.8,0.8,0.888888888888889
149,User_DiT_2,5.0,3.0,365,1.0,0.6,0.6,0.7499999999999999
149,User_DiT_3,5.0,4.0,365,1.0,0.8,0.8,0.888888888888889
149,Sys_RAEv2_ref,4.82,1.5,365,0.9640000000000001,0.3,0.2892,0.45759493670886076
150,User_DiT_1,5.0,3.0,370,1.0,0.6,0.6,0.7499999999999999
150,User_DiT_2,5.0,2.0,370,1.0,0.4,0.4,0.5714285714285715
150,User_DiT_3,5.0,2.0,370,1.0,0.4,0.4,0.5714285714285715
150,Sys_RAEv2_ref,4.82,4.65,370,0.9640000000000001,0.93,0.8965200000000001,0.9466948257655755
151,User_DiT_1,5.0,4.0,370,1.0,0.8,0.8,0.888888888888889
151,User_DiT_2,5.0,4.0,370,1.0,0.8,0.8,0.888888888888889
151,User_DiT_3,5.0,2.0,370,1.0,0.4,0.4,0.5714285714285715
151,Sys_RAEv2_ref,4.82,1.5,370,0.9640000000000001,0.3,0.2892,0.45759493670886076
152,User_DiT_1,4.17,2.0,370,0.834,0.4,0.3336,0.5406807131280389
152,User_DiT_2,4.17,2.0,370,0.834,0.4,0.3336,0.5406807131280389
152,User_DiT_3,5.0,2.0,370,1.0,0.4,0.4,0.5714285714285715
152,Sys_RAEv2_ref,3.85,1.5,370,0.77,0.3,0.23099999999999998,0.4317757009345794
153,User_DiT_1,5.0,5.0,370,1.0,1.0,1.0,1.0
153,User_DiT_2,5.0,5.0,370,1.0,1.0,1.0,1.0
153,User_DiT_3,5.0,5.0,370,1.0,1.0,1.0,1.0
153,Sys_RAEv2_ref,4.62,1.5,370,0.924,0.3,0.2772,0.45294117647058824
154,User_DiT_1,5.0,2.0,370,1.0,0.4,0.4,0.5714285714285715
154,User_DiT_2,5.0,2.0,370,1.0,0.4,0.4,0.5714285714285715
154,User_DiT_3,5.0,2.0,370,1.0,0.4,0.4,0.5714285714285715
154,Sys_RAEv2_ref,5.0,5.0,370,1.0,1.0,1.0,1.0
155,User_DiT_1,1.67,3.0,389,0.33399999999999996,0.6,0.20039999999999997,0.42912205567451817
155,User_DiT_2,2.78,2.0,389,0.5559999999999999,0.4,0.2224,0.46527196652719666
155,User_DiT_3,1.67,2.0,389,0.33399999999999996,0.4,0.1336,0.3640326975476839
155,Sys_RAEv2_ref,1.25,2.0,389,0.25,0.4,0.1,0.3076923076923077
156,User_DiT_1,2.78,3.0,389,0.5559999999999999,0.6,0.33359999999999995,0.5771626297577854
156,User_DiT_2,1.67,3.0,389,0.33399999999999996,0.6,0.20039999999999997,0.42912205567451817
156,User_DiT_3,1.67,3.0,389,0.33399999999999996,0.6,0.20039999999999997,0.42912205567451817
156,Sys_RAEv2_ref,2.85,3.6,389,0.5700000000000001,0.72,0.41040000000000004,0.6362790697674419
157,User_DiT_1,1.67,2.0,389,0.33399999999999996,0.4,0.1336,0.3640326975476839
157,User_DiT_2,1.67,4.0,389,0.33399999999999996,0.8,0.2672,0.47125220458553796
157,User_DiT_3,1.67,2.0,389,0.33399999999999996,0.4,0.1336,0.3640326975476839
157,Sys_RAEv2_ref,1.85,2.9,389,0.37,0.58,0.21459999999999999,0.4517894736842105
158,User_DiT_1,1.11,2.0,389,0.22200000000000003,0.4,0.08880000000000002,0.28553054662379423
158,User_DiT_2,1.11,3.0,389,0.22200000000000003,0.6,0.1332,0.32408759124087594
158,User_DiT_3,1.67,3.0,389,0.33399999999999996,0.6,0.20039999999999997,0.42912205567451817
158,Sys_RAEv2_ref,1.15,1.85,389,0.22999999999999998,0.37,0.0851,0.2836666666666667
159,User_DiT_1,2.78,1.0,389,0.5559999999999999,0.2,0.1112,0.29417989417989415
159,User_DiT_2,1.67,2.0,389,0.33399999999999996,0.4,0.1336,0.3640326975476839
159,User_DiT_3,2.22,3.0,389,0.44400000000000006,0.6,0.2664,0.5103448275862069
159,Sys_RAEv2_ref,3.82,2.65,389,0.764,0.53,0.40492,0.6258423493044822
160,User_DiT_1,5.0,5.0,392,1.0,1.0,1.0,1.0
160,User_DiT_2,5.0,5.0,392,1.0,1.0,1.0,1.0
160,User_DiT_3,5.0,4.0,392,1.0,0.8,0.8,0.888888888888889
160,Sys_RAEv2_ref,2.85,2.1,392,0.5700000000000001,0.42000000000000004,0.23940000000000006,0.4836363636363637
161,User_DiT_1,5.0,3.0,392,1.0,0.6,0.6,0.7499999999999999
161,User_DiT_2,5.0,4.0,392,1.0,0.8,0.8,0.888888888888889
161,User_DiT_3,5.0,4.0,392,1.0,0.8,0.8,0.888888888888889
161,Sys_RAEv2_ref,2.85,3.15,392,0.5700000000000001,0.63,0.35910000000000003,0.5984999999999999
162,User_DiT_1,3.57,4.0,392,0.714,0.8,0.5712,0.7545574636723911
162,User_DiT_2,3.57,2.0,392,0.714,0.4,0.2856,0.5127468581687613
162,User_DiT_3,4.29,3.0,392,0.858,0.6,0.5147999999999999,0.7061728395061727
162,Sys_RAEv2_ref,4.85,3.62,392,0.97,0.724,0.7022799999999999,0.8291381345926799
163,User_DiT_1,4.29,3.0,392,0.858,0.6,0.5147999999999999,0.7061728395061727
163,User_DiT_2,4.29,4.0,392,0.858,0.8,0.6864,0.8279855247285887
163,User_DiT_3,4.29,4.0,392,0.858,0.8,0.6864,0.8279855247285887
163,Sys_RAEv2_ref,4.82,4.35,392,0.9640000000000001,0.8699999999999999,0.83868,0.9145910577971647
164,User_DiT_1,5.0,4.0,392,1.0,0.8,0.8,0.888888888888889
164,User_DiT_2,5.0,3.0,392,1.0,0.6,0.6,0.7499999999999999
164,User_DiT_3,5.0,3.0,392,1.0,0.6,0.6,0.7499999999999999
164,Sys_RAEv2_ref,4.85,3.65,392,0.97,0.73,0.7081,0.8330588235294117
165,User_DiT_1,5.0,2.0,394,1.0,0.4,0.4,0.5714285714285715
165,User_DiT_2,5.0,2.0,394,1.0,0.4,0.4,0.5714285714285715
165,User_DiT_3,5.0,2.0,394,1.0,0.4,0.4,0.5714285714285715
165,Sys_RAEv2_ref,4.98,4.92,394,0.9960000000000001,0.984,0.980064,0.9899636363636364
166,User_DiT_1,5.0,4.0,394,1.0,0.8,0.8,0.888888888888889
166,User_DiT_2,5.0,3.0,394,1.0,0.6,0.6,0.7499999999999999
166,User_DiT_3,5.0,4.0,394,1.0,0.8,0.8,0.888888888888889
166,Sys_RAEv2_ref,4.72,3.85,394,0.944,0.77,0.72688,0.8481680280046674
167,User_DiT_1,5.0,4.0,394,1.0,0.8,0.8,0.888888888888889
167,User_DiT_2,5.0,4.0,394,1.0,0.8,0.8,0.888888888888889
167,User_DiT_3,4.0,3.0,394,0.8,0.6,0.48,0.6857142857142857
167,Sys_RAEv2_ref,4.12,2.85,394,0.8240000000000001,0.5700000000000001,0.4696800000000001,0.6738593974175037
168,User_DiT_1,5.0,3.0,394,1.0,0.6,0.6,0.7499999999999999
168,User_DiT_2,5.0,3.0,394,1.0,0.6,0.6,0.7499999999999999
168,User_DiT_3,5.0,3.0,394,1.0,0.6,0.6,0.7499999999999999
168,Sys_RAEv2_ref,4.92,4.15,394,0.984,0.8300000000000001,0.8167200000000001,0.9004630650496142
169,User_DiT_1,3.75,1.0,394,0.75,0.2,0.15000000000000002,0.31578947368421056
169,User_DiT_2,5.0,1.0,394,1.0,0.2,0.2,0.33333333333333337
169,User_DiT_3,3.0,1.0,394,0.6,0.2,0.12,0.3
169,Sys_RAEv2_ref,1.85,2.1,394,0.37,0.42000000000000004,0.1554,0.39341772151898735
170,User_DiT_1,5.0,4.0,396,1.0,0.8,0.8,0.888888888888889
170,User_DiT_2,5.0,4.0,396,1.0,0.8,0.8,0.888888888888889
170,User_DiT_3,5.0,5.0,396,1.0,1.0,1.0,1.0
170,Sys_RAEv2_ref,4.92,4.98,396,0.984,0.9960000000000001,0.980064,0.9899636363636364
171,User_DiT_1,5.0,4.0,396,1.0,0.8,0.8,0.888888888888889
171,User_DiT_2,5.0,4.0,396,1.0,0.8,0.8,0.888888888888889
171,User_DiT_3,5.0,5.0,396,1.0,1.0,1.0,1.0
171,Sys_RAEv2_ref,4.98,4.96,396,0.9960000000000001,0.992,0.9880320000000001,0.9939959758551309
172,User_DiT_1,4.29,4.0,396,0.858,0.8,0.6864,0.8279855247285887
172,User_DiT_2,5.0,4.0,396,1.0,0.8,0.8,0.888888888888889
172,User_DiT_3,5.0,4.0,396,1.0,0.8,0.8,0.888888888888889
172,Sys_RAEv2_ref,4.85,3.65,396,0.97,0.73,0.7081,0.8330588235294117
173,User_DiT_1,5.0,4.0,396,1.0,0.8,0.8,0.888888888888889
173,User_DiT_2,5.0,4.0,396,1.0,0.8,0.8,0.888888888888889
173,User_DiT_3,5.0,5.0,396,1.0,1.0,1.0,1.0
173,Sys_RAEv2_ref,4.92,4.95,396,0.984,0.99,0.97416,0.9869908814589666
174,User_DiT_1,5.0,4.0,396,1.0,0.8,0.8,0.888888888888889
174,User_DiT_2,5.0,4.0,396,1.0,0.8,0.8,0.888888888888889
174,User_DiT_3,5.0,3.0,396,1.0,0.6,0.6,0.7499999999999999
174,Sys_RAEv2_ref,4.85,4.72,396,0.97,0.944,0.9156799999999999,0.9568234064785789
175,User_DiT_1,5.0,1.0,400,1.0,0.2,0.2,0.33333333333333337
175,User_DiT_2,5.0,1.0,400,1.0,0.2,0.2,0.33333333333333337
175,User_DiT_3,5.0,1.0,400,1.0,0.2,0.2,0.33333333333333337
175,Sys_RAEv2_ref,3.42,1.5,400,0.6839999999999999,0.3,0.20519999999999997,0.41707317073170724
176,User_DiT_1,5.0,1.0,400,1.0,0.2,0.2,0.33333333333333337
176,User_DiT_2,5.0,2.0,400,1.0,0.4,0.4,0.5714285714285715
176,User_DiT_3,5.0,1.0,400,1.0,0.2,0.2,0.33333333333333337
176,Sys_RAEv2_ref,4.12,1.5,400,0.8240000000000001,0.3,0.2472,0.43985765124555154
177,User_DiT_1,4.44,2.0,400,0.8880000000000001,0.4,0.35520000000000007,0.5515527950310559
177,User_DiT_2,5.0,1.0,400,1.0,0.2,0.2,0.33333333333333337
177,User_DiT_3,5.0,2.0,400,1.0,0.4,0.4,0.5714285714285715
177,Sys_RAEv2_ref,2.35,1.5,400,0.47000000000000003,0.3,0.14100000000000001,0.36623376623376624
178,User_DiT_1,5.0,4.0,400,1.0,0.8,0.8,0.888888888888889
178,User_DiT_2,0.0,4.0,400,0.0,0.8,0.0,0.0
178,User_DiT_3,5.0,3.0,400,1.0,0.6,0.6,0.7499999999999999
178,Sys_RAEv2_ref,2.85,1.5,400,0.5700000000000001,0.3,0.171,0.3931034482758621
179,User_DiT_1,5.0,2.0,400,1.0,0.4,0.4,0.5714285714285715
179,User_DiT_2,5.0,1.0,400,1.0,0.2,0.2,0.33333333333333337
179,User_DiT_3,3.89,1.0,400,0.778,0.2,0.15560000000000002,0.31820040899795504
179,Sys_RAEv2_ref,4.65,2.85,400,0.93,0.5700000000000001,0.5301000000000001,0.7068000000000002
180,User_DiT_1,0.0,3.0,405,0.0,0.6,0.0,0.0
180,User_DiT_2,3.89,4.0,405,0.778,0.8,0.6224000000000001,0.7888466413181242
180,User_DiT_3,4.44,3.0,405,0.8880000000000001,0.6,0.5328,0.7161290322580646
180,Sys_RAEv2_ref,4.85,3.65,405,0.97,0.73,0.7081,0.8330588235294117
181,User_DiT_1,4.44,4.0,405,0.8880000000000001,0.8,0.7104000000000001,0.8417061611374408
181,User_DiT_2,4.44,4.0,405,0.8880000000000001,0.8,0.7104000000000001,0.8417061611374408
181,User_DiT_3,4.44,4.0,405,0.8880000000000001,0.8,0.7104000000000001,0.8417061611374408
181,Sys_RAEv2_ref,4.85,4.2,405,0.97,0.8400000000000001,0.8148000000000001,0.9003314917127072
182,User_DiT_1,5.0,2.0,405,1.0,0.4,0.4,0.5714285714285715
182,User_DiT_2,5.0,4.0,405,1.0,0.8,0.8,0.888888888888889
182,User_DiT_3,3.57,4.0,405,0.714,0.8,0.5712,0.7545574636723911
182,Sys_RAEv2_ref,2.85,2.1,405,0.5700000000000001,0.42000000000000004,0.23940000000000006,0.4836363636363637
183,User_DiT_1,2.78,2.0,405,0.5559999999999999,0.4,0.2224,0.46527196652719666
183,User_DiT_2,1.11,1.0,405,0.22200000000000003,0.2,0.04440000000000001,0.2104265402843602
183,User_DiT_3,1.11,2.0,405,0.22200000000000003,0.4,0.08880000000000002,0.28553054662379423
183,Sys_RAEv2_ref,0.12,4.85,405,0.024,0.97,0.02328,0.04684104627766599
184,User_DiT_1,4.44,2.0,405,0.8880000000000001,0.4,0.35520000000000007,0.5515527950310559
184,User_DiT_2,4.44,2.0,405,0.8880000000000001,0.4,0.35520000000000007,0.5515527950310559
184,User_DiT_3,3.33,2.0,405,0.666,0.4,0.2664,0.499812382739212
184,Sys_RAEv2_ref,1.85,2.1,405,0.37,0.42000000000000004,0.1554,0.39341772151898735
185,User_DiT_1,5.0,3.0,406,1.0,0.6,0.6,0.7499999999999999
185,User_DiT_2,5.0,4.0,406,1.0,0.8,0.8,0.888888888888889
185,User_DiT_3,5.0,4.0,406,1.0,0.8,0.8,0.888888888888889
185,Sys_RAEv2_ref,4.92,3.85,406,0.984,0.77,0.75768,0.863945267958951
186,User_DiT_1,5.0,4.0,406,1.0,0.8,0.8,0.888888888888889
186,User_DiT_2,5.0,4.0,406,1.0,0.8,0.8,0.888888888888889
186,User_DiT_3,5.0,3.0,406,1.0,0.6,0.6,0.7499999999999999
186,Sys_RAEv2_ref,4.92,4.15,406,0.984,0.8300000000000001,0.8167200000000001,0.9004630650496142
187,User_DiT_1,3.33,5.0,406,0.666,1.0,0.666,0.7995198079231693
187,User_DiT_2,5.0,5.0,406,1.0,1.0,1.0,1.0
187,User_DiT_3,5.0,5.0,406,1.0,1.0,1.0,1.0
187,Sys_RAEv2_ref,4.85,3.72,406,0.97,0.744,0.72168,0.842100350058343
188,User_DiT_1,5.0,3.0,406,1.0,0.6,0.6,0.7499999999999999
188,User_DiT_2,5.0,3.0,406,1.0,0.6,0.6,0.7499999999999999
188,User_DiT_3,5.0,3.0,406,1.0,0.6,0.6,0.7499999999999999
188,Sys_RAEv2_ref,2.15,4.82,406,0.43,0.9640000000000001,0.41452000000000006,0.5947202295552367
189,User_DiT_1,5.0,3.0,406,1.0,0.6,0.6,0.7499999999999999
189,User_DiT_2,5.0,3.0,406,1.0,0.6,0.6,0.7499999999999999
189,User_DiT_3,5.0,3.0,406,1.0,0.6,0.6,0.7499999999999999
189,Sys_RAEv2_ref,5.0,5.0,406,1.0,1.0,1.0,1.0
190,User_DiT_1,3.33,3.0,413,0.666,0.6,0.3996,0.6312796208530805
190,User_DiT_2,3.33,3.0,413,0.666,0.6,0.3996,0.6312796208530805
190,User_DiT_3,3.33,4.0,413,0.666,0.8,0.5328,0.7268758526603001
190,Sys_RAEv2_ref,4.65,2.85,413,0.93,0.5700000000000001,0.5301000000000001,0.7068000000000002
191,User_DiT_1,3.12,1.0,413,0.624,0.2,0.12480000000000001,0.3029126213592233
191,User_DiT_2,3.57,1.0,413,0.714,0.2,0.1428,0.31247264770240707
191,User_DiT_3,3.57,1.0,413,0.714,0.2,0.1428,0.31247264770240707
191,Sys_RAEv2_ref,4.15,3.62,413,0.8300000000000001,0.724,0.60092,0.7733848133848134
192,User_DiT_1,2.78,4.0,413,0.5559999999999999,0.8,0.4448,0.656047197640118
192,User_DiT_2,5.0,4.0,413,1.0,0.8,0.8,0.888888888888889
192,User_DiT_3,5.0,3.0,413,1.0,0.6,0.6,0.7499999999999999
192,Sys_RAEv2_ref,0.15,1.85,413,0.03,0.37,0.011099999999999999,0.055499999999999994
193,User_DiT_1,5.0,3.0,413,1.0,0.6,0.6,0.7499999999999999
193,User_DiT_2,5.0,3.0,413,1.0,0.6,0.6,0.7499999999999999
193,User_DiT_3,5.0,3.0,413,1.0,0.6,0.6,0.7499999999999999
193,Sys_RAEv2_ref,5.0,5.0,413,1.0,1.0,1.0,1.0
194,User_DiT_1,0.0,2.0,413,0.0,0.4,0.0,0.0
194,User_DiT_2,0.0,1.0,413,0.0,0.2,0.0,0.0
194,User_DiT_3,0.56,2.0,413,0.11200000000000002,0.4,0.044800000000000006,0.17500000000000002
194,Sys_RAEv2_ref,4.85,3.75,413,0.97,0.75,0.7275,0.8459302325581396
195,User_DiT_1,3.33,2.0,415,0.666,0.4,0.2664,0.499812382739212
195,User_DiT_2,1.67,2.0,415,0.33399999999999996,0.4,0.1336,0.3640326975476839
195,User_DiT_3,4.38,2.0,415,0.876,0.4,0.35040000000000004,0.5492163009404389
195,Sys_RAEv2_ref,3.85,2.15,415,0.77,0.43,0.3311,0.5518333333333334
196,User_DiT_1,3.89,3.0,415,0.778,0.6,0.4668,0.6775036284470246
196,User_DiT_2,3.89,3.0,415,0.778,0.6,0.4668,0.6775036284470246
196,User_DiT_3,3.89,3.0,415,0.778,0.6,0.4668,0.6775036284470246
196,Sys_RAEv2_ref,0.85,1.2,415,0.16999999999999998,0.24,0.040799999999999996,0.19902439024390242
197,User_DiT_1,4.17,2.0,415,0.834,0.4,0.3336,0.5406807131280389
197,User_DiT_2,4.17,2.0,415,0.834,0.4,0.3336,0.5406807131280389
197,User_DiT_3,5.0,2.0,415,1.0,0.4,0.4,0.5714285714285715
197,Sys_RAEv2_ref,4.85,1.2,415,0.97,0.24,0.23279999999999998,0.384793388429752
198,User_DiT_1,4.29,3.0,415,0.858,0.6,0.5147999999999999,0.7061728395061727
198,User_DiT_2,4.29,4.0,415,0.858,0.8,0.6864,0.8279855247285887
198,User_DiT_3,4.29,2.0,415,0.858,0.4,0.3432,0.5456279809220985
198,Sys_RAEv2_ref,4.15,2.85,415,0.8300000000000001,0.5700000000000001,0.4731000000000001,0.6758571428571429
199,User_DiT_1,5.0,2.0,415,1.0,0.4,0.4,0.5714285714285715
199,User_DiT_2,1.67,2.0,415,0.33399999999999996,0.4,0.1336,0.3640326975476839
199,User_DiT_3,3.33,2.0,415,0.666,0.4,0.2664,0.499812382739212
199,Sys_RAEv2_ref,3.42,2.15,415,0.6839999999999999,0.43,0.29412,0.5280430879712747
200,User_DiT_1,5.0,4.0,419,1.0,0.8,0.8,0.888888888888889
200,User_DiT_2,5.0,4.0,419,1.0,0.8,0.8,0.888888888888889
200,User_DiT_3,5.0,2.0,419,1.0,0.4,0.4,0.5714285714285715
200,Sys_RAEv2_ref,4.35,1.5,419,0.8699999999999999,0.3,0.26099999999999995,0.4461538461538461
201,User_DiT_1,3.75,2.0,419,0.75,0.4,0.30000000000000004,0.5217391304347827
201,User_DiT_2,3.75,4.0,419,0.75,0.8,0.6000000000000001,0.7741935483870969
201,User_DiT_3,5.0,4.0,419,1.0,0.8,0.8,0.888888888888889
201,Sys_RAEv2_ref,2.15,1.5,419,0.43,0.3,0.129,0.35342465753424657
202,User_DiT_1,0.0,1.0,419,0.0,0.2,0.0,0.0
202,User_DiT_2,5.0,1.0,419,1.0,0.2,0.2,0.33333333333333337
202,User_DiT_3,0.0,2.0,419,0.0,0.4,0.0,0.0
202,Sys_RAEv2_ref,0.15,1.2,419,0.03,0.24,0.0072,0.05333333333333333
203,User_DiT_1,2.86,1.0,419,0.572,0.2,0.1144,0.29637305699481864
203,User_DiT_2,5.0,2.0,419,1.0,0.4,0.4,0.5714285714285715
203,User_DiT_3,5.0,2.0,419,1.0,0.4,0.4,0.5714285714285715
203,Sys_RAEv2_ref,4.85,3.2,419,0.97,0.64,0.6208,0.7711801242236026
204,User_DiT_1,4.0,1.0,419,0.8,0.2,0.16000000000000003,0.32000000000000006
204,User_DiT_2,5.0,4.0,419,1.0,0.8,0.8,0.888888888888889
204,User_DiT_3,5.0,4.0,419,1.0,0.8,0.8,0.888888888888889
204,Sys_RAEv2_ref,4.65,1.5,419,0.93,0.3,0.279,0.4536585365853659
205,User_DiT_1,2.78,2.0,421,0.5559999999999999,0.4,0.2224,0.46527196652719666
205,User_DiT_2,3.33,1.0,421,0.666,0.2,0.1332,0.30762124711316396
205,User_DiT_3,0.0,2.0,421,0.0,0.4,0.0,0.0
205,Sys_RAEv2_ref,4.65,4.92,421,0.93,0.984,0.91512,0.9562382445141066
206,User_DiT_1,3.12,3.0,421,0.624,0.6,0.3744,0.611764705882353
206,User_DiT_2,3.12,2.0,421,0.624,0.4,0.24960000000000002,0.48750000000000004
206,User_DiT_3,5.0,3.0,421,1.0,0.6,0.6,0.7499999999999999
206,Sys_RAEv2_ref,4.85,3.65,421,0.97,0.73,0.7081,0.8330588235294117
207,User_DiT_1,3.12,3.0,421,0.624,0.6,0.3744,0.611764705882353
207,User_DiT_2,3.12,3.0,421,0.624,0.6,0.3744,0.611764705882353
207,User_DiT_3,5.0,3.0,421,1.0,0.6,0.6,0.7499999999999999
207,Sys_RAEv2_ref,3.45,2.85,421,0.6900000000000001,0.5700000000000001,0.3933000000000001,0.6242857142857143
208,User_DiT_1,4.44,2.0,421,0.8880000000000001,0.4,0.35520000000000007,0.5515527950310559
208,User_DiT_2,5.0,2.0,421,1.0,0.4,0.4,0.5714285714285715
208,User_DiT_3,4.44,2.0,421,0.8880000000000001,0.4,0.35520000000000007,0.5515527950310559
208,Sys_RAEv2_ref,4.15,3.62,421,0.8300000000000001,0.724,0.60092,0.7733848133848134
209,User_DiT_1,5.0,4.0,421,1.0,0.8,0.8,0.888888888888889
209,User_DiT_2,5.0,3.0,421,1.0,0.6,0.6,0.7499999999999999
209,User_DiT_3,3.89,3.0,421,0.778,0.6,0.4668,0.6775036284470246
209,Sys_RAEv2_ref,3.45,2.85,421,0.6900000000000001,0.5700000000000001,0.3933000000000001,0.6242857142857143
210,User_DiT_1,3.12,3.0,426,0.624,0.6,0.3744,0.611764705882353
210,User_DiT_2,3.75,3.0,426,0.75,0.6,0.44999999999999996,0.6666666666666665
210,User_DiT_3,3.75,2.0,426,0.75,0.4,0.30000000000000004,0.5217391304347827
210,Sys_RAEv2_ref,4.12,2.35,426,0.8240000000000001,0.47000000000000003,0.38728000000000007,0.5985780525502319
211,User_DiT_1,3.12,1.0,426,0.624,0.2,0.12480000000000001,0.3029126213592233
211,User_DiT_2,3.12,1.0,426,0.624,0.2,0.12480000000000001,0.3029126213592233
211,User_DiT_3,3.12,2.0,426,0.624,0.4,0.24960000000000002,0.48750000000000004
211,Sys_RAEv2_ref,2.85,1.65,426,0.5700000000000001,0.32999999999999996,0.1881,0.418
212,User_DiT_1,3.12,2.0,426,0.624,0.4,0.24960000000000002,0.48750000000000004
212,User_DiT_2,3.12,2.0,426,0.624,0.4,0.24960000000000002,0.48750000000000004
212,User_DiT_3,2.86,3.0,426,0.572,0.6,0.34319999999999995,0.5856655290102388
212,Sys_RAEv2_ref,1.85,1.65,426,0.37,0.32999999999999996,0.12209999999999999,0.34885714285714287
213,User_DiT_1,3.12,3.0,426,0.624,0.6,0.3744,0.611764705882353
213,User_DiT_2,3.12,3.0,426,0.624,0.6,0.3744,0.611764705882353
213,User_DiT_3,3.12,2.0,426,0.624,0.4,0.24960000000000002,0.48750000000000004
213,Sys_RAEv2_ref,2.85,1.65,426,0.5700000000000001,0.32999999999999996,0.1881,0.418
214,User_DiT_1,2.22,2.0,426,0.44400000000000006,0.4,0.17760000000000004,0.4208530805687204
214,User_DiT_2,2.22,1.0,426,0.44400000000000006,0.2,0.08880000000000002,0.27577639751552796
214,User_DiT_3,2.22,1.0,426,0.44400000000000006,0.2,0.08880000000000002,0.27577639751552796
214,Sys_RAEv2_ref,0.12,2.85,426,0.024,0.5700000000000001,0.013680000000000001,0.04606060606060606
215,User_DiT_1,5.0,4.0,429,1.0,0.8,0.8,0.888888888888889
215,User_DiT_2,5.0,4.0,429,1.0,0.8,0.8,0.888888888888889
215,User_DiT_3,5.0,4.0,429,1.0,0.8,0.8,0.888888888888889
215,Sys_RAEv2_ref,2.85,2.0,429,0.5700000000000001,0.4,0.22800000000000004,0.4701030927835052
216,User_DiT_1,5.0,5.0,429,1.0,1.0,1.0,1.0
216,User_DiT_2,5.0,5.0,429,1.0,1.0,1.0,1.0
216,User_DiT_3,5.0,3.0,429,1.0,0.6,0.6,0.7499999999999999
216,Sys_RAEv2_ref,3.85,1.5,429,0.77,0.3,0.23099999999999998,0.4317757009345794
217,User_DiT_1,0.0,5.0,429,0.0,1.0,0.0,0.0
217,User_DiT_2,0.0,5.0,429,0.0,1.0,0.0,0.0
217,User_DiT_3,0.0,5.0,429,0.0,1.0,0.0,0.0
217,Sys_RAEv2_ref,4.85,4.92,429,0.97,0.984,0.95448,0.976949846468782
218,User_DiT_1,5.0,5.0,429,1.0,1.0,1.0,1.0
218,User_DiT_2,5.0,2.0,429,1.0,0.4,0.4,0.5714285714285715
218,User_DiT_3,5.0,5.0,429,1.0,1.0,1.0,1.0
218,Sys_RAEv2_ref,2.85,1.5,429,0.5700000000000001,0.3,0.171,0.3931034482758621
219,User_DiT_1,5.0,5.0,429,1.0,1.0,1.0,1.0
219,User_DiT_2,5.0,4.0,429,1.0,0.8,0.8,0.888888888888889
219,User_DiT_3,5.0,5.0,429,1.0,1.0,1.0,1.0
219,Sys_RAEv2_ref,5.0,5.0,429,1.0,1.0,1.0,1.0
220,User_DiT_1,5.0,1.0,432,1.0,0.2,0.2,0.33333333333333337
220,User_DiT_2,5.0,2.0,432,1.0,0.4,0.4,0.5714285714285715
220,User_DiT_3,4.38,2.0,432,0.876,0.4,0.35040000000000004,0.5492163009404389
220,Sys_RAEv2_ref,4.85,2.0,432,0.97,0.4,0.388,0.5664233576642336
221,User_DiT_1,5.0,2.0,432,1.0,0.4,0.4,0.5714285714285715
221,User_DiT_2,5.0,3.0,432,1.0,0.6,0.6,0.7499999999999999
221,User_DiT_3,5.0,3.0,432,1.0,0.6,0.6,0.7499999999999999
221,Sys_RAEv2_ref,2.85,2.1,432,0.5700000000000001,0.42000000000000004,0.23940000000000006,0.4836363636363637
222,User_DiT_1,4.38,3.0,432,0.876,0.6,0.5256,0.7121951219512195
222,User_DiT_2,4.38,2.0,432,0.876,0.4,0.35040000000000004,0.5492163009404389
222,User_DiT_3,4.38,2.0,432,0.876,0.4,0.35040000000000004,0.5492163009404389
222,Sys_RAEv2_ref,4.65,3.82,432,0.93,0.764,0.71052,0.8388665879574971
223,User_DiT_1,0.56,1.0,432,0.11200000000000002,0.2,0.022400000000000003,0.14358974358974358
223,User_DiT_2,0.56,1.0,432,0.11200000000000002,0.2,0.022400000000000003,0.14358974358974358
223,User_DiT_3,3.12,1.0,432,0.624,0.2,0.12480000000000001,0.3029126213592233
223,Sys_RAEv2_ref,1.85,1.92,432,0.37,0.384,0.14208,0.37687002652519896
224,User_DiT_1,3.33,2.0,432,0.666,0.4,0.2664,0.499812382739212
224,User_DiT_2,4.29,2.0,432,0.858,0.4,0.3432,0.5456279809220985
224,User_DiT_3,3.33,3.0,432,0.666,0.6,0.3996,0.6312796208530805
224,Sys_RAEv2_ref,4.85,3.62,432,0.97,0.724,0.7022799999999999,0.8291381345926799
225,User_DiT_1,5.0,4.0,443,1.0,0.8,0.8,0.888888888888889
225,User_DiT_2,5.0,4.0,443,1.0,0.8,0.8,0.888888888888889
225,User_DiT_3,5.0,3.0,443,1.0,0.6,0.6,0.7499999999999999
225,Sys_RAEv2_ref,5.0,5.0,443,1.0,1.0,1.0,1.0
226,User_DiT_1,4.44,3.0,443,0.8880000000000001,0.6,0.5328,0.7161290322580646
226,User_DiT_2,4.44,4.0,443,0.8880000000000001,0.8,0.7104000000000001,0.8417061611374408
226,User_DiT_3,4.44,4.0,443,0.8880000000000001,0.8,0.7104000000000001,0.8417061611374408
226,Sys_RAEv2_ref,4.85,3.65,443,0.97,0.73,0.7081,0.8330588235294117
227,User_DiT_1,4.44,5.0,443,0.8880000000000001,1.0,0.8880000000000001,0.940677966101695
227,User_DiT_2,4.44,5.0,443,0.8880000000000001,1.0,0.8880000000000001,0.940677966101695
227,User_DiT_3,4.44,4.0,443,0.8880000000000001,0.8,0.7104000000000001,0.8417061611374408
227,Sys_RAEv2_ref,4.85,2.15,443,0.97,0.43,0.41709999999999997,0.5958571428571429
228,User_DiT_1,1.67,1.0,443,0.33399999999999996,0.2,0.0668,0.250187265917603
228,User_DiT_2,1.67,1.0,443,0.33399999999999996,0.2,0.0668,0.250187265917603
228,User_DiT_3,1.67,1.0,443,0.33399999999999996,0.2,0.0668,0.250187265917603
228,Sys_RAEv2_ref,4.65,2.85,443,0.93,0.5700000000000001,0.5301000000000001,0.7068000000000002
229,User_DiT_1,0.0,4.0,443,0.0,0.8,0.0,0.0
229,User_DiT_2,4.38,5.0,443,0.876,1.0,0.876,0.933901918976546
229,User_DiT_3,4.38,4.0,443,0.876,0.8,0.7008000000000001,0.8362768496420048
229,Sys_RAEv2_ref,5.0,5.0,443,1.0,1.0,1.0,1.0
230,User_DiT_1,3.12,3.0,446,0.624,0.6,0.3744,0.611764705882353
230,User_DiT_2,3.12,1.0,446,0.624,0.2,0.12480000000000001,0.3029126213592233
230,User_DiT_3,4.38,3.0,446,0.876,0.6,0.5256,0.7121951219512195
230,Sys_RAEv2_ref,4.85,3.62,446,0.97,0.724,0.7022799999999999,0.8291381345926799
231,User_DiT_1,4.29,3.0,446,0.858,0.6,0.5147999999999999,0.7061728395061727
231,User_DiT_2,4.29,3.0,446,0.858,0.6,0.5147999999999999,0.7061728395061727
231,User_DiT_3,5.0,3.0,446,1.0,0.6,0.6,0.7499999999999999
231,Sys_RAEv2_ref,2.85,2.1,446,0.5700000000000001,0.42000000000000004,0.23940000000000006,0.4836363636363637
232,User_DiT_1,1.11,3.0,446,0.22200000000000003,0.6,0.1332,0.32408759124087594
232,User_DiT_2,1.11,4.0,446,0.22200000000000003,0.8,0.17760000000000004,0.3475538160469668
232,User_DiT_3,1.11,4.0,446,0.22200000000000003,0.8,0.17760000000000004,0.3475538160469668
232,Sys_RAEv2_ref,4.85,1.65,446,0.97,0.32999999999999996,0.32009999999999994,0.49246153846153845
233,User_DiT_1,5.0,3.0,446,1.0,0.6,0.6,0.7499999999999999
233,User_DiT_2,5.0,2.0,446,1.0,0.4,0.4,0.5714285714285715
233,User_DiT_3,5.0,2.0,446,1.0,0.4,0.4,0.5714285714285715
233,Sys_RAEv2_ref,4.85,3.6,446,0.97,0.72,0.6983999999999999,0.8265088757396449
234,User_DiT_1,3.75,3.0,446,0.75,0.6,0.44999999999999996,0.6666666666666665
234,User_DiT_2,5.0,2.0,446,1.0,0.4,0.4,0.5714285714285715
234,User_DiT_3,5.0,3.0,446,1.0,0.6,0.6,0.7499999999999999
234,Sys_RAEv2_ref,4.65,1.82,446,0.93,0.364,0.33852,0.5232148377125193
235,User_DiT_1,1.88,2.0,453,0.376,0.4,0.1504,0.38762886597938145
235,User_DiT_2,2.5,2.0,453,0.5,0.4,0.2,0.4444444444444445
235,User_DiT_3,2.5,2.0,453,0.5,0.4,0.2,0.4444444444444445
235,Sys_RAEv2_ref,4.65,3.2,453,0.93,0.64,0.5952000000000001,0.7582165605095542
236,User_DiT_1,4.38,2.0,453,0.876,0.4,0.35040000000000004,0.5492163009404389
236,User_DiT_2,4.38,4.0,453,0.876,0.8,0.7008000000000001,0.8362768496420048
236,User_DiT_3,4.38,2.0,453,0.876,0.4,0.35040000000000004,0.5492163009404389
236,Sys_RAEv2_ref,4.85,3.62,453,0.97,0.724,0.7022799999999999,0.8291381345926799
237,User_DiT_1,4.38,4.0,453,0.876,0.8,0.7008000000000001,0.8362768496420048
237,User_DiT_2,5.0,4.0,453,1.0,0.8,0.8,0.888888888888889
237,User_DiT_3,5.0,3.0,453,1.0,0.6,0.6,0.7499999999999999
237,Sys_RAEv2_ref,4.85,2.75,453,0.97,0.55,0.5335,0.7019736842105263
238,User_DiT_1,5.0,2.0,453,1.0,0.4,0.4,0.5714285714285715
238,User_DiT_2,1.25,2.0,453,0.25,0.4,0.1,0.3076923076923077
238,User_DiT_3,1.25,2.0,453,0.25,0.4,0.1,0.3076923076923077
238,Sys_RAEv2_ref,4.25,1.85,453,0.85,0.37,0.3145,0.5155737704918033
239,User_DiT_1,1.25,1.0,453,0.25,0.2,0.05,0.22222222222222224
239,User_DiT_2,1.25,1.0,453,0.25,0.2,0.05,0.22222222222222224
239,User_DiT_3,0.62,2.0,453,0.124,0.4,0.049600000000000005,0.18931297709923664
239,Sys_RAEv2_ref,4.12,2.85,453,0.8240000000000001,0.5700000000000001,0.4696800000000001,0.6738593974175037
240,User_DiT_1,5.0,5.0,461,1.0,1.0,1.0,1.0
240,User_DiT_2,5.0,5.0,461,1.0,1.0,1.0,1.0
240,User_DiT_3,5.0,5.0,461,1.0,1.0,1.0,1.0
240,Sys_RAEv2_ref,2.35,3.82,461,0.47000000000000003,0.764,0.35908,0.5819773095623987
241,User_DiT_1,4.44,4.0,461,0.8880000000000001,0.8,0.7104000000000001,0.8417061611374408
241,User_DiT_2,3.89,4.0,461,0.778,0.8,0.6224000000000001,0.7888466413181242
241,User_DiT_3,4.44,4.0,461,0.8880000000000001,0.8,0.7104000000000001,0.8417061611374408
241,Sys_RAEv2_ref,1.85,1.5,461,0.37,0.3,0.111,0.3313432835820896
242,User_DiT_1,5.0,4.0,461,1.0,0.8,0.8,0.888888888888889
242,User_DiT_2,5.0,4.0,461,1.0,0.8,0.8,0.888888888888889
242,User_DiT_3,5.0,4.0,461,1.0,0.8,0.8,0.888888888888889
242,Sys_RAEv2_ref,5.0,4.9,461,1.0,0.9800000000000001,0.9800000000000001,0.9898989898989901
243,User_DiT_1,4.44,5.0,461,0.8880000000000001,1.0,0.8880000000000001,0.940677966101695
243,User_DiT_2,4.44,4.0,461,0.8880000000000001,0.8,0.7104000000000001,0.8417061611374408
243,User_DiT_3,4.44,5.0,461,0.8880000000000001,1.0,0.8880000000000001,0.940677966101695
243,Sys_RAEv2_ref,3.85,4.12,461,0.77,0.8240000000000001,0.63448,0.7960853199498118
244,User_DiT_1,3.89,4.0,461,0.778,0.8,0.6224000000000001,0.7888466413181242
244,User_DiT_2,3.33,4.0,461,0.666,0.8,0.5328,0.7268758526603001
244,User_DiT_3,4.44,5.0,461,0.8880000000000001,1.0,0.8880000000000001,0.940677966101695
244,Sys_RAEv2_ref,0.0,1.85,461,0.0,0.37,0.0,0.0
245,User_DiT_1,4.44,3.0,477,0.8880000000000001,0.6,0.5328,0.7161290322580646
245,User_DiT_2,4.44,3.0,477,0.8880000000000001,0.6,0.5328,0.7161290322580646
245,User_DiT_3,4.44,3.0,477,0.8880000000000001,0.6,0.5328,0.7161290322580646
245,Sys_RAEv2_ref,4.65,3.82,477,0.93,0.764,0.71052,0.8388665879574971
246,User_DiT_1,0.0,3.0,477,0.0,0.6,0.0,0.0
246,User_DiT_2,1.67,2.0,477,0.33399999999999996,0.4,0.1336,0.3640326975476839
246,User_DiT_3,0.0,2.0,477,0.0,0.4,0.0,0.0
246,Sys_RAEv2_ref,3.85,1.65,477,0.77,0.32999999999999996,0.2541,0.46199999999999997
247,User_DiT_1,2.22,1.0,477,0.44400000000000006,0.2,0.08880000000000002,0.27577639751552796
247,User_DiT_2,2.22,1.0,477,0.44400000000000006,0.2,0.08880000000000002,0.27577639751552796
247,User_DiT_3,2.78,1.0,477,0.5559999999999999,0.2,0.1112,0.29417989417989415
247,Sys_RAEv2_ref,2.85,2.4,477,0.5700000000000001,0.48,0.2736,0.5211428571428571
248,User_DiT_1,0.56,3.0,477,0.11200000000000002,0.6,0.06720000000000001,0.18876404494382026
248,User_DiT_2,0.0,2.0,477,0.0,0.4,0.0,0.0
248,User_DiT_3,0.56,2.0,477,0.11200000000000002,0.4,0.044800000000000006,0.17500000000000002
248,Sys_RAEv2_ref,4.15,3.8,477,0.8300000000000001,0.76,0.6308,0.7934591194968553
249,User_DiT_1,1.88,4.0,477,0.376,0.8,0.3008,0.5115646258503401
249,User_DiT_2,1.88,4.0,477,0.376,0.8,0.3008,0.5115646258503401
249,User_DiT_3,1.88,2.0,477,0.376,0.4,0.1504,0.38762886597938145
249,Sys_RAEv2_ref,4.15,3.6,477,0.8300000000000001,0.72,0.5976,0.7710967741935484
250,User_DiT_1,1.11,2.0,479,0.22200000000000003,0.4,0.08880000000000002,0.28553054662379423
250,User_DiT_2,2.22,2.0,479,0.44400000000000006,0.4,0.17760000000000004,0.4208530805687204
250,User_DiT_3,2.22,1.0,479,0.44400000000000006,0.2,0.08880000000000002,0.27577639751552796
250,Sys_RAEv2_ref,3.85,1.92,479,0.77,0.384,0.29568,0.5124436741767765
251,User_DiT_1,3.12,4.0,479,0.624,0.8,0.49920000000000003,0.7011235955056181
251,User_DiT_2,3.75,2.0,479,0.75,0.4,0.30000000000000004,0.5217391304347827
251,User_DiT_3,3.12,3.0,479,0.624,0.6,0.3744,0.611764705882353
251,Sys_RAEv2_ref,3.45,3.82,479,0.6900000000000001,0.764,0.5271600000000001,0.7251169188445667
252,User_DiT_1,0.56,0.0,479,0.11200000000000002,0.0,0.0,0.0
252,User_DiT_2,0.56,0.0,479,0.11200000000000002,0.0,0.0,0.0
252,User_DiT_3,0.0,1.0,479,0.0,0.2,0.0,0.0
252,Sys_RAEv2_ref,4.85,4.62,479,0.97,0.924,0.89628,0.9464413938753959
253,User_DiT_1,0.0,5.0,479,0.0,1.0,0.0,0.0
253,User_DiT_2,0.0,4.0,479,0.0,0.8,0.0,0.0
253,User_DiT_3,0.0,5.0,479,0.0,1.0,0.0,0.0
253,Sys_RAEv2_ref,4.85,3.2,479,0.97,0.64,0.6208,0.7711801242236026
254,User_DiT_1,3.75,4.0,479,0.75,0.8,0.6000000000000001,0.7741935483870969
254,User_DiT_2,3.75,4.0,479,0.75,0.8,0.6000000000000001,0.7741935483870969
254,User_DiT_3,3.75,3.0,479,0.75,0.6,0.44999999999999996,0.6666666666666665
254,Sys_RAEv2_ref,4.92,4.95,479,0.984,0.99,0.97416,0.9869908814589666
255,User_DiT_1,0.0,1.0,481,0.0,0.2,0.0,0.0
255,User_DiT_2,0.0,1.0,481,0.0,0.2,0.0,0.0
255,User_DiT_3,0.0,1.0,481,0.0,0.2,0.0,0.0
255,Sys_RAEv2_ref,1.85,1.2,481,0.37,0.24,0.08879999999999999,0.2911475409836065
256,User_DiT_1,2.78,2.0,481,0.5559999999999999,0.4,0.2224,0.46527196652719666
256,User_DiT_2,1.67,2.0,481,0.33399999999999996,0.4,0.1336,0.3640326975476839
256,User_DiT_3,2.5,2.0,481,0.5,0.4,0.2,0.4444444444444445
256,Sys_RAEv2_ref,4.65,3.85,481,0.93,0.77,0.7161000000000001,0.8424705882352941
257,User_DiT_1,3.12,4.0,481,0.624,0.8,0.49920000000000003,0.7011235955056181
257,User_DiT_2,3.89,4.0,481,0.778,0.8,0.6224000000000001,0.7888466413181242
257,User_DiT_3,3.89,4.0,481,0.778,0.8,0.6224000000000001,0.7888466413181242
257,Sys_RAEv2_ref,4.85,3.72,481,0.97,0.744,0.72168,0.842100350058343
258,User_DiT_1,1.67,1.0,481,0.33399999999999996,0.2,0.0668,0.250187265917603
258,User_DiT_2,1.67,1.0,481,0.33399999999999996,0.2,0.0668,0.250187265917603
258,User_DiT_3,0.56,1.0,481,0.11200000000000002,0.2,0.022400000000000003,0.14358974358974358
258,Sys_RAEv2_ref,4.65,4.2,481,0.93,0.8400000000000001,0.7812000000000001,0.8827118644067797
259,User_DiT_1,4.44,4.0,481,0.8880000000000001,0.8,0.7104000000000001,0.8417061611374408
259,User_DiT_2,4.44,3.0,481,0.8880000000000001,0.6,0.5328,0.7161290322580646
259,User_DiT_3,3.89,4.0,481,0.778,0.8,0.6224000000000001,0.7888466413181242
259,Sys_RAEv2_ref,1.25,2.15,481,0.25,0.43,0.1075,0.31617647058823534
260,User_DiT_1,5.0,5.0,488,1.0,1.0,1.0,1.0
260,User_DiT_2,4.29,3.0,488,0.858,0.6,0.5147999999999999,0.7061728395061727
260,User_DiT_3,5.0,4.0,488,1.0,0.8,0.8,0.888888888888889
260,Sys_RAEv2_ref,4.75,3.85,488,0.95,0.77,0.7314999999999999,0.8505813953488371
261,User_DiT_1,5.0,5.0,488,1.0,1.0,1.0,1.0
261,User_DiT_2,5.0,4.0,488,1.0,0.8,0.8,0.888888888888889
261,User_DiT_3,5.0,4.0,488,1.0,0.8,0.8,0.888888888888889
261,Sys_RAEv2_ref,4.65,4.92,488,0.93,0.984,0.91512,0.9562382445141066
262,User_DiT_1,5.0,5.0,488,1.0,1.0,1.0,1.0
262,User_DiT_2,5.0,5.0,488,1.0,1.0,1.0,1.0
262,User_DiT_3,5.0,5.0,488,1.0,1.0,1.0,1.0
262,Sys_RAEv2_ref,4.92,4.85,488,0.984,0.97,0.95448,0.976949846468782
263,User_DiT_1,1.43,1.0,488,0.286,0.2,0.0572,0.23539094650205764
263,User_DiT_2,5.0,4.0,488,1.0,0.8,0.8,0.888888888888889
263,User_DiT_3,1.43,1.0,488,0.286,0.2,0.0572,0.23539094650205764
263,Sys_RAEv2_ref,4.65,2.85,488,0.93,0.5700000000000001,0.5301000000000001,0.7068000000000002
264,User_DiT_1,4.38,3.0,488,0.876,0.6,0.5256,0.7121951219512195
264,User_DiT_2,4.38,4.0,488,0.876,0.8,0.7008000000000001,0.8362768496420048
264,User_DiT_3,4.38,4.0,488,0.876,0.8,0.7008000000000001,0.8362768496420048
264,Sys_RAEv2_ref,2.85,2.1,488,0.5700000000000001,0.42000000000000004,0.23940000000000006,0.4836363636363637
265,User_DiT_1,0.0,4.0,499,0.0,0.8,0.0,0.0
265,User_DiT_2,3.57,4.0,499,0.714,0.8,0.5712,0.7545574636723911
265,User_DiT_3,0.0,2.0,499,0.0,0.4,0.0,0.0
265,Sys_RAEv2_ref,4.65,3.82,499,0.93,0.764,0.71052,0.8388665879574971
266,User_DiT_1,5.0,3.0,499,1.0,0.6,0.6,0.7499999999999999
266,User_DiT_2,5.0,3.0,499,1.0,0.6,0.6,0.7499999999999999
266,User_DiT_3,5.0,3.0,499,1.0,0.6,0.6,0.7499999999999999
266,Sys_RAEv2_ref,4.85,1.5,499,0.97,0.3,0.291,0.458267716535433
267,User_DiT_1,5.0,4.0,499,1.0,0.8,0.8,0.888888888888889
267,User_DiT_2,5.0,4.0,499,1.0,0.8,0.8,0.888888888888889
267,User_DiT_3,5.0,4.0,499,1.0,0.8,0.8,0.888888888888889
267,Sys_RAEv2_ref,4.85,2.15,499,0.97,0.43,0.41709999999999997,0.5958571428571429
268,User_DiT_1,5.0,2.0,499,1.0,0.4,0.4,0.5714285714285715
268,User_DiT_2,5.0,2.0,499,1.0,0.4,0.4,0.5714285714285715
268,User_DiT_3,5.0,2.0,499,1.0,0.4,0.4,0.5714285714285715
268,Sys_RAEv2_ref,3.85,3.2,499,0.77,0.64,0.4928,0.6990070921985815
269,User_DiT_1,5.0,2.0,499,1.0,0.4,0.4,0.5714285714285715
269,User_DiT_2,5.0,2.0,499,1.0,0.4,0.4,0.5714285714285715
269,User_DiT_3,5.0,2.0,499,1.0,0.4,0.4,0.5714285714285715
269,Sys_RAEv2_ref,4.65,1.5,499,0.93,0.3,0.279,0.4536585365853659
270,User_DiT_1,4.29,2.0,529,0.858,0.4,0.3432,0.5456279809220985
270,User_DiT_2,5.0,2.0,529,1.0,0.4,0.4,0.5714285714285715
270,User_DiT_3,4.29,2.0,529,0.858,0.4,0.3432,0.5456279809220985
270,Sys_RAEv2_ref,4.85,3.2,529,0.97,0.64,0.6208,0.7711801242236026
271,User_DiT_1,4.29,2.0,529,0.858,0.4,0.3432,0.5456279809220985
271,User_DiT_2,3.57,2.0,529,0.714,0.4,0.2856,0.5127468581687613
271,User_DiT_3,4.29,1.0,529,0.858,0.2,0.1716,0.3243856332703213
271,Sys_RAEv2_ref,4.65,3.85,529,0.93,0.77,0.7161000000000001,0.8424705882352941
272,User_DiT_1,4.29,4.0,529,0.858,0.8,0.6864,0.8279855247285887
272,User_DiT_2,4.17,4.0,529,0.834,0.8,0.6672,0.8166462668298654
272,User_DiT_3,4.17,4.0,529,0.834,0.8,0.6672,0.8166462668298654
272,Sys_RAEv2_ref,4.85,3.72,529,0.97,0.744,0.72168,0.842100350058343
273,User_DiT_1,5.0,2.0,529,1.0,0.4,0.4,0.5714285714285715
273,User_DiT_2,4.29,2.0,529,0.858,0.4,0.3432,0.5456279809220985
273,User_DiT_3,4.29,2.0,529,0.858,0.4,0.3432,0.5456279809220985
273,Sys_RAEv2_ref,4.85,4.2,529,0.97,0.8400000000000001,0.8148000000000001,0.9003314917127072
274,User_DiT_1,3.33,1.0,529,0.666,0.2,0.1332,0.30762124711316396
274,User_DiT_2,4.17,1.0,529,0.834,0.2,0.1668,0.3226305609284333
274,User_DiT_3,3.33,1.0,529,0.666,0.2,0.1332,0.30762124711316396
274,Sys_RAEv2_ref,2.15,2.0,529,0.43,0.4,0.17200000000000001,0.41445783132530123
275,User_DiT_1,4.38,3.0,535,0.876,0.6,0.5256,0.7121951219512195
275,User_DiT_2,3.75,3.0,535,0.75,0.6,0.44999999999999996,0.6666666666666665
275,User_DiT_3,3.75,3.0,535,0.75,0.6,0.44999999999999996,0.6666666666666665
275,Sys_RAEv2_ref,3.85,2.15,535,0.77,0.43,0.3311,0.5518333333333334
276,User_DiT_1,4.29,2.0,535,0.858,0.4,0.3432,0.5456279809220985
276,User_DiT_2,4.38,2.0,535,0.876,0.4,0.35040000000000004,0.5492163009404389
276,User_DiT_3,4.38,3.0,535,0.876,0.6,0.5256,0.7121951219512195
276,Sys_RAEv2_ref,3.85,3.6,535,0.77,0.72,0.5544,0.7441610738255033
277,User_DiT_1,4.38,3.0,535,0.876,0.6,0.5256,0.7121951219512195
277,User_DiT_2,4.38,3.0,535,0.876,0.6,0.5256,0.7121951219512195
277,User_DiT_3,4.38,2.0,535,0.876,0.4,0.35040000000000004,0.5492163009404389
277,Sys_RAEv2_ref,2.85,2.15,535,0.5700000000000001,0.43,0.2451,0.4902
278,User_DiT_1,4.0,4.0,535,0.8,0.8,0.6400000000000001,0.8000000000000002
278,User_DiT_2,4.17,3.0,535,0.834,0.6,0.5004,0.697907949790795
278,User_DiT_3,4.17,4.0,535,0.834,0.8,0.6672,0.8166462668298654
278,Sys_RAEv2_ref,4.85,4.92,535,0.97,0.984,0.95448,0.976949846468782
279,User_DiT_1,4.29,2.0,535,0.858,0.4,0.3432,0.5456279809220985
279,User_DiT_2,3.12,3.0,535,0.624,0.6,0.3744,0.611764705882353
279,User_DiT_3,3.12,3.0,535,0.624,0.6,0.3744,0.611764705882353
279,Sys_RAEv2_ref,5.0,5.0,535,1.0,1.0,1.0,1.0
280,User_DiT_1,0.0,2.0,554,0.0,0.4,0.0,0.0
280,User_DiT_2,0.0,2.0,554,0.0,0.4,0.0,0.0
280,User_DiT_3,0.0,2.0,554,0.0,0.4,0.0,0.0
280,Sys_RAEv2_ref,4.65,3.82,554,0.93,0.764,0.71052,0.8388665879574971
281,User_DiT_1,0.0,4.0,554,0.0,0.8,0.0,0.0
281,User_DiT_2,0.0,2.0,554,0.0,0.4,0.0,0.0
281,User_DiT_3,0.0,4.0,554,0.0,0.8,0.0,0.0
281,Sys_RAEv2_ref,4.85,3.65,554,0.97,0.73,0.7081,0.8330588235294117
282,User_DiT_1,0.0,2.0,554,0.0,0.4,0.0,0.0
282,User_DiT_2,0.0,2.0,554,0.0,0.4,0.0,0.0
282,User_DiT_3,0.0,3.0,554,0.0,0.6,0.0,0.0
282,Sys_RAEv2_ref,4.85,1.65,554,0.97,0.32999999999999996,0.32009999999999994,0.49246153846153845
283,User_DiT_1,0.0,3.0,554,0.0,0.6,0.0,0.0
283,User_DiT_2,0.0,4.0,554,0.0,0.8,0.0,0.0
283,User_DiT_3,0.0,3.0,554,0.0,0.6,0.0,0.0
283,Sys_RAEv2_ref,4.85,1.65,554,0.97,0.32999999999999996,0.32009999999999994,0.49246153846153845
284,User_DiT_1,0.0,2.0,554,0.0,0.4,0.0,0.0
284,User_DiT_2,0.0,2.0,554,0.0,0.4,0.0,0.0
284,User_DiT_3,0.0,4.0,554,0.0,0.8,0.0,0.0
284,Sys_RAEv2_ref,4.85,2.65,554,0.97,0.53,0.5141,0.6854666666666667
285,User_DiT_1,5.0,3.0,567,1.0,0.6,0.6,0.7499999999999999
285,User_DiT_2,5.0,3.0,567,1.0,0.6,0.6,0.7499999999999999
285,User_DiT_3,5.0,4.0,567,1.0,0.8,0.8,0.888888888888889
285,Sys_RAEv2_ref,3.85,3.6,567,0.77,0.72,0.5544,0.7441610738255033
286,User_DiT_1,4.38,3.0,567,0.876,0.6,0.5256,0.7121951219512195
286,User_DiT_2,5.0,4.0,567,1.0,0.8,0.8,0.888888888888889
286,User_DiT_3,5.0,3.0,567,1.0,0.6,0.6,0.7499999999999999
286,Sys_RAEv2_ref,2.85,3.2,567,0.5700000000000001,0.64,0.36480000000000007,0.6029752066115703
287,User_DiT_1,4.29,3.0,567,0.858,0.6,0.5147999999999999,0.7061728395061727
287,User_DiT_2,5.0,3.0,567,1.0,0.6,0.6,0.7499999999999999
287,User_DiT_3,4.29,3.0,567,0.858,0.6,0.5147999999999999,0.7061728395061727
287,Sys_RAEv2_ref,4.85,4.62,567,0.97,0.924,0.89628,0.9464413938753959
288,User_DiT_1,5.0,3.0,567,1.0,0.6,0.6,0.7499999999999999
288,User_DiT_2,5.0,3.0,567,1.0,0.6,0.6,0.7499999999999999
288,User_DiT_3,5.0,4.0,567,1.0,0.8,0.8,0.888888888888889
288,Sys_RAEv2_ref,4.65,3.85,567,0.93,0.77,0.7161000000000001,0.8424705882352941
289,User_DiT_1,5.0,2.0,567,1.0,0.4,0.4,0.5714285714285715
289,User_DiT_2,1.88,2.0,567,0.376,0.4,0.1504,0.38762886597938145
289,User_DiT_3,4.29,2.0,567,0.858,0.4,0.3432,0.5456279809220985
289,Sys_RAEv2_ref,2.85,3.42,567,0.5700000000000001,0.6839999999999999,0.38988,0.6218181818181818
290,User_DiT_1,4.38,1.0,575,0.876,0.2,0.17520000000000002,0.32565055762081785
290,User_DiT_2,4.38,1.0,575,0.876,0.2,0.17520000000000002,0.32565055762081785
290,User_DiT_3,4.38,1.0,575,0.876,0.2,0.17520000000000002,0.32565055762081785
290,Sys_RAEv2_ref,4.65,2.85,575,0.93,0.5700000000000001,0.5301000000000001,0.7068000000000002
291,User_DiT_1,4.38,3.0,575,0.876,0.6,0.5256,0.7121951219512195
291,User_DiT_2,4.29,3.0,575,0.858,0.6,0.5147999999999999,0.7061728395061727
291,User_DiT_3,4.29,3.0,575,0.858,0.6,0.5147999999999999,0.7061728395061727
291,Sys_RAEv2_ref,4.65,2.0,575,0.93,0.4,0.37200000000000005,0.5593984962406016
292,User_DiT_1,4.17,1.0,575,0.834,0.2,0.1668,0.3226305609284333
292,User_DiT_2,3.57,2.0,575,0.714,0.4,0.2856,0.5127468581687613
292,User_DiT_3,3.57,2.0,575,0.714,0.4,0.2856,0.5127468581687613
292,Sys_RAEv2_ref,0.12,1.85,575,0.024,0.37,0.00888,0.0450761421319797
293,User_DiT_1,3.57,2.0,575,0.714,0.4,0.2856,0.5127468581687613
293,User_DiT_2,3.57,2.0,575,0.714,0.4,0.2856,0.5127468581687613
293,User_DiT_3,0.0,2.0,575,0.0,0.4,0.0,0.0
293,Sys_RAEv2_ref,4.85,3.6,575,0.97,0.72,0.6983999999999999,0.8265088757396449
294,User_DiT_1,4.17,2.0,575,0.834,0.4,0.3336,0.5406807131280389
294,User_DiT_2,5.0,2.0,575,1.0,0.4,0.4,0.5714285714285715
294,User_DiT_3,5.0,2.0,575,1.0,0.4,0.4,0.5714285714285715
294,Sys_RAEv2_ref,4.65,3.0,575,0.93,0.6,0.558,0.7294117647058824
295,User_DiT_1,0.0,1.0,585,0.0,0.2,0.0,0.0
295,User_DiT_2,0.0,1.0,585,0.0,0.2,0.0,0.0
295,User_DiT_3,0.0,1.0,585,0.0,0.2,0.0,0.0
295,Sys_RAEv2_ref,3.85,2.75,585,0.77,0.55,0.42350000000000004,0.6416666666666667
296,User_DiT_1,0.0,1.0,585,0.0,0.2,0.0,0.0
296,User_DiT_2,0.0,1.0,585,0.0,0.2,0.0,0.0
296,User_DiT_3,0.0,1.0,585,0.0,0.2,0.0,0.0
296,Sys_RAEv2_ref,3.85,1.25,585,0.77,0.25,0.1925,0.37745098039215685
297,User_DiT_1,5.0,2.0,585,1.0,0.4,0.4,0.5714285714285715
297,User_DiT_2,5.0,2.0,585,1.0,0.4,0.4,0.5714285714285715
297,User_DiT_3,5.0,2.0,585,1.0,0.4,0.4,0.5714285714285715
297,Sys_RAEv2_ref,4.12,2.85,585,0.8240000000000001,0.5700000000000001,0.4696800000000001,0.6738593974175037
298,User_DiT_1,0.0,2.0,585,0.0,0.4,0.0,0.0
298,User_DiT_2,5.0,3.0,585,1.0,0.6,0.6,0.7499999999999999
298,User_DiT_3,2.5,3.0,585,0.5,0.6,0.3,0.5454545454545454
298,Sys_RAEv2_ref,4.85,3.72,585,0.97,0.744,0.72168,0.842100350058343
299,User_DiT_1,4.17,3.0,585,0.834,0.6,0.5004,0.697907949790795
299,User_DiT_2,4.17,2.0,585,0.834,0.4,0.3336,0.5406807131280389
299,User_DiT_3,4.17,3.0,585,0.834,0.6,0.5004,0.697907949790795
299,Sys_RAEv2_ref,3.85,1.92,585,0.77,0.384,0.29568,0.5124436741767765
300,User_DiT_1,4.0,3.0,590,0.8,0.6,0.48,0.6857142857142857
300,User_DiT_2,4.0,4.0,590,0.8,0.8,0.6400000000000001,0.8000000000000002
300,User_DiT_3,4.0,4.0,590,0.8,0.8,0.6400000000000001,0.8000000000000002
300,Sys_RAEv2_ref,2.15,1.5,590,0.43,0.3,0.129,0.35342465753424657
301,User_DiT_1,4.29,4.0,590,0.858,0.8,0.6864,0.8279855247285887
301,User_DiT_2,4.29,3.0,590,0.858,0.6,0.5147999999999999,0.7061728395061727
301,User_DiT_3,4.29,3.0,590,0.858,0.6,0.5147999999999999,0.7061728395061727
301,Sys_RAEv2_ref,4.85,2.65,590,0.97,0.53,0.5141,0.6854666666666667
302,User_DiT_1,4.0,2.0,590,0.8,0.4,0.32000000000000006,0.5333333333333333
302,User_DiT_2,4.0,2.0,590,0.8,0.4,0.32000000000000006,0.5333333333333333
302,User_DiT_3,4.0,2.0,590,0.8,0.4,0.32000000000000006,0.5333333333333333
302,Sys_RAEv2_ref,3.85,2.4,590,0.77,0.48,0.3696,0.59136
303,User_DiT_1,5.0,4.0,590,1.0,0.8,0.8,0.888888888888889
303,User_DiT_2,5.0,4.0,590,1.0,0.8,0.8,0.888888888888889
303,User_DiT_3,5.0,3.0,590,1.0,0.6,0.6,0.7499999999999999
303,Sys_RAEv2_ref,1.85,1.42,590,0.37,0.284,0.10507999999999999,0.3213455657492355
304,User_DiT_1,3.57,2.0,590,0.714,0.4,0.2856,0.5127468581687613
304,User_DiT_2,4.29,2.0,590,0.858,0.4,0.3432,0.5456279809220985
304,User_DiT_3,4.29,2.0,590,0.858,0.4,0.3432,0.5456279809220985
304,Sys_RAEv2_ref,1.25,2.85,590,0.25,0.5700000000000001,0.14250000000000002,0.34756097560975613
305,User_DiT_1,1.11,2.0,605,0.22200000000000003,0.4,0.08880000000000002,0.28553054662379423
305,User_DiT_2,1.11,3.0,605,0.22200000000000003,0.6,0.1332,0.32408759124087594
305,User_DiT_3,1.25,2.0,605,0.25,0.4,0.1,0.3076923076923077
305,Sys_RAEv2_ref,2.15,1.85,605,0.43,0.37,0.1591,0.39774999999999994
306,User_DiT_1,0.0,1.0,605,0.0,0.2,0.0,0.0
306,User_DiT_2,0.0,1.0,605,0.0,0.2,0.0,0.0
306,User_DiT_3,0.0,1.0,605,0.0,0.2,0.0,0.0
306,Sys_RAEv2_ref,4.15,2.85,605,0.8300000000000001,0.5700000000000001,0.4731000000000001,0.6758571428571429
307,User_DiT_1,2.5,1.0,605,0.5,0.2,0.1,0.28571428571428575
307,User_DiT_2,1.11,1.0,605,0.22200000000000003,0.2,0.04440000000000001,0.2104265402843602
307,User_DiT_3,2.5,2.0,605,0.5,0.4,0.2,0.4444444444444445
307,Sys_RAEv2_ref,4.65,3.82,605,0.93,0.764,0.71052,0.8388665879574971
308,User_DiT_1,5.0,4.0,605,1.0,0.8,0.8,0.888888888888889
308,User_DiT_2,5.0,3.0,605,1.0,0.6,0.6,0.7499999999999999
308,User_DiT_3,5.0,4.0,605,1.0,0.8,0.8,0.888888888888889
308,Sys_RAEv2_ref,4.15,2.85,605,0.8300000000000001,0.5700000000000001,0.4731000000000001,0.6758571428571429
309,User_DiT_1,5.0,2.0,605,1.0,0.4,0.4,0.5714285714285715
309,User_DiT_2,5.0,2.0,605,1.0,0.4,0.4,0.5714285714285715
309,User_DiT_3,5.0,3.0,605,1.0,0.6,0.6,0.7499999999999999
309,Sys_RAEv2_ref,2.85,1.5,605,0.5700000000000001,0.3,0.171,0.3931034482758621
310,User_DiT_1,0.0,2.0,606,0.0,0.4,0.0,0.0
310,User_DiT_2,0.56,2.0,606,0.11200000000000002,0.4,0.044800000000000006,0.17500000000000002
310,User_DiT_3,0.0,2.0,606,0.0,0.4,0.0,0.0
310,Sys_RAEv2_ref,4.65,2.85,606,0.93,0.5700000000000001,0.5301000000000001,0.7068000000000002
311,User_DiT_1,5.0,2.0,606,1.0,0.4,0.4,0.5714285714285715
311,User_DiT_2,1.67,2.0,606,0.33399999999999996,0.4,0.1336,0.3640326975476839
311,User_DiT_3,5.0,2.0,606,1.0,0.4,0.4,0.5714285714285715
311,Sys_RAEv2_ref,2.85,2.4,606,0.5700000000000001,0.48,0.2736,0.5211428571428571
312,User_DiT_1,0.62,3.0,606,0.124,0.6,0.0744,0.20552486187845304
312,User_DiT_2,0.62,2.0,606,0.124,0.4,0.049600000000000005,0.18931297709923664
312,User_DiT_3,0.62,3.0,606,0.124,0.6,0.0744,0.20552486187845304
312,Sys_RAEv2_ref,4.85,3.6,606,0.97,0.72,0.6983999999999999,0.8265088757396449
313,User_DiT_1,4.44,4.0,606,0.8880000000000001,0.8,0.7104000000000001,0.8417061611374408
313,User_DiT_2,4.44,3.0,606,0.8880000000000001,0.6,0.5328,0.7161290322580646
313,User_DiT_3,4.44,4.0,606,0.8880000000000001,0.8,0.7104000000000001,0.8417061611374408
313,Sys_RAEv2_ref,4.85,4.2,606,0.97,0.8400000000000001,0.8148000000000001,0.9003314917127072
314,User_DiT_1,4.17,3.0,606,0.834,0.6,0.5004,0.697907949790795
314,User_DiT_2,4.17,2.0,606,0.834,0.4,0.3336,0.5406807131280389
314,User_DiT_3,4.17,3.0,606,0.834,0.6,0.5004,0.697907949790795
314,Sys_RAEv2_ref,4.85,3.62,606,0.97,0.724,0.7022799999999999,0.8291381345926799
315,User_DiT_1,0.62,2.0,626,0.124,0.4,0.049600000000000005,0.18931297709923664
315,User_DiT_2,0.62,2.0,626,0.124,0.4,0.049600000000000005,0.18931297709923664
315,User_DiT_3,0.62,2.0,626,0.124,0.4,0.049600000000000005,0.18931297709923664
315,Sys_RAEv2_ref,4.85,3.75,626,0.97,0.75,0.7275,0.8459302325581396
316,User_DiT_1,5.0,3.0,626,1.0,0.6,0.6,0.7499999999999999
316,User_DiT_2,5.0,4.0,626,1.0,0.8,0.8,0.888888888888889
316,User_DiT_3,5.0,4.0,626,1.0,0.8,0.8,0.888888888888889
316,Sys_RAEv2_ref,4.85,1.2,626,0.97,0.24,0.23279999999999998,0.384793388429752
317,User_DiT_1,4.0,3.0,626,0.8,0.6,0.48,0.6857142857142857
317,User_DiT_2,5.0,3.0,626,1.0,0.6,0.6,0.7499999999999999
317,User_DiT_3,5.0,3.0,626,1.0,0.6,0.6,0.7499999999999999
317,Sys_RAEv2_ref,4.85,3.65,626,0.97,0.73,0.7081,0.8330588235294117
318,User_DiT_1,1.88,3.0,626,0.376,0.6,0.2256,0.46229508196721314
318,User_DiT_2,1.88,3.0,626,0.376,0.6,0.2256,0.46229508196721314
318,User_DiT_3,3.57,3.0,626,0.714,0.6,0.42839999999999995,0.6520547945205478
318,Sys_RAEv2_ref,4.85,3.72,626,0.97,0.744,0.72168,0.842100350058343
319,User_DiT_1,5.0,3.0,626,1.0,0.6,0.6,0.7499999999999999
319,User_DiT_2,3.75,3.0,626,0.75,0.6,0.44999999999999996,0.6666666666666665
319,User_DiT_3,5.0,3.0,626,1.0,0.6,0.6,0.7499999999999999
319,Sys_RAEv2_ref,3.85,3.62,626,0.77,0.724,0.55748,0.7462918340026774
320,User_DiT_1,4.38,4.0,632,0.876,0.8,0.7008000000000001,0.8362768496420048
320,User_DiT_2,4.38,3.0,632,0.876,0.6,0.5256,0.7121951219512195
320,User_DiT_3,4.38,4.0,632,0.876,0.8,0.7008000000000001,0.8362768496420048
320,Sys_RAEv2_ref,4.85,3.75,632,0.97,0.75,0.7275,0.8459302325581396
321,User_DiT_1,3.12,2.0,632,0.624,0.4,0.24960000000000002,0.48750000000000004
321,User_DiT_2,3.12,2.0,632,0.624,0.4,0.24960000000000002,0.48750000000000004
321,User_DiT_3,3.12,2.0,632,0.624,0.4,0.24960000000000002,0.48750000000000004
321,Sys_RAEv2_ref,4.65,2.85,632,0.93,0.5700000000000001,0.5301000000000001,0.7068000000000002
322,User_DiT_1,1.88,2.0,632,0.376,0.4,0.1504,0.38762886597938145
322,User_DiT_2,0.0,2.0,632,0.0,0.4,0.0,0.0
322,User_DiT_3,0.0,2.0,632,0.0,0.4,0.0,0.0
322,Sys_RAEv2_ref,3.85,2.45,632,0.77,0.49000000000000005,0.3773,0.5988888888888889
323,User_DiT_1,5.0,1.0,632,1.0,0.2,0.2,0.33333333333333337
323,User_DiT_2,4.17,2.0,632,0.834,0.4,0.3336,0.5406807131280389
323,User_DiT_3,4.17,2.0,632,0.834,0.4,0.3336,0.5406807131280389
323,Sys_RAEv2_ref,1.85,3.62,632,0.37,0.724,0.26788,0.48972577696526515
324,User_DiT_1,4.29,3.0,632,0.858,0.6,0.5147999999999999,0.7061728395061727
324,User_DiT_2,4.29,4.0,632,0.858,0.8,0.6864,0.8279855247285887
324,User_DiT_3,4.29,4.0,632,0.858,0.8,0.6864,0.8279855247285887
324,Sys_RAEv2_ref,0.0,0.85,632,0.0,0.16999999999999998,0.0,0.0
325,User_DiT_1,4.38,4.0,633,0.876,0.8,0.7008000000000001,0.8362768496420048
325,User_DiT_2,5.0,4.0,633,1.0,0.8,0.8,0.888888888888889
325,User_DiT_3,5.0,4.0,633,1.0,0.8,0.8,0.888888888888889
325,Sys_RAEv2_ref,0.0,3.85,633,0.0,0.77,0.0,0.0
326,User_DiT_1,2.78,4.0,633,0.5559999999999999,0.8,0.4448,0.656047197640118
326,User_DiT_2,2.78,4.0,633,0.5559999999999999,0.8,0.4448,0.656047197640118
326,User_DiT_3,2.78,4.0,633,0.5559999999999999,0.8,0.4448,0.656047197640118
326,Sys_RAEv2_ref,3.85,1.42,633,0.77,0.284,0.21867999999999999,0.4149525616698292
327,User_DiT_1,4.29,1.0,633,0.858,0.2,0.1716,0.3243856332703213
327,User_DiT_2,2.5,1.0,633,0.5,0.2,0.1,0.28571428571428575
327,User_DiT_3,2.5,2.0,633,0.5,0.4,0.2,0.4444444444444445
327,Sys_RAEv2_ref,4.85,3.62,633,0.97,0.724,0.7022799999999999,0.8291381345926799
328,User_DiT_1,4.38,4.0,633,0.876,0.8,0.7008000000000001,0.8362768496420048
328,User_DiT_2,4.38,4.0,633,0.876,0.8,0.7008000000000001,0.8362768496420048
328,User_DiT_3,4.38,4.0,633,0.876,0.8,0.7008000000000001,0.8362768496420048
328,Sys_RAEv2_ref,4.85,3.72,633,0.97,0.744,0.72168,0.842100350058343
329,User_DiT_1,4.38,3.0,633,0.876,0.6,0.5256,0.7121951219512195
329,User_DiT_2,4.38,3.0,633,0.876,0.6,0.5256,0.7121951219512195
329,User_DiT_3,4.38,3.0,633,0.876,0.6,0.5256,0.7121951219512195
329,Sys_RAEv2_ref,1.15,2.85,633,0.22999999999999998,0.5700000000000001,0.1311,0.32775
330,User_DiT_1,0.0,3.0,634,0.0,0.6,0.0,0.0
330,User_DiT_2,0.0,2.0,634,0.0,0.4,0.0,0.0
330,User_DiT_3,0.0,2.0,634,0.0,0.4,0.0,0.0
330,Sys_RAEv2_ref,4.15,3.65,634,0.8300000000000001,0.73,0.6059,0.7767948717948717
331,User_DiT_1,2.78,2.0,634,0.5559999999999999,0.4,0.2224,0.46527196652719666
331,User_DiT_2,2.5,2.0,634,0.5,0.4,0.2,0.4444444444444445
331,User_DiT_3,2.78,3.0,634,0.5559999999999999,0.6,0.33359999999999995,0.5771626297577854
331,Sys_RAEv2_ref,3.45,2.65,634,0.6900000000000001,0.53,0.3657,0.5995081967213114
332,User_DiT_1,2.5,4.0,634,0.5,0.8,0.4,0.6153846153846154
332,User_DiT_2,3.12,4.0,634,0.624,0.8,0.49920000000000003,0.7011235955056181
332,User_DiT_3,2.5,3.0,634,0.5,0.6,0.3,0.5454545454545454
332,Sys_RAEv2_ref,4.82,3.65,634,0.9640000000000001,0.73,0.70372,0.8308382526564345
333,User_DiT_1,0.0,1.0,634,0.0,0.2,0.0,0.0
333,User_DiT_2,0.0,1.0,634,0.0,0.2,0.0,0.0
333,User_DiT_3,0.0,1.0,634,0.0,0.2,0.0,0.0
333,Sys_RAEv2_ref,4.85,2.65,634,0.97,0.53,0.5141,0.6854666666666667
334,User_DiT_1,0.0,4.0,634,0.0,0.8,0.0,0.0
334,User_DiT_2,0.0,3.0,634,0.0,0.6,0.0,0.0
334,User_DiT_3,0.56,4.0,634,0.11200000000000002,0.8,0.08960000000000001,0.19649122807017547
334,Sys_RAEv2_ref,3.85,3.62,634,0.77,0.724,0.55748,0.7462918340026774
335,User_DiT_1,3.89,2.0,645,0.778,0.4,0.31120000000000003,0.5283531409168082
335,User_DiT_2,5.0,3.0,645,1.0,0.6,0.6,0.7499999999999999
335,User_DiT_3,5.0,3.0,645,1.0,0.6,0.6,0.7499999999999999
335,Sys_RAEv2_ref,4.85,1.5,645,0.97,0.3,0.291,0.458267716535433
336,User_DiT_1,4.38,2.0,645,0.876,0.4,0.35040000000000004,0.5492163009404389
336,User_DiT_2,4.38,2.0,645,0.876,0.4,0.35040000000000004,0.5492163009404389
336,User_DiT_3,4.38,2.0,645,0.876,0.4,0.35040000000000004,0.5492163009404389
336,Sys_RAEv2_ref,4.65,3.82,645,0.93,0.764,0.71052,0.8388665879574971
337,User_DiT_1,5.0,3.0,645,1.0,0.6,0.6,0.7499999999999999
337,User_DiT_2,5.0,3.0,645,1.0,0.6,0.6,0.7499999999999999
337,User_DiT_3,5.0,2.0,645,1.0,0.4,0.4,0.5714285714285715
337,Sys_RAEv2_ref,4.12,1.5,645,0.8240000000000001,0.3,0.2472,0.43985765124555154
338,User_DiT_1,4.38,4.0,645,0.876,0.8,0.7008000000000001,0.8362768496420048
338,User_DiT_2,5.0,2.0,645,1.0,0.4,0.4,0.5714285714285715
338,User_DiT_3,4.44,2.0,645,0.8880000000000001,0.4,0.35520000000000007,0.5515527950310559
338,Sys_RAEv2_ref,4.85,1.5,645,0.97,0.3,0.291,0.458267716535433
339,User_DiT_1,5.0,2.0,645,1.0,0.4,0.4,0.5714285714285715
339,User_DiT_2,5.0,2.0,645,1.0,0.4,0.4,0.5714285714285715
339,User_DiT_3,0.0,2.0,645,0.0,0.4,0.0,0.0
339,Sys_RAEv2_ref,2.85,1.5,645,0.5700000000000001,0.3,0.171,0.3931034482758621
340,User_DiT_1,0.0,3.0,654,0.0,0.6,0.0,0.0
340,User_DiT_2,5.0,4.0,654,1.0,0.8,0.8,0.888888888888889
340,User_DiT_3,5.0,4.0,654,1.0,0.8,0.8,0.888888888888889
340,Sys_RAEv2_ref,4.15,3.82,654,0.8300000000000001,0.764,0.63412,0.795633626097867
341,User_DiT_1,4.38,2.0,654,0.876,0.4,0.35040000000000004,0.5492163009404389
341,User_DiT_2,5.0,2.0,654,1.0,0.4,0.4,0.5714285714285715
341,User_DiT_3,4.38,2.0,654,0.876,0.4,0.35040000000000004,0.5492163009404389
341,Sys_RAEv2_ref,1.85,2.6,654,0.37,0.52,0.19240000000000002,0.43235955056179776
342,User_DiT_1,5.0,5.0,654,1.0,1.0,1.0,1.0
342,User_DiT_2,5.0,4.0,654,1.0,0.8,0.8,0.888888888888889
342,User_DiT_3,5.0,5.0,654,1.0,1.0,1.0,1.0
342,Sys_RAEv2_ref,1.85,2.15,654,0.37,0.43,0.1591,0.39774999999999994
343,User_DiT_1,5.0,3.0,654,1.0,0.6,0.6,0.7499999999999999
343,User_DiT_2,5.0,3.0,654,1.0,0.6,0.6,0.7499999999999999
343,User_DiT_3,4.38,4.0,654,0.876,0.8,0.7008000000000001,0.8362768496420048
343,Sys_RAEv2_ref,4.85,4.2,654,0.97,0.8400000000000001,0.8148000000000001,0.9003314917127072
344,User_DiT_1,4.38,2.0,654,0.876,0.4,0.35040000000000004,0.5492163009404389
344,User_DiT_2,5.0,2.0,654,1.0,0.4,0.4,0.5714285714285715
344,User_DiT_3,5.0,2.0,654,1.0,0.4,0.4,0.5714285714285715
344,Sys_RAEv2_ref,4.85,3.6,654,0.97,0.72,0.6983999999999999,0.8265088757396449
345,User_DiT_1,3.12,4.0,679,0.624,0.8,0.49920000000000003,0.7011235955056181
345,User_DiT_2,3.12,4.0,679,0.624,0.8,0.49920000000000003,0.7011235955056181
345,User_DiT_3,3.12,4.0,679,0.624,0.8,0.49920000000000003,0.7011235955056181
345,Sys_RAEv2_ref,4.85,3.75,679,0.97,0.75,0.7275,0.8459302325581396
346,User_DiT_1,1.88,4.0,679,0.376,0.8,0.3008,0.5115646258503401
346,User_DiT_2,2.5,4.0,679,0.5,0.8,0.4,0.6153846153846154
346,User_DiT_3,2.5,4.0,679,0.5,0.8,0.4,0.6153846153846154
346,Sys_RAEv2_ref,4.85,3.75,679,0.97,0.75,0.7275,0.8459302325581396
347,User_DiT_1,1.88,3.0,679,0.376,0.6,0.2256,0.46229508196721314
347,User_DiT_2,1.88,3.0,679,0.376,0.6,0.2256,0.46229508196721314
347,User_DiT_3,1.88,3.0,679,0.376,0.6,0.2256,0.46229508196721314
347,Sys_RAEv2_ref,3.42,3.85,679,0.6839999999999999,0.77,0.5266799999999999,0.7244566712517193
348,User_DiT_1,3.57,2.0,679,0.714,0.4,0.2856,0.5127468581687613
348,User_DiT_2,4.17,2.0,679,0.834,0.4,0.3336,0.5406807131280389
348,User_DiT_3,2.86,3.0,679,0.572,0.6,0.34319999999999995,0.5856655290102388
348,Sys_RAEv2_ref,3.85,3.6,679,0.77,0.72,0.5544,0.7441610738255033
349,User_DiT_1,1.88,1.0,679,0.376,0.2,0.0752,0.26111111111111107
349,User_DiT_2,1.88,1.0,679,0.376,0.2,0.0752,0.26111111111111107
349,User_DiT_3,3.75,2.0,679,0.75,0.4,0.30000000000000004,0.5217391304347827
349,Sys_RAEv2_ref,4.12,3.68,679,0.8240000000000001,0.736,0.606464,0.7775179487179487
350,User_DiT_1,5.0,4.0,687,1.0,0.8,0.8,0.888888888888889
350,User_DiT_2,5.0,4.0,687,1.0,0.8,0.8,0.888888888888889
350,User_DiT_3,5.0,3.0,687,1.0,0.6,0.6,0.7499999999999999
350,Sys_RAEv2_ref,5.0,5.0,687,1.0,1.0,1.0,1.0
351,User_DiT_1,5.0,5.0,687,1.0,1.0,1.0,1.0
351,User_DiT_2,5.0,3.0,687,1.0,0.6,0.6,0.7499999999999999
351,User_DiT_3,5.0,3.0,687,1.0,0.6,0.6,0.7499999999999999
351,Sys_RAEv2_ref,4.65,3.82,687,0.93,0.764,0.71052,0.8388665879574971
352,User_DiT_1,5.0,5.0,687,1.0,1.0,1.0,1.0
352,User_DiT_2,5.0,4.0,687,1.0,0.8,0.8,0.888888888888889
352,User_DiT_3,5.0,5.0,687,1.0,1.0,1.0,1.0
352,Sys_RAEv2_ref,5.0,5.0,687,1.0,1.0,1.0,1.0
353,User_DiT_1,5.0,5.0,687,1.0,1.0,1.0,1.0
353,User_DiT_2,5.0,5.0,687,1.0,1.0,1.0,1.0
353,User_DiT_3,5.0,5.0,687,1.0,1.0,1.0,1.0
353,Sys_RAEv2_ref,4.85,3.72,687,0.97,0.744,0.72168,0.842100350058343
354,User_DiT_1,5.0,4.0,687,1.0,0.8,0.8,0.888888888888889
354,User_DiT_2,5.0,4.0,687,1.0,0.8,0.8,0.888888888888889
354,User_DiT_3,5.0,4.0,687,1.0,0.8,0.8,0.888888888888889
354,Sys_RAEv2_ref,4.85,3.6,687,0.97,0.72,0.6983999999999999,0.8265088757396449
355,User_DiT_1,4.38,2.0,730,0.876,0.4,0.35040000000000004,0.5492163009404389
355,User_DiT_2,3.89,2.0,730,0.778,0.4,0.31120000000000003,0.5283531409168082
355,User_DiT_3,3.89,1.0,730,0.778,0.2,0.15560000000000002,0.31820040899795504
355,Sys_RAEv2_ref,3.85,2.45,730,0.77,0.49000000000000005,0.3773,0.5988888888888889
356,User_DiT_1,3.89,4.0,730,0.778,0.8,0.6224000000000001,0.7888466413181242
356,User_DiT_2,3.89,4.0,730,0.778,0.8,0.6224000000000001,0.7888466413181242
356,User_DiT_3,3.89,4.0,730,0.778,0.8,0.6224000000000001,0.7888466413181242
356,Sys_RAEv2_ref,4.85,4.2,730,0.97,0.8400000000000001,0.8148000000000001,0.9003314917127072
357,User_DiT_1,4.44,4.0,730,0.8880000000000001,0.8,0.7104000000000001,0.8417061611374408
357,User_DiT_2,5.0,4.0,730,1.0,0.8,0.8,0.888888888888889
357,User_DiT_3,4.44,3.0,730,0.8880000000000001,0.6,0.5328,0.7161290322580646
357,Sys_RAEv2_ref,4.12,2.85,730,0.8240000000000001,0.5700000000000001,0.4696800000000001,0.6738593974175037
358,User_DiT_1,3.33,1.0,730,0.666,0.2,0.1332,0.30762124711316396
358,User_DiT_2,4.38,2.0,730,0.876,0.4,0.35040000000000004,0.5492163009404389
358,User_DiT_3,2.78,1.0,730,0.5559999999999999,0.2,0.1112,0.29417989417989415
358,Sys_RAEv2_ref,4.15,3.85,730,0.8300000000000001,0.77,0.6391000000000001,0.7988750000000001
359,User_DiT_1,5.0,4.0,730,1.0,0.8,0.8,0.888888888888889
359,User_DiT_2,5.0,3.0,730,1.0,0.6,0.6,0.7499999999999999
359,User_DiT_3,5.0,4.0,730,1.0,0.8,0.8,0.888888888888889
359,Sys_RAEv2_ref,0.15,2.85,730,0.03,0.5700000000000001,0.0171,0.056999999999999995
360,User_DiT_1,0.0,1.0,743,0.0,0.2,0.0,0.0
360,User_DiT_2,0.0,3.0,743,0.0,0.6,0.0,0.0
360,User_DiT_3,0.0,3.0,743,0.0,0.6,0.0,0.0
360,Sys_RAEv2_ref,4.85,3.62,743,0.97,0.724,0.7022799999999999,0.8291381345926799
361,User_DiT_1,0.0,4.0,743,0.0,0.8,0.0,0.0
361,User_DiT_2,3.75,3.0,743,0.75,0.6,0.44999999999999996,0.6666666666666665
361,User_DiT_3,0.0,4.0,743,0.0,0.8,0.0,0.0
361,Sys_RAEv2_ref,4.85,1.2,743,0.97,0.24,0.23279999999999998,0.384793388429752
362,User_DiT_1,5.0,5.0,743,1.0,1.0,1.0,1.0
362,User_DiT_2,5.0,5.0,743,1.0,1.0,1.0,1.0
362,User_DiT_3,5.0,5.0,743,1.0,1.0,1.0,1.0
362,Sys_RAEv2_ref,4.85,4.12,743,0.97,0.8240000000000001,0.79928,0.8910590858416945
363,User_DiT_1,3.33,2.0,743,0.666,0.4,0.2664,0.499812382739212
363,User_DiT_2,3.33,3.0,743,0.666,0.6,0.3996,0.6312796208530805
363,User_DiT_3,3.33,2.0,743,0.666,0.4,0.2664,0.499812382739212
363,Sys_RAEv2_ref,4.85,2.35,743,0.97,0.47000000000000003,0.4559,0.6331944444444445
364,User_DiT_1,5.0,4.0,743,1.0,0.8,0.8,0.888888888888889
364,User_DiT_2,5.0,5.0,743,1.0,1.0,1.0,1.0
364,User_DiT_3,5.0,4.0,743,1.0,0.8,0.8,0.888888888888889
364,Sys_RAEv2_ref,3.85,1.42,743,0.77,0.284,0.21867999999999999,0.4149525616698292
365,User_DiT_1,3.57,2.0,746,0.714,0.4,0.2856,0.5127468581687613
365,User_DiT_2,3.57,2.0,746,0.714,0.4,0.2856,0.5127468581687613
365,User_DiT_3,3.57,4.0,746,0.714,0.8,0.5712,0.7545574636723911
365,Sys_RAEv2_ref,0.0,3.2,746,0.0,0.64,0.0,0.0
366,User_DiT_1,1.25,1.0,746,0.25,0.2,0.05,0.22222222222222224
366,User_DiT_2,1.25,3.0,746,0.25,0.6,0.15,0.35294117647058826
366,User_DiT_3,1.25,2.0,746,0.25,0.4,0.1,0.3076923076923077
366,Sys_RAEv2_ref,0.15,1.25,746,0.03,0.25,0.0075,0.05357142857142856
367,User_DiT_1,3.57,4.0,746,0.714,0.8,0.5712,0.7545574636723911
367,User_DiT_2,3.57,3.0,746,0.714,0.6,0.42839999999999995,0.6520547945205478
367,User_DiT_3,3.57,4.0,746,0.714,0.8,0.5712,0.7545574636723911
367,Sys_RAEv2_ref,3.42,2.15,746,0.6839999999999999,0.43,0.29412,0.5280430879712747
368,User_DiT_1,0.62,2.0,746,0.124,0.4,0.049600000000000005,0.18931297709923664
368,User_DiT_2,0.62,2.0,746,0.124,0.4,0.049600000000000005,0.18931297709923664
368,User_DiT_3,5.0,2.0,746,1.0,0.4,0.4,0.5714285714285715
368,Sys_RAEv2_ref,4.85,3.62,746,0.97,0.724,0.7022799999999999,0.8291381345926799
369,User_DiT_1,4.17,1.0,746,0.834,0.2,0.1668,0.3226305609284333
369,User_DiT_2,4.29,1.0,746,0.858,0.2,0.1716,0.3243856332703213
369,User_DiT_3,4.17,3.0,746,0.834,0.6,0.5004,0.697907949790795
369,Sys_RAEv2_ref,4.12,2.0,746,0.8240000000000001,0.4,0.32960000000000006,0.538562091503268
370,User_DiT_1,1.5,4.0,755,0.3,0.8,0.24,0.4363636363636363
370,User_DiT_2,5.0,2.0,755,1.0,0.4,0.4,0.5714285714285715
370,User_DiT_3,5.0,2.0,755,1.0,0.4,0.4,0.5714285714285715
370,Sys_RAEv2_ref,4.65,3.85,755,0.93,0.77,0.7161000000000001,0.8424705882352941
371,User_DiT_1,5.0,3.0,755,1.0,0.6,0.6,0.7499999999999999
371,User_DiT_2,4.5,4.0,755,0.9,0.8,0.7200000000000001,0.8470588235294118
371,User_DiT_3,5.0,3.0,755,1.0,0.6,0.6,0.7499999999999999
371,Sys_RAEv2_ref,4.85,3.2,755,0.97,0.64,0.6208,0.7711801242236026
372,User_DiT_1,5.0,5.0,755,1.0,1.0,1.0,1.0
372,User_DiT_2,5.0,5.0,755,1.0,1.0,1.0,1.0
372,User_DiT_3,5.0,3.0,755,1.0,0.6,0.6,0.7499999999999999
372,Sys_RAEv2_ref,4.92,4.95,755,0.984,0.99,0.97416,0.9869908814589666
373,User_DiT_1,0.56,1.0,755,0.11200000000000002,0.2,0.022400000000000003,0.14358974358974358
373,User_DiT_2,5.0,1.0,755,1.0,0.2,0.2,0.33333333333333337
373,User_DiT_3,0.56,1.0,755,0.11200000000000002,0.2,0.022400000000000003,0.14358974358974358
373,Sys_RAEv2_ref,5.0,5.0,755,1.0,1.0,1.0,1.0
374,User_DiT_1,5.0,5.0,755,1.0,1.0,1.0,1.0
374,User_DiT_2,5.0,5.0,755,1.0,1.0,1.0,1.0
374,User_DiT_3,5.0,5.0,755,1.0,1.0,1.0,1.0
374,Sys_RAEv2_ref,4.85,3.6,755,0.97,0.72,0.6983999999999999,0.8265088757396449
375,User_DiT_1,5.0,2.0,756,1.0,0.4,0.4,0.5714285714285715
375,User_DiT_2,5.0,4.0,756,1.0,0.8,0.8,0.888888888888889
375,User_DiT_3,5.0,4.0,756,1.0,0.8,0.8,0.888888888888889
375,Sys_RAEv2_ref,3.85,3.6,756,0.77,0.72,0.5544,0.7441610738255033
376,User_DiT_1,3.89,3.0,756,0.778,0.6,0.4668,0.6775036284470246
376,User_DiT_2,3.89,3.0,756,0.778,0.6,0.4668,0.6775036284470246
376,User_DiT_3,5.0,3.0,756,1.0,0.6,0.6,0.7499999999999999
376,Sys_RAEv2_ref,4.12,3.68,756,0.8240000000000001,0.736,0.606464,0.7775179487179487
377,User_DiT_1,4.0,4.0,756,0.8,0.8,0.6400000000000001,0.8000000000000002
377,User_DiT_2,4.0,4.0,756,0.8,0.8,0.6400000000000001,0.8000000000000002
377,User_DiT_3,4.0,4.0,756,0.8,0.8,0.6400000000000001,0.8000000000000002
377,Sys_RAEv2_ref,4.65,4.2,756,0.93,0.8400000000000001,0.7812000000000001,0.8827118644067797
378,User_DiT_1,4.29,3.0,756,0.858,0.6,0.5147999999999999,0.7061728395061727
378,User_DiT_2,4.29,3.0,756,0.858,0.6,0.5147999999999999,0.7061728395061727
378,User_DiT_3,4.29,2.0,756,0.858,0.4,0.3432,0.5456279809220985
378,Sys_RAEv2_ref,3.82,1.47,756,0.764,0.294,0.22461599999999998,0.4246049149338374
379,User_DiT_1,4.17,2.0,756,0.834,0.4,0.3336,0.5406807131280389
379,User_DiT_2,4.17,2.0,756,0.834,0.4,0.3336,0.5406807131280389
379,User_DiT_3,4.17,2.0,756,0.834,0.4,0.3336,0.5406807131280389
379,Sys_RAEv2_ref,3.42,2.85,756,0.6839999999999999,0.5700000000000001,0.38988,0.6218181818181818
380,User_DiT_1,5.0,5.0,806,1.0,1.0,1.0,1.0
380,User_DiT_2,0.0,3.0,806,0.0,0.6,0.0,0.0
380,User_DiT_3,5.0,5.0,806,1.0,1.0,1.0,1.0
380,Sys_RAEv2_ref,4.65,4.82,806,0.93,0.9640000000000001,0.8965200000000001,0.9466948257655755
381,User_DiT_1,5.0,4.0,806,1.0,0.8,0.8,0.888888888888889
381,User_DiT_2,5.0,5.0,806,1.0,1.0,1.0,1.0
381,User_DiT_3,5.0,5.0,806,1.0,1.0,1.0,1.0
381,Sys_RAEv2_ref,4.12,3.65,806,0.8240000000000001,0.73,0.60152,0.7741570141570142
382,User_DiT_1,5.0,5.0,806,1.0,1.0,1.0,1.0
382,User_DiT_2,5.0,5.0,806,1.0,1.0,1.0,1.0
382,User_DiT_3,4.44,5.0,806,0.8880000000000001,1.0,0.8880000000000001,0.940677966101695
382,Sys_RAEv2_ref,4.85,3.62,806,0.97,0.724,0.7022799999999999,0.8291381345926799
383,User_DiT_1,5.0,4.0,806,1.0,0.8,0.8,0.888888888888889
383,User_DiT_2,5.0,4.0,806,1.0,0.8,0.8,0.888888888888889
383,User_DiT_3,5.0,4.0,806,1.0,0.8,0.8,0.888888888888889
383,Sys_RAEv2_ref,4.25,3.65,806,0.85,0.73,0.6204999999999999,0.7854430379746834
384,User_DiT_1,5.0,5.0,806,1.0,1.0,1.0,1.0
384,User_DiT_2,5.0,5.0,806,1.0,1.0,1.0,1.0
384,User_DiT_3,5.0,4.0,806,1.0,0.8,0.8,0.888888888888889
384,Sys_RAEv2_ref,4.85,4.92,806,0.97,0.984,0.95448,0.976949846468782
385,User_DiT_1,3.12,3.0,810,0.624,0.6,0.3744,0.611764705882353
385,User_DiT_2,2.5,3.0,810,0.5,0.6,0.3,0.5454545454545454
385,User_DiT_3,2.5,3.0,810,0.5,0.6,0.3,0.5454545454545454
385,Sys_RAEv2_ref,0.85,1.2,810,0.16999999999999998,0.24,0.040799999999999996,0.19902439024390242
386,User_DiT_1,3.75,4.0,810,0.75,0.8,0.6000000000000001,0.7741935483870969
386,User_DiT_2,3.75,4.0,810,0.75,0.8,0.6000000000000001,0.7741935483870969
386,User_DiT_3,3.75,4.0,810,0.75,0.8,0.6000000000000001,0.7741935483870969
386,Sys_RAEv2_ref,4.82,1.65,810,0.9640000000000001,0.32999999999999996,0.31812,0.49168469860896447
387,User_DiT_1,4.38,3.0,810,0.876,0.6,0.5256,0.7121951219512195
387,User_DiT_2,3.75,3.0,810,0.75,0.6,0.44999999999999996,0.6666666666666665
387,User_DiT_3,4.38,4.0,810,0.876,0.8,0.7008000000000001,0.8362768496420048
387,Sys_RAEv2_ref,4.25,3.85,810,0.85,0.77,0.6545,0.8080246913580246
388,User_DiT_1,3.75,4.0,810,0.75,0.8,0.6000000000000001,0.7741935483870969
388,User_DiT_2,3.75,2.0,810,0.75,0.4,0.30000000000000004,0.5217391304347827
388,User_DiT_3,3.75,3.0,810,0.75,0.6,0.44999999999999996,0.6666666666666665
388,Sys_RAEv2_ref,2.85,3.6,810,0.5700000000000001,0.72,0.41040000000000004,0.6362790697674419
389,User_DiT_1,3.12,2.0,810,0.624,0.4,0.24960000000000002,0.48750000000000004
389,User_DiT_2,3.12,3.0,810,0.624,0.6,0.3744,0.611764705882353
389,User_DiT_3,3.12,3.0,810,0.624,0.6,0.3744,0.611764705882353
389,Sys_RAEv2_ref,2.15,4.92,810,0.43,0.984,0.42312,0.5984724186704385
390,User_DiT_1,4.0,2.0,819,0.8,0.4,0.32000000000000006,0.5333333333333333
390,User_DiT_2,4.0,2.0,819,0.8,0.4,0.32000000000000006,0.5333333333333333
390,User_DiT_3,4.0,2.0,819,0.8,0.4,0.32000000000000006,0.5333333333333333
390,Sys_RAEv2_ref,2.85,1.65,819,0.5700000000000001,0.32999999999999996,0.1881,0.418
391,User_DiT_1,4.17,3.0,819,0.834,0.6,0.5004,0.697907949790795
391,User_DiT_2,5.0,3.0,819,1.0,0.6,0.6,0.7499999999999999
391,User_DiT_3,4.17,4.0,819,0.834,0.8,0.6672,0.8166462668298654
391,Sys_RAEv2_ref,3.85,1.5,819,0.77,0.3,0.23099999999999998,0.4317757009345794
392,User_DiT_1,5.0,2.0,819,1.0,0.4,0.4,0.5714285714285715
392,User_DiT_2,5.0,2.0,819,1.0,0.4,0.4,0.5714285714285715
392,User_DiT_3,5.0,3.0,819,1.0,0.6,0.6,0.7499999999999999
392,Sys_RAEv2_ref,4.12,1.5,819,0.8240000000000001,0.3,0.2472,0.43985765124555154
393,User_DiT_1,1.25,2.0,819,0.25,0.4,0.1,0.3076923076923077
393,User_DiT_2,1.25,2.0,819,0.25,0.4,0.1,0.3076923076923077
393,User_DiT_3,1.25,2.0,819,0.25,0.4,0.1,0.3076923076923077
393,Sys_RAEv2_ref,3.82,2.0,819,0.764,0.4,0.30560000000000004,0.525085910652921
394,User_DiT_1,5.0,4.0,819,1.0,0.8,0.8,0.888888888888889
394,User_DiT_2,5.0,2.0,819,1.0,0.4,0.4,0.5714285714285715
394,User_DiT_3,5.0,2.0,819,1.0,0.4,0.4,0.5714285714285715
394,Sys_RAEv2_ref,3.85,1.5,819,0.77,0.3,0.23099999999999998,0.4317757009345794
395,User_DiT_1,0.71,1.0,836,0.142,0.2,0.028399999999999998,0.16608187134502925
395,User_DiT_2,0.83,2.0,836,0.16599999999999998,0.4,0.0664,0.23462897526501764
395,User_DiT_3,0.71,1.0,836,0.142,0.2,0.028399999999999998,0.16608187134502925
395,Sys_RAEv2_ref,4.85,3.72,836,0.97,0.744,0.72168,0.842100350058343
396,User_DiT_1,1.43,4.0,836,0.286,0.8,0.2288,0.42136279926335174
396,User_DiT_2,1.43,1.0,836,0.286,0.2,0.0572,0.23539094650205764
396,User_DiT_3,0.0,4.0,836,0.0,0.8,0.0,0.0
396,Sys_RAEv2_ref,0.0,2.85,836,0.0,0.5700000000000001,0.0,0.0
397,User_DiT_1,0.0,1.0,836,0.0,0.2,0.0,0.0
397,User_DiT_2,0.0,1.0,836,0.0,0.2,0.0,0.0
397,User_DiT_3,0.0,1.0,836,0.0,0.2,0.0,0.0
397,Sys_RAEv2_ref,5.0,4.85,836,1.0,0.97,0.97,0.9847715736040609
398,User_DiT_1,0.0,4.0,836,0.0,0.8,0.0,0.0
398,User_DiT_2,0.0,3.0,836,0.0,0.6,0.0,0.0
398,User_DiT_3,0.0,4.0,836,0.0,0.8,0.0,0.0
398,Sys_RAEv2_ref,0.0,0.85,836,0.0,0.16999999999999998,0.0,0.0
399,User_DiT_1,0.83,1.0,836,0.16599999999999998,0.2,0.0332,0.1814207650273224
399,User_DiT_2,0.83,1.0,836,0.16599999999999998,0.2,0.0332,0.1814207650273224
399,User_DiT_3,0.83,0.0,836,0.16599999999999998,0.0,0.0,0.0
399,Sys_RAEv2_ref,0.85,2.15,836,0.16999999999999998,0.43,0.0731,0.24366666666666667
400,User_DiT_1,5.0,4.0,903,1.0,0.8,0.8,0.888888888888889
400,User_DiT_2,5.0,4.0,903,1.0,0.8,0.8,0.888888888888889
400,User_DiT_3,5.0,4.0,903,1.0,0.8,0.8,0.888888888888889
400,Sys_RAEv2_ref,1.25,4.85,903,0.25,0.97,0.2425,0.3975409836065574
401,User_DiT_1,3.57,3.0,903,0.714,0.6,0.42839999999999995,0.6520547945205478
401,User_DiT_2,1.43,2.0,903,0.286,0.4,0.1144,0.3335276967930029
401,User_DiT_3,3.57,2.0,903,0.714,0.4,0.2856,0.5127468581687613
401,Sys_RAEv2_ref,4.92,4.85,903,0.984,0.97,0.95448,0.976949846468782
402,User_DiT_1,2.86,4.0,903,0.572,0.8,0.4576,0.6670553935860059
402,User_DiT_2,2.86,4.0,903,0.572,0.8,0.4576,0.6670553935860059
402,User_DiT_3,0.71,4.0,903,0.142,0.8,0.11359999999999999,0.24118895966029721
402,Sys_RAEv2_ref,3.85,1.5,903,0.77,0.3,0.23099999999999998,0.4317757009345794
403,User_DiT_1,5.0,4.0,903,1.0,0.8,0.8,0.888888888888889
403,User_DiT_2,5.0,4.0,903,1.0,0.8,0.8,0.888888888888889
403,User_DiT_3,5.0,4.0,903,1.0,0.8,0.8,0.888888888888889
403,Sys_RAEv2_ref,1.25,1.85,903,0.25,0.37,0.0925,0.29838709677419356
404,User_DiT_1,0.0,4.0,903,0.0,0.8,0.0,0.0
404,User_DiT_2,3.57,4.0,903,0.714,0.8,0.5712,0.7545574636723911
404,User_DiT_3,0.0,3.0,903,0.0,0.6,0.0,0.0
404,Sys_RAEv2_ref,4.12,3.65,903,0.8240000000000001,0.73,0.60152,0.7741570141570142
405,User_DiT_1,4.29,3.0,917,0.858,0.6,0.5147999999999999,0.7061728395061727
405,User_DiT_2,4.29,3.0,917,0.858,0.6,0.5147999999999999,0.7061728395061727
405,User_DiT_3,4.29,3.0,917,0.858,0.6,0.5147999999999999,0.7061728395061727
405,Sys_RAEv2_ref,0.65,1.5,917,0.13,0.3,0.039,0.1813953488372093
406,User_DiT_1,0.0,2.0,917,0.0,0.4,0.0,0.0
406,User_DiT_2,3.0,2.0,917,0.6,0.4,0.24,0.48
406,User_DiT_3,5.0,2.0,917,1.0,0.4,0.4,0.5714285714285715
406,Sys_RAEv2_ref,0.85,1.2,917,0.16999999999999998,0.24,0.040799999999999996,0.19902439024390242
407,User_DiT_1,4.29,2.0,917,0.858,0.4,0.3432,0.5456279809220985
407,User_DiT_2,4.29,2.0,917,0.858,0.4,0.3432,0.5456279809220985
407,User_DiT_3,4.29,2.0,917,0.858,0.4,0.3432,0.5456279809220985
407,Sys_RAEv2_ref,4.12,2.85,917,0.8240000000000001,0.5700000000000001,0.4696800000000001,0.6738593974175037
408,User_DiT_1,3.57,2.0,917,0.714,0.4,0.2856,0.5127468581687613
408,User_DiT_2,3.57,2.0,917,0.714,0.4,0.2856,0.5127468581687613
408,User_DiT_3,2.86,2.0,917,0.572,0.4,0.2288,0.47078189300411527
408,Sys_RAEv2_ref,2.85,2.15,917,0.5700000000000001,0.43,0.2451,0.4902
409,User_DiT_1,4.17,1.0,917,0.834,0.2,0.1668,0.3226305609284333
409,User_DiT_2,4.17,1.0,917,0.834,0.2,0.1668,0.3226305609284333
409,User_DiT_3,3.33,3.0,917,0.666,0.6,0.3996,0.6312796208530805
409,Sys_RAEv2_ref,3.85,3.0,917,0.77,0.6,0.46199999999999997,0.6744525547445255
410,User_DiT_1,1.25,1.0,919,0.25,0.2,0.05,0.22222222222222224
410,User_DiT_2,1.25,1.0,919,0.25,0.2,0.05,0.22222222222222224
410,User_DiT_3,1.25,1.0,919,0.25,0.2,0.05,0.22222222222222224
410,Sys_RAEv2_ref,3.85,2.65,919,0.77,0.53,0.4081,0.6278461538461538
411,User_DiT_1,3.12,1.0,919,0.624,0.2,0.12480000000000001,0.3029126213592233
411,User_DiT_2,3.12,1.0,919,0.624,0.2,0.12480000000000001,0.3029126213592233
411,User_DiT_3,3.12,1.0,919,0.624,0.2,0.12480000000000001,0.3029126213592233
411,Sys_RAEv2_ref,2.85,1.42,919,0.5700000000000001,0.284,0.16188,0.3791100702576112
412,User_DiT_1,1.88,2.0,919,0.376,0.4,0.1504,0.38762886597938145
412,User_DiT_2,1.88,1.0,919,0.376,0.2,0.0752,0.26111111111111107
412,User_DiT_3,2.5,1.0,919,0.5,0.2,0.1,0.28571428571428575
412,Sys_RAEv2_ref,2.85,3.65,919,0.5700000000000001,0.73,0.4161,0.6401538461538462
413,User_DiT_1,2.5,1.0,919,0.5,0.2,0.1,0.28571428571428575
413,User_DiT_2,2.5,2.0,919,0.5,0.4,0.2,0.4444444444444445
413,User_DiT_3,2.5,1.0,919,0.5,0.2,0.1,0.28571428571428575
413,Sys_RAEv2_ref,2.85,1.92,919,0.5700000000000001,0.384,0.21888000000000002,0.4588679245283019
414,User_DiT_1,1.67,1.0,919,0.33399999999999996,0.2,0.0668,0.250187265917603
414,User_DiT_2,1.67,2.0,919,0.33399999999999996,0.4,0.1336,0.3640326975476839
414,User_DiT_3,1.11,1.0,919,0.22200000000000003,0.2,0.04440000000000001,0.2104265402843602
414,Sys_RAEv2_ref,3.85,2.15,919,0.77,0.43,0.3311,0.5518333333333334
415,User_DiT_1,5.0,2.0,920,1.0,0.4,0.4,0.5714285714285715
415,User_DiT_2,4.38,2.0,920,0.876,0.4,0.35040000000000004,0.5492163009404389
415,User_DiT_3,5.0,3.0,920,1.0,0.6,0.6,0.7499999999999999
415,Sys_RAEv2_ref,1.85,2.4,920,0.37,0.48,0.17759999999999998,0.4178823529411764
416,User_DiT_1,2.78,3.0,920,0.5559999999999999,0.6,0.33359999999999995,0.5771626297577854
416,User_DiT_2,2.78,2.0,920,0.5559999999999999,0.4,0.2224,0.46527196652719666
416,User_DiT_3,2.22,2.0,920,0.44400000000000006,0.4,0.17760000000000004,0.4208530805687204
416,Sys_RAEv2_ref,4.65,3.82,920,0.93,0.764,0.71052,0.8388665879574971
417,User_DiT_1,3.33,3.0,920,0.666,0.6,0.3996,0.6312796208530805
417,User_DiT_2,3.33,3.0,920,0.666,0.6,0.3996,0.6312796208530805
417,User_DiT_3,3.33,3.0,920,0.666,0.6,0.3996,0.6312796208530805
417,Sys_RAEv2_ref,2.85,2.1,920,0.5700000000000001,0.42000000000000004,0.23940000000000006,0.4836363636363637
418,User_DiT_1,3.33,2.0,920,0.666,0.4,0.2664,0.499812382739212
418,User_DiT_2,2.22,2.0,920,0.44400000000000006,0.4,0.17760000000000004,0.4208530805687204
418,User_DiT_3,4.44,2.0,920,0.8880000000000001,0.4,0.35520000000000007,0.5515527950310559
418,Sys_RAEv2_ref,4.15,3.85,920,0.8300000000000001,0.77,0.6391000000000001,0.7988750000000001
419,User_DiT_1,5.0,4.0,920,1.0,0.8,0.8,0.888888888888889
419,User_DiT_2,2.5,4.0,920,0.5,0.8,0.4,0.6153846153846154
419,User_DiT_3,5.0,4.0,920,1.0,0.8,0.8,0.888888888888889
419,Sys_RAEv2_ref,4.65,3.82,920,0.93,0.764,0.71052,0.8388665879574971
420,User_DiT_1,1.11,1.0,922,0.22200000000000003,0.2,0.04440000000000001,0.2104265402843602
420,User_DiT_2,0.0,1.0,922,0.0,0.2,0.0,0.0
420,User_DiT_3,0.0,1.0,922,0.0,0.2,0.0,0.0
420,Sys_RAEv2_ref,1.85,2.1,922,0.37,0.42000000000000004,0.1554,0.39341772151898735
421,User_DiT_1,2.22,1.0,922,0.44400000000000006,0.2,0.08880000000000002,0.27577639751552796
421,User_DiT_2,0.56,1.0,922,0.11200000000000002,0.2,0.022400000000000003,0.14358974358974358
421,User_DiT_3,2.22,1.0,922,0.44400000000000006,0.2,0.08880000000000002,0.27577639751552796
421,Sys_RAEv2_ref,0.85,1.2,922,0.16999999999999998,0.24,0.040799999999999996,0.19902439024390242
422,User_DiT_1,2.22,1.0,922,0.44400000000000006,0.2,0.08880000000000002,0.27577639751552796
422,User_DiT_2,2.22,1.0,922,0.44400000000000006,0.2,0.08880000000000002,0.27577639751552796
422,User_DiT_3,2.22,1.0,922,0.44400000000000006,0.2,0.08880000000000002,0.27577639751552796
422,Sys_RAEv2_ref,0.85,1.2,922,0.16999999999999998,0.24,0.040799999999999996,0.19902439024390242
423,User_DiT_1,2.86,1.0,922,0.572,0.2,0.1144,0.29637305699481864
423,User_DiT_2,0.0,1.0,922,0.0,0.2,0.0,0.0
423,User_DiT_3,0.0,1.0,922,0.0,0.2,0.0,0.0
423,Sys_RAEv2_ref,1.85,1.2,922,0.37,0.24,0.08879999999999999,0.2911475409836065
424,User_DiT_1,0.0,1.0,922,0.0,0.2,0.0,0.0
424,User_DiT_2,0.0,1.0,922,0.0,0.2,0.0,0.0
424,User_DiT_3,0.0,1.0,922,0.0,0.2,0.0,0.0
424,Sys_RAEv2_ref,0.85,1.2,922,0.16999999999999998,0.24,0.040799999999999996,0.19902439024390242
425,User_DiT_1,5.0,4.0,928,1.0,0.8,0.8,0.888888888888889
425,User_DiT_2,5.0,4.0,928,1.0,0.8,0.8,0.888888888888889
425,User_DiT_3,5.0,4.0,928,1.0,0.8,0.8,0.888888888888889
425,Sys_RAEv2_ref,4.85,3.2,928,0.97,0.64,0.6208,0.7711801242236026
426,User_DiT_1,3.33,2.0,928,0.666,0.4,0.2664,0.499812382739212
426,User_DiT_2,3.33,3.0,928,0.666,0.6,0.3996,0.6312796208530805
426,User_DiT_3,3.33,2.0,928,0.666,0.4,0.2664,0.499812382739212
426,Sys_RAEv2_ref,4.85,3.8,928,0.97,0.76,0.7372,0.8522543352601156
427,User_DiT_1,4.44,3.0,928,0.8880000000000001,0.6,0.5328,0.7161290322580646
427,User_DiT_2,4.44,3.0,928,0.8880000000000001,0.6,0.5328,0.7161290322580646
427,User_DiT_3,3.75,4.0,928,0.75,0.8,0.6000000000000001,0.7741935483870969
427,Sys_RAEv2_ref,3.85,2.45,928,0.77,0.49000000000000005,0.3773,0.5988888888888889
428,User_DiT_1,5.0,4.0,928,1.0,0.8,0.8,0.888888888888889
428,User_DiT_2,3.33,3.0,928,0.666,0.6,0.3996,0.6312796208530805
428,User_DiT_3,3.33,3.0,928,0.666,0.6,0.3996,0.6312796208530805
428,Sys_RAEv2_ref,4.12,2.85,928,0.8240000000000001,0.5700000000000001,0.4696800000000001,0.6738593974175037
429,User_DiT_1,0.0,4.0,928,0.0,0.8,0.0,0.0
429,User_DiT_2,0.0,4.0,928,0.0,0.8,0.0,0.0
429,User_DiT_3,0.0,4.0,928,0.0,0.8,0.0,0.0
429,Sys_RAEv2_ref,4.92,4.85,928,0.984,0.97,0.95448,0.976949846468782
430,User_DiT_1,5.0,4.0,931,1.0,0.8,0.8,0.888888888888889
430,User_DiT_2,5.0,4.0,931,1.0,0.8,0.8,0.888888888888889
430,User_DiT_3,5.0,4.0,931,1.0,0.8,0.8,0.888888888888889
430,Sys_RAEv2_ref,4.85,4.2,931,0.97,0.8400000000000001,0.8148000000000001,0.9003314917127072
431,User_DiT_1,5.0,4.0,931,1.0,0.8,0.8,0.888888888888889
431,User_DiT_2,5.0,4.0,931,1.0,0.8,0.8,0.888888888888889
431,User_DiT_3,5.0,4.0,931,1.0,0.8,0.8,0.888888888888889
431,Sys_RAEv2_ref,4.72,4.35,931,0.944,0.8699999999999999,0.8212799999999999,0.9054906284454245
432,User_DiT_1,4.38,1.0,931,0.876,0.2,0.17520000000000002,0.32565055762081785
432,User_DiT_2,4.38,1.0,931,0.876,0.2,0.17520000000000002,0.32565055762081785
432,User_DiT_3,4.38,1.0,931,0.876,0.2,0.17520000000000002,0.32565055762081785
432,Sys_RAEv2_ref,3.42,3.15,931,0.6839999999999999,0.63,0.43091999999999997,0.655890410958904
433,User_DiT_1,3.12,4.0,931,0.624,0.8,0.49920000000000003,0.7011235955056181
433,User_DiT_2,4.44,4.0,931,0.8880000000000001,0.8,0.7104000000000001,0.8417061611374408
433,User_DiT_3,4.44,4.0,931,0.8880000000000001,0.8,0.7104000000000001,0.8417061611374408
433,Sys_RAEv2_ref,4.65,2.85,931,0.93,0.5700000000000001,0.5301000000000001,0.7068000000000002
434,User_DiT_1,4.44,4.0,931,0.8880000000000001,0.8,0.7104000000000001,0.8417061611374408
434,User_DiT_2,5.0,4.0,931,1.0,0.8,0.8,0.888888888888889
434,User_DiT_3,4.44,5.0,931,0.8880000000000001,1.0,0.8880000000000001,0.940677966101695
434,Sys_RAEv2_ref,4.65,3.85,931,0.93,0.77,0.7161000000000001,0.8424705882352941
435,User_DiT_1,4.0,3.0,943,0.8,0.6,0.48,0.6857142857142857
435,User_DiT_2,4.0,3.0,943,0.8,0.6,0.48,0.6857142857142857
435,User_DiT_3,4.0,3.0,943,0.8,0.6,0.48,0.6857142857142857
435,Sys_RAEv2_ref,3.45,2.8,943,0.6900000000000001,0.5599999999999999,0.38639999999999997,0.6182399999999999
436,User_DiT_1,5.0,4.0,943,1.0,0.8,0.8,0.888888888888889
436,User_DiT_2,5.0,3.0,943,1.0,0.6,0.6,0.7499999999999999
436,User_DiT_3,5.0,4.0,943,1.0,0.8,0.8,0.888888888888889
436,Sys_RAEv2_ref,4.85,3.72,943,0.97,0.744,0.72168,0.842100350058343
437,User_DiT_1,5.0,5.0,943,1.0,1.0,1.0,1.0
437,User_DiT_2,5.0,4.0,943,1.0,0.8,0.8,0.888888888888889
437,User_DiT_3,5.0,4.0,943,1.0,0.8,0.8,0.888888888888889
437,Sys_RAEv2_ref,3.85,3.6,943,0.77,0.72,0.5544,0.7441610738255033
438,User_DiT_1,2.5,3.0,943,0.5,0.6,0.3,0.5454545454545454
438,User_DiT_2,2.5,3.0,943,0.5,0.6,0.3,0.5454545454545454
438,User_DiT_3,2.5,3.0,943,0.5,0.6,0.3,0.5454545454545454
438,Sys_RAEv2_ref,4.65,3.25,943,0.93,0.65,0.6045,0.7651898734177215
439,User_DiT_1,5.0,4.0,943,1.0,0.8,0.8,0.888888888888889
439,User_DiT_2,5.0,4.0,943,1.0,0.8,0.8,0.888888888888889
439,User_DiT_3,5.0,3.0,943,1.0,0.6,0.6,0.7499999999999999
439,Sys_RAEv2_ref,4.85,3.72,943,0.97,0.744,0.72168,0.842100350058343
440,User_DiT_1,4.17,5.0,952,0.834,1.0,0.834,0.9094874591057797
440,User_DiT_2,4.0,5.0,952,0.8,1.0,0.8,0.888888888888889
440,User_DiT_3,4.17,5.0,952,0.834,1.0,0.834,0.9094874591057797
440,Sys_RAEv2_ref,5.0,5.0,952,1.0,1.0,1.0,1.0
441,User_DiT_1,5.0,5.0,952,1.0,1.0,1.0,1.0
441,User_DiT_2,5.0,5.0,952,1.0,1.0,1.0,1.0
441,User_DiT_3,5.0,4.0,952,1.0,0.8,0.8,0.888888888888889
441,Sys_RAEv2_ref,4.12,3.65,952,0.8240000000000001,0.73,0.60152,0.7741570141570142
442,User_DiT_1,5.0,5.0,952,1.0,1.0,1.0,1.0
442,User_DiT_2,5.0,4.0,952,1.0,0.8,0.8,0.888888888888889
442,User_DiT_3,5.0,4.0,952,1.0,0.8,0.8,0.888888888888889
442,Sys_RAEv2_ref,4.98,4.95,952,0.9960000000000001,0.99,0.9860400000000001,0.9929909365558913
443,User_DiT_1,5.0,5.0,952,1.0,1.0,1.0,1.0
443,User_DiT_2,5.0,5.0,952,1.0,1.0,1.0,1.0
443,User_DiT_3,5.0,5.0,952,1.0,1.0,1.0,1.0
443,Sys_RAEv2_ref,4.85,4.72,952,0.97,0.944,0.9156799999999999,0.9568234064785789
444,User_DiT_1,5.0,3.0,952,1.0,0.6,0.6,0.7499999999999999
444,User_DiT_2,5.0,4.0,952,1.0,0.8,0.8,0.888888888888889
444,User_DiT_3,5.0,4.0,952,1.0,0.8,0.8,0.888888888888889
444,Sys_RAEv2_ref,5.0,5.0,952,1.0,1.0,1.0,1.0
445,User_DiT_1,5.0,4.0,960,1.0,0.8,0.8,0.888888888888889
445,User_DiT_2,5.0,4.0,960,1.0,0.8,0.8,0.888888888888889
445,User_DiT_3,5.0,4.0,960,1.0,0.8,0.8,0.888888888888889
445,Sys_RAEv2_ref,4.85,3.2,960,0.97,0.64,0.6208,0.7711801242236026
446,User_DiT_1,5.0,4.0,960,1.0,0.8,0.8,0.888888888888889
446,User_DiT_2,5.0,4.0,960,1.0,0.8,0.8,0.888888888888889
446,User_DiT_3,5.0,4.0,960,1.0,0.8,0.8,0.888888888888889
446,Sys_RAEv2_ref,4.85,3.65,960,0.97,0.73,0.7081,0.8330588235294117
447,User_DiT_1,3.57,2.0,960,0.714,0.4,0.2856,0.5127468581687613
447,User_DiT_2,3.57,2.0,960,0.714,0.4,0.2856,0.5127468581687613
447,User_DiT_3,5.0,2.0,960,1.0,0.4,0.4,0.5714285714285715
447,Sys_RAEv2_ref,4.65,2.85,960,0.93,0.5700000000000001,0.5301000000000001,0.7068000000000002
448,User_DiT_1,5.0,3.0,960,1.0,0.6,0.6,0.7499999999999999
448,User_DiT_2,5.0,3.0,960,1.0,0.6,0.6,0.7499999999999999
448,User_DiT_3,5.0,1.0,960,1.0,0.2,0.2,0.33333333333333337
448,Sys_RAEv2_ref,4.65,2.85,960,0.93,0.5700000000000001,0.5301000000000001,0.7068000000000002
449,User_DiT_1,5.0,4.0,960,1.0,0.8,0.8,0.888888888888889
449,User_DiT_2,5.0,4.0,960,1.0,0.8,0.8,0.888888888888889
449,User_DiT_3,5.0,3.0,960,1.0,0.6,0.6,0.7499999999999999
449,Sys_RAEv2_ref,4.85,3.8,960,0.97,0.76,0.7372,0.8522543352601156
450,User_DiT_1,5.0,4.0,962,1.0,0.8,0.8,0.888888888888889
450,User_DiT_2,5.0,4.0,962,1.0,0.8,0.8,0.888888888888889
450,User_DiT_3,5.0,4.0,962,1.0,0.8,0.8,0.888888888888889
450,Sys_RAEv2_ref,3.82,2.45,962,0.764,0.49000000000000005,0.37436,0.5970653907496013
451,User_DiT_1,5.0,4.0,962,1.0,0.8,0.8,0.888888888888889
451,User_DiT_2,5.0,4.0,962,1.0,0.8,0.8,0.888888888888889
451,User_DiT_3,5.0,4.0,962,1.0,0.8,0.8,0.888888888888889
451,Sys_RAEv2_ref,4.85,3.65,962,0.97,0.73,0.7081,0.8330588235294117
452,User_DiT_1,5.0,4.0,962,1.0,0.8,0.8,0.888888888888889
452,User_DiT_2,5.0,4.0,962,1.0,0.8,0.8,0.888888888888889
452,User_DiT_3,5.0,4.0,962,1.0,0.8,0.8,0.888888888888889
452,Sys_RAEv2_ref,4.85,3.2,962,0.97,0.64,0.6208,0.7711801242236026
453,User_DiT_1,5.0,4.0,962,1.0,0.8,0.8,0.888888888888889
453,User_DiT_2,5.0,4.0,962,1.0,0.8,0.8,0.888888888888889
453,User_DiT_3,5.0,4.0,962,1.0,0.8,0.8,0.888888888888889
453,Sys_RAEv2_ref,3.85,3.72,962,0.77,0.744,0.5728800000000001,0.756776750330251
454,User_DiT_1,4.38,2.0,962,0.876,0.4,0.35040000000000004,0.5492163009404389
454,User_DiT_2,4.38,3.0,962,0.876,0.6,0.5256,0.7121951219512195
454,User_DiT_3,4.38,2.0,962,0.876,0.4,0.35040000000000004,0.5492163009404389
454,Sys_RAEv2_ref,3.45,3.82,962,0.6900000000000001,0.764,0.5271600000000001,0.7251169188445667
455,User_DiT_1,2.86,2.0,968,0.572,0.4,0.2288,0.47078189300411527
455,User_DiT_2,2.14,4.0,968,0.42800000000000005,0.8,0.34240000000000004,0.5576547231270358
455,User_DiT_3,2.14,3.0,968,0.42800000000000005,0.6,0.25680000000000003,0.4996108949416343
455,Sys_RAEv2_ref,2.85,2.15,968,0.5700000000000001,0.43,0.2451,0.4902
456,User_DiT_1,5.0,4.0,968,1.0,0.8,0.8,0.888888888888889
456,User_DiT_2,5.0,4.0,968,1.0,0.8,0.8,0.888888888888889
456,User_DiT_3,5.0,4.0,968,1.0,0.8,0.8,0.888888888888889
456,Sys_RAEv2_ref,4.65,3.85,968,0.93,0.77,0.7161000000000001,0.8424705882352941
457,User_DiT_1,5.0,5.0,968,1.0,1.0,1.0,1.0
457,User_DiT_2,5.0,5.0,968,1.0,1.0,1.0,1.0
457,User_DiT_3,5.0,5.0,968,1.0,1.0,1.0,1.0
457,Sys_RAEv2_ref,0.15,2.85,968,0.03,0.5700000000000001,0.0171,0.056999999999999995
458,User_DiT_1,5.0,2.0,968,1.0,0.4,0.4,0.5714285714285715
458,User_DiT_2,5.0,3.0,968,1.0,0.6,0.6,0.7499999999999999
458,User_DiT_3,4.29,4.0,968,0.858,0.8,0.6864,0.8279855247285887
458,Sys_RAEv2_ref,4.85,1.5,968,0.97,0.3,0.291,0.458267716535433
459,User_DiT_1,5.0,3.0,968,1.0,0.6,0.6,0.7499999999999999
459,User_DiT_2,5.0,3.0,968,1.0,0.6,0.6,0.7499999999999999
459,User_DiT_3,5.0,3.0,968,1.0,0.6,0.6,0.7499999999999999
459,Sys_RAEv2_ref,3.85,3.42,968,0.77,0.6839999999999999,0.5266799999999999,0.7244566712517193
460,User_DiT_1,4.38,4.0,971,0.876,0.8,0.7008000000000001,0.8362768496420048
460,User_DiT_2,4.38,4.0,971,0.876,0.8,0.7008000000000001,0.8362768496420048
460,User_DiT_3,4.38,4.0,971,0.876,0.8,0.7008000000000001,0.8362768496420048
460,Sys_RAEv2_ref,3.85,2.4,971,0.77,0.48,0.3696,0.59136
461,User_DiT_1,4.38,2.0,971,0.876,0.4,0.35040000000000004,0.5492163009404389
461,User_DiT_2,4.38,2.0,971,0.876,0.4,0.35040000000000004,0.5492163009404389
461,User_DiT_3,4.38,2.0,971,0.876,0.4,0.35040000000000004,0.5492163009404389
461,Sys_RAEv2_ref,4.15,3.85,971,0.8300000000000001,0.77,0.6391000000000001,0.7988750000000001
462,User_DiT_1,4.29,3.0,971,0.858,0.6,0.5147999999999999,0.7061728395061727
462,User_DiT_2,4.29,2.0,971,0.858,0.4,0.3432,0.5456279809220985
462,User_DiT_3,4.29,4.0,971,0.858,0.8,0.6864,0.8279855247285887
462,Sys_RAEv2_ref,2.15,1.85,971,0.43,0.37,0.1591,0.39774999999999994
463,User_DiT_1,4.38,1.0,971,0.876,0.2,0.17520000000000002,0.32565055762081785
463,User_DiT_2,0.0,1.0,971,0.0,0.2,0.0,0.0
463,User_DiT_3,0.0,2.0,971,0.0,0.4,0.0,0.0
463,Sys_RAEv2_ref,3.45,3.82,971,0.6900000000000001,0.764,0.5271600000000001,0.7251169188445667
464,User_DiT_1,4.38,2.0,971,0.876,0.4,0.35040000000000004,0.5492163009404389
464,User_DiT_2,4.38,4.0,971,0.876,0.8,0.7008000000000001,0.8362768496420048
464,User_DiT_3,4.38,4.0,971,0.876,0.8,0.7008000000000001,0.8362768496420048
464,Sys_RAEv2_ref,4.85,3.72,971,0.97,0.744,0.72168,0.842100350058343
465,User_DiT_1,5.0,4.0,972,1.0,0.8,0.8,0.888888888888889
465,User_DiT_2,5.0,3.0,972,1.0,0.6,0.6,0.7499999999999999
465,User_DiT_3,5.0,3.0,972,1.0,0.6,0.6,0.7499999999999999
465,Sys_RAEv2_ref,4.65,3.2,972,0.93,0.64,0.5952000000000001,0.7582165605095542
466,User_DiT_1,2.5,1.0,972,0.5,0.2,0.1,0.28571428571428575
466,User_DiT_2,2.22,1.0,972,0.44400000000000006,0.2,0.08880000000000002,0.27577639751552796
466,User_DiT_3,2.22,1.0,972,0.44400000000000006,0.2,0.08880000000000002,0.27577639751552796
466,Sys_RAEv2_ref,4.65,4.82,972,0.93,0.9640000000000001,0.8965200000000001,0.9466948257655755
467,User_DiT_1,5.0,5.0,972,1.0,1.0,1.0,1.0
467,User_DiT_2,5.0,5.0,972,1.0,1.0,1.0,1.0
467,User_DiT_3,5.0,4.0,972,1.0,0.8,0.8,0.888888888888889
467,Sys_RAEv2_ref,4.65,4.92,972,0.93,0.984,0.91512,0.9562382445141066
468,User_DiT_1,1.25,4.0,972,0.25,0.8,0.2,0.38095238095238093
468,User_DiT_2,1.88,4.0,972,0.376,0.8,0.3008,0.5115646258503401
468,User_DiT_3,2.78,3.0,972,0.5559999999999999,0.6,0.33359999999999995,0.5771626297577854
468,Sys_RAEv2_ref,1.35,4.2,972,0.27,0.8400000000000001,0.22680000000000003,0.40864864864864864
469,User_DiT_1,4.29,1.0,972,0.858,0.2,0.1716,0.3243856332703213
469,User_DiT_2,3.75,1.0,972,0.75,0.2,0.15000000000000002,0.31578947368421056
469,User_DiT_3,4.29,1.0,972,0.858,0.2,0.1716,0.3243856332703213
469,Sys_RAEv2_ref,4.25,4.92,972,0.85,0.984,0.8363999999999999,0.9121046892039257
470,User_DiT_1,1.67,2.0,981,0.33399999999999996,0.4,0.1336,0.3640326975476839
470,User_DiT_2,3.33,2.0,981,0.666,0.4,0.2664,0.499812382739212
470,User_DiT_3,3.33,2.0,981,0.666,0.4,0.2664,0.499812382739212
470,Sys_RAEv2_ref,4.15,1.5,981,0.8300000000000001,0.3,0.249,0.44070796460176986
471,User_DiT_1,3.75,1.0,981,0.75,0.2,0.15000000000000002,0.31578947368421056
471,User_DiT_2,3.75,1.0,981,0.75,0.2,0.15000000000000002,0.31578947368421056
471,User_DiT_3,0.71,1.0,981,0.142,0.2,0.028399999999999998,0.16608187134502925
471,Sys_RAEv2_ref,2.85,1.5,981,0.5700000000000001,0.3,0.171,0.3931034482758621
472,User_DiT_1,4.29,2.0,981,0.858,0.4,0.3432,0.5456279809220985
472,User_DiT_2,5.0,2.0,981,1.0,0.4,0.4,0.5714285714285715
472,User_DiT_3,3.57,2.0,981,0.714,0.4,0.2856,0.5127468581687613
472,Sys_RAEv2_ref,4.65,1.5,981,0.93,0.3,0.279,0.4536585365853659
473,User_DiT_1,4.38,2.0,981,0.876,0.4,0.35040000000000004,0.5492163009404389
473,User_DiT_2,4.38,2.0,981,0.876,0.4,0.35040000000000004,0.5492163009404389
473,User_DiT_3,5.0,2.0,981,1.0,0.4,0.4,0.5714285714285715
473,Sys_RAEv2_ref,2.85,1.5,981,0.5700000000000001,0.3,0.171,0.3931034482758621
474,User_DiT_1,3.57,2.0,981,0.714,0.4,0.2856,0.5127468581687613
474,User_DiT_2,4.29,2.0,981,0.858,0.4,0.3432,0.5456279809220985
474,User_DiT_3,4.29,2.0,981,0.858,0.4,0.3432,0.5456279809220985
474,Sys_RAEv2_ref,2.85,1.5,981,0.5700000000000001,0.3,0.171,0.3931034482758621
475,User_DiT_1,3.57,2.0,982,0.714,0.4,0.2856,0.5127468581687613
475,User_DiT_2,3.57,2.0,982,0.714,0.4,0.2856,0.5127468581687613
475,User_DiT_3,3.57,3.0,982,0.714,0.6,0.42839999999999995,0.6520547945205478
475,Sys_RAEv2_ref,0.15,1.5,982,0.03,0.3,0.009,0.05454545454545455
476,User_DiT_1,0.0,2.0,982,0.0,0.4,0.0,0.0
476,User_DiT_2,2.5,2.0,982,0.5,0.4,0.2,0.4444444444444445
476,User_DiT_3,0.0,2.0,982,0.0,0.4,0.0,0.0
476,Sys_RAEv2_ref,3.85,1.5,982,0.77,0.3,0.23099999999999998,0.4317757009345794
477,User_DiT_1,2.86,1.0,982,0.572,0.2,0.1144,0.29637305699481864
477,User_DiT_2,2.86,1.0,982,0.572,0.2,0.1144,0.29637305699481864
477,User_DiT_3,2.86,1.0,982,0.572,0.2,0.1144,0.29637305699481864
477,Sys_RAEv2_ref,4.12,1.5,982,0.8240000000000001,0.3,0.2472,0.43985765124555154
478,User_DiT_1,2.0,1.0,982,0.4,0.2,0.08000000000000002,0.26666666666666666
478,User_DiT_2,0.0,1.0,982,0.0,0.2,0.0,0.0
478,User_DiT_3,2.0,1.0,982,0.4,0.2,0.08000000000000002,0.26666666666666666
478,Sys_RAEv2_ref,4.12,3.85,982,0.8240000000000001,0.77,0.63448,0.7960853199498118
479,User_DiT_1,2.86,2.0,982,0.572,0.4,0.2288,0.47078189300411527
479,User_DiT_2,3.57,2.0,982,0.714,0.4,0.2856,0.5127468581687613
479,User_DiT_3,2.86,2.0,982,0.572,0.4,0.2288,0.47078189300411527
479,Sys_RAEv2_ref,4.65,3.85,982,0.93,0.77,0.7161000000000001,0.8424705882352941
480,User_DiT_1,5.0,3.0,983,1.0,0.6,0.6,0.7499999999999999
480,User_DiT_2,5.0,3.0,983,1.0,0.6,0.6,0.7499999999999999
480,User_DiT_3,5.0,3.0,983,1.0,0.6,0.6,0.7499999999999999
480,Sys_RAEv2_ref,4.85,3.0,983,0.97,0.6,0.582,0.7414012738853504
481,User_DiT_1,5.0,3.0,983,1.0,0.6,0.6,0.7499999999999999
481,User_DiT_2,5.0,3.0,983,1.0,0.6,0.6,0.7499999999999999
481,User_DiT_3,5.0,3.0,983,1.0,0.6,0.6,0.7499999999999999
481,Sys_RAEv2_ref,4.65,3.85,983,0.93,0.77,0.7161000000000001,0.8424705882352941
482,User_DiT_1,5.0,3.0,983,1.0,0.6,0.6,0.7499999999999999
482,User_DiT_2,5.0,3.0,983,1.0,0.6,0.6,0.7499999999999999
482,User_DiT_3,5.0,4.0,983,1.0,0.8,0.8,0.888888888888889
482,Sys_RAEv2_ref,3.65,2.15,983,0.73,0.43,0.3139,0.5412068965517242
483,User_DiT_1,5.0,3.0,983,1.0,0.6,0.6,0.7499999999999999
483,User_DiT_2,5.0,4.0,983,1.0,0.8,0.8,0.888888888888889
483,User_DiT_3,5.0,2.0,983,1.0,0.4,0.4,0.5714285714285715
483,Sys_RAEv2_ref,2.85,1.95,983,0.5700000000000001,0.39,0.22230000000000003,0.463125
484,User_DiT_1,4.44,4.0,983,0.8880000000000001,0.8,0.7104000000000001,0.8417061611374408
484,User_DiT_2,4.44,3.0,983,0.8880000000000001,0.6,0.5328,0.7161290322580646
484,User_DiT_3,4.44,2.0,983,0.8880000000000001,0.4,0.35520000000000007,0.5515527950310559
484,Sys_RAEv2_ref,4.65,3.82,983,0.93,0.764,0.71052,0.8388665879574971
485,User_DiT_1,3.0,4.0,985,0.6,0.8,0.48,0.6857142857142857
485,User_DiT_2,3.0,4.0,985,0.6,0.8,0.48,0.6857142857142857
485,User_DiT_3,3.0,4.0,985,0.6,0.8,0.48,0.6857142857142857
485,Sys_RAEv2_ref,4.15,3.85,985,0.8300000000000001,0.77,0.6391000000000001,0.7988750000000001
486,User_DiT_1,0.0,3.0,985,0.0,0.6,0.0,0.0
486,User_DiT_2,0.0,3.0,985,0.0,0.6,0.0,0.0
486,User_DiT_3,0.0,3.0,985,0.0,0.6,0.0,0.0
486,Sys_RAEv2_ref,4.98,4.99,985,0.9960000000000001,0.998,0.9940080000000001,0.9969989969909729
487,User_DiT_1,5.0,4.0,985,1.0,0.8,0.8,0.888888888888889
487,User_DiT_2,5.0,4.0,985,1.0,0.8,0.8,0.888888888888889
487,User_DiT_3,5.0,4.0,985,1.0,0.8,0.8,0.888888888888889
487,Sys_RAEv2_ref,4.92,4.85,985,0.984,0.97,0.95448,0.976949846468782
488,User_DiT_1,5.0,4.0,985,1.0,0.8,0.8,0.888888888888889
488,User_DiT_2,5.0,4.0,985,1.0,0.8,0.8,0.888888888888889
488,User_DiT_3,5.0,5.0,985,1.0,1.0,1.0,1.0
488,Sys_RAEv2_ref,4.92,4.95,985,0.984,0.99,0.97416,0.9869908814589666
489,User_DiT_1,5.0,4.0,985,1.0,0.8,0.8,0.888888888888889
489,User_DiT_2,5.0,4.0,985,1.0,0.8,0.8,0.888888888888889
489,User_DiT_3,5.0,4.0,985,1.0,0.8,0.8,0.888888888888889
489,Sys_RAEv2_ref,5.0,5.0,985,1.0,1.0,1.0,1.0
490,User_DiT_1,5.0,4.0,991,1.0,0.8,0.8,0.888888888888889
490,User_DiT_2,5.0,5.0,991,1.0,1.0,1.0,1.0
490,User_DiT_3,5.0,5.0,991,1.0,1.0,1.0,1.0
490,Sys_RAEv2_ref,3.82,2.45,991,0.764,0.49000000000000005,0.37436,0.5970653907496013
491,User_DiT_1,4.44,4.0,991,0.8880000000000001,0.8,0.7104000000000001,0.8417061611374408
491,User_DiT_2,4.44,4.0,991,0.8880000000000001,0.8,0.7104000000000001,0.8417061611374408
491,User_DiT_3,3.89,4.0,991,0.778,0.8,0.6224000000000001,0.7888466413181242
491,Sys_RAEv2_ref,4.65,4.92,991,0.93,0.984,0.91512,0.9562382445141066
492,User_DiT_1,5.0,4.0,991,1.0,0.8,0.8,0.888888888888889
492,User_DiT_2,5.0,5.0,991,1.0,1.0,1.0,1.0
492,User_DiT_3,5.0,5.0,991,1.0,1.0,1.0,1.0
492,Sys_RAEv2_ref,4.65,3.85,991,0.93,0.77,0.7161000000000001,0.8424705882352941
493,User_DiT_1,5.0,5.0,991,1.0,1.0,1.0,1.0
493,User_DiT_2,5.0,3.0,991,1.0,0.6,0.6,0.7499999999999999
493,User_DiT_3,5.0,4.0,991,1.0,0.8,0.8,0.888888888888889
493,Sys_RAEv2_ref,4.92,4.85,991,0.984,0.97,0.95448,0.976949846468782
494,User_DiT_1,5.0,5.0,991,1.0,1.0,1.0,1.0
494,User_DiT_2,4.0,5.0,991,0.8,1.0,0.8,0.888888888888889
494,User_DiT_3,5.0,4.0,991,1.0,0.8,0.8,0.888888888888889
494,Sys_RAEv2_ref,4.85,2.65,991,0.97,0.53,0.5141,0.6854666666666667
495,User_DiT_1,5.0,3.0,999,1.0,0.6,0.6,0.7499999999999999
495,User_DiT_2,5.0,3.0,999,1.0,0.6,0.6,0.7499999999999999
495,User_DiT_3,5.0,3.0,999,1.0,0.6,0.6,0.7499999999999999
495,Sys_RAEv2_ref,4.85,3.65,999,0.97,0.73,0.7081,0.8330588235294117
496,User_DiT_1,0.56,2.0,999,0.11200000000000002,0.4,0.044800000000000006,0.17500000000000002
496,User_DiT_2,0.56,2.0,999,0.11200000000000002,0.4,0.044800000000000006,0.17500000000000002
496,User_DiT_3,5.0,2.0,999,1.0,0.4,0.4,0.5714285714285715
496,Sys_RAEv2_ref,4.65,3.82,999,0.93,0.764,0.71052,0.8388665879574971
497,User_DiT_1,5.0,2.0,999,1.0,0.4,0.4,0.5714285714285715
497,User_DiT_2,5.0,2.0,999,1.0,0.4,0.4,0.5714285714285715
497,User_DiT_3,5.0,4.0,999,1.0,0.8,0.8,0.888888888888889
497,Sys_RAEv2_ref,4.85,3.65,999,0.97,0.73,0.7081,0.8330588235294117
498,User_DiT_1,5.0,3.0,999,1.0,0.6,0.6,0.7499999999999999
498,User_DiT_2,5.0,3.0,999,1.0,0.6,0.6,0.7499999999999999
498,User_DiT_3,5.0,3.0,999,1.0,0.6,0.6,0.7499999999999999
498,Sys_RAEv2_ref,4.12,2.85,999,0.8240000000000001,0.5700000000000001,0.4696800000000001,0.6738593974175037
499,User_DiT_1,5.0,3.0,999,1.0,0.6,0.6,0.7499999999999999
499,User_DiT_2,5.0,3.0,999,1.0,0.6,0.6,0.7499999999999999
499,User_DiT_3,5.0,3.0,999,1.0,0.6,0.6,0.7499999999999999
499,Sys_RAEv2_ref,4.85,2.15,999,0.97,0.43,0.41709999999999997,0.5958571428571429
