image_id,source,alignment_score,artifact_score,class_id,alignment_norm,artifact_norm,composite_product,composite_harmonic
0,Sys_IMF_ref_1,4.65,3.2,4,0.93,0.64,0.5952000000000001,0.7582165605095542
0,Sys_IMF_ref_2,4.65,3.82,4,0.93,0.764,0.71052,0.8388665879574971
0,Sys_IMF_ref_3,4.65,3.85,4,0.93,0.77,0.7161000000000001,0.8424705882352941
0,User_IMF_1,5.0,3.0,4,1.0,0.6,0.6,0.7499999999999999
0,User_IMF_2,5.0,4.0,4,1.0,0.8,0.8,0.888888888888889
0,User_IMF_3,5.0,4.0,4,1.0,0.8,0.8,0.888888888888889
1,Sys_IMF_ref_1,4.82,1.35,4,0.9640000000000001,0.27,0.26028,0.42184764991896273
1,Sys_IMF_ref_2,4.65,1.85,4,0.93,0.37,0.3441,0.5293846153846153
1,Sys_IMF_ref_3,4.65,1.85,4,0.93,0.37,0.3441,0.5293846153846153
1,User_IMF_1,5.0,1.0,4,1.0,0.2,0.2,0.33333333333333337
1,User_IMF_2,5.0,2.0,4,1.0,0.4,0.4,0.5714285714285715
1,User_IMF_3,5.0,1.0,4,1.0,0.2,0.2,0.33333333333333337
2,Sys_IMF_ref_1,4.15,2.35,4,0.8300000000000001,0.47000000000000003,0.39010000000000006,0.6001538461538463
2,Sys_IMF_ref_2,4.15,2.85,4,0.8300000000000001,0.5700000000000001,0.4731000000000001,0.6758571428571429
2,Sys_IMF_ref_3,4.82,2.35,4,0.9640000000000001,0.47000000000000003,0.45308000000000004,0.6319107391910739
2,User_IMF_1,4.38,2.0,4,0.876,0.4,0.35040000000000004,0.5492163009404389
2,User_IMF_2,4.38,2.0,4,0.876,0.4,0.35040000000000004,0.5492163009404389
2,User_IMF_3,4.38,3.0,4,0.876,0.6,0.5256,0.7121951219512195
3,Sys_IMF_ref_1,4.12,2.85,4,0.8240000000000001,0.5700000000000001,0.4696800000000001,0.6738593974175037
3,Sys_IMF_ref_2,3.85,2.15,4,0.77,0.43,0.3311,0.5518333333333334
3,Sys_IMF_ref_3,4.15,2.85,4,0.8300000000000001,0.5700000000000001,0.4731000000000001,0.6758571428571429
3,User_IMF_1,3.33,3.0,4,0.666,0.6,0.3996,0.6312796208530805
3,User_IMF_2,5.0,3.0,4,1.0,0.6,0.6,0.7499999999999999
3,User_IMF_3,3.33,3.0,4,0.666,0.6,0.3996,0.6312796208530805
4,Sys_IMF_ref_1,4.65,2.85,4,0.93,0.5700000000000001,0.5301000000000001,0.7068000000000002
4,Sys_IMF_ref_2,4.65,3.2,4,0.93,0.64,0.5952000000000001,0.7582165605095542
4,Sys_IMF_ref_3,4.65,2.85,4,0.93,0.5700000000000001,0.5301000000000001,0.7068000000000002
4,User_IMF_1,5.0,3.0,4,1.0,0.6,0.6,0.7499999999999999
4,User_IMF_2,5.0,4.0,4,1.0,0.8,0.8,0.888888888888889
4,User_IMF_3,5.0,3.0,4,1.0,0.6,0.6,0.7499999999999999
5,Sys_IMF_ref_1,4.15,2.0,7,0.8300000000000001,0.4,0.3320000000000001,0.5398373983739838
5,Sys_IMF_ref_2,4.12,2.0,7,0.8240000000000001,0.4,0.32960000000000006,0.538562091503268
5,Sys_IMF_ref_3,4.15,2.0,7,0.8300000000000001,0.4,0.3320000000000001,0.5398373983739838
5,User_IMF_1,3.64,2.0,7,0.728,0.4,0.2912,0.5163120567375886
5,User_IMF_2,3.64,2.0,7,0.728,0.4,0.2912,0.5163120567375886
5,User_IMF_3,4.55,2.0,7,0.9099999999999999,0.4,0.364,0.5557251908396946
6,Sys_IMF_ref_1,4.65,3.85,7,0.93,0.77,0.7161000000000001,0.8424705882352941
6,Sys_IMF_ref_2,4.15,1.5,7,0.8300000000000001,0.3,0.249,0.44070796460176986
6,Sys_IMF_ref_3,4.15,2.85,7,0.8300000000000001,0.5700000000000001,0.4731000000000001,0.6758571428571429
6,User_IMF_1,4.44,4.0,7,0.8880000000000001,0.8,0.7104000000000001,0.8417061611374408
6,User_IMF_2,4.44,3.0,7,0.8880000000000001,0.6,0.5328,0.7161290322580646
6,User_IMF_3,4.44,3.0,7,0.8880000000000001,0.6,0.5328,0.7161290322580646
7,Sys_IMF_ref_1,2.85,1.5,7,0.5700000000000001,0.3,0.171,0.3931034482758621
7,Sys_IMF_ref_2,3.15,1.5,7,0.63,0.3,0.189,0.40645161290322585
7,Sys_IMF_ref_3,2.85,1.5,7,0.5700000000000001,0.3,0.171,0.3931034482758621
7,User_IMF_1,2.73,1.0,7,0.546,0.2,0.10920000000000002,0.29276139410187674
7,User_IMF_2,2.73,2.0,7,0.546,0.4,0.21840000000000004,0.46173361522198736
7,User_IMF_3,4.0,2.0,7,0.8,0.4,0.32000000000000006,0.5333333333333333
8,Sys_IMF_ref_1,3.82,1.5,7,0.764,0.3,0.2292,0.4308270676691729
8,Sys_IMF_ref_2,3.65,1.5,7,0.73,0.3,0.219,0.42524271844660194
8,Sys_IMF_ref_3,4.15,1.5,7,0.8300000000000001,0.3,0.249,0.44070796460176986
8,User_IMF_1,4.09,2.0,7,0.818,0.4,0.3272,0.5372742200328408
8,User_IMF_2,4.09,2.0,7,0.818,0.4,0.3272,0.5372742200328408
8,User_IMF_3,4.09,2.0,7,0.818,0.4,0.3272,0.5372742200328408
9,Sys_IMF_ref_1,4.12,1.5,7,0.8240000000000001,0.3,0.2472,0.43985765124555154
9,Sys_IMF_ref_2,3.85,1.5,7,0.77,0.3,0.23099999999999998,0.4317757009345794
9,Sys_IMF_ref_3,4.12,1.5,7,0.8240000000000001,0.3,0.2472,0.43985765124555154
9,User_IMF_1,5.0,2.0,7,1.0,0.4,0.4,0.5714285714285715
9,User_IMF_2,5.0,3.0,7,1.0,0.6,0.6,0.7499999999999999
9,User_IMF_3,5.0,3.0,7,1.0,0.6,0.6,0.7499999999999999
10,Sys_IMF_ref_1,4.85,1.5,10,0.97,0.3,0.291,0.458267716535433
10,Sys_IMF_ref_2,4.85,3.65,10,0.97,0.73,0.7081,0.8330588235294117
10,Sys_IMF_ref_3,4.85,4.92,10,0.97,0.984,0.95448,0.976949846468782
10,User_IMF_1,5.0,2.0,10,1.0,0.4,0.4,0.5714285714285715
10,User_IMF_2,5.0,4.0,10,1.0,0.8,0.8,0.888888888888889
10,User_IMF_3,3.89,4.0,10,0.778,0.8,0.6224000000000001,0.7888466413181242
11,Sys_IMF_ref_1,4.65,2.85,10,0.93,0.5700000000000001,0.5301000000000001,0.7068000000000002
11,Sys_IMF_ref_2,4.12,3.45,10,0.8240000000000001,0.6900000000000001,0.5685600000000001,0.7510700132100396
11,Sys_IMF_ref_3,4.62,3.85,10,0.924,0.77,0.71148,0.8400000000000001
11,User_IMF_1,5.0,5.0,10,1.0,1.0,1.0,1.0
11,User_IMF_2,4.38,3.0,10,0.876,0.6,0.5256,0.7121951219512195
11,User_IMF_3,5.0,5.0,10,1.0,1.0,1.0,1.0
12,Sys_IMF_ref_1,4.82,4.91,10,0.9640000000000001,0.982,0.946648,0.9729167523124357
12,Sys_IMF_ref_2,4.85,4.92,10,0.97,0.984,0.95448,0.976949846468782
12,Sys_IMF_ref_3,4.82,4.15,10,0.9640000000000001,0.8300000000000001,0.8001200000000002,0.891995540691193
12,User_IMF_1,4.44,4.0,10,0.8880000000000001,0.8,0.7104000000000001,0.8417061611374408
12,User_IMF_2,3.89,4.0,10,0.778,0.8,0.6224000000000001,0.7888466413181242
12,User_IMF_3,3.89,3.0,10,0.778,0.6,0.4668,0.6775036284470246
13,Sys_IMF_ref_1,4.92,4.85,10,0.984,0.97,0.95448,0.976949846468782
13,Sys_IMF_ref_2,4.85,4.92,10,0.97,0.984,0.95448,0.976949846468782
13,Sys_IMF_ref_3,4.92,4.85,10,0.984,0.97,0.95448,0.976949846468782
13,User_IMF_1,5.0,5.0,10,1.0,1.0,1.0,1.0
13,User_IMF_2,5.0,5.0,10,1.0,1.0,1.0,1.0
13,User_IMF_3,5.0,5.0,10,1.0,1.0,1.0,1.0
14,Sys_IMF_ref_1,4.82,4.15,10,0.9640000000000001,0.8300000000000001,0.8001200000000002,0.891995540691193
14,Sys_IMF_ref_2,4.92,4.85,10,0.984,0.97,0.95448,0.976949846468782
14,Sys_IMF_ref_3,4.85,4.92,10,0.97,0.984,0.95448,0.976949846468782
14,User_IMF_1,5.0,4.0,10,1.0,0.8,0.8,0.888888888888889
14,User_IMF_2,5.0,5.0,10,1.0,1.0,1.0,1.0
14,User_IMF_3,5.0,4.0,10,1.0,0.8,0.8,0.888888888888889
15,Sys_IMF_ref_1,4.72,3.85,25,0.944,0.77,0.72688,0.8481680280046674
15,Sys_IMF_ref_2,4.72,3.85,25,0.944,0.77,0.72688,0.8481680280046674
15,Sys_IMF_ref_3,3.65,2.85,25,0.73,0.5700000000000001,0.4161,0.6401538461538462
15,User_IMF_1,5.0,4.0,25,1.0,0.8,0.8,0.888888888888889
15,User_IMF_2,5.0,4.0,25,1.0,0.8,0.8,0.888888888888889
15,User_IMF_3,4.17,3.0,25,0.834,0.6,0.5004,0.697907949790795
16,Sys_IMF_ref_1,3.65,1.5,25,0.73,0.3,0.219,0.42524271844660194
16,Sys_IMF_ref_2,3.85,1.5,25,0.77,0.3,0.23099999999999998,0.4317757009345794
16,Sys_IMF_ref_3,4.12,1.5,25,0.8240000000000001,0.3,0.2472,0.43985765124555154
16,User_IMF_1,3.57,2.0,25,0.714,0.4,0.2856,0.5127468581687613
16,User_IMF_2,4.17,2.0,25,0.834,0.4,0.3336,0.5406807131280389
16,User_IMF_3,3.57,2.0,25,0.714,0.4,0.2856,0.5127468581687613
17,Sys_IMF_ref_1,3.85,1.5,25,0.77,0.3,0.23099999999999998,0.4317757009345794
17,Sys_IMF_ref_2,3.42,1.5,25,0.6839999999999999,0.3,0.20519999999999997,0.41707317073170724
17,Sys_IMF_ref_3,4.65,3.85,25,0.93,0.77,0.7161000000000001,0.8424705882352941
17,User_IMF_1,5.0,2.0,25,1.0,0.4,0.4,0.5714285714285715
17,User_IMF_2,3.33,3.0,25,0.666,0.6,0.3996,0.6312796208530805
17,User_IMF_3,5.0,2.0,25,1.0,0.4,0.4,0.5714285714285715
18,Sys_IMF_ref_1,4.12,1.5,25,0.8240000000000001,0.3,0.2472,0.43985765124555154
18,Sys_IMF_ref_2,4.12,1.5,25,0.8240000000000001,0.3,0.2472,0.43985765124555154
18,Sys_IMF_ref_3,4.72,1.5,25,0.944,0.3,0.28319999999999995,0.45530546623794205
18,User_IMF_1,3.33,5.0,25,0.666,1.0,0.666,0.7995198079231693
18,User_IMF_2,3.33,5.0,25,0.666,1.0,0.666,0.7995198079231693
18,User_IMF_3,3.33,5.0,25,0.666,1.0,0.666,0.7995198079231693
19,Sys_IMF_ref_1,4.65,3.85,25,0.93,0.77,0.7161000000000001,0.8424705882352941
19,Sys_IMF_ref_2,4.85,4.6,25,0.97,0.9199999999999999,0.8923999999999999,0.9443386243386243
19,Sys_IMF_ref_3,4.12,3.85,25,0.8240000000000001,0.77,0.63448,0.7960853199498118
19,User_IMF_1,5.0,4.0,25,1.0,0.8,0.8,0.888888888888889
19,User_IMF_2,4.17,4.0,25,0.834,0.8,0.6672,0.8166462668298654
19,User_IMF_3,5.0,4.0,25,1.0,0.8,0.8,0.888888888888889
20,Sys_IMF_ref_1,2.15,2.3,35,0.43,0.45999999999999996,0.19779999999999998,0.4444943820224719
20,Sys_IMF_ref_2,1.85,1.2,35,0.37,0.24,0.08879999999999999,0.2911475409836065
20,Sys_IMF_ref_3,1.65,1.2,35,0.32999999999999996,0.24,0.07919999999999999,0.27789473684210525
20,User_IMF_1,2.5,2.0,35,0.5,0.4,0.2,0.4444444444444445
20,User_IMF_2,1.67,2.0,35,0.33399999999999996,0.4,0.1336,0.3640326975476839
20,User_IMF_3,2.5,2.0,35,0.5,0.4,0.2,0.4444444444444445
21,Sys_IMF_ref_1,4.12,3.65,35,0.8240000000000001,0.73,0.60152,0.7741570141570142
21,Sys_IMF_ref_2,3.65,3.85,35,0.73,0.77,0.5621,0.7494666666666667
21,Sys_IMF_ref_3,3.65,3.85,35,0.73,0.77,0.5621,0.7494666666666667
21,User_IMF_1,5.0,3.0,35,1.0,0.6,0.6,0.7499999999999999
21,User_IMF_2,5.0,4.0,35,1.0,0.8,0.8,0.888888888888889
21,User_IMF_3,5.0,3.0,35,1.0,0.6,0.6,0.7499999999999999
22,Sys_IMF_ref_1,1.85,3.72,35,0.37,0.744,0.27527999999999997,0.4942190305206463
22,Sys_IMF_ref_2,1.85,3.62,35,0.37,0.724,0.26788,0.48972577696526515
22,Sys_IMF_ref_3,1.85,3.42,35,0.37,0.6839999999999999,0.25307999999999997,0.4802277039848198
22,User_IMF_1,3.0,4.0,35,0.6,0.8,0.48,0.6857142857142857
22,User_IMF_2,1.0,2.0,35,0.2,0.4,0.08000000000000002,0.26666666666666666
22,User_IMF_3,2.0,3.0,35,0.4,0.6,0.24,0.48
23,Sys_IMF_ref_1,3.42,3.85,35,0.6839999999999999,0.77,0.5266799999999999,0.7244566712517193
23,Sys_IMF_ref_2,3.85,3.6,35,0.77,0.72,0.5544,0.7441610738255033
23,Sys_IMF_ref_3,3.85,2.75,35,0.77,0.55,0.42350000000000004,0.6416666666666667
23,User_IMF_1,5.0,3.0,35,1.0,0.6,0.6,0.7499999999999999
23,User_IMF_2,5.0,3.0,35,1.0,0.6,0.6,0.7499999999999999
23,User_IMF_3,5.0,4.0,35,1.0,0.8,0.8,0.888888888888889
24,Sys_IMF_ref_1,4.15,2.85,35,0.8300000000000001,0.5700000000000001,0.4731000000000001,0.6758571428571429
24,Sys_IMF_ref_2,3.85,2.65,35,0.77,0.53,0.4081,0.6278461538461538
24,Sys_IMF_ref_3,4.12,3.65,35,0.8240000000000001,0.73,0.60152,0.7741570141570142
24,User_IMF_1,4.0,3.0,35,0.8,0.6,0.48,0.6857142857142857
24,User_IMF_2,4.0,3.0,35,0.8,0.6,0.48,0.6857142857142857
24,User_IMF_3,5.0,4.0,35,1.0,0.8,0.8,0.888888888888889
25,Sys_IMF_ref_1,2.15,1.5,39,0.43,0.3,0.129,0.35342465753424657
25,Sys_IMF_ref_2,3.82,1.5,39,0.764,0.3,0.2292,0.4308270676691729
25,Sys_IMF_ref_3,2.85,1.5,39,0.5700000000000001,0.3,0.171,0.3931034482758621
25,User_IMF_1,4.44,1.0,39,0.8880000000000001,0.2,0.17760000000000004,0.3264705882352942
25,User_IMF_2,4.44,2.0,39,0.8880000000000001,0.4,0.35520000000000007,0.5515527950310559
25,User_IMF_3,0.0,2.0,39,0.0,0.4,0.0,0.0
26,Sys_IMF_ref_1,3.85,3.2,39,0.77,0.64,0.4928,0.6990070921985815
26,Sys_IMF_ref_2,4.35,3.82,39,0.8699999999999999,0.764,0.6646799999999999,0.8135618115055079
26,Sys_IMF_ref_3,3.85,3.62,39,0.77,0.724,0.55748,0.7462918340026774
26,User_IMF_1,5.0,3.0,39,1.0,0.6,0.6,0.7499999999999999
26,User_IMF_2,5.0,4.0,39,1.0,0.8,0.8,0.888888888888889
26,User_IMF_3,5.0,4.0,39,1.0,0.8,0.8,0.888888888888889
27,Sys_IMF_ref_1,4.65,4.92,39,0.93,0.984,0.91512,0.9562382445141066
27,Sys_IMF_ref_2,4.85,4.92,39,0.97,0.984,0.95448,0.976949846468782
27,Sys_IMF_ref_3,4.85,4.92,39,0.97,0.984,0.95448,0.976949846468782
27,User_IMF_1,5.0,5.0,39,1.0,1.0,1.0,1.0
27,User_IMF_2,4.38,5.0,39,0.876,1.0,0.876,0.933901918976546
27,User_IMF_3,5.0,3.0,39,1.0,0.6,0.6,0.7499999999999999
28,Sys_IMF_ref_1,4.35,3.0,39,0.8699999999999999,0.6,0.5219999999999999,0.710204081632653
28,Sys_IMF_ref_2,4.35,3.0,39,0.8699999999999999,0.6,0.5219999999999999,0.710204081632653
28,Sys_IMF_ref_3,4.35,3.0,39,0.8699999999999999,0.6,0.5219999999999999,0.710204081632653
28,User_IMF_1,4.38,3.0,39,0.876,0.6,0.5256,0.7121951219512195
28,User_IMF_2,4.38,4.0,39,0.876,0.8,0.7008000000000001,0.8362768496420048
28,User_IMF_3,4.38,2.0,39,0.876,0.4,0.35040000000000004,0.5492163009404389
29,Sys_IMF_ref_1,4.15,3.85,39,0.8300000000000001,0.77,0.6391000000000001,0.7988750000000001
29,Sys_IMF_ref_2,5.0,5.0,39,1.0,1.0,1.0,1.0
29,Sys_IMF_ref_3,3.45,4.12,39,0.6900000000000001,0.8240000000000001,0.5685600000000001,0.7510700132100396
29,User_IMF_1,5.0,4.0,39,1.0,0.8,0.8,0.888888888888889
29,User_IMF_2,5.0,4.0,39,1.0,0.8,0.8,0.888888888888889
29,User_IMF_3,5.0,5.0,39,1.0,1.0,1.0,1.0
30,Sys_IMF_ref_1,4.12,2.85,49,0.8240000000000001,0.5700000000000001,0.4696800000000001,0.6738593974175037
30,Sys_IMF_ref_2,4.12,2.85,49,0.8240000000000001,0.5700000000000001,0.4696800000000001,0.6738593974175037
30,Sys_IMF_ref_3,3.82,2.65,49,0.764,0.53,0.40492,0.6258423493044822
30,User_IMF_1,4.29,3.0,49,0.858,0.6,0.5147999999999999,0.7061728395061727
30,User_IMF_2,3.75,4.0,49,0.75,0.8,0.6000000000000001,0.7741935483870969
30,User_IMF_3,4.29,2.0,49,0.858,0.4,0.3432,0.5456279809220985
31,Sys_IMF_ref_1,4.85,4.92,49,0.97,0.984,0.95448,0.976949846468782
31,Sys_IMF_ref_2,4.65,4.2,49,0.93,0.8400000000000001,0.7812000000000001,0.8827118644067797
31,Sys_IMF_ref_3,4.85,4.92,49,0.97,0.984,0.95448,0.976949846468782
31,User_IMF_1,4.0,4.0,49,0.8,0.8,0.6400000000000001,0.8000000000000002
31,User_IMF_2,5.0,4.0,49,1.0,0.8,0.8,0.888888888888889
31,User_IMF_3,4.0,5.0,49,0.8,1.0,0.8,0.888888888888889
32,Sys_IMF_ref_1,4.82,3.65,49,0.9640000000000001,0.73,0.70372,0.8308382526564345
32,Sys_IMF_ref_2,4.65,3.85,49,0.93,0.77,0.7161000000000001,0.8424705882352941
32,Sys_IMF_ref_3,4.12,3.85,49,0.8240000000000001,0.77,0.63448,0.7960853199498118
32,User_IMF_1,5.0,4.0,49,1.0,0.8,0.8,0.888888888888889
32,User_IMF_2,5.0,4.0,49,1.0,0.8,0.8,0.888888888888889
32,User_IMF_3,5.0,4.0,49,1.0,0.8,0.8,0.888888888888889
33,Sys_IMF_ref_1,4.82,3.65,49,0.9640000000000001,0.73,0.70372,0.8308382526564345
33,Sys_IMF_ref_2,4.62,3.85,49,0.924,0.77,0.71148,0.8400000000000001
33,Sys_IMF_ref_3,4.62,3.85,49,0.924,0.77,0.71148,0.8400000000000001
33,User_IMF_1,5.0,4.0,49,1.0,0.8,0.8,0.888888888888889
33,User_IMF_2,5.0,3.0,49,1.0,0.6,0.6,0.7499999999999999
33,User_IMF_3,5.0,4.0,49,1.0,0.8,0.8,0.888888888888889
34,Sys_IMF_ref_1,4.12,3.68,49,0.8240000000000001,0.736,0.606464,0.7775179487179487
34,Sys_IMF_ref_2,4.82,3.65,49,0.9640000000000001,0.73,0.70372,0.8308382526564345
34,Sys_IMF_ref_3,4.12,3.65,49,0.8240000000000001,0.73,0.60152,0.7741570141570142
34,User_IMF_1,5.0,4.0,49,1.0,0.8,0.8,0.888888888888889
34,User_IMF_2,5.0,4.0,49,1.0,0.8,0.8,0.888888888888889
34,User_IMF_3,5.0,4.0,49,1.0,0.8,0.8,0.888888888888889
35,Sys_IMF_ref_1,4.85,3.92,51,0.97,0.784,0.76048,0.8671379703534778
35,Sys_IMF_ref_2,4.85,2.65,51,0.97,0.53,0.5141,0.6854666666666667
35,Sys_IMF_ref_3,4.65,2.85,51,0.93,0.5700000000000001,0.5301000000000001,0.7068000000000002
35,User_IMF_1,5.0,5.0,51,1.0,1.0,1.0,1.0
35,User_IMF_2,5.0,3.0,51,1.0,0.6,0.6,0.7499999999999999
35,User_IMF_3,5.0,2.0,51,1.0,0.4,0.4,0.5714285714285715
36,Sys_IMF_ref_1,4.85,3.82,51,0.97,0.764,0.74108,0.8547635524798154
36,Sys_IMF_ref_2,4.85,2.65,51,0.97,0.53,0.5141,0.6854666666666667
36,Sys_IMF_ref_3,4.85,2.3,51,0.97,0.45999999999999996,0.44619999999999993,0.624055944055944
36,User_IMF_1,5.0,4.0,51,1.0,0.8,0.8,0.888888888888889
36,User_IMF_2,5.0,5.0,51,1.0,1.0,1.0,1.0
36,User_IMF_3,5.0,4.0,51,1.0,0.8,0.8,0.888888888888889
37,Sys_IMF_ref_1,4.75,3.85,51,0.95,0.77,0.7314999999999999,0.8505813953488371
37,Sys_IMF_ref_2,4.85,4.72,51,0.97,0.944,0.9156799999999999,0.9568234064785789
37,Sys_IMF_ref_3,4.72,3.85,51,0.944,0.77,0.72688,0.8481680280046674
37,User_IMF_1,4.38,4.0,51,0.876,0.8,0.7008000000000001,0.8362768496420048
37,User_IMF_2,4.38,5.0,51,0.876,1.0,0.876,0.933901918976546
37,User_IMF_3,4.38,4.0,51,0.876,0.8,0.7008000000000001,0.8362768496420048
38,Sys_IMF_ref_1,5.0,5.0,51,1.0,1.0,1.0,1.0
38,Sys_IMF_ref_2,4.85,3.62,51,0.97,0.724,0.7022799999999999,0.8291381345926799
38,Sys_IMF_ref_3,4.85,2.65,51,0.97,0.53,0.5141,0.6854666666666667
38,User_IMF_1,5.0,4.0,51,1.0,0.8,0.8,0.888888888888889
38,User_IMF_2,5.0,4.0,51,1.0,0.8,0.8,0.888888888888889
38,User_IMF_3,5.0,5.0,51,1.0,1.0,1.0,1.0
39,Sys_IMF_ref_1,3.85,1.5,51,0.77,0.3,0.23099999999999998,0.4317757009345794
39,Sys_IMF_ref_2,4.12,1.5,51,0.8240000000000001,0.3,0.2472,0.43985765124555154
39,Sys_IMF_ref_3,4.15,1.5,51,0.8300000000000001,0.3,0.249,0.44070796460176986
39,User_IMF_1,4.17,3.0,51,0.834,0.6,0.5004,0.697907949790795
39,User_IMF_2,4.17,2.0,51,0.834,0.4,0.3336,0.5406807131280389
39,User_IMF_3,5.0,2.0,51,1.0,0.4,0.4,0.5714285714285715
40,Sys_IMF_ref_1,3.65,4.12,52,0.73,0.8240000000000001,0.60152,0.7741570141570142
40,Sys_IMF_ref_2,3.45,3.82,52,0.6900000000000001,0.764,0.5271600000000001,0.7251169188445667
40,Sys_IMF_ref_3,3.65,4.12,52,0.73,0.8240000000000001,0.60152,0.7741570141570142
40,User_IMF_1,4.29,3.0,52,0.858,0.6,0.5147999999999999,0.7061728395061727
40,User_IMF_2,4.29,4.0,52,0.858,0.8,0.6864,0.8279855247285887
40,User_IMF_3,4.29,4.0,52,0.858,0.8,0.6864,0.8279855247285887
41,Sys_IMF_ref_1,1.85,3.42,52,0.37,0.6839999999999999,0.25307999999999997,0.4802277039848198
41,Sys_IMF_ref_2,1.85,3.42,52,0.37,0.6839999999999999,0.25307999999999997,0.4802277039848198
41,Sys_IMF_ref_3,1.85,1.5,52,0.37,0.3,0.111,0.3313432835820896
41,User_IMF_1,2.5,3.0,52,0.5,0.6,0.3,0.5454545454545454
41,User_IMF_2,2.5,3.0,52,0.5,0.6,0.3,0.5454545454545454
41,User_IMF_3,2.5,3.0,52,0.5,0.6,0.3,0.5454545454545454
42,Sys_IMF_ref_1,2.85,3.65,52,0.5700000000000001,0.73,0.4161,0.6401538461538462
42,Sys_IMF_ref_2,2.85,1.2,52,0.5700000000000001,0.24,0.1368,0.3377777777777778
42,Sys_IMF_ref_3,1.85,0.92,52,0.37,0.184,0.06808,0.24577617328519855
42,User_IMF_1,2.14,1.0,52,0.42800000000000005,0.2,0.08560000000000001,0.27261146496815286
42,User_IMF_2,2.14,4.0,52,0.42800000000000005,0.8,0.34240000000000004,0.5576547231270358
42,User_IMF_3,2.14,1.0,52,0.42800000000000005,0.2,0.08560000000000001,0.27261146496815286
43,Sys_IMF_ref_1,4.85,3.2,52,0.97,0.64,0.6208,0.7711801242236026
43,Sys_IMF_ref_2,4.85,2.3,52,0.97,0.45999999999999996,0.44619999999999993,0.624055944055944
43,Sys_IMF_ref_3,4.85,3.6,52,0.97,0.72,0.6983999999999999,0.8265088757396449
43,User_IMF_1,5.0,3.0,52,1.0,0.6,0.6,0.7499999999999999
43,User_IMF_2,5.0,3.0,52,1.0,0.6,0.6,0.7499999999999999
43,User_IMF_3,5.0,4.0,52,1.0,0.8,0.8,0.888888888888889
44,Sys_IMF_ref_1,4.65,3.85,52,0.93,0.77,0.7161000000000001,0.8424705882352941
44,Sys_IMF_ref_2,4.65,3.85,52,0.93,0.77,0.7161000000000001,0.8424705882352941
44,Sys_IMF_ref_3,4.85,3.6,52,0.97,0.72,0.6983999999999999,0.8265088757396449
44,User_IMF_1,5.0,5.0,52,1.0,1.0,1.0,1.0
44,User_IMF_2,5.0,4.0,52,1.0,0.8,0.8,0.888888888888889
44,User_IMF_3,5.0,4.0,52,1.0,0.8,0.8,0.888888888888889
45,Sys_IMF_ref_1,2.15,0.85,64,0.43,0.16999999999999998,0.0731,0.24366666666666667
45,Sys_IMF_ref_2,4.65,3.85,64,0.93,0.77,0.7161000000000001,0.8424705882352941
45,Sys_IMF_ref_3,4.65,3.85,64,0.93,0.77,0.7161000000000001,0.8424705882352941
45,User_IMF_1,5.0,3.0,64,1.0,0.6,0.6,0.7499999999999999
45,User_IMF_2,4.38,4.0,64,0.876,0.8,0.7008000000000001,0.8362768496420048
45,User_IMF_3,5.0,4.0,64,1.0,0.8,0.8,0.888888888888889
46,Sys_IMF_ref_1,4.85,3.6,64,0.97,0.72,0.6983999999999999,0.8265088757396449
46,Sys_IMF_ref_2,4.65,3.85,64,0.93,0.77,0.7161000000000001,0.8424705882352941
46,Sys_IMF_ref_3,4.85,3.62,64,0.97,0.724,0.7022799999999999,0.8291381345926799
46,User_IMF_1,5.0,4.0,64,1.0,0.8,0.8,0.888888888888889
46,User_IMF_2,5.0,4.0,64,1.0,0.8,0.8,0.888888888888889
46,User_IMF_3,5.0,4.0,64,1.0,0.8,0.8,0.888888888888889
47,Sys_IMF_ref_1,2.15,2.85,64,0.43,0.5700000000000001,0.2451,0.4902
47,Sys_IMF_ref_2,2.85,3.6,64,0.5700000000000001,0.72,0.41040000000000004,0.6362790697674419
47,Sys_IMF_ref_3,2.85,3.62,64,0.5700000000000001,0.724,0.41268000000000005,0.6378361669242659
47,User_IMF_1,2.14,3.0,64,0.42800000000000005,0.6,0.25680000000000003,0.4996108949416343
47,User_IMF_2,2.86,4.0,64,0.572,0.8,0.4576,0.6670553935860059
47,User_IMF_3,2.86,3.0,64,0.572,0.6,0.34319999999999995,0.5856655290102388
48,Sys_IMF_ref_1,2.85,2.4,64,0.5700000000000001,0.48,0.2736,0.5211428571428571
48,Sys_IMF_ref_2,2.85,3.6,64,0.5700000000000001,0.72,0.41040000000000004,0.6362790697674419
48,Sys_IMF_ref_3,2.85,2.6,64,0.5700000000000001,0.52,0.29640000000000005,0.5438532110091744
48,User_IMF_1,2.14,2.0,64,0.42800000000000005,0.4,0.17120000000000002,0.41352657004830917
48,User_IMF_2,4.0,2.0,64,0.8,0.4,0.32000000000000006,0.5333333333333333
48,User_IMF_3,2.14,4.0,64,0.42800000000000005,0.8,0.34240000000000004,0.5576547231270358
49,Sys_IMF_ref_1,4.65,3.85,64,0.93,0.77,0.7161000000000001,0.8424705882352941
49,Sys_IMF_ref_2,4.65,3.85,64,0.93,0.77,0.7161000000000001,0.8424705882352941
49,Sys_IMF_ref_3,4.65,3.15,64,0.93,0.63,0.5859000000000001,0.7511538461538463
49,User_IMF_1,5.0,5.0,64,1.0,1.0,1.0,1.0
49,User_IMF_2,5.0,5.0,64,1.0,1.0,1.0,1.0
49,User_IMF_3,5.0,4.0,64,1.0,0.8,0.8,0.888888888888889
50,Sys_IMF_ref_1,4.82,1.5,80,0.9640000000000001,0.3,0.2892,0.45759493670886076
50,Sys_IMF_ref_2,4.82,1.5,80,0.9640000000000001,0.3,0.2892,0.45759493670886076
50,Sys_IMF_ref_3,4.85,1.5,80,0.97,0.3,0.291,0.458267716535433
50,User_IMF_1,5.0,4.0,80,1.0,0.8,0.8,0.888888888888889
50,User_IMF_2,4.29,4.0,80,0.858,0.8,0.6864,0.8279855247285887
50,User_IMF_3,5.0,4.0,80,1.0,0.8,0.8,0.888888888888889
51,Sys_IMF_ref_1,4.65,1.5,80,0.93,0.3,0.279,0.4536585365853659
51,Sys_IMF_ref_2,4.65,1.5,80,0.93,0.3,0.279,0.4536585365853659
51,Sys_IMF_ref_3,4.62,1.5,80,0.924,0.3,0.2772,0.45294117647058824
51,User_IMF_1,5.0,2.0,80,1.0,0.4,0.4,0.5714285714285715
51,User_IMF_2,5.0,2.0,80,1.0,0.4,0.4,0.5714285714285715
51,User_IMF_3,5.0,2.0,80,1.0,0.4,0.4,0.5714285714285715
52,Sys_IMF_ref_1,3.85,3.2,80,0.77,0.64,0.4928,0.6990070921985815
52,Sys_IMF_ref_2,2.85,1.2,80,0.5700000000000001,0.24,0.1368,0.3377777777777778
52,Sys_IMF_ref_3,4.15,3.85,80,0.8300000000000001,0.77,0.6391000000000001,0.7988750000000001
52,User_IMF_1,3.0,3.0,80,0.6,0.6,0.36,0.6
52,User_IMF_2,3.33,4.0,80,0.666,0.8,0.5328,0.7268758526603001
52,User_IMF_3,3.0,2.0,80,0.6,0.4,0.24,0.48
53,Sys_IMF_ref_1,3.42,2.0,80,0.6839999999999999,0.4,0.2736,0.5047970479704796
53,Sys_IMF_ref_2,3.45,2.0,80,0.6900000000000001,0.4,0.276,0.5064220183486239
53,Sys_IMF_ref_3,2.85,2.0,80,0.5700000000000001,0.4,0.22800000000000004,0.4701030927835052
53,User_IMF_1,4.38,4.0,80,0.876,0.8,0.7008000000000001,0.8362768496420048
53,User_IMF_2,4.38,3.0,80,0.876,0.6,0.5256,0.7121951219512195
53,User_IMF_3,4.38,3.0,80,0.876,0.6,0.5256,0.7121951219512195
54,Sys_IMF_ref_1,4.12,1.5,80,0.8240000000000001,0.3,0.2472,0.43985765124555154
54,Sys_IMF_ref_2,4.82,1.5,80,0.9640000000000001,0.3,0.2892,0.45759493670886076
54,Sys_IMF_ref_3,4.62,1.5,80,0.924,0.3,0.2772,0.45294117647058824
54,User_IMF_1,5.0,2.0,80,1.0,0.4,0.4,0.5714285714285715
54,User_IMF_2,5.0,4.0,80,1.0,0.8,0.8,0.888888888888889
54,User_IMF_3,5.0,2.0,80,1.0,0.4,0.4,0.5714285714285715
55,Sys_IMF_ref_1,4.85,4.2,97,0.97,0.8400000000000001,0.8148000000000001,0.9003314917127072
55,Sys_IMF_ref_2,4.85,3.65,97,0.97,0.73,0.7081,0.8330588235294117
55,Sys_IMF_ref_3,4.65,3.85,97,0.93,0.77,0.7161000000000001,0.8424705882352941
55,User_IMF_1,2.0,4.0,97,0.4,0.8,0.32000000000000006,0.5333333333333333
55,User_IMF_2,2.0,4.0,97,0.4,0.8,0.32000000000000006,0.5333333333333333
55,User_IMF_3,2.0,5.0,97,0.4,1.0,0.4,0.5714285714285715
56,Sys_IMF_ref_1,4.92,4.95,97,0.984,0.99,0.97416,0.9869908814589666
56,Sys_IMF_ref_2,4.98,4.95,97,0.9960000000000001,0.99,0.9860400000000001,0.9929909365558913
56,Sys_IMF_ref_3,5.0,4.98,97,1.0,0.9960000000000001,0.9960000000000001,0.997995991983968
56,User_IMF_1,5.0,5.0,97,1.0,1.0,1.0,1.0
56,User_IMF_2,5.0,5.0,97,1.0,1.0,1.0,1.0
56,User_IMF_3,5.0,5.0,97,1.0,1.0,1.0,1.0
57,Sys_IMF_ref_1,4.12,2.85,97,0.8240000000000001,0.5700000000000001,0.4696800000000001,0.6738593974175037
57,Sys_IMF_ref_2,4.98,4.95,97,0.9960000000000001,0.99,0.9860400000000001,0.9929909365558913
57,Sys_IMF_ref_3,4.85,4.92,97,0.97,0.984,0.95448,0.976949846468782
57,User_IMF_1,5.0,4.0,97,1.0,0.8,0.8,0.888888888888889
57,User_IMF_2,5.0,5.0,97,1.0,1.0,1.0,1.0
57,User_IMF_3,5.0,4.0,97,1.0,0.8,0.8,0.888888888888889
58,Sys_IMF_ref_1,4.15,3.2,97,0.8300000000000001,0.64,0.5312,0.7227210884353741
58,Sys_IMF_ref_2,4.65,3.85,97,0.93,0.77,0.7161000000000001,0.8424705882352941
58,Sys_IMF_ref_3,4.65,3.82,97,0.93,0.764,0.71052,0.8388665879574971
58,User_IMF_1,5.0,4.0,97,1.0,0.8,0.8,0.888888888888889
58,User_IMF_2,5.0,4.0,97,1.0,0.8,0.8,0.888888888888889
58,User_IMF_3,5.0,3.0,97,1.0,0.6,0.6,0.7499999999999999
59,Sys_IMF_ref_1,4.98,5.0,97,0.9960000000000001,1.0,0.9960000000000001,0.997995991983968
59,Sys_IMF_ref_2,4.85,1.5,97,0.97,0.3,0.291,0.458267716535433
59,Sys_IMF_ref_3,4.92,1.5,97,0.984,0.3,0.29519999999999996,0.45981308411214944
59,User_IMF_1,5.0,5.0,97,1.0,1.0,1.0,1.0
59,User_IMF_2,5.0,5.0,97,1.0,1.0,1.0,1.0
59,User_IMF_3,5.0,2.0,97,1.0,0.4,0.4,0.5714285714285715
60,Sys_IMF_ref_1,4.15,1.5,106,0.8300000000000001,0.3,0.249,0.44070796460176986
60,Sys_IMF_ref_2,4.12,1.5,106,0.8240000000000001,0.3,0.2472,0.43985765124555154
60,Sys_IMF_ref_3,3.65,1.5,106,0.73,0.3,0.219,0.42524271844660194
60,User_IMF_1,4.44,3.0,106,0.8880000000000001,0.6,0.5328,0.7161290322580646
60,User_IMF_2,4.44,3.0,106,0.8880000000000001,0.6,0.5328,0.7161290322580646
60,User_IMF_3,4.44,3.0,106,0.8880000000000001,0.6,0.5328,0.7161290322580646
61,Sys_IMF_ref_1,4.85,1.5,106,0.97,0.3,0.291,0.458267716535433
61,Sys_IMF_ref_2,4.65,1.5,106,0.93,0.3,0.279,0.4536585365853659
61,Sys_IMF_ref_3,4.65,1.5,106,0.93,0.3,0.279,0.4536585365853659
61,User_IMF_1,4.38,2.0,106,0.876,0.4,0.35040000000000004,0.5492163009404389
61,User_IMF_2,4.38,2.0,106,0.876,0.4,0.35040000000000004,0.5492163009404389
61,User_IMF_3,4.38,4.0,106,0.876,0.8,0.7008000000000001,0.8362768496420048
62,Sys_IMF_ref_1,4.12,1.5,106,0.8240000000000001,0.3,0.2472,0.43985765124555154
62,Sys_IMF_ref_2,4.92,4.95,106,0.984,0.99,0.97416,0.9869908814589666
62,Sys_IMF_ref_3,4.92,4.95,106,0.984,0.99,0.97416,0.9869908814589666
62,User_IMF_1,5.0,5.0,106,1.0,1.0,1.0,1.0
62,User_IMF_2,5.0,5.0,106,1.0,1.0,1.0,1.0
62,User_IMF_3,5.0,5.0,106,1.0,1.0,1.0,1.0
63,Sys_IMF_ref_1,4.92,4.85,106,0.984,0.97,0.95448,0.976949846468782
63,Sys_IMF_ref_2,4.62,3.85,106,0.924,0.77,0.71148,0.8400000000000001
63,Sys_IMF_ref_3,4.82,3.65,106,0.9640000000000001,0.73,0.70372,0.8308382526564345
63,User_IMF_1,5.0,4.0,106,1.0,0.8,0.8,0.888888888888889
63,User_IMF_2,5.0,5.0,106,1.0,1.0,1.0,1.0
63,User_IMF_3,5.0,5.0,106,1.0,1.0,1.0,1.0
64,Sys_IMF_ref_1,4.62,3.0,106,0.924,0.6,0.5544,0.7275590551181103
64,Sys_IMF_ref_2,4.62,3.0,106,0.924,0.6,0.5544,0.7275590551181103
64,Sys_IMF_ref_3,4.85,3.0,106,0.97,0.6,0.582,0.7414012738853504
64,User_IMF_1,5.0,3.0,106,1.0,0.6,0.6,0.7499999999999999
64,User_IMF_2,5.0,3.0,106,1.0,0.6,0.6,0.7499999999999999
64,User_IMF_3,5.0,3.0,106,1.0,0.6,0.6,0.7499999999999999
65,Sys_IMF_ref_1,4.85,3.62,116,0.97,0.724,0.7022799999999999,0.8291381345926799
65,Sys_IMF_ref_2,4.85,3.65,116,0.97,0.73,0.7081,0.8330588235294117
65,Sys_IMF_ref_3,4.62,3.85,116,0.924,0.77,0.71148,0.8400000000000001
65,User_IMF_1,5.0,4.0,116,1.0,0.8,0.8,0.888888888888889
65,User_IMF_2,5.0,4.0,116,1.0,0.8,0.8,0.888888888888889
65,User_IMF_3,5.0,4.0,116,1.0,0.8,0.8,0.888888888888889
66,Sys_IMF_ref_1,4.85,3.65,116,0.97,0.73,0.7081,0.8330588235294117
66,Sys_IMF_ref_2,4.92,3.85,116,0.984,0.77,0.75768,0.863945267958951
66,Sys_IMF_ref_3,4.92,4.15,116,0.984,0.8300000000000001,0.8167200000000001,0.9004630650496142
66,User_IMF_1,5.0,4.0,116,1.0,0.8,0.8,0.888888888888889
66,User_IMF_2,5.0,4.0,116,1.0,0.8,0.8,0.888888888888889
66,User_IMF_3,5.0,3.0,116,1.0,0.6,0.6,0.7499999999999999
67,Sys_IMF_ref_1,4.68,3.85,116,0.9359999999999999,0.77,0.72072,0.8449237983587339
67,Sys_IMF_ref_2,4.85,3.65,116,0.97,0.73,0.7081,0.8330588235294117
67,Sys_IMF_ref_3,4.82,3.65,116,0.9640000000000001,0.73,0.70372,0.8308382526564345
67,User_IMF_1,5.0,4.0,116,1.0,0.8,0.8,0.888888888888889
67,User_IMF_2,5.0,4.0,116,1.0,0.8,0.8,0.888888888888889
67,User_IMF_3,5.0,4.0,116,1.0,0.8,0.8,0.888888888888889
68,Sys_IMF_ref_1,4.65,3.82,116,0.93,0.764,0.71052,0.8388665879574971
68,Sys_IMF_ref_2,4.92,3.85,116,0.984,0.77,0.75768,0.863945267958951
68,Sys_IMF_ref_3,4.92,4.65,116,0.984,0.93,0.91512,0.9562382445141066
68,User_IMF_1,5.0,5.0,116,1.0,1.0,1.0,1.0
68,User_IMF_2,5.0,4.0,116,1.0,0.8,0.8,0.888888888888889
68,User_IMF_3,5.0,5.0,116,1.0,1.0,1.0,1.0
69,Sys_IMF_ref_1,4.85,3.65,116,0.97,0.73,0.7081,0.8330588235294117
69,Sys_IMF_ref_2,4.82,3.65,116,0.9640000000000001,0.73,0.70372,0.8308382526564345
69,Sys_IMF_ref_3,4.85,3.65,116,0.97,0.73,0.7081,0.8330588235294117
69,User_IMF_1,5.0,4.0,116,1.0,0.8,0.8,0.888888888888889
69,User_IMF_2,5.0,4.0,116,1.0,0.8,0.8,0.888888888888889
69,User_IMF_3,5.0,4.0,116,1.0,0.8,0.8,0.888888888888889
70,Sys_IMF_ref_1,4.65,3.82,118,0.93,0.764,0.71052,0.8388665879574971
70,Sys_IMF_ref_2,4.62,3.85,118,0.924,0.77,0.71148,0.8400000000000001
70,Sys_IMF_ref_3,4.15,3.2,118,0.8300000000000001,0.64,0.5312,0.7227210884353741
70,User_IMF_1,5.0,4.0,118,1.0,0.8,0.8,0.888888888888889
70,User_IMF_2,4.17,4.0,118,0.834,0.8,0.6672,0.8166462668298654
70,User_IMF_3,4.17,4.0,118,0.834,0.8,0.6672,0.8166462668298654
71,Sys_IMF_ref_1,4.12,2.85,118,0.8240000000000001,0.5700000000000001,0.4696800000000001,0.6738593974175037
71,Sys_IMF_ref_2,4.35,3.82,118,0.8699999999999999,0.764,0.6646799999999999,0.8135618115055079
71,Sys_IMF_ref_3,3.82,1.65,118,0.764,0.32999999999999996,0.25211999999999996,0.4609140767824497
71,User_IMF_1,3.57,3.0,118,0.714,0.6,0.42839999999999995,0.6520547945205478
71,User_IMF_2,4.17,3.0,118,0.834,0.6,0.5004,0.697907949790795
71,User_IMF_3,5.0,3.0,118,1.0,0.6,0.6,0.7499999999999999
72,Sys_IMF_ref_1,3.85,2.65,118,0.77,0.53,0.4081,0.6278461538461538
72,Sys_IMF_ref_2,2.85,2.1,118,0.5700000000000001,0.42000000000000004,0.23940000000000006,0.4836363636363637
72,Sys_IMF_ref_3,3.42,2.15,118,0.6839999999999999,0.43,0.29412,0.5280430879712747
72,User_IMF_1,2.5,3.0,118,0.5,0.6,0.3,0.5454545454545454
72,User_IMF_2,2.5,2.0,118,0.5,0.4,0.2,0.4444444444444445
72,User_IMF_3,2.5,2.0,118,0.5,0.4,0.2,0.4444444444444445
73,Sys_IMF_ref_1,4.65,2.85,118,0.93,0.5700000000000001,0.5301000000000001,0.7068000000000002
73,Sys_IMF_ref_2,3.85,2.4,118,0.77,0.48,0.3696,0.59136
73,Sys_IMF_ref_3,4.65,3.82,118,0.93,0.764,0.71052,0.8388665879574971
73,User_IMF_1,3.57,4.0,118,0.714,0.8,0.5712,0.7545574636723911
73,User_IMF_2,5.0,2.0,118,1.0,0.4,0.4,0.5714285714285715
73,User_IMF_3,3.57,3.0,118,0.714,0.6,0.42839999999999995,0.6520547945205478
74,Sys_IMF_ref_1,4.62,2.85,118,0.924,0.5700000000000001,0.52668,0.7050602409638553
74,Sys_IMF_ref_2,2.85,1.95,118,0.5700000000000001,0.39,0.22230000000000003,0.463125
74,Sys_IMF_ref_3,4.85,4.2,118,0.97,0.8400000000000001,0.8148000000000001,0.9003314917127072
74,User_IMF_1,3.12,3.0,118,0.624,0.6,0.3744,0.611764705882353
74,User_IMF_2,5.0,3.0,118,1.0,0.6,0.6,0.7499999999999999
74,User_IMF_3,5.0,4.0,118,1.0,0.8,0.8,0.888888888888889
75,Sys_IMF_ref_1,4.15,2.85,129,0.8300000000000001,0.5700000000000001,0.4731000000000001,0.6758571428571429
75,Sys_IMF_ref_2,4.12,2.85,129,0.8240000000000001,0.5700000000000001,0.4696800000000001,0.6738593974175037
75,Sys_IMF_ref_3,3.85,2.65,129,0.77,0.53,0.4081,0.6278461538461538
75,User_IMF_1,3.57,4.0,129,0.714,0.8,0.5712,0.7545574636723911
75,User_IMF_2,3.57,3.0,129,0.714,0.6,0.42839999999999995,0.6520547945205478
75,User_IMF_3,3.57,3.0,129,0.714,0.6,0.42839999999999995,0.6520547945205478
76,Sys_IMF_ref_1,4.15,1.5,129,0.8300000000000001,0.3,0.249,0.44070796460176986
76,Sys_IMF_ref_2,4.65,1.5,129,0.93,0.3,0.279,0.4536585365853659
76,Sys_IMF_ref_3,4.65,1.5,129,0.93,0.3,0.279,0.4536585365853659
76,User_IMF_1,3.33,4.0,129,0.666,0.8,0.5328,0.7268758526603001
76,User_IMF_2,4.17,3.0,129,0.834,0.6,0.5004,0.697907949790795
76,User_IMF_3,4.17,2.0,129,0.834,0.4,0.3336,0.5406807131280389
77,Sys_IMF_ref_1,4.65,1.5,129,0.93,0.3,0.279,0.4536585365853659
77,Sys_IMF_ref_2,4.85,1.5,129,0.97,0.3,0.291,0.458267716535433
77,Sys_IMF_ref_3,4.12,1.5,129,0.8240000000000001,0.3,0.2472,0.43985765124555154
77,User_IMF_1,5.0,3.0,129,1.0,0.6,0.6,0.7499999999999999
77,User_IMF_2,5.0,3.0,129,1.0,0.6,0.6,0.7499999999999999
77,User_IMF_3,4.29,2.0,129,0.858,0.4,0.3432,0.5456279809220985
78,Sys_IMF_ref_1,4.15,1.5,129,0.8300000000000001,0.3,0.249,0.44070796460176986
78,Sys_IMF_ref_2,3.85,1.5,129,0.77,0.3,0.23099999999999998,0.4317757009345794
78,Sys_IMF_ref_3,3.85,1.5,129,0.77,0.3,0.23099999999999998,0.4317757009345794
78,User_IMF_1,3.57,2.0,129,0.714,0.4,0.2856,0.5127468581687613
78,User_IMF_2,4.29,2.0,129,0.858,0.4,0.3432,0.5456279809220985
78,User_IMF_3,4.29,2.0,129,0.858,0.4,0.3432,0.5456279809220985
79,Sys_IMF_ref_1,4.65,2.0,129,0.93,0.4,0.37200000000000005,0.5593984962406016
79,Sys_IMF_ref_2,4.15,2.0,129,0.8300000000000001,0.4,0.3320000000000001,0.5398373983739838
79,Sys_IMF_ref_3,3.65,2.0,129,0.73,0.4,0.292,0.5168141592920354
79,User_IMF_1,3.12,3.0,129,0.624,0.6,0.3744,0.611764705882353
79,User_IMF_2,3.12,3.0,129,0.624,0.6,0.3744,0.611764705882353
79,User_IMF_3,3.12,3.0,129,0.624,0.6,0.3744,0.611764705882353
80,Sys_IMF_ref_1,4.85,3.62,144,0.97,0.724,0.7022799999999999,0.8291381345926799
80,Sys_IMF_ref_2,4.98,4.95,144,0.9960000000000001,0.99,0.9860400000000001,0.9929909365558913
80,Sys_IMF_ref_3,4.85,3.75,144,0.97,0.75,0.7275,0.8459302325581396
80,User_IMF_1,5.0,5.0,144,1.0,1.0,1.0,1.0
80,User_IMF_2,5.0,4.0,144,1.0,0.8,0.8,0.888888888888889
80,User_IMF_3,5.0,4.0,144,1.0,0.8,0.8,0.888888888888889
81,Sys_IMF_ref_1,4.12,1.5,144,0.8240000000000001,0.3,0.2472,0.43985765124555154
81,Sys_IMF_ref_2,4.35,1.5,144,0.8699999999999999,0.3,0.26099999999999995,0.4461538461538461
81,Sys_IMF_ref_3,4.65,1.5,144,0.93,0.3,0.279,0.4536585365853659
81,User_IMF_1,3.89,2.0,144,0.778,0.4,0.31120000000000003,0.5283531409168082
81,User_IMF_2,3.89,4.0,144,0.778,0.8,0.6224000000000001,0.7888466413181242
81,User_IMF_3,3.89,2.0,144,0.778,0.4,0.31120000000000003,0.5283531409168082
82,Sys_IMF_ref_1,4.12,1.5,144,0.8240000000000001,0.3,0.2472,0.43985765124555154
82,Sys_IMF_ref_2,3.42,1.15,144,0.6839999999999999,0.22999999999999998,0.15732,0.3442450765864333
82,Sys_IMF_ref_3,3.85,1.2,144,0.77,0.24,0.1848,0.36594059405940593
82,User_IMF_1,4.38,1.0,144,0.876,0.2,0.17520000000000002,0.32565055762081785
82,User_IMF_2,3.57,1.0,144,0.714,0.2,0.1428,0.31247264770240707
82,User_IMF_3,4.38,1.0,144,0.876,0.2,0.17520000000000002,0.32565055762081785
83,Sys_IMF_ref_1,4.65,1.5,144,0.93,0.3,0.279,0.4536585365853659
83,Sys_IMF_ref_2,3.85,1.5,144,0.77,0.3,0.23099999999999998,0.4317757009345794
83,Sys_IMF_ref_3,3.65,1.5,144,0.73,0.3,0.219,0.42524271844660194
83,User_IMF_1,4.38,3.0,144,0.876,0.6,0.5256,0.7121951219512195
83,User_IMF_2,5.0,2.0,144,1.0,0.4,0.4,0.5714285714285715
83,User_IMF_3,5.0,3.0,144,1.0,0.6,0.6,0.7499999999999999
84,Sys_IMF_ref_1,0.85,0.42,144,0.16999999999999998,0.08399999999999999,0.014279999999999998,0.11244094488188974
84,Sys_IMF_ref_2,0.85,0.42,144,0.16999999999999998,0.08399999999999999,0.014279999999999998,0.11244094488188974
84,Sys_IMF_ref_3,1.85,0.92,144,0.37,0.184,0.06808,0.24577617328519855
84,User_IMF_1,1.88,1.0,144,0.376,0.2,0.0752,0.26111111111111107
84,User_IMF_2,0.62,0.0,144,0.124,0.0,0.0,0.0
84,User_IMF_3,0.62,0.0,144,0.124,0.0,0.0,0.0
85,Sys_IMF_ref_1,4.82,3.65,147,0.9640000000000001,0.73,0.70372,0.8308382526564345
85,Sys_IMF_ref_2,4.82,3.65,147,0.9640000000000001,0.73,0.70372,0.8308382526564345
85,Sys_IMF_ref_3,4.82,3.65,147,0.9640000000000001,0.73,0.70372,0.8308382526564345
85,User_IMF_1,5.0,4.0,147,1.0,0.8,0.8,0.888888888888889
85,User_IMF_2,5.0,4.0,147,1.0,0.8,0.8,0.888888888888889
85,User_IMF_3,5.0,4.0,147,1.0,0.8,0.8,0.888888888888889
86,Sys_IMF_ref_1,2.45,2.8,147,0.49000000000000005,0.5599999999999999,0.2744,0.5226666666666666
86,Sys_IMF_ref_2,4.82,4.65,147,0.9640000000000001,0.93,0.8965200000000001,0.9466948257655755
86,Sys_IMF_ref_3,2.15,2.8,147,0.43,0.5599999999999999,0.24079999999999996,0.4864646464646464
86,User_IMF_1,4.0,1.0,147,0.8,0.2,0.16000000000000003,0.32000000000000006
86,User_IMF_2,5.0,4.0,147,1.0,0.8,0.8,0.888888888888889
86,User_IMF_3,5.0,3.0,147,1.0,0.6,0.6,0.7499999999999999
87,Sys_IMF_ref_1,4.85,3.65,147,0.97,0.73,0.7081,0.8330588235294117
87,Sys_IMF_ref_2,4.85,3.62,147,0.97,0.724,0.7022799999999999,0.8291381345926799
87,Sys_IMF_ref_3,4.65,2.85,147,0.93,0.5700000000000001,0.5301000000000001,0.7068000000000002
87,User_IMF_1,5.0,3.0,147,1.0,0.6,0.6,0.7499999999999999
87,User_IMF_2,5.0,4.0,147,1.0,0.8,0.8,0.888888888888889
87,User_IMF_3,5.0,3.0,147,1.0,0.6,0.6,0.7499999999999999
88,Sys_IMF_ref_1,4.65,2.85,147,0.93,0.5700000000000001,0.5301000000000001,0.7068000000000002
88,Sys_IMF_ref_2,4.85,3.75,147,0.97,0.75,0.7275,0.8459302325581396
88,Sys_IMF_ref_3,4.12,2.35,147,0.8240000000000001,0.47000000000000003,0.38728000000000007,0.5985780525502319
88,User_IMF_1,5.0,2.0,147,1.0,0.4,0.4,0.5714285714285715
88,User_IMF_2,5.0,3.0,147,1.0,0.6,0.6,0.7499999999999999
88,User_IMF_3,5.0,3.0,147,1.0,0.6,0.6,0.7499999999999999
89,Sys_IMF_ref_1,4.92,4.98,147,0.984,0.9960000000000001,0.980064,0.9899636363636364
89,Sys_IMF_ref_2,4.82,3.65,147,0.9640000000000001,0.73,0.70372,0.8308382526564345
89,Sys_IMF_ref_3,4.85,4.92,147,0.97,0.984,0.95448,0.976949846468782
89,User_IMF_1,5.0,4.0,147,1.0,0.8,0.8,0.888888888888889
89,User_IMF_2,5.0,5.0,147,1.0,1.0,1.0,1.0
89,User_IMF_3,5.0,4.0,147,1.0,0.8,0.8,0.888888888888889
90,Sys_IMF_ref_1,3.45,3.82,150,0.6900000000000001,0.764,0.5271600000000001,0.7251169188445667
90,Sys_IMF_ref_2,4.12,3.68,150,0.8240000000000001,0.736,0.606464,0.7775179487179487
90,Sys_IMF_ref_3,4.12,1.5,150,0.8240000000000001,0.3,0.2472,0.43985765124555154
90,User_IMF_1,3.33,2.0,150,0.666,0.4,0.2664,0.499812382739212
90,User_IMF_2,2.14,2.0,150,0.42800000000000005,0.4,0.17120000000000002,0.41352657004830917
90,User_IMF_3,3.33,4.0,150,0.666,0.8,0.5328,0.7268758526603001
91,Sys_IMF_ref_1,4.82,3.65,150,0.9640000000000001,0.73,0.70372,0.8308382526564345
91,Sys_IMF_ref_2,4.85,3.65,150,0.97,0.73,0.7081,0.8330588235294117
91,Sys_IMF_ref_3,4.15,1.5,150,0.8300000000000001,0.3,0.249,0.44070796460176986
91,User_IMF_1,4.17,5.0,150,0.834,1.0,0.834,0.9094874591057797
91,User_IMF_2,3.57,4.0,150,0.714,0.8,0.5712,0.7545574636723911
91,User_IMF_3,3.57,5.0,150,0.714,1.0,0.714,0.8331388564760793
92,Sys_IMF_ref_1,3.42,2.85,150,0.6839999999999999,0.5700000000000001,0.38988,0.6218181818181818
92,Sys_IMF_ref_2,4.65,3.82,150,0.93,0.764,0.71052,0.8388665879574971
92,Sys_IMF_ref_3,4.65,3.85,150,0.93,0.77,0.7161000000000001,0.8424705882352941
92,User_IMF_1,3.89,3.0,150,0.778,0.6,0.4668,0.6775036284470246
92,User_IMF_2,2.78,4.0,150,0.5559999999999999,0.8,0.4448,0.656047197640118
92,User_IMF_3,3.89,4.0,150,0.778,0.8,0.6224000000000001,0.7888466413181242
93,Sys_IMF_ref_1,3.42,1.5,150,0.6839999999999999,0.3,0.20519999999999997,0.41707317073170724
93,Sys_IMF_ref_2,2.85,1.5,150,0.5700000000000001,0.3,0.171,0.3931034482758621
93,Sys_IMF_ref_3,3.42,1.5,150,0.6839999999999999,0.3,0.20519999999999997,0.41707317073170724
93,User_IMF_1,5.0,3.0,150,1.0,0.6,0.6,0.7499999999999999
93,User_IMF_2,4.0,2.0,150,0.8,0.4,0.32000000000000006,0.5333333333333333
93,User_IMF_3,3.0,2.0,150,0.6,0.4,0.24,0.48
94,Sys_IMF_ref_1,4.12,1.5,150,0.8240000000000001,0.3,0.2472,0.43985765124555154
94,Sys_IMF_ref_2,4.65,3.85,150,0.93,0.77,0.7161000000000001,0.8424705882352941
94,Sys_IMF_ref_3,4.12,1.5,150,0.8240000000000001,0.3,0.2472,0.43985765124555154
94,User_IMF_1,5.0,3.0,150,1.0,0.6,0.6,0.7499999999999999
94,User_IMF_2,3.57,4.0,150,0.714,0.8,0.5712,0.7545574636723911
94,User_IMF_3,3.57,3.0,150,0.714,0.6,0.42839999999999995,0.6520547945205478
95,Sys_IMF_ref_1,4.85,1.5,156,0.97,0.3,0.291,0.458267716535433
95,Sys_IMF_ref_2,4.12,1.5,156,0.8240000000000001,0.3,0.2472,0.43985765124555154
95,Sys_IMF_ref_3,4.85,1.5,156,0.97,0.3,0.291,0.458267716535433
95,User_IMF_1,5.0,4.0,156,1.0,0.8,0.8,0.888888888888889
95,User_IMF_2,5.0,3.0,156,1.0,0.6,0.6,0.7499999999999999
95,User_IMF_3,5.0,2.0,156,1.0,0.4,0.4,0.5714285714285715
96,Sys_IMF_ref_1,4.85,1.5,156,0.97,0.3,0.291,0.458267716535433
96,Sys_IMF_ref_2,4.85,1.5,156,0.97,0.3,0.291,0.458267716535433
96,Sys_IMF_ref_3,4.82,1.5,156,0.9640000000000001,0.3,0.2892,0.45759493670886076
96,User_IMF_1,5.0,2.0,156,1.0,0.4,0.4,0.5714285714285715
96,User_IMF_2,5.0,5.0,156,1.0,1.0,1.0,1.0
96,User_IMF_3,5.0,5.0,156,1.0,1.0,1.0,1.0
97,Sys_IMF_ref_1,4.82,1.5,156,0.9640000000000001,0.3,0.2892,0.45759493670886076
97,Sys_IMF_ref_2,4.82,1.5,156,0.9640000000000001,0.3,0.2892,0.45759493670886076
97,Sys_IMF_ref_3,4.82,1.5,156,0.9640000000000001,0.3,0.2892,0.45759493670886076
97,User_IMF_1,5.0,3.0,156,1.0,0.6,0.6,0.7499999999999999
97,User_IMF_2,5.0,4.0,156,1.0,0.8,0.8,0.888888888888889
97,User_IMF_3,5.0,2.0,156,1.0,0.4,0.4,0.5714285714285715
98,Sys_IMF_ref_1,4.68,1.5,156,0.9359999999999999,0.3,0.2808,0.45436893203883494
98,Sys_IMF_ref_2,4.85,1.5,156,0.97,0.3,0.291,0.458267716535433
98,Sys_IMF_ref_3,2.15,1.25,156,0.43,0.25,0.1075,0.31617647058823534
98,User_IMF_1,5.0,3.0,156,1.0,0.6,0.6,0.7499999999999999
98,User_IMF_2,5.0,4.0,156,1.0,0.8,0.8,0.888888888888889
98,User_IMF_3,0.0,3.0,156,0.0,0.6,0.0,0.0
99,Sys_IMF_ref_1,2.85,1.5,156,0.5700000000000001,0.3,0.171,0.3931034482758621
99,Sys_IMF_ref_2,4.35,1.5,156,0.8699999999999999,0.3,0.26099999999999995,0.4461538461538461
99,Sys_IMF_ref_3,4.12,1.5,156,0.8240000000000001,0.3,0.2472,0.43985765124555154
99,User_IMF_1,5.0,2.0,156,1.0,0.4,0.4,0.5714285714285715
99,User_IMF_2,3.57,2.0,156,0.714,0.4,0.2856,0.5127468581687613
99,User_IMF_3,5.0,3.0,156,1.0,0.6,0.6,0.7499999999999999
100,Sys_IMF_ref_1,1.85,1.2,159,0.37,0.24,0.08879999999999999,0.2911475409836065
100,Sys_IMF_ref_2,1.85,0.92,159,0.37,0.184,0.06808,0.24577617328519855
100,Sys_IMF_ref_3,1.85,1.2,159,0.37,0.24,0.08879999999999999,0.2911475409836065
100,User_IMF_1,2.0,1.0,159,0.4,0.2,0.08000000000000002,0.26666666666666666
100,User_IMF_2,0.83,1.0,159,0.16599999999999998,0.2,0.0332,0.1814207650273224
100,User_IMF_3,0.83,1.0,159,0.16599999999999998,0.2,0.0332,0.1814207650273224
101,Sys_IMF_ref_1,3.62,2.0,159,0.724,0.4,0.2896,0.5153024911032028
101,Sys_IMF_ref_2,3.65,2.0,159,0.73,0.4,0.292,0.5168141592920354
101,Sys_IMF_ref_3,3.42,1.85,159,0.6839999999999999,0.37,0.25307999999999997,0.4802277039848198
101,User_IMF_1,4.17,3.0,159,0.834,0.6,0.5004,0.697907949790795
101,User_IMF_2,3.33,3.0,159,0.666,0.6,0.3996,0.6312796208530805
101,User_IMF_3,4.17,2.0,159,0.834,0.4,0.3336,0.5406807131280389
102,Sys_IMF_ref_1,4.12,1.5,159,0.8240000000000001,0.3,0.2472,0.43985765124555154
102,Sys_IMF_ref_2,3.42,1.5,159,0.6839999999999999,0.3,0.20519999999999997,0.41707317073170724
102,Sys_IMF_ref_3,3.42,1.5,159,0.6839999999999999,0.3,0.20519999999999997,0.41707317073170724
102,User_IMF_1,5.0,2.0,159,1.0,0.4,0.4,0.5714285714285715
102,User_IMF_2,4.0,2.0,159,0.8,0.4,0.32000000000000006,0.5333333333333333
102,User_IMF_3,5.0,2.0,159,1.0,0.4,0.4,0.5714285714285715
103,Sys_IMF_ref_1,4.12,1.5,159,0.8240000000000001,0.3,0.2472,0.43985765124555154
103,Sys_IMF_ref_2,3.42,1.5,159,0.6839999999999999,0.3,0.20519999999999997,0.41707317073170724
103,Sys_IMF_ref_3,4.82,1.5,159,0.9640000000000001,0.3,0.2892,0.45759493670886076
103,User_IMF_1,4.0,2.0,159,0.8,0.4,0.32000000000000006,0.5333333333333333
103,User_IMF_2,5.0,4.0,159,1.0,0.8,0.8,0.888888888888889
103,User_IMF_3,4.0,2.0,159,0.8,0.4,0.32000000000000006,0.5333333333333333
104,Sys_IMF_ref_1,4.35,1.5,159,0.8699999999999999,0.3,0.26099999999999995,0.4461538461538461
104,Sys_IMF_ref_2,3.65,1.5,159,0.73,0.3,0.219,0.42524271844660194
104,Sys_IMF_ref_3,3.65,1.5,159,0.73,0.3,0.219,0.42524271844660194
104,User_IMF_1,5.0,2.0,159,1.0,0.4,0.4,0.5714285714285715
104,User_IMF_2,4.0,3.0,159,0.8,0.6,0.48,0.6857142857142857
104,User_IMF_3,5.0,2.0,159,1.0,0.4,0.4,0.5714285714285715
105,Sys_IMF_ref_1,3.65,1.5,281,0.73,0.3,0.219,0.42524271844660194
105,Sys_IMF_ref_2,4.15,1.5,281,0.8300000000000001,0.3,0.249,0.44070796460176986
105,Sys_IMF_ref_3,4.85,1.5,281,0.97,0.3,0.291,0.458267716535433
105,User_IMF_1,5.0,4.0,281,1.0,0.8,0.8,0.888888888888889
105,User_IMF_2,5.0,2.0,281,1.0,0.4,0.4,0.5714285714285715
105,User_IMF_3,3.75,4.0,281,0.75,0.8,0.6000000000000001,0.7741935483870969
106,Sys_IMF_ref_1,4.12,1.5,281,0.8240000000000001,0.3,0.2472,0.43985765124555154
106,Sys_IMF_ref_2,4.12,1.5,281,0.8240000000000001,0.3,0.2472,0.43985765124555154
106,Sys_IMF_ref_3,3.85,1.5,281,0.77,0.3,0.23099999999999998,0.4317757009345794
106,User_IMF_1,5.0,3.0,281,1.0,0.6,0.6,0.7499999999999999
106,User_IMF_2,5.0,3.0,281,1.0,0.6,0.6,0.7499999999999999
106,User_IMF_3,5.0,3.0,281,1.0,0.6,0.6,0.7499999999999999
107,Sys_IMF_ref_1,4.85,1.5,281,0.97,0.3,0.291,0.458267716535433
107,Sys_IMF_ref_2,4.72,1.5,281,0.944,0.3,0.28319999999999995,0.45530546623794205
107,Sys_IMF_ref_3,4.92,1.5,281,0.984,0.3,0.29519999999999996,0.45981308411214944
107,User_IMF_1,5.0,4.0,281,1.0,0.8,0.8,0.888888888888889
107,User_IMF_2,4.29,4.0,281,0.858,0.8,0.6864,0.8279855247285887
107,User_IMF_3,4.29,4.0,281,0.858,0.8,0.6864,0.8279855247285887
108,Sys_IMF_ref_1,4.12,1.5,281,0.8240000000000001,0.3,0.2472,0.43985765124555154
108,Sys_IMF_ref_2,3.42,1.5,281,0.6839999999999999,0.3,0.20519999999999997,0.41707317073170724
108,Sys_IMF_ref_3,4.15,1.5,281,0.8300000000000001,0.3,0.249,0.44070796460176986
108,User_IMF_1,4.17,3.0,281,0.834,0.6,0.5004,0.697907949790795
108,User_IMF_2,4.17,2.0,281,0.834,0.4,0.3336,0.5406807131280389
108,User_IMF_3,4.17,2.0,281,0.834,0.4,0.3336,0.5406807131280389
109,Sys_IMF_ref_1,4.65,1.5,281,0.93,0.3,0.279,0.4536585365853659
109,Sys_IMF_ref_2,4.85,1.5,281,0.97,0.3,0.291,0.458267716535433
109,Sys_IMF_ref_3,4.65,1.5,281,0.93,0.3,0.279,0.4536585365853659
109,User_IMF_1,5.0,3.0,281,1.0,0.6,0.6,0.7499999999999999
109,User_IMF_2,5.0,3.0,281,1.0,0.6,0.6,0.7499999999999999
109,User_IMF_3,5.0,3.0,281,1.0,0.6,0.6,0.7499999999999999
110,Sys_IMF_ref_1,4.98,4.95,300,0.9960000000000001,0.99,0.9860400000000001,0.9929909365558913
110,Sys_IMF_ref_2,5.0,5.0,300,1.0,1.0,1.0,1.0
110,Sys_IMF_ref_3,4.85,3.6,300,0.97,0.72,0.6983999999999999,0.8265088757396449
110,User_IMF_1,5.0,5.0,300,1.0,1.0,1.0,1.0
110,User_IMF_2,5.0,5.0,300,1.0,1.0,1.0,1.0
110,User_IMF_3,5.0,5.0,300,1.0,1.0,1.0,1.0
111,Sys_IMF_ref_1,4.75,3.85,300,0.95,0.77,0.7314999999999999,0.8505813953488371
111,Sys_IMF_ref_2,4.65,3.85,300,0.93,0.77,0.7161000000000001,0.8424705882352941
111,Sys_IMF_ref_3,3.85,2.15,300,0.77,0.43,0.3311,0.5518333333333334
111,User_IMF_1,5.0,4.0,300,1.0,0.8,0.8,0.888888888888889
111,User_IMF_2,5.0,3.0,300,1.0,0.6,0.6,0.7499999999999999
111,User_IMF_3,5.0,4.0,300,1.0,0.8,0.8,0.888888888888889
112,Sys_IMF_ref_1,5.0,5.0,300,1.0,1.0,1.0,1.0
112,Sys_IMF_ref_2,4.92,4.95,300,0.984,0.99,0.97416,0.9869908814589666
112,Sys_IMF_ref_3,5.0,5.0,300,1.0,1.0,1.0,1.0
112,User_IMF_1,5.0,5.0,300,1.0,1.0,1.0,1.0
112,User_IMF_2,5.0,5.0,300,1.0,1.0,1.0,1.0
112,User_IMF_3,5.0,5.0,300,1.0,1.0,1.0,1.0
113,Sys_IMF_ref_1,4.15,3.6,300,0.8300000000000001,0.72,0.5976,0.7710967741935484
113,Sys_IMF_ref_2,3.85,3.2,300,0.77,0.64,0.4928,0.6990070921985815
113,Sys_IMF_ref_3,4.65,3.85,300,0.93,0.77,0.7161000000000001,0.8424705882352941
113,User_IMF_1,3.12,4.0,300,0.624,0.8,0.49920000000000003,0.7011235955056181
113,User_IMF_2,4.38,4.0,300,0.876,0.8,0.7008000000000001,0.8362768496420048
113,User_IMF_3,3.12,4.0,300,0.624,0.8,0.49920000000000003,0.7011235955056181
114,Sys_IMF_ref_1,4.92,4.85,300,0.984,0.97,0.95448,0.976949846468782
114,Sys_IMF_ref_2,4.65,3.85,300,0.93,0.77,0.7161000000000001,0.8424705882352941
114,Sys_IMF_ref_3,4.65,3.82,300,0.93,0.764,0.71052,0.8388665879574971
114,User_IMF_1,5.0,4.0,300,1.0,0.8,0.8,0.888888888888889
114,User_IMF_2,5.0,4.0,300,1.0,0.8,0.8,0.888888888888889
114,User_IMF_3,4.38,5.0,300,0.876,1.0,0.876,0.933901918976546
115,Sys_IMF_ref_1,3.45,2.8,322,0.6900000000000001,0.5599999999999999,0.38639999999999997,0.6182399999999999
115,Sys_IMF_ref_2,4.82,3.65,322,0.9640000000000001,0.73,0.70372,0.8308382526564345
115,Sys_IMF_ref_3,4.62,3.85,322,0.924,0.77,0.71148,0.8400000000000001
115,User_IMF_1,4.29,4.0,322,0.858,0.8,0.6864,0.8279855247285887
115,User_IMF_2,4.29,4.0,322,0.858,0.8,0.6864,0.8279855247285887
115,User_IMF_3,5.0,4.0,322,1.0,0.8,0.8,0.888888888888889
116,Sys_IMF_ref_1,4.85,3.72,322,0.97,0.744,0.72168,0.842100350058343
116,Sys_IMF_ref_2,4.12,3.85,322,0.8240000000000001,0.77,0.63448,0.7960853199498118
116,Sys_IMF_ref_3,4.85,3.6,322,0.97,0.72,0.6983999999999999,0.8265088757396449
116,User_IMF_1,5.0,5.0,322,1.0,1.0,1.0,1.0
116,User_IMF_2,4.29,4.0,322,0.858,0.8,0.6864,0.8279855247285887
116,User_IMF_3,4.29,4.0,322,0.858,0.8,0.6864,0.8279855247285887
117,Sys_IMF_ref_1,2.15,3.85,322,0.43,0.77,0.3311,0.5518333333333334
117,Sys_IMF_ref_2,2.85,3.65,322,0.5700000000000001,0.73,0.4161,0.6401538461538462
117,Sys_IMF_ref_3,2.45,3.62,322,0.49000000000000005,0.724,0.35476,0.5844481054365733
117,User_IMF_1,2.86,4.0,322,0.572,0.8,0.4576,0.6670553935860059
117,User_IMF_2,2.86,4.0,322,0.572,0.8,0.4576,0.6670553935860059
117,User_IMF_3,2.86,4.0,322,0.572,0.8,0.4576,0.6670553935860059
118,Sys_IMF_ref_1,4.62,2.85,322,0.924,0.5700000000000001,0.52668,0.7050602409638553
118,Sys_IMF_ref_2,4.85,3.6,322,0.97,0.72,0.6983999999999999,0.8265088757396449
118,Sys_IMF_ref_3,4.72,3.85,322,0.944,0.77,0.72688,0.8481680280046674
118,User_IMF_1,5.0,4.0,322,1.0,0.8,0.8,0.888888888888889
118,User_IMF_2,5.0,5.0,322,1.0,1.0,1.0,1.0
118,User_IMF_3,5.0,4.0,322,1.0,0.8,0.8,0.888888888888889
119,Sys_IMF_ref_1,4.92,4.85,322,0.984,0.97,0.95448,0.976949846468782
119,Sys_IMF_ref_2,4.95,4.98,322,0.99,0.9960000000000001,0.9860400000000001,0.9929909365558913
119,Sys_IMF_ref_3,4.98,4.95,322,0.9960000000000001,0.99,0.9860400000000001,0.9929909365558913
119,User_IMF_1,5.0,5.0,322,1.0,1.0,1.0,1.0
119,User_IMF_2,5.0,5.0,322,1.0,1.0,1.0,1.0
119,User_IMF_3,5.0,5.0,322,1.0,1.0,1.0,1.0
120,Sys_IMF_ref_1,2.85,2.1,330,0.5700000000000001,0.42000000000000004,0.23940000000000006,0.4836363636363637
120,Sys_IMF_ref_2,3.82,2.65,330,0.764,0.53,0.40492,0.6258423493044822
120,Sys_IMF_ref_3,3.85,1.2,330,0.77,0.24,0.1848,0.36594059405940593
120,User_IMF_1,4.29,1.0,330,0.858,0.2,0.1716,0.3243856332703213
120,User_IMF_2,4.29,2.0,330,0.858,0.4,0.3432,0.5456279809220985
120,User_IMF_3,4.29,3.0,330,0.858,0.6,0.5147999999999999,0.7061728395061727
121,Sys_IMF_ref_1,4.85,3.0,330,0.97,0.6,0.582,0.7414012738853504
121,Sys_IMF_ref_2,4.12,3.0,330,0.8240000000000001,0.6,0.4944,0.6943820224719102
121,Sys_IMF_ref_3,4.12,3.0,330,0.8240000000000001,0.6,0.4944,0.6943820224719102
121,User_IMF_1,5.0,4.0,330,1.0,0.8,0.8,0.888888888888889
121,User_IMF_2,5.0,3.0,330,1.0,0.6,0.6,0.7499999999999999
121,User_IMF_3,5.0,4.0,330,1.0,0.8,0.8,0.888888888888889
122,Sys_IMF_ref_1,3.65,3.82,330,0.73,0.764,0.55772,0.7466131191432396
122,Sys_IMF_ref_2,3.65,2.85,330,0.73,0.5700000000000001,0.4161,0.6401538461538462
122,Sys_IMF_ref_3,3.82,2.15,330,0.764,0.43,0.32852,0.550284757118928
122,User_IMF_1,3.75,4.0,330,0.75,0.8,0.6000000000000001,0.7741935483870969
122,User_IMF_2,3.75,4.0,330,0.75,0.8,0.6000000000000001,0.7741935483870969
122,User_IMF_3,3.75,4.0,330,0.75,0.8,0.6000000000000001,0.7741935483870969
123,Sys_IMF_ref_1,3.42,1.5,330,0.6839999999999999,0.3,0.20519999999999997,0.41707317073170724
123,Sys_IMF_ref_2,2.15,1.5,330,0.43,0.3,0.129,0.35342465753424657
123,Sys_IMF_ref_3,3.85,1.5,330,0.77,0.3,0.23099999999999998,0.4317757009345794
123,User_IMF_1,3.33,2.0,330,0.666,0.4,0.2664,0.499812382739212
123,User_IMF_2,3.33,2.0,330,0.666,0.4,0.2664,0.499812382739212
123,User_IMF_3,3.33,2.0,330,0.666,0.4,0.2664,0.499812382739212
124,Sys_IMF_ref_1,3.42,3.0,330,0.6839999999999999,0.6,0.41039999999999993,0.6392523364485981
124,Sys_IMF_ref_2,4.12,3.0,330,0.8240000000000001,0.6,0.4944,0.6943820224719102
124,Sys_IMF_ref_3,4.12,3.0,330,0.8240000000000001,0.6,0.4944,0.6943820224719102
124,User_IMF_1,4.0,4.0,330,0.8,0.8,0.6400000000000001,0.8000000000000002
124,User_IMF_2,4.0,4.0,330,0.8,0.8,0.6400000000000001,0.8000000000000002
124,User_IMF_3,5.0,4.0,330,1.0,0.8,0.8,0.888888888888889
125,Sys_IMF_ref_1,4.72,1.5,333,0.944,0.3,0.28319999999999995,0.45530546623794205
125,Sys_IMF_ref_2,4.72,1.5,333,0.944,0.3,0.28319999999999995,0.45530546623794205
125,Sys_IMF_ref_3,4.12,1.5,333,0.8240000000000001,0.3,0.2472,0.43985765124555154
125,User_IMF_1,5.0,4.0,333,1.0,0.8,0.8,0.888888888888889
125,User_IMF_2,5.0,2.0,333,1.0,0.4,0.4,0.5714285714285715
125,User_IMF_3,5.0,4.0,333,1.0,0.8,0.8,0.888888888888889
126,Sys_IMF_ref_1,1.85,1.2,333,0.37,0.24,0.08879999999999999,0.2911475409836065
126,Sys_IMF_ref_2,2.85,1.65,333,0.5700000000000001,0.32999999999999996,0.1881,0.418
126,Sys_IMF_ref_3,3.82,2.65,333,0.764,0.53,0.40492,0.6258423493044822
126,User_IMF_1,3.33,1.0,333,0.666,0.2,0.1332,0.30762124711316396
126,User_IMF_2,5.0,1.0,333,1.0,0.2,0.2,0.33333333333333337
126,User_IMF_3,3.33,1.0,333,0.666,0.2,0.1332,0.30762124711316396
127,Sys_IMF_ref_1,4.15,1.5,333,0.8300000000000001,0.3,0.249,0.44070796460176986
127,Sys_IMF_ref_2,4.12,1.5,333,0.8240000000000001,0.3,0.2472,0.43985765124555154
127,Sys_IMF_ref_3,3.85,1.5,333,0.77,0.3,0.23099999999999998,0.4317757009345794
127,User_IMF_1,4.17,3.0,333,0.834,0.6,0.5004,0.697907949790795
127,User_IMF_2,4.17,3.0,333,0.834,0.6,0.5004,0.697907949790795
127,User_IMF_3,4.17,2.0,333,0.834,0.4,0.3336,0.5406807131280389
128,Sys_IMF_ref_1,4.72,1.5,333,0.944,0.3,0.28319999999999995,0.45530546623794205
128,Sys_IMF_ref_2,4.65,1.5,333,0.93,0.3,0.279,0.4536585365853659
128,Sys_IMF_ref_3,4.35,1.5,333,0.8699999999999999,0.3,0.26099999999999995,0.4461538461538461
128,User_IMF_1,5.0,2.0,333,1.0,0.4,0.4,0.5714285714285715
128,User_IMF_2,5.0,4.0,333,1.0,0.8,0.8,0.888888888888889
128,User_IMF_3,5.0,2.0,333,1.0,0.4,0.4,0.5714285714285715
129,Sys_IMF_ref_1,4.82,1.5,333,0.9640000000000001,0.3,0.2892,0.45759493670886076
129,Sys_IMF_ref_2,4.12,1.5,333,0.8240000000000001,0.3,0.2472,0.43985765124555154
129,Sys_IMF_ref_3,4.12,1.5,333,0.8240000000000001,0.3,0.2472,0.43985765124555154
129,User_IMF_1,5.0,3.0,333,1.0,0.6,0.6,0.7499999999999999
129,User_IMF_2,5.0,2.0,333,1.0,0.4,0.4,0.5714285714285715
129,User_IMF_3,5.0,3.0,333,1.0,0.6,0.6,0.7499999999999999
130,Sys_IMF_ref_1,3.85,1.5,339,0.77,0.3,0.23099999999999998,0.4317757009345794
130,Sys_IMF_ref_2,3.85,1.5,339,0.77,0.3,0.23099999999999998,0.4317757009345794
130,Sys_IMF_ref_3,3.85,1.5,339,0.77,0.3,0.23099999999999998,0.4317757009345794
130,User_IMF_1,3.57,4.0,339,0.714,0.8,0.5712,0.7545574636723911
130,User_IMF_2,4.29,1.0,339,0.858,0.2,0.1716,0.3243856332703213
130,User_IMF_3,3.57,2.0,339,0.714,0.4,0.2856,0.5127468581687613
131,Sys_IMF_ref_1,2.85,3.42,339,0.5700000000000001,0.6839999999999999,0.38988,0.6218181818181818
131,Sys_IMF_ref_2,2.85,3.65,339,0.5700000000000001,0.73,0.4161,0.6401538461538462
131,Sys_IMF_ref_3,2.85,3.42,339,0.5700000000000001,0.6839999999999999,0.38988,0.6218181818181818
131,User_IMF_1,4.38,3.0,339,0.876,0.6,0.5256,0.7121951219512195
131,User_IMF_2,4.38,4.0,339,0.876,0.8,0.7008000000000001,0.8362768496420048
131,User_IMF_3,4.38,4.0,339,0.876,0.8,0.7008000000000001,0.8362768496420048
132,Sys_IMF_ref_1,3.82,2.65,339,0.764,0.53,0.40492,0.6258423493044822
132,Sys_IMF_ref_2,4.12,3.0,339,0.8240000000000001,0.6,0.4944,0.6943820224719102
132,Sys_IMF_ref_3,4.65,3.0,339,0.93,0.6,0.558,0.7294117647058824
132,User_IMF_1,5.0,3.0,339,1.0,0.6,0.6,0.7499999999999999
132,User_IMF_2,5.0,4.0,339,1.0,0.8,0.8,0.888888888888889
132,User_IMF_3,5.0,3.0,339,1.0,0.6,0.6,0.7499999999999999
133,Sys_IMF_ref_1,4.85,3.65,339,0.97,0.73,0.7081,0.8330588235294117
133,Sys_IMF_ref_2,3.85,3.6,339,0.77,0.72,0.5544,0.7441610738255033
133,Sys_IMF_ref_3,4.12,3.85,339,0.8240000000000001,0.77,0.63448,0.7960853199498118
133,User_IMF_1,5.0,4.0,339,1.0,0.8,0.8,0.888888888888889
133,User_IMF_2,4.38,4.0,339,0.876,0.8,0.7008000000000001,0.8362768496420048
133,User_IMF_3,4.38,4.0,339,0.876,0.8,0.7008000000000001,0.8362768496420048
134,Sys_IMF_ref_1,2.15,1.85,339,0.43,0.37,0.1591,0.39774999999999994
134,Sys_IMF_ref_2,2.15,1.85,339,0.43,0.37,0.1591,0.39774999999999994
134,Sys_IMF_ref_3,1.85,1.2,339,0.37,0.24,0.08879999999999999,0.2911475409836065
134,User_IMF_1,0.0,2.0,339,0.0,0.4,0.0,0.0
134,User_IMF_2,3.75,1.0,339,0.75,0.2,0.15000000000000002,0.31578947368421056
134,User_IMF_3,3.75,1.0,339,0.75,0.2,0.15000000000000002,0.31578947368421056
135,Sys_IMF_ref_1,3.82,1.47,347,0.764,0.294,0.22461599999999998,0.4246049149338374
135,Sys_IMF_ref_2,2.85,1.92,347,0.5700000000000001,0.384,0.21888000000000002,0.4588679245283019
135,Sys_IMF_ref_3,1.85,0.92,347,0.37,0.184,0.06808,0.24577617328519855
135,User_IMF_1,5.0,2.0,347,1.0,0.4,0.4,0.5714285714285715
135,User_IMF_2,5.0,1.0,347,1.0,0.2,0.2,0.33333333333333337
135,User_IMF_3,4.17,1.0,347,0.834,0.2,0.1668,0.3226305609284333
136,Sys_IMF_ref_1,4.65,1.5,347,0.93,0.3,0.279,0.4536585365853659
136,Sys_IMF_ref_2,4.68,1.5,347,0.9359999999999999,0.3,0.2808,0.45436893203883494
136,Sys_IMF_ref_3,4.62,1.5,347,0.924,0.3,0.2772,0.45294117647058824
136,User_IMF_1,4.5,3.0,347,0.9,0.6,0.54,0.7200000000000001
136,User_IMF_2,4.5,4.0,347,0.9,0.8,0.7200000000000001,0.8470588235294118
136,User_IMF_3,5.0,3.0,347,1.0,0.6,0.6,0.7499999999999999
137,Sys_IMF_ref_1,4.12,1.5,347,0.8240000000000001,0.3,0.2472,0.43985765124555154
137,Sys_IMF_ref_2,4.82,1.5,347,0.9640000000000001,0.3,0.2892,0.45759493670886076
137,Sys_IMF_ref_3,4.68,1.5,347,0.9359999999999999,0.3,0.2808,0.45436893203883494
137,User_IMF_1,5.0,4.0,347,1.0,0.8,0.8,0.888888888888889
137,User_IMF_2,5.0,2.0,347,1.0,0.4,0.4,0.5714285714285715
137,User_IMF_3,5.0,4.0,347,1.0,0.8,0.8,0.888888888888889
138,Sys_IMF_ref_1,4.92,4.95,347,0.984,0.99,0.97416,0.9869908814589666
138,Sys_IMF_ref_2,4.85,4.92,347,0.97,0.984,0.95448,0.976949846468782
138,Sys_IMF_ref_3,4.92,4.95,347,0.984,0.99,0.97416,0.9869908814589666
138,User_IMF_1,5.0,5.0,347,1.0,1.0,1.0,1.0
138,User_IMF_2,5.0,5.0,347,1.0,1.0,1.0,1.0
138,User_IMF_3,5.0,5.0,347,1.0,1.0,1.0,1.0
139,Sys_IMF_ref_1,4.62,1.5,347,0.924,0.3,0.2772,0.45294117647058824
139,Sys_IMF_ref_2,4.12,1.5,347,0.8240000000000001,0.3,0.2472,0.43985765124555154
139,Sys_IMF_ref_3,4.62,1.5,347,0.924,0.3,0.2772,0.45294117647058824
139,User_IMF_1,5.0,3.0,347,1.0,0.6,0.6,0.7499999999999999
139,User_IMF_2,5.0,2.0,347,1.0,0.4,0.4,0.5714285714285715
139,User_IMF_3,5.0,4.0,347,1.0,0.8,0.8,0.888888888888889
140,Sys_IMF_ref_1,4.65,2.85,356,0.93,0.5700000000000001,0.5301000000000001,0.7068000000000002
140,Sys_IMF_ref_2,4.62,2.15,356,0.924,0.43,0.39732,0.5868833087149188
140,Sys_IMF_ref_3,4.65,2.85,356,0.93,0.5700000000000001,0.5301000000000001,0.7068000000000002
140,User_IMF_1,5.0,3.0,356,1.0,0.6,0.6,0.7499999999999999
140,User_IMF_2,5.0,4.0,356,1.0,0.8,0.8,0.888888888888889
140,User_IMF_3,5.0,3.0,356,1.0,0.6,0.6,0.7499999999999999
141,Sys_IMF_ref_1,3.85,2.65,356,0.77,0.53,0.4081,0.6278461538461538
141,Sys_IMF_ref_2,4.65,3.85,356,0.93,0.77,0.7161000000000001,0.8424705882352941
141,Sys_IMF_ref_3,4.85,3.62,356,0.97,0.724,0.7022799999999999,0.8291381345926799
141,User_IMF_1,4.38,4.0,356,0.876,0.8,0.7008000000000001,0.8362768496420048
141,User_IMF_2,4.38,4.0,356,0.876,0.8,0.7008000000000001,0.8362768496420048
141,User_IMF_3,4.38,4.0,356,0.876,0.8,0.7008000000000001,0.8362768496420048
142,Sys_IMF_ref_1,3.85,1.5,356,0.77,0.3,0.23099999999999998,0.4317757009345794
142,Sys_IMF_ref_2,1.85,1.2,356,0.37,0.24,0.08879999999999999,0.2911475409836065
142,Sys_IMF_ref_3,1.85,1.2,356,0.37,0.24,0.08879999999999999,0.2911475409836065
142,User_IMF_1,5.0,1.0,356,1.0,0.2,0.2,0.33333333333333337
142,User_IMF_2,1.25,2.0,356,0.25,0.4,0.1,0.3076923076923077
142,User_IMF_3,1.25,1.0,356,0.25,0.2,0.05,0.22222222222222224
143,Sys_IMF_ref_1,4.85,3.75,356,0.97,0.75,0.7275,0.8459302325581396
143,Sys_IMF_ref_2,4.82,1.5,356,0.9640000000000001,0.3,0.2892,0.45759493670886076
143,Sys_IMF_ref_3,4.85,1.5,356,0.97,0.3,0.291,0.458267716535433
143,User_IMF_1,5.0,2.0,356,1.0,0.4,0.4,0.5714285714285715
143,User_IMF_2,5.0,2.0,356,1.0,0.4,0.4,0.5714285714285715
143,User_IMF_3,5.0,4.0,356,1.0,0.8,0.8,0.888888888888889
144,Sys_IMF_ref_1,4.65,3.85,356,0.93,0.77,0.7161000000000001,0.8424705882352941
144,Sys_IMF_ref_2,4.62,3.85,356,0.924,0.77,0.71148,0.8400000000000001
144,User_IMF_1,4.44,4.0,356,0.8880000000000001,0.8,0.7104000000000001,0.8417061611374408
144,User_IMF_2,4.44,4.0,356,0.8880000000000001,0.8,0.7104000000000001,0.8417061611374408
144,User_IMF_3,4.44,4.0,356,0.8880000000000001,0.8,0.7104000000000001,0.8417061611374408
145,Sys_IMF_ref_1,4.85,1.5,365,0.97,0.3,0.291,0.458267716535433
145,Sys_IMF_ref_2,4.85,1.5,365,0.97,0.3,0.291,0.458267716535433
145,Sys_IMF_ref_3,4.85,1.5,365,0.97,0.3,0.291,0.458267716535433
145,User_IMF_1,3.75,2.0,365,0.75,0.4,0.30000000000000004,0.5217391304347827
145,User_IMF_2,3.75,4.0,365,0.75,0.8,0.6000000000000001,0.7741935483870969
145,User_IMF_3,3.75,5.0,365,0.75,1.0,0.75,0.8571428571428571
146,Sys_IMF_ref_1,4.92,1.5,365,0.984,0.3,0.29519999999999996,0.45981308411214944
146,Sys_IMF_ref_2,4.92,1.5,365,0.984,0.3,0.29519999999999996,0.45981308411214944
146,Sys_IMF_ref_3,4.92,1.5,365,0.984,0.3,0.29519999999999996,0.45981308411214944
146,User_IMF_1,5.0,5.0,365,1.0,1.0,1.0,1.0
146,User_IMF_2,5.0,5.0,365,1.0,1.0,1.0,1.0
146,User_IMF_3,5.0,5.0,365,1.0,1.0,1.0,1.0
147,Sys_IMF_ref_1,4.68,1.5,365,0.9359999999999999,0.3,0.2808,0.45436893203883494
147,Sys_IMF_ref_2,4.12,1.5,365,0.8240000000000001,0.3,0.2472,0.43985765124555154
147,Sys_IMF_ref_3,3.82,1.5,365,0.764,0.3,0.2292,0.4308270676691729
147,User_IMF_1,3.33,3.0,365,0.666,0.6,0.3996,0.6312796208530805
147,User_IMF_2,3.33,4.0,365,0.666,0.8,0.5328,0.7268758526603001
147,User_IMF_3,4.17,2.0,365,0.834,0.4,0.3336,0.5406807131280389
148,Sys_IMF_ref_1,4.65,3.85,365,0.93,0.77,0.7161000000000001,0.8424705882352941
148,Sys_IMF_ref_2,4.68,3.85,365,0.9359999999999999,0.77,0.72072,0.8449237983587339
148,Sys_IMF_ref_3,4.65,3.85,365,0.93,0.77,0.7161000000000001,0.8424705882352941
148,User_IMF_1,4.29,4.0,365,0.858,0.8,0.6864,0.8279855247285887
148,User_IMF_2,4.29,4.0,365,0.858,0.8,0.6864,0.8279855247285887
148,User_IMF_3,4.38,4.0,365,0.876,0.8,0.7008000000000001,0.8362768496420048
149,Sys_IMF_ref_1,4.65,2.0,365,0.93,0.4,0.37200000000000005,0.5593984962406016
149,Sys_IMF_ref_2,4.12,2.0,365,0.8240000000000001,0.4,0.32960000000000006,0.538562091503268
149,Sys_IMF_ref_3,4.12,2.0,365,0.8240000000000001,0.4,0.32960000000000006,0.538562091503268
149,User_IMF_1,4.29,4.0,365,0.858,0.8,0.6864,0.8279855247285887
149,User_IMF_2,4.17,2.0,365,0.834,0.4,0.3336,0.5406807131280389
149,User_IMF_3,4.29,2.0,365,0.858,0.4,0.3432,0.5456279809220985
150,Sys_IMF_ref_1,3.42,2.85,370,0.6839999999999999,0.5700000000000001,0.38988,0.6218181818181818
150,Sys_IMF_ref_2,4.68,2.85,370,0.9359999999999999,0.5700000000000001,0.53352,0.7085258964143426
150,Sys_IMF_ref_3,4.82,3.65,370,0.9640000000000001,0.73,0.70372,0.8308382526564345
150,User_IMF_1,5.0,3.0,370,1.0,0.6,0.6,0.7499999999999999
150,User_IMF_2,5.0,3.0,370,1.0,0.6,0.6,0.7499999999999999
150,User_IMF_3,5.0,3.0,370,1.0,0.6,0.6,0.7499999999999999
151,Sys_IMF_ref_1,3.42,1.5,370,0.6839999999999999,0.3,0.20519999999999997,0.41707317073170724
151,Sys_IMF_ref_2,3.92,1.5,370,0.784,0.3,0.2352,0.4339483394833948
151,Sys_IMF_ref_3,3.82,1.5,370,0.764,0.3,0.2292,0.4308270676691729
151,User_IMF_1,4.29,2.0,370,0.858,0.4,0.3432,0.5456279809220985
151,User_IMF_2,4.29,2.0,370,0.858,0.4,0.3432,0.5456279809220985
151,User_IMF_3,4.17,3.0,370,0.834,0.6,0.5004,0.697907949790795
152,Sys_IMF_ref_1,4.15,1.5,370,0.8300000000000001,0.3,0.249,0.44070796460176986
152,Sys_IMF_ref_2,4.72,1.5,370,0.944,0.3,0.28319999999999995,0.45530546623794205
152,Sys_IMF_ref_3,4.12,1.5,370,0.8240000000000001,0.3,0.2472,0.43985765124555154
152,User_IMF_1,5.0,4.0,370,1.0,0.8,0.8,0.888888888888889
152,User_IMF_2,5.0,4.0,370,1.0,0.8,0.8,0.888888888888889
152,User_IMF_3,5.0,4.0,370,1.0,0.8,0.8,0.888888888888889
153,Sys_IMF_ref_1,4.65,1.5,370,0.93,0.3,0.279,0.4536585365853659
153,Sys_IMF_ref_2,4.82,1.5,370,0.9640000000000001,0.3,0.2892,0.45759493670886076
153,Sys_IMF_ref_3,4.12,1.5,370,0.8240000000000001,0.3,0.2472,0.43985765124555154
153,User_IMF_1,5.0,2.0,370,1.0,0.4,0.4,0.5714285714285715
153,User_IMF_2,5.0,3.0,370,1.0,0.6,0.6,0.7499999999999999
153,User_IMF_3,5.0,2.0,370,1.0,0.4,0.4,0.5714285714285715
154,Sys_IMF_ref_1,4.62,1.5,370,0.924,0.3,0.2772,0.45294117647058824
154,Sys_IMF_ref_2,4.65,1.5,370,0.93,0.3,0.279,0.4536585365853659
154,Sys_IMF_ref_3,4.62,1.5,370,0.924,0.3,0.2772,0.45294117647058824
154,User_IMF_1,5.0,2.0,370,1.0,0.4,0.4,0.5714285714285715
154,User_IMF_2,5.0,4.0,370,1.0,0.8,0.8,0.888888888888889
154,User_IMF_3,5.0,3.0,370,1.0,0.6,0.6,0.7499999999999999
155,Sys_IMF_ref_1,2.85,1.42,389,0.5700000000000001,0.284,0.16188,0.3791100702576112
155,Sys_IMF_ref_2,1.85,1.65,389,0.37,0.32999999999999996,0.12209999999999999,0.34885714285714287
155,Sys_IMF_ref_3,1.85,2.0,389,0.37,0.4,0.148,0.3844155844155844
155,User_IMF_1,1.67,1.0,389,0.33399999999999996,0.2,0.0668,0.250187265917603
155,User_IMF_2,2.78,1.0,389,0.5559999999999999,0.2,0.1112,0.29417989417989415
155,User_IMF_3,1.67,1.0,389,0.33399999999999996,0.2,0.0668,0.250187265917603
156,Sys_IMF_ref_1,1.85,3.62,389,0.37,0.724,0.26788,0.48972577696526515
156,Sys_IMF_ref_2,1.15,3.85,389,0.22999999999999998,0.77,0.17709999999999998,0.35419999999999996
156,User_IMF_1,1.11,4.0,389,0.22200000000000003,0.8,0.17760000000000004,0.3475538160469668
156,User_IMF_2,1.11,3.0,389,0.22200000000000003,0.6,0.1332,0.32408759124087594
156,User_IMF_3,1.67,2.0,389,0.33399999999999996,0.4,0.1336,0.3640326975476839
157,Sys_IMF_ref_1,1.85,1.5,389,0.37,0.3,0.111,0.3313432835820896
157,Sys_IMF_ref_2,1.15,2.85,389,0.22999999999999998,0.5700000000000001,0.1311,0.32775
157,Sys_IMF_ref_3,1.25,1.5,389,0.25,0.3,0.075,0.2727272727272727
157,User_IMF_1,2.22,3.0,389,0.44400000000000006,0.6,0.2664,0.5103448275862069
157,User_IMF_2,2.22,3.0,389,0.44400000000000006,0.6,0.2664,0.5103448275862069
157,User_IMF_3,2.22,2.0,389,0.44400000000000006,0.4,0.17760000000000004,0.4208530805687204
158,Sys_IMF_ref_2,1.35,1.5,389,0.27,0.3,0.081,0.28421052631578947
158,Sys_IMF_ref_3,1.25,1.5,389,0.25,0.3,0.075,0.2727272727272727
158,User_IMF_1,1.11,2.0,389,0.22200000000000003,0.4,0.08880000000000002,0.28553054662379423
158,User_IMF_2,1.11,2.0,389,0.22200000000000003,0.4,0.08880000000000002,0.28553054662379423
158,User_IMF_3,1.11,3.0,389,0.22200000000000003,0.6,0.1332,0.32408759124087594
159,Sys_IMF_ref_2,3.42,2.85,389,0.6839999999999999,0.5700000000000001,0.38988,0.6218181818181818
159,Sys_IMF_ref_3,1.25,1.8,389,0.25,0.36,0.09,0.29508196721311475
159,User_IMF_1,1.11,2.0,389,0.22200000000000003,0.4,0.08880000000000002,0.28553054662379423
159,User_IMF_2,3.33,3.0,389,0.666,0.6,0.3996,0.6312796208530805
159,User_IMF_3,1.11,2.0,389,0.22200000000000003,0.4,0.08880000000000002,0.28553054662379423
160,Sys_IMF_ref_1,4.15,2.85,392,0.8300000000000001,0.5700000000000001,0.4731000000000001,0.6758571428571429
160,Sys_IMF_ref_2,4.12,2.85,392,0.8240000000000001,0.5700000000000001,0.4696800000000001,0.6738593974175037
160,Sys_IMF_ref_3,4.15,3.85,392,0.8300000000000001,0.77,0.6391000000000001,0.7988750000000001
160,User_IMF_1,5.0,3.0,392,1.0,0.6,0.6,0.7499999999999999
160,User_IMF_2,5.0,4.0,392,1.0,0.8,0.8,0.888888888888889
160,User_IMF_3,5.0,3.0,392,1.0,0.6,0.6,0.7499999999999999
161,Sys_IMF_ref_1,4.12,2.85,392,0.8240000000000001,0.5700000000000001,0.4696800000000001,0.6738593974175037
161,Sys_IMF_ref_2,4.85,3.2,392,0.97,0.64,0.6208,0.7711801242236026
161,Sys_IMF_ref_3,4.12,1.85,392,0.8240000000000001,0.37,0.30488000000000004,0.5106867671691793
161,User_IMF_1,5.0,3.0,392,1.0,0.6,0.6,0.7499999999999999
161,User_IMF_2,5.0,3.0,392,1.0,0.6,0.6,0.7499999999999999
161,User_IMF_3,5.0,2.0,392,1.0,0.4,0.4,0.5714285714285715
162,Sys_IMF_ref_1,4.82,3.65,392,0.9640000000000001,0.73,0.70372,0.8308382526564345
162,Sys_IMF_ref_2,4.72,3.65,392,0.944,0.73,0.68912,0.8233213859020311
162,Sys_IMF_ref_3,4.72,3.85,392,0.944,0.77,0.72688,0.8481680280046674
162,User_IMF_1,5.0,4.0,392,1.0,0.8,0.8,0.888888888888889
162,User_IMF_2,5.0,4.0,392,1.0,0.8,0.8,0.888888888888889
162,User_IMF_3,5.0,4.0,392,1.0,0.8,0.8,0.888888888888889
163,Sys_IMF_ref_1,4.65,3.82,392,0.93,0.764,0.71052,0.8388665879574971
163,Sys_IMF_ref_2,4.15,3.65,392,0.8300000000000001,0.73,0.6059,0.7767948717948717
163,Sys_IMF_ref_3,4.12,2.85,392,0.8240000000000001,0.5700000000000001,0.4696800000000001,0.6738593974175037
163,User_IMF_1,5.0,4.0,392,1.0,0.8,0.8,0.888888888888889
163,User_IMF_2,5.0,3.0,392,1.0,0.6,0.6,0.7499999999999999
163,User_IMF_3,5.0,3.0,392,1.0,0.6,0.6,0.7499999999999999
164,Sys_IMF_ref_1,4.12,2.85,392,0.8240000000000001,0.5700000000000001,0.4696800000000001,0.6738593974175037
164,Sys_IMF_ref_2,4.52,2.85,392,0.9039999999999999,0.5700000000000001,0.51528,0.6991587516960651
164,Sys_IMF_ref_3,3.85,1.92,392,0.77,0.384,0.29568,0.5124436741767765
164,User_IMF_1,5.0,2.0,392,1.0,0.4,0.4,0.5714285714285715
164,User_IMF_2,5.0,3.0,392,1.0,0.6,0.6,0.7499999999999999
164,User_IMF_3,5.0,3.0,392,1.0,0.6,0.6,0.7499999999999999
165,Sys_IMF_ref_1,4.15,2.85,394,0.8300000000000001,0.5700000000000001,0.4731000000000001,0.6758571428571429
165,Sys_IMF_ref_2,4.12,2.85,394,0.8240000000000001,0.5700000000000001,0.4696800000000001,0.6738593974175037
165,Sys_IMF_ref_3,3.42,2.85,394,0.6839999999999999,0.5700000000000001,0.38988,0.6218181818181818
165,User_IMF_1,5.0,3.0,394,1.0,0.6,0.6,0.7499999999999999
165,User_IMF_2,3.75,3.0,394,0.75,0.6,0.44999999999999996,0.6666666666666665
165,User_IMF_3,5.0,4.0,394,1.0,0.8,0.8,0.888888888888889
166,Sys_IMF_ref_1,4.85,3.65,394,0.97,0.73,0.7081,0.8330588235294117
166,Sys_IMF_ref_2,4.92,4.65,394,0.984,0.93,0.91512,0.9562382445141066
166,Sys_IMF_ref_3,4.92,3.85,394,0.984,0.77,0.75768,0.863945267958951
166,User_IMF_1,5.0,4.0,394,1.0,0.8,0.8,0.888888888888889
166,User_IMF_2,5.0,5.0,394,1.0,1.0,1.0,1.0
166,User_IMF_3,5.0,4.0,394,1.0,0.8,0.8,0.888888888888889
167,Sys_IMF_ref_1,4.15,2.85,394,0.8300000000000001,0.5700000000000001,0.4731000000000001,0.6758571428571429
167,Sys_IMF_ref_2,4.15,2.85,394,0.8300000000000001,0.5700000000000001,0.4731000000000001,0.6758571428571429
167,Sys_IMF_ref_3,4.12,2.85,394,0.8240000000000001,0.5700000000000001,0.4696800000000001,0.6738593974175037
167,User_IMF_1,4.29,3.0,394,0.858,0.6,0.5147999999999999,0.7061728395061727
167,User_IMF_2,4.29,2.0,394,0.858,0.4,0.3432,0.5456279809220985
167,User_IMF_3,4.17,3.0,394,0.834,0.6,0.5004,0.697907949790795
168,Sys_IMF_ref_1,1.85,1.2,394,0.37,0.24,0.08879999999999999,0.2911475409836065
168,Sys_IMF_ref_2,4.12,1.85,394,0.8240000000000001,0.37,0.30488000000000004,0.5106867671691793
168,Sys_IMF_ref_3,4.35,2.85,394,0.8699999999999999,0.5700000000000001,0.4959,0.6887500000000001
168,User_IMF_1,4.29,2.0,394,0.858,0.4,0.3432,0.5456279809220985
168,User_IMF_2,3.57,1.0,394,0.714,0.2,0.1428,0.31247264770240707
168,User_IMF_3,3.57,3.0,394,0.714,0.6,0.42839999999999995,0.6520547945205478
169,Sys_IMF_ref_1,1.85,1.65,394,0.37,0.32999999999999996,0.12209999999999999,0.34885714285714287
169,Sys_IMF_ref_2,4.12,2.85,394,0.8240000000000001,0.5700000000000001,0.4696800000000001,0.6738593974175037
169,Sys_IMF_ref_3,2.15,1.85,394,0.43,0.37,0.1591,0.39774999999999994
169,User_IMF_1,1.67,2.0,394,0.33399999999999996,0.4,0.1336,0.3640326975476839
169,User_IMF_2,1.67,2.0,394,0.33399999999999996,0.4,0.1336,0.3640326975476839
169,User_IMF_3,1.67,3.0,394,0.33399999999999996,0.6,0.20039999999999997,0.42912205567451817
170,Sys_IMF_ref_1,4.12,2.85,396,0.8240000000000001,0.5700000000000001,0.4696800000000001,0.6738593974175037
170,Sys_IMF_ref_2,4.65,3.82,396,0.93,0.764,0.71052,0.8388665879574971
170,Sys_IMF_ref_3,4.65,3.82,396,0.93,0.764,0.71052,0.8388665879574971
170,User_IMF_1,5.0,3.0,396,1.0,0.6,0.6,0.7499999999999999
170,User_IMF_2,5.0,4.0,396,1.0,0.8,0.8,0.888888888888889
170,User_IMF_3,5.0,4.0,396,1.0,0.8,0.8,0.888888888888889
171,Sys_IMF_ref_1,4.85,3.65,396,0.97,0.73,0.7081,0.8330588235294117
171,Sys_IMF_ref_2,4.35,2.65,396,0.8699999999999999,0.53,0.46109999999999995,0.6587142857142857
171,Sys_IMF_ref_3,4.12,2.85,396,0.8240000000000001,0.5700000000000001,0.4696800000000001,0.6738593974175037
171,User_IMF_1,5.0,4.0,396,1.0,0.8,0.8,0.888888888888889
171,User_IMF_2,5.0,4.0,396,1.0,0.8,0.8,0.888888888888889
171,User_IMF_3,5.0,3.0,396,1.0,0.6,0.6,0.7499999999999999
172,Sys_IMF_ref_1,4.72,3.85,396,0.944,0.77,0.72688,0.8481680280046674
172,Sys_IMF_ref_2,4.72,3.85,396,0.944,0.77,0.72688,0.8481680280046674
172,Sys_IMF_ref_3,4.85,4.92,396,0.97,0.984,0.95448,0.976949846468782
172,User_IMF_1,5.0,5.0,396,1.0,1.0,1.0,1.0
172,User_IMF_2,5.0,5.0,396,1.0,1.0,1.0,1.0
172,User_IMF_3,5.0,5.0,396,1.0,1.0,1.0,1.0
173,Sys_IMF_ref_1,4.72,2.85,396,0.944,0.5700000000000001,0.53808,0.7108058124174372
173,Sys_IMF_ref_2,4.82,2.15,396,0.9640000000000001,0.43,0.41452000000000006,0.5947202295552367
173,Sys_IMF_ref_3,4.12,2.85,396,0.8240000000000001,0.5700000000000001,0.4696800000000001,0.6738593974175037
173,User_IMF_1,4.29,3.0,396,0.858,0.6,0.5147999999999999,0.7061728395061727
173,User_IMF_2,5.0,3.0,396,1.0,0.6,0.6,0.7499999999999999
173,User_IMF_3,4.29,3.0,396,0.858,0.6,0.5147999999999999,0.7061728395061727
174,Sys_IMF_ref_1,4.85,3.65,396,0.97,0.73,0.7081,0.8330588235294117
174,Sys_IMF_ref_2,4.72,3.85,396,0.944,0.77,0.72688,0.8481680280046674
174,Sys_IMF_ref_3,4.72,3.65,396,0.944,0.73,0.68912,0.8233213859020311
174,User_IMF_1,5.0,4.0,396,1.0,0.8,0.8,0.888888888888889
174,User_IMF_2,5.0,4.0,396,1.0,0.8,0.8,0.888888888888889
174,User_IMF_3,5.0,4.0,396,1.0,0.8,0.8,0.888888888888889
175,Sys_IMF_ref_1,4.85,1.2,400,0.97,0.24,0.23279999999999998,0.384793388429752
175,Sys_IMF_ref_2,4.12,1.5,400,0.8240000000000001,0.3,0.2472,0.43985765124555154
175,Sys_IMF_ref_3,2.15,1.2,400,0.43,0.24,0.1032,0.30805970149253736
175,User_IMF_1,0.0,1.0,400,0.0,0.2,0.0,0.0
175,User_IMF_2,5.0,1.0,400,1.0,0.2,0.2,0.33333333333333337
175,User_IMF_3,5.0,1.0,400,1.0,0.2,0.2,0.33333333333333337
176,Sys_IMF_ref_1,4.65,1.5,400,0.93,0.3,0.279,0.4536585365853659
176,Sys_IMF_ref_2,4.85,1.5,400,0.97,0.3,0.291,0.458267716535433
176,Sys_IMF_ref_3,5.0,5.0,400,1.0,1.0,1.0,1.0
176,User_IMF_1,5.0,4.0,400,1.0,0.8,0.8,0.888888888888889
176,User_IMF_2,5.0,4.0,400,1.0,0.8,0.8,0.888888888888889
176,User_IMF_3,5.0,4.0,400,1.0,0.8,0.8,0.888888888888889
177,Sys_IMF_ref_1,2.85,1.5,400,0.5700000000000001,0.3,0.171,0.3931034482758621
177,Sys_IMF_ref_2,4.15,1.5,400,0.8300000000000001,0.3,0.249,0.44070796460176986
177,Sys_IMF_ref_3,2.15,0.85,400,0.43,0.16999999999999998,0.0731,0.24366666666666667
177,User_IMF_1,0.0,1.0,400,0.0,0.2,0.0,0.0
177,User_IMF_2,3.33,0.0,400,0.666,0.0,0.0,0.0
177,User_IMF_3,3.89,1.0,400,0.778,0.2,0.15560000000000002,0.31820040899795504
178,Sys_IMF_ref_1,3.42,1.85,400,0.6839999999999999,0.37,0.25307999999999997,0.4802277039848198
178,Sys_IMF_ref_2,2.85,1.92,400,0.5700000000000001,0.384,0.21888000000000002,0.4588679245283019
178,Sys_IMF_ref_3,2.85,1.65,400,0.5700000000000001,0.32999999999999996,0.1881,0.418
178,User_IMF_1,3.33,2.0,400,0.666,0.4,0.2664,0.499812382739212
178,User_IMF_2,3.33,2.0,400,0.666,0.4,0.2664,0.499812382739212
178,User_IMF_3,3.33,4.0,400,0.666,0.8,0.5328,0.7268758526603001
179,Sys_IMF_ref_1,4.85,2.1,400,0.97,0.42000000000000004,0.40740000000000004,0.5861870503597122
179,Sys_IMF_ref_2,4.85,3.72,400,0.97,0.744,0.72168,0.842100350058343
179,Sys_IMF_ref_3,4.12,3.68,400,0.8240000000000001,0.736,0.606464,0.7775179487179487
179,User_IMF_1,5.0,2.0,400,1.0,0.4,0.4,0.5714285714285715
179,User_IMF_2,5.0,2.0,400,1.0,0.4,0.4,0.5714285714285715
179,User_IMF_3,5.0,3.0,400,1.0,0.6,0.6,0.7499999999999999
180,Sys_IMF_ref_1,2.85,1.95,405,0.5700000000000001,0.39,0.22230000000000003,0.463125
180,Sys_IMF_ref_2,3.85,1.92,405,0.77,0.384,0.29568,0.5124436741767765
180,Sys_IMF_ref_3,2.85,2.4,405,0.5700000000000001,0.48,0.2736,0.5211428571428571
180,User_IMF_1,5.0,2.0,405,1.0,0.4,0.4,0.5714285714285715
180,User_IMF_2,5.0,1.0,405,1.0,0.2,0.2,0.33333333333333337
180,User_IMF_3,2.78,3.0,405,0.5559999999999999,0.6,0.33359999999999995,0.5771626297577854
181,Sys_IMF_ref_1,3.42,1.85,405,0.6839999999999999,0.37,0.25307999999999997,0.4802277039848198
181,Sys_IMF_ref_2,3.15,1.85,405,0.63,0.37,0.2331,0.4662
181,Sys_IMF_ref_3,3.42,1.85,405,0.6839999999999999,0.37,0.25307999999999997,0.4802277039848198
181,User_IMF_1,3.33,2.0,405,0.666,0.4,0.2664,0.499812382739212
181,User_IMF_2,3.33,2.0,405,0.666,0.4,0.2664,0.499812382739212
181,User_IMF_3,3.33,2.0,405,0.666,0.4,0.2664,0.499812382739212
182,Sys_IMF_ref_1,2.35,2.8,405,0.47000000000000003,0.5599999999999999,0.2632,0.5110679611650485
182,Sys_IMF_ref_2,4.15,2.85,405,0.8300000000000001,0.5700000000000001,0.4731000000000001,0.6758571428571429
182,Sys_IMF_ref_3,2.85,2.4,405,0.5700000000000001,0.48,0.2736,0.5211428571428571
182,User_IMF_1,4.44,3.0,405,0.8880000000000001,0.6,0.5328,0.7161290322580646
182,User_IMF_2,4.44,2.0,405,0.8880000000000001,0.4,0.35520000000000007,0.5515527950310559
182,User_IMF_3,4.44,3.0,405,0.8880000000000001,0.6,0.5328,0.7161290322580646
183,Sys_IMF_ref_1,3.42,2.85,405,0.6839999999999999,0.5700000000000001,0.38988,0.6218181818181818
183,Sys_IMF_ref_2,3.45,2.8,405,0.6900000000000001,0.5599999999999999,0.38639999999999997,0.6182399999999999
183,Sys_IMF_ref_3,3.42,2.85,405,0.6839999999999999,0.5700000000000001,0.38988,0.6218181818181818
183,User_IMF_1,3.33,3.0,405,0.666,0.6,0.3996,0.6312796208530805
183,User_IMF_2,3.33,2.0,405,0.666,0.4,0.2664,0.499812382739212
183,User_IMF_3,3.33,3.0,405,0.666,0.6,0.3996,0.6312796208530805
184,Sys_IMF_ref_1,1.85,2.4,405,0.37,0.48,0.17759999999999998,0.4178823529411764
184,Sys_IMF_ref_2,2.85,3.42,405,0.5700000000000001,0.6839999999999999,0.38988,0.6218181818181818
184,Sys_IMF_ref_3,1.85,2.1,405,0.37,0.42000000000000004,0.1554,0.39341772151898735
184,User_IMF_1,2.22,3.0,405,0.44400000000000006,0.6,0.2664,0.5103448275862069
184,User_IMF_2,1.67,2.0,405,0.33399999999999996,0.4,0.1336,0.3640326975476839
184,User_IMF_3,2.22,2.0,405,0.44400000000000006,0.4,0.17760000000000004,0.4208530805687204
185,Sys_IMF_ref_1,4.85,2.65,406,0.97,0.53,0.5141,0.6854666666666667
185,Sys_IMF_ref_2,4.12,2.65,406,0.8240000000000001,0.53,0.43672000000000005,0.6450812407680946
185,Sys_IMF_ref_3,4.85,3.62,406,0.97,0.724,0.7022799999999999,0.8291381345926799
185,User_IMF_1,5.0,4.0,406,1.0,0.8,0.8,0.888888888888889
185,User_IMF_2,5.0,3.0,406,1.0,0.6,0.6,0.7499999999999999
185,User_IMF_3,5.0,4.0,406,1.0,0.8,0.8,0.888888888888889
186,Sys_IMF_ref_1,4.65,2.85,406,0.93,0.5700000000000001,0.5301000000000001,0.7068000000000002
186,Sys_IMF_ref_2,4.85,3.65,406,0.97,0.73,0.7081,0.8330588235294117
186,Sys_IMF_ref_3,4.65,3.85,406,0.93,0.77,0.7161000000000001,0.8424705882352941
186,User_IMF_1,4.44,3.0,406,0.8880000000000001,0.6,0.5328,0.7161290322580646
186,User_IMF_2,4.44,4.0,406,0.8880000000000001,0.8,0.7104000000000001,0.8417061611374408
186,User_IMF_3,4.44,3.0,406,0.8880000000000001,0.6,0.5328,0.7161290322580646
187,Sys_IMF_ref_1,4.85,4.2,406,0.97,0.8400000000000001,0.8148000000000001,0.9003314917127072
187,Sys_IMF_ref_2,4.85,3.62,406,0.97,0.724,0.7022799999999999,0.8291381345926799
187,Sys_IMF_ref_3,4.85,4.12,406,0.97,0.8240000000000001,0.79928,0.8910590858416945
187,User_IMF_1,5.0,4.0,406,1.0,0.8,0.8,0.888888888888889
187,User_IMF_2,5.0,4.0,406,1.0,0.8,0.8,0.888888888888889
187,User_IMF_3,5.0,3.0,406,1.0,0.6,0.6,0.7499999999999999
188,Sys_IMF_ref_1,4.85,2.65,406,0.97,0.53,0.5141,0.6854666666666667
188,Sys_IMF_ref_2,4.85,3.6,406,0.97,0.72,0.6983999999999999,0.8265088757396449
188,Sys_IMF_ref_3,4.85,3.62,406,0.97,0.724,0.7022799999999999,0.8291381345926799
188,User_IMF_1,5.0,3.0,406,1.0,0.6,0.6,0.7499999999999999
188,User_IMF_2,5.0,4.0,406,1.0,0.8,0.8,0.888888888888889
188,User_IMF_3,5.0,4.0,406,1.0,0.8,0.8,0.888888888888889
189,Sys_IMF_ref_1,4.85,3.72,406,0.97,0.744,0.72168,0.842100350058343
189,Sys_IMF_ref_2,4.12,2.85,406,0.8240000000000001,0.5700000000000001,0.4696800000000001,0.6738593974175037
189,Sys_IMF_ref_3,4.25,2.85,406,0.85,0.5700000000000001,0.48450000000000004,0.6823943661971832
189,User_IMF_1,3.33,4.0,406,0.666,0.8,0.5328,0.7268758526603001
189,User_IMF_2,4.29,3.0,406,0.858,0.6,0.5147999999999999,0.7061728395061727
189,User_IMF_3,3.33,4.0,406,0.666,0.8,0.5328,0.7268758526603001
190,Sys_IMF_ref_1,4.15,3.85,413,0.8300000000000001,0.77,0.6391000000000001,0.7988750000000001
190,Sys_IMF_ref_2,4.15,2.85,413,0.8300000000000001,0.5700000000000001,0.4731000000000001,0.6758571428571429
190,Sys_IMF_ref_3,2.15,1.85,413,0.43,0.37,0.1591,0.39774999999999994
190,User_IMF_1,3.89,2.0,413,0.778,0.4,0.31120000000000003,0.5283531409168082
190,User_IMF_2,3.89,3.0,413,0.778,0.6,0.4668,0.6775036284470246
190,User_IMF_3,2.78,3.0,413,0.5559999999999999,0.6,0.33359999999999995,0.5771626297577854
191,Sys_IMF_ref_1,4.15,1.5,413,0.8300000000000001,0.3,0.249,0.44070796460176986
191,Sys_IMF_ref_2,4.65,1.5,413,0.93,0.3,0.279,0.4536585365853659
191,Sys_IMF_ref_3,4.15,1.5,413,0.8300000000000001,0.3,0.249,0.44070796460176986
191,User_IMF_1,3.89,3.0,413,0.778,0.6,0.4668,0.6775036284470246
191,User_IMF_2,5.0,3.0,413,1.0,0.6,0.6,0.7499999999999999
191,User_IMF_3,5.0,2.0,413,1.0,0.4,0.4,0.5714285714285715
192,Sys_IMF_ref_1,1.25,1.8,413,0.25,0.36,0.09,0.29508196721311475
192,Sys_IMF_ref_2,0.85,1.2,413,0.16999999999999998,0.24,0.040799999999999996,0.19902439024390242
192,Sys_IMF_ref_3,1.25,0.85,413,0.25,0.16999999999999998,0.042499999999999996,0.20238095238095238
192,User_IMF_1,0.56,1.0,413,0.11200000000000002,0.2,0.022400000000000003,0.14358974358974358
192,User_IMF_2,0.56,4.0,413,0.11200000000000002,0.8,0.08960000000000001,0.19649122807017547
192,User_IMF_3,0.56,1.0,413,0.11200000000000002,0.2,0.022400000000000003,0.14358974358974358
193,Sys_IMF_ref_1,4.65,2.85,413,0.93,0.5700000000000001,0.5301000000000001,0.7068000000000002
193,Sys_IMF_ref_2,4.85,4.72,413,0.97,0.944,0.9156799999999999,0.9568234064785789
193,Sys_IMF_ref_3,4.12,2.85,413,0.8240000000000001,0.5700000000000001,0.4696800000000001,0.6738593974175037
193,User_IMF_1,4.44,3.0,413,0.8880000000000001,0.6,0.5328,0.7161290322580646
193,User_IMF_2,3.89,2.0,413,0.778,0.4,0.31120000000000003,0.5283531409168082
193,User_IMF_3,4.44,4.0,413,0.8880000000000001,0.8,0.7104000000000001,0.8417061611374408
194,Sys_IMF_ref_1,1.85,2.4,413,0.37,0.48,0.17759999999999998,0.4178823529411764
194,Sys_IMF_ref_2,4.12,2.85,413,0.8240000000000001,0.5700000000000001,0.4696800000000001,0.6738593974175037
194,Sys_IMF_ref_3,3.65,2.85,413,0.73,0.5700000000000001,0.4161,0.6401538461538462
194,User_IMF_1,3.89,3.0,413,0.778,0.6,0.4668,0.6775036284470246
194,User_IMF_2,3.89,2.0,413,0.778,0.4,0.31120000000000003,0.5283531409168082
194,User_IMF_3,2.78,3.0,413,0.5559999999999999,0.6,0.33359999999999995,0.5771626297577854
195,Sys_IMF_ref_1,4.15,1.85,415,0.8300000000000001,0.37,0.30710000000000004,0.5118333333333334
195,Sys_IMF_ref_2,4.65,2.85,415,0.93,0.5700000000000001,0.5301000000000001,0.7068000000000002
195,Sys_IMF_ref_3,3.85,1.65,415,0.77,0.32999999999999996,0.2541,0.46199999999999997
195,User_IMF_1,5.0,2.0,415,1.0,0.4,0.4,0.5714285714285715
195,User_IMF_2,5.0,3.0,415,1.0,0.6,0.6,0.7499999999999999
195,User_IMF_3,5.0,3.0,415,1.0,0.6,0.6,0.7499999999999999
196,Sys_IMF_ref_1,4.15,2.85,415,0.8300000000000001,0.5700000000000001,0.4731000000000001,0.6758571428571429
196,Sys_IMF_ref_2,4.85,3.62,415,0.97,0.724,0.7022799999999999,0.8291381345926799
196,Sys_IMF_ref_3,4.85,2.15,415,0.97,0.43,0.41709999999999997,0.5958571428571429
196,User_IMF_1,5.0,4.0,415,1.0,0.8,0.8,0.888888888888889
196,User_IMF_2,5.0,4.0,415,1.0,0.8,0.8,0.888888888888889
196,User_IMF_3,5.0,2.0,415,1.0,0.4,0.4,0.5714285714285715
197,Sys_IMF_ref_1,4.85,3.75,415,0.97,0.75,0.7275,0.8459302325581396
197,Sys_IMF_ref_2,4.12,3.85,415,0.8240000000000001,0.77,0.63448,0.7960853199498118
197,Sys_IMF_ref_3,4.12,3.65,415,0.8240000000000001,0.73,0.60152,0.7741570141570142
197,User_IMF_1,4.17,3.0,415,0.834,0.6,0.5004,0.697907949790795
197,User_IMF_2,5.0,4.0,415,1.0,0.8,0.8,0.888888888888889
197,User_IMF_3,5.0,3.0,415,1.0,0.6,0.6,0.7499999999999999
198,Sys_IMF_ref_1,2.85,3.1,415,0.5700000000000001,0.62,0.35340000000000005,0.5939495798319329
198,Sys_IMF_ref_2,3.82,2.45,415,0.764,0.49000000000000005,0.37436,0.5970653907496013
198,Sys_IMF_ref_3,3.82,2.15,415,0.764,0.43,0.32852,0.550284757118928
198,User_IMF_1,4.29,2.0,415,0.858,0.4,0.3432,0.5456279809220985
198,User_IMF_2,4.29,2.0,415,0.858,0.4,0.3432,0.5456279809220985
198,User_IMF_3,4.17,2.0,415,0.834,0.4,0.3336,0.5406807131280389
199,Sys_IMF_ref_1,4.85,2.3,415,0.97,0.45999999999999996,0.44619999999999993,0.624055944055944
199,Sys_IMF_ref_2,4.85,3.75,415,0.97,0.75,0.7275,0.8459302325581396
199,Sys_IMF_ref_3,4.15,2.85,415,0.8300000000000001,0.5700000000000001,0.4731000000000001,0.6758571428571429
199,User_IMF_1,5.0,2.0,415,1.0,0.4,0.4,0.5714285714285715
199,User_IMF_2,4.17,4.0,415,0.834,0.8,0.6672,0.8166462668298654
199,User_IMF_3,5.0,4.0,415,1.0,0.8,0.8,0.888888888888889
200,Sys_IMF_ref_1,3.85,2.75,419,0.77,0.55,0.42350000000000004,0.6416666666666667
200,Sys_IMF_ref_2,3.85,2.65,419,0.77,0.53,0.4081,0.6278461538461538
200,Sys_IMF_ref_3,3.85,1.5,419,0.77,0.3,0.23099999999999998,0.4317757009345794
200,User_IMF_1,4.38,2.0,419,0.876,0.4,0.35040000000000004,0.5492163009404389
200,User_IMF_2,5.0,2.0,419,1.0,0.4,0.4,0.5714285714285715
200,User_IMF_3,5.0,2.0,419,1.0,0.4,0.4,0.5714285714285715
201,Sys_IMF_ref_1,3.85,1.5,419,0.77,0.3,0.23099999999999998,0.4317757009345794
201,Sys_IMF_ref_2,4.12,3.65,419,0.8240000000000001,0.73,0.60152,0.7741570141570142
201,Sys_IMF_ref_3,4.85,3.62,419,0.97,0.724,0.7022799999999999,0.8291381345926799
201,User_IMF_1,3.75,2.0,419,0.75,0.4,0.30000000000000004,0.5217391304347827
201,User_IMF_2,3.33,2.0,419,0.666,0.4,0.2664,0.499812382739212
201,User_IMF_3,3.75,4.0,419,0.75,0.8,0.6000000000000001,0.7741935483870969
202,Sys_IMF_ref_1,0.0,0.85,419,0.0,0.16999999999999998,0.0,0.0
202,Sys_IMF_ref_2,0.0,0.85,419,0.0,0.16999999999999998,0.0,0.0
202,Sys_IMF_ref_3,0.0,0.85,419,0.0,0.16999999999999998,0.0,0.0
202,User_IMF_1,0.0,1.0,419,0.0,0.2,0.0,0.0
202,User_IMF_2,0.0,1.0,419,0.0,0.2,0.0,0.0
202,User_IMF_3,0.0,1.0,419,0.0,0.2,0.0,0.0
203,Sys_IMF_ref_1,1.85,1.2,419,0.37,0.24,0.08879999999999999,0.2911475409836065
203,Sys_IMF_ref_2,1.25,1.85,419,0.25,0.37,0.0925,0.29838709677419356
203,Sys_IMF_ref_3,1.85,1.2,419,0.37,0.24,0.08879999999999999,0.2911475409836065
203,User_IMF_1,0.71,1.0,419,0.142,0.2,0.028399999999999998,0.16608187134502925
203,User_IMF_2,2.0,1.0,419,0.4,0.2,0.08000000000000002,0.26666666666666666
203,User_IMF_3,0.71,1.0,419,0.142,0.2,0.028399999999999998,0.16608187134502925
204,Sys_IMF_ref_1,4.85,3.72,419,0.97,0.744,0.72168,0.842100350058343
204,Sys_IMF_ref_2,4.85,3.75,419,0.97,0.75,0.7275,0.8459302325581396
204,Sys_IMF_ref_3,4.65,3.85,419,0.93,0.77,0.7161000000000001,0.8424705882352941
204,User_IMF_1,5.0,4.0,419,1.0,0.8,0.8,0.888888888888889
204,User_IMF_2,4.29,4.0,419,0.858,0.8,0.6864,0.8279855247285887
204,User_IMF_3,4.29,4.0,419,0.858,0.8,0.6864,0.8279855247285887
205,Sys_IMF_ref_1,1.25,3.68,421,0.25,0.736,0.184,0.37322515212981744
205,Sys_IMF_ref_2,1.85,3.62,421,0.37,0.724,0.26788,0.48972577696526515
205,Sys_IMF_ref_3,1.85,2.65,421,0.37,0.53,0.1961,0.43577777777777776
205,User_IMF_1,1.88,2.0,421,0.376,0.4,0.1504,0.38762886597938145
205,User_IMF_2,1.88,2.0,421,0.376,0.4,0.1504,0.38762886597938145
205,User_IMF_3,1.88,2.0,421,0.376,0.4,0.1504,0.38762886597938145
206,Sys_IMF_ref_1,0.15,1.85,421,0.03,0.37,0.011099999999999999,0.055499999999999994
206,Sys_IMF_ref_2,1.42,1.85,421,0.284,0.37,0.10507999999999999,0.3213455657492355
206,Sys_IMF_ref_3,2.85,3.42,421,0.5700000000000001,0.6839999999999999,0.38988,0.6218181818181818
206,User_IMF_1,2.5,1.0,421,0.5,0.2,0.1,0.28571428571428575
206,User_IMF_2,0.0,4.0,421,0.0,0.8,0.0,0.0
206,User_IMF_3,0.0,3.0,421,0.0,0.6,0.0,0.0
207,Sys_IMF_ref_1,0.15,3.85,421,0.03,0.77,0.0231,0.057749999999999996
207,Sys_IMF_ref_2,3.45,2.85,421,0.6900000000000001,0.5700000000000001,0.3933000000000001,0.6242857142857143
207,Sys_IMF_ref_3,0.85,3.42,421,0.16999999999999998,0.6839999999999999,0.11627999999999998,0.2723185011709602
207,User_IMF_1,1.11,2.0,421,0.22200000000000003,0.4,0.08880000000000002,0.28553054662379423
207,User_IMF_2,1.67,3.0,421,0.33399999999999996,0.6,0.20039999999999997,0.42912205567451817
207,User_IMF_3,1.67,2.0,421,0.33399999999999996,0.4,0.1336,0.3640326975476839
208,Sys_IMF_ref_1,2.85,1.5,421,0.5700000000000001,0.3,0.171,0.3931034482758621
208,Sys_IMF_ref_2,1.85,1.5,421,0.37,0.3,0.111,0.3313432835820896
208,Sys_IMF_ref_3,1.25,1.5,421,0.25,0.3,0.075,0.2727272727272727
208,User_IMF_1,2.78,4.0,421,0.5559999999999999,0.8,0.4448,0.656047197640118
208,User_IMF_2,3.89,1.0,421,0.778,0.2,0.15560000000000002,0.31820040899795504
208,User_IMF_3,1.67,2.0,421,0.33399999999999996,0.4,0.1336,0.3640326975476839
209,Sys_IMF_ref_1,1.85,1.2,421,0.37,0.24,0.08879999999999999,0.2911475409836065
209,Sys_IMF_ref_2,1.85,1.5,421,0.37,0.3,0.111,0.3313432835820896
209,Sys_IMF_ref_3,1.85,1.5,421,0.37,0.3,0.111,0.3313432835820896
209,User_IMF_1,5.0,1.0,421,1.0,0.2,0.2,0.33333333333333337
209,User_IMF_2,5.0,2.0,421,1.0,0.4,0.4,0.5714285714285715
209,User_IMF_3,3.12,2.0,421,0.624,0.4,0.24960000000000002,0.48750000000000004
210,Sys_IMF_ref_1,2.85,1.92,426,0.5700000000000001,0.384,0.21888000000000002,0.4588679245283019
210,Sys_IMF_ref_2,2.15,1.85,426,0.43,0.37,0.1591,0.39774999999999994
210,Sys_IMF_ref_3,2.85,1.45,426,0.5700000000000001,0.29,0.1653,0.38441860465116273
210,User_IMF_1,3.12,2.0,426,0.624,0.4,0.24960000000000002,0.48750000000000004
210,User_IMF_2,3.12,2.0,426,0.624,0.4,0.24960000000000002,0.48750000000000004
210,User_IMF_3,3.12,2.0,426,0.624,0.4,0.24960000000000002,0.48750000000000004
211,Sys_IMF_ref_1,2.85,1.45,426,0.5700000000000001,0.29,0.1653,0.38441860465116273
211,Sys_IMF_ref_2,3.45,2.85,426,0.6900000000000001,0.5700000000000001,0.3933000000000001,0.6242857142857143
211,Sys_IMF_ref_3,2.85,1.65,426,0.5700000000000001,0.32999999999999996,0.1881,0.418
211,User_IMF_1,3.12,1.0,426,0.624,0.2,0.12480000000000001,0.3029126213592233
211,User_IMF_2,3.12,1.0,426,0.624,0.2,0.12480000000000001,0.3029126213592233
211,User_IMF_3,3.12,1.0,426,0.624,0.2,0.12480000000000001,0.3029126213592233
212,Sys_IMF_ref_1,2.85,1.65,426,0.5700000000000001,0.32999999999999996,0.1881,0.418
212,Sys_IMF_ref_2,2.85,1.9,426,0.5700000000000001,0.38,0.21660000000000001,0.456
212,Sys_IMF_ref_3,2.85,1.92,426,0.5700000000000001,0.384,0.21888000000000002,0.4588679245283019
212,User_IMF_1,2.5,2.0,426,0.5,0.4,0.2,0.4444444444444445
212,User_IMF_2,2.5,3.0,426,0.5,0.6,0.3,0.5454545454545454
212,User_IMF_3,2.5,2.0,426,0.5,0.4,0.2,0.4444444444444445
213,Sys_IMF_ref_1,2.85,1.65,426,0.5700000000000001,0.32999999999999996,0.1881,0.418
213,Sys_IMF_ref_2,2.85,1.65,426,0.5700000000000001,0.32999999999999996,0.1881,0.418
213,Sys_IMF_ref_3,2.85,1.45,426,0.5700000000000001,0.29,0.1653,0.38441860465116273
213,User_IMF_1,3.12,2.0,426,0.624,0.4,0.24960000000000002,0.48750000000000004
213,User_IMF_2,3.12,2.0,426,0.624,0.4,0.24960000000000002,0.48750000000000004
213,User_IMF_3,2.5,2.0,426,0.5,0.4,0.2,0.4444444444444445
214,Sys_IMF_ref_1,2.15,2.8,426,0.43,0.5599999999999999,0.24079999999999996,0.4864646464646464
214,Sys_IMF_ref_2,2.85,1.92,426,0.5700000000000001,0.384,0.21888000000000002,0.4588679245283019
214,Sys_IMF_ref_3,2.85,1.65,426,0.5700000000000001,0.32999999999999996,0.1881,0.418
214,User_IMF_1,3.12,2.0,426,0.624,0.4,0.24960000000000002,0.48750000000000004
214,User_IMF_2,3.12,4.0,426,0.624,0.8,0.49920000000000003,0.7011235955056181
214,User_IMF_3,3.12,4.0,426,0.624,0.8,0.49920000000000003,0.7011235955056181
215,Sys_IMF_ref_1,3.85,2.15,429,0.77,0.43,0.3311,0.5518333333333334
215,Sys_IMF_ref_2,1.25,0.85,429,0.25,0.16999999999999998,0.042499999999999996,0.20238095238095238
215,Sys_IMF_ref_3,1.85,1.2,429,0.37,0.24,0.08879999999999999,0.2911475409836065
215,User_IMF_1,3.75,1.0,429,0.75,0.2,0.15000000000000002,0.31578947368421056
215,User_IMF_2,1.25,1.0,429,0.25,0.2,0.05,0.22222222222222224
215,User_IMF_3,3.75,1.0,429,0.75,0.2,0.15000000000000002,0.31578947368421056
216,Sys_IMF_ref_1,2.85,1.92,429,0.5700000000000001,0.384,0.21888000000000002,0.4588679245283019
216,Sys_IMF_ref_2,4.85,3.75,429,0.97,0.75,0.7275,0.8459302325581396
216,Sys_IMF_ref_3,4.85,2.9,429,0.97,0.58,0.5626,0.7259354838709678
216,User_IMF_1,3.75,4.0,429,0.75,0.8,0.6000000000000001,0.7741935483870969
216,User_IMF_2,5.0,2.0,429,1.0,0.4,0.4,0.5714285714285715
216,User_IMF_3,5.0,4.0,429,1.0,0.8,0.8,0.888888888888889
217,Sys_IMF_ref_1,3.12,1.85,429,0.624,0.37,0.23088,0.46454728370221327
217,Sys_IMF_ref_2,4.82,1.15,429,0.9640000000000001,0.22999999999999998,0.22172,0.37139028475711894
217,Sys_IMF_ref_3,3.82,1.45,429,0.764,0.29,0.22155999999999998,0.4204174573055028
217,User_IMF_1,3.75,1.0,429,0.75,0.2,0.15000000000000002,0.31578947368421056
217,User_IMF_2,3.12,2.0,429,0.624,0.4,0.24960000000000002,0.48750000000000004
217,User_IMF_3,3.75,1.0,429,0.75,0.2,0.15000000000000002,0.31578947368421056
218,Sys_IMF_ref_1,0.15,1.2,429,0.03,0.24,0.0072,0.05333333333333333
218,Sys_IMF_ref_2,0.15,1.25,429,0.03,0.25,0.0075,0.05357142857142856
218,Sys_IMF_ref_3,0.12,1.35,429,0.024,0.27,0.0064800000000000005,0.04408163265306122
218,User_IMF_1,0.62,1.0,429,0.124,0.2,0.024800000000000003,0.15308641975308643
218,User_IMF_2,0.0,1.0,429,0.0,0.2,0.0,0.0
218,User_IMF_3,0.62,1.0,429,0.124,0.2,0.024800000000000003,0.15308641975308643
219,Sys_IMF_ref_1,2.85,1.95,429,0.5700000000000001,0.39,0.22230000000000003,0.463125
219,Sys_IMF_ref_2,3.85,1.92,429,0.77,0.384,0.29568,0.5124436741767765
219,Sys_IMF_ref_3,4.15,2.85,429,0.8300000000000001,0.5700000000000001,0.4731000000000001,0.6758571428571429
219,User_IMF_1,4.38,2.0,429,0.876,0.4,0.35040000000000004,0.5492163009404389
219,User_IMF_2,4.38,2.0,429,0.876,0.4,0.35040000000000004,0.5492163009404389
219,User_IMF_3,4.38,2.0,429,0.876,0.4,0.35040000000000004,0.5492163009404389
220,Sys_IMF_ref_1,4.15,1.5,432,0.8300000000000001,0.3,0.249,0.44070796460176986
220,Sys_IMF_ref_2,4.85,1.5,432,0.97,0.3,0.291,0.458267716535433
220,Sys_IMF_ref_3,4.85,1.5,432,0.97,0.3,0.291,0.458267716535433
220,User_IMF_1,5.0,2.0,432,1.0,0.4,0.4,0.5714285714285715
220,User_IMF_2,5.0,2.0,432,1.0,0.4,0.4,0.5714285714285715
220,User_IMF_3,5.0,2.0,432,1.0,0.4,0.4,0.5714285714285715
221,Sys_IMF_ref_1,1.85,1.2,432,0.37,0.24,0.08879999999999999,0.2911475409836065
221,Sys_IMF_ref_2,4.15,2.85,432,0.8300000000000001,0.5700000000000001,0.4731000000000001,0.6758571428571429
221,Sys_IMF_ref_3,1.85,1.2,432,0.37,0.24,0.08879999999999999,0.2911475409836065
221,User_IMF_1,4.29,1.0,432,0.858,0.2,0.1716,0.3243856332703213
221,User_IMF_2,2.5,1.0,432,0.5,0.2,0.1,0.28571428571428575
221,User_IMF_3,4.29,1.0,432,0.858,0.2,0.1716,0.3243856332703213
222,Sys_IMF_ref_1,3.45,2.1,432,0.6900000000000001,0.42000000000000004,0.28980000000000006,0.5221621621621623
222,Sys_IMF_ref_2,2.85,2.15,432,0.5700000000000001,0.43,0.2451,0.4902
222,Sys_IMF_ref_3,3.42,2.85,432,0.6839999999999999,0.5700000000000001,0.38988,0.6218181818181818
222,User_IMF_1,5.0,2.0,432,1.0,0.4,0.4,0.5714285714285715
222,User_IMF_2,5.0,2.0,432,1.0,0.4,0.4,0.5714285714285715
222,User_IMF_3,5.0,4.0,432,1.0,0.8,0.8,0.888888888888889
223,Sys_IMF_ref_1,4.85,4.2,432,0.97,0.8400000000000001,0.8148000000000001,0.9003314917127072
223,Sys_IMF_ref_2,4.85,4.92,432,0.97,0.984,0.95448,0.976949846468782
223,Sys_IMF_ref_3,4.85,4.92,432,0.97,0.984,0.95448,0.976949846468782
223,User_IMF_1,5.0,5.0,432,1.0,1.0,1.0,1.0
223,User_IMF_2,5.0,5.0,432,1.0,1.0,1.0,1.0
223,User_IMF_3,5.0,5.0,432,1.0,1.0,1.0,1.0
224,Sys_IMF_ref_1,4.82,1.15,432,0.9640000000000001,0.22999999999999998,0.22172,0.37139028475711894
224,Sys_IMF_ref_2,4.65,2.85,432,0.93,0.5700000000000001,0.5301000000000001,0.7068000000000002
224,Sys_IMF_ref_3,4.85,2.65,432,0.97,0.53,0.5141,0.6854666666666667
224,User_IMF_1,5.0,3.0,432,1.0,0.6,0.6,0.7499999999999999
224,User_IMF_2,5.0,3.0,432,1.0,0.6,0.6,0.7499999999999999
224,User_IMF_3,5.0,3.0,432,1.0,0.6,0.6,0.7499999999999999
225,Sys_IMF_ref_1,4.15,2.85,443,0.8300000000000001,0.5700000000000001,0.4731000000000001,0.6758571428571429
225,Sys_IMF_ref_2,4.25,2.85,443,0.85,0.5700000000000001,0.48450000000000004,0.6823943661971832
225,Sys_IMF_ref_3,4.85,3.72,443,0.97,0.744,0.72168,0.842100350058343
225,User_IMF_1,5.0,2.0,443,1.0,0.4,0.4,0.5714285714285715
225,User_IMF_2,4.38,4.0,443,0.876,0.8,0.7008000000000001,0.8362768496420048
225,User_IMF_3,4.38,4.0,443,0.876,0.8,0.7008000000000001,0.8362768496420048
226,Sys_IMF_ref_1,4.65,3.85,443,0.93,0.77,0.7161000000000001,0.8424705882352941
226,Sys_IMF_ref_2,4.85,4.6,443,0.97,0.9199999999999999,0.8923999999999999,0.9443386243386243
226,Sys_IMF_ref_3,4.85,3.65,443,0.97,0.73,0.7081,0.8330588235294117
226,User_IMF_1,5.0,4.0,443,1.0,0.8,0.8,0.888888888888889
226,User_IMF_2,5.0,4.0,443,1.0,0.8,0.8,0.888888888888889
226,User_IMF_3,5.0,4.0,443,1.0,0.8,0.8,0.888888888888889
227,Sys_IMF_ref_1,4.82,1.5,443,0.9640000000000001,0.3,0.2892,0.45759493670886076
227,Sys_IMF_ref_2,4.85,1.65,443,0.97,0.32999999999999996,0.32009999999999994,0.49246153846153845
227,Sys_IMF_ref_3,4.15,2.85,443,0.8300000000000001,0.5700000000000001,0.4731000000000001,0.6758571428571429
227,User_IMF_1,4.29,3.0,443,0.858,0.6,0.5147999999999999,0.7061728395061727
227,User_IMF_2,5.0,1.0,443,1.0,0.2,0.2,0.33333333333333337
227,User_IMF_3,5.0,2.0,443,1.0,0.4,0.4,0.5714285714285715
228,Sys_IMF_ref_1,4.12,1.5,443,0.8240000000000001,0.3,0.2472,0.43985765124555154
228,Sys_IMF_ref_2,4.12,1.5,443,0.8240000000000001,0.3,0.2472,0.43985765124555154
228,Sys_IMF_ref_3,4.85,1.5,443,0.97,0.3,0.291,0.458267716535433
228,User_IMF_1,5.0,1.0,443,1.0,0.2,0.2,0.33333333333333337
228,User_IMF_2,3.89,2.0,443,0.778,0.4,0.31120000000000003,0.5283531409168082
228,User_IMF_3,4.38,2.0,443,0.876,0.4,0.35040000000000004,0.5492163009404389
229,Sys_IMF_ref_1,4.12,2.85,443,0.8240000000000001,0.5700000000000001,0.4696800000000001,0.6738593974175037
229,Sys_IMF_ref_2,4.65,2.85,443,0.93,0.5700000000000001,0.5301000000000001,0.7068000000000002
229,Sys_IMF_ref_3,1.85,1.2,443,0.37,0.24,0.08879999999999999,0.2911475409836065
229,User_IMF_1,4.44,4.0,443,0.8880000000000001,0.8,0.7104000000000001,0.8417061611374408
229,User_IMF_2,5.0,3.0,443,1.0,0.6,0.6,0.7499999999999999
229,User_IMF_3,5.0,1.0,443,1.0,0.2,0.2,0.33333333333333337
230,Sys_IMF_ref_1,4.12,2.85,446,0.8240000000000001,0.5700000000000001,0.4696800000000001,0.6738593974175037
230,Sys_IMF_ref_2,3.82,1.47,446,0.764,0.294,0.22461599999999998,0.4246049149338374
230,Sys_IMF_ref_3,3.82,1.47,446,0.764,0.294,0.22461599999999998,0.4246049149338374
230,User_IMF_1,5.0,2.0,446,1.0,0.4,0.4,0.5714285714285715
230,User_IMF_2,5.0,1.0,446,1.0,0.2,0.2,0.33333333333333337
230,User_IMF_3,5.0,1.0,446,1.0,0.2,0.2,0.33333333333333337
231,Sys_IMF_ref_1,3.85,2.15,446,0.77,0.43,0.3311,0.5518333333333334
231,Sys_IMF_ref_2,3.82,2.65,446,0.764,0.53,0.40492,0.6258423493044822
231,Sys_IMF_ref_3,3.85,2.75,446,0.77,0.55,0.42350000000000004,0.6416666666666667
231,User_IMF_1,3.33,3.0,446,0.666,0.6,0.3996,0.6312796208530805
231,User_IMF_2,3.33,3.0,446,0.666,0.6,0.3996,0.6312796208530805
231,User_IMF_3,3.33,3.0,446,0.666,0.6,0.3996,0.6312796208530805
232,Sys_IMF_ref_1,0.85,1.42,446,0.16999999999999998,0.284,0.04827999999999999,0.2126872246696035
232,Sys_IMF_ref_2,1.25,4.15,446,0.25,0.8300000000000001,0.20750000000000002,0.38425925925925924
232,Sys_IMF_ref_3,0.85,2.4,446,0.16999999999999998,0.48,0.08159999999999999,0.2510769230769231
232,User_IMF_1,0.0,4.0,446,0.0,0.8,0.0,0.0
232,User_IMF_2,0.0,3.0,446,0.0,0.6,0.0,0.0
232,User_IMF_3,0.0,2.0,446,0.0,0.4,0.0,0.0
233,Sys_IMF_ref_1,4.12,1.85,446,0.8240000000000001,0.37,0.30488000000000004,0.5106867671691793
233,Sys_IMF_ref_2,4.15,1.85,446,0.8300000000000001,0.37,0.30710000000000004,0.5118333333333334
233,Sys_IMF_ref_3,4.12,1.85,446,0.8240000000000001,0.37,0.30488000000000004,0.5106867671691793
233,User_IMF_1,4.29,2.0,446,0.858,0.4,0.3432,0.5456279809220985
233,User_IMF_2,4.38,3.0,446,0.876,0.6,0.5256,0.7121951219512195
233,User_IMF_3,4.38,2.0,446,0.876,0.4,0.35040000000000004,0.5492163009404389
234,Sys_IMF_ref_1,4.15,3.85,446,0.8300000000000001,0.77,0.6391000000000001,0.7988750000000001
234,Sys_IMF_ref_2,4.15,2.85,446,0.8300000000000001,0.5700000000000001,0.4731000000000001,0.6758571428571429
234,Sys_IMF_ref_3,4.65,2.85,446,0.93,0.5700000000000001,0.5301000000000001,0.7068000000000002
234,User_IMF_1,4.29,4.0,446,0.858,0.8,0.6864,0.8279855247285887
234,User_IMF_2,5.0,4.0,446,1.0,0.8,0.8,0.888888888888889
234,User_IMF_3,5.0,4.0,446,1.0,0.8,0.8,0.888888888888889
235,Sys_IMF_ref_1,2.85,1.2,453,0.5700000000000001,0.24,0.1368,0.3377777777777778
235,Sys_IMF_ref_2,4.12,2.85,453,0.8240000000000001,0.5700000000000001,0.4696800000000001,0.6738593974175037
235,Sys_IMF_ref_3,2.85,1.2,453,0.5700000000000001,0.24,0.1368,0.3377777777777778
235,User_IMF_1,3.75,3.0,453,0.75,0.6,0.44999999999999996,0.6666666666666665
235,User_IMF_2,3.75,1.0,453,0.75,0.2,0.15000000000000002,0.31578947368421056
235,User_IMF_3,3.75,3.0,453,0.75,0.6,0.44999999999999996,0.6666666666666665
236,Sys_IMF_ref_1,4.85,2.15,453,0.97,0.43,0.41709999999999997,0.5958571428571429
236,Sys_IMF_ref_2,4.82,2.65,453,0.9640000000000001,0.53,0.51092,0.683962516733601
236,Sys_IMF_ref_3,4.85,2.65,453,0.97,0.53,0.5141,0.6854666666666667
236,User_IMF_1,4.38,3.0,453,0.876,0.6,0.5256,0.7121951219512195
236,User_IMF_2,5.0,3.0,453,1.0,0.6,0.6,0.7499999999999999
236,User_IMF_3,3.75,3.0,453,0.75,0.6,0.44999999999999996,0.6666666666666665
237,Sys_IMF_ref_1,2.85,1.5,453,0.5700000000000001,0.3,0.171,0.3931034482758621
237,Sys_IMF_ref_2,1.85,1.2,453,0.37,0.24,0.08879999999999999,0.2911475409836065
237,Sys_IMF_ref_3,0.85,1.2,453,0.16999999999999998,0.24,0.040799999999999996,0.19902439024390242
237,User_IMF_1,0.0,1.0,453,0.0,0.2,0.0,0.0
237,User_IMF_2,4.0,1.0,453,0.8,0.2,0.16000000000000003,0.32000000000000006
237,User_IMF_3,0.0,1.0,453,0.0,0.2,0.0,0.0
238,Sys_IMF_ref_1,1.85,1.2,453,0.37,0.24,0.08879999999999999,0.2911475409836065
238,Sys_IMF_ref_2,2.85,3.42,453,0.5700000000000001,0.6839999999999999,0.38988,0.6218181818181818
238,Sys_IMF_ref_3,2.15,1.85,453,0.43,0.37,0.1591,0.39774999999999994
238,User_IMF_1,2.5,2.0,453,0.5,0.4,0.2,0.4444444444444445
238,User_IMF_2,2.5,3.0,453,0.5,0.6,0.3,0.5454545454545454
238,User_IMF_3,2.5,2.0,453,0.5,0.4,0.2,0.4444444444444445
239,Sys_IMF_ref_1,4.15,2.85,453,0.8300000000000001,0.5700000000000001,0.4731000000000001,0.6758571428571429
239,Sys_IMF_ref_2,4.65,2.85,453,0.93,0.5700000000000001,0.5301000000000001,0.7068000000000002
239,Sys_IMF_ref_3,4.65,3.2,453,0.93,0.64,0.5952000000000001,0.7582165605095542
239,User_IMF_1,4.38,3.0,453,0.876,0.6,0.5256,0.7121951219512195
239,User_IMF_2,4.38,3.0,453,0.876,0.6,0.5256,0.7121951219512195
239,User_IMF_3,4.38,3.0,453,0.876,0.6,0.5256,0.7121951219512195
240,Sys_IMF_ref_1,4.65,2.85,461,0.93,0.5700000000000001,0.5301000000000001,0.7068000000000002
240,Sys_IMF_ref_2,4.65,2.85,461,0.93,0.5700000000000001,0.5301000000000001,0.7068000000000002
240,Sys_IMF_ref_3,4.65,2.85,461,0.93,0.5700000000000001,0.5301000000000001,0.7068000000000002
240,User_IMF_1,4.44,3.0,461,0.8880000000000001,0.6,0.5328,0.7161290322580646
240,User_IMF_2,5.0,3.0,461,1.0,0.6,0.6,0.7499999999999999
240,User_IMF_3,4.44,3.0,461,0.8880000000000001,0.6,0.5328,0.7161290322580646
241,Sys_IMF_ref_1,3.85,2.45,461,0.77,0.49000000000000005,0.3773,0.5988888888888889
241,Sys_IMF_ref_2,3.85,3.92,461,0.77,0.784,0.60368,0.7769369369369369
241,Sys_IMF_ref_3,4.65,3.8,461,0.93,0.76,0.7068000000000001,0.8364497041420119
241,User_IMF_1,3.89,4.0,461,0.778,0.8,0.6224000000000001,0.7888466413181242
241,User_IMF_2,3.89,4.0,461,0.778,0.8,0.6224000000000001,0.7888466413181242
241,User_IMF_3,3.89,5.0,461,0.778,1.0,0.778,0.875140607424072
242,Sys_IMF_ref_1,4.65,3.85,461,0.93,0.77,0.7161000000000001,0.8424705882352941
242,Sys_IMF_ref_2,4.65,3.85,461,0.93,0.77,0.7161000000000001,0.8424705882352941
242,Sys_IMF_ref_3,4.65,3.85,461,0.93,0.77,0.7161000000000001,0.8424705882352941
242,User_IMF_1,4.44,4.0,461,0.8880000000000001,0.8,0.7104000000000001,0.8417061611374408
242,User_IMF_2,4.44,3.0,461,0.8880000000000001,0.6,0.5328,0.7161290322580646
242,User_IMF_3,4.44,4.0,461,0.8880000000000001,0.8,0.7104000000000001,0.8417061611374408
243,Sys_IMF_ref_1,4.85,2.15,461,0.97,0.43,0.41709999999999997,0.5958571428571429
243,Sys_IMF_ref_2,4.15,2.85,461,0.8300000000000001,0.5700000000000001,0.4731000000000001,0.6758571428571429
243,Sys_IMF_ref_3,4.85,3.72,461,0.97,0.744,0.72168,0.842100350058343
243,User_IMF_1,3.89,2.0,461,0.778,0.4,0.31120000000000003,0.5283531409168082
243,User_IMF_2,3.89,2.0,461,0.778,0.4,0.31120000000000003,0.5283531409168082
243,User_IMF_3,5.0,4.0,461,1.0,0.8,0.8,0.888888888888889
244,Sys_IMF_ref_1,4.85,3.6,461,0.97,0.72,0.6983999999999999,0.8265088757396449
244,Sys_IMF_ref_2,4.65,3.8,461,0.93,0.76,0.7068000000000001,0.8364497041420119
244,Sys_IMF_ref_3,4.85,3.65,461,0.97,0.73,0.7081,0.8330588235294117
244,User_IMF_1,4.44,4.0,461,0.8880000000000001,0.8,0.7104000000000001,0.8417061611374408
244,User_IMF_2,4.44,4.0,461,0.8880000000000001,0.8,0.7104000000000001,0.8417061611374408
244,User_IMF_3,4.44,4.0,461,0.8880000000000001,0.8,0.7104000000000001,0.8417061611374408
245,Sys_IMF_ref_1,4.15,2.35,477,0.8300000000000001,0.47000000000000003,0.39010000000000006,0.6001538461538463
245,Sys_IMF_ref_2,4.85,2.15,477,0.97,0.43,0.41709999999999997,0.5958571428571429
245,Sys_IMF_ref_3,4.35,2.15,477,0.8699999999999999,0.43,0.37409999999999993,0.5755384615384616
245,User_IMF_1,4.44,3.0,477,0.8880000000000001,0.6,0.5328,0.7161290322580646
245,User_IMF_2,4.44,3.0,477,0.8880000000000001,0.6,0.5328,0.7161290322580646
245,User_IMF_3,0.0,3.0,477,0.0,0.6,0.0,0.0
246,Sys_IMF_ref_1,1.85,2.75,477,0.37,0.55,0.20350000000000001,0.4423913043478261
246,Sys_IMF_ref_2,1.25,2.85,477,0.25,0.5700000000000001,0.14250000000000002,0.34756097560975613
246,Sys_IMF_ref_3,1.85,2.4,477,0.37,0.48,0.17759999999999998,0.4178823529411764
246,User_IMF_1,2.22,3.0,477,0.44400000000000006,0.6,0.2664,0.5103448275862069
246,User_IMF_2,2.22,3.0,477,0.44400000000000006,0.6,0.2664,0.5103448275862069
246,User_IMF_3,2.22,2.0,477,0.44400000000000006,0.4,0.17760000000000004,0.4208530805687204
247,Sys_IMF_ref_1,1.85,3.65,477,0.37,0.73,0.2701,0.4910909090909091
247,Sys_IMF_ref_2,3.85,2.65,477,0.77,0.53,0.4081,0.6278461538461538
247,Sys_IMF_ref_3,1.85,2.4,477,0.37,0.48,0.17759999999999998,0.4178823529411764
247,User_IMF_1,3.12,4.0,477,0.624,0.8,0.49920000000000003,0.7011235955056181
247,User_IMF_2,1.67,3.0,477,0.33399999999999996,0.6,0.20039999999999997,0.42912205567451817
247,User_IMF_3,1.67,4.0,477,0.33399999999999996,0.8,0.2672,0.47125220458553796
248,Sys_IMF_ref_1,1.85,2.4,477,0.37,0.48,0.17759999999999998,0.4178823529411764
248,Sys_IMF_ref_2,1.85,2.4,477,0.37,0.48,0.17759999999999998,0.4178823529411764
248,Sys_IMF_ref_3,1.85,1.65,477,0.37,0.32999999999999996,0.12209999999999999,0.34885714285714287
248,User_IMF_1,1.67,2.0,477,0.33399999999999996,0.4,0.1336,0.3640326975476839
248,User_IMF_2,2.22,2.0,477,0.44400000000000006,0.4,0.17760000000000004,0.4208530805687204
248,User_IMF_3,2.22,2.0,477,0.44400000000000006,0.4,0.17760000000000004,0.4208530805687204
249,Sys_IMF_ref_1,3.85,2.65,477,0.77,0.53,0.4081,0.6278461538461538
249,Sys_IMF_ref_2,3.85,2.15,477,0.77,0.43,0.3311,0.5518333333333334
249,Sys_IMF_ref_3,3.42,1.85,477,0.6839999999999999,0.37,0.25307999999999997,0.4802277039848198
249,User_IMF_1,4.44,3.0,477,0.8880000000000001,0.6,0.5328,0.7161290322580646
249,User_IMF_2,4.44,3.0,477,0.8880000000000001,0.6,0.5328,0.7161290322580646
249,User_IMF_3,4.44,3.0,477,0.8880000000000001,0.6,0.5328,0.7161290322580646
250,Sys_IMF_ref_1,3.85,2.15,479,0.77,0.43,0.3311,0.5518333333333334
250,Sys_IMF_ref_2,4.12,2.85,479,0.8240000000000001,0.5700000000000001,0.4696800000000001,0.6738593974175037
250,Sys_IMF_ref_3,4.15,3.2,479,0.8300000000000001,0.64,0.5312,0.7227210884353741
250,User_IMF_1,3.75,4.0,479,0.75,0.8,0.6000000000000001,0.7741935483870969
250,User_IMF_2,3.75,3.0,479,0.75,0.6,0.44999999999999996,0.6666666666666665
250,User_IMF_3,3.33,4.0,479,0.666,0.8,0.5328,0.7268758526603001
251,Sys_IMF_ref_1,4.65,1.85,479,0.93,0.37,0.3441,0.5293846153846153
251,Sys_IMF_ref_2,3.82,1.47,479,0.764,0.294,0.22461599999999998,0.4246049149338374
251,Sys_IMF_ref_3,3.82,1.47,479,0.764,0.294,0.22461599999999998,0.4246049149338374
251,User_IMF_1,3.75,1.0,479,0.75,0.2,0.15000000000000002,0.31578947368421056
251,User_IMF_2,3.75,1.0,479,0.75,0.2,0.15000000000000002,0.31578947368421056
251,User_IMF_3,3.75,1.0,479,0.75,0.2,0.15000000000000002,0.31578947368421056
252,Sys_IMF_ref_1,4.65,2.85,479,0.93,0.5700000000000001,0.5301000000000001,0.7068000000000002
252,Sys_IMF_ref_2,4.12,2.85,479,0.8240000000000001,0.5700000000000001,0.4696800000000001,0.6738593974175037
252,Sys_IMF_ref_3,4.65,3.85,479,0.93,0.77,0.7161000000000001,0.8424705882352941
252,User_IMF_1,3.33,3.0,479,0.666,0.6,0.3996,0.6312796208530805
252,User_IMF_2,5.0,4.0,479,1.0,0.8,0.8,0.888888888888889
252,User_IMF_3,5.0,3.0,479,1.0,0.6,0.6,0.7499999999999999
253,Sys_IMF_ref_1,0.85,3.2,479,0.16999999999999998,0.64,0.1088,0.2686419753086419
253,Sys_IMF_ref_2,2.85,2.15,479,0.5700000000000001,0.43,0.2451,0.4902
253,Sys_IMF_ref_3,3.85,2.65,479,0.77,0.53,0.4081,0.6278461538461538
253,User_IMF_1,4.0,3.0,479,0.8,0.6,0.48,0.6857142857142857
253,User_IMF_2,1.11,2.0,479,0.22200000000000003,0.4,0.08880000000000002,0.28553054662379423
253,User_IMF_3,4.0,2.0,479,0.8,0.4,0.32000000000000006,0.5333333333333333
254,Sys_IMF_ref_1,5.0,5.0,479,1.0,1.0,1.0,1.0
254,Sys_IMF_ref_2,4.85,3.75,479,0.97,0.75,0.7275,0.8459302325581396
254,Sys_IMF_ref_3,4.85,3.75,479,0.97,0.75,0.7275,0.8459302325581396
254,User_IMF_1,4.44,4.0,479,0.8880000000000001,0.8,0.7104000000000001,0.8417061611374408
254,User_IMF_2,5.0,5.0,479,1.0,1.0,1.0,1.0
254,User_IMF_3,5.0,5.0,479,1.0,1.0,1.0,1.0
255,Sys_IMF_ref_1,4.15,3.62,481,0.8300000000000001,0.724,0.60092,0.7733848133848134
255,Sys_IMF_ref_2,4.15,3.85,481,0.8300000000000001,0.77,0.6391000000000001,0.7988750000000001
255,Sys_IMF_ref_3,4.85,3.62,481,0.97,0.724,0.7022799999999999,0.8291381345926799
255,User_IMF_1,3.89,4.0,481,0.778,0.8,0.6224000000000001,0.7888466413181242
255,User_IMF_2,3.89,4.0,481,0.778,0.8,0.6224000000000001,0.7888466413181242
255,User_IMF_3,3.89,4.0,481,0.778,0.8,0.6224000000000001,0.7888466413181242
256,Sys_IMF_ref_1,4.85,3.6,481,0.97,0.72,0.6983999999999999,0.8265088757396449
256,Sys_IMF_ref_2,4.65,3.2,481,0.93,0.64,0.5952000000000001,0.7582165605095542
256,Sys_IMF_ref_3,4.85,3.62,481,0.97,0.724,0.7022799999999999,0.8291381345926799
256,User_IMF_1,4.44,2.0,481,0.8880000000000001,0.4,0.35520000000000007,0.5515527950310559
256,User_IMF_2,4.44,2.0,481,0.8880000000000001,0.4,0.35520000000000007,0.5515527950310559
256,User_IMF_3,5.0,2.0,481,1.0,0.4,0.4,0.5714285714285715
257,Sys_IMF_ref_1,4.85,3.75,481,0.97,0.75,0.7275,0.8459302325581396
257,Sys_IMF_ref_2,3.42,1.85,481,0.6839999999999999,0.37,0.25307999999999997,0.4802277039848198
257,Sys_IMF_ref_3,4.15,2.85,481,0.8300000000000001,0.5700000000000001,0.4731000000000001,0.6758571428571429
257,User_IMF_1,3.89,3.0,481,0.778,0.6,0.4668,0.6775036284470246
257,User_IMF_2,3.89,3.0,481,0.778,0.6,0.4668,0.6775036284470246
257,User_IMF_3,3.89,2.0,481,0.778,0.4,0.31120000000000003,0.5283531409168082
258,Sys_IMF_ref_1,3.85,2.65,481,0.77,0.53,0.4081,0.6278461538461538
258,Sys_IMF_ref_2,4.65,2.85,481,0.93,0.5700000000000001,0.5301000000000001,0.7068000000000002
258,Sys_IMF_ref_3,4.65,2.8,481,0.93,0.5599999999999999,0.5207999999999999,0.6990604026845637
258,User_IMF_1,4.38,4.0,481,0.876,0.8,0.7008000000000001,0.8362768496420048
258,User_IMF_2,5.0,4.0,481,1.0,0.8,0.8,0.888888888888889
258,User_IMF_3,4.38,3.0,481,0.876,0.6,0.5256,0.7121951219512195
259,Sys_IMF_ref_1,4.12,2.85,481,0.8240000000000001,0.5700000000000001,0.4696800000000001,0.6738593974175037
259,Sys_IMF_ref_2,4.85,3.62,481,0.97,0.724,0.7022799999999999,0.8291381345926799
259,Sys_IMF_ref_3,4.85,3.2,481,0.97,0.64,0.6208,0.7711801242236026
259,User_IMF_1,5.0,4.0,481,1.0,0.8,0.8,0.888888888888889
259,User_IMF_2,4.44,4.0,481,0.8880000000000001,0.8,0.7104000000000001,0.8417061611374408
259,User_IMF_3,4.44,3.0,481,0.8880000000000001,0.6,0.5328,0.7161290322580646
260,Sys_IMF_ref_1,4.85,3.65,488,0.97,0.73,0.7081,0.8330588235294117
260,Sys_IMF_ref_2,4.85,3.6,488,0.97,0.72,0.6983999999999999,0.8265088757396449
260,Sys_IMF_ref_3,4.85,3.62,488,0.97,0.724,0.7022799999999999,0.8291381345926799
260,User_IMF_1,4.38,2.0,488,0.876,0.4,0.35040000000000004,0.5492163009404389
260,User_IMF_2,5.0,4.0,488,1.0,0.8,0.8,0.888888888888889
260,User_IMF_3,4.38,4.0,488,0.876,0.8,0.7008000000000001,0.8362768496420048
261,Sys_IMF_ref_1,4.85,3.75,488,0.97,0.75,0.7275,0.8459302325581396
261,Sys_IMF_ref_2,4.85,3.6,488,0.97,0.72,0.6983999999999999,0.8265088757396449
261,Sys_IMF_ref_3,4.85,3.72,488,0.97,0.744,0.72168,0.842100350058343
261,User_IMF_1,5.0,4.0,488,1.0,0.8,0.8,0.888888888888889
261,User_IMF_2,5.0,4.0,488,1.0,0.8,0.8,0.888888888888889
261,User_IMF_3,5.0,4.0,488,1.0,0.8,0.8,0.888888888888889
262,Sys_IMF_ref_1,4.12,2.85,488,0.8240000000000001,0.5700000000000001,0.4696800000000001,0.6738593974175037
262,Sys_IMF_ref_2,4.85,4.62,488,0.97,0.924,0.89628,0.9464413938753959
262,Sys_IMF_ref_3,4.85,4.2,488,0.97,0.8400000000000001,0.8148000000000001,0.9003314917127072
262,User_IMF_1,3.57,5.0,488,0.714,1.0,0.714,0.8331388564760793
262,User_IMF_2,5.0,5.0,488,1.0,1.0,1.0,1.0
262,User_IMF_3,4.29,2.0,488,0.858,0.4,0.3432,0.5456279809220985
263,Sys_IMF_ref_1,4.65,2.85,488,0.93,0.5700000000000001,0.5301000000000001,0.7068000000000002
263,Sys_IMF_ref_2,4.65,3.85,488,0.93,0.77,0.7161000000000001,0.8424705882352941
263,Sys_IMF_ref_3,3.15,2.85,488,0.63,0.5700000000000001,0.35910000000000003,0.5984999999999999
263,User_IMF_1,3.75,3.0,488,0.75,0.6,0.44999999999999996,0.6666666666666665
263,User_IMF_2,4.38,3.0,488,0.876,0.6,0.5256,0.7121951219512195
263,User_IMF_3,5.0,2.0,488,1.0,0.4,0.4,0.5714285714285715
264,Sys_IMF_ref_1,4.85,3.65,488,0.97,0.73,0.7081,0.8330588235294117
264,Sys_IMF_ref_2,5.0,5.0,488,1.0,1.0,1.0,1.0
264,Sys_IMF_ref_3,5.0,5.0,488,1.0,1.0,1.0,1.0
264,User_IMF_1,5.0,5.0,488,1.0,1.0,1.0,1.0
264,User_IMF_2,5.0,5.0,488,1.0,1.0,1.0,1.0
264,User_IMF_3,5.0,5.0,488,1.0,1.0,1.0,1.0
265,Sys_IMF_ref_1,0.85,0.92,499,0.16999999999999998,0.184,0.031279999999999995,0.1767231638418079
265,Sys_IMF_ref_2,0.85,1.2,499,0.16999999999999998,0.24,0.040799999999999996,0.19902439024390242
265,Sys_IMF_ref_3,0.12,0.85,499,0.024,0.16999999999999998,0.004079999999999999,0.04206185567010309
265,User_IMF_1,1.0,2.0,499,0.2,0.4,0.08000000000000002,0.26666666666666666
265,User_IMF_2,0.0,2.0,499,0.0,0.4,0.0,0.0
265,User_IMF_3,0.0,2.0,499,0.0,0.4,0.0,0.0
266,Sys_IMF_ref_1,4.85,2.1,499,0.97,0.42000000000000004,0.40740000000000004,0.5861870503597122
266,Sys_IMF_ref_2,4.65,1.85,499,0.93,0.37,0.3441,0.5293846153846153
266,Sys_IMF_ref_3,4.85,1.2,499,0.97,0.24,0.23279999999999998,0.384793388429752
266,User_IMF_1,5.0,1.0,499,1.0,0.2,0.2,0.33333333333333337
266,User_IMF_2,0.0,1.0,499,0.0,0.2,0.0,0.0
266,User_IMF_3,0.0,1.0,499,0.0,0.2,0.0,0.0
267,Sys_IMF_ref_1,2.85,2.1,499,0.5700000000000001,0.42000000000000004,0.23940000000000006,0.4836363636363637
267,Sys_IMF_ref_2,1.85,2.1,499,0.37,0.42000000000000004,0.1554,0.39341772151898735
267,Sys_IMF_ref_3,1.85,2.4,499,0.37,0.48,0.17759999999999998,0.4178823529411764
267,User_IMF_1,5.0,2.0,499,1.0,0.4,0.4,0.5714285714285715
267,User_IMF_2,5.0,2.0,499,1.0,0.4,0.4,0.5714285714285715
267,User_IMF_3,5.0,2.0,499,1.0,0.4,0.4,0.5714285714285715
268,Sys_IMF_ref_1,4.65,1.5,499,0.93,0.3,0.279,0.4536585365853659
268,Sys_IMF_ref_2,4.12,1.5,499,0.8240000000000001,0.3,0.2472,0.43985765124555154
268,Sys_IMF_ref_3,3.82,1.47,499,0.764,0.294,0.22461599999999998,0.4246049149338374
268,User_IMF_1,5.0,2.0,499,1.0,0.4,0.4,0.5714285714285715
268,User_IMF_2,5.0,1.0,499,1.0,0.2,0.2,0.33333333333333337
268,User_IMF_3,5.0,2.0,499,1.0,0.4,0.4,0.5714285714285715
269,Sys_IMF_ref_1,3.85,1.5,499,0.77,0.3,0.23099999999999998,0.4317757009345794
269,Sys_IMF_ref_2,1.25,1.8,499,0.25,0.36,0.09,0.29508196721311475
269,Sys_IMF_ref_3,0.12,0.85,499,0.024,0.16999999999999998,0.004079999999999999,0.04206185567010309
269,User_IMF_1,3.12,2.0,499,0.624,0.4,0.24960000000000002,0.48750000000000004
269,User_IMF_2,0.0,2.0,499,0.0,0.4,0.0,0.0
269,User_IMF_3,3.12,2.0,499,0.624,0.4,0.24960000000000002,0.48750000000000004
270,Sys_IMF_ref_1,4.15,3.65,529,0.8300000000000001,0.73,0.6059,0.7767948717948717
270,Sys_IMF_ref_2,1.85,3.62,529,0.37,0.724,0.26788,0.48972577696526515
270,Sys_IMF_ref_3,3.45,3.82,529,0.6900000000000001,0.764,0.5271600000000001,0.7251169188445667
270,User_IMF_1,2.14,4.0,529,0.42800000000000005,0.8,0.34240000000000004,0.5576547231270358
270,User_IMF_2,2.14,4.0,529,0.42800000000000005,0.8,0.34240000000000004,0.5576547231270358
270,User_IMF_3,1.43,4.0,529,0.286,0.8,0.2288,0.42136279926335174
271,Sys_IMF_ref_1,1.85,1.2,529,0.37,0.24,0.08879999999999999,0.2911475409836065
271,Sys_IMF_ref_2,4.12,1.85,529,0.8240000000000001,0.37,0.30488000000000004,0.5106867671691793
271,Sys_IMF_ref_3,2.15,1.2,529,0.43,0.24,0.1032,0.30805970149253736
271,User_IMF_1,4.29,2.0,529,0.858,0.4,0.3432,0.5456279809220985
271,User_IMF_2,4.29,3.0,529,0.858,0.6,0.5147999999999999,0.7061728395061727
271,User_IMF_3,4.29,1.0,529,0.858,0.2,0.1716,0.3243856332703213
272,Sys_IMF_ref_1,4.85,3.72,529,0.97,0.744,0.72168,0.842100350058343
272,Sys_IMF_ref_2,5.0,5.0,529,1.0,1.0,1.0,1.0
272,Sys_IMF_ref_3,4.85,3.72,529,0.97,0.744,0.72168,0.842100350058343
272,User_IMF_1,4.29,4.0,529,0.858,0.8,0.6864,0.8279855247285887
272,User_IMF_2,4.29,4.0,529,0.858,0.8,0.6864,0.8279855247285887
272,User_IMF_3,4.17,4.0,529,0.834,0.8,0.6672,0.8166462668298654
273,Sys_IMF_ref_1,4.85,3.65,529,0.97,0.73,0.7081,0.8330588235294117
273,Sys_IMF_ref_2,4.85,3.65,529,0.97,0.73,0.7081,0.8330588235294117
273,Sys_IMF_ref_3,4.12,3.85,529,0.8240000000000001,0.77,0.63448,0.7960853199498118
273,User_IMF_1,4.17,4.0,529,0.834,0.8,0.6672,0.8166462668298654
273,User_IMF_2,4.17,3.0,529,0.834,0.6,0.5004,0.697907949790795
273,User_IMF_3,4.17,2.0,529,0.834,0.4,0.3336,0.5406807131280389
274,Sys_IMF_ref_1,4.12,3.85,529,0.8240000000000001,0.77,0.63448,0.7960853199498118
274,Sys_IMF_ref_2,4.65,3.85,529,0.93,0.77,0.7161000000000001,0.8424705882352941
274,Sys_IMF_ref_3,4.12,3.65,529,0.8240000000000001,0.73,0.60152,0.7741570141570142
274,User_IMF_1,4.29,4.0,529,0.858,0.8,0.6864,0.8279855247285887
274,User_IMF_2,4.29,4.0,529,0.858,0.8,0.6864,0.8279855247285887
274,User_IMF_3,4.0,4.0,529,0.8,0.8,0.6400000000000001,0.8000000000000002
275,Sys_IMF_ref_1,4.85,4.2,535,0.97,0.8400000000000001,0.8148000000000001,0.9003314917127072
275,Sys_IMF_ref_2,4.15,2.85,535,0.8300000000000001,0.5700000000000001,0.4731000000000001,0.6758571428571429
275,Sys_IMF_ref_3,4.12,3.68,535,0.8240000000000001,0.736,0.606464,0.7775179487179487
275,User_IMF_1,3.57,4.0,535,0.714,0.8,0.5712,0.7545574636723911
275,User_IMF_2,3.57,4.0,535,0.714,0.8,0.5712,0.7545574636723911
275,User_IMF_3,3.57,4.0,535,0.714,0.8,0.5712,0.7545574636723911
276,Sys_IMF_ref_1,4.15,3.25,535,0.8300000000000001,0.65,0.5395000000000001,0.7290540540540542
276,Sys_IMF_ref_2,4.12,2.85,535,0.8240000000000001,0.5700000000000001,0.4696800000000001,0.6738593974175037
276,Sys_IMF_ref_3,3.85,3.72,535,0.77,0.744,0.5728800000000001,0.756776750330251
276,User_IMF_1,2.78,3.0,535,0.5559999999999999,0.6,0.33359999999999995,0.5771626297577854
276,User_IMF_2,3.33,4.0,535,0.666,0.8,0.5328,0.7268758526603001
276,User_IMF_3,2.78,4.0,535,0.5559999999999999,0.8,0.4448,0.656047197640118
277,Sys_IMF_ref_1,4.85,3.62,535,0.97,0.724,0.7022799999999999,0.8291381345926799
277,Sys_IMF_ref_2,4.35,3.82,535,0.8699999999999999,0.764,0.6646799999999999,0.8135618115055079
277,Sys_IMF_ref_3,4.25,2.85,535,0.85,0.5700000000000001,0.48450000000000004,0.6823943661971832
277,User_IMF_1,4.38,4.0,535,0.876,0.8,0.7008000000000001,0.8362768496420048
277,User_IMF_2,4.38,3.0,535,0.876,0.6,0.5256,0.7121951219512195
277,User_IMF_3,4.38,4.0,535,0.876,0.8,0.7008000000000001,0.8362768496420048
278,Sys_IMF_ref_1,3.85,2.15,535,0.77,0.43,0.3311,0.5518333333333334
278,Sys_IMF_ref_2,3.85,2.65,535,0.77,0.53,0.4081,0.6278461538461538
278,Sys_IMF_ref_3,4.12,3.68,535,0.8240000000000001,0.736,0.606464,0.7775179487179487
278,User_IMF_1,4.17,4.0,535,0.834,0.8,0.6672,0.8166462668298654
278,User_IMF_2,4.17,3.0,535,0.834,0.6,0.5004,0.697907949790795
278,User_IMF_3,4.17,4.0,535,0.834,0.8,0.6672,0.8166462668298654
279,Sys_IMF_ref_1,4.15,3.82,535,0.8300000000000001,0.764,0.63412,0.795633626097867
279,Sys_IMF_ref_2,3.85,2.65,535,0.77,0.53,0.4081,0.6278461538461538
279,Sys_IMF_ref_3,3.85,3.72,535,0.77,0.744,0.5728800000000001,0.756776750330251
279,User_IMF_1,2.78,4.0,535,0.5559999999999999,0.8,0.4448,0.656047197640118
279,User_IMF_2,3.33,4.0,535,0.666,0.8,0.5328,0.7268758526603001
279,User_IMF_3,2.78,4.0,535,0.5559999999999999,0.8,0.4448,0.656047197640118
280,Sys_IMF_ref_1,4.85,2.65,554,0.97,0.53,0.5141,0.6854666666666667
280,Sys_IMF_ref_2,4.85,2.65,554,0.97,0.53,0.5141,0.6854666666666667
280,Sys_IMF_ref_3,4.85,3.65,554,0.97,0.73,0.7081,0.8330588235294117
280,User_IMF_1,0.0,4.0,554,0.0,0.8,0.0,0.0
280,User_IMF_2,2.5,3.0,554,0.5,0.6,0.3,0.5454545454545454
280,User_IMF_3,2.5,3.0,554,0.5,0.6,0.3,0.5454545454545454
281,Sys_IMF_ref_1,5.0,3.8,554,1.0,0.76,0.76,0.8636363636363636
281,Sys_IMF_ref_2,4.85,3.6,554,0.97,0.72,0.6983999999999999,0.8265088757396449
281,Sys_IMF_ref_3,5.0,3.85,554,1.0,0.77,0.77,0.8700564971751412
281,User_IMF_1,0.0,4.0,554,0.0,0.8,0.0,0.0
281,User_IMF_2,0.0,4.0,554,0.0,0.8,0.0,0.0
281,User_IMF_3,0.0,4.0,554,0.0,0.8,0.0,0.0
282,Sys_IMF_ref_1,4.85,2.15,554,0.97,0.43,0.41709999999999997,0.5958571428571429
282,Sys_IMF_ref_2,5.0,1.85,554,1.0,0.37,0.37,0.5401459854014599
282,Sys_IMF_ref_3,4.85,1.82,554,0.97,0.364,0.35308,0.5293553223388305
282,User_IMF_1,0.0,2.0,554,0.0,0.4,0.0,0.0
282,User_IMF_2,0.0,2.0,554,0.0,0.4,0.0,0.0
282,User_IMF_3,0.0,1.0,554,0.0,0.2,0.0,0.0
283,Sys_IMF_ref_1,2.85,1.92,554,0.5700000000000001,0.384,0.21888000000000002,0.4588679245283019
283,Sys_IMF_ref_2,1.25,1.8,554,0.25,0.36,0.09,0.29508196721311475
283,Sys_IMF_ref_3,1.85,2.4,554,0.37,0.48,0.17759999999999998,0.4178823529411764
283,User_IMF_1,0.0,2.0,554,0.0,0.4,0.0,0.0
283,User_IMF_2,0.0,2.0,554,0.0,0.4,0.0,0.0
283,User_IMF_3,0.0,2.0,554,0.0,0.4,0.0,0.0
284,Sys_IMF_ref_1,4.85,2.15,554,0.97,0.43,0.41709999999999997,0.5958571428571429
284,Sys_IMF_ref_2,4.85,2.15,554,0.97,0.43,0.41709999999999997,0.5958571428571429
284,Sys_IMF_ref_3,4.85,3.62,554,0.97,0.724,0.7022799999999999,0.8291381345926799
284,User_IMF_1,0.0,3.0,554,0.0,0.6,0.0,0.0
284,User_IMF_2,0.0,3.0,554,0.0,0.6,0.0,0.0
284,User_IMF_3,0.0,2.0,554,0.0,0.4,0.0,0.0
285,Sys_IMF_ref_1,4.85,3.62,567,0.97,0.724,0.7022799999999999,0.8291381345926799
285,Sys_IMF_ref_2,4.12,2.85,567,0.8240000000000001,0.5700000000000001,0.4696800000000001,0.6738593974175037
285,Sys_IMF_ref_3,4.85,4.2,567,0.97,0.8400000000000001,0.8148000000000001,0.9003314917127072
285,User_IMF_1,5.0,3.0,567,1.0,0.6,0.6,0.7499999999999999
285,User_IMF_2,5.0,4.0,567,1.0,0.8,0.8,0.888888888888889
285,User_IMF_3,5.0,4.0,567,1.0,0.8,0.8,0.888888888888889
286,Sys_IMF_ref_1,4.72,2.85,567,0.944,0.5700000000000001,0.53808,0.7108058124174372
286,Sys_IMF_ref_2,4.12,2.85,567,0.8240000000000001,0.5700000000000001,0.4696800000000001,0.6738593974175037
286,Sys_IMF_ref_3,4.85,3.72,567,0.97,0.744,0.72168,0.842100350058343
286,User_IMF_1,5.0,3.0,567,1.0,0.6,0.6,0.7499999999999999
286,User_IMF_2,5.0,4.0,567,1.0,0.8,0.8,0.888888888888889
286,User_IMF_3,5.0,3.0,567,1.0,0.6,0.6,0.7499999999999999
287,Sys_IMF_ref_1,4.65,2.85,567,0.93,0.5700000000000001,0.5301000000000001,0.7068000000000002
287,Sys_IMF_ref_2,4.65,1.5,567,0.93,0.3,0.279,0.4536585365853659
287,Sys_IMF_ref_3,4.85,3.65,567,0.97,0.73,0.7081,0.8330588235294117
287,User_IMF_1,5.0,3.0,567,1.0,0.6,0.6,0.7499999999999999
287,User_IMF_2,5.0,4.0,567,1.0,0.8,0.8,0.888888888888889
287,User_IMF_3,5.0,4.0,567,1.0,0.8,0.8,0.888888888888889
288,Sys_IMF_ref_1,0.85,1.2,567,0.16999999999999998,0.24,0.040799999999999996,0.19902439024390242
288,Sys_IMF_ref_3,1.25,1.8,567,0.25,0.36,0.09,0.29508196721311475
288,User_IMF_1,3.57,1.0,567,0.714,0.2,0.1428,0.31247264770240707
288,User_IMF_2,3.57,1.0,567,0.714,0.2,0.1428,0.31247264770240707
288,User_IMF_3,4.29,1.0,567,0.858,0.2,0.1716,0.3243856332703213
289,Sys_IMF_ref_1,4.85,2.15,567,0.97,0.43,0.41709999999999997,0.5958571428571429
289,Sys_IMF_ref_2,4.12,2.85,567,0.8240000000000001,0.5700000000000001,0.4696800000000001,0.6738593974175037
289,Sys_IMF_ref_3,4.85,2.75,567,0.97,0.55,0.5335,0.7019736842105263
289,User_IMF_1,5.0,2.0,567,1.0,0.4,0.4,0.5714285714285715
289,User_IMF_2,5.0,3.0,567,1.0,0.6,0.6,0.7499999999999999
289,User_IMF_3,5.0,2.0,567,1.0,0.4,0.4,0.5714285714285715
290,Sys_IMF_ref_1,4.65,2.0,575,0.93,0.4,0.37200000000000005,0.5593984962406016
290,Sys_IMF_ref_2,4.12,2.0,575,0.8240000000000001,0.4,0.32960000000000006,0.538562091503268
290,Sys_IMF_ref_3,4.12,2.85,575,0.8240000000000001,0.5700000000000001,0.4696800000000001,0.6738593974175037
290,User_IMF_1,4.29,3.0,575,0.858,0.6,0.5147999999999999,0.7061728395061727
290,User_IMF_2,3.57,3.0,575,0.714,0.6,0.42839999999999995,0.6520547945205478
290,User_IMF_3,4.29,2.0,575,0.858,0.4,0.3432,0.5456279809220985
291,Sys_IMF_ref_1,4.12,1.85,575,0.8240000000000001,0.37,0.30488000000000004,0.5106867671691793
291,Sys_IMF_ref_2,4.85,1.2,575,0.97,0.24,0.23279999999999998,0.384793388429752
291,Sys_IMF_ref_3,4.65,1.82,575,0.93,0.364,0.33852,0.5232148377125193
291,User_IMF_1,5.0,2.0,575,1.0,0.4,0.4,0.5714285714285715
291,User_IMF_2,5.0,2.0,575,1.0,0.4,0.4,0.5714285714285715
291,User_IMF_3,5.0,1.0,575,1.0,0.2,0.2,0.33333333333333337
292,Sys_IMF_ref_1,4.65,2.85,575,0.93,0.5700000000000001,0.5301000000000001,0.7068000000000002
292,Sys_IMF_ref_2,2.85,1.65,575,0.5700000000000001,0.32999999999999996,0.1881,0.418
292,Sys_IMF_ref_3,4.85,1.5,575,0.97,0.3,0.291,0.458267716535433
292,User_IMF_1,5.0,2.0,575,1.0,0.4,0.4,0.5714285714285715
292,User_IMF_2,5.0,2.0,575,1.0,0.4,0.4,0.5714285714285715
292,User_IMF_3,3.12,2.0,575,0.624,0.4,0.24960000000000002,0.48750000000000004
293,Sys_IMF_ref_1,4.12,2.85,575,0.8240000000000001,0.5700000000000001,0.4696800000000001,0.6738593974175037
293,Sys_IMF_ref_2,4.35,2.85,575,0.8699999999999999,0.5700000000000001,0.4959,0.6887500000000001
293,Sys_IMF_ref_3,4.65,2.85,575,0.93,0.5700000000000001,0.5301000000000001,0.7068000000000002
293,User_IMF_1,5.0,4.0,575,1.0,0.8,0.8,0.888888888888889
293,User_IMF_2,5.0,3.0,575,1.0,0.6,0.6,0.7499999999999999
293,User_IMF_3,5.0,3.0,575,1.0,0.6,0.6,0.7499999999999999
294,Sys_IMF_ref_1,3.85,1.15,575,0.77,0.22999999999999998,0.17709999999999998,0.35419999999999996
294,Sys_IMF_ref_2,1.85,1.2,575,0.37,0.24,0.08879999999999999,0.2911475409836065
294,Sys_IMF_ref_3,2.15,1.2,575,0.43,0.24,0.1032,0.30805970149253736
294,User_IMF_1,2.14,1.0,575,0.42800000000000005,0.2,0.08560000000000001,0.27261146496815286
294,User_IMF_2,4.29,1.0,575,0.858,0.2,0.1716,0.3243856332703213
294,User_IMF_3,4.17,1.0,575,0.834,0.2,0.1668,0.3226305609284333
295,Sys_IMF_ref_1,4.15,2.85,585,0.8300000000000001,0.5700000000000001,0.4731000000000001,0.6758571428571429
295,Sys_IMF_ref_2,1.25,1.85,585,0.25,0.37,0.0925,0.29838709677419356
295,Sys_IMF_ref_3,1.85,1.2,585,0.37,0.24,0.08879999999999999,0.2911475409836065
295,User_IMF_1,4.0,1.0,585,0.8,0.2,0.16000000000000003,0.32000000000000006
295,User_IMF_2,2.14,2.0,585,0.42800000000000005,0.4,0.17120000000000002,0.41352657004830917
295,User_IMF_3,0.0,2.0,585,0.0,0.4,0.0,0.0
296,Sys_IMF_ref_1,3.82,1.5,585,0.764,0.3,0.2292,0.4308270676691729
296,Sys_IMF_ref_2,4.15,2.85,585,0.8300000000000001,0.5700000000000001,0.4731000000000001,0.6758571428571429
296,Sys_IMF_ref_3,3.45,1.82,585,0.6900000000000001,0.364,0.25116,0.47658444022770396
296,User_IMF_1,5.0,2.0,585,1.0,0.4,0.4,0.5714285714285715
296,User_IMF_2,5.0,2.0,585,1.0,0.4,0.4,0.5714285714285715
296,User_IMF_3,5.0,2.0,585,1.0,0.4,0.4,0.5714285714285715
297,Sys_IMF_ref_1,1.85,2.4,585,0.37,0.48,0.17759999999999998,0.4178823529411764
297,Sys_IMF_ref_2,1.85,2.4,585,0.37,0.48,0.17759999999999998,0.4178823529411764
297,Sys_IMF_ref_3,1.85,2.4,585,0.37,0.48,0.17759999999999998,0.4178823529411764
297,User_IMF_1,2.14,2.0,585,0.42800000000000005,0.4,0.17120000000000002,0.41352657004830917
297,User_IMF_2,2.14,2.0,585,0.42800000000000005,0.4,0.17120000000000002,0.41352657004830917
297,User_IMF_3,3.0,2.0,585,0.6,0.4,0.24,0.48
298,Sys_IMF_ref_1,4.85,3.92,585,0.97,0.784,0.76048,0.8671379703534778
298,Sys_IMF_ref_2,4.15,2.85,585,0.8300000000000001,0.5700000000000001,0.4731000000000001,0.6758571428571429
298,Sys_IMF_ref_3,2.85,1.42,585,0.5700000000000001,0.284,0.16188,0.3791100702576112
298,User_IMF_1,5.0,2.0,585,1.0,0.4,0.4,0.5714285714285715
298,User_IMF_2,5.0,4.0,585,1.0,0.8,0.8,0.888888888888889
298,User_IMF_3,5.0,3.0,585,1.0,0.6,0.6,0.7499999999999999
299,Sys_IMF_ref_1,4.12,3.85,585,0.8240000000000001,0.77,0.63448,0.7960853199498118
299,Sys_IMF_ref_2,4.85,3.75,585,0.97,0.75,0.7275,0.8459302325581396
299,Sys_IMF_ref_3,4.85,1.5,585,0.97,0.3,0.291,0.458267716535433
299,User_IMF_1,5.0,4.0,585,1.0,0.8,0.8,0.888888888888889
299,User_IMF_2,5.0,4.0,585,1.0,0.8,0.8,0.888888888888889
299,User_IMF_3,5.0,3.0,585,1.0,0.6,0.6,0.7499999999999999
300,Sys_IMF_ref_1,1.85,2.1,590,0.37,0.42000000000000004,0.1554,0.39341772151898735
300,Sys_IMF_ref_2,4.85,2.15,590,0.97,0.43,0.41709999999999997,0.5958571428571429
300,Sys_IMF_ref_3,1.85,1.2,590,0.37,0.24,0.08879999999999999,0.2911475409836065
300,User_IMF_1,5.0,1.0,590,1.0,0.2,0.2,0.33333333333333337
300,User_IMF_2,3.0,2.0,590,0.6,0.4,0.24,0.48
300,User_IMF_3,5.0,2.0,590,1.0,0.4,0.4,0.5714285714285715
301,Sys_IMF_ref_1,3.42,2.15,590,0.6839999999999999,0.43,0.29412,0.5280430879712747
301,Sys_IMF_ref_2,3.42,2.15,590,0.6839999999999999,0.43,0.29412,0.5280430879712747
301,Sys_IMF_ref_3,2.85,2.4,590,0.5700000000000001,0.48,0.2736,0.5211428571428571
301,User_IMF_1,3.0,2.0,590,0.6,0.4,0.24,0.48
301,User_IMF_2,4.29,2.0,590,0.858,0.4,0.3432,0.5456279809220985
301,User_IMF_3,4.29,2.0,590,0.858,0.4,0.3432,0.5456279809220985
302,Sys_IMF_ref_1,4.25,3.15,590,0.85,0.63,0.5355,0.7236486486486486
302,Sys_IMF_ref_2,4.15,3.62,590,0.8300000000000001,0.724,0.60092,0.7733848133848134
302,Sys_IMF_ref_3,2.85,1.92,590,0.5700000000000001,0.384,0.21888000000000002,0.4588679245283019
302,User_IMF_1,4.17,3.0,590,0.834,0.6,0.5004,0.697907949790795
302,User_IMF_2,4.17,4.0,590,0.834,0.8,0.6672,0.8166462668298654
302,User_IMF_3,4.17,3.0,590,0.834,0.6,0.5004,0.697907949790795
303,Sys_IMF_ref_1,3.85,2.75,590,0.77,0.55,0.42350000000000004,0.6416666666666667
303,Sys_IMF_ref_2,3.85,3.62,590,0.77,0.724,0.55748,0.7462918340026774
303,Sys_IMF_ref_3,3.85,2.9,590,0.77,0.58,0.4466,0.6616296296296296
303,User_IMF_1,3.33,3.0,590,0.666,0.6,0.3996,0.6312796208530805
303,User_IMF_2,3.33,2.0,590,0.666,0.4,0.2664,0.499812382739212
303,User_IMF_3,4.0,3.0,590,0.8,0.6,0.48,0.6857142857142857
304,Sys_IMF_ref_1,4.65,2.85,590,0.93,0.5700000000000001,0.5301000000000001,0.7068000000000002
304,Sys_IMF_ref_2,4.15,1.5,590,0.8300000000000001,0.3,0.249,0.44070796460176986
304,Sys_IMF_ref_3,3.45,1.5,590,0.6900000000000001,0.3,0.20700000000000002,0.4181818181818182
304,User_IMF_1,4.38,3.0,590,0.876,0.6,0.5256,0.7121951219512195
304,User_IMF_2,4.38,3.0,590,0.876,0.6,0.5256,0.7121951219512195
304,User_IMF_3,4.38,3.0,590,0.876,0.6,0.5256,0.7121951219512195
305,Sys_IMF_ref_1,1.25,1.8,605,0.25,0.36,0.09,0.29508196721311475
305,Sys_IMF_ref_2,1.25,1.85,605,0.25,0.37,0.0925,0.29838709677419356
305,Sys_IMF_ref_3,1.25,1.15,605,0.25,0.22999999999999998,0.057499999999999996,0.23958333333333331
305,User_IMF_1,2.5,1.0,605,0.5,0.2,0.1,0.28571428571428575
305,User_IMF_2,1.25,1.0,605,0.25,0.2,0.05,0.22222222222222224
305,User_IMF_3,1.25,1.0,605,0.25,0.2,0.05,0.22222222222222224
306,Sys_IMF_ref_1,1.85,1.2,605,0.37,0.24,0.08879999999999999,0.2911475409836065
306,Sys_IMF_ref_2,1.85,1.2,605,0.37,0.24,0.08879999999999999,0.2911475409836065
306,Sys_IMF_ref_3,0.15,0.85,605,0.03,0.16999999999999998,0.0050999999999999995,0.051
306,User_IMF_1,3.12,1.0,605,0.624,0.2,0.12480000000000001,0.3029126213592233
306,User_IMF_2,0.0,2.0,605,0.0,0.4,0.0,0.0
306,User_IMF_3,3.12,2.0,605,0.624,0.4,0.24960000000000002,0.48750000000000004
307,Sys_IMF_ref_1,3.82,2.15,605,0.764,0.43,0.32852,0.550284757118928
307,Sys_IMF_ref_2,3.42,2.15,605,0.6839999999999999,0.43,0.29412,0.5280430879712747
307,Sys_IMF_ref_3,3.15,2.85,605,0.63,0.5700000000000001,0.35910000000000003,0.5984999999999999
307,User_IMF_1,3.57,3.0,605,0.714,0.6,0.42839999999999995,0.6520547945205478
307,User_IMF_2,4.29,2.0,605,0.858,0.4,0.3432,0.5456279809220985
307,User_IMF_3,4.29,3.0,605,0.858,0.6,0.5147999999999999,0.7061728395061727
308,Sys_IMF_ref_1,1.85,1.62,605,0.37,0.324,0.11988,0.3454755043227666
308,Sys_IMF_ref_2,0.65,1.85,605,0.13,0.37,0.048100000000000004,0.19240000000000002
308,Sys_IMF_ref_3,2.85,1.42,605,0.5700000000000001,0.284,0.16188,0.3791100702576112
308,User_IMF_1,2.86,1.0,605,0.572,0.2,0.1144,0.29637305699481864
308,User_IMF_2,0.83,2.0,605,0.16599999999999998,0.4,0.0664,0.23462897526501764
308,User_IMF_3,0.83,1.0,605,0.16599999999999998,0.2,0.0332,0.1814207650273224
309,Sys_IMF_ref_1,4.85,2.1,605,0.97,0.42000000000000004,0.40740000000000004,0.5861870503597122
309,Sys_IMF_ref_2,3.15,2.8,605,0.63,0.5599999999999999,0.35279999999999995,0.5929411764705882
309,Sys_IMF_ref_3,1.85,2.1,605,0.37,0.42000000000000004,0.1554,0.39341772151898735
309,User_IMF_1,3.75,1.0,605,0.75,0.2,0.15000000000000002,0.31578947368421056
309,User_IMF_2,2.78,3.0,605,0.5559999999999999,0.6,0.33359999999999995,0.5771626297577854
309,User_IMF_3,2.78,3.0,605,0.5559999999999999,0.6,0.33359999999999995,0.5771626297577854
310,Sys_IMF_ref_1,3.82,1.45,606,0.764,0.29,0.22155999999999998,0.4204174573055028
310,Sys_IMF_ref_2,4.25,1.5,606,0.85,0.3,0.255,0.44347826086956527
310,Sys_IMF_ref_3,2.85,2.15,606,0.5700000000000001,0.43,0.2451,0.4902
310,User_IMF_1,5.0,2.0,606,1.0,0.4,0.4,0.5714285714285715
310,User_IMF_2,5.0,2.0,606,1.0,0.4,0.4,0.5714285714285715
310,User_IMF_3,5.0,2.0,606,1.0,0.4,0.4,0.5714285714285715
311,Sys_IMF_ref_1,4.85,3.6,606,0.97,0.72,0.6983999999999999,0.8265088757396449
311,Sys_IMF_ref_2,4.85,3.65,606,0.97,0.73,0.7081,0.8330588235294117
311,Sys_IMF_ref_3,4.65,3.82,606,0.93,0.764,0.71052,0.8388665879574971
311,User_IMF_1,5.0,4.0,606,1.0,0.8,0.8,0.888888888888889
311,User_IMF_2,5.0,4.0,606,1.0,0.8,0.8,0.888888888888889
311,User_IMF_3,5.0,4.0,606,1.0,0.8,0.8,0.888888888888889
312,Sys_IMF_ref_1,0.0,1.25,606,0.0,0.25,0.0,0.0
312,Sys_IMF_ref_2,0.0,1.45,606,0.0,0.29,0.0,0.0
312,Sys_IMF_ref_3,0.0,1.85,606,0.0,0.37,0.0,0.0
312,User_IMF_1,0.0,1.0,606,0.0,0.2,0.0,0.0
312,User_IMF_2,0.0,1.0,606,0.0,0.2,0.0,0.0
312,User_IMF_3,0.0,1.0,606,0.0,0.2,0.0,0.0
313,Sys_IMF_ref_1,1.85,2.1,606,0.37,0.42000000000000004,0.1554,0.39341772151898735
313,Sys_IMF_ref_2,1.85,3.2,606,0.37,0.64,0.2368,0.46891089108910894
313,Sys_IMF_ref_3,1.85,2.4,606,0.37,0.48,0.17759999999999998,0.4178823529411764
313,User_IMF_1,3.57,3.0,606,0.714,0.6,0.42839999999999995,0.6520547945205478
313,User_IMF_2,3.57,2.0,606,0.714,0.4,0.2856,0.5127468581687613
313,User_IMF_3,3.57,3.0,606,0.714,0.6,0.42839999999999995,0.6520547945205478
314,Sys_IMF_ref_1,4.12,1.5,606,0.8240000000000001,0.3,0.2472,0.43985765124555154
314,Sys_IMF_ref_2,4.15,2.85,606,0.8300000000000001,0.5700000000000001,0.4731000000000001,0.6758571428571429
314,Sys_IMF_ref_3,4.15,2.35,606,0.8300000000000001,0.47000000000000003,0.39010000000000006,0.6001538461538463
314,User_IMF_1,4.38,3.0,606,0.876,0.6,0.5256,0.7121951219512195
314,User_IMF_2,4.38,2.0,606,0.876,0.4,0.35040000000000004,0.5492163009404389
314,User_IMF_3,5.0,2.0,606,1.0,0.4,0.4,0.5714285714285715
315,Sys_IMF_ref_1,4.85,2.75,626,0.97,0.55,0.5335,0.7019736842105263
315,Sys_IMF_ref_2,4.85,2.65,626,0.97,0.53,0.5141,0.6854666666666667
315,Sys_IMF_ref_3,4.85,3.65,626,0.97,0.73,0.7081,0.8330588235294117
315,User_IMF_1,5.0,4.0,626,1.0,0.8,0.8,0.888888888888889
315,User_IMF_2,0.0,3.0,626,0.0,0.6,0.0,0.0
315,User_IMF_3,5.0,3.0,626,1.0,0.6,0.6,0.7499999999999999
316,Sys_IMF_ref_1,4.85,3.75,626,0.97,0.75,0.7275,0.8459302325581396
316,Sys_IMF_ref_2,4.85,3.75,626,0.97,0.75,0.7275,0.8459302325581396
316,Sys_IMF_ref_3,4.65,3.85,626,0.93,0.77,0.7161000000000001,0.8424705882352941
316,User_IMF_1,5.0,4.0,626,1.0,0.8,0.8,0.888888888888889
316,User_IMF_2,5.0,4.0,626,1.0,0.8,0.8,0.888888888888889
316,User_IMF_3,5.0,4.0,626,1.0,0.8,0.8,0.888888888888889
317,Sys_IMF_ref_1,4.12,2.85,626,0.8240000000000001,0.5700000000000001,0.4696800000000001,0.6738593974175037
317,Sys_IMF_ref_2,3.85,2.15,626,0.77,0.43,0.3311,0.5518333333333334
317,Sys_IMF_ref_3,3.85,2.15,626,0.77,0.43,0.3311,0.5518333333333334
317,User_IMF_1,5.0,4.0,626,1.0,0.8,0.8,0.888888888888889
317,User_IMF_2,5.0,4.0,626,1.0,0.8,0.8,0.888888888888889
317,User_IMF_3,5.0,2.0,626,1.0,0.4,0.4,0.5714285714285715
318,Sys_IMF_ref_1,1.85,2.1,626,0.37,0.42000000000000004,0.1554,0.39341772151898735
318,Sys_IMF_ref_2,1.85,1.92,626,0.37,0.384,0.14208,0.37687002652519896
318,Sys_IMF_ref_3,1.85,2.1,626,0.37,0.42000000000000004,0.1554,0.39341772151898735
318,User_IMF_1,3.33,2.0,626,0.666,0.4,0.2664,0.499812382739212
318,User_IMF_2,3.33,1.0,626,0.666,0.2,0.1332,0.30762124711316396
318,User_IMF_3,3.33,2.0,626,0.666,0.4,0.2664,0.499812382739212
319,Sys_IMF_ref_1,4.85,3.72,626,0.97,0.744,0.72168,0.842100350058343
319,Sys_IMF_ref_2,4.85,3.62,626,0.97,0.724,0.7022799999999999,0.8291381345926799
319,Sys_IMF_ref_3,4.85,3.2,626,0.97,0.64,0.6208,0.7711801242236026
319,User_IMF_1,5.0,4.0,626,1.0,0.8,0.8,0.888888888888889
319,User_IMF_2,5.0,4.0,626,1.0,0.8,0.8,0.888888888888889
319,User_IMF_3,5.0,3.0,626,1.0,0.6,0.6,0.7499999999999999
320,Sys_IMF_ref_1,0.0,3.45,632,0.0,0.6900000000000001,0.0,0.0
320,Sys_IMF_ref_2,0.0,2.85,632,0.0,0.5700000000000001,0.0,0.0
320,Sys_IMF_ref_3,0.0,2.85,632,0.0,0.5700000000000001,0.0,0.0
320,User_IMF_1,0.0,2.0,632,0.0,0.4,0.0,0.0
320,User_IMF_2,0.0,4.0,632,0.0,0.8,0.0,0.0
320,User_IMF_3,0.0,4.0,632,0.0,0.8,0.0,0.0
321,Sys_IMF_ref_1,4.85,3.65,632,0.97,0.73,0.7081,0.8330588235294117
321,Sys_IMF_ref_2,4.15,3.85,632,0.8300000000000001,0.77,0.6391000000000001,0.7988750000000001
321,Sys_IMF_ref_3,4.12,2.85,632,0.8240000000000001,0.5700000000000001,0.4696800000000001,0.6738593974175037
321,User_IMF_1,3.75,4.0,632,0.75,0.8,0.6000000000000001,0.7741935483870969
321,User_IMF_2,3.75,3.0,632,0.75,0.6,0.44999999999999996,0.6666666666666665
321,User_IMF_3,3.75,4.0,632,0.75,0.8,0.6000000000000001,0.7741935483870969
322,Sys_IMF_ref_1,0.15,1.85,632,0.03,0.37,0.011099999999999999,0.055499999999999994
322,Sys_IMF_ref_2,1.85,2.4,632,0.37,0.48,0.17759999999999998,0.4178823529411764
322,Sys_IMF_ref_3,1.25,2.1,632,0.25,0.42000000000000004,0.10500000000000001,0.31343283582089554
322,User_IMF_1,2.5,2.0,632,0.5,0.4,0.2,0.4444444444444445
322,User_IMF_2,1.88,2.0,632,0.376,0.4,0.1504,0.38762886597938145
322,User_IMF_3,0.0,2.0,632,0.0,0.4,0.0,0.0
323,Sys_IMF_ref_1,4.85,3.72,632,0.97,0.744,0.72168,0.842100350058343
323,Sys_IMF_ref_2,4.85,2.35,632,0.97,0.47000000000000003,0.4559,0.6331944444444445
323,Sys_IMF_ref_3,4.85,2.65,632,0.97,0.53,0.5141,0.6854666666666667
323,User_IMF_1,3.75,3.0,632,0.75,0.6,0.44999999999999996,0.6666666666666665
323,User_IMF_2,3.75,3.0,632,0.75,0.6,0.44999999999999996,0.6666666666666665
323,User_IMF_3,5.0,3.0,632,1.0,0.6,0.6,0.7499999999999999
324,Sys_IMF_ref_1,4.65,3.85,632,0.93,0.77,0.7161000000000001,0.8424705882352941
324,Sys_IMF_ref_2,4.85,2.65,632,0.97,0.53,0.5141,0.6854666666666667
324,Sys_IMF_ref_3,4.65,3.85,632,0.93,0.77,0.7161000000000001,0.8424705882352941
324,User_IMF_1,4.38,4.0,632,0.876,0.8,0.7008000000000001,0.8362768496420048
324,User_IMF_2,4.38,4.0,632,0.876,0.8,0.7008000000000001,0.8362768496420048
324,User_IMF_3,4.38,4.0,632,0.876,0.8,0.7008000000000001,0.8362768496420048
325,Sys_IMF_ref_1,2.85,2.4,633,0.5700000000000001,0.48,0.2736,0.5211428571428571
325,Sys_IMF_ref_2,2.85,2.15,633,0.5700000000000001,0.43,0.2451,0.4902
325,Sys_IMF_ref_3,2.85,2.9,633,0.5700000000000001,0.58,0.3306,0.5749565217391305
325,User_IMF_1,3.33,2.0,633,0.666,0.4,0.2664,0.499812382739212
325,User_IMF_2,4.29,2.0,633,0.858,0.4,0.3432,0.5456279809220985
325,User_IMF_3,4.17,2.0,633,0.834,0.4,0.3336,0.5406807131280389
326,Sys_IMF_ref_1,1.85,2.4,633,0.37,0.48,0.17759999999999998,0.4178823529411764
326,Sys_IMF_ref_2,2.85,3.62,633,0.5700000000000001,0.724,0.41268000000000005,0.6378361669242659
326,Sys_IMF_ref_3,4.65,3.85,633,0.93,0.77,0.7161000000000001,0.8424705882352941
326,User_IMF_1,2.5,2.0,633,0.5,0.4,0.2,0.4444444444444445
326,User_IMF_2,2.5,2.0,633,0.5,0.4,0.2,0.4444444444444445
326,User_IMF_3,2.5,2.0,633,0.5,0.4,0.2,0.4444444444444445
327,Sys_IMF_ref_1,4.65,2.85,633,0.93,0.5700000000000001,0.5301000000000001,0.7068000000000002
327,Sys_IMF_ref_2,4.65,3.82,633,0.93,0.764,0.71052,0.8388665879574971
327,Sys_IMF_ref_3,4.85,3.65,633,0.97,0.73,0.7081,0.8330588235294117
327,User_IMF_1,5.0,4.0,633,1.0,0.8,0.8,0.888888888888889
327,User_IMF_2,4.17,3.0,633,0.834,0.6,0.5004,0.697907949790795
327,User_IMF_3,5.0,3.0,633,1.0,0.6,0.6,0.7499999999999999
328,Sys_IMF_ref_1,4.85,3.2,633,0.97,0.64,0.6208,0.7711801242236026
328,Sys_IMF_ref_2,4.85,3.2,633,0.97,0.64,0.6208,0.7711801242236026
328,Sys_IMF_ref_3,4.85,3.2,633,0.97,0.64,0.6208,0.7711801242236026
328,User_IMF_1,4.38,3.0,633,0.876,0.6,0.5256,0.7121951219512195
328,User_IMF_2,4.38,3.0,633,0.876,0.6,0.5256,0.7121951219512195
328,User_IMF_3,4.38,3.0,633,0.876,0.6,0.5256,0.7121951219512195
329,Sys_IMF_ref_1,0.85,2.15,633,0.16999999999999998,0.43,0.0731,0.24366666666666667
329,Sys_IMF_ref_2,4.15,2.85,633,0.8300000000000001,0.5700000000000001,0.4731000000000001,0.6758571428571429
329,Sys_IMF_ref_3,4.82,3.65,633,0.9640000000000001,0.73,0.70372,0.8308382526564345
329,User_IMF_1,0.62,1.0,633,0.124,0.2,0.024800000000000003,0.15308641975308643
329,User_IMF_2,0.62,3.0,633,0.124,0.6,0.0744,0.20552486187845304
329,User_IMF_3,3.75,3.0,633,0.75,0.6,0.44999999999999996,0.6666666666666665
330,Sys_IMF_ref_1,2.15,1.5,634,0.43,0.3,0.129,0.35342465753424657
330,Sys_IMF_ref_2,1.15,2.85,634,0.22999999999999998,0.5700000000000001,0.1311,0.32775
330,Sys_IMF_ref_3,3.82,1.95,634,0.764,0.39,0.29796,0.5163951473136915
330,User_IMF_1,1.11,2.0,634,0.22200000000000003,0.4,0.08880000000000002,0.28553054662379423
330,User_IMF_2,2.5,3.0,634,0.5,0.6,0.3,0.5454545454545454
330,User_IMF_3,2.0,2.0,634,0.4,0.4,0.16000000000000003,0.4000000000000001
331,Sys_IMF_ref_1,3.85,2.4,634,0.77,0.48,0.3696,0.59136
331,Sys_IMF_ref_2,4.12,2.85,634,0.8240000000000001,0.5700000000000001,0.4696800000000001,0.6738593974175037
331,Sys_IMF_ref_3,4.12,2.35,634,0.8240000000000001,0.47000000000000003,0.38728000000000007,0.5985780525502319
331,User_IMF_1,1.43,2.0,634,0.286,0.4,0.1144,0.3335276967930029
331,User_IMF_2,2.5,2.0,634,0.5,0.4,0.2,0.4444444444444445
331,User_IMF_3,2.5,2.0,634,0.5,0.4,0.2,0.4444444444444445
332,Sys_IMF_ref_1,3.82,1.47,634,0.764,0.294,0.22461599999999998,0.4246049149338374
332,Sys_IMF_ref_2,2.85,1.92,634,0.5700000000000001,0.384,0.21888000000000002,0.4588679245283019
332,Sys_IMF_ref_3,2.85,1.65,634,0.5700000000000001,0.32999999999999996,0.1881,0.418
332,User_IMF_1,3.33,2.0,634,0.666,0.4,0.2664,0.499812382739212
332,User_IMF_2,5.0,2.0,634,1.0,0.4,0.4,0.5714285714285715
332,User_IMF_3,5.0,2.0,634,1.0,0.4,0.4,0.5714285714285715
333,Sys_IMF_ref_1,3.85,2.15,634,0.77,0.43,0.3311,0.5518333333333334
333,Sys_IMF_ref_2,3.85,2.65,634,0.77,0.53,0.4081,0.6278461538461538
333,Sys_IMF_ref_3,3.85,2.4,634,0.77,0.48,0.3696,0.59136
333,User_IMF_1,0.0,2.0,634,0.0,0.4,0.0,0.0
333,User_IMF_2,2.5,2.0,634,0.5,0.4,0.2,0.4444444444444445
333,User_IMF_3,2.5,3.0,634,0.5,0.6,0.3,0.5454545454545454
334,Sys_IMF_ref_1,4.85,3.72,634,0.97,0.744,0.72168,0.842100350058343
334,Sys_IMF_ref_2,4.65,3.75,634,0.93,0.75,0.6975,0.8303571428571428
334,Sys_IMF_ref_3,4.15,3.62,634,0.8300000000000001,0.724,0.60092,0.7733848133848134
334,User_IMF_1,3.33,4.0,634,0.666,0.8,0.5328,0.7268758526603001
334,User_IMF_2,3.33,4.0,634,0.666,0.8,0.5328,0.7268758526603001
334,User_IMF_3,3.33,4.0,634,0.666,0.8,0.5328,0.7268758526603001
335,Sys_IMF_ref_1,4.12,1.5,645,0.8240000000000001,0.3,0.2472,0.43985765124555154
335,Sys_IMF_ref_2,4.15,1.5,645,0.8300000000000001,0.3,0.249,0.44070796460176986
335,Sys_IMF_ref_3,4.15,1.5,645,0.8300000000000001,0.3,0.249,0.44070796460176986
335,User_IMF_1,4.44,2.0,645,0.8880000000000001,0.4,0.35520000000000007,0.5515527950310559
335,User_IMF_2,0.0,2.0,645,0.0,0.4,0.0,0.0
335,User_IMF_3,4.44,2.0,645,0.8880000000000001,0.4,0.35520000000000007,0.5515527950310559
336,Sys_IMF_ref_1,3.85,3.2,645,0.77,0.64,0.4928,0.6990070921985815
336,Sys_IMF_ref_2,4.85,3.6,645,0.97,0.72,0.6983999999999999,0.8265088757396449
336,Sys_IMF_ref_3,4.85,3.72,645,0.97,0.744,0.72168,0.842100350058343
336,User_IMF_1,5.0,4.0,645,1.0,0.8,0.8,0.888888888888889
336,User_IMF_2,3.0,3.0,645,0.6,0.6,0.36,0.6
336,User_IMF_3,5.0,4.0,645,1.0,0.8,0.8,0.888888888888889
337,Sys_IMF_ref_1,4.65,1.5,645,0.93,0.3,0.279,0.4536585365853659
337,Sys_IMF_ref_2,4.85,3.72,645,0.97,0.744,0.72168,0.842100350058343
337,Sys_IMF_ref_3,4.15,1.5,645,0.8300000000000001,0.3,0.249,0.44070796460176986
337,User_IMF_1,4.29,2.0,645,0.858,0.4,0.3432,0.5456279809220985
337,User_IMF_2,4.29,3.0,645,0.858,0.6,0.5147999999999999,0.7061728395061727
337,User_IMF_3,4.29,3.0,645,0.858,0.6,0.5147999999999999,0.7061728395061727
338,Sys_IMF_ref_1,4.15,2.35,645,0.8300000000000001,0.47000000000000003,0.39010000000000006,0.6001538461538463
338,Sys_IMF_ref_2,3.42,2.15,645,0.6839999999999999,0.43,0.29412,0.5280430879712747
338,Sys_IMF_ref_3,2.85,1.5,645,0.5700000000000001,0.3,0.171,0.3931034482758621
338,User_IMF_1,2.5,2.0,645,0.5,0.4,0.2,0.4444444444444445
338,User_IMF_2,5.0,2.0,645,1.0,0.4,0.4,0.5714285714285715
338,User_IMF_3,4.17,2.0,645,0.834,0.4,0.3336,0.5406807131280389
339,Sys_IMF_ref_1,4.85,1.2,645,0.97,0.24,0.23279999999999998,0.384793388429752
339,Sys_IMF_ref_2,4.12,1.5,645,0.8240000000000001,0.3,0.2472,0.43985765124555154
339,Sys_IMF_ref_3,4.12,1.5,645,0.8240000000000001,0.3,0.2472,0.43985765124555154
339,User_IMF_1,5.0,2.0,645,1.0,0.4,0.4,0.5714285714285715
339,User_IMF_2,5.0,2.0,645,1.0,0.4,0.4,0.5714285714285715
339,User_IMF_3,5.0,2.0,645,1.0,0.4,0.4,0.5714285714285715
340,Sys_IMF_ref_1,4.85,2.65,654,0.97,0.53,0.5141,0.6854666666666667
340,Sys_IMF_ref_2,4.85,2.15,654,0.97,0.43,0.41709999999999997,0.5958571428571429
340,Sys_IMF_ref_3,4.85,2.1,654,0.97,0.42000000000000004,0.40740000000000004,0.5861870503597122
340,User_IMF_1,5.0,3.0,654,1.0,0.6,0.6,0.7499999999999999
340,User_IMF_2,4.44,2.0,654,0.8880000000000001,0.4,0.35520000000000007,0.5515527950310559
340,User_IMF_3,5.0,2.0,654,1.0,0.4,0.4,0.5714285714285715
341,Sys_IMF_ref_1,4.65,2.85,654,0.93,0.5700000000000001,0.5301000000000001,0.7068000000000002
341,Sys_IMF_ref_2,4.85,2.35,654,0.97,0.47000000000000003,0.4559,0.6331944444444445
341,Sys_IMF_ref_3,4.85,2.15,654,0.97,0.43,0.41709999999999997,0.5958571428571429
341,User_IMF_1,5.0,3.0,654,1.0,0.6,0.6,0.7499999999999999
341,User_IMF_2,5.0,3.0,654,1.0,0.6,0.6,0.7499999999999999
341,User_IMF_3,5.0,4.0,654,1.0,0.8,0.8,0.888888888888889
342,Sys_IMF_ref_1,4.85,3.62,654,0.97,0.724,0.7022799999999999,0.8291381345926799
342,Sys_IMF_ref_2,4.65,2.85,654,0.93,0.5700000000000001,0.5301000000000001,0.7068000000000002
342,Sys_IMF_ref_3,4.85,3.72,654,0.97,0.744,0.72168,0.842100350058343
342,User_IMF_1,5.0,3.0,654,1.0,0.6,0.6,0.7499999999999999
342,User_IMF_2,5.0,2.0,654,1.0,0.4,0.4,0.5714285714285715
342,User_IMF_3,5.0,4.0,654,1.0,0.8,0.8,0.888888888888889
343,Sys_IMF_ref_1,3.42,1.85,654,0.6839999999999999,0.37,0.25307999999999997,0.4802277039848198
343,Sys_IMF_ref_2,3.82,1.47,654,0.764,0.294,0.22461599999999998,0.4246049149338374
343,Sys_IMF_ref_3,2.85,2.1,654,0.5700000000000001,0.42000000000000004,0.23940000000000006,0.4836363636363637
343,User_IMF_1,5.0,2.0,654,1.0,0.4,0.4,0.5714285714285715
343,User_IMF_2,5.0,1.0,654,1.0,0.2,0.2,0.33333333333333337
343,User_IMF_3,5.0,2.0,654,1.0,0.4,0.4,0.5714285714285715
344,Sys_IMF_ref_1,0.85,1.2,654,0.16999999999999998,0.24,0.040799999999999996,0.19902439024390242
344,Sys_IMF_ref_2,1.25,1.85,654,0.25,0.37,0.0925,0.29838709677419356
344,Sys_IMF_ref_3,0.12,1.85,654,0.024,0.37,0.00888,0.0450761421319797
344,User_IMF_1,0.62,1.0,654,0.124,0.2,0.024800000000000003,0.15308641975308643
344,User_IMF_2,0.56,2.0,654,0.11200000000000002,0.4,0.044800000000000006,0.17500000000000002
344,User_IMF_3,0.62,1.0,654,0.124,0.2,0.024800000000000003,0.15308641975308643
345,Sys_IMF_ref_1,3.85,1.62,679,0.77,0.324,0.24948,0.4560877513711152
345,Sys_IMF_ref_2,3.85,1.75,679,0.77,0.35,0.26949999999999996,0.4812499999999999
345,Sys_IMF_ref_3,4.12,2.85,679,0.8240000000000001,0.5700000000000001,0.4696800000000001,0.6738593974175037
345,User_IMF_1,4.17,2.0,679,0.834,0.4,0.3336,0.5406807131280389
345,User_IMF_2,4.17,3.0,679,0.834,0.6,0.5004,0.697907949790795
345,User_IMF_3,4.17,3.0,679,0.834,0.6,0.5004,0.697907949790795
346,Sys_IMF_ref_1,4.65,3.85,679,0.93,0.77,0.7161000000000001,0.8424705882352941
346,Sys_IMF_ref_2,4.15,2.85,679,0.8300000000000001,0.5700000000000001,0.4731000000000001,0.6758571428571429
346,Sys_IMF_ref_3,4.65,3.82,679,0.93,0.764,0.71052,0.8388665879574971
346,User_IMF_1,4.38,4.0,679,0.876,0.8,0.7008000000000001,0.8362768496420048
346,User_IMF_2,4.38,3.0,679,0.876,0.6,0.5256,0.7121951219512195
346,User_IMF_3,4.38,4.0,679,0.876,0.8,0.7008000000000001,0.8362768496420048
347,Sys_IMF_ref_1,4.12,3.65,679,0.8240000000000001,0.73,0.60152,0.7741570141570142
347,Sys_IMF_ref_2,4.12,2.85,679,0.8240000000000001,0.5700000000000001,0.4696800000000001,0.6738593974175037
347,Sys_IMF_ref_3,4.65,3.82,679,0.93,0.764,0.71052,0.8388665879574971
347,User_IMF_1,3.75,4.0,679,0.75,0.8,0.6000000000000001,0.7741935483870969
347,User_IMF_2,3.75,3.0,679,0.75,0.6,0.44999999999999996,0.6666666666666665
347,User_IMF_3,3.75,4.0,679,0.75,0.8,0.6000000000000001,0.7741935483870969
348,Sys_IMF_ref_1,4.12,3.65,679,0.8240000000000001,0.73,0.60152,0.7741570141570142
348,Sys_IMF_ref_2,4.85,4.72,679,0.97,0.944,0.9156799999999999,0.9568234064785789
348,Sys_IMF_ref_3,4.65,3.85,679,0.93,0.77,0.7161000000000001,0.8424705882352941
348,User_IMF_1,1.67,4.0,679,0.33399999999999996,0.8,0.2672,0.47125220458553796
348,User_IMF_2,4.17,3.0,679,0.834,0.6,0.5004,0.697907949790795
348,User_IMF_3,1.67,3.0,679,0.33399999999999996,0.6,0.20039999999999997,0.42912205567451817
349,Sys_IMF_ref_1,4.15,2.85,679,0.8300000000000001,0.5700000000000001,0.4731000000000001,0.6758571428571429
349,Sys_IMF_ref_2,4.65,3.85,679,0.93,0.77,0.7161000000000001,0.8424705882352941
349,Sys_IMF_ref_3,4.85,3.65,679,0.97,0.73,0.7081,0.8330588235294117
349,User_IMF_1,2.5,3.0,679,0.5,0.6,0.3,0.5454545454545454
349,User_IMF_2,3.33,4.0,679,0.666,0.8,0.5328,0.7268758526603001
349,User_IMF_3,3.33,3.0,679,0.666,0.6,0.3996,0.6312796208530805
350,Sys_IMF_ref_1,4.65,3.85,687,0.93,0.77,0.7161000000000001,0.8424705882352941
350,Sys_IMF_ref_2,4.85,3.65,687,0.97,0.73,0.7081,0.8330588235294117
350,Sys_IMF_ref_3,4.65,3.85,687,0.93,0.77,0.7161000000000001,0.8424705882352941
350,User_IMF_1,5.0,4.0,687,1.0,0.8,0.8,0.888888888888889
350,User_IMF_2,5.0,4.0,687,1.0,0.8,0.8,0.888888888888889
350,User_IMF_3,5.0,4.0,687,1.0,0.8,0.8,0.888888888888889
351,Sys_IMF_ref_1,4.65,3.85,687,0.93,0.77,0.7161000000000001,0.8424705882352941
351,Sys_IMF_ref_2,4.85,4.2,687,0.97,0.8400000000000001,0.8148000000000001,0.9003314917127072
351,Sys_IMF_ref_3,4.85,3.65,687,0.97,0.73,0.7081,0.8330588235294117
351,User_IMF_1,5.0,4.0,687,1.0,0.8,0.8,0.888888888888889
351,User_IMF_2,5.0,4.0,687,1.0,0.8,0.8,0.888888888888889
351,User_IMF_3,5.0,4.0,687,1.0,0.8,0.8,0.888888888888889
352,Sys_IMF_ref_1,3.85,2.65,687,0.77,0.53,0.4081,0.6278461538461538
352,Sys_IMF_ref_2,3.42,2.85,687,0.6839999999999999,0.5700000000000001,0.38988,0.6218181818181818
352,Sys_IMF_ref_3,3.85,1.65,687,0.77,0.32999999999999996,0.2541,0.46199999999999997
352,User_IMF_1,3.33,3.0,687,0.666,0.6,0.3996,0.6312796208530805
352,User_IMF_2,3.33,3.0,687,0.666,0.6,0.3996,0.6312796208530805
352,User_IMF_3,4.17,3.0,687,0.834,0.6,0.5004,0.697907949790795
353,Sys_IMF_ref_1,4.85,3.65,687,0.97,0.73,0.7081,0.8330588235294117
353,Sys_IMF_ref_2,4.85,3.75,687,0.97,0.75,0.7275,0.8459302325581396
353,Sys_IMF_ref_3,4.85,3.6,687,0.97,0.72,0.6983999999999999,0.8265088757396449
353,User_IMF_1,5.0,4.0,687,1.0,0.8,0.8,0.888888888888889
353,User_IMF_2,5.0,3.0,687,1.0,0.6,0.6,0.7499999999999999
353,User_IMF_3,5.0,3.0,687,1.0,0.6,0.6,0.7499999999999999
354,Sys_IMF_ref_1,4.12,1.5,687,0.8240000000000001,0.3,0.2472,0.43985765124555154
354,Sys_IMF_ref_2,4.85,3.75,687,0.97,0.75,0.7275,0.8459302325581396
354,Sys_IMF_ref_3,4.85,1.5,687,0.97,0.3,0.291,0.458267716535433
354,User_IMF_1,5.0,3.0,687,1.0,0.6,0.6,0.7499999999999999
354,User_IMF_2,5.0,2.0,687,1.0,0.4,0.4,0.5714285714285715
354,User_IMF_3,5.0,4.0,687,1.0,0.8,0.8,0.888888888888889
355,Sys_IMF_ref_1,3.85,3.2,730,0.77,0.64,0.4928,0.6990070921985815
355,Sys_IMF_ref_2,4.65,3.82,730,0.93,0.764,0.71052,0.8388665879574971
355,Sys_IMF_ref_3,3.85,2.9,730,0.77,0.58,0.4466,0.6616296296296296
355,User_IMF_1,3.33,4.0,730,0.666,0.8,0.5328,0.7268758526603001
355,User_IMF_2,3.89,3.0,730,0.778,0.6,0.4668,0.6775036284470246
355,User_IMF_3,2.78,4.0,730,0.5559999999999999,0.8,0.4448,0.656047197640118
356,Sys_IMF_ref_1,3.42,2.85,730,0.6839999999999999,0.5700000000000001,0.38988,0.6218181818181818
356,Sys_IMF_ref_2,3.85,3.62,730,0.77,0.724,0.55748,0.7462918340026774
356,Sys_IMF_ref_3,3.85,3.2,730,0.77,0.64,0.4928,0.6990070921985815
356,User_IMF_1,5.0,3.0,730,1.0,0.6,0.6,0.7499999999999999
356,User_IMF_2,5.0,3.0,730,1.0,0.6,0.6,0.7499999999999999
356,User_IMF_3,5.0,3.0,730,1.0,0.6,0.6,0.7499999999999999
357,Sys_IMF_ref_1,3.85,1.65,730,0.77,0.32999999999999996,0.2541,0.46199999999999997
357,Sys_IMF_ref_2,2.85,1.2,730,0.5700000000000001,0.24,0.1368,0.3377777777777778
357,Sys_IMF_ref_3,3.85,1.25,730,0.77,0.25,0.1925,0.37745098039215685
357,User_IMF_1,3.33,2.0,730,0.666,0.4,0.2664,0.499812382739212
357,User_IMF_2,3.33,1.0,730,0.666,0.2,0.1332,0.30762124711316396
357,User_IMF_3,3.33,1.0,730,0.666,0.2,0.1332,0.30762124711316396
358,Sys_IMF_ref_1,1.85,2.1,730,0.37,0.42000000000000004,0.1554,0.39341772151898735
358,Sys_IMF_ref_2,2.15,1.85,730,0.43,0.37,0.1591,0.39774999999999994
358,Sys_IMF_ref_3,2.85,1.92,730,0.5700000000000001,0.384,0.21888000000000002,0.4588679245283019
358,User_IMF_1,2.78,2.0,730,0.5559999999999999,0.4,0.2224,0.46527196652719666
358,User_IMF_2,3.57,2.0,730,0.714,0.4,0.2856,0.5127468581687613
358,User_IMF_3,2.78,2.0,730,0.5559999999999999,0.4,0.2224,0.46527196652719666
359,Sys_IMF_ref_1,4.65,1.82,730,0.93,0.364,0.33852,0.5232148377125193
359,Sys_IMF_ref_2,4.65,2.85,730,0.93,0.5700000000000001,0.5301000000000001,0.7068000000000002
359,Sys_IMF_ref_3,4.85,3.62,730,0.97,0.724,0.7022799999999999,0.8291381345926799
359,User_IMF_1,4.44,3.0,730,0.8880000000000001,0.6,0.5328,0.7161290322580646
359,User_IMF_2,4.44,3.0,730,0.8880000000000001,0.6,0.5328,0.7161290322580646
359,User_IMF_3,4.44,3.0,730,0.8880000000000001,0.6,0.5328,0.7161290322580646
360,Sys_IMF_ref_1,1.85,1.2,743,0.37,0.24,0.08879999999999999,0.2911475409836065
360,Sys_IMF_ref_2,1.85,1.2,743,0.37,0.24,0.08879999999999999,0.2911475409836065
360,Sys_IMF_ref_3,1.85,2.15,743,0.37,0.43,0.1591,0.39774999999999994
360,User_IMF_1,1.67,1.0,743,0.33399999999999996,0.2,0.0668,0.250187265917603
360,User_IMF_2,1.67,1.0,743,0.33399999999999996,0.2,0.0668,0.250187265917603
360,User_IMF_3,1.67,2.0,743,0.33399999999999996,0.4,0.1336,0.3640326975476839
361,Sys_IMF_ref_1,4.85,3.92,743,0.97,0.784,0.76048,0.8671379703534778
361,Sys_IMF_ref_2,4.85,4.2,743,0.97,0.8400000000000001,0.8148000000000001,0.9003314917127072
361,Sys_IMF_ref_3,4.85,3.72,743,0.97,0.744,0.72168,0.842100350058343
361,User_IMF_1,5.0,4.0,743,1.0,0.8,0.8,0.888888888888889
361,User_IMF_2,5.0,4.0,743,1.0,0.8,0.8,0.888888888888889
361,User_IMF_3,5.0,4.0,743,1.0,0.8,0.8,0.888888888888889
362,Sys_IMF_ref_1,4.85,3.72,743,0.97,0.744,0.72168,0.842100350058343
362,Sys_IMF_ref_2,3.85,2.15,743,0.77,0.43,0.3311,0.5518333333333334
362,Sys_IMF_ref_3,2.85,3.12,743,0.5700000000000001,0.624,0.35568000000000005,0.5957788944723619
362,User_IMF_1,5.0,3.0,743,1.0,0.6,0.6,0.7499999999999999
362,User_IMF_2,5.0,3.0,743,1.0,0.6,0.6,0.7499999999999999
362,User_IMF_3,5.0,4.0,743,1.0,0.8,0.8,0.888888888888889
363,Sys_IMF_ref_1,3.85,1.5,743,0.77,0.3,0.23099999999999998,0.4317757009345794
363,Sys_IMF_ref_2,1.25,1.5,743,0.25,0.3,0.075,0.2727272727272727
363,Sys_IMF_ref_3,1.25,1.5,743,0.25,0.3,0.075,0.2727272727272727
363,User_IMF_1,0.0,2.0,743,0.0,0.4,0.0,0.0
363,User_IMF_2,5.0,2.0,743,1.0,0.4,0.4,0.5714285714285715
363,User_IMF_3,0.0,2.0,743,0.0,0.4,0.0,0.0
364,Sys_IMF_ref_1,1.85,1.5,743,0.37,0.3,0.111,0.3313432835820896
364,Sys_IMF_ref_2,1.25,3.42,743,0.25,0.6839999999999999,0.17099999999999999,0.36616702355460384
364,Sys_IMF_ref_3,1.85,1.5,743,0.37,0.3,0.111,0.3313432835820896
364,User_IMF_1,0.0,2.0,743,0.0,0.4,0.0,0.0
364,User_IMF_2,5.0,2.0,743,1.0,0.4,0.4,0.5714285714285715
364,User_IMF_3,5.0,2.0,743,1.0,0.4,0.4,0.5714285714285715
365,Sys_IMF_ref_1,4.12,2.85,746,0.8240000000000001,0.5700000000000001,0.4696800000000001,0.6738593974175037
365,Sys_IMF_ref_2,4.85,3.72,746,0.97,0.744,0.72168,0.842100350058343
365,Sys_IMF_ref_3,4.85,2.15,746,0.97,0.43,0.41709999999999997,0.5958571428571429
365,User_IMF_1,5.0,2.0,746,1.0,0.4,0.4,0.5714285714285715
365,User_IMF_2,4.29,2.0,746,0.858,0.4,0.3432,0.5456279809220985
365,User_IMF_3,4.29,2.0,746,0.858,0.4,0.3432,0.5456279809220985
366,Sys_IMF_ref_1,1.85,2.1,746,0.37,0.42000000000000004,0.1554,0.39341772151898735
366,Sys_IMF_ref_2,1.85,1.92,746,0.37,0.384,0.14208,0.37687002652519896
366,Sys_IMF_ref_3,3.85,1.92,746,0.77,0.384,0.29568,0.5124436741767765
366,User_IMF_1,1.67,3.0,746,0.33399999999999996,0.6,0.20039999999999997,0.42912205567451817
366,User_IMF_2,1.67,2.0,746,0.33399999999999996,0.4,0.1336,0.3640326975476839
366,User_IMF_3,2.5,2.0,746,0.5,0.4,0.2,0.4444444444444445
367,Sys_IMF_ref_1,3.42,2.85,746,0.6839999999999999,0.5700000000000001,0.38988,0.6218181818181818
367,Sys_IMF_ref_2,3.45,2.85,746,0.6900000000000001,0.5700000000000001,0.3933000000000001,0.6242857142857143
367,Sys_IMF_ref_3,3.45,2.15,746,0.6900000000000001,0.43,0.2967,0.5298214285714286
367,User_IMF_1,3.57,2.0,746,0.714,0.4,0.2856,0.5127468581687613
367,User_IMF_2,2.86,2.0,746,0.572,0.4,0.2288,0.47078189300411527
367,User_IMF_3,3.57,4.0,746,0.714,0.8,0.5712,0.7545574636723911
368,Sys_IMF_ref_1,4.12,2.85,746,0.8240000000000001,0.5700000000000001,0.4696800000000001,0.6738593974175037
368,Sys_IMF_ref_2,4.85,2.15,746,0.97,0.43,0.41709999999999997,0.5958571428571429
368,Sys_IMF_ref_3,4.85,3.2,746,0.97,0.64,0.6208,0.7711801242236026
368,User_IMF_1,4.29,3.0,746,0.858,0.6,0.5147999999999999,0.7061728395061727
368,User_IMF_2,4.29,2.0,746,0.858,0.4,0.3432,0.5456279809220985
368,User_IMF_3,4.29,3.0,746,0.858,0.6,0.5147999999999999,0.7061728395061727
369,Sys_IMF_ref_1,2.15,1.85,746,0.43,0.37,0.1591,0.39774999999999994
369,Sys_IMF_ref_2,3.85,3.6,746,0.77,0.72,0.5544,0.7441610738255033
369,Sys_IMF_ref_3,3.82,4.15,746,0.764,0.8300000000000001,0.63412,0.795633626097867
369,User_IMF_1,3.57,4.0,746,0.714,0.8,0.5712,0.7545574636723911
369,User_IMF_2,2.86,4.0,746,0.572,0.8,0.4576,0.6670553935860059
369,User_IMF_3,3.57,4.0,746,0.714,0.8,0.5712,0.7545574636723911
370,Sys_IMF_ref_1,4.25,2.15,755,0.85,0.43,0.3655,0.57109375
370,Sys_IMF_ref_2,4.65,2.85,755,0.93,0.5700000000000001,0.5301000000000001,0.7068000000000002
370,Sys_IMF_ref_3,4.65,3.85,755,0.93,0.77,0.7161000000000001,0.8424705882352941
370,User_IMF_1,5.0,2.0,755,1.0,0.4,0.4,0.5714285714285715
370,User_IMF_2,5.0,4.0,755,1.0,0.8,0.8,0.888888888888889
370,User_IMF_3,5.0,4.0,755,1.0,0.8,0.8,0.888888888888889
371,Sys_IMF_ref_1,4.25,3.65,755,0.85,0.73,0.6204999999999999,0.7854430379746834
371,Sys_IMF_ref_2,4.12,3.85,755,0.8240000000000001,0.77,0.63448,0.7960853199498118
371,Sys_IMF_ref_3,3.42,3.85,755,0.6839999999999999,0.77,0.5266799999999999,0.7244566712517193
371,User_IMF_1,5.0,4.0,755,1.0,0.8,0.8,0.888888888888889
371,User_IMF_2,5.0,4.0,755,1.0,0.8,0.8,0.888888888888889
371,User_IMF_3,5.0,4.0,755,1.0,0.8,0.8,0.888888888888889
372,Sys_IMF_ref_1,4.65,3.85,755,0.93,0.77,0.7161000000000001,0.8424705882352941
372,Sys_IMF_ref_2,4.68,2.35,755,0.9359999999999999,0.47000000000000003,0.43992,0.6257752489331436
372,Sys_IMF_ref_3,4.65,2.85,755,0.93,0.5700000000000001,0.5301000000000001,0.7068000000000002
372,User_IMF_1,5.0,3.0,755,1.0,0.6,0.6,0.7499999999999999
372,User_IMF_2,5.0,4.0,755,1.0,0.8,0.8,0.888888888888889
372,User_IMF_3,5.0,3.0,755,1.0,0.6,0.6,0.7499999999999999
373,Sys_IMF_ref_1,4.85,3.6,755,0.97,0.72,0.6983999999999999,0.8265088757396449
373,Sys_IMF_ref_2,4.65,2.85,755,0.93,0.5700000000000001,0.5301000000000001,0.7068000000000002
373,Sys_IMF_ref_3,4.85,3.72,755,0.97,0.744,0.72168,0.842100350058343
373,User_IMF_1,5.0,4.0,755,1.0,0.8,0.8,0.888888888888889
373,User_IMF_2,5.0,4.0,755,1.0,0.8,0.8,0.888888888888889
373,User_IMF_3,5.0,3.0,755,1.0,0.6,0.6,0.7499999999999999
374,Sys_IMF_ref_1,4.85,3.75,755,0.97,0.75,0.7275,0.8459302325581396
374,Sys_IMF_ref_2,4.65,3.85,755,0.93,0.77,0.7161000000000001,0.8424705882352941
374,Sys_IMF_ref_3,4.82,3.65,755,0.9640000000000001,0.73,0.70372,0.8308382526564345
374,User_IMF_1,5.0,4.0,755,1.0,0.8,0.8,0.888888888888889
374,User_IMF_2,5.0,4.0,755,1.0,0.8,0.8,0.888888888888889
374,User_IMF_3,5.0,3.0,755,1.0,0.6,0.6,0.7499999999999999
375,Sys_IMF_ref_1,4.15,2.85,756,0.8300000000000001,0.5700000000000001,0.4731000000000001,0.6758571428571429
375,Sys_IMF_ref_2,4.65,3.82,756,0.93,0.764,0.71052,0.8388665879574971
375,Sys_IMF_ref_3,4.85,4.2,756,0.97,0.8400000000000001,0.8148000000000001,0.9003314917127072
375,User_IMF_1,5.0,4.0,756,1.0,0.8,0.8,0.888888888888889
375,User_IMF_2,4.44,3.0,756,0.8880000000000001,0.6,0.5328,0.7161290322580646
375,User_IMF_3,4.44,3.0,756,0.8880000000000001,0.6,0.5328,0.7161290322580646
376,Sys_IMF_ref_1,4.12,2.85,756,0.8240000000000001,0.5700000000000001,0.4696800000000001,0.6738593974175037
376,Sys_IMF_ref_2,4.85,3.65,756,0.97,0.73,0.7081,0.8330588235294117
376,Sys_IMF_ref_3,2.85,2.1,756,0.5700000000000001,0.42000000000000004,0.23940000000000006,0.4836363636363637
376,User_IMF_1,4.17,3.0,756,0.834,0.6,0.5004,0.697907949790795
376,User_IMF_2,4.17,3.0,756,0.834,0.6,0.5004,0.697907949790795
376,User_IMF_3,4.17,3.0,756,0.834,0.6,0.5004,0.697907949790795
377,Sys_IMF_ref_1,4.15,3.85,756,0.8300000000000001,0.77,0.6391000000000001,0.7988750000000001
377,Sys_IMF_ref_2,4.15,2.85,756,0.8300000000000001,0.5700000000000001,0.4731000000000001,0.6758571428571429
377,Sys_IMF_ref_3,4.12,2.85,756,0.8240000000000001,0.5700000000000001,0.4696800000000001,0.6738593974175037
377,User_IMF_1,4.0,3.0,756,0.8,0.6,0.48,0.6857142857142857
377,User_IMF_2,4.0,4.0,756,0.8,0.8,0.6400000000000001,0.8000000000000002
377,User_IMF_3,4.0,4.0,756,0.8,0.8,0.6400000000000001,0.8000000000000002
378,Sys_IMF_ref_1,3.82,4.15,756,0.764,0.8300000000000001,0.63412,0.795633626097867
378,Sys_IMF_ref_2,3.42,2.85,756,0.6839999999999999,0.5700000000000001,0.38988,0.6218181818181818
378,Sys_IMF_ref_3,3.85,3.2,756,0.77,0.64,0.4928,0.6990070921985815
378,User_IMF_1,2.78,3.0,756,0.5559999999999999,0.6,0.33359999999999995,0.5771626297577854
378,User_IMF_2,2.78,3.0,756,0.5559999999999999,0.6,0.33359999999999995,0.5771626297577854
378,User_IMF_3,2.78,4.0,756,0.5559999999999999,0.8,0.4448,0.656047197640118
379,Sys_IMF_ref_1,3.65,2.85,756,0.73,0.5700000000000001,0.4161,0.6401538461538462
379,Sys_IMF_ref_2,3.42,2.85,756,0.6839999999999999,0.5700000000000001,0.38988,0.6218181818181818
379,Sys_IMF_ref_3,3.42,2.85,756,0.6839999999999999,0.5700000000000001,0.38988,0.6218181818181818
379,User_IMF_1,3.75,3.0,756,0.75,0.6,0.44999999999999996,0.6666666666666665
379,User_IMF_2,3.33,4.0,756,0.666,0.8,0.5328,0.7268758526603001
379,User_IMF_3,3.75,3.0,756,0.75,0.6,0.44999999999999996,0.6666666666666665
380,Sys_IMF_ref_1,4.85,3.65,806,0.97,0.73,0.7081,0.8330588235294117
380,Sys_IMF_ref_2,4.85,4.62,806,0.97,0.924,0.89628,0.9464413938753959
380,Sys_IMF_ref_3,4.85,4.12,806,0.97,0.8240000000000001,0.79928,0.8910590858416945
380,User_IMF_1,5.0,5.0,806,1.0,1.0,1.0,1.0
380,User_IMF_2,5.0,4.0,806,1.0,0.8,0.8,0.888888888888889
380,User_IMF_3,5.0,4.0,806,1.0,0.8,0.8,0.888888888888889
381,Sys_IMF_ref_1,4.85,3.72,806,0.97,0.744,0.72168,0.842100350058343
381,Sys_IMF_ref_2,4.92,4.98,806,0.984,0.9960000000000001,0.980064,0.9899636363636364
381,Sys_IMF_ref_3,5.0,5.0,806,1.0,1.0,1.0,1.0
381,User_IMF_1,5.0,5.0,806,1.0,1.0,1.0,1.0
381,User_IMF_2,5.0,5.0,806,1.0,1.0,1.0,1.0
381,User_IMF_3,5.0,5.0,806,1.0,1.0,1.0,1.0
382,Sys_IMF_ref_1,4.85,3.75,806,0.97,0.75,0.7275,0.8459302325581396
382,Sys_IMF_ref_2,4.35,3.82,806,0.8699999999999999,0.764,0.6646799999999999,0.8135618115055079
382,Sys_IMF_ref_3,4.85,4.2,806,0.97,0.8400000000000001,0.8148000000000001,0.9003314917127072
382,User_IMF_1,4.38,4.0,806,0.876,0.8,0.7008000000000001,0.8362768496420048
382,User_IMF_2,4.29,4.0,806,0.858,0.8,0.6864,0.8279855247285887
382,User_IMF_3,4.38,5.0,806,0.876,1.0,0.876,0.933901918976546
383,Sys_IMF_ref_1,5.0,5.0,806,1.0,1.0,1.0,1.0
383,Sys_IMF_ref_2,4.85,3.75,806,0.97,0.75,0.7275,0.8459302325581396
383,Sys_IMF_ref_3,4.85,4.92,806,0.97,0.984,0.95448,0.976949846468782
383,User_IMF_1,5.0,5.0,806,1.0,1.0,1.0,1.0
383,User_IMF_2,5.0,5.0,806,1.0,1.0,1.0,1.0
383,User_IMF_3,5.0,5.0,806,1.0,1.0,1.0,1.0
384,Sys_IMF_ref_1,4.65,3.85,806,0.93,0.77,0.7161000000000001,0.8424705882352941
384,Sys_IMF_ref_2,4.65,3.85,806,0.93,0.77,0.7161000000000001,0.8424705882352941
384,Sys_IMF_ref_3,4.25,3.85,806,0.85,0.77,0.6545,0.8080246913580246
384,User_IMF_1,5.0,3.0,806,1.0,0.6,0.6,0.7499999999999999
384,User_IMF_2,4.29,4.0,806,0.858,0.8,0.6864,0.8279855247285887
384,User_IMF_3,5.0,4.0,806,1.0,0.8,0.8,0.888888888888889
385,Sys_IMF_ref_1,1.85,2.75,810,0.37,0.55,0.20350000000000001,0.4423913043478261
385,Sys_IMF_ref_2,1.85,2.4,810,0.37,0.48,0.17759999999999998,0.4178823529411764
385,Sys_IMF_ref_3,2.15,3.85,810,0.43,0.77,0.3311,0.5518333333333334
385,User_IMF_1,2.5,3.0,810,0.5,0.6,0.3,0.5454545454545454
385,User_IMF_2,2.5,3.0,810,0.5,0.6,0.3,0.5454545454545454
385,User_IMF_3,1.88,3.0,810,0.376,0.6,0.2256,0.46229508196721314
386,Sys_IMF_ref_1,2.85,1.9,810,0.5700000000000001,0.38,0.21660000000000001,0.456
386,Sys_IMF_ref_2,3.85,2.15,810,0.77,0.43,0.3311,0.5518333333333334
386,Sys_IMF_ref_3,4.25,2.15,810,0.85,0.43,0.3655,0.57109375
386,User_IMF_1,3.75,2.0,810,0.75,0.4,0.30000000000000004,0.5217391304347827
386,User_IMF_2,4.38,2.0,810,0.876,0.4,0.35040000000000004,0.5492163009404389
386,User_IMF_3,4.38,3.0,810,0.876,0.6,0.5256,0.7121951219512195
387,Sys_IMF_ref_1,2.15,1.85,810,0.43,0.37,0.1591,0.39774999999999994
387,Sys_IMF_ref_2,0.12,1.85,810,0.024,0.37,0.00888,0.0450761421319797
387,Sys_IMF_ref_3,0.85,1.2,810,0.16999999999999998,0.24,0.040799999999999996,0.19902439024390242
387,User_IMF_1,0.0,1.0,810,0.0,0.2,0.0,0.0
387,User_IMF_2,0.62,2.0,810,0.124,0.4,0.049600000000000005,0.18931297709923664
387,User_IMF_3,2.5,1.0,810,0.5,0.2,0.1,0.28571428571428575
388,Sys_IMF_ref_1,4.85,2.1,810,0.97,0.42000000000000004,0.40740000000000004,0.5861870503597122
388,Sys_IMF_ref_2,4.85,1.65,810,0.97,0.32999999999999996,0.32009999999999994,0.49246153846153845
388,Sys_IMF_ref_3,4.85,2.65,810,0.97,0.53,0.5141,0.6854666666666667
388,User_IMF_1,5.0,3.0,810,1.0,0.6,0.6,0.7499999999999999
388,User_IMF_2,5.0,3.0,810,1.0,0.6,0.6,0.7499999999999999
388,User_IMF_3,5.0,3.0,810,1.0,0.6,0.6,0.7499999999999999
389,Sys_IMF_ref_1,4.85,3.72,810,0.97,0.744,0.72168,0.842100350058343
389,Sys_IMF_ref_2,4.25,2.85,810,0.85,0.5700000000000001,0.48450000000000004,0.6823943661971832
389,Sys_IMF_ref_3,4.85,3.62,810,0.97,0.724,0.7022799999999999,0.8291381345926799
389,User_IMF_1,5.0,1.0,810,1.0,0.2,0.2,0.33333333333333337
389,User_IMF_2,5.0,1.0,810,1.0,0.2,0.2,0.33333333333333337
389,User_IMF_3,5.0,4.0,810,1.0,0.8,0.8,0.888888888888889
390,Sys_IMF_ref_1,2.85,1.9,819,0.5700000000000001,0.38,0.21660000000000001,0.456
390,Sys_IMF_ref_2,4.85,3.6,819,0.97,0.72,0.6983999999999999,0.8265088757396449
390,Sys_IMF_ref_3,4.85,2.65,819,0.97,0.53,0.5141,0.6854666666666667
390,User_IMF_1,5.0,4.0,819,1.0,0.8,0.8,0.888888888888889
390,User_IMF_2,5.0,4.0,819,1.0,0.8,0.8,0.888888888888889
390,User_IMF_3,5.0,2.0,819,1.0,0.4,0.4,0.5714285714285715
391,Sys_IMF_ref_1,4.15,3.65,819,0.8300000000000001,0.73,0.6059,0.7767948717948717
391,Sys_IMF_ref_2,3.85,1.5,819,0.77,0.3,0.23099999999999998,0.4317757009345794
391,Sys_IMF_ref_3,4.85,3.72,819,0.97,0.744,0.72168,0.842100350058343
391,User_IMF_1,5.0,4.0,819,1.0,0.8,0.8,0.888888888888889
391,User_IMF_2,5.0,4.0,819,1.0,0.8,0.8,0.888888888888889
391,User_IMF_3,5.0,2.0,819,1.0,0.4,0.4,0.5714285714285715
392,Sys_IMF_ref_1,3.82,1.47,819,0.764,0.294,0.22461599999999998,0.4246049149338374
392,Sys_IMF_ref_2,4.15,2.85,819,0.8300000000000001,0.5700000000000001,0.4731000000000001,0.6758571428571429
392,Sys_IMF_ref_3,3.42,1.5,819,0.6839999999999999,0.3,0.20519999999999997,0.41707317073170724
392,User_IMF_1,5.0,1.0,819,1.0,0.2,0.2,0.33333333333333337
392,User_IMF_2,5.0,1.0,819,1.0,0.2,0.2,0.33333333333333337
392,User_IMF_3,5.0,1.0,819,1.0,0.2,0.2,0.33333333333333337
393,Sys_IMF_ref_1,4.85,2.15,819,0.97,0.43,0.41709999999999997,0.5958571428571429
393,Sys_IMF_ref_2,4.12,2.35,819,0.8240000000000001,0.47000000000000003,0.38728000000000007,0.5985780525502319
393,Sys_IMF_ref_3,4.12,1.5,819,0.8240000000000001,0.3,0.2472,0.43985765124555154
393,User_IMF_1,5.0,3.0,819,1.0,0.6,0.6,0.7499999999999999
393,User_IMF_2,4.0,3.0,819,0.8,0.6,0.48,0.6857142857142857
393,User_IMF_3,5.0,2.0,819,1.0,0.4,0.4,0.5714285714285715
394,Sys_IMF_ref_1,3.85,1.5,819,0.77,0.3,0.23099999999999998,0.4317757009345794
394,Sys_IMF_ref_2,3.65,1.5,819,0.73,0.3,0.219,0.42524271844660194
394,Sys_IMF_ref_3,4.12,1.5,819,0.8240000000000001,0.3,0.2472,0.43985765124555154
394,User_IMF_1,5.0,1.0,819,1.0,0.2,0.2,0.33333333333333337
394,User_IMF_2,5.0,1.0,819,1.0,0.2,0.2,0.33333333333333337
394,User_IMF_3,5.0,1.0,819,1.0,0.2,0.2,0.33333333333333337
395,Sys_IMF_ref_1,0.15,1.2,836,0.03,0.24,0.0072,0.05333333333333333
395,Sys_IMF_ref_2,0.0,1.25,836,0.0,0.25,0.0,0.0
395,Sys_IMF_ref_3,0.0,1.25,836,0.0,0.25,0.0,0.0
395,User_IMF_1,0.71,1.0,836,0.142,0.2,0.028399999999999998,0.16608187134502925
395,User_IMF_2,0.0,1.0,836,0.0,0.2,0.0,0.0
395,User_IMF_3,0.0,1.0,836,0.0,0.2,0.0,0.0
396,Sys_IMF_ref_1,0.0,1.25,836,0.0,0.25,0.0,0.0
396,Sys_IMF_ref_2,0.0,1.2,836,0.0,0.24,0.0,0.0
396,Sys_IMF_ref_3,0.0,1.25,836,0.0,0.25,0.0,0.0
396,User_IMF_1,0.0,1.0,836,0.0,0.2,0.0,0.0
396,User_IMF_2,0.0,1.0,836,0.0,0.2,0.0,0.0
396,User_IMF_3,0.0,1.0,836,0.0,0.2,0.0,0.0
397,Sys_IMF_ref_1,0.0,4.15,836,0.0,0.8300000000000001,0.0,0.0
397,Sys_IMF_ref_2,0.0,2.85,836,0.0,0.5700000000000001,0.0,0.0
397,Sys_IMF_ref_3,0.0,2.85,836,0.0,0.5700000000000001,0.0,0.0
397,User_IMF_1,0.0,2.0,836,0.0,0.4,0.0,0.0
397,User_IMF_2,0.0,2.0,836,0.0,0.4,0.0,0.0
397,User_IMF_3,0.0,3.0,836,0.0,0.6,0.0,0.0
398,Sys_IMF_ref_1,0.0,4.15,836,0.0,0.8300000000000001,0.0,0.0
398,Sys_IMF_ref_2,0.0,4.85,836,0.0,0.97,0.0,0.0
398,Sys_IMF_ref_3,0.0,4.85,836,0.0,0.97,0.0,0.0
398,User_IMF_1,0.0,4.0,836,0.0,0.8,0.0,0.0
398,User_IMF_2,0.0,5.0,836,0.0,1.0,0.0,0.0
398,User_IMF_3,0.0,5.0,836,0.0,1.0,0.0,0.0
399,Sys_IMF_ref_1,0.0,1.42,836,0.0,0.284,0.0,0.0
399,Sys_IMF_ref_2,0.0,1.5,836,0.0,0.3,0.0,0.0
399,Sys_IMF_ref_3,0.0,1.5,836,0.0,0.3,0.0,0.0
399,User_IMF_1,0.0,3.0,836,0.0,0.6,0.0,0.0
399,User_IMF_2,0.0,1.0,836,0.0,0.2,0.0,0.0
399,User_IMF_3,0.0,2.0,836,0.0,0.4,0.0,0.0
400,Sys_IMF_ref_1,4.85,4.2,903,0.97,0.8400000000000001,0.8148000000000001,0.9003314917127072
400,Sys_IMF_ref_2,4.85,3.72,903,0.97,0.744,0.72168,0.842100350058343
400,Sys_IMF_ref_3,2.15,1.85,903,0.43,0.37,0.1591,0.39774999999999994
400,User_IMF_1,5.0,2.0,903,1.0,0.4,0.4,0.5714285714285715
400,User_IMF_2,5.0,4.0,903,1.0,0.8,0.8,0.888888888888889
400,User_IMF_3,3.33,4.0,903,0.666,0.8,0.5328,0.7268758526603001
401,Sys_IMF_ref_1,3.85,1.5,903,0.77,0.3,0.23099999999999998,0.4317757009345794
401,Sys_IMF_ref_2,4.15,3.85,903,0.8300000000000001,0.77,0.6391000000000001,0.7988750000000001
401,Sys_IMF_ref_3,3.85,2.75,903,0.77,0.55,0.42350000000000004,0.6416666666666667
401,User_IMF_1,4.29,3.0,903,0.858,0.6,0.5147999999999999,0.7061728395061727
401,User_IMF_2,5.0,2.0,903,1.0,0.4,0.4,0.5714285714285715
401,User_IMF_3,5.0,3.0,903,1.0,0.6,0.6,0.7499999999999999
402,Sys_IMF_ref_1,3.85,4.12,903,0.77,0.8240000000000001,0.63448,0.7960853199498118
402,Sys_IMF_ref_2,3.42,1.5,903,0.6839999999999999,0.3,0.20519999999999997,0.41707317073170724
402,Sys_IMF_ref_3,3.42,1.85,903,0.6839999999999999,0.37,0.25307999999999997,0.4802277039848198
402,User_IMF_1,3.57,2.0,903,0.714,0.4,0.2856,0.5127468581687613
402,User_IMF_2,3.57,4.0,903,0.714,0.8,0.5712,0.7545574636723911
402,User_IMF_3,3.57,5.0,903,0.714,1.0,0.714,0.8331388564760793
403,Sys_IMF_ref_1,2.85,1.5,903,0.5700000000000001,0.3,0.171,0.3931034482758621
403,Sys_IMF_ref_2,2.85,1.2,903,0.5700000000000001,0.24,0.1368,0.3377777777777778
403,Sys_IMF_ref_3,2.85,1.42,903,0.5700000000000001,0.284,0.16188,0.3791100702576112
403,User_IMF_1,3.57,1.0,903,0.714,0.2,0.1428,0.31247264770240707
403,User_IMF_2,3.57,2.0,903,0.714,0.4,0.2856,0.5127468581687613
403,User_IMF_3,3.57,2.0,903,0.714,0.4,0.2856,0.5127468581687613
404,Sys_IMF_ref_1,2.85,1.5,903,0.5700000000000001,0.3,0.171,0.3931034482758621
404,Sys_IMF_ref_2,2.85,1.5,903,0.5700000000000001,0.3,0.171,0.3931034482758621
404,Sys_IMF_ref_3,2.15,1.5,903,0.43,0.3,0.129,0.35342465753424657
404,User_IMF_1,3.75,2.0,903,0.75,0.4,0.30000000000000004,0.5217391304347827
404,User_IMF_2,3.0,2.0,903,0.6,0.4,0.24,0.48
404,User_IMF_3,3.0,2.0,903,0.6,0.4,0.24,0.48
405,Sys_IMF_ref_1,1.25,1.85,917,0.25,0.37,0.0925,0.29838709677419356
405,Sys_IMF_ref_2,1.85,1.62,917,0.37,0.324,0.11988,0.3454755043227666
405,Sys_IMF_ref_3,0.42,1.15,917,0.08399999999999999,0.22999999999999998,0.019319999999999997,0.12305732484076433
405,User_IMF_1,3.33,2.0,917,0.666,0.4,0.2664,0.499812382739212
405,User_IMF_2,1.43,2.0,917,0.286,0.4,0.1144,0.3335276967930029
405,User_IMF_3,3.33,2.0,917,0.666,0.4,0.2664,0.499812382739212
406,Sys_IMF_ref_1,2.15,1.85,917,0.43,0.37,0.1591,0.39774999999999994
406,Sys_IMF_ref_2,4.12,2.85,917,0.8240000000000001,0.5700000000000001,0.4696800000000001,0.6738593974175037
406,Sys_IMF_ref_3,3.85,2.4,917,0.77,0.48,0.3696,0.59136
406,User_IMF_1,4.29,1.0,917,0.858,0.2,0.1716,0.3243856332703213
406,User_IMF_2,4.29,1.0,917,0.858,0.2,0.1716,0.3243856332703213
406,User_IMF_3,2.5,3.0,917,0.5,0.6,0.3,0.5454545454545454
407,Sys_IMF_ref_1,2.85,1.65,917,0.5700000000000001,0.32999999999999996,0.1881,0.418
407,Sys_IMF_ref_2,2.85,1.65,917,0.5700000000000001,0.32999999999999996,0.1881,0.418
407,Sys_IMF_ref_3,2.15,1.85,917,0.43,0.37,0.1591,0.39774999999999994
407,User_IMF_1,4.29,1.0,917,0.858,0.2,0.1716,0.3243856332703213
407,User_IMF_2,3.33,2.0,917,0.666,0.4,0.2664,0.499812382739212
407,User_IMF_3,4.0,2.0,917,0.8,0.4,0.32000000000000006,0.5333333333333333
408,Sys_IMF_ref_1,3.85,2.15,917,0.77,0.43,0.3311,0.5518333333333334
408,Sys_IMF_ref_2,3.85,2.15,917,0.77,0.43,0.3311,0.5518333333333334
408,Sys_IMF_ref_3,2.85,2.4,917,0.5700000000000001,0.48,0.2736,0.5211428571428571
408,User_IMF_1,5.0,1.0,917,1.0,0.2,0.2,0.33333333333333337
408,User_IMF_2,5.0,2.0,917,1.0,0.4,0.4,0.5714285714285715
408,User_IMF_3,4.17,1.0,917,0.834,0.2,0.1668,0.3226305609284333
409,Sys_IMF_ref_1,2.15,1.85,917,0.43,0.37,0.1591,0.39774999999999994
409,Sys_IMF_ref_2,2.85,1.65,917,0.5700000000000001,0.32999999999999996,0.1881,0.418
409,Sys_IMF_ref_3,3.82,1.65,917,0.764,0.32999999999999996,0.25211999999999996,0.4609140767824497
409,User_IMF_1,4.17,2.0,917,0.834,0.4,0.3336,0.5406807131280389
409,User_IMF_2,4.17,2.0,917,0.834,0.4,0.3336,0.5406807131280389
409,User_IMF_3,4.17,2.0,917,0.834,0.4,0.3336,0.5406807131280389
410,Sys_IMF_ref_1,1.85,0.92,919,0.37,0.184,0.06808,0.24577617328519855
410,Sys_IMF_ref_2,1.25,1.85,919,0.25,0.37,0.0925,0.29838709677419356
410,Sys_IMF_ref_3,1.85,1.2,919,0.37,0.24,0.08879999999999999,0.2911475409836065
410,User_IMF_1,1.88,1.0,919,0.376,0.2,0.0752,0.26111111111111107
410,User_IMF_2,1.88,2.0,919,0.376,0.4,0.1504,0.38762886597938145
410,User_IMF_3,1.25,1.0,919,0.25,0.2,0.05,0.22222222222222224
411,Sys_IMF_ref_1,1.85,1.2,919,0.37,0.24,0.08879999999999999,0.2911475409836065
411,Sys_IMF_ref_2,2.85,1.65,919,0.5700000000000001,0.32999999999999996,0.1881,0.418
411,Sys_IMF_ref_3,1.85,1.2,919,0.37,0.24,0.08879999999999999,0.2911475409836065
411,User_IMF_1,3.75,1.0,919,0.75,0.2,0.15000000000000002,0.31578947368421056
411,User_IMF_2,3.12,2.0,919,0.624,0.4,0.24960000000000002,0.48750000000000004
411,User_IMF_3,3.12,2.0,919,0.624,0.4,0.24960000000000002,0.48750000000000004
412,Sys_IMF_ref_1,1.25,1.15,919,0.25,0.22999999999999998,0.057499999999999996,0.23958333333333331
412,Sys_IMF_ref_2,0.12,0.85,919,0.024,0.16999999999999998,0.004079999999999999,0.04206185567010309
412,Sys_IMF_ref_3,0.12,0.85,919,0.024,0.16999999999999998,0.004079999999999999,0.04206185567010309
412,User_IMF_1,0.56,1.0,919,0.11200000000000002,0.2,0.022400000000000003,0.14358974358974358
412,User_IMF_2,0.0,1.0,919,0.0,0.2,0.0,0.0
412,User_IMF_3,1.11,1.0,919,0.22200000000000003,0.2,0.04440000000000001,0.2104265402843602
413,Sys_IMF_ref_1,1.85,1.2,919,0.37,0.24,0.08879999999999999,0.2911475409836065
413,Sys_IMF_ref_2,1.85,0.42,919,0.37,0.08399999999999999,0.031079999999999997,0.13691629955947135
413,Sys_IMF_ref_3,1.85,1.2,919,0.37,0.24,0.08879999999999999,0.2911475409836065
413,User_IMF_1,2.14,1.0,919,0.42800000000000005,0.2,0.08560000000000001,0.27261146496815286
413,User_IMF_2,2.14,1.0,919,0.42800000000000005,0.2,0.08560000000000001,0.27261146496815286
413,User_IMF_3,2.14,1.0,919,0.42800000000000005,0.2,0.08560000000000001,0.27261146496815286
414,Sys_IMF_ref_1,1.85,1.2,919,0.37,0.24,0.08879999999999999,0.2911475409836065
414,Sys_IMF_ref_2,0.85,0.92,919,0.16999999999999998,0.184,0.031279999999999995,0.1767231638418079
414,Sys_IMF_ref_3,1.85,1.2,919,0.37,0.24,0.08879999999999999,0.2911475409836065
414,User_IMF_1,2.78,1.0,919,0.5559999999999999,0.2,0.1112,0.29417989417989415
414,User_IMF_2,1.11,1.0,919,0.22200000000000003,0.2,0.04440000000000001,0.2104265402843602
414,User_IMF_3,2.78,1.0,919,0.5559999999999999,0.2,0.1112,0.29417989417989415
415,Sys_IMF_ref_1,4.85,4.2,920,0.97,0.8400000000000001,0.8148000000000001,0.9003314917127072
415,Sys_IMF_ref_2,1.85,1.9,920,0.37,0.38,0.1406,0.37493333333333334
415,Sys_IMF_ref_3,2.85,2.1,920,0.5700000000000001,0.42000000000000004,0.23940000000000006,0.4836363636363637
415,User_IMF_1,5.0,4.0,920,1.0,0.8,0.8,0.888888888888889
415,User_IMF_2,1.88,2.0,920,0.376,0.4,0.1504,0.38762886597938145
415,User_IMF_3,5.0,5.0,920,1.0,1.0,1.0,1.0
416,Sys_IMF_ref_1,4.85,3.75,920,0.97,0.75,0.7275,0.8459302325581396
416,Sys_IMF_ref_2,4.85,3.6,920,0.97,0.72,0.6983999999999999,0.8265088757396449
416,Sys_IMF_ref_3,4.92,4.95,920,0.984,0.99,0.97416,0.9869908814589666
416,User_IMF_1,0.0,4.0,920,0.0,0.8,0.0,0.0
416,User_IMF_2,0.0,4.0,920,0.0,0.8,0.0,0.0
416,User_IMF_3,5.0,4.0,920,1.0,0.8,0.8,0.888888888888889
417,Sys_IMF_ref_1,4.85,2.65,920,0.97,0.53,0.5141,0.6854666666666667
417,Sys_IMF_ref_2,4.85,4.62,920,0.97,0.924,0.89628,0.9464413938753959
417,Sys_IMF_ref_3,4.85,3.65,920,0.97,0.73,0.7081,0.8330588235294117
417,User_IMF_1,5.0,4.0,920,1.0,0.8,0.8,0.888888888888889
417,User_IMF_2,5.0,4.0,920,1.0,0.8,0.8,0.888888888888889
417,User_IMF_3,5.0,4.0,920,1.0,0.8,0.8,0.888888888888889
418,Sys_IMF_ref_1,4.15,2.85,920,0.8300000000000001,0.5700000000000001,0.4731000000000001,0.6758571428571429
418,Sys_IMF_ref_2,3.15,1.85,920,0.63,0.37,0.2331,0.4662
418,Sys_IMF_ref_3,2.85,1.92,920,0.5700000000000001,0.384,0.21888000000000002,0.4588679245283019
418,User_IMF_1,4.29,2.0,920,0.858,0.4,0.3432,0.5456279809220985
418,User_IMF_2,3.33,1.0,920,0.666,0.2,0.1332,0.30762124711316396
418,User_IMF_3,3.33,3.0,920,0.666,0.6,0.3996,0.6312796208530805
419,Sys_IMF_ref_1,4.85,3.62,920,0.97,0.724,0.7022799999999999,0.8291381345926799
419,Sys_IMF_ref_2,4.25,3.85,920,0.85,0.77,0.6545,0.8080246913580246
419,Sys_IMF_ref_3,4.85,4.2,920,0.97,0.8400000000000001,0.8148000000000001,0.9003314917127072
419,User_IMF_1,5.0,4.0,920,1.0,0.8,0.8,0.888888888888889
419,User_IMF_2,5.0,5.0,920,1.0,1.0,1.0,1.0
419,User_IMF_3,4.38,3.0,920,0.876,0.6,0.5256,0.7121951219512195
420,Sys_IMF_ref_1,0.15,1.2,922,0.03,0.24,0.0072,0.05333333333333333
420,Sys_IMF_ref_2,0.85,1.42,922,0.16999999999999998,0.284,0.04827999999999999,0.2126872246696035
420,Sys_IMF_ref_3,0.85,1.92,922,0.16999999999999998,0.384,0.06527999999999999,0.23566787003610104
420,User_IMF_1,1.11,2.0,922,0.22200000000000003,0.4,0.08880000000000002,0.28553054662379423
420,User_IMF_2,1.11,1.0,922,0.22200000000000003,0.2,0.04440000000000001,0.2104265402843602
420,User_IMF_3,1.11,1.0,922,0.22200000000000003,0.2,0.04440000000000001,0.2104265402843602
421,Sys_IMF_ref_1,2.15,1.85,922,0.43,0.37,0.1591,0.39774999999999994
421,Sys_IMF_ref_2,1.85,1.92,922,0.37,0.384,0.14208,0.37687002652519896
421,Sys_IMF_ref_3,3.45,2.15,922,0.6900000000000001,0.43,0.2967,0.5298214285714286
421,User_IMF_1,1.11,2.0,922,0.22200000000000003,0.4,0.08880000000000002,0.28553054662379423
421,User_IMF_2,1.11,2.0,922,0.22200000000000003,0.4,0.08880000000000002,0.28553054662379423
421,User_IMF_3,1.11,1.0,922,0.22200000000000003,0.2,0.04440000000000001,0.2104265402843602
422,Sys_IMF_ref_1,1.25,0.85,922,0.25,0.16999999999999998,0.042499999999999996,0.20238095238095238
422,Sys_IMF_ref_2,0.42,1.15,922,0.08399999999999999,0.22999999999999998,0.019319999999999997,0.12305732484076433
422,Sys_IMF_ref_3,0.42,1.15,922,0.08399999999999999,0.22999999999999998,0.019319999999999997,0.12305732484076433
422,User_IMF_1,1.43,1.0,922,0.286,0.2,0.0572,0.23539094650205764
422,User_IMF_2,0.56,1.0,922,0.11200000000000002,0.2,0.022400000000000003,0.14358974358974358
422,User_IMF_3,0.56,1.0,922,0.11200000000000002,0.2,0.022400000000000003,0.14358974358974358
423,Sys_IMF_ref_1,1.85,1.2,922,0.37,0.24,0.08879999999999999,0.2911475409836065
423,Sys_IMF_ref_2,1.25,0.85,922,0.25,0.16999999999999998,0.042499999999999996,0.20238095238095238
423,Sys_IMF_ref_3,1.25,0.85,922,0.25,0.16999999999999998,0.042499999999999996,0.20238095238095238
423,User_IMF_1,1.88,1.0,922,0.376,0.2,0.0752,0.26111111111111107
423,User_IMF_2,1.88,1.0,922,0.376,0.2,0.0752,0.26111111111111107
423,User_IMF_3,2.22,1.0,922,0.44400000000000006,0.2,0.08880000000000002,0.27577639751552796
424,Sys_IMF_ref_1,0.15,0.85,922,0.03,0.16999999999999998,0.0050999999999999995,0.051
424,Sys_IMF_ref_2,0.85,1.2,922,0.16999999999999998,0.24,0.040799999999999996,0.19902439024390242
424,Sys_IMF_ref_3,1.85,0.92,922,0.37,0.184,0.06808,0.24577617328519855
424,User_IMF_1,0.0,0.0,922,0.0,0.0,0.0,0.0
424,User_IMF_2,0.0,1.0,922,0.0,0.2,0.0,0.0
424,User_IMF_3,0.0,0.0,922,0.0,0.0,0.0,0.0
425,Sys_IMF_ref_1,3.85,2.15,928,0.77,0.43,0.3311,0.5518333333333334
425,Sys_IMF_ref_2,1.85,1.92,928,0.37,0.384,0.14208,0.37687002652519896
425,Sys_IMF_ref_3,0.12,0.85,928,0.024,0.16999999999999998,0.004079999999999999,0.04206185567010309
425,User_IMF_1,0.62,2.0,928,0.124,0.4,0.049600000000000005,0.18931297709923664
425,User_IMF_2,2.86,2.0,928,0.572,0.4,0.2288,0.47078189300411527
425,User_IMF_3,2.86,2.0,928,0.572,0.4,0.2288,0.47078189300411527
426,Sys_IMF_ref_1,4.15,2.85,928,0.8300000000000001,0.5700000000000001,0.4731000000000001,0.6758571428571429
426,Sys_IMF_ref_2,3.85,2.65,928,0.77,0.53,0.4081,0.6278461538461538
426,Sys_IMF_ref_3,3.85,3.2,928,0.77,0.64,0.4928,0.6990070921985815
426,User_IMF_1,4.44,3.0,928,0.8880000000000001,0.6,0.5328,0.7161290322580646
426,User_IMF_2,4.44,3.0,928,0.8880000000000001,0.6,0.5328,0.7161290322580646
426,User_IMF_3,4.44,3.0,928,0.8880000000000001,0.6,0.5328,0.7161290322580646
427,Sys_IMF_ref_1,3.82,2.45,928,0.764,0.49000000000000005,0.37436,0.5970653907496013
427,Sys_IMF_ref_2,3.42,2.15,928,0.6839999999999999,0.43,0.29412,0.5280430879712747
427,Sys_IMF_ref_3,3.85,2.1,928,0.77,0.42000000000000004,0.3234,0.5435294117647059
427,User_IMF_1,3.75,2.0,928,0.75,0.4,0.30000000000000004,0.5217391304347827
427,User_IMF_2,4.44,3.0,928,0.8880000000000001,0.6,0.5328,0.7161290322580646
427,User_IMF_3,4.44,2.0,928,0.8880000000000001,0.4,0.35520000000000007,0.5515527950310559
428,Sys_IMF_ref_1,1.85,1.2,928,0.37,0.24,0.08879999999999999,0.2911475409836065
428,Sys_IMF_ref_2,1.85,1.2,928,0.37,0.24,0.08879999999999999,0.2911475409836065
428,Sys_IMF_ref_3,1.25,1.8,928,0.25,0.36,0.09,0.29508196721311475
428,User_IMF_1,2.22,2.0,928,0.44400000000000006,0.4,0.17760000000000004,0.4208530805687204
428,User_IMF_2,1.67,2.0,928,0.33399999999999996,0.4,0.1336,0.3640326975476839
428,User_IMF_3,2.22,1.0,928,0.44400000000000006,0.2,0.08880000000000002,0.27577639751552796
429,Sys_IMF_ref_1,4.15,3.68,928,0.8300000000000001,0.736,0.6108800000000001,0.7801787994891444
429,Sys_IMF_ref_2,3.85,2.65,928,0.77,0.53,0.4081,0.6278461538461538
429,Sys_IMF_ref_3,4.85,4.92,928,0.97,0.984,0.95448,0.976949846468782
429,User_IMF_1,3.75,4.0,928,0.75,0.8,0.6000000000000001,0.7741935483870969
429,User_IMF_2,5.0,4.0,928,1.0,0.8,0.8,0.888888888888889
429,User_IMF_3,3.75,4.0,928,0.75,0.8,0.6000000000000001,0.7741935483870969
430,Sys_IMF_ref_1,4.85,3.65,931,0.97,0.73,0.7081,0.8330588235294117
430,Sys_IMF_ref_2,4.65,3.85,931,0.93,0.77,0.7161000000000001,0.8424705882352941
430,Sys_IMF_ref_3,4.65,2.85,931,0.93,0.5700000000000001,0.5301000000000001,0.7068000000000002
430,User_IMF_1,4.38,4.0,931,0.876,0.8,0.7008000000000001,0.8362768496420048
430,User_IMF_2,5.0,4.0,931,1.0,0.8,0.8,0.888888888888889
430,User_IMF_3,4.38,4.0,931,0.876,0.8,0.7008000000000001,0.8362768496420048
431,Sys_IMF_ref_1,4.85,3.72,931,0.97,0.744,0.72168,0.842100350058343
431,Sys_IMF_ref_2,4.85,4.72,931,0.97,0.944,0.9156799999999999,0.9568234064785789
431,Sys_IMF_ref_3,4.35,3.8,931,0.8699999999999999,0.76,0.6611999999999999,0.8112883435582822
431,User_IMF_1,4.38,4.0,931,0.876,0.8,0.7008000000000001,0.8362768496420048
431,User_IMF_2,5.0,4.0,931,1.0,0.8,0.8,0.888888888888889
431,User_IMF_3,5.0,4.0,931,1.0,0.8,0.8,0.888888888888889
432,Sys_IMF_ref_1,4.85,3.65,931,0.97,0.73,0.7081,0.8330588235294117
432,Sys_IMF_ref_2,4.85,4.2,931,0.97,0.8400000000000001,0.8148000000000001,0.9003314917127072
432,Sys_IMF_ref_3,4.85,4.2,931,0.97,0.8400000000000001,0.8148000000000001,0.9003314917127072
432,User_IMF_1,5.0,4.0,931,1.0,0.8,0.8,0.888888888888889
432,User_IMF_2,5.0,4.0,931,1.0,0.8,0.8,0.888888888888889
432,User_IMF_3,5.0,4.0,931,1.0,0.8,0.8,0.888888888888889
433,Sys_IMF_ref_1,4.65,3.82,931,0.93,0.764,0.71052,0.8388665879574971
433,Sys_IMF_ref_2,4.65,2.85,931,0.93,0.5700000000000001,0.5301000000000001,0.7068000000000002
433,Sys_IMF_ref_3,3.82,1.47,931,0.764,0.294,0.22461599999999998,0.4246049149338374
433,User_IMF_1,4.29,3.0,931,0.858,0.6,0.5147999999999999,0.7061728395061727
433,User_IMF_2,4.44,4.0,931,0.8880000000000001,0.8,0.7104000000000001,0.8417061611374408
433,User_IMF_3,4.29,1.0,931,0.858,0.2,0.1716,0.3243856332703213
434,Sys_IMF_ref_1,3.85,2.4,931,0.77,0.48,0.3696,0.59136
434,Sys_IMF_ref_2,4.85,3.65,931,0.97,0.73,0.7081,0.8330588235294117
434,Sys_IMF_ref_3,4.65,3.85,931,0.93,0.77,0.7161000000000001,0.8424705882352941
434,User_IMF_1,5.0,4.0,931,1.0,0.8,0.8,0.888888888888889
434,User_IMF_2,5.0,3.0,931,1.0,0.6,0.6,0.7499999999999999
434,User_IMF_3,4.44,4.0,931,0.8880000000000001,0.8,0.7104000000000001,0.8417061611374408
435,Sys_IMF_ref_1,0.12,2.85,943,0.024,0.5700000000000001,0.013680000000000001,0.04606060606060606
435,Sys_IMF_ref_2,0.05,1.2,943,0.01,0.24,0.0024,0.0192
435,Sys_IMF_ref_3,0.15,4.85,943,0.03,0.97,0.029099999999999997,0.058199999999999995
435,User_IMF_1,0.0,3.0,943,0.0,0.6,0.0,0.0
435,User_IMF_2,0.0,1.0,943,0.0,0.2,0.0,0.0
435,User_IMF_3,0.0,1.0,943,0.0,0.2,0.0,0.0
436,Sys_IMF_ref_1,4.35,2.85,943,0.8699999999999999,0.5700000000000001,0.4959,0.6887500000000001
436,Sys_IMF_ref_2,4.85,3.65,943,0.97,0.73,0.7081,0.8330588235294117
436,Sys_IMF_ref_3,4.35,2.85,943,0.8699999999999999,0.5700000000000001,0.4959,0.6887500000000001
436,User_IMF_1,5.0,4.0,943,1.0,0.8,0.8,0.888888888888889
436,User_IMF_2,4.44,4.0,943,0.8880000000000001,0.8,0.7104000000000001,0.8417061611374408
436,User_IMF_3,3.89,4.0,943,0.778,0.8,0.6224000000000001,0.7888466413181242
437,Sys_IMF_ref_1,4.85,3.6,943,0.97,0.72,0.6983999999999999,0.8265088757396449
437,Sys_IMF_ref_2,4.65,3.85,943,0.93,0.77,0.7161000000000001,0.8424705882352941
437,Sys_IMF_ref_3,4.65,3.85,943,0.93,0.77,0.7161000000000001,0.8424705882352941
437,User_IMF_1,4.44,4.0,943,0.8880000000000001,0.8,0.7104000000000001,0.8417061611374408
437,User_IMF_2,4.0,4.0,943,0.8,0.8,0.6400000000000001,0.8000000000000002
437,User_IMF_3,5.0,4.0,943,1.0,0.8,0.8,0.888888888888889
438,Sys_IMF_ref_1,4.65,3.82,943,0.93,0.764,0.71052,0.8388665879574971
438,Sys_IMF_ref_2,3.42,3.85,943,0.6839999999999999,0.77,0.5266799999999999,0.7244566712517193
438,Sys_IMF_ref_3,2.15,3.2,943,0.43,0.64,0.2752,0.5143925233644859
438,User_IMF_1,4.0,4.0,943,0.8,0.8,0.6400000000000001,0.8000000000000002
438,User_IMF_2,4.0,4.0,943,0.8,0.8,0.6400000000000001,0.8000000000000002
438,User_IMF_3,4.0,3.0,943,0.8,0.6,0.48,0.6857142857142857
439,Sys_IMF_ref_1,4.65,2.85,943,0.93,0.5700000000000001,0.5301000000000001,0.7068000000000002
439,Sys_IMF_ref_2,4.85,2.3,943,0.97,0.45999999999999996,0.44619999999999993,0.624055944055944
439,Sys_IMF_ref_3,4.65,2.85,943,0.93,0.5700000000000001,0.5301000000000001,0.7068000000000002
439,User_IMF_1,4.0,3.0,943,0.8,0.6,0.48,0.6857142857142857
439,User_IMF_2,4.0,2.0,943,0.8,0.4,0.32000000000000006,0.5333333333333333
439,User_IMF_3,4.0,3.0,943,0.8,0.6,0.48,0.6857142857142857
440,Sys_IMF_ref_1,4.85,3.65,952,0.97,0.73,0.7081,0.8330588235294117
440,Sys_IMF_ref_2,4.68,2.85,952,0.9359999999999999,0.5700000000000001,0.53352,0.7085258964143426
440,Sys_IMF_ref_3,4.85,3.65,952,0.97,0.73,0.7081,0.8330588235294117
440,User_IMF_1,5.0,3.0,952,1.0,0.6,0.6,0.7499999999999999
440,User_IMF_2,5.0,4.0,952,1.0,0.8,0.8,0.888888888888889
440,User_IMF_3,5.0,4.0,952,1.0,0.8,0.8,0.888888888888889
441,Sys_IMF_ref_1,4.92,4.98,952,0.984,0.9960000000000001,0.980064,0.9899636363636364
441,Sys_IMF_ref_2,4.65,4.12,952,0.93,0.8240000000000001,0.7663200000000001,0.8737970353477766
441,Sys_IMF_ref_3,4.92,4.95,952,0.984,0.99,0.97416,0.9869908814589666
441,User_IMF_1,5.0,5.0,952,1.0,1.0,1.0,1.0
441,User_IMF_2,5.0,5.0,952,1.0,1.0,1.0,1.0
441,User_IMF_3,5.0,5.0,952,1.0,1.0,1.0,1.0
442,Sys_IMF_ref_1,4.98,4.95,952,0.9960000000000001,0.99,0.9860400000000001,0.9929909365558913
442,Sys_IMF_ref_2,4.92,4.98,952,0.984,0.9960000000000001,0.980064,0.9899636363636364
442,Sys_IMF_ref_3,4.65,3.82,952,0.93,0.764,0.71052,0.8388665879574971
442,User_IMF_1,5.0,5.0,952,1.0,1.0,1.0,1.0
442,User_IMF_2,5.0,4.0,952,1.0,0.8,0.8,0.888888888888889
442,User_IMF_3,5.0,5.0,952,1.0,1.0,1.0,1.0
443,Sys_IMF_ref_1,4.92,4.85,952,0.984,0.97,0.95448,0.976949846468782
443,Sys_IMF_ref_2,4.95,4.85,952,0.99,0.97,0.9602999999999999,0.9798979591836734
443,Sys_IMF_ref_3,4.92,4.85,952,0.984,0.97,0.95448,0.976949846468782
443,User_IMF_1,5.0,5.0,952,1.0,1.0,1.0,1.0
443,User_IMF_2,5.0,5.0,952,1.0,1.0,1.0,1.0
443,User_IMF_3,5.0,5.0,952,1.0,1.0,1.0,1.0
444,Sys_IMF_ref_1,4.95,4.85,952,0.99,0.97,0.9602999999999999,0.9798979591836734
444,Sys_IMF_ref_2,4.92,3.85,952,0.984,0.77,0.75768,0.863945267958951
444,Sys_IMF_ref_3,4.85,4.2,952,0.97,0.8400000000000001,0.8148000000000001,0.9003314917127072
444,User_IMF_1,5.0,5.0,952,1.0,1.0,1.0,1.0
444,User_IMF_2,5.0,5.0,952,1.0,1.0,1.0,1.0
444,User_IMF_3,5.0,3.0,952,1.0,0.6,0.6,0.7499999999999999
445,Sys_IMF_ref_1,4.85,3.72,960,0.97,0.744,0.72168,0.842100350058343
445,Sys_IMF_ref_2,4.65,2.85,960,0.93,0.5700000000000001,0.5301000000000001,0.7068000000000002
445,Sys_IMF_ref_3,4.85,3.62,960,0.97,0.724,0.7022799999999999,0.8291381345926799
445,User_IMF_1,5.0,3.0,960,1.0,0.6,0.6,0.7499999999999999
445,User_IMF_2,5.0,4.0,960,1.0,0.8,0.8,0.888888888888889
445,User_IMF_3,5.0,3.0,960,1.0,0.6,0.6,0.7499999999999999
446,Sys_IMF_ref_1,4.65,3.85,960,0.93,0.77,0.7161000000000001,0.8424705882352941
446,Sys_IMF_ref_2,4.65,2.85,960,0.93,0.5700000000000001,0.5301000000000001,0.7068000000000002
446,Sys_IMF_ref_3,4.85,3.65,960,0.97,0.73,0.7081,0.8330588235294117
446,User_IMF_1,5.0,3.0,960,1.0,0.6,0.6,0.7499999999999999
446,User_IMF_2,5.0,3.0,960,1.0,0.6,0.6,0.7499999999999999
446,User_IMF_3,5.0,3.0,960,1.0,0.6,0.6,0.7499999999999999
447,Sys_IMF_ref_1,4.15,2.85,960,0.8300000000000001,0.5700000000000001,0.4731000000000001,0.6758571428571429
447,Sys_IMF_ref_2,4.15,3.82,960,0.8300000000000001,0.764,0.63412,0.795633626097867
447,Sys_IMF_ref_3,4.12,2.85,960,0.8240000000000001,0.5700000000000001,0.4696800000000001,0.6738593974175037
447,User_IMF_1,5.0,4.0,960,1.0,0.8,0.8,0.888888888888889
447,User_IMF_2,5.0,3.0,960,1.0,0.6,0.6,0.7499999999999999
447,User_IMF_3,5.0,4.0,960,1.0,0.8,0.8,0.888888888888889
448,Sys_IMF_ref_1,1.85,3.42,960,0.37,0.6839999999999999,0.25307999999999997,0.4802277039848198
448,Sys_IMF_ref_2,1.85,3.42,960,0.37,0.6839999999999999,0.25307999999999997,0.4802277039848198
448,Sys_IMF_ref_3,1.85,3.42,960,0.37,0.6839999999999999,0.25307999999999997,0.4802277039848198
448,User_IMF_1,3.12,4.0,960,0.624,0.8,0.49920000000000003,0.7011235955056181
448,User_IMF_2,2.86,3.0,960,0.572,0.6,0.34319999999999995,0.5856655290102388
448,User_IMF_3,2.86,3.0,960,0.572,0.6,0.34319999999999995,0.5856655290102388
449,Sys_IMF_ref_1,4.65,3.85,960,0.93,0.77,0.7161000000000001,0.8424705882352941
449,Sys_IMF_ref_2,4.12,2.85,960,0.8240000000000001,0.5700000000000001,0.4696800000000001,0.6738593974175037
449,Sys_IMF_ref_3,4.85,3.6,960,0.97,0.72,0.6983999999999999,0.8265088757396449
449,User_IMF_1,5.0,4.0,960,1.0,0.8,0.8,0.888888888888889
449,User_IMF_2,5.0,4.0,960,1.0,0.8,0.8,0.888888888888889
449,User_IMF_3,5.0,4.0,960,1.0,0.8,0.8,0.888888888888889
450,Sys_IMF_ref_1,3.85,4.12,962,0.77,0.8240000000000001,0.63448,0.7960853199498118
450,Sys_IMF_ref_2,2.15,1.85,962,0.43,0.37,0.1591,0.39774999999999994
450,Sys_IMF_ref_3,3.45,2.8,962,0.6900000000000001,0.5599999999999999,0.38639999999999997,0.6182399999999999
450,User_IMF_1,3.89,2.0,962,0.778,0.4,0.31120000000000003,0.5283531409168082
450,User_IMF_2,2.5,3.0,962,0.5,0.6,0.3,0.5454545454545454
450,User_IMF_3,3.89,3.0,962,0.778,0.6,0.4668,0.6775036284470246
451,Sys_IMF_ref_1,4.85,3.75,962,0.97,0.75,0.7275,0.8459302325581396
451,Sys_IMF_ref_2,4.65,2.85,962,0.93,0.5700000000000001,0.5301000000000001,0.7068000000000002
451,Sys_IMF_ref_3,4.65,3.2,962,0.93,0.64,0.5952000000000001,0.7582165605095542
451,User_IMF_1,5.0,4.0,962,1.0,0.8,0.8,0.888888888888889
451,User_IMF_2,5.0,4.0,962,1.0,0.8,0.8,0.888888888888889
451,User_IMF_3,5.0,3.0,962,1.0,0.6,0.6,0.7499999999999999
452,Sys_IMF_ref_1,4.85,3.2,962,0.97,0.64,0.6208,0.7711801242236026
452,Sys_IMF_ref_2,4.92,3.85,962,0.984,0.77,0.75768,0.863945267958951
452,Sys_IMF_ref_3,4.85,2.7,962,0.97,0.54,0.5238,0.6937748344370861
452,User_IMF_1,5.0,3.0,962,1.0,0.6,0.6,0.7499999999999999
452,User_IMF_2,5.0,4.0,962,1.0,0.8,0.8,0.888888888888889
452,User_IMF_3,5.0,4.0,962,1.0,0.8,0.8,0.888888888888889
453,Sys_IMF_ref_1,4.85,3.65,962,0.97,0.73,0.7081,0.8330588235294117
453,Sys_IMF_ref_2,4.85,3.72,962,0.97,0.744,0.72168,0.842100350058343
453,Sys_IMF_ref_3,4.85,3.72,962,0.97,0.744,0.72168,0.842100350058343
453,User_IMF_1,5.0,3.0,962,1.0,0.6,0.6,0.7499999999999999
453,User_IMF_2,5.0,4.0,962,1.0,0.8,0.8,0.888888888888889
453,User_IMF_3,5.0,1.0,962,1.0,0.2,0.2,0.33333333333333337
454,Sys_IMF_ref_1,3.85,4.15,962,0.77,0.8300000000000001,0.6391000000000001,0.7988750000000001
454,Sys_IMF_ref_2,3.85,3.6,962,0.77,0.72,0.5544,0.7441610738255033
454,Sys_IMF_ref_3,3.85,4.12,962,0.77,0.8240000000000001,0.63448,0.7960853199498118
454,User_IMF_1,3.89,4.0,962,0.778,0.8,0.6224000000000001,0.7888466413181242
454,User_IMF_2,3.89,4.0,962,0.778,0.8,0.6224000000000001,0.7888466413181242
454,User_IMF_3,3.89,4.0,962,0.778,0.8,0.6224000000000001,0.7888466413181242
455,Sys_IMF_ref_1,4.95,4.98,968,0.99,0.9960000000000001,0.9860400000000001,0.9929909365558913
455,Sys_IMF_ref_2,4.98,4.85,968,0.9960000000000001,0.97,0.9661200000000001,0.9828280773143439
455,Sys_IMF_ref_3,4.95,4.98,968,0.99,0.9960000000000001,0.9860400000000001,0.9929909365558913
455,User_IMF_1,5.0,5.0,968,1.0,1.0,1.0,1.0
455,User_IMF_2,5.0,5.0,968,1.0,1.0,1.0,1.0
455,User_IMF_3,5.0,5.0,968,1.0,1.0,1.0,1.0
456,Sys_IMF_ref_1,4.85,4.2,968,0.97,0.8400000000000001,0.8148000000000001,0.9003314917127072
456,Sys_IMF_ref_2,5.0,5.0,968,1.0,1.0,1.0,1.0
456,Sys_IMF_ref_3,5.0,5.0,968,1.0,1.0,1.0,1.0
456,User_IMF_1,5.0,4.0,968,1.0,0.8,0.8,0.888888888888889
456,User_IMF_2,5.0,4.0,968,1.0,0.8,0.8,0.888888888888889
456,User_IMF_3,5.0,5.0,968,1.0,1.0,1.0,1.0
457,Sys_IMF_ref_1,3.82,1.47,968,0.764,0.294,0.22461599999999998,0.4246049149338374
457,Sys_IMF_ref_2,4.85,3.2,968,0.97,0.64,0.6208,0.7711801242236026
457,Sys_IMF_ref_3,3.25,1.85,968,0.65,0.37,0.2405,0.4715686274509804
457,User_IMF_1,5.0,2.0,968,1.0,0.4,0.4,0.5714285714285715
457,User_IMF_2,3.57,1.0,968,0.714,0.2,0.1428,0.31247264770240707
457,User_IMF_3,5.0,3.0,968,1.0,0.6,0.6,0.7499999999999999
458,Sys_IMF_ref_1,4.15,3.85,968,0.8300000000000001,0.77,0.6391000000000001,0.7988750000000001
458,Sys_IMF_ref_2,4.85,3.62,968,0.97,0.724,0.7022799999999999,0.8291381345926799
458,Sys_IMF_ref_3,4.85,3.62,968,0.97,0.724,0.7022799999999999,0.8291381345926799
458,User_IMF_1,5.0,4.0,968,1.0,0.8,0.8,0.888888888888889
458,User_IMF_2,5.0,4.0,968,1.0,0.8,0.8,0.888888888888889
458,User_IMF_3,5.0,4.0,968,1.0,0.8,0.8,0.888888888888889
459,Sys_IMF_ref_1,4.85,1.2,968,0.97,0.24,0.23279999999999998,0.384793388429752
459,Sys_IMF_ref_2,4.65,2.85,968,0.93,0.5700000000000001,0.5301000000000001,0.7068000000000002
459,Sys_IMF_ref_3,4.65,1.85,968,0.93,0.37,0.3441,0.5293846153846153
459,User_IMF_1,5.0,1.0,968,1.0,0.2,0.2,0.33333333333333337
459,User_IMF_2,5.0,3.0,968,1.0,0.6,0.6,0.7499999999999999
459,User_IMF_3,5.0,2.0,968,1.0,0.4,0.4,0.5714285714285715
460,Sys_IMF_ref_1,1.85,1.2,971,0.37,0.24,0.08879999999999999,0.2911475409836065
460,Sys_IMF_ref_2,1.85,1.2,971,0.37,0.24,0.08879999999999999,0.2911475409836065
460,Sys_IMF_ref_3,3.85,2.4,971,0.77,0.48,0.3696,0.59136
460,User_IMF_1,4.38,1.0,971,0.876,0.2,0.17520000000000002,0.32565055762081785
460,User_IMF_2,4.38,2.0,971,0.876,0.4,0.35040000000000004,0.5492163009404389
460,User_IMF_3,4.38,2.0,971,0.876,0.4,0.35040000000000004,0.5492163009404389
461,Sys_IMF_ref_1,3.85,2.15,971,0.77,0.43,0.3311,0.5518333333333334
461,Sys_IMF_ref_2,4.12,1.85,971,0.8240000000000001,0.37,0.30488000000000004,0.5106867671691793
461,Sys_IMF_ref_3,4.12,2.85,971,0.8240000000000001,0.5700000000000001,0.4696800000000001,0.6738593974175037
461,User_IMF_1,4.38,2.0,971,0.876,0.4,0.35040000000000004,0.5492163009404389
461,User_IMF_2,4.38,2.0,971,0.876,0.4,0.35040000000000004,0.5492163009404389
461,User_IMF_3,4.38,2.0,971,0.876,0.4,0.35040000000000004,0.5492163009404389
462,Sys_IMF_ref_1,4.85,3.75,971,0.97,0.75,0.7275,0.8459302325581396
462,Sys_IMF_ref_2,4.65,2.85,971,0.93,0.5700000000000001,0.5301000000000001,0.7068000000000002
462,Sys_IMF_ref_3,4.85,3.92,971,0.97,0.784,0.76048,0.8671379703534778
462,User_IMF_1,5.0,3.0,971,1.0,0.6,0.6,0.7499999999999999
462,User_IMF_2,5.0,3.0,971,1.0,0.6,0.6,0.7499999999999999
462,User_IMF_3,5.0,3.0,971,1.0,0.6,0.6,0.7499999999999999
463,Sys_IMF_ref_1,4.62,2.85,971,0.924,0.5700000000000001,0.52668,0.7050602409638553
463,Sys_IMF_ref_2,4.85,3.2,971,0.97,0.64,0.6208,0.7711801242236026
463,Sys_IMF_ref_3,4.65,3.82,971,0.93,0.764,0.71052,0.8388665879574971
463,User_IMF_1,5.0,3.0,971,1.0,0.6,0.6,0.7499999999999999
463,User_IMF_2,5.0,3.0,971,1.0,0.6,0.6,0.7499999999999999
463,User_IMF_3,5.0,3.0,971,1.0,0.6,0.6,0.7499999999999999
464,Sys_IMF_ref_1,4.35,3.82,971,0.8699999999999999,0.764,0.6646799999999999,0.8135618115055079
464,Sys_IMF_ref_2,4.65,2.85,971,0.93,0.5700000000000001,0.5301000000000001,0.7068000000000002
464,Sys_IMF_ref_3,4.15,3.85,971,0.8300000000000001,0.77,0.6391000000000001,0.7988750000000001
464,User_IMF_1,4.38,4.0,971,0.876,0.8,0.7008000000000001,0.8362768496420048
464,User_IMF_2,4.38,3.0,971,0.876,0.6,0.5256,0.7121951219512195
464,User_IMF_3,4.38,4.0,971,0.876,0.8,0.7008000000000001,0.8362768496420048
465,Sys_IMF_ref_1,3.42,1.5,972,0.6839999999999999,0.3,0.20519999999999997,0.41707317073170724
465,Sys_IMF_ref_2,3.82,1.47,972,0.764,0.294,0.22461599999999998,0.4246049149338374
465,Sys_IMF_ref_3,3.15,1.5,972,0.63,0.3,0.189,0.40645161290322585
465,User_IMF_1,3.57,2.0,972,0.714,0.4,0.2856,0.5127468581687613
465,User_IMF_2,3.57,2.0,972,0.714,0.4,0.2856,0.5127468581687613
465,User_IMF_3,4.38,2.0,972,0.876,0.4,0.35040000000000004,0.5492163009404389
466,Sys_IMF_ref_1,4.85,3.7,972,0.97,0.74,0.7178,0.83953216374269
466,Sys_IMF_ref_2,4.65,2.15,972,0.93,0.43,0.39990000000000003,0.5880882352941177
466,Sys_IMF_ref_3,4.85,4.92,972,0.97,0.984,0.95448,0.976949846468782
466,User_IMF_1,5.0,4.0,972,1.0,0.8,0.8,0.888888888888889
466,User_IMF_2,5.0,4.0,972,1.0,0.8,0.8,0.888888888888889
466,User_IMF_3,5.0,4.0,972,1.0,0.8,0.8,0.888888888888889
467,Sys_IMF_ref_1,4.65,1.85,972,0.93,0.37,0.3441,0.5293846153846153
467,Sys_IMF_ref_2,4.12,3.85,972,0.8240000000000001,0.77,0.63448,0.7960853199498118
467,Sys_IMF_ref_3,3.85,2.15,972,0.77,0.43,0.3311,0.5518333333333334
467,User_IMF_1,5.0,4.0,972,1.0,0.8,0.8,0.888888888888889
467,User_IMF_2,3.75,4.0,972,0.75,0.8,0.6000000000000001,0.7741935483870969
467,User_IMF_3,5.0,2.0,972,1.0,0.4,0.4,0.5714285714285715
468,Sys_IMF_ref_1,4.72,3.85,972,0.944,0.77,0.72688,0.8481680280046674
468,Sys_IMF_ref_2,4.65,3.85,972,0.93,0.77,0.7161000000000001,0.8424705882352941
468,Sys_IMF_ref_3,4.82,3.65,972,0.9640000000000001,0.73,0.70372,0.8308382526564345
468,User_IMF_1,4.44,3.0,972,0.8880000000000001,0.6,0.5328,0.7161290322580646
468,User_IMF_2,4.44,4.0,972,0.8880000000000001,0.8,0.7104000000000001,0.8417061611374408
468,User_IMF_3,4.44,3.0,972,0.8880000000000001,0.6,0.5328,0.7161290322580646
469,Sys_IMF_ref_1,4.63,4.72,972,0.9259999999999999,0.944,0.8741439999999999,0.9349133689839572
469,Sys_IMF_ref_2,4.98,4.95,972,0.9960000000000001,0.99,0.9860400000000001,0.9929909365558913
469,Sys_IMF_ref_3,4.85,4.9,972,0.97,0.9800000000000001,0.9506000000000001,0.974974358974359
469,User_IMF_1,5.0,4.0,972,1.0,0.8,0.8,0.888888888888889
469,User_IMF_2,5.0,5.0,972,1.0,1.0,1.0,1.0
469,User_IMF_3,5.0,4.0,972,1.0,0.8,0.8,0.888888888888889
470,Sys_IMF_ref_1,1.85,1.2,981,0.37,0.24,0.08879999999999999,0.2911475409836065
470,Sys_IMF_ref_2,3.42,1.5,981,0.6839999999999999,0.3,0.20519999999999997,0.41707317073170724
470,Sys_IMF_ref_3,3.42,1.5,981,0.6839999999999999,0.3,0.20519999999999997,0.41707317073170724
470,User_IMF_1,1.43,2.0,981,0.286,0.4,0.1144,0.3335276967930029
470,User_IMF_2,4.29,1.0,981,0.858,0.2,0.1716,0.3243856332703213
470,User_IMF_3,4.29,1.0,981,0.858,0.2,0.1716,0.3243856332703213
471,Sys_IMF_ref_1,4.35,1.5,981,0.8699999999999999,0.3,0.26099999999999995,0.4461538461538461
471,Sys_IMF_ref_2,1.85,0.92,981,0.37,0.184,0.06808,0.24577617328519855
471,Sys_IMF_ref_3,4.12,1.5,981,0.8240000000000001,0.3,0.2472,0.43985765124555154
471,User_IMF_1,1.25,2.0,981,0.25,0.4,0.1,0.3076923076923077
471,User_IMF_2,5.0,2.0,981,1.0,0.4,0.4,0.5714285714285715
471,User_IMF_3,1.25,2.0,981,0.25,0.4,0.1,0.3076923076923077
472,Sys_IMF_ref_1,4.15,1.5,981,0.8300000000000001,0.3,0.249,0.44070796460176986
472,Sys_IMF_ref_2,3.42,1.5,981,0.6839999999999999,0.3,0.20519999999999997,0.41707317073170724
472,Sys_IMF_ref_3,3.42,1.5,981,0.6839999999999999,0.3,0.20519999999999997,0.41707317073170724
472,User_IMF_1,3.57,2.0,981,0.714,0.4,0.2856,0.5127468581687613
472,User_IMF_2,3.57,3.0,981,0.714,0.6,0.42839999999999995,0.6520547945205478
472,User_IMF_3,4.29,3.0,981,0.858,0.6,0.5147999999999999,0.7061728395061727
473,Sys_IMF_ref_1,3.85,2.0,981,0.77,0.4,0.30800000000000005,0.5264957264957266
473,Sys_IMF_ref_2,3.65,1.85,981,0.73,0.37,0.2701,0.4910909090909091
473,Sys_IMF_ref_3,3.82,1.47,981,0.764,0.294,0.22461599999999998,0.4246049149338374
473,User_IMF_1,3.75,3.0,981,0.75,0.6,0.44999999999999996,0.6666666666666665
473,User_IMF_2,3.75,1.0,981,0.75,0.2,0.15000000000000002,0.31578947368421056
473,User_IMF_3,3.75,2.0,981,0.75,0.4,0.30000000000000004,0.5217391304347827
474,Sys_IMF_ref_1,0.85,0.92,981,0.16999999999999998,0.184,0.031279999999999995,0.1767231638418079
474,Sys_IMF_ref_2,0.12,0.05,981,0.024,0.01,0.00024,0.014117647058823528
474,Sys_IMF_ref_3,1.25,0.15,981,0.25,0.03,0.0075,0.05357142857142856
474,User_IMF_1,0.0,0.0,981,0.0,0.0,0.0,0.0
474,User_IMF_2,0.0,1.0,981,0.0,0.2,0.0,0.0
474,User_IMF_3,0.0,0.0,981,0.0,0.0,0.0,0.0
475,Sys_IMF_ref_1,0.85,1.2,982,0.16999999999999998,0.24,0.040799999999999996,0.19902439024390242
475,Sys_IMF_ref_2,0.12,0.85,982,0.024,0.16999999999999998,0.004079999999999999,0.04206185567010309
475,Sys_IMF_ref_3,0.12,0.85,982,0.024,0.16999999999999998,0.004079999999999999,0.04206185567010309
475,User_IMF_1,0.0,1.0,982,0.0,0.2,0.0,0.0
475,User_IMF_2,0.0,1.0,982,0.0,0.2,0.0,0.0
475,User_IMF_3,0.0,1.0,982,0.0,0.2,0.0,0.0
477,Sys_IMF_ref_1,3.85,2.15,982,0.77,0.43,0.3311,0.5518333333333334
477,Sys_IMF_ref_2,3.42,2.85,982,0.6839999999999999,0.5700000000000001,0.38988,0.6218181818181818
477,Sys_IMF_ref_3,3.85,2.15,982,0.77,0.43,0.3311,0.5518333333333334
477,User_IMF_1,3.75,1.0,982,0.75,0.2,0.15000000000000002,0.31578947368421056
477,User_IMF_2,3.75,2.0,982,0.75,0.4,0.30000000000000004,0.5217391304347827
477,User_IMF_3,3.57,1.0,982,0.714,0.2,0.1428,0.31247264770240707
478,Sys_IMF_ref_1,4.62,1.85,982,0.924,0.37,0.34188,0.5284080370942813
478,Sys_IMF_ref_2,4.12,1.85,982,0.8240000000000001,0.37,0.30488000000000004,0.5106867671691793
478,Sys_IMF_ref_3,4.62,1.85,982,0.924,0.37,0.34188,0.5284080370942813
478,User_IMF_1,5.0,2.0,982,1.0,0.4,0.4,0.5714285714285715
478,User_IMF_2,5.0,2.0,982,1.0,0.4,0.4,0.5714285714285715
478,User_IMF_3,5.0,2.0,982,1.0,0.4,0.4,0.5714285714285715
479,Sys_IMF_ref_1,2.85,1.5,982,0.5700000000000001,0.3,0.171,0.3931034482758621
479,Sys_IMF_ref_2,1.85,0.92,982,0.37,0.184,0.06808,0.24577617328519855
479,Sys_IMF_ref_3,1.85,0.92,982,0.37,0.184,0.06808,0.24577617328519855
479,User_IMF_1,2.86,2.0,982,0.572,0.4,0.2288,0.47078189300411527
479,User_IMF_2,2.86,0.0,982,0.572,0.0,0.0,0.0
479,User_IMF_3,2.86,1.0,982,0.572,0.2,0.1144,0.29637305699481864
480,Sys_IMF_ref_1,4.15,2.85,983,0.8300000000000001,0.5700000000000001,0.4731000000000001,0.6758571428571429
480,Sys_IMF_ref_2,4.15,2.85,983,0.8300000000000001,0.5700000000000001,0.4731000000000001,0.6758571428571429
480,Sys_IMF_ref_3,4.15,2.85,983,0.8300000000000001,0.5700000000000001,0.4731000000000001,0.6758571428571429
480,User_IMF_1,4.38,3.0,983,0.876,0.6,0.5256,0.7121951219512195
480,User_IMF_2,4.38,3.0,983,0.876,0.6,0.5256,0.7121951219512195
480,User_IMF_3,4.38,3.0,983,0.876,0.6,0.5256,0.7121951219512195
481,Sys_IMF_ref_1,3.65,1.5,983,0.73,0.3,0.219,0.42524271844660194
481,Sys_IMF_ref_2,4.15,2.85,983,0.8300000000000001,0.5700000000000001,0.4731000000000001,0.6758571428571429
481,Sys_IMF_ref_3,4.25,1.5,983,0.85,0.3,0.255,0.44347826086956527
481,User_IMF_1,3.75,3.0,983,0.75,0.6,0.44999999999999996,0.6666666666666665
481,User_IMF_2,4.38,2.0,983,0.876,0.4,0.35040000000000004,0.5492163009404389
481,User_IMF_3,4.38,2.0,983,0.876,0.4,0.35040000000000004,0.5492163009404389
482,Sys_IMF_ref_1,2.15,0.85,983,0.43,0.16999999999999998,0.0731,0.24366666666666667
482,Sys_IMF_ref_2,2.85,1.2,983,0.5700000000000001,0.24,0.1368,0.3377777777777778
482,Sys_IMF_ref_3,1.85,0.92,983,0.37,0.184,0.06808,0.24577617328519855
482,User_IMF_1,0.0,1.0,983,0.0,0.2,0.0,0.0
482,User_IMF_2,3.89,1.0,983,0.778,0.2,0.15560000000000002,0.31820040899795504
482,User_IMF_3,0.0,1.0,983,0.0,0.2,0.0,0.0
483,Sys_IMF_ref_1,4.68,3.0,983,0.9359999999999999,0.6,0.5616,0.73125
483,Sys_IMF_ref_2,4.65,3.0,983,0.93,0.6,0.558,0.7294117647058824
483,Sys_IMF_ref_3,4.65,2.85,983,0.93,0.5700000000000001,0.5301000000000001,0.7068000000000002
483,User_IMF_1,5.0,4.0,983,1.0,0.8,0.8,0.888888888888889
483,User_IMF_2,5.0,3.0,983,1.0,0.6,0.6,0.7499999999999999
483,User_IMF_3,5.0,4.0,983,1.0,0.8,0.8,0.888888888888889
484,Sys_IMF_ref_1,3.42,2.85,983,0.6839999999999999,0.5700000000000001,0.38988,0.6218181818181818
484,Sys_IMF_ref_2,3.12,1.5,983,0.624,0.3,0.1872,0.4051948051948052
484,Sys_IMF_ref_3,2.85,1.5,983,0.5700000000000001,0.3,0.171,0.3931034482758621
484,User_IMF_1,4.17,2.0,983,0.834,0.4,0.3336,0.5406807131280389
484,User_IMF_2,4.17,2.0,983,0.834,0.4,0.3336,0.5406807131280389
484,User_IMF_3,4.17,3.0,983,0.834,0.6,0.5004,0.697907949790795
485,Sys_IMF_ref_1,4.15,3.85,985,0.8300000000000001,0.77,0.6391000000000001,0.7988750000000001
485,Sys_IMF_ref_2,4.15,3.85,985,0.8300000000000001,0.77,0.6391000000000001,0.7988750000000001
485,Sys_IMF_ref_3,3.85,2.9,985,0.77,0.58,0.4466,0.6616296296296296
485,User_IMF_1,3.57,4.0,985,0.714,0.8,0.5712,0.7545574636723911
485,User_IMF_2,3.12,3.0,985,0.624,0.6,0.3744,0.611764705882353
485,User_IMF_3,3.75,4.0,985,0.75,0.8,0.6000000000000001,0.7741935483870969
486,Sys_IMF_ref_1,4.85,3.65,985,0.97,0.73,0.7081,0.8330588235294117
486,Sys_IMF_ref_2,4.85,3.65,985,0.97,0.73,0.7081,0.8330588235294117
486,Sys_IMF_ref_3,4.85,4.62,985,0.97,0.924,0.89628,0.9464413938753959
486,User_IMF_1,5.0,5.0,985,1.0,1.0,1.0,1.0
486,User_IMF_2,5.0,5.0,985,1.0,1.0,1.0,1.0
486,User_IMF_3,5.0,4.0,985,1.0,0.8,0.8,0.888888888888889
487,Sys_IMF_ref_1,2.15,3.85,985,0.43,0.77,0.3311,0.5518333333333334
487,Sys_IMF_ref_2,2.15,4.2,985,0.43,0.8400000000000001,0.3612,0.5688188976377953
487,Sys_IMF_ref_3,2.85,3.6,985,0.5700000000000001,0.72,0.41040000000000004,0.6362790697674419
487,User_IMF_1,2.0,4.0,985,0.4,0.8,0.32000000000000006,0.5333333333333333
487,User_IMF_2,2.0,4.0,985,0.4,0.8,0.32000000000000006,0.5333333333333333
487,User_IMF_3,2.0,5.0,985,0.4,1.0,0.4,0.5714285714285715
488,Sys_IMF_ref_1,1.85,3.6,985,0.37,0.72,0.26639999999999997,0.4888073394495413
488,Sys_IMF_ref_2,1.25,4.15,985,0.25,0.8300000000000001,0.20750000000000002,0.38425925925925924
488,Sys_IMF_ref_3,1.85,3.62,985,0.37,0.724,0.26788,0.48972577696526515
488,User_IMF_1,1.0,4.0,985,0.2,0.8,0.16000000000000003,0.32000000000000006
488,User_IMF_2,1.0,4.0,985,0.2,0.8,0.16000000000000003,0.32000000000000006
488,User_IMF_3,1.0,4.0,985,0.2,0.8,0.16000000000000003,0.32000000000000006
489,Sys_IMF_ref_1,2.15,1.85,985,0.43,0.37,0.1591,0.39774999999999994
489,Sys_IMF_ref_2,1.85,1.2,985,0.37,0.24,0.08879999999999999,0.2911475409836065
489,Sys_IMF_ref_3,4.65,3.85,985,0.93,0.77,0.7161000000000001,0.8424705882352941
489,User_IMF_1,2.0,2.0,985,0.4,0.4,0.16000000000000003,0.4000000000000001
489,User_IMF_2,5.0,1.0,985,1.0,0.2,0.2,0.33333333333333337
489,User_IMF_3,0.0,2.0,985,0.0,0.4,0.0,0.0
490,Sys_IMF_ref_1,4.65,3.85,991,0.93,0.77,0.7161000000000001,0.8424705882352941
490,Sys_IMF_ref_2,4.62,4.35,991,0.924,0.8699999999999999,0.8038799999999999,0.8961872909698996
490,Sys_IMF_ref_3,4.85,3.92,991,0.97,0.784,0.76048,0.8671379703534778
490,User_IMF_1,4.44,4.0,991,0.8880000000000001,0.8,0.7104000000000001,0.8417061611374408
490,User_IMF_2,4.44,4.0,991,0.8880000000000001,0.8,0.7104000000000001,0.8417061611374408
490,User_IMF_3,4.44,4.0,991,0.8880000000000001,0.8,0.7104000000000001,0.8417061611374408
491,Sys_IMF_ref_1,2.85,3.42,991,0.5700000000000001,0.6839999999999999,0.38988,0.6218181818181818
491,Sys_IMF_ref_2,2.85,4.12,991,0.5700000000000001,0.8240000000000001,0.4696800000000001,0.6738593974175037
491,Sys_IMF_ref_3,2.85,3.42,991,0.5700000000000001,0.6839999999999999,0.38988,0.6218181818181818
491,User_IMF_1,4.44,2.0,991,0.8880000000000001,0.4,0.35520000000000007,0.5515527950310559
491,User_IMF_2,4.44,4.0,991,0.8880000000000001,0.8,0.7104000000000001,0.8417061611374408
491,User_IMF_3,4.44,3.0,991,0.8880000000000001,0.6,0.5328,0.7161290322580646
492,Sys_IMF_ref_1,4.12,3.65,991,0.8240000000000001,0.73,0.60152,0.7741570141570142
492,Sys_IMF_ref_2,4.65,4.12,991,0.93,0.8240000000000001,0.7663200000000001,0.8737970353477766
492,Sys_IMF_ref_3,3.42,3.85,991,0.6839999999999999,0.77,0.5266799999999999,0.7244566712517193
492,User_IMF_1,4.44,4.0,991,0.8880000000000001,0.8,0.7104000000000001,0.8417061611374408
492,User_IMF_2,3.89,4.0,991,0.778,0.8,0.6224000000000001,0.7888466413181242
492,User_IMF_3,4.44,4.0,991,0.8880000000000001,0.8,0.7104000000000001,0.8417061611374408
493,Sys_IMF_ref_1,4.85,4.6,991,0.97,0.9199999999999999,0.8923999999999999,0.9443386243386243
493,Sys_IMF_ref_2,4.85,2.75,991,0.97,0.55,0.5335,0.7019736842105263
493,Sys_IMF_ref_3,4.85,3.75,991,0.97,0.75,0.7275,0.8459302325581396
493,User_IMF_1,5.0,5.0,991,1.0,1.0,1.0,1.0
493,User_IMF_2,5.0,5.0,991,1.0,1.0,1.0,1.0
493,User_IMF_3,5.0,4.0,991,1.0,0.8,0.8,0.888888888888889
494,Sys_IMF_ref_1,4.65,3.85,991,0.93,0.77,0.7161000000000001,0.8424705882352941
494,Sys_IMF_ref_2,4.65,3.85,991,0.93,0.77,0.7161000000000001,0.8424705882352941
494,Sys_IMF_ref_3,4.62,3.85,991,0.924,0.77,0.71148,0.8400000000000001
494,User_IMF_1,4.44,4.0,991,0.8880000000000001,0.8,0.7104000000000001,0.8417061611374408
494,User_IMF_2,4.44,4.0,991,0.8880000000000001,0.8,0.7104000000000001,0.8417061611374408
494,User_IMF_3,4.44,3.0,991,0.8880000000000001,0.6,0.5328,0.7161290322580646
495,Sys_IMF_ref_1,3.85,1.2,999,0.77,0.24,0.1848,0.36594059405940593
495,Sys_IMF_ref_2,3.85,1.2,999,0.77,0.24,0.1848,0.36594059405940593
495,Sys_IMF_ref_3,3.85,1.2,999,0.77,0.24,0.1848,0.36594059405940593
495,User_IMF_1,4.17,3.0,999,0.834,0.6,0.5004,0.697907949790795
495,User_IMF_2,4.17,1.0,999,0.834,0.2,0.1668,0.3226305609284333
495,User_IMF_3,0.0,1.0,999,0.0,0.2,0.0,0.0
496,Sys_IMF_ref_1,0.85,1.2,999,0.16999999999999998,0.24,0.040799999999999996,0.19902439024390242
496,Sys_IMF_ref_2,1.25,1.8,999,0.25,0.36,0.09,0.29508196721311475
496,Sys_IMF_ref_3,0.15,0.85,999,0.03,0.16999999999999998,0.0050999999999999995,0.051
496,User_IMF_1,1.67,2.0,999,0.33399999999999996,0.4,0.1336,0.3640326975476839
496,User_IMF_2,0.0,2.0,999,0.0,0.4,0.0,0.0
496,User_IMF_3,0.0,2.0,999,0.0,0.4,0.0,0.0
497,Sys_IMF_ref_1,0.0,1.85,999,0.0,0.37,0.0,0.0
497,Sys_IMF_ref_2,0.0,1.0,999,0.0,0.2,0.0,0.0
497,Sys_IMF_ref_3,0.0,3.85,999,0.0,0.77,0.0,0.0
497,User_IMF_1,0.0,2.0,999,0.0,0.4,0.0,0.0
497,User_IMF_2,0.0,1.0,999,0.0,0.2,0.0,0.0
497,User_IMF_3,0.0,4.0,999,0.0,0.8,0.0,0.0
498,Sys_IMF_ref_1,2.85,1.65,999,0.5700000000000001,0.32999999999999996,0.1881,0.418
498,Sys_IMF_ref_2,2.85,1.42,999,0.5700000000000001,0.284,0.16188,0.3791100702576112
498,Sys_IMF_ref_3,3.85,2.15,999,0.77,0.43,0.3311,0.5518333333333334
498,User_IMF_1,0.0,2.0,999,0.0,0.4,0.0,0.0
498,User_IMF_2,4.29,2.0,999,0.858,0.4,0.3432,0.5456279809220985
498,User_IMF_3,0.0,1.0,999,0.0,0.2,0.0,0.0
499,Sys_IMF_ref_1,4.15,2.85,999,0.8300000000000001,0.5700000000000001,0.4731000000000001,0.6758571428571429
499,Sys_IMF_ref_2,2.85,1.42,999,0.5700000000000001,0.284,0.16188,0.3791100702576112
499,Sys_IMF_ref_3,3.85,1.2,999,0.77,0.24,0.1848,0.36594059405940593
499,User_IMF_1,2.86,1.0,999,0.572,0.2,0.1144,0.29637305699481864
499,User_IMF_2,4.29,1.0,999,0.858,0.2,0.1716,0.3243856332703213
499,User_IMF_3,4.29,2.0,999,0.858,0.4,0.3432,0.5456279809220985
