image_id,source,alignment_score,authenticity_score,class_id
0,User_DiT_1,5.0,4.0,4
0,User_DiT_2,5.0,4.0,4
0,User_DiT_3,5.0,5.0,4
0,Sys_DiT_ref_class1000,4.85,2.0,0
1,User_DiT_1,5.0,4.0,4
1,User_DiT_2,5.0,3.0,4
1,User_DiT_3,5.0,4.0,4
1,Sys_DiT_ref_class1000,2.85,4.92,0
2,User_DiT_1,5.0,5.0,4
2,User_DiT_2,5.0,4.0,4
2,User_DiT_3,5.0,4.0,4
2,Sys_DiT_ref_class1000,4.12,3.68,0
3,User_DiT_1,5.0,4.0,4
3,User_DiT_2,5.0,4.0,4
3,User_DiT_3,5.0,4.0,4
3,Sys_DiT_ref_class1000,4.12,1.5,0
4,User_DiT_1,5.0,3.0,4
4,User_DiT_2,5.0,4.0,4
4,User_DiT_3,4.38,3.0,4
4,Sys_DiT_ref_class1000,3.65,4.12,0
5,User_DiT_1,4.44,4.0,7
5,User_DiT_2,4.38,2.0,7
5,User_DiT_3,4.38,4.0,7
5,Sys_DiT_ref_class1000,4.85,4.2,1
6,User_DiT_1,5.0,2.0,7
6,User_DiT_2,5.0,5.0,7
6,User_DiT_3,5.0,5.0,7
6,Sys_DiT_ref_class1000,3.85,2.15,1
7,User_DiT_1,4.44,4.0,7
7,User_DiT_2,4.44,4.0,7
7,User_DiT_3,4.44,4.0,7
7,Sys_DiT_ref_class1000,4.65,3.85,1
8,User_DiT_1,4.17,4.0,7
8,User_DiT_2,4.17,4.0,7
8,User_DiT_3,4.17,3.0,7
8,Sys_DiT_ref_class1000,4.62,3.15,1
9,User_DiT_1,5.0,3.0,7
9,User_DiT_2,5.0,3.0,7
9,User_DiT_3,5.0,3.0,7
9,Sys_DiT_ref_class1000,4.85,3.72,1
10,User_DiT_1,3.89,4.0,10
10,User_DiT_2,3.89,4.0,10
10,User_DiT_3,3.89,4.0,10
10,Sys_DiT_ref_class1000,5.0,5.0,2
11,User_DiT_1,4.0,5.0,10
11,User_DiT_2,4.0,5.0,10
11,User_DiT_3,4.0,5.0,10
11,Sys_DiT_ref_class1000,4.65,3.85,2
12,User_DiT_1,0.56,3.0,10
12,User_DiT_2,3.57,3.0,10
12,User_DiT_3,0.56,2.0,10
12,Sys_DiT_ref_class1000,4.12,3.68,2
13,User_DiT_1,4.0,3.0,10
13,User_DiT_2,5.0,3.0,10
13,User_DiT_3,4.0,2.0,10
13,Sys_DiT_ref_class1000,4.92,4.85,2
14,User_DiT_1,4.0,5.0,10
14,User_DiT_2,4.0,5.0,10
14,User_DiT_3,3.89,5.0,10
14,Sys_DiT_ref_class1000,4.65,3.85,2
15,User_DiT_1,5.0,4.0,25
15,User_DiT_2,5.0,5.0,25
15,User_DiT_3,5.0,2.0,25
15,Sys_DiT_ref_class1000,4.95,4.92,3
16,User_DiT_1,5.0,5.0,25
16,User_DiT_2,5.0,4.0,25
16,User_DiT_3,5.0,5.0,25
16,Sys_DiT_ref_class1000,3.85,2.15,3
17,User_DiT_1,5.0,4.0,25
17,User_DiT_2,5.0,3.0,25
17,User_DiT_3,4.17,4.0,25
17,Sys_DiT_ref_class1000,4.62,3.85,3
18,User_DiT_1,5.0,4.0,25
18,User_DiT_2,5.0,4.0,25
18,User_DiT_3,5.0,4.0,25
18,Sys_DiT_ref_class1000,4.85,4.92,3
19,User_DiT_1,3.33,2.0,25
19,User_DiT_2,4.29,3.0,25
19,User_DiT_3,3.33,3.0,25
19,Sys_DiT_ref_class1000,4.12,2.85,3
20,User_DiT_1,5.0,4.0,35
20,User_DiT_2,5.0,4.0,35
20,User_DiT_3,5.0,4.0,35
20,Sys_DiT_ref_class1000,4.82,3.65,4
21,User_DiT_1,4.0,4.0,35
21,User_DiT_2,3.0,3.0,35
21,User_DiT_3,4.0,3.0,35
21,Sys_DiT_ref_class1000,4.35,2.85,4
22,User_DiT_1,5.0,4.0,35
22,User_DiT_2,4.0,4.0,35
22,User_DiT_3,4.0,5.0,35
22,Sys_DiT_ref_class1000,4.65,3.85,4
23,User_DiT_1,5.0,4.0,35
23,User_DiT_2,5.0,4.0,35
23,User_DiT_3,5.0,4.0,35
23,Sys_DiT_ref_class1000,4.65,2.85,4
24,User_DiT_1,4.0,3.0,35
24,User_DiT_2,4.0,3.0,35
24,User_DiT_3,4.0,4.0,35
24,Sys_DiT_ref_class1000,4.65,3.85,4
25,User_DiT_1,5.0,4.0,39
25,User_DiT_2,5.0,3.0,39
25,User_DiT_3,5.0,4.0,39
25,Sys_DiT_ref_class1000,4.35,3.85,5
26,User_DiT_1,3.75,3.0,39
26,User_DiT_2,3.89,2.0,39
26,User_DiT_3,3.89,2.0,39
26,Sys_DiT_ref_class1000,0.15,4.25,5
27,User_DiT_1,5.0,5.0,39
27,User_DiT_2,3.57,3.0,39
27,User_DiT_3,3.57,2.0,39
27,Sys_DiT_ref_class1000,1.85,3.62,5
28,User_DiT_1,5.0,3.0,39
28,User_DiT_2,4.17,2.0,39
28,User_DiT_3,5.0,3.0,39
28,Sys_DiT_ref_class1000,3.42,2.85,5
29,User_DiT_1,5.0,4.0,39
29,User_DiT_2,5.0,4.0,39
29,User_DiT_3,5.0,4.0,39
29,Sys_DiT_ref_class1000,2.15,3.85,5
30,User_DiT_1,5.0,4.0,49
30,User_DiT_2,5.0,4.0,49
30,User_DiT_3,5.0,4.0,49
30,Sys_DiT_ref_class1000,4.15,2.85,6
31,User_DiT_1,5.0,5.0,49
31,User_DiT_2,5.0,5.0,49
31,User_DiT_3,5.0,5.0,49
31,Sys_DiT_ref_class1000,4.12,3.85,6
32,User_DiT_1,5.0,5.0,49
32,User_DiT_2,5.0,5.0,49
32,User_DiT_3,5.0,4.0,49
32,Sys_DiT_ref_class1000,3.85,3.62,6
33,User_DiT_1,5.0,3.0,49
33,User_DiT_2,5.0,3.0,49
33,User_DiT_3,5.0,3.0,49
33,Sys_DiT_ref_class1000,3.82,3.65,6
34,User_DiT_1,5.0,4.0,49
34,User_DiT_2,4.38,4.0,49
34,User_DiT_3,4.38,4.0,49
34,Sys_DiT_ref_class1000,4.85,4.92,6
35,User_DiT_1,5.0,5.0,51
35,User_DiT_2,5.0,5.0,51
35,User_DiT_3,5.0,5.0,51
35,Sys_DiT_ref_class1000,4.85,3.62,7
36,User_DiT_1,0.0,1.0,51
36,User_DiT_2,0.0,1.0,51
36,User_DiT_3,0.0,1.0,51
36,Sys_DiT_ref_class1000,4.92,1.5,7
37,User_DiT_1,5.0,4.0,51
37,User_DiT_2,5.0,4.0,51
37,User_DiT_3,5.0,5.0,51
37,Sys_DiT_ref_class1000,3.85,2.0,7
38,User_DiT_1,5.0,5.0,51
38,User_DiT_2,5.0,5.0,51
38,User_DiT_3,5.0,5.0,51
38,Sys_DiT_ref_class1000,3.82,1.5,7
39,User_DiT_1,5.0,5.0,51
39,User_DiT_2,5.0,4.0,51
39,User_DiT_3,5.0,5.0,51
39,Sys_DiT_ref_class1000,3.42,1.5,7
40,User_DiT_1,5.0,5.0,52
40,User_DiT_2,5.0,4.0,52
40,User_DiT_3,5.0,4.0,52
40,Sys_DiT_ref_class1000,4.62,1.5,8
41,User_DiT_1,5.0,4.0,52
41,User_DiT_2,4.17,5.0,52
41,User_DiT_3,4.17,5.0,52
41,Sys_DiT_ref_class1000,4.15,1.5,8
42,User_DiT_1,5.0,5.0,52
42,User_DiT_2,5.0,5.0,52
42,User_DiT_3,5.0,5.0,52
42,Sys_DiT_ref_class1000,4.35,2.0,8
43,User_DiT_1,5.0,3.0,52
43,User_DiT_2,5.0,3.0,52
43,User_DiT_3,5.0,3.0,52
43,Sys_DiT_ref_class1000,2.85,4.15,8
44,User_DiT_1,1.43,2.0,52
44,User_DiT_2,0.71,2.0,52
44,User_DiT_3,1.43,3.0,52
44,Sys_DiT_ref_class1000,2.15,1.5,8
45,User_DiT_1,4.29,4.0,64
45,User_DiT_2,5.0,5.0,64
45,User_DiT_3,5.0,4.0,64
45,Sys_DiT_ref_class1000,4.85,4.92,9
46,User_DiT_1,2.86,3.0,64
46,User_DiT_2,4.29,2.0,64
46,User_DiT_3,4.29,2.0,64
46,Sys_DiT_ref_class1000,3.85,1.5,9
47,User_DiT_1,4.29,3.0,64
47,User_DiT_2,5.0,5.0,64
47,User_DiT_3,4.29,3.0,64
47,Sys_DiT_ref_class1000,3.42,1.5,9
48,User_DiT_1,3.75,4.0,64
48,User_DiT_2,2.5,1.0,64
48,User_DiT_3,2.5,4.0,64
48,Sys_DiT_ref_class1000,4.85,4.92,9
49,User_DiT_1,2.86,4.0,64
49,User_DiT_2,2.86,4.0,64
49,User_DiT_3,5.0,4.0,64
49,Sys_DiT_ref_class1000,2.85,2.1,9
50,User_DiT_1,5.0,3.0,80
50,User_DiT_2,5.0,2.0,80
50,User_DiT_3,5.0,3.0,80
50,Sys_DiT_ref_class1000,4.85,4.92,10
51,User_DiT_1,5.0,2.0,80
51,User_DiT_2,5.0,3.0,80
51,User_DiT_3,5.0,2.0,80
51,Sys_DiT_ref_class1000,4.92,4.95,10
52,User_DiT_1,0.62,0.0,80
52,User_DiT_2,4.29,2.0,80
52,User_DiT_3,0.62,1.0,80
52,Sys_DiT_ref_class1000,1.85,2.1,10
53,User_DiT_1,5.0,4.0,80
53,User_DiT_2,5.0,3.0,80
53,User_DiT_3,5.0,4.0,80
53,Sys_DiT_ref_class1000,3.42,1.85,10
54,User_DiT_1,5.0,4.0,80
54,User_DiT_2,3.57,4.0,80
54,User_DiT_3,0.0,2.0,80
54,Sys_DiT_ref_class1000,3.82,3.65,10
55,User_DiT_1,5.0,5.0,97
55,User_DiT_2,5.0,5.0,97
55,User_DiT_3,5.0,4.0,97
55,Sys_DiT_ref_class1000,2.15,4.92,11
56,User_DiT_1,5.0,5.0,97
56,User_DiT_2,5.0,5.0,97
56,User_DiT_3,5.0,5.0,97
56,Sys_DiT_ref_class1000,1.85,2.15,11
57,User_DiT_1,5.0,3.0,97
57,User_DiT_2,5.0,3.0,97
57,User_DiT_3,5.0,4.0,97
57,Sys_DiT_ref_class1000,1.85,3.62,11
58,User_DiT_1,5.0,4.0,97
58,User_DiT_2,5.0,5.0,97
58,User_DiT_3,5.0,4.0,97
58,Sys_DiT_ref_class1000,4.15,1.5,11
59,User_DiT_1,5.0,5.0,97
59,User_DiT_2,5.0,5.0,97
59,User_DiT_3,5.0,5.0,97
59,Sys_DiT_ref_class1000,0.85,3.42,11
60,User_DiT_1,5.0,4.0,106
60,User_DiT_2,5.0,4.0,106
60,User_DiT_3,5.0,2.0,106
60,Sys_DiT_ref_class1000,4.68,3.85,12
61,User_DiT_1,5.0,3.0,106
61,User_DiT_2,5.0,4.0,106
61,User_DiT_3,5.0,4.0,106
61,Sys_DiT_ref_class1000,3.42,2.85,12
62,User_DiT_1,5.0,3.0,106
62,User_DiT_2,5.0,4.0,106
62,User_DiT_3,5.0,3.0,106
62,Sys_DiT_ref_class1000,3.45,2.1,12
63,User_DiT_1,4.17,4.0,106
63,User_DiT_2,5.0,3.0,106
63,User_DiT_3,4.17,4.0,106
63,Sys_DiT_ref_class1000,4.68,3.42,12
64,User_DiT_1,5.0,3.0,106
64,User_DiT_2,5.0,3.0,106
64,User_DiT_3,5.0,4.0,106
64,Sys_DiT_ref_class1000,4.68,3.85,12
65,User_DiT_1,5.0,4.0,116
65,User_DiT_2,5.0,4.0,116
65,User_DiT_3,5.0,4.0,116
65,Sys_DiT_ref_class1000,4.85,4.92,13
66,User_DiT_1,5.0,5.0,116
66,User_DiT_2,5.0,5.0,116
66,User_DiT_3,5.0,5.0,116
66,Sys_DiT_ref_class1000,4.85,4.92,13
67,User_DiT_1,5.0,4.0,116
67,User_DiT_2,5.0,3.0,116
67,User_DiT_3,5.0,4.0,116
67,Sys_DiT_ref_class1000,4.12,1.5,13
68,User_DiT_1,5.0,5.0,116
68,User_DiT_2,5.0,4.0,116
68,User_DiT_3,5.0,4.0,116
68,Sys_DiT_ref_class1000,4.92,4.95,13
69,User_DiT_1,5.0,4.0,116
69,User_DiT_2,5.0,4.0,116
69,User_DiT_3,5.0,4.0,116
69,Sys_DiT_ref_class1000,4.85,4.92,13
70,User_DiT_1,3.33,2.0,118
70,User_DiT_2,4.29,3.0,118
70,User_DiT_3,3.57,3.0,118
70,Sys_DiT_ref_class1000,4.65,3.85,14
71,User_DiT_1,2.14,4.0,118
71,User_DiT_2,2.86,3.0,118
71,User_DiT_3,2.14,3.0,118
71,Sys_DiT_ref_class1000,4.85,3.65,14
72,User_DiT_1,2.5,2.0,118
72,User_DiT_2,2.5,1.0,118
72,User_DiT_3,2.5,2.0,118
72,Sys_DiT_ref_class1000,4.85,1.65,14
73,User_DiT_1,5.0,4.0,118
73,User_DiT_2,5.0,4.0,118
73,User_DiT_3,5.0,5.0,118
73,Sys_DiT_ref_class1000,4.85,3.8,14
74,User_DiT_1,5.0,4.0,118
74,User_DiT_2,5.0,2.0,118
74,User_DiT_3,5.0,4.0,118
74,Sys_DiT_ref_class1000,4.15,3.2,14
75,User_DiT_1,3.57,2.0,129
75,User_DiT_2,3.57,2.0,129
75,User_DiT_3,3.57,2.0,129
75,Sys_DiT_ref_class1000,3.42,2.85,15
76,User_DiT_1,4.29,3.0,129
76,User_DiT_2,2.86,2.0,129
76,User_DiT_3,4.29,3.0,129
76,Sys_DiT_ref_class1000,3.65,2.85,15
77,User_DiT_1,4.29,4.0,129
77,User_DiT_2,4.29,4.0,129
77,User_DiT_3,4.29,4.0,129
77,Sys_DiT_ref_class1000,2.85,2.4,15
78,User_DiT_1,3.57,3.0,129
78,User_DiT_2,3.57,2.0,129
78,User_DiT_3,3.57,3.0,129
78,Sys_DiT_ref_class1000,3.42,1.5,15
79,User_DiT_1,3.57,4.0,129
79,User_DiT_2,3.57,4.0,129
79,User_DiT_3,3.57,4.0,129
79,Sys_DiT_ref_class1000,2.35,1.5,15
80,User_DiT_1,4.44,3.0,144
80,User_DiT_2,4.44,3.0,144
80,User_DiT_3,4.44,2.0,144
80,Sys_DiT_ref_class1000,4.65,1.5,16
81,User_DiT_1,5.0,4.0,144
81,User_DiT_2,5.0,4.0,144
81,User_DiT_3,5.0,3.0,144
81,Sys_DiT_ref_class1000,5.0,5.0,16
82,User_DiT_1,4.44,3.0,144
82,User_DiT_2,4.44,3.0,144
82,User_DiT_3,4.38,2.0,144
82,Sys_DiT_ref_class1000,4.85,3.0,16
83,User_DiT_1,5.0,2.0,144
83,User_DiT_2,5.0,2.0,144
83,User_DiT_3,5.0,3.0,144
83,Sys_DiT_ref_class1000,4.82,2.0,16
84,User_DiT_1,4.38,3.0,144
84,User_DiT_2,4.38,2.0,144
84,User_DiT_3,4.38,3.0,144
84,Sys_DiT_ref_class1000,4.92,4.95,16
85,User_DiT_1,5.0,3.0,147
85,User_DiT_2,5.0,3.0,147
85,User_DiT_3,5.0,2.0,147
85,Sys_DiT_ref_class1000,4.92,4.85,17
86,User_DiT_1,5.0,4.0,147
86,User_DiT_2,5.0,4.0,147
86,User_DiT_3,5.0,4.0,147
86,Sys_DiT_ref_class1000,3.85,1.5,17
87,User_DiT_1,5.0,4.0,147
87,User_DiT_2,5.0,4.0,147
87,User_DiT_3,5.0,4.0,147
87,Sys_DiT_ref_class1000,4.65,1.5,17
88,User_DiT_1,5.0,4.0,147
88,User_DiT_2,5.0,4.0,147
88,User_DiT_3,5.0,5.0,147
88,Sys_DiT_ref_class1000,4.62,1.5,17
89,User_DiT_1,5.0,5.0,147
89,User_DiT_2,5.0,4.0,147
89,User_DiT_3,5.0,4.0,147
89,Sys_DiT_ref_class1000,4.65,1.5,17
90,User_DiT_1,5.0,3.0,150
90,User_DiT_2,5.0,2.0,150
90,User_DiT_3,5.0,3.0,150
90,Sys_DiT_ref_class1000,3.45,1.5,18
91,User_DiT_1,5.0,3.0,150
91,User_DiT_2,5.0,2.0,150
91,User_DiT_3,5.0,2.0,150
91,Sys_DiT_ref_class1000,2.85,1.5,18
92,User_DiT_1,3.57,4.0,150
92,User_DiT_2,3.57,4.0,150
92,User_DiT_3,3.57,4.0,150
92,Sys_DiT_ref_class1000,2.85,2.1,18
93,User_DiT_1,4.17,5.0,150
93,User_DiT_2,4.17,4.0,150
93,User_DiT_3,4.17,5.0,150
93,Sys_DiT_ref_class1000,2.85,1.5,18
94,User_DiT_1,4.38,4.0,150
94,User_DiT_2,4.38,2.0,150
94,User_DiT_3,4.38,3.0,150
94,Sys_DiT_ref_class1000,3.65,1.5,18
95,User_DiT_1,5.0,4.0,156
95,User_DiT_2,5.0,4.0,156
95,User_DiT_3,5.0,3.0,156
95,Sys_DiT_ref_class1000,4.98,4.96,19
96,User_DiT_1,5.0,3.0,156
96,User_DiT_2,5.0,3.0,156
96,User_DiT_3,5.0,4.0,156
96,Sys_DiT_ref_class1000,4.92,4.85,19
97,User_DiT_1,5.0,2.0,156
97,User_DiT_2,5.0,4.0,156
97,User_DiT_3,5.0,3.0,156
97,Sys_DiT_ref_class1000,4.92,4.85,19
98,User_DiT_1,5.0,3.0,156
98,User_DiT_2,5.0,2.0,156
98,User_DiT_3,5.0,2.0,156
98,Sys_DiT_ref_class1000,5.0,4.95,19
99,User_DiT_1,5.0,4.0,156
99,User_DiT_2,5.0,3.0,156
99,User_DiT_3,5.0,4.0,156
99,Sys_DiT_ref_class1000,4.98,4.95,19
100,User_DiT_1,2.0,3.0,159
100,User_DiT_2,2.0,1.0,159
100,User_DiT_3,2.0,1.0,159
100,Sys_DiT_ref_class1000,4.12,1.5,20
101,User_DiT_1,3.12,2.0,159
101,User_DiT_2,3.12,4.0,159
101,User_DiT_3,3.12,2.0,159
101,Sys_DiT_ref_class1000,2.85,2.15,20
102,User_DiT_1,5.0,3.0,159
102,User_DiT_2,5.0,4.0,159
102,User_DiT_3,5.0,3.0,159
102,Sys_DiT_ref_class1000,3.42,1.5,20
103,User_DiT_1,0.0,1.0,159
103,User_DiT_2,0.0,1.0,159
103,User_DiT_3,0.83,1.0,159
103,Sys_DiT_ref_class1000,4.15,3.25,20
104,User_DiT_1,2.14,1.0,159
104,User_DiT_2,2.14,2.0,159
104,User_DiT_3,0.0,2.0,159
104,Sys_DiT_ref_class1000,4.68,1.5,20
105,User_DiT_1,5.0,2.0,281
105,User_DiT_2,4.29,2.0,281
105,User_DiT_3,4.29,2.0,281
105,Sys_DiT_ref_class1000,4.85,2.0,21
106,User_DiT_1,5.0,2.0,281
106,User_DiT_2,5.0,3.0,281
106,User_DiT_3,5.0,4.0,281
106,Sys_DiT_ref_class1000,4.85,2.0,21
107,User_DiT_1,5.0,2.0,281
107,User_DiT_2,5.0,4.0,281
107,User_DiT_3,5.0,3.0,281
107,Sys_DiT_ref_class1000,4.85,1.5,21
108,User_DiT_1,5.0,2.0,281
108,User_DiT_2,5.0,2.0,281
108,User_DiT_3,5.0,4.0,281
108,Sys_DiT_ref_class1000,4.15,1.5,21
109,User_DiT_1,5.0,3.0,281
109,User_DiT_2,5.0,3.0,281
109,User_DiT_3,5.0,3.0,281
109,Sys_DiT_ref_class1000,4.82,1.5,21
110,User_DiT_1,5.0,5.0,300
110,User_DiT_2,5.0,5.0,300
110,User_DiT_3,5.0,5.0,300
110,Sys_DiT_ref_class1000,2.85,3.42,22
111,User_DiT_1,4.38,4.0,300
111,User_DiT_2,4.38,4.0,300
111,User_DiT_3,4.38,5.0,300
111,Sys_DiT_ref_class1000,4.82,3.65,22
112,User_DiT_1,5.0,5.0,300
112,User_DiT_2,5.0,5.0,300
112,User_DiT_3,5.0,5.0,300
112,Sys_DiT_ref_class1000,3.85,1.92,22
113,User_DiT_1,4.38,5.0,300
113,User_DiT_2,5.0,2.0,300
113,User_DiT_3,4.38,5.0,300
113,Sys_DiT_ref_class1000,3.85,2.0,22
114,User_DiT_1,4.38,4.0,300
114,User_DiT_2,4.38,4.0,300
114,User_DiT_3,4.38,4.0,300
114,Sys_DiT_ref_class1000,4.85,4.92,22
115,User_DiT_1,5.0,5.0,322
115,User_DiT_2,5.0,4.0,322
115,User_DiT_3,5.0,4.0,322
115,Sys_DiT_ref_class1000,3.42,1.5,23
116,User_DiT_1,5.0,3.0,322
116,User_DiT_2,5.0,5.0,322
116,User_DiT_3,5.0,5.0,322
116,Sys_DiT_ref_class1000,0.45,3.82,23
117,User_DiT_1,3.57,3.0,322
117,User_DiT_2,3.57,2.0,322
117,User_DiT_3,4.17,2.0,322
117,Sys_DiT_ref_class1000,4.85,4.92,23
118,User_DiT_1,5.0,4.0,322
118,User_DiT_2,3.57,2.0,322
118,User_DiT_3,5.0,5.0,322
118,Sys_DiT_ref_class1000,4.15,3.85,23
119,User_DiT_1,5.0,5.0,322
119,User_DiT_2,5.0,5.0,322
119,User_DiT_3,5.0,5.0,322
119,Sys_DiT_ref_class1000,4.12,2.0,23
120,User_DiT_1,3.75,4.0,330
120,User_DiT_2,3.75,2.0,330
120,User_DiT_3,3.75,3.0,330
120,Sys_DiT_ref_class1000,4.82,4.65,24
121,User_DiT_1,5.0,5.0,330
121,User_DiT_2,5.0,5.0,330
121,User_DiT_3,5.0,5.0,330
121,Sys_DiT_ref_class1000,4.92,4.98,24
122,User_DiT_1,5.0,3.0,330
122,User_DiT_2,4.29,4.0,330
122,User_DiT_3,5.0,3.0,330
122,Sys_DiT_ref_class1000,4.68,3.85,24
123,User_DiT_1,4.0,3.0,330
123,User_DiT_2,4.0,4.0,330
123,User_DiT_3,4.0,4.0,330
123,Sys_DiT_ref_class1000,4.92,4.85,24
124,User_DiT_1,5.0,5.0,330
124,User_DiT_2,5.0,5.0,330
124,User_DiT_3,5.0,5.0,330
124,Sys_DiT_ref_class1000,4.98,5.0,24
125,User_DiT_1,5.0,4.0,333
125,User_DiT_2,5.0,4.0,333
125,User_DiT_3,5.0,4.0,333
125,Sys_DiT_ref_class1000,4.82,3.65,25
126,User_DiT_1,5.0,2.0,333
126,User_DiT_2,5.0,4.0,333
126,User_DiT_3,5.0,2.0,333
126,Sys_DiT_ref_class1000,4.15,1.5,25
127,User_DiT_1,5.0,2.0,333
127,User_DiT_2,5.0,2.0,333
127,User_DiT_3,5.0,4.0,333
127,Sys_DiT_ref_class1000,3.45,2.8,25
128,User_DiT_1,5.0,3.0,333
128,User_DiT_2,5.0,3.0,333
128,User_DiT_3,5.0,3.0,333
128,Sys_DiT_ref_class1000,3.85,1.5,25
129,User_DiT_1,5.0,2.0,333
129,User_DiT_2,4.17,1.0,333
129,User_DiT_3,4.17,2.0,333
129,Sys_DiT_ref_class1000,4.82,1.5,25
130,User_DiT_1,5.0,3.0,339
130,User_DiT_2,5.0,4.0,339
130,User_DiT_3,4.38,5.0,339
130,Sys_DiT_ref_class1000,4.65,3.82,26
131,User_DiT_1,2.5,4.0,339
131,User_DiT_2,4.38,4.0,339
131,User_DiT_3,2.5,4.0,339
131,Sys_DiT_ref_class1000,1.25,3.85,26
132,User_DiT_1,5.0,4.0,339
132,User_DiT_2,5.0,2.0,339
132,User_DiT_3,5.0,4.0,339
132,Sys_DiT_ref_class1000,4.12,2.85,26
133,User_DiT_1,4.38,5.0,339
133,User_DiT_2,4.38,4.0,339
133,User_DiT_3,4.38,5.0,339
133,Sys_DiT_ref_class1000,4.32,1.5,26
134,User_DiT_1,5.0,5.0,339
134,User_DiT_2,5.0,4.0,339
134,User_DiT_3,5.0,4.0,339
134,Sys_DiT_ref_class1000,4.65,2.0,26
135,User_DiT_1,5.0,5.0,347
135,User_DiT_2,5.0,5.0,347
135,User_DiT_3,5.0,5.0,347
135,Sys_DiT_ref_class1000,1.85,3.2,27
136,User_DiT_1,5.0,5.0,347
136,User_DiT_2,5.0,3.0,347
136,User_DiT_3,5.0,5.0,347
136,Sys_DiT_ref_class1000,4.72,3.0,27
137,User_DiT_1,5.0,4.0,347
137,User_DiT_2,5.0,4.0,347
137,User_DiT_3,5.0,4.0,347
137,Sys_DiT_ref_class1000,2.85,1.5,27
138,User_DiT_1,5.0,4.0,347
138,User_DiT_2,5.0,3.0,347
138,User_DiT_3,5.0,3.0,347
138,Sys_DiT_ref_class1000,4.12,2.85,27
139,User_DiT_1,5.0,2.0,347
139,User_DiT_2,5.0,2.0,347
139,User_DiT_3,5.0,3.0,347
139,Sys_DiT_ref_class1000,4.92,4.98,27
140,User_DiT_1,4.38,2.0,356
140,User_DiT_2,4.38,2.0,356
140,User_DiT_3,4.44,2.0,356
140,Sys_DiT_ref_class1000,4.65,3.85,28
141,User_DiT_1,4.17,3.0,356
141,User_DiT_2,4.17,3.0,356
141,User_DiT_3,4.17,2.0,356
141,Sys_DiT_ref_class1000,3.65,2.85,28
142,User_DiT_1,5.0,3.0,356
142,User_DiT_2,5.0,2.0,356
142,User_DiT_3,5.0,2.0,356
142,Sys_DiT_ref_class1000,2.85,3.42,28
143,User_DiT_1,4.17,2.0,356
143,User_DiT_2,5.0,2.0,356
143,User_DiT_3,5.0,4.0,356
143,Sys_DiT_ref_class1000,3.42,2.65,28
144,User_DiT_1,5.0,2.0,356
144,User_DiT_2,5.0,2.0,356
144,User_DiT_3,5.0,2.0,356
144,Sys_DiT_ref_class1000,3.15,1.5,28
145,User_DiT_1,3.57,5.0,365
145,User_DiT_2,3.57,5.0,365
145,User_DiT_3,3.57,5.0,365
145,Sys_DiT_ref_class1000,4.15,2.0,29
146,User_DiT_1,5.0,4.0,365
146,User_DiT_2,5.0,2.0,365
146,User_DiT_3,5.0,2.0,365
146,Sys_DiT_ref_class1000,3.85,1.5,29
147,User_DiT_1,4.29,2.0,365
147,User_DiT_2,4.29,3.0,365
147,User_DiT_3,4.17,2.0,365
147,Sys_DiT_ref_class1000,4.65,3.85,29
148,User_DiT_1,3.33,4.0,365
148,User_DiT_2,3.33,4.0,365
148,User_DiT_3,3.75,3.0,365
148,Sys_DiT_ref_class1000,2.85,1.5,29
149,User_DiT_1,5.0,4.0,365
149,User_DiT_2,5.0,3.0,365
149,User_DiT_3,5.0,4.0,365
149,Sys_DiT_ref_class1000,4.82,1.5,29
150,User_DiT_1,5.0,3.0,370
150,User_DiT_2,5.0,2.0,370
150,User_DiT_3,5.0,2.0,370
150,Sys_DiT_ref_class1000,4.85,3.65,30
151,User_DiT_1,5.0,4.0,370
151,User_DiT_2,5.0,4.0,370
151,User_DiT_3,5.0,2.0,370
151,Sys_DiT_ref_class1000,4.82,4.15,30
152,User_DiT_1,4.17,2.0,370
152,User_DiT_2,4.17,2.0,370
152,User_DiT_3,5.0,2.0,370
152,Sys_DiT_ref_class1000,3.85,2.65,30
153,User_DiT_1,5.0,5.0,370
153,User_DiT_2,5.0,5.0,370
153,User_DiT_3,5.0,5.0,370
153,Sys_DiT_ref_class1000,4.65,3.85,30
154,User_DiT_1,5.0,2.0,370
154,User_DiT_2,5.0,2.0,370
154,User_DiT_3,5.0,2.0,370
154,Sys_DiT_ref_class1000,1.85,2.1,30
155,User_DiT_1,1.67,3.0,389
155,User_DiT_2,2.78,2.0,389
155,User_DiT_3,1.67,2.0,389
155,Sys_DiT_ref_class1000,3.15,2.85,31
156,User_DiT_1,2.78,3.0,389
156,User_DiT_2,1.67,3.0,389
156,User_DiT_3,1.67,3.0,389
156,Sys_DiT_ref_class1000,3.42,4.91,31
157,User_DiT_1,1.67,2.0,389
157,User_DiT_2,1.67,4.0,389
157,User_DiT_3,1.67,2.0,389
157,Sys_DiT_ref_class1000,4.15,4.25,31
158,User_DiT_1,1.11,2.0,389
158,User_DiT_2,1.11,3.0,389
158,User_DiT_3,1.67,3.0,389
158,Sys_DiT_ref_class1000,4.12,2.85,31
159,User_DiT_1,2.78,1.0,389
159,User_DiT_2,1.67,2.0,389
159,User_DiT_3,2.22,3.0,389
159,Sys_DiT_ref_class1000,4.35,2.85,31
160,User_DiT_1,5.0,5.0,392
160,User_DiT_2,5.0,5.0,392
160,User_DiT_3,5.0,4.0,392
160,Sys_DiT_ref_class1000,4.62,3.85,32
161,User_DiT_1,5.0,3.0,392
161,User_DiT_2,5.0,4.0,392
161,User_DiT_3,5.0,4.0,392
161,Sys_DiT_ref_class1000,2.15,2.85,32
162,User_DiT_1,3.57,4.0,392
162,User_DiT_2,3.57,2.0,392
162,User_DiT_3,4.29,3.0,392
162,Sys_DiT_ref_class1000,0.15,1.5,32
163,User_DiT_1,4.29,3.0,392
163,User_DiT_2,4.29,4.0,392
163,User_DiT_3,4.29,4.0,392
163,Sys_DiT_ref_class1000,4.65,3.85,32
164,User_DiT_1,5.0,4.0,392
164,User_DiT_2,5.0,3.0,392
164,User_DiT_3,5.0,3.0,392
164,Sys_DiT_ref_class1000,1.85,1.2,32
165,User_DiT_1,5.0,2.0,394
165,User_DiT_2,5.0,2.0,394
165,User_DiT_3,5.0,2.0,394
165,Sys_DiT_ref_class1000,4.82,4.35,33
166,User_DiT_1,5.0,4.0,394
166,User_DiT_2,5.0,3.0,394
166,User_DiT_3,5.0,4.0,394
166,Sys_DiT_ref_class1000,2.85,2.6,33
167,User_DiT_1,5.0,4.0,394
167,User_DiT_2,5.0,4.0,394
167,User_DiT_3,4.0,3.0,394
167,Sys_DiT_ref_class1000,4.12,3.68,33
168,User_DiT_1,5.0,3.0,394
168,User_DiT_2,5.0,3.0,394
168,User_DiT_3,5.0,3.0,394
168,Sys_DiT_ref_class1000,3.42,3.15,33
169,User_DiT_1,3.75,1.0,394
169,User_DiT_2,5.0,1.0,394
169,User_DiT_3,3.0,1.0,394
169,Sys_DiT_ref_class1000,4.62,3.85,33
170,User_DiT_1,5.0,4.0,396
170,User_DiT_2,5.0,4.0,396
170,User_DiT_3,5.0,5.0,396
170,Sys_DiT_ref_class1000,3.45,2.85,34
171,User_DiT_1,5.0,4.0,396
171,User_DiT_2,5.0,4.0,396
171,User_DiT_3,5.0,5.0,396
171,Sys_DiT_ref_class1000,4.82,3.65,34
172,User_DiT_1,4.29,4.0,396
172,User_DiT_2,5.0,4.0,396
172,User_DiT_3,5.0,4.0,396
172,Sys_DiT_ref_class1000,4.85,4.92,34
173,User_DiT_1,5.0,4.0,396
173,User_DiT_2,5.0,4.0,396
173,User_DiT_3,5.0,5.0,396
173,Sys_DiT_ref_class1000,4.82,4.65,34
174,User_DiT_1,5.0,4.0,396
174,User_DiT_2,5.0,4.0,396
174,User_DiT_3,5.0,3.0,396
174,Sys_DiT_ref_class1000,4.82,3.65,34
175,User_DiT_1,5.0,1.0,400
175,User_DiT_2,5.0,1.0,400
175,User_DiT_3,5.0,1.0,400
175,Sys_DiT_ref_class1000,4.15,2.85,35
176,User_DiT_1,5.0,1.0,400
176,User_DiT_2,5.0,2.0,400
176,User_DiT_3,5.0,1.0,400
176,Sys_DiT_ref_class1000,2.15,1.5,35
177,User_DiT_1,4.44,2.0,400
177,User_DiT_2,5.0,1.0,400
177,User_DiT_3,5.0,2.0,400
177,Sys_DiT_ref_class1000,3.85,2.75,35
178,User_DiT_1,5.0,4.0,400
178,User_DiT_2,0.0,4.0,400
178,User_DiT_3,5.0,3.0,400
178,Sys_DiT_ref_class1000,3.65,2.85,35
179,User_DiT_1,5.0,2.0,400
179,User_DiT_2,5.0,1.0,400
179,User_DiT_3,3.89,1.0,400
179,Sys_DiT_ref_class1000,4.12,3.85,35
180,User_DiT_1,0.0,3.0,405
180,User_DiT_2,3.89,4.0,405
180,User_DiT_3,4.44,3.0,405
180,Sys_DiT_ref_class1000,1.85,2.1,36
181,User_DiT_1,4.44,4.0,405
181,User_DiT_2,4.44,4.0,405
181,User_DiT_3,4.44,4.0,405
181,Sys_DiT_ref_class1000,3.85,3.2,36
182,User_DiT_1,5.0,2.0,405
182,User_DiT_2,5.0,4.0,405
182,User_DiT_3,3.57,4.0,405
182,Sys_DiT_ref_class1000,3.45,2.85,36
183,User_DiT_1,2.78,2.0,405
183,User_DiT_2,1.11,1.0,405
183,User_DiT_3,1.11,2.0,405
183,Sys_DiT_ref_class1000,4.62,1.5,36
184,User_DiT_1,4.44,2.0,405
184,User_DiT_2,4.44,2.0,405
184,User_DiT_3,3.33,2.0,405
184,Sys_DiT_ref_class1000,4.68,3.85,36
185,User_DiT_1,5.0,3.0,406
185,User_DiT_2,5.0,4.0,406
185,User_DiT_3,5.0,4.0,406
185,Sys_DiT_ref_class1000,4.65,2.85,37
186,User_DiT_1,5.0,4.0,406
186,User_DiT_2,5.0,4.0,406
186,User_DiT_3,5.0,3.0,406
186,Sys_DiT_ref_class1000,4.12,3.68,37
187,User_DiT_1,3.33,5.0,406
187,User_DiT_2,5.0,5.0,406
187,User_DiT_3,5.0,5.0,406
187,Sys_DiT_ref_class1000,4.85,3.2,37
188,User_DiT_1,5.0,3.0,406
188,User_DiT_2,5.0,3.0,406
188,User_DiT_3,5.0,3.0,406
188,Sys_DiT_ref_class1000,4.85,4.92,37
189,User_DiT_1,5.0,3.0,406
189,User_DiT_2,5.0,3.0,406
189,User_DiT_3,5.0,3.0,406
189,Sys_DiT_ref_class1000,4.35,4.12,37
190,User_DiT_1,3.33,3.0,413
190,User_DiT_2,3.33,3.0,413
190,User_DiT_3,3.33,4.0,413
190,Sys_DiT_ref_class1000,1.85,3.42,38
191,User_DiT_1,3.12,1.0,413
191,User_DiT_2,3.57,1.0,413
191,User_DiT_3,3.57,1.0,413
191,Sys_DiT_ref_class1000,2.85,1.9,38
192,User_DiT_1,2.78,4.0,413
192,User_DiT_2,5.0,4.0,413
192,User_DiT_3,5.0,3.0,413
192,Sys_DiT_ref_class1000,2.15,1.85,38
193,User_DiT_1,5.0,3.0,413
193,User_DiT_2,5.0,3.0,413
193,User_DiT_3,5.0,3.0,413
193,Sys_DiT_ref_class1000,2.15,0.85,38
194,User_DiT_1,0.0,2.0,413
194,User_DiT_2,0.0,1.0,413
194,User_DiT_3,0.56,2.0,413
194,Sys_DiT_ref_class1000,0.0,0.0,38
195,User_DiT_1,3.33,2.0,415
195,User_DiT_2,1.67,2.0,415
195,User_DiT_3,4.38,2.0,415
195,Sys_DiT_ref_class1000,4.65,3.82,39
196,User_DiT_1,3.89,3.0,415
196,User_DiT_2,3.89,3.0,415
196,User_DiT_3,3.89,3.0,415
196,Sys_DiT_ref_class1000,5.0,5.0,39
197,User_DiT_1,4.17,2.0,415
197,User_DiT_2,4.17,2.0,415
197,User_DiT_3,5.0,2.0,415
197,Sys_DiT_ref_class1000,4.12,3.85,39
198,User_DiT_1,4.29,3.0,415
198,User_DiT_2,4.29,4.0,415
198,User_DiT_3,4.29,2.0,415
198,Sys_DiT_ref_class1000,3.85,2.8,39
199,User_DiT_1,5.0,2.0,415
199,User_DiT_2,1.67,2.0,415
199,User_DiT_3,3.33,2.0,415
199,Sys_DiT_ref_class1000,3.42,2.0,39
200,User_DiT_1,5.0,4.0,419
200,User_DiT_2,5.0,4.0,419
200,User_DiT_3,5.0,2.0,419
200,Sys_DiT_ref_class1000,2.85,2.1,40
201,User_DiT_1,3.75,2.0,419
201,User_DiT_2,3.75,4.0,419
201,User_DiT_3,5.0,4.0,419
201,Sys_DiT_ref_class1000,3.82,3.65,40
202,User_DiT_1,0.0,1.0,419
202,User_DiT_2,5.0,1.0,419
202,User_DiT_3,0.0,2.0,419
202,Sys_DiT_ref_class1000,4.65,3.85,40
203,User_DiT_1,2.86,1.0,419
203,User_DiT_2,5.0,2.0,419
203,User_DiT_3,5.0,2.0,419
203,Sys_DiT_ref_class1000,4.65,3.85,40
204,User_DiT_1,4.0,1.0,419
204,User_DiT_2,5.0,4.0,419
204,User_DiT_3,5.0,4.0,419
204,Sys_DiT_ref_class1000,4.15,2.0,40
205,User_DiT_1,2.78,2.0,421
205,User_DiT_2,3.33,1.0,421
205,User_DiT_3,0.0,2.0,421
205,Sys_DiT_ref_class1000,2.85,2.0,41
206,User_DiT_1,3.12,3.0,421
206,User_DiT_2,3.12,2.0,421
206,User_DiT_3,5.0,3.0,421
206,Sys_DiT_ref_class1000,4.12,1.5,41
207,User_DiT_1,3.12,3.0,421
207,User_DiT_2,3.12,3.0,421
207,User_DiT_3,5.0,3.0,421
207,Sys_DiT_ref_class1000,4.82,1.5,41
208,User_DiT_1,4.44,2.0,421
208,User_DiT_2,5.0,2.0,421
208,User_DiT_3,4.44,2.0,421
208,Sys_DiT_ref_class1000,4.72,3.85,41
209,User_DiT_1,5.0,4.0,421
209,User_DiT_2,5.0,3.0,421
209,User_DiT_3,3.89,3.0,421
209,Sys_DiT_ref_class1000,4.62,3.85,41
210,User_DiT_1,3.12,3.0,426
210,User_DiT_2,3.75,3.0,426
210,User_DiT_3,3.75,2.0,426
210,Sys_DiT_ref_class1000,4.98,4.95,42
211,User_DiT_1,3.12,1.0,426
211,User_DiT_2,3.12,1.0,426
211,User_DiT_3,3.12,2.0,426
211,Sys_DiT_ref_class1000,4.65,3.85,42
212,User_DiT_1,3.12,2.0,426
212,User_DiT_2,3.12,2.0,426
212,User_DiT_3,2.86,3.0,426
212,Sys_DiT_ref_class1000,1.85,1.62,42
213,User_DiT_1,3.12,3.0,426
213,User_DiT_2,3.12,3.0,426
213,User_DiT_3,3.12,2.0,426
213,Sys_DiT_ref_class1000,4.98,4.97,42
214,User_DiT_1,2.22,2.0,426
214,User_DiT_2,2.22,1.0,426
214,User_DiT_3,2.22,1.0,426
214,Sys_DiT_ref_class1000,2.85,2.1,42
215,User_DiT_1,5.0,4.0,429
215,User_DiT_2,5.0,4.0,429
215,User_DiT_3,5.0,4.0,429
215,Sys_DiT_ref_class1000,4.65,2.0,43
216,User_DiT_1,5.0,5.0,429
216,User_DiT_2,5.0,5.0,429
216,User_DiT_3,5.0,3.0,429
216,Sys_DiT_ref_class1000,3.42,2.15,43
217,User_DiT_1,0.0,5.0,429
217,User_DiT_2,0.0,5.0,429
217,User_DiT_3,0.0,5.0,429
217,Sys_DiT_ref_class1000,3.85,3.62,43
218,User_DiT_1,5.0,5.0,429
218,User_DiT_2,5.0,2.0,429
218,User_DiT_3,5.0,5.0,429
218,Sys_DiT_ref_class1000,3.85,4.12,43
219,User_DiT_1,5.0,5.0,429
219,User_DiT_2,5.0,4.0,429
219,User_DiT_3,5.0,5.0,429
219,Sys_DiT_ref_class1000,4.62,3.85,43
220,User_DiT_1,5.0,1.0,432
220,User_DiT_2,5.0,2.0,432
220,User_DiT_3,4.38,2.0,432
220,Sys_DiT_ref_class1000,4.12,2.85,44
221,User_DiT_1,5.0,2.0,432
221,User_DiT_2,5.0,3.0,432
221,User_DiT_3,5.0,3.0,432
221,Sys_DiT_ref_class1000,3.42,4.85,44
222,User_DiT_1,4.38,3.0,432
222,User_DiT_2,4.38,2.0,432
222,User_DiT_3,4.38,2.0,432
222,Sys_DiT_ref_class1000,2.85,4.12,44
223,User_DiT_1,0.56,1.0,432
223,User_DiT_2,0.56,1.0,432
223,User_DiT_3,3.12,1.0,432
223,Sys_DiT_ref_class1000,2.85,3.42,44
224,User_DiT_1,3.33,2.0,432
224,User_DiT_2,4.29,2.0,432
224,User_DiT_3,3.33,3.0,432
224,Sys_DiT_ref_class1000,1.25,2.8,44
225,User_DiT_1,5.0,4.0,443
225,User_DiT_2,5.0,4.0,443
225,User_DiT_3,5.0,3.0,443
225,Sys_DiT_ref_class1000,3.45,2.85,45
226,User_DiT_1,4.44,3.0,443
226,User_DiT_2,4.44,4.0,443
226,User_DiT_3,4.44,4.0,443
226,Sys_DiT_ref_class1000,4.12,3.68,45
227,User_DiT_1,4.44,5.0,443
227,User_DiT_2,4.44,5.0,443
227,User_DiT_3,4.44,4.0,443
227,Sys_DiT_ref_class1000,2.85,2.1,45
228,User_DiT_1,1.67,1.0,443
228,User_DiT_2,1.67,1.0,443
228,User_DiT_3,1.67,1.0,443
228,Sys_DiT_ref_class1000,4.15,3.85,45
229,User_DiT_1,0.0,4.0,443
229,User_DiT_2,4.38,5.0,443
229,User_DiT_3,4.38,4.0,443
229,Sys_DiT_ref_class1000,4.15,3.85,45
230,User_DiT_1,3.12,3.0,446
230,User_DiT_2,3.12,1.0,446
230,User_DiT_3,4.38,3.0,446
230,Sys_DiT_ref_class1000,4.35,3.82,46
231,User_DiT_1,4.29,3.0,446
231,User_DiT_2,4.29,3.0,446
231,User_DiT_3,5.0,3.0,446
231,Sys_DiT_ref_class1000,2.85,1.65,46
232,User_DiT_1,1.11,3.0,446
232,User_DiT_2,1.11,4.0,446
232,User_DiT_3,1.11,4.0,446
232,Sys_DiT_ref_class1000,2.15,1.85,46
233,User_DiT_1,5.0,3.0,446
233,User_DiT_2,5.0,2.0,446
233,User_DiT_3,5.0,2.0,446
233,Sys_DiT_ref_class1000,0.05,4.8,46
234,User_DiT_1,3.75,3.0,446
234,User_DiT_2,5.0,2.0,446
234,User_DiT_3,5.0,3.0,446
234,Sys_DiT_ref_class1000,1.25,1.5,46
235,User_DiT_1,1.88,2.0,453
235,User_DiT_2,2.5,2.0,453
235,User_DiT_3,2.5,2.0,453
235,Sys_DiT_ref_class1000,4.65,3.85,47
236,User_DiT_1,4.38,2.0,453
236,User_DiT_2,4.38,4.0,453
236,User_DiT_3,4.38,2.0,453
236,Sys_DiT_ref_class1000,4.85,3.2,47
237,User_DiT_1,4.38,4.0,453
237,User_DiT_2,5.0,4.0,453
237,User_DiT_3,5.0,3.0,453
237,Sys_DiT_ref_class1000,4.85,4.2,47
238,User_DiT_1,5.0,2.0,453
238,User_DiT_2,1.25,2.0,453
238,User_DiT_3,1.25,2.0,453
238,Sys_DiT_ref_class1000,4.95,4.98,47
239,User_DiT_1,1.25,1.0,453
239,User_DiT_2,1.25,1.0,453
239,User_DiT_3,0.62,2.0,453
239,Sys_DiT_ref_class1000,4.65,3.85,47
240,User_DiT_1,5.0,5.0,461
240,User_DiT_2,5.0,5.0,461
240,User_DiT_3,5.0,5.0,461
240,Sys_DiT_ref_class1000,4.92,4.95,48
241,User_DiT_1,4.44,4.0,461
241,User_DiT_2,3.89,4.0,461
241,User_DiT_3,4.44,4.0,461
241,Sys_DiT_ref_class1000,2.85,3.42,48
242,User_DiT_1,5.0,4.0,461
242,User_DiT_2,5.0,4.0,461
242,User_DiT_3,5.0,4.0,461
242,Sys_DiT_ref_class1000,4.12,1.5,48
243,User_DiT_1,4.44,5.0,461
243,User_DiT_2,4.44,4.0,461
243,User_DiT_3,4.44,5.0,461
243,Sys_DiT_ref_class1000,2.15,3.85,48
244,User_DiT_1,3.89,4.0,461
244,User_DiT_2,3.33,4.0,461
244,User_DiT_3,4.44,5.0,461
244,Sys_DiT_ref_class1000,4.85,4.92,48
245,User_DiT_1,4.44,3.0,477
245,User_DiT_2,4.44,3.0,477
245,User_DiT_3,4.44,3.0,477
245,Sys_DiT_ref_class1000,2.15,3.45,49
246,User_DiT_1,0.0,3.0,477
246,User_DiT_2,1.67,2.0,477
246,User_DiT_3,0.0,2.0,477
246,Sys_DiT_ref_class1000,4.62,3.85,49
247,User_DiT_1,2.22,1.0,477
247,User_DiT_2,2.22,1.0,477
247,User_DiT_3,2.78,1.0,477
247,Sys_DiT_ref_class1000,2.85,4.6,49
248,User_DiT_1,0.56,3.0,477
248,User_DiT_2,0.0,2.0,477
248,User_DiT_3,0.56,2.0,477
248,Sys_DiT_ref_class1000,4.85,4.92,49
249,User_DiT_1,1.88,4.0,477
249,User_DiT_2,1.88,4.0,477
249,User_DiT_3,1.88,2.0,477
249,Sys_DiT_ref_class1000,4.82,3.65,49
250,User_DiT_1,1.11,2.0,479
250,User_DiT_2,2.22,2.0,479
250,User_DiT_3,2.22,1.0,479
250,Sys_DiT_ref_class1000,2.85,2.1,50
251,User_DiT_1,3.12,4.0,479
251,User_DiT_2,3.75,2.0,479
251,User_DiT_3,3.12,3.0,479
251,Sys_DiT_ref_class1000,3.85,2.65,50
252,User_DiT_1,0.56,0.0,479
252,User_DiT_2,0.56,0.0,479
252,User_DiT_3,0.0,1.0,479
252,Sys_DiT_ref_class1000,2.85,2.1,50
253,User_DiT_1,0.0,5.0,479
253,User_DiT_2,0.0,4.0,479
253,User_DiT_3,0.0,5.0,479
253,Sys_DiT_ref_class1000,3.42,3.15,50
254,User_DiT_1,3.75,4.0,479
254,User_DiT_2,3.75,4.0,479
254,User_DiT_3,3.75,3.0,479
254,Sys_DiT_ref_class1000,4.82,4.91,50
255,User_DiT_1,0.0,1.0,481
255,User_DiT_2,0.0,1.0,481
255,User_DiT_3,0.0,1.0,481
255,Sys_DiT_ref_class1000,4.85,4.62,51
256,User_DiT_1,2.78,2.0,481
256,User_DiT_2,1.67,2.0,481
256,User_DiT_3,2.5,2.0,481
256,Sys_DiT_ref_class1000,2.85,3.6,51
257,User_DiT_1,3.12,4.0,481
257,User_DiT_2,3.89,4.0,481
257,User_DiT_3,3.89,4.0,481
257,Sys_DiT_ref_class1000,4.85,3.92,51
258,User_DiT_1,1.67,1.0,481
258,User_DiT_2,1.67,1.0,481
258,User_DiT_3,0.56,1.0,481
258,Sys_DiT_ref_class1000,2.85,2.1,51
259,User_DiT_1,4.44,4.0,481
259,User_DiT_2,4.44,3.0,481
259,User_DiT_3,3.89,4.0,481
259,Sys_DiT_ref_class1000,4.85,3.75,51
260,User_DiT_1,5.0,5.0,488
260,User_DiT_2,4.29,3.0,488
260,User_DiT_3,5.0,4.0,488
260,Sys_DiT_ref_class1000,4.85,4.75,52
261,User_DiT_1,5.0,5.0,488
261,User_DiT_2,5.0,4.0,488
261,User_DiT_3,5.0,4.0,488
261,Sys_DiT_ref_class1000,4.12,2.85,52
262,User_DiT_1,5.0,5.0,488
262,User_DiT_2,5.0,5.0,488
262,User_DiT_3,5.0,5.0,488
262,Sys_DiT_ref_class1000,3.42,2.85,52
263,User_DiT_1,1.43,1.0,488
263,User_DiT_2,5.0,4.0,488
263,User_DiT_3,1.43,1.0,488
263,Sys_DiT_ref_class1000,4.85,4.92,52
264,User_DiT_1,4.38,3.0,488
264,User_DiT_2,4.38,4.0,488
264,User_DiT_3,4.38,4.0,488
264,Sys_DiT_ref_class1000,1.85,3.6,52
265,User_DiT_1,0.0,4.0,499
265,User_DiT_2,3.57,4.0,499
265,User_DiT_3,0.0,2.0,499
265,Sys_DiT_ref_class1000,2.85,3.92,53
266,User_DiT_1,5.0,3.0,499
266,User_DiT_2,5.0,3.0,499
266,User_DiT_3,5.0,3.0,499
266,Sys_DiT_ref_class1000,3.42,2.85,53
267,User_DiT_1,5.0,4.0,499
267,User_DiT_2,5.0,4.0,499
267,User_DiT_3,5.0,4.0,499
267,Sys_DiT_ref_class1000,1.85,2.15,53
268,User_DiT_1,5.0,2.0,499
268,User_DiT_2,5.0,2.0,499
268,User_DiT_3,5.0,2.0,499
268,Sys_DiT_ref_class1000,4.65,3.82,53
269,User_DiT_1,5.0,2.0,499
269,User_DiT_2,5.0,2.0,499
269,User_DiT_3,5.0,2.0,499
269,Sys_DiT_ref_class1000,4.92,4.85,53
270,User_DiT_1,4.29,2.0,529
270,User_DiT_2,5.0,2.0,529
270,User_DiT_3,4.29,2.0,529
270,Sys_DiT_ref_class1000,4.85,2.75,54
271,User_DiT_1,4.29,2.0,529
271,User_DiT_2,3.57,2.0,529
271,User_DiT_3,4.29,1.0,529
271,Sys_DiT_ref_class1000,1.42,2.15,54
272,User_DiT_1,4.29,4.0,529
272,User_DiT_2,4.17,4.0,529
272,User_DiT_3,4.17,4.0,529
272,Sys_DiT_ref_class1000,2.85,2.6,54
273,User_DiT_1,5.0,2.0,529
273,User_DiT_2,4.29,2.0,529
273,User_DiT_3,4.29,2.0,529
273,Sys_DiT_ref_class1000,4.85,5.0,54
274,User_DiT_1,3.33,1.0,529
274,User_DiT_2,4.17,1.0,529
274,User_DiT_3,3.33,1.0,529
274,Sys_DiT_ref_class1000,2.15,1.85,54
275,User_DiT_1,4.38,3.0,535
275,User_DiT_2,3.75,3.0,535
275,User_DiT_3,3.75,3.0,535
275,Sys_DiT_ref_class1000,0.85,4.82,55
276,User_DiT_1,4.29,2.0,535
276,User_DiT_2,4.38,2.0,535
276,User_DiT_3,4.38,3.0,535
276,Sys_DiT_ref_class1000,1.85,3.6,55
277,User_DiT_1,4.38,3.0,535
277,User_DiT_2,4.38,3.0,535
277,User_DiT_3,4.38,2.0,535
277,Sys_DiT_ref_class1000,2.15,1.85,55
278,User_DiT_1,4.0,4.0,535
278,User_DiT_2,4.17,3.0,535
278,User_DiT_3,4.17,4.0,535
278,Sys_DiT_ref_class1000,1.85,3.2,55
279,User_DiT_1,4.29,2.0,535
279,User_DiT_2,3.12,3.0,535
279,User_DiT_3,3.12,3.0,535
279,Sys_DiT_ref_class1000,0.85,1.2,55
280,User_DiT_1,0.0,2.0,554
280,User_DiT_2,0.0,2.0,554
280,User_DiT_3,0.0,2.0,554
280,Sys_DiT_ref_class1000,4.65,2.85,56
281,User_DiT_1,0.0,4.0,554
281,User_DiT_2,0.0,2.0,554
281,User_DiT_3,0.0,4.0,554
281,Sys_DiT_ref_class1000,4.92,4.85,56
282,User_DiT_1,0.0,2.0,554
282,User_DiT_2,0.0,2.0,554
282,User_DiT_3,0.0,3.0,554
282,Sys_DiT_ref_class1000,5.0,5.0,56
283,User_DiT_1,0.0,3.0,554
283,User_DiT_2,0.0,4.0,554
283,User_DiT_3,0.0,3.0,554
283,Sys_DiT_ref_class1000,4.85,4.12,56
284,User_DiT_1,0.0,2.0,554
284,User_DiT_2,0.0,2.0,554
284,User_DiT_3,0.0,4.0,554
284,Sys_DiT_ref_class1000,3.42,3.65,56
285,User_DiT_1,5.0,3.0,567
285,User_DiT_2,5.0,3.0,567
285,User_DiT_3,5.0,4.0,567
285,Sys_DiT_ref_class1000,3.45,2.85,57
286,User_DiT_1,4.38,3.0,567
286,User_DiT_2,5.0,4.0,567
286,User_DiT_3,5.0,3.0,567
286,Sys_DiT_ref_class1000,3.42,3.15,57
287,User_DiT_1,4.29,3.0,567
287,User_DiT_2,5.0,3.0,567
287,User_DiT_3,4.29,3.0,567
287,Sys_DiT_ref_class1000,3.85,3.2,57
288,User_DiT_1,5.0,3.0,567
288,User_DiT_2,5.0,3.0,567
288,User_DiT_3,5.0,4.0,567
288,Sys_DiT_ref_class1000,4.35,2.85,57
289,User_DiT_1,5.0,2.0,567
289,User_DiT_2,1.88,2.0,567
289,User_DiT_3,4.29,2.0,567
289,Sys_DiT_ref_class1000,4.92,4.65,57
290,User_DiT_1,4.38,1.0,575
290,User_DiT_2,4.38,1.0,575
290,User_DiT_3,4.38,1.0,575
290,Sys_DiT_ref_class1000,4.35,3.62,58
291,User_DiT_1,4.38,3.0,575
291,User_DiT_2,4.29,3.0,575
291,User_DiT_3,4.29,3.0,575
291,Sys_DiT_ref_class1000,3.45,3.85,58
292,User_DiT_1,4.17,1.0,575
292,User_DiT_2,3.57,2.0,575
292,User_DiT_3,3.57,2.0,575
292,Sys_DiT_ref_class1000,4.68,3.85,58
293,User_DiT_1,3.57,2.0,575
293,User_DiT_2,3.57,2.0,575
293,User_DiT_3,0.0,2.0,575
293,Sys_DiT_ref_class1000,3.85,3.62,58
294,User_DiT_1,4.17,2.0,575
294,User_DiT_2,5.0,2.0,575
294,User_DiT_3,5.0,2.0,575
294,Sys_DiT_ref_class1000,2.85,3.6,58
295,User_DiT_1,0.0,1.0,585
295,User_DiT_2,0.0,1.0,585
295,User_DiT_3,0.0,1.0,585
295,Sys_DiT_ref_class1000,3.65,3.82,59
296,User_DiT_1,0.0,1.0,585
296,User_DiT_2,0.0,1.0,585
296,User_DiT_3,0.0,1.0,585
296,Sys_DiT_ref_class1000,4.35,2.85,59
297,User_DiT_1,5.0,2.0,585
297,User_DiT_2,5.0,2.0,585
297,User_DiT_3,5.0,2.0,585
297,Sys_DiT_ref_class1000,4.85,3.75,59
298,User_DiT_1,0.0,2.0,585
298,User_DiT_2,5.0,3.0,585
298,User_DiT_3,2.5,3.0,585
298,Sys_DiT_ref_class1000,4.85,3.72,59
299,User_DiT_1,4.17,3.0,585
299,User_DiT_2,4.17,2.0,585
299,User_DiT_3,4.17,3.0,585
299,Sys_DiT_ref_class1000,4.62,3.85,59
300,User_DiT_1,4.0,3.0,590
300,User_DiT_2,4.0,4.0,590
300,User_DiT_3,4.0,4.0,590
300,Sys_DiT_ref_class1000,3.85,3.6,60
301,User_DiT_1,4.29,4.0,590
301,User_DiT_2,4.29,3.0,590
301,User_DiT_3,4.29,3.0,590
301,Sys_DiT_ref_class1000,4.12,2.85,60
302,User_DiT_1,4.0,2.0,590
302,User_DiT_2,4.0,2.0,590
302,User_DiT_3,4.0,2.0,590
302,Sys_DiT_ref_class1000,3.85,3.62,60
303,User_DiT_1,5.0,4.0,590
303,User_DiT_2,5.0,4.0,590
303,User_DiT_3,5.0,3.0,590
303,Sys_DiT_ref_class1000,2.85,1.42,60
304,User_DiT_1,3.57,2.0,590
304,User_DiT_2,4.29,2.0,590
304,User_DiT_3,4.29,2.0,590
304,Sys_DiT_ref_class1000,2.85,3.42,60
305,User_DiT_1,1.11,2.0,605
305,User_DiT_2,1.11,3.0,605
305,User_DiT_3,1.25,2.0,605
305,Sys_DiT_ref_class1000,3.45,4.12,61
306,User_DiT_1,0.0,1.0,605
306,User_DiT_2,0.0,1.0,605
306,User_DiT_3,0.0,1.0,605
306,Sys_DiT_ref_class1000,4.62,3.85,61
307,User_DiT_1,2.5,1.0,605
307,User_DiT_2,1.11,1.0,605
307,User_DiT_3,2.5,2.0,605
307,Sys_DiT_ref_class1000,4.98,4.99,61
308,User_DiT_1,5.0,4.0,605
308,User_DiT_2,5.0,3.0,605
308,User_DiT_3,5.0,4.0,605
308,Sys_DiT_ref_class1000,3.85,2.6,61
309,User_DiT_1,5.0,2.0,605
309,User_DiT_2,5.0,2.0,605
309,User_DiT_3,5.0,3.0,605
309,Sys_DiT_ref_class1000,4.65,3.85,61
310,User_DiT_1,0.0,2.0,606
310,User_DiT_2,0.56,2.0,606
310,User_DiT_3,0.0,2.0,606
310,Sys_DiT_ref_class1000,4.62,3.45,62
311,User_DiT_1,5.0,2.0,606
311,User_DiT_2,1.67,2.0,606
311,User_DiT_3,5.0,2.0,606
311,Sys_DiT_ref_class1000,3.82,1.15,62
312,User_DiT_1,0.62,3.0,606
312,User_DiT_2,0.62,2.0,606
312,User_DiT_3,0.62,3.0,606
312,Sys_DiT_ref_class1000,4.92,4.95,62
313,User_DiT_1,4.44,4.0,606
313,User_DiT_2,4.44,3.0,606
313,User_DiT_3,4.44,4.0,606
313,Sys_DiT_ref_class1000,3.85,3.62,62
314,User_DiT_1,4.17,3.0,606
314,User_DiT_2,4.17,2.0,606
314,User_DiT_3,4.17,3.0,606
314,Sys_DiT_ref_class1000,2.85,2.6,62
315,User_DiT_1,0.62,2.0,626
315,User_DiT_2,0.62,2.0,626
315,User_DiT_3,0.62,2.0,626
315,Sys_DiT_ref_class1000,4.85,4.15,63
316,User_DiT_1,5.0,3.0,626
316,User_DiT_2,5.0,4.0,626
316,User_DiT_3,5.0,4.0,626
316,Sys_DiT_ref_class1000,4.65,3.82,63
317,User_DiT_1,4.0,3.0,626
317,User_DiT_2,5.0,3.0,626
317,User_DiT_3,5.0,3.0,626
317,Sys_DiT_ref_class1000,4.85,4.12,63
318,User_DiT_1,1.88,3.0,626
318,User_DiT_2,1.88,3.0,626
318,User_DiT_3,3.57,3.0,626
318,Sys_DiT_ref_class1000,4.95,4.85,63
319,User_DiT_1,5.0,3.0,626
319,User_DiT_2,3.75,3.0,626
319,User_DiT_3,5.0,3.0,626
319,Sys_DiT_ref_class1000,4.35,3.12,63
320,User_DiT_1,4.38,4.0,632
320,User_DiT_2,4.38,3.0,632
320,User_DiT_3,4.38,4.0,632
320,Sys_DiT_ref_class1000,2.15,3.85,64
321,User_DiT_1,3.12,2.0,632
321,User_DiT_2,3.12,2.0,632
321,User_DiT_3,3.12,2.0,632
321,Sys_DiT_ref_class1000,1.25,3.85,64
322,User_DiT_1,1.88,2.0,632
322,User_DiT_2,0.0,2.0,632
322,User_DiT_3,0.0,2.0,632
322,Sys_DiT_ref_class1000,4.82,4.65,64
323,User_DiT_1,5.0,1.0,632
323,User_DiT_2,4.17,2.0,632
323,User_DiT_3,4.17,2.0,632
323,Sys_DiT_ref_class1000,3.42,2.85,64
324,User_DiT_1,4.29,3.0,632
324,User_DiT_2,4.29,4.0,632
324,User_DiT_3,4.29,4.0,632
324,Sys_DiT_ref_class1000,4.35,2.85,64
325,User_DiT_1,4.38,4.0,633
325,User_DiT_2,5.0,4.0,633
325,User_DiT_3,5.0,4.0,633
325,Sys_DiT_ref_class1000,4.72,3.85,65
326,User_DiT_1,2.78,4.0,633
326,User_DiT_2,2.78,4.0,633
326,User_DiT_3,2.78,4.0,633
326,Sys_DiT_ref_class1000,4.72,3.85,65
327,User_DiT_1,4.29,1.0,633
327,User_DiT_2,2.5,1.0,633
327,User_DiT_3,2.5,2.0,633
327,Sys_DiT_ref_class1000,1.85,2.9,65
328,User_DiT_1,4.38,4.0,633
328,User_DiT_2,4.38,4.0,633
328,User_DiT_3,4.38,4.0,633
328,Sys_DiT_ref_class1000,4.72,3.85,65
329,User_DiT_1,4.38,3.0,633
329,User_DiT_2,4.38,3.0,633
329,User_DiT_3,4.38,3.0,633
329,Sys_DiT_ref_class1000,4.12,3.68,65
330,User_DiT_1,0.0,3.0,634
330,User_DiT_2,0.0,2.0,634
330,User_DiT_3,0.0,2.0,634
330,Sys_DiT_ref_class1000,4.85,4.72,66
331,User_DiT_1,2.78,2.0,634
331,User_DiT_2,2.5,2.0,634
331,User_DiT_3,2.78,3.0,634
331,Sys_DiT_ref_class1000,4.85,4.75,66
332,User_DiT_1,2.5,4.0,634
332,User_DiT_2,3.12,4.0,634
332,User_DiT_3,2.5,3.0,634
332,Sys_DiT_ref_class1000,4.92,4.88,66
333,User_DiT_1,0.0,1.0,634
333,User_DiT_2,0.0,1.0,634
333,User_DiT_3,0.0,1.0,634
333,Sys_DiT_ref_class1000,4.65,3.82,66
334,User_DiT_1,0.0,4.0,634
334,User_DiT_2,0.0,3.0,634
334,User_DiT_3,0.56,4.0,634
334,Sys_DiT_ref_class1000,2.85,1.2,66
335,User_DiT_1,3.89,2.0,645
335,User_DiT_2,5.0,3.0,645
335,User_DiT_3,5.0,3.0,645
335,Sys_DiT_ref_class1000,1.25,3.85,67
336,User_DiT_1,4.38,2.0,645
336,User_DiT_2,4.38,2.0,645
336,User_DiT_3,4.38,2.0,645
336,Sys_DiT_ref_class1000,3.42,3.85,67
337,User_DiT_1,5.0,3.0,645
337,User_DiT_2,5.0,3.0,645
337,User_DiT_3,5.0,2.0,645
337,Sys_DiT_ref_class1000,3.85,3.42,67
338,User_DiT_1,4.38,4.0,645
338,User_DiT_2,5.0,2.0,645
338,User_DiT_3,4.44,2.0,645
338,Sys_DiT_ref_class1000,3.42,2.85,67
339,User_DiT_1,5.0,2.0,645
339,User_DiT_2,5.0,2.0,645
339,User_DiT_3,0.0,2.0,645
339,Sys_DiT_ref_class1000,3.85,4.12,67
340,User_DiT_1,0.0,3.0,654
340,User_DiT_2,5.0,4.0,654
340,User_DiT_3,5.0,4.0,654
340,Sys_DiT_ref_class1000,1.35,1.82,68
341,User_DiT_1,4.38,2.0,654
341,User_DiT_2,5.0,2.0,654
341,User_DiT_3,4.38,2.0,654
341,Sys_DiT_ref_class1000,4.68,3.85,68
342,User_DiT_1,5.0,5.0,654
342,User_DiT_2,5.0,4.0,654
342,User_DiT_3,5.0,5.0,654
342,Sys_DiT_ref_class1000,4.82,3.65,68
343,User_DiT_1,5.0,3.0,654
343,User_DiT_2,5.0,3.0,654
343,User_DiT_3,4.38,4.0,654
343,Sys_DiT_ref_class1000,4.35,2.85,68
344,User_DiT_1,4.38,2.0,654
344,User_DiT_2,5.0,2.0,654
344,User_DiT_3,5.0,2.0,654
344,Sys_DiT_ref_class1000,4.85,4.62,68
345,User_DiT_1,3.12,4.0,679
345,User_DiT_2,3.12,4.0,679
345,User_DiT_3,3.12,4.0,679
345,Sys_DiT_ref_class1000,4.12,2.85,69
346,User_DiT_1,1.88,4.0,679
346,User_DiT_2,2.5,4.0,679
346,User_DiT_3,2.5,4.0,679
346,Sys_DiT_ref_class1000,4.92,4.98,69
347,User_DiT_1,1.88,3.0,679
347,User_DiT_2,1.88,3.0,679
347,User_DiT_3,1.88,3.0,679
347,Sys_DiT_ref_class1000,2.85,3.6,69
348,User_DiT_1,3.57,2.0,679
348,User_DiT_2,4.17,2.0,679
348,User_DiT_3,2.86,3.0,679
348,Sys_DiT_ref_class1000,4.85,3.8,69
349,User_DiT_1,1.88,1.0,679
349,User_DiT_2,1.88,1.0,679
349,User_DiT_3,3.75,2.0,679
349,Sys_DiT_ref_class1000,3.85,2.4,69
350,User_DiT_1,5.0,4.0,687
350,User_DiT_2,5.0,4.0,687
350,User_DiT_3,5.0,3.0,687
350,Sys_DiT_ref_class1000,4.12,3.85,70
351,User_DiT_1,5.0,5.0,687
351,User_DiT_2,5.0,3.0,687
351,User_DiT_3,5.0,3.0,687
351,Sys_DiT_ref_class1000,3.65,3.8,70
352,User_DiT_1,5.0,5.0,687
352,User_DiT_2,5.0,4.0,687
352,User_DiT_3,5.0,5.0,687
352,Sys_DiT_ref_class1000,4.15,3.65,70
353,User_DiT_1,5.0,5.0,687
353,User_DiT_2,5.0,5.0,687
353,User_DiT_3,5.0,5.0,687
353,Sys_DiT_ref_class1000,4.15,3.85,70
354,User_DiT_1,5.0,4.0,687
354,User_DiT_2,5.0,4.0,687
354,User_DiT_3,5.0,4.0,687
354,Sys_DiT_ref_class1000,1.25,1.8,70
355,User_DiT_1,4.38,2.0,730
355,User_DiT_2,3.89,2.0,730
355,User_DiT_3,3.89,1.0,730
355,Sys_DiT_ref_class1000,3.82,2.65,71
356,User_DiT_1,3.89,4.0,730
356,User_DiT_2,3.89,4.0,730
356,User_DiT_3,3.89,4.0,730
356,Sys_DiT_ref_class1000,4.98,4.96,71
357,User_DiT_1,4.44,4.0,730
357,User_DiT_2,5.0,4.0,730
357,User_DiT_3,4.44,3.0,730
357,Sys_DiT_ref_class1000,4.95,4.85,71
358,User_DiT_1,3.33,1.0,730
358,User_DiT_2,4.38,2.0,730
358,User_DiT_3,2.78,1.0,730
358,Sys_DiT_ref_class1000,4.85,3.65,71
359,User_DiT_1,5.0,4.0,730
359,User_DiT_2,5.0,3.0,730
359,User_DiT_3,5.0,4.0,730
359,Sys_DiT_ref_class1000,4.85,3.6,71
360,User_DiT_1,0.0,1.0,743
360,User_DiT_2,0.0,3.0,743
360,User_DiT_3,0.0,3.0,743
360,Sys_DiT_ref_class1000,4.15,4.82,72
361,User_DiT_1,0.0,4.0,743
361,User_DiT_2,3.75,3.0,743
361,User_DiT_3,0.0,4.0,743
361,Sys_DiT_ref_class1000,3.85,2.65,72
362,User_DiT_1,5.0,5.0,743
362,User_DiT_2,5.0,5.0,743
362,User_DiT_3,5.0,5.0,743
362,Sys_DiT_ref_class1000,4.15,4.82,72
363,User_DiT_1,3.33,2.0,743
363,User_DiT_2,3.33,3.0,743
363,User_DiT_3,3.33,2.0,743
363,Sys_DiT_ref_class1000,4.72,3.85,72
364,User_DiT_1,5.0,4.0,743
364,User_DiT_2,5.0,5.0,743
364,User_DiT_3,5.0,4.0,743
364,Sys_DiT_ref_class1000,4.65,3.2,72
365,User_DiT_1,3.57,2.0,746
365,User_DiT_2,3.57,2.0,746
365,User_DiT_3,3.57,4.0,746
365,Sys_DiT_ref_class1000,1.25,1.1,73
366,User_DiT_1,1.25,1.0,746
366,User_DiT_2,1.25,3.0,746
366,User_DiT_3,1.25,2.0,746
366,Sys_DiT_ref_class1000,3.65,3.82,73
367,User_DiT_1,3.57,4.0,746
367,User_DiT_2,3.57,3.0,746
367,User_DiT_3,3.57,4.0,746
367,Sys_DiT_ref_class1000,3.82,3.15,73
368,User_DiT_1,0.62,2.0,746
368,User_DiT_2,0.62,2.0,746
368,User_DiT_3,5.0,2.0,746
368,Sys_DiT_ref_class1000,4.12,2.85,73
369,User_DiT_1,4.17,1.0,746
369,User_DiT_2,4.29,1.0,746
369,User_DiT_3,4.17,3.0,746
369,Sys_DiT_ref_class1000,2.85,3.42,73
370,User_DiT_1,1.5,4.0,755
370,User_DiT_2,5.0,2.0,755
370,User_DiT_3,5.0,2.0,755
370,Sys_DiT_ref_class1000,1.42,3.85,74
371,User_DiT_1,5.0,3.0,755
371,User_DiT_2,4.5,4.0,755
371,User_DiT_3,5.0,3.0,755
371,Sys_DiT_ref_class1000,4.35,4.82,74
372,User_DiT_1,5.0,5.0,755
372,User_DiT_2,5.0,5.0,755
372,User_DiT_3,5.0,3.0,755
372,Sys_DiT_ref_class1000,4.15,4.82,74
373,User_DiT_1,0.56,1.0,755
373,User_DiT_2,5.0,1.0,755
373,User_DiT_3,0.56,1.0,755
373,Sys_DiT_ref_class1000,3.85,4.92,74
374,User_DiT_1,5.0,5.0,755
374,User_DiT_2,5.0,5.0,755
374,User_DiT_3,5.0,5.0,755
374,Sys_DiT_ref_class1000,4.15,4.82,74
375,User_DiT_1,5.0,2.0,756
375,User_DiT_2,5.0,4.0,756
375,User_DiT_3,5.0,4.0,756
375,Sys_DiT_ref_class1000,4.35,3.82,75
376,User_DiT_1,3.89,3.0,756
376,User_DiT_2,3.89,3.0,756
376,User_DiT_3,5.0,3.0,756
376,Sys_DiT_ref_class1000,2.85,3.65,75
377,User_DiT_1,4.0,4.0,756
377,User_DiT_2,4.0,4.0,756
377,User_DiT_3,4.0,4.0,756
377,Sys_DiT_ref_class1000,3.85,2.65,75
378,User_DiT_1,4.29,3.0,756
378,User_DiT_2,4.29,3.0,756
378,User_DiT_3,4.29,2.0,756
378,Sys_DiT_ref_class1000,4.92,4.85,75
379,User_DiT_1,4.17,2.0,756
379,User_DiT_2,4.17,2.0,756
379,User_DiT_3,4.17,2.0,756
379,Sys_DiT_ref_class1000,4.92,4.95,75
380,User_DiT_1,5.0,5.0,806
380,User_DiT_2,0.0,3.0,806
380,User_DiT_3,5.0,5.0,806
380,Sys_DiT_ref_class1000,4.35,3.82,76
381,User_DiT_1,5.0,4.0,806
381,User_DiT_2,5.0,5.0,806
381,User_DiT_3,5.0,5.0,806
381,Sys_DiT_ref_class1000,4.65,3.85,76
382,User_DiT_1,5.0,5.0,806
382,User_DiT_2,5.0,5.0,806
382,User_DiT_3,4.44,5.0,806
382,Sys_DiT_ref_class1000,4.35,3.82,76
383,User_DiT_1,5.0,4.0,806
383,User_DiT_2,5.0,4.0,806
383,User_DiT_3,5.0,4.0,806
383,Sys_DiT_ref_class1000,4.12,3.85,76
384,User_DiT_1,5.0,5.0,806
384,User_DiT_2,5.0,5.0,806
384,User_DiT_3,5.0,4.0,806
384,Sys_DiT_ref_class1000,4.85,3.65,76
385,User_DiT_1,3.12,3.0,810
385,User_DiT_2,2.5,3.0,810
385,User_DiT_3,2.5,3.0,810
385,Sys_DiT_ref_class1000,3.65,3.2,77
386,User_DiT_1,3.75,4.0,810
386,User_DiT_2,3.75,4.0,810
386,User_DiT_3,3.75,4.0,810
386,Sys_DiT_ref_class1000,2.15,2.8,77
387,User_DiT_1,4.38,3.0,810
387,User_DiT_2,3.75,3.0,810
387,User_DiT_3,4.38,4.0,810
387,Sys_DiT_ref_class1000,2.85,2.1,77
388,User_DiT_1,3.75,4.0,810
388,User_DiT_2,3.75,2.0,810
388,User_DiT_3,3.75,3.0,810
388,Sys_DiT_ref_class1000,4.35,3.82,77
389,User_DiT_1,3.12,2.0,810
389,User_DiT_2,3.12,3.0,810
389,User_DiT_3,3.12,3.0,810
389,Sys_DiT_ref_class1000,3.42,3.85,77
390,User_DiT_1,4.0,2.0,819
390,User_DiT_2,4.0,2.0,819
390,User_DiT_3,4.0,2.0,819
390,Sys_DiT_ref_class1000,2.85,1.65,78
391,User_DiT_1,4.17,3.0,819
391,User_DiT_2,5.0,3.0,819
391,User_DiT_3,4.17,4.0,819
391,Sys_DiT_ref_class1000,3.85,2.4,78
392,User_DiT_1,5.0,2.0,819
392,User_DiT_2,5.0,2.0,819
392,User_DiT_3,5.0,3.0,819
392,Sys_DiT_ref_class1000,4.12,3.85,78
393,User_DiT_1,1.25,2.0,819
393,User_DiT_2,1.25,2.0,819
393,User_DiT_3,1.25,2.0,819
393,Sys_DiT_ref_class1000,3.65,2.15,78
394,User_DiT_1,5.0,4.0,819
394,User_DiT_2,5.0,2.0,819
394,User_DiT_3,5.0,2.0,819
394,Sys_DiT_ref_class1000,4.65,2.0,78
395,User_DiT_1,0.71,1.0,836
395,User_DiT_2,0.83,2.0,836
395,User_DiT_3,0.71,1.0,836
395,Sys_DiT_ref_class1000,4.35,2.85,79
396,User_DiT_1,1.43,4.0,836
396,User_DiT_2,1.43,1.0,836
396,User_DiT_3,0.0,4.0,836
396,Sys_DiT_ref_class1000,4.85,4.92,79
397,User_DiT_1,0.0,1.0,836
397,User_DiT_2,0.0,1.0,836
397,User_DiT_3,0.0,1.0,836
397,Sys_DiT_ref_class1000,4.85,4.92,79
398,User_DiT_1,0.0,4.0,836
398,User_DiT_2,0.0,3.0,836
398,User_DiT_3,0.0,4.0,836
398,Sys_DiT_ref_class1000,4.98,4.96,79
399,User_DiT_1,0.83,1.0,836
399,User_DiT_2,0.83,1.0,836
399,User_DiT_3,0.83,0.0,836
399,Sys_DiT_ref_class1000,4.65,2.15,79
400,User_DiT_1,5.0,4.0,903
400,User_DiT_2,5.0,4.0,903
400,User_DiT_3,5.0,4.0,903
400,Sys_DiT_ref_class1000,4.85,3.0,80
401,User_DiT_1,3.57,3.0,903
401,User_DiT_2,1.43,2.0,903
401,User_DiT_3,3.57,2.0,903
401,Sys_DiT_ref_class1000,4.65,1.5,80
402,User_DiT_1,2.86,4.0,903
402,User_DiT_2,2.86,4.0,903
402,User_DiT_3,0.71,4.0,903
402,Sys_DiT_ref_class1000,4.12,1.5,80
403,User_DiT_1,5.0,4.0,903
403,User_DiT_2,5.0,4.0,903
403,User_DiT_3,5.0,4.0,903
403,Sys_DiT_ref_class1000,4.68,1.5,80
404,User_DiT_1,0.0,4.0,903
404,User_DiT_2,3.57,4.0,903
404,User_DiT_3,0.0,3.0,903
404,Sys_DiT_ref_class1000,4.85,1.5,80
405,User_DiT_1,4.29,3.0,917
405,User_DiT_2,4.29,3.0,917
405,User_DiT_3,4.29,3.0,917
405,Sys_DiT_ref_class1000,4.92,4.85,81
406,User_DiT_1,0.0,2.0,917
406,User_DiT_2,3.0,2.0,917
406,User_DiT_3,5.0,2.0,917
406,Sys_DiT_ref_class1000,4.12,1.5,81
407,User_DiT_1,4.29,2.0,917
407,User_DiT_2,4.29,2.0,917
407,User_DiT_3,4.29,2.0,917
407,Sys_DiT_ref_class1000,2.45,1.85,81
408,User_DiT_1,3.57,2.0,917
408,User_DiT_2,3.57,2.0,917
408,User_DiT_3,2.86,2.0,917
408,Sys_DiT_ref_class1000,4.15,1.5,81
409,User_DiT_1,4.17,1.0,917
409,User_DiT_2,4.17,1.0,917
409,User_DiT_3,3.33,3.0,917
409,Sys_DiT_ref_class1000,4.65,2.0,81
410,User_DiT_1,1.25,1.0,919
410,User_DiT_2,1.25,1.0,919
410,User_DiT_3,1.25,1.0,919
410,Sys_DiT_ref_class1000,4.35,2.85,82
411,User_DiT_1,3.12,1.0,919
411,User_DiT_2,3.12,1.0,919
411,User_DiT_3,3.12,1.0,919
411,Sys_DiT_ref_class1000,3.85,2.65,82
412,User_DiT_1,1.88,2.0,919
412,User_DiT_2,1.88,1.0,919
412,User_DiT_3,2.5,1.0,919
412,Sys_DiT_ref_class1000,1.85,2.1,82
413,User_DiT_1,2.5,1.0,919
413,User_DiT_2,2.5,2.0,919
413,User_DiT_3,2.5,1.0,919
413,Sys_DiT_ref_class1000,4.65,2.85,82
414,User_DiT_1,1.67,1.0,919
414,User_DiT_2,1.67,2.0,919
414,User_DiT_3,1.11,1.0,919
414,Sys_DiT_ref_class1000,1.25,3.85,82
415,User_DiT_1,5.0,2.0,920
415,User_DiT_2,4.38,2.0,920
415,User_DiT_3,5.0,3.0,920
415,Sys_DiT_ref_class1000,4.85,3.6,83
416,User_DiT_1,2.78,3.0,920
416,User_DiT_2,2.78,2.0,920
416,User_DiT_3,2.22,2.0,920
416,Sys_DiT_ref_class1000,4.85,2.0,83
417,User_DiT_1,3.33,3.0,920
417,User_DiT_2,3.33,3.0,920
417,User_DiT_3,3.33,3.0,920
417,Sys_DiT_ref_class1000,4.85,1.5,83
418,User_DiT_1,3.33,2.0,920
418,User_DiT_2,2.22,2.0,920
418,User_DiT_3,4.44,2.0,920
418,Sys_DiT_ref_class1000,4.72,1.5,83
419,User_DiT_1,5.0,4.0,920
419,User_DiT_2,2.5,4.0,920
419,User_DiT_3,5.0,4.0,920
419,Sys_DiT_ref_class1000,4.85,2.0,83
420,User_DiT_1,1.11,1.0,922
420,User_DiT_2,0.0,1.0,922
420,User_DiT_3,0.0,1.0,922
420,Sys_DiT_ref_class1000,3.65,1.2,84
421,User_DiT_1,2.22,1.0,922
421,User_DiT_2,0.56,1.0,922
421,User_DiT_3,2.22,1.0,922
421,Sys_DiT_ref_class1000,4.65,3.85,84
422,User_DiT_1,2.22,1.0,922
422,User_DiT_2,2.22,1.0,922
422,User_DiT_3,2.22,1.0,922
422,Sys_DiT_ref_class1000,4.35,2.85,84
423,User_DiT_1,2.86,1.0,922
423,User_DiT_2,0.0,1.0,922
423,User_DiT_3,0.0,1.0,922
423,Sys_DiT_ref_class1000,4.85,3.72,84
424,User_DiT_1,0.0,1.0,922
424,User_DiT_2,0.0,1.0,922
424,User_DiT_3,0.0,1.0,922
424,Sys_DiT_ref_class1000,4.12,2.0,84
425,User_DiT_1,5.0,4.0,928
425,User_DiT_2,5.0,4.0,928
425,User_DiT_3,5.0,4.0,928
425,Sys_DiT_ref_class1000,3.82,2.15,85
426,User_DiT_1,3.33,2.0,928
426,User_DiT_2,3.33,3.0,928
426,User_DiT_3,3.33,2.0,928
426,Sys_DiT_ref_class1000,4.82,4.15,85
427,User_DiT_1,4.44,3.0,928
427,User_DiT_2,4.44,3.0,928
427,User_DiT_3,3.75,4.0,928
427,Sys_DiT_ref_class1000,4.85,1.5,85
428,User_DiT_1,5.0,4.0,928
428,User_DiT_2,3.33,3.0,928
428,User_DiT_3,3.33,3.0,928
428,Sys_DiT_ref_class1000,4.65,2.0,85
429,User_DiT_1,0.0,4.0,928
429,User_DiT_2,0.0,4.0,928
429,User_DiT_3,0.0,4.0,928
429,Sys_DiT_ref_class1000,4.85,1.5,85
430,User_DiT_1,5.0,4.0,931
430,User_DiT_2,5.0,4.0,931
430,User_DiT_3,5.0,4.0,931
430,Sys_DiT_ref_class1000,4.12,1.5,86
431,User_DiT_1,5.0,4.0,931
431,User_DiT_2,5.0,4.0,931
431,User_DiT_3,5.0,4.0,931
431,Sys_DiT_ref_class1000,3.85,1.2,86
432,User_DiT_1,4.38,1.0,931
432,User_DiT_2,4.38,1.0,931
432,User_DiT_3,4.38,1.0,931
432,Sys_DiT_ref_class1000,4.65,1.5,86
433,User_DiT_1,3.12,4.0,931
433,User_DiT_2,4.44,4.0,931
433,User_DiT_3,4.44,4.0,931
433,Sys_DiT_ref_class1000,3.65,1.85,86
434,User_DiT_1,4.44,4.0,931
434,User_DiT_2,5.0,4.0,931
434,User_DiT_3,4.44,5.0,931
434,Sys_DiT_ref_class1000,4.85,1.5,86
435,User_DiT_1,4.0,3.0,943
435,User_DiT_2,4.0,3.0,943
435,User_DiT_3,4.0,3.0,943
435,Sys_DiT_ref_class1000,4.12,3.65,87
436,User_DiT_1,5.0,4.0,943
436,User_DiT_2,5.0,3.0,943
436,User_DiT_3,5.0,4.0,943
436,Sys_DiT_ref_class1000,4.65,3.85,87
437,User_DiT_1,5.0,5.0,943
437,User_DiT_2,5.0,4.0,943
437,User_DiT_3,5.0,4.0,943
437,Sys_DiT_ref_class1000,4.12,2.85,87
438,User_DiT_1,2.5,3.0,943
438,User_DiT_2,2.5,3.0,943
438,User_DiT_3,2.5,3.0,943
438,Sys_DiT_ref_class1000,2.15,3.2,87
439,User_DiT_1,5.0,4.0,943
439,User_DiT_2,5.0,4.0,943
439,User_DiT_3,5.0,3.0,943
439,Sys_DiT_ref_class1000,3.85,3.92,87
440,User_DiT_1,4.17,5.0,952
440,User_DiT_2,4.0,5.0,952
440,User_DiT_3,4.17,5.0,952
440,Sys_DiT_ref_class1000,4.85,3.6,88
441,User_DiT_1,5.0,5.0,952
441,User_DiT_2,5.0,5.0,952
441,User_DiT_3,5.0,4.0,952
441,Sys_DiT_ref_class1000,4.65,1.5,88
442,User_DiT_1,5.0,5.0,952
442,User_DiT_2,5.0,4.0,952
442,User_DiT_3,5.0,4.0,952
442,Sys_DiT_ref_class1000,4.92,4.95,88
443,User_DiT_1,5.0,5.0,952
443,User_DiT_2,5.0,5.0,952
443,User_DiT_3,5.0,5.0,952
443,Sys_DiT_ref_class1000,4.65,3.85,88
444,User_DiT_1,5.0,3.0,952
444,User_DiT_2,5.0,4.0,952
444,User_DiT_3,5.0,4.0,952
444,Sys_DiT_ref_class1000,4.35,2.0,88
445,User_DiT_1,5.0,4.0,960
445,User_DiT_2,5.0,4.0,960
445,User_DiT_3,5.0,4.0,960
445,Sys_DiT_ref_class1000,4.12,1.5,89
446,User_DiT_1,5.0,4.0,960
446,User_DiT_2,5.0,4.0,960
446,User_DiT_3,5.0,4.0,960
446,Sys_DiT_ref_class1000,4.85,3.6,89
447,User_DiT_1,3.57,2.0,960
447,User_DiT_2,3.57,2.0,960
447,User_DiT_3,5.0,2.0,960
447,Sys_DiT_ref_class1000,4.12,3.65,89
448,User_DiT_1,5.0,3.0,960
448,User_DiT_2,5.0,3.0,960
448,User_DiT_3,5.0,1.0,960
448,Sys_DiT_ref_class1000,4.85,3.6,89
449,User_DiT_1,5.0,4.0,960
449,User_DiT_2,5.0,4.0,960
449,User_DiT_3,5.0,3.0,960
449,Sys_DiT_ref_class1000,2.85,1.65,89
450,User_DiT_1,5.0,4.0,962
450,User_DiT_2,5.0,4.0,962
450,User_DiT_3,5.0,4.0,962
450,Sys_DiT_ref_class1000,4.15,2.85,90
451,User_DiT_1,5.0,4.0,962
451,User_DiT_2,5.0,4.0,962
451,User_DiT_3,5.0,4.0,962
451,Sys_DiT_ref_class1000,3.65,4.15,90
452,User_DiT_1,5.0,4.0,962
452,User_DiT_2,5.0,4.0,962
452,User_DiT_3,5.0,4.0,962
452,Sys_DiT_ref_class1000,4.98,4.96,90
453,User_DiT_1,5.0,4.0,962
453,User_DiT_2,5.0,4.0,962
453,User_DiT_3,5.0,4.0,962
453,Sys_DiT_ref_class1000,4.12,3.65,90
454,User_DiT_1,4.38,2.0,962
454,User_DiT_2,4.38,3.0,962
454,User_DiT_3,4.38,2.0,962
454,Sys_DiT_ref_class1000,3.42,1.5,90
455,User_DiT_1,2.86,2.0,968
455,User_DiT_2,2.14,4.0,968
455,User_DiT_3,2.14,3.0,968
455,Sys_DiT_ref_class1000,4.85,3.65,91
456,User_DiT_1,5.0,4.0,968
456,User_DiT_2,5.0,4.0,968
456,User_DiT_3,5.0,4.0,968
456,Sys_DiT_ref_class1000,4.12,1.5,91
457,User_DiT_1,5.0,5.0,968
457,User_DiT_2,5.0,5.0,968
457,User_DiT_3,5.0,5.0,968
457,Sys_DiT_ref_class1000,4.12,2.0,91
458,User_DiT_1,5.0,2.0,968
458,User_DiT_2,5.0,3.0,968
458,User_DiT_3,4.29,4.0,968
458,Sys_DiT_ref_class1000,4.85,4.2,91
459,User_DiT_1,5.0,3.0,968
459,User_DiT_2,5.0,3.0,968
459,User_DiT_3,5.0,3.0,968
459,Sys_DiT_ref_class1000,4.62,3.85,91
460,User_DiT_1,4.38,4.0,971
460,User_DiT_2,4.38,4.0,971
460,User_DiT_3,4.38,4.0,971
460,Sys_DiT_ref_class1000,2.85,1.9,92
461,User_DiT_1,4.38,2.0,971
461,User_DiT_2,4.38,2.0,971
461,User_DiT_3,4.38,2.0,971
461,Sys_DiT_ref_class1000,4.72,3.0,92
462,User_DiT_1,4.29,3.0,971
462,User_DiT_2,4.29,2.0,971
462,User_DiT_3,4.29,4.0,971
462,Sys_DiT_ref_class1000,4.85,3.0,92
463,User_DiT_1,4.38,1.0,971
463,User_DiT_2,0.0,1.0,971
463,User_DiT_3,0.0,2.0,971
463,Sys_DiT_ref_class1000,2.85,1.5,92
464,User_DiT_1,4.38,2.0,971
464,User_DiT_2,4.38,4.0,971
464,User_DiT_3,4.38,4.0,971
464,Sys_DiT_ref_class1000,4.85,1.5,92
465,User_DiT_1,5.0,4.0,972
465,User_DiT_2,5.0,3.0,972
465,User_DiT_3,5.0,3.0,972
465,Sys_DiT_ref_class1000,4.85,4.62,93
466,User_DiT_1,2.5,1.0,972
466,User_DiT_2,2.22,1.0,972
466,User_DiT_3,2.22,1.0,972
466,Sys_DiT_ref_class1000,3.42,1.5,93
467,User_DiT_1,5.0,5.0,972
467,User_DiT_2,5.0,5.0,972
467,User_DiT_3,5.0,4.0,972
467,Sys_DiT_ref_class1000,4.15,3.65,93
468,User_DiT_1,1.25,4.0,972
468,User_DiT_2,1.88,4.0,972
468,User_DiT_3,2.78,3.0,972
468,Sys_DiT_ref_class1000,3.85,1.5,93
469,User_DiT_1,4.29,1.0,972
469,User_DiT_2,3.75,1.0,972
469,User_DiT_3,4.29,1.0,972
469,Sys_DiT_ref_class1000,2.85,2.4,93
470,User_DiT_1,1.67,2.0,981
470,User_DiT_2,3.33,2.0,981
470,User_DiT_3,3.33,2.0,981
470,Sys_DiT_ref_class1000,3.82,2.65,94
471,User_DiT_1,3.75,1.0,981
471,User_DiT_2,3.75,1.0,981
471,User_DiT_3,0.71,1.0,981
471,Sys_DiT_ref_class1000,4.85,4.72,94
472,User_DiT_1,4.29,2.0,981
472,User_DiT_2,5.0,2.0,981
472,User_DiT_3,3.57,2.0,981
472,Sys_DiT_ref_class1000,4.65,2.85,94
473,User_DiT_1,4.38,2.0,981
473,User_DiT_2,4.38,2.0,981
473,User_DiT_3,5.0,2.0,981
473,Sys_DiT_ref_class1000,4.12,3.68,94
474,User_DiT_1,3.57,2.0,981
474,User_DiT_2,4.29,2.0,981
474,User_DiT_3,4.29,2.0,981
474,Sys_DiT_ref_class1000,4.12,1.5,94
475,User_DiT_1,3.57,2.0,982
475,User_DiT_2,3.57,2.0,982
475,User_DiT_3,3.57,3.0,982
475,Sys_DiT_ref_class1000,3.65,2.85,95
476,User_DiT_1,0.0,2.0,982
476,User_DiT_2,2.5,2.0,982
476,User_DiT_3,0.0,2.0,982
476,Sys_DiT_ref_class1000,4.35,3.82,95
477,User_DiT_1,2.86,1.0,982
477,User_DiT_2,2.86,1.0,982
477,User_DiT_3,2.86,1.0,982
477,Sys_DiT_ref_class1000,4.35,3.82,95
478,User_DiT_1,2.0,1.0,982
478,User_DiT_2,0.0,1.0,982
478,User_DiT_3,2.0,1.0,982
478,Sys_DiT_ref_class1000,4.25,2.0,95
479,User_DiT_1,2.86,2.0,982
479,User_DiT_2,3.57,2.0,982
479,User_DiT_3,2.86,2.0,982
479,Sys_DiT_ref_class1000,3.65,2.85,95
480,User_DiT_1,5.0,3.0,983
480,User_DiT_2,5.0,3.0,983
480,User_DiT_3,5.0,3.0,983
480,Sys_DiT_ref_class1000,3.85,1.5,96
481,User_DiT_1,5.0,3.0,983
481,User_DiT_2,5.0,3.0,983
481,User_DiT_3,5.0,3.0,983
481,Sys_DiT_ref_class1000,4.12,1.5,96
482,User_DiT_1,5.0,3.0,983
482,User_DiT_2,5.0,3.0,983
482,User_DiT_3,5.0,4.0,983
482,Sys_DiT_ref_class1000,3.45,1.5,96
483,User_DiT_1,5.0,3.0,983
483,User_DiT_2,5.0,4.0,983
483,User_DiT_3,5.0,2.0,983
483,Sys_DiT_ref_class1000,4.85,4.2,96
484,User_DiT_1,4.44,4.0,983
484,User_DiT_2,4.44,3.0,983
484,User_DiT_3,4.44,2.0,983
484,Sys_DiT_ref_class1000,3.85,1.5,96
485,User_DiT_1,3.0,4.0,985
485,User_DiT_2,3.0,4.0,985
485,User_DiT_3,3.0,4.0,985
485,Sys_DiT_ref_class1000,4.92,4.95,97
486,User_DiT_1,0.0,3.0,985
486,User_DiT_2,0.0,3.0,985
486,User_DiT_3,0.0,3.0,985
486,Sys_DiT_ref_class1000,3.42,1.5,97
487,User_DiT_1,5.0,4.0,985
487,User_DiT_2,5.0,4.0,985
487,User_DiT_3,5.0,4.0,985
487,Sys_DiT_ref_class1000,4.65,1.5,97
488,User_DiT_1,5.0,4.0,985
488,User_DiT_2,5.0,4.0,985
488,User_DiT_3,5.0,5.0,985
488,Sys_DiT_ref_class1000,4.92,4.95,97
489,User_DiT_1,5.0,4.0,985
489,User_DiT_2,5.0,4.0,985
489,User_DiT_3,5.0,4.0,985
489,Sys_DiT_ref_class1000,4.98,4.95,97
490,User_DiT_1,5.0,4.0,991
490,User_DiT_2,5.0,5.0,991
490,User_DiT_3,5.0,5.0,991
490,Sys_DiT_ref_class1000,4.85,3.62,98
491,User_DiT_1,4.44,4.0,991
491,User_DiT_2,4.44,4.0,991
491,User_DiT_3,3.89,4.0,991
491,Sys_DiT_ref_class1000,4.15,3.65,98
492,User_DiT_1,5.0,4.0,991
492,User_DiT_2,5.0,5.0,991
492,User_DiT_3,5.0,5.0,991
492,Sys_DiT_ref_class1000,4.92,4.85,98
493,User_DiT_1,5.0,5.0,991
493,User_DiT_2,5.0,3.0,991
493,User_DiT_3,5.0,4.0,991
493,Sys_DiT_ref_class1000,4.85,4.75,98
494,User_DiT_1,5.0,5.0,991
494,User_DiT_2,4.0,5.0,991
494,User_DiT_3,5.0,4.0,991
494,Sys_DiT_ref_class1000,1.25,2.85,98
495,User_DiT_1,5.0,3.0,999
495,User_DiT_2,5.0,3.0,999
495,User_DiT_3,5.0,3.0,999
495,Sys_DiT_ref_class1000,2.15,1.85,99
496,User_DiT_1,0.56,2.0,999
496,User_DiT_2,0.56,2.0,999
496,User_DiT_3,5.0,2.0,999
496,Sys_DiT_ref_class1000,3.85,1.5,99
497,User_DiT_1,5.0,2.0,999
497,User_DiT_2,5.0,2.0,999
497,User_DiT_3,5.0,4.0,999
497,Sys_DiT_ref_class1000,4.12,1.5,99
498,User_DiT_1,5.0,3.0,999
498,User_DiT_2,5.0,3.0,999
498,User_DiT_3,5.0,3.0,999
498,Sys_DiT_ref_class1000,3.85,1.5,99
499,User_DiT_1,5.0,3.0,999
499,User_DiT_2,5.0,3.0,999
499,User_DiT_3,5.0,3.0,999
499,Sys_DiT_ref_class1000,4.12,1.5,99
500,Sys_DiT_ref_class1000,4.12,3.65,100
501,Sys_DiT_ref_class1000,4.12,2.0,100
502,Sys_DiT_ref_class1000,2.85,2.4,100
503,Sys_DiT_ref_class1000,4.15,1.5,100
504,Sys_DiT_ref_class1000,4.85,3.62,100
505,Sys_DiT_ref_class1000,4.92,4.85,101
506,Sys_DiT_ref_class1000,4.92,4.75,101
507,Sys_DiT_ref_class1000,4.82,3.65,101
508,Sys_DiT_ref_class1000,4.85,2.15,101
509,Sys_DiT_ref_class1000,4.82,1.5,101
510,Sys_DiT_ref_class1000,3.45,1.5,102
511,Sys_DiT_ref_class1000,1.85,1.5,102
512,Sys_DiT_ref_class1000,4.82,3.65,102
513,Sys_DiT_ref_class1000,4.68,2.0,102
514,Sys_DiT_ref_class1000,1.85,1.5,102
515,Sys_DiT_ref_class1000,4.85,4.6,103
516,Sys_DiT_ref_class1000,2.85,1.45,103
517,Sys_DiT_ref_class1000,4.15,1.5,103
518,Sys_DiT_ref_class1000,3.85,1.5,103
519,Sys_DiT_ref_class1000,3.65,1.5,103
520,Sys_DiT_ref_class1000,3.42,1.5,104
521,Sys_DiT_ref_class1000,4.12,3.85,104
522,Sys_DiT_ref_class1000,4.12,3.0,104
523,Sys_DiT_ref_class1000,3.65,1.5,104
524,Sys_DiT_ref_class1000,4.15,2.0,104
525,Sys_DiT_ref_class1000,4.15,1.5,105
526,Sys_DiT_ref_class1000,4.85,3.2,105
527,Sys_DiT_ref_class1000,4.35,1.5,105
528,Sys_DiT_ref_class1000,3.82,1.5,105
529,Sys_DiT_ref_class1000,4.62,1.5,105
530,Sys_DiT_ref_class1000,4.68,3.0,106
531,Sys_DiT_ref_class1000,4.35,3.0,106
532,Sys_DiT_ref_class1000,2.15,2.8,106
533,Sys_DiT_ref_class1000,4.92,4.95,106
534,Sys_DiT_ref_class1000,4.85,3.0,106
535,Sys_DiT_ref_class1000,4.35,2.85,107
536,Sys_DiT_ref_class1000,4.85,3.65,107
537,Sys_DiT_ref_class1000,3.65,2.85,107
538,Sys_DiT_ref_class1000,4.65,3.85,107
539,Sys_DiT_ref_class1000,4.85,4.62,107
540,Sys_DiT_ref_class1000,4.82,3.65,108
541,Sys_DiT_ref_class1000,4.65,3.85,108
542,Sys_DiT_ref_class1000,4.62,3.85,108
543,Sys_DiT_ref_class1000,4.65,3.85,108
544,Sys_DiT_ref_class1000,4.65,3.85,108
545,Sys_DiT_ref_class1000,4.85,3.75,109
546,Sys_DiT_ref_class1000,2.85,3.4,109
547,Sys_DiT_ref_class1000,4.85,4.92,109
548,Sys_DiT_ref_class1000,4.85,3.85,109
549,Sys_DiT_ref_class1000,4.85,3.65,109
550,Sys_DiT_ref_class1000,4.85,2.15,110
551,Sys_DiT_ref_class1000,4.85,3.65,110
552,Sys_DiT_ref_class1000,4.82,2.15,110
553,Sys_DiT_ref_class1000,4.85,3.72,110
554,Sys_DiT_ref_class1000,4.82,3.65,110
555,Sys_DiT_ref_class1000,4.85,3.65,111
556,Sys_DiT_ref_class1000,4.85,3.62,111
557,Sys_DiT_ref_class1000,4.85,4.92,111
558,Sys_DiT_ref_class1000,4.85,3.62,111
559,Sys_DiT_ref_class1000,4.12,2.85,111
560,Sys_DiT_ref_class1000,3.85,3.62,112
561,Sys_DiT_ref_class1000,4.85,3.75,112
562,Sys_DiT_ref_class1000,3.45,3.82,112
563,Sys_DiT_ref_class1000,4.85,4.92,112
564,Sys_DiT_ref_class1000,5.0,5.0,112
565,Sys_DiT_ref_class1000,4.85,4.75,113
566,Sys_DiT_ref_class1000,4.92,4.95,113
567,Sys_DiT_ref_class1000,4.15,3.85,113
568,Sys_DiT_ref_class1000,3.65,2.85,113
569,Sys_DiT_ref_class1000,4.98,4.99,113
570,Sys_DiT_ref_class1000,4.92,4.98,114
571,Sys_DiT_ref_class1000,3.42,2.85,114
572,Sys_DiT_ref_class1000,3.42,2.85,114
573,Sys_DiT_ref_class1000,4.98,4.95,114
574,Sys_DiT_ref_class1000,4.85,4.2,114
575,Sys_DiT_ref_class1000,3.65,3.8,115
576,Sys_DiT_ref_class1000,2.15,2.8,115
577,Sys_DiT_ref_class1000,3.82,2.45,115
578,Sys_DiT_ref_class1000,4.35,3.82,115
579,Sys_DiT_ref_class1000,4.82,3.65,115
580,Sys_DiT_ref_class1000,2.85,2.1,116
581,Sys_DiT_ref_class1000,3.65,3.42,116
582,Sys_DiT_ref_class1000,4.92,4.98,116
583,Sys_DiT_ref_class1000,5.0,5.0,116
584,Sys_DiT_ref_class1000,4.82,3.65,116
585,Sys_DiT_ref_class1000,4.85,4.2,117
586,Sys_DiT_ref_class1000,4.65,2.85,117
587,Sys_DiT_ref_class1000,0.05,2.85,117
588,Sys_DiT_ref_class1000,3.42,3.15,117
589,Sys_DiT_ref_class1000,4.85,3.42,117
590,Sys_DiT_ref_class1000,3.82,2.15,118
591,Sys_DiT_ref_class1000,3.65,2.85,118
592,Sys_DiT_ref_class1000,3.42,3.65,118
593,Sys_DiT_ref_class1000,2.85,3.2,118
594,Sys_DiT_ref_class1000,4.65,3.85,118
595,Sys_DiT_ref_class1000,3.42,3.65,119
596,Sys_DiT_ref_class1000,1.85,2.1,119
597,Sys_DiT_ref_class1000,4.35,2.0,119
598,Sys_DiT_ref_class1000,3.42,2.85,119
599,Sys_DiT_ref_class1000,2.85,3.6,119
600,Sys_DiT_ref_class1000,4.65,3.0,120
601,Sys_DiT_ref_class1000,2.85,1.92,120
602,Sys_DiT_ref_class1000,4.85,3.62,120
603,Sys_DiT_ref_class1000,2.15,3.85,120
604,Sys_DiT_ref_class1000,0.12,0.45,120
605,Sys_DiT_ref_class1000,4.12,3.85,121
606,Sys_DiT_ref_class1000,4.12,2.85,121
607,Sys_DiT_ref_class1000,4.65,2.85,121
608,Sys_DiT_ref_class1000,4.82,3.65,121
609,Sys_DiT_ref_class1000,4.85,2.75,121
610,Sys_DiT_ref_class1000,4.65,1.5,122
611,Sys_DiT_ref_class1000,2.85,2.1,122
612,Sys_DiT_ref_class1000,1.24,1.5,122
613,Sys_DiT_ref_class1000,4.15,3.85,122
614,Sys_DiT_ref_class1000,3.85,2.65,122
615,Sys_DiT_ref_class1000,4.85,4.12,123
616,Sys_DiT_ref_class1000,3.62,2.85,123
617,Sys_DiT_ref_class1000,4.85,3.65,123
618,Sys_DiT_ref_class1000,4.85,3.65,123
619,Sys_DiT_ref_class1000,4.85,4.2,123
620,Sys_DiT_ref_class1000,4.35,2.85,124
621,Sys_DiT_ref_class1000,0.85,0.62,124
622,Sys_DiT_ref_class1000,3.85,2.75,124
623,Sys_DiT_ref_class1000,3.82,2.65,124
624,Sys_DiT_ref_class1000,3.42,1.5,124
625,Sys_DiT_ref_class1000,4.82,3.65,125
626,Sys_DiT_ref_class1000,4.82,3.65,125
627,Sys_DiT_ref_class1000,3.85,3.2,125
628,Sys_DiT_ref_class1000,4.65,3.85,125
629,Sys_DiT_ref_class1000,1.85,1.42,125
630,Sys_DiT_ref_class1000,4.65,3.85,126
631,Sys_DiT_ref_class1000,4.98,4.95,126
632,Sys_DiT_ref_class1000,3.85,3.6,126
633,Sys_DiT_ref_class1000,4.62,4.15,126
634,Sys_DiT_ref_class1000,4.82,4.65,126
635,Sys_DiT_ref_class1000,4.92,1.5,127
636,Sys_DiT_ref_class1000,3.65,1.5,127
637,Sys_DiT_ref_class1000,3.82,1.5,127
638,Sys_DiT_ref_class1000,4.12,1.5,127
639,Sys_DiT_ref_class1000,4.85,1.5,127
640,Sys_DiT_ref_class1000,4.62,3.85,128
641,Sys_DiT_ref_class1000,4.85,4.92,128
642,Sys_DiT_ref_class1000,4.92,4.85,128
643,Sys_DiT_ref_class1000,3.62,1.5,128
644,Sys_DiT_ref_class1000,3.42,1.5,128
645,Sys_DiT_ref_class1000,4.15,1.5,129
646,Sys_DiT_ref_class1000,4.65,1.5,129
647,Sys_DiT_ref_class1000,3.85,2.0,129
648,Sys_DiT_ref_class1000,4.12,2.0,129
649,Sys_DiT_ref_class1000,4.65,2.0,129
650,Sys_DiT_ref_class1000,4.65,3.85,130
651,Sys_DiT_ref_class1000,3.42,2.85,130
652,Sys_DiT_ref_class1000,4.12,1.5,130
653,Sys_DiT_ref_class1000,4.65,3.85,130
654,Sys_DiT_ref_class1000,4.35,1.5,130
655,Sys_DiT_ref_class1000,3.42,2.0,131
656,Sys_DiT_ref_class1000,3.65,1.5,131
657,Sys_DiT_ref_class1000,4.15,1.5,131
658,Sys_DiT_ref_class1000,4.12,2.0,131
659,Sys_DiT_ref_class1000,2.85,1.5,131
660,Sys_DiT_ref_class1000,4.12,1.5,132
661,Sys_DiT_ref_class1000,4.15,2.0,132
662,Sys_DiT_ref_class1000,2.15,1.5,132
663,Sys_DiT_ref_class1000,2.85,1.5,132
664,Sys_DiT_ref_class1000,2.85,1.42,132
665,Sys_DiT_ref_class1000,4.12,1.5,133
666,Sys_DiT_ref_class1000,4.82,3.65,133
667,Sys_DiT_ref_class1000,4.35,3.85,133
668,Sys_DiT_ref_class1000,4.62,1.5,133
669,Sys_DiT_ref_class1000,2.85,1.5,133
670,Sys_DiT_ref_class1000,4.85,3.65,134
671,Sys_DiT_ref_class1000,4.15,1.5,134
672,Sys_DiT_ref_class1000,2.15,3.0,134
673,Sys_DiT_ref_class1000,4.62,1.5,134
674,Sys_DiT_ref_class1000,4.12,1.5,134
675,Sys_DiT_ref_class1000,3.42,1.85,135
676,Sys_DiT_ref_class1000,3.65,2.85,135
677,Sys_DiT_ref_class1000,4.68,2.0,135
678,Sys_DiT_ref_class1000,3.85,1.5,135
679,Sys_DiT_ref_class1000,1.85,1.5,135
680,Sys_DiT_ref_class1000,2.85,1.5,136
681,Sys_DiT_ref_class1000,3.42,1.5,136
682,Sys_DiT_ref_class1000,2.85,1.5,136
683,Sys_DiT_ref_class1000,2.85,1.5,136
684,Sys_DiT_ref_class1000,2.85,1.5,136
685,Sys_DiT_ref_class1000,4.65,1.5,137
686,Sys_DiT_ref_class1000,4.82,1.5,137
687,Sys_DiT_ref_class1000,4.85,1.5,137
688,Sys_DiT_ref_class1000,4.82,4.65,137
689,Sys_DiT_ref_class1000,4.92,4.98,137
690,Sys_DiT_ref_class1000,4.65,1.5,138
691,Sys_DiT_ref_class1000,4.65,1.5,138
692,Sys_DiT_ref_class1000,4.62,3.85,138
693,Sys_DiT_ref_class1000,4.92,4.95,138
694,Sys_DiT_ref_class1000,4.62,2.0,138
695,Sys_DiT_ref_class1000,4.85,4.12,139
696,Sys_DiT_ref_class1000,5.0,5.0,139
697,Sys_DiT_ref_class1000,4.85,3.0,139
698,Sys_DiT_ref_class1000,3.65,1.5,139
699,Sys_DiT_ref_class1000,4.92,4.95,139
700,Sys_DiT_ref_class1000,4.65,1.5,140
701,Sys_DiT_ref_class1000,4.65,1.5,140
702,Sys_DiT_ref_class1000,4.85,1.5,140
703,Sys_DiT_ref_class1000,4.62,1.5,140
704,Sys_DiT_ref_class1000,4.12,2.0,140
705,Sys_DiT_ref_class1000,4.65,2.0,141
706,Sys_DiT_ref_class1000,4.85,4.2,141
707,Sys_DiT_ref_class1000,4.65,3.82,141
708,Sys_DiT_ref_class1000,4.92,4.88,141
709,Sys_DiT_ref_class1000,4.85,3.62,141
710,Sys_DiT_ref_class1000,4.12,2.0,142
711,Sys_DiT_ref_class1000,4.62,1.5,142
712,Sys_DiT_ref_class1000,4.12,2.0,142
713,Sys_DiT_ref_class1000,4.85,1.5,142
714,Sys_DiT_ref_class1000,4.92,3.0,142
715,Sys_DiT_ref_class1000,4.35,1.5,143
716,Sys_DiT_ref_class1000,3.85,1.5,143
717,Sys_DiT_ref_class1000,4.15,4.6,143
718,Sys_DiT_ref_class1000,4.65,2.0,143
719,Sys_DiT_ref_class1000,4.95,4.98,143
720,Sys_DiT_ref_class1000,4.15,1.5,144
721,Sys_DiT_ref_class1000,4.85,3.65,144
722,Sys_DiT_ref_class1000,3.42,2.85,144
723,Sys_DiT_ref_class1000,4.15,1.5,144
724,Sys_DiT_ref_class1000,4.68,1.5,144
725,Sys_DiT_ref_class1000,4.85,2.15,145
726,Sys_DiT_ref_class1000,4.82,3.65,145
727,Sys_DiT_ref_class1000,5.0,5.0,145
728,Sys_DiT_ref_class1000,3.65,2.85,145
729,Sys_DiT_ref_class1000,4.12,1.5,145
730,Sys_DiT_ref_class1000,4.82,3.85,146
731,Sys_DiT_ref_class1000,4.65,3.85,146
732,Sys_DiT_ref_class1000,4.85,4.92,146
733,Sys_DiT_ref_class1000,4.85,1.5,146
734,Sys_DiT_ref_class1000,4.65,4.85,146
735,Sys_DiT_ref_class1000,3.65,3.82,147
736,Sys_DiT_ref_class1000,4.82,4.65,147
737,Sys_DiT_ref_class1000,4.85,3.6,147
738,Sys_DiT_ref_class1000,4.85,4.92,147
739,Sys_DiT_ref_class1000,4.85,3.62,147
740,Sys_DiT_ref_class1000,4.82,1.5,148
741,Sys_DiT_ref_class1000,4.85,3.65,148
742,Sys_DiT_ref_class1000,4.85,3.65,148
743,Sys_DiT_ref_class1000,4.85,2.65,148
744,Sys_DiT_ref_class1000,4.98,4.85,148
745,Sys_DiT_ref_class1000,4.12,1.5,149
746,Sys_DiT_ref_class1000,2.85,3.62,149
747,Sys_DiT_ref_class1000,4.35,3.82,149
748,Sys_DiT_ref_class1000,4.85,4.92,149
749,Sys_DiT_ref_class1000,4.35,1.5,149
750,Sys_DiT_ref_class1000,4.65,3.82,150
751,Sys_DiT_ref_class1000,4.12,2.85,150
752,Sys_DiT_ref_class1000,3.85,1.5,150
753,Sys_DiT_ref_class1000,4.12,2.0,150
754,Sys_DiT_ref_class1000,3.85,1.5,150
755,Sys_DiT_ref_class1000,3.65,2.0,151
756,Sys_DiT_ref_class1000,4.85,3.65,151
757,Sys_DiT_ref_class1000,4.85,1.5,151
758,Sys_DiT_ref_class1000,2.85,1.5,151
759,Sys_DiT_ref_class1000,2.85,1.2,151
760,Sys_DiT_ref_class1000,4.35,1.5,152
761,Sys_DiT_ref_class1000,4.85,3.0,152
762,Sys_DiT_ref_class1000,0.45,2.85,152
763,Sys_DiT_ref_class1000,4.65,2.0,152
764,Sys_DiT_ref_class1000,4.65,1.5,152
765,Sys_DiT_ref_class1000,4.85,4.72,153
766,Sys_DiT_ref_class1000,1.85,3.2,153
767,Sys_DiT_ref_class1000,3.42,1.5,153
768,Sys_DiT_ref_class1000,3.42,1.5,153
769,Sys_DiT_ref_class1000,4.82,1.5,153
770,Sys_DiT_ref_class1000,4.62,2.85,154
771,Sys_DiT_ref_class1000,4.85,3.0,154
772,Sys_DiT_ref_class1000,4.62,2.0,154
773,Sys_DiT_ref_class1000,4.62,1.5,154
774,Sys_DiT_ref_class1000,3.42,1.85,154
775,Sys_DiT_ref_class1000,4.82,1.5,155
776,Sys_DiT_ref_class1000,4.12,2.85,155
777,Sys_DiT_ref_class1000,3.45,1.5,155
778,Sys_DiT_ref_class1000,3.65,1.5,155
779,Sys_DiT_ref_class1000,4.12,1.5,155
780,Sys_DiT_ref_class1000,4.35,3.0,156
781,Sys_DiT_ref_class1000,4.62,2.0,156
782,Sys_DiT_ref_class1000,4.82,3.65,156
783,Sys_DiT_ref_class1000,4.82,1.5,156
784,Sys_DiT_ref_class1000,3.42,1.5,156
785,Sys_DiT_ref_class1000,4.12,1.5,157
786,Sys_DiT_ref_class1000,4.68,3.0,157
787,Sys_DiT_ref_class1000,4.68,3.0,157
788,Sys_DiT_ref_class1000,4.85,3.0,157
789,Sys_DiT_ref_class1000,4.68,3.0,157
790,Sys_DiT_ref_class1000,2.85,3.62,158
791,Sys_DiT_ref_class1000,2.15,2.0,158
792,Sys_DiT_ref_class1000,1.85,1.5,158
793,Sys_DiT_ref_class1000,4.85,2.1,158
794,Sys_DiT_ref_class1000,4.15,1.5,158
795,Sys_DiT_ref_class1000,3.65,2.0,159
796,Sys_DiT_ref_class1000,4.12,3.0,159
797,Sys_DiT_ref_class1000,1.25,1.8,159
798,Sys_DiT_ref_class1000,4.65,3.85,159
799,Sys_DiT_ref_class1000,3.12,1.85,159
800,Sys_DiT_ref_class1000,4.68,3.85,160
801,Sys_DiT_ref_class1000,4.65,2.0,160
802,Sys_DiT_ref_class1000,4.85,4.92,160
803,Sys_DiT_ref_class1000,3.62,2.0,160
804,Sys_DiT_ref_class1000,3.42,1.5,160
805,Sys_DiT_ref_class1000,4.85,1.5,161
806,Sys_DiT_ref_class1000,2.85,1.5,161
807,Sys_DiT_ref_class1000,3.42,1.5,161
808,Sys_DiT_ref_class1000,4.85,1.5,161
809,Sys_DiT_ref_class1000,4.65,2.0,161
810,Sys_DiT_ref_class1000,4.12,1.5,162
811,Sys_DiT_ref_class1000,4.85,3.2,162
812,Sys_DiT_ref_class1000,4.65,3.82,162
813,Sys_DiT_ref_class1000,1.85,1.2,162
814,Sys_DiT_ref_class1000,4.62,2.0,162
815,Sys_DiT_ref_class1000,4.68,2.0,163
816,Sys_DiT_ref_class1000,4.85,4.72,163
817,Sys_DiT_ref_class1000,4.12,2.0,163
818,Sys_DiT_ref_class1000,4.92,1.5,163
819,Sys_DiT_ref_class1000,3.62,1.5,163
820,Sys_DiT_ref_class1000,3.42,1.5,164
821,Sys_DiT_ref_class1000,3.85,1.5,164
822,Sys_DiT_ref_class1000,4.65,2.0,164
823,Sys_DiT_ref_class1000,4.12,1.5,164
824,Sys_DiT_ref_class1000,4.85,1.5,164
825,Sys_DiT_ref_class1000,4.98,4.95,165
826,Sys_DiT_ref_class1000,4.15,1.5,165
827,Sys_DiT_ref_class1000,4.12,1.5,165
828,Sys_DiT_ref_class1000,4.12,1.5,165
829,Sys_DiT_ref_class1000,4.65,2.85,165
830,Sys_DiT_ref_class1000,4.85,4.92,166
831,Sys_DiT_ref_class1000,4.85,1.5,166
832,Sys_DiT_ref_class1000,3.42,1.5,166
833,Sys_DiT_ref_class1000,4.12,1.5,166
834,Sys_DiT_ref_class1000,4.15,1.5,166
835,Sys_DiT_ref_class1000,3.65,3.82,167
836,Sys_DiT_ref_class1000,2.85,3.42,167
837,Sys_DiT_ref_class1000,3.65,1.5,167
838,Sys_DiT_ref_class1000,1.85,1.2,167
839,Sys_DiT_ref_class1000,4.85,3.72,167
840,Sys_DiT_ref_class1000,3.85,1.5,168
841,Sys_DiT_ref_class1000,3.42,2.85,168
842,Sys_DiT_ref_class1000,4.12,1.5,168
843,Sys_DiT_ref_class1000,2.85,2.0,168
844,Sys_DiT_ref_class1000,3.65,1.5,168
845,Sys_DiT_ref_class1000,4.12,1.5,169
846,Sys_DiT_ref_class1000,3.42,1.5,169
847,Sys_DiT_ref_class1000,4.65,3.8,169
848,Sys_DiT_ref_class1000,4.85,3.65,169
849,Sys_DiT_ref_class1000,3.65,2.85,169
850,Sys_DiT_ref_class1000,4.35,3.85,170
851,Sys_DiT_ref_class1000,4.65,3.85,170
852,Sys_DiT_ref_class1000,4.12,1.5,170
853,Sys_DiT_ref_class1000,1.85,1.2,170
854,Sys_DiT_ref_class1000,2.15,1.85,170
855,Sys_DiT_ref_class1000,4.92,4.85,171
856,Sys_DiT_ref_class1000,4.85,3.65,171
857,Sys_DiT_ref_class1000,4.92,2.0,171
858,Sys_DiT_ref_class1000,3.85,2.65,171
859,Sys_DiT_ref_class1000,4.85,1.5,171
860,Sys_DiT_ref_class1000,1.24,0.85,172
861,Sys_DiT_ref_class1000,2.85,1.5,172
862,Sys_DiT_ref_class1000,1.25,1.1,172
863,Sys_DiT_ref_class1000,4.15,3.85,172
864,Sys_DiT_ref_class1000,4.85,3.0,172
865,Sys_DiT_ref_class1000,4.65,2.0,173
866,Sys_DiT_ref_class1000,1.45,1.5,173
867,Sys_DiT_ref_class1000,3.85,1.5,173
868,Sys_DiT_ref_class1000,4.85,4.62,173
869,Sys_DiT_ref_class1000,2.85,2.15,173
870,Sys_DiT_ref_class1000,4.12,1.5,174
871,Sys_DiT_ref_class1000,1.85,1.5,174
872,Sys_DiT_ref_class1000,4.62,1.5,174
873,Sys_DiT_ref_class1000,2.85,1.92,174
874,Sys_DiT_ref_class1000,4.82,1.5,174
875,Sys_DiT_ref_class1000,4.35,2.0,175
876,Sys_DiT_ref_class1000,4.82,3.65,175
877,Sys_DiT_ref_class1000,3.85,1.5,175
878,Sys_DiT_ref_class1000,4.62,2.0,175
879,Sys_DiT_ref_class1000,3.42,1.5,175
880,Sys_DiT_ref_class1000,4.85,4.75,176
881,Sys_DiT_ref_class1000,4.85,4.12,176
882,Sys_DiT_ref_class1000,4.85,3.65,176
883,Sys_DiT_ref_class1000,3.65,3.82,176
884,Sys_DiT_ref_class1000,1.85,1.2,176
885,Sys_DiT_ref_class1000,4.15,2.35,177
886,Sys_DiT_ref_class1000,4.68,3.85,177
887,Sys_DiT_ref_class1000,4.35,2.85,177
888,Sys_DiT_ref_class1000,4.85,4.2,177
889,Sys_DiT_ref_class1000,1.85,1.2,177
890,Sys_DiT_ref_class1000,4.85,1.5,178
891,Sys_DiT_ref_class1000,1.85,0.92,178
892,Sys_DiT_ref_class1000,2.85,2.1,178
893,Sys_DiT_ref_class1000,2.85,1.42,178
894,Sys_DiT_ref_class1000,1.85,1.2,178
895,Sys_DiT_ref_class1000,4.82,1.5,179
896,Sys_DiT_ref_class1000,4.12,1.5,179
897,Sys_DiT_ref_class1000,4.65,2.85,179
898,Sys_DiT_ref_class1000,4.85,3.0,179
899,Sys_DiT_ref_class1000,4.85,3.65,179
900,Sys_DiT_ref_class1000,4.35,2.0,180
901,Sys_DiT_ref_class1000,4.68,2.0,180
902,Sys_DiT_ref_class1000,3.62,1.85,180
903,Sys_DiT_ref_class1000,4.68,3.0,180
904,Sys_DiT_ref_class1000,3.82,1.5,180
905,Sys_DiT_ref_class1000,2.45,1.5,181
906,Sys_DiT_ref_class1000,1.25,0.85,181
907,Sys_DiT_ref_class1000,3.42,1.5,181
908,Sys_DiT_ref_class1000,4.82,3.65,181
909,Sys_DiT_ref_class1000,2.15,1.5,181
910,Sys_DiT_ref_class1000,4.12,1.5,182
911,Sys_DiT_ref_class1000,3.85,1.5,182
912,Sys_DiT_ref_class1000,4.82,1.5,182
913,Sys_DiT_ref_class1000,4.65,3.0,182
914,Sys_DiT_ref_class1000,4.82,4.65,182
915,Sys_DiT_ref_class1000,1.85,2.4,183
916,Sys_DiT_ref_class1000,1.85,2.0,183
917,Sys_DiT_ref_class1000,4.85,4.6,183
918,Sys_DiT_ref_class1000,3.85,2.65,183
919,Sys_DiT_ref_class1000,4.85,3.62,183
920,Sys_DiT_ref_class1000,4.65,1.5,184
921,Sys_DiT_ref_class1000,4.12,1.5,184
922,Sys_DiT_ref_class1000,4.65,1.5,184
923,Sys_DiT_ref_class1000,1.85,2.1,184
924,Sys_DiT_ref_class1000,4.12,1.5,184
925,Sys_DiT_ref_class1000,4.68,2.85,185
926,Sys_DiT_ref_class1000,4.92,2.0,185
927,Sys_DiT_ref_class1000,3.42,1.5,185
928,Sys_DiT_ref_class1000,4.82,3.0,185
929,Sys_DiT_ref_class1000,1.85,2.4,185
930,Sys_DiT_ref_class1000,4.85,1.5,186
931,Sys_DiT_ref_class1000,4.85,1.5,186
932,Sys_DiT_ref_class1000,4.62,2.85,186
933,Sys_DiT_ref_class1000,4.92,4.65,186
934,Sys_DiT_ref_class1000,4.65,2.0,186
935,Sys_DiT_ref_class1000,4.82,1.5,187
936,Sys_DiT_ref_class1000,2.85,1.5,187
937,Sys_DiT_ref_class1000,4.12,1.5,187
938,Sys_DiT_ref_class1000,4.15,3.62,187
939,Sys_DiT_ref_class1000,2.85,2.1,187
940,Sys_DiT_ref_class1000,3.65,1.5,188
941,Sys_DiT_ref_class1000,4.12,1.5,188
942,Sys_DiT_ref_class1000,4.65,1.5,188
943,Sys_DiT_ref_class1000,4.15,1.5,188
944,Sys_DiT_ref_class1000,1.85,3.62,188
945,Sys_DiT_ref_class1000,4.85,3.65,189
946,Sys_DiT_ref_class1000,3.42,2.85,189
947,Sys_DiT_ref_class1000,1.85,1.2,189
948,Sys_DiT_ref_class1000,4.62,2.0,189
949,Sys_DiT_ref_class1000,4.15,2.85,189
950,Sys_DiT_ref_class1000,3.42,1.5,190
951,Sys_DiT_ref_class1000,3.85,2.15,190
952,Sys_DiT_ref_class1000,4.12,1.5,190
953,Sys_DiT_ref_class1000,4.65,1.85,190
954,Sys_DiT_ref_class1000,2.15,1.85,190
955,Sys_DiT_ref_class1000,1.85,1.4,191
956,Sys_DiT_ref_class1000,3.65,1.5,191
957,Sys_DiT_ref_class1000,4.12,3.68,191
958,Sys_DiT_ref_class1000,4.82,1.5,191
959,Sys_DiT_ref_class1000,4.12,2.0,191
960,Sys_DiT_ref_class1000,4.35,3.82,192
961,Sys_DiT_ref_class1000,4.15,2.85,192
962,Sys_DiT_ref_class1000,4.15,3.0,192
963,Sys_DiT_ref_class1000,4.35,1.5,192
964,Sys_DiT_ref_class1000,1.85,1.5,192
965,Sys_DiT_ref_class1000,4.85,3.0,193
967,Sys_DiT_ref_class1000,1.85,1.5,193
968,Sys_DiT_ref_class1000,4.92,1.5,193
969,Sys_DiT_ref_class1000,3.82,1.5,193
970,Sys_DiT_ref_class1000,2.15,1.85,194
971,Sys_DiT_ref_class1000,1.85,2.15,194
972,Sys_DiT_ref_class1000,3.65,2.85,194
973,Sys_DiT_ref_class1000,0.85,1.5,194
974,Sys_DiT_ref_class1000,4.15,2.85,194
975,Sys_DiT_ref_class1000,4.12,1.5,195
976,Sys_DiT_ref_class1000,4.12,1.5,195
977,Sys_DiT_ref_class1000,4.35,1.5,195
978,Sys_DiT_ref_class1000,4.65,1.5,195
979,Sys_DiT_ref_class1000,4.35,1.5,195
980,Sys_DiT_ref_class1000,2.15,1.5,196
981,Sys_DiT_ref_class1000,4.12,1.5,196
982,Sys_DiT_ref_class1000,4.68,3.85,196
983,Sys_DiT_ref_class1000,4.12,2.0,196
984,Sys_DiT_ref_class1000,2.15,1.5,196
985,Sys_DiT_ref_class1000,3.65,1.5,197
986,Sys_DiT_ref_class1000,2.85,1.5,197
987,Sys_DiT_ref_class1000,4.85,3.6,197
988,Sys_DiT_ref_class1000,4.62,3.0,197
989,Sys_DiT_ref_class1000,4.65,2.85,197
990,Sys_DiT_ref_class1000,4.35,2.85,198
991,Sys_DiT_ref_class1000,3.42,1.5,198
992,Sys_DiT_ref_class1000,2.15,2.0,198
993,Sys_DiT_ref_class1000,4.85,1.5,198
994,Sys_DiT_ref_class1000,4.15,1.5,198
995,Sys_DiT_ref_class1000,3.42,1.5,199
996,Sys_DiT_ref_class1000,4.85,4.62,199
997,Sys_DiT_ref_class1000,3.85,1.5,199
998,Sys_DiT_ref_class1000,4.12,2.0,199
999,Sys_DiT_ref_class1000,4.65,3.82,199
1000,Sys_DiT_ref_class1000,3.65,1.5,200
1001,Sys_DiT_ref_class1000,4.12,1.5,200
1002,Sys_DiT_ref_class1000,4.62,2.0,200
1003,Sys_DiT_ref_class1000,2.85,2.0,200
1004,Sys_DiT_ref_class1000,4.12,1.5,200
1005,Sys_DiT_ref_class1000,2.85,2.1,201
1006,Sys_DiT_ref_class1000,4.15,3.85,201
1007,Sys_DiT_ref_class1000,4.65,1.5,201
1008,Sys_DiT_ref_class1000,2.85,2.0,201
1009,Sys_DiT_ref_class1000,2.15,2.0,201
1010,Sys_DiT_ref_class1000,3.42,1.5,202
1011,Sys_DiT_ref_class1000,4.15,1.5,202
1012,Sys_DiT_ref_class1000,4.65,1.5,202
1013,Sys_DiT_ref_class1000,4.82,4.65,202
1014,Sys_DiT_ref_class1000,4.72,2.0,202
1015,Sys_DiT_ref_class1000,3.45,1.5,203
1016,Sys_DiT_ref_class1000,4.85,1.5,203
1017,Sys_DiT_ref_class1000,1.85,1.2,203
1018,Sys_DiT_ref_class1000,3.85,1.5,203
1019,Sys_DiT_ref_class1000,4.85,1.5,203
1020,Sys_DiT_ref_class1000,4.82,4.65,204
1021,Sys_DiT_ref_class1000,4.12,1.5,204
1022,Sys_DiT_ref_class1000,4.12,1.5,204
1023,Sys_DiT_ref_class1000,3.65,2.85,204
1024,Sys_DiT_ref_class1000,4.12,3.85,204
1025,Sys_DiT_ref_class1000,4.72,1.5,205
1026,Sys_DiT_ref_class1000,3.85,3.2,205
1027,Sys_DiT_ref_class1000,4.82,1.5,205
1028,Sys_DiT_ref_class1000,3.85,3.2,205
1029,Sys_DiT_ref_class1000,4.12,1.5,205
1030,Sys_DiT_ref_class1000,4.65,2.85,206
1031,Sys_DiT_ref_class1000,2.15,1.85,206
1032,Sys_DiT_ref_class1000,4.92,4.88,206
1033,Sys_DiT_ref_class1000,4.92,4.85,206
1034,Sys_DiT_ref_class1000,4.85,3.2,206
1035,Sys_DiT_ref_class1000,4.65,1.5,207
1036,Sys_DiT_ref_class1000,4.85,3.0,207
1037,Sys_DiT_ref_class1000,3.82,1.95,207
1038,Sys_DiT_ref_class1000,4.85,1.5,207
1039,Sys_DiT_ref_class1000,4.65,1.5,207
1040,Sys_DiT_ref_class1000,0.15,0.85,208
1041,Sys_DiT_ref_class1000,2.15,0.85,208
1042,Sys_DiT_ref_class1000,4.85,1.5,208
1043,Sys_DiT_ref_class1000,1.85,1.2,208
1044,Sys_DiT_ref_class1000,4.12,2.85,208
1045,Sys_DiT_ref_class1000,3.85,1.5,209
1046,Sys_DiT_ref_class1000,4.85,4.6,209
1047,Sys_DiT_ref_class1000,4.85,1.5,209
1048,Sys_DiT_ref_class1000,3.42,1.5,209
1049,Sys_DiT_ref_class1000,4.92,1.5,209
1050,Sys_DiT_ref_class1000,4.85,4.92,210
1051,Sys_DiT_ref_class1000,4.62,3.15,210
1052,Sys_DiT_ref_class1000,4.65,3.85,210
1053,Sys_DiT_ref_class1000,3.85,4.12,210
1054,Sys_DiT_ref_class1000,4.65,3.85,210
1055,Sys_DiT_ref_class1000,4.85,3.65,211
1056,Sys_DiT_ref_class1000,2.85,1.92,211
1057,Sys_DiT_ref_class1000,3.85,1.5,211
1058,Sys_DiT_ref_class1000,4.85,1.5,211
1059,Sys_DiT_ref_class1000,4.12,1.5,211
1060,Sys_DiT_ref_class1000,2.85,1.92,212
1061,Sys_DiT_ref_class1000,4.12,1.85,212
1062,Sys_DiT_ref_class1000,4.12,1.5,212
1063,Sys_DiT_ref_class1000,4.65,1.5,212
1064,Sys_DiT_ref_class1000,2.85,1.5,212
1065,Sys_DiT_ref_class1000,2.85,1.2,213
1066,Sys_DiT_ref_class1000,2.85,1.92,213
1067,Sys_DiT_ref_class1000,2.85,1.5,213
1068,Sys_DiT_ref_class1000,4.85,1.5,213
1069,Sys_DiT_ref_class1000,2.15,1.5,213
1070,Sys_DiT_ref_class1000,3.45,1.5,214
1071,Sys_DiT_ref_class1000,4.85,3.6,214
1072,Sys_DiT_ref_class1000,3.85,1.2,214
1073,Sys_DiT_ref_class1000,2.85,1.5,214
1074,Sys_DiT_ref_class1000,4.12,1.5,214
1075,Sys_DiT_ref_class1000,4.85,1.5,215
1076,Sys_DiT_ref_class1000,4.92,4.15,215
1077,Sys_DiT_ref_class1000,4.82,1.5,215
1078,Sys_DiT_ref_class1000,3.85,1.5,215
1079,Sys_DiT_ref_class1000,1.85,2.4,215
1080,Sys_DiT_ref_class1000,4.68,3.42,216
1081,Sys_DiT_ref_class1000,4.15,3.85,216
1082,Sys_DiT_ref_class1000,4.65,3.85,216
1083,Sys_DiT_ref_class1000,4.82,3.65,216
1084,Sys_DiT_ref_class1000,4.35,1.5,216
1085,Sys_DiT_ref_class1000,4.15,1.5,217
1086,Sys_DiT_ref_class1000,4.65,3.82,217
1087,Sys_DiT_ref_class1000,4.85,3.0,217
1088,Sys_DiT_ref_class1000,4.85,3.92,217
1089,Sys_DiT_ref_class1000,4.12,2.85,217
1090,Sys_DiT_ref_class1000,3.85,1.5,218
1091,Sys_DiT_ref_class1000,1.85,0.92,218
1092,Sys_DiT_ref_class1000,4.12,1.5,218
1093,Sys_DiT_ref_class1000,1.25,0.85,218
1094,Sys_DiT_ref_class1000,2.85,1.5,218
1095,Sys_DiT_ref_class1000,4.82,1.5,219
1096,Sys_DiT_ref_class1000,4.85,3.0,219
1097,Sys_DiT_ref_class1000,3.42,1.5,219
1098,Sys_DiT_ref_class1000,4.85,1.5,219
1099,Sys_DiT_ref_class1000,4.85,2.0,219
1100,Sys_DiT_ref_class1000,2.15,2.3,220
1101,Sys_DiT_ref_class1000,4.72,2.85,220
1102,Sys_DiT_ref_class1000,1.85,2.0,220
1103,Sys_DiT_ref_class1000,4.85,1.5,220
1104,Sys_DiT_ref_class1000,3.42,1.5,220
1105,Sys_DiT_ref_class1000,1.82,0.95,221
1106,Sys_DiT_ref_class1000,2.85,3.6,221
1107,Sys_DiT_ref_class1000,3.65,1.5,221
1108,Sys_DiT_ref_class1000,1.25,4.6,221
1109,Sys_DiT_ref_class1000,2.15,2.85,221
1110,Sys_DiT_ref_class1000,1.85,1.2,222
1111,Sys_DiT_ref_class1000,4.82,3.65,222
1112,Sys_DiT_ref_class1000,2.85,1.2,222
1113,Sys_DiT_ref_class1000,2.85,2.0,222
1114,Sys_DiT_ref_class1000,4.65,2.85,222
1115,Sys_DiT_ref_class1000,3.65,2.85,223
1116,Sys_DiT_ref_class1000,3.65,2.85,223
1117,Sys_DiT_ref_class1000,3.42,1.5,223
1118,Sys_DiT_ref_class1000,4.12,1.5,223
1119,Sys_DiT_ref_class1000,4.35,3.0,223
1120,Sys_DiT_ref_class1000,4.92,2.0,224
1121,Sys_DiT_ref_class1000,4.82,1.5,224
1122,Sys_DiT_ref_class1000,1.85,2.0,224
1123,Sys_DiT_ref_class1000,3.82,1.5,224
1124,Sys_DiT_ref_class1000,4.15,2.85,224
1125,Sys_DiT_ref_class1000,3.85,2.0,225
1126,Sys_DiT_ref_class1000,1.82,0.45,225
1127,Sys_DiT_ref_class1000,4.65,1.85,225
1128,Sys_DiT_ref_class1000,2.85,1.2,225
1129,Sys_DiT_ref_class1000,1.25,0.85,225
1130,Sys_DiT_ref_class1000,3.85,1.2,226
1131,Sys_DiT_ref_class1000,3.15,1.5,226
1132,Sys_DiT_ref_class1000,3.85,2.15,226
1133,Sys_DiT_ref_class1000,4.85,2.0,226
1134,Sys_DiT_ref_class1000,3.65,1.5,226
1135,Sys_DiT_ref_class1000,4.85,1.5,227
1136,Sys_DiT_ref_class1000,4.82,1.5,227
1137,Sys_DiT_ref_class1000,4.62,1.5,227
1138,Sys_DiT_ref_class1000,4.72,2.0,227
1139,Sys_DiT_ref_class1000,4.15,2.85,227
1140,Sys_DiT_ref_class1000,3.65,1.5,228
1141,Sys_DiT_ref_class1000,4.12,2.85,228
1142,Sys_DiT_ref_class1000,4.68,3.42,228
1143,Sys_DiT_ref_class1000,3.85,1.5,228
1144,Sys_DiT_ref_class1000,4.72,3.85,228
1145,Sys_DiT_ref_class1000,3.42,2.15,229
1146,Sys_DiT_ref_class1000,4.65,3.0,229
1147,Sys_DiT_ref_class1000,4.65,1.5,229
1148,Sys_DiT_ref_class1000,4.65,1.5,229
1149,Sys_DiT_ref_class1000,4.35,1.5,229
1150,Sys_DiT_ref_class1000,4.65,1.5,230
1151,Sys_DiT_ref_class1000,4.15,1.5,230
1152,Sys_DiT_ref_class1000,3.15,1.2,230
1153,Sys_DiT_ref_class1000,4.65,1.5,230
1154,Sys_DiT_ref_class1000,4.15,1.5,230
1155,Sys_DiT_ref_class1000,2.85,1.5,231
1156,Sys_DiT_ref_class1000,4.72,3.15,231
1157,Sys_DiT_ref_class1000,4.85,3.0,231
1158,Sys_DiT_ref_class1000,4.12,1.5,231
1159,Sys_DiT_ref_class1000,4.15,1.5,231
1160,Sys_DiT_ref_class1000,4.65,2.0,232
1161,Sys_DiT_ref_class1000,3.65,1.5,232
1162,Sys_DiT_ref_class1000,4.65,1.5,232
1163,Sys_DiT_ref_class1000,4.15,1.5,232
1164,Sys_DiT_ref_class1000,4.65,3.0,232
1165,Sys_DiT_ref_class1000,4.72,2.85,233
1166,Sys_DiT_ref_class1000,3.85,3.2,233
1167,Sys_DiT_ref_class1000,4.65,1.5,233
1168,Sys_DiT_ref_class1000,4.65,3.82,233
1169,Sys_DiT_ref_class1000,4.12,2.0,233
1170,Sys_DiT_ref_class1000,3.42,1.5,234
1171,Sys_DiT_ref_class1000,4.85,3.65,234
1172,Sys_DiT_ref_class1000,4.62,1.5,234
1173,Sys_DiT_ref_class1000,4.82,3.65,234
1174,Sys_DiT_ref_class1000,4.65,1.5,234
1175,Sys_DiT_ref_class1000,4.72,2.85,235
1176,Sys_DiT_ref_class1000,2.85,1.5,235
1177,Sys_DiT_ref_class1000,4.15,2.85,235
1178,Sys_DiT_ref_class1000,1.85,1.2,235
1179,Sys_DiT_ref_class1000,4.85,2.0,235
1180,Sys_DiT_ref_class1000,4.85,3.65,236
1181,Sys_DiT_ref_class1000,1.85,1.2,236
1182,Sys_DiT_ref_class1000,1.85,0.92,236
1183,Sys_DiT_ref_class1000,2.85,2.15,236
1184,Sys_DiT_ref_class1000,4.72,3.85,236
1185,Sys_DiT_ref_class1000,2.35,2.8,237
1186,Sys_DiT_ref_class1000,4.15,1.5,237
1187,Sys_DiT_ref_class1000,2.85,1.5,237
1188,Sys_DiT_ref_class1000,4.12,4.35,237
1189,Sys_DiT_ref_class1000,4.12,1.5,237
1190,Sys_DiT_ref_class1000,3.42,1.5,238
1191,Sys_DiT_ref_class1000,4.15,2.85,238
1192,Sys_DiT_ref_class1000,4.65,1.5,238
1193,Sys_DiT_ref_class1000,4.15,3.85,238
1194,Sys_DiT_ref_class1000,2.15,1.25,238
1195,Sys_DiT_ref_class1000,4.82,1.5,239
1196,Sys_DiT_ref_class1000,3.45,1.5,239
1197,Sys_DiT_ref_class1000,1.25,1.5,239
1198,Sys_DiT_ref_class1000,4.65,1.5,239
1199,Sys_DiT_ref_class1000,4.85,3.62,239
1200,Sys_DiT_ref_class1000,4.72,1.5,240
1201,Sys_DiT_ref_class1000,2.15,2.0,240
1202,Sys_DiT_ref_class1000,2.85,1.5,240
1203,Sys_DiT_ref_class1000,4.15,3.0,240
1204,Sys_DiT_ref_class1000,3.65,1.5,240
1205,Sys_DiT_ref_class1000,4.72,2.85,241
1206,Sys_DiT_ref_class1000,4.65,2.85,241
1207,Sys_DiT_ref_class1000,2.15,1.5,241
1208,Sys_DiT_ref_class1000,3.12,1.5,241
1209,Sys_DiT_ref_class1000,4.15,2.85,241
1210,Sys_DiT_ref_class1000,4.15,1.5,242
1211,Sys_DiT_ref_class1000,0.85,0.92,242
1212,Sys_DiT_ref_class1000,4.12,1.5,242
1213,Sys_DiT_ref_class1000,3.42,1.5,242
1214,Sys_DiT_ref_class1000,4.12,1.5,242
1215,Sys_DiT_ref_class1000,1.82,1.45,243
1216,Sys_DiT_ref_class1000,4.15,1.5,243
1217,Sys_DiT_ref_class1000,4.72,3.0,243
1218,Sys_DiT_ref_class1000,2.85,1.5,243
1219,Sys_DiT_ref_class1000,4.15,1.5,243
1220,Sys_DiT_ref_class1000,4.65,1.5,244
1221,Sys_DiT_ref_class1000,4.12,2.85,244
1222,Sys_DiT_ref_class1000,3.85,1.2,244
1223,Sys_DiT_ref_class1000,4.85,2.8,244
1224,Sys_DiT_ref_class1000,4.12,1.5,244
1225,Sys_DiT_ref_class1000,4.85,1.5,245
1226,Sys_DiT_ref_class1000,4.35,1.5,245
1227,Sys_DiT_ref_class1000,4.85,3.65,245
1228,Sys_DiT_ref_class1000,4.92,1.5,245
1229,Sys_DiT_ref_class1000,4.85,1.5,245
1230,Sys_DiT_ref_class1000,4.92,3.65,246
1231,Sys_DiT_ref_class1000,4.75,4.2,246
1232,Sys_DiT_ref_class1000,4.15,2.85,246
1233,Sys_DiT_ref_class1000,3.85,1.5,246
1234,Sys_DiT_ref_class1000,4.92,4.15,246
1235,Sys_DiT_ref_class1000,4.85,2.1,247
1236,Sys_DiT_ref_class1000,3.42,1.85,247
1237,Sys_DiT_ref_class1000,4.85,1.5,247
1238,Sys_DiT_ref_class1000,4.92,3.85,247
1239,Sys_DiT_ref_class1000,4.35,2.85,247
1240,Sys_DiT_ref_class1000,4.68,3.15,248
1241,Sys_DiT_ref_class1000,1.85,1.2,248
1242,Sys_DiT_ref_class1000,4.65,1.5,248
1243,Sys_DiT_ref_class1000,3.82,1.45,248
1244,Sys_DiT_ref_class1000,4.12,2.85,248
1245,Sys_DiT_ref_class1000,4.85,3.6,249
1246,Sys_DiT_ref_class1000,4.68,1.5,249
1247,Sys_DiT_ref_class1000,3.85,2.0,249
1248,Sys_DiT_ref_class1000,4.65,1.5,249
1249,Sys_DiT_ref_class1000,4.68,3.0,249
1250,Sys_DiT_ref_class1000,4.85,1.5,250
1251,Sys_DiT_ref_class1000,4.82,1.5,250
1252,Sys_DiT_ref_class1000,4.82,1.5,250
1253,Sys_DiT_ref_class1000,4.12,2.0,250
1254,Sys_DiT_ref_class1000,4.85,3.6,250
1255,Sys_DiT_ref_class1000,4.65,1.5,251
1256,Sys_DiT_ref_class1000,4.85,1.5,251
1257,Sys_DiT_ref_class1000,4.72,3.0,251
1258,Sys_DiT_ref_class1000,4.65,1.5,251
1259,Sys_DiT_ref_class1000,4.15,1.5,251
1260,Sys_DiT_ref_class1000,1.85,1.2,252
1261,Sys_DiT_ref_class1000,4.65,1.5,252
1262,Sys_DiT_ref_class1000,4.85,3.62,252
1263,Sys_DiT_ref_class1000,4.92,4.35,252
1264,Sys_DiT_ref_class1000,2.85,1.5,252
1265,Sys_DiT_ref_class1000,4.82,1.5,253
1266,Sys_DiT_ref_class1000,1.85,1.2,253
1267,Sys_DiT_ref_class1000,3.85,2.9,253
1268,Sys_DiT_ref_class1000,4.12,1.5,253
1269,Sys_DiT_ref_class1000,2.85,1.65,253
1270,Sys_DiT_ref_class1000,4.85,1.5,254
1271,Sys_DiT_ref_class1000,4.72,1.5,254
1272,Sys_DiT_ref_class1000,4.35,1.5,254
1273,Sys_DiT_ref_class1000,3.82,1.47,254
1274,Sys_DiT_ref_class1000,4.92,1.5,254
1275,Sys_DiT_ref_class1000,4.85,2.15,255
1276,Sys_DiT_ref_class1000,4.85,3.65,255
1277,Sys_DiT_ref_class1000,4.12,1.5,255
1278,Sys_DiT_ref_class1000,4.65,1.5,255
1279,Sys_DiT_ref_class1000,4.12,1.5,255
1280,Sys_DiT_ref_class1000,4.68,2.85,256
1281,Sys_DiT_ref_class1000,4.82,1.5,256
1282,Sys_DiT_ref_class1000,4.12,1.5,256
1283,Sys_DiT_ref_class1000,4.85,1.5,256
1284,Sys_DiT_ref_class1000,4.92,1.5,256
1285,Sys_DiT_ref_class1000,4.85,1.5,257
1286,Sys_DiT_ref_class1000,4.15,1.5,257
1287,Sys_DiT_ref_class1000,2.85,1.5,257
1288,Sys_DiT_ref_class1000,4.12,3.85,257
1289,Sys_DiT_ref_class1000,4.85,3.0,257
1290,Sys_DiT_ref_class1000,4.12,2.0,258
1291,Sys_DiT_ref_class1000,4.85,1.5,258
1292,Sys_DiT_ref_class1000,4.12,2.0,258
1293,Sys_DiT_ref_class1000,3.85,3.6,258
1294,Sys_DiT_ref_class1000,4.72,3.0,258
1295,Sys_DiT_ref_class1000,4.15,2.85,259
1296,Sys_DiT_ref_class1000,4.15,1.5,259
1297,Sys_DiT_ref_class1000,4.35,1.5,259
1298,Sys_DiT_ref_class1000,2.15,1.5,259
1299,Sys_DiT_ref_class1000,4.65,3.85,259
1300,Sys_DiT_ref_class1000,4.92,1.5,260
1301,Sys_DiT_ref_class1000,4.85,1.5,260
1302,Sys_DiT_ref_class1000,3.85,1.5,260
1303,Sys_DiT_ref_class1000,4.92,4.85,260
1304,Sys_DiT_ref_class1000,4.85,3.0,260
1305,Sys_DiT_ref_class1000,2.15,1.85,261
1306,Sys_DiT_ref_class1000,4.82,3.0,261
1307,Sys_DiT_ref_class1000,4.85,1.5,261
1308,Sys_DiT_ref_class1000,2.85,2.0,261
1309,Sys_DiT_ref_class1000,4.85,3.0,261
1310,Sys_DiT_ref_class1000,4.15,1.5,262
1311,Sys_DiT_ref_class1000,4.72,2.85,262
1312,Sys_DiT_ref_class1000,4.85,1.5,262
1313,Sys_DiT_ref_class1000,3.42,1.5,262
1314,Sys_DiT_ref_class1000,2.15,1.5,262
1315,Sys_DiT_ref_class1000,4.65,3.0,263
1316,Sys_DiT_ref_class1000,0.12,0.05,263
1317,Sys_DiT_ref_class1000,0.15,1.5,263
1318,Sys_DiT_ref_class1000,4.65,2.0,263
1319,Sys_DiT_ref_class1000,3.82,1.5,263
1320,Sys_DiT_ref_class1000,0.0,3.0,264
1321,Sys_DiT_ref_class1000,0.0,1.5,264
1322,Sys_DiT_ref_class1000,0.0,3.0,264
1323,Sys_DiT_ref_class1000,5.0,3.0,264
1324,Sys_DiT_ref_class1000,0.0,2.0,264
1325,Sys_DiT_ref_class1000,4.85,1.5,265
1326,Sys_DiT_ref_class1000,2.15,1.5,265
1327,Sys_DiT_ref_class1000,2.85,3.0,265
1328,Sys_DiT_ref_class1000,4.82,3.65,265
1329,Sys_DiT_ref_class1000,3.42,1.5,265
1330,Sys_DiT_ref_class1000,2.85,1.5,266
1331,Sys_DiT_ref_class1000,2.15,1.8,266
1332,Sys_DiT_ref_class1000,4.15,3.0,266
1333,Sys_DiT_ref_class1000,4.65,3.82,266
1334,Sys_DiT_ref_class1000,3.45,1.5,266
1335,Sys_DiT_ref_class1000,4.65,1.5,267
1336,Sys_DiT_ref_class1000,4.85,2.0,267
1337,Sys_DiT_ref_class1000,4.92,4.85,267
1338,Sys_DiT_ref_class1000,3.45,2.0,267
1339,Sys_DiT_ref_class1000,4.65,1.5,267
1340,Sys_DiT_ref_class1000,4.65,1.5,268
1341,Sys_DiT_ref_class1000,4.85,3.6,268
1342,Sys_DiT_ref_class1000,4.12,2.85,268
1343,Sys_DiT_ref_class1000,3.12,1.5,268
1344,Sys_DiT_ref_class1000,3.85,1.5,268
1345,Sys_DiT_ref_class1000,4.92,1.5,269
1346,Sys_DiT_ref_class1000,4.65,1.5,269
1347,Sys_DiT_ref_class1000,4.12,2.85,269
1348,Sys_DiT_ref_class1000,4.35,1.5,269
1349,Sys_DiT_ref_class1000,4.85,3.0,269
1350,Sys_DiT_ref_class1000,4.35,2.85,270
1351,Sys_DiT_ref_class1000,2.85,1.42,270
1352,Sys_DiT_ref_class1000,2.85,3.6,270
1353,Sys_DiT_ref_class1000,4.12,1.85,270
1354,Sys_DiT_ref_class1000,2.15,2.85,270
1355,Sys_DiT_ref_class1000,1.85,3.42,271
1356,Sys_DiT_ref_class1000,1.85,4.12,271
1357,Sys_DiT_ref_class1000,3.82,2.15,271
1358,Sys_DiT_ref_class1000,1.85,2.4,271
1359,Sys_DiT_ref_class1000,1.85,3.0,271
1360,Sys_DiT_ref_class1000,4.92,4.95,272
1361,Sys_DiT_ref_class1000,4.85,4.92,272
1362,Sys_DiT_ref_class1000,4.85,3.6,272
1363,Sys_DiT_ref_class1000,3.42,2.85,272
1364,Sys_DiT_ref_class1000,1.85,1.2,272
1365,Sys_DiT_ref_class1000,4.92,4.65,273
1366,Sys_DiT_ref_class1000,4.72,3.85,273
1367,Sys_DiT_ref_class1000,4.15,2.85,273
1368,Sys_DiT_ref_class1000,4.85,2.0,273
1369,Sys_DiT_ref_class1000,4.82,3.65,273
1370,Sys_DiT_ref_class1000,4.35,2.85,274
1371,Sys_DiT_ref_class1000,4.65,1.5,274
1372,Sys_DiT_ref_class1000,4.15,1.85,274
1373,Sys_DiT_ref_class1000,3.65,2.0,274
1374,Sys_DiT_ref_class1000,1.85,2.4,274
1375,Sys_DiT_ref_class1000,4.65,1.5,275
1376,Sys_DiT_ref_class1000,4.78,3.65,275
1377,Sys_DiT_ref_class1000,4.85,1.5,275
1378,Sys_DiT_ref_class1000,4.72,3.0,275
1379,Sys_DiT_ref_class1000,4.85,3.6,275
1380,Sys_DiT_ref_class1000,4.65,2.85,276
1381,Sys_DiT_ref_class1000,4.92,3.85,276
1382,Sys_DiT_ref_class1000,4.98,4.85,276
1383,Sys_DiT_ref_class1000,4.85,2.0,276
1384,Sys_DiT_ref_class1000,3.65,2.0,276
1385,Sys_DiT_ref_class1000,1.85,1.2,277
1386,Sys_DiT_ref_class1000,4.85,1.5,277
1387,Sys_DiT_ref_class1000,4.65,1.5,277
1388,Sys_DiT_ref_class1000,3.42,1.5,277
1389,Sys_DiT_ref_class1000,4.35,3.65,277
1390,Sys_DiT_ref_class1000,4.92,3.85,278
1391,Sys_DiT_ref_class1000,2.85,3.15,278
1392,Sys_DiT_ref_class1000,0.15,1.5,278
1393,Sys_DiT_ref_class1000,1.85,2.1,278
1394,Sys_DiT_ref_class1000,3.85,2.15,278
1395,Sys_DiT_ref_class1000,4.85,3.0,279
1396,Sys_DiT_ref_class1000,4.12,1.5,279
1397,Sys_DiT_ref_class1000,3.45,2.0,279
1398,Sys_DiT_ref_class1000,1.85,1.2,279
1399,Sys_DiT_ref_class1000,4.12,2.0,279
1400,Sys_DiT_ref_class1000,1.25,2.85,280
1401,Sys_DiT_ref_class1000,4.85,3.8,280
1402,Sys_DiT_ref_class1000,3.15,1.5,280
1403,Sys_DiT_ref_class1000,4.72,3.0,280
1404,Sys_DiT_ref_class1000,4.85,1.5,280
1405,Sys_DiT_ref_class1000,4.82,1.5,281
1406,Sys_DiT_ref_class1000,4.85,1.5,281
1407,Sys_DiT_ref_class1000,4.62,1.5,281
1408,Sys_DiT_ref_class1000,4.65,1.5,281
1409,Sys_DiT_ref_class1000,4.12,1.5,281
1410,Sys_DiT_ref_class1000,4.12,2.85,282
1411,Sys_DiT_ref_class1000,4.68,3.0,282
1412,Sys_DiT_ref_class1000,3.42,1.5,282
1413,Sys_DiT_ref_class1000,0.15,1.25,282
1414,Sys_DiT_ref_class1000,0.15,1.5,282
1415,Sys_DiT_ref_class1000,4.85,1.5,283
1416,Sys_DiT_ref_class1000,4.85,3.0,283
1417,Sys_DiT_ref_class1000,4.85,3.0,283
1418,Sys_DiT_ref_class1000,3.42,1.5,283
1419,Sys_DiT_ref_class1000,3.82,4.15,283
1420,Sys_DiT_ref_class1000,4.12,1.5,284
1421,Sys_DiT_ref_class1000,2.15,1.5,284
1422,Sys_DiT_ref_class1000,4.82,1.5,284
1423,Sys_DiT_ref_class1000,4.35,1.5,284
1424,Sys_DiT_ref_class1000,2.15,1.5,284
1425,Sys_DiT_ref_class1000,1.85,2.0,285
1426,Sys_DiT_ref_class1000,3.42,1.5,285
1427,Sys_DiT_ref_class1000,2.85,2.1,285
1428,Sys_DiT_ref_class1000,1.25,1.5,285
1429,Sys_DiT_ref_class1000,4.12,2.0,285
1430,Sys_DiT_ref_class1000,4.12,1.5,286
1431,Sys_DiT_ref_class1000,3.82,2.15,286
1432,Sys_DiT_ref_class1000,3.82,1.5,286
1433,Sys_DiT_ref_class1000,4.15,1.5,286
1434,Sys_DiT_ref_class1000,4.12,3.68,286
1435,Sys_DiT_ref_class1000,2.85,2.4,287
1436,Sys_DiT_ref_class1000,4.92,3.85,287
1437,Sys_DiT_ref_class1000,4.85,1.5,287
1438,Sys_DiT_ref_class1000,3.42,2.15,287
1439,Sys_DiT_ref_class1000,4.15,2.85,287
1440,Sys_DiT_ref_class1000,4.35,1.5,288
1441,Sys_DiT_ref_class1000,2.85,3.0,288
1442,Sys_DiT_ref_class1000,1.85,1.2,288
1443,Sys_DiT_ref_class1000,3.85,2.0,288
1444,Sys_DiT_ref_class1000,4.68,2.0,288
1445,Sys_DiT_ref_class1000,4.82,1.5,289
1446,Sys_DiT_ref_class1000,4.85,1.5,289
1447,Sys_DiT_ref_class1000,3.42,1.5,289
1448,Sys_DiT_ref_class1000,4.65,1.5,289
1449,Sys_DiT_ref_class1000,4.85,4.92,289
1450,Sys_DiT_ref_class1000,4.65,2.85,290
1451,Sys_DiT_ref_class1000,4.85,1.5,290
1452,Sys_DiT_ref_class1000,1.85,1.2,290
1453,Sys_DiT_ref_class1000,3.42,1.5,290
1454,Sys_DiT_ref_class1000,4.12,1.5,290
1455,Sys_DiT_ref_class1000,4.12,2.85,291
1456,Sys_DiT_ref_class1000,4.85,4.2,291
1457,Sys_DiT_ref_class1000,4.65,2.0,291
1458,Sys_DiT_ref_class1000,3.42,2.15,291
1459,Sys_DiT_ref_class1000,4.12,2.85,291
1460,Sys_DiT_ref_class1000,3.42,1.5,292
1461,Sys_DiT_ref_class1000,4.15,1.85,292
1462,Sys_DiT_ref_class1000,4.15,2.0,292
1463,Sys_DiT_ref_class1000,1.85,1.2,292
1464,Sys_DiT_ref_class1000,4.92,1.5,292
1465,Sys_DiT_ref_class1000,3.45,1.5,293
1466,Sys_DiT_ref_class1000,1.25,3.0,293
1467,Sys_DiT_ref_class1000,4.85,4.2,293
1468,Sys_DiT_ref_class1000,4.85,1.5,293
1469,Sys_DiT_ref_class1000,4.85,4.7,293
1470,Sys_DiT_ref_class1000,4.72,3.85,294
1471,Sys_DiT_ref_class1000,3.65,1.5,294
1472,Sys_DiT_ref_class1000,4.65,3.82,294
1473,Sys_DiT_ref_class1000,4.85,1.5,294
1474,Sys_DiT_ref_class1000,4.95,4.85,294
1475,Sys_DiT_ref_class1000,4.85,3.0,295
1476,Sys_DiT_ref_class1000,0.0,0.0,295
1477,Sys_DiT_ref_class1000,4.82,2.15,295
1478,Sys_DiT_ref_class1000,4.72,3.85,295
1479,Sys_DiT_ref_class1000,4.12,1.5,295
1480,Sys_DiT_ref_class1000,4.82,3.65,296
1481,Sys_DiT_ref_class1000,4.15,2.85,296
1482,Sys_DiT_ref_class1000,4.65,3.0,296
1483,Sys_DiT_ref_class1000,4.68,2.15,296
1484,Sys_DiT_ref_class1000,4.65,3.85,296
1485,Sys_DiT_ref_class1000,4.92,1.5,297
1486,Sys_DiT_ref_class1000,4.35,3.82,297
1487,Sys_DiT_ref_class1000,4.92,4.85,297
1488,Sys_DiT_ref_class1000,4.72,3.85,297
1489,Sys_DiT_ref_class1000,2.85,1.9,297
1490,Sys_DiT_ref_class1000,4.68,2.85,298
1491,Sys_DiT_ref_class1000,4.92,4.65,298
1492,Sys_DiT_ref_class1000,2.15,2.0,298
1493,Sys_DiT_ref_class1000,0.12,0.85,298
1494,Sys_DiT_ref_class1000,4.65,2.1,298
1495,Sys_DiT_ref_class1000,4.85,4.12,299
1496,Sys_DiT_ref_class1000,4.12,2.0,299
1497,Sys_DiT_ref_class1000,4.85,4.92,299
1498,Sys_DiT_ref_class1000,4.35,1.5,299
1499,Sys_DiT_ref_class1000,4.72,2.0,299
1500,Sys_DiT_ref_class1000,4.92,3.85,300
1501,Sys_DiT_ref_class1000,4.98,4.95,300
1502,Sys_DiT_ref_class1000,4.92,4.85,300
1503,Sys_DiT_ref_class1000,4.98,4.95,300
1504,Sys_DiT_ref_class1000,2.85,2.1,300
1505,Sys_DiT_ref_class1000,4.85,3.8,301
1506,Sys_DiT_ref_class1000,4.85,4.2,301
1507,Sys_DiT_ref_class1000,2.85,1.92,301
1508,Sys_DiT_ref_class1000,1.85,1.42,301
1509,Sys_DiT_ref_class1000,4.92,4.95,301
1510,Sys_DiT_ref_class1000,4.85,3.62,302
1511,Sys_DiT_ref_class1000,5.0,4.9,302
1512,Sys_DiT_ref_class1000,4.92,4.85,302
1513,Sys_DiT_ref_class1000,4.92,3.65,302
1514,Sys_DiT_ref_class1000,4.92,4.88,302
1515,Sys_DiT_ref_class1000,4.85,4.2,303
1516,Sys_DiT_ref_class1000,4.65,3.85,303
1517,Sys_DiT_ref_class1000,3.62,2.85,303
1518,Sys_DiT_ref_class1000,3.85,2.8,303
1519,Sys_DiT_ref_class1000,4.65,3.85,303
1520,Sys_DiT_ref_class1000,1.85,1.2,304
1521,Sys_DiT_ref_class1000,4.85,3.65,304
1522,Sys_DiT_ref_class1000,4.72,3.85,304
1523,Sys_DiT_ref_class1000,4.85,3.65,304
1524,Sys_DiT_ref_class1000,2.85,4.12,304
1525,Sys_DiT_ref_class1000,4.35,2.85,305
1526,Sys_DiT_ref_class1000,4.12,3.85,305
1527,Sys_DiT_ref_class1000,2.35,2.8,305
1528,Sys_DiT_ref_class1000,2.85,1.42,305
1529,Sys_DiT_ref_class1000,4.85,4.92,305
1530,Sys_DiT_ref_class1000,4.85,4.12,306
1531,Sys_DiT_ref_class1000,4.85,4.2,306
1532,Sys_DiT_ref_class1000,4.85,4.62,306
1533,Sys_DiT_ref_class1000,4.85,3.65,306
1534,Sys_DiT_ref_class1000,4.68,3.85,306
1535,Sys_DiT_ref_class1000,4.65,3.85,307
1536,Sys_DiT_ref_class1000,4.85,3.6,307
1537,Sys_DiT_ref_class1000,4.85,3.92,307
1538,Sys_DiT_ref_class1000,4.92,4.85,307
1539,Sys_DiT_ref_class1000,5.0,4.95,307
1540,Sys_DiT_ref_class1000,4.85,4.2,308
1541,Sys_DiT_ref_class1000,4.85,4.2,308
1542,Sys_DiT_ref_class1000,4.92,4.98,308
1543,Sys_DiT_ref_class1000,4.68,3.85,308
1544,Sys_DiT_ref_class1000,4.35,2.85,308
1545,Sys_DiT_ref_class1000,4.15,3.85,309
1546,Sys_DiT_ref_class1000,4.85,4.6,309
1547,Sys_DiT_ref_class1000,3.85,2.65,309
1548,Sys_DiT_ref_class1000,3.85,2.65,309
1549,Sys_DiT_ref_class1000,3.85,3.6,309
1550,Sys_DiT_ref_class1000,4.12,2.85,310
1551,Sys_DiT_ref_class1000,1.45,1.82,310
1552,Sys_DiT_ref_class1000,5.0,5.0,310
1553,Sys_DiT_ref_class1000,1.85,1.92,310
1554,Sys_DiT_ref_class1000,3.85,3.62,310
1555,Sys_DiT_ref_class1000,4.82,3.75,311
1556,Sys_DiT_ref_class1000,4.92,4.98,311
1557,Sys_DiT_ref_class1000,3.65,4.12,311
1558,Sys_DiT_ref_class1000,2.85,2.0,311
1559,Sys_DiT_ref_class1000,3.85,4.92,311
1560,Sys_DiT_ref_class1000,4.65,4.12,312
1561,Sys_DiT_ref_class1000,4.65,3.85,312
1562,Sys_DiT_ref_class1000,4.65,3.82,312
1563,Sys_DiT_ref_class1000,2.85,2.15,312
1564,Sys_DiT_ref_class1000,3.82,2.15,312
1565,Sys_DiT_ref_class1000,1.85,2.1,313
1566,Sys_DiT_ref_class1000,4.85,3.65,313
1567,Sys_DiT_ref_class1000,4.82,3.65,313
1568,Sys_DiT_ref_class1000,5.0,5.0,313
1569,Sys_DiT_ref_class1000,4.12,2.85,313
1570,Sys_DiT_ref_class1000,4.12,1.5,314
1571,Sys_DiT_ref_class1000,4.35,3.8,314
1572,Sys_DiT_ref_class1000,4.82,3.65,314
1573,Sys_DiT_ref_class1000,4.65,2.85,314
1574,Sys_DiT_ref_class1000,4.65,3.85,314
1575,Sys_DiT_ref_class1000,4.85,4.2,315
1576,Sys_DiT_ref_class1000,3.65,2.85,315
1577,Sys_DiT_ref_class1000,4.68,2.85,315
1578,Sys_DiT_ref_class1000,4.12,2.85,315
1579,Sys_DiT_ref_class1000,4.65,3.85,315
1580,Sys_DiT_ref_class1000,1.25,1.1,316
1581,Sys_DiT_ref_class1000,3.85,3.62,316
1582,Sys_DiT_ref_class1000,4.92,4.98,316
1583,Sys_DiT_ref_class1000,4.92,4.95,316
1584,Sys_DiT_ref_class1000,4.92,4.98,316
1585,Sys_DiT_ref_class1000,4.65,3.85,317
1586,Sys_DiT_ref_class1000,4.65,4.2,317
1587,Sys_DiT_ref_class1000,4.62,4.75,317
1588,Sys_DiT_ref_class1000,4.85,4.62,317
1589,Sys_DiT_ref_class1000,4.65,3.82,317
1590,Sys_DiT_ref_class1000,4.85,2.1,318
1591,Sys_DiT_ref_class1000,4.92,4.95,318
1592,Sys_DiT_ref_class1000,4.65,4.12,318
1593,Sys_DiT_ref_class1000,4.92,4.85,318
1594,Sys_DiT_ref_class1000,4.62,3.85,318
1595,Sys_DiT_ref_class1000,4.85,4.92,319
1596,Sys_DiT_ref_class1000,4.85,4.92,319
1597,Sys_DiT_ref_class1000,4.65,4.82,319
1598,Sys_DiT_ref_class1000,4.25,2.1,319
1599,Sys_DiT_ref_class1000,2.15,3.42,319
1600,Sys_DiT_ref_class1000,4.92,4.85,320
1601,Sys_DiT_ref_class1000,1.85,1.2,320
1602,Sys_DiT_ref_class1000,4.85,4.92,320
1603,Sys_DiT_ref_class1000,4.85,4.72,320
1604,Sys_DiT_ref_class1000,4.92,4.85,320
1605,Sys_DiT_ref_class1000,4.85,4.92,321
1606,Sys_DiT_ref_class1000,4.92,4.98,321
1607,Sys_DiT_ref_class1000,4.65,3.82,321
1608,Sys_DiT_ref_class1000,4.98,4.99,321
1609,Sys_DiT_ref_class1000,4.12,3.65,321
1610,Sys_DiT_ref_class1000,4.82,4.65,322
1611,Sys_DiT_ref_class1000,4.85,3.65,322
1612,Sys_DiT_ref_class1000,4.92,4.95,322
1613,Sys_DiT_ref_class1000,4.92,4.65,322
1614,Sys_DiT_ref_class1000,4.85,3.92,322
1615,Sys_DiT_ref_class1000,4.85,4.6,323
1616,Sys_DiT_ref_class1000,4.92,4.95,323
1617,Sys_DiT_ref_class1000,4.92,4.85,323
1618,Sys_DiT_ref_class1000,4.98,4.95,323
1619,Sys_DiT_ref_class1000,4.92,4.95,323
1620,Sys_DiT_ref_class1000,3.85,2.65,324
1621,Sys_DiT_ref_class1000,3.85,3.2,324
1622,Sys_DiT_ref_class1000,4.12,4.68,324
1623,Sys_DiT_ref_class1000,3.45,2.85,324
1624,Sys_DiT_ref_class1000,3.42,3.85,324
1625,Sys_DiT_ref_class1000,4.85,4.72,325
1626,Sys_DiT_ref_class1000,4.85,3.6,325
1627,Sys_DiT_ref_class1000,4.65,3.85,325
1628,Sys_DiT_ref_class1000,4.85,4.92,325
1629,Sys_DiT_ref_class1000,4.92,4.98,325
1630,Sys_DiT_ref_class1000,2.15,1.85,326
1631,Sys_DiT_ref_class1000,4.85,3.72,326
1632,Sys_DiT_ref_class1000,4.68,3.85,326
1633,Sys_DiT_ref_class1000,4.12,3.65,326
1634,Sys_DiT_ref_class1000,4.12,3.65,326
1635,Sys_DiT_ref_class1000,4.85,4.2,327
1636,Sys_DiT_ref_class1000,4.92,4.85,327
1637,Sys_DiT_ref_class1000,2.85,2.1,327
1638,Sys_DiT_ref_class1000,4.85,4.62,327
1639,Sys_DiT_ref_class1000,4.92,4.85,327
1640,Sys_DiT_ref_class1000,4.82,3.65,328
1641,Sys_DiT_ref_class1000,4.12,3.85,328
1642,Sys_DiT_ref_class1000,4.85,3.72,328
1643,Sys_DiT_ref_class1000,4.12,2.85,328
1644,Sys_DiT_ref_class1000,4.15,2.85,328
1645,Sys_DiT_ref_class1000,3.42,2.15,329
1646,Sys_DiT_ref_class1000,4.12,2.68,329
1647,Sys_DiT_ref_class1000,4.68,3.85,329
1648,Sys_DiT_ref_class1000,2.85,3.6,329
1649,Sys_DiT_ref_class1000,4.65,3.85,329
1650,Sys_DiT_ref_class1000,3.42,2.85,330
1651,Sys_DiT_ref_class1000,4.12,2.0,330
1652,Sys_DiT_ref_class1000,4.65,3.0,330
1653,Sys_DiT_ref_class1000,3.42,3.85,330
1654,Sys_DiT_ref_class1000,4.68,3.42,330
1655,Sys_DiT_ref_class1000,4.35,3.82,331
1656,Sys_DiT_ref_class1000,4.85,4.62,331
1657,Sys_DiT_ref_class1000,4.82,3.65,331
1658,Sys_DiT_ref_class1000,4.82,3.0,331
1659,Sys_DiT_ref_class1000,4.72,3.0,331
1660,Sys_DiT_ref_class1000,3.65,1.5,332
1661,Sys_DiT_ref_class1000,4.72,1.5,332
1662,Sys_DiT_ref_class1000,4.12,1.5,332
1663,Sys_DiT_ref_class1000,4.12,2.85,332
1664,Sys_DiT_ref_class1000,4.65,3.2,332
1665,Sys_DiT_ref_class1000,3.15,2.85,333
1666,Sys_DiT_ref_class1000,4.82,1.5,333
1667,Sys_DiT_ref_class1000,1.25,1.5,333
1668,Sys_DiT_ref_class1000,3.65,1.5,333
1669,Sys_DiT_ref_class1000,4.85,2.0,333
1670,Sys_DiT_ref_class1000,3.82,2.15,334
1671,Sys_DiT_ref_class1000,4.12,2.85,334
1672,Sys_DiT_ref_class1000,4.85,4.75,334
1673,Sys_DiT_ref_class1000,4.15,1.5,334
1674,Sys_DiT_ref_class1000,4.12,1.5,334
1675,Sys_DiT_ref_class1000,4.72,1.5,335
1676,Sys_DiT_ref_class1000,3.62,2.0,335
1677,Sys_DiT_ref_class1000,2.35,1.5,335
1678,Sys_DiT_ref_class1000,3.42,2.85,335
1679,Sys_DiT_ref_class1000,4.85,2.9,335
1680,Sys_DiT_ref_class1000,3.82,4.15,336
1681,Sys_DiT_ref_class1000,2.15,1.5,336
1682,Sys_DiT_ref_class1000,4.35,3.0,336
1683,Sys_DiT_ref_class1000,4.92,4.95,336
1684,Sys_DiT_ref_class1000,4.72,3.0,336
1685,Sys_DiT_ref_class1000,4.12,2.85,337
1686,Sys_DiT_ref_class1000,4.92,4.95,337
1687,Sys_DiT_ref_class1000,4.12,1.5,337
1688,Sys_DiT_ref_class1000,3.42,3.65,337
1689,Sys_DiT_ref_class1000,3.42,3.65,337
1690,Sys_DiT_ref_class1000,4.92,4.98,338
1691,Sys_DiT_ref_class1000,4.82,1.5,338
1692,Sys_DiT_ref_class1000,4.92,4.95,338
1693,Sys_DiT_ref_class1000,4.65,3.85,338
1694,Sys_DiT_ref_class1000,2.85,1.5,338
1695,Sys_DiT_ref_class1000,5.0,4.95,339
1696,Sys_DiT_ref_class1000,4.15,2.85,339
1697,Sys_DiT_ref_class1000,3.65,1.85,339
1698,Sys_DiT_ref_class1000,4.65,3.85,339
1699,Sys_DiT_ref_class1000,4.92,3.85,339
1700,Sys_DiT_ref_class1000,4.65,3.85,340
1701,Sys_DiT_ref_class1000,5.0,4.9,340
1702,Sys_DiT_ref_class1000,4.85,1.5,340
1703,Sys_DiT_ref_class1000,4.65,1.5,340
1704,Sys_DiT_ref_class1000,4.85,3.0,340
1705,Sys_DiT_ref_class1000,4.98,4.99,341
1706,Sys_DiT_ref_class1000,4.62,2.85,341
1707,Sys_DiT_ref_class1000,4.82,3.0,341
1708,Sys_DiT_ref_class1000,3.42,2.85,341
1709,Sys_DiT_ref_class1000,4.72,2.0,341
1710,Sys_DiT_ref_class1000,4.65,3.85,342
1711,Sys_DiT_ref_class1000,3.82,1.5,342
1712,Sys_DiT_ref_class1000,4.15,2.85,342
1713,Sys_DiT_ref_class1000,4.82,4.15,342
1714,Sys_DiT_ref_class1000,4.82,3.0,342
1715,Sys_DiT_ref_class1000,4.92,3.85,343
1716,Sys_DiT_ref_class1000,3.65,1.5,343
1717,Sys_DiT_ref_class1000,4.65,3.85,343
1718,Sys_DiT_ref_class1000,4.98,4.95,343
1719,Sys_DiT_ref_class1000,2.15,1.85,343
1720,Sys_DiT_ref_class1000,4.85,4.62,344
1721,Sys_DiT_ref_class1000,4.12,2.85,344
1722,Sys_DiT_ref_class1000,4.85,4.62,344
1723,Sys_DiT_ref_class1000,4.82,4.65,344
1724,Sys_DiT_ref_class1000,3.85,2.65,344
1725,Sys_DiT_ref_class1000,4.65,3.85,345
1726,Sys_DiT_ref_class1000,4.15,3.85,345
1727,Sys_DiT_ref_class1000,4.12,1.5,345
1728,Sys_DiT_ref_class1000,2.35,1.5,345
1729,Sys_DiT_ref_class1000,3.82,2.65,345
1730,Sys_DiT_ref_class1000,2.85,1.5,346
1731,Sys_DiT_ref_class1000,4.12,1.5,346
1732,Sys_DiT_ref_class1000,4.85,3.0,346
1733,Sys_DiT_ref_class1000,4.85,3.8,346
1734,Sys_DiT_ref_class1000,4.65,3.85,346
1735,Sys_DiT_ref_class1000,4.12,2.85,347
1736,Sys_DiT_ref_class1000,2.85,1.92,347
1737,Sys_DiT_ref_class1000,4.85,4.72,347
1738,Sys_DiT_ref_class1000,4.82,3.0,347
1739,Sys_DiT_ref_class1000,4.68,4.15,347
1740,Sys_DiT_ref_class1000,1.25,1.5,348
1741,Sys_DiT_ref_class1000,4.82,4.91,348
1742,Sys_DiT_ref_class1000,4.62,3.85,348
1743,Sys_DiT_ref_class1000,4.65,2.0,348
1744,Sys_DiT_ref_class1000,4.12,1.5,348
1745,Sys_DiT_ref_class1000,3.85,3.62,349
1746,Sys_DiT_ref_class1000,2.85,1.5,349
1747,Sys_DiT_ref_class1000,4.85,1.5,349
1748,Sys_DiT_ref_class1000,2.85,3.12,349
1749,Sys_DiT_ref_class1000,4.15,3.85,349
1750,Sys_DiT_ref_class1000,4.62,3.0,350
1751,Sys_DiT_ref_class1000,4.12,3.65,350
1752,Sys_DiT_ref_class1000,4.15,2.0,350
1753,Sys_DiT_ref_class1000,4.65,1.5,350
1754,Sys_DiT_ref_class1000,4.62,2.0,350
1755,Sys_DiT_ref_class1000,4.35,3.82,351
1756,Sys_DiT_ref_class1000,4.65,2.0,351
1757,Sys_DiT_ref_class1000,4.92,4.85,351
1758,Sys_DiT_ref_class1000,4.65,3.85,351
1759,Sys_DiT_ref_class1000,3.45,3.82,351
1760,Sys_DiT_ref_class1000,4.85,2.0,352
1761,Sys_DiT_ref_class1000,3.85,2.15,352
1762,Sys_DiT_ref_class1000,4.12,1.5,352
1763,Sys_DiT_ref_class1000,4.85,3.6,352
1764,Sys_DiT_ref_class1000,3.82,2.65,352
1765,Sys_DiT_ref_class1000,4.82,3.65,353
1766,Sys_DiT_ref_class1000,4.92,3.85,353
1767,Sys_DiT_ref_class1000,4.85,3.6,353
1768,Sys_DiT_ref_class1000,2.15,0.85,353
1769,Sys_DiT_ref_class1000,2.85,1.5,353
1770,Sys_DiT_ref_class1000,4.65,3.85,354
1771,Sys_DiT_ref_class1000,4.15,3.0,354
1772,Sys_DiT_ref_class1000,4.65,3.85,354
1773,Sys_DiT_ref_class1000,4.85,3.8,354
1774,Sys_DiT_ref_class1000,4.92,4.95,354
1775,Sys_DiT_ref_class1000,4.62,2.85,355
1776,Sys_DiT_ref_class1000,4.82,3.65,355
1777,Sys_DiT_ref_class1000,4.12,2.85,355
1778,Sys_DiT_ref_class1000,4.62,1.5,355
1779,Sys_DiT_ref_class1000,1.85,3.42,355
1780,Sys_DiT_ref_class1000,4.68,2.85,356
1781,Sys_DiT_ref_class1000,4.65,2.0,356
1782,Sys_DiT_ref_class1000,4.15,2.0,356
1783,Sys_DiT_ref_class1000,2.85,1.2,356
1784,Sys_DiT_ref_class1000,3.82,1.47,356
1785,Sys_DiT_ref_class1000,4.12,3.65,357
1786,Sys_DiT_ref_class1000,4.72,3.0,357
1787,Sys_DiT_ref_class1000,1.85,2.1,357
1788,Sys_DiT_ref_class1000,4.35,1.5,357
1789,Sys_DiT_ref_class1000,4.82,3.65,357
1790,Sys_DiT_ref_class1000,3.85,1.5,358
1791,Sys_DiT_ref_class1000,4.85,4.92,358
1792,Sys_DiT_ref_class1000,4.65,2.0,358
1793,Sys_DiT_ref_class1000,4.15,1.5,358
1794,Sys_DiT_ref_class1000,4.12,2.85,358
1795,Sys_DiT_ref_class1000,2.85,1.5,359
1796,Sys_DiT_ref_class1000,1.42,1.5,359
1797,Sys_DiT_ref_class1000,4.15,1.5,359
1798,Sys_DiT_ref_class1000,4.15,1.5,359
1799,Sys_DiT_ref_class1000,3.42,1.5,359
1800,Sys_DiT_ref_class1000,4.92,4.75,360
1801,Sys_DiT_ref_class1000,1.85,1.2,360
1802,Sys_DiT_ref_class1000,3.62,1.5,360
1803,Sys_DiT_ref_class1000,4.92,4.95,360
1804,Sys_DiT_ref_class1000,1.85,2.1,360
1805,Sys_DiT_ref_class1000,4.12,1.5,361
1806,Sys_DiT_ref_class1000,4.85,3.92,361
1807,Sys_DiT_ref_class1000,4.62,1.5,361
1808,Sys_DiT_ref_class1000,4.85,3.0,361
1809,Sys_DiT_ref_class1000,4.85,2.0,361
1810,Sys_DiT_ref_class1000,4.15,2.0,362
1811,Sys_DiT_ref_class1000,4.82,2.0,362
1812,Sys_DiT_ref_class1000,4.15,2.0,362
1813,Sys_DiT_ref_class1000,4.35,3.0,362
1814,Sys_DiT_ref_class1000,4.12,1.5,362
1815,Sys_DiT_ref_class1000,4.12,1.5,363
1816,Sys_DiT_ref_class1000,4.85,4.62,363
1817,Sys_DiT_ref_class1000,4.85,4.62,363
1818,Sys_DiT_ref_class1000,4.85,3.65,363
1819,Sys_DiT_ref_class1000,4.65,2.0,363
1820,Sys_DiT_ref_class1000,4.35,2.0,364
1821,Sys_DiT_ref_class1000,4.12,1.5,364
1822,Sys_DiT_ref_class1000,4.62,2.0,364
1823,Sys_DiT_ref_class1000,4.12,2.0,364
1824,Sys_DiT_ref_class1000,4.12,1.5,364
1825,Sys_DiT_ref_class1000,3.82,1.65,365
1826,Sys_DiT_ref_class1000,4.68,3.85,365
1827,Sys_DiT_ref_class1000,4.82,3.0,365
1828,Sys_DiT_ref_class1000,4.82,3.65,365
1829,Sys_DiT_ref_class1000,4.85,3.0,365
1830,Sys_DiT_ref_class1000,3.85,1.5,366
1831,Sys_DiT_ref_class1000,4.92,4.85,366
1832,Sys_DiT_ref_class1000,4.92,4.85,366
1833,Sys_DiT_ref_class1000,4.92,3.0,366
1834,Sys_DiT_ref_class1000,4.35,3.85,366
1835,Sys_DiT_ref_class1000,4.35,1.5,367
1836,Sys_DiT_ref_class1000,4.12,1.5,367
1837,Sys_DiT_ref_class1000,4.85,4.72,367
1838,Sys_DiT_ref_class1000,4.62,3.85,367
1839,Sys_DiT_ref_class1000,4.12,2.85,367
1840,Sys_DiT_ref_class1000,4.85,3.0,368
1841,Sys_DiT_ref_class1000,0.15,1.5,368
1842,Sys_DiT_ref_class1000,4.72,1.5,368
1843,Sys_DiT_ref_class1000,2.85,2.1,368
1844,Sys_DiT_ref_class1000,4.12,1.5,368
1845,Sys_DiT_ref_class1000,4.12,2.85,369
1846,Sys_DiT_ref_class1000,4.62,1.5,369
1847,Sys_DiT_ref_class1000,3.85,3.0,369
1848,Sys_DiT_ref_class1000,4.62,1.5,369
1849,Sys_DiT_ref_class1000,4.15,2.0,369
1850,Sys_DiT_ref_class1000,3.85,2.15,370
1851,Sys_DiT_ref_class1000,4.65,1.5,370
1852,Sys_DiT_ref_class1000,4.65,3.0,370
1853,Sys_DiT_ref_class1000,4.65,1.5,370
1854,Sys_DiT_ref_class1000,4.65,2.0,370
1855,Sys_DiT_ref_class1000,4.62,2.0,371
1856,Sys_DiT_ref_class1000,4.92,3.0,371
1857,Sys_DiT_ref_class1000,4.85,1.5,371
1858,Sys_DiT_ref_class1000,4.65,1.5,371
1859,Sys_DiT_ref_class1000,4.65,2.85,371
1860,Sys_DiT_ref_class1000,4.68,3.85,372
1861,Sys_DiT_ref_class1000,4.12,3.68,372
1862,Sys_DiT_ref_class1000,4.82,2.0,372
1863,Sys_DiT_ref_class1000,4.85,3.75,372
1864,Sys_DiT_ref_class1000,2.85,1.5,372
1865,Sys_DiT_ref_class1000,4.82,2.0,373
1866,Sys_DiT_ref_class1000,1.25,2.85,373
1867,Sys_DiT_ref_class1000,4.12,2.85,373
1868,Sys_DiT_ref_class1000,4.68,3.0,373
1869,Sys_DiT_ref_class1000,4.68,3.72,373
1870,Sys_DiT_ref_class1000,4.85,1.5,374
1871,Sys_DiT_ref_class1000,4.12,2.0,374
1872,Sys_DiT_ref_class1000,3.42,2.0,374
1873,Sys_DiT_ref_class1000,4.85,3.6,374
1874,Sys_DiT_ref_class1000,4.12,1.5,374
1875,Sys_DiT_ref_class1000,4.12,2.85,375
1876,Sys_DiT_ref_class1000,4.65,3.0,375
1877,Sys_DiT_ref_class1000,2.85,1.5,375
1878,Sys_DiT_ref_class1000,4.85,4.92,375
1879,Sys_DiT_ref_class1000,4.12,2.85,375
1880,Sys_DiT_ref_class1000,4.82,3.65,376
1881,Sys_DiT_ref_class1000,4.65,1.5,376
1882,Sys_DiT_ref_class1000,4.65,3.2,376
1883,Sys_DiT_ref_class1000,3.65,2.85,376
1884,Sys_DiT_ref_class1000,3.65,1.5,376
1885,Sys_DiT_ref_class1000,4.65,3.0,377
1886,Sys_DiT_ref_class1000,3.85,2.75,377
1887,Sys_DiT_ref_class1000,3.42,2.85,377
1888,Sys_DiT_ref_class1000,2.45,1.5,377
1889,Sys_DiT_ref_class1000,4.72,2.85,377
1890,Sys_DiT_ref_class1000,4.85,1.5,378
1891,Sys_DiT_ref_class1000,4.85,2.0,378
1892,Sys_DiT_ref_class1000,4.95,4.98,378
1893,Sys_DiT_ref_class1000,4.15,2.85,378
1894,Sys_DiT_ref_class1000,4.85,2.0,378
1895,Sys_DiT_ref_class1000,2.15,1.5,379
1896,Sys_DiT_ref_class1000,4.12,3.85,379
1897,Sys_DiT_ref_class1000,3.42,1.5,379
1898,Sys_DiT_ref_class1000,2.85,1.5,379
1899,Sys_DiT_ref_class1000,1.85,1.5,379
1900,Sys_DiT_ref_class1000,4.15,1.5,380
1901,Sys_DiT_ref_class1000,4.72,2.0,380
1902,Sys_DiT_ref_class1000,3.45,2.0,380
1903,Sys_DiT_ref_class1000,4.85,1.2,380
1904,Sys_DiT_ref_class1000,3.42,2.15,380
1905,Sys_DiT_ref_class1000,4.82,2.0,381
1906,Sys_DiT_ref_class1000,4.15,3.6,381
1907,Sys_DiT_ref_class1000,4.15,2.0,381
1908,Sys_DiT_ref_class1000,3.42,1.5,381
1909,Sys_DiT_ref_class1000,4.65,1.5,381
1910,Sys_DiT_ref_class1000,4.72,2.0,382
1911,Sys_DiT_ref_class1000,4.85,4.62,382
1912,Sys_DiT_ref_class1000,4.12,3.0,382
1913,Sys_DiT_ref_class1000,4.12,2.0,382
1914,Sys_DiT_ref_class1000,4.15,2.85,382
1915,Sys_DiT_ref_class1000,4.92,4.88,383
1916,Sys_DiT_ref_class1000,4.65,2.0,383
1917,Sys_DiT_ref_class1000,4.85,3.6,383
1918,Sys_DiT_ref_class1000,3.65,1.5,383
1919,Sys_DiT_ref_class1000,4.12,1.5,383
1920,Sys_DiT_ref_class1000,4.72,2.0,384
1921,Sys_DiT_ref_class1000,4.12,1.5,384
1922,Sys_DiT_ref_class1000,4.65,1.5,384
1923,Sys_DiT_ref_class1000,4.65,3.2,384
1924,Sys_DiT_ref_class1000,4.12,1.5,384
1925,Sys_DiT_ref_class1000,4.12,2.35,385
1926,Sys_DiT_ref_class1000,4.65,2.0,385
1927,Sys_DiT_ref_class1000,4.12,1.85,385
1928,Sys_DiT_ref_class1000,4.12,3.65,385
1929,Sys_DiT_ref_class1000,4.12,1.5,385
1930,Sys_DiT_ref_class1000,3.42,2.85,386
1931,Sys_DiT_ref_class1000,4.68,3.85,386
1932,Sys_DiT_ref_class1000,4.15,2.85,386
1933,Sys_DiT_ref_class1000,4.65,4.12,386
1934,Sys_DiT_ref_class1000,4.82,4.35,386
1935,Sys_DiT_ref_class1000,4.85,4.92,387
1936,Sys_DiT_ref_class1000,4.65,3.85,387
1937,Sys_DiT_ref_class1000,4.65,1.5,387
1938,Sys_DiT_ref_class1000,4.65,2.0,387
1939,Sys_DiT_ref_class1000,4.72,3.0,387
1940,Sys_DiT_ref_class1000,4.65,1.5,388
1941,Sys_DiT_ref_class1000,4.85,1.5,388
1942,Sys_DiT_ref_class1000,4.92,4.95,388
1943,Sys_DiT_ref_class1000,4.85,1.5,388
1944,Sys_DiT_ref_class1000,4.85,1.5,388
1945,Sys_DiT_ref_class1000,1.85,2.0,389
1946,Sys_DiT_ref_class1000,1.25,2.85,389
1947,Sys_DiT_ref_class1000,2.15,2.85,389
1948,Sys_DiT_ref_class1000,2.85,1.5,389
1949,Sys_DiT_ref_class1000,1.85,3.92,389
1950,Sys_DiT_ref_class1000,4.72,3.85,390
1951,Sys_DiT_ref_class1000,2.15,1.85,390
1952,Sys_DiT_ref_class1000,3.42,2.85,390
1953,Sys_DiT_ref_class1000,4.65,3.85,390
1954,Sys_DiT_ref_class1000,3.42,2.15,390
1955,Sys_DiT_ref_class1000,4.65,1.5,391
1956,Sys_DiT_ref_class1000,3.85,2.9,391
1957,Sys_DiT_ref_class1000,4.85,3.0,391
1958,Sys_DiT_ref_class1000,4.65,1.5,391
1959,Sys_DiT_ref_class1000,4.65,2.85,391
1960,Sys_DiT_ref_class1000,4.85,3.65,392
1961,Sys_DiT_ref_class1000,4.72,2.85,392
1962,Sys_DiT_ref_class1000,4.85,3.62,392
1963,Sys_DiT_ref_class1000,4.15,2.85,392
1964,Sys_DiT_ref_class1000,1.85,2.4,392
1965,Sys_DiT_ref_class1000,4.15,3.85,393
1966,Sys_DiT_ref_class1000,3.85,3.2,393
1967,Sys_DiT_ref_class1000,4.65,3.85,393
1968,Sys_DiT_ref_class1000,2.85,2.1,393
1969,Sys_DiT_ref_class1000,4.68,3.42,393
1970,Sys_DiT_ref_class1000,3.42,1.85,394
1971,Sys_DiT_ref_class1000,4.15,2.85,394
1972,Sys_DiT_ref_class1000,4.72,3.85,394
1973,Sys_DiT_ref_class1000,4.72,2.85,394
1974,Sys_DiT_ref_class1000,4.65,4.12,394
1975,Sys_DiT_ref_class1000,1.85,1.2,395
1976,Sys_DiT_ref_class1000,4.85,4.92,395
1977,Sys_DiT_ref_class1000,4.12,3.85,395
1978,Sys_DiT_ref_class1000,1.25,1.8,395
1979,Sys_DiT_ref_class1000,4.65,3.85,395
1980,Sys_DiT_ref_class1000,4.72,3.85,396
1981,Sys_DiT_ref_class1000,4.68,2.85,396
1982,Sys_DiT_ref_class1000,4.82,3.65,396
1983,Sys_DiT_ref_class1000,4.72,3.85,396
1984,Sys_DiT_ref_class1000,4.82,3.65,396
1985,Sys_DiT_ref_class1000,1.85,3.42,397
1986,Sys_DiT_ref_class1000,4.82,3.65,397
1987,Sys_DiT_ref_class1000,4.62,3.85,397
1988,Sys_DiT_ref_class1000,4.65,3.82,397
1989,Sys_DiT_ref_class1000,4.35,3.85,397
1990,Sys_DiT_ref_class1000,0.0,1.85,398
1991,Sys_DiT_ref_class1000,4.85,3.75,398
1992,Sys_DiT_ref_class1000,3.85,2.4,398
1993,Sys_DiT_ref_class1000,4.85,2.35,398
1994,Sys_DiT_ref_class1000,4.85,3.75,398
1995,Sys_DiT_ref_class1000,4.65,2.85,399
1996,Sys_DiT_ref_class1000,4.12,3.65,399
1997,Sys_DiT_ref_class1000,4.85,3.75,399
1998,Sys_DiT_ref_class1000,4.65,1.5,399
1999,Sys_DiT_ref_class1000,2.85,1.15,399
2000,Sys_DiT_ref_class1000,4.85,2.9,400
2001,Sys_DiT_ref_class1000,4.65,3.85,400
2002,Sys_DiT_ref_class1000,0.0,0.0,400
2003,Sys_DiT_ref_class1000,4.92,4.15,400
2004,Sys_DiT_ref_class1000,4.72,2.85,400
2005,Sys_DiT_ref_class1000,1.25,1.1,401
2006,Sys_DiT_ref_class1000,0.85,1.2,401
2007,Sys_DiT_ref_class1000,4.65,3.8,401
2008,Sys_DiT_ref_class1000,4.15,3.68,401
2009,Sys_DiT_ref_class1000,4.65,1.5,401
2010,Sys_DiT_ref_class1000,1.85,2.9,402
2011,Sys_DiT_ref_class1000,0.85,1.2,402
2012,Sys_DiT_ref_class1000,3.65,1.82,402
2013,Sys_DiT_ref_class1000,4.85,3.72,402
2014,Sys_DiT_ref_class1000,4.15,2.35,402
2015,Sys_DiT_ref_class1000,3.82,2.15,403
2016,Sys_DiT_ref_class1000,4.12,2.35,403
2017,Sys_DiT_ref_class1000,4.65,3.85,403
2018,Sys_DiT_ref_class1000,2.15,1.85,403
2019,Sys_DiT_ref_class1000,4.15,2.85,403
2020,Sys_DiT_ref_class1000,4.85,2.9,404
2021,Sys_DiT_ref_class1000,4.65,2.85,404
2022,Sys_DiT_ref_class1000,3.85,1.92,404
2023,Sys_DiT_ref_class1000,4.15,2.85,404
2024,Sys_DiT_ref_class1000,5.0,5.0,404
2025,Sys_DiT_ref_class1000,3.85,1.42,405
2026,Sys_DiT_ref_class1000,2.15,1.85,405
2027,Sys_DiT_ref_class1000,4.65,2.85,405
2028,Sys_DiT_ref_class1000,3.85,2.65,405
2029,Sys_DiT_ref_class1000,1.85,2.6,405
2030,Sys_DiT_ref_class1000,3.82,2.15,406
2031,Sys_DiT_ref_class1000,4.85,3.75,406
2032,Sys_DiT_ref_class1000,4.65,3.85,406
2033,Sys_DiT_ref_class1000,4.65,2.85,406
2034,Sys_DiT_ref_class1000,4.85,4.2,406
2035,Sys_DiT_ref_class1000,4.85,3.75,407
2036,Sys_DiT_ref_class1000,3.42,2.15,407
2037,Sys_DiT_ref_class1000,4.85,2.75,407
2038,Sys_DiT_ref_class1000,4.25,3.85,407
2039,Sys_DiT_ref_class1000,4.65,2.85,407
2040,Sys_DiT_ref_class1000,4.15,2.85,408
2041,Sys_DiT_ref_class1000,4.85,3.72,408
2042,Sys_DiT_ref_class1000,4.85,4.12,408
2043,Sys_DiT_ref_class1000,4.85,2.15,408
2044,Sys_DiT_ref_class1000,4.12,3.68,408
2045,Sys_DiT_ref_class1000,0.15,0.85,409
2046,Sys_DiT_ref_class1000,2.15,2.8,409
2047,Sys_DiT_ref_class1000,2.15,2.85,409
2048,Sys_DiT_ref_class1000,2.85,1.95,409
2049,Sys_DiT_ref_class1000,1.85,1.2,409
2050,Sys_DiT_ref_class1000,4.12,2.85,410
2051,Sys_DiT_ref_class1000,2.85,1.2,410
2052,Sys_DiT_ref_class1000,2.85,2.0,410
2053,Sys_DiT_ref_class1000,2.15,2.3,410
2054,Sys_DiT_ref_class1000,1.85,1.5,410
2055,Sys_DiT_ref_class1000,2.85,2.15,411
2056,Sys_DiT_ref_class1000,4.15,3.25,411
2057,Sys_DiT_ref_class1000,1.85,2.3,411
2058,Sys_DiT_ref_class1000,1.85,1.5,411
2059,Sys_DiT_ref_class1000,5.0,5.0,411
2060,Sys_DiT_ref_class1000,4.85,3.65,412
2061,Sys_DiT_ref_class1000,1.85,2.4,412
2062,Sys_DiT_ref_class1000,4.85,3.65,412
2063,Sys_DiT_ref_class1000,4.85,1.82,412
2064,Sys_DiT_ref_class1000,4.85,3.72,412
2065,Sys_DiT_ref_class1000,4.12,2.85,413
2066,Sys_DiT_ref_class1000,1.85,1.2,413
2067,Sys_DiT_ref_class1000,0.82,1.15,413
2068,Sys_DiT_ref_class1000,1.25,0.85,413
2069,Sys_DiT_ref_class1000,1.25,1.8,413
2070,Sys_DiT_ref_class1000,4.72,2.85,414
2071,Sys_DiT_ref_class1000,4.85,3.75,414
2072,Sys_DiT_ref_class1000,4.85,2.9,414
2073,Sys_DiT_ref_class1000,2.85,1.65,414
2074,Sys_DiT_ref_class1000,4.85,3.75,414
2075,Sys_DiT_ref_class1000,4.12,3.85,415
2076,Sys_DiT_ref_class1000,4.85,3.75,415
2077,Sys_DiT_ref_class1000,2.85,2.1,415
2078,Sys_DiT_ref_class1000,3.85,2.15,415
2079,Sys_DiT_ref_class1000,4.12,2.85,415
2080,Sys_DiT_ref_class1000,3.85,1.5,416
2081,Sys_DiT_ref_class1000,0.0,1.25,416
2082,Sys_DiT_ref_class1000,1.85,0.15,416
2083,Sys_DiT_ref_class1000,4.25,2.0,416
2084,Sys_DiT_ref_class1000,2.15,2.85,416
2085,Sys_DiT_ref_class1000,4.85,3.65,417
2086,Sys_DiT_ref_class1000,4.85,3.75,417
2087,Sys_DiT_ref_class1000,4.85,3.72,417
2088,Sys_DiT_ref_class1000,4.65,2.85,417
2089,Sys_DiT_ref_class1000,4.65,3.85,417
2090,Sys_DiT_ref_class1000,2.85,1.92,418
2091,Sys_DiT_ref_class1000,0.85,1.2,418
2092,Sys_DiT_ref_class1000,4.85,3.62,418
2093,Sys_DiT_ref_class1000,2.15,3.42,418
2094,Sys_DiT_ref_class1000,4.95,4.98,418
2095,Sys_DiT_ref_class1000,4.12,1.5,419
2096,Sys_DiT_ref_class1000,4.85,3.2,419
2097,Sys_DiT_ref_class1000,4.85,3.72,419
2098,Sys_DiT_ref_class1000,4.85,3.2,419
2099,Sys_DiT_ref_class1000,2.85,2.15,419
2100,Sys_DiT_ref_class1000,4.85,3.92,420
2101,Sys_DiT_ref_class1000,2.85,1.15,420
2102,Sys_DiT_ref_class1000,0.85,1.42,420
2103,Sys_DiT_ref_class1000,1.85,2.1,420
2104,Sys_DiT_ref_class1000,2.15,1.5,420
2105,Sys_DiT_ref_class1000,4.12,4.85,421
2106,Sys_DiT_ref_class1000,4.12,2.85,421
2107,Sys_DiT_ref_class1000,4.15,2.85,421
2108,Sys_DiT_ref_class1000,4.65,3.85,421
2109,Sys_DiT_ref_class1000,4.85,3.62,421
2110,Sys_DiT_ref_class1000,4.85,1.5,422
2111,Sys_DiT_ref_class1000,4.85,1.5,422
2112,Sys_DiT_ref_class1000,2.15,1.5,422
2113,Sys_DiT_ref_class1000,4.12,1.85,422
2114,Sys_DiT_ref_class1000,4.15,2.85,422
2115,Sys_DiT_ref_class1000,4.65,2.85,423
2116,Sys_DiT_ref_class1000,5.0,3.85,423
2117,Sys_DiT_ref_class1000,4.85,3.72,423
2118,Sys_DiT_ref_class1000,3.15,1.82,423
2119,Sys_DiT_ref_class1000,4.65,3.85,423
2120,Sys_DiT_ref_class1000,2.85,1.42,424
2121,Sys_DiT_ref_class1000,3.85,1.5,424
2122,Sys_DiT_ref_class1000,2.15,1.5,424
2123,Sys_DiT_ref_class1000,3.85,1.5,424
2124,Sys_DiT_ref_class1000,2.85,3.62,424
2125,Sys_DiT_ref_class1000,4.65,3.2,425
2126,Sys_DiT_ref_class1000,3.85,2.9,425
2127,Sys_DiT_ref_class1000,4.85,3.2,425
2128,Sys_DiT_ref_class1000,4.65,3.85,425
2129,Sys_DiT_ref_class1000,4.85,3.72,425
2130,Sys_DiT_ref_class1000,1.25,2.85,426
2131,Sys_DiT_ref_class1000,1.85,1.2,426
2132,Sys_DiT_ref_class1000,4.65,3.82,426
2133,Sys_DiT_ref_class1000,4.15,4.85,426
2134,Sys_DiT_ref_class1000,2.85,1.65,426
2135,Sys_DiT_ref_class1000,4.65,2.85,427
2136,Sys_DiT_ref_class1000,1.25,2.85,427
2137,Sys_DiT_ref_class1000,4.85,3.62,427
2138,Sys_DiT_ref_class1000,4.85,3.65,427
2139,Sys_DiT_ref_class1000,3.45,2.85,427
2140,Sys_DiT_ref_class1000,0.0,0.85,428
2141,Sys_DiT_ref_class1000,1.25,2.8,428
2142,Sys_DiT_ref_class1000,4.85,2.75,428
2143,Sys_DiT_ref_class1000,0.0,1.85,428
2144,Sys_DiT_ref_class1000,4.85,3.72,428
2145,Sys_DiT_ref_class1000,4.85,3.92,429
2146,Sys_DiT_ref_class1000,0.85,1.2,429
2147,Sys_DiT_ref_class1000,4.85,5.0,429
2148,Sys_DiT_ref_class1000,4.85,3.6,429
2149,Sys_DiT_ref_class1000,1.85,3.2,429
2150,Sys_DiT_ref_class1000,1.85,1.2,430
2151,Sys_DiT_ref_class1000,0.0,1.5,430
2152,Sys_DiT_ref_class1000,2.15,1.5,430
2153,Sys_DiT_ref_class1000,1.85,1.5,430
2154,Sys_DiT_ref_class1000,0.85,1.2,430
2155,Sys_DiT_ref_class1000,4.85,3.62,431
2156,Sys_DiT_ref_class1000,4.85,1.5,431
2157,Sys_DiT_ref_class1000,4.85,2.1,431
2158,Sys_DiT_ref_class1000,3.85,1.92,431
2159,Sys_DiT_ref_class1000,1.85,3.42,431
2160,Sys_DiT_ref_class1000,4.65,1.85,432
2161,Sys_DiT_ref_class1000,3.82,2.15,432
2162,Sys_DiT_ref_class1000,3.85,1.5,432
2163,Sys_DiT_ref_class1000,4.85,3.6,432
2164,Sys_DiT_ref_class1000,1.25,2.1,432
2165,Sys_DiT_ref_class1000,4.85,2.15,433
2166,Sys_DiT_ref_class1000,4.65,1.5,433
2167,Sys_DiT_ref_class1000,4.85,4.92,433
2168,Sys_DiT_ref_class1000,4.15,3.85,433
2169,Sys_DiT_ref_class1000,0.12,1.5,433
2170,Sys_DiT_ref_class1000,4.65,3.85,434
2171,Sys_DiT_ref_class1000,0.12,0.85,434
2172,Sys_DiT_ref_class1000,1.85,3.42,434
2173,Sys_DiT_ref_class1000,1.25,2.8,434
2174,Sys_DiT_ref_class1000,3.85,2.6,434
2175,Sys_DiT_ref_class1000,4.85,1.2,435
2176,Sys_DiT_ref_class1000,4.82,1.35,435
2177,Sys_DiT_ref_class1000,1.85,2.4,435
2178,Sys_DiT_ref_class1000,2.85,1.42,435
2179,Sys_DiT_ref_class1000,0.12,0.85,435
2180,Sys_DiT_ref_class1000,4.65,2.15,436
2181,Sys_DiT_ref_class1000,4.65,2.15,436
2182,Sys_DiT_ref_class1000,4.92,4.65,436
2183,Sys_DiT_ref_class1000,1.25,4.92,436
2184,Sys_DiT_ref_class1000,0.85,1.2,436
2185,Sys_DiT_ref_class1000,4.85,3.75,437
2186,Sys_DiT_ref_class1000,4.85,3.72,437
2187,Sys_DiT_ref_class1000,4.98,4.95,437
2188,Sys_DiT_ref_class1000,4.85,3.72,437
2189,Sys_DiT_ref_class1000,4.25,3.85,437
2190,Sys_DiT_ref_class1000,4.65,2.85,438
2191,Sys_DiT_ref_class1000,1.85,2.9,438
2192,Sys_DiT_ref_class1000,4.65,2.0,438
2193,Sys_DiT_ref_class1000,0.85,3.42,438
2194,Sys_DiT_ref_class1000,3.85,2.65,438
2195,Sys_DiT_ref_class1000,4.15,1.5,439
2196,Sys_DiT_ref_class1000,0.12,1.85,439
2197,Sys_DiT_ref_class1000,0.85,3.42,439
2198,Sys_DiT_ref_class1000,4.95,4.98,439
2199,Sys_DiT_ref_class1000,1.85,1.2,439
2200,Sys_DiT_ref_class1000,3.15,1.85,440
2201,Sys_DiT_ref_class1000,4.65,2.85,440
2202,Sys_DiT_ref_class1000,2.85,1.65,440
2203,Sys_DiT_ref_class1000,4.12,2.85,440
2204,Sys_DiT_ref_class1000,4.12,2.85,440
2205,Sys_DiT_ref_class1000,4.85,3.6,441
2206,Sys_DiT_ref_class1000,2.85,1.92,441
2207,Sys_DiT_ref_class1000,4.85,3.65,441
2208,Sys_DiT_ref_class1000,4.85,3.72,441
2209,Sys_DiT_ref_class1000,4.85,4.62,441
2210,Sys_DiT_ref_class1000,4.12,2.85,442
2211,Sys_DiT_ref_class1000,1.85,4.92,442
2212,Sys_DiT_ref_class1000,0.42,1.85,442
2213,Sys_DiT_ref_class1000,1.85,2.65,442
2214,Sys_DiT_ref_class1000,0.0,5.0,442
2215,Sys_DiT_ref_class1000,5.0,5.0,443
2216,Sys_DiT_ref_class1000,4.65,3.82,443
2217,Sys_DiT_ref_class1000,4.65,3.2,443
2218,Sys_DiT_ref_class1000,5.0,5.0,443
2219,Sys_DiT_ref_class1000,4.85,2.35,443
2220,Sys_DiT_ref_class1000,4.92,2.85,444
2221,Sys_DiT_ref_class1000,0.12,1.85,444
2222,Sys_DiT_ref_class1000,0.15,2.0,444
2223,Sys_DiT_ref_class1000,1.85,1.5,444
2224,Sys_DiT_ref_class1000,4.92,3.0,444
2225,Sys_DiT_ref_class1000,4.85,3.65,445
2226,Sys_DiT_ref_class1000,1.85,1.2,445
2227,Sys_DiT_ref_class1000,4.12,1.85,445
2228,Sys_DiT_ref_class1000,3.85,1.5,445
2229,Sys_DiT_ref_class1000,4.12,2.0,445
2230,Sys_DiT_ref_class1000,4.15,3.62,446
2231,Sys_DiT_ref_class1000,4.85,2.15,446
2232,Sys_DiT_ref_class1000,4.12,2.85,446
2233,Sys_DiT_ref_class1000,4.15,3.2,446
2234,Sys_DiT_ref_class1000,1.85,1.92,446
2235,Sys_DiT_ref_class1000,4.85,3.92,447
2236,Sys_DiT_ref_class1000,4.65,2.85,447
2237,Sys_DiT_ref_class1000,0.12,0.85,447
2238,Sys_DiT_ref_class1000,1.25,1.8,447
2239,Sys_DiT_ref_class1000,3.85,2.4,447
2240,Sys_DiT_ref_class1000,4.85,3.6,448
2241,Sys_DiT_ref_class1000,2.15,1.85,448
2242,Sys_DiT_ref_class1000,4.85,2.15,448
2243,Sys_DiT_ref_class1000,3.45,2.85,448
2244,Sys_DiT_ref_class1000,4.85,3.6,448
2245,Sys_DiT_ref_class1000,1.25,2.85,449
2246,Sys_DiT_ref_class1000,4.15,3.65,449
2247,Sys_DiT_ref_class1000,0.85,1.2,449
2248,Sys_DiT_ref_class1000,4.85,3.65,449
2249,Sys_DiT_ref_class1000,0.0,1.45,449
2250,Sys_DiT_ref_class1000,4.65,2.85,450
2251,Sys_DiT_ref_class1000,4.65,2.85,450
2252,Sys_DiT_ref_class1000,4.85,3.62,450
2253,Sys_DiT_ref_class1000,4.85,3.72,450
2254,Sys_DiT_ref_class1000,4.65,2.85,450
2255,Sys_DiT_ref_class1000,4.65,3.85,451
2256,Sys_DiT_ref_class1000,4.85,4.2,451
2257,Sys_DiT_ref_class1000,4.65,2.85,451
2258,Sys_DiT_ref_class1000,3.85,3.62,451
2259,Sys_DiT_ref_class1000,4.65,2.85,451
2260,Sys_DiT_ref_class1000,5.0,5.0,452
2261,Sys_DiT_ref_class1000,1.85,3.62,452
2262,Sys_DiT_ref_class1000,4.85,3.72,452
2263,Sys_DiT_ref_class1000,4.92,1.5,452
2264,Sys_DiT_ref_class1000,4.92,4.15,452
2265,Sys_DiT_ref_class1000,4.12,3.65,453
2266,Sys_DiT_ref_class1000,4.85,3.2,453
2267,Sys_DiT_ref_class1000,4.15,2.85,453
2268,Sys_DiT_ref_class1000,4.85,3.62,453
2269,Sys_DiT_ref_class1000,4.85,3.62,453
2270,Sys_DiT_ref_class1000,3.85,2.4,454
2271,Sys_DiT_ref_class1000,0.12,0.85,454
2272,Sys_DiT_ref_class1000,4.85,2.65,454
2273,Sys_DiT_ref_class1000,3.85,2.65,454
2274,Sys_DiT_ref_class1000,3.42,2.15,454
2275,Sys_DiT_ref_class1000,3.85,1.2,455
2276,Sys_DiT_ref_class1000,1.25,1.8,455
2277,Sys_DiT_ref_class1000,4.85,2.15,455
2278,Sys_DiT_ref_class1000,4.65,2.85,455
2279,Sys_DiT_ref_class1000,1.85,3.42,455
2280,Sys_DiT_ref_class1000,4.85,1.5,456
2281,Sys_DiT_ref_class1000,0.15,0.85,456
2282,Sys_DiT_ref_class1000,0.12,1.85,456
2283,Sys_DiT_ref_class1000,0.15,1.85,456
2284,Sys_DiT_ref_class1000,4.15,1.5,456
2285,Sys_DiT_ref_class1000,4.12,1.5,457
2286,Sys_DiT_ref_class1000,2.85,1.9,457
2287,Sys_DiT_ref_class1000,4.15,3.85,457
2288,Sys_DiT_ref_class1000,4.85,4.92,457
2289,Sys_DiT_ref_class1000,4.85,3.2,457
2290,Sys_DiT_ref_class1000,3.85,2.45,458
2291,Sys_DiT_ref_class1000,2.85,2.6,458
2292,Sys_DiT_ref_class1000,2.85,1.92,458
2293,Sys_DiT_ref_class1000,2.85,1.5,458
2294,Sys_DiT_ref_class1000,2.85,1.92,458
2295,Sys_DiT_ref_class1000,2.85,0.92,459
2296,Sys_DiT_ref_class1000,4.65,1.5,459
2297,Sys_DiT_ref_class1000,4.65,2.85,459
2298,Sys_DiT_ref_class1000,1.85,1.2,459
2299,Sys_DiT_ref_class1000,1.85,2.1,459
2300,Sys_DiT_ref_class1000,4.65,3.85,460
2301,Sys_DiT_ref_class1000,0.85,3.65,460
2302,Sys_DiT_ref_class1000,4.65,3.85,460
2303,Sys_DiT_ref_class1000,0.15,4.92,460
2304,Sys_DiT_ref_class1000,4.15,3.85,460
2305,Sys_DiT_ref_class1000,4.85,1.2,461
2306,Sys_DiT_ref_class1000,4.65,3.85,461
2307,Sys_DiT_ref_class1000,3.42,2.15,461
2308,Sys_DiT_ref_class1000,4.85,3.75,461
2309,Sys_DiT_ref_class1000,4.15,2.85,461
2310,Sys_DiT_ref_class1000,4.85,3.62,462
2311,Sys_DiT_ref_class1000,4.85,3.6,462
2312,Sys_DiT_ref_class1000,0.85,1.92,462
2313,Sys_DiT_ref_class1000,4.85,4.2,462
2314,Sys_DiT_ref_class1000,1.25,2.8,462
2315,Sys_DiT_ref_class1000,3.85,1.75,463
2316,Sys_DiT_ref_class1000,2.15,1.5,463
2317,Sys_DiT_ref_class1000,0.0,1.25,463
2318,Sys_DiT_ref_class1000,0.0,0.85,463
2319,Sys_DiT_ref_class1000,2.85,2.4,463
2320,Sys_DiT_ref_class1000,3.85,2.75,464
2321,Sys_DiT_ref_class1000,0.0,0.85,464
2322,Sys_DiT_ref_class1000,1.25,2.85,464
2323,Sys_DiT_ref_class1000,2.85,2.4,464
2324,Sys_DiT_ref_class1000,2.15,1.85,464
2325,Sys_DiT_ref_class1000,4.92,4.85,465
2326,Sys_DiT_ref_class1000,3.65,2.8,465
2327,Sys_DiT_ref_class1000,4.82,3.65,465
2328,Sys_DiT_ref_class1000,4.12,2.35,465
2329,Sys_DiT_ref_class1000,4.12,2.85,465
2330,Sys_DiT_ref_class1000,4.65,3.2,466
2331,Sys_DiT_ref_class1000,4.35,3.82,466
2332,Sys_DiT_ref_class1000,4.85,3.75,466
2333,Sys_DiT_ref_class1000,4.25,2.15,466
2334,Sys_DiT_ref_class1000,4.92,3.85,466
2335,Sys_DiT_ref_class1000,3.85,1.92,467
2336,Sys_DiT_ref_class1000,3.85,2.15,467
2337,Sys_DiT_ref_class1000,0.0,1.5,467
2338,Sys_DiT_ref_class1000,4.85,3.2,467
2339,Sys_DiT_ref_class1000,2.85,1.65,467
2340,Sys_DiT_ref_class1000,4.65,3.82,468
2341,Sys_DiT_ref_class1000,4.12,2.85,468
2342,Sys_DiT_ref_class1000,4.85,2.35,468
2343,Sys_DiT_ref_class1000,3.42,2.85,468
2344,Sys_DiT_ref_class1000,4.85,3.65,468
2345,Sys_DiT_ref_class1000,4.85,3.72,469
2346,Sys_DiT_ref_class1000,4.65,2.85,469
2347,Sys_DiT_ref_class1000,4.65,3.85,469
2348,Sys_DiT_ref_class1000,0.15,1.2,469
2349,Sys_DiT_ref_class1000,1.15,2.85,469
2350,Sys_DiT_ref_class1000,4.12,3.65,470
2351,Sys_DiT_ref_class1000,2.85,2.6,470
2352,Sys_DiT_ref_class1000,0.15,2.85,470
2353,Sys_DiT_ref_class1000,2.85,2.4,470
2354,Sys_DiT_ref_class1000,2.85,1.95,470
2355,Sys_DiT_ref_class1000,4.85,2.75,471
2356,Sys_DiT_ref_class1000,2.15,1.85,471
2357,Sys_DiT_ref_class1000,3.42,2.85,471
2358,Sys_DiT_ref_class1000,4.85,3.75,471
2359,Sys_DiT_ref_class1000,1.25,1.85,471
2360,Sys_DiT_ref_class1000,4.25,2.15,472
2361,Sys_DiT_ref_class1000,4.15,2.85,472
2362,Sys_DiT_ref_class1000,2.15,1.5,472
2363,Sys_DiT_ref_class1000,1.25,2.85,472
2364,Sys_DiT_ref_class1000,1.85,3.62,472
2365,Sys_DiT_ref_class1000,2.15,2.8,473
2366,Sys_DiT_ref_class1000,3.85,2.65,473
2367,Sys_DiT_ref_class1000,4.85,3.72,473
2368,Sys_DiT_ref_class1000,4.15,3.68,473
2369,Sys_DiT_ref_class1000,4.85,3.62,473
2370,Sys_DiT_ref_class1000,3.42,2.85,474
2371,Sys_DiT_ref_class1000,4.35,1.5,474
2372,Sys_DiT_ref_class1000,1.85,0.92,474
2373,Sys_DiT_ref_class1000,3.85,1.5,474
2374,Sys_DiT_ref_class1000,4.85,3.0,474
2375,Sys_DiT_ref_class1000,4.92,4.85,475
2376,Sys_DiT_ref_class1000,3.42,2.85,475
2377,Sys_DiT_ref_class1000,4.85,3.75,475
2378,Sys_DiT_ref_class1000,4.85,3.8,475
2379,Sys_DiT_ref_class1000,4.85,3.62,475
2380,Sys_DiT_ref_class1000,4.65,1.5,476
2381,Sys_DiT_ref_class1000,4.85,4.15,476
2382,Sys_DiT_ref_class1000,4.85,2.15,476
2383,Sys_DiT_ref_class1000,4.85,3.65,476
2384,Sys_DiT_ref_class1000,4.85,2.35,476
2385,Sys_DiT_ref_class1000,3.85,2.9,477
2386,Sys_DiT_ref_class1000,4.15,2.85,477
2387,Sys_DiT_ref_class1000,4.15,3.65,477
2388,Sys_DiT_ref_class1000,4.15,3.65,477
2389,Sys_DiT_ref_class1000,0.12,1.85,477
2390,Sys_DiT_ref_class1000,1.85,1.2,478
2391,Sys_DiT_ref_class1000,2.85,1.42,478
2392,Sys_DiT_ref_class1000,4.12,1.85,478
2393,Sys_DiT_ref_class1000,4.12,2.85,478
2394,Sys_DiT_ref_class1000,1.85,1.62,478
2395,Sys_DiT_ref_class1000,4.85,4.92,479
2396,Sys_DiT_ref_class1000,1.85,1.2,479
2397,Sys_DiT_ref_class1000,4.65,1.8,479
2398,Sys_DiT_ref_class1000,5.0,5.0,479
2399,Sys_DiT_ref_class1000,4.85,4.72,479
2400,Sys_DiT_ref_class1000,4.85,2.65,480
2401,Sys_DiT_ref_class1000,3.85,2.4,480
2402,Sys_DiT_ref_class1000,4.15,3.85,480
2403,Sys_DiT_ref_class1000,4.35,2.85,480
2404,Sys_DiT_ref_class1000,3.85,1.92,480
2405,Sys_DiT_ref_class1000,1.85,1.2,481
2406,Sys_DiT_ref_class1000,3.65,2.1,481
2407,Sys_DiT_ref_class1000,3.45,2.85,481
2408,Sys_DiT_ref_class1000,4.15,2.85,481
2409,Sys_DiT_ref_class1000,2.85,1.92,481
2410,Sys_DiT_ref_class1000,2.85,1.92,482
2411,Sys_DiT_ref_class1000,4.15,2.85,482
2412,Sys_DiT_ref_class1000,3.65,1.85,482
2413,Sys_DiT_ref_class1000,2.15,1.85,482
2414,Sys_DiT_ref_class1000,3.65,2.1,482
2415,Sys_DiT_ref_class1000,4.85,4.15,483
2416,Sys_DiT_ref_class1000,4.12,2.85,483
2417,Sys_DiT_ref_class1000,3.82,4.15,483
2418,Sys_DiT_ref_class1000,0.85,1.2,483
2419,Sys_DiT_ref_class1000,4.65,3.82,483
2420,Sys_DiT_ref_class1000,4.12,2.85,484
2421,Sys_DiT_ref_class1000,4.12,2.85,484
2422,Sys_DiT_ref_class1000,4.85,2.15,484
2423,Sys_DiT_ref_class1000,4.92,4.65,484
2424,Sys_DiT_ref_class1000,4.15,2.85,484
2425,Sys_DiT_ref_class1000,4.25,3.85,485
2426,Sys_DiT_ref_class1000,3.85,2.75,485
2427,Sys_DiT_ref_class1000,2.15,1.85,485
2428,Sys_DiT_ref_class1000,0.85,1.92,485
2429,Sys_DiT_ref_class1000,4.85,3.62,485
2430,Sys_DiT_ref_class1000,4.65,2.85,486
2431,Sys_DiT_ref_class1000,3.85,1.2,486
2432,Sys_DiT_ref_class1000,4.72,1.5,486
2433,Sys_DiT_ref_class1000,4.85,4.2,486
2434,Sys_DiT_ref_class1000,4.25,1.5,486
2435,Sys_DiT_ref_class1000,1.85,1.92,487
2436,Sys_DiT_ref_class1000,0.85,1.2,487
2437,Sys_DiT_ref_class1000,1.25,2.1,487
2438,Sys_DiT_ref_class1000,3.85,2.15,487
2439,Sys_DiT_ref_class1000,1.25,1.15,487
2440,Sys_DiT_ref_class1000,0.12,1.85,488
2441,Sys_DiT_ref_class1000,4.85,3.72,488
2442,Sys_DiT_ref_class1000,1.25,1.85,488
2443,Sys_DiT_ref_class1000,4.85,3.2,488
2444,Sys_DiT_ref_class1000,4.65,3.8,488
2445,Sys_DiT_ref_class1000,0.0,1.0,489
2446,Sys_DiT_ref_class1000,2.85,1.5,489
2447,Sys_DiT_ref_class1000,1.25,1.85,489
2448,Sys_DiT_ref_class1000,4.85,4.2,489
2449,Sys_DiT_ref_class1000,3.85,2.75,489
2450,Sys_DiT_ref_class1000,4.65,3.82,490
2451,Sys_DiT_ref_class1000,4.85,3.65,490
2452,Sys_DiT_ref_class1000,4.85,3.65,490
2453,Sys_DiT_ref_class1000,4.85,4.2,490
2454,Sys_DiT_ref_class1000,4.92,4.95,490
2455,Sys_DiT_ref_class1000,2.15,1.85,491
2456,Sys_DiT_ref_class1000,3.85,2.4,491
2457,Sys_DiT_ref_class1000,4.65,3.85,491
2458,Sys_DiT_ref_class1000,2.15,2.8,491
2459,Sys_DiT_ref_class1000,3.65,2.85,491
2460,Sys_DiT_ref_class1000,1.25,2.85,492
2461,Sys_DiT_ref_class1000,4.85,3.75,492
2462,Sys_DiT_ref_class1000,3.85,4.12,492
2463,Sys_DiT_ref_class1000,4.85,3.62,492
2464,Sys_DiT_ref_class1000,4.65,3.85,492
2465,Sys_DiT_ref_class1000,1.85,3.62,493
2466,Sys_DiT_ref_class1000,1.85,3.42,493
2467,Sys_DiT_ref_class1000,3.42,3.65,493
2468,Sys_DiT_ref_class1000,4.12,2.85,493
2469,Sys_DiT_ref_class1000,1.85,2.4,493
2470,Sys_DiT_ref_class1000,0.12,1.85,494
2471,Sys_DiT_ref_class1000,4.85,3.6,494
2472,Sys_DiT_ref_class1000,0.0,0.0,494
2473,Sys_DiT_ref_class1000,3.85,3.6,494
2474,Sys_DiT_ref_class1000,1.85,3.6,494
2475,Sys_DiT_ref_class1000,4.85,3.75,495
2476,Sys_DiT_ref_class1000,4.15,2.85,495
2477,Sys_DiT_ref_class1000,4.65,3.85,495
2478,Sys_DiT_ref_class1000,2.85,3.65,495
2479,Sys_DiT_ref_class1000,4.85,3.75,495
2480,Sys_DiT_ref_class1000,4.15,3.65,496
2481,Sys_DiT_ref_class1000,4.25,3.85,496
2482,Sys_DiT_ref_class1000,4.65,3.82,496
2483,Sys_DiT_ref_class1000,3.85,2.75,496
2484,Sys_DiT_ref_class1000,4.65,3.85,496
2485,Sys_DiT_ref_class1000,4.85,3.72,497
2486,Sys_DiT_ref_class1000,4.12,2.85,497
2487,Sys_DiT_ref_class1000,4.85,3.62,497
2488,Sys_DiT_ref_class1000,3.65,1.85,497
2489,Sys_DiT_ref_class1000,4.15,2.85,497
2490,Sys_DiT_ref_class1000,2.85,1.65,498
2491,Sys_DiT_ref_class1000,3.85,2.15,498
2492,Sys_DiT_ref_class1000,3.85,3.6,498
2493,Sys_DiT_ref_class1000,0.85,1.92,498
2494,Sys_DiT_ref_class1000,3.85,2.4,498
2495,Sys_DiT_ref_class1000,1.85,2.65,499
2496,Sys_DiT_ref_class1000,4.85,3.72,499
2497,Sys_DiT_ref_class1000,4.85,3.65,499
2498,Sys_DiT_ref_class1000,5.0,4.95,499
2499,Sys_DiT_ref_class1000,4.85,2.15,499
2500,Sys_DiT_ref_class1000,4.85,4.72,500
2501,Sys_DiT_ref_class1000,4.65,3.85,500
2502,Sys_DiT_ref_class1000,2.15,3.42,500
2503,Sys_DiT_ref_class1000,1.85,2.1,500
2504,Sys_DiT_ref_class1000,0.0,1.2,500
2505,Sys_DiT_ref_class1000,3.85,1.25,501
2506,Sys_DiT_ref_class1000,4.85,4.62,501
2507,Sys_DiT_ref_class1000,4.85,1.5,501
2508,Sys_DiT_ref_class1000,4.65,1.5,501
2509,Sys_DiT_ref_class1000,4.12,1.5,501
2510,Sys_DiT_ref_class1000,4.15,3.65,502
2511,Sys_DiT_ref_class1000,4.12,2.85,502
2512,Sys_DiT_ref_class1000,2.15,3.42,502
2513,Sys_DiT_ref_class1000,4.85,3.2,502
2514,Sys_DiT_ref_class1000,4.85,1.2,502
2515,Sys_DiT_ref_class1000,3.85,2.15,503
2516,Sys_DiT_ref_class1000,4.92,4.15,503
2517,Sys_DiT_ref_class1000,4.65,3.2,503
2518,Sys_DiT_ref_class1000,4.65,3.82,503
2519,Sys_DiT_ref_class1000,4.85,3.75,503
2520,Sys_DiT_ref_class1000,4.65,3.85,504
2521,Sys_DiT_ref_class1000,4.65,2.85,504
2522,Sys_DiT_ref_class1000,0.85,1.2,504
2523,Sys_DiT_ref_class1000,4.92,4.35,504
2524,Sys_DiT_ref_class1000,4.15,3.65,504
2525,Sys_DiT_ref_class1000,4.65,3.85,505
2526,Sys_DiT_ref_class1000,2.15,0.85,505
2527,Sys_DiT_ref_class1000,5.0,5.0,505
2528,Sys_DiT_ref_class1000,3.85,1.2,505
2529,Sys_DiT_ref_class1000,4.85,3.72,505
2530,Sys_DiT_ref_class1000,1.25,4.68,506
2531,Sys_DiT_ref_class1000,0.42,2.65,506
2532,Sys_DiT_ref_class1000,2.15,2.85,506
2533,Sys_DiT_ref_class1000,0.15,1.2,506
2534,Sys_DiT_ref_class1000,0.15,3.42,506
2535,Sys_DiT_ref_class1000,1.85,2.1,507
2536,Sys_DiT_ref_class1000,2.85,3.6,507
2537,Sys_DiT_ref_class1000,3.85,1.2,507
2538,Sys_DiT_ref_class1000,1.85,2.1,507
2539,Sys_DiT_ref_class1000,3.85,2.15,507
2540,Sys_DiT_ref_class1000,4.85,3.6,508
2541,Sys_DiT_ref_class1000,1.85,2.1,508
2542,Sys_DiT_ref_class1000,0.82,1.15,508
2543,Sys_DiT_ref_class1000,3.85,2.9,508
2544,Sys_DiT_ref_class1000,1.85,1.2,508
2545,Sys_DiT_ref_class1000,4.15,2.85,509
2546,Sys_DiT_ref_class1000,2.85,1.5,509
2547,Sys_DiT_ref_class1000,4.85,3.65,509
2548,Sys_DiT_ref_class1000,2.85,2.1,509
2549,Sys_DiT_ref_class1000,4.15,2.85,509
2550,Sys_DiT_ref_class1000,3.85,2.45,510
2551,Sys_DiT_ref_class1000,4.15,1.85,510
2552,Sys_DiT_ref_class1000,4.85,3.72,510
2553,Sys_DiT_ref_class1000,4.12,2.35,510
2554,Sys_DiT_ref_class1000,4.15,3.85,510
2555,Sys_DiT_ref_class1000,4.85,2.15,511
2556,Sys_DiT_ref_class1000,4.85,3.75,511
2557,Sys_DiT_ref_class1000,4.85,2.15,511
2558,Sys_DiT_ref_class1000,4.85,3.72,511
2559,Sys_DiT_ref_class1000,1.85,1.2,511
2560,Sys_DiT_ref_class1000,1.25,1.8,512
2561,Sys_DiT_ref_class1000,2.85,1.92,512
2562,Sys_DiT_ref_class1000,0.12,0.85,512
2563,Sys_DiT_ref_class1000,2.85,1.95,512
2564,Sys_DiT_ref_class1000,4.85,4.2,512
2565,Sys_DiT_ref_class1000,5.0,5.0,513
2566,Sys_DiT_ref_class1000,2.15,3.42,513
2567,Sys_DiT_ref_class1000,4.65,1.5,513
2568,Sys_DiT_ref_class1000,0.15,2.85,513
2569,Sys_DiT_ref_class1000,1.85,3.42,513
2570,Sys_DiT_ref_class1000,3.82,2.15,514
2571,Sys_DiT_ref_class1000,3.65,2.85,514
2572,Sys_DiT_ref_class1000,2.85,1.2,514
2573,Sys_DiT_ref_class1000,4.25,3.85,514
2574,Sys_DiT_ref_class1000,3.85,1.2,514
2575,Sys_DiT_ref_class1000,3.85,3.42,515
2576,Sys_DiT_ref_class1000,3.15,1.5,515
2577,Sys_DiT_ref_class1000,3.85,2.65,515
2578,Sys_DiT_ref_class1000,4.12,4.35,515
2579,Sys_DiT_ref_class1000,0.42,0.85,515
2580,Sys_DiT_ref_class1000,4.25,3.85,516
2581,Sys_DiT_ref_class1000,4.95,4.85,516
2582,Sys_DiT_ref_class1000,4.15,2.85,516
2583,Sys_DiT_ref_class1000,5.0,5.0,516
2584,Sys_DiT_ref_class1000,1.85,2.65,516
2585,Sys_DiT_ref_class1000,0.05,1.82,517
2586,Sys_DiT_ref_class1000,0.05,4.8,517
2587,Sys_DiT_ref_class1000,0.0,2.85,517
2588,Sys_DiT_ref_class1000,1.25,3.85,517
2589,Sys_DiT_ref_class1000,0.05,2.85,517
2590,Sys_DiT_ref_class1000,0.12,0.85,518
2591,Sys_DiT_ref_class1000,2.85,1.92,518
2592,Sys_DiT_ref_class1000,4.85,3.65,518
2593,Sys_DiT_ref_class1000,4.65,2.85,518
2594,Sys_DiT_ref_class1000,4.65,3.85,518
2595,Sys_DiT_ref_class1000,4.92,4.98,519
2596,Sys_DiT_ref_class1000,1.85,1.2,519
2597,Sys_DiT_ref_class1000,2.85,1.42,519
2598,Sys_DiT_ref_class1000,4.65,3.85,519
2599,Sys_DiT_ref_class1000,2.85,1.65,519
2600,Sys_DiT_ref_class1000,4.15,2.85,520
2601,Sys_DiT_ref_class1000,3.85,2.15,520
2602,Sys_DiT_ref_class1000,4.15,1.85,520
2603,Sys_DiT_ref_class1000,4.85,3.72,520
2604,Sys_DiT_ref_class1000,3.65,1.82,520
2605,Sys_DiT_ref_class1000,4.25,3.15,521
2606,Sys_DiT_ref_class1000,4.15,3.85,521
2607,Sys_DiT_ref_class1000,0.0,1.45,521
2608,Sys_DiT_ref_class1000,4.65,2.85,521
2609,Sys_DiT_ref_class1000,3.15,2.85,521
2610,Sys_DiT_ref_class1000,4.85,3.72,522
2611,Sys_DiT_ref_class1000,4.85,2.15,522
2612,Sys_DiT_ref_class1000,4.12,3.65,522
2613,Sys_DiT_ref_class1000,3.85,1.5,522
2614,Sys_DiT_ref_class1000,4.85,3.6,522
2615,Sys_DiT_ref_class1000,0.0,5.0,523
2616,Sys_DiT_ref_class1000,0.0,0.0,523
2617,Sys_DiT_ref_class1000,4.65,2.0,523
2618,Sys_DiT_ref_class1000,4.85,3.65,523
2619,Sys_DiT_ref_class1000,0.15,0.85,523
2620,Sys_DiT_ref_class1000,2.85,3.42,524
2621,Sys_DiT_ref_class1000,2.85,1.45,524
2622,Sys_DiT_ref_class1000,4.65,3.85,524
2623,Sys_DiT_ref_class1000,4.15,1.85,524
2624,Sys_DiT_ref_class1000,4.65,3.82,524
2625,Sys_DiT_ref_class1000,4.85,3.75,525
2626,Sys_DiT_ref_class1000,4.85,4.12,525
2627,Sys_DiT_ref_class1000,4.85,3.62,525
2628,Sys_DiT_ref_class1000,1.42,2.65,525
2629,Sys_DiT_ref_class1000,4.85,4.2,525
2630,Sys_DiT_ref_class1000,4.85,2.15,526
2631,Sys_DiT_ref_class1000,1.25,1.15,526
2632,Sys_DiT_ref_class1000,4.65,2.85,526
2633,Sys_DiT_ref_class1000,1.85,2.1,526
2634,Sys_DiT_ref_class1000,4.65,3.82,526
2635,Sys_DiT_ref_class1000,4.25,2.85,527
2636,Sys_DiT_ref_class1000,3.85,2.15,527
2637,Sys_DiT_ref_class1000,1.85,2.4,527
2638,Sys_DiT_ref_class1000,4.65,3.82,527
2639,Sys_DiT_ref_class1000,1.85,3.42,527
2640,Sys_DiT_ref_class1000,4.65,3.82,528
2641,Sys_DiT_ref_class1000,2.15,1.85,528
2642,Sys_DiT_ref_class1000,4.85,3.72,528
2643,Sys_DiT_ref_class1000,3.85,2.75,528
2644,Sys_DiT_ref_class1000,4.65,4.2,528
2645,Sys_DiT_ref_class1000,4.15,2.85,529
2646,Sys_DiT_ref_class1000,1.85,2.75,529
2647,Sys_DiT_ref_class1000,4.12,1.5,529
2648,Sys_DiT_ref_class1000,4.65,3.85,529
2649,Sys_DiT_ref_class1000,4.92,4.15,529
2650,Sys_DiT_ref_class1000,1.85,1.2,530
2651,Sys_DiT_ref_class1000,1.85,3.62,530
2652,Sys_DiT_ref_class1000,4.15,2.85,530
2653,Sys_DiT_ref_class1000,4.12,2.85,530
2654,Sys_DiT_ref_class1000,1.85,1.2,530
2655,Sys_DiT_ref_class1000,1.85,1.92,531
2656,Sys_DiT_ref_class1000,1.25,0.85,531
2657,Sys_DiT_ref_class1000,1.85,1.2,531
2658,Sys_DiT_ref_class1000,2.15,1.85,531
2659,Sys_DiT_ref_class1000,3.42,2.85,531
2660,Sys_DiT_ref_class1000,2.15,1.8,532
2661,Sys_DiT_ref_class1000,4.12,2.85,532
2662,Sys_DiT_ref_class1000,4.85,3.62,532
2663,Sys_DiT_ref_class1000,3.15,2.85,532
2664,Sys_DiT_ref_class1000,2.85,1.92,532
2665,Sys_DiT_ref_class1000,4.65,3.85,533
2666,Sys_DiT_ref_class1000,2.85,4.12,533
2667,Sys_DiT_ref_class1000,2.85,4.12,533
2668,Sys_DiT_ref_class1000,4.85,3.8,533
2669,Sys_DiT_ref_class1000,1.25,3.85,533
2670,Sys_DiT_ref_class1000,0.0,1.25,534
2671,Sys_DiT_ref_class1000,4.85,2.15,534
2672,Sys_DiT_ref_class1000,2.85,1.15,534
2673,Sys_DiT_ref_class1000,1.25,1.1,534
2674,Sys_DiT_ref_class1000,2.15,3.42,534
2675,Sys_DiT_ref_class1000,2.85,1.2,535
2676,Sys_DiT_ref_class1000,3.85,2.15,535
2677,Sys_DiT_ref_class1000,4.65,3.82,535
2678,Sys_DiT_ref_class1000,4.25,2.85,535
2679,Sys_DiT_ref_class1000,4.65,3.85,535
2680,Sys_DiT_ref_class1000,4.65,3.85,536
2681,Sys_DiT_ref_class1000,4.12,2.85,536
2682,Sys_DiT_ref_class1000,0.0,3.85,536
2683,Sys_DiT_ref_class1000,4.12,4.85,536
2684,Sys_DiT_ref_class1000,4.85,3.75,536
2685,Sys_DiT_ref_class1000,3.85,1.5,537
2686,Sys_DiT_ref_class1000,3.85,1.5,537
2687,Sys_DiT_ref_class1000,0.0,0.0,537
2688,Sys_DiT_ref_class1000,2.85,1.5,537
2689,Sys_DiT_ref_class1000,2.85,1.5,537
2690,Sys_DiT_ref_class1000,0.85,2.15,538
2691,Sys_DiT_ref_class1000,4.85,2.75,538
2692,Sys_DiT_ref_class1000,4.65,2.85,538
2693,Sys_DiT_ref_class1000,4.85,3.62,538
2694,Sys_DiT_ref_class1000,4.85,4.92,538
2695,Sys_DiT_ref_class1000,3.85,3.92,539
2696,Sys_DiT_ref_class1000,1.85,2.4,539
2697,Sys_DiT_ref_class1000,3.85,4.72,539
2698,Sys_DiT_ref_class1000,3.85,1.92,539
2699,Sys_DiT_ref_class1000,3.85,1.92,539
2700,Sys_DiT_ref_class1000,4.85,1.2,540
2701,Sys_DiT_ref_class1000,4.15,2.85,540
2702,Sys_DiT_ref_class1000,4.85,2.15,540
2703,Sys_DiT_ref_class1000,4.65,3.82,540
2704,Sys_DiT_ref_class1000,1.85,1.2,540
2705,Sys_DiT_ref_class1000,4.65,3.82,541
2706,Sys_DiT_ref_class1000,4.85,3.65,541
2707,Sys_DiT_ref_class1000,3.85,3.6,541
2708,Sys_DiT_ref_class1000,4.15,2.85,541
2709,Sys_DiT_ref_class1000,4.65,3.82,541
2710,Sys_DiT_ref_class1000,4.85,1.5,542
2711,Sys_DiT_ref_class1000,5.0,1.85,542
2712,Sys_DiT_ref_class1000,4.85,1.5,542
2713,Sys_DiT_ref_class1000,1.85,1.65,542
2714,Sys_DiT_ref_class1000,3.85,2.9,542
2715,Sys_DiT_ref_class1000,1.85,2.0,543
2716,Sys_DiT_ref_class1000,0.0,0.5,543
2717,Sys_DiT_ref_class1000,4.85,3.72,543
2718,Sys_DiT_ref_class1000,1.85,2.1,543
2719,Sys_DiT_ref_class1000,0.12,1.85,543
2720,Sys_DiT_ref_class1000,4.65,3.82,544
2721,Sys_DiT_ref_class1000,3.82,2.94,544
2722,Sys_DiT_ref_class1000,4.65,3.82,544
2723,Sys_DiT_ref_class1000,4.85,3.62,544
2724,Sys_DiT_ref_class1000,4.65,2.85,544
2725,Sys_DiT_ref_class1000,0.12,0.85,545
2726,Sys_DiT_ref_class1000,4.25,3.85,545
2727,Sys_DiT_ref_class1000,4.12,2.85,545
2728,Sys_DiT_ref_class1000,4.85,3.72,545
2729,Sys_DiT_ref_class1000,4.85,3.62,545
2730,Sys_DiT_ref_class1000,4.65,2.85,546
2731,Sys_DiT_ref_class1000,2.85,2.15,546
2732,Sys_DiT_ref_class1000,4.15,2.85,546
2733,Sys_DiT_ref_class1000,4.15,3.2,546
2734,Sys_DiT_ref_class1000,4.15,2.85,546
2735,Sys_DiT_ref_class1000,4.92,4.85,547
2736,Sys_DiT_ref_class1000,3.45,1.82,547
2737,Sys_DiT_ref_class1000,4.15,2.85,547
2738,Sys_DiT_ref_class1000,4.12,2.85,547
2739,Sys_DiT_ref_class1000,4.15,2.85,547
2740,Sys_DiT_ref_class1000,4.65,4.2,548
2741,Sys_DiT_ref_class1000,4.25,2.85,548
2742,Sys_DiT_ref_class1000,4.85,3.75,548
2743,Sys_DiT_ref_class1000,4.65,2.85,548
2744,Sys_DiT_ref_class1000,4.65,2.85,548
2745,Sys_DiT_ref_class1000,1.85,2.4,549
2746,Sys_DiT_ref_class1000,0.85,1.2,549
2747,Sys_DiT_ref_class1000,3.45,2.85,549
2748,Sys_DiT_ref_class1000,2.85,1.42,549
2749,Sys_DiT_ref_class1000,0.0,0.85,549
2750,Sys_DiT_ref_class1000,5.0,1.85,550
2751,Sys_DiT_ref_class1000,3.85,2.75,550
2752,Sys_DiT_ref_class1000,4.85,2.65,550
2753,Sys_DiT_ref_class1000,4.85,3.92,550
2754,Sys_DiT_ref_class1000,4.85,2.65,550
2755,Sys_DiT_ref_class1000,4.85,3.62,551
2756,Sys_DiT_ref_class1000,4.85,2.15,551
2757,Sys_DiT_ref_class1000,4.85,3.62,551
2758,Sys_DiT_ref_class1000,2.85,1.42,551
2759,Sys_DiT_ref_class1000,4.85,2.1,551
2760,Sys_DiT_ref_class1000,4.85,1.5,552
2761,Sys_DiT_ref_class1000,4.85,1.5,552
2762,Sys_DiT_ref_class1000,4.85,4.72,552
2763,Sys_DiT_ref_class1000,4.85,1.5,552
2764,Sys_DiT_ref_class1000,3.85,1.5,552
2765,Sys_DiT_ref_class1000,4.85,1.65,553
2766,Sys_DiT_ref_class1000,4.85,3.6,553
2767,Sys_DiT_ref_class1000,5.0,3.45,553
2768,Sys_DiT_ref_class1000,4.85,3.65,553
2769,Sys_DiT_ref_class1000,1.85,1.2,553
2770,Sys_DiT_ref_class1000,4.85,1.65,554
2771,Sys_DiT_ref_class1000,4.85,3.2,554
2772,Sys_DiT_ref_class1000,4.85,1.65,554
2773,Sys_DiT_ref_class1000,4.85,1.65,554
2774,Sys_DiT_ref_class1000,4.92,3.65,554
2775,Sys_DiT_ref_class1000,4.82,1.15,555
2776,Sys_DiT_ref_class1000,4.85,1.92,555
2777,Sys_DiT_ref_class1000,4.85,2.1,555
2778,Sys_DiT_ref_class1000,4.85,2.15,555
2779,Sys_DiT_ref_class1000,4.85,2.1,555
2780,Sys_DiT_ref_class1000,4.85,3.62,556
2781,Sys_DiT_ref_class1000,1.25,1.8,556
2782,Sys_DiT_ref_class1000,0.15,2.85,556
2783,Sys_DiT_ref_class1000,4.85,1.92,556
2784,Sys_DiT_ref_class1000,4.85,3.6,556
2785,Sys_DiT_ref_class1000,2.85,1.92,557
2786,Sys_DiT_ref_class1000,3.85,1.2,557
2787,Sys_DiT_ref_class1000,1.85,1.62,557
2788,Sys_DiT_ref_class1000,4.85,3.62,557
2789,Sys_DiT_ref_class1000,2.85,1.92,557
2790,Sys_DiT_ref_class1000,0.0,1.25,558
2791,Sys_DiT_ref_class1000,2.85,1.65,558
2792,Sys_DiT_ref_class1000,2.85,1.5,558
2793,Sys_DiT_ref_class1000,4.85,2.15,558
2794,Sys_DiT_ref_class1000,1.85,1.2,558
2795,Sys_DiT_ref_class1000,3.85,1.92,559
2796,Sys_DiT_ref_class1000,4.15,1.85,559
2797,Sys_DiT_ref_class1000,4.82,1.15,559
2798,Sys_DiT_ref_class1000,5.0,5.0,559
2799,Sys_DiT_ref_class1000,0.15,1.82,559
2800,Sys_DiT_ref_class1000,0.0,2.85,560
2801,Sys_DiT_ref_class1000,4.65,2.85,560
2802,Sys_DiT_ref_class1000,4.12,1.5,560
2803,Sys_DiT_ref_class1000,4.12,3.68,560
2804,Sys_DiT_ref_class1000,3.85,3.6,560
2805,Sys_DiT_ref_class1000,4.65,3.85,561
2806,Sys_DiT_ref_class1000,2.15,1.85,561
2807,Sys_DiT_ref_class1000,3.85,2.15,561
2808,Sys_DiT_ref_class1000,4.85,4.2,561
2809,Sys_DiT_ref_class1000,4.65,3.85,561
2810,Sys_DiT_ref_class1000,4.92,4.88,562
2811,Sys_DiT_ref_class1000,4.12,2.85,562
2812,Sys_DiT_ref_class1000,4.12,2.85,562
2813,Sys_DiT_ref_class1000,4.65,2.85,562
2814,Sys_DiT_ref_class1000,4.65,3.82,562
2815,Sys_DiT_ref_class1000,2.85,2.1,563
2816,Sys_DiT_ref_class1000,3.45,2.15,563
2817,Sys_DiT_ref_class1000,4.12,1.85,563
2818,Sys_DiT_ref_class1000,4.85,3.75,563
2819,Sys_DiT_ref_class1000,4.65,3.82,563
2820,Sys_DiT_ref_class1000,4.85,3.2,564
2821,Sys_DiT_ref_class1000,4.85,3.65,564
2822,Sys_DiT_ref_class1000,4.85,2.7,564
2823,Sys_DiT_ref_class1000,4.85,2.15,564
2824,Sys_DiT_ref_class1000,4.92,3.85,564
2825,Sys_DiT_ref_class1000,4.65,3.82,565
2826,Sys_DiT_ref_class1000,4.85,3.72,565
2827,Sys_DiT_ref_class1000,4.65,2.85,565
2828,Sys_DiT_ref_class1000,4.65,3.82,565
2829,Sys_DiT_ref_class1000,4.65,2.85,565
2830,Sys_DiT_ref_class1000,0.0,0.0,566
2831,Sys_DiT_ref_class1000,4.65,2.85,566
2832,Sys_DiT_ref_class1000,4.65,3.2,566
2833,Sys_DiT_ref_class1000,4.65,1.5,566
2834,Sys_DiT_ref_class1000,4.85,3.75,566
2835,Sys_DiT_ref_class1000,3.85,2.65,567
2836,Sys_DiT_ref_class1000,4.85,3.62,567
2837,Sys_DiT_ref_class1000,4.65,3.85,567
2838,Sys_DiT_ref_class1000,2.85,3.65,567
2839,Sys_DiT_ref_class1000,4.85,3.65,567
2840,Sys_DiT_ref_class1000,4.85,3.72,568
2841,Sys_DiT_ref_class1000,1.85,1.5,568
2842,Sys_DiT_ref_class1000,4.12,1.85,568
2843,Sys_DiT_ref_class1000,4.12,3.45,568
2844,Sys_DiT_ref_class1000,3.82,1.5,568
2845,Sys_DiT_ref_class1000,4.15,1.85,569
2846,Sys_DiT_ref_class1000,4.85,2.15,569
2847,Sys_DiT_ref_class1000,2.85,3.42,569
2848,Sys_DiT_ref_class1000,4.15,2.85,569
2849,Sys_DiT_ref_class1000,4.85,3.72,569
2850,Sys_DiT_ref_class1000,2.85,3.62,570
2851,Sys_DiT_ref_class1000,2.78,3.45,570
2852,Sys_DiT_ref_class1000,3.82,3.65,570
2853,Sys_DiT_ref_class1000,3.85,3.2,570
2854,Sys_DiT_ref_class1000,1.85,3.62,570
2855,Sys_DiT_ref_class1000,2.15,2.85,571
2856,Sys_DiT_ref_class1000,1.85,1.9,571
2857,Sys_DiT_ref_class1000,3.85,1.25,571
2858,Sys_DiT_ref_class1000,2.15,1.85,571
2859,Sys_DiT_ref_class1000,3.85,3.42,571
2860,Sys_DiT_ref_class1000,4.15,3.62,572
2861,Sys_DiT_ref_class1000,3.45,2.85,572
2862,Sys_DiT_ref_class1000,3.85,2.15,572
2863,Sys_DiT_ref_class1000,4.35,4.92,572
2864,Sys_DiT_ref_class1000,3.85,2.65,572
2865,Sys_DiT_ref_class1000,4.12,2.85,573
2866,Sys_DiT_ref_class1000,4.92,2.0,573
2867,Sys_DiT_ref_class1000,2.85,2.1,573
2868,Sys_DiT_ref_class1000,1.85,2.4,573
2869,Sys_DiT_ref_class1000,2.85,1.92,573
2870,Sys_DiT_ref_class1000,4.92,4.65,574
2871,Sys_DiT_ref_class1000,1.85,1.2,574
2872,Sys_DiT_ref_class1000,4.85,2.1,574
2873,Sys_DiT_ref_class1000,3.85,2.9,574
2874,Sys_DiT_ref_class1000,3.82,2.95,574
2875,Sys_DiT_ref_class1000,4.12,1.5,575
2876,Sys_DiT_ref_class1000,4.65,2.85,575
2877,Sys_DiT_ref_class1000,4.15,2.85,575
2878,Sys_DiT_ref_class1000,4.65,3.85,575
2879,Sys_DiT_ref_class1000,4.85,1.2,575
2880,Sys_DiT_ref_class1000,4.65,1.5,576
2881,Sys_DiT_ref_class1000,4.15,2.0,576
2882,Sys_DiT_ref_class1000,4.85,3.65,576
2883,Sys_DiT_ref_class1000,4.12,2.85,576
2884,Sys_DiT_ref_class1000,4.65,3.85,576
2885,Sys_DiT_ref_class1000,4.85,1.2,577
2886,Sys_DiT_ref_class1000,3.85,2.15,577
2887,Sys_DiT_ref_class1000,4.12,3.85,577
2888,Sys_DiT_ref_class1000,3.82,2.15,577
2889,Sys_DiT_ref_class1000,5.0,5.0,577
2890,Sys_DiT_ref_class1000,4.12,1.5,578
2891,Sys_DiT_ref_class1000,4.65,1.5,578
2892,Sys_DiT_ref_class1000,4.15,1.5,578
2893,Sys_DiT_ref_class1000,4.65,1.5,578
2894,Sys_DiT_ref_class1000,4.65,2.85,578
2895,Sys_DiT_ref_class1000,4.12,1.5,579
2896,Sys_DiT_ref_class1000,2.85,1.65,579
2897,Sys_DiT_ref_class1000,4.65,3.85,579
2898,Sys_DiT_ref_class1000,4.85,3.75,579
2899,Sys_DiT_ref_class1000,0.15,4.82,579
2900,Sys_DiT_ref_class1000,4.12,2.85,580
2901,Sys_DiT_ref_class1000,3.85,2.15,580
2902,Sys_DiT_ref_class1000,1.85,2.1,580
2903,Sys_DiT_ref_class1000,3.85,2.15,580
2904,Sys_DiT_ref_class1000,2.85,0.95,580
2905,Sys_DiT_ref_class1000,4.15,2.85,581
2906,Sys_DiT_ref_class1000,4.35,3.82,581
2907,Sys_DiT_ref_class1000,2.85,2.1,581
2908,Sys_DiT_ref_class1000,4.85,1.2,581
2909,Sys_DiT_ref_class1000,4.15,3.85,581
2910,Sys_DiT_ref_class1000,1.85,2.1,582
2911,Sys_DiT_ref_class1000,2.85,1.92,582
2912,Sys_DiT_ref_class1000,0.0,2.8,582
2913,Sys_DiT_ref_class1000,0.0,3.85,582
2914,Sys_DiT_ref_class1000,3.82,2.15,582
2915,Sys_DiT_ref_class1000,4.15,2.85,583
2916,Sys_DiT_ref_class1000,4.15,2.85,583
2917,Sys_DiT_ref_class1000,3.42,2.85,583
2918,Sys_DiT_ref_class1000,4.65,3.85,583
2919,Sys_DiT_ref_class1000,1.85,2.9,583
2920,Sys_DiT_ref_class1000,4.12,1.85,584
2921,Sys_DiT_ref_class1000,0.15,1.25,584
2922,Sys_DiT_ref_class1000,1.25,2.85,584
2923,Sys_DiT_ref_class1000,1.85,2.4,584
2924,Sys_DiT_ref_class1000,1.85,1.42,584
2925,Sys_DiT_ref_class1000,2.85,1.9,585
2926,Sys_DiT_ref_class1000,0.0,0.85,585
2927,Sys_DiT_ref_class1000,0.12,0.85,585
2928,Sys_DiT_ref_class1000,3.85,2.9,585
2929,Sys_DiT_ref_class1000,2.85,1.92,585
2930,Sys_DiT_ref_class1000,5.0,5.0,586
2931,Sys_DiT_ref_class1000,4.62,2.85,586
2932,Sys_DiT_ref_class1000,3.85,2.15,586
2933,Sys_DiT_ref_class1000,5.0,5.0,586
2934,Sys_DiT_ref_class1000,4.12,2.85,586
2935,Sys_DiT_ref_class1000,1.85,1.2,587
2936,Sys_DiT_ref_class1000,2.85,3.62,587
2937,Sys_DiT_ref_class1000,0.85,0.42,587
2938,Sys_DiT_ref_class1000,4.85,3.72,587
2939,Sys_DiT_ref_class1000,0.85,1.2,587
2940,Sys_DiT_ref_class1000,3.45,2.15,588
2941,Sys_DiT_ref_class1000,1.25,1.85,588
2942,Sys_DiT_ref_class1000,1.85,0.92,588
2943,Sys_DiT_ref_class1000,4.65,2.85,588
2944,Sys_DiT_ref_class1000,4.85,2.15,588
2945,Sys_DiT_ref_class1000,1.25,0.85,589
2946,Sys_DiT_ref_class1000,3.85,1.65,589
2947,Sys_DiT_ref_class1000,4.85,1.2,589
2948,Sys_DiT_ref_class1000,1.85,0.92,589
2949,Sys_DiT_ref_class1000,4.65,1.85,589
2950,Sys_DiT_ref_class1000,4.85,3.72,590
2951,Sys_DiT_ref_class1000,3.82,2.15,590
2952,Sys_DiT_ref_class1000,1.85,1.92,590
2953,Sys_DiT_ref_class1000,1.85,1.92,590
2954,Sys_DiT_ref_class1000,3.85,2.65,590
2955,Sys_DiT_ref_class1000,4.65,3.82,591
2956,Sys_DiT_ref_class1000,2.85,2.1,591
2957,Sys_DiT_ref_class1000,3.82,4.15,591
2958,Sys_DiT_ref_class1000,4.85,3.62,591
2959,Sys_DiT_ref_class1000,3.85,2.4,591
2960,Sys_DiT_ref_class1000,2.85,1.42,592
2961,Sys_DiT_ref_class1000,3.45,2.15,592
2962,Sys_DiT_ref_class1000,4.85,2.65,592
2963,Sys_DiT_ref_class1000,4.15,2.85,592
2964,Sys_DiT_ref_class1000,3.85,1.25,592
2965,Sys_DiT_ref_class1000,3.85,2.15,593
2966,Sys_DiT_ref_class1000,4.25,3.8,593
2967,Sys_DiT_ref_class1000,4.85,3.2,593
2968,Sys_DiT_ref_class1000,4.85,1.5,593
2969,Sys_DiT_ref_class1000,4.85,4.2,593
2970,Sys_DiT_ref_class1000,4.85,1.5,594
2971,Sys_DiT_ref_class1000,3.85,2.15,594
2972,Sys_DiT_ref_class1000,4.85,3.6,594
2973,Sys_DiT_ref_class1000,3.45,2.85,594
2974,Sys_DiT_ref_class1000,0.85,1.2,594
2975,Sys_DiT_ref_class1000,4.85,3.72,595
2976,Sys_DiT_ref_class1000,4.85,3.65,595
2977,Sys_DiT_ref_class1000,4.12,2.85,595
2978,Sys_DiT_ref_class1000,1.85,2.1,595
2979,Sys_DiT_ref_class1000,2.85,1.42,595
2980,Sys_DiT_ref_class1000,1.15,0.85,596
2981,Sys_DiT_ref_class1000,4.65,3.85,596
2982,Sys_DiT_ref_class1000,1.85,1.92,596
2983,Sys_DiT_ref_class1000,4.25,3.85,596
2984,Sys_DiT_ref_class1000,1.85,2.4,596
2985,Sys_DiT_ref_class1000,2.15,1.25,597
2986,Sys_DiT_ref_class1000,4.85,3.72,597
2987,Sys_DiT_ref_class1000,4.95,4.85,597
2988,Sys_DiT_ref_class1000,4.85,3.2,597
2989,Sys_DiT_ref_class1000,4.65,2.85,597
2990,Sys_DiT_ref_class1000,4.12,3.85,598
2991,Sys_DiT_ref_class1000,4.12,3.68,598
2992,Sys_DiT_ref_class1000,4.15,2.85,598
2993,Sys_DiT_ref_class1000,4.15,3.65,598
2994,Sys_DiT_ref_class1000,4.85,3.72,598
2995,Sys_DiT_ref_class1000,2.85,3.42,599
2996,Sys_DiT_ref_class1000,4.12,1.5,599
2997,Sys_DiT_ref_class1000,2.85,1.42,599
2998,Sys_DiT_ref_class1000,0.0,1.25,599
2999,Sys_DiT_ref_class1000,4.85,3.92,599
3000,Sys_DiT_ref_class1000,1.25,3.85,600
3001,Sys_DiT_ref_class1000,2.85,1.92,600
3002,Sys_DiT_ref_class1000,0.0,3.85,600
3003,Sys_DiT_ref_class1000,3.85,4.72,600
3004,Sys_DiT_ref_class1000,4.15,3.65,600
3005,Sys_DiT_ref_class1000,4.15,2.85,601
3006,Sys_DiT_ref_class1000,1.25,3.4,601
3007,Sys_DiT_ref_class1000,3.65,1.5,601
3008,Sys_DiT_ref_class1000,1.85,1.5,601
3009,Sys_DiT_ref_class1000,3.85,1.5,601
3010,Sys_DiT_ref_class1000,4.12,1.5,602
3011,Sys_DiT_ref_class1000,3.85,1.5,602
3012,Sys_DiT_ref_class1000,3.85,2.0,602
3013,Sys_DiT_ref_class1000,0.85,1.2,602
3014,Sys_DiT_ref_class1000,0.85,2.9,602
3015,Sys_DiT_ref_class1000,4.15,2.85,603
3016,Sys_DiT_ref_class1000,4.65,1.5,603
3017,Sys_DiT_ref_class1000,2.85,3.0,603
3018,Sys_DiT_ref_class1000,4.25,1.5,603
3019,Sys_DiT_ref_class1000,1.85,3.0,603
3020,Sys_DiT_ref_class1000,2.85,1.95,604
3021,Sys_DiT_ref_class1000,4.85,1.2,604
3022,Sys_DiT_ref_class1000,4.85,4.62,604
3023,Sys_DiT_ref_class1000,4.85,3.72,604
3024,Sys_DiT_ref_class1000,4.15,2.85,604
3025,Sys_DiT_ref_class1000,3.82,2.15,605
3026,Sys_DiT_ref_class1000,1.25,1.8,605
3027,Sys_DiT_ref_class1000,0.85,1.2,605
3028,Sys_DiT_ref_class1000,0.0,1.85,605
3029,Sys_DiT_ref_class1000,0.12,0.85,605
3030,Sys_DiT_ref_class1000,4.65,2.85,606
3031,Sys_DiT_ref_class1000,4.85,3.2,606
3032,Sys_DiT_ref_class1000,4.85,3.75,606
3033,Sys_DiT_ref_class1000,4.65,3.8,606
3034,Sys_DiT_ref_class1000,4.92,3.85,606
3035,Sys_DiT_ref_class1000,3.85,3.62,607
3036,Sys_DiT_ref_class1000,4.65,3.82,607
3037,Sys_DiT_ref_class1000,4.85,4.92,607
3038,Sys_DiT_ref_class1000,4.65,2.85,607
3039,Sys_DiT_ref_class1000,4.65,3.85,607
3040,Sys_DiT_ref_class1000,1.85,1.2,608
3041,Sys_DiT_ref_class1000,4.65,3.82,608
3042,Sys_DiT_ref_class1000,0.12,0.85,608
3043,Sys_DiT_ref_class1000,4.12,2.85,608
3044,Sys_DiT_ref_class1000,1.85,1.5,608
3045,Sys_DiT_ref_class1000,4.15,2.85,609
3046,Sys_DiT_ref_class1000,4.85,3.65,609
3047,Sys_DiT_ref_class1000,4.15,2.85,609
3048,Sys_DiT_ref_class1000,4.85,2.65,609
3049,Sys_DiT_ref_class1000,5.0,5.0,609
3050,Sys_DiT_ref_class1000,4.12,1.85,610
3051,Sys_DiT_ref_class1000,4.65,1.85,610
3052,Sys_DiT_ref_class1000,3.42,2.15,610
3053,Sys_DiT_ref_class1000,3.85,1.2,610
3054,Sys_DiT_ref_class1000,4.85,2.75,610
3055,Sys_DiT_ref_class1000,3.82,2.15,611
3056,Sys_DiT_ref_class1000,3.85,2.15,611
3057,Sys_DiT_ref_class1000,4.65,2.85,611
3058,Sys_DiT_ref_class1000,2.85,2.15,611
3059,Sys_DiT_ref_class1000,4.12,1.5,611
3060,Sys_DiT_ref_class1000,4.85,3.72,612
3061,Sys_DiT_ref_class1000,4.85,3.2,612
3062,Sys_DiT_ref_class1000,4.85,3.62,612
3063,Sys_DiT_ref_class1000,4.65,3.85,612
3064,Sys_DiT_ref_class1000,4.12,3.85,612
3065,Sys_DiT_ref_class1000,4.85,3.72,613
3066,Sys_DiT_ref_class1000,1.85,1.42,613
3067,Sys_DiT_ref_class1000,4.85,3.62,613
3068,Sys_DiT_ref_class1000,4.85,3.42,613
3069,Sys_DiT_ref_class1000,3.82,2.45,613
3070,Sys_DiT_ref_class1000,4.15,1.5,614
3071,Sys_DiT_ref_class1000,3.82,1.15,614
3072,Sys_DiT_ref_class1000,4.15,2.85,614
3073,Sys_DiT_ref_class1000,4.85,3.62,614
3074,Sys_DiT_ref_class1000,4.85,0.92,614
3075,Sys_DiT_ref_class1000,4.85,1.2,615
3076,Sys_DiT_ref_class1000,4.65,3.2,615
3077,Sys_DiT_ref_class1000,3.45,3.82,615
3078,Sys_DiT_ref_class1000,4.85,3.72,615
3079,Sys_DiT_ref_class1000,2.85,2.6,615
3080,Sys_DiT_ref_class1000,4.95,4.85,616
3081,Sys_DiT_ref_class1000,3.85,3.2,616
3082,Sys_DiT_ref_class1000,4.95,4.6,616
3083,Sys_DiT_ref_class1000,4.92,3.85,616
3084,Sys_DiT_ref_class1000,4.85,3.92,616
3085,Sys_DiT_ref_class1000,2.85,1.2,617
3086,Sys_DiT_ref_class1000,3.85,1.2,617
3087,Sys_DiT_ref_class1000,0.12,0.85,617
3088,Sys_DiT_ref_class1000,3.85,2.9,617
3089,Sys_DiT_ref_class1000,3.82,1.15,617
3090,Sys_DiT_ref_class1000,0.12,0.85,618
3091,Sys_DiT_ref_class1000,0.15,1.85,618
3092,Sys_DiT_ref_class1000,3.85,2.9,618
3093,Sys_DiT_ref_class1000,2.85,2.1,618
3094,Sys_DiT_ref_class1000,4.95,4.85,618
3095,Sys_DiT_ref_class1000,4.12,2.85,619
3096,Sys_DiT_ref_class1000,4.85,4.2,619
3097,Sys_DiT_ref_class1000,4.92,4.65,619
3098,Sys_DiT_ref_class1000,4.85,3.72,619
3099,Sys_DiT_ref_class1000,4.85,3.72,619
3100,Sys_DiT_ref_class1000,1.85,2.1,620
3101,Sys_DiT_ref_class1000,3.85,3.6,620
3102,Sys_DiT_ref_class1000,3.82,2.15,620
3103,Sys_DiT_ref_class1000,0.0,1.2,620
3104,Sys_DiT_ref_class1000,0.0,1.25,620
3105,Sys_DiT_ref_class1000,4.85,3.65,621
3106,Sys_DiT_ref_class1000,4.85,3.62,621
3107,Sys_DiT_ref_class1000,3.85,1.92,621
3108,Sys_DiT_ref_class1000,1.85,2.1,621
3109,Sys_DiT_ref_class1000,0.85,1.2,621
3110,Sys_DiT_ref_class1000,3.85,1.2,622
3111,Sys_DiT_ref_class1000,4.85,2.65,622
3112,Sys_DiT_ref_class1000,4.85,3.75,622
3113,Sys_DiT_ref_class1000,4.12,2.85,622
3114,Sys_DiT_ref_class1000,2.15,2.8,622
3115,Sys_DiT_ref_class1000,4.85,3.2,623
3116,Sys_DiT_ref_class1000,4.65,3.85,623
3117,Sys_DiT_ref_class1000,2.85,2.1,623
3118,Sys_DiT_ref_class1000,4.85,5.0,623
3119,Sys_DiT_ref_class1000,3.65,3.82,623
3120,Sys_DiT_ref_class1000,4.85,2.65,624
3121,Sys_DiT_ref_class1000,3.85,2.65,624
3122,Sys_DiT_ref_class1000,4.85,2.35,624
3123,Sys_DiT_ref_class1000,4.85,3.65,624
3124,Sys_DiT_ref_class1000,2.85,0.45,624
3125,Sys_DiT_ref_class1000,4.15,2.85,625
3126,Sys_DiT_ref_class1000,4.15,2.85,625
3127,Sys_DiT_ref_class1000,4.15,2.85,625
3128,Sys_DiT_ref_class1000,4.65,2.85,625
3129,Sys_DiT_ref_class1000,4.35,2.85,625
3130,Sys_DiT_ref_class1000,4.85,3.65,626
3131,Sys_DiT_ref_class1000,2.85,2.15,626
3132,Sys_DiT_ref_class1000,4.25,2.85,626
3133,Sys_DiT_ref_class1000,4.65,2.15,626
3134,Sys_DiT_ref_class1000,3.82,2.15,626
3135,Sys_DiT_ref_class1000,4.85,3.72,627
3136,Sys_DiT_ref_class1000,4.15,3.85,627
3137,Sys_DiT_ref_class1000,4.12,1.85,627
3138,Sys_DiT_ref_class1000,3.85,2.65,627
3139,Sys_DiT_ref_class1000,4.85,2.1,627
3140,Sys_DiT_ref_class1000,4.65,2.85,628
3141,Sys_DiT_ref_class1000,4.85,1.82,628
3142,Sys_DiT_ref_class1000,4.65,3.2,628
3143,Sys_DiT_ref_class1000,3.82,2.15,628
3144,Sys_DiT_ref_class1000,4.65,3.82,628
3145,Sys_DiT_ref_class1000,4.85,3.7,629
3146,Sys_DiT_ref_class1000,1.85,1.2,629
3147,Sys_DiT_ref_class1000,4.85,2.65,629
3148,Sys_DiT_ref_class1000,0.0,0.5,629
3149,Sys_DiT_ref_class1000,0.15,1.5,629
3150,Sys_DiT_ref_class1000,4.85,3.65,630
3151,Sys_DiT_ref_class1000,4.65,2.85,630
3152,Sys_DiT_ref_class1000,4.65,3.85,630
3153,Sys_DiT_ref_class1000,2.15,1.8,630
3154,Sys_DiT_ref_class1000,4.15,2.85,630
3155,Sys_DiT_ref_class1000,3.42,1.5,631
3156,Sys_DiT_ref_class1000,2.15,3.42,631
3157,Sys_DiT_ref_class1000,3.85,2.4,631
3158,Sys_DiT_ref_class1000,2.15,1.8,631
3159,Sys_DiT_ref_class1000,2.85,1.65,631
3160,Sys_DiT_ref_class1000,3.82,2.15,632
3161,Sys_DiT_ref_class1000,4.85,3.2,632
3162,Sys_DiT_ref_class1000,4.85,3.75,632
3163,Sys_DiT_ref_class1000,4.85,3.65,632
3164,Sys_DiT_ref_class1000,4.85,3.2,632
3165,Sys_DiT_ref_class1000,4.15,2.85,633
3166,Sys_DiT_ref_class1000,4.65,3.85,633
3167,Sys_DiT_ref_class1000,4.85,4.2,633
3168,Sys_DiT_ref_class1000,4.65,3.82,633
3169,Sys_DiT_ref_class1000,4.85,3.75,633
3170,Sys_DiT_ref_class1000,1.85,3.42,634
3171,Sys_DiT_ref_class1000,4.25,2.8,634
3172,Sys_DiT_ref_class1000,1.85,2.4,634
3173,Sys_DiT_ref_class1000,0.42,1.85,634
3174,Sys_DiT_ref_class1000,1.85,2.4,634
3175,Sys_DiT_ref_class1000,4.12,2.85,635
3176,Sys_DiT_ref_class1000,1.85,1.9,635
3177,Sys_DiT_ref_class1000,4.65,3.85,635
3178,Sys_DiT_ref_class1000,2.15,1.85,635
3179,Sys_DiT_ref_class1000,1.85,1.2,635
3180,Sys_DiT_ref_class1000,3.42,3.85,636
3181,Sys_DiT_ref_class1000,3.85,2.75,636
3182,Sys_DiT_ref_class1000,3.85,2.9,636
3183,Sys_DiT_ref_class1000,1.45,3.82,636
3184,Sys_DiT_ref_class1000,3.85,3.6,636
3185,Sys_DiT_ref_class1000,1.25,1.85,637
3186,Sys_DiT_ref_class1000,3.42,1.85,637
3187,Sys_DiT_ref_class1000,0.15,2.85,637
3188,Sys_DiT_ref_class1000,2.15,2.85,637
3189,Sys_DiT_ref_class1000,0.05,1.85,637
3190,Sys_DiT_ref_class1000,4.12,1.85,638
3191,Sys_DiT_ref_class1000,4.85,3.62,638
3192,Sys_DiT_ref_class1000,1.25,1.5,638
3193,Sys_DiT_ref_class1000,4.12,1.5,638
3194,Sys_DiT_ref_class1000,3.85,2.9,638
3195,Sys_DiT_ref_class1000,1.85,1.2,639
3196,Sys_DiT_ref_class1000,1.85,2.1,639
3197,Sys_DiT_ref_class1000,1.85,1.5,639
3198,Sys_DiT_ref_class1000,3.65,1.85,639
3199,Sys_DiT_ref_class1000,0.85,1.42,639
3200,Sys_DiT_ref_class1000,1.85,3.62,640
3201,Sys_DiT_ref_class1000,2.85,2.1,640
3202,Sys_DiT_ref_class1000,3.42,3.65,640
3203,Sys_DiT_ref_class1000,3.85,4.12,640
3204,Sys_DiT_ref_class1000,2.15,1.85,640
3205,Sys_DiT_ref_class1000,0.85,1.2,641
3206,Sys_DiT_ref_class1000,3.85,1.42,641
3207,Sys_DiT_ref_class1000,4.85,3.62,641
3208,Sys_DiT_ref_class1000,0.12,0.85,641
3209,Sys_DiT_ref_class1000,4.85,1.2,641
3210,Sys_DiT_ref_class1000,3.85,1.92,642
3211,Sys_DiT_ref_class1000,4.15,3.62,642
3212,Sys_DiT_ref_class1000,4.35,1.5,642
3213,Sys_DiT_ref_class1000,3.45,2.85,642
3214,Sys_DiT_ref_class1000,4.85,3.75,642
3215,Sys_DiT_ref_class1000,2.15,1.85,643
3216,Sys_DiT_ref_class1000,4.85,3.65,643
3217,Sys_DiT_ref_class1000,3.85,1.5,643
3218,Sys_DiT_ref_class1000,4.85,4.2,643
3219,Sys_DiT_ref_class1000,4.85,3.75,643
3220,Sys_DiT_ref_class1000,1.85,1.2,644
3221,Sys_DiT_ref_class1000,4.65,3.85,644
3222,Sys_DiT_ref_class1000,4.35,3.12,644
3223,Sys_DiT_ref_class1000,4.85,3.62,644
3224,Sys_DiT_ref_class1000,4.12,2.85,644
3225,Sys_DiT_ref_class1000,4.12,1.5,645
3226,Sys_DiT_ref_class1000,4.15,1.5,645
3227,Sys_DiT_ref_class1000,2.85,1.5,645
3228,Sys_DiT_ref_class1000,4.65,1.5,645
3229,Sys_DiT_ref_class1000,3.42,1.5,645
3230,Sys_DiT_ref_class1000,4.92,4.98,646
3231,Sys_DiT_ref_class1000,1.85,1.5,646
3232,Sys_DiT_ref_class1000,0.15,3.85,646
3233,Sys_DiT_ref_class1000,1.85,3.72,646
3234,Sys_DiT_ref_class1000,4.15,3.85,646
3235,Sys_DiT_ref_class1000,2.85,3.42,647
3236,Sys_DiT_ref_class1000,3.85,2.9,647
3237,Sys_DiT_ref_class1000,4.15,3.85,647
3238,Sys_DiT_ref_class1000,3.85,2.4,647
3239,Sys_DiT_ref_class1000,4.15,3.2,647
3240,Sys_DiT_ref_class1000,4.85,3.75,648
3241,Sys_DiT_ref_class1000,4.85,2.6,648
3242,Sys_DiT_ref_class1000,2.85,1.45,648
3243,Sys_DiT_ref_class1000,4.15,2.85,648
3244,Sys_DiT_ref_class1000,2.85,1.65,648
3245,Sys_DiT_ref_class1000,4.85,4.15,649
3246,Sys_DiT_ref_class1000,4.85,3.65,649
3247,Sys_DiT_ref_class1000,4.15,3.68,649
3248,Sys_DiT_ref_class1000,4.85,3.65,649
3249,Sys_DiT_ref_class1000,4.85,3.72,649
3250,Sys_DiT_ref_class1000,3.65,1.5,650
3251,Sys_DiT_ref_class1000,2.85,3.12,650
3252,Sys_DiT_ref_class1000,1.85,2.4,650
3253,Sys_DiT_ref_class1000,4.85,3.6,650
3254,Sys_DiT_ref_class1000,4.85,3.72,650
3255,Sys_DiT_ref_class1000,2.15,2.85,651
3256,Sys_DiT_ref_class1000,4.85,3.62,651
3257,Sys_DiT_ref_class1000,4.85,2.15,651
3258,Sys_DiT_ref_class1000,4.15,1.85,651
3259,Sys_DiT_ref_class1000,3.85,3.6,651
3260,Sys_DiT_ref_class1000,4.62,1.5,652
3261,Sys_DiT_ref_class1000,3.65,1.5,652
3262,Sys_DiT_ref_class1000,2.85,1.5,652
3263,Sys_DiT_ref_class1000,3.85,2.75,652
3264,Sys_DiT_ref_class1000,0.15,1.2,652
3265,Sys_DiT_ref_class1000,4.15,3.85,653
3266,Sys_DiT_ref_class1000,4.65,3.85,653
3267,Sys_DiT_ref_class1000,4.15,2.85,653
3268,Sys_DiT_ref_class1000,0.85,2.4,653
3269,Sys_DiT_ref_class1000,2.85,1.92,653
3270,Sys_DiT_ref_class1000,4.85,2.75,654
3271,Sys_DiT_ref_class1000,4.15,3.82,654
3272,Sys_DiT_ref_class1000,4.65,1.5,654
3273,Sys_DiT_ref_class1000,4.85,4.15,654
3274,Sys_DiT_ref_class1000,3.82,1.47,654
3275,Sys_DiT_ref_class1000,5.0,3.0,655
3276,Sys_DiT_ref_class1000,2.15,1.2,655
3277,Sys_DiT_ref_class1000,4.65,1.5,655
3278,Sys_DiT_ref_class1000,2.85,1.2,655
3279,Sys_DiT_ref_class1000,4.65,1.5,655
3280,Sys_DiT_ref_class1000,1.85,1.2,656
3281,Sys_DiT_ref_class1000,0.12,0.85,656
3282,Sys_DiT_ref_class1000,4.12,2.85,656
3283,Sys_DiT_ref_class1000,1.85,1.2,656
3284,Sys_DiT_ref_class1000,1.85,0.92,656
3285,Sys_DiT_ref_class1000,4.85,2.9,657
3286,Sys_DiT_ref_class1000,4.15,2.85,657
3287,Sys_DiT_ref_class1000,4.85,4.2,657
3288,Sys_DiT_ref_class1000,2.85,2.4,657
3289,Sys_DiT_ref_class1000,3.85,2.75,657
3290,Sys_DiT_ref_class1000,4.98,4.95,658
3291,Sys_DiT_ref_class1000,4.85,4.92,658
3292,Sys_DiT_ref_class1000,5.0,4.6,658
3293,Sys_DiT_ref_class1000,5.0,5.0,658
3294,Sys_DiT_ref_class1000,2.85,3.42,658
3295,Sys_DiT_ref_class1000,4.92,4.85,659
3296,Sys_DiT_ref_class1000,3.45,3.12,659
3297,Sys_DiT_ref_class1000,4.85,4.2,659
3298,Sys_DiT_ref_class1000,2.85,3.6,659
3299,Sys_DiT_ref_class1000,4.85,4.2,659
3300,Sys_DiT_ref_class1000,4.25,3.8,660
3301,Sys_DiT_ref_class1000,4.65,2.85,660
3302,Sys_DiT_ref_class1000,2.85,2.15,660
3303,Sys_DiT_ref_class1000,4.85,3.6,660
3304,Sys_DiT_ref_class1000,4.25,3.85,660
3305,Sys_DiT_ref_class1000,4.85,3.65,661
3306,Sys_DiT_ref_class1000,4.65,3.82,661
3307,Sys_DiT_ref_class1000,4.85,3.6,661
3308,Sys_DiT_ref_class1000,3.82,1.47,661
3309,Sys_DiT_ref_class1000,4.65,2.85,661
3310,Sys_DiT_ref_class1000,0.15,1.2,662
3311,Sys_DiT_ref_class1000,0.15,2.85,662
3312,Sys_DiT_ref_class1000,1.85,2.1,662
3313,Sys_DiT_ref_class1000,4.15,1.85,662
3314,Sys_DiT_ref_class1000,1.85,1.2,662
3315,Sys_DiT_ref_class1000,4.85,3.6,663
3316,Sys_DiT_ref_class1000,1.85,3.2,663
3317,Sys_DiT_ref_class1000,2.85,2.1,663
3318,Sys_DiT_ref_class1000,2.85,1.15,663
3319,Sys_DiT_ref_class1000,3.42,2.15,663
3320,Sys_DiT_ref_class1000,3.85,3.6,664
3321,Sys_DiT_ref_class1000,4.85,3.62,664
3322,Sys_DiT_ref_class1000,2.85,1.42,664
3323,Sys_DiT_ref_class1000,4.12,2.85,664
3324,Sys_DiT_ref_class1000,2.15,1.85,664
3325,Sys_DiT_ref_class1000,1.85,2.1,665
3326,Sys_DiT_ref_class1000,2.85,3.6,665
3327,Sys_DiT_ref_class1000,3.85,2.75,665
3328,Sys_DiT_ref_class1000,4.65,2.85,665
3329,Sys_DiT_ref_class1000,2.15,1.5,665
3330,Sys_DiT_ref_class1000,4.85,3.72,666
3331,Sys_DiT_ref_class1000,4.85,3.75,666
3332,Sys_DiT_ref_class1000,4.65,2.85,666
3333,Sys_DiT_ref_class1000,4.85,3.2,666
3334,Sys_DiT_ref_class1000,2.85,2.6,666
3335,Sys_DiT_ref_class1000,2.15,1.25,667
3336,Sys_DiT_ref_class1000,3.45,1.5,667
3337,Sys_DiT_ref_class1000,1.85,2.4,667
3338,Sys_DiT_ref_class1000,4.15,1.5,667
3339,Sys_DiT_ref_class1000,4.35,3.82,667
3340,Sys_DiT_ref_class1000,4.15,1.85,668
3341,Sys_DiT_ref_class1000,3.82,4.15,668
3342,Sys_DiT_ref_class1000,3.85,2.15,668
3343,Sys_DiT_ref_class1000,4.72,3.85,668
3344,Sys_DiT_ref_class1000,3.85,2.15,668
3345,Sys_DiT_ref_class1000,4.92,4.95,669
3346,Sys_DiT_ref_class1000,4.85,4.92,669
3347,Sys_DiT_ref_class1000,4.65,3.82,669
3348,Sys_DiT_ref_class1000,4.65,2.85,669
3349,Sys_DiT_ref_class1000,4.85,3.72,669
3350,Sys_DiT_ref_class1000,4.85,3.6,670
3351,Sys_DiT_ref_class1000,4.82,3.65,670
3352,Sys_DiT_ref_class1000,4.85,2.75,670
3353,Sys_DiT_ref_class1000,4.65,2.85,670
3354,Sys_DiT_ref_class1000,4.85,2.1,670
3355,Sys_DiT_ref_class1000,3.65,1.82,671
3356,Sys_DiT_ref_class1000,0.85,0.92,671
3357,Sys_DiT_ref_class1000,2.85,1.2,671
3358,Sys_DiT_ref_class1000,0.12,1.85,671
3359,Sys_DiT_ref_class1000,4.85,2.65,671
3360,Sys_DiT_ref_class1000,4.85,3.65,672
3361,Sys_DiT_ref_class1000,4.15,2.35,672
3362,Sys_DiT_ref_class1000,4.85,3.2,672
3363,Sys_DiT_ref_class1000,4.15,3.65,672
3364,Sys_DiT_ref_class1000,4.12,2.85,672
3365,Sys_DiT_ref_class1000,3.42,2.15,673
3366,Sys_DiT_ref_class1000,0.12,1.85,673
3367,Sys_DiT_ref_class1000,0.42,0.85,673
3368,Sys_DiT_ref_class1000,0.0,0.0,673
3369,Sys_DiT_ref_class1000,3.85,2.1,673
3370,Sys_DiT_ref_class1000,4.85,3.75,674
3371,Sys_DiT_ref_class1000,3.85,3.6,674
3372,Sys_DiT_ref_class1000,4.65,3.82,674
3373,Sys_DiT_ref_class1000,4.12,2.85,674
3374,Sys_DiT_ref_class1000,4.85,3.72,674
3375,Sys_DiT_ref_class1000,3.85,2.15,675
3376,Sys_DiT_ref_class1000,0.85,1.2,675
3377,Sys_DiT_ref_class1000,4.72,3.85,675
3378,Sys_DiT_ref_class1000,2.85,1.65,675
3379,Sys_DiT_ref_class1000,3.85,2.4,675
3380,Sys_DiT_ref_class1000,2.85,1.92,676
3381,Sys_DiT_ref_class1000,4.12,1.5,676
3382,Sys_DiT_ref_class1000,3.85,1.5,676
3383,Sys_DiT_ref_class1000,4.85,3.2,676
3384,Sys_DiT_ref_class1000,4.15,2.85,676
3385,Sys_DiT_ref_class1000,0.0,1.0,677
3386,Sys_DiT_ref_class1000,1.85,2.4,677
3387,Sys_DiT_ref_class1000,4.85,4.12,677
3388,Sys_DiT_ref_class1000,4.85,3.72,677
3389,Sys_DiT_ref_class1000,2.85,3.42,677
3390,Sys_DiT_ref_class1000,4.85,2.15,678
3391,Sys_DiT_ref_class1000,4.85,3.2,678
3392,Sys_DiT_ref_class1000,4.85,1.5,678
3393,Sys_DiT_ref_class1000,4.65,2.85,678
3394,Sys_DiT_ref_class1000,3.85,3.62,678
3395,Sys_DiT_ref_class1000,3.85,2.4,679
3396,Sys_DiT_ref_class1000,4.92,4.95,679
3397,Sys_DiT_ref_class1000,3.85,2.75,679
3398,Sys_DiT_ref_class1000,4.85,3.72,679
3399,Sys_DiT_ref_class1000,4.65,3.2,679
3400,Sys_DiT_ref_class1000,4.85,3.65,680
3401,Sys_DiT_ref_class1000,4.85,2.65,680
3402,Sys_DiT_ref_class1000,0.45,2.85,680
3403,Sys_DiT_ref_class1000,0.0,1.2,680
3404,Sys_DiT_ref_class1000,4.85,1.2,680
3405,Sys_DiT_ref_class1000,1.85,1.2,681
3406,Sys_DiT_ref_class1000,2.85,1.92,681
3407,Sys_DiT_ref_class1000,2.15,1.85,681
3408,Sys_DiT_ref_class1000,0.85,1.2,681
3409,Sys_DiT_ref_class1000,4.12,2.85,681
3410,Sys_DiT_ref_class1000,4.85,4.75,682
3411,Sys_DiT_ref_class1000,4.15,3.85,682
3412,Sys_DiT_ref_class1000,3.45,3.82,682
3413,Sys_DiT_ref_class1000,3.45,3.82,682
3414,Sys_DiT_ref_class1000,4.85,4.7,682
3415,Sys_DiT_ref_class1000,3.85,1.5,683
3416,Sys_DiT_ref_class1000,2.15,1.5,683
3417,Sys_DiT_ref_class1000,3.65,2.85,683
3418,Sys_DiT_ref_class1000,1.85,2.1,683
3419,Sys_DiT_ref_class1000,4.85,3.2,683
3420,Sys_DiT_ref_class1000,1.85,1.2,684
3421,Sys_DiT_ref_class1000,0.05,1.5,684
3422,Sys_DiT_ref_class1000,1.85,2.4,684
3423,Sys_DiT_ref_class1000,4.85,3.65,684
3424,Sys_DiT_ref_class1000,4.85,2.1,684
3425,Sys_DiT_ref_class1000,4.15,1.85,685
3426,Sys_DiT_ref_class1000,4.12,2.85,685
3427,Sys_DiT_ref_class1000,4.12,1.85,685
3428,Sys_DiT_ref_class1000,4.12,1.85,685
3429,Sys_DiT_ref_class1000,2.85,1.2,685
3430,Sys_DiT_ref_class1000,1.85,2.1,686
3431,Sys_DiT_ref_class1000,4.15,1.85,686
3432,Sys_DiT_ref_class1000,3.85,2.15,686
3433,Sys_DiT_ref_class1000,4.85,3.62,686
3434,Sys_DiT_ref_class1000,4.15,3.65,686
3435,Sys_DiT_ref_class1000,4.85,1.65,687
3436,Sys_DiT_ref_class1000,4.85,3.6,687
3437,Sys_DiT_ref_class1000,3.85,3.6,687
3438,Sys_DiT_ref_class1000,4.85,3.72,687
3439,Sys_DiT_ref_class1000,4.85,2.15,687
3440,Sys_DiT_ref_class1000,4.65,4.12,688
3441,Sys_DiT_ref_class1000,4.85,3.75,688
3442,Sys_DiT_ref_class1000,4.85,2.35,688
3443,Sys_DiT_ref_class1000,4.65,2.8,688
3444,Sys_DiT_ref_class1000,4.85,2.15,688
3445,Sys_DiT_ref_class1000,4.65,3.85,689
3446,Sys_DiT_ref_class1000,4.72,1.5,689
3447,Sys_DiT_ref_class1000,4.12,1.5,689
3448,Sys_DiT_ref_class1000,4.65,3.85,689
3449,Sys_DiT_ref_class1000,4.85,1.2,689
3450,Sys_DiT_ref_class1000,2.85,1.5,690
3451,Sys_DiT_ref_class1000,3.42,1.5,690
3452,Sys_DiT_ref_class1000,3.85,1.92,690
3453,Sys_DiT_ref_class1000,2.15,1.5,690
3454,Sys_DiT_ref_class1000,4.15,2.85,690
3455,Sys_DiT_ref_class1000,1.85,2.4,691
3456,Sys_DiT_ref_class1000,4.85,3.65,691
3457,Sys_DiT_ref_class1000,4.92,4.85,691
3458,Sys_DiT_ref_class1000,3.42,2.75,691
3459,Sys_DiT_ref_class1000,2.15,3.85,691
3460,Sys_DiT_ref_class1000,4.65,3.82,692
3461,Sys_DiT_ref_class1000,2.85,1.9,692
3462,Sys_DiT_ref_class1000,2.15,1.85,692
3463,Sys_DiT_ref_class1000,3.85,1.75,692
3464,Sys_DiT_ref_class1000,2.15,1.85,692
3465,Sys_DiT_ref_class1000,4.65,3.82,693
3466,Sys_DiT_ref_class1000,3.45,1.5,693
3467,Sys_DiT_ref_class1000,3.85,1.92,693
3468,Sys_DiT_ref_class1000,4.12,3.68,693
3469,Sys_DiT_ref_class1000,4.85,3.92,693
3470,Sys_DiT_ref_class1000,4.65,3.82,694
3471,Sys_DiT_ref_class1000,4.85,4.92,694
3472,Sys_DiT_ref_class1000,3.85,2.65,694
3473,Sys_DiT_ref_class1000,4.85,3.75,694
3474,Sys_DiT_ref_class1000,4.65,2.85,694
3475,Sys_DiT_ref_class1000,0.15,0.85,695
3476,Sys_DiT_ref_class1000,3.85,2.15,695
3477,Sys_DiT_ref_class1000,4.15,2.85,695
3478,Sys_DiT_ref_class1000,4.85,3.65,695
3479,Sys_DiT_ref_class1000,4.85,3.72,695
3480,Sys_DiT_ref_class1000,1.85,2.1,696
3481,Sys_DiT_ref_class1000,2.85,1.5,696
3482,Sys_DiT_ref_class1000,4.85,3.2,696
3483,Sys_DiT_ref_class1000,4.85,2.3,696
3484,Sys_DiT_ref_class1000,2.85,3.12,696
3485,Sys_DiT_ref_class1000,4.85,1.5,697
3486,Sys_DiT_ref_class1000,2.85,2.0,697
3487,Sys_DiT_ref_class1000,2.15,0.85,697
3488,Sys_DiT_ref_class1000,2.85,3.72,697
3489,Sys_DiT_ref_class1000,2.15,4.8,697
3490,Sys_DiT_ref_class1000,2.85,1.75,698
3491,Sys_DiT_ref_class1000,1.85,2.4,698
3492,Sys_DiT_ref_class1000,0.12,0.85,698
3493,Sys_DiT_ref_class1000,4.65,2.85,698
3494,Sys_DiT_ref_class1000,0.12,0.85,698
3495,Sys_DiT_ref_class1000,4.85,3.72,699
3496,Sys_DiT_ref_class1000,4.85,4.2,699
3497,Sys_DiT_ref_class1000,4.85,4.2,699
3498,Sys_DiT_ref_class1000,4.65,2.85,699
3499,Sys_DiT_ref_class1000,4.85,2.15,699
3500,Sys_DiT_ref_class1000,4.12,2.85,700
3501,Sys_DiT_ref_class1000,2.85,2.1,700
3502,Sys_DiT_ref_class1000,4.92,4.98,700
3503,Sys_DiT_ref_class1000,1.85,1.2,700
3504,Sys_DiT_ref_class1000,2.85,1.92,700
3505,Sys_DiT_ref_class1000,4.85,3.72,701
3506,Sys_DiT_ref_class1000,4.65,3.85,701
3507,Sys_DiT_ref_class1000,4.85,3.72,701
3508,Sys_DiT_ref_class1000,4.65,3.82,701
3509,Sys_DiT_ref_class1000,4.15,2.85,701
3510,Sys_DiT_ref_class1000,1.85,1.5,702
3511,Sys_DiT_ref_class1000,1.85,1.5,702
3512,Sys_DiT_ref_class1000,3.85,2.15,702
3513,Sys_DiT_ref_class1000,4.12,2.0,702
3514,Sys_DiT_ref_class1000,3.42,1.5,702
3515,Sys_DiT_ref_class1000,4.85,3.72,703
3516,Sys_DiT_ref_class1000,4.65,3.85,703
3517,Sys_DiT_ref_class1000,3.82,1.65,703
3518,Sys_DiT_ref_class1000,4.85,3.72,703
3519,Sys_DiT_ref_class1000,3.85,3.6,703
3520,Sys_DiT_ref_class1000,0.15,1.25,704
3521,Sys_DiT_ref_class1000,4.15,2.85,704
3522,Sys_DiT_ref_class1000,4.15,1.85,704
3523,Sys_DiT_ref_class1000,4.85,3.2,704
3524,Sys_DiT_ref_class1000,4.12,2.35,704
3525,Sys_DiT_ref_class1000,2.85,1.62,705
3526,Sys_DiT_ref_class1000,4.12,2.85,705
3527,Sys_DiT_ref_class1000,4.85,3.72,705
3528,Sys_DiT_ref_class1000,4.85,2.15,705
3529,Sys_DiT_ref_class1000,4.15,2.85,705
3530,Sys_DiT_ref_class1000,4.65,1.5,706
3531,Sys_DiT_ref_class1000,4.65,2.85,706
3532,Sys_DiT_ref_class1000,4.12,1.35,706
3533,Sys_DiT_ref_class1000,3.85,1.92,706
3534,Sys_DiT_ref_class1000,4.65,2.85,706
3535,Sys_DiT_ref_class1000,4.85,2.65,707
3536,Sys_DiT_ref_class1000,2.85,1.65,707
3537,Sys_DiT_ref_class1000,4.85,3.65,707
3538,Sys_DiT_ref_class1000,2.85,3.42,707
3539,Sys_DiT_ref_class1000,4.15,1.85,707
3540,Sys_DiT_ref_class1000,4.85,3.62,708
3541,Sys_DiT_ref_class1000,1.25,2.85,708
3542,Sys_DiT_ref_class1000,2.85,3.65,708
3543,Sys_DiT_ref_class1000,4.85,3.62,708
3544,Sys_DiT_ref_class1000,4.85,3.72,708
3545,Sys_DiT_ref_class1000,3.85,2.15,709
3546,Sys_DiT_ref_class1000,1.85,2.4,709
3547,Sys_DiT_ref_class1000,3.85,2.15,709
3548,Sys_DiT_ref_class1000,4.85,3.42,709
3549,Sys_DiT_ref_class1000,4.15,2.85,709
3550,Sys_DiT_ref_class1000,2.85,2.4,710
3551,Sys_DiT_ref_class1000,1.25,1.8,710
3552,Sys_DiT_ref_class1000,4.12,1.85,710
3553,Sys_DiT_ref_class1000,0.12,1.35,710
3554,Sys_DiT_ref_class1000,3.85,3.6,710
3555,Sys_DiT_ref_class1000,3.42,2.85,711
3556,Sys_DiT_ref_class1000,2.85,1.5,711
3557,Sys_DiT_ref_class1000,4.65,3.82,711
3558,Sys_DiT_ref_class1000,3.42,2.85,711
3559,Sys_DiT_ref_class1000,3.85,2.65,711
3560,Sys_DiT_ref_class1000,4.85,2.15,712
3561,Sys_DiT_ref_class1000,4.85,3.62,712
3562,Sys_DiT_ref_class1000,4.85,3.75,712
3563,Sys_DiT_ref_class1000,5.0,5.0,712
3564,Sys_DiT_ref_class1000,4.65,2.85,712
3565,Sys_DiT_ref_class1000,3.85,1.65,713
3566,Sys_DiT_ref_class1000,1.85,1.2,713
3567,Sys_DiT_ref_class1000,4.65,3.82,713
3568,Sys_DiT_ref_class1000,4.85,3.75,713
3569,Sys_DiT_ref_class1000,3.85,3.62,713
3570,Sys_DiT_ref_class1000,1.15,1.82,714
3571,Sys_DiT_ref_class1000,4.85,4.2,714
3572,Sys_DiT_ref_class1000,4.85,3.6,714
3573,Sys_DiT_ref_class1000,4.85,3.65,714
3574,Sys_DiT_ref_class1000,4.15,2.85,714
3575,Sys_DiT_ref_class1000,4.85,3.72,715
3576,Sys_DiT_ref_class1000,4.65,3.85,715
3577,Sys_DiT_ref_class1000,4.15,2.85,715
3578,Sys_DiT_ref_class1000,4.85,3.75,715
3579,Sys_DiT_ref_class1000,4.85,1.2,715
3580,Sys_DiT_ref_class1000,3.15,3.85,716
3581,Sys_DiT_ref_class1000,2.85,2.6,716
3582,Sys_DiT_ref_class1000,1.85,1.2,716
3583,Sys_DiT_ref_class1000,1.25,1.8,716
3584,Sys_DiT_ref_class1000,3.82,2.65,716
3585,Sys_DiT_ref_class1000,4.65,3.85,717
3586,Sys_DiT_ref_class1000,4.85,3.75,717
3587,Sys_DiT_ref_class1000,4.85,3.75,717
3588,Sys_DiT_ref_class1000,4.65,3.82,717
3589,Sys_DiT_ref_class1000,4.85,3.6,717
3590,Sys_DiT_ref_class1000,2.85,1.45,718
3591,Sys_DiT_ref_class1000,4.85,3.65,718
3592,Sys_DiT_ref_class1000,1.25,2.15,718
3593,Sys_DiT_ref_class1000,2.85,3.62,718
3594,Sys_DiT_ref_class1000,2.85,3.62,718
3595,Sys_DiT_ref_class1000,4.85,3.6,719
3596,Sys_DiT_ref_class1000,4.85,3.75,719
3597,Sys_DiT_ref_class1000,3.85,2.75,719
3598,Sys_DiT_ref_class1000,4.85,4.92,719
3599,Sys_DiT_ref_class1000,4.12,3.85,719
3600,Sys_DiT_ref_class1000,3.85,3.6,720
3601,Sys_DiT_ref_class1000,0.85,2.15,720
3602,Sys_DiT_ref_class1000,4.85,3.2,720
3603,Sys_DiT_ref_class1000,3.45,1.85,720
3604,Sys_DiT_ref_class1000,4.25,2.85,720
3605,Sys_DiT_ref_class1000,4.85,3.75,721
3606,Sys_DiT_ref_class1000,3.42,3.85,721
3607,Sys_DiT_ref_class1000,4.65,3.85,721
3608,Sys_DiT_ref_class1000,4.98,4.95,721
3609,Sys_DiT_ref_class1000,4.82,3.65,721
3610,Sys_DiT_ref_class1000,4.85,1.92,722
3611,Sys_DiT_ref_class1000,0.0,1.85,722
3612,Sys_DiT_ref_class1000,4.85,3.72,722
3613,Sys_DiT_ref_class1000,4.85,1.5,722
3614,Sys_DiT_ref_class1000,3.85,4.2,722
3615,Sys_DiT_ref_class1000,3.85,2.15,723
3616,Sys_DiT_ref_class1000,4.82,3.65,723
3617,Sys_DiT_ref_class1000,4.72,3.85,723
3618,Sys_DiT_ref_class1000,0.0,4.85,723
3619,Sys_DiT_ref_class1000,4.85,3.72,723
3620,Sys_DiT_ref_class1000,3.85,2.65,724
3621,Sys_DiT_ref_class1000,2.85,3.62,724
3622,Sys_DiT_ref_class1000,1.25,3.45,724
3623,Sys_DiT_ref_class1000,3.25,2.85,724
3624,Sys_DiT_ref_class1000,3.65,3.82,724
3625,Sys_DiT_ref_class1000,4.85,3.65,725
3626,Sys_DiT_ref_class1000,4.85,2.1,725
3627,Sys_DiT_ref_class1000,4.65,2.85,725
3628,Sys_DiT_ref_class1000,4.85,3.72,725
3629,Sys_DiT_ref_class1000,5.0,4.95,725
3630,Sys_DiT_ref_class1000,2.15,1.85,726
3631,Sys_DiT_ref_class1000,4.65,3.82,726
3632,Sys_DiT_ref_class1000,4.72,3.85,726
3633,Sys_DiT_ref_class1000,3.85,3.6,726
3634,Sys_DiT_ref_class1000,4.85,4.92,726
3635,Sys_DiT_ref_class1000,4.85,2.15,727
3636,Sys_DiT_ref_class1000,1.85,1.2,727
3637,Sys_DiT_ref_class1000,4.85,3.75,727
3638,Sys_DiT_ref_class1000,4.85,3.92,727
3639,Sys_DiT_ref_class1000,4.85,3.6,727
3640,Sys_DiT_ref_class1000,4.85,3.62,728
3641,Sys_DiT_ref_class1000,2.85,3.42,728
3642,Sys_DiT_ref_class1000,2.85,1.5,728
3643,Sys_DiT_ref_class1000,2.85,3.6,728
3644,Sys_DiT_ref_class1000,4.85,1.2,728
3645,Sys_DiT_ref_class1000,4.15,3.62,729
3646,Sys_DiT_ref_class1000,0.12,0.85,729
3647,Sys_DiT_ref_class1000,4.85,3.72,729
3648,Sys_DiT_ref_class1000,4.85,1.82,729
3649,Sys_DiT_ref_class1000,2.85,1.65,729
3650,Sys_DiT_ref_class1000,3.42,3.65,730
3651,Sys_DiT_ref_class1000,4.65,2.85,730
3652,Sys_DiT_ref_class1000,3.42,1.85,730
3653,Sys_DiT_ref_class1000,0.85,1.2,730
3654,Sys_DiT_ref_class1000,3.82,1.47,730
3655,Sys_DiT_ref_class1000,3.45,1.5,731
3656,Sys_DiT_ref_class1000,4.85,1.65,731
3657,Sys_DiT_ref_class1000,0.0,0.85,731
3658,Sys_DiT_ref_class1000,4.85,3.72,731
3659,Sys_DiT_ref_class1000,4.15,1.5,731
3660,Sys_DiT_ref_class1000,4.65,3.85,732
3661,Sys_DiT_ref_class1000,2.15,1.85,732
3662,Sys_DiT_ref_class1000,4.85,3.72,732
3663,Sys_DiT_ref_class1000,4.85,3.62,732
3664,Sys_DiT_ref_class1000,4.15,2.85,732
3665,Sys_DiT_ref_class1000,4.85,3.65,733
3666,Sys_DiT_ref_class1000,4.15,1.5,733
3667,Sys_DiT_ref_class1000,4.82,1.5,733
3668,Sys_DiT_ref_class1000,2.85,1.2,733
3670,Sys_DiT_ref_class1000,4.85,2.1,734
3671,Sys_DiT_ref_class1000,1.25,2.85,734
3672,Sys_DiT_ref_class1000,1.85,2.4,734
3673,Sys_DiT_ref_class1000,4.85,3.6,734
3674,Sys_DiT_ref_class1000,1.85,2.1,734
3675,Sys_DiT_ref_class1000,4.92,4.85,735
3676,Sys_DiT_ref_class1000,4.85,1.5,735
3677,Sys_DiT_ref_class1000,4.85,4.2,735
3678,Sys_DiT_ref_class1000,4.85,1.5,735
3679,Sys_DiT_ref_class1000,4.85,3.75,735
3680,Sys_DiT_ref_class1000,3.85,1.92,736
3681,Sys_DiT_ref_class1000,4.85,2.65,736
3682,Sys_DiT_ref_class1000,4.12,2.85,736
3683,Sys_DiT_ref_class1000,4.15,3.85,736
3684,Sys_DiT_ref_class1000,3.85,3.6,736
3685,Sys_DiT_ref_class1000,2.85,2.1,737
3686,Sys_DiT_ref_class1000,4.85,2.65,737
3687,Sys_DiT_ref_class1000,3.85,1.92,737
3688,Sys_DiT_ref_class1000,2.15,2.85,737
3689,Sys_DiT_ref_class1000,4.15,1.85,737
3690,Sys_DiT_ref_class1000,4.65,3.82,738
3691,Sys_DiT_ref_class1000,4.85,3.62,738
3692,Sys_DiT_ref_class1000,4.85,3.72,738
3693,Sys_DiT_ref_class1000,4.12,3.65,738
3694,Sys_DiT_ref_class1000,3.85,4.12,738
3695,Sys_DiT_ref_class1000,4.85,2.35,739
3696,Sys_DiT_ref_class1000,4.85,1.5,739
3697,Sys_DiT_ref_class1000,4.12,2.35,739
3698,Sys_DiT_ref_class1000,4.85,4.12,739
3699,Sys_DiT_ref_class1000,4.85,3.62,739
3700,Sys_DiT_ref_class1000,4.85,3.6,740
3701,Sys_DiT_ref_class1000,0.85,1.5,740
3702,Sys_DiT_ref_class1000,2.85,1.2,740
3703,Sys_DiT_ref_class1000,4.65,2.85,740
3704,Sys_DiT_ref_class1000,3.85,1.2,740
3705,Sys_DiT_ref_class1000,4.85,3.65,741
3706,Sys_DiT_ref_class1000,4.65,3.82,741
3707,Sys_DiT_ref_class1000,4.85,3.65,741
3708,Sys_DiT_ref_class1000,4.65,3.85,741
3709,Sys_DiT_ref_class1000,4.15,2.85,741
3710,Sys_DiT_ref_class1000,3.85,1.2,742
3711,Sys_DiT_ref_class1000,3.85,2.45,742
3712,Sys_DiT_ref_class1000,3.85,2.15,742
3713,Sys_DiT_ref_class1000,4.85,3.72,742
3714,Sys_DiT_ref_class1000,2.85,2.15,742
3715,Sys_DiT_ref_class1000,4.25,2.85,743
3716,Sys_DiT_ref_class1000,1.85,1.2,743
3717,Sys_DiT_ref_class1000,4.85,2.15,743
3718,Sys_DiT_ref_class1000,3.45,3.12,743
3719,Sys_DiT_ref_class1000,4.15,3.68,743
3720,Sys_DiT_ref_class1000,4.65,2.85,744
3721,Sys_DiT_ref_class1000,4.65,2.85,744
3722,Sys_DiT_ref_class1000,2.85,2.6,744
3723,Sys_DiT_ref_class1000,4.65,3.85,744
3724,Sys_DiT_ref_class1000,3.85,2.15,744
3725,Sys_DiT_ref_class1000,4.15,2.85,745
3726,Sys_DiT_ref_class1000,4.85,3.6,745
3727,Sys_DiT_ref_class1000,4.85,3.72,745
3728,Sys_DiT_ref_class1000,0.85,1.2,745
3729,Sys_DiT_ref_class1000,3.42,2.85,745
3730,Sys_DiT_ref_class1000,4.85,2.75,746
3731,Sys_DiT_ref_class1000,3.45,2.8,746
3732,Sys_DiT_ref_class1000,3.85,1.5,746
3733,Sys_DiT_ref_class1000,4.85,3.0,746
3734,Sys_DiT_ref_class1000,2.85,2.6,746
3735,Sys_DiT_ref_class1000,4.85,2.15,747
3736,Sys_DiT_ref_class1000,4.85,1.5,747
3737,Sys_DiT_ref_class1000,3.42,2.85,747
3738,Sys_DiT_ref_class1000,4.85,1.65,747
3739,Sys_DiT_ref_class1000,4.85,2.15,747
3740,Sys_DiT_ref_class1000,4.65,2.85,748
3741,Sys_DiT_ref_class1000,4.85,2.65,748
3742,Sys_DiT_ref_class1000,4.65,3.85,748
3743,Sys_DiT_ref_class1000,4.85,2.15,748
3744,Sys_DiT_ref_class1000,4.85,3.92,748
3745,Sys_DiT_ref_class1000,3.85,1.5,749
3746,Sys_DiT_ref_class1000,3.25,1.85,749
3747,Sys_DiT_ref_class1000,4.85,2.3,749
3748,Sys_DiT_ref_class1000,2.85,3.42,749
3749,Sys_DiT_ref_class1000,4.15,1.85,749
3750,Sys_DiT_ref_class1000,3.85,2.4,750
3751,Sys_DiT_ref_class1000,3.85,2.75,750
3752,Sys_DiT_ref_class1000,2.85,2.15,750
3753,Sys_DiT_ref_class1000,3.82,2.15,750
3754,Sys_DiT_ref_class1000,2.85,2.1,750
3755,Sys_DiT_ref_class1000,4.12,2.85,751
3756,Sys_DiT_ref_class1000,4.12,2.85,751
3757,Sys_DiT_ref_class1000,4.12,1.85,751
3758,Sys_DiT_ref_class1000,4.12,1.85,751
3759,Sys_DiT_ref_class1000,2.85,2.65,751
3760,Sys_DiT_ref_class1000,0.15,0.85,752
3761,Sys_DiT_ref_class1000,0.42,1.15,752
3762,Sys_DiT_ref_class1000,0.15,0.85,752
3763,Sys_DiT_ref_class1000,4.65,2.85,752
3764,Sys_DiT_ref_class1000,0.85,1.2,752
3765,Sys_DiT_ref_class1000,4.85,3.72,753
3766,Sys_DiT_ref_class1000,3.85,1.92,753
3767,Sys_DiT_ref_class1000,4.85,3.62,753
3768,Sys_DiT_ref_class1000,4.85,3.72,753
3769,Sys_DiT_ref_class1000,4.85,1.65,753
3770,Sys_DiT_ref_class1000,2.85,2.4,754
3771,Sys_DiT_ref_class1000,4.15,1.85,754
3772,Sys_DiT_ref_class1000,3.85,2.65,754
3773,Sys_DiT_ref_class1000,3.85,1.25,754
3774,Sys_DiT_ref_class1000,2.85,1.92,754
3775,Sys_DiT_ref_class1000,4.12,2.85,755
3776,Sys_DiT_ref_class1000,4.65,2.85,755
3777,Sys_DiT_ref_class1000,4.65,3.85,755
3778,Sys_DiT_ref_class1000,4.85,2.9,755
3779,Sys_DiT_ref_class1000,4.85,4.92,755
3780,Sys_DiT_ref_class1000,4.65,1.82,756
3781,Sys_DiT_ref_class1000,4.15,3.65,756
3782,Sys_DiT_ref_class1000,4.65,1.5,756
3783,Sys_DiT_ref_class1000,2.15,2.8,756
3784,Sys_DiT_ref_class1000,4.65,3.82,756
3785,Sys_DiT_ref_class1000,4.85,3.62,757
3786,Sys_DiT_ref_class1000,3.45,2.15,757
3787,Sys_DiT_ref_class1000,4.85,3.75,757
3788,Sys_DiT_ref_class1000,4.85,3.2,757
3789,Sys_DiT_ref_class1000,4.85,2.65,757
3790,Sys_DiT_ref_class1000,3.85,4.12,758
3791,Sys_DiT_ref_class1000,0.15,1.2,758
3792,Sys_DiT_ref_class1000,1.85,2.4,758
3793,Sys_DiT_ref_class1000,3.85,1.62,758
3794,Sys_DiT_ref_class1000,0.12,0.85,758
3795,Sys_DiT_ref_class1000,4.65,2.85,759
3796,Sys_DiT_ref_class1000,1.85,2.4,759
3797,Sys_DiT_ref_class1000,4.65,3.85,759
3798,Sys_DiT_ref_class1000,4.65,2.85,759
3799,Sys_DiT_ref_class1000,4.85,3.75,759
3800,Sys_DiT_ref_class1000,0.85,0.62,760
3801,Sys_DiT_ref_class1000,4.85,3.72,760
3802,Sys_DiT_ref_class1000,4.85,2.1,760
3803,Sys_DiT_ref_class1000,4.85,3.72,760
3804,Sys_DiT_ref_class1000,3.85,2.9,760
3805,Sys_DiT_ref_class1000,4.85,4.62,761
3806,Sys_DiT_ref_class1000,4.65,3.85,761
3807,Sys_DiT_ref_class1000,2.15,1.2,761
3808,Sys_DiT_ref_class1000,1.15,0.85,761
3809,Sys_DiT_ref_class1000,0.12,0.85,761
3810,Sys_DiT_ref_class1000,3.82,1.47,762
3811,Sys_DiT_ref_class1000,3.42,2.15,762
3812,Sys_DiT_ref_class1000,4.85,1.92,762
3813,Sys_DiT_ref_class1000,0.85,0.92,762
3814,Sys_DiT_ref_class1000,3.82,1.65,762
3815,Sys_DiT_ref_class1000,4.65,3.82,763
3816,Sys_DiT_ref_class1000,4.85,3.75,763
3817,Sys_DiT_ref_class1000,0.12,0.85,763
3818,Sys_DiT_ref_class1000,0.0,0.0,763
3819,Sys_DiT_ref_class1000,4.85,1.2,763
3820,Sys_DiT_ref_class1000,3.42,1.85,764
3821,Sys_DiT_ref_class1000,3.85,3.6,764
3822,Sys_DiT_ref_class1000,2.85,1.5,764
3823,Sys_DiT_ref_class1000,4.15,2.85,764
3824,Sys_DiT_ref_class1000,1.85,0.92,764
3825,Sys_DiT_ref_class1000,4.15,2.85,765
3826,Sys_DiT_ref_class1000,4.65,3.85,765
3827,Sys_DiT_ref_class1000,4.85,1.65,765
3828,Sys_DiT_ref_class1000,4.65,2.85,765
3829,Sys_DiT_ref_class1000,4.65,3.85,765
3830,Sys_DiT_ref_class1000,4.15,2.85,766
3831,Sys_DiT_ref_class1000,4.85,3.6,766
3832,Sys_DiT_ref_class1000,4.85,3.75,766
3833,Sys_DiT_ref_class1000,2.85,2.15,766
3834,Sys_DiT_ref_class1000,4.85,3.75,766
3835,Sys_DiT_ref_class1000,0.15,4.85,767
3836,Sys_DiT_ref_class1000,0.12,2.85,767
3837,Sys_DiT_ref_class1000,2.85,1.65,767
3838,Sys_DiT_ref_class1000,1.85,2.1,767
3839,Sys_DiT_ref_class1000,4.85,3.62,767
3840,Sys_DiT_ref_class1000,3.85,1.5,768
3841,Sys_DiT_ref_class1000,2.85,1.5,768
3842,Sys_DiT_ref_class1000,3.85,2.0,768
3843,Sys_DiT_ref_class1000,0.12,0.85,768
3844,Sys_DiT_ref_class1000,3.85,1.5,768
3845,Sys_DiT_ref_class1000,2.15,1.85,769
3846,Sys_DiT_ref_class1000,0.12,2.85,769
3847,Sys_DiT_ref_class1000,4.85,4.92,769
3848,Sys_DiT_ref_class1000,2.85,1.92,769
3849,Sys_DiT_ref_class1000,4.15,3.2,769
3850,Sys_DiT_ref_class1000,4.15,2.85,770
3851,Sys_DiT_ref_class1000,2.15,2.85,770
3852,Sys_DiT_ref_class1000,3.82,1.95,770
3853,Sys_DiT_ref_class1000,4.65,2.85,770
3854,Sys_DiT_ref_class1000,4.35,3.85,770
3855,Sys_DiT_ref_class1000,4.65,1.85,771
3856,Sys_DiT_ref_class1000,1.85,1.2,771
3857,Sys_DiT_ref_class1000,4.15,2.85,771
3858,Sys_DiT_ref_class1000,0.15,1.82,771
3859,Sys_DiT_ref_class1000,2.85,1.92,771
3860,Sys_DiT_ref_class1000,0.05,2.85,772
3861,Sys_DiT_ref_class1000,3.42,1.85,772
3862,Sys_DiT_ref_class1000,0.12,1.85,772
3863,Sys_DiT_ref_class1000,1.85,1.2,772
3864,Sys_DiT_ref_class1000,4.85,3.72,772
3865,Sys_DiT_ref_class1000,5.0,5.0,773
3866,Sys_DiT_ref_class1000,4.92,3.85,773
3867,Sys_DiT_ref_class1000,4.85,3.75,773
3868,Sys_DiT_ref_class1000,1.85,2.9,773
3869,Sys_DiT_ref_class1000,3.42,3.85,773
3870,Sys_DiT_ref_class1000,4.65,2.85,774
3871,Sys_DiT_ref_class1000,2.85,2.4,774
3872,Sys_DiT_ref_class1000,4.85,3.65,774
3873,Sys_DiT_ref_class1000,4.15,2.85,774
3874,Sys_DiT_ref_class1000,4.85,3.72,774
3875,Sys_DiT_ref_class1000,4.65,2.85,775
3876,Sys_DiT_ref_class1000,4.85,4.62,775
3877,Sys_DiT_ref_class1000,3.85,2.65,775
3878,Sys_DiT_ref_class1000,4.65,2.0,775
3879,Sys_DiT_ref_class1000,4.85,3.75,775
3880,Sys_DiT_ref_class1000,1.25,1.1,776
3881,Sys_DiT_ref_class1000,2.15,2.3,776
3882,Sys_DiT_ref_class1000,4.85,4.62,776
3883,Sys_DiT_ref_class1000,2.85,1.45,776
3884,Sys_DiT_ref_class1000,3.85,3.2,776
3885,Sys_DiT_ref_class1000,0.85,2.9,777
3886,Sys_DiT_ref_class1000,4.85,3.62,777
3887,Sys_DiT_ref_class1000,3.85,2.75,777
3888,Sys_DiT_ref_class1000,1.85,1.92,777
3889,Sys_DiT_ref_class1000,2.85,3.42,777
3890,Sys_DiT_ref_class1000,4.85,2.1,778
3891,Sys_DiT_ref_class1000,1.85,2.4,778
3892,Sys_DiT_ref_class1000,4.15,1.85,778
3893,Sys_DiT_ref_class1000,3.82,1.47,778
3894,Sys_DiT_ref_class1000,1.85,3.2,778
3895,Sys_DiT_ref_class1000,2.85,1.92,779
3896,Sys_DiT_ref_class1000,1.25,1.85,779
3897,Sys_DiT_ref_class1000,4.15,2.85,779
3898,Sys_DiT_ref_class1000,2.85,1.65,779
3899,Sys_DiT_ref_class1000,4.85,2.9,779
3900,Sys_DiT_ref_class1000,4.65,3.82,780
3901,Sys_DiT_ref_class1000,4.65,3.82,780
3902,Sys_DiT_ref_class1000,4.85,3.2,780
3903,Sys_DiT_ref_class1000,4.72,2.35,780
3904,Sys_DiT_ref_class1000,4.85,3.2,780
3905,Sys_DiT_ref_class1000,3.85,2.15,781
3906,Sys_DiT_ref_class1000,2.85,2.1,781
3907,Sys_DiT_ref_class1000,3.85,1.2,781
3908,Sys_DiT_ref_class1000,3.85,1.92,781
3909,Sys_DiT_ref_class1000,3.82,1.47,781
3910,Sys_DiT_ref_class1000,4.15,2.85,782
3911,Sys_DiT_ref_class1000,4.85,3.65,782
3912,Sys_DiT_ref_class1000,2.85,2.1,782
3913,Sys_DiT_ref_class1000,4.65,1.85,782
3914,Sys_DiT_ref_class1000,4.65,2.85,782
3915,Sys_DiT_ref_class1000,4.85,4.12,783
3916,Sys_DiT_ref_class1000,4.92,4.65,783
3917,Sys_DiT_ref_class1000,3.85,3.62,783
3918,Sys_DiT_ref_class1000,5.0,5.0,783
3919,Sys_DiT_ref_class1000,4.65,2.1,783
3920,Sys_DiT_ref_class1000,1.85,1.2,784
3921,Sys_DiT_ref_class1000,4.65,3.85,784
3922,Sys_DiT_ref_class1000,1.85,1.42,784
3923,Sys_DiT_ref_class1000,3.85,2.9,784
3924,Sys_DiT_ref_class1000,4.12,2.85,784
3925,Sys_DiT_ref_class1000,4.85,4.92,785
3926,Sys_DiT_ref_class1000,4.15,3.2,785
3927,Sys_DiT_ref_class1000,1.85,1.2,785
3928,Sys_DiT_ref_class1000,4.85,4.2,785
3929,Sys_DiT_ref_class1000,5.0,5.0,785
3930,Sys_DiT_ref_class1000,4.85,3.75,786
3931,Sys_DiT_ref_class1000,4.85,1.92,786
3932,Sys_DiT_ref_class1000,4.85,3.2,786
3933,Sys_DiT_ref_class1000,4.85,3.72,786
3934,Sys_DiT_ref_class1000,4.65,2.85,786
3935,Sys_DiT_ref_class1000,4.85,3.2,787
3936,Sys_DiT_ref_class1000,4.12,2.85,787
3937,Sys_DiT_ref_class1000,0.0,2.85,787
3938,Sys_DiT_ref_class1000,4.15,2.85,787
3939,Sys_DiT_ref_class1000,4.85,3.65,787
3940,Sys_DiT_ref_class1000,0.85,1.92,788
3941,Sys_DiT_ref_class1000,3.85,1.5,788
3942,Sys_DiT_ref_class1000,2.85,2.1,788
3943,Sys_DiT_ref_class1000,0.12,0.85,788
3944,Sys_DiT_ref_class1000,0.12,0.85,788
3945,Sys_DiT_ref_class1000,1.85,3.42,789
3946,Sys_DiT_ref_class1000,0.85,1.2,789
3947,Sys_DiT_ref_class1000,4.92,4.95,789
3948,Sys_DiT_ref_class1000,4.85,2.15,789
3949,Sys_DiT_ref_class1000,4.92,4.85,789
3950,Sys_DiT_ref_class1000,4.85,3.65,790
3951,Sys_DiT_ref_class1000,4.85,3.62,790
3952,Sys_DiT_ref_class1000,4.85,3.2,790
3953,Sys_DiT_ref_class1000,2.85,1.42,790
3954,Sys_DiT_ref_class1000,2.85,3.65,790
3955,Sys_DiT_ref_class1000,1.85,2.1,791
3956,Sys_DiT_ref_class1000,0.85,1.2,791
3957,Sys_DiT_ref_class1000,3.82,1.47,791
3958,Sys_DiT_ref_class1000,0.12,0.85,791
3959,Sys_DiT_ref_class1000,3.82,2.65,791
3960,Sys_DiT_ref_class1000,4.85,4.2,792
3961,Sys_DiT_ref_class1000,4.85,3.65,792
3962,Sys_DiT_ref_class1000,4.15,3.25,792
3963,Sys_DiT_ref_class1000,4.85,3.62,792
3964,Sys_DiT_ref_class1000,3.85,3.62,792
3965,Sys_DiT_ref_class1000,4.85,3.62,793
3966,Sys_DiT_ref_class1000,4.15,3.85,793
3967,Sys_DiT_ref_class1000,4.85,1.2,793
3968,Sys_DiT_ref_class1000,4.85,1.2,793
3969,Sys_DiT_ref_class1000,4.85,3.75,793
3970,Sys_DiT_ref_class1000,4.85,3.65,794
3971,Sys_DiT_ref_class1000,4.12,2.85,794
3972,Sys_DiT_ref_class1000,4.85,2.1,794
3973,Sys_DiT_ref_class1000,4.85,3.75,794
3974,Sys_DiT_ref_class1000,4.85,3.2,794
3975,Sys_DiT_ref_class1000,1.85,1.2,795
3976,Sys_DiT_ref_class1000,0.15,2.85,795
3977,Sys_DiT_ref_class1000,4.15,2.0,795
3978,Sys_DiT_ref_class1000,4.15,2.85,795
3979,Sys_DiT_ref_class1000,0.42,1.15,795
3980,Sys_DiT_ref_class1000,4.85,1.5,796
3981,Sys_DiT_ref_class1000,4.85,3.65,796
3982,Sys_DiT_ref_class1000,4.65,3.8,796
3983,Sys_DiT_ref_class1000,4.85,3.2,796
3984,Sys_DiT_ref_class1000,4.92,4.65,796
3985,Sys_DiT_ref_class1000,4.85,3.6,797
3986,Sys_DiT_ref_class1000,4.15,2.0,797
3987,Sys_DiT_ref_class1000,4.15,3.85,797
3988,Sys_DiT_ref_class1000,4.15,1.5,797
3989,Sys_DiT_ref_class1000,3.42,4.15,797
3990,Sys_DiT_ref_class1000,4.65,3.85,798
3991,Sys_DiT_ref_class1000,3.85,2.15,798
3992,Sys_DiT_ref_class1000,1.85,1.2,798
3993,Sys_DiT_ref_class1000,3.85,1.25,798
3994,Sys_DiT_ref_class1000,2.85,1.92,798
3995,Sys_DiT_ref_class1000,4.65,2.85,799
3996,Sys_DiT_ref_class1000,4.85,3.75,799
3997,Sys_DiT_ref_class1000,4.15,1.85,799
3998,Sys_DiT_ref_class1000,4.85,3.72,799
3999,Sys_DiT_ref_class1000,4.85,3.82,799
4000,Sys_DiT_ref_class1000,3.82,2.15,800
4001,Sys_DiT_ref_class1000,4.65,4.12,800
4002,Sys_DiT_ref_class1000,4.65,2.85,800
4003,Sys_DiT_ref_class1000,4.15,2.85,800
4004,Sys_DiT_ref_class1000,3.65,2.85,800
4005,Sys_DiT_ref_class1000,4.35,3.82,801
4006,Sys_DiT_ref_class1000,4.12,1.5,801
4007,Sys_DiT_ref_class1000,4.65,1.5,801
4008,Sys_DiT_ref_class1000,0.0,1.25,801
4009,Sys_DiT_ref_class1000,4.65,3.0,801
4010,Sys_DiT_ref_class1000,2.15,1.85,802
4011,Sys_DiT_ref_class1000,4.65,3.85,802
4012,Sys_DiT_ref_class1000,4.65,2.85,802
4013,Sys_DiT_ref_class1000,4.63,3.82,802
4014,Sys_DiT_ref_class1000,3.42,2.15,802
4015,Sys_DiT_ref_class1000,4.85,3.72,803
4016,Sys_DiT_ref_class1000,4.65,2.85,803
4017,Sys_DiT_ref_class1000,0.0,0.0,803
4018,Sys_DiT_ref_class1000,3.15,1.85,803
4019,Sys_DiT_ref_class1000,4.15,2.35,803
4020,Sys_DiT_ref_class1000,1.85,0.92,804
4021,Sys_DiT_ref_class1000,4.15,2.85,804
4022,Sys_DiT_ref_class1000,1.85,2.1,804
4023,Sys_DiT_ref_class1000,3.85,1.25,804
4024,Sys_DiT_ref_class1000,3.85,1.65,804
4025,Sys_DiT_ref_class1000,1.85,1.5,805
4026,Sys_DiT_ref_class1000,4.85,4.62,805
4027,Sys_DiT_ref_class1000,2.85,1.65,805
4028,Sys_DiT_ref_class1000,1.25,1.5,805
4029,Sys_DiT_ref_class1000,4.85,1.5,805
4030,Sys_DiT_ref_class1000,3.85,3.2,806
4031,Sys_DiT_ref_class1000,4.92,4.98,806
4032,Sys_DiT_ref_class1000,4.95,4.98,806
4033,Sys_DiT_ref_class1000,1.25,1.85,806
4034,Sys_DiT_ref_class1000,4.85,4.72,806
4035,Sys_DiT_ref_class1000,2.85,1.92,807
4036,Sys_DiT_ref_class1000,4.65,2.85,807
4037,Sys_DiT_ref_class1000,4.12,2.85,807
4038,Sys_DiT_ref_class1000,1.15,2.35,807
4039,Sys_DiT_ref_class1000,4.82,3.65,807
4040,Sys_DiT_ref_class1000,4.12,4.35,808
4041,Sys_DiT_ref_class1000,4.85,1.5,808
4042,Sys_DiT_ref_class1000,3.85,1.92,808
4043,Sys_DiT_ref_class1000,2.85,2.0,808
4044,Sys_DiT_ref_class1000,4.15,1.5,808
4045,Sys_DiT_ref_class1000,4.65,2.85,809
4046,Sys_DiT_ref_class1000,4.12,2.85,809
4047,Sys_DiT_ref_class1000,0.85,1.2,809
4048,Sys_DiT_ref_class1000,4.85,3.72,809
4049,Sys_DiT_ref_class1000,3.45,3.12,809
4050,Sys_DiT_ref_class1000,3.85,4.12,810
4051,Sys_DiT_ref_class1000,4.12,3.85,810
4052,Sys_DiT_ref_class1000,3.82,1.47,810
4053,Sys_DiT_ref_class1000,4.65,3.82,810
4054,Sys_DiT_ref_class1000,3.85,2.65,810
4055,Sys_DiT_ref_class1000,2.85,3.42,811
4056,Sys_DiT_ref_class1000,3.82,1.45,811
4057,Sys_DiT_ref_class1000,4.65,3.82,811
4058,Sys_DiT_ref_class1000,2.15,2.85,811
4059,Sys_DiT_ref_class1000,0.15,3.85,811
4060,Sys_DiT_ref_class1000,4.85,3.65,812
4061,Sys_DiT_ref_class1000,4.85,4.2,812
4062,Sys_DiT_ref_class1000,4.85,3.72,812
4063,Sys_DiT_ref_class1000,4.12,3.68,812
4064,Sys_DiT_ref_class1000,4.85,3.2,812
4065,Sys_DiT_ref_class1000,2.85,3.42,813
4066,Sys_DiT_ref_class1000,0.0,1.85,813
4067,Sys_DiT_ref_class1000,4.92,4.65,813
4068,Sys_DiT_ref_class1000,5.0,4.85,813
4069,Sys_DiT_ref_class1000,0.15,1.2,813
4070,Sys_DiT_ref_class1000,4.12,2.85,814
4071,Sys_DiT_ref_class1000,4.85,3.72,814
4072,Sys_DiT_ref_class1000,3.85,2.15,814
4073,Sys_DiT_ref_class1000,4.85,3.72,814
4074,Sys_DiT_ref_class1000,3.85,1.5,814
4075,Sys_DiT_ref_class1000,5.0,5.0,815
4076,Sys_DiT_ref_class1000,4.12,3.65,815
4077,Sys_DiT_ref_class1000,4.13,1.9,815
4078,Sys_DiT_ref_class1000,1.25,1.85,815
4079,Sys_DiT_ref_class1000,4.85,3.65,815
4080,Sys_DiT_ref_class1000,4.25,3.65,816
4081,Sys_DiT_ref_class1000,4.65,2.85,816
4082,Sys_DiT_ref_class1000,4.85,3.72,816
4083,Sys_DiT_ref_class1000,4.85,3.72,816
4084,Sys_DiT_ref_class1000,4.85,4.2,816
4085,Sys_DiT_ref_class1000,4.65,1.85,817
4086,Sys_DiT_ref_class1000,4.85,3.75,817
4087,Sys_DiT_ref_class1000,4.85,2.15,817
4088,Sys_DiT_ref_class1000,4.85,3.65,817
4089,Sys_DiT_ref_class1000,4.85,1.65,817
4090,Sys_DiT_ref_class1000,4.15,3.85,818
4091,Sys_DiT_ref_class1000,1.25,1.85,818
4092,Sys_DiT_ref_class1000,0.0,1.25,818
4093,Sys_DiT_ref_class1000,1.85,2.1,818
4094,Sys_DiT_ref_class1000,3.45,3.82,818
4095,Sys_DiT_ref_class1000,3.85,1.25,819
4096,Sys_DiT_ref_class1000,3.85,1.5,819
4097,Sys_DiT_ref_class1000,3.85,1.42,819
4098,Sys_DiT_ref_class1000,3.85,1.72,819
4099,Sys_DiT_ref_class1000,2.85,1.5,819
4100,Sys_DiT_ref_class1000,4.65,3.82,820
4101,Sys_DiT_ref_class1000,4.85,3.6,820
4102,Sys_DiT_ref_class1000,4.85,3.6,820
4103,Sys_DiT_ref_class1000,4.65,3.85,820
4104,Sys_DiT_ref_class1000,4.12,3.68,820
4105,Sys_DiT_ref_class1000,2.85,2.15,821
4106,Sys_DiT_ref_class1000,4.65,2.85,821
4107,Sys_DiT_ref_class1000,4.92,4.75,821
4108,Sys_DiT_ref_class1000,4.92,4.85,821
4109,Sys_DiT_ref_class1000,1.85,1.2,821
4110,Sys_DiT_ref_class1000,4.85,2.15,822
4111,Sys_DiT_ref_class1000,4.65,2.85,822
4112,Sys_DiT_ref_class1000,4.65,1.5,822
4113,Sys_DiT_ref_class1000,4.85,2.65,822
4114,Sys_DiT_ref_class1000,4.65,2.85,822
4115,Sys_DiT_ref_class1000,3.85,2.9,823
4116,Sys_DiT_ref_class1000,1.15,1.28,823
4117,Sys_DiT_ref_class1000,1.25,2.85,823
4118,Sys_DiT_ref_class1000,4.85,3.2,823
4119,Sys_DiT_ref_class1000,1.85,2.4,823
4120,Sys_DiT_ref_class1000,1.25,2.85,824
4121,Sys_DiT_ref_class1000,4.65,3.82,824
4122,Sys_DiT_ref_class1000,3.85,2.15,824
4123,Sys_DiT_ref_class1000,2.15,2.85,824
4124,Sys_DiT_ref_class1000,3.82,4.15,824
4125,Sys_DiT_ref_class1000,3.85,3.62,825
4126,Sys_DiT_ref_class1000,4.85,4.72,825
4127,Sys_DiT_ref_class1000,4.85,3.75,825
4128,Sys_DiT_ref_class1000,2.85,3.42,825
4129,Sys_DiT_ref_class1000,4.92,4.95,825
4130,Sys_DiT_ref_class1000,4.15,2.85,826
4131,Sys_DiT_ref_class1000,3.85,1.92,826
4132,Sys_DiT_ref_class1000,2.85,1.92,826
4133,Sys_DiT_ref_class1000,2.15,1.85,826
4134,Sys_DiT_ref_class1000,0.85,1.2,826
4135,Sys_DiT_ref_class1000,4.25,2.85,827
4136,Sys_DiT_ref_class1000,4.12,1.85,827
4137,Sys_DiT_ref_class1000,3.85,2.15,827
4138,Sys_DiT_ref_class1000,1.85,1.2,827
4139,Sys_DiT_ref_class1000,4.85,3.62,827
4140,Sys_DiT_ref_class1000,4.65,2.85,828
4141,Sys_DiT_ref_class1000,4.85,3.75,828
4142,Sys_DiT_ref_class1000,4.12,4.85,828
4143,Sys_DiT_ref_class1000,3.85,2.15,828
4144,Sys_DiT_ref_class1000,4.62,4.15,828
4145,Sys_DiT_ref_class1000,1.85,0.42,829
4146,Sys_DiT_ref_class1000,4.12,2.85,829
4147,Sys_DiT_ref_class1000,4.15,2.85,829
4148,Sys_DiT_ref_class1000,4.85,3.62,829
4149,Sys_DiT_ref_class1000,4.12,2.85,829
4150,Sys_DiT_ref_class1000,2.85,2.6,830
4151,Sys_DiT_ref_class1000,3.85,2.15,830
4152,Sys_DiT_ref_class1000,1.85,1.42,830
4153,Sys_DiT_ref_class1000,1.85,1.92,830
4154,Sys_DiT_ref_class1000,3.85,1.42,830
4155,Sys_DiT_ref_class1000,3.65,2.85,831
4156,Sys_DiT_ref_class1000,4.65,2.85,831
4157,Sys_DiT_ref_class1000,4.12,2.85,831
4158,Sys_DiT_ref_class1000,4.65,3.82,831
4159,Sys_DiT_ref_class1000,4.85,3.2,831
4160,Sys_DiT_ref_class1000,5.0,5.0,832
4161,Sys_DiT_ref_class1000,5.0,4.98,832
4162,Sys_DiT_ref_class1000,4.85,2.15,832
4163,Sys_DiT_ref_class1000,4.65,3.82,832
4164,Sys_DiT_ref_class1000,4.85,4.2,832
4165,Sys_DiT_ref_class1000,4.85,4.2,833
4166,Sys_DiT_ref_class1000,4.92,4.98,833
4167,Sys_DiT_ref_class1000,4.85,3.65,833
4168,Sys_DiT_ref_class1000,4.12,3.65,833
4169,Sys_DiT_ref_class1000,4.85,3.72,833
4170,Sys_DiT_ref_class1000,4.12,1.5,834
4171,Sys_DiT_ref_class1000,4.12,1.5,834
4172,Sys_DiT_ref_class1000,0.85,1.92,834
4173,Sys_DiT_ref_class1000,4.15,3.85,834
4174,Sys_DiT_ref_class1000,4.85,1.2,834
4175,Sys_DiT_ref_class1000,4.85,4.72,835
4176,Sys_DiT_ref_class1000,4.15,3.85,835
4177,Sys_DiT_ref_class1000,3.45,2.85,835
4178,Sys_DiT_ref_class1000,4.85,3.92,835
4179,Sys_DiT_ref_class1000,3.85,2.65,835
4180,Sys_DiT_ref_class1000,1.85,3.62,836
4181,Sys_DiT_ref_class1000,4.85,3.72,836
4182,Sys_DiT_ref_class1000,1.25,3.65,836
4183,Sys_DiT_ref_class1000,4.85,2.15,836
4184,Sys_DiT_ref_class1000,1.35,2.85,836
4185,Sys_DiT_ref_class1000,1.25,1.1,837
4186,Sys_DiT_ref_class1000,4.85,3.72,837
4187,Sys_DiT_ref_class1000,4.85,3.6,837
4188,Sys_DiT_ref_class1000,4.85,4.62,837
4189,Sys_DiT_ref_class1000,4.12,3.65,837
4190,Sys_DiT_ref_class1000,2.85,1.2,838
4191,Sys_DiT_ref_class1000,2.85,1.65,838
4192,Sys_DiT_ref_class1000,0.0,1.5,838
4193,Sys_DiT_ref_class1000,1.85,1.2,838
4194,Sys_DiT_ref_class1000,3.65,1.85,838
4195,Sys_DiT_ref_class1000,1.85,2.4,839
4196,Sys_DiT_ref_class1000,0.85,3.65,839
4197,Sys_DiT_ref_class1000,1.85,3.42,839
4198,Sys_DiT_ref_class1000,1.85,2.4,839
4199,Sys_DiT_ref_class1000,4.65,2.85,839
4200,Sys_DiT_ref_class1000,0.0,2.85,840
4201,Sys_DiT_ref_class1000,4.15,2.85,840
4202,Sys_DiT_ref_class1000,0.15,1.25,840
4203,Sys_DiT_ref_class1000,4.85,1.65,840
4204,Sys_DiT_ref_class1000,2.15,3.85,840
4205,Sys_DiT_ref_class1000,4.12,2.0,841
4206,Sys_DiT_ref_class1000,3.85,2.15,841
4207,Sys_DiT_ref_class1000,4.12,1.85,841
4208,Sys_DiT_ref_class1000,0.15,1.85,841
4209,Sys_DiT_ref_class1000,4.12,2.85,841
4210,Sys_DiT_ref_class1000,4.85,1.2,842
4211,Sys_DiT_ref_class1000,4.12,2.85,842
4212,Sys_DiT_ref_class1000,4.82,1.15,842
4213,Sys_DiT_ref_class1000,4.85,1.25,842
4214,Sys_DiT_ref_class1000,4.82,1.15,842
4215,Sys_DiT_ref_class1000,3.85,3.62,843
4216,Sys_DiT_ref_class1000,2.85,2.0,843
4217,Sys_DiT_ref_class1000,1.85,2.4,843
4218,Sys_DiT_ref_class1000,4.85,3.72,843
4219,Sys_DiT_ref_class1000,3.82,1.5,843
4220,Sys_DiT_ref_class1000,0.45,2.15,844
4221,Sys_DiT_ref_class1000,4.15,2.85,844
4222,Sys_DiT_ref_class1000,3.85,2.65,844
4223,Sys_DiT_ref_class1000,2.15,1.5,844
4224,Sys_DiT_ref_class1000,1.85,2.1,844
4225,Sys_DiT_ref_class1000,2.85,2.4,845
4226,Sys_DiT_ref_class1000,4.85,4.62,845
4227,Sys_DiT_ref_class1000,2.85,2.4,845
4228,Sys_DiT_ref_class1000,4.85,1.2,845
4229,Sys_DiT_ref_class1000,4.85,3.62,845
4230,Sys_DiT_ref_class1000,4.12,2.85,846
4231,Sys_DiT_ref_class1000,4.65,3.85,846
4232,Sys_DiT_ref_class1000,4.85,2.9,846
4233,Sys_DiT_ref_class1000,4.25,3.85,846
4234,Sys_DiT_ref_class1000,2.15,2.8,846
4235,Sys_DiT_ref_class1000,3.82,2.15,847
4236,Sys_DiT_ref_class1000,4.65,2.85,847
4237,Sys_DiT_ref_class1000,4.65,3.75,847
4238,Sys_DiT_ref_class1000,4.85,3.72,847
4239,Sys_DiT_ref_class1000,3.82,2.65,847
4240,Sys_DiT_ref_class1000,2.85,2.1,848
4241,Sys_DiT_ref_class1000,1.85,2.4,848
4242,Sys_DiT_ref_class1000,1.85,3.42,848
4243,Sys_DiT_ref_class1000,3.82,2.15,848
4244,Sys_DiT_ref_class1000,3.65,2.15,848
4245,Sys_DiT_ref_class1000,4.85,3.72,849
4246,Sys_DiT_ref_class1000,0.42,0.15,849
4247,Sys_DiT_ref_class1000,4.85,2.65,849
4248,Sys_DiT_ref_class1000,4.15,3.65,849
4249,Sys_DiT_ref_class1000,3.85,2.1,849
4250,Sys_DiT_ref_class1000,4.85,3.65,850
4251,Sys_DiT_ref_class1000,3.85,2.65,850
4252,Sys_DiT_ref_class1000,5.0,5.0,850
4253,Sys_DiT_ref_class1000,4.25,2.85,850
4254,Sys_DiT_ref_class1000,4.65,3.85,850
4255,Sys_DiT_ref_class1000,4.85,3.72,851
4256,Sys_DiT_ref_class1000,3.85,2.15,851
4257,Sys_DiT_ref_class1000,4.15,2.85,851
4258,Sys_DiT_ref_class1000,4.12,2.65,851
4259,Sys_DiT_ref_class1000,3.85,1.25,851
4260,Sys_DiT_ref_class1000,4.85,3.75,852
4261,Sys_DiT_ref_class1000,4.85,4.92,852
4262,Sys_DiT_ref_class1000,2.85,1.42,852
4263,Sys_DiT_ref_class1000,4.65,3.85,852
4264,Sys_DiT_ref_class1000,1.85,1.5,852
4265,Sys_DiT_ref_class1000,4.92,3.85,853
4266,Sys_DiT_ref_class1000,5.0,5.0,853
4267,Sys_DiT_ref_class1000,4.65,1.5,853
4268,Sys_DiT_ref_class1000,4.85,3.6,853
4269,Sys_DiT_ref_class1000,4.85,3.92,853
4270,Sys_DiT_ref_class1000,4.95,4.98,854
4271,Sys_DiT_ref_class1000,4.12,2.85,854
4272,Sys_DiT_ref_class1000,4.85,3.72,854
4273,Sys_DiT_ref_class1000,4.85,4.2,854
4274,Sys_DiT_ref_class1000,4.92,4.85,854
4275,Sys_DiT_ref_class1000,4.85,1.45,855
4276,Sys_DiT_ref_class1000,4.85,3.2,855
4277,Sys_DiT_ref_class1000,4.85,3.2,855
4278,Sys_DiT_ref_class1000,4.15,3.25,855
4279,Sys_DiT_ref_class1000,4.85,3.75,855
4280,Sys_DiT_ref_class1000,4.85,3.62,856
4281,Sys_DiT_ref_class1000,2.85,1.42,856
4282,Sys_DiT_ref_class1000,1.25,1.8,856
4283,Sys_DiT_ref_class1000,2.85,3.42,856
4284,Sys_DiT_ref_class1000,1.25,1.8,856
4285,Sys_DiT_ref_class1000,4.92,2.85,857
4286,Sys_DiT_ref_class1000,3.82,2.15,857
4287,Sys_DiT_ref_class1000,4.65,2.85,857
4288,Sys_DiT_ref_class1000,4.65,3.85,857
4289,Sys_DiT_ref_class1000,4.85,3.62,857
4290,Sys_DiT_ref_class1000,3.85,1.75,858
4291,Sys_DiT_ref_class1000,4.13,1.85,858
4292,Sys_DiT_ref_class1000,4.85,3.75,858
4293,Sys_DiT_ref_class1000,4.15,3.82,858
4294,Sys_DiT_ref_class1000,4.85,3.75,858
4295,Sys_DiT_ref_class1000,4.12,2.85,859
4296,Sys_DiT_ref_class1000,1.85,1.2,859
4297,Sys_DiT_ref_class1000,4.85,1.92,859
4298,Sys_DiT_ref_class1000,3.85,2.15,859
4299,Sys_DiT_ref_class1000,1.85,1.2,859
4300,Sys_DiT_ref_class1000,1.85,2.1,860
4301,Sys_DiT_ref_class1000,2.85,2.6,860
4302,Sys_DiT_ref_class1000,4.12,2.85,860
4303,Sys_DiT_ref_class1000,3.45,2.85,860
4304,Sys_DiT_ref_class1000,3.42,2.15,860
4305,Sys_DiT_ref_class1000,4.85,3.75,861
4306,Sys_DiT_ref_class1000,4.65,3.72,861
4307,Sys_DiT_ref_class1000,2.85,3.6,861
4308,Sys_DiT_ref_class1000,4.65,1.85,861
4309,Sys_DiT_ref_class1000,4.65,2.85,861
4310,Sys_DiT_ref_class1000,4.85,2.0,862
4311,Sys_DiT_ref_class1000,4.85,3.62,862
4312,Sys_DiT_ref_class1000,0.15,1.85,862
4313,Sys_DiT_ref_class1000,4.85,2.15,862
4314,Sys_DiT_ref_class1000,4.82,1.15,862
4315,Sys_DiT_ref_class1000,4.35,3.82,863
4316,Sys_DiT_ref_class1000,3.82,2.45,863
4317,Sys_DiT_ref_class1000,4.12,3.68,863
4318,Sys_DiT_ref_class1000,4.85,4.72,863
4319,Sys_DiT_ref_class1000,4.75,3.85,863
4320,Sys_DiT_ref_class1000,4.65,3.85,864
4321,Sys_DiT_ref_class1000,4.65,3.82,864
4322,Sys_DiT_ref_class1000,4.65,1.85,864
4323,Sys_DiT_ref_class1000,3.42,1.85,864
4324,Sys_DiT_ref_class1000,0.85,1.42,864
4325,Sys_DiT_ref_class1000,2.85,1.92,865
4326,Sys_DiT_ref_class1000,0.12,0.85,865
4327,Sys_DiT_ref_class1000,2.85,1.92,865
4328,Sys_DiT_ref_class1000,1.85,1.2,865
4329,Sys_DiT_ref_class1000,3.82,2.15,865
4330,Sys_DiT_ref_class1000,4.85,4.72,866
4331,Sys_DiT_ref_class1000,4.25,3.15,866
4332,Sys_DiT_ref_class1000,3.85,2.15,866
4333,Sys_DiT_ref_class1000,4.15,2.85,866
4334,Sys_DiT_ref_class1000,4.65,3.85,866
4335,Sys_DiT_ref_class1000,0.85,1.2,867
4336,Sys_DiT_ref_class1000,4.85,1.82,867
4337,Sys_DiT_ref_class1000,4.12,1.85,867
4338,Sys_DiT_ref_class1000,4.65,2.85,867
4339,Sys_DiT_ref_class1000,2.85,1.2,867
4340,Sys_DiT_ref_class1000,3.15,2.85,868
4341,Sys_DiT_ref_class1000,4.85,3.72,868
4342,Sys_DiT_ref_class1000,3.65,2.85,868
4343,Sys_DiT_ref_class1000,4.65,3.85,868
4344,Sys_DiT_ref_class1000,2.85,2.9,868
4345,Sys_DiT_ref_class1000,4.95,4.85,869
4346,Sys_DiT_ref_class1000,2.15,3.85,869
4347,Sys_DiT_ref_class1000,4.65,3.85,869
4348,Sys_DiT_ref_class1000,2.85,2.4,869
4349,Sys_DiT_ref_class1000,2.15,2.85,869
4350,Sys_DiT_ref_class1000,4.85,2.65,870
4351,Sys_DiT_ref_class1000,4.65,1.85,870
4352,Sys_DiT_ref_class1000,4.65,3.82,870
4353,Sys_DiT_ref_class1000,2.85,2.1,870
4354,Sys_DiT_ref_class1000,4.12,2.85,870
4355,Sys_DiT_ref_class1000,4.15,2.85,871
4356,Sys_DiT_ref_class1000,4.65,1.5,871
4357,Sys_DiT_ref_class1000,4.65,3.82,871
4358,Sys_DiT_ref_class1000,4.85,3.65,871
4359,Sys_DiT_ref_class1000,4.15,2.85,871
4360,Sys_DiT_ref_class1000,4.12,3.65,872
4361,Sys_DiT_ref_class1000,3.85,2.75,872
4362,Sys_DiT_ref_class1000,4.35,3.82,872
4363,Sys_DiT_ref_class1000,3.85,2.15,872
4364,Sys_DiT_ref_class1000,4.85,3.7,872
4365,Sys_DiT_ref_class1000,4.25,3.65,873
4366,Sys_DiT_ref_class1000,4.65,3.85,873
4367,Sys_DiT_ref_class1000,4.85,3.6,873
4368,Sys_DiT_ref_class1000,0.12,0.85,873
4369,Sys_DiT_ref_class1000,5.0,4.95,873
4370,Sys_DiT_ref_class1000,4.92,4.85,874
4371,Sys_DiT_ref_class1000,4.15,2.85,874
4372,Sys_DiT_ref_class1000,4.12,3.85,874
4373,Sys_DiT_ref_class1000,4.65,2.85,874
4374,Sys_DiT_ref_class1000,4.65,1.82,874
4375,Sys_DiT_ref_class1000,4.65,3.85,875
4376,Sys_DiT_ref_class1000,4.15,2.85,875
4377,Sys_DiT_ref_class1000,4.15,2.85,875
4378,Sys_DiT_ref_class1000,0.0,4.85,875
4379,Sys_DiT_ref_class1000,3.85,2.4,875
4380,Sys_DiT_ref_class1000,2.85,2.0,876
4381,Sys_DiT_ref_class1000,0.0,1.5,876
4382,Sys_DiT_ref_class1000,4.12,1.85,876
4383,Sys_DiT_ref_class1000,3.85,1.5,876
4384,Sys_DiT_ref_class1000,0.12,1.85,876
4385,Sys_DiT_ref_class1000,2.15,2.85,877
4386,Sys_DiT_ref_class1000,4.75,3.85,877
4387,Sys_DiT_ref_class1000,4.85,3.62,877
4388,Sys_DiT_ref_class1000,4.12,1.85,877
4389,Sys_DiT_ref_class1000,4.82,1.65,877
4390,Sys_DiT_ref_class1000,3.42,2.85,878
4391,Sys_DiT_ref_class1000,2.15,1.85,878
4392,Sys_DiT_ref_class1000,4.15,3.65,878
4393,Sys_DiT_ref_class1000,4.85,3.92,878
4394,Sys_DiT_ref_class1000,3.42,2.85,878
4395,Sys_DiT_ref_class1000,4.85,2.15,879
4396,Sys_DiT_ref_class1000,4.15,2.85,879
4397,Sys_DiT_ref_class1000,4.12,3.65,879
4398,Sys_DiT_ref_class1000,4.15,3.65,879
4399,Sys_DiT_ref_class1000,1.85,1.2,879
4400,Sys_DiT_ref_class1000,4.65,1.5,880
4401,Sys_DiT_ref_class1000,4.92,2.0,880
4402,Sys_DiT_ref_class1000,4.85,2.15,880
4403,Sys_DiT_ref_class1000,4.85,1.5,880
4404,Sys_DiT_ref_class1000,0.12,0.85,880
4405,Sys_DiT_ref_class1000,1.25,1.8,881
4406,Sys_DiT_ref_class1000,4.85,3.65,881
4407,Sys_DiT_ref_class1000,3.45,2.1,881
4408,Sys_DiT_ref_class1000,3.85,1.65,881
4409,Sys_DiT_ref_class1000,1.25,1.85,881
4410,Sys_DiT_ref_class1000,1.25,0.85,882
4411,Sys_DiT_ref_class1000,1.85,1.2,882
4412,Sys_DiT_ref_class1000,0.85,1.2,882
4413,Sys_DiT_ref_class1000,4.65,2.85,882
4414,Sys_DiT_ref_class1000,0.12,0.85,882
4415,Sys_DiT_ref_class1000,4.15,3.85,883
4416,Sys_DiT_ref_class1000,4.12,2.85,883
4417,Sys_DiT_ref_class1000,3.82,3.15,883
4418,Sys_DiT_ref_class1000,4.65,3.82,883
4419,Sys_DiT_ref_class1000,4.85,3.72,883
4420,Sys_DiT_ref_class1000,4.92,4.85,884
4421,Sys_DiT_ref_class1000,2.85,1.65,884
4422,Sys_DiT_ref_class1000,4.85,3.62,884
4423,Sys_DiT_ref_class1000,4.85,3.75,884
4424,Sys_DiT_ref_class1000,4.65,2.85,884
4425,Sys_DiT_ref_class1000,4.92,4.98,885
4426,Sys_DiT_ref_class1000,4.85,4.1,885
4427,Sys_DiT_ref_class1000,4.85,4.92,885
4428,Sys_DiT_ref_class1000,3.45,2.85,885
4429,Sys_DiT_ref_class1000,5.0,5.0,885
4430,Sys_DiT_ref_class1000,3.42,2.85,886
4431,Sys_DiT_ref_class1000,2.85,3.62,886
4432,Sys_DiT_ref_class1000,4.13,1.9,886
4433,Sys_DiT_ref_class1000,3.15,2.85,886
4434,Sys_DiT_ref_class1000,3.85,2.15,886
4435,Sys_DiT_ref_class1000,3.82,1.47,887
4436,Sys_DiT_ref_class1000,4.85,2.1,887
4437,Sys_DiT_ref_class1000,3.82,1.45,887
4438,Sys_DiT_ref_class1000,2.85,1.42,887
4439,Sys_DiT_ref_class1000,3.82,2.15,887
4440,Sys_DiT_ref_class1000,0.15,1.85,888
4441,Sys_DiT_ref_class1000,4.92,4.15,888
4442,Sys_DiT_ref_class1000,4.85,3.72,888
4443,Sys_DiT_ref_class1000,4.85,3.65,888
4444,Sys_DiT_ref_class1000,4.85,3.62,888
4445,Sys_DiT_ref_class1000,3.42,1.85,889
4446,Sys_DiT_ref_class1000,0.82,0.65,889
4447,Sys_DiT_ref_class1000,1.85,2.4,889
4448,Sys_DiT_ref_class1000,3.85,2.1,889
4449,Sys_DiT_ref_class1000,3.82,1.5,889
4450,Sys_DiT_ref_class1000,2.15,1.25,890
4451,Sys_DiT_ref_class1000,0.0,1.85,890
4452,Sys_DiT_ref_class1000,0.0,0.85,890
4453,Sys_DiT_ref_class1000,1.85,2.1,890
4454,Sys_DiT_ref_class1000,3.85,1.5,890
4455,Sys_DiT_ref_class1000,4.85,3.72,891
4456,Sys_DiT_ref_class1000,3.82,1.47,891
4457,Sys_DiT_ref_class1000,1.85,2.4,891
4458,Sys_DiT_ref_class1000,4.85,2.65,891
4459,Sys_DiT_ref_class1000,3.85,2.15,891
4460,Sys_DiT_ref_class1000,1.85,2.1,892
4461,Sys_DiT_ref_class1000,0.12,1.85,892
4462,Sys_DiT_ref_class1000,1.85,1.2,892
4463,Sys_DiT_ref_class1000,3.85,2.7,892
4464,Sys_DiT_ref_class1000,4.12,2.85,892
4465,Sys_DiT_ref_class1000,4.65,3.85,893
4466,Sys_DiT_ref_class1000,0.15,3.85,893
4467,Sys_DiT_ref_class1000,3.85,2.45,893
4468,Sys_DiT_ref_class1000,4.85,3.62,893
4469,Sys_DiT_ref_class1000,4.12,3.85,893
4470,Sys_DiT_ref_class1000,4.85,3.72,894
4471,Sys_DiT_ref_class1000,3.85,2.65,894
4472,Sys_DiT_ref_class1000,1.85,1.42,894
4473,Sys_DiT_ref_class1000,4.85,1.2,894
4474,Sys_DiT_ref_class1000,4.85,3.72,894
4475,Sys_DiT_ref_class1000,1.85,2.1,895
4476,Sys_DiT_ref_class1000,4.65,3.82,895
4477,Sys_DiT_ref_class1000,4.65,3.82,895
4478,Sys_DiT_ref_class1000,4.85,3.72,895
4479,Sys_DiT_ref_class1000,4.85,4.2,895
4480,Sys_DiT_ref_class1000,2.85,1.92,896
4481,Sys_DiT_ref_class1000,4.85,2.1,896
4482,Sys_DiT_ref_class1000,3.42,2.85,896
4483,Sys_DiT_ref_class1000,3.85,2.15,896
4484,Sys_DiT_ref_class1000,2.15,1.85,896
4485,Sys_DiT_ref_class1000,4.15,2.85,897
4486,Sys_DiT_ref_class1000,4.65,2.85,897
4487,Sys_DiT_ref_class1000,4.85,3.65,897
4488,Sys_DiT_ref_class1000,4.85,3.72,897
4489,Sys_DiT_ref_class1000,1.85,1.2,897
4490,Sys_DiT_ref_class1000,1.25,2.1,898
4491,Sys_DiT_ref_class1000,4.85,3.75,898
4492,Sys_DiT_ref_class1000,2.15,1.85,898
4493,Sys_DiT_ref_class1000,0.12,0.85,898
4494,Sys_DiT_ref_class1000,3.85,2.45,898
4495,Sys_DiT_ref_class1000,4.85,1.2,899
4496,Sys_DiT_ref_class1000,4.82,1.65,899
4497,Sys_DiT_ref_class1000,4.65,3.85,899
4498,Sys_DiT_ref_class1000,4.65,3.82,899
4499,Sys_DiT_ref_class1000,4.12,3.65,899
4500,Sys_DiT_ref_class1000,4.65,3.8,900
4501,Sys_DiT_ref_class1000,4.85,3.75,900
4502,Sys_DiT_ref_class1000,5.0,5.0,900
4503,Sys_DiT_ref_class1000,4.85,2.15,900
4504,Sys_DiT_ref_class1000,4.85,2.15,900
4505,Sys_DiT_ref_class1000,4.85,2.1,901
4506,Sys_DiT_ref_class1000,4.85,3.62,901
4507,Sys_DiT_ref_class1000,4.15,2.85,901
4508,Sys_DiT_ref_class1000,5.0,4.85,901
4509,Sys_DiT_ref_class1000,4.65,2.85,901
4510,Sys_DiT_ref_class1000,1.85,1.2,902
4511,Sys_DiT_ref_class1000,0.15,1.85,902
4512,Sys_DiT_ref_class1000,4.65,2.85,902
4513,Sys_DiT_ref_class1000,0.0,0.0,902
4514,Sys_DiT_ref_class1000,4.85,1.92,902
4515,Sys_DiT_ref_class1000,3.45,2.15,903
4516,Sys_DiT_ref_class1000,0.85,0.92,903
4517,Sys_DiT_ref_class1000,1.25,1.5,903
4518,Sys_DiT_ref_class1000,4.85,3.72,903
4519,Sys_DiT_ref_class1000,2.85,1.9,903
4520,Sys_DiT_ref_class1000,4.85,3.92,904
4521,Sys_DiT_ref_class1000,4.85,3.72,904
4522,Sys_DiT_ref_class1000,3.85,4.92,904
4523,Sys_DiT_ref_class1000,4.85,3.72,904
4524,Sys_DiT_ref_class1000,4.85,3.75,904
4525,Sys_DiT_ref_class1000,1.85,1.2,905
4526,Sys_DiT_ref_class1000,1.85,2.65,905
4527,Sys_DiT_ref_class1000,1.25,2.85,905
4528,Sys_DiT_ref_class1000,1.85,3.62,905
4529,Sys_DiT_ref_class1000,2.85,4.12,905
4530,Sys_DiT_ref_class1000,3.85,3.62,906
4531,Sys_DiT_ref_class1000,1.25,1.8,906
4532,Sys_DiT_ref_class1000,0.15,1.85,906
4533,Sys_DiT_ref_class1000,2.15,2.85,906
4534,Sys_DiT_ref_class1000,1.85,1.2,906
4535,Sys_DiT_ref_class1000,1.25,1.8,907
4536,Sys_DiT_ref_class1000,4.12,2.85,907
4537,Sys_DiT_ref_class1000,4.65,2.85,907
4538,Sys_DiT_ref_class1000,4.15,2.85,907
4539,Sys_DiT_ref_class1000,4.85,1.2,907
4540,Sys_DiT_ref_class1000,4.92,4.85,908
4541,Sys_DiT_ref_class1000,3.85,1.92,908
4542,Sys_DiT_ref_class1000,4.95,5.0,908
4543,Sys_DiT_ref_class1000,4.92,4.98,908
4544,Sys_DiT_ref_class1000,4.85,4.72,908
4545,Sys_DiT_ref_class1000,4.85,4.92,909
4546,Sys_DiT_ref_class1000,4.95,4.98,909
4547,Sys_DiT_ref_class1000,4.85,3.65,909
4548,Sys_DiT_ref_class1000,4.85,3.72,909
4549,Sys_DiT_ref_class1000,3.82,2.15,909
4550,Sys_DiT_ref_class1000,4.85,3.75,910
4551,Sys_DiT_ref_class1000,0.42,0.85,910
4552,Sys_DiT_ref_class1000,4.85,3.72,910
4553,Sys_DiT_ref_class1000,4.85,4.62,910
4554,Sys_DiT_ref_class1000,0.0,1.25,910
4555,Sys_DiT_ref_class1000,3.85,2.65,911
4556,Sys_DiT_ref_class1000,0.0,3.85,911
4557,Sys_DiT_ref_class1000,4.85,4.75,911
4558,Sys_DiT_ref_class1000,4.65,1.5,911
4559,Sys_DiT_ref_class1000,2.85,3.42,911
4560,Sys_DiT_ref_class1000,1.85,2.4,912
4561,Sys_DiT_ref_class1000,2.85,3.6,912
4562,Sys_DiT_ref_class1000,0.0,5.0,912
4563,Sys_DiT_ref_class1000,5.0,5.0,912
4564,Sys_DiT_ref_class1000,0.15,4.82,912
4565,Sys_DiT_ref_class1000,4.25,2.85,913
4566,Sys_DiT_ref_class1000,3.85,2.65,913
4567,Sys_DiT_ref_class1000,4.65,3.82,913
4568,Sys_DiT_ref_class1000,2.85,1.92,913
4569,Sys_DiT_ref_class1000,3.82,2.15,913
4570,Sys_DiT_ref_class1000,0.42,3.65,914
4571,Sys_DiT_ref_class1000,0.05,3.82,914
4572,Sys_DiT_ref_class1000,0.85,3.62,914
4573,Sys_DiT_ref_class1000,1.18,2.35,914
4574,Sys_DiT_ref_class1000,1.25,1.85,914
4575,Sys_DiT_ref_class1000,4.85,3.72,915
4576,Sys_DiT_ref_class1000,4.65,4.12,915
4577,Sys_DiT_ref_class1000,4.65,3.82,915
4578,Sys_DiT_ref_class1000,4.65,3.85,915
4579,Sys_DiT_ref_class1000,4.85,3.62,915
4580,Sys_DiT_ref_class1000,3.85,1.25,916
4581,Sys_DiT_ref_class1000,2.85,1.42,916
4582,Sys_DiT_ref_class1000,4.15,1.85,916
4583,Sys_DiT_ref_class1000,3.85,1.2,916
4584,Sys_DiT_ref_class1000,3.85,1.42,916
4585,Sys_DiT_ref_class1000,1.25,3.15,917
4586,Sys_DiT_ref_class1000,3.85,1.82,917
4587,Sys_DiT_ref_class1000,3.45,2.15,917
4588,Sys_DiT_ref_class1000,1.85,1.2,917
4589,Sys_DiT_ref_class1000,4.12,2.85,917
4590,Sys_DiT_ref_class1000,0.85,1.2,918
4591,Sys_DiT_ref_class1000,0.85,0.92,918
4592,Sys_DiT_ref_class1000,4.12,2.85,918
4593,Sys_DiT_ref_class1000,1.85,1.92,918
4594,Sys_DiT_ref_class1000,1.85,1.2,918
4595,Sys_DiT_ref_class1000,1.85,1.2,919
4596,Sys_DiT_ref_class1000,1.85,1.2,919
4597,Sys_DiT_ref_class1000,1.25,0.85,919
4598,Sys_DiT_ref_class1000,1.85,1.2,919
4599,Sys_DiT_ref_class1000,1.85,1.2,919
4600,Sys_DiT_ref_class1000,4.65,3.82,920
4601,Sys_DiT_ref_class1000,1.85,1.2,920
4602,Sys_DiT_ref_class1000,3.85,1.2,920
4603,Sys_DiT_ref_class1000,5.0,5.0,920
4604,Sys_DiT_ref_class1000,4.95,4.98,920
4605,Sys_DiT_ref_class1000,0.85,1.2,921
4606,Sys_DiT_ref_class1000,0.12,1.85,921
4607,Sys_DiT_ref_class1000,1.85,2.4,921
4608,Sys_DiT_ref_class1000,1.25,1.85,921
4609,Sys_DiT_ref_class1000,2.85,2.4,921
4610,Sys_DiT_ref_class1000,0.12,0.85,922
4611,Sys_DiT_ref_class1000,2.15,1.8,922
4612,Sys_DiT_ref_class1000,0.12,0.85,922
4613,Sys_DiT_ref_class1000,0.42,1.15,922
4614,Sys_DiT_ref_class1000,0.45,1.2,922
4615,Sys_DiT_ref_class1000,4.25,3.15,923
4616,Sys_DiT_ref_class1000,3.85,2.15,923
4617,Sys_DiT_ref_class1000,5.0,5.0,923
4618,Sys_DiT_ref_class1000,4.35,4.12,923
4619,Sys_DiT_ref_class1000,2.85,3.12,923
4620,Sys_DiT_ref_class1000,3.42,2.15,924
4621,Sys_DiT_ref_class1000,1.85,2.6,924
4622,Sys_DiT_ref_class1000,4.25,3.85,924
4623,Sys_DiT_ref_class1000,4.85,3.65,924
4624,Sys_DiT_ref_class1000,4.65,2.85,924
4625,Sys_DiT_ref_class1000,1.85,3.62,925
4626,Sys_DiT_ref_class1000,1.85,3.65,925
4627,Sys_DiT_ref_class1000,2.35,2.85,925
4628,Sys_DiT_ref_class1000,2.85,2.15,925
4629,Sys_DiT_ref_class1000,4.65,3.82,925
4630,Sys_DiT_ref_class1000,4.65,3.85,926
4631,Sys_DiT_ref_class1000,3.45,2.1,926
4632,Sys_DiT_ref_class1000,2.35,3.85,926
4633,Sys_DiT_ref_class1000,3.42,4.15,926
4634,Sys_DiT_ref_class1000,2.85,4.15,926
4635,Sys_DiT_ref_class1000,4.15,3.85,927
4636,Sys_DiT_ref_class1000,4.85,4.12,927
4637,Sys_DiT_ref_class1000,4.85,3.62,927
4638,Sys_DiT_ref_class1000,4.85,3.92,927
4639,Sys_DiT_ref_class1000,4.85,3.62,927
4640,Sys_DiT_ref_class1000,4.12,1.85,928
4641,Sys_DiT_ref_class1000,2.85,2.15,928
4642,Sys_DiT_ref_class1000,0.12,0.85,928
4643,Sys_DiT_ref_class1000,4.65,3.85,928
4644,Sys_DiT_ref_class1000,4.65,3.85,928
4645,Sys_DiT_ref_class1000,1.85,1.92,929
4646,Sys_DiT_ref_class1000,3.85,4.12,929
4647,Sys_DiT_ref_class1000,1.85,3.42,929
4648,Sys_DiT_ref_class1000,1.85,2.4,929
4649,Sys_DiT_ref_class1000,0.85,1.2,929
4650,Sys_DiT_ref_class1000,3.45,3.82,930
4651,Sys_DiT_ref_class1000,1.85,3.2,930
4652,Sys_DiT_ref_class1000,2.85,3.92,930
4653,Sys_DiT_ref_class1000,1.25,3.4,930
4654,Sys_DiT_ref_class1000,0.15,3.85,930
4655,Sys_DiT_ref_class1000,4.85,3.65,931
4656,Sys_DiT_ref_class1000,3.85,2.9,931
4657,Sys_DiT_ref_class1000,4.85,3.62,931
4658,Sys_DiT_ref_class1000,4.92,4.65,931
4659,Sys_DiT_ref_class1000,4.65,3.85,931
4660,Sys_DiT_ref_class1000,5.0,5.0,932
4661,Sys_DiT_ref_class1000,1.85,1.2,932
4662,Sys_DiT_ref_class1000,4.15,4.62,932
4663,Sys_DiT_ref_class1000,1.25,2.1,932
4664,Sys_DiT_ref_class1000,3.85,3.6,932
4665,Sys_DiT_ref_class1000,4.92,4.35,933
4666,Sys_DiT_ref_class1000,0.85,2.4,933
4667,Sys_DiT_ref_class1000,4.15,3.2,933
4668,Sys_DiT_ref_class1000,4.15,1.5,933
4669,Sys_DiT_ref_class1000,4.15,3.85,933
4670,Sys_DiT_ref_class1000,4.12,3.68,934
4671,Sys_DiT_ref_class1000,3.82,2.45,934
4672,Sys_DiT_ref_class1000,3.85,2.45,934
4673,Sys_DiT_ref_class1000,0.0,1.2,934
4674,Sys_DiT_ref_class1000,4.85,3.72,934
4675,Sys_DiT_ref_class1000,0.85,2.1,935
4676,Sys_DiT_ref_class1000,4.85,3.8,935
4677,Sys_DiT_ref_class1000,4.15,3.62,935
4678,Sys_DiT_ref_class1000,4.92,4.98,935
4679,Sys_DiT_ref_class1000,2.85,3.42,935
4680,Sys_DiT_ref_class1000,4.92,4.85,936
4681,Sys_DiT_ref_class1000,4.98,4.99,936
4682,Sys_DiT_ref_class1000,4.85,4.92,936
4683,Sys_DiT_ref_class1000,5.0,5.0,936
4684,Sys_DiT_ref_class1000,4.98,4.96,936
4685,Sys_DiT_ref_class1000,4.12,4.85,937
4686,Sys_DiT_ref_class1000,4.12,3.85,937
4687,Sys_DiT_ref_class1000,1.85,2.65,937
4688,Sys_DiT_ref_class1000,4.98,4.95,937
4689,Sys_DiT_ref_class1000,4.85,3.65,937
4690,Sys_DiT_ref_class1000,4.85,3.2,938
4691,Sys_DiT_ref_class1000,1.85,3.62,938
4692,Sys_DiT_ref_class1000,4.12,3.85,938
4693,Sys_DiT_ref_class1000,4.85,4.12,938
4694,Sys_DiT_ref_class1000,3.85,4.12,938
4695,Sys_DiT_ref_class1000,4.85,3.6,939
4696,Sys_DiT_ref_class1000,4.68,3.72,939
4697,Sys_DiT_ref_class1000,4.65,3.85,939
4698,Sys_DiT_ref_class1000,4.85,4.72,939
4699,Sys_DiT_ref_class1000,4.15,1.85,939
4700,Sys_DiT_ref_class1000,5.0,4.82,940
4701,Sys_DiT_ref_class1000,4.85,4.62,940
4702,Sys_DiT_ref_class1000,4.82,3.65,940
4703,Sys_DiT_ref_class1000,4.65,3.82,940
4704,Sys_DiT_ref_class1000,4.85,3.65,940
4705,Sys_DiT_ref_class1000,4.85,3.92,941
4706,Sys_DiT_ref_class1000,4.85,3.65,941
4707,Sys_DiT_ref_class1000,4.92,4.95,941
4708,Sys_DiT_ref_class1000,4.65,3.2,941
4709,Sys_DiT_ref_class1000,4.92,4.85,941
4710,Sys_DiT_ref_class1000,4.85,1.2,942
4711,Sys_DiT_ref_class1000,1.85,3.2,942
4712,Sys_DiT_ref_class1000,4.85,4.62,942
4713,Sys_DiT_ref_class1000,5.0,5.0,942
4714,Sys_DiT_ref_class1000,4.92,4.85,942
4715,Sys_DiT_ref_class1000,4.92,4.95,943
4716,Sys_DiT_ref_class1000,4.85,3.65,943
4717,Sys_DiT_ref_class1000,4.12,2.85,943
4718,Sys_DiT_ref_class1000,4.65,2.85,943
4719,Sys_DiT_ref_class1000,4.82,3.65,943
4720,Sys_DiT_ref_class1000,2.35,3.85,944
4721,Sys_DiT_ref_class1000,4.85,3.72,944
4722,Sys_DiT_ref_class1000,4.85,4.2,944
4723,Sys_DiT_ref_class1000,4.85,3.92,944
4724,Sys_DiT_ref_class1000,2.15,2.85,944
4725,Sys_DiT_ref_class1000,4.92,4.35,945
4726,Sys_DiT_ref_class1000,4.65,3.2,945
4727,Sys_DiT_ref_class1000,4.85,2.8,945
4728,Sys_DiT_ref_class1000,4.92,4.85,945
4729,Sys_DiT_ref_class1000,4.85,3.62,945
4730,Sys_DiT_ref_class1000,4.82,3.65,946
4731,Sys_DiT_ref_class1000,4.85,4.92,946
4732,Sys_DiT_ref_class1000,4.12,3.65,946
4733,Sys_DiT_ref_class1000,4.12,3.65,946
4734,Sys_DiT_ref_class1000,4.65,3.82,946
4735,Sys_DiT_ref_class1000,2.85,2.4,947
4736,Sys_DiT_ref_class1000,4.65,3.85,947
4737,Sys_DiT_ref_class1000,4.85,3.65,947
4738,Sys_DiT_ref_class1000,3.45,2.85,947
4739,Sys_DiT_ref_class1000,4.15,3.65,947
4740,Sys_DiT_ref_class1000,4.85,3.75,948
4741,Sys_DiT_ref_class1000,4.65,3.85,948
4742,Sys_DiT_ref_class1000,4.85,4.92,948
4743,Sys_DiT_ref_class1000,4.65,1.85,948
4744,Sys_DiT_ref_class1000,4.12,1.85,948
4745,Sys_DiT_ref_class1000,1.85,2.1,949
4746,Sys_DiT_ref_class1000,1.85,2.1,949
4747,Sys_DiT_ref_class1000,4.92,4.85,949
4748,Sys_DiT_ref_class1000,4.85,4.2,949
4749,Sys_DiT_ref_class1000,4.85,3.62,949
4750,Sys_DiT_ref_class1000,4.92,4.95,950
4751,Sys_DiT_ref_class1000,4.98,4.96,950
4752,Sys_DiT_ref_class1000,5.0,5.0,950
4753,Sys_DiT_ref_class1000,4.85,2.15,950
4754,Sys_DiT_ref_class1000,4.85,4.72,950
4755,Sys_DiT_ref_class1000,1.25,1.85,951
4756,Sys_DiT_ref_class1000,4.65,3.85,951
4757,Sys_DiT_ref_class1000,0.85,1.2,951
4758,Sys_DiT_ref_class1000,2.85,3.12,951
4759,Sys_DiT_ref_class1000,4.92,4.98,951
4760,Sys_DiT_ref_class1000,5.0,5.0,952
4761,Sys_DiT_ref_class1000,4.92,4.95,952
4762,Sys_DiT_ref_class1000,4.98,4.95,952
4763,Sys_DiT_ref_class1000,4.65,3.82,952
4764,Sys_DiT_ref_class1000,4.12,3.65,952
4765,Sys_DiT_ref_class1000,4.65,3.85,953
4766,Sys_DiT_ref_class1000,2.15,1.85,953
4767,Sys_DiT_ref_class1000,4.85,3.75,953
4768,Sys_DiT_ref_class1000,4.98,4.95,953
4769,Sys_DiT_ref_class1000,4.85,4.2,953
4770,Sys_DiT_ref_class1000,2.85,2.9,954
4771,Sys_DiT_ref_class1000,1.85,2.65,954
4772,Sys_DiT_ref_class1000,4.92,4.85,954
4773,Sys_DiT_ref_class1000,1.85,2.4,954
4774,Sys_DiT_ref_class1000,4.85,3.65,954
4775,Sys_DiT_ref_class1000,4.92,4.85,955
4776,Sys_DiT_ref_class1000,4.85,3.6,955
4777,Sys_DiT_ref_class1000,4.92,4.95,955
4778,Sys_DiT_ref_class1000,2.85,3.92,955
4779,Sys_DiT_ref_class1000,4.85,2.1,955
4780,Sys_DiT_ref_class1000,4.92,3.85,956
4781,Sys_DiT_ref_class1000,4.62,3.85,956
4782,Sys_DiT_ref_class1000,2.85,3.1,956
4783,Sys_DiT_ref_class1000,4.98,4.96,956
4784,Sys_DiT_ref_class1000,4.12,2.85,956
4785,Sys_DiT_ref_class1000,4.85,3.62,957
4786,Sys_DiT_ref_class1000,3.45,4.12,957
4787,Sys_DiT_ref_class1000,4.12,3.65,957
4788,Sys_DiT_ref_class1000,4.85,4.62,957
4789,Sys_DiT_ref_class1000,4.85,3.2,957
4790,Sys_DiT_ref_class1000,3.42,2.85,958
4791,Sys_DiT_ref_class1000,4.85,4.62,958
4792,Sys_DiT_ref_class1000,2.85,2.9,958
4793,Sys_DiT_ref_class1000,5.0,5.0,958
4794,Sys_DiT_ref_class1000,4.92,4.65,958
4795,Sys_DiT_ref_class1000,4.85,3.65,959
4796,Sys_DiT_ref_class1000,4.85,3.2,959
4797,Sys_DiT_ref_class1000,3.85,2.65,959
4798,Sys_DiT_ref_class1000,3.15,1.85,959
4799,Sys_DiT_ref_class1000,4.92,4.85,959
4800,Sys_DiT_ref_class1000,1.15,2.85,960
4801,Sys_DiT_ref_class1000,4.65,2.85,960
4802,Sys_DiT_ref_class1000,4.92,4.85,960
4803,Sys_DiT_ref_class1000,3.85,3.62,960
4804,Sys_DiT_ref_class1000,4.85,3.72,960
4805,Sys_DiT_ref_class1000,4.65,4.72,961
4806,Sys_DiT_ref_class1000,4.25,4.15,961
4807,Sys_DiT_ref_class1000,4.15,2.85,961
4808,Sys_DiT_ref_class1000,1.25,2.1,961
4809,Sys_DiT_ref_class1000,4.65,1.85,961
4810,Sys_DiT_ref_class1000,0.85,2.4,962
4811,Sys_DiT_ref_class1000,3.85,2.6,962
4812,Sys_DiT_ref_class1000,3.82,3.45,962
4813,Sys_DiT_ref_class1000,1.85,3.42,962
4814,Sys_DiT_ref_class1000,1.85,3.42,962
4815,Sys_DiT_ref_class1000,3.82,2.45,963
4816,Sys_DiT_ref_class1000,4.85,4.2,963
4817,Sys_DiT_ref_class1000,4.92,3.85,963
4818,Sys_DiT_ref_class1000,5.0,5.0,963
4819,Sys_DiT_ref_class1000,4.85,3.62,963
4820,Sys_DiT_ref_class1000,4.15,2.85,964
4821,Sys_DiT_ref_class1000,4.85,3.62,964
4822,Sys_DiT_ref_class1000,3.42,2.85,964
4823,Sys_DiT_ref_class1000,4.15,3.25,964
4824,Sys_DiT_ref_class1000,2.85,3.65,964
4825,Sys_DiT_ref_class1000,1.42,2.15,965
4826,Sys_DiT_ref_class1000,1.85,2.65,965
4827,Sys_DiT_ref_class1000,3.85,3.62,965
4828,Sys_DiT_ref_class1000,4.82,3.65,965
4829,Sys_DiT_ref_class1000,4.85,3.65,965
4830,Sys_DiT_ref_class1000,4.72,3.85,966
4831,Sys_DiT_ref_class1000,4.65,2.85,966
4832,Sys_DiT_ref_class1000,4.12,1.85,966
4833,Sys_DiT_ref_class1000,1.25,1.8,966
4834,Sys_DiT_ref_class1000,4.65,3.82,966
4835,Sys_DiT_ref_class1000,0.12,2.85,967
4836,Sys_DiT_ref_class1000,3.42,3.85,967
4837,Sys_DiT_ref_class1000,4.12,3.85,967
4838,Sys_DiT_ref_class1000,4.65,4.2,967
4839,Sys_DiT_ref_class1000,4.12,2.85,967
4840,Sys_DiT_ref_class1000,4.85,1.62,968
4841,Sys_DiT_ref_class1000,4.85,1.2,968
4842,Sys_DiT_ref_class1000,2.15,3.85,968
4843,Sys_DiT_ref_class1000,4.85,3.72,968
4844,Sys_DiT_ref_class1000,5.0,5.0,968
4845,Sys_DiT_ref_class1000,4.85,3.65,969
4846,Sys_DiT_ref_class1000,4.12,2.85,969
4847,Sys_DiT_ref_class1000,3.82,1.47,969
4848,Sys_DiT_ref_class1000,4.85,3.65,969
4849,Sys_DiT_ref_class1000,4.85,3.72,969
4850,Sys_DiT_ref_class1000,2.15,0.85,970
4851,Sys_DiT_ref_class1000,4.92,4.98,970
4852,Sys_DiT_ref_class1000,3.85,2.15,970
4853,Sys_DiT_ref_class1000,4.65,3.85,970
4854,Sys_DiT_ref_class1000,4.85,4.92,970
4855,Sys_DiT_ref_class1000,4.65,2.85,971
4856,Sys_DiT_ref_class1000,4.12,3.65,971
4857,Sys_DiT_ref_class1000,4.85,3.75,971
4858,Sys_DiT_ref_class1000,4.35,2.85,971
4859,Sys_DiT_ref_class1000,4.65,3.85,971
4860,Sys_DiT_ref_class1000,4.12,3.85,972
4861,Sys_DiT_ref_class1000,4.25,3.85,972
4862,Sys_DiT_ref_class1000,4.65,3.85,972
4863,Sys_DiT_ref_class1000,4.92,4.98,972
4864,Sys_DiT_ref_class1000,4.12,3.85,972
4865,Sys_DiT_ref_class1000,3.85,4.12,973
4866,Sys_DiT_ref_class1000,4.85,3.72,973
4867,Sys_DiT_ref_class1000,2.85,3.6,973
4868,Sys_DiT_ref_class1000,4.15,2.35,973
4869,Sys_DiT_ref_class1000,4.12,2.35,973
4870,Sys_DiT_ref_class1000,4.82,4.35,974
4871,Sys_DiT_ref_class1000,4.12,3.85,974
4872,Sys_DiT_ref_class1000,4.85,3.72,974
4873,Sys_DiT_ref_class1000,3.42,3.85,974
4874,Sys_DiT_ref_class1000,4.85,3.62,974
4875,Sys_DiT_ref_class1000,3.85,4.92,975
4876,Sys_DiT_ref_class1000,1.85,2.35,975
4877,Sys_DiT_ref_class1000,3.65,1.85,975
4878,Sys_DiT_ref_class1000,2.15,0.85,975
4879,Sys_DiT_ref_class1000,3.42,2.85,975
4880,Sys_DiT_ref_class1000,4.85,4.92,976
4881,Sys_DiT_ref_class1000,4.85,4.92,976
4882,Sys_DiT_ref_class1000,4.85,5.0,976
4883,Sys_DiT_ref_class1000,2.15,1.85,976
4884,Sys_DiT_ref_class1000,4.15,3.2,976
4885,Sys_DiT_ref_class1000,4.98,5.0,977
4886,Sys_DiT_ref_class1000,4.85,4.92,977
4887,Sys_DiT_ref_class1000,4.15,4.92,977
4888,Sys_DiT_ref_class1000,4.65,3.85,977
4889,Sys_DiT_ref_class1000,1.82,1.35,977
4890,Sys_DiT_ref_class1000,4.65,4.2,978
4891,Sys_DiT_ref_class1000,3.42,1.5,978
4892,Sys_DiT_ref_class1000,3.85,2.75,978
4893,Sys_DiT_ref_class1000,4.12,2.85,978
4894,Sys_DiT_ref_class1000,1.85,2.4,978
4895,Sys_DiT_ref_class1000,1.25,4.65,979
4896,Sys_DiT_ref_class1000,4.98,5.0,979
4897,Sys_DiT_ref_class1000,4.12,3.85,979
4898,Sys_DiT_ref_class1000,5.0,4.8,979
4899,Sys_DiT_ref_class1000,1.25,3.85,979
4900,Sys_DiT_ref_class1000,4.85,4.2,980
4901,Sys_DiT_ref_class1000,3.42,2.18,980
4902,Sys_DiT_ref_class1000,4.65,3.85,980
4903,Sys_DiT_ref_class1000,3.42,1.85,980
4904,Sys_DiT_ref_class1000,4.15,4.62,980
4905,Sys_DiT_ref_class1000,1.85,1.2,981
4906,Sys_DiT_ref_class1000,1.85,1.2,981
4907,Sys_DiT_ref_class1000,3.65,2.15,981
4908,Sys_DiT_ref_class1000,0.85,0.92,981
4909,Sys_DiT_ref_class1000,3.82,1.47,981
4910,Sys_DiT_ref_class1000,4.35,1.5,982
4911,Sys_DiT_ref_class1000,2.15,0.85,982
4912,Sys_DiT_ref_class1000,3.85,1.2,982
4913,Sys_DiT_ref_class1000,3.12,0.85,982
4914,Sys_DiT_ref_class1000,2.15,1.2,982
4915,Sys_DiT_ref_class1000,4.65,4.12,983
4916,Sys_DiT_ref_class1000,2.85,1.92,983
4917,Sys_DiT_ref_class1000,3.42,3.85,983
4918,Sys_DiT_ref_class1000,4.65,1.5,983
4919,Sys_DiT_ref_class1000,4.65,1.5,983
4920,Sys_DiT_ref_class1000,4.85,3.62,984
4921,Sys_DiT_ref_class1000,4.85,3.6,984
4922,Sys_DiT_ref_class1000,4.85,4.92,984
4923,Sys_DiT_ref_class1000,4.85,2.65,984
4924,Sys_DiT_ref_class1000,4.85,4.92,984
4925,Sys_DiT_ref_class1000,1.85,3.65,985
4926,Sys_DiT_ref_class1000,4.85,3.65,985
4927,Sys_DiT_ref_class1000,4.92,4.65,985
4928,Sys_DiT_ref_class1000,3.42,2.85,985
4929,Sys_DiT_ref_class1000,4.85,4.72,985
4930,Sys_DiT_ref_class1000,4.92,4.65,986
4931,Sys_DiT_ref_class1000,4.85,3.65,986
4932,Sys_DiT_ref_class1000,3.45,3.82,986
4933,Sys_DiT_ref_class1000,4.65,3.85,986
4934,Sys_DiT_ref_class1000,4.92,4.95,986
4935,Sys_DiT_ref_class1000,4.15,2.85,987
4936,Sys_DiT_ref_class1000,2.15,3.85,987
4937,Sys_DiT_ref_class1000,2.85,2.1,987
4938,Sys_DiT_ref_class1000,1.85,1.2,987
4939,Sys_DiT_ref_class1000,2.15,3.85,987
4940,Sys_DiT_ref_class1000,3.85,3.62,988
4941,Sys_DiT_ref_class1000,3.42,2.15,988
4942,Sys_DiT_ref_class1000,3.45,3.82,988
4943,Sys_DiT_ref_class1000,4.85,1.5,988
4944,Sys_DiT_ref_class1000,4.15,4.92,988
4945,Sys_DiT_ref_class1000,2.85,1.92,989
4946,Sys_DiT_ref_class1000,4.12,3.68,989
4947,Sys_DiT_ref_class1000,4.92,4.98,989
4948,Sys_DiT_ref_class1000,4.85,4.2,989
4949,Sys_DiT_ref_class1000,3.45,2.85,989
4950,Sys_DiT_ref_class1000,4.85,3.65,990
4951,Sys_DiT_ref_class1000,4.65,3.85,990
4952,Sys_DiT_ref_class1000,1.85,2.1,990
4953,Sys_DiT_ref_class1000,4.85,3.65,990
4954,Sys_DiT_ref_class1000,4.65,3.85,990
4955,Sys_DiT_ref_class1000,4.15,4.92,991
4956,Sys_DiT_ref_class1000,4.85,3.62,991
4957,Sys_DiT_ref_class1000,4.35,3.85,991
4958,Sys_DiT_ref_class1000,4.98,4.95,991
4959,Sys_DiT_ref_class1000,5.0,4.85,991
4960,Sys_DiT_ref_class1000,4.65,3.85,992
4961,Sys_DiT_ref_class1000,4.65,3.82,992
4962,Sys_DiT_ref_class1000,4.85,3.62,992
4963,Sys_DiT_ref_class1000,4.85,3.6,992
4964,Sys_DiT_ref_class1000,4.15,3.85,992
4965,Sys_DiT_ref_class1000,4.85,2.65,993
4966,Sys_DiT_ref_class1000,4.92,4.85,993
4967,Sys_DiT_ref_class1000,4.85,3.65,993
4968,Sys_DiT_ref_class1000,4.85,4.92,993
4969,Sys_DiT_ref_class1000,4.85,3.65,993
4970,Sys_DiT_ref_class1000,3.45,2.85,994
4971,Sys_DiT_ref_class1000,4.62,3.85,994
4972,Sys_DiT_ref_class1000,4.85,4.12,994
4973,Sys_DiT_ref_class1000,3.82,3.65,994
4974,Sys_DiT_ref_class1000,4.98,4.95,994
4975,Sys_DiT_ref_class1000,4.85,2.65,995
4976,Sys_DiT_ref_class1000,4.85,3.65,995
4977,Sys_DiT_ref_class1000,4.65,3.85,995
4978,Sys_DiT_ref_class1000,4.85,3.6,995
4979,Sys_DiT_ref_class1000,4.85,3.65,995
4980,Sys_DiT_ref_class1000,4.68,3.12,996
4981,Sys_DiT_ref_class1000,4.35,3.85,996
4982,Sys_DiT_ref_class1000,3.45,3.82,996
4983,Sys_DiT_ref_class1000,3.15,2.85,996
4984,Sys_DiT_ref_class1000,3.12,2.85,996
4985,Sys_DiT_ref_class1000,3.85,3.2,997
4986,Sys_DiT_ref_class1000,4.85,4.62,997
4987,Sys_DiT_ref_class1000,4.12,3.65,997
4988,Sys_DiT_ref_class1000,4.85,2.75,997
4989,Sys_DiT_ref_class1000,4.85,4.72,997
4990,Sys_DiT_ref_class1000,4.12,3.85,998
4991,Sys_DiT_ref_class1000,4.85,3.65,998
4992,Sys_DiT_ref_class1000,1.35,2.15,998
4993,Sys_DiT_ref_class1000,0.12,0.85,998
4994,Sys_DiT_ref_class1000,2.85,2.4,998
4995,Sys_DiT_ref_class1000,2.85,1.92,999
4996,Sys_DiT_ref_class1000,0.85,1.2,999
4997,Sys_DiT_ref_class1000,4.85,4.92,999
4998,Sys_DiT_ref_class1000,3.65,2.85,999
4999,Sys_DiT_ref_class1000,0.0,0.0,999
