group,alignment_threshold,artifact_threshold,probability
Sys_DiT_ref_cls_1k,0.0,0.0,1.0
Sys_DiT_ref_cls_1k,0.0,0.02,0.9973999999999996
Sys_DiT_ref_cls_1k,0.0,0.04,0.9969999999999997
Sys_DiT_ref_cls_1k,0.0,0.06,0.9969999999999997
Sys_DiT_ref_cls_1k,0.0,0.08,0.9969999999999997
Sys_DiT_ref_cls_1k,0.0,0.1,0.9959999999999996
Sys_DiT_ref_cls_1k,0.0,0.12,0.9955999999999995
Sys_DiT_ref_cls_1k,0.0,0.14,0.9949999999999993
Sys_DiT_ref_cls_1k,0.0,0.16,0.9949999999999993
Sys_DiT_ref_cls_1k,0.0,0.18,0.9807999999999986
Sys_DiT_ref_cls_1k,0.0,0.2,0.9769999999999983
Sys_DiT_ref_cls_1k,0.0,0.22,0.9765999999999984
Sys_DiT_ref_cls_1k,0.0,0.24,0.9713999999999982
Sys_DiT_ref_cls_1k,0.0,0.26,0.9247499999999971
Sys_DiT_ref_cls_1k,0.0,0.28,0.923749999999997
Sys_DiT_ref_cls_1k,0.0,0.3,0.9115499999999971
Sys_DiT_ref_cls_1k,0.0,0.32,0.7662999999999984
Sys_DiT_ref_cls_1k,0.0,0.34,0.7562999999999986
Sys_DiT_ref_cls_1k,0.0,0.36,0.7552999999999985
Sys_DiT_ref_cls_1k,0.0,0.38,0.7124999999999995
Sys_DiT_ref_cls_1k,0.0,0.4,0.6924999999999993
Sys_DiT_ref_cls_1k,0.0,0.42,0.6578999999999997
Sys_DiT_ref_cls_1k,0.0,0.44,0.5963000000000003
Sys_DiT_ref_cls_1k,0.0,0.46,0.5951000000000003
Sys_DiT_ref_cls_1k,0.0,0.48,0.5905000000000001
Sys_DiT_ref_cls_1k,0.0,0.5,0.5733000000000004
Sys_DiT_ref_cls_1k,0.0,0.52,0.5733000000000004
Sys_DiT_ref_cls_1k,0.0,0.54,0.5537000000000007
Sys_DiT_ref_cls_1k,0.0,0.56,0.5419000000000008
Sys_DiT_ref_cls_1k,0.0,0.58,0.43270000000000003
Sys_DiT_ref_cls_1k,0.0,0.6,0.42529999999999996
Sys_DiT_ref_cls_1k,0.0,0.62,0.4056499999999999
Sys_DiT_ref_cls_1k,0.0,0.64,0.40024999999999983
Sys_DiT_ref_cls_1k,0.0,0.66,0.38084999999999963
Sys_DiT_ref_cls_1k,0.0,0.68,0.3802499999999996
Sys_DiT_ref_cls_1k,0.0,0.7,0.3662499999999994
Sys_DiT_ref_cls_1k,0.0,0.72,0.3662499999999994
Sys_DiT_ref_cls_1k,0.0,0.74,0.2675999999999993
Sys_DiT_ref_cls_1k,0.0,0.76,0.22679999999999953
Sys_DiT_ref_cls_1k,0.0,0.78,0.1262000000000007
Sys_DiT_ref_cls_1k,0.0,0.8,0.12080000000000067
Sys_DiT_ref_cls_1k,0.0,0.82,0.12060000000000067
Sys_DiT_ref_cls_1k,0.0,0.84,0.10540000000000051
Sys_DiT_ref_cls_1k,0.0,0.86,0.09320000000000042
Sys_DiT_ref_cls_1k,0.0,0.88,0.09120000000000039
Sys_DiT_ref_cls_1k,0.0,0.9,0.09120000000000039
Sys_DiT_ref_cls_1k,0.0,0.92,0.08920000000000036
Sys_DiT_ref_cls_1k,0.0,0.94,0.07680000000000033
Sys_DiT_ref_cls_1k,0.0,0.96,0.06920000000000026
Sys_DiT_ref_cls_1k,0.0,0.98,0.05040000000000007
Sys_DiT_ref_cls_1k,0.0,1.0,0.011399999999999993
Sys_DiT_ref_cls_1k,0.02,0.0,0.9849999999999984
Sys_DiT_ref_cls_1k,0.02,0.02,0.9847999999999985
Sys_DiT_ref_cls_1k,0.02,0.04,0.9843999999999985
Sys_DiT_ref_cls_1k,0.02,0.06,0.9843999999999985
Sys_DiT_ref_cls_1k,0.02,0.08,0.9843999999999985
Sys_DiT_ref_cls_1k,0.02,0.1,0.9833999999999983
Sys_DiT_ref_cls_1k,0.02,0.12,0.9833999999999983
Sys_DiT_ref_cls_1k,0.02,0.14,0.9827999999999981
Sys_DiT_ref_cls_1k,0.02,0.16,0.9827999999999981
Sys_DiT_ref_cls_1k,0.02,0.18,0.9699999999999978
Sys_DiT_ref_cls_1k,0.02,0.2,0.9661999999999975
Sys_DiT_ref_cls_1k,0.02,0.22,0.9661999999999975
Sys_DiT_ref_cls_1k,0.02,0.24,0.9609999999999973
Sys_DiT_ref_cls_1k,0.02,0.26,0.9169499999999967
Sys_DiT_ref_cls_1k,0.02,0.28,0.9159499999999966
Sys_DiT_ref_cls_1k,0.02,0.3,0.9041499999999968
Sys_DiT_ref_cls_1k,0.02,0.32,0.7600999999999987
Sys_DiT_ref_cls_1k,0.02,0.34,0.7500999999999988
Sys_DiT_ref_cls_1k,0.02,0.36,0.7490999999999987
Sys_DiT_ref_cls_1k,0.02,0.38,0.7078999999999995
Sys_DiT_ref_cls_1k,0.02,0.4,0.6878999999999993
Sys_DiT_ref_cls_1k,0.02,0.42,0.6535
Sys_DiT_ref_cls_1k,0.02,0.44,0.5919000000000004
Sys_DiT_ref_cls_1k,0.02,0.46,0.5907000000000002
Sys_DiT_ref_cls_1k,0.02,0.48,0.5861000000000003
Sys_DiT_ref_cls_1k,0.02,0.5,0.5689000000000006
Sys_DiT_ref_cls_1k,0.02,0.52,0.5689000000000006
Sys_DiT_ref_cls_1k,0.02,0.54,0.5493000000000008
Sys_DiT_ref_cls_1k,0.02,0.56,0.5377000000000007
Sys_DiT_ref_cls_1k,0.02,0.58,0.4299
Sys_DiT_ref_cls_1k,0.02,0.6,0.4224999999999998
Sys_DiT_ref_cls_1k,0.02,0.62,0.4032499999999998
Sys_DiT_ref_cls_1k,0.02,0.64,0.39784999999999976
Sys_DiT_ref_cls_1k,0.02,0.66,0.3784499999999994
Sys_DiT_ref_cls_1k,0.02,0.68,0.37784999999999946
Sys_DiT_ref_cls_1k,0.02,0.7,0.36384999999999934
Sys_DiT_ref_cls_1k,0.02,0.72,0.36384999999999934
Sys_DiT_ref_cls_1k,0.02,0.74,0.26519999999999927
Sys_DiT_ref_cls_1k,0.02,0.76,0.22439999999999952
Sys_DiT_ref_cls_1k,0.02,0.78,0.12480000000000069
Sys_DiT_ref_cls_1k,0.02,0.8,0.11940000000000067
Sys_DiT_ref_cls_1k,0.02,0.82,0.11920000000000067
Sys_DiT_ref_cls_1k,0.02,0.84,0.1040000000000005
Sys_DiT_ref_cls_1k,0.02,0.86,0.09180000000000041
Sys_DiT_ref_cls_1k,0.02,0.88,0.08980000000000038
Sys_DiT_ref_cls_1k,0.02,0.9,0.08980000000000038
Sys_DiT_ref_cls_1k,0.02,0.92,0.08780000000000036
Sys_DiT_ref_cls_1k,0.02,0.94,0.0754000000000003
Sys_DiT_ref_cls_1k,0.02,0.96,0.06780000000000024
Sys_DiT_ref_cls_1k,0.02,0.98,0.04980000000000007
Sys_DiT_ref_cls_1k,0.02,1.0,0.010799999999999994
Sys_DiT_ref_cls_1k,0.04,0.0,0.964399999999998
Sys_DiT_ref_cls_1k,0.04,0.02,0.964399999999998
Sys_DiT_ref_cls_1k,0.04,0.04,0.963999999999998
Sys_DiT_ref_cls_1k,0.04,0.06,0.963999999999998
Sys_DiT_ref_cls_1k,0.04,0.08,0.963999999999998
Sys_DiT_ref_cls_1k,0.04,0.1,0.9631999999999977
Sys_DiT_ref_cls_1k,0.04,0.12,0.9631999999999977
Sys_DiT_ref_cls_1k,0.04,0.14,0.9625999999999978
Sys_DiT_ref_cls_1k,0.04,0.16,0.9625999999999978
Sys_DiT_ref_cls_1k,0.04,0.18,0.9579999999999977
Sys_DiT_ref_cls_1k,0.04,0.2,0.9541999999999974
Sys_DiT_ref_cls_1k,0.04,0.22,0.9541999999999974
Sys_DiT_ref_cls_1k,0.04,0.24,0.9489999999999977
Sys_DiT_ref_cls_1k,0.04,0.26,0.9069499999999968
Sys_DiT_ref_cls_1k,0.04,0.28,0.9061499999999967
Sys_DiT_ref_cls_1k,0.04,0.3,0.8943499999999972
Sys_DiT_ref_cls_1k,0.04,0.32,0.7516999999999987
Sys_DiT_ref_cls_1k,0.04,0.34,0.7416999999999989
Sys_DiT_ref_cls_1k,0.04,0.36,0.7406999999999988
Sys_DiT_ref_cls_1k,0.04,0.38,0.7038999999999996
Sys_DiT_ref_cls_1k,0.04,0.4,0.6838999999999993
Sys_DiT_ref_cls_1k,0.04,0.42,0.6496999999999998
Sys_DiT_ref_cls_1k,0.04,0.44,0.5881000000000004
Sys_DiT_ref_cls_1k,0.04,0.46,0.5869000000000003
Sys_DiT_ref_cls_1k,0.04,0.48,0.5823000000000002
Sys_DiT_ref_cls_1k,0.04,0.5,0.5651000000000005
Sys_DiT_ref_cls_1k,0.04,0.52,0.5651000000000005
Sys_DiT_ref_cls_1k,0.04,0.54,0.5455000000000007
Sys_DiT_ref_cls_1k,0.04,0.56,0.5339000000000006
Sys_DiT_ref_cls_1k,0.04,0.58,0.42789999999999995
Sys_DiT_ref_cls_1k,0.04,0.6,0.4204999999999998
Sys_DiT_ref_cls_1k,0.04,0.62,0.4012499999999997
Sys_DiT_ref_cls_1k,0.04,0.64,0.3958499999999997
Sys_DiT_ref_cls_1k,0.04,0.66,0.37644999999999934
Sys_DiT_ref_cls_1k,0.04,0.68,0.37584999999999935
Sys_DiT_ref_cls_1k,0.04,0.7,0.3620499999999993
Sys_DiT_ref_cls_1k,0.04,0.72,0.3620499999999993
Sys_DiT_ref_cls_1k,0.04,0.74,0.26339999999999925
Sys_DiT_ref_cls_1k,0.04,0.76,0.22259999999999955
Sys_DiT_ref_cls_1k,0.04,0.78,0.12380000000000067
Sys_DiT_ref_cls_1k,0.04,0.8,0.11840000000000066
Sys_DiT_ref_cls_1k,0.04,0.82,0.11820000000000065
Sys_DiT_ref_cls_1k,0.04,0.84,0.10300000000000048
Sys_DiT_ref_cls_1k,0.04,0.86,0.0910000000000004
Sys_DiT_ref_cls_1k,0.04,0.88,0.08900000000000037
Sys_DiT_ref_cls_1k,0.04,0.9,0.08900000000000037
Sys_DiT_ref_cls_1k,0.04,0.92,0.08700000000000035
Sys_DiT_ref_cls_1k,0.04,0.94,0.07460000000000029
Sys_DiT_ref_cls_1k,0.04,0.96,0.06700000000000024
Sys_DiT_ref_cls_1k,0.04,0.98,0.04960000000000008
Sys_DiT_ref_cls_1k,0.04,1.0,0.010799999999999994
Sys_DiT_ref_cls_1k,0.06,0.0,0.964399999999998
Sys_DiT_ref_cls_1k,0.06,0.02,0.964399999999998
Sys_DiT_ref_cls_1k,0.06,0.04,0.963999999999998
Sys_DiT_ref_cls_1k,0.06,0.06,0.963999999999998
Sys_DiT_ref_cls_1k,0.06,0.08,0.963999999999998
Sys_DiT_ref_cls_1k,0.06,0.1,0.9631999999999977
Sys_DiT_ref_cls_1k,0.06,0.12,0.9631999999999977
Sys_DiT_ref_cls_1k,0.06,0.14,0.9625999999999978
Sys_DiT_ref_cls_1k,0.06,0.16,0.9625999999999978
Sys_DiT_ref_cls_1k,0.06,0.18,0.9579999999999977
Sys_DiT_ref_cls_1k,0.06,0.2,0.9541999999999974
Sys_DiT_ref_cls_1k,0.06,0.22,0.9541999999999974
Sys_DiT_ref_cls_1k,0.06,0.24,0.9489999999999977
Sys_DiT_ref_cls_1k,0.06,0.26,0.9069499999999968
Sys_DiT_ref_cls_1k,0.06,0.28,0.9061499999999967
Sys_DiT_ref_cls_1k,0.06,0.3,0.8943499999999972
Sys_DiT_ref_cls_1k,0.06,0.32,0.7516999999999987
Sys_DiT_ref_cls_1k,0.06,0.34,0.7416999999999989
Sys_DiT_ref_cls_1k,0.06,0.36,0.7406999999999988
Sys_DiT_ref_cls_1k,0.06,0.38,0.7038999999999996
Sys_DiT_ref_cls_1k,0.06,0.4,0.6838999999999993
Sys_DiT_ref_cls_1k,0.06,0.42,0.6496999999999998
Sys_DiT_ref_cls_1k,0.06,0.44,0.5881000000000004
Sys_DiT_ref_cls_1k,0.06,0.46,0.5869000000000003
Sys_DiT_ref_cls_1k,0.06,0.48,0.5823000000000002
Sys_DiT_ref_cls_1k,0.06,0.5,0.5651000000000005
Sys_DiT_ref_cls_1k,0.06,0.52,0.5651000000000005
Sys_DiT_ref_cls_1k,0.06,0.54,0.5455000000000007
Sys_DiT_ref_cls_1k,0.06,0.56,0.5339000000000006
Sys_DiT_ref_cls_1k,0.06,0.58,0.42789999999999995
Sys_DiT_ref_cls_1k,0.06,0.6,0.4204999999999998
Sys_DiT_ref_cls_1k,0.06,0.62,0.4012499999999997
Sys_DiT_ref_cls_1k,0.06,0.64,0.3958499999999997
Sys_DiT_ref_cls_1k,0.06,0.66,0.37644999999999934
Sys_DiT_ref_cls_1k,0.06,0.68,0.37584999999999935
Sys_DiT_ref_cls_1k,0.06,0.7,0.3620499999999993
Sys_DiT_ref_cls_1k,0.06,0.72,0.3620499999999993
Sys_DiT_ref_cls_1k,0.06,0.74,0.26339999999999925
Sys_DiT_ref_cls_1k,0.06,0.76,0.22259999999999955
Sys_DiT_ref_cls_1k,0.06,0.78,0.12380000000000067
Sys_DiT_ref_cls_1k,0.06,0.8,0.11840000000000066
Sys_DiT_ref_cls_1k,0.06,0.82,0.11820000000000065
Sys_DiT_ref_cls_1k,0.06,0.84,0.10300000000000048
Sys_DiT_ref_cls_1k,0.06,0.86,0.0910000000000004
Sys_DiT_ref_cls_1k,0.06,0.88,0.08900000000000037
Sys_DiT_ref_cls_1k,0.06,0.9,0.08900000000000037
Sys_DiT_ref_cls_1k,0.06,0.92,0.08700000000000035
Sys_DiT_ref_cls_1k,0.06,0.94,0.07460000000000029
Sys_DiT_ref_cls_1k,0.06,0.96,0.06700000000000024
Sys_DiT_ref_cls_1k,0.06,0.98,0.04960000000000008
Sys_DiT_ref_cls_1k,0.06,1.0,0.010799999999999994
Sys_DiT_ref_cls_1k,0.08,0.0,0.964399999999998
Sys_DiT_ref_cls_1k,0.08,0.02,0.964399999999998
Sys_DiT_ref_cls_1k,0.08,0.04,0.963999999999998
Sys_DiT_ref_cls_1k,0.08,0.06,0.963999999999998
Sys_DiT_ref_cls_1k,0.08,0.08,0.963999999999998
Sys_DiT_ref_cls_1k,0.08,0.1,0.9631999999999977
Sys_DiT_ref_cls_1k,0.08,0.12,0.9631999999999977
Sys_DiT_ref_cls_1k,0.08,0.14,0.9625999999999978
Sys_DiT_ref_cls_1k,0.08,0.16,0.9625999999999978
Sys_DiT_ref_cls_1k,0.08,0.18,0.9579999999999977
Sys_DiT_ref_cls_1k,0.08,0.2,0.9541999999999974
Sys_DiT_ref_cls_1k,0.08,0.22,0.9541999999999974
Sys_DiT_ref_cls_1k,0.08,0.24,0.9489999999999977
Sys_DiT_ref_cls_1k,0.08,0.26,0.9069499999999968
Sys_DiT_ref_cls_1k,0.08,0.28,0.9061499999999967
Sys_DiT_ref_cls_1k,0.08,0.3,0.8943499999999972
Sys_DiT_ref_cls_1k,0.08,0.32,0.7516999999999987
Sys_DiT_ref_cls_1k,0.08,0.34,0.7416999999999989
Sys_DiT_ref_cls_1k,0.08,0.36,0.7406999999999988
Sys_DiT_ref_cls_1k,0.08,0.38,0.7038999999999996
Sys_DiT_ref_cls_1k,0.08,0.4,0.6838999999999993
Sys_DiT_ref_cls_1k,0.08,0.42,0.6496999999999998
Sys_DiT_ref_cls_1k,0.08,0.44,0.5881000000000004
Sys_DiT_ref_cls_1k,0.08,0.46,0.5869000000000003
Sys_DiT_ref_cls_1k,0.08,0.48,0.5823000000000002
Sys_DiT_ref_cls_1k,0.08,0.5,0.5651000000000005
Sys_DiT_ref_cls_1k,0.08,0.52,0.5651000000000005
Sys_DiT_ref_cls_1k,0.08,0.54,0.5455000000000007
Sys_DiT_ref_cls_1k,0.08,0.56,0.5339000000000006
Sys_DiT_ref_cls_1k,0.08,0.58,0.42789999999999995
Sys_DiT_ref_cls_1k,0.08,0.6,0.4204999999999998
Sys_DiT_ref_cls_1k,0.08,0.62,0.4012499999999997
Sys_DiT_ref_cls_1k,0.08,0.64,0.3958499999999997
Sys_DiT_ref_cls_1k,0.08,0.66,0.37644999999999934
Sys_DiT_ref_cls_1k,0.08,0.68,0.37584999999999935
Sys_DiT_ref_cls_1k,0.08,0.7,0.3620499999999993
Sys_DiT_ref_cls_1k,0.08,0.72,0.3620499999999993
Sys_DiT_ref_cls_1k,0.08,0.74,0.26339999999999925
Sys_DiT_ref_cls_1k,0.08,0.76,0.22259999999999955
Sys_DiT_ref_cls_1k,0.08,0.78,0.12380000000000067
Sys_DiT_ref_cls_1k,0.08,0.8,0.11840000000000066
Sys_DiT_ref_cls_1k,0.08,0.82,0.11820000000000065
Sys_DiT_ref_cls_1k,0.08,0.84,0.10300000000000048
Sys_DiT_ref_cls_1k,0.08,0.86,0.0910000000000004
Sys_DiT_ref_cls_1k,0.08,0.88,0.08900000000000037
Sys_DiT_ref_cls_1k,0.08,0.9,0.08900000000000037
Sys_DiT_ref_cls_1k,0.08,0.92,0.08700000000000035
Sys_DiT_ref_cls_1k,0.08,0.94,0.07460000000000029
Sys_DiT_ref_cls_1k,0.08,0.96,0.06700000000000024
Sys_DiT_ref_cls_1k,0.08,0.98,0.04960000000000008
Sys_DiT_ref_cls_1k,0.08,1.0,0.010799999999999994
Sys_DiT_ref_cls_1k,0.1,0.0,0.9611999999999982
Sys_DiT_ref_cls_1k,0.1,0.02,0.9611999999999982
Sys_DiT_ref_cls_1k,0.1,0.04,0.9609999999999981
Sys_DiT_ref_cls_1k,0.1,0.06,0.9609999999999981
Sys_DiT_ref_cls_1k,0.1,0.08,0.9609999999999981
Sys_DiT_ref_cls_1k,0.1,0.1,0.9601999999999978
Sys_DiT_ref_cls_1k,0.1,0.12,0.9601999999999978
Sys_DiT_ref_cls_1k,0.1,0.14,0.9595999999999979
Sys_DiT_ref_cls_1k,0.1,0.16,0.9595999999999979
Sys_DiT_ref_cls_1k,0.1,0.18,0.9555999999999978
Sys_DiT_ref_cls_1k,0.1,0.2,0.9517999999999975
Sys_DiT_ref_cls_1k,0.1,0.22,0.9517999999999975
Sys_DiT_ref_cls_1k,0.1,0.24,0.9471999999999979
Sys_DiT_ref_cls_1k,0.1,0.26,0.9053499999999968
Sys_DiT_ref_cls_1k,0.1,0.28,0.9045499999999965
Sys_DiT_ref_cls_1k,0.1,0.3,0.892749999999997
Sys_DiT_ref_cls_1k,0.1,0.32,0.7500999999999988
Sys_DiT_ref_cls_1k,0.1,0.34,0.7400999999999989
Sys_DiT_ref_cls_1k,0.1,0.36,0.7390999999999989
Sys_DiT_ref_cls_1k,0.1,0.38,0.7026999999999997
Sys_DiT_ref_cls_1k,0.1,0.4,0.6826999999999991
Sys_DiT_ref_cls_1k,0.1,0.42,0.6484999999999997
Sys_DiT_ref_cls_1k,0.1,0.44,0.5871000000000003
Sys_DiT_ref_cls_1k,0.1,0.46,0.5859000000000002
Sys_DiT_ref_cls_1k,0.1,0.48,0.5813000000000001
Sys_DiT_ref_cls_1k,0.1,0.5,0.5641000000000005
Sys_DiT_ref_cls_1k,0.1,0.52,0.5641000000000005
Sys_DiT_ref_cls_1k,0.1,0.54,0.5447000000000007
Sys_DiT_ref_cls_1k,0.1,0.56,0.5331000000000006
Sys_DiT_ref_cls_1k,0.1,0.58,0.42749999999999994
Sys_DiT_ref_cls_1k,0.1,0.6,0.42009999999999986
Sys_DiT_ref_cls_1k,0.1,0.62,0.40084999999999976
Sys_DiT_ref_cls_1k,0.1,0.64,0.3954499999999997
Sys_DiT_ref_cls_1k,0.1,0.66,0.3760499999999994
Sys_DiT_ref_cls_1k,0.1,0.68,0.37544999999999934
Sys_DiT_ref_cls_1k,0.1,0.7,0.3616499999999993
Sys_DiT_ref_cls_1k,0.1,0.72,0.3616499999999993
Sys_DiT_ref_cls_1k,0.1,0.74,0.26319999999999927
Sys_DiT_ref_cls_1k,0.1,0.76,0.22239999999999951
Sys_DiT_ref_cls_1k,0.1,0.78,0.12380000000000067
Sys_DiT_ref_cls_1k,0.1,0.8,0.11840000000000066
Sys_DiT_ref_cls_1k,0.1,0.82,0.11820000000000065
Sys_DiT_ref_cls_1k,0.1,0.84,0.10300000000000048
Sys_DiT_ref_cls_1k,0.1,0.86,0.0910000000000004
Sys_DiT_ref_cls_1k,0.1,0.88,0.08900000000000037
Sys_DiT_ref_cls_1k,0.1,0.9,0.08900000000000037
Sys_DiT_ref_cls_1k,0.1,0.92,0.08700000000000035
Sys_DiT_ref_cls_1k,0.1,0.94,0.07460000000000029
Sys_DiT_ref_cls_1k,0.1,0.96,0.06700000000000024
Sys_DiT_ref_cls_1k,0.1,0.98,0.04960000000000008
Sys_DiT_ref_cls_1k,0.1,1.0,0.010799999999999994
Sys_DiT_ref_cls_1k,0.12,0.0,0.9611999999999982
Sys_DiT_ref_cls_1k,0.12,0.02,0.9611999999999982
Sys_DiT_ref_cls_1k,0.12,0.04,0.9609999999999981
Sys_DiT_ref_cls_1k,0.12,0.06,0.9609999999999981
Sys_DiT_ref_cls_1k,0.12,0.08,0.9609999999999981
Sys_DiT_ref_cls_1k,0.12,0.1,0.9601999999999978
Sys_DiT_ref_cls_1k,0.12,0.12,0.9601999999999978
Sys_DiT_ref_cls_1k,0.12,0.14,0.9595999999999979
Sys_DiT_ref_cls_1k,0.12,0.16,0.9595999999999979
Sys_DiT_ref_cls_1k,0.12,0.18,0.9555999999999978
Sys_DiT_ref_cls_1k,0.12,0.2,0.9517999999999975
Sys_DiT_ref_cls_1k,0.12,0.22,0.9517999999999975
Sys_DiT_ref_cls_1k,0.12,0.24,0.9471999999999979
Sys_DiT_ref_cls_1k,0.12,0.26,0.9053499999999968
Sys_DiT_ref_cls_1k,0.12,0.28,0.9045499999999965
Sys_DiT_ref_cls_1k,0.12,0.3,0.892749999999997
Sys_DiT_ref_cls_1k,0.12,0.32,0.7500999999999988
Sys_DiT_ref_cls_1k,0.12,0.34,0.7400999999999989
Sys_DiT_ref_cls_1k,0.12,0.36,0.7390999999999989
Sys_DiT_ref_cls_1k,0.12,0.38,0.7026999999999997
Sys_DiT_ref_cls_1k,0.12,0.4,0.6826999999999991
Sys_DiT_ref_cls_1k,0.12,0.42,0.6484999999999997
Sys_DiT_ref_cls_1k,0.12,0.44,0.5871000000000003
Sys_DiT_ref_cls_1k,0.12,0.46,0.5859000000000002
Sys_DiT_ref_cls_1k,0.12,0.48,0.5813000000000001
Sys_DiT_ref_cls_1k,0.12,0.5,0.5641000000000005
Sys_DiT_ref_cls_1k,0.12,0.52,0.5641000000000005
Sys_DiT_ref_cls_1k,0.12,0.54,0.5447000000000007
Sys_DiT_ref_cls_1k,0.12,0.56,0.5331000000000006
Sys_DiT_ref_cls_1k,0.12,0.58,0.42749999999999994
Sys_DiT_ref_cls_1k,0.12,0.6,0.42009999999999986
Sys_DiT_ref_cls_1k,0.12,0.62,0.40084999999999976
Sys_DiT_ref_cls_1k,0.12,0.64,0.3954499999999997
Sys_DiT_ref_cls_1k,0.12,0.66,0.3760499999999994
Sys_DiT_ref_cls_1k,0.12,0.68,0.37544999999999934
Sys_DiT_ref_cls_1k,0.12,0.7,0.3616499999999993
Sys_DiT_ref_cls_1k,0.12,0.72,0.3616499999999993
Sys_DiT_ref_cls_1k,0.12,0.74,0.26319999999999927
Sys_DiT_ref_cls_1k,0.12,0.76,0.22239999999999951
Sys_DiT_ref_cls_1k,0.12,0.78,0.12380000000000067
Sys_DiT_ref_cls_1k,0.12,0.8,0.11840000000000066
Sys_DiT_ref_cls_1k,0.12,0.82,0.11820000000000065
Sys_DiT_ref_cls_1k,0.12,0.84,0.10300000000000048
Sys_DiT_ref_cls_1k,0.12,0.86,0.0910000000000004
Sys_DiT_ref_cls_1k,0.12,0.88,0.08900000000000037
Sys_DiT_ref_cls_1k,0.12,0.9,0.08900000000000037
Sys_DiT_ref_cls_1k,0.12,0.92,0.08700000000000035
Sys_DiT_ref_cls_1k,0.12,0.94,0.07460000000000029
Sys_DiT_ref_cls_1k,0.12,0.96,0.06700000000000024
Sys_DiT_ref_cls_1k,0.12,0.98,0.04960000000000008
Sys_DiT_ref_cls_1k,0.12,1.0,0.010799999999999994
Sys_DiT_ref_cls_1k,0.14,0.0,0.9611999999999982
Sys_DiT_ref_cls_1k,0.14,0.02,0.9611999999999982
Sys_DiT_ref_cls_1k,0.14,0.04,0.9609999999999981
Sys_DiT_ref_cls_1k,0.14,0.06,0.9609999999999981
Sys_DiT_ref_cls_1k,0.14,0.08,0.9609999999999981
Sys_DiT_ref_cls_1k,0.14,0.1,0.9601999999999978
Sys_DiT_ref_cls_1k,0.14,0.12,0.9601999999999978
Sys_DiT_ref_cls_1k,0.14,0.14,0.9595999999999979
Sys_DiT_ref_cls_1k,0.14,0.16,0.9595999999999979
Sys_DiT_ref_cls_1k,0.14,0.18,0.9555999999999978
Sys_DiT_ref_cls_1k,0.14,0.2,0.9517999999999975
Sys_DiT_ref_cls_1k,0.14,0.22,0.9517999999999975
Sys_DiT_ref_cls_1k,0.14,0.24,0.9471999999999979
Sys_DiT_ref_cls_1k,0.14,0.26,0.9053499999999968
Sys_DiT_ref_cls_1k,0.14,0.28,0.9045499999999965
Sys_DiT_ref_cls_1k,0.14,0.3,0.892749999999997
Sys_DiT_ref_cls_1k,0.14,0.32,0.7500999999999988
Sys_DiT_ref_cls_1k,0.14,0.34,0.7400999999999989
Sys_DiT_ref_cls_1k,0.14,0.36,0.7390999999999989
Sys_DiT_ref_cls_1k,0.14,0.38,0.7026999999999997
Sys_DiT_ref_cls_1k,0.14,0.4,0.6826999999999991
Sys_DiT_ref_cls_1k,0.14,0.42,0.6484999999999997
Sys_DiT_ref_cls_1k,0.14,0.44,0.5871000000000003
Sys_DiT_ref_cls_1k,0.14,0.46,0.5859000000000002
Sys_DiT_ref_cls_1k,0.14,0.48,0.5813000000000001
Sys_DiT_ref_cls_1k,0.14,0.5,0.5641000000000005
Sys_DiT_ref_cls_1k,0.14,0.52,0.5641000000000005
Sys_DiT_ref_cls_1k,0.14,0.54,0.5447000000000007
Sys_DiT_ref_cls_1k,0.14,0.56,0.5331000000000006
Sys_DiT_ref_cls_1k,0.14,0.58,0.42749999999999994
Sys_DiT_ref_cls_1k,0.14,0.6,0.42009999999999986
Sys_DiT_ref_cls_1k,0.14,0.62,0.40084999999999976
Sys_DiT_ref_cls_1k,0.14,0.64,0.3954499999999997
Sys_DiT_ref_cls_1k,0.14,0.66,0.3760499999999994
Sys_DiT_ref_cls_1k,0.14,0.68,0.37544999999999934
Sys_DiT_ref_cls_1k,0.14,0.7,0.3616499999999993
Sys_DiT_ref_cls_1k,0.14,0.72,0.3616499999999993
Sys_DiT_ref_cls_1k,0.14,0.74,0.26319999999999927
Sys_DiT_ref_cls_1k,0.14,0.76,0.22239999999999951
Sys_DiT_ref_cls_1k,0.14,0.78,0.12380000000000067
Sys_DiT_ref_cls_1k,0.14,0.8,0.11840000000000066
Sys_DiT_ref_cls_1k,0.14,0.82,0.11820000000000065
Sys_DiT_ref_cls_1k,0.14,0.84,0.10300000000000048
Sys_DiT_ref_cls_1k,0.14,0.86,0.0910000000000004
Sys_DiT_ref_cls_1k,0.14,0.88,0.08900000000000037
Sys_DiT_ref_cls_1k,0.14,0.9,0.08900000000000037
Sys_DiT_ref_cls_1k,0.14,0.92,0.08700000000000035
Sys_DiT_ref_cls_1k,0.14,0.94,0.07460000000000029
Sys_DiT_ref_cls_1k,0.14,0.96,0.06700000000000024
Sys_DiT_ref_cls_1k,0.14,0.98,0.04960000000000008
Sys_DiT_ref_cls_1k,0.14,1.0,0.010799999999999994
Sys_DiT_ref_cls_1k,0.16,0.0,0.9611999999999982
Sys_DiT_ref_cls_1k,0.16,0.02,0.9611999999999982
Sys_DiT_ref_cls_1k,0.16,0.04,0.9609999999999981
Sys_DiT_ref_cls_1k,0.16,0.06,0.9609999999999981
Sys_DiT_ref_cls_1k,0.16,0.08,0.9609999999999981
Sys_DiT_ref_cls_1k,0.16,0.1,0.9601999999999978
Sys_DiT_ref_cls_1k,0.16,0.12,0.9601999999999978
Sys_DiT_ref_cls_1k,0.16,0.14,0.9595999999999979
Sys_DiT_ref_cls_1k,0.16,0.16,0.9595999999999979
Sys_DiT_ref_cls_1k,0.16,0.18,0.9555999999999978
Sys_DiT_ref_cls_1k,0.16,0.2,0.9517999999999975
Sys_DiT_ref_cls_1k,0.16,0.22,0.9517999999999975
Sys_DiT_ref_cls_1k,0.16,0.24,0.9471999999999979
Sys_DiT_ref_cls_1k,0.16,0.26,0.9053499999999968
Sys_DiT_ref_cls_1k,0.16,0.28,0.9045499999999965
Sys_DiT_ref_cls_1k,0.16,0.3,0.892749999999997
Sys_DiT_ref_cls_1k,0.16,0.32,0.7500999999999988
Sys_DiT_ref_cls_1k,0.16,0.34,0.7400999999999989
Sys_DiT_ref_cls_1k,0.16,0.36,0.7390999999999989
Sys_DiT_ref_cls_1k,0.16,0.38,0.7026999999999997
Sys_DiT_ref_cls_1k,0.16,0.4,0.6826999999999991
Sys_DiT_ref_cls_1k,0.16,0.42,0.6484999999999997
Sys_DiT_ref_cls_1k,0.16,0.44,0.5871000000000003
Sys_DiT_ref_cls_1k,0.16,0.46,0.5859000000000002
Sys_DiT_ref_cls_1k,0.16,0.48,0.5813000000000001
Sys_DiT_ref_cls_1k,0.16,0.5,0.5641000000000005
Sys_DiT_ref_cls_1k,0.16,0.52,0.5641000000000005
Sys_DiT_ref_cls_1k,0.16,0.54,0.5447000000000007
Sys_DiT_ref_cls_1k,0.16,0.56,0.5331000000000006
Sys_DiT_ref_cls_1k,0.16,0.58,0.42749999999999994
Sys_DiT_ref_cls_1k,0.16,0.6,0.42009999999999986
Sys_DiT_ref_cls_1k,0.16,0.62,0.40084999999999976
Sys_DiT_ref_cls_1k,0.16,0.64,0.3954499999999997
Sys_DiT_ref_cls_1k,0.16,0.66,0.3760499999999994
Sys_DiT_ref_cls_1k,0.16,0.68,0.37544999999999934
Sys_DiT_ref_cls_1k,0.16,0.7,0.3616499999999993
Sys_DiT_ref_cls_1k,0.16,0.72,0.3616499999999993
Sys_DiT_ref_cls_1k,0.16,0.74,0.26319999999999927
Sys_DiT_ref_cls_1k,0.16,0.76,0.22239999999999951
Sys_DiT_ref_cls_1k,0.16,0.78,0.12380000000000067
Sys_DiT_ref_cls_1k,0.16,0.8,0.11840000000000066
Sys_DiT_ref_cls_1k,0.16,0.82,0.11820000000000065
Sys_DiT_ref_cls_1k,0.16,0.84,0.10300000000000048
Sys_DiT_ref_cls_1k,0.16,0.86,0.0910000000000004
Sys_DiT_ref_cls_1k,0.16,0.88,0.08900000000000037
Sys_DiT_ref_cls_1k,0.16,0.9,0.08900000000000037
Sys_DiT_ref_cls_1k,0.16,0.92,0.08700000000000035
Sys_DiT_ref_cls_1k,0.16,0.94,0.07460000000000029
Sys_DiT_ref_cls_1k,0.16,0.96,0.06700000000000024
Sys_DiT_ref_cls_1k,0.16,0.98,0.04960000000000008
Sys_DiT_ref_cls_1k,0.16,1.0,0.010799999999999994
Sys_DiT_ref_cls_1k,0.18,0.0,0.9469999999999975
Sys_DiT_ref_cls_1k,0.18,0.02,0.9469999999999975
Sys_DiT_ref_cls_1k,0.18,0.04,0.9467999999999974
Sys_DiT_ref_cls_1k,0.18,0.06,0.9467999999999974
Sys_DiT_ref_cls_1k,0.18,0.08,0.9467999999999974
Sys_DiT_ref_cls_1k,0.18,0.1,0.9461999999999974
Sys_DiT_ref_cls_1k,0.18,0.12,0.9461999999999974
Sys_DiT_ref_cls_1k,0.18,0.14,0.9461999999999974
Sys_DiT_ref_cls_1k,0.18,0.16,0.9461999999999974
Sys_DiT_ref_cls_1k,0.18,0.18,0.9421999999999972
Sys_DiT_ref_cls_1k,0.18,0.2,0.9395999999999972
Sys_DiT_ref_cls_1k,0.18,0.22,0.9395999999999972
Sys_DiT_ref_cls_1k,0.18,0.24,0.9353999999999975
Sys_DiT_ref_cls_1k,0.18,0.26,0.9003499999999965
Sys_DiT_ref_cls_1k,0.18,0.28,0.8995499999999964
Sys_DiT_ref_cls_1k,0.18,0.3,0.8883499999999969
Sys_DiT_ref_cls_1k,0.18,0.32,0.7460999999999989
Sys_DiT_ref_cls_1k,0.18,0.34,0.736099999999999
Sys_DiT_ref_cls_1k,0.18,0.36,0.735099999999999
Sys_DiT_ref_cls_1k,0.18,0.38,0.6986999999999998
Sys_DiT_ref_cls_1k,0.18,0.4,0.6796999999999993
Sys_DiT_ref_cls_1k,0.18,0.42,0.6455
Sys_DiT_ref_cls_1k,0.18,0.44,0.5847000000000004
Sys_DiT_ref_cls_1k,0.18,0.46,0.5835000000000002
Sys_DiT_ref_cls_1k,0.18,0.48,0.5789000000000002
Sys_DiT_ref_cls_1k,0.18,0.5,0.5623000000000004
Sys_DiT_ref_cls_1k,0.18,0.52,0.5623000000000004
Sys_DiT_ref_cls_1k,0.18,0.54,0.5429000000000008
Sys_DiT_ref_cls_1k,0.18,0.56,0.5313000000000005
Sys_DiT_ref_cls_1k,0.18,0.58,0.4256999999999999
Sys_DiT_ref_cls_1k,0.18,0.6,0.4186999999999998
Sys_DiT_ref_cls_1k,0.18,0.62,0.3994499999999997
Sys_DiT_ref_cls_1k,0.18,0.64,0.3940499999999996
Sys_DiT_ref_cls_1k,0.18,0.66,0.37464999999999943
Sys_DiT_ref_cls_1k,0.18,0.68,0.3740499999999993
Sys_DiT_ref_cls_1k,0.18,0.7,0.36084999999999934
Sys_DiT_ref_cls_1k,0.18,0.72,0.36084999999999934
Sys_DiT_ref_cls_1k,0.18,0.74,0.26299999999999923
Sys_DiT_ref_cls_1k,0.18,0.76,0.22219999999999954
Sys_DiT_ref_cls_1k,0.18,0.78,0.12360000000000068
Sys_DiT_ref_cls_1k,0.18,0.8,0.11820000000000065
Sys_DiT_ref_cls_1k,0.18,0.82,0.11800000000000066
Sys_DiT_ref_cls_1k,0.18,0.84,0.10280000000000047
Sys_DiT_ref_cls_1k,0.18,0.86,0.09080000000000041
Sys_DiT_ref_cls_1k,0.18,0.88,0.08880000000000035
Sys_DiT_ref_cls_1k,0.18,0.9,0.08880000000000035
Sys_DiT_ref_cls_1k,0.18,0.92,0.08680000000000034
Sys_DiT_ref_cls_1k,0.18,0.94,0.0744000000000003
Sys_DiT_ref_cls_1k,0.18,0.96,0.06680000000000023
Sys_DiT_ref_cls_1k,0.18,0.98,0.04960000000000008
Sys_DiT_ref_cls_1k,0.18,1.0,0.010799999999999994
Sys_DiT_ref_cls_1k,0.2,0.0,0.9469999999999975
Sys_DiT_ref_cls_1k,0.2,0.02,0.9469999999999975
Sys_DiT_ref_cls_1k,0.2,0.04,0.9467999999999974
Sys_DiT_ref_cls_1k,0.2,0.06,0.9467999999999974
Sys_DiT_ref_cls_1k,0.2,0.08,0.9467999999999974
Sys_DiT_ref_cls_1k,0.2,0.1,0.9461999999999974
Sys_DiT_ref_cls_1k,0.2,0.12,0.9461999999999974
Sys_DiT_ref_cls_1k,0.2,0.14,0.9461999999999974
Sys_DiT_ref_cls_1k,0.2,0.16,0.9461999999999974
Sys_DiT_ref_cls_1k,0.2,0.18,0.9421999999999972
Sys_DiT_ref_cls_1k,0.2,0.2,0.9395999999999972
Sys_DiT_ref_cls_1k,0.2,0.22,0.9395999999999972
Sys_DiT_ref_cls_1k,0.2,0.24,0.9353999999999975
Sys_DiT_ref_cls_1k,0.2,0.26,0.9003499999999965
Sys_DiT_ref_cls_1k,0.2,0.28,0.8995499999999964
Sys_DiT_ref_cls_1k,0.2,0.3,0.8883499999999969
Sys_DiT_ref_cls_1k,0.2,0.32,0.7460999999999989
Sys_DiT_ref_cls_1k,0.2,0.34,0.736099999999999
Sys_DiT_ref_cls_1k,0.2,0.36,0.735099999999999
Sys_DiT_ref_cls_1k,0.2,0.38,0.6986999999999998
Sys_DiT_ref_cls_1k,0.2,0.4,0.6796999999999993
Sys_DiT_ref_cls_1k,0.2,0.42,0.6455
Sys_DiT_ref_cls_1k,0.2,0.44,0.5847000000000004
Sys_DiT_ref_cls_1k,0.2,0.46,0.5835000000000002
Sys_DiT_ref_cls_1k,0.2,0.48,0.5789000000000002
Sys_DiT_ref_cls_1k,0.2,0.5,0.5623000000000004
Sys_DiT_ref_cls_1k,0.2,0.52,0.5623000000000004
Sys_DiT_ref_cls_1k,0.2,0.54,0.5429000000000008
Sys_DiT_ref_cls_1k,0.2,0.56,0.5313000000000005
Sys_DiT_ref_cls_1k,0.2,0.58,0.4256999999999999
Sys_DiT_ref_cls_1k,0.2,0.6,0.4186999999999998
Sys_DiT_ref_cls_1k,0.2,0.62,0.3994499999999997
Sys_DiT_ref_cls_1k,0.2,0.64,0.3940499999999996
Sys_DiT_ref_cls_1k,0.2,0.66,0.37464999999999943
Sys_DiT_ref_cls_1k,0.2,0.68,0.3740499999999993
Sys_DiT_ref_cls_1k,0.2,0.7,0.36084999999999934
Sys_DiT_ref_cls_1k,0.2,0.72,0.36084999999999934
Sys_DiT_ref_cls_1k,0.2,0.74,0.26299999999999923
Sys_DiT_ref_cls_1k,0.2,0.76,0.22219999999999954
Sys_DiT_ref_cls_1k,0.2,0.78,0.12360000000000068
Sys_DiT_ref_cls_1k,0.2,0.8,0.11820000000000065
Sys_DiT_ref_cls_1k,0.2,0.82,0.11800000000000066
Sys_DiT_ref_cls_1k,0.2,0.84,0.10280000000000047
Sys_DiT_ref_cls_1k,0.2,0.86,0.09080000000000041
Sys_DiT_ref_cls_1k,0.2,0.88,0.08880000000000035
Sys_DiT_ref_cls_1k,0.2,0.9,0.08880000000000035
Sys_DiT_ref_cls_1k,0.2,0.92,0.08680000000000034
Sys_DiT_ref_cls_1k,0.2,0.94,0.0744000000000003
Sys_DiT_ref_cls_1k,0.2,0.96,0.06680000000000023
Sys_DiT_ref_cls_1k,0.2,0.98,0.04960000000000008
Sys_DiT_ref_cls_1k,0.2,1.0,0.010799999999999994
Sys_DiT_ref_cls_1k,0.22,0.0,0.9469999999999975
Sys_DiT_ref_cls_1k,0.22,0.02,0.9469999999999975
Sys_DiT_ref_cls_1k,0.22,0.04,0.9467999999999974
Sys_DiT_ref_cls_1k,0.22,0.06,0.9467999999999974
Sys_DiT_ref_cls_1k,0.22,0.08,0.9467999999999974
Sys_DiT_ref_cls_1k,0.22,0.1,0.9461999999999974
Sys_DiT_ref_cls_1k,0.22,0.12,0.9461999999999974
Sys_DiT_ref_cls_1k,0.22,0.14,0.9461999999999974
Sys_DiT_ref_cls_1k,0.22,0.16,0.9461999999999974
Sys_DiT_ref_cls_1k,0.22,0.18,0.9421999999999972
Sys_DiT_ref_cls_1k,0.22,0.2,0.9395999999999972
Sys_DiT_ref_cls_1k,0.22,0.22,0.9395999999999972
Sys_DiT_ref_cls_1k,0.22,0.24,0.9353999999999975
Sys_DiT_ref_cls_1k,0.22,0.26,0.9003499999999965
Sys_DiT_ref_cls_1k,0.22,0.28,0.8995499999999964
Sys_DiT_ref_cls_1k,0.22,0.3,0.8883499999999969
Sys_DiT_ref_cls_1k,0.22,0.32,0.7460999999999989
Sys_DiT_ref_cls_1k,0.22,0.34,0.736099999999999
Sys_DiT_ref_cls_1k,0.22,0.36,0.735099999999999
Sys_DiT_ref_cls_1k,0.22,0.38,0.6986999999999998
Sys_DiT_ref_cls_1k,0.22,0.4,0.6796999999999993
Sys_DiT_ref_cls_1k,0.22,0.42,0.6455
Sys_DiT_ref_cls_1k,0.22,0.44,0.5847000000000004
Sys_DiT_ref_cls_1k,0.22,0.46,0.5835000000000002
Sys_DiT_ref_cls_1k,0.22,0.48,0.5789000000000002
Sys_DiT_ref_cls_1k,0.22,0.5,0.5623000000000004
Sys_DiT_ref_cls_1k,0.22,0.52,0.5623000000000004
Sys_DiT_ref_cls_1k,0.22,0.54,0.5429000000000008
Sys_DiT_ref_cls_1k,0.22,0.56,0.5313000000000005
Sys_DiT_ref_cls_1k,0.22,0.58,0.4256999999999999
Sys_DiT_ref_cls_1k,0.22,0.6,0.4186999999999998
Sys_DiT_ref_cls_1k,0.22,0.62,0.3994499999999997
Sys_DiT_ref_cls_1k,0.22,0.64,0.3940499999999996
Sys_DiT_ref_cls_1k,0.22,0.66,0.37464999999999943
Sys_DiT_ref_cls_1k,0.22,0.68,0.3740499999999993
Sys_DiT_ref_cls_1k,0.22,0.7,0.36084999999999934
Sys_DiT_ref_cls_1k,0.22,0.72,0.36084999999999934
Sys_DiT_ref_cls_1k,0.22,0.74,0.26299999999999923
Sys_DiT_ref_cls_1k,0.22,0.76,0.22219999999999954
Sys_DiT_ref_cls_1k,0.22,0.78,0.12360000000000068
Sys_DiT_ref_cls_1k,0.22,0.8,0.11820000000000065
Sys_DiT_ref_cls_1k,0.22,0.82,0.11800000000000066
Sys_DiT_ref_cls_1k,0.22,0.84,0.10280000000000047
Sys_DiT_ref_cls_1k,0.22,0.86,0.09080000000000041
Sys_DiT_ref_cls_1k,0.22,0.88,0.08880000000000035
Sys_DiT_ref_cls_1k,0.22,0.9,0.08880000000000035
Sys_DiT_ref_cls_1k,0.22,0.92,0.08680000000000034
Sys_DiT_ref_cls_1k,0.22,0.94,0.0744000000000003
Sys_DiT_ref_cls_1k,0.22,0.96,0.06680000000000023
Sys_DiT_ref_cls_1k,0.22,0.98,0.04960000000000008
Sys_DiT_ref_cls_1k,0.22,1.0,0.010799999999999994
Sys_DiT_ref_cls_1k,0.24,0.0,0.9453999999999974
Sys_DiT_ref_cls_1k,0.24,0.02,0.9453999999999974
Sys_DiT_ref_cls_1k,0.24,0.04,0.9451999999999974
Sys_DiT_ref_cls_1k,0.24,0.06,0.9451999999999974
Sys_DiT_ref_cls_1k,0.24,0.08,0.9451999999999974
Sys_DiT_ref_cls_1k,0.24,0.1,0.9445999999999974
Sys_DiT_ref_cls_1k,0.24,0.12,0.9445999999999974
Sys_DiT_ref_cls_1k,0.24,0.14,0.9445999999999974
Sys_DiT_ref_cls_1k,0.24,0.16,0.9445999999999974
Sys_DiT_ref_cls_1k,0.24,0.18,0.9409999999999972
Sys_DiT_ref_cls_1k,0.24,0.2,0.9383999999999971
Sys_DiT_ref_cls_1k,0.24,0.22,0.9383999999999971
Sys_DiT_ref_cls_1k,0.24,0.24,0.9341999999999974
Sys_DiT_ref_cls_1k,0.24,0.26,0.8993499999999965
Sys_DiT_ref_cls_1k,0.24,0.28,0.8985499999999963
Sys_DiT_ref_cls_1k,0.24,0.3,0.8873499999999968
Sys_DiT_ref_cls_1k,0.24,0.32,0.7450999999999989
Sys_DiT_ref_cls_1k,0.24,0.34,0.7350999999999991
Sys_DiT_ref_cls_1k,0.24,0.36,0.734099999999999
Sys_DiT_ref_cls_1k,0.24,0.38,0.6978999999999996
Sys_DiT_ref_cls_1k,0.24,0.4,0.6788999999999992
Sys_DiT_ref_cls_1k,0.24,0.42,0.6446999999999999
Sys_DiT_ref_cls_1k,0.24,0.44,0.5839000000000002
Sys_DiT_ref_cls_1k,0.24,0.46,0.5827000000000001
Sys_DiT_ref_cls_1k,0.24,0.48,0.5785000000000001
Sys_DiT_ref_cls_1k,0.24,0.5,0.5619000000000003
Sys_DiT_ref_cls_1k,0.24,0.52,0.5619000000000003
Sys_DiT_ref_cls_1k,0.24,0.54,0.5425000000000006
Sys_DiT_ref_cls_1k,0.24,0.56,0.5309000000000006
Sys_DiT_ref_cls_1k,0.24,0.58,0.4256999999999999
Sys_DiT_ref_cls_1k,0.24,0.6,0.4186999999999998
Sys_DiT_ref_cls_1k,0.24,0.62,0.3994499999999997
Sys_DiT_ref_cls_1k,0.24,0.64,0.3940499999999996
Sys_DiT_ref_cls_1k,0.24,0.66,0.37464999999999943
Sys_DiT_ref_cls_1k,0.24,0.68,0.3740499999999993
Sys_DiT_ref_cls_1k,0.24,0.7,0.36084999999999934
Sys_DiT_ref_cls_1k,0.24,0.72,0.36084999999999934
Sys_DiT_ref_cls_1k,0.24,0.74,0.26299999999999923
Sys_DiT_ref_cls_1k,0.24,0.76,0.22219999999999954
Sys_DiT_ref_cls_1k,0.24,0.78,0.12360000000000068
Sys_DiT_ref_cls_1k,0.24,0.8,0.11820000000000065
Sys_DiT_ref_cls_1k,0.24,0.82,0.11800000000000066
Sys_DiT_ref_cls_1k,0.24,0.84,0.10280000000000047
Sys_DiT_ref_cls_1k,0.24,0.86,0.09080000000000041
Sys_DiT_ref_cls_1k,0.24,0.88,0.08880000000000035
Sys_DiT_ref_cls_1k,0.24,0.9,0.08880000000000035
Sys_DiT_ref_cls_1k,0.24,0.92,0.08680000000000034
Sys_DiT_ref_cls_1k,0.24,0.94,0.0744000000000003
Sys_DiT_ref_cls_1k,0.24,0.96,0.06680000000000023
Sys_DiT_ref_cls_1k,0.24,0.98,0.04960000000000008
Sys_DiT_ref_cls_1k,0.24,1.0,0.010799999999999994
Sys_DiT_ref_cls_1k,0.26,0.0,0.9251999999999975
Sys_DiT_ref_cls_1k,0.26,0.02,0.9251999999999975
Sys_DiT_ref_cls_1k,0.26,0.04,0.9249999999999975
Sys_DiT_ref_cls_1k,0.26,0.06,0.9249999999999975
Sys_DiT_ref_cls_1k,0.26,0.08,0.9249999999999975
Sys_DiT_ref_cls_1k,0.26,0.1,0.9243999999999973
Sys_DiT_ref_cls_1k,0.26,0.12,0.9243999999999973
Sys_DiT_ref_cls_1k,0.26,0.14,0.9243999999999973
Sys_DiT_ref_cls_1k,0.26,0.16,0.9243999999999973
Sys_DiT_ref_cls_1k,0.26,0.18,0.9225999999999973
Sys_DiT_ref_cls_1k,0.26,0.2,0.9199999999999973
Sys_DiT_ref_cls_1k,0.26,0.22,0.9199999999999973
Sys_DiT_ref_cls_1k,0.26,0.24,0.9175999999999975
Sys_DiT_ref_cls_1k,0.26,0.26,0.8827499999999973
Sys_DiT_ref_cls_1k,0.26,0.28,0.8819499999999971
Sys_DiT_ref_cls_1k,0.26,0.3,0.8707499999999974
Sys_DiT_ref_cls_1k,0.26,0.32,0.7302999999999995
Sys_DiT_ref_cls_1k,0.26,0.34,0.7202999999999995
Sys_DiT_ref_cls_1k,0.26,0.36,0.7192999999999994
Sys_DiT_ref_cls_1k,0.26,0.38,0.6890999999999999
Sys_DiT_ref_cls_1k,0.26,0.4,0.6700999999999994
Sys_DiT_ref_cls_1k,0.26,0.42,0.6359000000000002
Sys_DiT_ref_cls_1k,0.26,0.44,0.5763000000000006
Sys_DiT_ref_cls_1k,0.26,0.46,0.5751000000000005
Sys_DiT_ref_cls_1k,0.26,0.48,0.5709000000000005
Sys_DiT_ref_cls_1k,0.26,0.5,0.5543000000000006
Sys_DiT_ref_cls_1k,0.26,0.52,0.5543000000000006
Sys_DiT_ref_cls_1k,0.26,0.54,0.5349000000000008
Sys_DiT_ref_cls_1k,0.26,0.56,0.5241000000000007
Sys_DiT_ref_cls_1k,0.26,0.58,0.4221
Sys_DiT_ref_cls_1k,0.26,0.6,0.41509999999999975
Sys_DiT_ref_cls_1k,0.26,0.62,0.3960499999999998
Sys_DiT_ref_cls_1k,0.26,0.64,0.3908499999999996
Sys_DiT_ref_cls_1k,0.26,0.66,0.3714499999999993
Sys_DiT_ref_cls_1k,0.26,0.68,0.3712499999999993
Sys_DiT_ref_cls_1k,0.26,0.7,0.3582499999999995
Sys_DiT_ref_cls_1k,0.26,0.72,0.3582499999999995
Sys_DiT_ref_cls_1k,0.26,0.74,0.2605999999999994
Sys_DiT_ref_cls_1k,0.26,0.76,0.21979999999999955
Sys_DiT_ref_cls_1k,0.26,0.78,0.12280000000000067
Sys_DiT_ref_cls_1k,0.26,0.8,0.11740000000000066
Sys_DiT_ref_cls_1k,0.26,0.82,0.11720000000000065
Sys_DiT_ref_cls_1k,0.26,0.84,0.10200000000000049
Sys_DiT_ref_cls_1k,0.26,0.86,0.09000000000000041
Sys_DiT_ref_cls_1k,0.26,0.88,0.08800000000000037
Sys_DiT_ref_cls_1k,0.26,0.9,0.08800000000000037
Sys_DiT_ref_cls_1k,0.26,0.92,0.08620000000000035
Sys_DiT_ref_cls_1k,0.26,0.94,0.0742000000000003
Sys_DiT_ref_cls_1k,0.26,0.96,0.06660000000000024
Sys_DiT_ref_cls_1k,0.26,0.98,0.049400000000000076
Sys_DiT_ref_cls_1k,0.26,1.0,0.010799999999999994
Sys_DiT_ref_cls_1k,0.28,0.0,0.9245999999999975
Sys_DiT_ref_cls_1k,0.28,0.02,0.9245999999999975
Sys_DiT_ref_cls_1k,0.28,0.04,0.9243999999999976
Sys_DiT_ref_cls_1k,0.28,0.06,0.9243999999999976
Sys_DiT_ref_cls_1k,0.28,0.08,0.9243999999999976
Sys_DiT_ref_cls_1k,0.28,0.1,0.9237999999999974
Sys_DiT_ref_cls_1k,0.28,0.12,0.9237999999999974
Sys_DiT_ref_cls_1k,0.28,0.14,0.9237999999999974
Sys_DiT_ref_cls_1k,0.28,0.16,0.9237999999999974
Sys_DiT_ref_cls_1k,0.28,0.18,0.9219999999999974
Sys_DiT_ref_cls_1k,0.28,0.2,0.9193999999999974
Sys_DiT_ref_cls_1k,0.28,0.22,0.9193999999999974
Sys_DiT_ref_cls_1k,0.28,0.24,0.9169999999999976
Sys_DiT_ref_cls_1k,0.28,0.26,0.8821499999999973
Sys_DiT_ref_cls_1k,0.28,0.28,0.8813499999999973
Sys_DiT_ref_cls_1k,0.28,0.3,0.8701499999999975
Sys_DiT_ref_cls_1k,0.28,0.32,0.7296999999999996
Sys_DiT_ref_cls_1k,0.28,0.34,0.7196999999999996
Sys_DiT_ref_cls_1k,0.28,0.36,0.7186999999999995
Sys_DiT_ref_cls_1k,0.28,0.38,0.6887000000000001
Sys_DiT_ref_cls_1k,0.28,0.4,0.6696999999999995
Sys_DiT_ref_cls_1k,0.28,0.42,0.6355000000000003
Sys_DiT_ref_cls_1k,0.28,0.44,0.5761000000000006
Sys_DiT_ref_cls_1k,0.28,0.46,0.5749000000000003
Sys_DiT_ref_cls_1k,0.28,0.48,0.5707000000000005
Sys_DiT_ref_cls_1k,0.28,0.5,0.5541000000000005
Sys_DiT_ref_cls_1k,0.28,0.52,0.5541000000000005
Sys_DiT_ref_cls_1k,0.28,0.54,0.5347000000000007
Sys_DiT_ref_cls_1k,0.28,0.56,0.5239000000000008
Sys_DiT_ref_cls_1k,0.28,0.58,0.4221
Sys_DiT_ref_cls_1k,0.28,0.6,0.41509999999999975
Sys_DiT_ref_cls_1k,0.28,0.62,0.3960499999999998
Sys_DiT_ref_cls_1k,0.28,0.64,0.3908499999999996
Sys_DiT_ref_cls_1k,0.28,0.66,0.3714499999999993
Sys_DiT_ref_cls_1k,0.28,0.68,0.3712499999999993
Sys_DiT_ref_cls_1k,0.28,0.7,0.3582499999999995
Sys_DiT_ref_cls_1k,0.28,0.72,0.3582499999999995
Sys_DiT_ref_cls_1k,0.28,0.74,0.2605999999999994
Sys_DiT_ref_cls_1k,0.28,0.76,0.21979999999999955
Sys_DiT_ref_cls_1k,0.28,0.78,0.12280000000000067
Sys_DiT_ref_cls_1k,0.28,0.8,0.11740000000000066
Sys_DiT_ref_cls_1k,0.28,0.82,0.11720000000000065
Sys_DiT_ref_cls_1k,0.28,0.84,0.10200000000000049
Sys_DiT_ref_cls_1k,0.28,0.86,0.09000000000000041
Sys_DiT_ref_cls_1k,0.28,0.88,0.08800000000000037
Sys_DiT_ref_cls_1k,0.28,0.9,0.08800000000000037
Sys_DiT_ref_cls_1k,0.28,0.92,0.08620000000000035
Sys_DiT_ref_cls_1k,0.28,0.94,0.0742000000000003
Sys_DiT_ref_cls_1k,0.28,0.96,0.06660000000000024
Sys_DiT_ref_cls_1k,0.28,0.98,0.049400000000000076
Sys_DiT_ref_cls_1k,0.28,1.0,0.010799999999999994
Sys_DiT_ref_cls_1k,0.3,0.0,0.9229999999999975
Sys_DiT_ref_cls_1k,0.3,0.02,0.9229999999999975
Sys_DiT_ref_cls_1k,0.3,0.04,0.9227999999999976
Sys_DiT_ref_cls_1k,0.3,0.06,0.9227999999999976
Sys_DiT_ref_cls_1k,0.3,0.08,0.9227999999999976
Sys_DiT_ref_cls_1k,0.3,0.1,0.9221999999999975
Sys_DiT_ref_cls_1k,0.3,0.12,0.9221999999999975
Sys_DiT_ref_cls_1k,0.3,0.14,0.9221999999999975
Sys_DiT_ref_cls_1k,0.3,0.16,0.9221999999999975
Sys_DiT_ref_cls_1k,0.3,0.18,0.9203999999999973
Sys_DiT_ref_cls_1k,0.3,0.2,0.9177999999999975
Sys_DiT_ref_cls_1k,0.3,0.22,0.9177999999999975
Sys_DiT_ref_cls_1k,0.3,0.24,0.9153999999999975
Sys_DiT_ref_cls_1k,0.3,0.26,0.8805499999999974
Sys_DiT_ref_cls_1k,0.3,0.28,0.8797499999999971
Sys_DiT_ref_cls_1k,0.3,0.3,0.8685499999999976
Sys_DiT_ref_cls_1k,0.3,0.32,0.7284999999999997
Sys_DiT_ref_cls_1k,0.3,0.34,0.7184999999999996
Sys_DiT_ref_cls_1k,0.3,0.36,0.7174999999999995
Sys_DiT_ref_cls_1k,0.3,0.38,0.6877000000000001
Sys_DiT_ref_cls_1k,0.3,0.4,0.6686999999999995
Sys_DiT_ref_cls_1k,0.3,0.42,0.6345000000000002
Sys_DiT_ref_cls_1k,0.3,0.44,0.5755000000000006
Sys_DiT_ref_cls_1k,0.3,0.46,0.5743000000000004
Sys_DiT_ref_cls_1k,0.3,0.48,0.5701000000000005
Sys_DiT_ref_cls_1k,0.3,0.5,0.5535000000000005
Sys_DiT_ref_cls_1k,0.3,0.52,0.5535000000000005
Sys_DiT_ref_cls_1k,0.3,0.54,0.5343000000000008
Sys_DiT_ref_cls_1k,0.3,0.56,0.5235000000000006
Sys_DiT_ref_cls_1k,0.3,0.58,0.42169999999999996
Sys_DiT_ref_cls_1k,0.3,0.6,0.4146999999999997
Sys_DiT_ref_cls_1k,0.3,0.62,0.3956499999999997
Sys_DiT_ref_cls_1k,0.3,0.64,0.3904499999999996
Sys_DiT_ref_cls_1k,0.3,0.66,0.37104999999999927
Sys_DiT_ref_cls_1k,0.3,0.68,0.3708499999999993
Sys_DiT_ref_cls_1k,0.3,0.7,0.3578499999999995
Sys_DiT_ref_cls_1k,0.3,0.72,0.3578499999999995
Sys_DiT_ref_cls_1k,0.3,0.74,0.26019999999999943
Sys_DiT_ref_cls_1k,0.3,0.76,0.21939999999999954
Sys_DiT_ref_cls_1k,0.3,0.78,0.12280000000000067
Sys_DiT_ref_cls_1k,0.3,0.8,0.11740000000000066
Sys_DiT_ref_cls_1k,0.3,0.82,0.11720000000000065
Sys_DiT_ref_cls_1k,0.3,0.84,0.10200000000000049
Sys_DiT_ref_cls_1k,0.3,0.86,0.09000000000000041
Sys_DiT_ref_cls_1k,0.3,0.88,0.08800000000000037
Sys_DiT_ref_cls_1k,0.3,0.9,0.08800000000000037
Sys_DiT_ref_cls_1k,0.3,0.92,0.08620000000000035
Sys_DiT_ref_cls_1k,0.3,0.94,0.0742000000000003
Sys_DiT_ref_cls_1k,0.3,0.96,0.06660000000000024
Sys_DiT_ref_cls_1k,0.3,0.98,0.049400000000000076
Sys_DiT_ref_cls_1k,0.3,1.0,0.010799999999999994
Sys_DiT_ref_cls_1k,0.32,0.0,0.9229999999999975
Sys_DiT_ref_cls_1k,0.32,0.02,0.9229999999999975
Sys_DiT_ref_cls_1k,0.32,0.04,0.9227999999999976
Sys_DiT_ref_cls_1k,0.32,0.06,0.9227999999999976
Sys_DiT_ref_cls_1k,0.32,0.08,0.9227999999999976
Sys_DiT_ref_cls_1k,0.32,0.1,0.9221999999999975
Sys_DiT_ref_cls_1k,0.32,0.12,0.9221999999999975
Sys_DiT_ref_cls_1k,0.32,0.14,0.9221999999999975
Sys_DiT_ref_cls_1k,0.32,0.16,0.9221999999999975
Sys_DiT_ref_cls_1k,0.32,0.18,0.9203999999999973
Sys_DiT_ref_cls_1k,0.32,0.2,0.9177999999999975
Sys_DiT_ref_cls_1k,0.32,0.22,0.9177999999999975
Sys_DiT_ref_cls_1k,0.32,0.24,0.9153999999999975
Sys_DiT_ref_cls_1k,0.32,0.26,0.8805499999999974
Sys_DiT_ref_cls_1k,0.32,0.28,0.8797499999999971
Sys_DiT_ref_cls_1k,0.32,0.3,0.8685499999999976
Sys_DiT_ref_cls_1k,0.32,0.32,0.7284999999999997
Sys_DiT_ref_cls_1k,0.32,0.34,0.7184999999999996
Sys_DiT_ref_cls_1k,0.32,0.36,0.7174999999999995
Sys_DiT_ref_cls_1k,0.32,0.38,0.6877000000000001
Sys_DiT_ref_cls_1k,0.32,0.4,0.6686999999999995
Sys_DiT_ref_cls_1k,0.32,0.42,0.6345000000000002
Sys_DiT_ref_cls_1k,0.32,0.44,0.5755000000000006
Sys_DiT_ref_cls_1k,0.32,0.46,0.5743000000000004
Sys_DiT_ref_cls_1k,0.32,0.48,0.5701000000000005
Sys_DiT_ref_cls_1k,0.32,0.5,0.5535000000000005
Sys_DiT_ref_cls_1k,0.32,0.52,0.5535000000000005
Sys_DiT_ref_cls_1k,0.32,0.54,0.5343000000000008
Sys_DiT_ref_cls_1k,0.32,0.56,0.5235000000000006
Sys_DiT_ref_cls_1k,0.32,0.58,0.42169999999999996
Sys_DiT_ref_cls_1k,0.32,0.6,0.4146999999999997
Sys_DiT_ref_cls_1k,0.32,0.62,0.3956499999999997
Sys_DiT_ref_cls_1k,0.32,0.64,0.3904499999999996
Sys_DiT_ref_cls_1k,0.32,0.66,0.37104999999999927
Sys_DiT_ref_cls_1k,0.32,0.68,0.3708499999999993
Sys_DiT_ref_cls_1k,0.32,0.7,0.3578499999999995
Sys_DiT_ref_cls_1k,0.32,0.72,0.3578499999999995
Sys_DiT_ref_cls_1k,0.32,0.74,0.26019999999999943
Sys_DiT_ref_cls_1k,0.32,0.76,0.21939999999999954
Sys_DiT_ref_cls_1k,0.32,0.78,0.12280000000000067
Sys_DiT_ref_cls_1k,0.32,0.8,0.11740000000000066
Sys_DiT_ref_cls_1k,0.32,0.82,0.11720000000000065
Sys_DiT_ref_cls_1k,0.32,0.84,0.10200000000000049
Sys_DiT_ref_cls_1k,0.32,0.86,0.09000000000000041
Sys_DiT_ref_cls_1k,0.32,0.88,0.08800000000000037
Sys_DiT_ref_cls_1k,0.32,0.9,0.08800000000000037
Sys_DiT_ref_cls_1k,0.32,0.92,0.08620000000000035
Sys_DiT_ref_cls_1k,0.32,0.94,0.0742000000000003
Sys_DiT_ref_cls_1k,0.32,0.96,0.06660000000000024
Sys_DiT_ref_cls_1k,0.32,0.98,0.049400000000000076
Sys_DiT_ref_cls_1k,0.32,1.0,0.010799999999999994
Sys_DiT_ref_cls_1k,0.34,0.0,0.9229999999999975
Sys_DiT_ref_cls_1k,0.34,0.02,0.9229999999999975
Sys_DiT_ref_cls_1k,0.34,0.04,0.9227999999999976
Sys_DiT_ref_cls_1k,0.34,0.06,0.9227999999999976
Sys_DiT_ref_cls_1k,0.34,0.08,0.9227999999999976
Sys_DiT_ref_cls_1k,0.34,0.1,0.9221999999999975
Sys_DiT_ref_cls_1k,0.34,0.12,0.9221999999999975
Sys_DiT_ref_cls_1k,0.34,0.14,0.9221999999999975
Sys_DiT_ref_cls_1k,0.34,0.16,0.9221999999999975
Sys_DiT_ref_cls_1k,0.34,0.18,0.9203999999999973
Sys_DiT_ref_cls_1k,0.34,0.2,0.9177999999999975
Sys_DiT_ref_cls_1k,0.34,0.22,0.9177999999999975
Sys_DiT_ref_cls_1k,0.34,0.24,0.9153999999999975
Sys_DiT_ref_cls_1k,0.34,0.26,0.8805499999999974
Sys_DiT_ref_cls_1k,0.34,0.28,0.8797499999999971
Sys_DiT_ref_cls_1k,0.34,0.3,0.8685499999999976
Sys_DiT_ref_cls_1k,0.34,0.32,0.7284999999999997
Sys_DiT_ref_cls_1k,0.34,0.34,0.7184999999999996
Sys_DiT_ref_cls_1k,0.34,0.36,0.7174999999999995
Sys_DiT_ref_cls_1k,0.34,0.38,0.6877000000000001
Sys_DiT_ref_cls_1k,0.34,0.4,0.6686999999999995
Sys_DiT_ref_cls_1k,0.34,0.42,0.6345000000000002
Sys_DiT_ref_cls_1k,0.34,0.44,0.5755000000000006
Sys_DiT_ref_cls_1k,0.34,0.46,0.5743000000000004
Sys_DiT_ref_cls_1k,0.34,0.48,0.5701000000000005
Sys_DiT_ref_cls_1k,0.34,0.5,0.5535000000000005
Sys_DiT_ref_cls_1k,0.34,0.52,0.5535000000000005
Sys_DiT_ref_cls_1k,0.34,0.54,0.5343000000000008
Sys_DiT_ref_cls_1k,0.34,0.56,0.5235000000000006
Sys_DiT_ref_cls_1k,0.34,0.58,0.42169999999999996
Sys_DiT_ref_cls_1k,0.34,0.6,0.4146999999999997
Sys_DiT_ref_cls_1k,0.34,0.62,0.3956499999999997
Sys_DiT_ref_cls_1k,0.34,0.64,0.3904499999999996
Sys_DiT_ref_cls_1k,0.34,0.66,0.37104999999999927
Sys_DiT_ref_cls_1k,0.34,0.68,0.3708499999999993
Sys_DiT_ref_cls_1k,0.34,0.7,0.3578499999999995
Sys_DiT_ref_cls_1k,0.34,0.72,0.3578499999999995
Sys_DiT_ref_cls_1k,0.34,0.74,0.26019999999999943
Sys_DiT_ref_cls_1k,0.34,0.76,0.21939999999999954
Sys_DiT_ref_cls_1k,0.34,0.78,0.12280000000000067
Sys_DiT_ref_cls_1k,0.34,0.8,0.11740000000000066
Sys_DiT_ref_cls_1k,0.34,0.82,0.11720000000000065
Sys_DiT_ref_cls_1k,0.34,0.84,0.10200000000000049
Sys_DiT_ref_cls_1k,0.34,0.86,0.09000000000000041
Sys_DiT_ref_cls_1k,0.34,0.88,0.08800000000000037
Sys_DiT_ref_cls_1k,0.34,0.9,0.08800000000000037
Sys_DiT_ref_cls_1k,0.34,0.92,0.08620000000000035
Sys_DiT_ref_cls_1k,0.34,0.94,0.0742000000000003
Sys_DiT_ref_cls_1k,0.34,0.96,0.06660000000000024
Sys_DiT_ref_cls_1k,0.34,0.98,0.049400000000000076
Sys_DiT_ref_cls_1k,0.34,1.0,0.010799999999999994
Sys_DiT_ref_cls_1k,0.36,0.0,0.9229999999999975
Sys_DiT_ref_cls_1k,0.36,0.02,0.9229999999999975
Sys_DiT_ref_cls_1k,0.36,0.04,0.9227999999999976
Sys_DiT_ref_cls_1k,0.36,0.06,0.9227999999999976
Sys_DiT_ref_cls_1k,0.36,0.08,0.9227999999999976
Sys_DiT_ref_cls_1k,0.36,0.1,0.9221999999999975
Sys_DiT_ref_cls_1k,0.36,0.12,0.9221999999999975
Sys_DiT_ref_cls_1k,0.36,0.14,0.9221999999999975
Sys_DiT_ref_cls_1k,0.36,0.16,0.9221999999999975
Sys_DiT_ref_cls_1k,0.36,0.18,0.9203999999999973
Sys_DiT_ref_cls_1k,0.36,0.2,0.9177999999999975
Sys_DiT_ref_cls_1k,0.36,0.22,0.9177999999999975
Sys_DiT_ref_cls_1k,0.36,0.24,0.9153999999999975
Sys_DiT_ref_cls_1k,0.36,0.26,0.8805499999999974
Sys_DiT_ref_cls_1k,0.36,0.28,0.8797499999999971
Sys_DiT_ref_cls_1k,0.36,0.3,0.8685499999999976
Sys_DiT_ref_cls_1k,0.36,0.32,0.7284999999999997
Sys_DiT_ref_cls_1k,0.36,0.34,0.7184999999999996
Sys_DiT_ref_cls_1k,0.36,0.36,0.7174999999999995
Sys_DiT_ref_cls_1k,0.36,0.38,0.6877000000000001
Sys_DiT_ref_cls_1k,0.36,0.4,0.6686999999999995
Sys_DiT_ref_cls_1k,0.36,0.42,0.6345000000000002
Sys_DiT_ref_cls_1k,0.36,0.44,0.5755000000000006
Sys_DiT_ref_cls_1k,0.36,0.46,0.5743000000000004
Sys_DiT_ref_cls_1k,0.36,0.48,0.5701000000000005
Sys_DiT_ref_cls_1k,0.36,0.5,0.5535000000000005
Sys_DiT_ref_cls_1k,0.36,0.52,0.5535000000000005
Sys_DiT_ref_cls_1k,0.36,0.54,0.5343000000000008
Sys_DiT_ref_cls_1k,0.36,0.56,0.5235000000000006
Sys_DiT_ref_cls_1k,0.36,0.58,0.42169999999999996
Sys_DiT_ref_cls_1k,0.36,0.6,0.4146999999999997
Sys_DiT_ref_cls_1k,0.36,0.62,0.3956499999999997
Sys_DiT_ref_cls_1k,0.36,0.64,0.3904499999999996
Sys_DiT_ref_cls_1k,0.36,0.66,0.37104999999999927
Sys_DiT_ref_cls_1k,0.36,0.68,0.3708499999999993
Sys_DiT_ref_cls_1k,0.36,0.7,0.3578499999999995
Sys_DiT_ref_cls_1k,0.36,0.72,0.3578499999999995
Sys_DiT_ref_cls_1k,0.36,0.74,0.26019999999999943
Sys_DiT_ref_cls_1k,0.36,0.76,0.21939999999999954
Sys_DiT_ref_cls_1k,0.36,0.78,0.12280000000000067
Sys_DiT_ref_cls_1k,0.36,0.8,0.11740000000000066
Sys_DiT_ref_cls_1k,0.36,0.82,0.11720000000000065
Sys_DiT_ref_cls_1k,0.36,0.84,0.10200000000000049
Sys_DiT_ref_cls_1k,0.36,0.86,0.09000000000000041
Sys_DiT_ref_cls_1k,0.36,0.88,0.08800000000000037
Sys_DiT_ref_cls_1k,0.36,0.9,0.08800000000000037
Sys_DiT_ref_cls_1k,0.36,0.92,0.08620000000000035
Sys_DiT_ref_cls_1k,0.36,0.94,0.0742000000000003
Sys_DiT_ref_cls_1k,0.36,0.96,0.06660000000000024
Sys_DiT_ref_cls_1k,0.36,0.98,0.049400000000000076
Sys_DiT_ref_cls_1k,0.36,1.0,0.010799999999999994
Sys_DiT_ref_cls_1k,0.38,0.0,0.8609499999999979
Sys_DiT_ref_cls_1k,0.38,0.02,0.8609499999999979
Sys_DiT_ref_cls_1k,0.38,0.04,0.8609499999999979
Sys_DiT_ref_cls_1k,0.38,0.06,0.8609499999999979
Sys_DiT_ref_cls_1k,0.38,0.08,0.8609499999999979
Sys_DiT_ref_cls_1k,0.38,0.1,0.8607499999999978
Sys_DiT_ref_cls_1k,0.38,0.12,0.8607499999999978
Sys_DiT_ref_cls_1k,0.38,0.14,0.8607499999999978
Sys_DiT_ref_cls_1k,0.38,0.16,0.8607499999999978
Sys_DiT_ref_cls_1k,0.38,0.18,0.8589499999999979
Sys_DiT_ref_cls_1k,0.38,0.2,0.8583499999999978
Sys_DiT_ref_cls_1k,0.38,0.22,0.8583499999999978
Sys_DiT_ref_cls_1k,0.38,0.24,0.855949999999998
Sys_DiT_ref_cls_1k,0.38,0.26,0.8394999999999977
Sys_DiT_ref_cls_1k,0.38,0.28,0.8390999999999977
Sys_DiT_ref_cls_1k,0.38,0.3,0.8294999999999983
Sys_DiT_ref_cls_1k,0.38,0.32,0.6936999999999997
Sys_DiT_ref_cls_1k,0.38,0.34,0.6845000000000001
Sys_DiT_ref_cls_1k,0.38,0.36,0.6835
Sys_DiT_ref_cls_1k,0.38,0.38,0.6537000000000001
Sys_DiT_ref_cls_1k,0.38,0.4,0.6372999999999998
Sys_DiT_ref_cls_1k,0.38,0.42,0.6043
Sys_DiT_ref_cls_1k,0.38,0.44,0.5543000000000003
Sys_DiT_ref_cls_1k,0.38,0.46,0.5533000000000003
Sys_DiT_ref_cls_1k,0.38,0.48,0.5493000000000003
Sys_DiT_ref_cls_1k,0.38,0.5,0.5407000000000006
Sys_DiT_ref_cls_1k,0.38,0.52,0.5407000000000006
Sys_DiT_ref_cls_1k,0.38,0.54,0.5233000000000005
Sys_DiT_ref_cls_1k,0.38,0.56,0.5127000000000007
Sys_DiT_ref_cls_1k,0.38,0.58,0.4108999999999998
Sys_DiT_ref_cls_1k,0.38,0.6,0.4048999999999997
Sys_DiT_ref_cls_1k,0.38,0.62,0.3862499999999997
Sys_DiT_ref_cls_1k,0.38,0.64,0.3810499999999995
Sys_DiT_ref_cls_1k,0.38,0.66,0.36324999999999924
Sys_DiT_ref_cls_1k,0.38,0.68,0.36304999999999926
Sys_DiT_ref_cls_1k,0.38,0.7,0.3534499999999996
Sys_DiT_ref_cls_1k,0.38,0.72,0.3534499999999996
Sys_DiT_ref_cls_1k,0.38,0.74,0.2593999999999994
Sys_DiT_ref_cls_1k,0.38,0.76,0.21879999999999955
Sys_DiT_ref_cls_1k,0.38,0.78,0.12220000000000067
Sys_DiT_ref_cls_1k,0.38,0.8,0.11700000000000066
Sys_DiT_ref_cls_1k,0.38,0.82,0.11680000000000065
Sys_DiT_ref_cls_1k,0.38,0.84,0.1018000000000005
Sys_DiT_ref_cls_1k,0.38,0.86,0.0898000000000004
Sys_DiT_ref_cls_1k,0.38,0.88,0.08780000000000036
Sys_DiT_ref_cls_1k,0.38,0.9,0.08780000000000036
Sys_DiT_ref_cls_1k,0.38,0.92,0.08600000000000034
Sys_DiT_ref_cls_1k,0.38,0.94,0.07400000000000029
Sys_DiT_ref_cls_1k,0.38,0.96,0.06640000000000024
Sys_DiT_ref_cls_1k,0.38,0.98,0.04920000000000008
Sys_DiT_ref_cls_1k,0.38,1.0,0.010799999999999994
Sys_DiT_ref_cls_1k,0.4,0.0,0.8609499999999979
Sys_DiT_ref_cls_1k,0.4,0.02,0.8609499999999979
Sys_DiT_ref_cls_1k,0.4,0.04,0.8609499999999979
Sys_DiT_ref_cls_1k,0.4,0.06,0.8609499999999979
Sys_DiT_ref_cls_1k,0.4,0.08,0.8609499999999979
Sys_DiT_ref_cls_1k,0.4,0.1,0.8607499999999978
Sys_DiT_ref_cls_1k,0.4,0.12,0.8607499999999978
Sys_DiT_ref_cls_1k,0.4,0.14,0.8607499999999978
Sys_DiT_ref_cls_1k,0.4,0.16,0.8607499999999978
Sys_DiT_ref_cls_1k,0.4,0.18,0.8589499999999979
Sys_DiT_ref_cls_1k,0.4,0.2,0.8583499999999978
Sys_DiT_ref_cls_1k,0.4,0.22,0.8583499999999978
Sys_DiT_ref_cls_1k,0.4,0.24,0.855949999999998
Sys_DiT_ref_cls_1k,0.4,0.26,0.8394999999999977
Sys_DiT_ref_cls_1k,0.4,0.28,0.8390999999999977
Sys_DiT_ref_cls_1k,0.4,0.3,0.8294999999999983
Sys_DiT_ref_cls_1k,0.4,0.32,0.6936999999999997
Sys_DiT_ref_cls_1k,0.4,0.34,0.6845000000000001
Sys_DiT_ref_cls_1k,0.4,0.36,0.6835
Sys_DiT_ref_cls_1k,0.4,0.38,0.6537000000000001
Sys_DiT_ref_cls_1k,0.4,0.4,0.6372999999999998
Sys_DiT_ref_cls_1k,0.4,0.42,0.6043
Sys_DiT_ref_cls_1k,0.4,0.44,0.5543000000000003
Sys_DiT_ref_cls_1k,0.4,0.46,0.5533000000000003
Sys_DiT_ref_cls_1k,0.4,0.48,0.5493000000000003
Sys_DiT_ref_cls_1k,0.4,0.5,0.5407000000000006
Sys_DiT_ref_cls_1k,0.4,0.52,0.5407000000000006
Sys_DiT_ref_cls_1k,0.4,0.54,0.5233000000000005
Sys_DiT_ref_cls_1k,0.4,0.56,0.5127000000000007
Sys_DiT_ref_cls_1k,0.4,0.58,0.4108999999999998
Sys_DiT_ref_cls_1k,0.4,0.6,0.4048999999999997
Sys_DiT_ref_cls_1k,0.4,0.62,0.3862499999999997
Sys_DiT_ref_cls_1k,0.4,0.64,0.3810499999999995
Sys_DiT_ref_cls_1k,0.4,0.66,0.36324999999999924
Sys_DiT_ref_cls_1k,0.4,0.68,0.36304999999999926
Sys_DiT_ref_cls_1k,0.4,0.7,0.3534499999999996
Sys_DiT_ref_cls_1k,0.4,0.72,0.3534499999999996
Sys_DiT_ref_cls_1k,0.4,0.74,0.2593999999999994
Sys_DiT_ref_cls_1k,0.4,0.76,0.21879999999999955
Sys_DiT_ref_cls_1k,0.4,0.78,0.12220000000000067
Sys_DiT_ref_cls_1k,0.4,0.8,0.11700000000000066
Sys_DiT_ref_cls_1k,0.4,0.82,0.11680000000000065
Sys_DiT_ref_cls_1k,0.4,0.84,0.1018000000000005
Sys_DiT_ref_cls_1k,0.4,0.86,0.0898000000000004
Sys_DiT_ref_cls_1k,0.4,0.88,0.08780000000000036
Sys_DiT_ref_cls_1k,0.4,0.9,0.08780000000000036
Sys_DiT_ref_cls_1k,0.4,0.92,0.08600000000000034
Sys_DiT_ref_cls_1k,0.4,0.94,0.07400000000000029
Sys_DiT_ref_cls_1k,0.4,0.96,0.06640000000000024
Sys_DiT_ref_cls_1k,0.4,0.98,0.04920000000000008
Sys_DiT_ref_cls_1k,0.4,1.0,0.010799999999999994
Sys_DiT_ref_cls_1k,0.42,0.0,0.8609499999999979
Sys_DiT_ref_cls_1k,0.42,0.02,0.8609499999999979
Sys_DiT_ref_cls_1k,0.42,0.04,0.8609499999999979
Sys_DiT_ref_cls_1k,0.42,0.06,0.8609499999999979
Sys_DiT_ref_cls_1k,0.42,0.08,0.8609499999999979
Sys_DiT_ref_cls_1k,0.42,0.1,0.8607499999999978
Sys_DiT_ref_cls_1k,0.42,0.12,0.8607499999999978
Sys_DiT_ref_cls_1k,0.42,0.14,0.8607499999999978
Sys_DiT_ref_cls_1k,0.42,0.16,0.8607499999999978
Sys_DiT_ref_cls_1k,0.42,0.18,0.8589499999999979
Sys_DiT_ref_cls_1k,0.42,0.2,0.8583499999999978
Sys_DiT_ref_cls_1k,0.42,0.22,0.8583499999999978
Sys_DiT_ref_cls_1k,0.42,0.24,0.855949999999998
Sys_DiT_ref_cls_1k,0.42,0.26,0.8394999999999977
Sys_DiT_ref_cls_1k,0.42,0.28,0.8390999999999977
Sys_DiT_ref_cls_1k,0.42,0.3,0.8294999999999983
Sys_DiT_ref_cls_1k,0.42,0.32,0.6936999999999997
Sys_DiT_ref_cls_1k,0.42,0.34,0.6845000000000001
Sys_DiT_ref_cls_1k,0.42,0.36,0.6835
Sys_DiT_ref_cls_1k,0.42,0.38,0.6537000000000001
Sys_DiT_ref_cls_1k,0.42,0.4,0.6372999999999998
Sys_DiT_ref_cls_1k,0.42,0.42,0.6043
Sys_DiT_ref_cls_1k,0.42,0.44,0.5543000000000003
Sys_DiT_ref_cls_1k,0.42,0.46,0.5533000000000003
Sys_DiT_ref_cls_1k,0.42,0.48,0.5493000000000003
Sys_DiT_ref_cls_1k,0.42,0.5,0.5407000000000006
Sys_DiT_ref_cls_1k,0.42,0.52,0.5407000000000006
Sys_DiT_ref_cls_1k,0.42,0.54,0.5233000000000005
Sys_DiT_ref_cls_1k,0.42,0.56,0.5127000000000007
Sys_DiT_ref_cls_1k,0.42,0.58,0.4108999999999998
Sys_DiT_ref_cls_1k,0.42,0.6,0.4048999999999997
Sys_DiT_ref_cls_1k,0.42,0.62,0.3862499999999997
Sys_DiT_ref_cls_1k,0.42,0.64,0.3810499999999995
Sys_DiT_ref_cls_1k,0.42,0.66,0.36324999999999924
Sys_DiT_ref_cls_1k,0.42,0.68,0.36304999999999926
Sys_DiT_ref_cls_1k,0.42,0.7,0.3534499999999996
Sys_DiT_ref_cls_1k,0.42,0.72,0.3534499999999996
Sys_DiT_ref_cls_1k,0.42,0.74,0.2593999999999994
Sys_DiT_ref_cls_1k,0.42,0.76,0.21879999999999955
Sys_DiT_ref_cls_1k,0.42,0.78,0.12220000000000067
Sys_DiT_ref_cls_1k,0.42,0.8,0.11700000000000066
Sys_DiT_ref_cls_1k,0.42,0.82,0.11680000000000065
Sys_DiT_ref_cls_1k,0.42,0.84,0.1018000000000005
Sys_DiT_ref_cls_1k,0.42,0.86,0.0898000000000004
Sys_DiT_ref_cls_1k,0.42,0.88,0.08780000000000036
Sys_DiT_ref_cls_1k,0.42,0.9,0.08780000000000036
Sys_DiT_ref_cls_1k,0.42,0.92,0.08600000000000034
Sys_DiT_ref_cls_1k,0.42,0.94,0.07400000000000029
Sys_DiT_ref_cls_1k,0.42,0.96,0.06640000000000024
Sys_DiT_ref_cls_1k,0.42,0.98,0.04920000000000008
Sys_DiT_ref_cls_1k,0.42,1.0,0.010799999999999994
Sys_DiT_ref_cls_1k,0.44,0.0,0.8321499999999977
Sys_DiT_ref_cls_1k,0.44,0.02,0.8321499999999977
Sys_DiT_ref_cls_1k,0.44,0.04,0.8321499999999977
Sys_DiT_ref_cls_1k,0.44,0.06,0.8321499999999977
Sys_DiT_ref_cls_1k,0.44,0.08,0.8321499999999977
Sys_DiT_ref_cls_1k,0.44,0.1,0.8319499999999976
Sys_DiT_ref_cls_1k,0.44,0.12,0.8319499999999976
Sys_DiT_ref_cls_1k,0.44,0.14,0.8319499999999976
Sys_DiT_ref_cls_1k,0.44,0.16,0.8319499999999976
Sys_DiT_ref_cls_1k,0.44,0.18,0.8317499999999977
Sys_DiT_ref_cls_1k,0.44,0.2,0.8311499999999976
Sys_DiT_ref_cls_1k,0.44,0.22,0.8311499999999976
Sys_DiT_ref_cls_1k,0.44,0.24,0.828749999999998
Sys_DiT_ref_cls_1k,0.44,0.26,0.8136999999999981
Sys_DiT_ref_cls_1k,0.44,0.28,0.813299999999998
Sys_DiT_ref_cls_1k,0.44,0.3,0.8036999999999982
Sys_DiT_ref_cls_1k,0.44,0.32,0.6728999999999995
Sys_DiT_ref_cls_1k,0.44,0.34,0.6637
Sys_DiT_ref_cls_1k,0.44,0.36,0.6626999999999998
Sys_DiT_ref_cls_1k,0.44,0.38,0.6423000000000002
Sys_DiT_ref_cls_1k,0.44,0.4,0.6258999999999996
Sys_DiT_ref_cls_1k,0.44,0.42,0.5939000000000002
Sys_DiT_ref_cls_1k,0.44,0.44,0.5439000000000005
Sys_DiT_ref_cls_1k,0.44,0.46,0.5435000000000004
Sys_DiT_ref_cls_1k,0.44,0.48,0.5395000000000005
Sys_DiT_ref_cls_1k,0.44,0.5,0.5309000000000008
Sys_DiT_ref_cls_1k,0.44,0.52,0.5309000000000008
Sys_DiT_ref_cls_1k,0.44,0.54,0.5135000000000007
Sys_DiT_ref_cls_1k,0.44,0.56,0.5047000000000005
Sys_DiT_ref_cls_1k,0.44,0.58,0.4064999999999998
Sys_DiT_ref_cls_1k,0.44,0.6,0.4004999999999996
Sys_DiT_ref_cls_1k,0.44,0.62,0.3820499999999996
Sys_DiT_ref_cls_1k,0.44,0.64,0.37684999999999946
Sys_DiT_ref_cls_1k,0.44,0.66,0.35924999999999924
Sys_DiT_ref_cls_1k,0.44,0.68,0.3590499999999993
Sys_DiT_ref_cls_1k,0.44,0.7,0.35104999999999964
Sys_DiT_ref_cls_1k,0.44,0.72,0.35104999999999964
Sys_DiT_ref_cls_1k,0.44,0.74,0.25699999999999945
Sys_DiT_ref_cls_1k,0.44,0.76,0.21639999999999962
Sys_DiT_ref_cls_1k,0.44,0.78,0.12180000000000067
Sys_DiT_ref_cls_1k,0.44,0.8,0.11660000000000065
Sys_DiT_ref_cls_1k,0.44,0.82,0.11640000000000064
Sys_DiT_ref_cls_1k,0.44,0.84,0.10140000000000049
Sys_DiT_ref_cls_1k,0.44,0.86,0.0894000000000004
Sys_DiT_ref_cls_1k,0.44,0.88,0.08740000000000037
Sys_DiT_ref_cls_1k,0.44,0.9,0.08740000000000037
Sys_DiT_ref_cls_1k,0.44,0.92,0.08560000000000033
Sys_DiT_ref_cls_1k,0.44,0.94,0.07360000000000028
Sys_DiT_ref_cls_1k,0.44,0.96,0.06600000000000023
Sys_DiT_ref_cls_1k,0.44,0.98,0.04900000000000007
Sys_DiT_ref_cls_1k,0.44,1.0,0.010799999999999994
Sys_DiT_ref_cls_1k,0.46,0.0,0.8321499999999977
Sys_DiT_ref_cls_1k,0.46,0.02,0.8321499999999977
Sys_DiT_ref_cls_1k,0.46,0.04,0.8321499999999977
Sys_DiT_ref_cls_1k,0.46,0.06,0.8321499999999977
Sys_DiT_ref_cls_1k,0.46,0.08,0.8321499999999977
Sys_DiT_ref_cls_1k,0.46,0.1,0.8319499999999976
Sys_DiT_ref_cls_1k,0.46,0.12,0.8319499999999976
Sys_DiT_ref_cls_1k,0.46,0.14,0.8319499999999976
Sys_DiT_ref_cls_1k,0.46,0.16,0.8319499999999976
Sys_DiT_ref_cls_1k,0.46,0.18,0.8317499999999977
Sys_DiT_ref_cls_1k,0.46,0.2,0.8311499999999976
Sys_DiT_ref_cls_1k,0.46,0.22,0.8311499999999976
Sys_DiT_ref_cls_1k,0.46,0.24,0.828749999999998
Sys_DiT_ref_cls_1k,0.46,0.26,0.8136999999999981
Sys_DiT_ref_cls_1k,0.46,0.28,0.813299999999998
Sys_DiT_ref_cls_1k,0.46,0.3,0.8036999999999982
Sys_DiT_ref_cls_1k,0.46,0.32,0.6728999999999995
Sys_DiT_ref_cls_1k,0.46,0.34,0.6637
Sys_DiT_ref_cls_1k,0.46,0.36,0.6626999999999998
Sys_DiT_ref_cls_1k,0.46,0.38,0.6423000000000002
Sys_DiT_ref_cls_1k,0.46,0.4,0.6258999999999996
Sys_DiT_ref_cls_1k,0.46,0.42,0.5939000000000002
Sys_DiT_ref_cls_1k,0.46,0.44,0.5439000000000005
Sys_DiT_ref_cls_1k,0.46,0.46,0.5435000000000004
Sys_DiT_ref_cls_1k,0.46,0.48,0.5395000000000005
Sys_DiT_ref_cls_1k,0.46,0.5,0.5309000000000008
Sys_DiT_ref_cls_1k,0.46,0.52,0.5309000000000008
Sys_DiT_ref_cls_1k,0.46,0.54,0.5135000000000007
Sys_DiT_ref_cls_1k,0.46,0.56,0.5047000000000005
Sys_DiT_ref_cls_1k,0.46,0.58,0.4064999999999998
Sys_DiT_ref_cls_1k,0.46,0.6,0.4004999999999996
Sys_DiT_ref_cls_1k,0.46,0.62,0.3820499999999996
Sys_DiT_ref_cls_1k,0.46,0.64,0.37684999999999946
Sys_DiT_ref_cls_1k,0.46,0.66,0.35924999999999924
Sys_DiT_ref_cls_1k,0.46,0.68,0.3590499999999993
Sys_DiT_ref_cls_1k,0.46,0.7,0.35104999999999964
Sys_DiT_ref_cls_1k,0.46,0.72,0.35104999999999964
Sys_DiT_ref_cls_1k,0.46,0.74,0.25699999999999945
Sys_DiT_ref_cls_1k,0.46,0.76,0.21639999999999962
Sys_DiT_ref_cls_1k,0.46,0.78,0.12180000000000067
Sys_DiT_ref_cls_1k,0.46,0.8,0.11660000000000065
Sys_DiT_ref_cls_1k,0.46,0.82,0.11640000000000064
Sys_DiT_ref_cls_1k,0.46,0.84,0.10140000000000049
Sys_DiT_ref_cls_1k,0.46,0.86,0.0894000000000004
Sys_DiT_ref_cls_1k,0.46,0.88,0.08740000000000037
Sys_DiT_ref_cls_1k,0.46,0.9,0.08740000000000037
Sys_DiT_ref_cls_1k,0.46,0.92,0.08560000000000033
Sys_DiT_ref_cls_1k,0.46,0.94,0.07360000000000028
Sys_DiT_ref_cls_1k,0.46,0.96,0.06600000000000023
Sys_DiT_ref_cls_1k,0.46,0.98,0.04900000000000007
Sys_DiT_ref_cls_1k,0.46,1.0,0.010799999999999994
Sys_DiT_ref_cls_1k,0.48,0.0,0.8305499999999978
Sys_DiT_ref_cls_1k,0.48,0.02,0.8305499999999978
Sys_DiT_ref_cls_1k,0.48,0.04,0.8305499999999978
Sys_DiT_ref_cls_1k,0.48,0.06,0.8305499999999978
Sys_DiT_ref_cls_1k,0.48,0.08,0.8305499999999978
Sys_DiT_ref_cls_1k,0.48,0.1,0.8303499999999977
Sys_DiT_ref_cls_1k,0.48,0.12,0.8303499999999977
Sys_DiT_ref_cls_1k,0.48,0.14,0.8303499999999977
Sys_DiT_ref_cls_1k,0.48,0.16,0.8303499999999977
Sys_DiT_ref_cls_1k,0.48,0.18,0.8301499999999977
Sys_DiT_ref_cls_1k,0.48,0.2,0.8295499999999977
Sys_DiT_ref_cls_1k,0.48,0.22,0.8295499999999977
Sys_DiT_ref_cls_1k,0.48,0.24,0.827149999999998
Sys_DiT_ref_cls_1k,0.48,0.26,0.812099999999998
Sys_DiT_ref_cls_1k,0.48,0.28,0.8116999999999981
Sys_DiT_ref_cls_1k,0.48,0.3,0.8020999999999983
Sys_DiT_ref_cls_1k,0.48,0.32,0.6718999999999995
Sys_DiT_ref_cls_1k,0.48,0.34,0.6627
Sys_DiT_ref_cls_1k,0.48,0.36,0.6616999999999997
Sys_DiT_ref_cls_1k,0.48,0.38,0.6413000000000001
Sys_DiT_ref_cls_1k,0.48,0.4,0.6248999999999996
Sys_DiT_ref_cls_1k,0.48,0.42,0.5929000000000002
Sys_DiT_ref_cls_1k,0.48,0.44,0.5429000000000005
Sys_DiT_ref_cls_1k,0.48,0.46,0.5425000000000004
Sys_DiT_ref_cls_1k,0.48,0.48,0.5385000000000005
Sys_DiT_ref_cls_1k,0.48,0.5,0.5299000000000008
Sys_DiT_ref_cls_1k,0.48,0.52,0.5299000000000008
Sys_DiT_ref_cls_1k,0.48,0.54,0.5125000000000007
Sys_DiT_ref_cls_1k,0.48,0.56,0.5041000000000004
Sys_DiT_ref_cls_1k,0.48,0.58,0.40609999999999985
Sys_DiT_ref_cls_1k,0.48,0.6,0.4000999999999996
Sys_DiT_ref_cls_1k,0.48,0.62,0.38164999999999966
Sys_DiT_ref_cls_1k,0.48,0.64,0.37644999999999945
Sys_DiT_ref_cls_1k,0.48,0.66,0.3588499999999993
Sys_DiT_ref_cls_1k,0.48,0.68,0.35864999999999936
Sys_DiT_ref_cls_1k,0.48,0.7,0.35064999999999963
Sys_DiT_ref_cls_1k,0.48,0.72,0.35064999999999963
Sys_DiT_ref_cls_1k,0.48,0.74,0.2565999999999994
Sys_DiT_ref_cls_1k,0.48,0.76,0.2159999999999996
Sys_DiT_ref_cls_1k,0.48,0.78,0.12180000000000067
Sys_DiT_ref_cls_1k,0.48,0.8,0.11660000000000065
Sys_DiT_ref_cls_1k,0.48,0.82,0.11640000000000064
Sys_DiT_ref_cls_1k,0.48,0.84,0.10140000000000049
Sys_DiT_ref_cls_1k,0.48,0.86,0.0894000000000004
Sys_DiT_ref_cls_1k,0.48,0.88,0.08740000000000037
Sys_DiT_ref_cls_1k,0.48,0.9,0.08740000000000037
Sys_DiT_ref_cls_1k,0.48,0.92,0.08560000000000033
Sys_DiT_ref_cls_1k,0.48,0.94,0.07360000000000028
Sys_DiT_ref_cls_1k,0.48,0.96,0.06600000000000023
Sys_DiT_ref_cls_1k,0.48,0.98,0.04900000000000007
Sys_DiT_ref_cls_1k,0.48,1.0,0.010799999999999994
Sys_DiT_ref_cls_1k,0.5,0.0,0.8299499999999979
Sys_DiT_ref_cls_1k,0.5,0.02,0.8299499999999979
Sys_DiT_ref_cls_1k,0.5,0.04,0.8299499999999979
Sys_DiT_ref_cls_1k,0.5,0.06,0.8299499999999979
Sys_DiT_ref_cls_1k,0.5,0.08,0.8299499999999979
Sys_DiT_ref_cls_1k,0.5,0.1,0.8297499999999979
Sys_DiT_ref_cls_1k,0.5,0.12,0.8297499999999979
Sys_DiT_ref_cls_1k,0.5,0.14,0.8297499999999979
Sys_DiT_ref_cls_1k,0.5,0.16,0.8297499999999979
Sys_DiT_ref_cls_1k,0.5,0.18,0.8295499999999978
Sys_DiT_ref_cls_1k,0.5,0.2,0.8289499999999977
Sys_DiT_ref_cls_1k,0.5,0.22,0.8289499999999977
Sys_DiT_ref_cls_1k,0.5,0.24,0.826549999999998
Sys_DiT_ref_cls_1k,0.5,0.26,0.8114999999999982
Sys_DiT_ref_cls_1k,0.5,0.28,0.8110999999999982
Sys_DiT_ref_cls_1k,0.5,0.3,0.8014999999999983
Sys_DiT_ref_cls_1k,0.5,0.32,0.6716999999999995
Sys_DiT_ref_cls_1k,0.5,0.34,0.6624999999999999
Sys_DiT_ref_cls_1k,0.5,0.36,0.6614999999999998
Sys_DiT_ref_cls_1k,0.5,0.38,0.6413000000000001
Sys_DiT_ref_cls_1k,0.5,0.4,0.6248999999999996
Sys_DiT_ref_cls_1k,0.5,0.42,0.5929000000000002
Sys_DiT_ref_cls_1k,0.5,0.44,0.5429000000000005
Sys_DiT_ref_cls_1k,0.5,0.46,0.5425000000000004
Sys_DiT_ref_cls_1k,0.5,0.48,0.5385000000000005
Sys_DiT_ref_cls_1k,0.5,0.5,0.5299000000000008
Sys_DiT_ref_cls_1k,0.5,0.52,0.5299000000000008
Sys_DiT_ref_cls_1k,0.5,0.54,0.5125000000000007
Sys_DiT_ref_cls_1k,0.5,0.56,0.5041000000000004
Sys_DiT_ref_cls_1k,0.5,0.58,0.40609999999999985
Sys_DiT_ref_cls_1k,0.5,0.6,0.4000999999999996
Sys_DiT_ref_cls_1k,0.5,0.62,0.38164999999999966
Sys_DiT_ref_cls_1k,0.5,0.64,0.37644999999999945
Sys_DiT_ref_cls_1k,0.5,0.66,0.3588499999999993
Sys_DiT_ref_cls_1k,0.5,0.68,0.35864999999999936
Sys_DiT_ref_cls_1k,0.5,0.7,0.35064999999999963
Sys_DiT_ref_cls_1k,0.5,0.72,0.35064999999999963
Sys_DiT_ref_cls_1k,0.5,0.74,0.2565999999999994
Sys_DiT_ref_cls_1k,0.5,0.76,0.2159999999999996
Sys_DiT_ref_cls_1k,0.5,0.78,0.12180000000000067
Sys_DiT_ref_cls_1k,0.5,0.8,0.11660000000000065
Sys_DiT_ref_cls_1k,0.5,0.82,0.11640000000000064
Sys_DiT_ref_cls_1k,0.5,0.84,0.10140000000000049
Sys_DiT_ref_cls_1k,0.5,0.86,0.0894000000000004
Sys_DiT_ref_cls_1k,0.5,0.88,0.08740000000000037
Sys_DiT_ref_cls_1k,0.5,0.9,0.08740000000000037
Sys_DiT_ref_cls_1k,0.5,0.92,0.08560000000000033
Sys_DiT_ref_cls_1k,0.5,0.94,0.07360000000000028
Sys_DiT_ref_cls_1k,0.5,0.96,0.06600000000000023
Sys_DiT_ref_cls_1k,0.5,0.98,0.04900000000000007
Sys_DiT_ref_cls_1k,0.5,1.0,0.010799999999999994
Sys_DiT_ref_cls_1k,0.52,0.0,0.8299499999999979
Sys_DiT_ref_cls_1k,0.52,0.02,0.8299499999999979
Sys_DiT_ref_cls_1k,0.52,0.04,0.8299499999999979
Sys_DiT_ref_cls_1k,0.52,0.06,0.8299499999999979
Sys_DiT_ref_cls_1k,0.52,0.08,0.8299499999999979
Sys_DiT_ref_cls_1k,0.52,0.1,0.8297499999999979
Sys_DiT_ref_cls_1k,0.52,0.12,0.8297499999999979
Sys_DiT_ref_cls_1k,0.52,0.14,0.8297499999999979
Sys_DiT_ref_cls_1k,0.52,0.16,0.8297499999999979
Sys_DiT_ref_cls_1k,0.52,0.18,0.8295499999999978
Sys_DiT_ref_cls_1k,0.52,0.2,0.8289499999999977
Sys_DiT_ref_cls_1k,0.52,0.22,0.8289499999999977
Sys_DiT_ref_cls_1k,0.52,0.24,0.826549999999998
Sys_DiT_ref_cls_1k,0.52,0.26,0.8114999999999982
Sys_DiT_ref_cls_1k,0.52,0.28,0.8110999999999982
Sys_DiT_ref_cls_1k,0.52,0.3,0.8014999999999983
Sys_DiT_ref_cls_1k,0.52,0.32,0.6716999999999995
Sys_DiT_ref_cls_1k,0.52,0.34,0.6624999999999999
Sys_DiT_ref_cls_1k,0.52,0.36,0.6614999999999998
Sys_DiT_ref_cls_1k,0.52,0.38,0.6413000000000001
Sys_DiT_ref_cls_1k,0.52,0.4,0.6248999999999996
Sys_DiT_ref_cls_1k,0.52,0.42,0.5929000000000002
Sys_DiT_ref_cls_1k,0.52,0.44,0.5429000000000005
Sys_DiT_ref_cls_1k,0.52,0.46,0.5425000000000004
Sys_DiT_ref_cls_1k,0.52,0.48,0.5385000000000005
Sys_DiT_ref_cls_1k,0.52,0.5,0.5299000000000008
Sys_DiT_ref_cls_1k,0.52,0.52,0.5299000000000008
Sys_DiT_ref_cls_1k,0.52,0.54,0.5125000000000007
Sys_DiT_ref_cls_1k,0.52,0.56,0.5041000000000004
Sys_DiT_ref_cls_1k,0.52,0.58,0.40609999999999985
Sys_DiT_ref_cls_1k,0.52,0.6,0.4000999999999996
Sys_DiT_ref_cls_1k,0.52,0.62,0.38164999999999966
Sys_DiT_ref_cls_1k,0.52,0.64,0.37644999999999945
Sys_DiT_ref_cls_1k,0.52,0.66,0.3588499999999993
Sys_DiT_ref_cls_1k,0.52,0.68,0.35864999999999936
Sys_DiT_ref_cls_1k,0.52,0.7,0.35064999999999963
Sys_DiT_ref_cls_1k,0.52,0.72,0.35064999999999963
Sys_DiT_ref_cls_1k,0.52,0.74,0.2565999999999994
Sys_DiT_ref_cls_1k,0.52,0.76,0.2159999999999996
Sys_DiT_ref_cls_1k,0.52,0.78,0.12180000000000067
Sys_DiT_ref_cls_1k,0.52,0.8,0.11660000000000065
Sys_DiT_ref_cls_1k,0.52,0.82,0.11640000000000064
Sys_DiT_ref_cls_1k,0.52,0.84,0.10140000000000049
Sys_DiT_ref_cls_1k,0.52,0.86,0.0894000000000004
Sys_DiT_ref_cls_1k,0.52,0.88,0.08740000000000037
Sys_DiT_ref_cls_1k,0.52,0.9,0.08740000000000037
Sys_DiT_ref_cls_1k,0.52,0.92,0.08560000000000033
Sys_DiT_ref_cls_1k,0.52,0.94,0.07360000000000028
Sys_DiT_ref_cls_1k,0.52,0.96,0.06600000000000023
Sys_DiT_ref_cls_1k,0.52,0.98,0.04900000000000007
Sys_DiT_ref_cls_1k,0.52,1.0,0.010799999999999994
Sys_DiT_ref_cls_1k,0.54,0.0,0.8299499999999979
Sys_DiT_ref_cls_1k,0.54,0.02,0.8299499999999979
Sys_DiT_ref_cls_1k,0.54,0.04,0.8299499999999979
Sys_DiT_ref_cls_1k,0.54,0.06,0.8299499999999979
Sys_DiT_ref_cls_1k,0.54,0.08,0.8299499999999979
Sys_DiT_ref_cls_1k,0.54,0.1,0.8297499999999979
Sys_DiT_ref_cls_1k,0.54,0.12,0.8297499999999979
Sys_DiT_ref_cls_1k,0.54,0.14,0.8297499999999979
Sys_DiT_ref_cls_1k,0.54,0.16,0.8297499999999979
Sys_DiT_ref_cls_1k,0.54,0.18,0.8295499999999978
Sys_DiT_ref_cls_1k,0.54,0.2,0.8289499999999977
Sys_DiT_ref_cls_1k,0.54,0.22,0.8289499999999977
Sys_DiT_ref_cls_1k,0.54,0.24,0.826549999999998
Sys_DiT_ref_cls_1k,0.54,0.26,0.8114999999999982
Sys_DiT_ref_cls_1k,0.54,0.28,0.8110999999999982
Sys_DiT_ref_cls_1k,0.54,0.3,0.8014999999999983
Sys_DiT_ref_cls_1k,0.54,0.32,0.6716999999999995
Sys_DiT_ref_cls_1k,0.54,0.34,0.6624999999999999
Sys_DiT_ref_cls_1k,0.54,0.36,0.6614999999999998
Sys_DiT_ref_cls_1k,0.54,0.38,0.6413000000000001
Sys_DiT_ref_cls_1k,0.54,0.4,0.6248999999999996
Sys_DiT_ref_cls_1k,0.54,0.42,0.5929000000000002
Sys_DiT_ref_cls_1k,0.54,0.44,0.5429000000000005
Sys_DiT_ref_cls_1k,0.54,0.46,0.5425000000000004
Sys_DiT_ref_cls_1k,0.54,0.48,0.5385000000000005
Sys_DiT_ref_cls_1k,0.54,0.5,0.5299000000000008
Sys_DiT_ref_cls_1k,0.54,0.52,0.5299000000000008
Sys_DiT_ref_cls_1k,0.54,0.54,0.5125000000000007
Sys_DiT_ref_cls_1k,0.54,0.56,0.5041000000000004
Sys_DiT_ref_cls_1k,0.54,0.58,0.40609999999999985
Sys_DiT_ref_cls_1k,0.54,0.6,0.4000999999999996
Sys_DiT_ref_cls_1k,0.54,0.62,0.38164999999999966
Sys_DiT_ref_cls_1k,0.54,0.64,0.37644999999999945
Sys_DiT_ref_cls_1k,0.54,0.66,0.3588499999999993
Sys_DiT_ref_cls_1k,0.54,0.68,0.35864999999999936
Sys_DiT_ref_cls_1k,0.54,0.7,0.35064999999999963
Sys_DiT_ref_cls_1k,0.54,0.72,0.35064999999999963
Sys_DiT_ref_cls_1k,0.54,0.74,0.2565999999999994
Sys_DiT_ref_cls_1k,0.54,0.76,0.2159999999999996
Sys_DiT_ref_cls_1k,0.54,0.78,0.12180000000000067
Sys_DiT_ref_cls_1k,0.54,0.8,0.11660000000000065
Sys_DiT_ref_cls_1k,0.54,0.82,0.11640000000000064
Sys_DiT_ref_cls_1k,0.54,0.84,0.10140000000000049
Sys_DiT_ref_cls_1k,0.54,0.86,0.0894000000000004
Sys_DiT_ref_cls_1k,0.54,0.88,0.08740000000000037
Sys_DiT_ref_cls_1k,0.54,0.9,0.08740000000000037
Sys_DiT_ref_cls_1k,0.54,0.92,0.08560000000000033
Sys_DiT_ref_cls_1k,0.54,0.94,0.07360000000000028
Sys_DiT_ref_cls_1k,0.54,0.96,0.06600000000000023
Sys_DiT_ref_cls_1k,0.54,0.98,0.04900000000000007
Sys_DiT_ref_cls_1k,0.54,1.0,0.010799999999999994
Sys_DiT_ref_cls_1k,0.56,0.0,0.829749999999998
Sys_DiT_ref_cls_1k,0.56,0.02,0.829749999999998
Sys_DiT_ref_cls_1k,0.56,0.04,0.829749999999998
Sys_DiT_ref_cls_1k,0.56,0.06,0.829749999999998
Sys_DiT_ref_cls_1k,0.56,0.08,0.829749999999998
Sys_DiT_ref_cls_1k,0.56,0.1,0.8295499999999979
Sys_DiT_ref_cls_1k,0.56,0.12,0.8295499999999979
Sys_DiT_ref_cls_1k,0.56,0.14,0.8295499999999979
Sys_DiT_ref_cls_1k,0.56,0.16,0.8295499999999979
Sys_DiT_ref_cls_1k,0.56,0.18,0.8293499999999978
Sys_DiT_ref_cls_1k,0.56,0.2,0.8287499999999978
Sys_DiT_ref_cls_1k,0.56,0.22,0.8287499999999978
Sys_DiT_ref_cls_1k,0.56,0.24,0.826349999999998
Sys_DiT_ref_cls_1k,0.56,0.26,0.8112999999999982
Sys_DiT_ref_cls_1k,0.56,0.28,0.8108999999999982
Sys_DiT_ref_cls_1k,0.56,0.3,0.8012999999999982
Sys_DiT_ref_cls_1k,0.56,0.32,0.6714999999999995
Sys_DiT_ref_cls_1k,0.56,0.34,0.6623
Sys_DiT_ref_cls_1k,0.56,0.36,0.6612999999999999
Sys_DiT_ref_cls_1k,0.56,0.38,0.6411000000000001
Sys_DiT_ref_cls_1k,0.56,0.4,0.6246999999999996
Sys_DiT_ref_cls_1k,0.56,0.42,0.5927000000000001
Sys_DiT_ref_cls_1k,0.56,0.44,0.5427000000000005
Sys_DiT_ref_cls_1k,0.56,0.46,0.5423000000000006
Sys_DiT_ref_cls_1k,0.56,0.48,0.5383000000000006
Sys_DiT_ref_cls_1k,0.56,0.5,0.5297000000000007
Sys_DiT_ref_cls_1k,0.56,0.52,0.5297000000000007
Sys_DiT_ref_cls_1k,0.56,0.54,0.5123000000000008
Sys_DiT_ref_cls_1k,0.56,0.56,0.5039000000000005
Sys_DiT_ref_cls_1k,0.56,0.58,0.40589999999999987
Sys_DiT_ref_cls_1k,0.56,0.6,0.3998999999999996
Sys_DiT_ref_cls_1k,0.56,0.62,0.38144999999999957
Sys_DiT_ref_cls_1k,0.56,0.64,0.3762499999999995
Sys_DiT_ref_cls_1k,0.56,0.66,0.35864999999999936
Sys_DiT_ref_cls_1k,0.56,0.68,0.3584499999999994
Sys_DiT_ref_cls_1k,0.56,0.7,0.35064999999999963
Sys_DiT_ref_cls_1k,0.56,0.72,0.35064999999999963
Sys_DiT_ref_cls_1k,0.56,0.74,0.2565999999999994
Sys_DiT_ref_cls_1k,0.56,0.76,0.2159999999999996
Sys_DiT_ref_cls_1k,0.56,0.78,0.12180000000000067
Sys_DiT_ref_cls_1k,0.56,0.8,0.11660000000000065
Sys_DiT_ref_cls_1k,0.56,0.82,0.11640000000000064
Sys_DiT_ref_cls_1k,0.56,0.84,0.10140000000000049
Sys_DiT_ref_cls_1k,0.56,0.86,0.0894000000000004
Sys_DiT_ref_cls_1k,0.56,0.88,0.08740000000000037
Sys_DiT_ref_cls_1k,0.56,0.9,0.08740000000000037
Sys_DiT_ref_cls_1k,0.56,0.92,0.08560000000000033
Sys_DiT_ref_cls_1k,0.56,0.94,0.07360000000000028
Sys_DiT_ref_cls_1k,0.56,0.96,0.06600000000000023
Sys_DiT_ref_cls_1k,0.56,0.98,0.04900000000000007
Sys_DiT_ref_cls_1k,0.56,1.0,0.010799999999999994
Sys_DiT_ref_cls_1k,0.58,0.0,0.7590999999999977
Sys_DiT_ref_cls_1k,0.58,0.02,0.7590999999999977
Sys_DiT_ref_cls_1k,0.58,0.04,0.7590999999999977
Sys_DiT_ref_cls_1k,0.58,0.06,0.7590999999999977
Sys_DiT_ref_cls_1k,0.58,0.08,0.7590999999999977
Sys_DiT_ref_cls_1k,0.58,0.1,0.7590999999999977
Sys_DiT_ref_cls_1k,0.58,0.12,0.7590999999999977
Sys_DiT_ref_cls_1k,0.58,0.14,0.7590999999999977
Sys_DiT_ref_cls_1k,0.58,0.16,0.7590999999999977
Sys_DiT_ref_cls_1k,0.58,0.18,0.7588999999999976
Sys_DiT_ref_cls_1k,0.58,0.2,0.7586999999999977
Sys_DiT_ref_cls_1k,0.58,0.22,0.7586999999999977
Sys_DiT_ref_cls_1k,0.58,0.24,0.7570999999999978
Sys_DiT_ref_cls_1k,0.58,0.26,0.7454999999999982
Sys_DiT_ref_cls_1k,0.58,0.28,0.7450999999999982
Sys_DiT_ref_cls_1k,0.58,0.3,0.7404999999999984
Sys_DiT_ref_cls_1k,0.58,0.32,0.6212999999999994
Sys_DiT_ref_cls_1k,0.58,0.34,0.6166999999999996
Sys_DiT_ref_cls_1k,0.58,0.36,0.6158999999999996
Sys_DiT_ref_cls_1k,0.58,0.38,0.5956999999999993
Sys_DiT_ref_cls_1k,0.58,0.4,0.5894999999999997
Sys_DiT_ref_cls_1k,0.58,0.42,0.5599
Sys_DiT_ref_cls_1k,0.58,0.44,0.5207000000000004
Sys_DiT_ref_cls_1k,0.58,0.46,0.5203000000000004
Sys_DiT_ref_cls_1k,0.58,0.48,0.5163000000000004
Sys_DiT_ref_cls_1k,0.58,0.5,0.5111000000000006
Sys_DiT_ref_cls_1k,0.58,0.52,0.5111000000000006
Sys_DiT_ref_cls_1k,0.58,0.54,0.4963000000000005
Sys_DiT_ref_cls_1k,0.58,0.56,0.48790000000000044
Sys_DiT_ref_cls_1k,0.58,0.58,0.38989999999999964
Sys_DiT_ref_cls_1k,0.58,0.6,0.38449999999999956
Sys_DiT_ref_cls_1k,0.58,0.62,0.3666499999999994
Sys_DiT_ref_cls_1k,0.58,0.64,0.36284999999999934
Sys_DiT_ref_cls_1k,0.58,0.66,0.3454499999999996
Sys_DiT_ref_cls_1k,0.58,0.68,0.3454499999999996
Sys_DiT_ref_cls_1k,0.58,0.7,0.3422499999999996
Sys_DiT_ref_cls_1k,0.58,0.72,0.3422499999999996
Sys_DiT_ref_cls_1k,0.58,0.74,0.25399999999999945
Sys_DiT_ref_cls_1k,0.58,0.76,0.21359999999999965
Sys_DiT_ref_cls_1k,0.58,0.78,0.11940000000000064
Sys_DiT_ref_cls_1k,0.58,0.8,0.11480000000000062
Sys_DiT_ref_cls_1k,0.58,0.82,0.11460000000000062
Sys_DiT_ref_cls_1k,0.58,0.84,0.10100000000000046
Sys_DiT_ref_cls_1k,0.58,0.86,0.08900000000000038
Sys_DiT_ref_cls_1k,0.58,0.88,0.08700000000000035
Sys_DiT_ref_cls_1k,0.58,0.9,0.08700000000000035
Sys_DiT_ref_cls_1k,0.58,0.92,0.08540000000000034
Sys_DiT_ref_cls_1k,0.58,0.94,0.07340000000000027
Sys_DiT_ref_cls_1k,0.58,0.96,0.0658000000000002
Sys_DiT_ref_cls_1k,0.58,0.98,0.048800000000000066
Sys_DiT_ref_cls_1k,0.58,1.0,0.010799999999999994
Sys_DiT_ref_cls_1k,0.6,0.0,0.7590999999999977
Sys_DiT_ref_cls_1k,0.6,0.02,0.7590999999999977
Sys_DiT_ref_cls_1k,0.6,0.04,0.7590999999999977
Sys_DiT_ref_cls_1k,0.6,0.06,0.7590999999999977
Sys_DiT_ref_cls_1k,0.6,0.08,0.7590999999999977
Sys_DiT_ref_cls_1k,0.6,0.1,0.7590999999999977
Sys_DiT_ref_cls_1k,0.6,0.12,0.7590999999999977
Sys_DiT_ref_cls_1k,0.6,0.14,0.7590999999999977
Sys_DiT_ref_cls_1k,0.6,0.16,0.7590999999999977
Sys_DiT_ref_cls_1k,0.6,0.18,0.7588999999999976
Sys_DiT_ref_cls_1k,0.6,0.2,0.7586999999999977
Sys_DiT_ref_cls_1k,0.6,0.22,0.7586999999999977
Sys_DiT_ref_cls_1k,0.6,0.24,0.7570999999999978
Sys_DiT_ref_cls_1k,0.6,0.26,0.7454999999999982
Sys_DiT_ref_cls_1k,0.6,0.28,0.7450999999999982
Sys_DiT_ref_cls_1k,0.6,0.3,0.7404999999999984
Sys_DiT_ref_cls_1k,0.6,0.32,0.6212999999999994
Sys_DiT_ref_cls_1k,0.6,0.34,0.6166999999999996
Sys_DiT_ref_cls_1k,0.6,0.36,0.6158999999999996
Sys_DiT_ref_cls_1k,0.6,0.38,0.5956999999999993
Sys_DiT_ref_cls_1k,0.6,0.4,0.5894999999999997
Sys_DiT_ref_cls_1k,0.6,0.42,0.5599
Sys_DiT_ref_cls_1k,0.6,0.44,0.5207000000000004
Sys_DiT_ref_cls_1k,0.6,0.46,0.5203000000000004
Sys_DiT_ref_cls_1k,0.6,0.48,0.5163000000000004
Sys_DiT_ref_cls_1k,0.6,0.5,0.5111000000000006
Sys_DiT_ref_cls_1k,0.6,0.52,0.5111000000000006
Sys_DiT_ref_cls_1k,0.6,0.54,0.4963000000000005
Sys_DiT_ref_cls_1k,0.6,0.56,0.48790000000000044
Sys_DiT_ref_cls_1k,0.6,0.58,0.38989999999999964
Sys_DiT_ref_cls_1k,0.6,0.6,0.38449999999999956
Sys_DiT_ref_cls_1k,0.6,0.62,0.3666499999999994
Sys_DiT_ref_cls_1k,0.6,0.64,0.36284999999999934
Sys_DiT_ref_cls_1k,0.6,0.66,0.3454499999999996
Sys_DiT_ref_cls_1k,0.6,0.68,0.3454499999999996
Sys_DiT_ref_cls_1k,0.6,0.7,0.3422499999999996
Sys_DiT_ref_cls_1k,0.6,0.72,0.3422499999999996
Sys_DiT_ref_cls_1k,0.6,0.74,0.25399999999999945
Sys_DiT_ref_cls_1k,0.6,0.76,0.21359999999999965
Sys_DiT_ref_cls_1k,0.6,0.78,0.11940000000000064
Sys_DiT_ref_cls_1k,0.6,0.8,0.11480000000000062
Sys_DiT_ref_cls_1k,0.6,0.82,0.11460000000000062
Sys_DiT_ref_cls_1k,0.6,0.84,0.10100000000000046
Sys_DiT_ref_cls_1k,0.6,0.86,0.08900000000000038
Sys_DiT_ref_cls_1k,0.6,0.88,0.08700000000000035
Sys_DiT_ref_cls_1k,0.6,0.9,0.08700000000000035
Sys_DiT_ref_cls_1k,0.6,0.92,0.08540000000000034
Sys_DiT_ref_cls_1k,0.6,0.94,0.07340000000000027
Sys_DiT_ref_cls_1k,0.6,0.96,0.0658000000000002
Sys_DiT_ref_cls_1k,0.6,0.98,0.048800000000000066
Sys_DiT_ref_cls_1k,0.6,1.0,0.010799999999999994
Sys_DiT_ref_cls_1k,0.62,0.0,0.7590999999999977
Sys_DiT_ref_cls_1k,0.62,0.02,0.7590999999999977
Sys_DiT_ref_cls_1k,0.62,0.04,0.7590999999999977
Sys_DiT_ref_cls_1k,0.62,0.06,0.7590999999999977
Sys_DiT_ref_cls_1k,0.62,0.08,0.7590999999999977
Sys_DiT_ref_cls_1k,0.62,0.1,0.7590999999999977
Sys_DiT_ref_cls_1k,0.62,0.12,0.7590999999999977
Sys_DiT_ref_cls_1k,0.62,0.14,0.7590999999999977
Sys_DiT_ref_cls_1k,0.62,0.16,0.7590999999999977
Sys_DiT_ref_cls_1k,0.62,0.18,0.7588999999999976
Sys_DiT_ref_cls_1k,0.62,0.2,0.7586999999999977
Sys_DiT_ref_cls_1k,0.62,0.22,0.7586999999999977
Sys_DiT_ref_cls_1k,0.62,0.24,0.7570999999999978
Sys_DiT_ref_cls_1k,0.62,0.26,0.7454999999999982
Sys_DiT_ref_cls_1k,0.62,0.28,0.7450999999999982
Sys_DiT_ref_cls_1k,0.62,0.3,0.7404999999999984
Sys_DiT_ref_cls_1k,0.62,0.32,0.6212999999999994
Sys_DiT_ref_cls_1k,0.62,0.34,0.6166999999999996
Sys_DiT_ref_cls_1k,0.62,0.36,0.6158999999999996
Sys_DiT_ref_cls_1k,0.62,0.38,0.5956999999999993
Sys_DiT_ref_cls_1k,0.62,0.4,0.5894999999999997
Sys_DiT_ref_cls_1k,0.62,0.42,0.5599
Sys_DiT_ref_cls_1k,0.62,0.44,0.5207000000000004
Sys_DiT_ref_cls_1k,0.62,0.46,0.5203000000000004
Sys_DiT_ref_cls_1k,0.62,0.48,0.5163000000000004
Sys_DiT_ref_cls_1k,0.62,0.5,0.5111000000000006
Sys_DiT_ref_cls_1k,0.62,0.52,0.5111000000000006
Sys_DiT_ref_cls_1k,0.62,0.54,0.4963000000000005
Sys_DiT_ref_cls_1k,0.62,0.56,0.48790000000000044
Sys_DiT_ref_cls_1k,0.62,0.58,0.38989999999999964
Sys_DiT_ref_cls_1k,0.62,0.6,0.38449999999999956
Sys_DiT_ref_cls_1k,0.62,0.62,0.3666499999999994
Sys_DiT_ref_cls_1k,0.62,0.64,0.36284999999999934
Sys_DiT_ref_cls_1k,0.62,0.66,0.3454499999999996
Sys_DiT_ref_cls_1k,0.62,0.68,0.3454499999999996
Sys_DiT_ref_cls_1k,0.62,0.7,0.3422499999999996
Sys_DiT_ref_cls_1k,0.62,0.72,0.3422499999999996
Sys_DiT_ref_cls_1k,0.62,0.74,0.25399999999999945
Sys_DiT_ref_cls_1k,0.62,0.76,0.21359999999999965
Sys_DiT_ref_cls_1k,0.62,0.78,0.11940000000000064
Sys_DiT_ref_cls_1k,0.62,0.8,0.11480000000000062
Sys_DiT_ref_cls_1k,0.62,0.82,0.11460000000000062
Sys_DiT_ref_cls_1k,0.62,0.84,0.10100000000000046
Sys_DiT_ref_cls_1k,0.62,0.86,0.08900000000000038
Sys_DiT_ref_cls_1k,0.62,0.88,0.08700000000000035
Sys_DiT_ref_cls_1k,0.62,0.9,0.08700000000000035
Sys_DiT_ref_cls_1k,0.62,0.92,0.08540000000000034
Sys_DiT_ref_cls_1k,0.62,0.94,0.07340000000000027
Sys_DiT_ref_cls_1k,0.62,0.96,0.0658000000000002
Sys_DiT_ref_cls_1k,0.62,0.98,0.048800000000000066
Sys_DiT_ref_cls_1k,0.62,1.0,0.010799999999999994
Sys_DiT_ref_cls_1k,0.64,0.0,0.7546999999999979
Sys_DiT_ref_cls_1k,0.64,0.02,0.7546999999999979
Sys_DiT_ref_cls_1k,0.64,0.04,0.7546999999999979
Sys_DiT_ref_cls_1k,0.64,0.06,0.7546999999999979
Sys_DiT_ref_cls_1k,0.64,0.08,0.7546999999999979
Sys_DiT_ref_cls_1k,0.64,0.1,0.7546999999999979
Sys_DiT_ref_cls_1k,0.64,0.12,0.7546999999999979
Sys_DiT_ref_cls_1k,0.64,0.14,0.7546999999999979
Sys_DiT_ref_cls_1k,0.64,0.16,0.7546999999999979
Sys_DiT_ref_cls_1k,0.64,0.18,0.7546999999999979
Sys_DiT_ref_cls_1k,0.64,0.2,0.7544999999999978
Sys_DiT_ref_cls_1k,0.64,0.22,0.7544999999999978
Sys_DiT_ref_cls_1k,0.64,0.24,0.7528999999999979
Sys_DiT_ref_cls_1k,0.64,0.26,0.7414999999999984
Sys_DiT_ref_cls_1k,0.64,0.28,0.7410999999999984
Sys_DiT_ref_cls_1k,0.64,0.3,0.7364999999999986
Sys_DiT_ref_cls_1k,0.64,0.32,0.6184999999999995
Sys_DiT_ref_cls_1k,0.64,0.34,0.6138999999999997
Sys_DiT_ref_cls_1k,0.64,0.36,0.6130999999999996
Sys_DiT_ref_cls_1k,0.64,0.38,0.5938999999999994
Sys_DiT_ref_cls_1k,0.64,0.4,0.5876999999999994
Sys_DiT_ref_cls_1k,0.64,0.42,0.5581
Sys_DiT_ref_cls_1k,0.64,0.44,0.5189000000000005
Sys_DiT_ref_cls_1k,0.64,0.46,0.5185000000000005
Sys_DiT_ref_cls_1k,0.64,0.48,0.5145000000000003
Sys_DiT_ref_cls_1k,0.64,0.5,0.5093000000000005
Sys_DiT_ref_cls_1k,0.64,0.52,0.5093000000000005
Sys_DiT_ref_cls_1k,0.64,0.54,0.49450000000000055
Sys_DiT_ref_cls_1k,0.64,0.56,0.4861000000000005
Sys_DiT_ref_cls_1k,0.64,0.58,0.38969999999999966
Sys_DiT_ref_cls_1k,0.64,0.6,0.38429999999999953
Sys_DiT_ref_cls_1k,0.64,0.62,0.3664499999999995
Sys_DiT_ref_cls_1k,0.64,0.64,0.36264999999999936
Sys_DiT_ref_cls_1k,0.64,0.66,0.3452499999999996
Sys_DiT_ref_cls_1k,0.64,0.68,0.3452499999999996
Sys_DiT_ref_cls_1k,0.64,0.7,0.34204999999999963
Sys_DiT_ref_cls_1k,0.64,0.72,0.34204999999999963
Sys_DiT_ref_cls_1k,0.64,0.74,0.25379999999999947
Sys_DiT_ref_cls_1k,0.64,0.76,0.21339999999999967
Sys_DiT_ref_cls_1k,0.64,0.78,0.11940000000000064
Sys_DiT_ref_cls_1k,0.64,0.8,0.11480000000000062
Sys_DiT_ref_cls_1k,0.64,0.82,0.11460000000000062
Sys_DiT_ref_cls_1k,0.64,0.84,0.10100000000000046
Sys_DiT_ref_cls_1k,0.64,0.86,0.08900000000000038
Sys_DiT_ref_cls_1k,0.64,0.88,0.08700000000000035
Sys_DiT_ref_cls_1k,0.64,0.9,0.08700000000000035
Sys_DiT_ref_cls_1k,0.64,0.92,0.08540000000000034
Sys_DiT_ref_cls_1k,0.64,0.94,0.07340000000000027
Sys_DiT_ref_cls_1k,0.64,0.96,0.0658000000000002
Sys_DiT_ref_cls_1k,0.64,0.98,0.048800000000000066
Sys_DiT_ref_cls_1k,0.64,1.0,0.010799999999999994
Sys_DiT_ref_cls_1k,0.66,0.0,0.7542999999999979
Sys_DiT_ref_cls_1k,0.66,0.02,0.7542999999999979
Sys_DiT_ref_cls_1k,0.66,0.04,0.7542999999999979
Sys_DiT_ref_cls_1k,0.66,0.06,0.7542999999999979
Sys_DiT_ref_cls_1k,0.66,0.08,0.7542999999999979
Sys_DiT_ref_cls_1k,0.66,0.1,0.7542999999999979
Sys_DiT_ref_cls_1k,0.66,0.12,0.7542999999999979
Sys_DiT_ref_cls_1k,0.66,0.14,0.7542999999999979
Sys_DiT_ref_cls_1k,0.66,0.16,0.7542999999999979
Sys_DiT_ref_cls_1k,0.66,0.18,0.7542999999999979
Sys_DiT_ref_cls_1k,0.66,0.2,0.7540999999999979
Sys_DiT_ref_cls_1k,0.66,0.22,0.7540999999999979
Sys_DiT_ref_cls_1k,0.66,0.24,0.752499999999998
Sys_DiT_ref_cls_1k,0.66,0.26,0.7410999999999984
Sys_DiT_ref_cls_1k,0.66,0.28,0.7406999999999985
Sys_DiT_ref_cls_1k,0.66,0.3,0.7360999999999986
Sys_DiT_ref_cls_1k,0.66,0.32,0.6180999999999994
Sys_DiT_ref_cls_1k,0.66,0.34,0.6134999999999995
Sys_DiT_ref_cls_1k,0.66,0.36,0.6126999999999996
Sys_DiT_ref_cls_1k,0.66,0.38,0.5936999999999995
Sys_DiT_ref_cls_1k,0.66,0.4,0.5874999999999996
Sys_DiT_ref_cls_1k,0.66,0.42,0.5579
Sys_DiT_ref_cls_1k,0.66,0.44,0.5187000000000004
Sys_DiT_ref_cls_1k,0.66,0.46,0.5183000000000005
Sys_DiT_ref_cls_1k,0.66,0.48,0.5143000000000003
Sys_DiT_ref_cls_1k,0.66,0.5,0.5091000000000006
Sys_DiT_ref_cls_1k,0.66,0.52,0.5091000000000006
Sys_DiT_ref_cls_1k,0.66,0.54,0.4943000000000006
Sys_DiT_ref_cls_1k,0.66,0.56,0.4859000000000005
Sys_DiT_ref_cls_1k,0.66,0.58,0.38969999999999966
Sys_DiT_ref_cls_1k,0.66,0.6,0.38429999999999953
Sys_DiT_ref_cls_1k,0.66,0.62,0.3664499999999995
Sys_DiT_ref_cls_1k,0.66,0.64,0.36264999999999936
Sys_DiT_ref_cls_1k,0.66,0.66,0.3452499999999996
Sys_DiT_ref_cls_1k,0.66,0.68,0.3452499999999996
Sys_DiT_ref_cls_1k,0.66,0.7,0.34204999999999963
Sys_DiT_ref_cls_1k,0.66,0.72,0.34204999999999963
Sys_DiT_ref_cls_1k,0.66,0.74,0.25379999999999947
Sys_DiT_ref_cls_1k,0.66,0.76,0.21339999999999967
Sys_DiT_ref_cls_1k,0.66,0.78,0.11940000000000064
Sys_DiT_ref_cls_1k,0.66,0.8,0.11480000000000062
Sys_DiT_ref_cls_1k,0.66,0.82,0.11460000000000062
Sys_DiT_ref_cls_1k,0.66,0.84,0.10100000000000046
Sys_DiT_ref_cls_1k,0.66,0.86,0.08900000000000038
Sys_DiT_ref_cls_1k,0.66,0.88,0.08700000000000035
Sys_DiT_ref_cls_1k,0.66,0.9,0.08700000000000035
Sys_DiT_ref_cls_1k,0.66,0.92,0.08540000000000034
Sys_DiT_ref_cls_1k,0.66,0.94,0.07340000000000027
Sys_DiT_ref_cls_1k,0.66,0.96,0.0658000000000002
Sys_DiT_ref_cls_1k,0.66,0.98,0.048800000000000066
Sys_DiT_ref_cls_1k,0.66,1.0,0.010799999999999994
Sys_DiT_ref_cls_1k,0.68,0.0,0.7542999999999979
Sys_DiT_ref_cls_1k,0.68,0.02,0.7542999999999979
Sys_DiT_ref_cls_1k,0.68,0.04,0.7542999999999979
Sys_DiT_ref_cls_1k,0.68,0.06,0.7542999999999979
Sys_DiT_ref_cls_1k,0.68,0.08,0.7542999999999979
Sys_DiT_ref_cls_1k,0.68,0.1,0.7542999999999979
Sys_DiT_ref_cls_1k,0.68,0.12,0.7542999999999979
Sys_DiT_ref_cls_1k,0.68,0.14,0.7542999999999979
Sys_DiT_ref_cls_1k,0.68,0.16,0.7542999999999979
Sys_DiT_ref_cls_1k,0.68,0.18,0.7542999999999979
Sys_DiT_ref_cls_1k,0.68,0.2,0.7540999999999979
Sys_DiT_ref_cls_1k,0.68,0.22,0.7540999999999979
Sys_DiT_ref_cls_1k,0.68,0.24,0.752499999999998
Sys_DiT_ref_cls_1k,0.68,0.26,0.7410999999999984
Sys_DiT_ref_cls_1k,0.68,0.28,0.7406999999999985
Sys_DiT_ref_cls_1k,0.68,0.3,0.7360999999999986
Sys_DiT_ref_cls_1k,0.68,0.32,0.6180999999999994
Sys_DiT_ref_cls_1k,0.68,0.34,0.6134999999999995
Sys_DiT_ref_cls_1k,0.68,0.36,0.6126999999999996
Sys_DiT_ref_cls_1k,0.68,0.38,0.5936999999999995
Sys_DiT_ref_cls_1k,0.68,0.4,0.5874999999999996
Sys_DiT_ref_cls_1k,0.68,0.42,0.5579
Sys_DiT_ref_cls_1k,0.68,0.44,0.5187000000000004
Sys_DiT_ref_cls_1k,0.68,0.46,0.5183000000000005
Sys_DiT_ref_cls_1k,0.68,0.48,0.5143000000000003
Sys_DiT_ref_cls_1k,0.68,0.5,0.5091000000000006
Sys_DiT_ref_cls_1k,0.68,0.52,0.5091000000000006
Sys_DiT_ref_cls_1k,0.68,0.54,0.4943000000000006
Sys_DiT_ref_cls_1k,0.68,0.56,0.4859000000000005
Sys_DiT_ref_cls_1k,0.68,0.58,0.38969999999999966
Sys_DiT_ref_cls_1k,0.68,0.6,0.38429999999999953
Sys_DiT_ref_cls_1k,0.68,0.62,0.3664499999999995
Sys_DiT_ref_cls_1k,0.68,0.64,0.36264999999999936
Sys_DiT_ref_cls_1k,0.68,0.66,0.3452499999999996
Sys_DiT_ref_cls_1k,0.68,0.68,0.3452499999999996
Sys_DiT_ref_cls_1k,0.68,0.7,0.34204999999999963
Sys_DiT_ref_cls_1k,0.68,0.72,0.34204999999999963
Sys_DiT_ref_cls_1k,0.68,0.74,0.25379999999999947
Sys_DiT_ref_cls_1k,0.68,0.76,0.21339999999999967
Sys_DiT_ref_cls_1k,0.68,0.78,0.11940000000000064
Sys_DiT_ref_cls_1k,0.68,0.8,0.11480000000000062
Sys_DiT_ref_cls_1k,0.68,0.82,0.11460000000000062
Sys_DiT_ref_cls_1k,0.68,0.84,0.10100000000000046
Sys_DiT_ref_cls_1k,0.68,0.86,0.08900000000000038
Sys_DiT_ref_cls_1k,0.68,0.88,0.08700000000000035
Sys_DiT_ref_cls_1k,0.68,0.9,0.08700000000000035
Sys_DiT_ref_cls_1k,0.68,0.92,0.08540000000000034
Sys_DiT_ref_cls_1k,0.68,0.94,0.07340000000000027
Sys_DiT_ref_cls_1k,0.68,0.96,0.0658000000000002
Sys_DiT_ref_cls_1k,0.68,0.98,0.048800000000000066
Sys_DiT_ref_cls_1k,0.68,1.0,0.010799999999999994
Sys_DiT_ref_cls_1k,0.7,0.0,0.7114999999999987
Sys_DiT_ref_cls_1k,0.7,0.02,0.7114999999999987
Sys_DiT_ref_cls_1k,0.7,0.04,0.7114999999999987
Sys_DiT_ref_cls_1k,0.7,0.06,0.7114999999999987
Sys_DiT_ref_cls_1k,0.7,0.08,0.7114999999999987
Sys_DiT_ref_cls_1k,0.7,0.1,0.7114999999999987
Sys_DiT_ref_cls_1k,0.7,0.12,0.7114999999999987
Sys_DiT_ref_cls_1k,0.7,0.14,0.7114999999999987
Sys_DiT_ref_cls_1k,0.7,0.16,0.7114999999999987
Sys_DiT_ref_cls_1k,0.7,0.18,0.7114999999999987
Sys_DiT_ref_cls_1k,0.7,0.2,0.7112999999999987
Sys_DiT_ref_cls_1k,0.7,0.22,0.7112999999999987
Sys_DiT_ref_cls_1k,0.7,0.24,0.7096999999999989
Sys_DiT_ref_cls_1k,0.7,0.26,0.6982999999999993
Sys_DiT_ref_cls_1k,0.7,0.28,0.6978999999999993
Sys_DiT_ref_cls_1k,0.7,0.3,0.6932999999999995
Sys_DiT_ref_cls_1k,0.7,0.32,0.5879
Sys_DiT_ref_cls_1k,0.7,0.34,0.5833000000000002
Sys_DiT_ref_cls_1k,0.7,0.36,0.5825000000000002
Sys_DiT_ref_cls_1k,0.7,0.38,0.5662999999999999
Sys_DiT_ref_cls_1k,0.7,0.4,0.5600999999999997
Sys_DiT_ref_cls_1k,0.7,0.42,0.5317000000000005
Sys_DiT_ref_cls_1k,0.7,0.44,0.4981000000000005
Sys_DiT_ref_cls_1k,0.7,0.46,0.4977000000000005
Sys_DiT_ref_cls_1k,0.7,0.48,0.4937000000000004
Sys_DiT_ref_cls_1k,0.7,0.5,0.48850000000000054
Sys_DiT_ref_cls_1k,0.7,0.52,0.48850000000000054
Sys_DiT_ref_cls_1k,0.7,0.54,0.4739000000000005
Sys_DiT_ref_cls_1k,0.7,0.56,0.46610000000000035
Sys_DiT_ref_cls_1k,0.7,0.58,0.38129999999999964
Sys_DiT_ref_cls_1k,0.7,0.6,0.3758999999999994
Sys_DiT_ref_cls_1k,0.7,0.62,0.3580499999999995
Sys_DiT_ref_cls_1k,0.7,0.64,0.3556499999999996
Sys_DiT_ref_cls_1k,0.7,0.66,0.33824999999999955
Sys_DiT_ref_cls_1k,0.7,0.68,0.33824999999999955
Sys_DiT_ref_cls_1k,0.7,0.7,0.3350499999999995
Sys_DiT_ref_cls_1k,0.7,0.72,0.3350499999999995
Sys_DiT_ref_cls_1k,0.7,0.74,0.24839999999999934
Sys_DiT_ref_cls_1k,0.7,0.76,0.20799999999999963
Sys_DiT_ref_cls_1k,0.7,0.78,0.11820000000000064
Sys_DiT_ref_cls_1k,0.7,0.8,0.1136000000000006
Sys_DiT_ref_cls_1k,0.7,0.82,0.1134000000000006
Sys_DiT_ref_cls_1k,0.7,0.84,0.10060000000000047
Sys_DiT_ref_cls_1k,0.7,0.86,0.08860000000000037
Sys_DiT_ref_cls_1k,0.7,0.88,0.08660000000000034
Sys_DiT_ref_cls_1k,0.7,0.9,0.08660000000000034
Sys_DiT_ref_cls_1k,0.7,0.92,0.08500000000000034
Sys_DiT_ref_cls_1k,0.7,0.94,0.07300000000000029
Sys_DiT_ref_cls_1k,0.7,0.96,0.06540000000000022
Sys_DiT_ref_cls_1k,0.7,0.98,0.04860000000000007
Sys_DiT_ref_cls_1k,0.7,1.0,0.010799999999999994
Sys_DiT_ref_cls_1k,0.72,0.0,0.7114999999999987
Sys_DiT_ref_cls_1k,0.72,0.02,0.7114999999999987
Sys_DiT_ref_cls_1k,0.72,0.04,0.7114999999999987
Sys_DiT_ref_cls_1k,0.72,0.06,0.7114999999999987
Sys_DiT_ref_cls_1k,0.72,0.08,0.7114999999999987
Sys_DiT_ref_cls_1k,0.72,0.1,0.7114999999999987
Sys_DiT_ref_cls_1k,0.72,0.12,0.7114999999999987
Sys_DiT_ref_cls_1k,0.72,0.14,0.7114999999999987
Sys_DiT_ref_cls_1k,0.72,0.16,0.7114999999999987
Sys_DiT_ref_cls_1k,0.72,0.18,0.7114999999999987
Sys_DiT_ref_cls_1k,0.72,0.2,0.7112999999999987
Sys_DiT_ref_cls_1k,0.72,0.22,0.7112999999999987
Sys_DiT_ref_cls_1k,0.72,0.24,0.7096999999999989
Sys_DiT_ref_cls_1k,0.72,0.26,0.6982999999999993
Sys_DiT_ref_cls_1k,0.72,0.28,0.6978999999999993
Sys_DiT_ref_cls_1k,0.72,0.3,0.6932999999999995
Sys_DiT_ref_cls_1k,0.72,0.32,0.5879
Sys_DiT_ref_cls_1k,0.72,0.34,0.5833000000000002
Sys_DiT_ref_cls_1k,0.72,0.36,0.5825000000000002
Sys_DiT_ref_cls_1k,0.72,0.38,0.5662999999999999
Sys_DiT_ref_cls_1k,0.72,0.4,0.5600999999999997
Sys_DiT_ref_cls_1k,0.72,0.42,0.5317000000000005
Sys_DiT_ref_cls_1k,0.72,0.44,0.4981000000000005
Sys_DiT_ref_cls_1k,0.72,0.46,0.4977000000000005
Sys_DiT_ref_cls_1k,0.72,0.48,0.4937000000000004
Sys_DiT_ref_cls_1k,0.72,0.5,0.48850000000000054
Sys_DiT_ref_cls_1k,0.72,0.52,0.48850000000000054
Sys_DiT_ref_cls_1k,0.72,0.54,0.4739000000000005
Sys_DiT_ref_cls_1k,0.72,0.56,0.46610000000000035
Sys_DiT_ref_cls_1k,0.72,0.58,0.38129999999999964
Sys_DiT_ref_cls_1k,0.72,0.6,0.3758999999999994
Sys_DiT_ref_cls_1k,0.72,0.62,0.3580499999999995
Sys_DiT_ref_cls_1k,0.72,0.64,0.3556499999999996
Sys_DiT_ref_cls_1k,0.72,0.66,0.33824999999999955
Sys_DiT_ref_cls_1k,0.72,0.68,0.33824999999999955
Sys_DiT_ref_cls_1k,0.72,0.7,0.3350499999999995
Sys_DiT_ref_cls_1k,0.72,0.72,0.3350499999999995
Sys_DiT_ref_cls_1k,0.72,0.74,0.24839999999999934
Sys_DiT_ref_cls_1k,0.72,0.76,0.20799999999999963
Sys_DiT_ref_cls_1k,0.72,0.78,0.11820000000000064
Sys_DiT_ref_cls_1k,0.72,0.8,0.1136000000000006
Sys_DiT_ref_cls_1k,0.72,0.82,0.1134000000000006
Sys_DiT_ref_cls_1k,0.72,0.84,0.10060000000000047
Sys_DiT_ref_cls_1k,0.72,0.86,0.08860000000000037
Sys_DiT_ref_cls_1k,0.72,0.88,0.08660000000000034
Sys_DiT_ref_cls_1k,0.72,0.9,0.08660000000000034
Sys_DiT_ref_cls_1k,0.72,0.92,0.08500000000000034
Sys_DiT_ref_cls_1k,0.72,0.94,0.07300000000000029
Sys_DiT_ref_cls_1k,0.72,0.96,0.06540000000000022
Sys_DiT_ref_cls_1k,0.72,0.98,0.04860000000000007
Sys_DiT_ref_cls_1k,0.72,1.0,0.010799999999999994
Sys_DiT_ref_cls_1k,0.74,0.0,0.6926999999999988
Sys_DiT_ref_cls_1k,0.74,0.02,0.6926999999999988
Sys_DiT_ref_cls_1k,0.74,0.04,0.6926999999999988
Sys_DiT_ref_cls_1k,0.74,0.06,0.6926999999999988
Sys_DiT_ref_cls_1k,0.74,0.08,0.6926999999999988
Sys_DiT_ref_cls_1k,0.74,0.1,0.6926999999999988
Sys_DiT_ref_cls_1k,0.74,0.12,0.6926999999999988
Sys_DiT_ref_cls_1k,0.74,0.14,0.6926999999999988
Sys_DiT_ref_cls_1k,0.74,0.16,0.6926999999999988
Sys_DiT_ref_cls_1k,0.74,0.18,0.6926999999999988
Sys_DiT_ref_cls_1k,0.74,0.2,0.6924999999999989
Sys_DiT_ref_cls_1k,0.74,0.22,0.6924999999999989
Sys_DiT_ref_cls_1k,0.74,0.24,0.690899999999999
Sys_DiT_ref_cls_1k,0.74,0.26,0.6796999999999993
Sys_DiT_ref_cls_1k,0.74,0.28,0.6792999999999993
Sys_DiT_ref_cls_1k,0.74,0.3,0.6746999999999994
Sys_DiT_ref_cls_1k,0.74,0.32,0.5753000000000003
Sys_DiT_ref_cls_1k,0.74,0.34,0.5707000000000003
Sys_DiT_ref_cls_1k,0.74,0.36,0.5699000000000003
Sys_DiT_ref_cls_1k,0.74,0.38,0.5558999999999998
Sys_DiT_ref_cls_1k,0.74,0.4,0.5497000000000001
Sys_DiT_ref_cls_1k,0.74,0.42,0.5225000000000005
Sys_DiT_ref_cls_1k,0.74,0.44,0.48990000000000067
Sys_DiT_ref_cls_1k,0.74,0.46,0.48950000000000066
Sys_DiT_ref_cls_1k,0.74,0.48,0.4855000000000005
Sys_DiT_ref_cls_1k,0.74,0.5,0.4803000000000006
Sys_DiT_ref_cls_1k,0.74,0.52,0.4803000000000006
Sys_DiT_ref_cls_1k,0.74,0.54,0.4657000000000005
Sys_DiT_ref_cls_1k,0.74,0.56,0.45810000000000034
Sys_DiT_ref_cls_1k,0.74,0.58,0.37849999999999956
Sys_DiT_ref_cls_1k,0.74,0.6,0.37309999999999927
Sys_DiT_ref_cls_1k,0.74,0.62,0.35524999999999973
Sys_DiT_ref_cls_1k,0.74,0.64,0.3528499999999996
Sys_DiT_ref_cls_1k,0.74,0.66,0.33564999999999945
Sys_DiT_ref_cls_1k,0.74,0.68,0.33564999999999945
Sys_DiT_ref_cls_1k,0.74,0.7,0.3326499999999995
Sys_DiT_ref_cls_1k,0.74,0.72,0.3326499999999995
Sys_DiT_ref_cls_1k,0.74,0.74,0.2459999999999994
Sys_DiT_ref_cls_1k,0.74,0.76,0.20559999999999973
Sys_DiT_ref_cls_1k,0.74,0.78,0.11760000000000062
Sys_DiT_ref_cls_1k,0.74,0.8,0.11300000000000061
Sys_DiT_ref_cls_1k,0.74,0.82,0.11280000000000061
Sys_DiT_ref_cls_1k,0.74,0.84,0.10060000000000047
Sys_DiT_ref_cls_1k,0.74,0.86,0.08860000000000037
Sys_DiT_ref_cls_1k,0.74,0.88,0.08660000000000034
Sys_DiT_ref_cls_1k,0.74,0.9,0.08660000000000034
Sys_DiT_ref_cls_1k,0.74,0.92,0.08500000000000034
Sys_DiT_ref_cls_1k,0.74,0.94,0.07300000000000029
Sys_DiT_ref_cls_1k,0.74,0.96,0.06540000000000022
Sys_DiT_ref_cls_1k,0.74,0.98,0.04860000000000007
Sys_DiT_ref_cls_1k,0.74,1.0,0.010799999999999994
Sys_DiT_ref_cls_1k,0.76,0.0,0.6926999999999988
Sys_DiT_ref_cls_1k,0.76,0.02,0.6926999999999988
Sys_DiT_ref_cls_1k,0.76,0.04,0.6926999999999988
Sys_DiT_ref_cls_1k,0.76,0.06,0.6926999999999988
Sys_DiT_ref_cls_1k,0.76,0.08,0.6926999999999988
Sys_DiT_ref_cls_1k,0.76,0.1,0.6926999999999988
Sys_DiT_ref_cls_1k,0.76,0.12,0.6926999999999988
Sys_DiT_ref_cls_1k,0.76,0.14,0.6926999999999988
Sys_DiT_ref_cls_1k,0.76,0.16,0.6926999999999988
Sys_DiT_ref_cls_1k,0.76,0.18,0.6926999999999988
Sys_DiT_ref_cls_1k,0.76,0.2,0.6924999999999989
Sys_DiT_ref_cls_1k,0.76,0.22,0.6924999999999989
Sys_DiT_ref_cls_1k,0.76,0.24,0.690899999999999
Sys_DiT_ref_cls_1k,0.76,0.26,0.6796999999999993
Sys_DiT_ref_cls_1k,0.76,0.28,0.6792999999999993
Sys_DiT_ref_cls_1k,0.76,0.3,0.6746999999999994
Sys_DiT_ref_cls_1k,0.76,0.32,0.5753000000000003
Sys_DiT_ref_cls_1k,0.76,0.34,0.5707000000000003
Sys_DiT_ref_cls_1k,0.76,0.36,0.5699000000000003
Sys_DiT_ref_cls_1k,0.76,0.38,0.5558999999999998
Sys_DiT_ref_cls_1k,0.76,0.4,0.5497000000000001
Sys_DiT_ref_cls_1k,0.76,0.42,0.5225000000000005
Sys_DiT_ref_cls_1k,0.76,0.44,0.48990000000000067
Sys_DiT_ref_cls_1k,0.76,0.46,0.48950000000000066
Sys_DiT_ref_cls_1k,0.76,0.48,0.4855000000000005
Sys_DiT_ref_cls_1k,0.76,0.5,0.4803000000000006
Sys_DiT_ref_cls_1k,0.76,0.52,0.4803000000000006
Sys_DiT_ref_cls_1k,0.76,0.54,0.4657000000000005
Sys_DiT_ref_cls_1k,0.76,0.56,0.45810000000000034
Sys_DiT_ref_cls_1k,0.76,0.58,0.37849999999999956
Sys_DiT_ref_cls_1k,0.76,0.6,0.37309999999999927
Sys_DiT_ref_cls_1k,0.76,0.62,0.35524999999999973
Sys_DiT_ref_cls_1k,0.76,0.64,0.3528499999999996
Sys_DiT_ref_cls_1k,0.76,0.66,0.33564999999999945
Sys_DiT_ref_cls_1k,0.76,0.68,0.33564999999999945
Sys_DiT_ref_cls_1k,0.76,0.7,0.3326499999999995
Sys_DiT_ref_cls_1k,0.76,0.72,0.3326499999999995
Sys_DiT_ref_cls_1k,0.76,0.74,0.2459999999999994
Sys_DiT_ref_cls_1k,0.76,0.76,0.20559999999999973
Sys_DiT_ref_cls_1k,0.76,0.78,0.11760000000000062
Sys_DiT_ref_cls_1k,0.76,0.8,0.11300000000000061
Sys_DiT_ref_cls_1k,0.76,0.82,0.11280000000000061
Sys_DiT_ref_cls_1k,0.76,0.84,0.10060000000000047
Sys_DiT_ref_cls_1k,0.76,0.86,0.08860000000000037
Sys_DiT_ref_cls_1k,0.76,0.88,0.08660000000000034
Sys_DiT_ref_cls_1k,0.76,0.9,0.08660000000000034
Sys_DiT_ref_cls_1k,0.76,0.92,0.08500000000000034
Sys_DiT_ref_cls_1k,0.76,0.94,0.07300000000000029
Sys_DiT_ref_cls_1k,0.76,0.96,0.06540000000000022
Sys_DiT_ref_cls_1k,0.76,0.98,0.04860000000000007
Sys_DiT_ref_cls_1k,0.76,1.0,0.010799999999999994
Sys_DiT_ref_cls_1k,0.78,0.0,0.6020500000000006
Sys_DiT_ref_cls_1k,0.78,0.02,0.6020500000000006
Sys_DiT_ref_cls_1k,0.78,0.04,0.6020500000000006
Sys_DiT_ref_cls_1k,0.78,0.06,0.6020500000000006
Sys_DiT_ref_cls_1k,0.78,0.08,0.6020500000000006
Sys_DiT_ref_cls_1k,0.78,0.1,0.6020500000000006
Sys_DiT_ref_cls_1k,0.78,0.12,0.6020500000000006
Sys_DiT_ref_cls_1k,0.78,0.14,0.6020500000000006
Sys_DiT_ref_cls_1k,0.78,0.16,0.6020500000000006
Sys_DiT_ref_cls_1k,0.78,0.18,0.6020500000000006
Sys_DiT_ref_cls_1k,0.78,0.2,0.6018500000000006
Sys_DiT_ref_cls_1k,0.78,0.22,0.6018500000000006
Sys_DiT_ref_cls_1k,0.78,0.24,0.6008500000000007
Sys_DiT_ref_cls_1k,0.78,0.26,0.5952500000000008
Sys_DiT_ref_cls_1k,0.78,0.28,0.5948500000000008
Sys_DiT_ref_cls_1k,0.78,0.3,0.5946500000000008
Sys_DiT_ref_cls_1k,0.78,0.32,0.5087000000000012
Sys_DiT_ref_cls_1k,0.78,0.34,0.5057000000000011
Sys_DiT_ref_cls_1k,0.78,0.36,0.5057000000000011
Sys_DiT_ref_cls_1k,0.78,0.38,0.49190000000000067
Sys_DiT_ref_cls_1k,0.78,0.4,0.4901000000000007
Sys_DiT_ref_cls_1k,0.78,0.42,0.4645000000000006
Sys_DiT_ref_cls_1k,0.78,0.44,0.4487000000000005
Sys_DiT_ref_cls_1k,0.78,0.46,0.44830000000000053
Sys_DiT_ref_cls_1k,0.78,0.48,0.44430000000000036
Sys_DiT_ref_cls_1k,0.78,0.5,0.44430000000000036
Sys_DiT_ref_cls_1k,0.78,0.52,0.44430000000000036
Sys_DiT_ref_cls_1k,0.78,0.54,0.4389000000000002
Sys_DiT_ref_cls_1k,0.78,0.56,0.43570000000000003
Sys_DiT_ref_cls_1k,0.78,0.58,0.35609999999999936
Sys_DiT_ref_cls_1k,0.78,0.6,0.35449999999999926
Sys_DiT_ref_cls_1k,0.78,0.62,0.33684999999999954
Sys_DiT_ref_cls_1k,0.78,0.64,0.33484999999999954
Sys_DiT_ref_cls_1k,0.78,0.66,0.3202499999999994
Sys_DiT_ref_cls_1k,0.78,0.68,0.3202499999999994
Sys_DiT_ref_cls_1k,0.78,0.7,0.3180499999999994
Sys_DiT_ref_cls_1k,0.78,0.72,0.3180499999999994
Sys_DiT_ref_cls_1k,0.78,0.74,0.2407999999999995
Sys_DiT_ref_cls_1k,0.78,0.76,0.20039999999999977
Sys_DiT_ref_cls_1k,0.78,0.78,0.11240000000000057
Sys_DiT_ref_cls_1k,0.78,0.8,0.10820000000000055
Sys_DiT_ref_cls_1k,0.78,0.82,0.10800000000000054
Sys_DiT_ref_cls_1k,0.78,0.84,0.09920000000000045
Sys_DiT_ref_cls_1k,0.78,0.86,0.08740000000000037
Sys_DiT_ref_cls_1k,0.78,0.88,0.08540000000000034
Sys_DiT_ref_cls_1k,0.78,0.9,0.08540000000000034
Sys_DiT_ref_cls_1k,0.78,0.92,0.08380000000000033
Sys_DiT_ref_cls_1k,0.78,0.94,0.07180000000000027
Sys_DiT_ref_cls_1k,0.78,0.96,0.06460000000000021
Sys_DiT_ref_cls_1k,0.78,0.98,0.04780000000000006
Sys_DiT_ref_cls_1k,0.78,1.0,0.010799999999999994
Sys_DiT_ref_cls_1k,0.8,0.0,0.6020500000000006
Sys_DiT_ref_cls_1k,0.8,0.02,0.6020500000000006
Sys_DiT_ref_cls_1k,0.8,0.04,0.6020500000000006
Sys_DiT_ref_cls_1k,0.8,0.06,0.6020500000000006
Sys_DiT_ref_cls_1k,0.8,0.08,0.6020500000000006
Sys_DiT_ref_cls_1k,0.8,0.1,0.6020500000000006
Sys_DiT_ref_cls_1k,0.8,0.12,0.6020500000000006
Sys_DiT_ref_cls_1k,0.8,0.14,0.6020500000000006
Sys_DiT_ref_cls_1k,0.8,0.16,0.6020500000000006
Sys_DiT_ref_cls_1k,0.8,0.18,0.6020500000000006
Sys_DiT_ref_cls_1k,0.8,0.2,0.6018500000000006
Sys_DiT_ref_cls_1k,0.8,0.22,0.6018500000000006
Sys_DiT_ref_cls_1k,0.8,0.24,0.6008500000000007
Sys_DiT_ref_cls_1k,0.8,0.26,0.5952500000000008
Sys_DiT_ref_cls_1k,0.8,0.28,0.5948500000000008
Sys_DiT_ref_cls_1k,0.8,0.3,0.5946500000000008
Sys_DiT_ref_cls_1k,0.8,0.32,0.5087000000000012
Sys_DiT_ref_cls_1k,0.8,0.34,0.5057000000000011
Sys_DiT_ref_cls_1k,0.8,0.36,0.5057000000000011
Sys_DiT_ref_cls_1k,0.8,0.38,0.49190000000000067
Sys_DiT_ref_cls_1k,0.8,0.4,0.4901000000000007
Sys_DiT_ref_cls_1k,0.8,0.42,0.4645000000000006
Sys_DiT_ref_cls_1k,0.8,0.44,0.4487000000000005
Sys_DiT_ref_cls_1k,0.8,0.46,0.44830000000000053
Sys_DiT_ref_cls_1k,0.8,0.48,0.44430000000000036
Sys_DiT_ref_cls_1k,0.8,0.5,0.44430000000000036
Sys_DiT_ref_cls_1k,0.8,0.52,0.44430000000000036
Sys_DiT_ref_cls_1k,0.8,0.54,0.4389000000000002
Sys_DiT_ref_cls_1k,0.8,0.56,0.43570000000000003
Sys_DiT_ref_cls_1k,0.8,0.58,0.35609999999999936
Sys_DiT_ref_cls_1k,0.8,0.6,0.35449999999999926
Sys_DiT_ref_cls_1k,0.8,0.62,0.33684999999999954
Sys_DiT_ref_cls_1k,0.8,0.64,0.33484999999999954
Sys_DiT_ref_cls_1k,0.8,0.66,0.3202499999999994
Sys_DiT_ref_cls_1k,0.8,0.68,0.3202499999999994
Sys_DiT_ref_cls_1k,0.8,0.7,0.3180499999999994
Sys_DiT_ref_cls_1k,0.8,0.72,0.3180499999999994
Sys_DiT_ref_cls_1k,0.8,0.74,0.2407999999999995
Sys_DiT_ref_cls_1k,0.8,0.76,0.20039999999999977
Sys_DiT_ref_cls_1k,0.8,0.78,0.11240000000000057
Sys_DiT_ref_cls_1k,0.8,0.8,0.10820000000000055
Sys_DiT_ref_cls_1k,0.8,0.82,0.10800000000000054
Sys_DiT_ref_cls_1k,0.8,0.84,0.09920000000000045
Sys_DiT_ref_cls_1k,0.8,0.86,0.08740000000000037
Sys_DiT_ref_cls_1k,0.8,0.88,0.08540000000000034
Sys_DiT_ref_cls_1k,0.8,0.9,0.08540000000000034
Sys_DiT_ref_cls_1k,0.8,0.92,0.08380000000000033
Sys_DiT_ref_cls_1k,0.8,0.94,0.07180000000000027
Sys_DiT_ref_cls_1k,0.8,0.96,0.06460000000000021
Sys_DiT_ref_cls_1k,0.8,0.98,0.04780000000000006
Sys_DiT_ref_cls_1k,0.8,1.0,0.010799999999999994
Sys_DiT_ref_cls_1k,0.82,0.0,0.6020500000000006
Sys_DiT_ref_cls_1k,0.82,0.02,0.6020500000000006
Sys_DiT_ref_cls_1k,0.82,0.04,0.6020500000000006
Sys_DiT_ref_cls_1k,0.82,0.06,0.6020500000000006
Sys_DiT_ref_cls_1k,0.82,0.08,0.6020500000000006
Sys_DiT_ref_cls_1k,0.82,0.1,0.6020500000000006
Sys_DiT_ref_cls_1k,0.82,0.12,0.6020500000000006
Sys_DiT_ref_cls_1k,0.82,0.14,0.6020500000000006
Sys_DiT_ref_cls_1k,0.82,0.16,0.6020500000000006
Sys_DiT_ref_cls_1k,0.82,0.18,0.6020500000000006
Sys_DiT_ref_cls_1k,0.82,0.2,0.6018500000000006
Sys_DiT_ref_cls_1k,0.82,0.22,0.6018500000000006
Sys_DiT_ref_cls_1k,0.82,0.24,0.6008500000000007
Sys_DiT_ref_cls_1k,0.82,0.26,0.5952500000000008
Sys_DiT_ref_cls_1k,0.82,0.28,0.5948500000000008
Sys_DiT_ref_cls_1k,0.82,0.3,0.5946500000000008
Sys_DiT_ref_cls_1k,0.82,0.32,0.5087000000000012
Sys_DiT_ref_cls_1k,0.82,0.34,0.5057000000000011
Sys_DiT_ref_cls_1k,0.82,0.36,0.5057000000000011
Sys_DiT_ref_cls_1k,0.82,0.38,0.49190000000000067
Sys_DiT_ref_cls_1k,0.82,0.4,0.4901000000000007
Sys_DiT_ref_cls_1k,0.82,0.42,0.4645000000000006
Sys_DiT_ref_cls_1k,0.82,0.44,0.4487000000000005
Sys_DiT_ref_cls_1k,0.82,0.46,0.44830000000000053
Sys_DiT_ref_cls_1k,0.82,0.48,0.44430000000000036
Sys_DiT_ref_cls_1k,0.82,0.5,0.44430000000000036
Sys_DiT_ref_cls_1k,0.82,0.52,0.44430000000000036
Sys_DiT_ref_cls_1k,0.82,0.54,0.4389000000000002
Sys_DiT_ref_cls_1k,0.82,0.56,0.43570000000000003
Sys_DiT_ref_cls_1k,0.82,0.58,0.35609999999999936
Sys_DiT_ref_cls_1k,0.82,0.6,0.35449999999999926
Sys_DiT_ref_cls_1k,0.82,0.62,0.33684999999999954
Sys_DiT_ref_cls_1k,0.82,0.64,0.33484999999999954
Sys_DiT_ref_cls_1k,0.82,0.66,0.3202499999999994
Sys_DiT_ref_cls_1k,0.82,0.68,0.3202499999999994
Sys_DiT_ref_cls_1k,0.82,0.7,0.3180499999999994
Sys_DiT_ref_cls_1k,0.82,0.72,0.3180499999999994
Sys_DiT_ref_cls_1k,0.82,0.74,0.2407999999999995
Sys_DiT_ref_cls_1k,0.82,0.76,0.20039999999999977
Sys_DiT_ref_cls_1k,0.82,0.78,0.11240000000000057
Sys_DiT_ref_cls_1k,0.82,0.8,0.10820000000000055
Sys_DiT_ref_cls_1k,0.82,0.82,0.10800000000000054
Sys_DiT_ref_cls_1k,0.82,0.84,0.09920000000000045
Sys_DiT_ref_cls_1k,0.82,0.86,0.08740000000000037
Sys_DiT_ref_cls_1k,0.82,0.88,0.08540000000000034
Sys_DiT_ref_cls_1k,0.82,0.9,0.08540000000000034
Sys_DiT_ref_cls_1k,0.82,0.92,0.08380000000000033
Sys_DiT_ref_cls_1k,0.82,0.94,0.07180000000000027
Sys_DiT_ref_cls_1k,0.82,0.96,0.06460000000000021
Sys_DiT_ref_cls_1k,0.82,0.98,0.04780000000000006
Sys_DiT_ref_cls_1k,0.82,1.0,0.010799999999999994
Sys_DiT_ref_cls_1k,0.84,0.0,0.46820000000000006
Sys_DiT_ref_cls_1k,0.84,0.02,0.46820000000000006
Sys_DiT_ref_cls_1k,0.84,0.04,0.46820000000000006
Sys_DiT_ref_cls_1k,0.84,0.06,0.46820000000000006
Sys_DiT_ref_cls_1k,0.84,0.08,0.46820000000000006
Sys_DiT_ref_cls_1k,0.84,0.1,0.46820000000000006
Sys_DiT_ref_cls_1k,0.84,0.12,0.46820000000000006
Sys_DiT_ref_cls_1k,0.84,0.14,0.46820000000000006
Sys_DiT_ref_cls_1k,0.84,0.16,0.46820000000000006
Sys_DiT_ref_cls_1k,0.84,0.18,0.46820000000000006
Sys_DiT_ref_cls_1k,0.84,0.2,0.4680000000000001
Sys_DiT_ref_cls_1k,0.84,0.22,0.4680000000000001
Sys_DiT_ref_cls_1k,0.84,0.24,0.4670000000000001
Sys_DiT_ref_cls_1k,0.84,0.26,0.4613999999999998
Sys_DiT_ref_cls_1k,0.84,0.28,0.46119999999999983
Sys_DiT_ref_cls_1k,0.84,0.3,0.46099999999999985
Sys_DiT_ref_cls_1k,0.84,0.32,0.4058999999999996
Sys_DiT_ref_cls_1k,0.84,0.34,0.40289999999999954
Sys_DiT_ref_cls_1k,0.84,0.36,0.40289999999999954
Sys_DiT_ref_cls_1k,0.84,0.38,0.39849999999999924
Sys_DiT_ref_cls_1k,0.84,0.4,0.3970999999999993
Sys_DiT_ref_cls_1k,0.84,0.42,0.37989999999999946
Sys_DiT_ref_cls_1k,0.84,0.44,0.36409999999999954
Sys_DiT_ref_cls_1k,0.84,0.46,0.36369999999999947
Sys_DiT_ref_cls_1k,0.84,0.48,0.3620999999999995
Sys_DiT_ref_cls_1k,0.84,0.5,0.3620999999999995
Sys_DiT_ref_cls_1k,0.84,0.52,0.3620999999999995
Sys_DiT_ref_cls_1k,0.84,0.54,0.3570999999999994
Sys_DiT_ref_cls_1k,0.84,0.56,0.3538999999999993
Sys_DiT_ref_cls_1k,0.84,0.58,0.3192999999999989
Sys_DiT_ref_cls_1k,0.84,0.6,0.317699999999999
Sys_DiT_ref_cls_1k,0.84,0.62,0.3014499999999994
Sys_DiT_ref_cls_1k,0.84,0.64,0.29944999999999944
Sys_DiT_ref_cls_1k,0.84,0.66,0.28744999999999943
Sys_DiT_ref_cls_1k,0.84,0.68,0.28744999999999943
Sys_DiT_ref_cls_1k,0.84,0.7,0.2854499999999995
Sys_DiT_ref_cls_1k,0.84,0.72,0.2854499999999995
Sys_DiT_ref_cls_1k,0.84,0.74,0.2231999999999997
Sys_DiT_ref_cls_1k,0.84,0.76,0.1828
Sys_DiT_ref_cls_1k,0.84,0.78,0.10840000000000054
Sys_DiT_ref_cls_1k,0.84,0.8,0.10420000000000051
Sys_DiT_ref_cls_1k,0.84,0.82,0.10400000000000051
Sys_DiT_ref_cls_1k,0.84,0.84,0.09520000000000042
Sys_DiT_ref_cls_1k,0.84,0.86,0.08360000000000034
Sys_DiT_ref_cls_1k,0.84,0.88,0.08220000000000031
Sys_DiT_ref_cls_1k,0.84,0.9,0.08220000000000031
Sys_DiT_ref_cls_1k,0.84,0.92,0.08080000000000033
Sys_DiT_ref_cls_1k,0.84,0.94,0.06940000000000028
Sys_DiT_ref_cls_1k,0.84,0.96,0.06220000000000018
Sys_DiT_ref_cls_1k,0.84,0.98,0.04720000000000006
Sys_DiT_ref_cls_1k,0.84,1.0,0.010799999999999994
Sys_DiT_ref_cls_1k,0.86,0.0,0.4607999999999997
Sys_DiT_ref_cls_1k,0.86,0.02,0.4607999999999997
Sys_DiT_ref_cls_1k,0.86,0.04,0.4607999999999997
Sys_DiT_ref_cls_1k,0.86,0.06,0.4607999999999997
Sys_DiT_ref_cls_1k,0.86,0.08,0.4607999999999997
Sys_DiT_ref_cls_1k,0.86,0.1,0.4607999999999997
Sys_DiT_ref_cls_1k,0.86,0.12,0.4607999999999997
Sys_DiT_ref_cls_1k,0.86,0.14,0.4607999999999997
Sys_DiT_ref_cls_1k,0.86,0.16,0.4607999999999997
Sys_DiT_ref_cls_1k,0.86,0.18,0.4607999999999997
Sys_DiT_ref_cls_1k,0.86,0.2,0.46059999999999973
Sys_DiT_ref_cls_1k,0.86,0.22,0.46059999999999973
Sys_DiT_ref_cls_1k,0.86,0.24,0.45959999999999973
Sys_DiT_ref_cls_1k,0.86,0.26,0.45399999999999957
Sys_DiT_ref_cls_1k,0.86,0.28,0.45379999999999954
Sys_DiT_ref_cls_1k,0.86,0.3,0.45359999999999956
Sys_DiT_ref_cls_1k,0.86,0.32,0.3988999999999995
Sys_DiT_ref_cls_1k,0.86,0.34,0.39589999999999936
Sys_DiT_ref_cls_1k,0.86,0.36,0.39589999999999936
Sys_DiT_ref_cls_1k,0.86,0.38,0.3914999999999992
Sys_DiT_ref_cls_1k,0.86,0.4,0.3900999999999992
Sys_DiT_ref_cls_1k,0.86,0.42,0.3732999999999994
Sys_DiT_ref_cls_1k,0.86,0.44,0.35809999999999925
Sys_DiT_ref_cls_1k,0.86,0.46,0.35769999999999924
Sys_DiT_ref_cls_1k,0.86,0.48,0.3560999999999993
Sys_DiT_ref_cls_1k,0.86,0.5,0.3560999999999993
Sys_DiT_ref_cls_1k,0.86,0.52,0.3560999999999993
Sys_DiT_ref_cls_1k,0.86,0.54,0.35109999999999925
Sys_DiT_ref_cls_1k,0.86,0.56,0.34809999999999913
Sys_DiT_ref_cls_1k,0.86,0.58,0.3152999999999988
Sys_DiT_ref_cls_1k,0.86,0.6,0.3136999999999989
Sys_DiT_ref_cls_1k,0.86,0.62,0.2974499999999994
Sys_DiT_ref_cls_1k,0.86,0.64,0.29604999999999937
Sys_DiT_ref_cls_1k,0.86,0.66,0.2840499999999993
Sys_DiT_ref_cls_1k,0.86,0.68,0.2840499999999993
Sys_DiT_ref_cls_1k,0.86,0.7,0.28204999999999936
Sys_DiT_ref_cls_1k,0.86,0.72,0.28204999999999936
Sys_DiT_ref_cls_1k,0.86,0.74,0.2201999999999997
Sys_DiT_ref_cls_1k,0.86,0.76,0.17980000000000004
Sys_DiT_ref_cls_1k,0.86,0.78,0.10820000000000053
Sys_DiT_ref_cls_1k,0.86,0.8,0.10400000000000051
Sys_DiT_ref_cls_1k,0.86,0.82,0.1038000000000005
Sys_DiT_ref_cls_1k,0.86,0.84,0.09520000000000042
Sys_DiT_ref_cls_1k,0.86,0.86,0.08360000000000034
Sys_DiT_ref_cls_1k,0.86,0.88,0.08220000000000031
Sys_DiT_ref_cls_1k,0.86,0.9,0.08220000000000031
Sys_DiT_ref_cls_1k,0.86,0.92,0.08080000000000033
Sys_DiT_ref_cls_1k,0.86,0.94,0.06940000000000028
Sys_DiT_ref_cls_1k,0.86,0.96,0.06220000000000018
Sys_DiT_ref_cls_1k,0.86,0.98,0.04720000000000006
Sys_DiT_ref_cls_1k,0.86,1.0,0.010799999999999994
Sys_DiT_ref_cls_1k,0.88,0.0,0.4425999999999996
Sys_DiT_ref_cls_1k,0.88,0.02,0.4425999999999996
Sys_DiT_ref_cls_1k,0.88,0.04,0.4425999999999996
Sys_DiT_ref_cls_1k,0.88,0.06,0.4425999999999996
Sys_DiT_ref_cls_1k,0.88,0.08,0.4425999999999996
Sys_DiT_ref_cls_1k,0.88,0.1,0.4425999999999996
Sys_DiT_ref_cls_1k,0.88,0.12,0.4425999999999996
Sys_DiT_ref_cls_1k,0.88,0.14,0.4425999999999996
Sys_DiT_ref_cls_1k,0.88,0.16,0.4425999999999996
Sys_DiT_ref_cls_1k,0.88,0.18,0.4425999999999996
Sys_DiT_ref_cls_1k,0.88,0.2,0.4423999999999996
Sys_DiT_ref_cls_1k,0.88,0.22,0.4423999999999996
Sys_DiT_ref_cls_1k,0.88,0.24,0.44139999999999957
Sys_DiT_ref_cls_1k,0.88,0.26,0.4357999999999994
Sys_DiT_ref_cls_1k,0.88,0.28,0.4355999999999994
Sys_DiT_ref_cls_1k,0.88,0.3,0.4353999999999994
Sys_DiT_ref_cls_1k,0.88,0.32,0.38529999999999964
Sys_DiT_ref_cls_1k,0.88,0.34,0.38229999999999964
Sys_DiT_ref_cls_1k,0.88,0.36,0.38229999999999964
Sys_DiT_ref_cls_1k,0.88,0.38,0.3778999999999994
Sys_DiT_ref_cls_1k,0.88,0.4,0.37649999999999945
Sys_DiT_ref_cls_1k,0.88,0.42,0.3608999999999993
Sys_DiT_ref_cls_1k,0.88,0.44,0.3456999999999993
Sys_DiT_ref_cls_1k,0.88,0.46,0.34529999999999933
Sys_DiT_ref_cls_1k,0.88,0.48,0.3436999999999993
Sys_DiT_ref_cls_1k,0.88,0.5,0.3436999999999993
Sys_DiT_ref_cls_1k,0.88,0.52,0.3436999999999993
Sys_DiT_ref_cls_1k,0.88,0.54,0.3386999999999992
Sys_DiT_ref_cls_1k,0.88,0.56,0.3356999999999991
Sys_DiT_ref_cls_1k,0.88,0.58,0.3070999999999991
Sys_DiT_ref_cls_1k,0.88,0.6,0.3054999999999992
Sys_DiT_ref_cls_1k,0.88,0.62,0.29024999999999945
Sys_DiT_ref_cls_1k,0.88,0.64,0.2892499999999995
Sys_DiT_ref_cls_1k,0.88,0.66,0.27724999999999933
Sys_DiT_ref_cls_1k,0.88,0.68,0.27724999999999933
Sys_DiT_ref_cls_1k,0.88,0.7,0.2752499999999994
Sys_DiT_ref_cls_1k,0.88,0.72,0.2752499999999994
Sys_DiT_ref_cls_1k,0.88,0.74,0.2137999999999999
Sys_DiT_ref_cls_1k,0.88,0.76,0.17340000000000025
Sys_DiT_ref_cls_1k,0.88,0.78,0.10740000000000054
Sys_DiT_ref_cls_1k,0.88,0.8,0.1032000000000005
Sys_DiT_ref_cls_1k,0.88,0.82,0.1030000000000005
Sys_DiT_ref_cls_1k,0.88,0.84,0.09480000000000043
Sys_DiT_ref_cls_1k,0.88,0.86,0.08320000000000033
Sys_DiT_ref_cls_1k,0.88,0.88,0.0818000000000003
Sys_DiT_ref_cls_1k,0.88,0.9,0.0818000000000003
Sys_DiT_ref_cls_1k,0.88,0.92,0.08040000000000033
Sys_DiT_ref_cls_1k,0.88,0.94,0.06900000000000027
Sys_DiT_ref_cls_1k,0.88,0.96,0.061800000000000174
Sys_DiT_ref_cls_1k,0.88,0.98,0.047000000000000056
Sys_DiT_ref_cls_1k,0.88,1.0,0.010799999999999994
Sys_DiT_ref_cls_1k,0.9,0.0,0.4425999999999996
Sys_DiT_ref_cls_1k,0.9,0.02,0.4425999999999996
Sys_DiT_ref_cls_1k,0.9,0.04,0.4425999999999996
Sys_DiT_ref_cls_1k,0.9,0.06,0.4425999999999996
Sys_DiT_ref_cls_1k,0.9,0.08,0.4425999999999996
Sys_DiT_ref_cls_1k,0.9,0.1,0.4425999999999996
Sys_DiT_ref_cls_1k,0.9,0.12,0.4425999999999996
Sys_DiT_ref_cls_1k,0.9,0.14,0.4425999999999996
Sys_DiT_ref_cls_1k,0.9,0.16,0.4425999999999996
Sys_DiT_ref_cls_1k,0.9,0.18,0.4425999999999996
Sys_DiT_ref_cls_1k,0.9,0.2,0.4423999999999996
Sys_DiT_ref_cls_1k,0.9,0.22,0.4423999999999996
Sys_DiT_ref_cls_1k,0.9,0.24,0.44139999999999957
Sys_DiT_ref_cls_1k,0.9,0.26,0.4357999999999994
Sys_DiT_ref_cls_1k,0.9,0.28,0.4355999999999994
Sys_DiT_ref_cls_1k,0.9,0.3,0.4353999999999994
Sys_DiT_ref_cls_1k,0.9,0.32,0.38529999999999964
Sys_DiT_ref_cls_1k,0.9,0.34,0.38229999999999964
Sys_DiT_ref_cls_1k,0.9,0.36,0.38229999999999964
Sys_DiT_ref_cls_1k,0.9,0.38,0.3778999999999994
Sys_DiT_ref_cls_1k,0.9,0.4,0.37649999999999945
Sys_DiT_ref_cls_1k,0.9,0.42,0.3608999999999993
Sys_DiT_ref_cls_1k,0.9,0.44,0.3456999999999993
Sys_DiT_ref_cls_1k,0.9,0.46,0.34529999999999933
Sys_DiT_ref_cls_1k,0.9,0.48,0.3436999999999993
Sys_DiT_ref_cls_1k,0.9,0.5,0.3436999999999993
Sys_DiT_ref_cls_1k,0.9,0.52,0.3436999999999993
Sys_DiT_ref_cls_1k,0.9,0.54,0.3386999999999992
Sys_DiT_ref_cls_1k,0.9,0.56,0.3356999999999991
Sys_DiT_ref_cls_1k,0.9,0.58,0.3070999999999991
Sys_DiT_ref_cls_1k,0.9,0.6,0.3054999999999992
Sys_DiT_ref_cls_1k,0.9,0.62,0.29024999999999945
Sys_DiT_ref_cls_1k,0.9,0.64,0.2892499999999995
Sys_DiT_ref_cls_1k,0.9,0.66,0.27724999999999933
Sys_DiT_ref_cls_1k,0.9,0.68,0.27724999999999933
Sys_DiT_ref_cls_1k,0.9,0.7,0.2752499999999994
Sys_DiT_ref_cls_1k,0.9,0.72,0.2752499999999994
Sys_DiT_ref_cls_1k,0.9,0.74,0.2137999999999999
Sys_DiT_ref_cls_1k,0.9,0.76,0.17340000000000025
Sys_DiT_ref_cls_1k,0.9,0.78,0.10740000000000054
Sys_DiT_ref_cls_1k,0.9,0.8,0.1032000000000005
Sys_DiT_ref_cls_1k,0.9,0.82,0.1030000000000005
Sys_DiT_ref_cls_1k,0.9,0.84,0.09480000000000043
Sys_DiT_ref_cls_1k,0.9,0.86,0.08320000000000033
Sys_DiT_ref_cls_1k,0.9,0.88,0.0818000000000003
Sys_DiT_ref_cls_1k,0.9,0.9,0.0818000000000003
Sys_DiT_ref_cls_1k,0.9,0.92,0.08040000000000033
Sys_DiT_ref_cls_1k,0.9,0.94,0.06900000000000027
Sys_DiT_ref_cls_1k,0.9,0.96,0.061800000000000174
Sys_DiT_ref_cls_1k,0.9,0.98,0.047000000000000056
Sys_DiT_ref_cls_1k,0.9,1.0,0.010799999999999994
Sys_DiT_ref_cls_1k,0.92,0.0,0.4425999999999996
Sys_DiT_ref_cls_1k,0.92,0.02,0.4425999999999996
Sys_DiT_ref_cls_1k,0.92,0.04,0.4425999999999996
Sys_DiT_ref_cls_1k,0.92,0.06,0.4425999999999996
Sys_DiT_ref_cls_1k,0.92,0.08,0.4425999999999996
Sys_DiT_ref_cls_1k,0.92,0.1,0.4425999999999996
Sys_DiT_ref_cls_1k,0.92,0.12,0.4425999999999996
Sys_DiT_ref_cls_1k,0.92,0.14,0.4425999999999996
Sys_DiT_ref_cls_1k,0.92,0.16,0.4425999999999996
Sys_DiT_ref_cls_1k,0.92,0.18,0.4425999999999996
Sys_DiT_ref_cls_1k,0.92,0.2,0.4423999999999996
Sys_DiT_ref_cls_1k,0.92,0.22,0.4423999999999996
Sys_DiT_ref_cls_1k,0.92,0.24,0.44139999999999957
Sys_DiT_ref_cls_1k,0.92,0.26,0.4357999999999994
Sys_DiT_ref_cls_1k,0.92,0.28,0.4355999999999994
Sys_DiT_ref_cls_1k,0.92,0.3,0.4353999999999994
Sys_DiT_ref_cls_1k,0.92,0.32,0.38529999999999964
Sys_DiT_ref_cls_1k,0.92,0.34,0.38229999999999964
Sys_DiT_ref_cls_1k,0.92,0.36,0.38229999999999964
Sys_DiT_ref_cls_1k,0.92,0.38,0.3778999999999994
Sys_DiT_ref_cls_1k,0.92,0.4,0.37649999999999945
Sys_DiT_ref_cls_1k,0.92,0.42,0.3608999999999993
Sys_DiT_ref_cls_1k,0.92,0.44,0.3456999999999993
Sys_DiT_ref_cls_1k,0.92,0.46,0.34529999999999933
Sys_DiT_ref_cls_1k,0.92,0.48,0.3436999999999993
Sys_DiT_ref_cls_1k,0.92,0.5,0.3436999999999993
Sys_DiT_ref_cls_1k,0.92,0.52,0.3436999999999993
Sys_DiT_ref_cls_1k,0.92,0.54,0.3386999999999992
Sys_DiT_ref_cls_1k,0.92,0.56,0.3356999999999991
Sys_DiT_ref_cls_1k,0.92,0.58,0.3070999999999991
Sys_DiT_ref_cls_1k,0.92,0.6,0.3054999999999992
Sys_DiT_ref_cls_1k,0.92,0.62,0.29024999999999945
Sys_DiT_ref_cls_1k,0.92,0.64,0.2892499999999995
Sys_DiT_ref_cls_1k,0.92,0.66,0.27724999999999933
Sys_DiT_ref_cls_1k,0.92,0.68,0.27724999999999933
Sys_DiT_ref_cls_1k,0.92,0.7,0.2752499999999994
Sys_DiT_ref_cls_1k,0.92,0.72,0.2752499999999994
Sys_DiT_ref_cls_1k,0.92,0.74,0.2137999999999999
Sys_DiT_ref_cls_1k,0.92,0.76,0.17340000000000025
Sys_DiT_ref_cls_1k,0.92,0.78,0.10740000000000054
Sys_DiT_ref_cls_1k,0.92,0.8,0.1032000000000005
Sys_DiT_ref_cls_1k,0.92,0.82,0.1030000000000005
Sys_DiT_ref_cls_1k,0.92,0.84,0.09480000000000043
Sys_DiT_ref_cls_1k,0.92,0.86,0.08320000000000033
Sys_DiT_ref_cls_1k,0.92,0.88,0.0818000000000003
Sys_DiT_ref_cls_1k,0.92,0.9,0.0818000000000003
Sys_DiT_ref_cls_1k,0.92,0.92,0.08040000000000033
Sys_DiT_ref_cls_1k,0.92,0.94,0.06900000000000027
Sys_DiT_ref_cls_1k,0.92,0.96,0.061800000000000174
Sys_DiT_ref_cls_1k,0.92,0.98,0.047000000000000056
Sys_DiT_ref_cls_1k,0.92,1.0,0.010799999999999994
Sys_DiT_ref_cls_1k,0.94,0.0,0.31159999999999904
Sys_DiT_ref_cls_1k,0.94,0.02,0.31159999999999904
Sys_DiT_ref_cls_1k,0.94,0.04,0.31159999999999904
Sys_DiT_ref_cls_1k,0.94,0.06,0.31159999999999904
Sys_DiT_ref_cls_1k,0.94,0.08,0.31159999999999904
Sys_DiT_ref_cls_1k,0.94,0.1,0.31159999999999904
Sys_DiT_ref_cls_1k,0.94,0.12,0.31159999999999904
Sys_DiT_ref_cls_1k,0.94,0.14,0.31159999999999904
Sys_DiT_ref_cls_1k,0.94,0.16,0.31159999999999904
Sys_DiT_ref_cls_1k,0.94,0.18,0.31159999999999904
Sys_DiT_ref_cls_1k,0.94,0.2,0.311399999999999
Sys_DiT_ref_cls_1k,0.94,0.22,0.311399999999999
Sys_DiT_ref_cls_1k,0.94,0.24,0.310399999999999
Sys_DiT_ref_cls_1k,0.94,0.26,0.3047999999999989
Sys_DiT_ref_cls_1k,0.94,0.28,0.3045999999999989
Sys_DiT_ref_cls_1k,0.94,0.3,0.30439999999999895
Sys_DiT_ref_cls_1k,0.94,0.32,0.27609999999999935
Sys_DiT_ref_cls_1k,0.94,0.34,0.27309999999999923
Sys_DiT_ref_cls_1k,0.94,0.36,0.27309999999999923
Sys_DiT_ref_cls_1k,0.94,0.38,0.27189999999999925
Sys_DiT_ref_cls_1k,0.94,0.4,0.2704999999999992
Sys_DiT_ref_cls_1k,0.94,0.42,0.2636999999999994
Sys_DiT_ref_cls_1k,0.94,0.44,0.2498999999999994
Sys_DiT_ref_cls_1k,0.94,0.46,0.24949999999999942
Sys_DiT_ref_cls_1k,0.94,0.48,0.24789999999999948
Sys_DiT_ref_cls_1k,0.94,0.5,0.24789999999999948
Sys_DiT_ref_cls_1k,0.94,0.52,0.24789999999999948
Sys_DiT_ref_cls_1k,0.94,0.54,0.24289999999999942
Sys_DiT_ref_cls_1k,0.94,0.56,0.24009999999999942
Sys_DiT_ref_cls_1k,0.94,0.58,0.23769999999999947
Sys_DiT_ref_cls_1k,0.94,0.6,0.23609999999999948
Sys_DiT_ref_cls_1k,0.94,0.62,0.22504999999999972
Sys_DiT_ref_cls_1k,0.94,0.64,0.22484999999999974
Sys_DiT_ref_cls_1k,0.94,0.66,0.21565
Sys_DiT_ref_cls_1k,0.94,0.68,0.21565
Sys_DiT_ref_cls_1k,0.94,0.7,0.21485
Sys_DiT_ref_cls_1k,0.94,0.72,0.21485
Sys_DiT_ref_cls_1k,0.94,0.74,0.15340000000000045
Sys_DiT_ref_cls_1k,0.94,0.76,0.11380000000000055
Sys_DiT_ref_cls_1k,0.94,0.78,0.10340000000000049
Sys_DiT_ref_cls_1k,0.94,0.8,0.09920000000000045
Sys_DiT_ref_cls_1k,0.94,0.82,0.09900000000000045
Sys_DiT_ref_cls_1k,0.94,0.84,0.09300000000000042
Sys_DiT_ref_cls_1k,0.94,0.86,0.08240000000000032
Sys_DiT_ref_cls_1k,0.94,0.88,0.08100000000000031
Sys_DiT_ref_cls_1k,0.94,0.9,0.08100000000000031
Sys_DiT_ref_cls_1k,0.94,0.92,0.07960000000000034
Sys_DiT_ref_cls_1k,0.94,0.94,0.06820000000000026
Sys_DiT_ref_cls_1k,0.94,0.96,0.06140000000000017
Sys_DiT_ref_cls_1k,0.94,0.98,0.047000000000000056
Sys_DiT_ref_cls_1k,0.94,1.0,0.010799999999999994
Sys_DiT_ref_cls_1k,0.96,0.0,0.2987999999999993
Sys_DiT_ref_cls_1k,0.96,0.02,0.2987999999999993
Sys_DiT_ref_cls_1k,0.96,0.04,0.2987999999999993
Sys_DiT_ref_cls_1k,0.96,0.06,0.2987999999999993
Sys_DiT_ref_cls_1k,0.96,0.08,0.2987999999999993
Sys_DiT_ref_cls_1k,0.96,0.1,0.2987999999999993
Sys_DiT_ref_cls_1k,0.96,0.12,0.2987999999999993
Sys_DiT_ref_cls_1k,0.96,0.14,0.2987999999999993
Sys_DiT_ref_cls_1k,0.96,0.16,0.2987999999999993
Sys_DiT_ref_cls_1k,0.96,0.18,0.2987999999999993
Sys_DiT_ref_cls_1k,0.96,0.2,0.2985999999999993
Sys_DiT_ref_cls_1k,0.96,0.22,0.2985999999999993
Sys_DiT_ref_cls_1k,0.96,0.24,0.29759999999999925
Sys_DiT_ref_cls_1k,0.96,0.26,0.29199999999999926
Sys_DiT_ref_cls_1k,0.96,0.28,0.2917999999999992
Sys_DiT_ref_cls_1k,0.96,0.3,0.29159999999999925
Sys_DiT_ref_cls_1k,0.96,0.32,0.26509999999999945
Sys_DiT_ref_cls_1k,0.96,0.34,0.2620999999999994
Sys_DiT_ref_cls_1k,0.96,0.36,0.2620999999999994
Sys_DiT_ref_cls_1k,0.96,0.38,0.2608999999999994
Sys_DiT_ref_cls_1k,0.96,0.4,0.25949999999999945
Sys_DiT_ref_cls_1k,0.96,0.42,0.2540999999999996
Sys_DiT_ref_cls_1k,0.96,0.44,0.24029999999999968
Sys_DiT_ref_cls_1k,0.96,0.46,0.23989999999999967
Sys_DiT_ref_cls_1k,0.96,0.48,0.23849999999999974
Sys_DiT_ref_cls_1k,0.96,0.5,0.23849999999999974
Sys_DiT_ref_cls_1k,0.96,0.52,0.23849999999999974
Sys_DiT_ref_cls_1k,0.96,0.54,0.23349999999999968
Sys_DiT_ref_cls_1k,0.96,0.56,0.2306999999999997
Sys_DiT_ref_cls_1k,0.96,0.58,0.2302999999999997
Sys_DiT_ref_cls_1k,0.96,0.6,0.22869999999999968
Sys_DiT_ref_cls_1k,0.96,0.62,0.21984999999999985
Sys_DiT_ref_cls_1k,0.96,0.64,0.21984999999999985
Sys_DiT_ref_cls_1k,0.96,0.66,0.21065000000000006
Sys_DiT_ref_cls_1k,0.96,0.68,0.21065000000000006
Sys_DiT_ref_cls_1k,0.96,0.7,0.20985000000000012
Sys_DiT_ref_cls_1k,0.96,0.72,0.20985000000000012
Sys_DiT_ref_cls_1k,0.96,0.74,0.14860000000000048
Sys_DiT_ref_cls_1k,0.96,0.76,0.1090000000000005
Sys_DiT_ref_cls_1k,0.96,0.78,0.10320000000000049
Sys_DiT_ref_cls_1k,0.96,0.8,0.09900000000000045
Sys_DiT_ref_cls_1k,0.96,0.82,0.09880000000000046
Sys_DiT_ref_cls_1k,0.96,0.84,0.09280000000000041
Sys_DiT_ref_cls_1k,0.96,0.86,0.08240000000000032
Sys_DiT_ref_cls_1k,0.96,0.88,0.08100000000000031
Sys_DiT_ref_cls_1k,0.96,0.9,0.08100000000000031
Sys_DiT_ref_cls_1k,0.96,0.92,0.07960000000000034
Sys_DiT_ref_cls_1k,0.96,0.94,0.06820000000000026
Sys_DiT_ref_cls_1k,0.96,0.96,0.06140000000000017
Sys_DiT_ref_cls_1k,0.96,0.98,0.047000000000000056
Sys_DiT_ref_cls_1k,0.96,1.0,0.010799999999999994
Sys_DiT_ref_cls_1k,0.98,0.0,0.06305000000000016
Sys_DiT_ref_cls_1k,0.98,0.02,0.06305000000000016
Sys_DiT_ref_cls_1k,0.98,0.04,0.06305000000000016
Sys_DiT_ref_cls_1k,0.98,0.06,0.06305000000000016
Sys_DiT_ref_cls_1k,0.98,0.08,0.06305000000000016
Sys_DiT_ref_cls_1k,0.98,0.1,0.06305000000000016
Sys_DiT_ref_cls_1k,0.98,0.12,0.06305000000000016
Sys_DiT_ref_cls_1k,0.98,0.14,0.06305000000000016
Sys_DiT_ref_cls_1k,0.98,0.16,0.06305000000000016
Sys_DiT_ref_cls_1k,0.98,0.18,0.06305000000000016
Sys_DiT_ref_cls_1k,0.98,0.2,0.06305000000000016
Sys_DiT_ref_cls_1k,0.98,0.22,0.06305000000000016
Sys_DiT_ref_cls_1k,0.98,0.24,0.06305000000000016
Sys_DiT_ref_cls_1k,0.98,0.26,0.06305000000000016
Sys_DiT_ref_cls_1k,0.98,0.28,0.06305000000000016
Sys_DiT_ref_cls_1k,0.98,0.3,0.06305000000000016
Sys_DiT_ref_cls_1k,0.98,0.32,0.06040000000000014
Sys_DiT_ref_cls_1k,0.98,0.34,0.06040000000000014
Sys_DiT_ref_cls_1k,0.98,0.36,0.06040000000000014
Sys_DiT_ref_cls_1k,0.98,0.38,0.06000000000000014
Sys_DiT_ref_cls_1k,0.98,0.4,0.06000000000000014
Sys_DiT_ref_cls_1k,0.98,0.42,0.05900000000000012
Sys_DiT_ref_cls_1k,0.98,0.44,0.05900000000000012
Sys_DiT_ref_cls_1k,0.98,0.46,0.05900000000000012
Sys_DiT_ref_cls_1k,0.98,0.48,0.05900000000000012
Sys_DiT_ref_cls_1k,0.98,0.5,0.05900000000000012
Sys_DiT_ref_cls_1k,0.98,0.52,0.05900000000000012
Sys_DiT_ref_cls_1k,0.98,0.54,0.05900000000000012
Sys_DiT_ref_cls_1k,0.98,0.56,0.05900000000000012
Sys_DiT_ref_cls_1k,0.98,0.58,0.05860000000000012
Sys_DiT_ref_cls_1k,0.98,0.6,0.05860000000000012
Sys_DiT_ref_cls_1k,0.98,0.62,0.0574000000000001
Sys_DiT_ref_cls_1k,0.98,0.64,0.0574000000000001
Sys_DiT_ref_cls_1k,0.98,0.66,0.0574000000000001
Sys_DiT_ref_cls_1k,0.98,0.68,0.0574000000000001
Sys_DiT_ref_cls_1k,0.98,0.7,0.0572000000000001
Sys_DiT_ref_cls_1k,0.98,0.72,0.0572000000000001
Sys_DiT_ref_cls_1k,0.98,0.74,0.05660000000000009
Sys_DiT_ref_cls_1k,0.98,0.76,0.05660000000000009
Sys_DiT_ref_cls_1k,0.98,0.78,0.053200000000000074
Sys_DiT_ref_cls_1k,0.98,0.8,0.053200000000000074
Sys_DiT_ref_cls_1k,0.98,0.82,0.053200000000000074
Sys_DiT_ref_cls_1k,0.98,0.84,0.05180000000000006
Sys_DiT_ref_cls_1k,0.98,0.86,0.05180000000000006
Sys_DiT_ref_cls_1k,0.98,0.88,0.051000000000000066
Sys_DiT_ref_cls_1k,0.98,0.9,0.051000000000000066
Sys_DiT_ref_cls_1k,0.98,0.92,0.05060000000000006
Sys_DiT_ref_cls_1k,0.98,0.94,0.04740000000000003
Sys_DiT_ref_cls_1k,0.98,0.96,0.04680000000000004
Sys_DiT_ref_cls_1k,0.98,0.98,0.03239999999999994
Sys_DiT_ref_cls_1k,0.98,1.0,0.009999999999999997
Sys_DiT_ref_cls_1k,1.0,0.0,0.013399999999999987
Sys_DiT_ref_cls_1k,1.0,0.02,0.013399999999999987
Sys_DiT_ref_cls_1k,1.0,0.04,0.013399999999999987
Sys_DiT_ref_cls_1k,1.0,0.06,0.013399999999999987
Sys_DiT_ref_cls_1k,1.0,0.08,0.013399999999999987
Sys_DiT_ref_cls_1k,1.0,0.1,0.013399999999999987
Sys_DiT_ref_cls_1k,1.0,0.12,0.013399999999999987
Sys_DiT_ref_cls_1k,1.0,0.14,0.013399999999999987
Sys_DiT_ref_cls_1k,1.0,0.16,0.013399999999999987
Sys_DiT_ref_cls_1k,1.0,0.18,0.013399999999999987
Sys_DiT_ref_cls_1k,1.0,0.2,0.013399999999999987
Sys_DiT_ref_cls_1k,1.0,0.22,0.013399999999999987
Sys_DiT_ref_cls_1k,1.0,0.24,0.013399999999999987
Sys_DiT_ref_cls_1k,1.0,0.26,0.013399999999999987
Sys_DiT_ref_cls_1k,1.0,0.28,0.013399999999999987
Sys_DiT_ref_cls_1k,1.0,0.3,0.013399999999999987
Sys_DiT_ref_cls_1k,1.0,0.32,0.013399999999999987
Sys_DiT_ref_cls_1k,1.0,0.34,0.013399999999999987
Sys_DiT_ref_cls_1k,1.0,0.36,0.013399999999999987
Sys_DiT_ref_cls_1k,1.0,0.38,0.012999999999999987
Sys_DiT_ref_cls_1k,1.0,0.4,0.012999999999999987
Sys_DiT_ref_cls_1k,1.0,0.42,0.012999999999999987
Sys_DiT_ref_cls_1k,1.0,0.44,0.012999999999999987
Sys_DiT_ref_cls_1k,1.0,0.46,0.012999999999999987
Sys_DiT_ref_cls_1k,1.0,0.48,0.012999999999999987
Sys_DiT_ref_cls_1k,1.0,0.5,0.012999999999999987
Sys_DiT_ref_cls_1k,1.0,0.52,0.012999999999999987
Sys_DiT_ref_cls_1k,1.0,0.54,0.012999999999999987
Sys_DiT_ref_cls_1k,1.0,0.56,0.012999999999999987
Sys_DiT_ref_cls_1k,1.0,0.58,0.012999999999999987
Sys_DiT_ref_cls_1k,1.0,0.6,0.012999999999999987
Sys_DiT_ref_cls_1k,1.0,0.62,0.01259999999999999
Sys_DiT_ref_cls_1k,1.0,0.64,0.01259999999999999
Sys_DiT_ref_cls_1k,1.0,0.66,0.01259999999999999
Sys_DiT_ref_cls_1k,1.0,0.68,0.01259999999999999
Sys_DiT_ref_cls_1k,1.0,0.7,0.01239999999999999
Sys_DiT_ref_cls_1k,1.0,0.72,0.01239999999999999
Sys_DiT_ref_cls_1k,1.0,0.74,0.01239999999999999
Sys_DiT_ref_cls_1k,1.0,0.76,0.01239999999999999
Sys_DiT_ref_cls_1k,1.0,0.78,0.01219999999999999
Sys_DiT_ref_cls_1k,1.0,0.8,0.01219999999999999
Sys_DiT_ref_cls_1k,1.0,0.82,0.01219999999999999
Sys_DiT_ref_cls_1k,1.0,0.84,0.01219999999999999
Sys_DiT_ref_cls_1k,1.0,0.86,0.01219999999999999
Sys_DiT_ref_cls_1k,1.0,0.88,0.01219999999999999
Sys_DiT_ref_cls_1k,1.0,0.9,0.01219999999999999
Sys_DiT_ref_cls_1k,1.0,0.92,0.01199999999999999
Sys_DiT_ref_cls_1k,1.0,0.94,0.01199999999999999
Sys_DiT_ref_cls_1k,1.0,0.96,0.01199999999999999
Sys_DiT_ref_cls_1k,1.0,0.98,0.010999999999999992
Sys_DiT_ref_cls_1k,1.0,1.0,0.0092
Human_DiT_500,0.0,0.0,1.0
Human_DiT_500,0.0,0.02,1.0
Human_DiT_500,0.0,0.04,1.0
Human_DiT_500,0.0,0.06,1.0
Human_DiT_500,0.0,0.08,0.998
Human_DiT_500,0.0,0.1,0.998
Human_DiT_500,0.0,0.12,0.998
Human_DiT_500,0.0,0.14,0.996
Human_DiT_500,0.0,0.16,0.996
Human_DiT_500,0.0,0.18,0.996
Human_DiT_500,0.0,0.2,0.996
Human_DiT_500,0.0,0.22,0.9319999999999995
Human_DiT_500,0.0,0.24,0.9319999999999995
Human_DiT_500,0.0,0.26,0.9319999999999995
Human_DiT_500,0.0,0.28,0.9019999999999996
Human_DiT_500,0.0,0.3,0.9019999999999996
Human_DiT_500,0.0,0.32,0.9019999999999996
Human_DiT_500,0.0,0.34,0.8679999999999997
Human_DiT_500,0.0,0.36,0.8679999999999997
Human_DiT_500,0.0,0.38,0.8679999999999997
Human_DiT_500,0.0,0.4,0.8659999999999997
Human_DiT_500,0.0,0.42,0.7579999999999998
Human_DiT_500,0.0,0.44,0.7579999999999998
Human_DiT_500,0.0,0.46,0.7579999999999998
Human_DiT_500,0.0,0.48,0.6839999999999999
Human_DiT_500,0.0,0.5,0.6839999999999999
Human_DiT_500,0.0,0.52,0.6839999999999999
Human_DiT_500,0.0,0.54,0.596
Human_DiT_500,0.0,0.56,0.596
Human_DiT_500,0.0,0.58,0.596
Human_DiT_500,0.0,0.6,0.596
Human_DiT_500,0.0,0.62,0.49
Human_DiT_500,0.0,0.64,0.49
Human_DiT_500,0.0,0.66,0.49
Human_DiT_500,0.0,0.68,0.40399999999999986
Human_DiT_500,0.0,0.7,0.40399999999999986
Human_DiT_500,0.0,0.72,0.40399999999999986
Human_DiT_500,0.0,0.74,0.28999999999999987
Human_DiT_500,0.0,0.76,0.28999999999999987
Human_DiT_500,0.0,0.78,0.28999999999999987
Human_DiT_500,0.0,0.8,0.2819999999999999
Human_DiT_500,0.0,0.82,0.15799999999999997
Human_DiT_500,0.0,0.84,0.15799999999999997
Human_DiT_500,0.0,0.86,0.15799999999999997
Human_DiT_500,0.0,0.88,0.09800000000000003
Human_DiT_500,0.0,0.9,0.09800000000000003
Human_DiT_500,0.0,0.92,0.09800000000000003
Human_DiT_500,0.0,0.94,0.05600000000000002
Human_DiT_500,0.0,0.96,0.05600000000000002
Human_DiT_500,0.0,0.98,0.05600000000000002
Human_DiT_500,0.0,1.0,0.05600000000000002
Human_DiT_500,0.02,0.0,0.9599999999999997
Human_DiT_500,0.02,0.02,0.9599999999999997
Human_DiT_500,0.02,0.04,0.9599999999999997
Human_DiT_500,0.02,0.06,0.9599999999999997
Human_DiT_500,0.02,0.08,0.9579999999999999
Human_DiT_500,0.02,0.1,0.9579999999999999
Human_DiT_500,0.02,0.12,0.9579999999999999
Human_DiT_500,0.02,0.14,0.956
Human_DiT_500,0.02,0.16,0.956
Human_DiT_500,0.02,0.18,0.956
Human_DiT_500,0.02,0.2,0.956
Human_DiT_500,0.02,0.22,0.9079999999999996
Human_DiT_500,0.02,0.24,0.9079999999999996
Human_DiT_500,0.02,0.26,0.9079999999999996
Human_DiT_500,0.02,0.28,0.8779999999999996
Human_DiT_500,0.02,0.3,0.8779999999999996
Human_DiT_500,0.02,0.32,0.8779999999999996
Human_DiT_500,0.02,0.34,0.8439999999999996
Human_DiT_500,0.02,0.36,0.8439999999999996
Human_DiT_500,0.02,0.38,0.8439999999999996
Human_DiT_500,0.02,0.4,0.8419999999999994
Human_DiT_500,0.02,0.42,0.7359999999999997
Human_DiT_500,0.02,0.44,0.7359999999999997
Human_DiT_500,0.02,0.46,0.7359999999999997
Human_DiT_500,0.02,0.48,0.6679999999999998
Human_DiT_500,0.02,0.5,0.6679999999999998
Human_DiT_500,0.02,0.52,0.6679999999999998
Human_DiT_500,0.02,0.54,0.5820000000000001
Human_DiT_500,0.02,0.56,0.5820000000000001
Human_DiT_500,0.02,0.58,0.5820000000000001
Human_DiT_500,0.02,0.6,0.5820000000000001
Human_DiT_500,0.02,0.62,0.478
Human_DiT_500,0.02,0.64,0.478
Human_DiT_500,0.02,0.66,0.478
Human_DiT_500,0.02,0.68,0.39599999999999985
Human_DiT_500,0.02,0.7,0.39599999999999985
Human_DiT_500,0.02,0.72,0.39599999999999985
Human_DiT_500,0.02,0.74,0.2839999999999999
Human_DiT_500,0.02,0.76,0.2839999999999999
Human_DiT_500,0.02,0.78,0.2839999999999999
Human_DiT_500,0.02,0.8,0.2759999999999999
Human_DiT_500,0.02,0.82,0.154
Human_DiT_500,0.02,0.84,0.154
Human_DiT_500,0.02,0.86,0.154
Human_DiT_500,0.02,0.88,0.09400000000000003
Human_DiT_500,0.02,0.9,0.09400000000000003
Human_DiT_500,0.02,0.92,0.09400000000000003
Human_DiT_500,0.02,0.94,0.05400000000000002
Human_DiT_500,0.02,0.96,0.05400000000000002
Human_DiT_500,0.02,0.98,0.05400000000000002
Human_DiT_500,0.02,1.0,0.05400000000000002
Human_DiT_500,0.04,0.0,0.9539999999999996
Human_DiT_500,0.04,0.02,0.9539999999999996
Human_DiT_500,0.04,0.04,0.9539999999999996
Human_DiT_500,0.04,0.06,0.9539999999999996
Human_DiT_500,0.04,0.08,0.9519999999999996
Human_DiT_500,0.04,0.1,0.9519999999999996
Human_DiT_500,0.04,0.12,0.9519999999999996
Human_DiT_500,0.04,0.14,0.9499999999999997
Human_DiT_500,0.04,0.16,0.9499999999999997
Human_DiT_500,0.04,0.18,0.9499999999999997
Human_DiT_500,0.04,0.2,0.9499999999999997
Human_DiT_500,0.04,0.22,0.9019999999999996
Human_DiT_500,0.04,0.24,0.9019999999999996
Human_DiT_500,0.04,0.26,0.9019999999999996
Human_DiT_500,0.04,0.28,0.8719999999999994
Human_DiT_500,0.04,0.3,0.8719999999999994
Human_DiT_500,0.04,0.32,0.8719999999999994
Human_DiT_500,0.04,0.34,0.8399999999999995
Human_DiT_500,0.04,0.36,0.8399999999999995
Human_DiT_500,0.04,0.38,0.8399999999999995
Human_DiT_500,0.04,0.4,0.8379999999999994
Human_DiT_500,0.04,0.42,0.7339999999999998
Human_DiT_500,0.04,0.44,0.7339999999999998
Human_DiT_500,0.04,0.46,0.7339999999999998
Human_DiT_500,0.04,0.48,0.6659999999999999
Human_DiT_500,0.04,0.5,0.6659999999999999
Human_DiT_500,0.04,0.52,0.6659999999999999
Human_DiT_500,0.04,0.54,0.5800000000000002
Human_DiT_500,0.04,0.56,0.5800000000000002
Human_DiT_500,0.04,0.58,0.5800000000000002
Human_DiT_500,0.04,0.6,0.5800000000000002
Human_DiT_500,0.04,0.62,0.47600000000000003
Human_DiT_500,0.04,0.64,0.47600000000000003
Human_DiT_500,0.04,0.66,0.47600000000000003
Human_DiT_500,0.04,0.68,0.39399999999999985
Human_DiT_500,0.04,0.7,0.39399999999999985
Human_DiT_500,0.04,0.72,0.39399999999999985
Human_DiT_500,0.04,0.74,0.2839999999999999
Human_DiT_500,0.04,0.76,0.2839999999999999
Human_DiT_500,0.04,0.78,0.2839999999999999
Human_DiT_500,0.04,0.8,0.2759999999999999
Human_DiT_500,0.04,0.82,0.154
Human_DiT_500,0.04,0.84,0.154
Human_DiT_500,0.04,0.86,0.154
Human_DiT_500,0.04,0.88,0.09400000000000003
Human_DiT_500,0.04,0.9,0.09400000000000003
Human_DiT_500,0.04,0.92,0.09400000000000003
Human_DiT_500,0.04,0.94,0.05400000000000002
Human_DiT_500,0.04,0.96,0.05400000000000002
Human_DiT_500,0.04,0.98,0.05400000000000002
Human_DiT_500,0.04,1.0,0.05400000000000002
Human_DiT_500,0.06,0.0,0.9519999999999996
Human_DiT_500,0.06,0.02,0.9519999999999996
Human_DiT_500,0.06,0.04,0.9519999999999996
Human_DiT_500,0.06,0.06,0.9519999999999996
Human_DiT_500,0.06,0.08,0.9499999999999997
Human_DiT_500,0.06,0.1,0.9499999999999997
Human_DiT_500,0.06,0.12,0.9499999999999997
Human_DiT_500,0.06,0.14,0.9479999999999998
Human_DiT_500,0.06,0.16,0.9479999999999998
Human_DiT_500,0.06,0.18,0.9479999999999998
Human_DiT_500,0.06,0.2,0.9479999999999998
Human_DiT_500,0.06,0.22,0.9019999999999996
Human_DiT_500,0.06,0.24,0.9019999999999996
Human_DiT_500,0.06,0.26,0.9019999999999996
Human_DiT_500,0.06,0.28,0.8719999999999994
Human_DiT_500,0.06,0.3,0.8719999999999994
Human_DiT_500,0.06,0.32,0.8719999999999994
Human_DiT_500,0.06,0.34,0.8399999999999995
Human_DiT_500,0.06,0.36,0.8399999999999995
Human_DiT_500,0.06,0.38,0.8399999999999995
Human_DiT_500,0.06,0.4,0.8379999999999994
Human_DiT_500,0.06,0.42,0.7339999999999998
Human_DiT_500,0.06,0.44,0.7339999999999998
Human_DiT_500,0.06,0.46,0.7339999999999998
Human_DiT_500,0.06,0.48,0.6659999999999999
Human_DiT_500,0.06,0.5,0.6659999999999999
Human_DiT_500,0.06,0.52,0.6659999999999999
Human_DiT_500,0.06,0.54,0.5800000000000002
Human_DiT_500,0.06,0.56,0.5800000000000002
Human_DiT_500,0.06,0.58,0.5800000000000002
Human_DiT_500,0.06,0.6,0.5800000000000002
Human_DiT_500,0.06,0.62,0.47600000000000003
Human_DiT_500,0.06,0.64,0.47600000000000003
Human_DiT_500,0.06,0.66,0.47600000000000003
Human_DiT_500,0.06,0.68,0.39399999999999985
Human_DiT_500,0.06,0.7,0.39399999999999985
Human_DiT_500,0.06,0.72,0.39399999999999985
Human_DiT_500,0.06,0.74,0.2839999999999999
Human_DiT_500,0.06,0.76,0.2839999999999999
Human_DiT_500,0.06,0.78,0.2839999999999999
Human_DiT_500,0.06,0.8,0.2759999999999999
Human_DiT_500,0.06,0.82,0.154
Human_DiT_500,0.06,0.84,0.154
Human_DiT_500,0.06,0.86,0.154
Human_DiT_500,0.06,0.88,0.09400000000000003
Human_DiT_500,0.06,0.9,0.09400000000000003
Human_DiT_500,0.06,0.92,0.09400000000000003
Human_DiT_500,0.06,0.94,0.05400000000000002
Human_DiT_500,0.06,0.96,0.05400000000000002
Human_DiT_500,0.06,0.98,0.05400000000000002
Human_DiT_500,0.06,1.0,0.05400000000000002
Human_DiT_500,0.08,0.0,0.9459999999999996
Human_DiT_500,0.08,0.02,0.9459999999999996
Human_DiT_500,0.08,0.04,0.9459999999999996
Human_DiT_500,0.08,0.06,0.9459999999999996
Human_DiT_500,0.08,0.08,0.9459999999999996
Human_DiT_500,0.08,0.1,0.9459999999999996
Human_DiT_500,0.08,0.12,0.9459999999999996
Human_DiT_500,0.08,0.14,0.9439999999999997
Human_DiT_500,0.08,0.16,0.9439999999999997
Human_DiT_500,0.08,0.18,0.9439999999999997
Human_DiT_500,0.08,0.2,0.9439999999999997
Human_DiT_500,0.08,0.22,0.8999999999999996
Human_DiT_500,0.08,0.24,0.8999999999999996
Human_DiT_500,0.08,0.26,0.8999999999999996
Human_DiT_500,0.08,0.28,0.8699999999999996
Human_DiT_500,0.08,0.3,0.8699999999999996
Human_DiT_500,0.08,0.32,0.8699999999999996
Human_DiT_500,0.08,0.34,0.8379999999999995
Human_DiT_500,0.08,0.36,0.8379999999999995
Human_DiT_500,0.08,0.38,0.8379999999999995
Human_DiT_500,0.08,0.4,0.8359999999999995
Human_DiT_500,0.08,0.42,0.7319999999999998
Human_DiT_500,0.08,0.44,0.7319999999999998
Human_DiT_500,0.08,0.46,0.7319999999999998
Human_DiT_500,0.08,0.48,0.6659999999999999
Human_DiT_500,0.08,0.5,0.6659999999999999
Human_DiT_500,0.08,0.52,0.6659999999999999
Human_DiT_500,0.08,0.54,0.5800000000000002
Human_DiT_500,0.08,0.56,0.5800000000000002
Human_DiT_500,0.08,0.58,0.5800000000000002
Human_DiT_500,0.08,0.6,0.5800000000000002
Human_DiT_500,0.08,0.62,0.47600000000000003
Human_DiT_500,0.08,0.64,0.47600000000000003
Human_DiT_500,0.08,0.66,0.47600000000000003
Human_DiT_500,0.08,0.68,0.39399999999999985
Human_DiT_500,0.08,0.7,0.39399999999999985
Human_DiT_500,0.08,0.72,0.39399999999999985
Human_DiT_500,0.08,0.74,0.2839999999999999
Human_DiT_500,0.08,0.76,0.2839999999999999
Human_DiT_500,0.08,0.78,0.2839999999999999
Human_DiT_500,0.08,0.8,0.2759999999999999
Human_DiT_500,0.08,0.82,0.154
Human_DiT_500,0.08,0.84,0.154
Human_DiT_500,0.08,0.86,0.154
Human_DiT_500,0.08,0.88,0.09400000000000003
Human_DiT_500,0.08,0.9,0.09400000000000003
Human_DiT_500,0.08,0.92,0.09400000000000003
Human_DiT_500,0.08,0.94,0.05400000000000002
Human_DiT_500,0.08,0.96,0.05400000000000002
Human_DiT_500,0.08,0.98,0.05400000000000002
Human_DiT_500,0.08,1.0,0.05400000000000002
Human_DiT_500,0.1,0.0,0.9459999999999996
Human_DiT_500,0.1,0.02,0.9459999999999996
Human_DiT_500,0.1,0.04,0.9459999999999996
Human_DiT_500,0.1,0.06,0.9459999999999996
Human_DiT_500,0.1,0.08,0.9459999999999996
Human_DiT_500,0.1,0.1,0.9459999999999996
Human_DiT_500,0.1,0.12,0.9459999999999996
Human_DiT_500,0.1,0.14,0.9439999999999997
Human_DiT_500,0.1,0.16,0.9439999999999997
Human_DiT_500,0.1,0.18,0.9439999999999997
Human_DiT_500,0.1,0.2,0.9439999999999997
Human_DiT_500,0.1,0.22,0.8999999999999996
Human_DiT_500,0.1,0.24,0.8999999999999996
Human_DiT_500,0.1,0.26,0.8999999999999996
Human_DiT_500,0.1,0.28,0.8699999999999996
Human_DiT_500,0.1,0.3,0.8699999999999996
Human_DiT_500,0.1,0.32,0.8699999999999996
Human_DiT_500,0.1,0.34,0.8379999999999995
Human_DiT_500,0.1,0.36,0.8379999999999995
Human_DiT_500,0.1,0.38,0.8379999999999995
Human_DiT_500,0.1,0.4,0.8359999999999995
Human_DiT_500,0.1,0.42,0.7319999999999998
Human_DiT_500,0.1,0.44,0.7319999999999998
Human_DiT_500,0.1,0.46,0.7319999999999998
Human_DiT_500,0.1,0.48,0.6659999999999999
Human_DiT_500,0.1,0.5,0.6659999999999999
Human_DiT_500,0.1,0.52,0.6659999999999999
Human_DiT_500,0.1,0.54,0.5800000000000002
Human_DiT_500,0.1,0.56,0.5800000000000002
Human_DiT_500,0.1,0.58,0.5800000000000002
Human_DiT_500,0.1,0.6,0.5800000000000002
Human_DiT_500,0.1,0.62,0.47600000000000003
Human_DiT_500,0.1,0.64,0.47600000000000003
Human_DiT_500,0.1,0.66,0.47600000000000003
Human_DiT_500,0.1,0.68,0.39399999999999985
Human_DiT_500,0.1,0.7,0.39399999999999985
Human_DiT_500,0.1,0.72,0.39399999999999985
Human_DiT_500,0.1,0.74,0.2839999999999999
Human_DiT_500,0.1,0.76,0.2839999999999999
Human_DiT_500,0.1,0.78,0.2839999999999999
Human_DiT_500,0.1,0.8,0.2759999999999999
Human_DiT_500,0.1,0.82,0.154
Human_DiT_500,0.1,0.84,0.154
Human_DiT_500,0.1,0.86,0.154
Human_DiT_500,0.1,0.88,0.09400000000000003
Human_DiT_500,0.1,0.9,0.09400000000000003
Human_DiT_500,0.1,0.92,0.09400000000000003
Human_DiT_500,0.1,0.94,0.05400000000000002
Human_DiT_500,0.1,0.96,0.05400000000000002
Human_DiT_500,0.1,0.98,0.05400000000000002
Human_DiT_500,0.1,1.0,0.05400000000000002
Human_DiT_500,0.12,0.0,0.9439999999999996
Human_DiT_500,0.12,0.02,0.9439999999999996
Human_DiT_500,0.12,0.04,0.9439999999999996
Human_DiT_500,0.12,0.06,0.9439999999999996
Human_DiT_500,0.12,0.08,0.9439999999999996
Human_DiT_500,0.12,0.1,0.9439999999999996
Human_DiT_500,0.12,0.12,0.9439999999999996
Human_DiT_500,0.12,0.14,0.9419999999999997
Human_DiT_500,0.12,0.16,0.9419999999999997
Human_DiT_500,0.12,0.18,0.9419999999999997
Human_DiT_500,0.12,0.2,0.9419999999999997
Human_DiT_500,0.12,0.22,0.8979999999999996
Human_DiT_500,0.12,0.24,0.8979999999999996
Human_DiT_500,0.12,0.26,0.8979999999999996
Human_DiT_500,0.12,0.28,0.8679999999999995
Human_DiT_500,0.12,0.3,0.8679999999999995
Human_DiT_500,0.12,0.32,0.8679999999999995
Human_DiT_500,0.12,0.34,0.8359999999999995
Human_DiT_500,0.12,0.36,0.8359999999999995
Human_DiT_500,0.12,0.38,0.8359999999999995
Human_DiT_500,0.12,0.4,0.8339999999999995
Human_DiT_500,0.12,0.42,0.7299999999999998
Human_DiT_500,0.12,0.44,0.7299999999999998
Human_DiT_500,0.12,0.46,0.7299999999999998
Human_DiT_500,0.12,0.48,0.6659999999999999
Human_DiT_500,0.12,0.5,0.6659999999999999
Human_DiT_500,0.12,0.52,0.6659999999999999
Human_DiT_500,0.12,0.54,0.5800000000000002
Human_DiT_500,0.12,0.56,0.5800000000000002
Human_DiT_500,0.12,0.58,0.5800000000000002
Human_DiT_500,0.12,0.6,0.5800000000000002
Human_DiT_500,0.12,0.62,0.47600000000000003
Human_DiT_500,0.12,0.64,0.47600000000000003
Human_DiT_500,0.12,0.66,0.47600000000000003
Human_DiT_500,0.12,0.68,0.39399999999999985
Human_DiT_500,0.12,0.7,0.39399999999999985
Human_DiT_500,0.12,0.72,0.39399999999999985
Human_DiT_500,0.12,0.74,0.2839999999999999
Human_DiT_500,0.12,0.76,0.2839999999999999
Human_DiT_500,0.12,0.78,0.2839999999999999
Human_DiT_500,0.12,0.8,0.2759999999999999
Human_DiT_500,0.12,0.82,0.154
Human_DiT_500,0.12,0.84,0.154
Human_DiT_500,0.12,0.86,0.154
Human_DiT_500,0.12,0.88,0.09400000000000003
Human_DiT_500,0.12,0.9,0.09400000000000003
Human_DiT_500,0.12,0.92,0.09400000000000003
Human_DiT_500,0.12,0.94,0.05400000000000002
Human_DiT_500,0.12,0.96,0.05400000000000002
Human_DiT_500,0.12,0.98,0.05400000000000002
Human_DiT_500,0.12,1.0,0.05400000000000002
Human_DiT_500,0.14,0.0,0.9379999999999997
Human_DiT_500,0.14,0.02,0.9379999999999997
Human_DiT_500,0.14,0.04,0.9379999999999997
Human_DiT_500,0.14,0.06,0.9379999999999997
Human_DiT_500,0.14,0.08,0.9379999999999997
Human_DiT_500,0.14,0.1,0.9379999999999997
Human_DiT_500,0.14,0.12,0.9379999999999997
Human_DiT_500,0.14,0.14,0.9359999999999998
Human_DiT_500,0.14,0.16,0.9359999999999998
Human_DiT_500,0.14,0.18,0.9359999999999998
Human_DiT_500,0.14,0.2,0.9359999999999998
Human_DiT_500,0.14,0.22,0.8919999999999996
Human_DiT_500,0.14,0.24,0.8919999999999996
Human_DiT_500,0.14,0.26,0.8919999999999996
Human_DiT_500,0.14,0.28,0.8619999999999994
Human_DiT_500,0.14,0.3,0.8619999999999994
Human_DiT_500,0.14,0.32,0.8619999999999994
Human_DiT_500,0.14,0.34,0.8299999999999996
Human_DiT_500,0.14,0.36,0.8299999999999996
Human_DiT_500,0.14,0.38,0.8299999999999996
Human_DiT_500,0.14,0.4,0.8279999999999995
Human_DiT_500,0.14,0.42,0.7279999999999996
Human_DiT_500,0.14,0.44,0.7279999999999996
Human_DiT_500,0.14,0.46,0.7279999999999996
Human_DiT_500,0.14,0.48,0.6639999999999999
Human_DiT_500,0.14,0.5,0.6639999999999999
Human_DiT_500,0.14,0.52,0.6639999999999999
Human_DiT_500,0.14,0.54,0.5800000000000002
Human_DiT_500,0.14,0.56,0.5800000000000002
Human_DiT_500,0.14,0.58,0.5800000000000002
Human_DiT_500,0.14,0.6,0.5800000000000002
Human_DiT_500,0.14,0.62,0.47600000000000003
Human_DiT_500,0.14,0.64,0.47600000000000003
Human_DiT_500,0.14,0.66,0.47600000000000003
Human_DiT_500,0.14,0.68,0.39399999999999985
Human_DiT_500,0.14,0.7,0.39399999999999985
Human_DiT_500,0.14,0.72,0.39399999999999985
Human_DiT_500,0.14,0.74,0.2839999999999999
Human_DiT_500,0.14,0.76,0.2839999999999999
Human_DiT_500,0.14,0.78,0.2839999999999999
Human_DiT_500,0.14,0.8,0.2759999999999999
Human_DiT_500,0.14,0.82,0.154
Human_DiT_500,0.14,0.84,0.154
Human_DiT_500,0.14,0.86,0.154
Human_DiT_500,0.14,0.88,0.09400000000000003
Human_DiT_500,0.14,0.9,0.09400000000000003
Human_DiT_500,0.14,0.92,0.09400000000000003
Human_DiT_500,0.14,0.94,0.05400000000000002
Human_DiT_500,0.14,0.96,0.05400000000000002
Human_DiT_500,0.14,0.98,0.05400000000000002
Human_DiT_500,0.14,1.0,0.05400000000000002
Human_DiT_500,0.16,0.0,0.9359999999999998
Human_DiT_500,0.16,0.02,0.9359999999999998
Human_DiT_500,0.16,0.04,0.9359999999999998
Human_DiT_500,0.16,0.06,0.9359999999999998
Human_DiT_500,0.16,0.08,0.9359999999999998
Human_DiT_500,0.16,0.1,0.9359999999999998
Human_DiT_500,0.16,0.12,0.9359999999999998
Human_DiT_500,0.16,0.14,0.9339999999999997
Human_DiT_500,0.16,0.16,0.9339999999999997
Human_DiT_500,0.16,0.18,0.9339999999999997
Human_DiT_500,0.16,0.2,0.9339999999999997
Human_DiT_500,0.16,0.22,0.8899999999999996
Human_DiT_500,0.16,0.24,0.8899999999999996
Human_DiT_500,0.16,0.26,0.8899999999999996
Human_DiT_500,0.16,0.28,0.8619999999999994
Human_DiT_500,0.16,0.3,0.8619999999999994
Human_DiT_500,0.16,0.32,0.8619999999999994
Human_DiT_500,0.16,0.34,0.8299999999999996
Human_DiT_500,0.16,0.36,0.8299999999999996
Human_DiT_500,0.16,0.38,0.8299999999999996
Human_DiT_500,0.16,0.4,0.8279999999999995
Human_DiT_500,0.16,0.42,0.7279999999999996
Human_DiT_500,0.16,0.44,0.7279999999999996
Human_DiT_500,0.16,0.46,0.7279999999999996
Human_DiT_500,0.16,0.48,0.6639999999999999
Human_DiT_500,0.16,0.5,0.6639999999999999
Human_DiT_500,0.16,0.52,0.6639999999999999
Human_DiT_500,0.16,0.54,0.5800000000000002
Human_DiT_500,0.16,0.56,0.5800000000000002
Human_DiT_500,0.16,0.58,0.5800000000000002
Human_DiT_500,0.16,0.6,0.5800000000000002
Human_DiT_500,0.16,0.62,0.47600000000000003
Human_DiT_500,0.16,0.64,0.47600000000000003
Human_DiT_500,0.16,0.66,0.47600000000000003
Human_DiT_500,0.16,0.68,0.39399999999999985
Human_DiT_500,0.16,0.7,0.39399999999999985
Human_DiT_500,0.16,0.72,0.39399999999999985
Human_DiT_500,0.16,0.74,0.2839999999999999
Human_DiT_500,0.16,0.76,0.2839999999999999
Human_DiT_500,0.16,0.78,0.2839999999999999
Human_DiT_500,0.16,0.8,0.2759999999999999
Human_DiT_500,0.16,0.82,0.154
Human_DiT_500,0.16,0.84,0.154
Human_DiT_500,0.16,0.86,0.154
Human_DiT_500,0.16,0.88,0.09400000000000003
Human_DiT_500,0.16,0.9,0.09400000000000003
Human_DiT_500,0.16,0.92,0.09400000000000003
Human_DiT_500,0.16,0.94,0.05400000000000002
Human_DiT_500,0.16,0.96,0.05400000000000002
Human_DiT_500,0.16,0.98,0.05400000000000002
Human_DiT_500,0.16,1.0,0.05400000000000002
Human_DiT_500,0.18,0.0,0.9319999999999997
Human_DiT_500,0.18,0.02,0.9319999999999997
Human_DiT_500,0.18,0.04,0.9319999999999997
Human_DiT_500,0.18,0.06,0.9319999999999997
Human_DiT_500,0.18,0.08,0.9319999999999997
Human_DiT_500,0.18,0.1,0.9319999999999997
Human_DiT_500,0.18,0.12,0.9319999999999997
Human_DiT_500,0.18,0.14,0.9319999999999997
Human_DiT_500,0.18,0.16,0.9319999999999997
Human_DiT_500,0.18,0.18,0.9319999999999997
Human_DiT_500,0.18,0.2,0.9319999999999997
Human_DiT_500,0.18,0.22,0.8879999999999997
Human_DiT_500,0.18,0.24,0.8879999999999997
Human_DiT_500,0.18,0.26,0.8879999999999997
Human_DiT_500,0.18,0.28,0.8599999999999995
Human_DiT_500,0.18,0.3,0.8599999999999995
Human_DiT_500,0.18,0.32,0.8599999999999995
Human_DiT_500,0.18,0.34,0.8279999999999997
Human_DiT_500,0.18,0.36,0.8279999999999997
Human_DiT_500,0.18,0.38,0.8279999999999997
Human_DiT_500,0.18,0.4,0.8259999999999996
Human_DiT_500,0.18,0.42,0.7279999999999996
Human_DiT_500,0.18,0.44,0.7279999999999996
Human_DiT_500,0.18,0.46,0.7279999999999996
Human_DiT_500,0.18,0.48,0.6639999999999999
Human_DiT_500,0.18,0.5,0.6639999999999999
Human_DiT_500,0.18,0.52,0.6639999999999999
Human_DiT_500,0.18,0.54,0.5800000000000002
Human_DiT_500,0.18,0.56,0.5800000000000002
Human_DiT_500,0.18,0.58,0.5800000000000002
Human_DiT_500,0.18,0.6,0.5800000000000002
Human_DiT_500,0.18,0.62,0.47600000000000003
Human_DiT_500,0.18,0.64,0.47600000000000003
Human_DiT_500,0.18,0.66,0.47600000000000003
Human_DiT_500,0.18,0.68,0.39399999999999985
Human_DiT_500,0.18,0.7,0.39399999999999985
Human_DiT_500,0.18,0.72,0.39399999999999985
Human_DiT_500,0.18,0.74,0.2839999999999999
Human_DiT_500,0.18,0.76,0.2839999999999999
Human_DiT_500,0.18,0.78,0.2839999999999999
Human_DiT_500,0.18,0.8,0.2759999999999999
Human_DiT_500,0.18,0.82,0.154
Human_DiT_500,0.18,0.84,0.154
Human_DiT_500,0.18,0.86,0.154
Human_DiT_500,0.18,0.88,0.09400000000000003
Human_DiT_500,0.18,0.9,0.09400000000000003
Human_DiT_500,0.18,0.92,0.09400000000000003
Human_DiT_500,0.18,0.94,0.05400000000000002
Human_DiT_500,0.18,0.96,0.05400000000000002
Human_DiT_500,0.18,0.98,0.05400000000000002
Human_DiT_500,0.18,1.0,0.05400000000000002
Human_DiT_500,0.2,0.0,0.9279999999999998
Human_DiT_500,0.2,0.02,0.9279999999999998
Human_DiT_500,0.2,0.04,0.9279999999999998
Human_DiT_500,0.2,0.06,0.9279999999999998
Human_DiT_500,0.2,0.08,0.9279999999999998
Human_DiT_500,0.2,0.1,0.9279999999999998
Human_DiT_500,0.2,0.12,0.9279999999999998
Human_DiT_500,0.2,0.14,0.9279999999999998
Human_DiT_500,0.2,0.16,0.9279999999999998
Human_DiT_500,0.2,0.18,0.9279999999999998
Human_DiT_500,0.2,0.2,0.9279999999999998
Human_DiT_500,0.2,0.22,0.8859999999999997
Human_DiT_500,0.2,0.24,0.8859999999999997
Human_DiT_500,0.2,0.26,0.8859999999999997
Human_DiT_500,0.2,0.28,0.8579999999999995
Human_DiT_500,0.2,0.3,0.8579999999999995
Human_DiT_500,0.2,0.32,0.8579999999999995
Human_DiT_500,0.2,0.34,0.8259999999999996
Human_DiT_500,0.2,0.36,0.8259999999999996
Human_DiT_500,0.2,0.38,0.8259999999999996
Human_DiT_500,0.2,0.4,0.8239999999999996
Human_DiT_500,0.2,0.42,0.7259999999999996
Human_DiT_500,0.2,0.44,0.7259999999999996
Human_DiT_500,0.2,0.46,0.7259999999999996
Human_DiT_500,0.2,0.48,0.6619999999999999
Human_DiT_500,0.2,0.5,0.6619999999999999
Human_DiT_500,0.2,0.52,0.6619999999999999
Human_DiT_500,0.2,0.54,0.5780000000000001
Human_DiT_500,0.2,0.56,0.5780000000000001
Human_DiT_500,0.2,0.58,0.5780000000000001
Human_DiT_500,0.2,0.6,0.5780000000000001
Human_DiT_500,0.2,0.62,0.47600000000000003
Human_DiT_500,0.2,0.64,0.47600000000000003
Human_DiT_500,0.2,0.66,0.47600000000000003
Human_DiT_500,0.2,0.68,0.39399999999999985
Human_DiT_500,0.2,0.7,0.39399999999999985
Human_DiT_500,0.2,0.72,0.39399999999999985
Human_DiT_500,0.2,0.74,0.2839999999999999
Human_DiT_500,0.2,0.76,0.2839999999999999
Human_DiT_500,0.2,0.78,0.2839999999999999
Human_DiT_500,0.2,0.8,0.2759999999999999
Human_DiT_500,0.2,0.82,0.154
Human_DiT_500,0.2,0.84,0.154
Human_DiT_500,0.2,0.86,0.154
Human_DiT_500,0.2,0.88,0.09400000000000003
Human_DiT_500,0.2,0.9,0.09400000000000003
Human_DiT_500,0.2,0.92,0.09400000000000003
Human_DiT_500,0.2,0.94,0.05400000000000002
Human_DiT_500,0.2,0.96,0.05400000000000002
Human_DiT_500,0.2,0.98,0.05400000000000002
Human_DiT_500,0.2,1.0,0.05400000000000002
Human_DiT_500,0.22,0.0,0.9259999999999998
Human_DiT_500,0.22,0.02,0.9259999999999998
Human_DiT_500,0.22,0.04,0.9259999999999998
Human_DiT_500,0.22,0.06,0.9259999999999998
Human_DiT_500,0.22,0.08,0.9259999999999998
Human_DiT_500,0.22,0.1,0.9259999999999998
Human_DiT_500,0.22,0.12,0.9259999999999998
Human_DiT_500,0.22,0.14,0.9259999999999998
Human_DiT_500,0.22,0.16,0.9259999999999998
Human_DiT_500,0.22,0.18,0.9259999999999998
Human_DiT_500,0.22,0.2,0.9259999999999998
Human_DiT_500,0.22,0.22,0.8839999999999995
Human_DiT_500,0.22,0.24,0.8839999999999995
Human_DiT_500,0.22,0.26,0.8839999999999995
Human_DiT_500,0.22,0.28,0.8579999999999995
Human_DiT_500,0.22,0.3,0.8579999999999995
Human_DiT_500,0.22,0.32,0.8579999999999995
Human_DiT_500,0.22,0.34,0.8259999999999996
Human_DiT_500,0.22,0.36,0.8259999999999996
Human_DiT_500,0.22,0.38,0.8259999999999996
Human_DiT_500,0.22,0.4,0.8239999999999996
Human_DiT_500,0.22,0.42,0.7259999999999996
Human_DiT_500,0.22,0.44,0.7259999999999996
Human_DiT_500,0.22,0.46,0.7259999999999996
Human_DiT_500,0.22,0.48,0.6619999999999999
Human_DiT_500,0.22,0.5,0.6619999999999999
Human_DiT_500,0.22,0.52,0.6619999999999999
Human_DiT_500,0.22,0.54,0.5780000000000001
Human_DiT_500,0.22,0.56,0.5780000000000001
Human_DiT_500,0.22,0.58,0.5780000000000001
Human_DiT_500,0.22,0.6,0.5780000000000001
Human_DiT_500,0.22,0.62,0.47600000000000003
Human_DiT_500,0.22,0.64,0.47600000000000003
Human_DiT_500,0.22,0.66,0.47600000000000003
Human_DiT_500,0.22,0.68,0.39399999999999985
Human_DiT_500,0.22,0.7,0.39399999999999985
Human_DiT_500,0.22,0.72,0.39399999999999985
Human_DiT_500,0.22,0.74,0.2839999999999999
Human_DiT_500,0.22,0.76,0.2839999999999999
Human_DiT_500,0.22,0.78,0.2839999999999999
Human_DiT_500,0.22,0.8,0.2759999999999999
Human_DiT_500,0.22,0.82,0.154
Human_DiT_500,0.22,0.84,0.154
Human_DiT_500,0.22,0.86,0.154
Human_DiT_500,0.22,0.88,0.09400000000000003
Human_DiT_500,0.22,0.9,0.09400000000000003
Human_DiT_500,0.22,0.92,0.09400000000000003
Human_DiT_500,0.22,0.94,0.05400000000000002
Human_DiT_500,0.22,0.96,0.05400000000000002
Human_DiT_500,0.22,0.98,0.05400000000000002
Human_DiT_500,0.22,1.0,0.05400000000000002
Human_DiT_500,0.24,0.0,0.9159999999999998
Human_DiT_500,0.24,0.02,0.9159999999999998
Human_DiT_500,0.24,0.04,0.9159999999999998
Human_DiT_500,0.24,0.06,0.9159999999999998
Human_DiT_500,0.24,0.08,0.9159999999999998
Human_DiT_500,0.24,0.1,0.9159999999999998
Human_DiT_500,0.24,0.12,0.9159999999999998
Human_DiT_500,0.24,0.14,0.9159999999999998
Human_DiT_500,0.24,0.16,0.9159999999999998
Human_DiT_500,0.24,0.18,0.9159999999999998
Human_DiT_500,0.24,0.2,0.9159999999999998
Human_DiT_500,0.24,0.22,0.8739999999999994
Human_DiT_500,0.24,0.24,0.8739999999999994
Human_DiT_500,0.24,0.26,0.8739999999999994
Human_DiT_500,0.24,0.28,0.8479999999999994
Human_DiT_500,0.24,0.3,0.8479999999999994
Human_DiT_500,0.24,0.32,0.8479999999999994
Human_DiT_500,0.24,0.34,0.8159999999999995
Human_DiT_500,0.24,0.36,0.8159999999999995
Human_DiT_500,0.24,0.38,0.8159999999999995
Human_DiT_500,0.24,0.4,0.8139999999999996
Human_DiT_500,0.24,0.42,0.7159999999999995
Human_DiT_500,0.24,0.44,0.7159999999999995
Human_DiT_500,0.24,0.46,0.7159999999999995
Human_DiT_500,0.24,0.48,0.6559999999999998
Human_DiT_500,0.24,0.5,0.6559999999999998
Human_DiT_500,0.24,0.52,0.6559999999999998
Human_DiT_500,0.24,0.54,0.5720000000000001
Human_DiT_500,0.24,0.56,0.5720000000000001
Human_DiT_500,0.24,0.58,0.5720000000000001
Human_DiT_500,0.24,0.6,0.5720000000000001
Human_DiT_500,0.24,0.62,0.4700000000000001
Human_DiT_500,0.24,0.64,0.4700000000000001
Human_DiT_500,0.24,0.66,0.4700000000000001
Human_DiT_500,0.24,0.68,0.38999999999999985
Human_DiT_500,0.24,0.7,0.38999999999999985
Human_DiT_500,0.24,0.72,0.38999999999999985
Human_DiT_500,0.24,0.74,0.2839999999999999
Human_DiT_500,0.24,0.76,0.2839999999999999
Human_DiT_500,0.24,0.78,0.2839999999999999
Human_DiT_500,0.24,0.8,0.2759999999999999
Human_DiT_500,0.24,0.82,0.154
Human_DiT_500,0.24,0.84,0.154
Human_DiT_500,0.24,0.86,0.154
Human_DiT_500,0.24,0.88,0.09400000000000003
Human_DiT_500,0.24,0.9,0.09400000000000003
Human_DiT_500,0.24,0.92,0.09400000000000003
Human_DiT_500,0.24,0.94,0.05400000000000002
Human_DiT_500,0.24,0.96,0.05400000000000002
Human_DiT_500,0.24,0.98,0.05400000000000002
Human_DiT_500,0.24,1.0,0.05400000000000002
Human_DiT_500,0.26,0.0,0.9039999999999996
Human_DiT_500,0.26,0.02,0.9039999999999996
Human_DiT_500,0.26,0.04,0.9039999999999996
Human_DiT_500,0.26,0.06,0.9039999999999996
Human_DiT_500,0.26,0.08,0.9039999999999996
Human_DiT_500,0.26,0.1,0.9039999999999996
Human_DiT_500,0.26,0.12,0.9039999999999996
Human_DiT_500,0.26,0.14,0.9039999999999996
Human_DiT_500,0.26,0.16,0.9039999999999996
Human_DiT_500,0.26,0.18,0.9039999999999996
Human_DiT_500,0.26,0.2,0.9039999999999996
Human_DiT_500,0.26,0.22,0.8659999999999993
Human_DiT_500,0.26,0.24,0.8659999999999993
Human_DiT_500,0.26,0.26,0.8659999999999993
Human_DiT_500,0.26,0.28,0.8399999999999994
Human_DiT_500,0.26,0.3,0.8399999999999994
Human_DiT_500,0.26,0.32,0.8399999999999994
Human_DiT_500,0.26,0.34,0.8079999999999995
Human_DiT_500,0.26,0.36,0.8079999999999995
Human_DiT_500,0.26,0.38,0.8079999999999995
Human_DiT_500,0.26,0.4,0.8059999999999996
Human_DiT_500,0.26,0.42,0.7119999999999996
Human_DiT_500,0.26,0.44,0.7119999999999996
Human_DiT_500,0.26,0.46,0.7119999999999996
Human_DiT_500,0.26,0.48,0.6519999999999997
Human_DiT_500,0.26,0.5,0.6519999999999997
Human_DiT_500,0.26,0.52,0.6519999999999997
Human_DiT_500,0.26,0.54,0.5700000000000001
Human_DiT_500,0.26,0.56,0.5700000000000001
Human_DiT_500,0.26,0.58,0.5700000000000001
Human_DiT_500,0.26,0.6,0.5700000000000001
Human_DiT_500,0.26,0.62,0.468
Human_DiT_500,0.26,0.64,0.468
Human_DiT_500,0.26,0.66,0.468
Human_DiT_500,0.26,0.68,0.38799999999999985
Human_DiT_500,0.26,0.7,0.38799999999999985
Human_DiT_500,0.26,0.72,0.38799999999999985
Human_DiT_500,0.26,0.74,0.2839999999999999
Human_DiT_500,0.26,0.76,0.2839999999999999
Human_DiT_500,0.26,0.78,0.2839999999999999
Human_DiT_500,0.26,0.8,0.2759999999999999
Human_DiT_500,0.26,0.82,0.154
Human_DiT_500,0.26,0.84,0.154
Human_DiT_500,0.26,0.86,0.154
Human_DiT_500,0.26,0.88,0.09400000000000003
Human_DiT_500,0.26,0.9,0.09400000000000003
Human_DiT_500,0.26,0.92,0.09400000000000003
Human_DiT_500,0.26,0.94,0.05400000000000002
Human_DiT_500,0.26,0.96,0.05400000000000002
Human_DiT_500,0.26,0.98,0.05400000000000002
Human_DiT_500,0.26,1.0,0.05400000000000002
Human_DiT_500,0.28,0.0,0.9019999999999996
Human_DiT_500,0.28,0.02,0.9019999999999996
Human_DiT_500,0.28,0.04,0.9019999999999996
Human_DiT_500,0.28,0.06,0.9019999999999996
Human_DiT_500,0.28,0.08,0.9019999999999996
Human_DiT_500,0.28,0.1,0.9019999999999996
Human_DiT_500,0.28,0.12,0.9019999999999996
Human_DiT_500,0.28,0.14,0.9019999999999996
Human_DiT_500,0.28,0.16,0.9019999999999996
Human_DiT_500,0.28,0.18,0.9019999999999996
Human_DiT_500,0.28,0.2,0.9019999999999996
Human_DiT_500,0.28,0.22,0.8659999999999993
Human_DiT_500,0.28,0.24,0.8659999999999993
Human_DiT_500,0.28,0.26,0.8659999999999993
Human_DiT_500,0.28,0.28,0.8399999999999994
Human_DiT_500,0.28,0.3,0.8399999999999994
Human_DiT_500,0.28,0.32,0.8399999999999994
Human_DiT_500,0.28,0.34,0.8079999999999995
Human_DiT_500,0.28,0.36,0.8079999999999995
Human_DiT_500,0.28,0.38,0.8079999999999995
Human_DiT_500,0.28,0.4,0.8059999999999996
Human_DiT_500,0.28,0.42,0.7119999999999996
Human_DiT_500,0.28,0.44,0.7119999999999996
Human_DiT_500,0.28,0.46,0.7119999999999996
Human_DiT_500,0.28,0.48,0.6519999999999997
Human_DiT_500,0.28,0.5,0.6519999999999997
Human_DiT_500,0.28,0.52,0.6519999999999997
Human_DiT_500,0.28,0.54,0.5700000000000001
Human_DiT_500,0.28,0.56,0.5700000000000001
Human_DiT_500,0.28,0.58,0.5700000000000001
Human_DiT_500,0.28,0.6,0.5700000000000001
Human_DiT_500,0.28,0.62,0.468
Human_DiT_500,0.28,0.64,0.468
Human_DiT_500,0.28,0.66,0.468
Human_DiT_500,0.28,0.68,0.38799999999999985
Human_DiT_500,0.28,0.7,0.38799999999999985
Human_DiT_500,0.28,0.72,0.38799999999999985
Human_DiT_500,0.28,0.74,0.2839999999999999
Human_DiT_500,0.28,0.76,0.2839999999999999
Human_DiT_500,0.28,0.78,0.2839999999999999
Human_DiT_500,0.28,0.8,0.2759999999999999
Human_DiT_500,0.28,0.82,0.154
Human_DiT_500,0.28,0.84,0.154
Human_DiT_500,0.28,0.86,0.154
Human_DiT_500,0.28,0.88,0.09400000000000003
Human_DiT_500,0.28,0.9,0.09400000000000003
Human_DiT_500,0.28,0.92,0.09400000000000003
Human_DiT_500,0.28,0.94,0.05400000000000002
Human_DiT_500,0.28,0.96,0.05400000000000002
Human_DiT_500,0.28,0.98,0.05400000000000002
Human_DiT_500,0.28,1.0,0.05400000000000002
Human_DiT_500,0.3,0.0,0.8939999999999995
Human_DiT_500,0.3,0.02,0.8939999999999995
Human_DiT_500,0.3,0.04,0.8939999999999995
Human_DiT_500,0.3,0.06,0.8939999999999995
Human_DiT_500,0.3,0.08,0.8939999999999995
Human_DiT_500,0.3,0.1,0.8939999999999995
Human_DiT_500,0.3,0.12,0.8939999999999995
Human_DiT_500,0.3,0.14,0.8939999999999995
Human_DiT_500,0.3,0.16,0.8939999999999995
Human_DiT_500,0.3,0.18,0.8939999999999995
Human_DiT_500,0.3,0.2,0.8939999999999995
Human_DiT_500,0.3,0.22,0.8599999999999995
Human_DiT_500,0.3,0.24,0.8599999999999995
Human_DiT_500,0.3,0.26,0.8599999999999995
Human_DiT_500,0.3,0.28,0.8379999999999994
Human_DiT_500,0.3,0.3,0.8379999999999994
Human_DiT_500,0.3,0.32,0.8379999999999994
Human_DiT_500,0.3,0.34,0.8079999999999995
Human_DiT_500,0.3,0.36,0.8079999999999995
Human_DiT_500,0.3,0.38,0.8079999999999995
Human_DiT_500,0.3,0.4,0.8059999999999996
Human_DiT_500,0.3,0.42,0.7119999999999996
Human_DiT_500,0.3,0.44,0.7119999999999996
Human_DiT_500,0.3,0.46,0.7119999999999996
Human_DiT_500,0.3,0.48,0.6519999999999997
Human_DiT_500,0.3,0.5,0.6519999999999997
Human_DiT_500,0.3,0.52,0.6519999999999997
Human_DiT_500,0.3,0.54,0.5700000000000001
Human_DiT_500,0.3,0.56,0.5700000000000001
Human_DiT_500,0.3,0.58,0.5700000000000001
Human_DiT_500,0.3,0.6,0.5700000000000001
Human_DiT_500,0.3,0.62,0.468
Human_DiT_500,0.3,0.64,0.468
Human_DiT_500,0.3,0.66,0.468
Human_DiT_500,0.3,0.68,0.38799999999999985
Human_DiT_500,0.3,0.7,0.38799999999999985
Human_DiT_500,0.3,0.72,0.38799999999999985
Human_DiT_500,0.3,0.74,0.2839999999999999
Human_DiT_500,0.3,0.76,0.2839999999999999
Human_DiT_500,0.3,0.78,0.2839999999999999
Human_DiT_500,0.3,0.8,0.2759999999999999
Human_DiT_500,0.3,0.82,0.154
Human_DiT_500,0.3,0.84,0.154
Human_DiT_500,0.3,0.86,0.154
Human_DiT_500,0.3,0.88,0.09400000000000003
Human_DiT_500,0.3,0.9,0.09400000000000003
Human_DiT_500,0.3,0.92,0.09400000000000003
Human_DiT_500,0.3,0.94,0.05400000000000002
Human_DiT_500,0.3,0.96,0.05400000000000002
Human_DiT_500,0.3,0.98,0.05400000000000002
Human_DiT_500,0.3,1.0,0.05400000000000002
Human_DiT_500,0.32,0.0,0.8919999999999996
Human_DiT_500,0.32,0.02,0.8919999999999996
Human_DiT_500,0.32,0.04,0.8919999999999996
Human_DiT_500,0.32,0.06,0.8919999999999996
Human_DiT_500,0.32,0.08,0.8919999999999996
Human_DiT_500,0.32,0.1,0.8919999999999996
Human_DiT_500,0.32,0.12,0.8919999999999996
Human_DiT_500,0.32,0.14,0.8919999999999996
Human_DiT_500,0.32,0.16,0.8919999999999996
Human_DiT_500,0.32,0.18,0.8919999999999996
Human_DiT_500,0.32,0.2,0.8919999999999996
Human_DiT_500,0.32,0.22,0.8579999999999995
Human_DiT_500,0.32,0.24,0.8579999999999995
Human_DiT_500,0.32,0.26,0.8579999999999995
Human_DiT_500,0.32,0.28,0.8359999999999995
Human_DiT_500,0.32,0.3,0.8359999999999995
Human_DiT_500,0.32,0.32,0.8359999999999995
Human_DiT_500,0.32,0.34,0.8059999999999996
Human_DiT_500,0.32,0.36,0.8059999999999996
Human_DiT_500,0.32,0.38,0.8059999999999996
Human_DiT_500,0.32,0.4,0.8039999999999996
Human_DiT_500,0.32,0.42,0.7099999999999995
Human_DiT_500,0.32,0.44,0.7099999999999995
Human_DiT_500,0.32,0.46,0.7099999999999995
Human_DiT_500,0.32,0.48,0.6499999999999999
Human_DiT_500,0.32,0.5,0.6499999999999999
Human_DiT_500,0.32,0.52,0.6499999999999999
Human_DiT_500,0.32,0.54,0.5700000000000001
Human_DiT_500,0.32,0.56,0.5700000000000001
Human_DiT_500,0.32,0.58,0.5700000000000001
Human_DiT_500,0.32,0.6,0.5700000000000001
Human_DiT_500,0.32,0.62,0.468
Human_DiT_500,0.32,0.64,0.468
Human_DiT_500,0.32,0.66,0.468
Human_DiT_500,0.32,0.68,0.38799999999999985
Human_DiT_500,0.32,0.7,0.38799999999999985
Human_DiT_500,0.32,0.72,0.38799999999999985
Human_DiT_500,0.32,0.74,0.2839999999999999
Human_DiT_500,0.32,0.76,0.2839999999999999
Human_DiT_500,0.32,0.78,0.2839999999999999
Human_DiT_500,0.32,0.8,0.2759999999999999
Human_DiT_500,0.32,0.82,0.154
Human_DiT_500,0.32,0.84,0.154
Human_DiT_500,0.32,0.86,0.154
Human_DiT_500,0.32,0.88,0.09400000000000003
Human_DiT_500,0.32,0.9,0.09400000000000003
Human_DiT_500,0.32,0.92,0.09400000000000003
Human_DiT_500,0.32,0.94,0.05400000000000002
Human_DiT_500,0.32,0.96,0.05400000000000002
Human_DiT_500,0.32,0.98,0.05400000000000002
Human_DiT_500,0.32,1.0,0.05400000000000002
Human_DiT_500,0.34,0.0,0.8819999999999995
Human_DiT_500,0.34,0.02,0.8819999999999995
Human_DiT_500,0.34,0.04,0.8819999999999995
Human_DiT_500,0.34,0.06,0.8819999999999995
Human_DiT_500,0.34,0.08,0.8819999999999995
Human_DiT_500,0.34,0.1,0.8819999999999995
Human_DiT_500,0.34,0.12,0.8819999999999995
Human_DiT_500,0.34,0.14,0.8819999999999995
Human_DiT_500,0.34,0.16,0.8819999999999995
Human_DiT_500,0.34,0.18,0.8819999999999995
Human_DiT_500,0.34,0.2,0.8819999999999995
Human_DiT_500,0.34,0.22,0.8519999999999996
Human_DiT_500,0.34,0.24,0.8519999999999996
Human_DiT_500,0.34,0.26,0.8519999999999996
Human_DiT_500,0.34,0.28,0.8319999999999994
Human_DiT_500,0.34,0.3,0.8319999999999994
Human_DiT_500,0.34,0.32,0.8319999999999994
Human_DiT_500,0.34,0.34,0.8039999999999996
Human_DiT_500,0.34,0.36,0.8039999999999996
Human_DiT_500,0.34,0.38,0.8039999999999996
Human_DiT_500,0.34,0.4,0.8019999999999996
Human_DiT_500,0.34,0.42,0.7079999999999997
Human_DiT_500,0.34,0.44,0.7079999999999997
Human_DiT_500,0.34,0.46,0.7079999999999997
Human_DiT_500,0.34,0.48,0.6479999999999998
Human_DiT_500,0.34,0.5,0.6479999999999998
Human_DiT_500,0.34,0.52,0.6479999999999998
Human_DiT_500,0.34,0.54,0.5700000000000001
Human_DiT_500,0.34,0.56,0.5700000000000001
Human_DiT_500,0.34,0.58,0.5700000000000001
Human_DiT_500,0.34,0.6,0.5700000000000001
Human_DiT_500,0.34,0.62,0.468
Human_DiT_500,0.34,0.64,0.468
Human_DiT_500,0.34,0.66,0.468
Human_DiT_500,0.34,0.68,0.38799999999999985
Human_DiT_500,0.34,0.7,0.38799999999999985
Human_DiT_500,0.34,0.72,0.38799999999999985
Human_DiT_500,0.34,0.74,0.2839999999999999
Human_DiT_500,0.34,0.76,0.2839999999999999
Human_DiT_500,0.34,0.78,0.2839999999999999
Human_DiT_500,0.34,0.8,0.2759999999999999
Human_DiT_500,0.34,0.82,0.154
Human_DiT_500,0.34,0.84,0.154
Human_DiT_500,0.34,0.86,0.154
Human_DiT_500,0.34,0.88,0.09400000000000003
Human_DiT_500,0.34,0.9,0.09400000000000003
Human_DiT_500,0.34,0.92,0.09400000000000003
Human_DiT_500,0.34,0.94,0.05400000000000002
Human_DiT_500,0.34,0.96,0.05400000000000002
Human_DiT_500,0.34,0.98,0.05400000000000002
Human_DiT_500,0.34,1.0,0.05400000000000002
Human_DiT_500,0.36,0.0,0.8819999999999995
Human_DiT_500,0.36,0.02,0.8819999999999995
Human_DiT_500,0.36,0.04,0.8819999999999995
Human_DiT_500,0.36,0.06,0.8819999999999995
Human_DiT_500,0.36,0.08,0.8819999999999995
Human_DiT_500,0.36,0.1,0.8819999999999995
Human_DiT_500,0.36,0.12,0.8819999999999995
Human_DiT_500,0.36,0.14,0.8819999999999995
Human_DiT_500,0.36,0.16,0.8819999999999995
Human_DiT_500,0.36,0.18,0.8819999999999995
Human_DiT_500,0.36,0.2,0.8819999999999995
Human_DiT_500,0.36,0.22,0.8519999999999996
Human_DiT_500,0.36,0.24,0.8519999999999996
Human_DiT_500,0.36,0.26,0.8519999999999996
Human_DiT_500,0.36,0.28,0.8319999999999994
Human_DiT_500,0.36,0.3,0.8319999999999994
Human_DiT_500,0.36,0.32,0.8319999999999994
Human_DiT_500,0.36,0.34,0.8039999999999996
Human_DiT_500,0.36,0.36,0.8039999999999996
Human_DiT_500,0.36,0.38,0.8039999999999996
Human_DiT_500,0.36,0.4,0.8019999999999996
Human_DiT_500,0.36,0.42,0.7079999999999997
Human_DiT_500,0.36,0.44,0.7079999999999997
Human_DiT_500,0.36,0.46,0.7079999999999997
Human_DiT_500,0.36,0.48,0.6479999999999998
Human_DiT_500,0.36,0.5,0.6479999999999998
Human_DiT_500,0.36,0.52,0.6479999999999998
Human_DiT_500,0.36,0.54,0.5700000000000001
Human_DiT_500,0.36,0.56,0.5700000000000001
Human_DiT_500,0.36,0.58,0.5700000000000001
Human_DiT_500,0.36,0.6,0.5700000000000001
Human_DiT_500,0.36,0.62,0.468
Human_DiT_500,0.36,0.64,0.468
Human_DiT_500,0.36,0.66,0.468
Human_DiT_500,0.36,0.68,0.38799999999999985
Human_DiT_500,0.36,0.7,0.38799999999999985
Human_DiT_500,0.36,0.72,0.38799999999999985
Human_DiT_500,0.36,0.74,0.2839999999999999
Human_DiT_500,0.36,0.76,0.2839999999999999
Human_DiT_500,0.36,0.78,0.2839999999999999
Human_DiT_500,0.36,0.8,0.2759999999999999
Human_DiT_500,0.36,0.82,0.154
Human_DiT_500,0.36,0.84,0.154
Human_DiT_500,0.36,0.86,0.154
Human_DiT_500,0.36,0.88,0.09400000000000003
Human_DiT_500,0.36,0.9,0.09400000000000003
Human_DiT_500,0.36,0.92,0.09400000000000003
Human_DiT_500,0.36,0.94,0.05400000000000002
Human_DiT_500,0.36,0.96,0.05400000000000002
Human_DiT_500,0.36,0.98,0.05400000000000002
Human_DiT_500,0.36,1.0,0.05400000000000002
Human_DiT_500,0.38,0.0,0.8739999999999994
Human_DiT_500,0.38,0.02,0.8739999999999994
Human_DiT_500,0.38,0.04,0.8739999999999994
Human_DiT_500,0.38,0.06,0.8739999999999994
Human_DiT_500,0.38,0.08,0.8739999999999994
Human_DiT_500,0.38,0.1,0.8739999999999994
Human_DiT_500,0.38,0.12,0.8739999999999994
Human_DiT_500,0.38,0.14,0.8739999999999994
Human_DiT_500,0.38,0.16,0.8739999999999994
Human_DiT_500,0.38,0.18,0.8739999999999994
Human_DiT_500,0.38,0.2,0.8739999999999994
Human_DiT_500,0.38,0.22,0.8459999999999995
Human_DiT_500,0.38,0.24,0.8459999999999995
Human_DiT_500,0.38,0.26,0.8459999999999995
Human_DiT_500,0.38,0.28,0.8259999999999995
Human_DiT_500,0.38,0.3,0.8259999999999995
Human_DiT_500,0.38,0.32,0.8259999999999995
Human_DiT_500,0.38,0.34,0.7999999999999997
Human_DiT_500,0.38,0.36,0.7999999999999997
Human_DiT_500,0.38,0.38,0.7999999999999997
Human_DiT_500,0.38,0.4,0.7979999999999997
Human_DiT_500,0.38,0.42,0.7039999999999996
Human_DiT_500,0.38,0.44,0.7039999999999996
Human_DiT_500,0.38,0.46,0.7039999999999996
Human_DiT_500,0.38,0.48,0.6439999999999998
Human_DiT_500,0.38,0.5,0.6439999999999998
Human_DiT_500,0.38,0.52,0.6439999999999998
Human_DiT_500,0.38,0.54,0.5660000000000001
Human_DiT_500,0.38,0.56,0.5660000000000001
Human_DiT_500,0.38,0.58,0.5660000000000001
Human_DiT_500,0.38,0.6,0.5660000000000001
Human_DiT_500,0.38,0.62,0.466
Human_DiT_500,0.38,0.64,0.466
Human_DiT_500,0.38,0.66,0.466
Human_DiT_500,0.38,0.68,0.38799999999999985
Human_DiT_500,0.38,0.7,0.38799999999999985
Human_DiT_500,0.38,0.72,0.38799999999999985
Human_DiT_500,0.38,0.74,0.2839999999999999
Human_DiT_500,0.38,0.76,0.2839999999999999
Human_DiT_500,0.38,0.78,0.2839999999999999
Human_DiT_500,0.38,0.8,0.2759999999999999
Human_DiT_500,0.38,0.82,0.154
Human_DiT_500,0.38,0.84,0.154
Human_DiT_500,0.38,0.86,0.154
Human_DiT_500,0.38,0.88,0.09400000000000003
Human_DiT_500,0.38,0.9,0.09400000000000003
Human_DiT_500,0.38,0.92,0.09400000000000003
Human_DiT_500,0.38,0.94,0.05400000000000002
Human_DiT_500,0.38,0.96,0.05400000000000002
Human_DiT_500,0.38,0.98,0.05400000000000002
Human_DiT_500,0.38,1.0,0.05400000000000002
Human_DiT_500,0.4,0.0,0.8719999999999994
Human_DiT_500,0.4,0.02,0.8719999999999994
Human_DiT_500,0.4,0.04,0.8719999999999994
Human_DiT_500,0.4,0.06,0.8719999999999994
Human_DiT_500,0.4,0.08,0.8719999999999994
Human_DiT_500,0.4,0.1,0.8719999999999994
Human_DiT_500,0.4,0.12,0.8719999999999994
Human_DiT_500,0.4,0.14,0.8719999999999994
Human_DiT_500,0.4,0.16,0.8719999999999994
Human_DiT_500,0.4,0.18,0.8719999999999994
Human_DiT_500,0.4,0.2,0.8719999999999994
Human_DiT_500,0.4,0.22,0.8439999999999996
Human_DiT_500,0.4,0.24,0.8439999999999996
Human_DiT_500,0.4,0.26,0.8439999999999996
Human_DiT_500,0.4,0.28,0.8239999999999996
Human_DiT_500,0.4,0.3,0.8239999999999996
Human_DiT_500,0.4,0.32,0.8239999999999996
Human_DiT_500,0.4,0.34,0.7979999999999998
Human_DiT_500,0.4,0.36,0.7979999999999998
Human_DiT_500,0.4,0.38,0.7979999999999998
Human_DiT_500,0.4,0.4,0.7959999999999998
Human_DiT_500,0.4,0.42,0.7019999999999997
Human_DiT_500,0.4,0.44,0.7019999999999997
Human_DiT_500,0.4,0.46,0.7019999999999997
Human_DiT_500,0.4,0.48,0.6419999999999998
Human_DiT_500,0.4,0.5,0.6419999999999998
Human_DiT_500,0.4,0.52,0.6419999999999998
Human_DiT_500,0.4,0.54,0.5640000000000001
Human_DiT_500,0.4,0.56,0.5640000000000001
Human_DiT_500,0.4,0.58,0.5640000000000001
Human_DiT_500,0.4,0.6,0.5640000000000001
Human_DiT_500,0.4,0.62,0.46399999999999997
Human_DiT_500,0.4,0.64,0.46399999999999997
Human_DiT_500,0.4,0.66,0.46399999999999997
Human_DiT_500,0.4,0.68,0.3859999999999999
Human_DiT_500,0.4,0.7,0.3859999999999999
Human_DiT_500,0.4,0.72,0.3859999999999999
Human_DiT_500,0.4,0.74,0.2839999999999999
Human_DiT_500,0.4,0.76,0.2839999999999999
Human_DiT_500,0.4,0.78,0.2839999999999999
Human_DiT_500,0.4,0.8,0.2759999999999999
Human_DiT_500,0.4,0.82,0.154
Human_DiT_500,0.4,0.84,0.154
Human_DiT_500,0.4,0.86,0.154
Human_DiT_500,0.4,0.88,0.09400000000000003
Human_DiT_500,0.4,0.9,0.09400000000000003
Human_DiT_500,0.4,0.92,0.09400000000000003
Human_DiT_500,0.4,0.94,0.05400000000000002
Human_DiT_500,0.4,0.96,0.05400000000000002
Human_DiT_500,0.4,0.98,0.05400000000000002
Human_DiT_500,0.4,1.0,0.05400000000000002
Human_DiT_500,0.42,0.0,0.8539999999999995
Human_DiT_500,0.42,0.02,0.8539999999999995
Human_DiT_500,0.42,0.04,0.8539999999999995
Human_DiT_500,0.42,0.06,0.8539999999999995
Human_DiT_500,0.42,0.08,0.8539999999999995
Human_DiT_500,0.42,0.1,0.8539999999999995
Human_DiT_500,0.42,0.12,0.8539999999999995
Human_DiT_500,0.42,0.14,0.8539999999999995
Human_DiT_500,0.42,0.16,0.8539999999999995
Human_DiT_500,0.42,0.18,0.8539999999999995
Human_DiT_500,0.42,0.2,0.8539999999999995
Human_DiT_500,0.42,0.22,0.8279999999999995
Human_DiT_500,0.42,0.24,0.8279999999999995
Human_DiT_500,0.42,0.26,0.8279999999999995
Human_DiT_500,0.42,0.28,0.8119999999999996
Human_DiT_500,0.42,0.3,0.8119999999999996
Human_DiT_500,0.42,0.32,0.8119999999999996
Human_DiT_500,0.42,0.34,0.7899999999999998
Human_DiT_500,0.42,0.36,0.7899999999999998
Human_DiT_500,0.42,0.38,0.7899999999999998
Human_DiT_500,0.42,0.4,0.7879999999999998
Human_DiT_500,0.42,0.42,0.6979999999999997
Human_DiT_500,0.42,0.44,0.6979999999999997
Human_DiT_500,0.42,0.46,0.6979999999999997
Human_DiT_500,0.42,0.48,0.6399999999999998
Human_DiT_500,0.42,0.5,0.6399999999999998
Human_DiT_500,0.42,0.52,0.6399999999999998
Human_DiT_500,0.42,0.54,0.562
Human_DiT_500,0.42,0.56,0.562
Human_DiT_500,0.42,0.58,0.562
Human_DiT_500,0.42,0.6,0.562
Human_DiT_500,0.42,0.62,0.46399999999999997
Human_DiT_500,0.42,0.64,0.46399999999999997
Human_DiT_500,0.42,0.66,0.46399999999999997
Human_DiT_500,0.42,0.68,0.3859999999999999
Human_DiT_500,0.42,0.7,0.3859999999999999
Human_DiT_500,0.42,0.72,0.3859999999999999
Human_DiT_500,0.42,0.74,0.2839999999999999
Human_DiT_500,0.42,0.76,0.2839999999999999
Human_DiT_500,0.42,0.78,0.2839999999999999
Human_DiT_500,0.42,0.8,0.2759999999999999
Human_DiT_500,0.42,0.82,0.154
Human_DiT_500,0.42,0.84,0.154
Human_DiT_500,0.42,0.86,0.154
Human_DiT_500,0.42,0.88,0.09400000000000003
Human_DiT_500,0.42,0.9,0.09400000000000003
Human_DiT_500,0.42,0.92,0.09400000000000003
Human_DiT_500,0.42,0.94,0.05400000000000002
Human_DiT_500,0.42,0.96,0.05400000000000002
Human_DiT_500,0.42,0.98,0.05400000000000002
Human_DiT_500,0.42,1.0,0.05400000000000002
Human_DiT_500,0.44,0.0,0.8519999999999994
Human_DiT_500,0.44,0.02,0.8519999999999994
Human_DiT_500,0.44,0.04,0.8519999999999994
Human_DiT_500,0.44,0.06,0.8519999999999994
Human_DiT_500,0.44,0.08,0.8519999999999994
Human_DiT_500,0.44,0.1,0.8519999999999994
Human_DiT_500,0.44,0.12,0.8519999999999994
Human_DiT_500,0.44,0.14,0.8519999999999994
Human_DiT_500,0.44,0.16,0.8519999999999994
Human_DiT_500,0.44,0.18,0.8519999999999994
Human_DiT_500,0.44,0.2,0.8519999999999994
Human_DiT_500,0.44,0.22,0.8259999999999995
Human_DiT_500,0.44,0.24,0.8259999999999995
Human_DiT_500,0.44,0.26,0.8259999999999995
Human_DiT_500,0.44,0.28,0.8099999999999996
Human_DiT_500,0.44,0.3,0.8099999999999996
Human_DiT_500,0.44,0.32,0.8099999999999996
Human_DiT_500,0.44,0.34,0.7879999999999998
Human_DiT_500,0.44,0.36,0.7879999999999998
Human_DiT_500,0.44,0.38,0.7879999999999998
Human_DiT_500,0.44,0.4,0.7859999999999998
Human_DiT_500,0.44,0.42,0.6959999999999998
Human_DiT_500,0.44,0.44,0.6959999999999998
Human_DiT_500,0.44,0.46,0.6959999999999998
Human_DiT_500,0.44,0.48,0.6379999999999998
Human_DiT_500,0.44,0.5,0.6379999999999998
Human_DiT_500,0.44,0.52,0.6379999999999998
Human_DiT_500,0.44,0.54,0.56
Human_DiT_500,0.44,0.56,0.56
Human_DiT_500,0.44,0.58,0.56
Human_DiT_500,0.44,0.6,0.56
Human_DiT_500,0.44,0.62,0.46199999999999997
Human_DiT_500,0.44,0.64,0.46199999999999997
Human_DiT_500,0.44,0.66,0.46199999999999997
Human_DiT_500,0.44,0.68,0.38399999999999984
Human_DiT_500,0.44,0.7,0.38399999999999984
Human_DiT_500,0.44,0.72,0.38399999999999984
Human_DiT_500,0.44,0.74,0.28199999999999986
Human_DiT_500,0.44,0.76,0.28199999999999986
Human_DiT_500,0.44,0.78,0.28199999999999986
Human_DiT_500,0.44,0.8,0.27399999999999985
Human_DiT_500,0.44,0.82,0.154
Human_DiT_500,0.44,0.84,0.154
Human_DiT_500,0.44,0.86,0.154
Human_DiT_500,0.44,0.88,0.09400000000000003
Human_DiT_500,0.44,0.9,0.09400000000000003
Human_DiT_500,0.44,0.92,0.09400000000000003
Human_DiT_500,0.44,0.94,0.05400000000000002
Human_DiT_500,0.44,0.96,0.05400000000000002
Human_DiT_500,0.44,0.98,0.05400000000000002
Human_DiT_500,0.44,1.0,0.05400000000000002
Human_DiT_500,0.46,0.0,0.8419999999999994
Human_DiT_500,0.46,0.02,0.8419999999999994
Human_DiT_500,0.46,0.04,0.8419999999999994
Human_DiT_500,0.46,0.06,0.8419999999999994
Human_DiT_500,0.46,0.08,0.8419999999999994
Human_DiT_500,0.46,0.1,0.8419999999999994
Human_DiT_500,0.46,0.12,0.8419999999999994
Human_DiT_500,0.46,0.14,0.8419999999999994
Human_DiT_500,0.46,0.16,0.8419999999999994
Human_DiT_500,0.46,0.18,0.8419999999999994
Human_DiT_500,0.46,0.2,0.8419999999999994
Human_DiT_500,0.46,0.22,0.8179999999999995
Human_DiT_500,0.46,0.24,0.8179999999999995
Human_DiT_500,0.46,0.26,0.8179999999999995
Human_DiT_500,0.46,0.28,0.8039999999999996
Human_DiT_500,0.46,0.3,0.8039999999999996
Human_DiT_500,0.46,0.32,0.8039999999999996
Human_DiT_500,0.46,0.34,0.7819999999999999
Human_DiT_500,0.46,0.36,0.7819999999999999
Human_DiT_500,0.46,0.38,0.7819999999999999
Human_DiT_500,0.46,0.4,0.7799999999999998
Human_DiT_500,0.46,0.42,0.6939999999999997
Human_DiT_500,0.46,0.44,0.6939999999999997
Human_DiT_500,0.46,0.46,0.6939999999999997
Human_DiT_500,0.46,0.48,0.6359999999999998
Human_DiT_500,0.46,0.5,0.6359999999999998
Human_DiT_500,0.46,0.52,0.6359999999999998
Human_DiT_500,0.46,0.54,0.558
Human_DiT_500,0.46,0.56,0.558
Human_DiT_500,0.46,0.58,0.558
Human_DiT_500,0.46,0.6,0.558
Human_DiT_500,0.46,0.62,0.46
Human_DiT_500,0.46,0.64,0.46
Human_DiT_500,0.46,0.66,0.46
Human_DiT_500,0.46,0.68,0.38199999999999984
Human_DiT_500,0.46,0.7,0.38199999999999984
Human_DiT_500,0.46,0.72,0.38199999999999984
Human_DiT_500,0.46,0.74,0.2799999999999999
Human_DiT_500,0.46,0.76,0.2799999999999999
Human_DiT_500,0.46,0.78,0.2799999999999999
Human_DiT_500,0.46,0.8,0.2719999999999999
Human_DiT_500,0.46,0.82,0.154
Human_DiT_500,0.46,0.84,0.154
Human_DiT_500,0.46,0.86,0.154
Human_DiT_500,0.46,0.88,0.09400000000000003
Human_DiT_500,0.46,0.9,0.09400000000000003
Human_DiT_500,0.46,0.92,0.09400000000000003
Human_DiT_500,0.46,0.94,0.05400000000000002
Human_DiT_500,0.46,0.96,0.05400000000000002
Human_DiT_500,0.46,0.98,0.05400000000000002
Human_DiT_500,0.46,1.0,0.05400000000000002
Human_DiT_500,0.48,0.0,0.8319999999999993
Human_DiT_500,0.48,0.02,0.8319999999999993
Human_DiT_500,0.48,0.04,0.8319999999999993
Human_DiT_500,0.48,0.06,0.8319999999999993
Human_DiT_500,0.48,0.08,0.8319999999999993
Human_DiT_500,0.48,0.1,0.8319999999999993
Human_DiT_500,0.48,0.12,0.8319999999999993
Human_DiT_500,0.48,0.14,0.8319999999999993
Human_DiT_500,0.48,0.16,0.8319999999999993
Human_DiT_500,0.48,0.18,0.8319999999999993
Human_DiT_500,0.48,0.2,0.8319999999999993
Human_DiT_500,0.48,0.22,0.8099999999999996
Human_DiT_500,0.48,0.24,0.8099999999999996
Human_DiT_500,0.48,0.26,0.8099999999999996
Human_DiT_500,0.48,0.28,0.7959999999999995
Human_DiT_500,0.48,0.3,0.7959999999999995
Human_DiT_500,0.48,0.32,0.7959999999999995
Human_DiT_500,0.48,0.34,0.7739999999999996
Human_DiT_500,0.48,0.36,0.7739999999999996
Human_DiT_500,0.48,0.38,0.7739999999999996
Human_DiT_500,0.48,0.4,0.7719999999999998
Human_DiT_500,0.48,0.42,0.6899999999999997
Human_DiT_500,0.48,0.44,0.6899999999999997
Human_DiT_500,0.48,0.46,0.6899999999999997
Human_DiT_500,0.48,0.48,0.6319999999999998
Human_DiT_500,0.48,0.5,0.6319999999999998
Human_DiT_500,0.48,0.52,0.6319999999999998
Human_DiT_500,0.48,0.54,0.554
Human_DiT_500,0.48,0.56,0.554
Human_DiT_500,0.48,0.58,0.554
Human_DiT_500,0.48,0.6,0.554
Human_DiT_500,0.48,0.62,0.45799999999999996
Human_DiT_500,0.48,0.64,0.45799999999999996
Human_DiT_500,0.48,0.66,0.45799999999999996
Human_DiT_500,0.48,0.68,0.38199999999999984
Human_DiT_500,0.48,0.7,0.38199999999999984
Human_DiT_500,0.48,0.72,0.38199999999999984
Human_DiT_500,0.48,0.74,0.2799999999999999
Human_DiT_500,0.48,0.76,0.2799999999999999
Human_DiT_500,0.48,0.78,0.2799999999999999
Human_DiT_500,0.48,0.8,0.2719999999999999
Human_DiT_500,0.48,0.82,0.154
Human_DiT_500,0.48,0.84,0.154
Human_DiT_500,0.48,0.86,0.154
Human_DiT_500,0.48,0.88,0.09400000000000003
Human_DiT_500,0.48,0.9,0.09400000000000003
Human_DiT_500,0.48,0.92,0.09400000000000003
Human_DiT_500,0.48,0.94,0.05400000000000002
Human_DiT_500,0.48,0.96,0.05400000000000002
Human_DiT_500,0.48,0.98,0.05400000000000002
Human_DiT_500,0.48,1.0,0.05400000000000002
Human_DiT_500,0.5,0.0,0.8279999999999994
Human_DiT_500,0.5,0.02,0.8279999999999994
Human_DiT_500,0.5,0.04,0.8279999999999994
Human_DiT_500,0.5,0.06,0.8279999999999994
Human_DiT_500,0.5,0.08,0.8279999999999994
Human_DiT_500,0.5,0.1,0.8279999999999994
Human_DiT_500,0.5,0.12,0.8279999999999994
Human_DiT_500,0.5,0.14,0.8279999999999994
Human_DiT_500,0.5,0.16,0.8279999999999994
Human_DiT_500,0.5,0.18,0.8279999999999994
Human_DiT_500,0.5,0.2,0.8279999999999994
Human_DiT_500,0.5,0.22,0.8079999999999997
Human_DiT_500,0.5,0.24,0.8079999999999997
Human_DiT_500,0.5,0.26,0.8079999999999997
Human_DiT_500,0.5,0.28,0.7939999999999996
Human_DiT_500,0.5,0.3,0.7939999999999996
Human_DiT_500,0.5,0.32,0.7939999999999996
Human_DiT_500,0.5,0.34,0.7719999999999998
Human_DiT_500,0.5,0.36,0.7719999999999998
Human_DiT_500,0.5,0.38,0.7719999999999998
Human_DiT_500,0.5,0.4,0.7699999999999997
Human_DiT_500,0.5,0.42,0.6879999999999998
Human_DiT_500,0.5,0.44,0.6879999999999998
Human_DiT_500,0.5,0.46,0.6879999999999998
Human_DiT_500,0.5,0.48,0.6299999999999998
Human_DiT_500,0.5,0.5,0.6299999999999998
Human_DiT_500,0.5,0.52,0.6299999999999998
Human_DiT_500,0.5,0.54,0.552
Human_DiT_500,0.5,0.56,0.552
Human_DiT_500,0.5,0.58,0.552
Human_DiT_500,0.5,0.6,0.552
Human_DiT_500,0.5,0.62,0.45799999999999996
Human_DiT_500,0.5,0.64,0.45799999999999996
Human_DiT_500,0.5,0.66,0.45799999999999996
Human_DiT_500,0.5,0.68,0.38199999999999984
Human_DiT_500,0.5,0.7,0.38199999999999984
Human_DiT_500,0.5,0.72,0.38199999999999984
Human_DiT_500,0.5,0.74,0.2799999999999999
Human_DiT_500,0.5,0.76,0.2799999999999999
Human_DiT_500,0.5,0.78,0.2799999999999999
Human_DiT_500,0.5,0.8,0.2719999999999999
Human_DiT_500,0.5,0.82,0.154
Human_DiT_500,0.5,0.84,0.154
Human_DiT_500,0.5,0.86,0.154
Human_DiT_500,0.5,0.88,0.09400000000000003
Human_DiT_500,0.5,0.9,0.09400000000000003
Human_DiT_500,0.5,0.92,0.09400000000000003
Human_DiT_500,0.5,0.94,0.05400000000000002
Human_DiT_500,0.5,0.96,0.05400000000000002
Human_DiT_500,0.5,0.98,0.05400000000000002
Human_DiT_500,0.5,1.0,0.05400000000000002
Human_DiT_500,0.52,0.0,0.8139999999999994
Human_DiT_500,0.52,0.02,0.8139999999999994
Human_DiT_500,0.52,0.04,0.8139999999999994
Human_DiT_500,0.52,0.06,0.8139999999999994
Human_DiT_500,0.52,0.08,0.8139999999999994
Human_DiT_500,0.52,0.1,0.8139999999999994
Human_DiT_500,0.52,0.12,0.8139999999999994
Human_DiT_500,0.52,0.14,0.8139999999999994
Human_DiT_500,0.52,0.16,0.8139999999999994
Human_DiT_500,0.52,0.18,0.8139999999999994
Human_DiT_500,0.52,0.2,0.8139999999999994
Human_DiT_500,0.52,0.22,0.7939999999999995
Human_DiT_500,0.52,0.24,0.7939999999999995
Human_DiT_500,0.52,0.26,0.7939999999999995
Human_DiT_500,0.52,0.28,0.7839999999999995
Human_DiT_500,0.52,0.3,0.7839999999999995
Human_DiT_500,0.52,0.32,0.7839999999999995
Human_DiT_500,0.52,0.34,0.7639999999999997
Human_DiT_500,0.52,0.36,0.7639999999999997
Human_DiT_500,0.52,0.38,0.7639999999999997
Human_DiT_500,0.52,0.4,0.7619999999999996
Human_DiT_500,0.52,0.42,0.6819999999999999
Human_DiT_500,0.52,0.44,0.6819999999999999
Human_DiT_500,0.52,0.46,0.6819999999999999
Human_DiT_500,0.52,0.48,0.6259999999999998
Human_DiT_500,0.52,0.5,0.6259999999999998
Human_DiT_500,0.52,0.52,0.6259999999999998
Human_DiT_500,0.52,0.54,0.55
Human_DiT_500,0.52,0.56,0.55
Human_DiT_500,0.52,0.58,0.55
Human_DiT_500,0.52,0.6,0.55
Human_DiT_500,0.52,0.62,0.45799999999999996
Human_DiT_500,0.52,0.64,0.45799999999999996
Human_DiT_500,0.52,0.66,0.45799999999999996
Human_DiT_500,0.52,0.68,0.38199999999999984
Human_DiT_500,0.52,0.7,0.38199999999999984
Human_DiT_500,0.52,0.72,0.38199999999999984
Human_DiT_500,0.52,0.74,0.2799999999999999
Human_DiT_500,0.52,0.76,0.2799999999999999
Human_DiT_500,0.52,0.78,0.2799999999999999
Human_DiT_500,0.52,0.8,0.2719999999999999
Human_DiT_500,0.52,0.82,0.154
Human_DiT_500,0.52,0.84,0.154
Human_DiT_500,0.52,0.86,0.154
Human_DiT_500,0.52,0.88,0.09400000000000003
Human_DiT_500,0.52,0.9,0.09400000000000003
Human_DiT_500,0.52,0.92,0.09400000000000003
Human_DiT_500,0.52,0.94,0.05400000000000002
Human_DiT_500,0.52,0.96,0.05400000000000002
Human_DiT_500,0.52,0.98,0.05400000000000002
Human_DiT_500,0.52,1.0,0.05400000000000002
Human_DiT_500,0.54,0.0,0.8079999999999993
Human_DiT_500,0.54,0.02,0.8079999999999993
Human_DiT_500,0.54,0.04,0.8079999999999993
Human_DiT_500,0.54,0.06,0.8079999999999993
Human_DiT_500,0.54,0.08,0.8079999999999993
Human_DiT_500,0.54,0.1,0.8079999999999993
Human_DiT_500,0.54,0.12,0.8079999999999993
Human_DiT_500,0.54,0.14,0.8079999999999993
Human_DiT_500,0.54,0.16,0.8079999999999993
Human_DiT_500,0.54,0.18,0.8079999999999993
Human_DiT_500,0.54,0.2,0.8079999999999993
Human_DiT_500,0.54,0.22,0.7879999999999994
Human_DiT_500,0.54,0.24,0.7879999999999994
Human_DiT_500,0.54,0.26,0.7879999999999994
Human_DiT_500,0.54,0.28,0.7779999999999996
Human_DiT_500,0.54,0.3,0.7779999999999996
Human_DiT_500,0.54,0.32,0.7779999999999996
Human_DiT_500,0.54,0.34,0.7579999999999997
Human_DiT_500,0.54,0.36,0.7579999999999997
Human_DiT_500,0.54,0.38,0.7579999999999997
Human_DiT_500,0.54,0.4,0.7579999999999997
Human_DiT_500,0.54,0.42,0.6799999999999998
Human_DiT_500,0.54,0.44,0.6799999999999998
Human_DiT_500,0.54,0.46,0.6799999999999998
Human_DiT_500,0.54,0.48,0.6259999999999998
Human_DiT_500,0.54,0.5,0.6259999999999998
Human_DiT_500,0.54,0.52,0.6259999999999998
Human_DiT_500,0.54,0.54,0.55
Human_DiT_500,0.54,0.56,0.55
Human_DiT_500,0.54,0.58,0.55
Human_DiT_500,0.54,0.6,0.55
Human_DiT_500,0.54,0.62,0.45799999999999996
Human_DiT_500,0.54,0.64,0.45799999999999996
Human_DiT_500,0.54,0.66,0.45799999999999996
Human_DiT_500,0.54,0.68,0.38199999999999984
Human_DiT_500,0.54,0.7,0.38199999999999984
Human_DiT_500,0.54,0.72,0.38199999999999984
Human_DiT_500,0.54,0.74,0.2799999999999999
Human_DiT_500,0.54,0.76,0.2799999999999999
Human_DiT_500,0.54,0.78,0.2799999999999999
Human_DiT_500,0.54,0.8,0.2719999999999999
Human_DiT_500,0.54,0.82,0.154
Human_DiT_500,0.54,0.84,0.154
Human_DiT_500,0.54,0.86,0.154
Human_DiT_500,0.54,0.88,0.09400000000000003
Human_DiT_500,0.54,0.9,0.09400000000000003
Human_DiT_500,0.54,0.92,0.09400000000000003
Human_DiT_500,0.54,0.94,0.05400000000000002
Human_DiT_500,0.54,0.96,0.05400000000000002
Human_DiT_500,0.54,0.98,0.05400000000000002
Human_DiT_500,0.54,1.0,0.05400000000000002
Human_DiT_500,0.56,0.0,0.7959999999999993
Human_DiT_500,0.56,0.02,0.7959999999999993
Human_DiT_500,0.56,0.04,0.7959999999999993
Human_DiT_500,0.56,0.06,0.7959999999999993
Human_DiT_500,0.56,0.08,0.7959999999999993
Human_DiT_500,0.56,0.1,0.7959999999999993
Human_DiT_500,0.56,0.12,0.7959999999999993
Human_DiT_500,0.56,0.14,0.7959999999999993
Human_DiT_500,0.56,0.16,0.7959999999999993
Human_DiT_500,0.56,0.18,0.7959999999999993
Human_DiT_500,0.56,0.2,0.7959999999999993
Human_DiT_500,0.56,0.22,0.7779999999999994
Human_DiT_500,0.56,0.24,0.7779999999999994
Human_DiT_500,0.56,0.26,0.7779999999999994
Human_DiT_500,0.56,0.28,0.7679999999999996
Human_DiT_500,0.56,0.3,0.7679999999999996
Human_DiT_500,0.56,0.32,0.7679999999999996
Human_DiT_500,0.56,0.34,0.7479999999999997
Human_DiT_500,0.56,0.36,0.7479999999999997
Human_DiT_500,0.56,0.38,0.7479999999999997
Human_DiT_500,0.56,0.4,0.7479999999999997
Human_DiT_500,0.56,0.42,0.6719999999999999
Human_DiT_500,0.56,0.44,0.6719999999999999
Human_DiT_500,0.56,0.46,0.6719999999999999
Human_DiT_500,0.56,0.48,0.6179999999999998
Human_DiT_500,0.56,0.5,0.6179999999999998
Human_DiT_500,0.56,0.52,0.6179999999999998
Human_DiT_500,0.56,0.54,0.5420000000000001
Human_DiT_500,0.56,0.56,0.5420000000000001
Human_DiT_500,0.56,0.58,0.5420000000000001
Human_DiT_500,0.56,0.6,0.5420000000000001
Human_DiT_500,0.56,0.62,0.45199999999999996
Human_DiT_500,0.56,0.64,0.45199999999999996
Human_DiT_500,0.56,0.66,0.45199999999999996
Human_DiT_500,0.56,0.68,0.37799999999999984
Human_DiT_500,0.56,0.7,0.37799999999999984
Human_DiT_500,0.56,0.72,0.37799999999999984
Human_DiT_500,0.56,0.74,0.27799999999999986
Human_DiT_500,0.56,0.76,0.27799999999999986
Human_DiT_500,0.56,0.78,0.27799999999999986
Human_DiT_500,0.56,0.8,0.26999999999999985
Human_DiT_500,0.56,0.82,0.154
Human_DiT_500,0.56,0.84,0.154
Human_DiT_500,0.56,0.86,0.154
Human_DiT_500,0.56,0.88,0.09400000000000003
Human_DiT_500,0.56,0.9,0.09400000000000003
Human_DiT_500,0.56,0.92,0.09400000000000003
Human_DiT_500,0.56,0.94,0.05400000000000002
Human_DiT_500,0.56,0.96,0.05400000000000002
Human_DiT_500,0.56,0.98,0.05400000000000002
Human_DiT_500,0.56,1.0,0.05400000000000002
Human_DiT_500,0.58,0.0,0.7899999999999995
Human_DiT_500,0.58,0.02,0.7899999999999995
Human_DiT_500,0.58,0.04,0.7899999999999995
Human_DiT_500,0.58,0.06,0.7899999999999995
Human_DiT_500,0.58,0.08,0.7899999999999995
Human_DiT_500,0.58,0.1,0.7899999999999995
Human_DiT_500,0.58,0.12,0.7899999999999995
Human_DiT_500,0.58,0.14,0.7899999999999995
Human_DiT_500,0.58,0.16,0.7899999999999995
Human_DiT_500,0.58,0.18,0.7899999999999995
Human_DiT_500,0.58,0.2,0.7899999999999995
Human_DiT_500,0.58,0.22,0.7739999999999995
Human_DiT_500,0.58,0.24,0.7739999999999995
Human_DiT_500,0.58,0.26,0.7739999999999995
Human_DiT_500,0.58,0.28,0.7639999999999995
Human_DiT_500,0.58,0.3,0.7639999999999995
Human_DiT_500,0.58,0.32,0.7639999999999995
Human_DiT_500,0.58,0.34,0.7439999999999997
Human_DiT_500,0.58,0.36,0.7439999999999997
Human_DiT_500,0.58,0.38,0.7439999999999997
Human_DiT_500,0.58,0.4,0.7439999999999997
Human_DiT_500,0.58,0.42,0.6679999999999998
Human_DiT_500,0.58,0.44,0.6679999999999998
Human_DiT_500,0.58,0.46,0.6679999999999998
Human_DiT_500,0.58,0.48,0.6159999999999998
Human_DiT_500,0.58,0.5,0.6159999999999998
Human_DiT_500,0.58,0.52,0.6159999999999998
Human_DiT_500,0.58,0.54,0.54
Human_DiT_500,0.58,0.56,0.54
Human_DiT_500,0.58,0.58,0.54
Human_DiT_500,0.58,0.6,0.54
Human_DiT_500,0.58,0.62,0.44999999999999984
Human_DiT_500,0.58,0.64,0.44999999999999984
Human_DiT_500,0.58,0.66,0.44999999999999984
Human_DiT_500,0.58,0.68,0.37799999999999984
Human_DiT_500,0.58,0.7,0.37799999999999984
Human_DiT_500,0.58,0.72,0.37799999999999984
Human_DiT_500,0.58,0.74,0.27799999999999986
Human_DiT_500,0.58,0.76,0.27799999999999986
Human_DiT_500,0.58,0.78,0.27799999999999986
Human_DiT_500,0.58,0.8,0.26999999999999985
Human_DiT_500,0.58,0.82,0.154
Human_DiT_500,0.58,0.84,0.154
Human_DiT_500,0.58,0.86,0.154
Human_DiT_500,0.58,0.88,0.09400000000000003
Human_DiT_500,0.58,0.9,0.09400000000000003
Human_DiT_500,0.58,0.92,0.09400000000000003
Human_DiT_500,0.58,0.94,0.05400000000000002
Human_DiT_500,0.58,0.96,0.05400000000000002
Human_DiT_500,0.58,0.98,0.05400000000000002
Human_DiT_500,0.58,1.0,0.05400000000000002
Human_DiT_500,0.6,0.0,0.7859999999999994
Human_DiT_500,0.6,0.02,0.7859999999999994
Human_DiT_500,0.6,0.04,0.7859999999999994
Human_DiT_500,0.6,0.06,0.7859999999999994
Human_DiT_500,0.6,0.08,0.7859999999999994
Human_DiT_500,0.6,0.1,0.7859999999999994
Human_DiT_500,0.6,0.12,0.7859999999999994
Human_DiT_500,0.6,0.14,0.7859999999999994
Human_DiT_500,0.6,0.16,0.7859999999999994
Human_DiT_500,0.6,0.18,0.7859999999999994
Human_DiT_500,0.6,0.2,0.7859999999999994
Human_DiT_500,0.6,0.22,0.7699999999999995
Human_DiT_500,0.6,0.24,0.7699999999999995
Human_DiT_500,0.6,0.26,0.7699999999999995
Human_DiT_500,0.6,0.28,0.7599999999999995
Human_DiT_500,0.6,0.3,0.7599999999999995
Human_DiT_500,0.6,0.32,0.7599999999999995
Human_DiT_500,0.6,0.34,0.7399999999999998
Human_DiT_500,0.6,0.36,0.7399999999999998
Human_DiT_500,0.6,0.38,0.7399999999999998
Human_DiT_500,0.6,0.4,0.7399999999999998
Human_DiT_500,0.6,0.42,0.6639999999999999
Human_DiT_500,0.6,0.44,0.6639999999999999
Human_DiT_500,0.6,0.46,0.6639999999999999
Human_DiT_500,0.6,0.48,0.6119999999999998
Human_DiT_500,0.6,0.5,0.6119999999999998
Human_DiT_500,0.6,0.52,0.6119999999999998
Human_DiT_500,0.6,0.54,0.536
Human_DiT_500,0.6,0.56,0.536
Human_DiT_500,0.6,0.58,0.536
Human_DiT_500,0.6,0.6,0.536
Human_DiT_500,0.6,0.62,0.4479999999999999
Human_DiT_500,0.6,0.64,0.4479999999999999
Human_DiT_500,0.6,0.66,0.4479999999999999
Human_DiT_500,0.6,0.68,0.3759999999999998
Human_DiT_500,0.6,0.7,0.3759999999999998
Human_DiT_500,0.6,0.72,0.3759999999999998
Human_DiT_500,0.6,0.74,0.27599999999999986
Human_DiT_500,0.6,0.76,0.27599999999999986
Human_DiT_500,0.6,0.78,0.27599999999999986
Human_DiT_500,0.6,0.8,0.26799999999999985
Human_DiT_500,0.6,0.82,0.15199999999999997
Human_DiT_500,0.6,0.84,0.15199999999999997
Human_DiT_500,0.6,0.86,0.15199999999999997
Human_DiT_500,0.6,0.88,0.09400000000000003
Human_DiT_500,0.6,0.9,0.09400000000000003
Human_DiT_500,0.6,0.92,0.09400000000000003
Human_DiT_500,0.6,0.94,0.05400000000000002
Human_DiT_500,0.6,0.96,0.05400000000000002
Human_DiT_500,0.6,0.98,0.05400000000000002
Human_DiT_500,0.6,1.0,0.05400000000000002
Human_DiT_500,0.62,0.0,0.7779999999999994
Human_DiT_500,0.62,0.02,0.7779999999999994
Human_DiT_500,0.62,0.04,0.7779999999999994
Human_DiT_500,0.62,0.06,0.7779999999999994
Human_DiT_500,0.62,0.08,0.7779999999999994
Human_DiT_500,0.62,0.1,0.7779999999999994
Human_DiT_500,0.62,0.12,0.7779999999999994
Human_DiT_500,0.62,0.14,0.7779999999999994
Human_DiT_500,0.62,0.16,0.7779999999999994
Human_DiT_500,0.62,0.18,0.7779999999999994
Human_DiT_500,0.62,0.2,0.7779999999999994
Human_DiT_500,0.62,0.22,0.7619999999999995
Human_DiT_500,0.62,0.24,0.7619999999999995
Human_DiT_500,0.62,0.26,0.7619999999999995
Human_DiT_500,0.62,0.28,0.7539999999999993
Human_DiT_500,0.62,0.3,0.7539999999999993
Human_DiT_500,0.62,0.32,0.7539999999999993
Human_DiT_500,0.62,0.34,0.7339999999999997
Human_DiT_500,0.62,0.36,0.7339999999999997
Human_DiT_500,0.62,0.38,0.7339999999999997
Human_DiT_500,0.62,0.4,0.7339999999999997
Human_DiT_500,0.62,0.42,0.6599999999999998
Human_DiT_500,0.62,0.44,0.6599999999999998
Human_DiT_500,0.62,0.46,0.6599999999999998
Human_DiT_500,0.62,0.48,0.6099999999999999
Human_DiT_500,0.62,0.5,0.6099999999999999
Human_DiT_500,0.62,0.52,0.6099999999999999
Human_DiT_500,0.62,0.54,0.5340000000000001
Human_DiT_500,0.62,0.56,0.5340000000000001
Human_DiT_500,0.62,0.58,0.5340000000000001
Human_DiT_500,0.62,0.6,0.5340000000000001
Human_DiT_500,0.62,0.62,0.44599999999999995
Human_DiT_500,0.62,0.64,0.44599999999999995
Human_DiT_500,0.62,0.66,0.44599999999999995
Human_DiT_500,0.62,0.68,0.37399999999999983
Human_DiT_500,0.62,0.7,0.37399999999999983
Human_DiT_500,0.62,0.72,0.37399999999999983
Human_DiT_500,0.62,0.74,0.27399999999999985
Human_DiT_500,0.62,0.76,0.27399999999999985
Human_DiT_500,0.62,0.78,0.27399999999999985
Human_DiT_500,0.62,0.8,0.26599999999999985
Human_DiT_500,0.62,0.82,0.15199999999999997
Human_DiT_500,0.62,0.84,0.15199999999999997
Human_DiT_500,0.62,0.86,0.15199999999999997
Human_DiT_500,0.62,0.88,0.09400000000000003
Human_DiT_500,0.62,0.9,0.09400000000000003
Human_DiT_500,0.62,0.92,0.09400000000000003
Human_DiT_500,0.62,0.94,0.05400000000000002
Human_DiT_500,0.62,0.96,0.05400000000000002
Human_DiT_500,0.62,0.98,0.05400000000000002
Human_DiT_500,0.62,1.0,0.05400000000000002
Human_DiT_500,0.64,0.0,0.7599999999999995
Human_DiT_500,0.64,0.02,0.7599999999999995
Human_DiT_500,0.64,0.04,0.7599999999999995
Human_DiT_500,0.64,0.06,0.7599999999999995
Human_DiT_500,0.64,0.08,0.7599999999999995
Human_DiT_500,0.64,0.1,0.7599999999999995
Human_DiT_500,0.64,0.12,0.7599999999999995
Human_DiT_500,0.64,0.14,0.7599999999999995
Human_DiT_500,0.64,0.16,0.7599999999999995
Human_DiT_500,0.64,0.18,0.7599999999999995
Human_DiT_500,0.64,0.2,0.7599999999999995
Human_DiT_500,0.64,0.22,0.7459999999999997
Human_DiT_500,0.64,0.24,0.7459999999999997
Human_DiT_500,0.64,0.26,0.7459999999999997
Human_DiT_500,0.64,0.28,0.7399999999999995
Human_DiT_500,0.64,0.3,0.7399999999999995
Human_DiT_500,0.64,0.32,0.7399999999999995
Human_DiT_500,0.64,0.34,0.7199999999999998
Human_DiT_500,0.64,0.36,0.7199999999999998
Human_DiT_500,0.64,0.38,0.7199999999999998
Human_DiT_500,0.64,0.4,0.7199999999999998
Human_DiT_500,0.64,0.42,0.6500000000000001
Human_DiT_500,0.64,0.44,0.6500000000000001
Human_DiT_500,0.64,0.46,0.6500000000000001
Human_DiT_500,0.64,0.48,0.6
Human_DiT_500,0.64,0.5,0.6
Human_DiT_500,0.64,0.52,0.6
Human_DiT_500,0.64,0.54,0.5300000000000001
Human_DiT_500,0.64,0.56,0.5300000000000001
Human_DiT_500,0.64,0.58,0.5300000000000001
Human_DiT_500,0.64,0.6,0.5300000000000001
Human_DiT_500,0.64,0.62,0.44199999999999995
Human_DiT_500,0.64,0.64,0.44199999999999995
Human_DiT_500,0.64,0.66,0.44199999999999995
Human_DiT_500,0.64,0.68,0.3699999999999999
Human_DiT_500,0.64,0.7,0.3699999999999999
Human_DiT_500,0.64,0.72,0.3699999999999999
Human_DiT_500,0.64,0.74,0.26999999999999985
Human_DiT_500,0.64,0.76,0.26999999999999985
Human_DiT_500,0.64,0.78,0.26999999999999985
Human_DiT_500,0.64,0.8,0.26199999999999984
Human_DiT_500,0.64,0.82,0.15199999999999997
Human_DiT_500,0.64,0.84,0.15199999999999997
Human_DiT_500,0.64,0.86,0.15199999999999997
Human_DiT_500,0.64,0.88,0.09400000000000003
Human_DiT_500,0.64,0.9,0.09400000000000003
Human_DiT_500,0.64,0.92,0.09400000000000003
Human_DiT_500,0.64,0.94,0.05400000000000002
Human_DiT_500,0.64,0.96,0.05400000000000002
Human_DiT_500,0.64,0.98,0.05400000000000002
Human_DiT_500,0.64,1.0,0.05400000000000002
Human_DiT_500,0.66,0.0,0.7599999999999995
Human_DiT_500,0.66,0.02,0.7599999999999995
Human_DiT_500,0.66,0.04,0.7599999999999995
Human_DiT_500,0.66,0.06,0.7599999999999995
Human_DiT_500,0.66,0.08,0.7599999999999995
Human_DiT_500,0.66,0.1,0.7599999999999995
Human_DiT_500,0.66,0.12,0.7599999999999995
Human_DiT_500,0.66,0.14,0.7599999999999995
Human_DiT_500,0.66,0.16,0.7599999999999995
Human_DiT_500,0.66,0.18,0.7599999999999995
Human_DiT_500,0.66,0.2,0.7599999999999995
Human_DiT_500,0.66,0.22,0.7459999999999997
Human_DiT_500,0.66,0.24,0.7459999999999997
Human_DiT_500,0.66,0.26,0.7459999999999997
Human_DiT_500,0.66,0.28,0.7399999999999995
Human_DiT_500,0.66,0.3,0.7399999999999995
Human_DiT_500,0.66,0.32,0.7399999999999995
Human_DiT_500,0.66,0.34,0.7199999999999998
Human_DiT_500,0.66,0.36,0.7199999999999998
Human_DiT_500,0.66,0.38,0.7199999999999998
Human_DiT_500,0.66,0.4,0.7199999999999998
Human_DiT_500,0.66,0.42,0.6500000000000001
Human_DiT_500,0.66,0.44,0.6500000000000001
Human_DiT_500,0.66,0.46,0.6500000000000001
Human_DiT_500,0.66,0.48,0.6
Human_DiT_500,0.66,0.5,0.6
Human_DiT_500,0.66,0.52,0.6
Human_DiT_500,0.66,0.54,0.5300000000000001
Human_DiT_500,0.66,0.56,0.5300000000000001
Human_DiT_500,0.66,0.58,0.5300000000000001
Human_DiT_500,0.66,0.6,0.5300000000000001
Human_DiT_500,0.66,0.62,0.44199999999999995
Human_DiT_500,0.66,0.64,0.44199999999999995
Human_DiT_500,0.66,0.66,0.44199999999999995
Human_DiT_500,0.66,0.68,0.3699999999999999
Human_DiT_500,0.66,0.7,0.3699999999999999
Human_DiT_500,0.66,0.72,0.3699999999999999
Human_DiT_500,0.66,0.74,0.26999999999999985
Human_DiT_500,0.66,0.76,0.26999999999999985
Human_DiT_500,0.66,0.78,0.26999999999999985
Human_DiT_500,0.66,0.8,0.26199999999999984
Human_DiT_500,0.66,0.82,0.15199999999999997
Human_DiT_500,0.66,0.84,0.15199999999999997
Human_DiT_500,0.66,0.86,0.15199999999999997
Human_DiT_500,0.66,0.88,0.09400000000000003
Human_DiT_500,0.66,0.9,0.09400000000000003
Human_DiT_500,0.66,0.92,0.09400000000000003
Human_DiT_500,0.66,0.94,0.05400000000000002
Human_DiT_500,0.66,0.96,0.05400000000000002
Human_DiT_500,0.66,0.98,0.05400000000000002
Human_DiT_500,0.66,1.0,0.05400000000000002
Human_DiT_500,0.68,0.0,0.7359999999999995
Human_DiT_500,0.68,0.02,0.7359999999999995
Human_DiT_500,0.68,0.04,0.7359999999999995
Human_DiT_500,0.68,0.06,0.7359999999999995
Human_DiT_500,0.68,0.08,0.7359999999999995
Human_DiT_500,0.68,0.1,0.7359999999999995
Human_DiT_500,0.68,0.12,0.7359999999999995
Human_DiT_500,0.68,0.14,0.7359999999999995
Human_DiT_500,0.68,0.16,0.7359999999999995
Human_DiT_500,0.68,0.18,0.7359999999999995
Human_DiT_500,0.68,0.2,0.7359999999999995
Human_DiT_500,0.68,0.22,0.7219999999999996
Human_DiT_500,0.68,0.24,0.7219999999999996
Human_DiT_500,0.68,0.26,0.7219999999999996
Human_DiT_500,0.68,0.28,0.7159999999999996
Human_DiT_500,0.68,0.3,0.7159999999999996
Human_DiT_500,0.68,0.32,0.7159999999999996
Human_DiT_500,0.68,0.34,0.6959999999999996
Human_DiT_500,0.68,0.36,0.6959999999999996
Human_DiT_500,0.68,0.38,0.6959999999999996
Human_DiT_500,0.68,0.4,0.6959999999999996
Human_DiT_500,0.68,0.42,0.634
Human_DiT_500,0.68,0.44,0.634
Human_DiT_500,0.68,0.46,0.634
Human_DiT_500,0.68,0.48,0.5879999999999999
Human_DiT_500,0.68,0.5,0.5879999999999999
Human_DiT_500,0.68,0.52,0.5879999999999999
Human_DiT_500,0.68,0.54,0.518
Human_DiT_500,0.68,0.56,0.518
Human_DiT_500,0.68,0.58,0.518
Human_DiT_500,0.68,0.6,0.518
Human_DiT_500,0.68,0.62,0.43399999999999994
Human_DiT_500,0.68,0.64,0.43399999999999994
Human_DiT_500,0.68,0.66,0.43399999999999994
Human_DiT_500,0.68,0.68,0.3639999999999998
Human_DiT_500,0.68,0.7,0.3639999999999998
Human_DiT_500,0.68,0.72,0.3639999999999998
Human_DiT_500,0.68,0.74,0.26799999999999985
Human_DiT_500,0.68,0.76,0.26799999999999985
Human_DiT_500,0.68,0.78,0.26799999999999985
Human_DiT_500,0.68,0.8,0.25999999999999984
Human_DiT_500,0.68,0.82,0.14999999999999997
Human_DiT_500,0.68,0.84,0.14999999999999997
Human_DiT_500,0.68,0.86,0.14999999999999997
Human_DiT_500,0.68,0.88,0.09400000000000003
Human_DiT_500,0.68,0.9,0.09400000000000003
Human_DiT_500,0.68,0.92,0.09400000000000003
Human_DiT_500,0.68,0.94,0.05400000000000002
Human_DiT_500,0.68,0.96,0.05400000000000002
Human_DiT_500,0.68,0.98,0.05400000000000002
Human_DiT_500,0.68,1.0,0.05400000000000002
Human_DiT_500,0.7,0.0,0.7299999999999994
Human_DiT_500,0.7,0.02,0.7299999999999994
Human_DiT_500,0.7,0.04,0.7299999999999994
Human_DiT_500,0.7,0.06,0.7299999999999994
Human_DiT_500,0.7,0.08,0.7299999999999994
Human_DiT_500,0.7,0.1,0.7299999999999994
Human_DiT_500,0.7,0.12,0.7299999999999994
Human_DiT_500,0.7,0.14,0.7299999999999994
Human_DiT_500,0.7,0.16,0.7299999999999994
Human_DiT_500,0.7,0.18,0.7299999999999994
Human_DiT_500,0.7,0.2,0.7299999999999994
Human_DiT_500,0.7,0.22,0.7179999999999995
Human_DiT_500,0.7,0.24,0.7179999999999995
Human_DiT_500,0.7,0.26,0.7179999999999995
Human_DiT_500,0.7,0.28,0.7139999999999995
Human_DiT_500,0.7,0.3,0.7139999999999995
Human_DiT_500,0.7,0.32,0.7139999999999995
Human_DiT_500,0.7,0.34,0.6939999999999997
Human_DiT_500,0.7,0.36,0.6939999999999997
Human_DiT_500,0.7,0.38,0.6939999999999997
Human_DiT_500,0.7,0.4,0.6939999999999997
Human_DiT_500,0.7,0.42,0.632
Human_DiT_500,0.7,0.44,0.632
Human_DiT_500,0.7,0.46,0.632
Human_DiT_500,0.7,0.48,0.5859999999999999
Human_DiT_500,0.7,0.5,0.5859999999999999
Human_DiT_500,0.7,0.52,0.5859999999999999
Human_DiT_500,0.7,0.54,0.516
Human_DiT_500,0.7,0.56,0.516
Human_DiT_500,0.7,0.58,0.516
Human_DiT_500,0.7,0.6,0.516
Human_DiT_500,0.7,0.62,0.4319999999999999
Human_DiT_500,0.7,0.64,0.4319999999999999
Human_DiT_500,0.7,0.66,0.4319999999999999
Human_DiT_500,0.7,0.68,0.3619999999999999
Human_DiT_500,0.7,0.7,0.3619999999999999
Human_DiT_500,0.7,0.72,0.3619999999999999
Human_DiT_500,0.7,0.74,0.26799999999999985
Human_DiT_500,0.7,0.76,0.26799999999999985
Human_DiT_500,0.7,0.78,0.26799999999999985
Human_DiT_500,0.7,0.8,0.25999999999999984
Human_DiT_500,0.7,0.82,0.14999999999999997
Human_DiT_500,0.7,0.84,0.14999999999999997
Human_DiT_500,0.7,0.86,0.14999999999999997
Human_DiT_500,0.7,0.88,0.09400000000000003
Human_DiT_500,0.7,0.9,0.09400000000000003
Human_DiT_500,0.7,0.92,0.09400000000000003
Human_DiT_500,0.7,0.94,0.05400000000000002
Human_DiT_500,0.7,0.96,0.05400000000000002
Human_DiT_500,0.7,0.98,0.05400000000000002
Human_DiT_500,0.7,1.0,0.05400000000000002
Human_DiT_500,0.72,0.0,0.7039999999999995
Human_DiT_500,0.72,0.02,0.7039999999999995
Human_DiT_500,0.72,0.04,0.7039999999999995
Human_DiT_500,0.72,0.06,0.7039999999999995
Human_DiT_500,0.72,0.08,0.7039999999999995
Human_DiT_500,0.72,0.1,0.7039999999999995
Human_DiT_500,0.72,0.12,0.7039999999999995
Human_DiT_500,0.72,0.14,0.7039999999999995
Human_DiT_500,0.72,0.16,0.7039999999999995
Human_DiT_500,0.72,0.18,0.7039999999999995
Human_DiT_500,0.72,0.2,0.7039999999999995
Human_DiT_500,0.72,0.22,0.6919999999999996
Human_DiT_500,0.72,0.24,0.6919999999999996
Human_DiT_500,0.72,0.26,0.6919999999999996
Human_DiT_500,0.72,0.28,0.6879999999999995
Human_DiT_500,0.72,0.3,0.6879999999999995
Human_DiT_500,0.72,0.32,0.6879999999999995
Human_DiT_500,0.72,0.34,0.6679999999999997
Human_DiT_500,0.72,0.36,0.6679999999999997
Human_DiT_500,0.72,0.38,0.6679999999999997
Human_DiT_500,0.72,0.4,0.6679999999999997
Human_DiT_500,0.72,0.42,0.6079999999999999
Human_DiT_500,0.72,0.44,0.6079999999999999
Human_DiT_500,0.72,0.46,0.6079999999999999
Human_DiT_500,0.72,0.48,0.568
Human_DiT_500,0.72,0.5,0.568
Human_DiT_500,0.72,0.52,0.568
Human_DiT_500,0.72,0.54,0.506
Human_DiT_500,0.72,0.56,0.506
Human_DiT_500,0.72,0.58,0.506
Human_DiT_500,0.72,0.6,0.506
Human_DiT_500,0.72,0.62,0.4219999999999998
Human_DiT_500,0.72,0.64,0.4219999999999998
Human_DiT_500,0.72,0.66,0.4219999999999998
Human_DiT_500,0.72,0.68,0.35199999999999987
Human_DiT_500,0.72,0.7,0.35199999999999987
Human_DiT_500,0.72,0.72,0.35199999999999987
Human_DiT_500,0.72,0.74,0.25999999999999984
Human_DiT_500,0.72,0.76,0.25999999999999984
Human_DiT_500,0.72,0.78,0.25999999999999984
Human_DiT_500,0.72,0.8,0.2519999999999999
Human_DiT_500,0.72,0.82,0.14799999999999996
Human_DiT_500,0.72,0.84,0.14799999999999996
Human_DiT_500,0.72,0.86,0.14799999999999996
Human_DiT_500,0.72,0.88,0.09200000000000001
Human_DiT_500,0.72,0.9,0.09200000000000001
Human_DiT_500,0.72,0.92,0.09200000000000001
Human_DiT_500,0.72,0.94,0.05200000000000002
Human_DiT_500,0.72,0.96,0.05200000000000002
Human_DiT_500,0.72,0.98,0.05200000000000002
Human_DiT_500,0.72,1.0,0.05200000000000002
Human_DiT_500,0.74,0.0,0.6939999999999995
Human_DiT_500,0.74,0.02,0.6939999999999995
Human_DiT_500,0.74,0.04,0.6939999999999995
Human_DiT_500,0.74,0.06,0.6939999999999995
Human_DiT_500,0.74,0.08,0.6939999999999995
Human_DiT_500,0.74,0.1,0.6939999999999995
Human_DiT_500,0.74,0.12,0.6939999999999995
Human_DiT_500,0.74,0.14,0.6939999999999995
Human_DiT_500,0.74,0.16,0.6939999999999995
Human_DiT_500,0.74,0.18,0.6939999999999995
Human_DiT_500,0.74,0.2,0.6939999999999995
Human_DiT_500,0.74,0.22,0.6839999999999996
Human_DiT_500,0.74,0.24,0.6839999999999996
Human_DiT_500,0.74,0.26,0.6839999999999996
Human_DiT_500,0.74,0.28,0.6799999999999996
Human_DiT_500,0.74,0.3,0.6799999999999996
Human_DiT_500,0.74,0.32,0.6799999999999996
Human_DiT_500,0.74,0.34,0.6599999999999997
Human_DiT_500,0.74,0.36,0.6599999999999997
Human_DiT_500,0.74,0.38,0.6599999999999997
Human_DiT_500,0.74,0.4,0.6599999999999997
Human_DiT_500,0.74,0.42,0.6
Human_DiT_500,0.74,0.44,0.6
Human_DiT_500,0.74,0.46,0.6
Human_DiT_500,0.74,0.48,0.5619999999999999
Human_DiT_500,0.74,0.5,0.5619999999999999
Human_DiT_500,0.74,0.52,0.5619999999999999
Human_DiT_500,0.74,0.54,0.502
Human_DiT_500,0.74,0.56,0.502
Human_DiT_500,0.74,0.58,0.502
Human_DiT_500,0.74,0.6,0.502
Human_DiT_500,0.74,0.62,0.4179999999999999
Human_DiT_500,0.74,0.64,0.4179999999999999
Human_DiT_500,0.74,0.66,0.4179999999999999
Human_DiT_500,0.74,0.68,0.3499999999999999
Human_DiT_500,0.74,0.7,0.3499999999999999
Human_DiT_500,0.74,0.72,0.3499999999999999
Human_DiT_500,0.74,0.74,0.25799999999999984
Human_DiT_500,0.74,0.76,0.25799999999999984
Human_DiT_500,0.74,0.78,0.25799999999999984
Human_DiT_500,0.74,0.8,0.24999999999999986
Human_DiT_500,0.74,0.82,0.14799999999999996
Human_DiT_500,0.74,0.84,0.14799999999999996
Human_DiT_500,0.74,0.86,0.14799999999999996
Human_DiT_500,0.74,0.88,0.09200000000000001
Human_DiT_500,0.74,0.9,0.09200000000000001
Human_DiT_500,0.74,0.92,0.09200000000000001
Human_DiT_500,0.74,0.94,0.05200000000000002
Human_DiT_500,0.74,0.96,0.05200000000000002
Human_DiT_500,0.74,0.98,0.05200000000000002
Human_DiT_500,0.74,1.0,0.05200000000000002
Human_DiT_500,0.76,0.0,0.6739999999999996
Human_DiT_500,0.76,0.02,0.6739999999999996
Human_DiT_500,0.76,0.04,0.6739999999999996
Human_DiT_500,0.76,0.06,0.6739999999999996
Human_DiT_500,0.76,0.08,0.6739999999999996
Human_DiT_500,0.76,0.1,0.6739999999999996
Human_DiT_500,0.76,0.12,0.6739999999999996
Human_DiT_500,0.76,0.14,0.6739999999999996
Human_DiT_500,0.76,0.16,0.6739999999999996
Human_DiT_500,0.76,0.18,0.6739999999999996
Human_DiT_500,0.76,0.2,0.6739999999999996
Human_DiT_500,0.76,0.22,0.6639999999999996
Human_DiT_500,0.76,0.24,0.6639999999999996
Human_DiT_500,0.76,0.26,0.6639999999999996
Human_DiT_500,0.76,0.28,0.6599999999999997
Human_DiT_500,0.76,0.3,0.6599999999999997
Human_DiT_500,0.76,0.32,0.6599999999999997
Human_DiT_500,0.76,0.34,0.6419999999999998
Human_DiT_500,0.76,0.36,0.6419999999999998
Human_DiT_500,0.76,0.38,0.6419999999999998
Human_DiT_500,0.76,0.4,0.6419999999999998
Human_DiT_500,0.76,0.42,0.584
Human_DiT_500,0.76,0.44,0.584
Human_DiT_500,0.76,0.46,0.584
Human_DiT_500,0.76,0.48,0.5479999999999999
Human_DiT_500,0.76,0.5,0.5479999999999999
Human_DiT_500,0.76,0.52,0.5479999999999999
Human_DiT_500,0.76,0.54,0.49200000000000005
Human_DiT_500,0.76,0.56,0.49200000000000005
Human_DiT_500,0.76,0.58,0.49200000000000005
Human_DiT_500,0.76,0.6,0.49200000000000005
Human_DiT_500,0.76,0.62,0.4139999999999999
Human_DiT_500,0.76,0.64,0.4139999999999999
Human_DiT_500,0.76,0.66,0.4139999999999999
Human_DiT_500,0.76,0.68,0.3459999999999999
Human_DiT_500,0.76,0.7,0.3459999999999999
Human_DiT_500,0.76,0.72,0.3459999999999999
Human_DiT_500,0.76,0.74,0.2559999999999999
Human_DiT_500,0.76,0.76,0.2559999999999999
Human_DiT_500,0.76,0.78,0.2559999999999999
Human_DiT_500,0.76,0.8,0.24799999999999986
Human_DiT_500,0.76,0.82,0.14799999999999996
Human_DiT_500,0.76,0.84,0.14799999999999996
Human_DiT_500,0.76,0.86,0.14799999999999996
Human_DiT_500,0.76,0.88,0.09200000000000001
Human_DiT_500,0.76,0.9,0.09200000000000001
Human_DiT_500,0.76,0.92,0.09200000000000001
Human_DiT_500,0.76,0.94,0.05200000000000002
Human_DiT_500,0.76,0.96,0.05200000000000002
Human_DiT_500,0.76,0.98,0.05200000000000002
Human_DiT_500,0.76,1.0,0.05200000000000002
Human_DiT_500,0.78,0.0,0.6499999999999997
Human_DiT_500,0.78,0.02,0.6499999999999997
Human_DiT_500,0.78,0.04,0.6499999999999997
Human_DiT_500,0.78,0.06,0.6499999999999997
Human_DiT_500,0.78,0.08,0.6499999999999997
Human_DiT_500,0.78,0.1,0.6499999999999997
Human_DiT_500,0.78,0.12,0.6499999999999997
Human_DiT_500,0.78,0.14,0.6499999999999997
Human_DiT_500,0.78,0.16,0.6499999999999997
Human_DiT_500,0.78,0.18,0.6499999999999997
Human_DiT_500,0.78,0.2,0.6499999999999997
Human_DiT_500,0.78,0.22,0.6399999999999997
Human_DiT_500,0.78,0.24,0.6399999999999997
Human_DiT_500,0.78,0.26,0.6399999999999997
Human_DiT_500,0.78,0.28,0.6359999999999997
Human_DiT_500,0.78,0.3,0.6359999999999997
Human_DiT_500,0.78,0.32,0.6359999999999997
Human_DiT_500,0.78,0.34,0.6199999999999997
Human_DiT_500,0.78,0.36,0.6199999999999997
Human_DiT_500,0.78,0.38,0.6199999999999997
Human_DiT_500,0.78,0.4,0.6199999999999997
Human_DiT_500,0.78,0.42,0.564
Human_DiT_500,0.78,0.44,0.564
Human_DiT_500,0.78,0.46,0.564
Human_DiT_500,0.78,0.48,0.5319999999999999
Human_DiT_500,0.78,0.5,0.5319999999999999
Human_DiT_500,0.78,0.52,0.5319999999999999
Human_DiT_500,0.78,0.54,0.4799999999999999
Human_DiT_500,0.78,0.56,0.4799999999999999
Human_DiT_500,0.78,0.58,0.4799999999999999
Human_DiT_500,0.78,0.6,0.4799999999999999
Human_DiT_500,0.78,0.62,0.40599999999999986
Human_DiT_500,0.78,0.64,0.40599999999999986
Human_DiT_500,0.78,0.66,0.40599999999999986
Human_DiT_500,0.78,0.68,0.3399999999999999
Human_DiT_500,0.78,0.7,0.3399999999999999
Human_DiT_500,0.78,0.72,0.3399999999999999
Human_DiT_500,0.78,0.74,0.2499999999999999
Human_DiT_500,0.78,0.76,0.2499999999999999
Human_DiT_500,0.78,0.78,0.2499999999999999
Human_DiT_500,0.78,0.8,0.24199999999999988
Human_DiT_500,0.78,0.82,0.146
Human_DiT_500,0.78,0.84,0.146
Human_DiT_500,0.78,0.86,0.146
Human_DiT_500,0.78,0.88,0.09200000000000001
Human_DiT_500,0.78,0.9,0.09200000000000001
Human_DiT_500,0.78,0.92,0.09200000000000001
Human_DiT_500,0.78,0.94,0.05200000000000002
Human_DiT_500,0.78,0.96,0.05200000000000002
Human_DiT_500,0.78,0.98,0.05200000000000002
Human_DiT_500,0.78,1.0,0.05200000000000002
Human_DiT_500,0.8,0.0,0.6439999999999999
Human_DiT_500,0.8,0.02,0.6439999999999999
Human_DiT_500,0.8,0.04,0.6439999999999999
Human_DiT_500,0.8,0.06,0.6439999999999999
Human_DiT_500,0.8,0.08,0.6439999999999999
Human_DiT_500,0.8,0.1,0.6439999999999999
Human_DiT_500,0.8,0.12,0.6439999999999999
Human_DiT_500,0.8,0.14,0.6439999999999999
Human_DiT_500,0.8,0.16,0.6439999999999999
Human_DiT_500,0.8,0.18,0.6439999999999999
Human_DiT_500,0.8,0.2,0.6439999999999999
Human_DiT_500,0.8,0.22,0.6359999999999997
Human_DiT_500,0.8,0.24,0.6359999999999997
Human_DiT_500,0.8,0.26,0.6359999999999997
Human_DiT_500,0.8,0.28,0.6319999999999998
Human_DiT_500,0.8,0.3,0.6319999999999998
Human_DiT_500,0.8,0.32,0.6319999999999998
Human_DiT_500,0.8,0.34,0.6159999999999998
Human_DiT_500,0.8,0.36,0.6159999999999998
Human_DiT_500,0.8,0.38,0.6159999999999998
Human_DiT_500,0.8,0.4,0.6159999999999998
Human_DiT_500,0.8,0.42,0.56
Human_DiT_500,0.8,0.44,0.56
Human_DiT_500,0.8,0.46,0.56
Human_DiT_500,0.8,0.48,0.5279999999999999
Human_DiT_500,0.8,0.5,0.5279999999999999
Human_DiT_500,0.8,0.52,0.5279999999999999
Human_DiT_500,0.8,0.54,0.4759999999999999
Human_DiT_500,0.8,0.56,0.4759999999999999
Human_DiT_500,0.8,0.58,0.4759999999999999
Human_DiT_500,0.8,0.6,0.4759999999999999
Human_DiT_500,0.8,0.62,0.4039999999999999
Human_DiT_500,0.8,0.64,0.4039999999999999
Human_DiT_500,0.8,0.66,0.4039999999999999
Human_DiT_500,0.8,0.68,0.33799999999999986
Human_DiT_500,0.8,0.7,0.33799999999999986
Human_DiT_500,0.8,0.72,0.33799999999999986
Human_DiT_500,0.8,0.74,0.2479999999999999
Human_DiT_500,0.8,0.76,0.2479999999999999
Human_DiT_500,0.8,0.78,0.2479999999999999
Human_DiT_500,0.8,0.8,0.23999999999999988
Human_DiT_500,0.8,0.82,0.144
Human_DiT_500,0.8,0.84,0.144
Human_DiT_500,0.8,0.86,0.144
Human_DiT_500,0.8,0.88,0.09
Human_DiT_500,0.8,0.9,0.09
Human_DiT_500,0.8,0.92,0.09
Human_DiT_500,0.8,0.94,0.05000000000000002
Human_DiT_500,0.8,0.96,0.05000000000000002
Human_DiT_500,0.8,0.98,0.05000000000000002
Human_DiT_500,0.8,1.0,0.05000000000000002
Human_DiT_500,0.82,0.0,0.6119999999999998
Human_DiT_500,0.82,0.02,0.6119999999999998
Human_DiT_500,0.82,0.04,0.6119999999999998
Human_DiT_500,0.82,0.06,0.6119999999999998
Human_DiT_500,0.82,0.08,0.6119999999999998
Human_DiT_500,0.82,0.1,0.6119999999999998
Human_DiT_500,0.82,0.12,0.6119999999999998
Human_DiT_500,0.82,0.14,0.6119999999999998
Human_DiT_500,0.82,0.16,0.6119999999999998
Human_DiT_500,0.82,0.18,0.6119999999999998
Human_DiT_500,0.82,0.2,0.6119999999999998
Human_DiT_500,0.82,0.22,0.6039999999999998
Human_DiT_500,0.82,0.24,0.6039999999999998
Human_DiT_500,0.82,0.26,0.6039999999999998
Human_DiT_500,0.82,0.28,0.5999999999999998
Human_DiT_500,0.82,0.3,0.5999999999999998
Human_DiT_500,0.82,0.32,0.5999999999999998
Human_DiT_500,0.82,0.34,0.5879999999999996
Human_DiT_500,0.82,0.36,0.5879999999999996
Human_DiT_500,0.82,0.38,0.5879999999999996
Human_DiT_500,0.82,0.4,0.5879999999999996
Human_DiT_500,0.82,0.42,0.544
Human_DiT_500,0.82,0.44,0.544
Human_DiT_500,0.82,0.46,0.544
Human_DiT_500,0.82,0.48,0.512
Human_DiT_500,0.82,0.5,0.512
Human_DiT_500,0.82,0.52,0.512
Human_DiT_500,0.82,0.54,0.46
Human_DiT_500,0.82,0.56,0.46
Human_DiT_500,0.82,0.58,0.46
Human_DiT_500,0.82,0.6,0.46
Human_DiT_500,0.82,0.62,0.38999999999999985
Human_DiT_500,0.82,0.64,0.38999999999999985
Human_DiT_500,0.82,0.66,0.38999999999999985
Human_DiT_500,0.82,0.68,0.32799999999999985
Human_DiT_500,0.82,0.7,0.32799999999999985
Human_DiT_500,0.82,0.72,0.32799999999999985
Human_DiT_500,0.82,0.74,0.24199999999999988
Human_DiT_500,0.82,0.76,0.24199999999999988
Human_DiT_500,0.82,0.78,0.24199999999999988
Human_DiT_500,0.82,0.8,0.2339999999999999
Human_DiT_500,0.82,0.82,0.142
Human_DiT_500,0.82,0.84,0.142
Human_DiT_500,0.82,0.86,0.142
Human_DiT_500,0.82,0.88,0.08800000000000001
Human_DiT_500,0.82,0.9,0.08800000000000001
Human_DiT_500,0.82,0.92,0.08800000000000001
Human_DiT_500,0.82,0.94,0.04800000000000002
Human_DiT_500,0.82,0.96,0.04800000000000002
Human_DiT_500,0.82,0.98,0.04800000000000002
Human_DiT_500,0.82,1.0,0.04800000000000002
Human_DiT_500,0.84,0.0,0.5879999999999999
Human_DiT_500,0.84,0.02,0.5879999999999999
Human_DiT_500,0.84,0.04,0.5879999999999999
Human_DiT_500,0.84,0.06,0.5879999999999999
Human_DiT_500,0.84,0.08,0.5879999999999999
Human_DiT_500,0.84,0.1,0.5879999999999999
Human_DiT_500,0.84,0.12,0.5879999999999999
Human_DiT_500,0.84,0.14,0.5879999999999999
Human_DiT_500,0.84,0.16,0.5879999999999999
Human_DiT_500,0.84,0.18,0.5879999999999999
Human_DiT_500,0.84,0.2,0.5879999999999999
Human_DiT_500,0.84,0.22,0.5819999999999999
Human_DiT_500,0.84,0.24,0.5819999999999999
Human_DiT_500,0.84,0.26,0.5819999999999999
Human_DiT_500,0.84,0.28,0.5779999999999998
Human_DiT_500,0.84,0.3,0.5779999999999998
Human_DiT_500,0.84,0.32,0.5779999999999998
Human_DiT_500,0.84,0.34,0.5659999999999998
Human_DiT_500,0.84,0.36,0.5659999999999998
Human_DiT_500,0.84,0.38,0.5659999999999998
Human_DiT_500,0.84,0.4,0.5659999999999998
Human_DiT_500,0.84,0.42,0.5239999999999999
Human_DiT_500,0.84,0.44,0.5239999999999999
Human_DiT_500,0.84,0.46,0.5239999999999999
Human_DiT_500,0.84,0.48,0.4919999999999999
Human_DiT_500,0.84,0.5,0.4919999999999999
Human_DiT_500,0.84,0.52,0.4919999999999999
Human_DiT_500,0.84,0.54,0.4459999999999999
Human_DiT_500,0.84,0.56,0.4459999999999999
Human_DiT_500,0.84,0.58,0.4459999999999999
Human_DiT_500,0.84,0.6,0.4459999999999999
Human_DiT_500,0.84,0.62,0.3759999999999998
Human_DiT_500,0.84,0.64,0.3759999999999998
Human_DiT_500,0.84,0.66,0.3759999999999998
Human_DiT_500,0.84,0.68,0.3179999999999999
Human_DiT_500,0.84,0.7,0.3179999999999999
Human_DiT_500,0.84,0.72,0.3179999999999999
Human_DiT_500,0.84,0.74,0.2359999999999999
Human_DiT_500,0.84,0.76,0.2359999999999999
Human_DiT_500,0.84,0.78,0.2359999999999999
Human_DiT_500,0.84,0.8,0.22799999999999992
Human_DiT_500,0.84,0.82,0.13799999999999998
Human_DiT_500,0.84,0.84,0.13799999999999998
Human_DiT_500,0.84,0.86,0.13799999999999998
Human_DiT_500,0.84,0.88,0.08400000000000003
Human_DiT_500,0.84,0.9,0.08400000000000003
Human_DiT_500,0.84,0.92,0.08400000000000003
Human_DiT_500,0.84,0.94,0.04600000000000002
Human_DiT_500,0.84,0.96,0.04600000000000002
Human_DiT_500,0.84,0.98,0.04600000000000002
Human_DiT_500,0.84,1.0,0.04600000000000002
Human_DiT_500,0.86,0.0,0.5479999999999999
Human_DiT_500,0.86,0.02,0.5479999999999999
Human_DiT_500,0.86,0.04,0.5479999999999999
Human_DiT_500,0.86,0.06,0.5479999999999999
Human_DiT_500,0.86,0.08,0.5479999999999999
Human_DiT_500,0.86,0.1,0.5479999999999999
Human_DiT_500,0.86,0.12,0.5479999999999999
Human_DiT_500,0.86,0.14,0.5479999999999999
Human_DiT_500,0.86,0.16,0.5479999999999999
Human_DiT_500,0.86,0.18,0.5479999999999999
Human_DiT_500,0.86,0.2,0.5479999999999999
Human_DiT_500,0.86,0.22,0.5419999999999999
Human_DiT_500,0.86,0.24,0.5419999999999999
Human_DiT_500,0.86,0.26,0.5419999999999999
Human_DiT_500,0.86,0.28,0.5379999999999999
Human_DiT_500,0.86,0.3,0.5379999999999999
Human_DiT_500,0.86,0.32,0.5379999999999999
Human_DiT_500,0.86,0.34,0.5299999999999999
Human_DiT_500,0.86,0.36,0.5299999999999999
Human_DiT_500,0.86,0.38,0.5299999999999999
Human_DiT_500,0.86,0.4,0.5299999999999999
Human_DiT_500,0.86,0.42,0.49200000000000005
Human_DiT_500,0.86,0.44,0.49200000000000005
Human_DiT_500,0.86,0.46,0.49200000000000005
Human_DiT_500,0.86,0.48,0.4619999999999998
Human_DiT_500,0.86,0.5,0.4619999999999998
Human_DiT_500,0.86,0.52,0.4619999999999998
Human_DiT_500,0.86,0.54,0.4179999999999999
Human_DiT_500,0.86,0.56,0.4179999999999999
Human_DiT_500,0.86,0.58,0.4179999999999999
Human_DiT_500,0.86,0.6,0.4179999999999999
Human_DiT_500,0.86,0.62,0.3559999999999999
Human_DiT_500,0.86,0.64,0.3559999999999999
Human_DiT_500,0.86,0.66,0.3559999999999999
Human_DiT_500,0.86,0.68,0.30199999999999994
Human_DiT_500,0.86,0.7,0.30199999999999994
Human_DiT_500,0.86,0.72,0.30199999999999994
Human_DiT_500,0.86,0.74,0.2279999999999999
Human_DiT_500,0.86,0.76,0.2279999999999999
Human_DiT_500,0.86,0.78,0.2279999999999999
Human_DiT_500,0.86,0.8,0.21999999999999992
Human_DiT_500,0.86,0.82,0.13799999999999998
Human_DiT_500,0.86,0.84,0.13799999999999998
Human_DiT_500,0.86,0.86,0.13799999999999998
Human_DiT_500,0.86,0.88,0.08400000000000003
Human_DiT_500,0.86,0.9,0.08400000000000003
Human_DiT_500,0.86,0.92,0.08400000000000003
Human_DiT_500,0.86,0.94,0.04600000000000002
Human_DiT_500,0.86,0.96,0.04600000000000002
Human_DiT_500,0.86,0.98,0.04600000000000002
Human_DiT_500,0.86,1.0,0.04600000000000002
Human_DiT_500,0.88,0.0,0.502
Human_DiT_500,0.88,0.02,0.502
Human_DiT_500,0.88,0.04,0.502
Human_DiT_500,0.88,0.06,0.502
Human_DiT_500,0.88,0.08,0.502
Human_DiT_500,0.88,0.1,0.502
Human_DiT_500,0.88,0.12,0.502
Human_DiT_500,0.88,0.14,0.502
Human_DiT_500,0.88,0.16,0.502
Human_DiT_500,0.88,0.18,0.502
Human_DiT_500,0.88,0.2,0.502
Human_DiT_500,0.88,0.22,0.5000000000000001
Human_DiT_500,0.88,0.24,0.5000000000000001
Human_DiT_500,0.88,0.26,0.5000000000000001
Human_DiT_500,0.88,0.28,0.4960000000000001
Human_DiT_500,0.88,0.3,0.4960000000000001
Human_DiT_500,0.88,0.32,0.4960000000000001
Human_DiT_500,0.88,0.34,0.48800000000000004
Human_DiT_500,0.88,0.36,0.48800000000000004
Human_DiT_500,0.88,0.38,0.48800000000000004
Human_DiT_500,0.88,0.4,0.48800000000000004
Human_DiT_500,0.88,0.42,0.4539999999999999
Human_DiT_500,0.88,0.44,0.4539999999999999
Human_DiT_500,0.88,0.46,0.4539999999999999
Human_DiT_500,0.88,0.48,0.4299999999999999
Human_DiT_500,0.88,0.5,0.4299999999999999
Human_DiT_500,0.88,0.52,0.4299999999999999
Human_DiT_500,0.88,0.54,0.39399999999999985
Human_DiT_500,0.88,0.56,0.39399999999999985
Human_DiT_500,0.88,0.58,0.39399999999999985
Human_DiT_500,0.88,0.6,0.39399999999999985
Human_DiT_500,0.88,0.62,0.33799999999999997
Human_DiT_500,0.88,0.64,0.33799999999999997
Human_DiT_500,0.88,0.66,0.33799999999999997
Human_DiT_500,0.88,0.68,0.286
Human_DiT_500,0.88,0.7,0.286
Human_DiT_500,0.88,0.72,0.286
Human_DiT_500,0.88,0.74,0.21599999999999994
Human_DiT_500,0.88,0.76,0.21599999999999994
Human_DiT_500,0.88,0.78,0.21599999999999994
Human_DiT_500,0.88,0.8,0.20799999999999993
Human_DiT_500,0.88,0.82,0.13199999999999998
Human_DiT_500,0.88,0.84,0.13199999999999998
Human_DiT_500,0.88,0.86,0.13199999999999998
Human_DiT_500,0.88,0.88,0.08200000000000003
Human_DiT_500,0.88,0.9,0.08200000000000003
Human_DiT_500,0.88,0.92,0.08200000000000003
Human_DiT_500,0.88,0.94,0.04600000000000002
Human_DiT_500,0.88,0.96,0.04600000000000002
Human_DiT_500,0.88,0.98,0.04600000000000002
Human_DiT_500,0.88,1.0,0.04600000000000002
Human_DiT_500,0.9,0.0,0.4619999999999999
Human_DiT_500,0.9,0.02,0.4619999999999999
Human_DiT_500,0.9,0.04,0.4619999999999999
Human_DiT_500,0.9,0.06,0.4619999999999999
Human_DiT_500,0.9,0.08,0.4619999999999999
Human_DiT_500,0.9,0.1,0.4619999999999999
Human_DiT_500,0.9,0.12,0.4619999999999999
Human_DiT_500,0.9,0.14,0.4619999999999999
Human_DiT_500,0.9,0.16,0.4619999999999999
Human_DiT_500,0.9,0.18,0.4619999999999999
Human_DiT_500,0.9,0.2,0.4619999999999999
Human_DiT_500,0.9,0.22,0.45999999999999985
Human_DiT_500,0.9,0.24,0.45999999999999985
Human_DiT_500,0.9,0.26,0.45999999999999985
Human_DiT_500,0.9,0.28,0.4559999999999998
Human_DiT_500,0.9,0.3,0.4559999999999998
Human_DiT_500,0.9,0.32,0.4559999999999998
Human_DiT_500,0.9,0.34,0.4519999999999999
Human_DiT_500,0.9,0.36,0.4519999999999999
Human_DiT_500,0.9,0.38,0.4519999999999999
Human_DiT_500,0.9,0.4,0.4519999999999999
Human_DiT_500,0.9,0.42,0.4239999999999998
Human_DiT_500,0.9,0.44,0.4239999999999998
Human_DiT_500,0.9,0.46,0.4239999999999998
Human_DiT_500,0.9,0.48,0.39999999999999986
Human_DiT_500,0.9,0.5,0.39999999999999986
Human_DiT_500,0.9,0.52,0.39999999999999986
Human_DiT_500,0.9,0.54,0.3679999999999999
Human_DiT_500,0.9,0.56,0.3679999999999999
Human_DiT_500,0.9,0.58,0.3679999999999999
Human_DiT_500,0.9,0.6,0.3679999999999999
Human_DiT_500,0.9,0.62,0.3159999999999999
Human_DiT_500,0.9,0.64,0.3159999999999999
Human_DiT_500,0.9,0.66,0.3159999999999999
Human_DiT_500,0.9,0.68,0.26799999999999996
Human_DiT_500,0.9,0.7,0.26799999999999996
Human_DiT_500,0.9,0.72,0.26799999999999996
Human_DiT_500,0.9,0.74,0.204
Human_DiT_500,0.9,0.76,0.204
Human_DiT_500,0.9,0.78,0.204
Human_DiT_500,0.9,0.8,0.19599999999999995
Human_DiT_500,0.9,0.82,0.12399999999999997
Human_DiT_500,0.9,0.84,0.12399999999999997
Human_DiT_500,0.9,0.86,0.12399999999999997
Human_DiT_500,0.9,0.88,0.07400000000000002
Human_DiT_500,0.9,0.9,0.07400000000000002
Human_DiT_500,0.9,0.92,0.07400000000000002
Human_DiT_500,0.9,0.94,0.04400000000000002
Human_DiT_500,0.9,0.96,0.04400000000000002
Human_DiT_500,0.9,0.98,0.04400000000000002
Human_DiT_500,0.9,1.0,0.04400000000000002
Human_DiT_500,0.92,0.0,0.43399999999999983
Human_DiT_500,0.92,0.02,0.43399999999999983
Human_DiT_500,0.92,0.04,0.43399999999999983
Human_DiT_500,0.92,0.06,0.43399999999999983
Human_DiT_500,0.92,0.08,0.43399999999999983
Human_DiT_500,0.92,0.1,0.43399999999999983
Human_DiT_500,0.92,0.12,0.43399999999999983
Human_DiT_500,0.92,0.14,0.43399999999999983
Human_DiT_500,0.92,0.16,0.43399999999999983
Human_DiT_500,0.92,0.18,0.43399999999999983
Human_DiT_500,0.92,0.2,0.43399999999999983
Human_DiT_500,0.92,0.22,0.4319999999999999
Human_DiT_500,0.92,0.24,0.4319999999999999
Human_DiT_500,0.92,0.26,0.4319999999999999
Human_DiT_500,0.92,0.28,0.4279999999999998
Human_DiT_500,0.92,0.3,0.4279999999999998
Human_DiT_500,0.92,0.32,0.4279999999999998
Human_DiT_500,0.92,0.34,0.4239999999999998
Human_DiT_500,0.92,0.36,0.4239999999999998
Human_DiT_500,0.92,0.38,0.4239999999999998
Human_DiT_500,0.92,0.4,0.4239999999999998
Human_DiT_500,0.92,0.42,0.4059999999999998
Human_DiT_500,0.92,0.44,0.4059999999999998
Human_DiT_500,0.92,0.46,0.4059999999999998
Human_DiT_500,0.92,0.48,0.38199999999999973
Human_DiT_500,0.92,0.5,0.38199999999999973
Human_DiT_500,0.92,0.52,0.38199999999999973
Human_DiT_500,0.92,0.54,0.35199999999999987
Human_DiT_500,0.92,0.56,0.35199999999999987
Human_DiT_500,0.92,0.58,0.35199999999999987
Human_DiT_500,0.92,0.6,0.35199999999999987
Human_DiT_500,0.92,0.62,0.30599999999999994
Human_DiT_500,0.92,0.64,0.30599999999999994
Human_DiT_500,0.92,0.66,0.30599999999999994
Human_DiT_500,0.92,0.68,0.25999999999999995
Human_DiT_500,0.92,0.7,0.25999999999999995
Human_DiT_500,0.92,0.72,0.25999999999999995
Human_DiT_500,0.92,0.74,0.2
Human_DiT_500,0.92,0.76,0.2
Human_DiT_500,0.92,0.78,0.2
Human_DiT_500,0.92,0.8,0.19399999999999995
Human_DiT_500,0.92,0.82,0.12399999999999997
Human_DiT_500,0.92,0.84,0.12399999999999997
Human_DiT_500,0.92,0.86,0.12399999999999997
Human_DiT_500,0.92,0.88,0.07400000000000002
Human_DiT_500,0.92,0.9,0.07400000000000002
Human_DiT_500,0.92,0.92,0.07400000000000002
Human_DiT_500,0.92,0.94,0.04400000000000002
Human_DiT_500,0.92,0.96,0.04400000000000002
Human_DiT_500,0.92,0.98,0.04400000000000002
Human_DiT_500,0.92,1.0,0.04400000000000002
Human_DiT_500,0.94,0.0,0.41199999999999987
Human_DiT_500,0.94,0.02,0.41199999999999987
Human_DiT_500,0.94,0.04,0.41199999999999987
Human_DiT_500,0.94,0.06,0.41199999999999987
Human_DiT_500,0.94,0.08,0.41199999999999987
Human_DiT_500,0.94,0.1,0.41199999999999987
Human_DiT_500,0.94,0.12,0.41199999999999987
Human_DiT_500,0.94,0.14,0.41199999999999987
Human_DiT_500,0.94,0.16,0.41199999999999987
Human_DiT_500,0.94,0.18,0.41199999999999987
Human_DiT_500,0.94,0.2,0.41199999999999987
Human_DiT_500,0.94,0.22,0.40999999999999986
Human_DiT_500,0.94,0.24,0.40999999999999986
Human_DiT_500,0.94,0.26,0.40999999999999986
Human_DiT_500,0.94,0.28,0.4079999999999998
Human_DiT_500,0.94,0.3,0.4079999999999998
Human_DiT_500,0.94,0.32,0.4079999999999998
Human_DiT_500,0.94,0.34,0.4039999999999999
Human_DiT_500,0.94,0.36,0.4039999999999999
Human_DiT_500,0.94,0.38,0.4039999999999999
Human_DiT_500,0.94,0.4,0.4039999999999999
Human_DiT_500,0.94,0.42,0.3879999999999997
Human_DiT_500,0.94,0.44,0.3879999999999997
Human_DiT_500,0.94,0.46,0.3879999999999997
Human_DiT_500,0.94,0.48,0.36399999999999977
Human_DiT_500,0.94,0.5,0.36399999999999977
Human_DiT_500,0.94,0.52,0.36399999999999977
Human_DiT_500,0.94,0.54,0.33799999999999997
Human_DiT_500,0.94,0.56,0.33799999999999997
Human_DiT_500,0.94,0.58,0.33799999999999997
Human_DiT_500,0.94,0.6,0.33799999999999997
Human_DiT_500,0.94,0.62,0.29599999999999993
Human_DiT_500,0.94,0.64,0.29599999999999993
Human_DiT_500,0.94,0.66,0.29599999999999993
Human_DiT_500,0.94,0.68,0.25199999999999995
Human_DiT_500,0.94,0.7,0.25199999999999995
Human_DiT_500,0.94,0.72,0.25199999999999995
Human_DiT_500,0.94,0.74,0.19599999999999998
Human_DiT_500,0.94,0.76,0.19599999999999998
Human_DiT_500,0.94,0.78,0.19599999999999998
Human_DiT_500,0.94,0.8,0.18999999999999997
Human_DiT_500,0.94,0.82,0.11999999999999998
Human_DiT_500,0.94,0.84,0.11999999999999998
Human_DiT_500,0.94,0.86,0.11999999999999998
Human_DiT_500,0.94,0.88,0.07200000000000002
Human_DiT_500,0.94,0.9,0.07200000000000002
Human_DiT_500,0.94,0.92,0.07200000000000002
Human_DiT_500,0.94,0.94,0.04400000000000002
Human_DiT_500,0.94,0.96,0.04400000000000002
Human_DiT_500,0.94,0.98,0.04400000000000002
Human_DiT_500,0.94,1.0,0.04400000000000002
Human_DiT_500,0.96,0.0,0.3759999999999998
Human_DiT_500,0.96,0.02,0.3759999999999998
Human_DiT_500,0.96,0.04,0.3759999999999998
Human_DiT_500,0.96,0.06,0.3759999999999998
Human_DiT_500,0.96,0.08,0.3759999999999998
Human_DiT_500,0.96,0.1,0.3759999999999998
Human_DiT_500,0.96,0.12,0.3759999999999998
Human_DiT_500,0.96,0.14,0.3759999999999998
Human_DiT_500,0.96,0.16,0.3759999999999998
Human_DiT_500,0.96,0.18,0.3759999999999998
Human_DiT_500,0.96,0.2,0.3759999999999998
Human_DiT_500,0.96,0.22,0.3739999999999998
Human_DiT_500,0.96,0.24,0.3739999999999998
Human_DiT_500,0.96,0.26,0.3739999999999998
Human_DiT_500,0.96,0.28,0.37199999999999983
Human_DiT_500,0.96,0.3,0.37199999999999983
Human_DiT_500,0.96,0.32,0.37199999999999983
Human_DiT_500,0.96,0.34,0.3699999999999998
Human_DiT_500,0.96,0.36,0.3699999999999998
Human_DiT_500,0.96,0.38,0.3699999999999998
Human_DiT_500,0.96,0.4,0.3699999999999998
Human_DiT_500,0.96,0.42,0.3579999999999998
Human_DiT_500,0.96,0.44,0.3579999999999998
Human_DiT_500,0.96,0.46,0.3579999999999998
Human_DiT_500,0.96,0.48,0.33599999999999985
Human_DiT_500,0.96,0.5,0.33599999999999985
Human_DiT_500,0.96,0.52,0.33599999999999985
Human_DiT_500,0.96,0.54,0.31399999999999995
Human_DiT_500,0.96,0.56,0.31399999999999995
Human_DiT_500,0.96,0.58,0.31399999999999995
Human_DiT_500,0.96,0.6,0.31399999999999995
Human_DiT_500,0.96,0.62,0.2739999999999999
Human_DiT_500,0.96,0.64,0.2739999999999999
Human_DiT_500,0.96,0.66,0.2739999999999999
Human_DiT_500,0.96,0.68,0.23799999999999993
Human_DiT_500,0.96,0.7,0.23799999999999993
Human_DiT_500,0.96,0.72,0.23799999999999993
Human_DiT_500,0.96,0.74,0.18599999999999997
Human_DiT_500,0.96,0.76,0.18599999999999997
Human_DiT_500,0.96,0.78,0.18599999999999997
Human_DiT_500,0.96,0.8,0.182
Human_DiT_500,0.96,0.82,0.118
Human_DiT_500,0.96,0.84,0.118
Human_DiT_500,0.96,0.86,0.118
Human_DiT_500,0.96,0.88,0.07200000000000002
Human_DiT_500,0.96,0.9,0.07200000000000002
Human_DiT_500,0.96,0.92,0.07200000000000002
Human_DiT_500,0.96,0.94,0.04400000000000002
Human_DiT_500,0.96,0.96,0.04400000000000002
Human_DiT_500,0.96,0.98,0.04400000000000002
Human_DiT_500,0.96,1.0,0.04400000000000002
Human_DiT_500,0.98,0.0,0.3699999999999998
Human_DiT_500,0.98,0.02,0.3699999999999998
Human_DiT_500,0.98,0.04,0.3699999999999998
Human_DiT_500,0.98,0.06,0.3699999999999998
Human_DiT_500,0.98,0.08,0.3699999999999998
Human_DiT_500,0.98,0.1,0.3699999999999998
Human_DiT_500,0.98,0.12,0.3699999999999998
Human_DiT_500,0.98,0.14,0.3699999999999998
Human_DiT_500,0.98,0.16,0.3699999999999998
Human_DiT_500,0.98,0.18,0.3699999999999998
Human_DiT_500,0.98,0.2,0.3699999999999998
Human_DiT_500,0.98,0.22,0.36799999999999977
Human_DiT_500,0.98,0.24,0.36799999999999977
Human_DiT_500,0.98,0.26,0.36799999999999977
Human_DiT_500,0.98,0.28,0.3659999999999998
Human_DiT_500,0.98,0.3,0.3659999999999998
Human_DiT_500,0.98,0.32,0.3659999999999998
Human_DiT_500,0.98,0.34,0.3659999999999998
Human_DiT_500,0.98,0.36,0.3659999999999998
Human_DiT_500,0.98,0.38,0.3659999999999998
Human_DiT_500,0.98,0.4,0.3659999999999998
Human_DiT_500,0.98,0.42,0.35399999999999976
Human_DiT_500,0.98,0.44,0.35399999999999976
Human_DiT_500,0.98,0.46,0.35399999999999976
Human_DiT_500,0.98,0.48,0.3319999999999999
Human_DiT_500,0.98,0.5,0.3319999999999999
Human_DiT_500,0.98,0.52,0.3319999999999999
Human_DiT_500,0.98,0.54,0.30999999999999994
Human_DiT_500,0.98,0.56,0.30999999999999994
Human_DiT_500,0.98,0.58,0.30999999999999994
Human_DiT_500,0.98,0.6,0.30999999999999994
Human_DiT_500,0.98,0.62,0.2699999999999999
Human_DiT_500,0.98,0.64,0.2699999999999999
Human_DiT_500,0.98,0.66,0.2699999999999999
Human_DiT_500,0.98,0.68,0.23599999999999993
Human_DiT_500,0.98,0.7,0.23599999999999993
Human_DiT_500,0.98,0.72,0.23599999999999993
Human_DiT_500,0.98,0.74,0.184
Human_DiT_500,0.98,0.76,0.184
Human_DiT_500,0.98,0.78,0.184
Human_DiT_500,0.98,0.8,0.17999999999999997
Human_DiT_500,0.98,0.82,0.11599999999999999
Human_DiT_500,0.98,0.84,0.11599999999999999
Human_DiT_500,0.98,0.86,0.11599999999999999
Human_DiT_500,0.98,0.88,0.07000000000000003
Human_DiT_500,0.98,0.9,0.07000000000000003
Human_DiT_500,0.98,0.92,0.07000000000000003
Human_DiT_500,0.98,0.94,0.042000000000000016
Human_DiT_500,0.98,0.96,0.042000000000000016
Human_DiT_500,0.98,0.98,0.042000000000000016
Human_DiT_500,0.98,1.0,0.042000000000000016
Human_DiT_500,1.0,0.0,0.3699999999999998
Human_DiT_500,1.0,0.02,0.3699999999999998
Human_DiT_500,1.0,0.04,0.3699999999999998
Human_DiT_500,1.0,0.06,0.3699999999999998
Human_DiT_500,1.0,0.08,0.3699999999999998
Human_DiT_500,1.0,0.1,0.3699999999999998
Human_DiT_500,1.0,0.12,0.3699999999999998
Human_DiT_500,1.0,0.14,0.3699999999999998
Human_DiT_500,1.0,0.16,0.3699999999999998
Human_DiT_500,1.0,0.18,0.3699999999999998
Human_DiT_500,1.0,0.2,0.3699999999999998
Human_DiT_500,1.0,0.22,0.36799999999999977
Human_DiT_500,1.0,0.24,0.36799999999999977
Human_DiT_500,1.0,0.26,0.36799999999999977
Human_DiT_500,1.0,0.28,0.3659999999999998
Human_DiT_500,1.0,0.3,0.3659999999999998
Human_DiT_500,1.0,0.32,0.3659999999999998
Human_DiT_500,1.0,0.34,0.3659999999999998
Human_DiT_500,1.0,0.36,0.3659999999999998
Human_DiT_500,1.0,0.38,0.3659999999999998
Human_DiT_500,1.0,0.4,0.3659999999999998
Human_DiT_500,1.0,0.42,0.35399999999999976
Human_DiT_500,1.0,0.44,0.35399999999999976
Human_DiT_500,1.0,0.46,0.35399999999999976
Human_DiT_500,1.0,0.48,0.3319999999999999
Human_DiT_500,1.0,0.5,0.3319999999999999
Human_DiT_500,1.0,0.52,0.3319999999999999
Human_DiT_500,1.0,0.54,0.30999999999999994
Human_DiT_500,1.0,0.56,0.30999999999999994
Human_DiT_500,1.0,0.58,0.30999999999999994
Human_DiT_500,1.0,0.6,0.30999999999999994
Human_DiT_500,1.0,0.62,0.2699999999999999
Human_DiT_500,1.0,0.64,0.2699999999999999
Human_DiT_500,1.0,0.66,0.2699999999999999
Human_DiT_500,1.0,0.68,0.23599999999999993
Human_DiT_500,1.0,0.7,0.23599999999999993
Human_DiT_500,1.0,0.72,0.23599999999999993
Human_DiT_500,1.0,0.74,0.184
Human_DiT_500,1.0,0.76,0.184
Human_DiT_500,1.0,0.78,0.184
Human_DiT_500,1.0,0.8,0.17999999999999997
Human_DiT_500,1.0,0.82,0.11599999999999999
Human_DiT_500,1.0,0.84,0.11599999999999999
Human_DiT_500,1.0,0.86,0.11599999999999999
Human_DiT_500,1.0,0.88,0.07000000000000003
Human_DiT_500,1.0,0.9,0.07000000000000003
Human_DiT_500,1.0,0.92,0.07000000000000003
Human_DiT_500,1.0,0.94,0.042000000000000016
Human_DiT_500,1.0,0.96,0.042000000000000016
Human_DiT_500,1.0,0.98,0.042000000000000016
Human_DiT_500,1.0,1.0,0.042000000000000016
