image_id,source,alignment_score,artifact_score,class_id,alignment_norm,artifact_norm,composite_product_perimage,composite_harmonic_perimage
0,User_DiT_1,5.0,4.0,4,1.0,0.8,0.8,0.888888888888889
0,User_DiT_2,5.0,4.0,4,1.0,0.8,0.8,0.888888888888889
0,User_DiT_3,5.0,5.0,4,1.0,1.0,1.0,1.0
0,Sys_DiT_ref_class1000,4.85,2.0,0,0.97,0.4,0.388,0.5664233576642336
1,User_DiT_1,5.0,4.0,4,1.0,0.8,0.8,0.888888888888889
1,User_DiT_2,5.0,3.0,4,1.0,0.6,0.6,0.7499999999999999
1,User_DiT_3,5.0,4.0,4,1.0,0.8,0.8,0.888888888888889
1,Sys_DiT_ref_class1000,2.85,4.92,0,0.5700000000000001,0.984,0.56088,0.7218532818532819
2,User_DiT_1,5.0,5.0,4,1.0,1.0,1.0,1.0
2,User_DiT_2,5.0,4.0,4,1.0,0.8,0.8,0.888888888888889
2,User_DiT_3,5.0,4.0,4,1.0,0.8,0.8,0.888888888888889
2,Sys_DiT_ref_class1000,4.12,3.68,0,0.8240000000000001,0.736,0.606464,0.7775179487179487
3,User_DiT_1,5.0,4.0,4,1.0,0.8,0.8,0.888888888888889
3,User_DiT_2,5.0,4.0,4,1.0,0.8,0.8,0.888888888888889
3,User_DiT_3,5.0,4.0,4,1.0,0.8,0.8,0.888888888888889
3,Sys_DiT_ref_class1000,4.12,1.5,0,0.8240000000000001,0.3,0.2472,0.43985765124555154
4,User_DiT_1,5.0,3.0,4,1.0,0.6,0.6,0.7499999999999999
4,User_DiT_2,5.0,4.0,4,1.0,0.8,0.8,0.888888888888889
4,User_DiT_3,4.38,3.0,4,0.876,0.6,0.5256,0.7121951219512195
4,Sys_DiT_ref_class1000,3.65,4.12,0,0.73,0.8240000000000001,0.60152,0.7741570141570142
5,User_DiT_1,4.44,4.0,7,0.8880000000000001,0.8,0.7104000000000001,0.8417061611374408
5,User_DiT_2,4.38,2.0,7,0.876,0.4,0.35040000000000004,0.5492163009404389
5,User_DiT_3,4.38,4.0,7,0.876,0.8,0.7008000000000001,0.8362768496420048
5,Sys_DiT_ref_class1000,4.85,4.2,1,0.97,0.8400000000000001,0.8148000000000001,0.9003314917127072
6,User_DiT_1,5.0,2.0,7,1.0,0.4,0.4,0.5714285714285715
6,User_DiT_2,5.0,5.0,7,1.0,1.0,1.0,1.0
6,User_DiT_3,5.0,5.0,7,1.0,1.0,1.0,1.0
6,Sys_DiT_ref_class1000,3.85,2.15,1,0.77,0.43,0.3311,0.5518333333333334
7,User_DiT_1,4.44,4.0,7,0.8880000000000001,0.8,0.7104000000000001,0.8417061611374408
7,User_DiT_2,4.44,4.0,7,0.8880000000000001,0.8,0.7104000000000001,0.8417061611374408
7,User_DiT_3,4.44,4.0,7,0.8880000000000001,0.8,0.7104000000000001,0.8417061611374408
7,Sys_DiT_ref_class1000,4.65,3.85,1,0.93,0.77,0.7161000000000001,0.8424705882352941
8,User_DiT_1,4.17,4.0,7,0.834,0.8,0.6672,0.8166462668298654
8,User_DiT_2,4.17,4.0,7,0.834,0.8,0.6672,0.8166462668298654
8,User_DiT_3,4.17,3.0,7,0.834,0.6,0.5004,0.697907949790795
8,Sys_DiT_ref_class1000,4.62,3.15,1,0.924,0.63,0.5821200000000001,0.7491891891891893
9,User_DiT_1,5.0,3.0,7,1.0,0.6,0.6,0.7499999999999999
9,User_DiT_2,5.0,3.0,7,1.0,0.6,0.6,0.7499999999999999
9,User_DiT_3,5.0,3.0,7,1.0,0.6,0.6,0.7499999999999999
9,Sys_DiT_ref_class1000,4.85,3.72,1,0.97,0.744,0.72168,0.842100350058343
10,User_DiT_1,3.89,4.0,10,0.778,0.8,0.6224000000000001,0.7888466413181242
10,User_DiT_2,3.89,4.0,10,0.778,0.8,0.6224000000000001,0.7888466413181242
10,User_DiT_3,3.89,4.0,10,0.778,0.8,0.6224000000000001,0.7888466413181242
10,Sys_DiT_ref_class1000,5.0,5.0,2,1.0,1.0,1.0,1.0
11,User_DiT_1,4.0,5.0,10,0.8,1.0,0.8,0.888888888888889
11,User_DiT_2,4.0,5.0,10,0.8,1.0,0.8,0.888888888888889
11,User_DiT_3,4.0,5.0,10,0.8,1.0,0.8,0.888888888888889
11,Sys_DiT_ref_class1000,4.65,3.85,2,0.93,0.77,0.7161000000000001,0.8424705882352941
12,User_DiT_1,0.56,3.0,10,0.11200000000000002,0.6,0.06720000000000001,0.18876404494382026
12,User_DiT_2,3.57,3.0,10,0.714,0.6,0.42839999999999995,0.6520547945205478
12,User_DiT_3,0.56,2.0,10,0.11200000000000002,0.4,0.044800000000000006,0.17500000000000002
12,Sys_DiT_ref_class1000,4.12,3.68,2,0.8240000000000001,0.736,0.606464,0.7775179487179487
13,User_DiT_1,4.0,3.0,10,0.8,0.6,0.48,0.6857142857142857
13,User_DiT_2,5.0,3.0,10,1.0,0.6,0.6,0.7499999999999999
13,User_DiT_3,4.0,2.0,10,0.8,0.4,0.32000000000000006,0.5333333333333333
13,Sys_DiT_ref_class1000,4.92,4.85,2,0.984,0.97,0.95448,0.976949846468782
14,User_DiT_1,4.0,5.0,10,0.8,1.0,0.8,0.888888888888889
14,User_DiT_2,4.0,5.0,10,0.8,1.0,0.8,0.888888888888889
14,User_DiT_3,3.89,5.0,10,0.778,1.0,0.778,0.875140607424072
14,Sys_DiT_ref_class1000,4.65,3.85,2,0.93,0.77,0.7161000000000001,0.8424705882352941
15,User_DiT_1,5.0,4.0,25,1.0,0.8,0.8,0.888888888888889
15,User_DiT_2,5.0,5.0,25,1.0,1.0,1.0,1.0
15,User_DiT_3,5.0,2.0,25,1.0,0.4,0.4,0.5714285714285715
15,Sys_DiT_ref_class1000,4.95,4.92,3,0.99,0.984,0.97416,0.9869908814589666
16,User_DiT_1,5.0,5.0,25,1.0,1.0,1.0,1.0
16,User_DiT_2,5.0,4.0,25,1.0,0.8,0.8,0.888888888888889
16,User_DiT_3,5.0,5.0,25,1.0,1.0,1.0,1.0
16,Sys_DiT_ref_class1000,3.85,2.15,3,0.77,0.43,0.3311,0.5518333333333334
17,User_DiT_1,5.0,4.0,25,1.0,0.8,0.8,0.888888888888889
17,User_DiT_2,5.0,3.0,25,1.0,0.6,0.6,0.7499999999999999
17,User_DiT_3,4.17,4.0,25,0.834,0.8,0.6672,0.8166462668298654
17,Sys_DiT_ref_class1000,4.62,3.85,3,0.924,0.77,0.71148,0.8400000000000001
18,User_DiT_1,5.0,4.0,25,1.0,0.8,0.8,0.888888888888889
18,User_DiT_2,5.0,4.0,25,1.0,0.8,0.8,0.888888888888889
18,User_DiT_3,5.0,4.0,25,1.0,0.8,0.8,0.888888888888889
18,Sys_DiT_ref_class1000,4.85,4.92,3,0.97,0.984,0.95448,0.976949846468782
19,User_DiT_1,3.33,2.0,25,0.666,0.4,0.2664,0.499812382739212
19,User_DiT_2,4.29,3.0,25,0.858,0.6,0.5147999999999999,0.7061728395061727
19,User_DiT_3,3.33,3.0,25,0.666,0.6,0.3996,0.6312796208530805
19,Sys_DiT_ref_class1000,4.12,2.85,3,0.8240000000000001,0.5700000000000001,0.4696800000000001,0.6738593974175037
20,User_DiT_1,5.0,4.0,35,1.0,0.8,0.8,0.888888888888889
20,User_DiT_2,5.0,4.0,35,1.0,0.8,0.8,0.888888888888889
20,User_DiT_3,5.0,4.0,35,1.0,0.8,0.8,0.888888888888889
20,Sys_DiT_ref_class1000,4.82,3.65,4,0.9640000000000001,0.73,0.70372,0.8308382526564345
21,User_DiT_1,4.0,4.0,35,0.8,0.8,0.6400000000000001,0.8000000000000002
21,User_DiT_2,3.0,3.0,35,0.6,0.6,0.36,0.6
21,User_DiT_3,4.0,3.0,35,0.8,0.6,0.48,0.6857142857142857
21,Sys_DiT_ref_class1000,4.35,2.85,4,0.8699999999999999,0.5700000000000001,0.4959,0.6887500000000001
22,User_DiT_1,5.0,4.0,35,1.0,0.8,0.8,0.888888888888889
22,User_DiT_2,4.0,4.0,35,0.8,0.8,0.6400000000000001,0.8000000000000002
22,User_DiT_3,4.0,5.0,35,0.8,1.0,0.8,0.888888888888889
22,Sys_DiT_ref_class1000,4.65,3.85,4,0.93,0.77,0.7161000000000001,0.8424705882352941
23,User_DiT_1,5.0,4.0,35,1.0,0.8,0.8,0.888888888888889
23,User_DiT_2,5.0,4.0,35,1.0,0.8,0.8,0.888888888888889
23,User_DiT_3,5.0,4.0,35,1.0,0.8,0.8,0.888888888888889
23,Sys_DiT_ref_class1000,4.65,2.85,4,0.93,0.5700000000000001,0.5301000000000001,0.7068000000000002
24,User_DiT_1,4.0,3.0,35,0.8,0.6,0.48,0.6857142857142857
24,User_DiT_2,4.0,3.0,35,0.8,0.6,0.48,0.6857142857142857
24,User_DiT_3,4.0,4.0,35,0.8,0.8,0.6400000000000001,0.8000000000000002
24,Sys_DiT_ref_class1000,4.65,3.85,4,0.93,0.77,0.7161000000000001,0.8424705882352941
25,User_DiT_1,5.0,4.0,39,1.0,0.8,0.8,0.888888888888889
25,User_DiT_2,5.0,3.0,39,1.0,0.6,0.6,0.7499999999999999
25,User_DiT_3,5.0,4.0,39,1.0,0.8,0.8,0.888888888888889
25,Sys_DiT_ref_class1000,4.35,3.85,5,0.8699999999999999,0.77,0.6698999999999999,0.8169512195121951
26,User_DiT_1,3.75,3.0,39,0.75,0.6,0.44999999999999996,0.6666666666666665
26,User_DiT_2,3.89,2.0,39,0.778,0.4,0.31120000000000003,0.5283531409168082
26,User_DiT_3,3.89,2.0,39,0.778,0.4,0.31120000000000003,0.5283531409168082
26,Sys_DiT_ref_class1000,0.15,4.25,5,0.03,0.85,0.0255,0.05795454545454545
27,User_DiT_1,5.0,5.0,39,1.0,1.0,1.0,1.0
27,User_DiT_2,3.57,3.0,39,0.714,0.6,0.42839999999999995,0.6520547945205478
27,User_DiT_3,3.57,2.0,39,0.714,0.4,0.2856,0.5127468581687613
27,Sys_DiT_ref_class1000,1.85,3.62,5,0.37,0.724,0.26788,0.48972577696526515
28,User_DiT_1,5.0,3.0,39,1.0,0.6,0.6,0.7499999999999999
28,User_DiT_2,4.17,2.0,39,0.834,0.4,0.3336,0.5406807131280389
28,User_DiT_3,5.0,3.0,39,1.0,0.6,0.6,0.7499999999999999
28,Sys_DiT_ref_class1000,3.42,2.85,5,0.6839999999999999,0.5700000000000001,0.38988,0.6218181818181818
29,User_DiT_1,5.0,4.0,39,1.0,0.8,0.8,0.888888888888889
29,User_DiT_2,5.0,4.0,39,1.0,0.8,0.8,0.888888888888889
29,User_DiT_3,5.0,4.0,39,1.0,0.8,0.8,0.888888888888889
29,Sys_DiT_ref_class1000,2.15,3.85,5,0.43,0.77,0.3311,0.5518333333333334
30,User_DiT_1,5.0,4.0,49,1.0,0.8,0.8,0.888888888888889
30,User_DiT_2,5.0,4.0,49,1.0,0.8,0.8,0.888888888888889
30,User_DiT_3,5.0,4.0,49,1.0,0.8,0.8,0.888888888888889
30,Sys_DiT_ref_class1000,4.15,2.85,6,0.8300000000000001,0.5700000000000001,0.4731000000000001,0.6758571428571429
31,User_DiT_1,5.0,5.0,49,1.0,1.0,1.0,1.0
31,User_DiT_2,5.0,5.0,49,1.0,1.0,1.0,1.0
31,User_DiT_3,5.0,5.0,49,1.0,1.0,1.0,1.0
31,Sys_DiT_ref_class1000,4.12,3.85,6,0.8240000000000001,0.77,0.63448,0.7960853199498118
32,User_DiT_1,5.0,5.0,49,1.0,1.0,1.0,1.0
32,User_DiT_2,5.0,5.0,49,1.0,1.0,1.0,1.0
32,User_DiT_3,5.0,4.0,49,1.0,0.8,0.8,0.888888888888889
32,Sys_DiT_ref_class1000,3.85,3.62,6,0.77,0.724,0.55748,0.7462918340026774
33,User_DiT_1,5.0,3.0,49,1.0,0.6,0.6,0.7499999999999999
33,User_DiT_2,5.0,3.0,49,1.0,0.6,0.6,0.7499999999999999
33,User_DiT_3,5.0,3.0,49,1.0,0.6,0.6,0.7499999999999999
33,Sys_DiT_ref_class1000,3.82,3.65,6,0.764,0.73,0.55772,0.7466131191432396
34,User_DiT_1,5.0,4.0,49,1.0,0.8,0.8,0.888888888888889
34,User_DiT_2,4.38,4.0,49,0.876,0.8,0.7008000000000001,0.8362768496420048
34,User_DiT_3,4.38,4.0,49,0.876,0.8,0.7008000000000001,0.8362768496420048
34,Sys_DiT_ref_class1000,4.85,4.92,6,0.97,0.984,0.95448,0.976949846468782
35,User_DiT_1,5.0,5.0,51,1.0,1.0,1.0,1.0
35,User_DiT_2,5.0,5.0,51,1.0,1.0,1.0,1.0
35,User_DiT_3,5.0,5.0,51,1.0,1.0,1.0,1.0
35,Sys_DiT_ref_class1000,4.85,3.62,7,0.97,0.724,0.7022799999999999,0.8291381345926799
36,User_DiT_1,0.0,1.0,51,0.0,0.2,0.0,0.0
36,User_DiT_2,0.0,1.0,51,0.0,0.2,0.0,0.0
36,User_DiT_3,0.0,1.0,51,0.0,0.2,0.0,0.0
36,Sys_DiT_ref_class1000,4.92,1.5,7,0.984,0.3,0.29519999999999996,0.45981308411214944
37,User_DiT_1,5.0,4.0,51,1.0,0.8,0.8,0.888888888888889
37,User_DiT_2,5.0,4.0,51,1.0,0.8,0.8,0.888888888888889
37,User_DiT_3,5.0,5.0,51,1.0,1.0,1.0,1.0
37,Sys_DiT_ref_class1000,3.85,2.0,7,0.77,0.4,0.30800000000000005,0.5264957264957266
38,User_DiT_1,5.0,5.0,51,1.0,1.0,1.0,1.0
38,User_DiT_2,5.0,5.0,51,1.0,1.0,1.0,1.0
38,User_DiT_3,5.0,5.0,51,1.0,1.0,1.0,1.0
38,Sys_DiT_ref_class1000,3.82,1.5,7,0.764,0.3,0.2292,0.4308270676691729
39,User_DiT_1,5.0,5.0,51,1.0,1.0,1.0,1.0
39,User_DiT_2,5.0,4.0,51,1.0,0.8,0.8,0.888888888888889
39,User_DiT_3,5.0,5.0,51,1.0,1.0,1.0,1.0
39,Sys_DiT_ref_class1000,3.42,1.5,7,0.6839999999999999,0.3,0.20519999999999997,0.41707317073170724
40,User_DiT_1,5.0,5.0,52,1.0,1.0,1.0,1.0
40,User_DiT_2,5.0,4.0,52,1.0,0.8,0.8,0.888888888888889
40,User_DiT_3,5.0,4.0,52,1.0,0.8,0.8,0.888888888888889
40,Sys_DiT_ref_class1000,4.62,1.5,8,0.924,0.3,0.2772,0.45294117647058824
41,User_DiT_1,5.0,4.0,52,1.0,0.8,0.8,0.888888888888889
41,User_DiT_2,4.17,5.0,52,0.834,1.0,0.834,0.9094874591057797
41,User_DiT_3,4.17,5.0,52,0.834,1.0,0.834,0.9094874591057797
41,Sys_DiT_ref_class1000,4.15,1.5,8,0.8300000000000001,0.3,0.249,0.44070796460176986
42,User_DiT_1,5.0,5.0,52,1.0,1.0,1.0,1.0
42,User_DiT_2,5.0,5.0,52,1.0,1.0,1.0,1.0
42,User_DiT_3,5.0,5.0,52,1.0,1.0,1.0,1.0
42,Sys_DiT_ref_class1000,4.35,2.0,8,0.8699999999999999,0.4,0.348,0.5480314960629921
43,User_DiT_1,5.0,3.0,52,1.0,0.6,0.6,0.7499999999999999
43,User_DiT_2,5.0,3.0,52,1.0,0.6,0.6,0.7499999999999999
43,User_DiT_3,5.0,3.0,52,1.0,0.6,0.6,0.7499999999999999
43,Sys_DiT_ref_class1000,2.85,4.15,8,0.5700000000000001,0.8300000000000001,0.4731000000000001,0.6758571428571429
44,User_DiT_1,1.43,2.0,52,0.286,0.4,0.1144,0.3335276967930029
44,User_DiT_2,0.71,2.0,52,0.142,0.4,0.056799999999999996,0.20959409594095937
44,User_DiT_3,1.43,3.0,52,0.286,0.6,0.17159999999999997,0.3873589164785553
44,Sys_DiT_ref_class1000,2.15,1.5,8,0.43,0.3,0.129,0.35342465753424657
45,User_DiT_1,4.29,4.0,64,0.858,0.8,0.6864,0.8279855247285887
45,User_DiT_2,5.0,5.0,64,1.0,1.0,1.0,1.0
45,User_DiT_3,5.0,4.0,64,1.0,0.8,0.8,0.888888888888889
45,Sys_DiT_ref_class1000,4.85,4.92,9,0.97,0.984,0.95448,0.976949846468782
46,User_DiT_1,2.86,3.0,64,0.572,0.6,0.34319999999999995,0.5856655290102388
46,User_DiT_2,4.29,2.0,64,0.858,0.4,0.3432,0.5456279809220985
46,User_DiT_3,4.29,2.0,64,0.858,0.4,0.3432,0.5456279809220985
46,Sys_DiT_ref_class1000,3.85,1.5,9,0.77,0.3,0.23099999999999998,0.4317757009345794
47,User_DiT_1,4.29,3.0,64,0.858,0.6,0.5147999999999999,0.7061728395061727
47,User_DiT_2,5.0,5.0,64,1.0,1.0,1.0,1.0
47,User_DiT_3,4.29,3.0,64,0.858,0.6,0.5147999999999999,0.7061728395061727
47,Sys_DiT_ref_class1000,3.42,1.5,9,0.6839999999999999,0.3,0.20519999999999997,0.41707317073170724
48,User_DiT_1,3.75,4.0,64,0.75,0.8,0.6000000000000001,0.7741935483870969
48,User_DiT_2,2.5,1.0,64,0.5,0.2,0.1,0.28571428571428575
48,User_DiT_3,2.5,4.0,64,0.5,0.8,0.4,0.6153846153846154
48,Sys_DiT_ref_class1000,4.85,4.92,9,0.97,0.984,0.95448,0.976949846468782
49,User_DiT_1,2.86,4.0,64,0.572,0.8,0.4576,0.6670553935860059
49,User_DiT_2,2.86,4.0,64,0.572,0.8,0.4576,0.6670553935860059
49,User_DiT_3,5.0,4.0,64,1.0,0.8,0.8,0.888888888888889
49,Sys_DiT_ref_class1000,2.85,2.1,9,0.5700000000000001,0.42000000000000004,0.23940000000000006,0.4836363636363637
50,User_DiT_1,5.0,3.0,80,1.0,0.6,0.6,0.7499999999999999
50,User_DiT_2,5.0,2.0,80,1.0,0.4,0.4,0.5714285714285715
50,User_DiT_3,5.0,3.0,80,1.0,0.6,0.6,0.7499999999999999
50,Sys_DiT_ref_class1000,4.85,4.92,10,0.97,0.984,0.95448,0.976949846468782
51,User_DiT_1,5.0,2.0,80,1.0,0.4,0.4,0.5714285714285715
51,User_DiT_2,5.0,3.0,80,1.0,0.6,0.6,0.7499999999999999
51,User_DiT_3,5.0,2.0,80,1.0,0.4,0.4,0.5714285714285715
51,Sys_DiT_ref_class1000,4.92,4.95,10,0.984,0.99,0.97416,0.9869908814589666
52,User_DiT_1,0.62,0.0,80,0.124,0.0,0.0,0.0
52,User_DiT_2,4.29,2.0,80,0.858,0.4,0.3432,0.5456279809220985
52,User_DiT_3,0.62,1.0,80,0.124,0.2,0.024800000000000003,0.15308641975308643
52,Sys_DiT_ref_class1000,1.85,2.1,10,0.37,0.42000000000000004,0.1554,0.39341772151898735
53,User_DiT_1,5.0,4.0,80,1.0,0.8,0.8,0.888888888888889
53,User_DiT_2,5.0,3.0,80,1.0,0.6,0.6,0.7499999999999999
53,User_DiT_3,5.0,4.0,80,1.0,0.8,0.8,0.888888888888889
53,Sys_DiT_ref_class1000,3.42,1.85,10,0.6839999999999999,0.37,0.25307999999999997,0.4802277039848198
54,User_DiT_1,5.0,4.0,80,1.0,0.8,0.8,0.888888888888889
54,User_DiT_2,3.57,4.0,80,0.714,0.8,0.5712,0.7545574636723911
54,User_DiT_3,0.0,2.0,80,0.0,0.4,0.0,0.0
54,Sys_DiT_ref_class1000,3.82,3.65,10,0.764,0.73,0.55772,0.7466131191432396
55,User_DiT_1,5.0,5.0,97,1.0,1.0,1.0,1.0
55,User_DiT_2,5.0,5.0,97,1.0,1.0,1.0,1.0
55,User_DiT_3,5.0,4.0,97,1.0,0.8,0.8,0.888888888888889
55,Sys_DiT_ref_class1000,2.15,4.92,11,0.43,0.984,0.42312,0.5984724186704385
56,User_DiT_1,5.0,5.0,97,1.0,1.0,1.0,1.0
56,User_DiT_2,5.0,5.0,97,1.0,1.0,1.0,1.0
56,User_DiT_3,5.0,5.0,97,1.0,1.0,1.0,1.0
56,Sys_DiT_ref_class1000,1.85,2.15,11,0.37,0.43,0.1591,0.39774999999999994
57,User_DiT_1,5.0,3.0,97,1.0,0.6,0.6,0.7499999999999999
57,User_DiT_2,5.0,3.0,97,1.0,0.6,0.6,0.7499999999999999
57,User_DiT_3,5.0,4.0,97,1.0,0.8,0.8,0.888888888888889
57,Sys_DiT_ref_class1000,1.85,3.62,11,0.37,0.724,0.26788,0.48972577696526515
58,User_DiT_1,5.0,4.0,97,1.0,0.8,0.8,0.888888888888889
58,User_DiT_2,5.0,5.0,97,1.0,1.0,1.0,1.0
58,User_DiT_3,5.0,4.0,97,1.0,0.8,0.8,0.888888888888889
58,Sys_DiT_ref_class1000,4.15,1.5,11,0.8300000000000001,0.3,0.249,0.44070796460176986
59,User_DiT_1,5.0,5.0,97,1.0,1.0,1.0,1.0
59,User_DiT_2,5.0,5.0,97,1.0,1.0,1.0,1.0
59,User_DiT_3,5.0,5.0,97,1.0,1.0,1.0,1.0
59,Sys_DiT_ref_class1000,0.85,3.42,11,0.16999999999999998,0.6839999999999999,0.11627999999999998,0.2723185011709602
60,User_DiT_1,5.0,4.0,106,1.0,0.8,0.8,0.888888888888889
60,User_DiT_2,5.0,4.0,106,1.0,0.8,0.8,0.888888888888889
60,User_DiT_3,5.0,2.0,106,1.0,0.4,0.4,0.5714285714285715
60,Sys_DiT_ref_class1000,4.68,3.85,12,0.9359999999999999,0.77,0.72072,0.8449237983587339
61,User_DiT_1,5.0,3.0,106,1.0,0.6,0.6,0.7499999999999999
61,User_DiT_2,5.0,4.0,106,1.0,0.8,0.8,0.888888888888889
61,User_DiT_3,5.0,4.0,106,1.0,0.8,0.8,0.888888888888889
61,Sys_DiT_ref_class1000,3.42,2.85,12,0.6839999999999999,0.5700000000000001,0.38988,0.6218181818181818
62,User_DiT_1,5.0,3.0,106,1.0,0.6,0.6,0.7499999999999999
62,User_DiT_2,5.0,4.0,106,1.0,0.8,0.8,0.888888888888889
62,User_DiT_3,5.0,3.0,106,1.0,0.6,0.6,0.7499999999999999
62,Sys_DiT_ref_class1000,3.45,2.1,12,0.6900000000000001,0.42000000000000004,0.28980000000000006,0.5221621621621623
63,User_DiT_1,4.17,4.0,106,0.834,0.8,0.6672,0.8166462668298654
63,User_DiT_2,5.0,3.0,106,1.0,0.6,0.6,0.7499999999999999
63,User_DiT_3,4.17,4.0,106,0.834,0.8,0.6672,0.8166462668298654
63,Sys_DiT_ref_class1000,4.68,3.42,12,0.9359999999999999,0.6839999999999999,0.6402239999999999,0.7904
64,User_DiT_1,5.0,3.0,106,1.0,0.6,0.6,0.7499999999999999
64,User_DiT_2,5.0,3.0,106,1.0,0.6,0.6,0.7499999999999999
64,User_DiT_3,5.0,4.0,106,1.0,0.8,0.8,0.888888888888889
64,Sys_DiT_ref_class1000,4.68,3.85,12,0.9359999999999999,0.77,0.72072,0.8449237983587339
65,User_DiT_1,5.0,4.0,116,1.0,0.8,0.8,0.888888888888889
65,User_DiT_2,5.0,4.0,116,1.0,0.8,0.8,0.888888888888889
65,User_DiT_3,5.0,4.0,116,1.0,0.8,0.8,0.888888888888889
65,Sys_DiT_ref_class1000,4.85,4.92,13,0.97,0.984,0.95448,0.976949846468782
66,User_DiT_1,5.0,5.0,116,1.0,1.0,1.0,1.0
66,User_DiT_2,5.0,5.0,116,1.0,1.0,1.0,1.0
66,User_DiT_3,5.0,5.0,116,1.0,1.0,1.0,1.0
66,Sys_DiT_ref_class1000,4.85,4.92,13,0.97,0.984,0.95448,0.976949846468782
67,User_DiT_1,5.0,4.0,116,1.0,0.8,0.8,0.888888888888889
67,User_DiT_2,5.0,3.0,116,1.0,0.6,0.6,0.7499999999999999
67,User_DiT_3,5.0,4.0,116,1.0,0.8,0.8,0.888888888888889
67,Sys_DiT_ref_class1000,4.12,1.5,13,0.8240000000000001,0.3,0.2472,0.43985765124555154
68,User_DiT_1,5.0,5.0,116,1.0,1.0,1.0,1.0
68,User_DiT_2,5.0,4.0,116,1.0,0.8,0.8,0.888888888888889
68,User_DiT_3,5.0,4.0,116,1.0,0.8,0.8,0.888888888888889
68,Sys_DiT_ref_class1000,4.92,4.95,13,0.984,0.99,0.97416,0.9869908814589666
69,User_DiT_1,5.0,4.0,116,1.0,0.8,0.8,0.888888888888889
69,User_DiT_2,5.0,4.0,116,1.0,0.8,0.8,0.888888888888889
69,User_DiT_3,5.0,4.0,116,1.0,0.8,0.8,0.888888888888889
69,Sys_DiT_ref_class1000,4.85,4.92,13,0.97,0.984,0.95448,0.976949846468782
70,User_DiT_1,3.33,2.0,118,0.666,0.4,0.2664,0.499812382739212
70,User_DiT_2,4.29,3.0,118,0.858,0.6,0.5147999999999999,0.7061728395061727
70,User_DiT_3,3.57,3.0,118,0.714,0.6,0.42839999999999995,0.6520547945205478
70,Sys_DiT_ref_class1000,4.65,3.85,14,0.93,0.77,0.7161000000000001,0.8424705882352941
71,User_DiT_1,2.14,4.0,118,0.42800000000000005,0.8,0.34240000000000004,0.5576547231270358
71,User_DiT_2,2.86,3.0,118,0.572,0.6,0.34319999999999995,0.5856655290102388
71,User_DiT_3,2.14,3.0,118,0.42800000000000005,0.6,0.25680000000000003,0.4996108949416343
71,Sys_DiT_ref_class1000,4.85,3.65,14,0.97,0.73,0.7081,0.8330588235294117
72,User_DiT_1,2.5,2.0,118,0.5,0.4,0.2,0.4444444444444445
72,User_DiT_2,2.5,1.0,118,0.5,0.2,0.1,0.28571428571428575
72,User_DiT_3,2.5,2.0,118,0.5,0.4,0.2,0.4444444444444445
72,Sys_DiT_ref_class1000,4.85,1.65,14,0.97,0.32999999999999996,0.32009999999999994,0.49246153846153845
73,User_DiT_1,5.0,4.0,118,1.0,0.8,0.8,0.888888888888889
73,User_DiT_2,5.0,4.0,118,1.0,0.8,0.8,0.888888888888889
73,User_DiT_3,5.0,5.0,118,1.0,1.0,1.0,1.0
73,Sys_DiT_ref_class1000,4.85,3.8,14,0.97,0.76,0.7372,0.8522543352601156
74,User_DiT_1,5.0,4.0,118,1.0,0.8,0.8,0.888888888888889
74,User_DiT_2,5.0,2.0,118,1.0,0.4,0.4,0.5714285714285715
74,User_DiT_3,5.0,4.0,118,1.0,0.8,0.8,0.888888888888889
74,Sys_DiT_ref_class1000,4.15,3.2,14,0.8300000000000001,0.64,0.5312,0.7227210884353741
75,User_DiT_1,3.57,2.0,129,0.714,0.4,0.2856,0.5127468581687613
75,User_DiT_2,3.57,2.0,129,0.714,0.4,0.2856,0.5127468581687613
75,User_DiT_3,3.57,2.0,129,0.714,0.4,0.2856,0.5127468581687613
75,Sys_DiT_ref_class1000,3.42,2.85,15,0.6839999999999999,0.5700000000000001,0.38988,0.6218181818181818
76,User_DiT_1,4.29,3.0,129,0.858,0.6,0.5147999999999999,0.7061728395061727
76,User_DiT_2,2.86,2.0,129,0.572,0.4,0.2288,0.47078189300411527
76,User_DiT_3,4.29,3.0,129,0.858,0.6,0.5147999999999999,0.7061728395061727
76,Sys_DiT_ref_class1000,3.65,2.85,15,0.73,0.5700000000000001,0.4161,0.6401538461538462
77,User_DiT_1,4.29,4.0,129,0.858,0.8,0.6864,0.8279855247285887
77,User_DiT_2,4.29,4.0,129,0.858,0.8,0.6864,0.8279855247285887
77,User_DiT_3,4.29,4.0,129,0.858,0.8,0.6864,0.8279855247285887
77,Sys_DiT_ref_class1000,2.85,2.4,15,0.5700000000000001,0.48,0.2736,0.5211428571428571
78,User_DiT_1,3.57,3.0,129,0.714,0.6,0.42839999999999995,0.6520547945205478
78,User_DiT_2,3.57,2.0,129,0.714,0.4,0.2856,0.5127468581687613
78,User_DiT_3,3.57,3.0,129,0.714,0.6,0.42839999999999995,0.6520547945205478
78,Sys_DiT_ref_class1000,3.42,1.5,15,0.6839999999999999,0.3,0.20519999999999997,0.41707317073170724
79,User_DiT_1,3.57,4.0,129,0.714,0.8,0.5712,0.7545574636723911
79,User_DiT_2,3.57,4.0,129,0.714,0.8,0.5712,0.7545574636723911
79,User_DiT_3,3.57,4.0,129,0.714,0.8,0.5712,0.7545574636723911
79,Sys_DiT_ref_class1000,2.35,1.5,15,0.47000000000000003,0.3,0.14100000000000001,0.36623376623376624
80,User_DiT_1,4.44,3.0,144,0.8880000000000001,0.6,0.5328,0.7161290322580646
80,User_DiT_2,4.44,3.0,144,0.8880000000000001,0.6,0.5328,0.7161290322580646
80,User_DiT_3,4.44,2.0,144,0.8880000000000001,0.4,0.35520000000000007,0.5515527950310559
80,Sys_DiT_ref_class1000,4.65,1.5,16,0.93,0.3,0.279,0.4536585365853659
81,User_DiT_1,5.0,4.0,144,1.0,0.8,0.8,0.888888888888889
81,User_DiT_2,5.0,4.0,144,1.0,0.8,0.8,0.888888888888889
81,User_DiT_3,5.0,3.0,144,1.0,0.6,0.6,0.7499999999999999
81,Sys_DiT_ref_class1000,5.0,5.0,16,1.0,1.0,1.0,1.0
82,User_DiT_1,4.44,3.0,144,0.8880000000000001,0.6,0.5328,0.7161290322580646
82,User_DiT_2,4.44,3.0,144,0.8880000000000001,0.6,0.5328,0.7161290322580646
82,User_DiT_3,4.38,2.0,144,0.876,0.4,0.35040000000000004,0.5492163009404389
82,Sys_DiT_ref_class1000,4.85,3.0,16,0.97,0.6,0.582,0.7414012738853504
83,User_DiT_1,5.0,2.0,144,1.0,0.4,0.4,0.5714285714285715
83,User_DiT_2,5.0,2.0,144,1.0,0.4,0.4,0.5714285714285715
83,User_DiT_3,5.0,3.0,144,1.0,0.6,0.6,0.7499999999999999
83,Sys_DiT_ref_class1000,4.82,2.0,16,0.9640000000000001,0.4,0.38560000000000005,0.5653958944281525
84,User_DiT_1,4.38,3.0,144,0.876,0.6,0.5256,0.7121951219512195
84,User_DiT_2,4.38,2.0,144,0.876,0.4,0.35040000000000004,0.5492163009404389
84,User_DiT_3,4.38,3.0,144,0.876,0.6,0.5256,0.7121951219512195
84,Sys_DiT_ref_class1000,4.92,4.95,16,0.984,0.99,0.97416,0.9869908814589666
85,User_DiT_1,5.0,3.0,147,1.0,0.6,0.6,0.7499999999999999
85,User_DiT_2,5.0,3.0,147,1.0,0.6,0.6,0.7499999999999999
85,User_DiT_3,5.0,2.0,147,1.0,0.4,0.4,0.5714285714285715
85,Sys_DiT_ref_class1000,4.92,4.85,17,0.984,0.97,0.95448,0.976949846468782
86,User_DiT_1,5.0,4.0,147,1.0,0.8,0.8,0.888888888888889
86,User_DiT_2,5.0,4.0,147,1.0,0.8,0.8,0.888888888888889
86,User_DiT_3,5.0,4.0,147,1.0,0.8,0.8,0.888888888888889
86,Sys_DiT_ref_class1000,3.85,1.5,17,0.77,0.3,0.23099999999999998,0.4317757009345794
87,User_DiT_1,5.0,4.0,147,1.0,0.8,0.8,0.888888888888889
87,User_DiT_2,5.0,4.0,147,1.0,0.8,0.8,0.888888888888889
87,User_DiT_3,5.0,4.0,147,1.0,0.8,0.8,0.888888888888889
87,Sys_DiT_ref_class1000,4.65,1.5,17,0.93,0.3,0.279,0.4536585365853659
88,User_DiT_1,5.0,4.0,147,1.0,0.8,0.8,0.888888888888889
88,User_DiT_2,5.0,4.0,147,1.0,0.8,0.8,0.888888888888889
88,User_DiT_3,5.0,5.0,147,1.0,1.0,1.0,1.0
88,Sys_DiT_ref_class1000,4.62,1.5,17,0.924,0.3,0.2772,0.45294117647058824
89,User_DiT_1,5.0,5.0,147,1.0,1.0,1.0,1.0
89,User_DiT_2,5.0,4.0,147,1.0,0.8,0.8,0.888888888888889
89,User_DiT_3,5.0,4.0,147,1.0,0.8,0.8,0.888888888888889
89,Sys_DiT_ref_class1000,4.65,1.5,17,0.93,0.3,0.279,0.4536585365853659
90,User_DiT_1,5.0,3.0,150,1.0,0.6,0.6,0.7499999999999999
90,User_DiT_2,5.0,2.0,150,1.0,0.4,0.4,0.5714285714285715
90,User_DiT_3,5.0,3.0,150,1.0,0.6,0.6,0.7499999999999999
90,Sys_DiT_ref_class1000,3.45,1.5,18,0.6900000000000001,0.3,0.20700000000000002,0.4181818181818182
91,User_DiT_1,5.0,3.0,150,1.0,0.6,0.6,0.7499999999999999
91,User_DiT_2,5.0,2.0,150,1.0,0.4,0.4,0.5714285714285715
91,User_DiT_3,5.0,2.0,150,1.0,0.4,0.4,0.5714285714285715
91,Sys_DiT_ref_class1000,2.85,1.5,18,0.5700000000000001,0.3,0.171,0.3931034482758621
92,User_DiT_1,3.57,4.0,150,0.714,0.8,0.5712,0.7545574636723911
92,User_DiT_2,3.57,4.0,150,0.714,0.8,0.5712,0.7545574636723911
92,User_DiT_3,3.57,4.0,150,0.714,0.8,0.5712,0.7545574636723911
92,Sys_DiT_ref_class1000,2.85,2.1,18,0.5700000000000001,0.42000000000000004,0.23940000000000006,0.4836363636363637
93,User_DiT_1,4.17,5.0,150,0.834,1.0,0.834,0.9094874591057797
93,User_DiT_2,4.17,4.0,150,0.834,0.8,0.6672,0.8166462668298654
93,User_DiT_3,4.17,5.0,150,0.834,1.0,0.834,0.9094874591057797
93,Sys_DiT_ref_class1000,2.85,1.5,18,0.5700000000000001,0.3,0.171,0.3931034482758621
94,User_DiT_1,4.38,4.0,150,0.876,0.8,0.7008000000000001,0.8362768496420048
94,User_DiT_2,4.38,2.0,150,0.876,0.4,0.35040000000000004,0.5492163009404389
94,User_DiT_3,4.38,3.0,150,0.876,0.6,0.5256,0.7121951219512195
94,Sys_DiT_ref_class1000,3.65,1.5,18,0.73,0.3,0.219,0.42524271844660194
95,User_DiT_1,5.0,4.0,156,1.0,0.8,0.8,0.888888888888889
95,User_DiT_2,5.0,4.0,156,1.0,0.8,0.8,0.888888888888889
95,User_DiT_3,5.0,3.0,156,1.0,0.6,0.6,0.7499999999999999
95,Sys_DiT_ref_class1000,4.98,4.96,19,0.9960000000000001,0.992,0.9880320000000001,0.9939959758551309
96,User_DiT_1,5.0,3.0,156,1.0,0.6,0.6,0.7499999999999999
96,User_DiT_2,5.0,3.0,156,1.0,0.6,0.6,0.7499999999999999
96,User_DiT_3,5.0,4.0,156,1.0,0.8,0.8,0.888888888888889
96,Sys_DiT_ref_class1000,4.92,4.85,19,0.984,0.97,0.95448,0.976949846468782
97,User_DiT_1,5.0,2.0,156,1.0,0.4,0.4,0.5714285714285715
97,User_DiT_2,5.0,4.0,156,1.0,0.8,0.8,0.888888888888889
97,User_DiT_3,5.0,3.0,156,1.0,0.6,0.6,0.7499999999999999
97,Sys_DiT_ref_class1000,4.92,4.85,19,0.984,0.97,0.95448,0.976949846468782
98,User_DiT_1,5.0,3.0,156,1.0,0.6,0.6,0.7499999999999999
98,User_DiT_2,5.0,2.0,156,1.0,0.4,0.4,0.5714285714285715
98,User_DiT_3,5.0,2.0,156,1.0,0.4,0.4,0.5714285714285715
98,Sys_DiT_ref_class1000,5.0,4.95,19,1.0,0.99,0.99,0.9949748743718593
99,User_DiT_1,5.0,4.0,156,1.0,0.8,0.8,0.888888888888889
99,User_DiT_2,5.0,3.0,156,1.0,0.6,0.6,0.7499999999999999
99,User_DiT_3,5.0,4.0,156,1.0,0.8,0.8,0.888888888888889
99,Sys_DiT_ref_class1000,4.98,4.95,19,0.9960000000000001,0.99,0.9860400000000001,0.9929909365558913
100,User_DiT_1,2.0,3.0,159,0.4,0.6,0.24,0.48
100,User_DiT_2,2.0,1.0,159,0.4,0.2,0.08000000000000002,0.26666666666666666
100,User_DiT_3,2.0,1.0,159,0.4,0.2,0.08000000000000002,0.26666666666666666
100,Sys_DiT_ref_class1000,4.12,1.5,20,0.8240000000000001,0.3,0.2472,0.43985765124555154
101,User_DiT_1,3.12,2.0,159,0.624,0.4,0.24960000000000002,0.48750000000000004
101,User_DiT_2,3.12,4.0,159,0.624,0.8,0.49920000000000003,0.7011235955056181
101,User_DiT_3,3.12,2.0,159,0.624,0.4,0.24960000000000002,0.48750000000000004
101,Sys_DiT_ref_class1000,2.85,2.15,20,0.5700000000000001,0.43,0.2451,0.4902
102,User_DiT_1,5.0,3.0,159,1.0,0.6,0.6,0.7499999999999999
102,User_DiT_2,5.0,4.0,159,1.0,0.8,0.8,0.888888888888889
102,User_DiT_3,5.0,3.0,159,1.0,0.6,0.6,0.7499999999999999
102,Sys_DiT_ref_class1000,3.42,1.5,20,0.6839999999999999,0.3,0.20519999999999997,0.41707317073170724
103,User_DiT_1,0.0,1.0,159,0.0,0.2,0.0,0.0
103,User_DiT_2,0.0,1.0,159,0.0,0.2,0.0,0.0
103,User_DiT_3,0.83,1.0,159,0.16599999999999998,0.2,0.0332,0.1814207650273224
103,Sys_DiT_ref_class1000,4.15,3.25,20,0.8300000000000001,0.65,0.5395000000000001,0.7290540540540542
104,User_DiT_1,2.14,1.0,159,0.42800000000000005,0.2,0.08560000000000001,0.27261146496815286
104,User_DiT_2,2.14,2.0,159,0.42800000000000005,0.4,0.17120000000000002,0.41352657004830917
104,User_DiT_3,0.0,2.0,159,0.0,0.4,0.0,0.0
104,Sys_DiT_ref_class1000,4.68,1.5,20,0.9359999999999999,0.3,0.2808,0.45436893203883494
105,User_DiT_1,5.0,2.0,281,1.0,0.4,0.4,0.5714285714285715
105,User_DiT_2,4.29,2.0,281,0.858,0.4,0.3432,0.5456279809220985
105,User_DiT_3,4.29,2.0,281,0.858,0.4,0.3432,0.5456279809220985
105,Sys_DiT_ref_class1000,4.85,2.0,21,0.97,0.4,0.388,0.5664233576642336
106,User_DiT_1,5.0,2.0,281,1.0,0.4,0.4,0.5714285714285715
106,User_DiT_2,5.0,3.0,281,1.0,0.6,0.6,0.7499999999999999
106,User_DiT_3,5.0,4.0,281,1.0,0.8,0.8,0.888888888888889
106,Sys_DiT_ref_class1000,4.85,2.0,21,0.97,0.4,0.388,0.5664233576642336
107,User_DiT_1,5.0,2.0,281,1.0,0.4,0.4,0.5714285714285715
107,User_DiT_2,5.0,4.0,281,1.0,0.8,0.8,0.888888888888889
107,User_DiT_3,5.0,3.0,281,1.0,0.6,0.6,0.7499999999999999
107,Sys_DiT_ref_class1000,4.85,1.5,21,0.97,0.3,0.291,0.458267716535433
108,User_DiT_1,5.0,2.0,281,1.0,0.4,0.4,0.5714285714285715
108,User_DiT_2,5.0,2.0,281,1.0,0.4,0.4,0.5714285714285715
108,User_DiT_3,5.0,4.0,281,1.0,0.8,0.8,0.888888888888889
108,Sys_DiT_ref_class1000,4.15,1.5,21,0.8300000000000001,0.3,0.249,0.44070796460176986
109,User_DiT_1,5.0,3.0,281,1.0,0.6,0.6,0.7499999999999999
109,User_DiT_2,5.0,3.0,281,1.0,0.6,0.6,0.7499999999999999
109,User_DiT_3,5.0,3.0,281,1.0,0.6,0.6,0.7499999999999999
109,Sys_DiT_ref_class1000,4.82,1.5,21,0.9640000000000001,0.3,0.2892,0.45759493670886076
110,User_DiT_1,5.0,5.0,300,1.0,1.0,1.0,1.0
110,User_DiT_2,5.0,5.0,300,1.0,1.0,1.0,1.0
110,User_DiT_3,5.0,5.0,300,1.0,1.0,1.0,1.0
110,Sys_DiT_ref_class1000,2.85,3.42,22,0.5700000000000001,0.6839999999999999,0.38988,0.6218181818181818
111,User_DiT_1,4.38,4.0,300,0.876,0.8,0.7008000000000001,0.8362768496420048
111,User_DiT_2,4.38,4.0,300,0.876,0.8,0.7008000000000001,0.8362768496420048
111,User_DiT_3,4.38,5.0,300,0.876,1.0,0.876,0.933901918976546
111,Sys_DiT_ref_class1000,4.82,3.65,22,0.9640000000000001,0.73,0.70372,0.8308382526564345
112,User_DiT_1,5.0,5.0,300,1.0,1.0,1.0,1.0
112,User_DiT_2,5.0,5.0,300,1.0,1.0,1.0,1.0
112,User_DiT_3,5.0,5.0,300,1.0,1.0,1.0,1.0
112,Sys_DiT_ref_class1000,3.85,1.92,22,0.77,0.384,0.29568,0.5124436741767765
113,User_DiT_1,4.38,5.0,300,0.876,1.0,0.876,0.933901918976546
113,User_DiT_2,5.0,2.0,300,1.0,0.4,0.4,0.5714285714285715
113,User_DiT_3,4.38,5.0,300,0.876,1.0,0.876,0.933901918976546
113,Sys_DiT_ref_class1000,3.85,2.0,22,0.77,0.4,0.30800000000000005,0.5264957264957266
114,User_DiT_1,4.38,4.0,300,0.876,0.8,0.7008000000000001,0.8362768496420048
114,User_DiT_2,4.38,4.0,300,0.876,0.8,0.7008000000000001,0.8362768496420048
114,User_DiT_3,4.38,4.0,300,0.876,0.8,0.7008000000000001,0.8362768496420048
114,Sys_DiT_ref_class1000,4.85,4.92,22,0.97,0.984,0.95448,0.976949846468782
115,User_DiT_1,5.0,5.0,322,1.0,1.0,1.0,1.0
115,User_DiT_2,5.0,4.0,322,1.0,0.8,0.8,0.888888888888889
115,User_DiT_3,5.0,4.0,322,1.0,0.8,0.8,0.888888888888889
115,Sys_DiT_ref_class1000,3.42,1.5,23,0.6839999999999999,0.3,0.20519999999999997,0.41707317073170724
116,User_DiT_1,5.0,3.0,322,1.0,0.6,0.6,0.7499999999999999
116,User_DiT_2,5.0,5.0,322,1.0,1.0,1.0,1.0
116,User_DiT_3,5.0,5.0,322,1.0,1.0,1.0,1.0
116,Sys_DiT_ref_class1000,0.45,3.82,23,0.09,0.764,0.06876,0.1610304449648712
117,User_DiT_1,3.57,3.0,322,0.714,0.6,0.42839999999999995,0.6520547945205478
117,User_DiT_2,3.57,2.0,322,0.714,0.4,0.2856,0.5127468581687613
117,User_DiT_3,4.17,2.0,322,0.834,0.4,0.3336,0.5406807131280389
117,Sys_DiT_ref_class1000,4.85,4.92,23,0.97,0.984,0.95448,0.976949846468782
118,User_DiT_1,5.0,4.0,322,1.0,0.8,0.8,0.888888888888889
118,User_DiT_2,3.57,2.0,322,0.714,0.4,0.2856,0.5127468581687613
118,User_DiT_3,5.0,5.0,322,1.0,1.0,1.0,1.0
118,Sys_DiT_ref_class1000,4.15,3.85,23,0.8300000000000001,0.77,0.6391000000000001,0.7988750000000001
119,User_DiT_1,5.0,5.0,322,1.0,1.0,1.0,1.0
119,User_DiT_2,5.0,5.0,322,1.0,1.0,1.0,1.0
119,User_DiT_3,5.0,5.0,322,1.0,1.0,1.0,1.0
119,Sys_DiT_ref_class1000,4.12,2.0,23,0.8240000000000001,0.4,0.32960000000000006,0.538562091503268
120,User_DiT_1,3.75,4.0,330,0.75,0.8,0.6000000000000001,0.7741935483870969
120,User_DiT_2,3.75,2.0,330,0.75,0.4,0.30000000000000004,0.5217391304347827
120,User_DiT_3,3.75,3.0,330,0.75,0.6,0.44999999999999996,0.6666666666666665
120,Sys_DiT_ref_class1000,4.82,4.65,24,0.9640000000000001,0.93,0.8965200000000001,0.9466948257655755
121,User_DiT_1,5.0,5.0,330,1.0,1.0,1.0,1.0
121,User_DiT_2,5.0,5.0,330,1.0,1.0,1.0,1.0
121,User_DiT_3,5.0,5.0,330,1.0,1.0,1.0,1.0
121,Sys_DiT_ref_class1000,4.92,4.98,24,0.984,0.9960000000000001,0.980064,0.9899636363636364
122,User_DiT_1,5.0,3.0,330,1.0,0.6,0.6,0.7499999999999999
122,User_DiT_2,4.29,4.0,330,0.858,0.8,0.6864,0.8279855247285887
122,User_DiT_3,5.0,3.0,330,1.0,0.6,0.6,0.7499999999999999
122,Sys_DiT_ref_class1000,4.68,3.85,24,0.9359999999999999,0.77,0.72072,0.8449237983587339
123,User_DiT_1,4.0,3.0,330,0.8,0.6,0.48,0.6857142857142857
123,User_DiT_2,4.0,4.0,330,0.8,0.8,0.6400000000000001,0.8000000000000002
123,User_DiT_3,4.0,4.0,330,0.8,0.8,0.6400000000000001,0.8000000000000002
123,Sys_DiT_ref_class1000,4.92,4.85,24,0.984,0.97,0.95448,0.976949846468782
124,User_DiT_1,5.0,5.0,330,1.0,1.0,1.0,1.0
124,User_DiT_2,5.0,5.0,330,1.0,1.0,1.0,1.0
124,User_DiT_3,5.0,5.0,330,1.0,1.0,1.0,1.0
124,Sys_DiT_ref_class1000,4.98,5.0,24,0.9960000000000001,1.0,0.9960000000000001,0.997995991983968
125,User_DiT_1,5.0,4.0,333,1.0,0.8,0.8,0.888888888888889
125,User_DiT_2,5.0,4.0,333,1.0,0.8,0.8,0.888888888888889
125,User_DiT_3,5.0,4.0,333,1.0,0.8,0.8,0.888888888888889
125,Sys_DiT_ref_class1000,4.82,3.65,25,0.9640000000000001,0.73,0.70372,0.8308382526564345
126,User_DiT_1,5.0,2.0,333,1.0,0.4,0.4,0.5714285714285715
126,User_DiT_2,5.0,4.0,333,1.0,0.8,0.8,0.888888888888889
126,User_DiT_3,5.0,2.0,333,1.0,0.4,0.4,0.5714285714285715
126,Sys_DiT_ref_class1000,4.15,1.5,25,0.8300000000000001,0.3,0.249,0.44070796460176986
127,User_DiT_1,5.0,2.0,333,1.0,0.4,0.4,0.5714285714285715
127,User_DiT_2,5.0,2.0,333,1.0,0.4,0.4,0.5714285714285715
127,User_DiT_3,5.0,4.0,333,1.0,0.8,0.8,0.888888888888889
127,Sys_DiT_ref_class1000,3.45,2.8,25,0.6900000000000001,0.5599999999999999,0.38639999999999997,0.6182399999999999
128,User_DiT_1,5.0,3.0,333,1.0,0.6,0.6,0.7499999999999999
128,User_DiT_2,5.0,3.0,333,1.0,0.6,0.6,0.7499999999999999
128,User_DiT_3,5.0,3.0,333,1.0,0.6,0.6,0.7499999999999999
128,Sys_DiT_ref_class1000,3.85,1.5,25,0.77,0.3,0.23099999999999998,0.4317757009345794
129,User_DiT_1,5.0,2.0,333,1.0,0.4,0.4,0.5714285714285715
129,User_DiT_2,4.17,1.0,333,0.834,0.2,0.1668,0.3226305609284333
129,User_DiT_3,4.17,2.0,333,0.834,0.4,0.3336,0.5406807131280389
129,Sys_DiT_ref_class1000,4.82,1.5,25,0.9640000000000001,0.3,0.2892,0.45759493670886076
130,User_DiT_1,5.0,3.0,339,1.0,0.6,0.6,0.7499999999999999
130,User_DiT_2,5.0,4.0,339,1.0,0.8,0.8,0.888888888888889
130,User_DiT_3,4.38,5.0,339,0.876,1.0,0.876,0.933901918976546
130,Sys_DiT_ref_class1000,4.65,3.82,26,0.93,0.764,0.71052,0.8388665879574971
131,User_DiT_1,2.5,4.0,339,0.5,0.8,0.4,0.6153846153846154
131,User_DiT_2,4.38,4.0,339,0.876,0.8,0.7008000000000001,0.8362768496420048
131,User_DiT_3,2.5,4.0,339,0.5,0.8,0.4,0.6153846153846154
131,Sys_DiT_ref_class1000,1.25,3.85,26,0.25,0.77,0.1925,0.37745098039215685
132,User_DiT_1,5.0,4.0,339,1.0,0.8,0.8,0.888888888888889
132,User_DiT_2,5.0,2.0,339,1.0,0.4,0.4,0.5714285714285715
132,User_DiT_3,5.0,4.0,339,1.0,0.8,0.8,0.888888888888889
132,Sys_DiT_ref_class1000,4.12,2.85,26,0.8240000000000001,0.5700000000000001,0.4696800000000001,0.6738593974175037
133,User_DiT_1,4.38,5.0,339,0.876,1.0,0.876,0.933901918976546
133,User_DiT_2,4.38,4.0,339,0.876,0.8,0.7008000000000001,0.8362768496420048
133,User_DiT_3,4.38,5.0,339,0.876,1.0,0.876,0.933901918976546
133,Sys_DiT_ref_class1000,4.32,1.5,26,0.8640000000000001,0.3,0.25920000000000004,0.44536082474226807
134,User_DiT_1,5.0,5.0,339,1.0,1.0,1.0,1.0
134,User_DiT_2,5.0,4.0,339,1.0,0.8,0.8,0.888888888888889
134,User_DiT_3,5.0,4.0,339,1.0,0.8,0.8,0.888888888888889
134,Sys_DiT_ref_class1000,4.65,2.0,26,0.93,0.4,0.37200000000000005,0.5593984962406016
135,User_DiT_1,5.0,5.0,347,1.0,1.0,1.0,1.0
135,User_DiT_2,5.0,5.0,347,1.0,1.0,1.0,1.0
135,User_DiT_3,5.0,5.0,347,1.0,1.0,1.0,1.0
135,Sys_DiT_ref_class1000,1.85,3.2,27,0.37,0.64,0.2368,0.46891089108910894
136,User_DiT_1,5.0,5.0,347,1.0,1.0,1.0,1.0
136,User_DiT_2,5.0,3.0,347,1.0,0.6,0.6,0.7499999999999999
136,User_DiT_3,5.0,5.0,347,1.0,1.0,1.0,1.0
136,Sys_DiT_ref_class1000,4.72,3.0,27,0.944,0.6,0.5663999999999999,0.7336787564766838
137,User_DiT_1,5.0,4.0,347,1.0,0.8,0.8,0.888888888888889
137,User_DiT_2,5.0,4.0,347,1.0,0.8,0.8,0.888888888888889
137,User_DiT_3,5.0,4.0,347,1.0,0.8,0.8,0.888888888888889
137,Sys_DiT_ref_class1000,2.85,1.5,27,0.5700000000000001,0.3,0.171,0.3931034482758621
138,User_DiT_1,5.0,4.0,347,1.0,0.8,0.8,0.888888888888889
138,User_DiT_2,5.0,3.0,347,1.0,0.6,0.6,0.7499999999999999
138,User_DiT_3,5.0,3.0,347,1.0,0.6,0.6,0.7499999999999999
138,Sys_DiT_ref_class1000,4.12,2.85,27,0.8240000000000001,0.5700000000000001,0.4696800000000001,0.6738593974175037
139,User_DiT_1,5.0,2.0,347,1.0,0.4,0.4,0.5714285714285715
139,User_DiT_2,5.0,2.0,347,1.0,0.4,0.4,0.5714285714285715
139,User_DiT_3,5.0,3.0,347,1.0,0.6,0.6,0.7499999999999999
139,Sys_DiT_ref_class1000,4.92,4.98,27,0.984,0.9960000000000001,0.980064,0.9899636363636364
140,User_DiT_1,4.38,2.0,356,0.876,0.4,0.35040000000000004,0.5492163009404389
140,User_DiT_2,4.38,2.0,356,0.876,0.4,0.35040000000000004,0.5492163009404389
140,User_DiT_3,4.44,2.0,356,0.8880000000000001,0.4,0.35520000000000007,0.5515527950310559
140,Sys_DiT_ref_class1000,4.65,3.85,28,0.93,0.77,0.7161000000000001,0.8424705882352941
141,User_DiT_1,4.17,3.0,356,0.834,0.6,0.5004,0.697907949790795
141,User_DiT_2,4.17,3.0,356,0.834,0.6,0.5004,0.697907949790795
141,User_DiT_3,4.17,2.0,356,0.834,0.4,0.3336,0.5406807131280389
141,Sys_DiT_ref_class1000,3.65,2.85,28,0.73,0.5700000000000001,0.4161,0.6401538461538462
142,User_DiT_1,5.0,3.0,356,1.0,0.6,0.6,0.7499999999999999
142,User_DiT_2,5.0,2.0,356,1.0,0.4,0.4,0.5714285714285715
142,User_DiT_3,5.0,2.0,356,1.0,0.4,0.4,0.5714285714285715
142,Sys_DiT_ref_class1000,2.85,3.42,28,0.5700000000000001,0.6839999999999999,0.38988,0.6218181818181818
143,User_DiT_1,4.17,2.0,356,0.834,0.4,0.3336,0.5406807131280389
143,User_DiT_2,5.0,2.0,356,1.0,0.4,0.4,0.5714285714285715
143,User_DiT_3,5.0,4.0,356,1.0,0.8,0.8,0.888888888888889
143,Sys_DiT_ref_class1000,3.42,2.65,28,0.6839999999999999,0.53,0.36252,0.5972322899505766
144,User_DiT_1,5.0,2.0,356,1.0,0.4,0.4,0.5714285714285715
144,User_DiT_2,5.0,2.0,356,1.0,0.4,0.4,0.5714285714285715
144,User_DiT_3,5.0,2.0,356,1.0,0.4,0.4,0.5714285714285715
144,Sys_DiT_ref_class1000,3.15,1.5,28,0.63,0.3,0.189,0.40645161290322585
145,User_DiT_1,3.57,5.0,365,0.714,1.0,0.714,0.8331388564760793
145,User_DiT_2,3.57,5.0,365,0.714,1.0,0.714,0.8331388564760793
145,User_DiT_3,3.57,5.0,365,0.714,1.0,0.714,0.8331388564760793
145,Sys_DiT_ref_class1000,4.15,2.0,29,0.8300000000000001,0.4,0.3320000000000001,0.5398373983739838
146,User_DiT_1,5.0,4.0,365,1.0,0.8,0.8,0.888888888888889
146,User_DiT_2,5.0,2.0,365,1.0,0.4,0.4,0.5714285714285715
146,User_DiT_3,5.0,2.0,365,1.0,0.4,0.4,0.5714285714285715
146,Sys_DiT_ref_class1000,3.85,1.5,29,0.77,0.3,0.23099999999999998,0.4317757009345794
147,User_DiT_1,4.29,2.0,365,0.858,0.4,0.3432,0.5456279809220985
147,User_DiT_2,4.29,3.0,365,0.858,0.6,0.5147999999999999,0.7061728395061727
147,User_DiT_3,4.17,2.0,365,0.834,0.4,0.3336,0.5406807131280389
147,Sys_DiT_ref_class1000,4.65,3.85,29,0.93,0.77,0.7161000000000001,0.8424705882352941
148,User_DiT_1,3.33,4.0,365,0.666,0.8,0.5328,0.7268758526603001
148,User_DiT_2,3.33,4.0,365,0.666,0.8,0.5328,0.7268758526603001
148,User_DiT_3,3.75,3.0,365,0.75,0.6,0.44999999999999996,0.6666666666666665
148,Sys_DiT_ref_class1000,2.85,1.5,29,0.5700000000000001,0.3,0.171,0.3931034482758621
149,User_DiT_1,5.0,4.0,365,1.0,0.8,0.8,0.888888888888889
149,User_DiT_2,5.0,3.0,365,1.0,0.6,0.6,0.7499999999999999
149,User_DiT_3,5.0,4.0,365,1.0,0.8,0.8,0.888888888888889
149,Sys_DiT_ref_class1000,4.82,1.5,29,0.9640000000000001,0.3,0.2892,0.45759493670886076
150,User_DiT_1,5.0,3.0,370,1.0,0.6,0.6,0.7499999999999999
150,User_DiT_2,5.0,2.0,370,1.0,0.4,0.4,0.5714285714285715
150,User_DiT_3,5.0,2.0,370,1.0,0.4,0.4,0.5714285714285715
150,Sys_DiT_ref_class1000,4.85,3.65,30,0.97,0.73,0.7081,0.8330588235294117
151,User_DiT_1,5.0,4.0,370,1.0,0.8,0.8,0.888888888888889
151,User_DiT_2,5.0,4.0,370,1.0,0.8,0.8,0.888888888888889
151,User_DiT_3,5.0,2.0,370,1.0,0.4,0.4,0.5714285714285715
151,Sys_DiT_ref_class1000,4.82,4.15,30,0.9640000000000001,0.8300000000000001,0.8001200000000002,0.891995540691193
152,User_DiT_1,4.17,2.0,370,0.834,0.4,0.3336,0.5406807131280389
152,User_DiT_2,4.17,2.0,370,0.834,0.4,0.3336,0.5406807131280389
152,User_DiT_3,5.0,2.0,370,1.0,0.4,0.4,0.5714285714285715
152,Sys_DiT_ref_class1000,3.85,2.65,30,0.77,0.53,0.4081,0.6278461538461538
153,User_DiT_1,5.0,5.0,370,1.0,1.0,1.0,1.0
153,User_DiT_2,5.0,5.0,370,1.0,1.0,1.0,1.0
153,User_DiT_3,5.0,5.0,370,1.0,1.0,1.0,1.0
153,Sys_DiT_ref_class1000,4.65,3.85,30,0.93,0.77,0.7161000000000001,0.8424705882352941
154,User_DiT_1,5.0,2.0,370,1.0,0.4,0.4,0.5714285714285715
154,User_DiT_2,5.0,2.0,370,1.0,0.4,0.4,0.5714285714285715
154,User_DiT_3,5.0,2.0,370,1.0,0.4,0.4,0.5714285714285715
154,Sys_DiT_ref_class1000,1.85,2.1,30,0.37,0.42000000000000004,0.1554,0.39341772151898735
155,User_DiT_1,1.67,3.0,389,0.33399999999999996,0.6,0.20039999999999997,0.42912205567451817
155,User_DiT_2,2.78,2.0,389,0.5559999999999999,0.4,0.2224,0.46527196652719666
155,User_DiT_3,1.67,2.0,389,0.33399999999999996,0.4,0.1336,0.3640326975476839
155,Sys_DiT_ref_class1000,3.15,2.85,31,0.63,0.5700000000000001,0.35910000000000003,0.5984999999999999
156,User_DiT_1,2.78,3.0,389,0.5559999999999999,0.6,0.33359999999999995,0.5771626297577854
156,User_DiT_2,1.67,3.0,389,0.33399999999999996,0.6,0.20039999999999997,0.42912205567451817
156,User_DiT_3,1.67,3.0,389,0.33399999999999996,0.6,0.20039999999999997,0.42912205567451817
156,Sys_DiT_ref_class1000,3.42,4.91,31,0.6839999999999999,0.982,0.671688,0.8063481392557023
157,User_DiT_1,1.67,2.0,389,0.33399999999999996,0.4,0.1336,0.3640326975476839
157,User_DiT_2,1.67,4.0,389,0.33399999999999996,0.8,0.2672,0.47125220458553796
157,User_DiT_3,1.67,2.0,389,0.33399999999999996,0.4,0.1336,0.3640326975476839
157,Sys_DiT_ref_class1000,4.15,4.25,31,0.8300000000000001,0.85,0.7055,0.8398809523809523
158,User_DiT_1,1.11,2.0,389,0.22200000000000003,0.4,0.08880000000000002,0.28553054662379423
158,User_DiT_2,1.11,3.0,389,0.22200000000000003,0.6,0.1332,0.32408759124087594
158,User_DiT_3,1.67,3.0,389,0.33399999999999996,0.6,0.20039999999999997,0.42912205567451817
158,Sys_DiT_ref_class1000,4.12,2.85,31,0.8240000000000001,0.5700000000000001,0.4696800000000001,0.6738593974175037
159,User_DiT_1,2.78,1.0,389,0.5559999999999999,0.2,0.1112,0.29417989417989415
159,User_DiT_2,1.67,2.0,389,0.33399999999999996,0.4,0.1336,0.3640326975476839
159,User_DiT_3,2.22,3.0,389,0.44400000000000006,0.6,0.2664,0.5103448275862069
159,Sys_DiT_ref_class1000,4.35,2.85,31,0.8699999999999999,0.5700000000000001,0.4959,0.6887500000000001
160,User_DiT_1,5.0,5.0,392,1.0,1.0,1.0,1.0
160,User_DiT_2,5.0,5.0,392,1.0,1.0,1.0,1.0
160,User_DiT_3,5.0,4.0,392,1.0,0.8,0.8,0.888888888888889
160,Sys_DiT_ref_class1000,4.62,3.85,32,0.924,0.77,0.71148,0.8400000000000001
161,User_DiT_1,5.0,3.0,392,1.0,0.6,0.6,0.7499999999999999
161,User_DiT_2,5.0,4.0,392,1.0,0.8,0.8,0.888888888888889
161,User_DiT_3,5.0,4.0,392,1.0,0.8,0.8,0.888888888888889
161,Sys_DiT_ref_class1000,2.15,2.85,32,0.43,0.5700000000000001,0.2451,0.4902
162,User_DiT_1,3.57,4.0,392,0.714,0.8,0.5712,0.7545574636723911
162,User_DiT_2,3.57,2.0,392,0.714,0.4,0.2856,0.5127468581687613
162,User_DiT_3,4.29,3.0,392,0.858,0.6,0.5147999999999999,0.7061728395061727
162,Sys_DiT_ref_class1000,0.15,1.5,32,0.03,0.3,0.009,0.05454545454545455
163,User_DiT_1,4.29,3.0,392,0.858,0.6,0.5147999999999999,0.7061728395061727
163,User_DiT_2,4.29,4.0,392,0.858,0.8,0.6864,0.8279855247285887
163,User_DiT_3,4.29,4.0,392,0.858,0.8,0.6864,0.8279855247285887
163,Sys_DiT_ref_class1000,4.65,3.85,32,0.93,0.77,0.7161000000000001,0.8424705882352941
164,User_DiT_1,5.0,4.0,392,1.0,0.8,0.8,0.888888888888889
164,User_DiT_2,5.0,3.0,392,1.0,0.6,0.6,0.7499999999999999
164,User_DiT_3,5.0,3.0,392,1.0,0.6,0.6,0.7499999999999999
164,Sys_DiT_ref_class1000,1.85,1.2,32,0.37,0.24,0.08879999999999999,0.2911475409836065
165,User_DiT_1,5.0,2.0,394,1.0,0.4,0.4,0.5714285714285715
165,User_DiT_2,5.0,2.0,394,1.0,0.4,0.4,0.5714285714285715
165,User_DiT_3,5.0,2.0,394,1.0,0.4,0.4,0.5714285714285715
165,Sys_DiT_ref_class1000,4.82,4.35,33,0.9640000000000001,0.8699999999999999,0.83868,0.9145910577971647
166,User_DiT_1,5.0,4.0,394,1.0,0.8,0.8,0.888888888888889
166,User_DiT_2,5.0,3.0,394,1.0,0.6,0.6,0.7499999999999999
166,User_DiT_3,5.0,4.0,394,1.0,0.8,0.8,0.888888888888889
166,Sys_DiT_ref_class1000,2.85,2.6,33,0.5700000000000001,0.52,0.29640000000000005,0.5438532110091744
167,User_DiT_1,5.0,4.0,394,1.0,0.8,0.8,0.888888888888889
167,User_DiT_2,5.0,4.0,394,1.0,0.8,0.8,0.888888888888889
167,User_DiT_3,4.0,3.0,394,0.8,0.6,0.48,0.6857142857142857
167,Sys_DiT_ref_class1000,4.12,3.68,33,0.8240000000000001,0.736,0.606464,0.7775179487179487
168,User_DiT_1,5.0,3.0,394,1.0,0.6,0.6,0.7499999999999999
168,User_DiT_2,5.0,3.0,394,1.0,0.6,0.6,0.7499999999999999
168,User_DiT_3,5.0,3.0,394,1.0,0.6,0.6,0.7499999999999999
168,Sys_DiT_ref_class1000,3.42,3.15,33,0.6839999999999999,0.63,0.43091999999999997,0.655890410958904
169,User_DiT_1,3.75,1.0,394,0.75,0.2,0.15000000000000002,0.31578947368421056
169,User_DiT_2,5.0,1.0,394,1.0,0.2,0.2,0.33333333333333337
169,User_DiT_3,3.0,1.0,394,0.6,0.2,0.12,0.3
169,Sys_DiT_ref_class1000,4.62,3.85,33,0.924,0.77,0.71148,0.8400000000000001
170,User_DiT_1,5.0,4.0,396,1.0,0.8,0.8,0.888888888888889
170,User_DiT_2,5.0,4.0,396,1.0,0.8,0.8,0.888888888888889
170,User_DiT_3,5.0,5.0,396,1.0,1.0,1.0,1.0
170,Sys_DiT_ref_class1000,3.45,2.85,34,0.6900000000000001,0.5700000000000001,0.3933000000000001,0.6242857142857143
171,User_DiT_1,5.0,4.0,396,1.0,0.8,0.8,0.888888888888889
171,User_DiT_2,5.0,4.0,396,1.0,0.8,0.8,0.888888888888889
171,User_DiT_3,5.0,5.0,396,1.0,1.0,1.0,1.0
171,Sys_DiT_ref_class1000,4.82,3.65,34,0.9640000000000001,0.73,0.70372,0.8308382526564345
172,User_DiT_1,4.29,4.0,396,0.858,0.8,0.6864,0.8279855247285887
172,User_DiT_2,5.0,4.0,396,1.0,0.8,0.8,0.888888888888889
172,User_DiT_3,5.0,4.0,396,1.0,0.8,0.8,0.888888888888889
172,Sys_DiT_ref_class1000,4.85,4.92,34,0.97,0.984,0.95448,0.976949846468782
173,User_DiT_1,5.0,4.0,396,1.0,0.8,0.8,0.888888888888889
173,User_DiT_2,5.0,4.0,396,1.0,0.8,0.8,0.888888888888889
173,User_DiT_3,5.0,5.0,396,1.0,1.0,1.0,1.0
173,Sys_DiT_ref_class1000,4.82,4.65,34,0.9640000000000001,0.93,0.8965200000000001,0.9466948257655755
174,User_DiT_1,5.0,4.0,396,1.0,0.8,0.8,0.888888888888889
174,User_DiT_2,5.0,4.0,396,1.0,0.8,0.8,0.888888888888889
174,User_DiT_3,5.0,3.0,396,1.0,0.6,0.6,0.7499999999999999
174,Sys_DiT_ref_class1000,4.82,3.65,34,0.9640000000000001,0.73,0.70372,0.8308382526564345
175,User_DiT_1,5.0,1.0,400,1.0,0.2,0.2,0.33333333333333337
175,User_DiT_2,5.0,1.0,400,1.0,0.2,0.2,0.33333333333333337
175,User_DiT_3,5.0,1.0,400,1.0,0.2,0.2,0.33333333333333337
175,Sys_DiT_ref_class1000,4.15,2.85,35,0.8300000000000001,0.5700000000000001,0.4731000000000001,0.6758571428571429
176,User_DiT_1,5.0,1.0,400,1.0,0.2,0.2,0.33333333333333337
176,User_DiT_2,5.0,2.0,400,1.0,0.4,0.4,0.5714285714285715
176,User_DiT_3,5.0,1.0,400,1.0,0.2,0.2,0.33333333333333337
176,Sys_DiT_ref_class1000,2.15,1.5,35,0.43,0.3,0.129,0.35342465753424657
177,User_DiT_1,4.44,2.0,400,0.8880000000000001,0.4,0.35520000000000007,0.5515527950310559
177,User_DiT_2,5.0,1.0,400,1.0,0.2,0.2,0.33333333333333337
177,User_DiT_3,5.0,2.0,400,1.0,0.4,0.4,0.5714285714285715
177,Sys_DiT_ref_class1000,3.85,2.75,35,0.77,0.55,0.42350000000000004,0.6416666666666667
178,User_DiT_1,5.0,4.0,400,1.0,0.8,0.8,0.888888888888889
178,User_DiT_2,0.0,4.0,400,0.0,0.8,0.0,0.0
178,User_DiT_3,5.0,3.0,400,1.0,0.6,0.6,0.7499999999999999
178,Sys_DiT_ref_class1000,3.65,2.85,35,0.73,0.5700000000000001,0.4161,0.6401538461538462
179,User_DiT_1,5.0,2.0,400,1.0,0.4,0.4,0.5714285714285715
179,User_DiT_2,5.0,1.0,400,1.0,0.2,0.2,0.33333333333333337
179,User_DiT_3,3.89,1.0,400,0.778,0.2,0.15560000000000002,0.31820040899795504
179,Sys_DiT_ref_class1000,4.12,3.85,35,0.8240000000000001,0.77,0.63448,0.7960853199498118
180,User_DiT_1,0.0,3.0,405,0.0,0.6,0.0,0.0
180,User_DiT_2,3.89,4.0,405,0.778,0.8,0.6224000000000001,0.7888466413181242
180,User_DiT_3,4.44,3.0,405,0.8880000000000001,0.6,0.5328,0.7161290322580646
180,Sys_DiT_ref_class1000,1.85,2.1,36,0.37,0.42000000000000004,0.1554,0.39341772151898735
181,User_DiT_1,4.44,4.0,405,0.8880000000000001,0.8,0.7104000000000001,0.8417061611374408
181,User_DiT_2,4.44,4.0,405,0.8880000000000001,0.8,0.7104000000000001,0.8417061611374408
181,User_DiT_3,4.44,4.0,405,0.8880000000000001,0.8,0.7104000000000001,0.8417061611374408
181,Sys_DiT_ref_class1000,3.85,3.2,36,0.77,0.64,0.4928,0.6990070921985815
182,User_DiT_1,5.0,2.0,405,1.0,0.4,0.4,0.5714285714285715
182,User_DiT_2,5.0,4.0,405,1.0,0.8,0.8,0.888888888888889
182,User_DiT_3,3.57,4.0,405,0.714,0.8,0.5712,0.7545574636723911
182,Sys_DiT_ref_class1000,3.45,2.85,36,0.6900000000000001,0.5700000000000001,0.3933000000000001,0.6242857142857143
183,User_DiT_1,2.78,2.0,405,0.5559999999999999,0.4,0.2224,0.46527196652719666
183,User_DiT_2,1.11,1.0,405,0.22200000000000003,0.2,0.04440000000000001,0.2104265402843602
183,User_DiT_3,1.11,2.0,405,0.22200000000000003,0.4,0.08880000000000002,0.28553054662379423
183,Sys_DiT_ref_class1000,4.62,1.5,36,0.924,0.3,0.2772,0.45294117647058824
184,User_DiT_1,4.44,2.0,405,0.8880000000000001,0.4,0.35520000000000007,0.5515527950310559
184,User_DiT_2,4.44,2.0,405,0.8880000000000001,0.4,0.35520000000000007,0.5515527950310559
184,User_DiT_3,3.33,2.0,405,0.666,0.4,0.2664,0.499812382739212
184,Sys_DiT_ref_class1000,4.68,3.85,36,0.9359999999999999,0.77,0.72072,0.8449237983587339
185,User_DiT_1,5.0,3.0,406,1.0,0.6,0.6,0.7499999999999999
185,User_DiT_2,5.0,4.0,406,1.0,0.8,0.8,0.888888888888889
185,User_DiT_3,5.0,4.0,406,1.0,0.8,0.8,0.888888888888889
185,Sys_DiT_ref_class1000,4.65,2.85,37,0.93,0.5700000000000001,0.5301000000000001,0.7068000000000002
186,User_DiT_1,5.0,4.0,406,1.0,0.8,0.8,0.888888888888889
186,User_DiT_2,5.0,4.0,406,1.0,0.8,0.8,0.888888888888889
186,User_DiT_3,5.0,3.0,406,1.0,0.6,0.6,0.7499999999999999
186,Sys_DiT_ref_class1000,4.12,3.68,37,0.8240000000000001,0.736,0.606464,0.7775179487179487
187,User_DiT_1,3.33,5.0,406,0.666,1.0,0.666,0.7995198079231693
187,User_DiT_2,5.0,5.0,406,1.0,1.0,1.0,1.0
187,User_DiT_3,5.0,5.0,406,1.0,1.0,1.0,1.0
187,Sys_DiT_ref_class1000,4.85,3.2,37,0.97,0.64,0.6208,0.7711801242236026
188,User_DiT_1,5.0,3.0,406,1.0,0.6,0.6,0.7499999999999999
188,User_DiT_2,5.0,3.0,406,1.0,0.6,0.6,0.7499999999999999
188,User_DiT_3,5.0,3.0,406,1.0,0.6,0.6,0.7499999999999999
188,Sys_DiT_ref_class1000,4.85,4.92,37,0.97,0.984,0.95448,0.976949846468782
189,User_DiT_1,5.0,3.0,406,1.0,0.6,0.6,0.7499999999999999
189,User_DiT_2,5.0,3.0,406,1.0,0.6,0.6,0.7499999999999999
189,User_DiT_3,5.0,3.0,406,1.0,0.6,0.6,0.7499999999999999
189,Sys_DiT_ref_class1000,4.35,4.12,37,0.8699999999999999,0.8240000000000001,0.71688,0.846375442739079
190,User_DiT_1,3.33,3.0,413,0.666,0.6,0.3996,0.6312796208530805
190,User_DiT_2,3.33,3.0,413,0.666,0.6,0.3996,0.6312796208530805
190,User_DiT_3,3.33,4.0,413,0.666,0.8,0.5328,0.7268758526603001
190,Sys_DiT_ref_class1000,1.85,3.42,38,0.37,0.6839999999999999,0.25307999999999997,0.4802277039848198
191,User_DiT_1,3.12,1.0,413,0.624,0.2,0.12480000000000001,0.3029126213592233
191,User_DiT_2,3.57,1.0,413,0.714,0.2,0.1428,0.31247264770240707
191,User_DiT_3,3.57,1.0,413,0.714,0.2,0.1428,0.31247264770240707
191,Sys_DiT_ref_class1000,2.85,1.9,38,0.5700000000000001,0.38,0.21660000000000001,0.456
192,User_DiT_1,2.78,4.0,413,0.5559999999999999,0.8,0.4448,0.656047197640118
192,User_DiT_2,5.0,4.0,413,1.0,0.8,0.8,0.888888888888889
192,User_DiT_3,5.0,3.0,413,1.0,0.6,0.6,0.7499999999999999
192,Sys_DiT_ref_class1000,2.15,1.85,38,0.43,0.37,0.1591,0.39774999999999994
193,User_DiT_1,5.0,3.0,413,1.0,0.6,0.6,0.7499999999999999
193,User_DiT_2,5.0,3.0,413,1.0,0.6,0.6,0.7499999999999999
193,User_DiT_3,5.0,3.0,413,1.0,0.6,0.6,0.7499999999999999
193,Sys_DiT_ref_class1000,2.15,0.85,38,0.43,0.16999999999999998,0.0731,0.24366666666666667
194,User_DiT_1,0.0,2.0,413,0.0,0.4,0.0,0.0
194,User_DiT_2,0.0,1.0,413,0.0,0.2,0.0,0.0
194,User_DiT_3,0.56,2.0,413,0.11200000000000002,0.4,0.044800000000000006,0.17500000000000002
194,Sys_DiT_ref_class1000,0.0,0.0,38,0.0,0.0,0.0,0.0
195,User_DiT_1,3.33,2.0,415,0.666,0.4,0.2664,0.499812382739212
195,User_DiT_2,1.67,2.0,415,0.33399999999999996,0.4,0.1336,0.3640326975476839
195,User_DiT_3,4.38,2.0,415,0.876,0.4,0.35040000000000004,0.5492163009404389
195,Sys_DiT_ref_class1000,4.65,3.82,39,0.93,0.764,0.71052,0.8388665879574971
196,User_DiT_1,3.89,3.0,415,0.778,0.6,0.4668,0.6775036284470246
196,User_DiT_2,3.89,3.0,415,0.778,0.6,0.4668,0.6775036284470246
196,User_DiT_3,3.89,3.0,415,0.778,0.6,0.4668,0.6775036284470246
196,Sys_DiT_ref_class1000,5.0,5.0,39,1.0,1.0,1.0,1.0
197,User_DiT_1,4.17,2.0,415,0.834,0.4,0.3336,0.5406807131280389
197,User_DiT_2,4.17,2.0,415,0.834,0.4,0.3336,0.5406807131280389
197,User_DiT_3,5.0,2.0,415,1.0,0.4,0.4,0.5714285714285715
197,Sys_DiT_ref_class1000,4.12,3.85,39,0.8240000000000001,0.77,0.63448,0.7960853199498118
198,User_DiT_1,4.29,3.0,415,0.858,0.6,0.5147999999999999,0.7061728395061727
198,User_DiT_2,4.29,4.0,415,0.858,0.8,0.6864,0.8279855247285887
198,User_DiT_3,4.29,2.0,415,0.858,0.4,0.3432,0.5456279809220985
198,Sys_DiT_ref_class1000,3.85,2.8,39,0.77,0.5599999999999999,0.43119999999999997,0.6484210526315789
199,User_DiT_1,5.0,2.0,415,1.0,0.4,0.4,0.5714285714285715
199,User_DiT_2,1.67,2.0,415,0.33399999999999996,0.4,0.1336,0.3640326975476839
199,User_DiT_3,3.33,2.0,415,0.666,0.4,0.2664,0.499812382739212
199,Sys_DiT_ref_class1000,3.42,2.0,39,0.6839999999999999,0.4,0.2736,0.5047970479704796
200,User_DiT_1,5.0,4.0,419,1.0,0.8,0.8,0.888888888888889
200,User_DiT_2,5.0,4.0,419,1.0,0.8,0.8,0.888888888888889
200,User_DiT_3,5.0,2.0,419,1.0,0.4,0.4,0.5714285714285715
200,Sys_DiT_ref_class1000,2.85,2.1,40,0.5700000000000001,0.42000000000000004,0.23940000000000006,0.4836363636363637
201,User_DiT_1,3.75,2.0,419,0.75,0.4,0.30000000000000004,0.5217391304347827
201,User_DiT_2,3.75,4.0,419,0.75,0.8,0.6000000000000001,0.7741935483870969
201,User_DiT_3,5.0,4.0,419,1.0,0.8,0.8,0.888888888888889
201,Sys_DiT_ref_class1000,3.82,3.65,40,0.764,0.73,0.55772,0.7466131191432396
202,User_DiT_1,0.0,1.0,419,0.0,0.2,0.0,0.0
202,User_DiT_2,5.0,1.0,419,1.0,0.2,0.2,0.33333333333333337
202,User_DiT_3,0.0,2.0,419,0.0,0.4,0.0,0.0
202,Sys_DiT_ref_class1000,4.65,3.85,40,0.93,0.77,0.7161000000000001,0.8424705882352941
203,User_DiT_1,2.86,1.0,419,0.572,0.2,0.1144,0.29637305699481864
203,User_DiT_2,5.0,2.0,419,1.0,0.4,0.4,0.5714285714285715
203,User_DiT_3,5.0,2.0,419,1.0,0.4,0.4,0.5714285714285715
203,Sys_DiT_ref_class1000,4.65,3.85,40,0.93,0.77,0.7161000000000001,0.8424705882352941
204,User_DiT_1,4.0,1.0,419,0.8,0.2,0.16000000000000003,0.32000000000000006
204,User_DiT_2,5.0,4.0,419,1.0,0.8,0.8,0.888888888888889
204,User_DiT_3,5.0,4.0,419,1.0,0.8,0.8,0.888888888888889
204,Sys_DiT_ref_class1000,4.15,2.0,40,0.8300000000000001,0.4,0.3320000000000001,0.5398373983739838
205,User_DiT_1,2.78,2.0,421,0.5559999999999999,0.4,0.2224,0.46527196652719666
205,User_DiT_2,3.33,1.0,421,0.666,0.2,0.1332,0.30762124711316396
205,User_DiT_3,0.0,2.0,421,0.0,0.4,0.0,0.0
205,Sys_DiT_ref_class1000,2.85,2.0,41,0.5700000000000001,0.4,0.22800000000000004,0.4701030927835052
206,User_DiT_1,3.12,3.0,421,0.624,0.6,0.3744,0.611764705882353
206,User_DiT_2,3.12,2.0,421,0.624,0.4,0.24960000000000002,0.48750000000000004
206,User_DiT_3,5.0,3.0,421,1.0,0.6,0.6,0.7499999999999999
206,Sys_DiT_ref_class1000,4.12,1.5,41,0.8240000000000001,0.3,0.2472,0.43985765124555154
207,User_DiT_1,3.12,3.0,421,0.624,0.6,0.3744,0.611764705882353
207,User_DiT_2,3.12,3.0,421,0.624,0.6,0.3744,0.611764705882353
207,User_DiT_3,5.0,3.0,421,1.0,0.6,0.6,0.7499999999999999
207,Sys_DiT_ref_class1000,4.82,1.5,41,0.9640000000000001,0.3,0.2892,0.45759493670886076
208,User_DiT_1,4.44,2.0,421,0.8880000000000001,0.4,0.35520000000000007,0.5515527950310559
208,User_DiT_2,5.0,2.0,421,1.0,0.4,0.4,0.5714285714285715
208,User_DiT_3,4.44,2.0,421,0.8880000000000001,0.4,0.35520000000000007,0.5515527950310559
208,Sys_DiT_ref_class1000,4.72,3.85,41,0.944,0.77,0.72688,0.8481680280046674
209,User_DiT_1,5.0,4.0,421,1.0,0.8,0.8,0.888888888888889
209,User_DiT_2,5.0,3.0,421,1.0,0.6,0.6,0.7499999999999999
209,User_DiT_3,3.89,3.0,421,0.778,0.6,0.4668,0.6775036284470246
209,Sys_DiT_ref_class1000,4.62,3.85,41,0.924,0.77,0.71148,0.8400000000000001
210,User_DiT_1,3.12,3.0,426,0.624,0.6,0.3744,0.611764705882353
210,User_DiT_2,3.75,3.0,426,0.75,0.6,0.44999999999999996,0.6666666666666665
210,User_DiT_3,3.75,2.0,426,0.75,0.4,0.30000000000000004,0.5217391304347827
210,Sys_DiT_ref_class1000,4.98,4.95,42,0.9960000000000001,0.99,0.9860400000000001,0.9929909365558913
211,User_DiT_1,3.12,1.0,426,0.624,0.2,0.12480000000000001,0.3029126213592233
211,User_DiT_2,3.12,1.0,426,0.624,0.2,0.12480000000000001,0.3029126213592233
211,User_DiT_3,3.12,2.0,426,0.624,0.4,0.24960000000000002,0.48750000000000004
211,Sys_DiT_ref_class1000,4.65,3.85,42,0.93,0.77,0.7161000000000001,0.8424705882352941
212,User_DiT_1,3.12,2.0,426,0.624,0.4,0.24960000000000002,0.48750000000000004
212,User_DiT_2,3.12,2.0,426,0.624,0.4,0.24960000000000002,0.48750000000000004
212,User_DiT_3,2.86,3.0,426,0.572,0.6,0.34319999999999995,0.5856655290102388
212,Sys_DiT_ref_class1000,1.85,1.62,42,0.37,0.324,0.11988,0.3454755043227666
213,User_DiT_1,3.12,3.0,426,0.624,0.6,0.3744,0.611764705882353
213,User_DiT_2,3.12,3.0,426,0.624,0.6,0.3744,0.611764705882353
213,User_DiT_3,3.12,2.0,426,0.624,0.4,0.24960000000000002,0.48750000000000004
213,Sys_DiT_ref_class1000,4.98,4.97,42,0.9960000000000001,0.994,0.9900240000000001,0.9949989949748744
214,User_DiT_1,2.22,2.0,426,0.44400000000000006,0.4,0.17760000000000004,0.4208530805687204
214,User_DiT_2,2.22,1.0,426,0.44400000000000006,0.2,0.08880000000000002,0.27577639751552796
214,User_DiT_3,2.22,1.0,426,0.44400000000000006,0.2,0.08880000000000002,0.27577639751552796
214,Sys_DiT_ref_class1000,2.85,2.1,42,0.5700000000000001,0.42000000000000004,0.23940000000000006,0.4836363636363637
215,User_DiT_1,5.0,4.0,429,1.0,0.8,0.8,0.888888888888889
215,User_DiT_2,5.0,4.0,429,1.0,0.8,0.8,0.888888888888889
215,User_DiT_3,5.0,4.0,429,1.0,0.8,0.8,0.888888888888889
215,Sys_DiT_ref_class1000,4.65,2.0,43,0.93,0.4,0.37200000000000005,0.5593984962406016
216,User_DiT_1,5.0,5.0,429,1.0,1.0,1.0,1.0
216,User_DiT_2,5.0,5.0,429,1.0,1.0,1.0,1.0
216,User_DiT_3,5.0,3.0,429,1.0,0.6,0.6,0.7499999999999999
216,Sys_DiT_ref_class1000,3.42,2.15,43,0.6839999999999999,0.43,0.29412,0.5280430879712747
217,User_DiT_1,0.0,5.0,429,0.0,1.0,0.0,0.0
217,User_DiT_2,0.0,5.0,429,0.0,1.0,0.0,0.0
217,User_DiT_3,0.0,5.0,429,0.0,1.0,0.0,0.0
217,Sys_DiT_ref_class1000,3.85,3.62,43,0.77,0.724,0.55748,0.7462918340026774
218,User_DiT_1,5.0,5.0,429,1.0,1.0,1.0,1.0
218,User_DiT_2,5.0,2.0,429,1.0,0.4,0.4,0.5714285714285715
218,User_DiT_3,5.0,5.0,429,1.0,1.0,1.0,1.0
218,Sys_DiT_ref_class1000,3.85,4.12,43,0.77,0.8240000000000001,0.63448,0.7960853199498118
219,User_DiT_1,5.0,5.0,429,1.0,1.0,1.0,1.0
219,User_DiT_2,5.0,4.0,429,1.0,0.8,0.8,0.888888888888889
219,User_DiT_3,5.0,5.0,429,1.0,1.0,1.0,1.0
219,Sys_DiT_ref_class1000,4.62,3.85,43,0.924,0.77,0.71148,0.8400000000000001
220,User_DiT_1,5.0,1.0,432,1.0,0.2,0.2,0.33333333333333337
220,User_DiT_2,5.0,2.0,432,1.0,0.4,0.4,0.5714285714285715
220,User_DiT_3,4.38,2.0,432,0.876,0.4,0.35040000000000004,0.5492163009404389
220,Sys_DiT_ref_class1000,4.12,2.85,44,0.8240000000000001,0.5700000000000001,0.4696800000000001,0.6738593974175037
221,User_DiT_1,5.0,2.0,432,1.0,0.4,0.4,0.5714285714285715
221,User_DiT_2,5.0,3.0,432,1.0,0.6,0.6,0.7499999999999999
221,User_DiT_3,5.0,3.0,432,1.0,0.6,0.6,0.7499999999999999
221,Sys_DiT_ref_class1000,3.42,4.85,44,0.6839999999999999,0.97,0.66348,0.802273276904474
222,User_DiT_1,4.38,3.0,432,0.876,0.6,0.5256,0.7121951219512195
222,User_DiT_2,4.38,2.0,432,0.876,0.4,0.35040000000000004,0.5492163009404389
222,User_DiT_3,4.38,2.0,432,0.876,0.4,0.35040000000000004,0.5492163009404389
222,Sys_DiT_ref_class1000,2.85,4.12,44,0.5700000000000001,0.8240000000000001,0.4696800000000001,0.6738593974175037
223,User_DiT_1,0.56,1.0,432,0.11200000000000002,0.2,0.022400000000000003,0.14358974358974358
223,User_DiT_2,0.56,1.0,432,0.11200000000000002,0.2,0.022400000000000003,0.14358974358974358
223,User_DiT_3,3.12,1.0,432,0.624,0.2,0.12480000000000001,0.3029126213592233
223,Sys_DiT_ref_class1000,2.85,3.42,44,0.5700000000000001,0.6839999999999999,0.38988,0.6218181818181818
224,User_DiT_1,3.33,2.0,432,0.666,0.4,0.2664,0.499812382739212
224,User_DiT_2,4.29,2.0,432,0.858,0.4,0.3432,0.5456279809220985
224,User_DiT_3,3.33,3.0,432,0.666,0.6,0.3996,0.6312796208530805
224,Sys_DiT_ref_class1000,1.25,2.8,44,0.25,0.5599999999999999,0.13999999999999999,0.345679012345679
225,User_DiT_1,5.0,4.0,443,1.0,0.8,0.8,0.888888888888889
225,User_DiT_2,5.0,4.0,443,1.0,0.8,0.8,0.888888888888889
225,User_DiT_3,5.0,3.0,443,1.0,0.6,0.6,0.7499999999999999
225,Sys_DiT_ref_class1000,3.45,2.85,45,0.6900000000000001,0.5700000000000001,0.3933000000000001,0.6242857142857143
226,User_DiT_1,4.44,3.0,443,0.8880000000000001,0.6,0.5328,0.7161290322580646
226,User_DiT_2,4.44,4.0,443,0.8880000000000001,0.8,0.7104000000000001,0.8417061611374408
226,User_DiT_3,4.44,4.0,443,0.8880000000000001,0.8,0.7104000000000001,0.8417061611374408
226,Sys_DiT_ref_class1000,4.12,3.68,45,0.8240000000000001,0.736,0.606464,0.7775179487179487
227,User_DiT_1,4.44,5.0,443,0.8880000000000001,1.0,0.8880000000000001,0.940677966101695
227,User_DiT_2,4.44,5.0,443,0.8880000000000001,1.0,0.8880000000000001,0.940677966101695
227,User_DiT_3,4.44,4.0,443,0.8880000000000001,0.8,0.7104000000000001,0.8417061611374408
227,Sys_DiT_ref_class1000,2.85,2.1,45,0.5700000000000001,0.42000000000000004,0.23940000000000006,0.4836363636363637
228,User_DiT_1,1.67,1.0,443,0.33399999999999996,0.2,0.0668,0.250187265917603
228,User_DiT_2,1.67,1.0,443,0.33399999999999996,0.2,0.0668,0.250187265917603
228,User_DiT_3,1.67,1.0,443,0.33399999999999996,0.2,0.0668,0.250187265917603
228,Sys_DiT_ref_class1000,4.15,3.85,45,0.8300000000000001,0.77,0.6391000000000001,0.7988750000000001
229,User_DiT_1,0.0,4.0,443,0.0,0.8,0.0,0.0
229,User_DiT_2,4.38,5.0,443,0.876,1.0,0.876,0.933901918976546
229,User_DiT_3,4.38,4.0,443,0.876,0.8,0.7008000000000001,0.8362768496420048
229,Sys_DiT_ref_class1000,4.15,3.85,45,0.8300000000000001,0.77,0.6391000000000001,0.7988750000000001
230,User_DiT_1,3.12,3.0,446,0.624,0.6,0.3744,0.611764705882353
230,User_DiT_2,3.12,1.0,446,0.624,0.2,0.12480000000000001,0.3029126213592233
230,User_DiT_3,4.38,3.0,446,0.876,0.6,0.5256,0.7121951219512195
230,Sys_DiT_ref_class1000,4.35,3.82,46,0.8699999999999999,0.764,0.6646799999999999,0.8135618115055079
231,User_DiT_1,4.29,3.0,446,0.858,0.6,0.5147999999999999,0.7061728395061727
231,User_DiT_2,4.29,3.0,446,0.858,0.6,0.5147999999999999,0.7061728395061727
231,User_DiT_3,5.0,3.0,446,1.0,0.6,0.6,0.7499999999999999
231,Sys_DiT_ref_class1000,2.85,1.65,46,0.5700000000000001,0.32999999999999996,0.1881,0.418
232,User_DiT_1,1.11,3.0,446,0.22200000000000003,0.6,0.1332,0.32408759124087594
232,User_DiT_2,1.11,4.0,446,0.22200000000000003,0.8,0.17760000000000004,0.3475538160469668
232,User_DiT_3,1.11,4.0,446,0.22200000000000003,0.8,0.17760000000000004,0.3475538160469668
232,Sys_DiT_ref_class1000,2.15,1.85,46,0.43,0.37,0.1591,0.39774999999999994
233,User_DiT_1,5.0,3.0,446,1.0,0.6,0.6,0.7499999999999999
233,User_DiT_2,5.0,2.0,446,1.0,0.4,0.4,0.5714285714285715
233,User_DiT_3,5.0,2.0,446,1.0,0.4,0.4,0.5714285714285715
233,Sys_DiT_ref_class1000,0.05,4.8,46,0.01,0.96,0.0096,0.01979381443298969
234,User_DiT_1,3.75,3.0,446,0.75,0.6,0.44999999999999996,0.6666666666666665
234,User_DiT_2,5.0,2.0,446,1.0,0.4,0.4,0.5714285714285715
234,User_DiT_3,5.0,3.0,446,1.0,0.6,0.6,0.7499999999999999
234,Sys_DiT_ref_class1000,1.25,1.5,46,0.25,0.3,0.075,0.2727272727272727
235,User_DiT_1,1.88,2.0,453,0.376,0.4,0.1504,0.38762886597938145
235,User_DiT_2,2.5,2.0,453,0.5,0.4,0.2,0.4444444444444445
235,User_DiT_3,2.5,2.0,453,0.5,0.4,0.2,0.4444444444444445
235,Sys_DiT_ref_class1000,4.65,3.85,47,0.93,0.77,0.7161000000000001,0.8424705882352941
236,User_DiT_1,4.38,2.0,453,0.876,0.4,0.35040000000000004,0.5492163009404389
236,User_DiT_2,4.38,4.0,453,0.876,0.8,0.7008000000000001,0.8362768496420048
236,User_DiT_3,4.38,2.0,453,0.876,0.4,0.35040000000000004,0.5492163009404389
236,Sys_DiT_ref_class1000,4.85,3.2,47,0.97,0.64,0.6208,0.7711801242236026
237,User_DiT_1,4.38,4.0,453,0.876,0.8,0.7008000000000001,0.8362768496420048
237,User_DiT_2,5.0,4.0,453,1.0,0.8,0.8,0.888888888888889
237,User_DiT_3,5.0,3.0,453,1.0,0.6,0.6,0.7499999999999999
237,Sys_DiT_ref_class1000,4.85,4.2,47,0.97,0.8400000000000001,0.8148000000000001,0.9003314917127072
238,User_DiT_1,5.0,2.0,453,1.0,0.4,0.4,0.5714285714285715
238,User_DiT_2,1.25,2.0,453,0.25,0.4,0.1,0.3076923076923077
238,User_DiT_3,1.25,2.0,453,0.25,0.4,0.1,0.3076923076923077
238,Sys_DiT_ref_class1000,4.95,4.98,47,0.99,0.9960000000000001,0.9860400000000001,0.9929909365558913
239,User_DiT_1,1.25,1.0,453,0.25,0.2,0.05,0.22222222222222224
239,User_DiT_2,1.25,1.0,453,0.25,0.2,0.05,0.22222222222222224
239,User_DiT_3,0.62,2.0,453,0.124,0.4,0.049600000000000005,0.18931297709923664
239,Sys_DiT_ref_class1000,4.65,3.85,47,0.93,0.77,0.7161000000000001,0.8424705882352941
240,User_DiT_1,5.0,5.0,461,1.0,1.0,1.0,1.0
240,User_DiT_2,5.0,5.0,461,1.0,1.0,1.0,1.0
240,User_DiT_3,5.0,5.0,461,1.0,1.0,1.0,1.0
240,Sys_DiT_ref_class1000,4.92,4.95,48,0.984,0.99,0.97416,0.9869908814589666
241,User_DiT_1,4.44,4.0,461,0.8880000000000001,0.8,0.7104000000000001,0.8417061611374408
241,User_DiT_2,3.89,4.0,461,0.778,0.8,0.6224000000000001,0.7888466413181242
241,User_DiT_3,4.44,4.0,461,0.8880000000000001,0.8,0.7104000000000001,0.8417061611374408
241,Sys_DiT_ref_class1000,2.85,3.42,48,0.5700000000000001,0.6839999999999999,0.38988,0.6218181818181818
242,User_DiT_1,5.0,4.0,461,1.0,0.8,0.8,0.888888888888889
242,User_DiT_2,5.0,4.0,461,1.0,0.8,0.8,0.888888888888889
242,User_DiT_3,5.0,4.0,461,1.0,0.8,0.8,0.888888888888889
242,Sys_DiT_ref_class1000,4.12,1.5,48,0.8240000000000001,0.3,0.2472,0.43985765124555154
243,User_DiT_1,4.44,5.0,461,0.8880000000000001,1.0,0.8880000000000001,0.940677966101695
243,User_DiT_2,4.44,4.0,461,0.8880000000000001,0.8,0.7104000000000001,0.8417061611374408
243,User_DiT_3,4.44,5.0,461,0.8880000000000001,1.0,0.8880000000000001,0.940677966101695
243,Sys_DiT_ref_class1000,2.15,3.85,48,0.43,0.77,0.3311,0.5518333333333334
244,User_DiT_1,3.89,4.0,461,0.778,0.8,0.6224000000000001,0.7888466413181242
244,User_DiT_2,3.33,4.0,461,0.666,0.8,0.5328,0.7268758526603001
244,User_DiT_3,4.44,5.0,461,0.8880000000000001,1.0,0.8880000000000001,0.940677966101695
244,Sys_DiT_ref_class1000,4.85,4.92,48,0.97,0.984,0.95448,0.976949846468782
245,User_DiT_1,4.44,3.0,477,0.8880000000000001,0.6,0.5328,0.7161290322580646
245,User_DiT_2,4.44,3.0,477,0.8880000000000001,0.6,0.5328,0.7161290322580646
245,User_DiT_3,4.44,3.0,477,0.8880000000000001,0.6,0.5328,0.7161290322580646
245,Sys_DiT_ref_class1000,2.15,3.45,49,0.43,0.6900000000000001,0.2967,0.5298214285714286
246,User_DiT_1,0.0,3.0,477,0.0,0.6,0.0,0.0
246,User_DiT_2,1.67,2.0,477,0.33399999999999996,0.4,0.1336,0.3640326975476839
246,User_DiT_3,0.0,2.0,477,0.0,0.4,0.0,0.0
246,Sys_DiT_ref_class1000,4.62,3.85,49,0.924,0.77,0.71148,0.8400000000000001
247,User_DiT_1,2.22,1.0,477,0.44400000000000006,0.2,0.08880000000000002,0.27577639751552796
247,User_DiT_2,2.22,1.0,477,0.44400000000000006,0.2,0.08880000000000002,0.27577639751552796
247,User_DiT_3,2.78,1.0,477,0.5559999999999999,0.2,0.1112,0.29417989417989415
247,Sys_DiT_ref_class1000,2.85,4.6,49,0.5700000000000001,0.9199999999999999,0.5244,0.7038926174496644
248,User_DiT_1,0.56,3.0,477,0.11200000000000002,0.6,0.06720000000000001,0.18876404494382026
248,User_DiT_2,0.0,2.0,477,0.0,0.4,0.0,0.0
248,User_DiT_3,0.56,2.0,477,0.11200000000000002,0.4,0.044800000000000006,0.17500000000000002
248,Sys_DiT_ref_class1000,4.85,4.92,49,0.97,0.984,0.95448,0.976949846468782
249,User_DiT_1,1.88,4.0,477,0.376,0.8,0.3008,0.5115646258503401
249,User_DiT_2,1.88,4.0,477,0.376,0.8,0.3008,0.5115646258503401
249,User_DiT_3,1.88,2.0,477,0.376,0.4,0.1504,0.38762886597938145
249,Sys_DiT_ref_class1000,4.82,3.65,49,0.9640000000000001,0.73,0.70372,0.8308382526564345
250,User_DiT_1,1.11,2.0,479,0.22200000000000003,0.4,0.08880000000000002,0.28553054662379423
250,User_DiT_2,2.22,2.0,479,0.44400000000000006,0.4,0.17760000000000004,0.4208530805687204
250,User_DiT_3,2.22,1.0,479,0.44400000000000006,0.2,0.08880000000000002,0.27577639751552796
250,Sys_DiT_ref_class1000,2.85,2.1,50,0.5700000000000001,0.42000000000000004,0.23940000000000006,0.4836363636363637
251,User_DiT_1,3.12,4.0,479,0.624,0.8,0.49920000000000003,0.7011235955056181
251,User_DiT_2,3.75,2.0,479,0.75,0.4,0.30000000000000004,0.5217391304347827
251,User_DiT_3,3.12,3.0,479,0.624,0.6,0.3744,0.611764705882353
251,Sys_DiT_ref_class1000,3.85,2.65,50,0.77,0.53,0.4081,0.6278461538461538
252,User_DiT_1,0.56,0.0,479,0.11200000000000002,0.0,0.0,0.0
252,User_DiT_2,0.56,0.0,479,0.11200000000000002,0.0,0.0,0.0
252,User_DiT_3,0.0,1.0,479,0.0,0.2,0.0,0.0
252,Sys_DiT_ref_class1000,2.85,2.1,50,0.5700000000000001,0.42000000000000004,0.23940000000000006,0.4836363636363637
253,User_DiT_1,0.0,5.0,479,0.0,1.0,0.0,0.0
253,User_DiT_2,0.0,4.0,479,0.0,0.8,0.0,0.0
253,User_DiT_3,0.0,5.0,479,0.0,1.0,0.0,0.0
253,Sys_DiT_ref_class1000,3.42,3.15,50,0.6839999999999999,0.63,0.43091999999999997,0.655890410958904
254,User_DiT_1,3.75,4.0,479,0.75,0.8,0.6000000000000001,0.7741935483870969
254,User_DiT_2,3.75,4.0,479,0.75,0.8,0.6000000000000001,0.7741935483870969
254,User_DiT_3,3.75,3.0,479,0.75,0.6,0.44999999999999996,0.6666666666666665
254,Sys_DiT_ref_class1000,4.82,4.91,50,0.9640000000000001,0.982,0.946648,0.9729167523124357
255,User_DiT_1,0.0,1.0,481,0.0,0.2,0.0,0.0
255,User_DiT_2,0.0,1.0,481,0.0,0.2,0.0,0.0
255,User_DiT_3,0.0,1.0,481,0.0,0.2,0.0,0.0
255,Sys_DiT_ref_class1000,4.85,4.62,51,0.97,0.924,0.89628,0.9464413938753959
256,User_DiT_1,2.78,2.0,481,0.5559999999999999,0.4,0.2224,0.46527196652719666
256,User_DiT_2,1.67,2.0,481,0.33399999999999996,0.4,0.1336,0.3640326975476839
256,User_DiT_3,2.5,2.0,481,0.5,0.4,0.2,0.4444444444444445
256,Sys_DiT_ref_class1000,2.85,3.6,51,0.5700000000000001,0.72,0.41040000000000004,0.6362790697674419
257,User_DiT_1,3.12,4.0,481,0.624,0.8,0.49920000000000003,0.7011235955056181
257,User_DiT_2,3.89,4.0,481,0.778,0.8,0.6224000000000001,0.7888466413181242
257,User_DiT_3,3.89,4.0,481,0.778,0.8,0.6224000000000001,0.7888466413181242
257,Sys_DiT_ref_class1000,4.85,3.92,51,0.97,0.784,0.76048,0.8671379703534778
258,User_DiT_1,1.67,1.0,481,0.33399999999999996,0.2,0.0668,0.250187265917603
258,User_DiT_2,1.67,1.0,481,0.33399999999999996,0.2,0.0668,0.250187265917603
258,User_DiT_3,0.56,1.0,481,0.11200000000000002,0.2,0.022400000000000003,0.14358974358974358
258,Sys_DiT_ref_class1000,2.85,2.1,51,0.5700000000000001,0.42000000000000004,0.23940000000000006,0.4836363636363637
259,User_DiT_1,4.44,4.0,481,0.8880000000000001,0.8,0.7104000000000001,0.8417061611374408
259,User_DiT_2,4.44,3.0,481,0.8880000000000001,0.6,0.5328,0.7161290322580646
259,User_DiT_3,3.89,4.0,481,0.778,0.8,0.6224000000000001,0.7888466413181242
259,Sys_DiT_ref_class1000,4.85,3.75,51,0.97,0.75,0.7275,0.8459302325581396
260,User_DiT_1,5.0,5.0,488,1.0,1.0,1.0,1.0
260,User_DiT_2,4.29,3.0,488,0.858,0.6,0.5147999999999999,0.7061728395061727
260,User_DiT_3,5.0,4.0,488,1.0,0.8,0.8,0.888888888888889
260,Sys_DiT_ref_class1000,4.85,4.75,52,0.97,0.95,0.9215,0.9598958333333334
261,User_DiT_1,5.0,5.0,488,1.0,1.0,1.0,1.0
261,User_DiT_2,5.0,4.0,488,1.0,0.8,0.8,0.888888888888889
261,User_DiT_3,5.0,4.0,488,1.0,0.8,0.8,0.888888888888889
261,Sys_DiT_ref_class1000,4.12,2.85,52,0.8240000000000001,0.5700000000000001,0.4696800000000001,0.6738593974175037
262,User_DiT_1,5.0,5.0,488,1.0,1.0,1.0,1.0
262,User_DiT_2,5.0,5.0,488,1.0,1.0,1.0,1.0
262,User_DiT_3,5.0,5.0,488,1.0,1.0,1.0,1.0
262,Sys_DiT_ref_class1000,3.42,2.85,52,0.6839999999999999,0.5700000000000001,0.38988,0.6218181818181818
263,User_DiT_1,1.43,1.0,488,0.286,0.2,0.0572,0.23539094650205764
263,User_DiT_2,5.0,4.0,488,1.0,0.8,0.8,0.888888888888889
263,User_DiT_3,1.43,1.0,488,0.286,0.2,0.0572,0.23539094650205764
263,Sys_DiT_ref_class1000,4.85,4.92,52,0.97,0.984,0.95448,0.976949846468782
264,User_DiT_1,4.38,3.0,488,0.876,0.6,0.5256,0.7121951219512195
264,User_DiT_2,4.38,4.0,488,0.876,0.8,0.7008000000000001,0.8362768496420048
264,User_DiT_3,4.38,4.0,488,0.876,0.8,0.7008000000000001,0.8362768496420048
264,Sys_DiT_ref_class1000,1.85,3.6,52,0.37,0.72,0.26639999999999997,0.4888073394495413
265,User_DiT_1,0.0,4.0,499,0.0,0.8,0.0,0.0
265,User_DiT_2,3.57,4.0,499,0.714,0.8,0.5712,0.7545574636723911
265,User_DiT_3,0.0,2.0,499,0.0,0.4,0.0,0.0
265,Sys_DiT_ref_class1000,2.85,3.92,53,0.5700000000000001,0.784,0.44688000000000005,0.6600886262924668
266,User_DiT_1,5.0,3.0,499,1.0,0.6,0.6,0.7499999999999999
266,User_DiT_2,5.0,3.0,499,1.0,0.6,0.6,0.7499999999999999
266,User_DiT_3,5.0,3.0,499,1.0,0.6,0.6,0.7499999999999999
266,Sys_DiT_ref_class1000,3.42,2.85,53,0.6839999999999999,0.5700000000000001,0.38988,0.6218181818181818
267,User_DiT_1,5.0,4.0,499,1.0,0.8,0.8,0.888888888888889
267,User_DiT_2,5.0,4.0,499,1.0,0.8,0.8,0.888888888888889
267,User_DiT_3,5.0,4.0,499,1.0,0.8,0.8,0.888888888888889
267,Sys_DiT_ref_class1000,1.85,2.15,53,0.37,0.43,0.1591,0.39774999999999994
268,User_DiT_1,5.0,2.0,499,1.0,0.4,0.4,0.5714285714285715
268,User_DiT_2,5.0,2.0,499,1.0,0.4,0.4,0.5714285714285715
268,User_DiT_3,5.0,2.0,499,1.0,0.4,0.4,0.5714285714285715
268,Sys_DiT_ref_class1000,4.65,3.82,53,0.93,0.764,0.71052,0.8388665879574971
269,User_DiT_1,5.0,2.0,499,1.0,0.4,0.4,0.5714285714285715
269,User_DiT_2,5.0,2.0,499,1.0,0.4,0.4,0.5714285714285715
269,User_DiT_3,5.0,2.0,499,1.0,0.4,0.4,0.5714285714285715
269,Sys_DiT_ref_class1000,4.92,4.85,53,0.984,0.97,0.95448,0.976949846468782
270,User_DiT_1,4.29,2.0,529,0.858,0.4,0.3432,0.5456279809220985
270,User_DiT_2,5.0,2.0,529,1.0,0.4,0.4,0.5714285714285715
270,User_DiT_3,4.29,2.0,529,0.858,0.4,0.3432,0.5456279809220985
270,Sys_DiT_ref_class1000,4.85,2.75,54,0.97,0.55,0.5335,0.7019736842105263
271,User_DiT_1,4.29,2.0,529,0.858,0.4,0.3432,0.5456279809220985
271,User_DiT_2,3.57,2.0,529,0.714,0.4,0.2856,0.5127468581687613
271,User_DiT_3,4.29,1.0,529,0.858,0.2,0.1716,0.3243856332703213
271,Sys_DiT_ref_class1000,1.42,2.15,54,0.284,0.43,0.12211999999999999,0.34207282913165266
272,User_DiT_1,4.29,4.0,529,0.858,0.8,0.6864,0.8279855247285887
272,User_DiT_2,4.17,4.0,529,0.834,0.8,0.6672,0.8166462668298654
272,User_DiT_3,4.17,4.0,529,0.834,0.8,0.6672,0.8166462668298654
272,Sys_DiT_ref_class1000,2.85,2.6,54,0.5700000000000001,0.52,0.29640000000000005,0.5438532110091744
273,User_DiT_1,5.0,2.0,529,1.0,0.4,0.4,0.5714285714285715
273,User_DiT_2,4.29,2.0,529,0.858,0.4,0.3432,0.5456279809220985
273,User_DiT_3,4.29,2.0,529,0.858,0.4,0.3432,0.5456279809220985
273,Sys_DiT_ref_class1000,4.85,5.0,54,0.97,1.0,0.97,0.9847715736040609
274,User_DiT_1,3.33,1.0,529,0.666,0.2,0.1332,0.30762124711316396
274,User_DiT_2,4.17,1.0,529,0.834,0.2,0.1668,0.3226305609284333
274,User_DiT_3,3.33,1.0,529,0.666,0.2,0.1332,0.30762124711316396
274,Sys_DiT_ref_class1000,2.15,1.85,54,0.43,0.37,0.1591,0.39774999999999994
275,User_DiT_1,4.38,3.0,535,0.876,0.6,0.5256,0.7121951219512195
275,User_DiT_2,3.75,3.0,535,0.75,0.6,0.44999999999999996,0.6666666666666665
275,User_DiT_3,3.75,3.0,535,0.75,0.6,0.44999999999999996,0.6666666666666665
275,Sys_DiT_ref_class1000,0.85,4.82,55,0.16999999999999998,0.9640000000000001,0.16388,0.2890299823633157
276,User_DiT_1,4.29,2.0,535,0.858,0.4,0.3432,0.5456279809220985
276,User_DiT_2,4.38,2.0,535,0.876,0.4,0.35040000000000004,0.5492163009404389
276,User_DiT_3,4.38,3.0,535,0.876,0.6,0.5256,0.7121951219512195
276,Sys_DiT_ref_class1000,1.85,3.6,55,0.37,0.72,0.26639999999999997,0.4888073394495413
277,User_DiT_1,4.38,3.0,535,0.876,0.6,0.5256,0.7121951219512195
277,User_DiT_2,4.38,3.0,535,0.876,0.6,0.5256,0.7121951219512195
277,User_DiT_3,4.38,2.0,535,0.876,0.4,0.35040000000000004,0.5492163009404389
277,Sys_DiT_ref_class1000,2.15,1.85,55,0.43,0.37,0.1591,0.39774999999999994
278,User_DiT_1,4.0,4.0,535,0.8,0.8,0.6400000000000001,0.8000000000000002
278,User_DiT_2,4.17,3.0,535,0.834,0.6,0.5004,0.697907949790795
278,User_DiT_3,4.17,4.0,535,0.834,0.8,0.6672,0.8166462668298654
278,Sys_DiT_ref_class1000,1.85,3.2,55,0.37,0.64,0.2368,0.46891089108910894
279,User_DiT_1,4.29,2.0,535,0.858,0.4,0.3432,0.5456279809220985
279,User_DiT_2,3.12,3.0,535,0.624,0.6,0.3744,0.611764705882353
279,User_DiT_3,3.12,3.0,535,0.624,0.6,0.3744,0.611764705882353
279,Sys_DiT_ref_class1000,0.85,1.2,55,0.16999999999999998,0.24,0.040799999999999996,0.19902439024390242
280,User_DiT_1,0.0,2.0,554,0.0,0.4,0.0,0.0
280,User_DiT_2,0.0,2.0,554,0.0,0.4,0.0,0.0
280,User_DiT_3,0.0,2.0,554,0.0,0.4,0.0,0.0
280,Sys_DiT_ref_class1000,4.65,2.85,56,0.93,0.5700000000000001,0.5301000000000001,0.7068000000000002
281,User_DiT_1,0.0,4.0,554,0.0,0.8,0.0,0.0
281,User_DiT_2,0.0,2.0,554,0.0,0.4,0.0,0.0
281,User_DiT_3,0.0,4.0,554,0.0,0.8,0.0,0.0
281,Sys_DiT_ref_class1000,4.92,4.85,56,0.984,0.97,0.95448,0.976949846468782
282,User_DiT_1,0.0,2.0,554,0.0,0.4,0.0,0.0
282,User_DiT_2,0.0,2.0,554,0.0,0.4,0.0,0.0
282,User_DiT_3,0.0,3.0,554,0.0,0.6,0.0,0.0
282,Sys_DiT_ref_class1000,5.0,5.0,56,1.0,1.0,1.0,1.0
283,User_DiT_1,0.0,3.0,554,0.0,0.6,0.0,0.0
283,User_DiT_2,0.0,4.0,554,0.0,0.8,0.0,0.0
283,User_DiT_3,0.0,3.0,554,0.0,0.6,0.0,0.0
283,Sys_DiT_ref_class1000,4.85,4.12,56,0.97,0.8240000000000001,0.79928,0.8910590858416945
284,User_DiT_1,0.0,2.0,554,0.0,0.4,0.0,0.0
284,User_DiT_2,0.0,2.0,554,0.0,0.4,0.0,0.0
284,User_DiT_3,0.0,4.0,554,0.0,0.8,0.0,0.0
284,Sys_DiT_ref_class1000,3.42,3.65,56,0.6839999999999999,0.73,0.49931999999999993,0.7062517680339462
285,User_DiT_1,5.0,3.0,567,1.0,0.6,0.6,0.7499999999999999
285,User_DiT_2,5.0,3.0,567,1.0,0.6,0.6,0.7499999999999999
285,User_DiT_3,5.0,4.0,567,1.0,0.8,0.8,0.888888888888889
285,Sys_DiT_ref_class1000,3.45,2.85,57,0.6900000000000001,0.5700000000000001,0.3933000000000001,0.6242857142857143
286,User_DiT_1,4.38,3.0,567,0.876,0.6,0.5256,0.7121951219512195
286,User_DiT_2,5.0,4.0,567,1.0,0.8,0.8,0.888888888888889
286,User_DiT_3,5.0,3.0,567,1.0,0.6,0.6,0.7499999999999999
286,Sys_DiT_ref_class1000,3.42,3.15,57,0.6839999999999999,0.63,0.43091999999999997,0.655890410958904
287,User_DiT_1,4.29,3.0,567,0.858,0.6,0.5147999999999999,0.7061728395061727
287,User_DiT_2,5.0,3.0,567,1.0,0.6,0.6,0.7499999999999999
287,User_DiT_3,4.29,3.0,567,0.858,0.6,0.5147999999999999,0.7061728395061727
287,Sys_DiT_ref_class1000,3.85,3.2,57,0.77,0.64,0.4928,0.6990070921985815
288,User_DiT_1,5.0,3.0,567,1.0,0.6,0.6,0.7499999999999999
288,User_DiT_2,5.0,3.0,567,1.0,0.6,0.6,0.7499999999999999
288,User_DiT_3,5.0,4.0,567,1.0,0.8,0.8,0.888888888888889
288,Sys_DiT_ref_class1000,4.35,2.85,57,0.8699999999999999,0.5700000000000001,0.4959,0.6887500000000001
289,User_DiT_1,5.0,2.0,567,1.0,0.4,0.4,0.5714285714285715
289,User_DiT_2,1.88,2.0,567,0.376,0.4,0.1504,0.38762886597938145
289,User_DiT_3,4.29,2.0,567,0.858,0.4,0.3432,0.5456279809220985
289,Sys_DiT_ref_class1000,4.92,4.65,57,0.984,0.93,0.91512,0.9562382445141066
290,User_DiT_1,4.38,1.0,575,0.876,0.2,0.17520000000000002,0.32565055762081785
290,User_DiT_2,4.38,1.0,575,0.876,0.2,0.17520000000000002,0.32565055762081785
290,User_DiT_3,4.38,1.0,575,0.876,0.2,0.17520000000000002,0.32565055762081785
290,Sys_DiT_ref_class1000,4.35,3.62,58,0.8699999999999999,0.724,0.6298799999999999,0.7903136762860727
291,User_DiT_1,4.38,3.0,575,0.876,0.6,0.5256,0.7121951219512195
291,User_DiT_2,4.29,3.0,575,0.858,0.6,0.5147999999999999,0.7061728395061727
291,User_DiT_3,4.29,3.0,575,0.858,0.6,0.5147999999999999,0.7061728395061727
291,Sys_DiT_ref_class1000,3.45,3.85,58,0.6900000000000001,0.77,0.5313000000000001,0.7278082191780824
292,User_DiT_1,4.17,1.0,575,0.834,0.2,0.1668,0.3226305609284333
292,User_DiT_2,3.57,2.0,575,0.714,0.4,0.2856,0.5127468581687613
292,User_DiT_3,3.57,2.0,575,0.714,0.4,0.2856,0.5127468581687613
292,Sys_DiT_ref_class1000,4.68,3.85,58,0.9359999999999999,0.77,0.72072,0.8449237983587339
293,User_DiT_1,3.57,2.0,575,0.714,0.4,0.2856,0.5127468581687613
293,User_DiT_2,3.57,2.0,575,0.714,0.4,0.2856,0.5127468581687613
293,User_DiT_3,0.0,2.0,575,0.0,0.4,0.0,0.0
293,Sys_DiT_ref_class1000,3.85,3.62,58,0.77,0.724,0.55748,0.7462918340026774
294,User_DiT_1,4.17,2.0,575,0.834,0.4,0.3336,0.5406807131280389
294,User_DiT_2,5.0,2.0,575,1.0,0.4,0.4,0.5714285714285715
294,User_DiT_3,5.0,2.0,575,1.0,0.4,0.4,0.5714285714285715
294,Sys_DiT_ref_class1000,2.85,3.6,58,0.5700000000000001,0.72,0.41040000000000004,0.6362790697674419
295,User_DiT_1,0.0,1.0,585,0.0,0.2,0.0,0.0
295,User_DiT_2,0.0,1.0,585,0.0,0.2,0.0,0.0
295,User_DiT_3,0.0,1.0,585,0.0,0.2,0.0,0.0
295,Sys_DiT_ref_class1000,3.65,3.82,59,0.73,0.764,0.55772,0.7466131191432396
296,User_DiT_1,0.0,1.0,585,0.0,0.2,0.0,0.0
296,User_DiT_2,0.0,1.0,585,0.0,0.2,0.0,0.0
296,User_DiT_3,0.0,1.0,585,0.0,0.2,0.0,0.0
296,Sys_DiT_ref_class1000,4.35,2.85,59,0.8699999999999999,0.5700000000000001,0.4959,0.6887500000000001
297,User_DiT_1,5.0,2.0,585,1.0,0.4,0.4,0.5714285714285715
297,User_DiT_2,5.0,2.0,585,1.0,0.4,0.4,0.5714285714285715
297,User_DiT_3,5.0,2.0,585,1.0,0.4,0.4,0.5714285714285715
297,Sys_DiT_ref_class1000,4.85,3.75,59,0.97,0.75,0.7275,0.8459302325581396
298,User_DiT_1,0.0,2.0,585,0.0,0.4,0.0,0.0
298,User_DiT_2,5.0,3.0,585,1.0,0.6,0.6,0.7499999999999999
298,User_DiT_3,2.5,3.0,585,0.5,0.6,0.3,0.5454545454545454
298,Sys_DiT_ref_class1000,4.85,3.72,59,0.97,0.744,0.72168,0.842100350058343
299,User_DiT_1,4.17,3.0,585,0.834,0.6,0.5004,0.697907949790795
299,User_DiT_2,4.17,2.0,585,0.834,0.4,0.3336,0.5406807131280389
299,User_DiT_3,4.17,3.0,585,0.834,0.6,0.5004,0.697907949790795
299,Sys_DiT_ref_class1000,4.62,3.85,59,0.924,0.77,0.71148,0.8400000000000001
300,User_DiT_1,4.0,3.0,590,0.8,0.6,0.48,0.6857142857142857
300,User_DiT_2,4.0,4.0,590,0.8,0.8,0.6400000000000001,0.8000000000000002
300,User_DiT_3,4.0,4.0,590,0.8,0.8,0.6400000000000001,0.8000000000000002
300,Sys_DiT_ref_class1000,3.85,3.6,60,0.77,0.72,0.5544,0.7441610738255033
301,User_DiT_1,4.29,4.0,590,0.858,0.8,0.6864,0.8279855247285887
301,User_DiT_2,4.29,3.0,590,0.858,0.6,0.5147999999999999,0.7061728395061727
301,User_DiT_3,4.29,3.0,590,0.858,0.6,0.5147999999999999,0.7061728395061727
301,Sys_DiT_ref_class1000,4.12,2.85,60,0.8240000000000001,0.5700000000000001,0.4696800000000001,0.6738593974175037
302,User_DiT_1,4.0,2.0,590,0.8,0.4,0.32000000000000006,0.5333333333333333
302,User_DiT_2,4.0,2.0,590,0.8,0.4,0.32000000000000006,0.5333333333333333
302,User_DiT_3,4.0,2.0,590,0.8,0.4,0.32000000000000006,0.5333333333333333
302,Sys_DiT_ref_class1000,3.85,3.62,60,0.77,0.724,0.55748,0.7462918340026774
303,User_DiT_1,5.0,4.0,590,1.0,0.8,0.8,0.888888888888889
303,User_DiT_2,5.0,4.0,590,1.0,0.8,0.8,0.888888888888889
303,User_DiT_3,5.0,3.0,590,1.0,0.6,0.6,0.7499999999999999
303,Sys_DiT_ref_class1000,2.85,1.42,60,0.5700000000000001,0.284,0.16188,0.3791100702576112
304,User_DiT_1,3.57,2.0,590,0.714,0.4,0.2856,0.5127468581687613
304,User_DiT_2,4.29,2.0,590,0.858,0.4,0.3432,0.5456279809220985
304,User_DiT_3,4.29,2.0,590,0.858,0.4,0.3432,0.5456279809220985
304,Sys_DiT_ref_class1000,2.85,3.42,60,0.5700000000000001,0.6839999999999999,0.38988,0.6218181818181818
305,User_DiT_1,1.11,2.0,605,0.22200000000000003,0.4,0.08880000000000002,0.28553054662379423
305,User_DiT_2,1.11,3.0,605,0.22200000000000003,0.6,0.1332,0.32408759124087594
305,User_DiT_3,1.25,2.0,605,0.25,0.4,0.1,0.3076923076923077
305,Sys_DiT_ref_class1000,3.45,4.12,61,0.6900000000000001,0.8240000000000001,0.5685600000000001,0.7510700132100396
306,User_DiT_1,0.0,1.0,605,0.0,0.2,0.0,0.0
306,User_DiT_2,0.0,1.0,605,0.0,0.2,0.0,0.0
306,User_DiT_3,0.0,1.0,605,0.0,0.2,0.0,0.0
306,Sys_DiT_ref_class1000,4.62,3.85,61,0.924,0.77,0.71148,0.8400000000000001
307,User_DiT_1,2.5,1.0,605,0.5,0.2,0.1,0.28571428571428575
307,User_DiT_2,1.11,1.0,605,0.22200000000000003,0.2,0.04440000000000001,0.2104265402843602
307,User_DiT_3,2.5,2.0,605,0.5,0.4,0.2,0.4444444444444445
307,Sys_DiT_ref_class1000,4.98,4.99,61,0.9960000000000001,0.998,0.9940080000000001,0.9969989969909729
308,User_DiT_1,5.0,4.0,605,1.0,0.8,0.8,0.888888888888889
308,User_DiT_2,5.0,3.0,605,1.0,0.6,0.6,0.7499999999999999
308,User_DiT_3,5.0,4.0,605,1.0,0.8,0.8,0.888888888888889
308,Sys_DiT_ref_class1000,3.85,2.6,61,0.77,0.52,0.40040000000000003,0.6207751937984497
309,User_DiT_1,5.0,2.0,605,1.0,0.4,0.4,0.5714285714285715
309,User_DiT_2,5.0,2.0,605,1.0,0.4,0.4,0.5714285714285715
309,User_DiT_3,5.0,3.0,605,1.0,0.6,0.6,0.7499999999999999
309,Sys_DiT_ref_class1000,4.65,3.85,61,0.93,0.77,0.7161000000000001,0.8424705882352941
310,User_DiT_1,0.0,2.0,606,0.0,0.4,0.0,0.0
310,User_DiT_2,0.56,2.0,606,0.11200000000000002,0.4,0.044800000000000006,0.17500000000000002
310,User_DiT_3,0.0,2.0,606,0.0,0.4,0.0,0.0
310,Sys_DiT_ref_class1000,4.62,3.45,62,0.924,0.6900000000000001,0.6375600000000001,0.7900371747211897
311,User_DiT_1,5.0,2.0,606,1.0,0.4,0.4,0.5714285714285715
311,User_DiT_2,1.67,2.0,606,0.33399999999999996,0.4,0.1336,0.3640326975476839
311,User_DiT_3,5.0,2.0,606,1.0,0.4,0.4,0.5714285714285715
311,Sys_DiT_ref_class1000,3.82,1.15,62,0.764,0.22999999999999998,0.17572,0.3535613682092555
312,User_DiT_1,0.62,3.0,606,0.124,0.6,0.0744,0.20552486187845304
312,User_DiT_2,0.62,2.0,606,0.124,0.4,0.049600000000000005,0.18931297709923664
312,User_DiT_3,0.62,3.0,606,0.124,0.6,0.0744,0.20552486187845304
312,Sys_DiT_ref_class1000,4.92,4.95,62,0.984,0.99,0.97416,0.9869908814589666
313,User_DiT_1,4.44,4.0,606,0.8880000000000001,0.8,0.7104000000000001,0.8417061611374408
313,User_DiT_2,4.44,3.0,606,0.8880000000000001,0.6,0.5328,0.7161290322580646
313,User_DiT_3,4.44,4.0,606,0.8880000000000001,0.8,0.7104000000000001,0.8417061611374408
313,Sys_DiT_ref_class1000,3.85,3.62,62,0.77,0.724,0.55748,0.7462918340026774
314,User_DiT_1,4.17,3.0,606,0.834,0.6,0.5004,0.697907949790795
314,User_DiT_2,4.17,2.0,606,0.834,0.4,0.3336,0.5406807131280389
314,User_DiT_3,4.17,3.0,606,0.834,0.6,0.5004,0.697907949790795
314,Sys_DiT_ref_class1000,2.85,2.6,62,0.5700000000000001,0.52,0.29640000000000005,0.5438532110091744
315,User_DiT_1,0.62,2.0,626,0.124,0.4,0.049600000000000005,0.18931297709923664
315,User_DiT_2,0.62,2.0,626,0.124,0.4,0.049600000000000005,0.18931297709923664
315,User_DiT_3,0.62,2.0,626,0.124,0.4,0.049600000000000005,0.18931297709923664
315,Sys_DiT_ref_class1000,4.85,4.15,63,0.97,0.8300000000000001,0.8051,0.8945555555555555
316,User_DiT_1,5.0,3.0,626,1.0,0.6,0.6,0.7499999999999999
316,User_DiT_2,5.0,4.0,626,1.0,0.8,0.8,0.888888888888889
316,User_DiT_3,5.0,4.0,626,1.0,0.8,0.8,0.888888888888889
316,Sys_DiT_ref_class1000,4.65,3.82,63,0.93,0.764,0.71052,0.8388665879574971
317,User_DiT_1,4.0,3.0,626,0.8,0.6,0.48,0.6857142857142857
317,User_DiT_2,5.0,3.0,626,1.0,0.6,0.6,0.7499999999999999
317,User_DiT_3,5.0,3.0,626,1.0,0.6,0.6,0.7499999999999999
317,Sys_DiT_ref_class1000,4.85,4.12,63,0.97,0.8240000000000001,0.79928,0.8910590858416945
318,User_DiT_1,1.88,3.0,626,0.376,0.6,0.2256,0.46229508196721314
318,User_DiT_2,1.88,3.0,626,0.376,0.6,0.2256,0.46229508196721314
318,User_DiT_3,3.57,3.0,626,0.714,0.6,0.42839999999999995,0.6520547945205478
318,Sys_DiT_ref_class1000,4.95,4.85,63,0.99,0.97,0.9602999999999999,0.9798979591836734
319,User_DiT_1,5.0,3.0,626,1.0,0.6,0.6,0.7499999999999999
319,User_DiT_2,3.75,3.0,626,0.75,0.6,0.44999999999999996,0.6666666666666665
319,User_DiT_3,5.0,3.0,626,1.0,0.6,0.6,0.7499999999999999
319,Sys_DiT_ref_class1000,4.35,3.12,63,0.8699999999999999,0.624,0.5428799999999999,0.7267469879518073
320,User_DiT_1,4.38,4.0,632,0.876,0.8,0.7008000000000001,0.8362768496420048
320,User_DiT_2,4.38,3.0,632,0.876,0.6,0.5256,0.7121951219512195
320,User_DiT_3,4.38,4.0,632,0.876,0.8,0.7008000000000001,0.8362768496420048
320,Sys_DiT_ref_class1000,2.15,3.85,64,0.43,0.77,0.3311,0.5518333333333334
321,User_DiT_1,3.12,2.0,632,0.624,0.4,0.24960000000000002,0.48750000000000004
321,User_DiT_2,3.12,2.0,632,0.624,0.4,0.24960000000000002,0.48750000000000004
321,User_DiT_3,3.12,2.0,632,0.624,0.4,0.24960000000000002,0.48750000000000004
321,Sys_DiT_ref_class1000,1.25,3.85,64,0.25,0.77,0.1925,0.37745098039215685
322,User_DiT_1,1.88,2.0,632,0.376,0.4,0.1504,0.38762886597938145
322,User_DiT_2,0.0,2.0,632,0.0,0.4,0.0,0.0
322,User_DiT_3,0.0,2.0,632,0.0,0.4,0.0,0.0
322,Sys_DiT_ref_class1000,4.82,4.65,64,0.9640000000000001,0.93,0.8965200000000001,0.9466948257655755
323,User_DiT_1,5.0,1.0,632,1.0,0.2,0.2,0.33333333333333337
323,User_DiT_2,4.17,2.0,632,0.834,0.4,0.3336,0.5406807131280389
323,User_DiT_3,4.17,2.0,632,0.834,0.4,0.3336,0.5406807131280389
323,Sys_DiT_ref_class1000,3.42,2.85,64,0.6839999999999999,0.5700000000000001,0.38988,0.6218181818181818
324,User_DiT_1,4.29,3.0,632,0.858,0.6,0.5147999999999999,0.7061728395061727
324,User_DiT_2,4.29,4.0,632,0.858,0.8,0.6864,0.8279855247285887
324,User_DiT_3,4.29,4.0,632,0.858,0.8,0.6864,0.8279855247285887
324,Sys_DiT_ref_class1000,4.35,2.85,64,0.8699999999999999,0.5700000000000001,0.4959,0.6887500000000001
325,User_DiT_1,4.38,4.0,633,0.876,0.8,0.7008000000000001,0.8362768496420048
325,User_DiT_2,5.0,4.0,633,1.0,0.8,0.8,0.888888888888889
325,User_DiT_3,5.0,4.0,633,1.0,0.8,0.8,0.888888888888889
325,Sys_DiT_ref_class1000,4.72,3.85,65,0.944,0.77,0.72688,0.8481680280046674
326,User_DiT_1,2.78,4.0,633,0.5559999999999999,0.8,0.4448,0.656047197640118
326,User_DiT_2,2.78,4.0,633,0.5559999999999999,0.8,0.4448,0.656047197640118
326,User_DiT_3,2.78,4.0,633,0.5559999999999999,0.8,0.4448,0.656047197640118
326,Sys_DiT_ref_class1000,4.72,3.85,65,0.944,0.77,0.72688,0.8481680280046674
327,User_DiT_1,4.29,1.0,633,0.858,0.2,0.1716,0.3243856332703213
327,User_DiT_2,2.5,1.0,633,0.5,0.2,0.1,0.28571428571428575
327,User_DiT_3,2.5,2.0,633,0.5,0.4,0.2,0.4444444444444445
327,Sys_DiT_ref_class1000,1.85,2.9,65,0.37,0.58,0.21459999999999999,0.4517894736842105
328,User_DiT_1,4.38,4.0,633,0.876,0.8,0.7008000000000001,0.8362768496420048
328,User_DiT_2,4.38,4.0,633,0.876,0.8,0.7008000000000001,0.8362768496420048
328,User_DiT_3,4.38,4.0,633,0.876,0.8,0.7008000000000001,0.8362768496420048
328,Sys_DiT_ref_class1000,4.72,3.85,65,0.944,0.77,0.72688,0.8481680280046674
329,User_DiT_1,4.38,3.0,633,0.876,0.6,0.5256,0.7121951219512195
329,User_DiT_2,4.38,3.0,633,0.876,0.6,0.5256,0.7121951219512195
329,User_DiT_3,4.38,3.0,633,0.876,0.6,0.5256,0.7121951219512195
329,Sys_DiT_ref_class1000,4.12,3.68,65,0.8240000000000001,0.736,0.606464,0.7775179487179487
330,User_DiT_1,0.0,3.0,634,0.0,0.6,0.0,0.0
330,User_DiT_2,0.0,2.0,634,0.0,0.4,0.0,0.0
330,User_DiT_3,0.0,2.0,634,0.0,0.4,0.0,0.0
330,Sys_DiT_ref_class1000,4.85,4.72,66,0.97,0.944,0.9156799999999999,0.9568234064785789
331,User_DiT_1,2.78,2.0,634,0.5559999999999999,0.4,0.2224,0.46527196652719666
331,User_DiT_2,2.5,2.0,634,0.5,0.4,0.2,0.4444444444444445
331,User_DiT_3,2.78,3.0,634,0.5559999999999999,0.6,0.33359999999999995,0.5771626297577854
331,Sys_DiT_ref_class1000,4.85,4.75,66,0.97,0.95,0.9215,0.9598958333333334
332,User_DiT_1,2.5,4.0,634,0.5,0.8,0.4,0.6153846153846154
332,User_DiT_2,3.12,4.0,634,0.624,0.8,0.49920000000000003,0.7011235955056181
332,User_DiT_3,2.5,3.0,634,0.5,0.6,0.3,0.5454545454545454
332,Sys_DiT_ref_class1000,4.92,4.88,66,0.984,0.976,0.960384,0.9799836734693878
333,User_DiT_1,0.0,1.0,634,0.0,0.2,0.0,0.0
333,User_DiT_2,0.0,1.0,634,0.0,0.2,0.0,0.0
333,User_DiT_3,0.0,1.0,634,0.0,0.2,0.0,0.0
333,Sys_DiT_ref_class1000,4.65,3.82,66,0.93,0.764,0.71052,0.8388665879574971
334,User_DiT_1,0.0,4.0,634,0.0,0.8,0.0,0.0
334,User_DiT_2,0.0,3.0,634,0.0,0.6,0.0,0.0
334,User_DiT_3,0.56,4.0,634,0.11200000000000002,0.8,0.08960000000000001,0.19649122807017547
334,Sys_DiT_ref_class1000,2.85,1.2,66,0.5700000000000001,0.24,0.1368,0.3377777777777778
335,User_DiT_1,3.89,2.0,645,0.778,0.4,0.31120000000000003,0.5283531409168082
335,User_DiT_2,5.0,3.0,645,1.0,0.6,0.6,0.7499999999999999
335,User_DiT_3,5.0,3.0,645,1.0,0.6,0.6,0.7499999999999999
335,Sys_DiT_ref_class1000,1.25,3.85,67,0.25,0.77,0.1925,0.37745098039215685
336,User_DiT_1,4.38,2.0,645,0.876,0.4,0.35040000000000004,0.5492163009404389
336,User_DiT_2,4.38,2.0,645,0.876,0.4,0.35040000000000004,0.5492163009404389
336,User_DiT_3,4.38,2.0,645,0.876,0.4,0.35040000000000004,0.5492163009404389
336,Sys_DiT_ref_class1000,3.42,3.85,67,0.6839999999999999,0.77,0.5266799999999999,0.7244566712517193
337,User_DiT_1,5.0,3.0,645,1.0,0.6,0.6,0.7499999999999999
337,User_DiT_2,5.0,3.0,645,1.0,0.6,0.6,0.7499999999999999
337,User_DiT_3,5.0,2.0,645,1.0,0.4,0.4,0.5714285714285715
337,Sys_DiT_ref_class1000,3.85,3.42,67,0.77,0.6839999999999999,0.5266799999999999,0.7244566712517193
338,User_DiT_1,4.38,4.0,645,0.876,0.8,0.7008000000000001,0.8362768496420048
338,User_DiT_2,5.0,2.0,645,1.0,0.4,0.4,0.5714285714285715
338,User_DiT_3,4.44,2.0,645,0.8880000000000001,0.4,0.35520000000000007,0.5515527950310559
338,Sys_DiT_ref_class1000,3.42,2.85,67,0.6839999999999999,0.5700000000000001,0.38988,0.6218181818181818
339,User_DiT_1,5.0,2.0,645,1.0,0.4,0.4,0.5714285714285715
339,User_DiT_2,5.0,2.0,645,1.0,0.4,0.4,0.5714285714285715
339,User_DiT_3,0.0,2.0,645,0.0,0.4,0.0,0.0
339,Sys_DiT_ref_class1000,3.85,4.12,67,0.77,0.8240000000000001,0.63448,0.7960853199498118
340,User_DiT_1,0.0,3.0,654,0.0,0.6,0.0,0.0
340,User_DiT_2,5.0,4.0,654,1.0,0.8,0.8,0.888888888888889
340,User_DiT_3,5.0,4.0,654,1.0,0.8,0.8,0.888888888888889
340,Sys_DiT_ref_class1000,1.35,1.82,68,0.27,0.364,0.09828,0.3100315457413249
341,User_DiT_1,4.38,2.0,654,0.876,0.4,0.35040000000000004,0.5492163009404389
341,User_DiT_2,5.0,2.0,654,1.0,0.4,0.4,0.5714285714285715
341,User_DiT_3,4.38,2.0,654,0.876,0.4,0.35040000000000004,0.5492163009404389
341,Sys_DiT_ref_class1000,4.68,3.85,68,0.9359999999999999,0.77,0.72072,0.8449237983587339
342,User_DiT_1,5.0,5.0,654,1.0,1.0,1.0,1.0
342,User_DiT_2,5.0,4.0,654,1.0,0.8,0.8,0.888888888888889
342,User_DiT_3,5.0,5.0,654,1.0,1.0,1.0,1.0
342,Sys_DiT_ref_class1000,4.82,3.65,68,0.9640000000000001,0.73,0.70372,0.8308382526564345
343,User_DiT_1,5.0,3.0,654,1.0,0.6,0.6,0.7499999999999999
343,User_DiT_2,5.0,3.0,654,1.0,0.6,0.6,0.7499999999999999
343,User_DiT_3,4.38,4.0,654,0.876,0.8,0.7008000000000001,0.8362768496420048
343,Sys_DiT_ref_class1000,4.35,2.85,68,0.8699999999999999,0.5700000000000001,0.4959,0.6887500000000001
344,User_DiT_1,4.38,2.0,654,0.876,0.4,0.35040000000000004,0.5492163009404389
344,User_DiT_2,5.0,2.0,654,1.0,0.4,0.4,0.5714285714285715
344,User_DiT_3,5.0,2.0,654,1.0,0.4,0.4,0.5714285714285715
344,Sys_DiT_ref_class1000,4.85,4.62,68,0.97,0.924,0.89628,0.9464413938753959
345,User_DiT_1,3.12,4.0,679,0.624,0.8,0.49920000000000003,0.7011235955056181
345,User_DiT_2,3.12,4.0,679,0.624,0.8,0.49920000000000003,0.7011235955056181
345,User_DiT_3,3.12,4.0,679,0.624,0.8,0.49920000000000003,0.7011235955056181
345,Sys_DiT_ref_class1000,4.12,2.85,69,0.8240000000000001,0.5700000000000001,0.4696800000000001,0.6738593974175037
346,User_DiT_1,1.88,4.0,679,0.376,0.8,0.3008,0.5115646258503401
346,User_DiT_2,2.5,4.0,679,0.5,0.8,0.4,0.6153846153846154
346,User_DiT_3,2.5,4.0,679,0.5,0.8,0.4,0.6153846153846154
346,Sys_DiT_ref_class1000,4.92,4.98,69,0.984,0.9960000000000001,0.980064,0.9899636363636364
347,User_DiT_1,1.88,3.0,679,0.376,0.6,0.2256,0.46229508196721314
347,User_DiT_2,1.88,3.0,679,0.376,0.6,0.2256,0.46229508196721314
347,User_DiT_3,1.88,3.0,679,0.376,0.6,0.2256,0.46229508196721314
347,Sys_DiT_ref_class1000,2.85,3.6,69,0.5700000000000001,0.72,0.41040000000000004,0.6362790697674419
348,User_DiT_1,3.57,2.0,679,0.714,0.4,0.2856,0.5127468581687613
348,User_DiT_2,4.17,2.0,679,0.834,0.4,0.3336,0.5406807131280389
348,User_DiT_3,2.86,3.0,679,0.572,0.6,0.34319999999999995,0.5856655290102388
348,Sys_DiT_ref_class1000,4.85,3.8,69,0.97,0.76,0.7372,0.8522543352601156
349,User_DiT_1,1.88,1.0,679,0.376,0.2,0.0752,0.26111111111111107
349,User_DiT_2,1.88,1.0,679,0.376,0.2,0.0752,0.26111111111111107
349,User_DiT_3,3.75,2.0,679,0.75,0.4,0.30000000000000004,0.5217391304347827
349,Sys_DiT_ref_class1000,3.85,2.4,69,0.77,0.48,0.3696,0.59136
350,User_DiT_1,5.0,4.0,687,1.0,0.8,0.8,0.888888888888889
350,User_DiT_2,5.0,4.0,687,1.0,0.8,0.8,0.888888888888889
350,User_DiT_3,5.0,3.0,687,1.0,0.6,0.6,0.7499999999999999
350,Sys_DiT_ref_class1000,4.12,3.85,70,0.8240000000000001,0.77,0.63448,0.7960853199498118
351,User_DiT_1,5.0,5.0,687,1.0,1.0,1.0,1.0
351,User_DiT_2,5.0,3.0,687,1.0,0.6,0.6,0.7499999999999999
351,User_DiT_3,5.0,3.0,687,1.0,0.6,0.6,0.7499999999999999
351,Sys_DiT_ref_class1000,3.65,3.8,70,0.73,0.76,0.5548,0.7446979865771811
352,User_DiT_1,5.0,5.0,687,1.0,1.0,1.0,1.0
352,User_DiT_2,5.0,4.0,687,1.0,0.8,0.8,0.888888888888889
352,User_DiT_3,5.0,5.0,687,1.0,1.0,1.0,1.0
352,Sys_DiT_ref_class1000,4.15,3.65,70,0.8300000000000001,0.73,0.6059,0.7767948717948717
353,User_DiT_1,5.0,5.0,687,1.0,1.0,1.0,1.0
353,User_DiT_2,5.0,5.0,687,1.0,1.0,1.0,1.0
353,User_DiT_3,5.0,5.0,687,1.0,1.0,1.0,1.0
353,Sys_DiT_ref_class1000,4.15,3.85,70,0.8300000000000001,0.77,0.6391000000000001,0.7988750000000001
354,User_DiT_1,5.0,4.0,687,1.0,0.8,0.8,0.888888888888889
354,User_DiT_2,5.0,4.0,687,1.0,0.8,0.8,0.888888888888889
354,User_DiT_3,5.0,4.0,687,1.0,0.8,0.8,0.888888888888889
354,Sys_DiT_ref_class1000,1.25,1.8,70,0.25,0.36,0.09,0.29508196721311475
355,User_DiT_1,4.38,2.0,730,0.876,0.4,0.35040000000000004,0.5492163009404389
355,User_DiT_2,3.89,2.0,730,0.778,0.4,0.31120000000000003,0.5283531409168082
355,User_DiT_3,3.89,1.0,730,0.778,0.2,0.15560000000000002,0.31820040899795504
355,Sys_DiT_ref_class1000,3.82,2.65,71,0.764,0.53,0.40492,0.6258423493044822
356,User_DiT_1,3.89,4.0,730,0.778,0.8,0.6224000000000001,0.7888466413181242
356,User_DiT_2,3.89,4.0,730,0.778,0.8,0.6224000000000001,0.7888466413181242
356,User_DiT_3,3.89,4.0,730,0.778,0.8,0.6224000000000001,0.7888466413181242
356,Sys_DiT_ref_class1000,4.98,4.96,71,0.9960000000000001,0.992,0.9880320000000001,0.9939959758551309
357,User_DiT_1,4.44,4.0,730,0.8880000000000001,0.8,0.7104000000000001,0.8417061611374408
357,User_DiT_2,5.0,4.0,730,1.0,0.8,0.8,0.888888888888889
357,User_DiT_3,4.44,3.0,730,0.8880000000000001,0.6,0.5328,0.7161290322580646
357,Sys_DiT_ref_class1000,4.95,4.85,71,0.99,0.97,0.9602999999999999,0.9798979591836734
358,User_DiT_1,3.33,1.0,730,0.666,0.2,0.1332,0.30762124711316396
358,User_DiT_2,4.38,2.0,730,0.876,0.4,0.35040000000000004,0.5492163009404389
358,User_DiT_3,2.78,1.0,730,0.5559999999999999,0.2,0.1112,0.29417989417989415
358,Sys_DiT_ref_class1000,4.85,3.65,71,0.97,0.73,0.7081,0.8330588235294117
359,User_DiT_1,5.0,4.0,730,1.0,0.8,0.8,0.888888888888889
359,User_DiT_2,5.0,3.0,730,1.0,0.6,0.6,0.7499999999999999
359,User_DiT_3,5.0,4.0,730,1.0,0.8,0.8,0.888888888888889
359,Sys_DiT_ref_class1000,4.85,3.6,71,0.97,0.72,0.6983999999999999,0.8265088757396449
360,User_DiT_1,0.0,1.0,743,0.0,0.2,0.0,0.0
360,User_DiT_2,0.0,3.0,743,0.0,0.6,0.0,0.0
360,User_DiT_3,0.0,3.0,743,0.0,0.6,0.0,0.0
360,Sys_DiT_ref_class1000,4.15,4.82,72,0.8300000000000001,0.9640000000000001,0.8001200000000002,0.891995540691193
361,User_DiT_1,0.0,4.0,743,0.0,0.8,0.0,0.0
361,User_DiT_2,3.75,3.0,743,0.75,0.6,0.44999999999999996,0.6666666666666665
361,User_DiT_3,0.0,4.0,743,0.0,0.8,0.0,0.0
361,Sys_DiT_ref_class1000,3.85,2.65,72,0.77,0.53,0.4081,0.6278461538461538
362,User_DiT_1,5.0,5.0,743,1.0,1.0,1.0,1.0
362,User_DiT_2,5.0,5.0,743,1.0,1.0,1.0,1.0
362,User_DiT_3,5.0,5.0,743,1.0,1.0,1.0,1.0
362,Sys_DiT_ref_class1000,4.15,4.82,72,0.8300000000000001,0.9640000000000001,0.8001200000000002,0.891995540691193
363,User_DiT_1,3.33,2.0,743,0.666,0.4,0.2664,0.499812382739212
363,User_DiT_2,3.33,3.0,743,0.666,0.6,0.3996,0.6312796208530805
363,User_DiT_3,3.33,2.0,743,0.666,0.4,0.2664,0.499812382739212
363,Sys_DiT_ref_class1000,4.72,3.85,72,0.944,0.77,0.72688,0.8481680280046674
364,User_DiT_1,5.0,4.0,743,1.0,0.8,0.8,0.888888888888889
364,User_DiT_2,5.0,5.0,743,1.0,1.0,1.0,1.0
364,User_DiT_3,5.0,4.0,743,1.0,0.8,0.8,0.888888888888889
364,Sys_DiT_ref_class1000,4.65,3.2,72,0.93,0.64,0.5952000000000001,0.7582165605095542
365,User_DiT_1,3.57,2.0,746,0.714,0.4,0.2856,0.5127468581687613
365,User_DiT_2,3.57,2.0,746,0.714,0.4,0.2856,0.5127468581687613
365,User_DiT_3,3.57,4.0,746,0.714,0.8,0.5712,0.7545574636723911
365,Sys_DiT_ref_class1000,1.25,1.1,73,0.25,0.22000000000000003,0.05500000000000001,0.23404255319148937
366,User_DiT_1,1.25,1.0,746,0.25,0.2,0.05,0.22222222222222224
366,User_DiT_2,1.25,3.0,746,0.25,0.6,0.15,0.35294117647058826
366,User_DiT_3,1.25,2.0,746,0.25,0.4,0.1,0.3076923076923077
366,Sys_DiT_ref_class1000,3.65,3.82,73,0.73,0.764,0.55772,0.7466131191432396
367,User_DiT_1,3.57,4.0,746,0.714,0.8,0.5712,0.7545574636723911
367,User_DiT_2,3.57,3.0,746,0.714,0.6,0.42839999999999995,0.6520547945205478
367,User_DiT_3,3.57,4.0,746,0.714,0.8,0.5712,0.7545574636723911
367,Sys_DiT_ref_class1000,3.82,3.15,73,0.764,0.63,0.48132,0.6905595408895265
368,User_DiT_1,0.62,2.0,746,0.124,0.4,0.049600000000000005,0.18931297709923664
368,User_DiT_2,0.62,2.0,746,0.124,0.4,0.049600000000000005,0.18931297709923664
368,User_DiT_3,5.0,2.0,746,1.0,0.4,0.4,0.5714285714285715
368,Sys_DiT_ref_class1000,4.12,2.85,73,0.8240000000000001,0.5700000000000001,0.4696800000000001,0.6738593974175037
369,User_DiT_1,4.17,1.0,746,0.834,0.2,0.1668,0.3226305609284333
369,User_DiT_2,4.29,1.0,746,0.858,0.2,0.1716,0.3243856332703213
369,User_DiT_3,4.17,3.0,746,0.834,0.6,0.5004,0.697907949790795
369,Sys_DiT_ref_class1000,2.85,3.42,73,0.5700000000000001,0.6839999999999999,0.38988,0.6218181818181818
370,User_DiT_1,1.5,4.0,755,0.3,0.8,0.24,0.4363636363636363
370,User_DiT_2,5.0,2.0,755,1.0,0.4,0.4,0.5714285714285715
370,User_DiT_3,5.0,2.0,755,1.0,0.4,0.4,0.5714285714285715
370,Sys_DiT_ref_class1000,1.42,3.85,74,0.284,0.77,0.21867999999999999,0.4149525616698292
371,User_DiT_1,5.0,3.0,755,1.0,0.6,0.6,0.7499999999999999
371,User_DiT_2,4.5,4.0,755,0.9,0.8,0.7200000000000001,0.8470588235294118
371,User_DiT_3,5.0,3.0,755,1.0,0.6,0.6,0.7499999999999999
371,Sys_DiT_ref_class1000,4.35,4.82,74,0.8699999999999999,0.9640000000000001,0.83868,0.9145910577971647
372,User_DiT_1,5.0,5.0,755,1.0,1.0,1.0,1.0
372,User_DiT_2,5.0,5.0,755,1.0,1.0,1.0,1.0
372,User_DiT_3,5.0,3.0,755,1.0,0.6,0.6,0.7499999999999999
372,Sys_DiT_ref_class1000,4.15,4.82,74,0.8300000000000001,0.9640000000000001,0.8001200000000002,0.891995540691193
373,User_DiT_1,0.56,1.0,755,0.11200000000000002,0.2,0.022400000000000003,0.14358974358974358
373,User_DiT_2,5.0,1.0,755,1.0,0.2,0.2,0.33333333333333337
373,User_DiT_3,0.56,1.0,755,0.11200000000000002,0.2,0.022400000000000003,0.14358974358974358
373,Sys_DiT_ref_class1000,3.85,4.92,74,0.77,0.984,0.75768,0.863945267958951
374,User_DiT_1,5.0,5.0,755,1.0,1.0,1.0,1.0
374,User_DiT_2,5.0,5.0,755,1.0,1.0,1.0,1.0
374,User_DiT_3,5.0,5.0,755,1.0,1.0,1.0,1.0
374,Sys_DiT_ref_class1000,4.15,4.82,74,0.8300000000000001,0.9640000000000001,0.8001200000000002,0.891995540691193
375,User_DiT_1,5.0,2.0,756,1.0,0.4,0.4,0.5714285714285715
375,User_DiT_2,5.0,4.0,756,1.0,0.8,0.8,0.888888888888889
375,User_DiT_3,5.0,4.0,756,1.0,0.8,0.8,0.888888888888889
375,Sys_DiT_ref_class1000,4.35,3.82,75,0.8699999999999999,0.764,0.6646799999999999,0.8135618115055079
376,User_DiT_1,3.89,3.0,756,0.778,0.6,0.4668,0.6775036284470246
376,User_DiT_2,3.89,3.0,756,0.778,0.6,0.4668,0.6775036284470246
376,User_DiT_3,5.0,3.0,756,1.0,0.6,0.6,0.7499999999999999
376,Sys_DiT_ref_class1000,2.85,3.65,75,0.5700000000000001,0.73,0.4161,0.6401538461538462
377,User_DiT_1,4.0,4.0,756,0.8,0.8,0.6400000000000001,0.8000000000000002
377,User_DiT_2,4.0,4.0,756,0.8,0.8,0.6400000000000001,0.8000000000000002
377,User_DiT_3,4.0,4.0,756,0.8,0.8,0.6400000000000001,0.8000000000000002
377,Sys_DiT_ref_class1000,3.85,2.65,75,0.77,0.53,0.4081,0.6278461538461538
378,User_DiT_1,4.29,3.0,756,0.858,0.6,0.5147999999999999,0.7061728395061727
378,User_DiT_2,4.29,3.0,756,0.858,0.6,0.5147999999999999,0.7061728395061727
378,User_DiT_3,4.29,2.0,756,0.858,0.4,0.3432,0.5456279809220985
378,Sys_DiT_ref_class1000,4.92,4.85,75,0.984,0.97,0.95448,0.976949846468782
379,User_DiT_1,4.17,2.0,756,0.834,0.4,0.3336,0.5406807131280389
379,User_DiT_2,4.17,2.0,756,0.834,0.4,0.3336,0.5406807131280389
379,User_DiT_3,4.17,2.0,756,0.834,0.4,0.3336,0.5406807131280389
379,Sys_DiT_ref_class1000,4.92,4.95,75,0.984,0.99,0.97416,0.9869908814589666
380,User_DiT_1,5.0,5.0,806,1.0,1.0,1.0,1.0
380,User_DiT_2,0.0,3.0,806,0.0,0.6,0.0,0.0
380,User_DiT_3,5.0,5.0,806,1.0,1.0,1.0,1.0
380,Sys_DiT_ref_class1000,4.35,3.82,76,0.8699999999999999,0.764,0.6646799999999999,0.8135618115055079
381,User_DiT_1,5.0,4.0,806,1.0,0.8,0.8,0.888888888888889
381,User_DiT_2,5.0,5.0,806,1.0,1.0,1.0,1.0
381,User_DiT_3,5.0,5.0,806,1.0,1.0,1.0,1.0
381,Sys_DiT_ref_class1000,4.65,3.85,76,0.93,0.77,0.7161000000000001,0.8424705882352941
382,User_DiT_1,5.0,5.0,806,1.0,1.0,1.0,1.0
382,User_DiT_2,5.0,5.0,806,1.0,1.0,1.0,1.0
382,User_DiT_3,4.44,5.0,806,0.8880000000000001,1.0,0.8880000000000001,0.940677966101695
382,Sys_DiT_ref_class1000,4.35,3.82,76,0.8699999999999999,0.764,0.6646799999999999,0.8135618115055079
383,User_DiT_1,5.0,4.0,806,1.0,0.8,0.8,0.888888888888889
383,User_DiT_2,5.0,4.0,806,1.0,0.8,0.8,0.888888888888889
383,User_DiT_3,5.0,4.0,806,1.0,0.8,0.8,0.888888888888889
383,Sys_DiT_ref_class1000,4.12,3.85,76,0.8240000000000001,0.77,0.63448,0.7960853199498118
384,User_DiT_1,5.0,5.0,806,1.0,1.0,1.0,1.0
384,User_DiT_2,5.0,5.0,806,1.0,1.0,1.0,1.0
384,User_DiT_3,5.0,4.0,806,1.0,0.8,0.8,0.888888888888889
384,Sys_DiT_ref_class1000,4.85,3.65,76,0.97,0.73,0.7081,0.8330588235294117
385,User_DiT_1,3.12,3.0,810,0.624,0.6,0.3744,0.611764705882353
385,User_DiT_2,2.5,3.0,810,0.5,0.6,0.3,0.5454545454545454
385,User_DiT_3,2.5,3.0,810,0.5,0.6,0.3,0.5454545454545454
385,Sys_DiT_ref_class1000,3.65,3.2,77,0.73,0.64,0.4672,0.6820437956204379
386,User_DiT_1,3.75,4.0,810,0.75,0.8,0.6000000000000001,0.7741935483870969
386,User_DiT_2,3.75,4.0,810,0.75,0.8,0.6000000000000001,0.7741935483870969
386,User_DiT_3,3.75,4.0,810,0.75,0.8,0.6000000000000001,0.7741935483870969
386,Sys_DiT_ref_class1000,2.15,2.8,77,0.43,0.5599999999999999,0.24079999999999996,0.4864646464646464
387,User_DiT_1,4.38,3.0,810,0.876,0.6,0.5256,0.7121951219512195
387,User_DiT_2,3.75,3.0,810,0.75,0.6,0.44999999999999996,0.6666666666666665
387,User_DiT_3,4.38,4.0,810,0.876,0.8,0.7008000000000001,0.8362768496420048
387,Sys_DiT_ref_class1000,2.85,2.1,77,0.5700000000000001,0.42000000000000004,0.23940000000000006,0.4836363636363637
388,User_DiT_1,3.75,4.0,810,0.75,0.8,0.6000000000000001,0.7741935483870969
388,User_DiT_2,3.75,2.0,810,0.75,0.4,0.30000000000000004,0.5217391304347827
388,User_DiT_3,3.75,3.0,810,0.75,0.6,0.44999999999999996,0.6666666666666665
388,Sys_DiT_ref_class1000,4.35,3.82,77,0.8699999999999999,0.764,0.6646799999999999,0.8135618115055079
389,User_DiT_1,3.12,2.0,810,0.624,0.4,0.24960000000000002,0.48750000000000004
389,User_DiT_2,3.12,3.0,810,0.624,0.6,0.3744,0.611764705882353
389,User_DiT_3,3.12,3.0,810,0.624,0.6,0.3744,0.611764705882353
389,Sys_DiT_ref_class1000,3.42,3.85,77,0.6839999999999999,0.77,0.5266799999999999,0.7244566712517193
390,User_DiT_1,4.0,2.0,819,0.8,0.4,0.32000000000000006,0.5333333333333333
390,User_DiT_2,4.0,2.0,819,0.8,0.4,0.32000000000000006,0.5333333333333333
390,User_DiT_3,4.0,2.0,819,0.8,0.4,0.32000000000000006,0.5333333333333333
390,Sys_DiT_ref_class1000,2.85,1.65,78,0.5700000000000001,0.32999999999999996,0.1881,0.418
391,User_DiT_1,4.17,3.0,819,0.834,0.6,0.5004,0.697907949790795
391,User_DiT_2,5.0,3.0,819,1.0,0.6,0.6,0.7499999999999999
391,User_DiT_3,4.17,4.0,819,0.834,0.8,0.6672,0.8166462668298654
391,Sys_DiT_ref_class1000,3.85,2.4,78,0.77,0.48,0.3696,0.59136
392,User_DiT_1,5.0,2.0,819,1.0,0.4,0.4,0.5714285714285715
392,User_DiT_2,5.0,2.0,819,1.0,0.4,0.4,0.5714285714285715
392,User_DiT_3,5.0,3.0,819,1.0,0.6,0.6,0.7499999999999999
392,Sys_DiT_ref_class1000,4.12,3.85,78,0.8240000000000001,0.77,0.63448,0.7960853199498118
393,User_DiT_1,1.25,2.0,819,0.25,0.4,0.1,0.3076923076923077
393,User_DiT_2,1.25,2.0,819,0.25,0.4,0.1,0.3076923076923077
393,User_DiT_3,1.25,2.0,819,0.25,0.4,0.1,0.3076923076923077
393,Sys_DiT_ref_class1000,3.65,2.15,78,0.73,0.43,0.3139,0.5412068965517242
394,User_DiT_1,5.0,4.0,819,1.0,0.8,0.8,0.888888888888889
394,User_DiT_2,5.0,2.0,819,1.0,0.4,0.4,0.5714285714285715
394,User_DiT_3,5.0,2.0,819,1.0,0.4,0.4,0.5714285714285715
394,Sys_DiT_ref_class1000,4.65,2.0,78,0.93,0.4,0.37200000000000005,0.5593984962406016
395,User_DiT_1,0.71,1.0,836,0.142,0.2,0.028399999999999998,0.16608187134502925
395,User_DiT_2,0.83,2.0,836,0.16599999999999998,0.4,0.0664,0.23462897526501764
395,User_DiT_3,0.71,1.0,836,0.142,0.2,0.028399999999999998,0.16608187134502925
395,Sys_DiT_ref_class1000,4.35,2.85,79,0.8699999999999999,0.5700000000000001,0.4959,0.6887500000000001
396,User_DiT_1,1.43,4.0,836,0.286,0.8,0.2288,0.42136279926335174
396,User_DiT_2,1.43,1.0,836,0.286,0.2,0.0572,0.23539094650205764
396,User_DiT_3,0.0,4.0,836,0.0,0.8,0.0,0.0
396,Sys_DiT_ref_class1000,4.85,4.92,79,0.97,0.984,0.95448,0.976949846468782
397,User_DiT_1,0.0,1.0,836,0.0,0.2,0.0,0.0
397,User_DiT_2,0.0,1.0,836,0.0,0.2,0.0,0.0
397,User_DiT_3,0.0,1.0,836,0.0,0.2,0.0,0.0
397,Sys_DiT_ref_class1000,4.85,4.92,79,0.97,0.984,0.95448,0.976949846468782
398,User_DiT_1,0.0,4.0,836,0.0,0.8,0.0,0.0
398,User_DiT_2,0.0,3.0,836,0.0,0.6,0.0,0.0
398,User_DiT_3,0.0,4.0,836,0.0,0.8,0.0,0.0
398,Sys_DiT_ref_class1000,4.98,4.96,79,0.9960000000000001,0.992,0.9880320000000001,0.9939959758551309
399,User_DiT_1,0.83,1.0,836,0.16599999999999998,0.2,0.0332,0.1814207650273224
399,User_DiT_2,0.83,1.0,836,0.16599999999999998,0.2,0.0332,0.1814207650273224
399,User_DiT_3,0.83,0.0,836,0.16599999999999998,0.0,0.0,0.0
399,Sys_DiT_ref_class1000,4.65,2.15,79,0.93,0.43,0.39990000000000003,0.5880882352941177
400,User_DiT_1,5.0,4.0,903,1.0,0.8,0.8,0.888888888888889
400,User_DiT_2,5.0,4.0,903,1.0,0.8,0.8,0.888888888888889
400,User_DiT_3,5.0,4.0,903,1.0,0.8,0.8,0.888888888888889
400,Sys_DiT_ref_class1000,4.85,3.0,80,0.97,0.6,0.582,0.7414012738853504
401,User_DiT_1,3.57,3.0,903,0.714,0.6,0.42839999999999995,0.6520547945205478
401,User_DiT_2,1.43,2.0,903,0.286,0.4,0.1144,0.3335276967930029
401,User_DiT_3,3.57,2.0,903,0.714,0.4,0.2856,0.5127468581687613
401,Sys_DiT_ref_class1000,4.65,1.5,80,0.93,0.3,0.279,0.4536585365853659
402,User_DiT_1,2.86,4.0,903,0.572,0.8,0.4576,0.6670553935860059
402,User_DiT_2,2.86,4.0,903,0.572,0.8,0.4576,0.6670553935860059
402,User_DiT_3,0.71,4.0,903,0.142,0.8,0.11359999999999999,0.24118895966029721
402,Sys_DiT_ref_class1000,4.12,1.5,80,0.8240000000000001,0.3,0.2472,0.43985765124555154
403,User_DiT_1,5.0,4.0,903,1.0,0.8,0.8,0.888888888888889
403,User_DiT_2,5.0,4.0,903,1.0,0.8,0.8,0.888888888888889
403,User_DiT_3,5.0,4.0,903,1.0,0.8,0.8,0.888888888888889
403,Sys_DiT_ref_class1000,4.68,1.5,80,0.9359999999999999,0.3,0.2808,0.45436893203883494
404,User_DiT_1,0.0,4.0,903,0.0,0.8,0.0,0.0
404,User_DiT_2,3.57,4.0,903,0.714,0.8,0.5712,0.7545574636723911
404,User_DiT_3,0.0,3.0,903,0.0,0.6,0.0,0.0
404,Sys_DiT_ref_class1000,4.85,1.5,80,0.97,0.3,0.291,0.458267716535433
405,User_DiT_1,4.29,3.0,917,0.858,0.6,0.5147999999999999,0.7061728395061727
405,User_DiT_2,4.29,3.0,917,0.858,0.6,0.5147999999999999,0.7061728395061727
405,User_DiT_3,4.29,3.0,917,0.858,0.6,0.5147999999999999,0.7061728395061727
405,Sys_DiT_ref_class1000,4.92,4.85,81,0.984,0.97,0.95448,0.976949846468782
406,User_DiT_1,0.0,2.0,917,0.0,0.4,0.0,0.0
406,User_DiT_2,3.0,2.0,917,0.6,0.4,0.24,0.48
406,User_DiT_3,5.0,2.0,917,1.0,0.4,0.4,0.5714285714285715
406,Sys_DiT_ref_class1000,4.12,1.5,81,0.8240000000000001,0.3,0.2472,0.43985765124555154
407,User_DiT_1,4.29,2.0,917,0.858,0.4,0.3432,0.5456279809220985
407,User_DiT_2,4.29,2.0,917,0.858,0.4,0.3432,0.5456279809220985
407,User_DiT_3,4.29,2.0,917,0.858,0.4,0.3432,0.5456279809220985
407,Sys_DiT_ref_class1000,2.45,1.85,81,0.49000000000000005,0.37,0.18130000000000002,0.4216279069767442
408,User_DiT_1,3.57,2.0,917,0.714,0.4,0.2856,0.5127468581687613
408,User_DiT_2,3.57,2.0,917,0.714,0.4,0.2856,0.5127468581687613
408,User_DiT_3,2.86,2.0,917,0.572,0.4,0.2288,0.47078189300411527
408,Sys_DiT_ref_class1000,4.15,1.5,81,0.8300000000000001,0.3,0.249,0.44070796460176986
409,User_DiT_1,4.17,1.0,917,0.834,0.2,0.1668,0.3226305609284333
409,User_DiT_2,4.17,1.0,917,0.834,0.2,0.1668,0.3226305609284333
409,User_DiT_3,3.33,3.0,917,0.666,0.6,0.3996,0.6312796208530805
409,Sys_DiT_ref_class1000,4.65,2.0,81,0.93,0.4,0.37200000000000005,0.5593984962406016
410,User_DiT_1,1.25,1.0,919,0.25,0.2,0.05,0.22222222222222224
410,User_DiT_2,1.25,1.0,919,0.25,0.2,0.05,0.22222222222222224
410,User_DiT_3,1.25,1.0,919,0.25,0.2,0.05,0.22222222222222224
410,Sys_DiT_ref_class1000,4.35,2.85,82,0.8699999999999999,0.5700000000000001,0.4959,0.6887500000000001
411,User_DiT_1,3.12,1.0,919,0.624,0.2,0.12480000000000001,0.3029126213592233
411,User_DiT_2,3.12,1.0,919,0.624,0.2,0.12480000000000001,0.3029126213592233
411,User_DiT_3,3.12,1.0,919,0.624,0.2,0.12480000000000001,0.3029126213592233
411,Sys_DiT_ref_class1000,3.85,2.65,82,0.77,0.53,0.4081,0.6278461538461538
412,User_DiT_1,1.88,2.0,919,0.376,0.4,0.1504,0.38762886597938145
412,User_DiT_2,1.88,1.0,919,0.376,0.2,0.0752,0.26111111111111107
412,User_DiT_3,2.5,1.0,919,0.5,0.2,0.1,0.28571428571428575
412,Sys_DiT_ref_class1000,1.85,2.1,82,0.37,0.42000000000000004,0.1554,0.39341772151898735
413,User_DiT_1,2.5,1.0,919,0.5,0.2,0.1,0.28571428571428575
413,User_DiT_2,2.5,2.0,919,0.5,0.4,0.2,0.4444444444444445
413,User_DiT_3,2.5,1.0,919,0.5,0.2,0.1,0.28571428571428575
413,Sys_DiT_ref_class1000,4.65,2.85,82,0.93,0.5700000000000001,0.5301000000000001,0.7068000000000002
414,User_DiT_1,1.67,1.0,919,0.33399999999999996,0.2,0.0668,0.250187265917603
414,User_DiT_2,1.67,2.0,919,0.33399999999999996,0.4,0.1336,0.3640326975476839
414,User_DiT_3,1.11,1.0,919,0.22200000000000003,0.2,0.04440000000000001,0.2104265402843602
414,Sys_DiT_ref_class1000,1.25,3.85,82,0.25,0.77,0.1925,0.37745098039215685
415,User_DiT_1,5.0,2.0,920,1.0,0.4,0.4,0.5714285714285715
415,User_DiT_2,4.38,2.0,920,0.876,0.4,0.35040000000000004,0.5492163009404389
415,User_DiT_3,5.0,3.0,920,1.0,0.6,0.6,0.7499999999999999
415,Sys_DiT_ref_class1000,4.85,3.6,83,0.97,0.72,0.6983999999999999,0.8265088757396449
416,User_DiT_1,2.78,3.0,920,0.5559999999999999,0.6,0.33359999999999995,0.5771626297577854
416,User_DiT_2,2.78,2.0,920,0.5559999999999999,0.4,0.2224,0.46527196652719666
416,User_DiT_3,2.22,2.0,920,0.44400000000000006,0.4,0.17760000000000004,0.4208530805687204
416,Sys_DiT_ref_class1000,4.85,2.0,83,0.97,0.4,0.388,0.5664233576642336
417,User_DiT_1,3.33,3.0,920,0.666,0.6,0.3996,0.6312796208530805
417,User_DiT_2,3.33,3.0,920,0.666,0.6,0.3996,0.6312796208530805
417,User_DiT_3,3.33,3.0,920,0.666,0.6,0.3996,0.6312796208530805
417,Sys_DiT_ref_class1000,4.85,1.5,83,0.97,0.3,0.291,0.458267716535433
418,User_DiT_1,3.33,2.0,920,0.666,0.4,0.2664,0.499812382739212
418,User_DiT_2,2.22,2.0,920,0.44400000000000006,0.4,0.17760000000000004,0.4208530805687204
418,User_DiT_3,4.44,2.0,920,0.8880000000000001,0.4,0.35520000000000007,0.5515527950310559
418,Sys_DiT_ref_class1000,4.72,1.5,83,0.944,0.3,0.28319999999999995,0.45530546623794205
419,User_DiT_1,5.0,4.0,920,1.0,0.8,0.8,0.888888888888889
419,User_DiT_2,2.5,4.0,920,0.5,0.8,0.4,0.6153846153846154
419,User_DiT_3,5.0,4.0,920,1.0,0.8,0.8,0.888888888888889
419,Sys_DiT_ref_class1000,4.85,2.0,83,0.97,0.4,0.388,0.5664233576642336
420,User_DiT_1,1.11,1.0,922,0.22200000000000003,0.2,0.04440000000000001,0.2104265402843602
420,User_DiT_2,0.0,1.0,922,0.0,0.2,0.0,0.0
420,User_DiT_3,0.0,1.0,922,0.0,0.2,0.0,0.0
420,Sys_DiT_ref_class1000,3.65,1.2,84,0.73,0.24,0.1752,0.3612371134020618
421,User_DiT_1,2.22,1.0,922,0.44400000000000006,0.2,0.08880000000000002,0.27577639751552796
421,User_DiT_2,0.56,1.0,922,0.11200000000000002,0.2,0.022400000000000003,0.14358974358974358
421,User_DiT_3,2.22,1.0,922,0.44400000000000006,0.2,0.08880000000000002,0.27577639751552796
421,Sys_DiT_ref_class1000,4.65,3.85,84,0.93,0.77,0.7161000000000001,0.8424705882352941
422,User_DiT_1,2.22,1.0,922,0.44400000000000006,0.2,0.08880000000000002,0.27577639751552796
422,User_DiT_2,2.22,1.0,922,0.44400000000000006,0.2,0.08880000000000002,0.27577639751552796
422,User_DiT_3,2.22,1.0,922,0.44400000000000006,0.2,0.08880000000000002,0.27577639751552796
422,Sys_DiT_ref_class1000,4.35,2.85,84,0.8699999999999999,0.5700000000000001,0.4959,0.6887500000000001
423,User_DiT_1,2.86,1.0,922,0.572,0.2,0.1144,0.29637305699481864
423,User_DiT_2,0.0,1.0,922,0.0,0.2,0.0,0.0
423,User_DiT_3,0.0,1.0,922,0.0,0.2,0.0,0.0
423,Sys_DiT_ref_class1000,4.85,3.72,84,0.97,0.744,0.72168,0.842100350058343
424,User_DiT_1,0.0,1.0,922,0.0,0.2,0.0,0.0
424,User_DiT_2,0.0,1.0,922,0.0,0.2,0.0,0.0
424,User_DiT_3,0.0,1.0,922,0.0,0.2,0.0,0.0
424,Sys_DiT_ref_class1000,4.12,2.0,84,0.8240000000000001,0.4,0.32960000000000006,0.538562091503268
425,User_DiT_1,5.0,4.0,928,1.0,0.8,0.8,0.888888888888889
425,User_DiT_2,5.0,4.0,928,1.0,0.8,0.8,0.888888888888889
425,User_DiT_3,5.0,4.0,928,1.0,0.8,0.8,0.888888888888889
425,Sys_DiT_ref_class1000,3.82,2.15,85,0.764,0.43,0.32852,0.550284757118928
426,User_DiT_1,3.33,2.0,928,0.666,0.4,0.2664,0.499812382739212
426,User_DiT_2,3.33,3.0,928,0.666,0.6,0.3996,0.6312796208530805
426,User_DiT_3,3.33,2.0,928,0.666,0.4,0.2664,0.499812382739212
426,Sys_DiT_ref_class1000,4.82,4.15,85,0.9640000000000001,0.8300000000000001,0.8001200000000002,0.891995540691193
427,User_DiT_1,4.44,3.0,928,0.8880000000000001,0.6,0.5328,0.7161290322580646
427,User_DiT_2,4.44,3.0,928,0.8880000000000001,0.6,0.5328,0.7161290322580646
427,User_DiT_3,3.75,4.0,928,0.75,0.8,0.6000000000000001,0.7741935483870969
427,Sys_DiT_ref_class1000,4.85,1.5,85,0.97,0.3,0.291,0.458267716535433
428,User_DiT_1,5.0,4.0,928,1.0,0.8,0.8,0.888888888888889
428,User_DiT_2,3.33,3.0,928,0.666,0.6,0.3996,0.6312796208530805
428,User_DiT_3,3.33,3.0,928,0.666,0.6,0.3996,0.6312796208530805
428,Sys_DiT_ref_class1000,4.65,2.0,85,0.93,0.4,0.37200000000000005,0.5593984962406016
429,User_DiT_1,0.0,4.0,928,0.0,0.8,0.0,0.0
429,User_DiT_2,0.0,4.0,928,0.0,0.8,0.0,0.0
429,User_DiT_3,0.0,4.0,928,0.0,0.8,0.0,0.0
429,Sys_DiT_ref_class1000,4.85,1.5,85,0.97,0.3,0.291,0.458267716535433
430,User_DiT_1,5.0,4.0,931,1.0,0.8,0.8,0.888888888888889
430,User_DiT_2,5.0,4.0,931,1.0,0.8,0.8,0.888888888888889
430,User_DiT_3,5.0,4.0,931,1.0,0.8,0.8,0.888888888888889
430,Sys_DiT_ref_class1000,4.12,1.5,86,0.8240000000000001,0.3,0.2472,0.43985765124555154
431,User_DiT_1,5.0,4.0,931,1.0,0.8,0.8,0.888888888888889
431,User_DiT_2,5.0,4.0,931,1.0,0.8,0.8,0.888888888888889
431,User_DiT_3,5.0,4.0,931,1.0,0.8,0.8,0.888888888888889
431,Sys_DiT_ref_class1000,3.85,1.2,86,0.77,0.24,0.1848,0.36594059405940593
432,User_DiT_1,4.38,1.0,931,0.876,0.2,0.17520000000000002,0.32565055762081785
432,User_DiT_2,4.38,1.0,931,0.876,0.2,0.17520000000000002,0.32565055762081785
432,User_DiT_3,4.38,1.0,931,0.876,0.2,0.17520000000000002,0.32565055762081785
432,Sys_DiT_ref_class1000,4.65,1.5,86,0.93,0.3,0.279,0.4536585365853659
433,User_DiT_1,3.12,4.0,931,0.624,0.8,0.49920000000000003,0.7011235955056181
433,User_DiT_2,4.44,4.0,931,0.8880000000000001,0.8,0.7104000000000001,0.8417061611374408
433,User_DiT_3,4.44,4.0,931,0.8880000000000001,0.8,0.7104000000000001,0.8417061611374408
433,Sys_DiT_ref_class1000,3.65,1.85,86,0.73,0.37,0.2701,0.4910909090909091
434,User_DiT_1,4.44,4.0,931,0.8880000000000001,0.8,0.7104000000000001,0.8417061611374408
434,User_DiT_2,5.0,4.0,931,1.0,0.8,0.8,0.888888888888889
434,User_DiT_3,4.44,5.0,931,0.8880000000000001,1.0,0.8880000000000001,0.940677966101695
434,Sys_DiT_ref_class1000,4.85,1.5,86,0.97,0.3,0.291,0.458267716535433
435,User_DiT_1,4.0,3.0,943,0.8,0.6,0.48,0.6857142857142857
435,User_DiT_2,4.0,3.0,943,0.8,0.6,0.48,0.6857142857142857
435,User_DiT_3,4.0,3.0,943,0.8,0.6,0.48,0.6857142857142857
435,Sys_DiT_ref_class1000,4.12,3.65,87,0.8240000000000001,0.73,0.60152,0.7741570141570142
436,User_DiT_1,5.0,4.0,943,1.0,0.8,0.8,0.888888888888889
436,User_DiT_2,5.0,3.0,943,1.0,0.6,0.6,0.7499999999999999
436,User_DiT_3,5.0,4.0,943,1.0,0.8,0.8,0.888888888888889
436,Sys_DiT_ref_class1000,4.65,3.85,87,0.93,0.77,0.7161000000000001,0.8424705882352941
437,User_DiT_1,5.0,5.0,943,1.0,1.0,1.0,1.0
437,User_DiT_2,5.0,4.0,943,1.0,0.8,0.8,0.888888888888889
437,User_DiT_3,5.0,4.0,943,1.0,0.8,0.8,0.888888888888889
437,Sys_DiT_ref_class1000,4.12,2.85,87,0.8240000000000001,0.5700000000000001,0.4696800000000001,0.6738593974175037
438,User_DiT_1,2.5,3.0,943,0.5,0.6,0.3,0.5454545454545454
438,User_DiT_2,2.5,3.0,943,0.5,0.6,0.3,0.5454545454545454
438,User_DiT_3,2.5,3.0,943,0.5,0.6,0.3,0.5454545454545454
438,Sys_DiT_ref_class1000,2.15,3.2,87,0.43,0.64,0.2752,0.5143925233644859
439,User_DiT_1,5.0,4.0,943,1.0,0.8,0.8,0.888888888888889
439,User_DiT_2,5.0,4.0,943,1.0,0.8,0.8,0.888888888888889
439,User_DiT_3,5.0,3.0,943,1.0,0.6,0.6,0.7499999999999999
439,Sys_DiT_ref_class1000,3.85,3.92,87,0.77,0.784,0.60368,0.7769369369369369
440,User_DiT_1,4.17,5.0,952,0.834,1.0,0.834,0.9094874591057797
440,User_DiT_2,4.0,5.0,952,0.8,1.0,0.8,0.888888888888889
440,User_DiT_3,4.17,5.0,952,0.834,1.0,0.834,0.9094874591057797
440,Sys_DiT_ref_class1000,4.85,3.6,88,0.97,0.72,0.6983999999999999,0.8265088757396449
441,User_DiT_1,5.0,5.0,952,1.0,1.0,1.0,1.0
441,User_DiT_2,5.0,5.0,952,1.0,1.0,1.0,1.0
441,User_DiT_3,5.0,4.0,952,1.0,0.8,0.8,0.888888888888889
441,Sys_DiT_ref_class1000,4.65,1.5,88,0.93,0.3,0.279,0.4536585365853659
442,User_DiT_1,5.0,5.0,952,1.0,1.0,1.0,1.0
442,User_DiT_2,5.0,4.0,952,1.0,0.8,0.8,0.888888888888889
442,User_DiT_3,5.0,4.0,952,1.0,0.8,0.8,0.888888888888889
442,Sys_DiT_ref_class1000,4.92,4.95,88,0.984,0.99,0.97416,0.9869908814589666
443,User_DiT_1,5.0,5.0,952,1.0,1.0,1.0,1.0
443,User_DiT_2,5.0,5.0,952,1.0,1.0,1.0,1.0
443,User_DiT_3,5.0,5.0,952,1.0,1.0,1.0,1.0
443,Sys_DiT_ref_class1000,4.65,3.85,88,0.93,0.77,0.7161000000000001,0.8424705882352941
444,User_DiT_1,5.0,3.0,952,1.0,0.6,0.6,0.7499999999999999
444,User_DiT_2,5.0,4.0,952,1.0,0.8,0.8,0.888888888888889
444,User_DiT_3,5.0,4.0,952,1.0,0.8,0.8,0.888888888888889
444,Sys_DiT_ref_class1000,4.35,2.0,88,0.8699999999999999,0.4,0.348,0.5480314960629921
445,User_DiT_1,5.0,4.0,960,1.0,0.8,0.8,0.888888888888889
445,User_DiT_2,5.0,4.0,960,1.0,0.8,0.8,0.888888888888889
445,User_DiT_3,5.0,4.0,960,1.0,0.8,0.8,0.888888888888889
445,Sys_DiT_ref_class1000,4.12,1.5,89,0.8240000000000001,0.3,0.2472,0.43985765124555154
446,User_DiT_1,5.0,4.0,960,1.0,0.8,0.8,0.888888888888889
446,User_DiT_2,5.0,4.0,960,1.0,0.8,0.8,0.888888888888889
446,User_DiT_3,5.0,4.0,960,1.0,0.8,0.8,0.888888888888889
446,Sys_DiT_ref_class1000,4.85,3.6,89,0.97,0.72,0.6983999999999999,0.8265088757396449
447,User_DiT_1,3.57,2.0,960,0.714,0.4,0.2856,0.5127468581687613
447,User_DiT_2,3.57,2.0,960,0.714,0.4,0.2856,0.5127468581687613
447,User_DiT_3,5.0,2.0,960,1.0,0.4,0.4,0.5714285714285715
447,Sys_DiT_ref_class1000,4.12,3.65,89,0.8240000000000001,0.73,0.60152,0.7741570141570142
448,User_DiT_1,5.0,3.0,960,1.0,0.6,0.6,0.7499999999999999
448,User_DiT_2,5.0,3.0,960,1.0,0.6,0.6,0.7499999999999999
448,User_DiT_3,5.0,1.0,960,1.0,0.2,0.2,0.33333333333333337
448,Sys_DiT_ref_class1000,4.85,3.6,89,0.97,0.72,0.6983999999999999,0.8265088757396449
449,User_DiT_1,5.0,4.0,960,1.0,0.8,0.8,0.888888888888889
449,User_DiT_2,5.0,4.0,960,1.0,0.8,0.8,0.888888888888889
449,User_DiT_3,5.0,3.0,960,1.0,0.6,0.6,0.7499999999999999
449,Sys_DiT_ref_class1000,2.85,1.65,89,0.5700000000000001,0.32999999999999996,0.1881,0.418
450,User_DiT_1,5.0,4.0,962,1.0,0.8,0.8,0.888888888888889
450,User_DiT_2,5.0,4.0,962,1.0,0.8,0.8,0.888888888888889
450,User_DiT_3,5.0,4.0,962,1.0,0.8,0.8,0.888888888888889
450,Sys_DiT_ref_class1000,4.15,2.85,90,0.8300000000000001,0.5700000000000001,0.4731000000000001,0.6758571428571429
451,User_DiT_1,5.0,4.0,962,1.0,0.8,0.8,0.888888888888889
451,User_DiT_2,5.0,4.0,962,1.0,0.8,0.8,0.888888888888889
451,User_DiT_3,5.0,4.0,962,1.0,0.8,0.8,0.888888888888889
451,Sys_DiT_ref_class1000,3.65,4.15,90,0.73,0.8300000000000001,0.6059,0.7767948717948717
452,User_DiT_1,5.0,4.0,962,1.0,0.8,0.8,0.888888888888889
452,User_DiT_2,5.0,4.0,962,1.0,0.8,0.8,0.888888888888889
452,User_DiT_3,5.0,4.0,962,1.0,0.8,0.8,0.888888888888889
452,Sys_DiT_ref_class1000,4.98,4.96,90,0.9960000000000001,0.992,0.9880320000000001,0.9939959758551309
453,User_DiT_1,5.0,4.0,962,1.0,0.8,0.8,0.888888888888889
453,User_DiT_2,5.0,4.0,962,1.0,0.8,0.8,0.888888888888889
453,User_DiT_3,5.0,4.0,962,1.0,0.8,0.8,0.888888888888889
453,Sys_DiT_ref_class1000,4.12,3.65,90,0.8240000000000001,0.73,0.60152,0.7741570141570142
454,User_DiT_1,4.38,2.0,962,0.876,0.4,0.35040000000000004,0.5492163009404389
454,User_DiT_2,4.38,3.0,962,0.876,0.6,0.5256,0.7121951219512195
454,User_DiT_3,4.38,2.0,962,0.876,0.4,0.35040000000000004,0.5492163009404389
454,Sys_DiT_ref_class1000,3.42,1.5,90,0.6839999999999999,0.3,0.20519999999999997,0.41707317073170724
455,User_DiT_1,2.86,2.0,968,0.572,0.4,0.2288,0.47078189300411527
455,User_DiT_2,2.14,4.0,968,0.42800000000000005,0.8,0.34240000000000004,0.5576547231270358
455,User_DiT_3,2.14,3.0,968,0.42800000000000005,0.6,0.25680000000000003,0.4996108949416343
455,Sys_DiT_ref_class1000,4.85,3.65,91,0.97,0.73,0.7081,0.8330588235294117
456,User_DiT_1,5.0,4.0,968,1.0,0.8,0.8,0.888888888888889
456,User_DiT_2,5.0,4.0,968,1.0,0.8,0.8,0.888888888888889
456,User_DiT_3,5.0,4.0,968,1.0,0.8,0.8,0.888888888888889
456,Sys_DiT_ref_class1000,4.12,1.5,91,0.8240000000000001,0.3,0.2472,0.43985765124555154
457,User_DiT_1,5.0,5.0,968,1.0,1.0,1.0,1.0
457,User_DiT_2,5.0,5.0,968,1.0,1.0,1.0,1.0
457,User_DiT_3,5.0,5.0,968,1.0,1.0,1.0,1.0
457,Sys_DiT_ref_class1000,4.12,2.0,91,0.8240000000000001,0.4,0.32960000000000006,0.538562091503268
458,User_DiT_1,5.0,2.0,968,1.0,0.4,0.4,0.5714285714285715
458,User_DiT_2,5.0,3.0,968,1.0,0.6,0.6,0.7499999999999999
458,User_DiT_3,4.29,4.0,968,0.858,0.8,0.6864,0.8279855247285887
458,Sys_DiT_ref_class1000,4.85,4.2,91,0.97,0.8400000000000001,0.8148000000000001,0.9003314917127072
459,User_DiT_1,5.0,3.0,968,1.0,0.6,0.6,0.7499999999999999
459,User_DiT_2,5.0,3.0,968,1.0,0.6,0.6,0.7499999999999999
459,User_DiT_3,5.0,3.0,968,1.0,0.6,0.6,0.7499999999999999
459,Sys_DiT_ref_class1000,4.62,3.85,91,0.924,0.77,0.71148,0.8400000000000001
460,User_DiT_1,4.38,4.0,971,0.876,0.8,0.7008000000000001,0.8362768496420048
460,User_DiT_2,4.38,4.0,971,0.876,0.8,0.7008000000000001,0.8362768496420048
460,User_DiT_3,4.38,4.0,971,0.876,0.8,0.7008000000000001,0.8362768496420048
460,Sys_DiT_ref_class1000,2.85,1.9,92,0.5700000000000001,0.38,0.21660000000000001,0.456
461,User_DiT_1,4.38,2.0,971,0.876,0.4,0.35040000000000004,0.5492163009404389
461,User_DiT_2,4.38,2.0,971,0.876,0.4,0.35040000000000004,0.5492163009404389
461,User_DiT_3,4.38,2.0,971,0.876,0.4,0.35040000000000004,0.5492163009404389
461,Sys_DiT_ref_class1000,4.72,3.0,92,0.944,0.6,0.5663999999999999,0.7336787564766838
462,User_DiT_1,4.29,3.0,971,0.858,0.6,0.5147999999999999,0.7061728395061727
462,User_DiT_2,4.29,2.0,971,0.858,0.4,0.3432,0.5456279809220985
462,User_DiT_3,4.29,4.0,971,0.858,0.8,0.6864,0.8279855247285887
462,Sys_DiT_ref_class1000,4.85,3.0,92,0.97,0.6,0.582,0.7414012738853504
463,User_DiT_1,4.38,1.0,971,0.876,0.2,0.17520000000000002,0.32565055762081785
463,User_DiT_2,0.0,1.0,971,0.0,0.2,0.0,0.0
463,User_DiT_3,0.0,2.0,971,0.0,0.4,0.0,0.0
463,Sys_DiT_ref_class1000,2.85,1.5,92,0.5700000000000001,0.3,0.171,0.3931034482758621
464,User_DiT_1,4.38,2.0,971,0.876,0.4,0.35040000000000004,0.5492163009404389
464,User_DiT_2,4.38,4.0,971,0.876,0.8,0.7008000000000001,0.8362768496420048
464,User_DiT_3,4.38,4.0,971,0.876,0.8,0.7008000000000001,0.8362768496420048
464,Sys_DiT_ref_class1000,4.85,1.5,92,0.97,0.3,0.291,0.458267716535433
465,User_DiT_1,5.0,4.0,972,1.0,0.8,0.8,0.888888888888889
465,User_DiT_2,5.0,3.0,972,1.0,0.6,0.6,0.7499999999999999
465,User_DiT_3,5.0,3.0,972,1.0,0.6,0.6,0.7499999999999999
465,Sys_DiT_ref_class1000,4.85,4.62,93,0.97,0.924,0.89628,0.9464413938753959
466,User_DiT_1,2.5,1.0,972,0.5,0.2,0.1,0.28571428571428575
466,User_DiT_2,2.22,1.0,972,0.44400000000000006,0.2,0.08880000000000002,0.27577639751552796
466,User_DiT_3,2.22,1.0,972,0.44400000000000006,0.2,0.08880000000000002,0.27577639751552796
466,Sys_DiT_ref_class1000,3.42,1.5,93,0.6839999999999999,0.3,0.20519999999999997,0.41707317073170724
467,User_DiT_1,5.0,5.0,972,1.0,1.0,1.0,1.0
467,User_DiT_2,5.0,5.0,972,1.0,1.0,1.0,1.0
467,User_DiT_3,5.0,4.0,972,1.0,0.8,0.8,0.888888888888889
467,Sys_DiT_ref_class1000,4.15,3.65,93,0.8300000000000001,0.73,0.6059,0.7767948717948717
468,User_DiT_1,1.25,4.0,972,0.25,0.8,0.2,0.38095238095238093
468,User_DiT_2,1.88,4.0,972,0.376,0.8,0.3008,0.5115646258503401
468,User_DiT_3,2.78,3.0,972,0.5559999999999999,0.6,0.33359999999999995,0.5771626297577854
468,Sys_DiT_ref_class1000,3.85,1.5,93,0.77,0.3,0.23099999999999998,0.4317757009345794
469,User_DiT_1,4.29,1.0,972,0.858,0.2,0.1716,0.3243856332703213
469,User_DiT_2,3.75,1.0,972,0.75,0.2,0.15000000000000002,0.31578947368421056
469,User_DiT_3,4.29,1.0,972,0.858,0.2,0.1716,0.3243856332703213
469,Sys_DiT_ref_class1000,2.85,2.4,93,0.5700000000000001,0.48,0.2736,0.5211428571428571
470,User_DiT_1,1.67,2.0,981,0.33399999999999996,0.4,0.1336,0.3640326975476839
470,User_DiT_2,3.33,2.0,981,0.666,0.4,0.2664,0.499812382739212
470,User_DiT_3,3.33,2.0,981,0.666,0.4,0.2664,0.499812382739212
470,Sys_DiT_ref_class1000,3.82,2.65,94,0.764,0.53,0.40492,0.6258423493044822
471,User_DiT_1,3.75,1.0,981,0.75,0.2,0.15000000000000002,0.31578947368421056
471,User_DiT_2,3.75,1.0,981,0.75,0.2,0.15000000000000002,0.31578947368421056
471,User_DiT_3,0.71,1.0,981,0.142,0.2,0.028399999999999998,0.16608187134502925
471,Sys_DiT_ref_class1000,4.85,4.72,94,0.97,0.944,0.9156799999999999,0.9568234064785789
472,User_DiT_1,4.29,2.0,981,0.858,0.4,0.3432,0.5456279809220985
472,User_DiT_2,5.0,2.0,981,1.0,0.4,0.4,0.5714285714285715
472,User_DiT_3,3.57,2.0,981,0.714,0.4,0.2856,0.5127468581687613
472,Sys_DiT_ref_class1000,4.65,2.85,94,0.93,0.5700000000000001,0.5301000000000001,0.7068000000000002
473,User_DiT_1,4.38,2.0,981,0.876,0.4,0.35040000000000004,0.5492163009404389
473,User_DiT_2,4.38,2.0,981,0.876,0.4,0.35040000000000004,0.5492163009404389
473,User_DiT_3,5.0,2.0,981,1.0,0.4,0.4,0.5714285714285715
473,Sys_DiT_ref_class1000,4.12,3.68,94,0.8240000000000001,0.736,0.606464,0.7775179487179487
474,User_DiT_1,3.57,2.0,981,0.714,0.4,0.2856,0.5127468581687613
474,User_DiT_2,4.29,2.0,981,0.858,0.4,0.3432,0.5456279809220985
474,User_DiT_3,4.29,2.0,981,0.858,0.4,0.3432,0.5456279809220985
474,Sys_DiT_ref_class1000,4.12,1.5,94,0.8240000000000001,0.3,0.2472,0.43985765124555154
475,User_DiT_1,3.57,2.0,982,0.714,0.4,0.2856,0.5127468581687613
475,User_DiT_2,3.57,2.0,982,0.714,0.4,0.2856,0.5127468581687613
475,User_DiT_3,3.57,3.0,982,0.714,0.6,0.42839999999999995,0.6520547945205478
475,Sys_DiT_ref_class1000,3.65,2.85,95,0.73,0.5700000000000001,0.4161,0.6401538461538462
476,User_DiT_1,0.0,2.0,982,0.0,0.4,0.0,0.0
476,User_DiT_2,2.5,2.0,982,0.5,0.4,0.2,0.4444444444444445
476,User_DiT_3,0.0,2.0,982,0.0,0.4,0.0,0.0
476,Sys_DiT_ref_class1000,4.35,3.82,95,0.8699999999999999,0.764,0.6646799999999999,0.8135618115055079
477,User_DiT_1,2.86,1.0,982,0.572,0.2,0.1144,0.29637305699481864
477,User_DiT_2,2.86,1.0,982,0.572,0.2,0.1144,0.29637305699481864
477,User_DiT_3,2.86,1.0,982,0.572,0.2,0.1144,0.29637305699481864
477,Sys_DiT_ref_class1000,4.35,3.82,95,0.8699999999999999,0.764,0.6646799999999999,0.8135618115055079
478,User_DiT_1,2.0,1.0,982,0.4,0.2,0.08000000000000002,0.26666666666666666
478,User_DiT_2,0.0,1.0,982,0.0,0.2,0.0,0.0
478,User_DiT_3,2.0,1.0,982,0.4,0.2,0.08000000000000002,0.26666666666666666
478,Sys_DiT_ref_class1000,4.25,2.0,95,0.85,0.4,0.34,0.544
479,User_DiT_1,2.86,2.0,982,0.572,0.4,0.2288,0.47078189300411527
479,User_DiT_2,3.57,2.0,982,0.714,0.4,0.2856,0.5127468581687613
479,User_DiT_3,2.86,2.0,982,0.572,0.4,0.2288,0.47078189300411527
479,Sys_DiT_ref_class1000,3.65,2.85,95,0.73,0.5700000000000001,0.4161,0.6401538461538462
480,User_DiT_1,5.0,3.0,983,1.0,0.6,0.6,0.7499999999999999
480,User_DiT_2,5.0,3.0,983,1.0,0.6,0.6,0.7499999999999999
480,User_DiT_3,5.0,3.0,983,1.0,0.6,0.6,0.7499999999999999
480,Sys_DiT_ref_class1000,3.85,1.5,96,0.77,0.3,0.23099999999999998,0.4317757009345794
481,User_DiT_1,5.0,3.0,983,1.0,0.6,0.6,0.7499999999999999
481,User_DiT_2,5.0,3.0,983,1.0,0.6,0.6,0.7499999999999999
481,User_DiT_3,5.0,3.0,983,1.0,0.6,0.6,0.7499999999999999
481,Sys_DiT_ref_class1000,4.12,1.5,96,0.8240000000000001,0.3,0.2472,0.43985765124555154
482,User_DiT_1,5.0,3.0,983,1.0,0.6,0.6,0.7499999999999999
482,User_DiT_2,5.0,3.0,983,1.0,0.6,0.6,0.7499999999999999
482,User_DiT_3,5.0,4.0,983,1.0,0.8,0.8,0.888888888888889
482,Sys_DiT_ref_class1000,3.45,1.5,96,0.6900000000000001,0.3,0.20700000000000002,0.4181818181818182
483,User_DiT_1,5.0,3.0,983,1.0,0.6,0.6,0.7499999999999999
483,User_DiT_2,5.0,4.0,983,1.0,0.8,0.8,0.888888888888889
483,User_DiT_3,5.0,2.0,983,1.0,0.4,0.4,0.5714285714285715
483,Sys_DiT_ref_class1000,4.85,4.2,96,0.97,0.8400000000000001,0.8148000000000001,0.9003314917127072
484,User_DiT_1,4.44,4.0,983,0.8880000000000001,0.8,0.7104000000000001,0.8417061611374408
484,User_DiT_2,4.44,3.0,983,0.8880000000000001,0.6,0.5328,0.7161290322580646
484,User_DiT_3,4.44,2.0,983,0.8880000000000001,0.4,0.35520000000000007,0.5515527950310559
484,Sys_DiT_ref_class1000,3.85,1.5,96,0.77,0.3,0.23099999999999998,0.4317757009345794
485,User_DiT_1,3.0,4.0,985,0.6,0.8,0.48,0.6857142857142857
485,User_DiT_2,3.0,4.0,985,0.6,0.8,0.48,0.6857142857142857
485,User_DiT_3,3.0,4.0,985,0.6,0.8,0.48,0.6857142857142857
485,Sys_DiT_ref_class1000,4.92,4.95,97,0.984,0.99,0.97416,0.9869908814589666
486,User_DiT_1,0.0,3.0,985,0.0,0.6,0.0,0.0
486,User_DiT_2,0.0,3.0,985,0.0,0.6,0.0,0.0
486,User_DiT_3,0.0,3.0,985,0.0,0.6,0.0,0.0
486,Sys_DiT_ref_class1000,3.42,1.5,97,0.6839999999999999,0.3,0.20519999999999997,0.41707317073170724
487,User_DiT_1,5.0,4.0,985,1.0,0.8,0.8,0.888888888888889
487,User_DiT_2,5.0,4.0,985,1.0,0.8,0.8,0.888888888888889
487,User_DiT_3,5.0,4.0,985,1.0,0.8,0.8,0.888888888888889
487,Sys_DiT_ref_class1000,4.65,1.5,97,0.93,0.3,0.279,0.4536585365853659
488,User_DiT_1,5.0,4.0,985,1.0,0.8,0.8,0.888888888888889
488,User_DiT_2,5.0,4.0,985,1.0,0.8,0.8,0.888888888888889
488,User_DiT_3,5.0,5.0,985,1.0,1.0,1.0,1.0
488,Sys_DiT_ref_class1000,4.92,4.95,97,0.984,0.99,0.97416,0.9869908814589666
489,User_DiT_1,5.0,4.0,985,1.0,0.8,0.8,0.888888888888889
489,User_DiT_2,5.0,4.0,985,1.0,0.8,0.8,0.888888888888889
489,User_DiT_3,5.0,4.0,985,1.0,0.8,0.8,0.888888888888889
489,Sys_DiT_ref_class1000,4.98,4.95,97,0.9960000000000001,0.99,0.9860400000000001,0.9929909365558913
490,User_DiT_1,5.0,4.0,991,1.0,0.8,0.8,0.888888888888889
490,User_DiT_2,5.0,5.0,991,1.0,1.0,1.0,1.0
490,User_DiT_3,5.0,5.0,991,1.0,1.0,1.0,1.0
490,Sys_DiT_ref_class1000,4.85,3.62,98,0.97,0.724,0.7022799999999999,0.8291381345926799
491,User_DiT_1,4.44,4.0,991,0.8880000000000001,0.8,0.7104000000000001,0.8417061611374408
491,User_DiT_2,4.44,4.0,991,0.8880000000000001,0.8,0.7104000000000001,0.8417061611374408
491,User_DiT_3,3.89,4.0,991,0.778,0.8,0.6224000000000001,0.7888466413181242
491,Sys_DiT_ref_class1000,4.15,3.65,98,0.8300000000000001,0.73,0.6059,0.7767948717948717
492,User_DiT_1,5.0,4.0,991,1.0,0.8,0.8,0.888888888888889
492,User_DiT_2,5.0,5.0,991,1.0,1.0,1.0,1.0
492,User_DiT_3,5.0,5.0,991,1.0,1.0,1.0,1.0
492,Sys_DiT_ref_class1000,4.92,4.85,98,0.984,0.97,0.95448,0.976949846468782
493,User_DiT_1,5.0,5.0,991,1.0,1.0,1.0,1.0
493,User_DiT_2,5.0,3.0,991,1.0,0.6,0.6,0.7499999999999999
493,User_DiT_3,5.0,4.0,991,1.0,0.8,0.8,0.888888888888889
493,Sys_DiT_ref_class1000,4.85,4.75,98,0.97,0.95,0.9215,0.9598958333333334
494,User_DiT_1,5.0,5.0,991,1.0,1.0,1.0,1.0
494,User_DiT_2,4.0,5.0,991,0.8,1.0,0.8,0.888888888888889
494,User_DiT_3,5.0,4.0,991,1.0,0.8,0.8,0.888888888888889
494,Sys_DiT_ref_class1000,1.25,2.85,98,0.25,0.5700000000000001,0.14250000000000002,0.34756097560975613
495,User_DiT_1,5.0,3.0,999,1.0,0.6,0.6,0.7499999999999999
495,User_DiT_2,5.0,3.0,999,1.0,0.6,0.6,0.7499999999999999
495,User_DiT_3,5.0,3.0,999,1.0,0.6,0.6,0.7499999999999999
495,Sys_DiT_ref_class1000,2.15,1.85,99,0.43,0.37,0.1591,0.39774999999999994
496,User_DiT_1,0.56,2.0,999,0.11200000000000002,0.4,0.044800000000000006,0.17500000000000002
496,User_DiT_2,0.56,2.0,999,0.11200000000000002,0.4,0.044800000000000006,0.17500000000000002
496,User_DiT_3,5.0,2.0,999,1.0,0.4,0.4,0.5714285714285715
496,Sys_DiT_ref_class1000,3.85,1.5,99,0.77,0.3,0.23099999999999998,0.4317757009345794
497,User_DiT_1,5.0,2.0,999,1.0,0.4,0.4,0.5714285714285715
497,User_DiT_2,5.0,2.0,999,1.0,0.4,0.4,0.5714285714285715
497,User_DiT_3,5.0,4.0,999,1.0,0.8,0.8,0.888888888888889
497,Sys_DiT_ref_class1000,4.12,1.5,99,0.8240000000000001,0.3,0.2472,0.43985765124555154
498,User_DiT_1,5.0,3.0,999,1.0,0.6,0.6,0.7499999999999999
498,User_DiT_2,5.0,3.0,999,1.0,0.6,0.6,0.7499999999999999
498,User_DiT_3,5.0,3.0,999,1.0,0.6,0.6,0.7499999999999999
498,Sys_DiT_ref_class1000,3.85,1.5,99,0.77,0.3,0.23099999999999998,0.4317757009345794
499,User_DiT_1,5.0,3.0,999,1.0,0.6,0.6,0.7499999999999999
499,User_DiT_2,5.0,3.0,999,1.0,0.6,0.6,0.7499999999999999
499,User_DiT_3,5.0,3.0,999,1.0,0.6,0.6,0.7499999999999999
499,Sys_DiT_ref_class1000,4.12,1.5,99,0.8240000000000001,0.3,0.2472,0.43985765124555154
500,Sys_DiT_ref_class1000,4.12,3.65,100,0.8240000000000001,0.73,0.60152,0.7741570141570142
501,Sys_DiT_ref_class1000,4.12,2.0,100,0.8240000000000001,0.4,0.32960000000000006,0.538562091503268
502,Sys_DiT_ref_class1000,2.85,2.4,100,0.5700000000000001,0.48,0.2736,0.5211428571428571
503,Sys_DiT_ref_class1000,4.15,1.5,100,0.8300000000000001,0.3,0.249,0.44070796460176986
504,Sys_DiT_ref_class1000,4.85,3.62,100,0.97,0.724,0.7022799999999999,0.8291381345926799
505,Sys_DiT_ref_class1000,4.92,4.85,101,0.984,0.97,0.95448,0.976949846468782
506,Sys_DiT_ref_class1000,4.92,4.75,101,0.984,0.95,0.9348,0.9667011375387797
507,Sys_DiT_ref_class1000,4.82,3.65,101,0.9640000000000001,0.73,0.70372,0.8308382526564345
508,Sys_DiT_ref_class1000,4.85,2.15,101,0.97,0.43,0.41709999999999997,0.5958571428571429
509,Sys_DiT_ref_class1000,4.82,1.5,101,0.9640000000000001,0.3,0.2892,0.45759493670886076
510,Sys_DiT_ref_class1000,3.45,1.5,102,0.6900000000000001,0.3,0.20700000000000002,0.4181818181818182
511,Sys_DiT_ref_class1000,1.85,1.5,102,0.37,0.3,0.111,0.3313432835820896
512,Sys_DiT_ref_class1000,4.82,3.65,102,0.9640000000000001,0.73,0.70372,0.8308382526564345
513,Sys_DiT_ref_class1000,4.68,2.0,102,0.9359999999999999,0.4,0.3744,0.5604790419161677
514,Sys_DiT_ref_class1000,1.85,1.5,102,0.37,0.3,0.111,0.3313432835820896
515,Sys_DiT_ref_class1000,4.85,4.6,103,0.97,0.9199999999999999,0.8923999999999999,0.9443386243386243
516,Sys_DiT_ref_class1000,2.85,1.45,103,0.5700000000000001,0.29,0.1653,0.38441860465116273
517,Sys_DiT_ref_class1000,4.15,1.5,103,0.8300000000000001,0.3,0.249,0.44070796460176986
518,Sys_DiT_ref_class1000,3.85,1.5,103,0.77,0.3,0.23099999999999998,0.4317757009345794
519,Sys_DiT_ref_class1000,3.65,1.5,103,0.73,0.3,0.219,0.42524271844660194
520,Sys_DiT_ref_class1000,3.42,1.5,104,0.6839999999999999,0.3,0.20519999999999997,0.41707317073170724
521,Sys_DiT_ref_class1000,4.12,3.85,104,0.8240000000000001,0.77,0.63448,0.7960853199498118
522,Sys_DiT_ref_class1000,4.12,3.0,104,0.8240000000000001,0.6,0.4944,0.6943820224719102
523,Sys_DiT_ref_class1000,3.65,1.5,104,0.73,0.3,0.219,0.42524271844660194
524,Sys_DiT_ref_class1000,4.15,2.0,104,0.8300000000000001,0.4,0.3320000000000001,0.5398373983739838
525,Sys_DiT_ref_class1000,4.15,1.5,105,0.8300000000000001,0.3,0.249,0.44070796460176986
526,Sys_DiT_ref_class1000,4.85,3.2,105,0.97,0.64,0.6208,0.7711801242236026
527,Sys_DiT_ref_class1000,4.35,1.5,105,0.8699999999999999,0.3,0.26099999999999995,0.4461538461538461
528,Sys_DiT_ref_class1000,3.82,1.5,105,0.764,0.3,0.2292,0.4308270676691729
529,Sys_DiT_ref_class1000,4.62,1.5,105,0.924,0.3,0.2772,0.45294117647058824
530,Sys_DiT_ref_class1000,4.68,3.0,106,0.9359999999999999,0.6,0.5616,0.73125
531,Sys_DiT_ref_class1000,4.35,3.0,106,0.8699999999999999,0.6,0.5219999999999999,0.710204081632653
532,Sys_DiT_ref_class1000,2.15,2.8,106,0.43,0.5599999999999999,0.24079999999999996,0.4864646464646464
533,Sys_DiT_ref_class1000,4.92,4.95,106,0.984,0.99,0.97416,0.9869908814589666
534,Sys_DiT_ref_class1000,4.85,3.0,106,0.97,0.6,0.582,0.7414012738853504
535,Sys_DiT_ref_class1000,4.35,2.85,107,0.8699999999999999,0.5700000000000001,0.4959,0.6887500000000001
536,Sys_DiT_ref_class1000,4.85,3.65,107,0.97,0.73,0.7081,0.8330588235294117
537,Sys_DiT_ref_class1000,3.65,2.85,107,0.73,0.5700000000000001,0.4161,0.6401538461538462
538,Sys_DiT_ref_class1000,4.65,3.85,107,0.93,0.77,0.7161000000000001,0.8424705882352941
539,Sys_DiT_ref_class1000,4.85,4.62,107,0.97,0.924,0.89628,0.9464413938753959
540,Sys_DiT_ref_class1000,4.82,3.65,108,0.9640000000000001,0.73,0.70372,0.8308382526564345
541,Sys_DiT_ref_class1000,4.65,3.85,108,0.93,0.77,0.7161000000000001,0.8424705882352941
542,Sys_DiT_ref_class1000,4.62,3.85,108,0.924,0.77,0.71148,0.8400000000000001
543,Sys_DiT_ref_class1000,4.65,3.85,108,0.93,0.77,0.7161000000000001,0.8424705882352941
544,Sys_DiT_ref_class1000,4.65,3.85,108,0.93,0.77,0.7161000000000001,0.8424705882352941
545,Sys_DiT_ref_class1000,4.85,3.75,109,0.97,0.75,0.7275,0.8459302325581396
546,Sys_DiT_ref_class1000,2.85,3.4,109,0.5700000000000001,0.6799999999999999,0.3876,0.62016
547,Sys_DiT_ref_class1000,4.85,4.92,109,0.97,0.984,0.95448,0.976949846468782
548,Sys_DiT_ref_class1000,4.85,3.85,109,0.97,0.77,0.7469,0.8585057471264368
549,Sys_DiT_ref_class1000,4.85,3.65,109,0.97,0.73,0.7081,0.8330588235294117
550,Sys_DiT_ref_class1000,4.85,2.15,110,0.97,0.43,0.41709999999999997,0.5958571428571429
551,Sys_DiT_ref_class1000,4.85,3.65,110,0.97,0.73,0.7081,0.8330588235294117
552,Sys_DiT_ref_class1000,4.82,2.15,110,0.9640000000000001,0.43,0.41452000000000006,0.5947202295552367
553,Sys_DiT_ref_class1000,4.85,3.72,110,0.97,0.744,0.72168,0.842100350058343
554,Sys_DiT_ref_class1000,4.82,3.65,110,0.9640000000000001,0.73,0.70372,0.8308382526564345
555,Sys_DiT_ref_class1000,4.85,3.65,111,0.97,0.73,0.7081,0.8330588235294117
556,Sys_DiT_ref_class1000,4.85,3.62,111,0.97,0.724,0.7022799999999999,0.8291381345926799
557,Sys_DiT_ref_class1000,4.85,4.92,111,0.97,0.984,0.95448,0.976949846468782
558,Sys_DiT_ref_class1000,4.85,3.62,111,0.97,0.724,0.7022799999999999,0.8291381345926799
559,Sys_DiT_ref_class1000,4.12,2.85,111,0.8240000000000001,0.5700000000000001,0.4696800000000001,0.6738593974175037
560,Sys_DiT_ref_class1000,3.85,3.62,112,0.77,0.724,0.55748,0.7462918340026774
561,Sys_DiT_ref_class1000,4.85,3.75,112,0.97,0.75,0.7275,0.8459302325581396
562,Sys_DiT_ref_class1000,3.45,3.82,112,0.6900000000000001,0.764,0.5271600000000001,0.7251169188445667
563,Sys_DiT_ref_class1000,4.85,4.92,112,0.97,0.984,0.95448,0.976949846468782
564,Sys_DiT_ref_class1000,5.0,5.0,112,1.0,1.0,1.0,1.0
565,Sys_DiT_ref_class1000,4.85,4.75,113,0.97,0.95,0.9215,0.9598958333333334
566,Sys_DiT_ref_class1000,4.92,4.95,113,0.984,0.99,0.97416,0.9869908814589666
567,Sys_DiT_ref_class1000,4.15,3.85,113,0.8300000000000001,0.77,0.6391000000000001,0.7988750000000001
568,Sys_DiT_ref_class1000,3.65,2.85,113,0.73,0.5700000000000001,0.4161,0.6401538461538462
569,Sys_DiT_ref_class1000,4.98,4.99,113,0.9960000000000001,0.998,0.9940080000000001,0.9969989969909729
570,Sys_DiT_ref_class1000,4.92,4.98,114,0.984,0.9960000000000001,0.980064,0.9899636363636364
571,Sys_DiT_ref_class1000,3.42,2.85,114,0.6839999999999999,0.5700000000000001,0.38988,0.6218181818181818
572,Sys_DiT_ref_class1000,3.42,2.85,114,0.6839999999999999,0.5700000000000001,0.38988,0.6218181818181818
573,Sys_DiT_ref_class1000,4.98,4.95,114,0.9960000000000001,0.99,0.9860400000000001,0.9929909365558913
574,Sys_DiT_ref_class1000,4.85,4.2,114,0.97,0.8400000000000001,0.8148000000000001,0.9003314917127072
575,Sys_DiT_ref_class1000,3.65,3.8,115,0.73,0.76,0.5548,0.7446979865771811
576,Sys_DiT_ref_class1000,2.15,2.8,115,0.43,0.5599999999999999,0.24079999999999996,0.4864646464646464
577,Sys_DiT_ref_class1000,3.82,2.45,115,0.764,0.49000000000000005,0.37436,0.5970653907496013
578,Sys_DiT_ref_class1000,4.35,3.82,115,0.8699999999999999,0.764,0.6646799999999999,0.8135618115055079
579,Sys_DiT_ref_class1000,4.82,3.65,115,0.9640000000000001,0.73,0.70372,0.8308382526564345
580,Sys_DiT_ref_class1000,2.85,2.1,116,0.5700000000000001,0.42000000000000004,0.23940000000000006,0.4836363636363637
581,Sys_DiT_ref_class1000,3.65,3.42,116,0.73,0.6839999999999999,0.49931999999999993,0.7062517680339462
582,Sys_DiT_ref_class1000,4.92,4.98,116,0.984,0.9960000000000001,0.980064,0.9899636363636364
583,Sys_DiT_ref_class1000,5.0,5.0,116,1.0,1.0,1.0,1.0
584,Sys_DiT_ref_class1000,4.82,3.65,116,0.9640000000000001,0.73,0.70372,0.8308382526564345
585,Sys_DiT_ref_class1000,4.85,4.2,117,0.97,0.8400000000000001,0.8148000000000001,0.9003314917127072
586,Sys_DiT_ref_class1000,4.65,2.85,117,0.93,0.5700000000000001,0.5301000000000001,0.7068000000000002
587,Sys_DiT_ref_class1000,0.05,2.85,117,0.01,0.5700000000000001,0.005700000000000001,0.019655172413793106
588,Sys_DiT_ref_class1000,3.42,3.15,117,0.6839999999999999,0.63,0.43091999999999997,0.655890410958904
589,Sys_DiT_ref_class1000,4.85,3.42,117,0.97,0.6839999999999999,0.66348,0.802273276904474
590,Sys_DiT_ref_class1000,3.82,2.15,118,0.764,0.43,0.32852,0.550284757118928
591,Sys_DiT_ref_class1000,3.65,2.85,118,0.73,0.5700000000000001,0.4161,0.6401538461538462
592,Sys_DiT_ref_class1000,3.42,3.65,118,0.6839999999999999,0.73,0.49931999999999993,0.7062517680339462
593,Sys_DiT_ref_class1000,2.85,3.2,118,0.5700000000000001,0.64,0.36480000000000007,0.6029752066115703
594,Sys_DiT_ref_class1000,4.65,3.85,118,0.93,0.77,0.7161000000000001,0.8424705882352941
595,Sys_DiT_ref_class1000,3.42,3.65,119,0.6839999999999999,0.73,0.49931999999999993,0.7062517680339462
596,Sys_DiT_ref_class1000,1.85,2.1,119,0.37,0.42000000000000004,0.1554,0.39341772151898735
597,Sys_DiT_ref_class1000,4.35,2.0,119,0.8699999999999999,0.4,0.348,0.5480314960629921
598,Sys_DiT_ref_class1000,3.42,2.85,119,0.6839999999999999,0.5700000000000001,0.38988,0.6218181818181818
599,Sys_DiT_ref_class1000,2.85,3.6,119,0.5700000000000001,0.72,0.41040000000000004,0.6362790697674419
600,Sys_DiT_ref_class1000,4.65,3.0,120,0.93,0.6,0.558,0.7294117647058824
601,Sys_DiT_ref_class1000,2.85,1.92,120,0.5700000000000001,0.384,0.21888000000000002,0.4588679245283019
602,Sys_DiT_ref_class1000,4.85,3.62,120,0.97,0.724,0.7022799999999999,0.8291381345926799
603,Sys_DiT_ref_class1000,2.15,3.85,120,0.43,0.77,0.3311,0.5518333333333334
604,Sys_DiT_ref_class1000,0.12,0.45,120,0.024,0.09,0.00216,0.037894736842105266
605,Sys_DiT_ref_class1000,4.12,3.85,121,0.8240000000000001,0.77,0.63448,0.7960853199498118
606,Sys_DiT_ref_class1000,4.12,2.85,121,0.8240000000000001,0.5700000000000001,0.4696800000000001,0.6738593974175037
607,Sys_DiT_ref_class1000,4.65,2.85,121,0.93,0.5700000000000001,0.5301000000000001,0.7068000000000002
608,Sys_DiT_ref_class1000,4.82,3.65,121,0.9640000000000001,0.73,0.70372,0.8308382526564345
609,Sys_DiT_ref_class1000,4.85,2.75,121,0.97,0.55,0.5335,0.7019736842105263
610,Sys_DiT_ref_class1000,4.65,1.5,122,0.93,0.3,0.279,0.4536585365853659
611,Sys_DiT_ref_class1000,2.85,2.1,122,0.5700000000000001,0.42000000000000004,0.23940000000000006,0.4836363636363637
612,Sys_DiT_ref_class1000,1.24,1.5,122,0.248,0.3,0.0744,0.2715328467153284
613,Sys_DiT_ref_class1000,4.15,3.85,122,0.8300000000000001,0.77,0.6391000000000001,0.7988750000000001
614,Sys_DiT_ref_class1000,3.85,2.65,122,0.77,0.53,0.4081,0.6278461538461538
615,Sys_DiT_ref_class1000,4.85,4.12,123,0.97,0.8240000000000001,0.79928,0.8910590858416945
616,Sys_DiT_ref_class1000,3.62,2.85,123,0.724,0.5700000000000001,0.41268000000000005,0.6378361669242659
617,Sys_DiT_ref_class1000,4.85,3.65,123,0.97,0.73,0.7081,0.8330588235294117
618,Sys_DiT_ref_class1000,4.85,3.65,123,0.97,0.73,0.7081,0.8330588235294117
619,Sys_DiT_ref_class1000,4.85,4.2,123,0.97,0.8400000000000001,0.8148000000000001,0.9003314917127072
620,Sys_DiT_ref_class1000,4.35,2.85,124,0.8699999999999999,0.5700000000000001,0.4959,0.6887500000000001
621,Sys_DiT_ref_class1000,0.85,0.62,124,0.16999999999999998,0.124,0.021079999999999998,0.14340136054421768
622,Sys_DiT_ref_class1000,3.85,2.75,124,0.77,0.55,0.42350000000000004,0.6416666666666667
623,Sys_DiT_ref_class1000,3.82,2.65,124,0.764,0.53,0.40492,0.6258423493044822
624,Sys_DiT_ref_class1000,3.42,1.5,124,0.6839999999999999,0.3,0.20519999999999997,0.41707317073170724
625,Sys_DiT_ref_class1000,4.82,3.65,125,0.9640000000000001,0.73,0.70372,0.8308382526564345
626,Sys_DiT_ref_class1000,4.82,3.65,125,0.9640000000000001,0.73,0.70372,0.8308382526564345
627,Sys_DiT_ref_class1000,3.85,3.2,125,0.77,0.64,0.4928,0.6990070921985815
628,Sys_DiT_ref_class1000,4.65,3.85,125,0.93,0.77,0.7161000000000001,0.8424705882352941
629,Sys_DiT_ref_class1000,1.85,1.42,125,0.37,0.284,0.10507999999999999,0.3213455657492355
630,Sys_DiT_ref_class1000,4.65,3.85,126,0.93,0.77,0.7161000000000001,0.8424705882352941
631,Sys_DiT_ref_class1000,4.98,4.95,126,0.9960000000000001,0.99,0.9860400000000001,0.9929909365558913
632,Sys_DiT_ref_class1000,3.85,3.6,126,0.77,0.72,0.5544,0.7441610738255033
633,Sys_DiT_ref_class1000,4.62,4.15,126,0.924,0.8300000000000001,0.7669200000000002,0.8744811858608895
634,Sys_DiT_ref_class1000,4.82,4.65,126,0.9640000000000001,0.93,0.8965200000000001,0.9466948257655755
635,Sys_DiT_ref_class1000,4.92,1.5,127,0.984,0.3,0.29519999999999996,0.45981308411214944
636,Sys_DiT_ref_class1000,3.65,1.5,127,0.73,0.3,0.219,0.42524271844660194
637,Sys_DiT_ref_class1000,3.82,1.5,127,0.764,0.3,0.2292,0.4308270676691729
638,Sys_DiT_ref_class1000,4.12,1.5,127,0.8240000000000001,0.3,0.2472,0.43985765124555154
639,Sys_DiT_ref_class1000,4.85,1.5,127,0.97,0.3,0.291,0.458267716535433
640,Sys_DiT_ref_class1000,4.62,3.85,128,0.924,0.77,0.71148,0.8400000000000001
641,Sys_DiT_ref_class1000,4.85,4.92,128,0.97,0.984,0.95448,0.976949846468782
642,Sys_DiT_ref_class1000,4.92,4.85,128,0.984,0.97,0.95448,0.976949846468782
643,Sys_DiT_ref_class1000,3.62,1.5,128,0.724,0.3,0.21719999999999998,0.4242187499999999
644,Sys_DiT_ref_class1000,3.42,1.5,128,0.6839999999999999,0.3,0.20519999999999997,0.41707317073170724
645,Sys_DiT_ref_class1000,4.15,1.5,129,0.8300000000000001,0.3,0.249,0.44070796460176986
646,Sys_DiT_ref_class1000,4.65,1.5,129,0.93,0.3,0.279,0.4536585365853659
647,Sys_DiT_ref_class1000,3.85,2.0,129,0.77,0.4,0.30800000000000005,0.5264957264957266
648,Sys_DiT_ref_class1000,4.12,2.0,129,0.8240000000000001,0.4,0.32960000000000006,0.538562091503268
649,Sys_DiT_ref_class1000,4.65,2.0,129,0.93,0.4,0.37200000000000005,0.5593984962406016
650,Sys_DiT_ref_class1000,4.65,3.85,130,0.93,0.77,0.7161000000000001,0.8424705882352941
651,Sys_DiT_ref_class1000,3.42,2.85,130,0.6839999999999999,0.5700000000000001,0.38988,0.6218181818181818
652,Sys_DiT_ref_class1000,4.12,1.5,130,0.8240000000000001,0.3,0.2472,0.43985765124555154
653,Sys_DiT_ref_class1000,4.65,3.85,130,0.93,0.77,0.7161000000000001,0.8424705882352941
654,Sys_DiT_ref_class1000,4.35,1.5,130,0.8699999999999999,0.3,0.26099999999999995,0.4461538461538461
655,Sys_DiT_ref_class1000,3.42,2.0,131,0.6839999999999999,0.4,0.2736,0.5047970479704796
656,Sys_DiT_ref_class1000,3.65,1.5,131,0.73,0.3,0.219,0.42524271844660194
657,Sys_DiT_ref_class1000,4.15,1.5,131,0.8300000000000001,0.3,0.249,0.44070796460176986
658,Sys_DiT_ref_class1000,4.12,2.0,131,0.8240000000000001,0.4,0.32960000000000006,0.538562091503268
659,Sys_DiT_ref_class1000,2.85,1.5,131,0.5700000000000001,0.3,0.171,0.3931034482758621
660,Sys_DiT_ref_class1000,4.12,1.5,132,0.8240000000000001,0.3,0.2472,0.43985765124555154
661,Sys_DiT_ref_class1000,4.15,2.0,132,0.8300000000000001,0.4,0.3320000000000001,0.5398373983739838
662,Sys_DiT_ref_class1000,2.15,1.5,132,0.43,0.3,0.129,0.35342465753424657
663,Sys_DiT_ref_class1000,2.85,1.5,132,0.5700000000000001,0.3,0.171,0.3931034482758621
664,Sys_DiT_ref_class1000,2.85,1.42,132,0.5700000000000001,0.284,0.16188,0.3791100702576112
665,Sys_DiT_ref_class1000,4.12,1.5,133,0.8240000000000001,0.3,0.2472,0.43985765124555154
666,Sys_DiT_ref_class1000,4.82,3.65,133,0.9640000000000001,0.73,0.70372,0.8308382526564345
667,Sys_DiT_ref_class1000,4.35,3.85,133,0.8699999999999999,0.77,0.6698999999999999,0.8169512195121951
668,Sys_DiT_ref_class1000,4.62,1.5,133,0.924,0.3,0.2772,0.45294117647058824
669,Sys_DiT_ref_class1000,2.85,1.5,133,0.5700000000000001,0.3,0.171,0.3931034482758621
670,Sys_DiT_ref_class1000,4.85,3.65,134,0.97,0.73,0.7081,0.8330588235294117
671,Sys_DiT_ref_class1000,4.15,1.5,134,0.8300000000000001,0.3,0.249,0.44070796460176986
672,Sys_DiT_ref_class1000,2.15,3.0,134,0.43,0.6,0.258,0.5009708737864078
673,Sys_DiT_ref_class1000,4.62,1.5,134,0.924,0.3,0.2772,0.45294117647058824
674,Sys_DiT_ref_class1000,4.12,1.5,134,0.8240000000000001,0.3,0.2472,0.43985765124555154
675,Sys_DiT_ref_class1000,3.42,1.85,135,0.6839999999999999,0.37,0.25307999999999997,0.4802277039848198
676,Sys_DiT_ref_class1000,3.65,2.85,135,0.73,0.5700000000000001,0.4161,0.6401538461538462
677,Sys_DiT_ref_class1000,4.68,2.0,135,0.9359999999999999,0.4,0.3744,0.5604790419161677
678,Sys_DiT_ref_class1000,3.85,1.5,135,0.77,0.3,0.23099999999999998,0.4317757009345794
679,Sys_DiT_ref_class1000,1.85,1.5,135,0.37,0.3,0.111,0.3313432835820896
680,Sys_DiT_ref_class1000,2.85,1.5,136,0.5700000000000001,0.3,0.171,0.3931034482758621
681,Sys_DiT_ref_class1000,3.42,1.5,136,0.6839999999999999,0.3,0.20519999999999997,0.41707317073170724
682,Sys_DiT_ref_class1000,2.85,1.5,136,0.5700000000000001,0.3,0.171,0.3931034482758621
683,Sys_DiT_ref_class1000,2.85,1.5,136,0.5700000000000001,0.3,0.171,0.3931034482758621
684,Sys_DiT_ref_class1000,2.85,1.5,136,0.5700000000000001,0.3,0.171,0.3931034482758621
685,Sys_DiT_ref_class1000,4.65,1.5,137,0.93,0.3,0.279,0.4536585365853659
686,Sys_DiT_ref_class1000,4.82,1.5,137,0.9640000000000001,0.3,0.2892,0.45759493670886076
687,Sys_DiT_ref_class1000,4.85,1.5,137,0.97,0.3,0.291,0.458267716535433
688,Sys_DiT_ref_class1000,4.82,4.65,137,0.9640000000000001,0.93,0.8965200000000001,0.9466948257655755
689,Sys_DiT_ref_class1000,4.92,4.98,137,0.984,0.9960000000000001,0.980064,0.9899636363636364
690,Sys_DiT_ref_class1000,4.65,1.5,138,0.93,0.3,0.279,0.4536585365853659
691,Sys_DiT_ref_class1000,4.65,1.5,138,0.93,0.3,0.279,0.4536585365853659
692,Sys_DiT_ref_class1000,4.62,3.85,138,0.924,0.77,0.71148,0.8400000000000001
693,Sys_DiT_ref_class1000,4.92,4.95,138,0.984,0.99,0.97416,0.9869908814589666
694,Sys_DiT_ref_class1000,4.62,2.0,138,0.924,0.4,0.36960000000000004,0.5583081570996979
695,Sys_DiT_ref_class1000,4.85,4.12,139,0.97,0.8240000000000001,0.79928,0.8910590858416945
696,Sys_DiT_ref_class1000,5.0,5.0,139,1.0,1.0,1.0,1.0
697,Sys_DiT_ref_class1000,4.85,3.0,139,0.97,0.6,0.582,0.7414012738853504
698,Sys_DiT_ref_class1000,3.65,1.5,139,0.73,0.3,0.219,0.42524271844660194
699,Sys_DiT_ref_class1000,4.92,4.95,139,0.984,0.99,0.97416,0.9869908814589666
700,Sys_DiT_ref_class1000,4.65,1.5,140,0.93,0.3,0.279,0.4536585365853659
701,Sys_DiT_ref_class1000,4.65,1.5,140,0.93,0.3,0.279,0.4536585365853659
702,Sys_DiT_ref_class1000,4.85,1.5,140,0.97,0.3,0.291,0.458267716535433
703,Sys_DiT_ref_class1000,4.62,1.5,140,0.924,0.3,0.2772,0.45294117647058824
704,Sys_DiT_ref_class1000,4.12,2.0,140,0.8240000000000001,0.4,0.32960000000000006,0.538562091503268
705,Sys_DiT_ref_class1000,4.65,2.0,141,0.93,0.4,0.37200000000000005,0.5593984962406016
706,Sys_DiT_ref_class1000,4.85,4.2,141,0.97,0.8400000000000001,0.8148000000000001,0.9003314917127072
707,Sys_DiT_ref_class1000,4.65,3.82,141,0.93,0.764,0.71052,0.8388665879574971
708,Sys_DiT_ref_class1000,4.92,4.88,141,0.984,0.976,0.960384,0.9799836734693878
709,Sys_DiT_ref_class1000,4.85,3.62,141,0.97,0.724,0.7022799999999999,0.8291381345926799
710,Sys_DiT_ref_class1000,4.12,2.0,142,0.8240000000000001,0.4,0.32960000000000006,0.538562091503268
711,Sys_DiT_ref_class1000,4.62,1.5,142,0.924,0.3,0.2772,0.45294117647058824
712,Sys_DiT_ref_class1000,4.12,2.0,142,0.8240000000000001,0.4,0.32960000000000006,0.538562091503268
713,Sys_DiT_ref_class1000,4.85,1.5,142,0.97,0.3,0.291,0.458267716535433
714,Sys_DiT_ref_class1000,4.92,3.0,142,0.984,0.6,0.5903999999999999,0.7454545454545454
715,Sys_DiT_ref_class1000,4.35,1.5,143,0.8699999999999999,0.3,0.26099999999999995,0.4461538461538461
716,Sys_DiT_ref_class1000,3.85,1.5,143,0.77,0.3,0.23099999999999998,0.4317757009345794
717,Sys_DiT_ref_class1000,4.15,4.6,143,0.8300000000000001,0.9199999999999999,0.7636000000000001,0.8726857142857144
718,Sys_DiT_ref_class1000,4.65,2.0,143,0.93,0.4,0.37200000000000005,0.5593984962406016
719,Sys_DiT_ref_class1000,4.95,4.98,143,0.99,0.9960000000000001,0.9860400000000001,0.9929909365558913
720,Sys_DiT_ref_class1000,4.15,1.5,144,0.8300000000000001,0.3,0.249,0.44070796460176986
721,Sys_DiT_ref_class1000,4.85,3.65,144,0.97,0.73,0.7081,0.8330588235294117
722,Sys_DiT_ref_class1000,3.42,2.85,144,0.6839999999999999,0.5700000000000001,0.38988,0.6218181818181818
723,Sys_DiT_ref_class1000,4.15,1.5,144,0.8300000000000001,0.3,0.249,0.44070796460176986
724,Sys_DiT_ref_class1000,4.68,1.5,144,0.9359999999999999,0.3,0.2808,0.45436893203883494
725,Sys_DiT_ref_class1000,4.85,2.15,145,0.97,0.43,0.41709999999999997,0.5958571428571429
726,Sys_DiT_ref_class1000,4.82,3.65,145,0.9640000000000001,0.73,0.70372,0.8308382526564345
727,Sys_DiT_ref_class1000,5.0,5.0,145,1.0,1.0,1.0,1.0
728,Sys_DiT_ref_class1000,3.65,2.85,145,0.73,0.5700000000000001,0.4161,0.6401538461538462
729,Sys_DiT_ref_class1000,4.12,1.5,145,0.8240000000000001,0.3,0.2472,0.43985765124555154
730,Sys_DiT_ref_class1000,4.82,3.85,146,0.9640000000000001,0.77,0.74228,0.8561476355247982
731,Sys_DiT_ref_class1000,4.65,3.85,146,0.93,0.77,0.7161000000000001,0.8424705882352941
732,Sys_DiT_ref_class1000,4.85,4.92,146,0.97,0.984,0.95448,0.976949846468782
733,Sys_DiT_ref_class1000,4.85,1.5,146,0.97,0.3,0.291,0.458267716535433
734,Sys_DiT_ref_class1000,4.65,4.85,146,0.93,0.97,0.9021,0.9495789473684211
735,Sys_DiT_ref_class1000,3.65,3.82,147,0.73,0.764,0.55772,0.7466131191432396
736,Sys_DiT_ref_class1000,4.82,4.65,147,0.9640000000000001,0.93,0.8965200000000001,0.9466948257655755
737,Sys_DiT_ref_class1000,4.85,3.6,147,0.97,0.72,0.6983999999999999,0.8265088757396449
738,Sys_DiT_ref_class1000,4.85,4.92,147,0.97,0.984,0.95448,0.976949846468782
739,Sys_DiT_ref_class1000,4.85,3.62,147,0.97,0.724,0.7022799999999999,0.8291381345926799
740,Sys_DiT_ref_class1000,4.82,1.5,148,0.9640000000000001,0.3,0.2892,0.45759493670886076
741,Sys_DiT_ref_class1000,4.85,3.65,148,0.97,0.73,0.7081,0.8330588235294117
742,Sys_DiT_ref_class1000,4.85,3.65,148,0.97,0.73,0.7081,0.8330588235294117
743,Sys_DiT_ref_class1000,4.85,2.65,148,0.97,0.53,0.5141,0.6854666666666667
744,Sys_DiT_ref_class1000,4.98,4.85,148,0.9960000000000001,0.97,0.9661200000000001,0.9828280773143439
745,Sys_DiT_ref_class1000,4.12,1.5,149,0.8240000000000001,0.3,0.2472,0.43985765124555154
746,Sys_DiT_ref_class1000,2.85,3.62,149,0.5700000000000001,0.724,0.41268000000000005,0.6378361669242659
747,Sys_DiT_ref_class1000,4.35,3.82,149,0.8699999999999999,0.764,0.6646799999999999,0.8135618115055079
748,Sys_DiT_ref_class1000,4.85,4.92,149,0.97,0.984,0.95448,0.976949846468782
749,Sys_DiT_ref_class1000,4.35,1.5,149,0.8699999999999999,0.3,0.26099999999999995,0.4461538461538461
750,Sys_DiT_ref_class1000,4.65,3.82,150,0.93,0.764,0.71052,0.8388665879574971
751,Sys_DiT_ref_class1000,4.12,2.85,150,0.8240000000000001,0.5700000000000001,0.4696800000000001,0.6738593974175037
752,Sys_DiT_ref_class1000,3.85,1.5,150,0.77,0.3,0.23099999999999998,0.4317757009345794
753,Sys_DiT_ref_class1000,4.12,2.0,150,0.8240000000000001,0.4,0.32960000000000006,0.538562091503268
754,Sys_DiT_ref_class1000,3.85,1.5,150,0.77,0.3,0.23099999999999998,0.4317757009345794
755,Sys_DiT_ref_class1000,3.65,2.0,151,0.73,0.4,0.292,0.5168141592920354
756,Sys_DiT_ref_class1000,4.85,3.65,151,0.97,0.73,0.7081,0.8330588235294117
757,Sys_DiT_ref_class1000,4.85,1.5,151,0.97,0.3,0.291,0.458267716535433
758,Sys_DiT_ref_class1000,2.85,1.5,151,0.5700000000000001,0.3,0.171,0.3931034482758621
759,Sys_DiT_ref_class1000,2.85,1.2,151,0.5700000000000001,0.24,0.1368,0.3377777777777778
760,Sys_DiT_ref_class1000,4.35,1.5,152,0.8699999999999999,0.3,0.26099999999999995,0.4461538461538461
761,Sys_DiT_ref_class1000,4.85,3.0,152,0.97,0.6,0.582,0.7414012738853504
762,Sys_DiT_ref_class1000,0.45,2.85,152,0.09,0.5700000000000001,0.051300000000000005,0.15545454545454546
763,Sys_DiT_ref_class1000,4.65,2.0,152,0.93,0.4,0.37200000000000005,0.5593984962406016
764,Sys_DiT_ref_class1000,4.65,1.5,152,0.93,0.3,0.279,0.4536585365853659
765,Sys_DiT_ref_class1000,4.85,4.72,153,0.97,0.944,0.9156799999999999,0.9568234064785789
766,Sys_DiT_ref_class1000,1.85,3.2,153,0.37,0.64,0.2368,0.46891089108910894
767,Sys_DiT_ref_class1000,3.42,1.5,153,0.6839999999999999,0.3,0.20519999999999997,0.41707317073170724
768,Sys_DiT_ref_class1000,3.42,1.5,153,0.6839999999999999,0.3,0.20519999999999997,0.41707317073170724
769,Sys_DiT_ref_class1000,4.82,1.5,153,0.9640000000000001,0.3,0.2892,0.45759493670886076
770,Sys_DiT_ref_class1000,4.62,2.85,154,0.924,0.5700000000000001,0.52668,0.7050602409638553
771,Sys_DiT_ref_class1000,4.85,3.0,154,0.97,0.6,0.582,0.7414012738853504
772,Sys_DiT_ref_class1000,4.62,2.0,154,0.924,0.4,0.36960000000000004,0.5583081570996979
773,Sys_DiT_ref_class1000,4.62,1.5,154,0.924,0.3,0.2772,0.45294117647058824
774,Sys_DiT_ref_class1000,3.42,1.85,154,0.6839999999999999,0.37,0.25307999999999997,0.4802277039848198
775,Sys_DiT_ref_class1000,4.82,1.5,155,0.9640000000000001,0.3,0.2892,0.45759493670886076
776,Sys_DiT_ref_class1000,4.12,2.85,155,0.8240000000000001,0.5700000000000001,0.4696800000000001,0.6738593974175037
777,Sys_DiT_ref_class1000,3.45,1.5,155,0.6900000000000001,0.3,0.20700000000000002,0.4181818181818182
778,Sys_DiT_ref_class1000,3.65,1.5,155,0.73,0.3,0.219,0.42524271844660194
779,Sys_DiT_ref_class1000,4.12,1.5,155,0.8240000000000001,0.3,0.2472,0.43985765124555154
780,Sys_DiT_ref_class1000,4.35,3.0,156,0.8699999999999999,0.6,0.5219999999999999,0.710204081632653
781,Sys_DiT_ref_class1000,4.62,2.0,156,0.924,0.4,0.36960000000000004,0.5583081570996979
782,Sys_DiT_ref_class1000,4.82,3.65,156,0.9640000000000001,0.73,0.70372,0.8308382526564345
783,Sys_DiT_ref_class1000,4.82,1.5,156,0.9640000000000001,0.3,0.2892,0.45759493670886076
784,Sys_DiT_ref_class1000,3.42,1.5,156,0.6839999999999999,0.3,0.20519999999999997,0.41707317073170724
785,Sys_DiT_ref_class1000,4.12,1.5,157,0.8240000000000001,0.3,0.2472,0.43985765124555154
786,Sys_DiT_ref_class1000,4.68,3.0,157,0.9359999999999999,0.6,0.5616,0.73125
787,Sys_DiT_ref_class1000,4.68,3.0,157,0.9359999999999999,0.6,0.5616,0.73125
788,Sys_DiT_ref_class1000,4.85,3.0,157,0.97,0.6,0.582,0.7414012738853504
789,Sys_DiT_ref_class1000,4.68,3.0,157,0.9359999999999999,0.6,0.5616,0.73125
790,Sys_DiT_ref_class1000,2.85,3.62,158,0.5700000000000001,0.724,0.41268000000000005,0.6378361669242659
791,Sys_DiT_ref_class1000,2.15,2.0,158,0.43,0.4,0.17200000000000001,0.41445783132530123
792,Sys_DiT_ref_class1000,1.85,1.5,158,0.37,0.3,0.111,0.3313432835820896
793,Sys_DiT_ref_class1000,4.85,2.1,158,0.97,0.42000000000000004,0.40740000000000004,0.5861870503597122
794,Sys_DiT_ref_class1000,4.15,1.5,158,0.8300000000000001,0.3,0.249,0.44070796460176986
795,Sys_DiT_ref_class1000,3.65,2.0,159,0.73,0.4,0.292,0.5168141592920354
796,Sys_DiT_ref_class1000,4.12,3.0,159,0.8240000000000001,0.6,0.4944,0.6943820224719102
797,Sys_DiT_ref_class1000,1.25,1.8,159,0.25,0.36,0.09,0.29508196721311475
798,Sys_DiT_ref_class1000,4.65,3.85,159,0.93,0.77,0.7161000000000001,0.8424705882352941
799,Sys_DiT_ref_class1000,3.12,1.85,159,0.624,0.37,0.23088,0.46454728370221327
800,Sys_DiT_ref_class1000,4.68,3.85,160,0.9359999999999999,0.77,0.72072,0.8449237983587339
801,Sys_DiT_ref_class1000,4.65,2.0,160,0.93,0.4,0.37200000000000005,0.5593984962406016
802,Sys_DiT_ref_class1000,4.85,4.92,160,0.97,0.984,0.95448,0.976949846468782
803,Sys_DiT_ref_class1000,3.62,2.0,160,0.724,0.4,0.2896,0.5153024911032028
804,Sys_DiT_ref_class1000,3.42,1.5,160,0.6839999999999999,0.3,0.20519999999999997,0.41707317073170724
805,Sys_DiT_ref_class1000,4.85,1.5,161,0.97,0.3,0.291,0.458267716535433
806,Sys_DiT_ref_class1000,2.85,1.5,161,0.5700000000000001,0.3,0.171,0.3931034482758621
807,Sys_DiT_ref_class1000,3.42,1.5,161,0.6839999999999999,0.3,0.20519999999999997,0.41707317073170724
808,Sys_DiT_ref_class1000,4.85,1.5,161,0.97,0.3,0.291,0.458267716535433
809,Sys_DiT_ref_class1000,4.65,2.0,161,0.93,0.4,0.37200000000000005,0.5593984962406016
810,Sys_DiT_ref_class1000,4.12,1.5,162,0.8240000000000001,0.3,0.2472,0.43985765124555154
811,Sys_DiT_ref_class1000,4.85,3.2,162,0.97,0.64,0.6208,0.7711801242236026
812,Sys_DiT_ref_class1000,4.65,3.82,162,0.93,0.764,0.71052,0.8388665879574971
813,Sys_DiT_ref_class1000,1.85,1.2,162,0.37,0.24,0.08879999999999999,0.2911475409836065
814,Sys_DiT_ref_class1000,4.62,2.0,162,0.924,0.4,0.36960000000000004,0.5583081570996979
815,Sys_DiT_ref_class1000,4.68,2.0,163,0.9359999999999999,0.4,0.3744,0.5604790419161677
816,Sys_DiT_ref_class1000,4.85,4.72,163,0.97,0.944,0.9156799999999999,0.9568234064785789
817,Sys_DiT_ref_class1000,4.12,2.0,163,0.8240000000000001,0.4,0.32960000000000006,0.538562091503268
818,Sys_DiT_ref_class1000,4.92,1.5,163,0.984,0.3,0.29519999999999996,0.45981308411214944
819,Sys_DiT_ref_class1000,3.62,1.5,163,0.724,0.3,0.21719999999999998,0.4242187499999999
820,Sys_DiT_ref_class1000,3.42,1.5,164,0.6839999999999999,0.3,0.20519999999999997,0.41707317073170724
821,Sys_DiT_ref_class1000,3.85,1.5,164,0.77,0.3,0.23099999999999998,0.4317757009345794
822,Sys_DiT_ref_class1000,4.65,2.0,164,0.93,0.4,0.37200000000000005,0.5593984962406016
823,Sys_DiT_ref_class1000,4.12,1.5,164,0.8240000000000001,0.3,0.2472,0.43985765124555154
824,Sys_DiT_ref_class1000,4.85,1.5,164,0.97,0.3,0.291,0.458267716535433
825,Sys_DiT_ref_class1000,4.98,4.95,165,0.9960000000000001,0.99,0.9860400000000001,0.9929909365558913
826,Sys_DiT_ref_class1000,4.15,1.5,165,0.8300000000000001,0.3,0.249,0.44070796460176986
827,Sys_DiT_ref_class1000,4.12,1.5,165,0.8240000000000001,0.3,0.2472,0.43985765124555154
828,Sys_DiT_ref_class1000,4.12,1.5,165,0.8240000000000001,0.3,0.2472,0.43985765124555154
829,Sys_DiT_ref_class1000,4.65,2.85,165,0.93,0.5700000000000001,0.5301000000000001,0.7068000000000002
830,Sys_DiT_ref_class1000,4.85,4.92,166,0.97,0.984,0.95448,0.976949846468782
831,Sys_DiT_ref_class1000,4.85,1.5,166,0.97,0.3,0.291,0.458267716535433
832,Sys_DiT_ref_class1000,3.42,1.5,166,0.6839999999999999,0.3,0.20519999999999997,0.41707317073170724
833,Sys_DiT_ref_class1000,4.12,1.5,166,0.8240000000000001,0.3,0.2472,0.43985765124555154
834,Sys_DiT_ref_class1000,4.15,1.5,166,0.8300000000000001,0.3,0.249,0.44070796460176986
835,Sys_DiT_ref_class1000,3.65,3.82,167,0.73,0.764,0.55772,0.7466131191432396
836,Sys_DiT_ref_class1000,2.85,3.42,167,0.5700000000000001,0.6839999999999999,0.38988,0.6218181818181818
837,Sys_DiT_ref_class1000,3.65,1.5,167,0.73,0.3,0.219,0.42524271844660194
838,Sys_DiT_ref_class1000,1.85,1.2,167,0.37,0.24,0.08879999999999999,0.2911475409836065
839,Sys_DiT_ref_class1000,4.85,3.72,167,0.97,0.744,0.72168,0.842100350058343
840,Sys_DiT_ref_class1000,3.85,1.5,168,0.77,0.3,0.23099999999999998,0.4317757009345794
841,Sys_DiT_ref_class1000,3.42,2.85,168,0.6839999999999999,0.5700000000000001,0.38988,0.6218181818181818
842,Sys_DiT_ref_class1000,4.12,1.5,168,0.8240000000000001,0.3,0.2472,0.43985765124555154
843,Sys_DiT_ref_class1000,2.85,2.0,168,0.5700000000000001,0.4,0.22800000000000004,0.4701030927835052
844,Sys_DiT_ref_class1000,3.65,1.5,168,0.73,0.3,0.219,0.42524271844660194
845,Sys_DiT_ref_class1000,4.12,1.5,169,0.8240000000000001,0.3,0.2472,0.43985765124555154
846,Sys_DiT_ref_class1000,3.42,1.5,169,0.6839999999999999,0.3,0.20519999999999997,0.41707317073170724
847,Sys_DiT_ref_class1000,4.65,3.8,169,0.93,0.76,0.7068000000000001,0.8364497041420119
848,Sys_DiT_ref_class1000,4.85,3.65,169,0.97,0.73,0.7081,0.8330588235294117
849,Sys_DiT_ref_class1000,3.65,2.85,169,0.73,0.5700000000000001,0.4161,0.6401538461538462
850,Sys_DiT_ref_class1000,4.35,3.85,170,0.8699999999999999,0.77,0.6698999999999999,0.8169512195121951
851,Sys_DiT_ref_class1000,4.65,3.85,170,0.93,0.77,0.7161000000000001,0.8424705882352941
852,Sys_DiT_ref_class1000,4.12,1.5,170,0.8240000000000001,0.3,0.2472,0.43985765124555154
853,Sys_DiT_ref_class1000,1.85,1.2,170,0.37,0.24,0.08879999999999999,0.2911475409836065
854,Sys_DiT_ref_class1000,2.15,1.85,170,0.43,0.37,0.1591,0.39774999999999994
855,Sys_DiT_ref_class1000,4.92,4.85,171,0.984,0.97,0.95448,0.976949846468782
856,Sys_DiT_ref_class1000,4.85,3.65,171,0.97,0.73,0.7081,0.8330588235294117
857,Sys_DiT_ref_class1000,4.92,2.0,171,0.984,0.4,0.3936,0.5687861271676301
858,Sys_DiT_ref_class1000,3.85,2.65,171,0.77,0.53,0.4081,0.6278461538461538
859,Sys_DiT_ref_class1000,4.85,1.5,171,0.97,0.3,0.291,0.458267716535433
860,Sys_DiT_ref_class1000,1.24,0.85,172,0.248,0.16999999999999998,0.042159999999999996,0.2017224880382775
861,Sys_DiT_ref_class1000,2.85,1.5,172,0.5700000000000001,0.3,0.171,0.3931034482758621
862,Sys_DiT_ref_class1000,1.25,1.1,172,0.25,0.22000000000000003,0.05500000000000001,0.23404255319148937
863,Sys_DiT_ref_class1000,4.15,3.85,172,0.8300000000000001,0.77,0.6391000000000001,0.7988750000000001
864,Sys_DiT_ref_class1000,4.85,3.0,172,0.97,0.6,0.582,0.7414012738853504
865,Sys_DiT_ref_class1000,4.65,2.0,173,0.93,0.4,0.37200000000000005,0.5593984962406016
866,Sys_DiT_ref_class1000,1.45,1.5,173,0.29,0.3,0.087,0.29491525423728815
867,Sys_DiT_ref_class1000,3.85,1.5,173,0.77,0.3,0.23099999999999998,0.4317757009345794
868,Sys_DiT_ref_class1000,4.85,4.62,173,0.97,0.924,0.89628,0.9464413938753959
869,Sys_DiT_ref_class1000,2.85,2.15,173,0.5700000000000001,0.43,0.2451,0.4902
870,Sys_DiT_ref_class1000,4.12,1.5,174,0.8240000000000001,0.3,0.2472,0.43985765124555154
871,Sys_DiT_ref_class1000,1.85,1.5,174,0.37,0.3,0.111,0.3313432835820896
872,Sys_DiT_ref_class1000,4.62,1.5,174,0.924,0.3,0.2772,0.45294117647058824
873,Sys_DiT_ref_class1000,2.85,1.92,174,0.5700000000000001,0.384,0.21888000000000002,0.4588679245283019
874,Sys_DiT_ref_class1000,4.82,1.5,174,0.9640000000000001,0.3,0.2892,0.45759493670886076
875,Sys_DiT_ref_class1000,4.35,2.0,175,0.8699999999999999,0.4,0.348,0.5480314960629921
876,Sys_DiT_ref_class1000,4.82,3.65,175,0.9640000000000001,0.73,0.70372,0.8308382526564345
877,Sys_DiT_ref_class1000,3.85,1.5,175,0.77,0.3,0.23099999999999998,0.4317757009345794
878,Sys_DiT_ref_class1000,4.62,2.0,175,0.924,0.4,0.36960000000000004,0.5583081570996979
879,Sys_DiT_ref_class1000,3.42,1.5,175,0.6839999999999999,0.3,0.20519999999999997,0.41707317073170724
880,Sys_DiT_ref_class1000,4.85,4.75,176,0.97,0.95,0.9215,0.9598958333333334
881,Sys_DiT_ref_class1000,4.85,4.12,176,0.97,0.8240000000000001,0.79928,0.8910590858416945
882,Sys_DiT_ref_class1000,4.85,3.65,176,0.97,0.73,0.7081,0.8330588235294117
883,Sys_DiT_ref_class1000,3.65,3.82,176,0.73,0.764,0.55772,0.7466131191432396
884,Sys_DiT_ref_class1000,1.85,1.2,176,0.37,0.24,0.08879999999999999,0.2911475409836065
885,Sys_DiT_ref_class1000,4.15,2.35,177,0.8300000000000001,0.47000000000000003,0.39010000000000006,0.6001538461538463
886,Sys_DiT_ref_class1000,4.68,3.85,177,0.9359999999999999,0.77,0.72072,0.8449237983587339
887,Sys_DiT_ref_class1000,4.35,2.85,177,0.8699999999999999,0.5700000000000001,0.4959,0.6887500000000001
888,Sys_DiT_ref_class1000,4.85,4.2,177,0.97,0.8400000000000001,0.8148000000000001,0.9003314917127072
889,Sys_DiT_ref_class1000,1.85,1.2,177,0.37,0.24,0.08879999999999999,0.2911475409836065
890,Sys_DiT_ref_class1000,4.85,1.5,178,0.97,0.3,0.291,0.458267716535433
891,Sys_DiT_ref_class1000,1.85,0.92,178,0.37,0.184,0.06808,0.24577617328519855
892,Sys_DiT_ref_class1000,2.85,2.1,178,0.5700000000000001,0.42000000000000004,0.23940000000000006,0.4836363636363637
893,Sys_DiT_ref_class1000,2.85,1.42,178,0.5700000000000001,0.284,0.16188,0.3791100702576112
894,Sys_DiT_ref_class1000,1.85,1.2,178,0.37,0.24,0.08879999999999999,0.2911475409836065
895,Sys_DiT_ref_class1000,4.82,1.5,179,0.9640000000000001,0.3,0.2892,0.45759493670886076
896,Sys_DiT_ref_class1000,4.12,1.5,179,0.8240000000000001,0.3,0.2472,0.43985765124555154
897,Sys_DiT_ref_class1000,4.65,2.85,179,0.93,0.5700000000000001,0.5301000000000001,0.7068000000000002
898,Sys_DiT_ref_class1000,4.85,3.0,179,0.97,0.6,0.582,0.7414012738853504
899,Sys_DiT_ref_class1000,4.85,3.65,179,0.97,0.73,0.7081,0.8330588235294117
900,Sys_DiT_ref_class1000,4.35,2.0,180,0.8699999999999999,0.4,0.348,0.5480314960629921
901,Sys_DiT_ref_class1000,4.68,2.0,180,0.9359999999999999,0.4,0.3744,0.5604790419161677
902,Sys_DiT_ref_class1000,3.62,1.85,180,0.724,0.37,0.26788,0.48972577696526515
903,Sys_DiT_ref_class1000,4.68,3.0,180,0.9359999999999999,0.6,0.5616,0.73125
904,Sys_DiT_ref_class1000,3.82,1.5,180,0.764,0.3,0.2292,0.4308270676691729
905,Sys_DiT_ref_class1000,2.45,1.5,181,0.49000000000000005,0.3,0.14700000000000002,0.37215189873417726
906,Sys_DiT_ref_class1000,1.25,0.85,181,0.25,0.16999999999999998,0.042499999999999996,0.20238095238095238
907,Sys_DiT_ref_class1000,3.42,1.5,181,0.6839999999999999,0.3,0.20519999999999997,0.41707317073170724
908,Sys_DiT_ref_class1000,4.82,3.65,181,0.9640000000000001,0.73,0.70372,0.8308382526564345
909,Sys_DiT_ref_class1000,2.15,1.5,181,0.43,0.3,0.129,0.35342465753424657
910,Sys_DiT_ref_class1000,4.12,1.5,182,0.8240000000000001,0.3,0.2472,0.43985765124555154
911,Sys_DiT_ref_class1000,3.85,1.5,182,0.77,0.3,0.23099999999999998,0.4317757009345794
912,Sys_DiT_ref_class1000,4.82,1.5,182,0.9640000000000001,0.3,0.2892,0.45759493670886076
913,Sys_DiT_ref_class1000,4.65,3.0,182,0.93,0.6,0.558,0.7294117647058824
914,Sys_DiT_ref_class1000,4.82,4.65,182,0.9640000000000001,0.93,0.8965200000000001,0.9466948257655755
915,Sys_DiT_ref_class1000,1.85,2.4,183,0.37,0.48,0.17759999999999998,0.4178823529411764
916,Sys_DiT_ref_class1000,1.85,2.0,183,0.37,0.4,0.148,0.3844155844155844
917,Sys_DiT_ref_class1000,4.85,4.6,183,0.97,0.9199999999999999,0.8923999999999999,0.9443386243386243
918,Sys_DiT_ref_class1000,3.85,2.65,183,0.77,0.53,0.4081,0.6278461538461538
919,Sys_DiT_ref_class1000,4.85,3.62,183,0.97,0.724,0.7022799999999999,0.8291381345926799
920,Sys_DiT_ref_class1000,4.65,1.5,184,0.93,0.3,0.279,0.4536585365853659
921,Sys_DiT_ref_class1000,4.12,1.5,184,0.8240000000000001,0.3,0.2472,0.43985765124555154
922,Sys_DiT_ref_class1000,4.65,1.5,184,0.93,0.3,0.279,0.4536585365853659
923,Sys_DiT_ref_class1000,1.85,2.1,184,0.37,0.42000000000000004,0.1554,0.39341772151898735
924,Sys_DiT_ref_class1000,4.12,1.5,184,0.8240000000000001,0.3,0.2472,0.43985765124555154
925,Sys_DiT_ref_class1000,4.68,2.85,185,0.9359999999999999,0.5700000000000001,0.53352,0.7085258964143426
926,Sys_DiT_ref_class1000,4.92,2.0,185,0.984,0.4,0.3936,0.5687861271676301
927,Sys_DiT_ref_class1000,3.42,1.5,185,0.6839999999999999,0.3,0.20519999999999997,0.41707317073170724
928,Sys_DiT_ref_class1000,4.82,3.0,185,0.9640000000000001,0.6,0.5784,0.7396419437340154
929,Sys_DiT_ref_class1000,1.85,2.4,185,0.37,0.48,0.17759999999999998,0.4178823529411764
930,Sys_DiT_ref_class1000,4.85,1.5,186,0.97,0.3,0.291,0.458267716535433
931,Sys_DiT_ref_class1000,4.85,1.5,186,0.97,0.3,0.291,0.458267716535433
932,Sys_DiT_ref_class1000,4.62,2.85,186,0.924,0.5700000000000001,0.52668,0.7050602409638553
933,Sys_DiT_ref_class1000,4.92,4.65,186,0.984,0.93,0.91512,0.9562382445141066
934,Sys_DiT_ref_class1000,4.65,2.0,186,0.93,0.4,0.37200000000000005,0.5593984962406016
935,Sys_DiT_ref_class1000,4.82,1.5,187,0.9640000000000001,0.3,0.2892,0.45759493670886076
936,Sys_DiT_ref_class1000,2.85,1.5,187,0.5700000000000001,0.3,0.171,0.3931034482758621
937,Sys_DiT_ref_class1000,4.12,1.5,187,0.8240000000000001,0.3,0.2472,0.43985765124555154
938,Sys_DiT_ref_class1000,4.15,3.62,187,0.8300000000000001,0.724,0.60092,0.7733848133848134
939,Sys_DiT_ref_class1000,2.85,2.1,187,0.5700000000000001,0.42000000000000004,0.23940000000000006,0.4836363636363637
940,Sys_DiT_ref_class1000,3.65,1.5,188,0.73,0.3,0.219,0.42524271844660194
941,Sys_DiT_ref_class1000,4.12,1.5,188,0.8240000000000001,0.3,0.2472,0.43985765124555154
942,Sys_DiT_ref_class1000,4.65,1.5,188,0.93,0.3,0.279,0.4536585365853659
943,Sys_DiT_ref_class1000,4.15,1.5,188,0.8300000000000001,0.3,0.249,0.44070796460176986
944,Sys_DiT_ref_class1000,1.85,3.62,188,0.37,0.724,0.26788,0.48972577696526515
945,Sys_DiT_ref_class1000,4.85,3.65,189,0.97,0.73,0.7081,0.8330588235294117
946,Sys_DiT_ref_class1000,3.42,2.85,189,0.6839999999999999,0.5700000000000001,0.38988,0.6218181818181818
947,Sys_DiT_ref_class1000,1.85,1.2,189,0.37,0.24,0.08879999999999999,0.2911475409836065
948,Sys_DiT_ref_class1000,4.62,2.0,189,0.924,0.4,0.36960000000000004,0.5583081570996979
949,Sys_DiT_ref_class1000,4.15,2.85,189,0.8300000000000001,0.5700000000000001,0.4731000000000001,0.6758571428571429
950,Sys_DiT_ref_class1000,3.42,1.5,190,0.6839999999999999,0.3,0.20519999999999997,0.41707317073170724
951,Sys_DiT_ref_class1000,3.85,2.15,190,0.77,0.43,0.3311,0.5518333333333334
952,Sys_DiT_ref_class1000,4.12,1.5,190,0.8240000000000001,0.3,0.2472,0.43985765124555154
953,Sys_DiT_ref_class1000,4.65,1.85,190,0.93,0.37,0.3441,0.5293846153846153
954,Sys_DiT_ref_class1000,2.15,1.85,190,0.43,0.37,0.1591,0.39774999999999994
955,Sys_DiT_ref_class1000,1.85,1.4,191,0.37,0.27999999999999997,0.10359999999999998,0.31876923076923075
956,Sys_DiT_ref_class1000,3.65,1.5,191,0.73,0.3,0.219,0.42524271844660194
957,Sys_DiT_ref_class1000,4.12,3.68,191,0.8240000000000001,0.736,0.606464,0.7775179487179487
958,Sys_DiT_ref_class1000,4.82,1.5,191,0.9640000000000001,0.3,0.2892,0.45759493670886076
959,Sys_DiT_ref_class1000,4.12,2.0,191,0.8240000000000001,0.4,0.32960000000000006,0.538562091503268
960,Sys_DiT_ref_class1000,4.35,3.82,192,0.8699999999999999,0.764,0.6646799999999999,0.8135618115055079
961,Sys_DiT_ref_class1000,4.15,2.85,192,0.8300000000000001,0.5700000000000001,0.4731000000000001,0.6758571428571429
962,Sys_DiT_ref_class1000,4.15,3.0,192,0.8300000000000001,0.6,0.498,0.6965034965034964
963,Sys_DiT_ref_class1000,4.35,1.5,192,0.8699999999999999,0.3,0.26099999999999995,0.4461538461538461
964,Sys_DiT_ref_class1000,1.85,1.5,192,0.37,0.3,0.111,0.3313432835820896
965,Sys_DiT_ref_class1000,4.85,3.0,193,0.97,0.6,0.582,0.7414012738853504
967,Sys_DiT_ref_class1000,1.85,1.5,193,0.37,0.3,0.111,0.3313432835820896
968,Sys_DiT_ref_class1000,4.92,1.5,193,0.984,0.3,0.29519999999999996,0.45981308411214944
969,Sys_DiT_ref_class1000,3.82,1.5,193,0.764,0.3,0.2292,0.4308270676691729
970,Sys_DiT_ref_class1000,2.15,1.85,194,0.43,0.37,0.1591,0.39774999999999994
971,Sys_DiT_ref_class1000,1.85,2.15,194,0.37,0.43,0.1591,0.39774999999999994
972,Sys_DiT_ref_class1000,3.65,2.85,194,0.73,0.5700000000000001,0.4161,0.6401538461538462
973,Sys_DiT_ref_class1000,0.85,1.5,194,0.16999999999999998,0.3,0.051,0.2170212765957447
974,Sys_DiT_ref_class1000,4.15,2.85,194,0.8300000000000001,0.5700000000000001,0.4731000000000001,0.6758571428571429
975,Sys_DiT_ref_class1000,4.12,1.5,195,0.8240000000000001,0.3,0.2472,0.43985765124555154
976,Sys_DiT_ref_class1000,4.12,1.5,195,0.8240000000000001,0.3,0.2472,0.43985765124555154
977,Sys_DiT_ref_class1000,4.35,1.5,195,0.8699999999999999,0.3,0.26099999999999995,0.4461538461538461
978,Sys_DiT_ref_class1000,4.65,1.5,195,0.93,0.3,0.279,0.4536585365853659
979,Sys_DiT_ref_class1000,4.35,1.5,195,0.8699999999999999,0.3,0.26099999999999995,0.4461538461538461
980,Sys_DiT_ref_class1000,2.15,1.5,196,0.43,0.3,0.129,0.35342465753424657
981,Sys_DiT_ref_class1000,4.12,1.5,196,0.8240000000000001,0.3,0.2472,0.43985765124555154
982,Sys_DiT_ref_class1000,4.68,3.85,196,0.9359999999999999,0.77,0.72072,0.8449237983587339
983,Sys_DiT_ref_class1000,4.12,2.0,196,0.8240000000000001,0.4,0.32960000000000006,0.538562091503268
984,Sys_DiT_ref_class1000,2.15,1.5,196,0.43,0.3,0.129,0.35342465753424657
985,Sys_DiT_ref_class1000,3.65,1.5,197,0.73,0.3,0.219,0.42524271844660194
986,Sys_DiT_ref_class1000,2.85,1.5,197,0.5700000000000001,0.3,0.171,0.3931034482758621
987,Sys_DiT_ref_class1000,4.85,3.6,197,0.97,0.72,0.6983999999999999,0.8265088757396449
988,Sys_DiT_ref_class1000,4.62,3.0,197,0.924,0.6,0.5544,0.7275590551181103
989,Sys_DiT_ref_class1000,4.65,2.85,197,0.93,0.5700000000000001,0.5301000000000001,0.7068000000000002
990,Sys_DiT_ref_class1000,4.35,2.85,198,0.8699999999999999,0.5700000000000001,0.4959,0.6887500000000001
991,Sys_DiT_ref_class1000,3.42,1.5,198,0.6839999999999999,0.3,0.20519999999999997,0.41707317073170724
992,Sys_DiT_ref_class1000,2.15,2.0,198,0.43,0.4,0.17200000000000001,0.41445783132530123
993,Sys_DiT_ref_class1000,4.85,1.5,198,0.97,0.3,0.291,0.458267716535433
994,Sys_DiT_ref_class1000,4.15,1.5,198,0.8300000000000001,0.3,0.249,0.44070796460176986
995,Sys_DiT_ref_class1000,3.42,1.5,199,0.6839999999999999,0.3,0.20519999999999997,0.41707317073170724
996,Sys_DiT_ref_class1000,4.85,4.62,199,0.97,0.924,0.89628,0.9464413938753959
997,Sys_DiT_ref_class1000,3.85,1.5,199,0.77,0.3,0.23099999999999998,0.4317757009345794
998,Sys_DiT_ref_class1000,4.12,2.0,199,0.8240000000000001,0.4,0.32960000000000006,0.538562091503268
999,Sys_DiT_ref_class1000,4.65,3.82,199,0.93,0.764,0.71052,0.8388665879574971
1000,Sys_DiT_ref_class1000,3.65,1.5,200,0.73,0.3,0.219,0.42524271844660194
1001,Sys_DiT_ref_class1000,4.12,1.5,200,0.8240000000000001,0.3,0.2472,0.43985765124555154
1002,Sys_DiT_ref_class1000,4.62,2.0,200,0.924,0.4,0.36960000000000004,0.5583081570996979
1003,Sys_DiT_ref_class1000,2.85,2.0,200,0.5700000000000001,0.4,0.22800000000000004,0.4701030927835052
1004,Sys_DiT_ref_class1000,4.12,1.5,200,0.8240000000000001,0.3,0.2472,0.43985765124555154
1005,Sys_DiT_ref_class1000,2.85,2.1,201,0.5700000000000001,0.42000000000000004,0.23940000000000006,0.4836363636363637
1006,Sys_DiT_ref_class1000,4.15,3.85,201,0.8300000000000001,0.77,0.6391000000000001,0.7988750000000001
1007,Sys_DiT_ref_class1000,4.65,1.5,201,0.93,0.3,0.279,0.4536585365853659
1008,Sys_DiT_ref_class1000,2.85,2.0,201,0.5700000000000001,0.4,0.22800000000000004,0.4701030927835052
1009,Sys_DiT_ref_class1000,2.15,2.0,201,0.43,0.4,0.17200000000000001,0.41445783132530123
1010,Sys_DiT_ref_class1000,3.42,1.5,202,0.6839999999999999,0.3,0.20519999999999997,0.41707317073170724
1011,Sys_DiT_ref_class1000,4.15,1.5,202,0.8300000000000001,0.3,0.249,0.44070796460176986
1012,Sys_DiT_ref_class1000,4.65,1.5,202,0.93,0.3,0.279,0.4536585365853659
1013,Sys_DiT_ref_class1000,4.82,4.65,202,0.9640000000000001,0.93,0.8965200000000001,0.9466948257655755
1014,Sys_DiT_ref_class1000,4.72,2.0,202,0.944,0.4,0.3776,0.5619047619047619
1015,Sys_DiT_ref_class1000,3.45,1.5,203,0.6900000000000001,0.3,0.20700000000000002,0.4181818181818182
1016,Sys_DiT_ref_class1000,4.85,1.5,203,0.97,0.3,0.291,0.458267716535433
1017,Sys_DiT_ref_class1000,1.85,1.2,203,0.37,0.24,0.08879999999999999,0.2911475409836065
1018,Sys_DiT_ref_class1000,3.85,1.5,203,0.77,0.3,0.23099999999999998,0.4317757009345794
1019,Sys_DiT_ref_class1000,4.85,1.5,203,0.97,0.3,0.291,0.458267716535433
1020,Sys_DiT_ref_class1000,4.82,4.65,204,0.9640000000000001,0.93,0.8965200000000001,0.9466948257655755
1021,Sys_DiT_ref_class1000,4.12,1.5,204,0.8240000000000001,0.3,0.2472,0.43985765124555154
1022,Sys_DiT_ref_class1000,4.12,1.5,204,0.8240000000000001,0.3,0.2472,0.43985765124555154
1023,Sys_DiT_ref_class1000,3.65,2.85,204,0.73,0.5700000000000001,0.4161,0.6401538461538462
1024,Sys_DiT_ref_class1000,4.12,3.85,204,0.8240000000000001,0.77,0.63448,0.7960853199498118
1025,Sys_DiT_ref_class1000,4.72,1.5,205,0.944,0.3,0.28319999999999995,0.45530546623794205
1026,Sys_DiT_ref_class1000,3.85,3.2,205,0.77,0.64,0.4928,0.6990070921985815
1027,Sys_DiT_ref_class1000,4.82,1.5,205,0.9640000000000001,0.3,0.2892,0.45759493670886076
1028,Sys_DiT_ref_class1000,3.85,3.2,205,0.77,0.64,0.4928,0.6990070921985815
1029,Sys_DiT_ref_class1000,4.12,1.5,205,0.8240000000000001,0.3,0.2472,0.43985765124555154
1030,Sys_DiT_ref_class1000,4.65,2.85,206,0.93,0.5700000000000001,0.5301000000000001,0.7068000000000002
1031,Sys_DiT_ref_class1000,2.15,1.85,206,0.43,0.37,0.1591,0.39774999999999994
1032,Sys_DiT_ref_class1000,4.92,4.88,206,0.984,0.976,0.960384,0.9799836734693878
1033,Sys_DiT_ref_class1000,4.92,4.85,206,0.984,0.97,0.95448,0.976949846468782
1034,Sys_DiT_ref_class1000,4.85,3.2,206,0.97,0.64,0.6208,0.7711801242236026
1035,Sys_DiT_ref_class1000,4.65,1.5,207,0.93,0.3,0.279,0.4536585365853659
1036,Sys_DiT_ref_class1000,4.85,3.0,207,0.97,0.6,0.582,0.7414012738853504
1037,Sys_DiT_ref_class1000,3.82,1.95,207,0.764,0.39,0.29796,0.5163951473136915
1038,Sys_DiT_ref_class1000,4.85,1.5,207,0.97,0.3,0.291,0.458267716535433
1039,Sys_DiT_ref_class1000,4.65,1.5,207,0.93,0.3,0.279,0.4536585365853659
1040,Sys_DiT_ref_class1000,0.15,0.85,208,0.03,0.16999999999999998,0.0050999999999999995,0.051
1041,Sys_DiT_ref_class1000,2.15,0.85,208,0.43,0.16999999999999998,0.0731,0.24366666666666667
1042,Sys_DiT_ref_class1000,4.85,1.5,208,0.97,0.3,0.291,0.458267716535433
1043,Sys_DiT_ref_class1000,1.85,1.2,208,0.37,0.24,0.08879999999999999,0.2911475409836065
1044,Sys_DiT_ref_class1000,4.12,2.85,208,0.8240000000000001,0.5700000000000001,0.4696800000000001,0.6738593974175037
1045,Sys_DiT_ref_class1000,3.85,1.5,209,0.77,0.3,0.23099999999999998,0.4317757009345794
1046,Sys_DiT_ref_class1000,4.85,4.6,209,0.97,0.9199999999999999,0.8923999999999999,0.9443386243386243
1047,Sys_DiT_ref_class1000,4.85,1.5,209,0.97,0.3,0.291,0.458267716535433
1048,Sys_DiT_ref_class1000,3.42,1.5,209,0.6839999999999999,0.3,0.20519999999999997,0.41707317073170724
1049,Sys_DiT_ref_class1000,4.92,1.5,209,0.984,0.3,0.29519999999999996,0.45981308411214944
1050,Sys_DiT_ref_class1000,4.85,4.92,210,0.97,0.984,0.95448,0.976949846468782
1051,Sys_DiT_ref_class1000,4.62,3.15,210,0.924,0.63,0.5821200000000001,0.7491891891891893
1052,Sys_DiT_ref_class1000,4.65,3.85,210,0.93,0.77,0.7161000000000001,0.8424705882352941
1053,Sys_DiT_ref_class1000,3.85,4.12,210,0.77,0.8240000000000001,0.63448,0.7960853199498118
1054,Sys_DiT_ref_class1000,4.65,3.85,210,0.93,0.77,0.7161000000000001,0.8424705882352941
1055,Sys_DiT_ref_class1000,4.85,3.65,211,0.97,0.73,0.7081,0.8330588235294117
1056,Sys_DiT_ref_class1000,2.85,1.92,211,0.5700000000000001,0.384,0.21888000000000002,0.4588679245283019
1057,Sys_DiT_ref_class1000,3.85,1.5,211,0.77,0.3,0.23099999999999998,0.4317757009345794
1058,Sys_DiT_ref_class1000,4.85,1.5,211,0.97,0.3,0.291,0.458267716535433
1059,Sys_DiT_ref_class1000,4.12,1.5,211,0.8240000000000001,0.3,0.2472,0.43985765124555154
1060,Sys_DiT_ref_class1000,2.85,1.92,212,0.5700000000000001,0.384,0.21888000000000002,0.4588679245283019
1061,Sys_DiT_ref_class1000,4.12,1.85,212,0.8240000000000001,0.37,0.30488000000000004,0.5106867671691793
1062,Sys_DiT_ref_class1000,4.12,1.5,212,0.8240000000000001,0.3,0.2472,0.43985765124555154
1063,Sys_DiT_ref_class1000,4.65,1.5,212,0.93,0.3,0.279,0.4536585365853659
1064,Sys_DiT_ref_class1000,2.85,1.5,212,0.5700000000000001,0.3,0.171,0.3931034482758621
1065,Sys_DiT_ref_class1000,2.85,1.2,213,0.5700000000000001,0.24,0.1368,0.3377777777777778
1066,Sys_DiT_ref_class1000,2.85,1.92,213,0.5700000000000001,0.384,0.21888000000000002,0.4588679245283019
1067,Sys_DiT_ref_class1000,2.85,1.5,213,0.5700000000000001,0.3,0.171,0.3931034482758621
1068,Sys_DiT_ref_class1000,4.85,1.5,213,0.97,0.3,0.291,0.458267716535433
1069,Sys_DiT_ref_class1000,2.15,1.5,213,0.43,0.3,0.129,0.35342465753424657
1070,Sys_DiT_ref_class1000,3.45,1.5,214,0.6900000000000001,0.3,0.20700000000000002,0.4181818181818182
1071,Sys_DiT_ref_class1000,4.85,3.6,214,0.97,0.72,0.6983999999999999,0.8265088757396449
1072,Sys_DiT_ref_class1000,3.85,1.2,214,0.77,0.24,0.1848,0.36594059405940593
1073,Sys_DiT_ref_class1000,2.85,1.5,214,0.5700000000000001,0.3,0.171,0.3931034482758621
1074,Sys_DiT_ref_class1000,4.12,1.5,214,0.8240000000000001,0.3,0.2472,0.43985765124555154
1075,Sys_DiT_ref_class1000,4.85,1.5,215,0.97,0.3,0.291,0.458267716535433
1076,Sys_DiT_ref_class1000,4.92,4.15,215,0.984,0.8300000000000001,0.8167200000000001,0.9004630650496142
1077,Sys_DiT_ref_class1000,4.82,1.5,215,0.9640000000000001,0.3,0.2892,0.45759493670886076
1078,Sys_DiT_ref_class1000,3.85,1.5,215,0.77,0.3,0.23099999999999998,0.4317757009345794
1079,Sys_DiT_ref_class1000,1.85,2.4,215,0.37,0.48,0.17759999999999998,0.4178823529411764
1080,Sys_DiT_ref_class1000,4.68,3.42,216,0.9359999999999999,0.6839999999999999,0.6402239999999999,0.7904
1081,Sys_DiT_ref_class1000,4.15,3.85,216,0.8300000000000001,0.77,0.6391000000000001,0.7988750000000001
1082,Sys_DiT_ref_class1000,4.65,3.85,216,0.93,0.77,0.7161000000000001,0.8424705882352941
1083,Sys_DiT_ref_class1000,4.82,3.65,216,0.9640000000000001,0.73,0.70372,0.8308382526564345
1084,Sys_DiT_ref_class1000,4.35,1.5,216,0.8699999999999999,0.3,0.26099999999999995,0.4461538461538461
1085,Sys_DiT_ref_class1000,4.15,1.5,217,0.8300000000000001,0.3,0.249,0.44070796460176986
1086,Sys_DiT_ref_class1000,4.65,3.82,217,0.93,0.764,0.71052,0.8388665879574971
1087,Sys_DiT_ref_class1000,4.85,3.0,217,0.97,0.6,0.582,0.7414012738853504
1088,Sys_DiT_ref_class1000,4.85,3.92,217,0.97,0.784,0.76048,0.8671379703534778
1089,Sys_DiT_ref_class1000,4.12,2.85,217,0.8240000000000001,0.5700000000000001,0.4696800000000001,0.6738593974175037
1090,Sys_DiT_ref_class1000,3.85,1.5,218,0.77,0.3,0.23099999999999998,0.4317757009345794
1091,Sys_DiT_ref_class1000,1.85,0.92,218,0.37,0.184,0.06808,0.24577617328519855
1092,Sys_DiT_ref_class1000,4.12,1.5,218,0.8240000000000001,0.3,0.2472,0.43985765124555154
1093,Sys_DiT_ref_class1000,1.25,0.85,218,0.25,0.16999999999999998,0.042499999999999996,0.20238095238095238
1094,Sys_DiT_ref_class1000,2.85,1.5,218,0.5700000000000001,0.3,0.171,0.3931034482758621
1095,Sys_DiT_ref_class1000,4.82,1.5,219,0.9640000000000001,0.3,0.2892,0.45759493670886076
1096,Sys_DiT_ref_class1000,4.85,3.0,219,0.97,0.6,0.582,0.7414012738853504
1097,Sys_DiT_ref_class1000,3.42,1.5,219,0.6839999999999999,0.3,0.20519999999999997,0.41707317073170724
1098,Sys_DiT_ref_class1000,4.85,1.5,219,0.97,0.3,0.291,0.458267716535433
1099,Sys_DiT_ref_class1000,4.85,2.0,219,0.97,0.4,0.388,0.5664233576642336
1100,Sys_DiT_ref_class1000,2.15,2.3,220,0.43,0.45999999999999996,0.19779999999999998,0.4444943820224719
1101,Sys_DiT_ref_class1000,4.72,2.85,220,0.944,0.5700000000000001,0.53808,0.7108058124174372
1102,Sys_DiT_ref_class1000,1.85,2.0,220,0.37,0.4,0.148,0.3844155844155844
1103,Sys_DiT_ref_class1000,4.85,1.5,220,0.97,0.3,0.291,0.458267716535433
1104,Sys_DiT_ref_class1000,3.42,1.5,220,0.6839999999999999,0.3,0.20519999999999997,0.41707317073170724
1105,Sys_DiT_ref_class1000,1.82,0.95,221,0.364,0.19,0.06916,0.24967509025270757
1106,Sys_DiT_ref_class1000,2.85,3.6,221,0.5700000000000001,0.72,0.41040000000000004,0.6362790697674419
1107,Sys_DiT_ref_class1000,3.65,1.5,221,0.73,0.3,0.219,0.42524271844660194
1108,Sys_DiT_ref_class1000,1.25,4.6,221,0.25,0.9199999999999999,0.22999999999999998,0.39316239316239315
1109,Sys_DiT_ref_class1000,2.15,2.85,221,0.43,0.5700000000000001,0.2451,0.4902
1110,Sys_DiT_ref_class1000,1.85,1.2,222,0.37,0.24,0.08879999999999999,0.2911475409836065
1111,Sys_DiT_ref_class1000,4.82,3.65,222,0.9640000000000001,0.73,0.70372,0.8308382526564345
1112,Sys_DiT_ref_class1000,2.85,1.2,222,0.5700000000000001,0.24,0.1368,0.3377777777777778
1113,Sys_DiT_ref_class1000,2.85,2.0,222,0.5700000000000001,0.4,0.22800000000000004,0.4701030927835052
1114,Sys_DiT_ref_class1000,4.65,2.85,222,0.93,0.5700000000000001,0.5301000000000001,0.7068000000000002
1115,Sys_DiT_ref_class1000,3.65,2.85,223,0.73,0.5700000000000001,0.4161,0.6401538461538462
1116,Sys_DiT_ref_class1000,3.65,2.85,223,0.73,0.5700000000000001,0.4161,0.6401538461538462
1117,Sys_DiT_ref_class1000,3.42,1.5,223,0.6839999999999999,0.3,0.20519999999999997,0.41707317073170724
1118,Sys_DiT_ref_class1000,4.12,1.5,223,0.8240000000000001,0.3,0.2472,0.43985765124555154
1119,Sys_DiT_ref_class1000,4.35,3.0,223,0.8699999999999999,0.6,0.5219999999999999,0.710204081632653
1120,Sys_DiT_ref_class1000,4.92,2.0,224,0.984,0.4,0.3936,0.5687861271676301
1121,Sys_DiT_ref_class1000,4.82,1.5,224,0.9640000000000001,0.3,0.2892,0.45759493670886076
1122,Sys_DiT_ref_class1000,1.85,2.0,224,0.37,0.4,0.148,0.3844155844155844
1123,Sys_DiT_ref_class1000,3.82,1.5,224,0.764,0.3,0.2292,0.4308270676691729
1124,Sys_DiT_ref_class1000,4.15,2.85,224,0.8300000000000001,0.5700000000000001,0.4731000000000001,0.6758571428571429
1125,Sys_DiT_ref_class1000,3.85,2.0,225,0.77,0.4,0.30800000000000005,0.5264957264957266
1126,Sys_DiT_ref_class1000,1.82,0.45,225,0.364,0.09,0.03276,0.1443171806167401
1127,Sys_DiT_ref_class1000,4.65,1.85,225,0.93,0.37,0.3441,0.5293846153846153
1128,Sys_DiT_ref_class1000,2.85,1.2,225,0.5700000000000001,0.24,0.1368,0.3377777777777778
1129,Sys_DiT_ref_class1000,1.25,0.85,225,0.25,0.16999999999999998,0.042499999999999996,0.20238095238095238
1130,Sys_DiT_ref_class1000,3.85,1.2,226,0.77,0.24,0.1848,0.36594059405940593
1131,Sys_DiT_ref_class1000,3.15,1.5,226,0.63,0.3,0.189,0.40645161290322585
1132,Sys_DiT_ref_class1000,3.85,2.15,226,0.77,0.43,0.3311,0.5518333333333334
1133,Sys_DiT_ref_class1000,4.85,2.0,226,0.97,0.4,0.388,0.5664233576642336
1134,Sys_DiT_ref_class1000,3.65,1.5,226,0.73,0.3,0.219,0.42524271844660194
1135,Sys_DiT_ref_class1000,4.85,1.5,227,0.97,0.3,0.291,0.458267716535433
1136,Sys_DiT_ref_class1000,4.82,1.5,227,0.9640000000000001,0.3,0.2892,0.45759493670886076
1137,Sys_DiT_ref_class1000,4.62,1.5,227,0.924,0.3,0.2772,0.45294117647058824
1138,Sys_DiT_ref_class1000,4.72,2.0,227,0.944,0.4,0.3776,0.5619047619047619
1139,Sys_DiT_ref_class1000,4.15,2.85,227,0.8300000000000001,0.5700000000000001,0.4731000000000001,0.6758571428571429
1140,Sys_DiT_ref_class1000,3.65,1.5,228,0.73,0.3,0.219,0.42524271844660194
1141,Sys_DiT_ref_class1000,4.12,2.85,228,0.8240000000000001,0.5700000000000001,0.4696800000000001,0.6738593974175037
1142,Sys_DiT_ref_class1000,4.68,3.42,228,0.9359999999999999,0.6839999999999999,0.6402239999999999,0.7904
1143,Sys_DiT_ref_class1000,3.85,1.5,228,0.77,0.3,0.23099999999999998,0.4317757009345794
1144,Sys_DiT_ref_class1000,4.72,3.85,228,0.944,0.77,0.72688,0.8481680280046674
1145,Sys_DiT_ref_class1000,3.42,2.15,229,0.6839999999999999,0.43,0.29412,0.5280430879712747
1146,Sys_DiT_ref_class1000,4.65,3.0,229,0.93,0.6,0.558,0.7294117647058824
1147,Sys_DiT_ref_class1000,4.65,1.5,229,0.93,0.3,0.279,0.4536585365853659
1148,Sys_DiT_ref_class1000,4.65,1.5,229,0.93,0.3,0.279,0.4536585365853659
1149,Sys_DiT_ref_class1000,4.35,1.5,229,0.8699999999999999,0.3,0.26099999999999995,0.4461538461538461
1150,Sys_DiT_ref_class1000,4.65,1.5,230,0.93,0.3,0.279,0.4536585365853659
1151,Sys_DiT_ref_class1000,4.15,1.5,230,0.8300000000000001,0.3,0.249,0.44070796460176986
1152,Sys_DiT_ref_class1000,3.15,1.2,230,0.63,0.24,0.1512,0.34758620689655173
1153,Sys_DiT_ref_class1000,4.65,1.5,230,0.93,0.3,0.279,0.4536585365853659
1154,Sys_DiT_ref_class1000,4.15,1.5,230,0.8300000000000001,0.3,0.249,0.44070796460176986
1155,Sys_DiT_ref_class1000,2.85,1.5,231,0.5700000000000001,0.3,0.171,0.3931034482758621
1156,Sys_DiT_ref_class1000,4.72,3.15,231,0.944,0.63,0.59472,0.7556797966963152
1157,Sys_DiT_ref_class1000,4.85,3.0,231,0.97,0.6,0.582,0.7414012738853504
1158,Sys_DiT_ref_class1000,4.12,1.5,231,0.8240000000000001,0.3,0.2472,0.43985765124555154
1159,Sys_DiT_ref_class1000,4.15,1.5,231,0.8300000000000001,0.3,0.249,0.44070796460176986
1160,Sys_DiT_ref_class1000,4.65,2.0,232,0.93,0.4,0.37200000000000005,0.5593984962406016
1161,Sys_DiT_ref_class1000,3.65,1.5,232,0.73,0.3,0.219,0.42524271844660194
1162,Sys_DiT_ref_class1000,4.65,1.5,232,0.93,0.3,0.279,0.4536585365853659
1163,Sys_DiT_ref_class1000,4.15,1.5,232,0.8300000000000001,0.3,0.249,0.44070796460176986
1164,Sys_DiT_ref_class1000,4.65,3.0,232,0.93,0.6,0.558,0.7294117647058824
1165,Sys_DiT_ref_class1000,4.72,2.85,233,0.944,0.5700000000000001,0.53808,0.7108058124174372
1166,Sys_DiT_ref_class1000,3.85,3.2,233,0.77,0.64,0.4928,0.6990070921985815
1167,Sys_DiT_ref_class1000,4.65,1.5,233,0.93,0.3,0.279,0.4536585365853659
1168,Sys_DiT_ref_class1000,4.65,3.82,233,0.93,0.764,0.71052,0.8388665879574971
1169,Sys_DiT_ref_class1000,4.12,2.0,233,0.8240000000000001,0.4,0.32960000000000006,0.538562091503268
1170,Sys_DiT_ref_class1000,3.42,1.5,234,0.6839999999999999,0.3,0.20519999999999997,0.41707317073170724
1171,Sys_DiT_ref_class1000,4.85,3.65,234,0.97,0.73,0.7081,0.8330588235294117
1172,Sys_DiT_ref_class1000,4.62,1.5,234,0.924,0.3,0.2772,0.45294117647058824
1173,Sys_DiT_ref_class1000,4.82,3.65,234,0.9640000000000001,0.73,0.70372,0.8308382526564345
1174,Sys_DiT_ref_class1000,4.65,1.5,234,0.93,0.3,0.279,0.4536585365853659
1175,Sys_DiT_ref_class1000,4.72,2.85,235,0.944,0.5700000000000001,0.53808,0.7108058124174372
1176,Sys_DiT_ref_class1000,2.85,1.5,235,0.5700000000000001,0.3,0.171,0.3931034482758621
1177,Sys_DiT_ref_class1000,4.15,2.85,235,0.8300000000000001,0.5700000000000001,0.4731000000000001,0.6758571428571429
1178,Sys_DiT_ref_class1000,1.85,1.2,235,0.37,0.24,0.08879999999999999,0.2911475409836065
1179,Sys_DiT_ref_class1000,4.85,2.0,235,0.97,0.4,0.388,0.5664233576642336
1180,Sys_DiT_ref_class1000,4.85,3.65,236,0.97,0.73,0.7081,0.8330588235294117
1181,Sys_DiT_ref_class1000,1.85,1.2,236,0.37,0.24,0.08879999999999999,0.2911475409836065
1182,Sys_DiT_ref_class1000,1.85,0.92,236,0.37,0.184,0.06808,0.24577617328519855
1183,Sys_DiT_ref_class1000,2.85,2.15,236,0.5700000000000001,0.43,0.2451,0.4902
1184,Sys_DiT_ref_class1000,4.72,3.85,236,0.944,0.77,0.72688,0.8481680280046674
1185,Sys_DiT_ref_class1000,2.35,2.8,237,0.47000000000000003,0.5599999999999999,0.2632,0.5110679611650485
1186,Sys_DiT_ref_class1000,4.15,1.5,237,0.8300000000000001,0.3,0.249,0.44070796460176986
1187,Sys_DiT_ref_class1000,2.85,1.5,237,0.5700000000000001,0.3,0.171,0.3931034482758621
1188,Sys_DiT_ref_class1000,4.12,4.35,237,0.8240000000000001,0.8699999999999999,0.71688,0.846375442739079
1189,Sys_DiT_ref_class1000,4.12,1.5,237,0.8240000000000001,0.3,0.2472,0.43985765124555154
1190,Sys_DiT_ref_class1000,3.42,1.5,238,0.6839999999999999,0.3,0.20519999999999997,0.41707317073170724
1191,Sys_DiT_ref_class1000,4.15,2.85,238,0.8300000000000001,0.5700000000000001,0.4731000000000001,0.6758571428571429
1192,Sys_DiT_ref_class1000,4.65,1.5,238,0.93,0.3,0.279,0.4536585365853659
1193,Sys_DiT_ref_class1000,4.15,3.85,238,0.8300000000000001,0.77,0.6391000000000001,0.7988750000000001
1194,Sys_DiT_ref_class1000,2.15,1.25,238,0.43,0.25,0.1075,0.31617647058823534
1195,Sys_DiT_ref_class1000,4.82,1.5,239,0.9640000000000001,0.3,0.2892,0.45759493670886076
1196,Sys_DiT_ref_class1000,3.45,1.5,239,0.6900000000000001,0.3,0.20700000000000002,0.4181818181818182
1197,Sys_DiT_ref_class1000,1.25,1.5,239,0.25,0.3,0.075,0.2727272727272727
1198,Sys_DiT_ref_class1000,4.65,1.5,239,0.93,0.3,0.279,0.4536585365853659
1199,Sys_DiT_ref_class1000,4.85,3.62,239,0.97,0.724,0.7022799999999999,0.8291381345926799
1200,Sys_DiT_ref_class1000,4.72,1.5,240,0.944,0.3,0.28319999999999995,0.45530546623794205
1201,Sys_DiT_ref_class1000,2.15,2.0,240,0.43,0.4,0.17200000000000001,0.41445783132530123
1202,Sys_DiT_ref_class1000,2.85,1.5,240,0.5700000000000001,0.3,0.171,0.3931034482758621
1203,Sys_DiT_ref_class1000,4.15,3.0,240,0.8300000000000001,0.6,0.498,0.6965034965034964
1204,Sys_DiT_ref_class1000,3.65,1.5,240,0.73,0.3,0.219,0.42524271844660194
1205,Sys_DiT_ref_class1000,4.72,2.85,241,0.944,0.5700000000000001,0.53808,0.7108058124174372
1206,Sys_DiT_ref_class1000,4.65,2.85,241,0.93,0.5700000000000001,0.5301000000000001,0.7068000000000002
1207,Sys_DiT_ref_class1000,2.15,1.5,241,0.43,0.3,0.129,0.35342465753424657
1208,Sys_DiT_ref_class1000,3.12,1.5,241,0.624,0.3,0.1872,0.4051948051948052
1209,Sys_DiT_ref_class1000,4.15,2.85,241,0.8300000000000001,0.5700000000000001,0.4731000000000001,0.6758571428571429
1210,Sys_DiT_ref_class1000,4.15,1.5,242,0.8300000000000001,0.3,0.249,0.44070796460176986
1211,Sys_DiT_ref_class1000,0.85,0.92,242,0.16999999999999998,0.184,0.031279999999999995,0.1767231638418079
1212,Sys_DiT_ref_class1000,4.12,1.5,242,0.8240000000000001,0.3,0.2472,0.43985765124555154
1213,Sys_DiT_ref_class1000,3.42,1.5,242,0.6839999999999999,0.3,0.20519999999999997,0.41707317073170724
1214,Sys_DiT_ref_class1000,4.12,1.5,242,0.8240000000000001,0.3,0.2472,0.43985765124555154
1215,Sys_DiT_ref_class1000,1.82,1.45,243,0.364,0.29,0.10555999999999999,0.32281345565749237
1216,Sys_DiT_ref_class1000,4.15,1.5,243,0.8300000000000001,0.3,0.249,0.44070796460176986
1217,Sys_DiT_ref_class1000,4.72,3.0,243,0.944,0.6,0.5663999999999999,0.7336787564766838
1218,Sys_DiT_ref_class1000,2.85,1.5,243,0.5700000000000001,0.3,0.171,0.3931034482758621
1219,Sys_DiT_ref_class1000,4.15,1.5,243,0.8300000000000001,0.3,0.249,0.44070796460176986
1220,Sys_DiT_ref_class1000,4.65,1.5,244,0.93,0.3,0.279,0.4536585365853659
1221,Sys_DiT_ref_class1000,4.12,2.85,244,0.8240000000000001,0.5700000000000001,0.4696800000000001,0.6738593974175037
1222,Sys_DiT_ref_class1000,3.85,1.2,244,0.77,0.24,0.1848,0.36594059405940593
1223,Sys_DiT_ref_class1000,4.85,2.8,244,0.97,0.5599999999999999,0.5431999999999999,0.7100653594771241
1224,Sys_DiT_ref_class1000,4.12,1.5,244,0.8240000000000001,0.3,0.2472,0.43985765124555154
1225,Sys_DiT_ref_class1000,4.85,1.5,245,0.97,0.3,0.291,0.458267716535433
1226,Sys_DiT_ref_class1000,4.35,1.5,245,0.8699999999999999,0.3,0.26099999999999995,0.4461538461538461
1227,Sys_DiT_ref_class1000,4.85,3.65,245,0.97,0.73,0.7081,0.8330588235294117
1228,Sys_DiT_ref_class1000,4.92,1.5,245,0.984,0.3,0.29519999999999996,0.45981308411214944
1229,Sys_DiT_ref_class1000,4.85,1.5,245,0.97,0.3,0.291,0.458267716535433
1230,Sys_DiT_ref_class1000,4.92,3.65,246,0.984,0.73,0.71832,0.8381796966161027
1231,Sys_DiT_ref_class1000,4.75,4.2,246,0.95,0.8400000000000001,0.798,0.8916201117318436
1232,Sys_DiT_ref_class1000,4.15,2.85,246,0.8300000000000001,0.5700000000000001,0.4731000000000001,0.6758571428571429
1233,Sys_DiT_ref_class1000,3.85,1.5,246,0.77,0.3,0.23099999999999998,0.4317757009345794
1234,Sys_DiT_ref_class1000,4.92,4.15,246,0.984,0.8300000000000001,0.8167200000000001,0.9004630650496142
1235,Sys_DiT_ref_class1000,4.85,2.1,247,0.97,0.42000000000000004,0.40740000000000004,0.5861870503597122
1236,Sys_DiT_ref_class1000,3.42,1.85,247,0.6839999999999999,0.37,0.25307999999999997,0.4802277039848198
1237,Sys_DiT_ref_class1000,4.85,1.5,247,0.97,0.3,0.291,0.458267716535433
1238,Sys_DiT_ref_class1000,4.92,3.85,247,0.984,0.77,0.75768,0.863945267958951
1239,Sys_DiT_ref_class1000,4.35,2.85,247,0.8699999999999999,0.5700000000000001,0.4959,0.6887500000000001
1240,Sys_DiT_ref_class1000,4.68,3.15,248,0.9359999999999999,0.63,0.58968,0.7531034482758622
1241,Sys_DiT_ref_class1000,1.85,1.2,248,0.37,0.24,0.08879999999999999,0.2911475409836065
1242,Sys_DiT_ref_class1000,4.65,1.5,248,0.93,0.3,0.279,0.4536585365853659
1243,Sys_DiT_ref_class1000,3.82,1.45,248,0.764,0.29,0.22155999999999998,0.4204174573055028
1244,Sys_DiT_ref_class1000,4.12,2.85,248,0.8240000000000001,0.5700000000000001,0.4696800000000001,0.6738593974175037
1245,Sys_DiT_ref_class1000,4.85,3.6,249,0.97,0.72,0.6983999999999999,0.8265088757396449
1246,Sys_DiT_ref_class1000,4.68,1.5,249,0.9359999999999999,0.3,0.2808,0.45436893203883494
1247,Sys_DiT_ref_class1000,3.85,2.0,249,0.77,0.4,0.30800000000000005,0.5264957264957266
1248,Sys_DiT_ref_class1000,4.65,1.5,249,0.93,0.3,0.279,0.4536585365853659
1249,Sys_DiT_ref_class1000,4.68,3.0,249,0.9359999999999999,0.6,0.5616,0.73125
1250,Sys_DiT_ref_class1000,4.85,1.5,250,0.97,0.3,0.291,0.458267716535433
1251,Sys_DiT_ref_class1000,4.82,1.5,250,0.9640000000000001,0.3,0.2892,0.45759493670886076
1252,Sys_DiT_ref_class1000,4.82,1.5,250,0.9640000000000001,0.3,0.2892,0.45759493670886076
1253,Sys_DiT_ref_class1000,4.12,2.0,250,0.8240000000000001,0.4,0.32960000000000006,0.538562091503268
1254,Sys_DiT_ref_class1000,4.85,3.6,250,0.97,0.72,0.6983999999999999,0.8265088757396449
1255,Sys_DiT_ref_class1000,4.65,1.5,251,0.93,0.3,0.279,0.4536585365853659
1256,Sys_DiT_ref_class1000,4.85,1.5,251,0.97,0.3,0.291,0.458267716535433
1257,Sys_DiT_ref_class1000,4.72,3.0,251,0.944,0.6,0.5663999999999999,0.7336787564766838
1258,Sys_DiT_ref_class1000,4.65,1.5,251,0.93,0.3,0.279,0.4536585365853659
1259,Sys_DiT_ref_class1000,4.15,1.5,251,0.8300000000000001,0.3,0.249,0.44070796460176986
1260,Sys_DiT_ref_class1000,1.85,1.2,252,0.37,0.24,0.08879999999999999,0.2911475409836065
1261,Sys_DiT_ref_class1000,4.65,1.5,252,0.93,0.3,0.279,0.4536585365853659
1262,Sys_DiT_ref_class1000,4.85,3.62,252,0.97,0.724,0.7022799999999999,0.8291381345926799
1263,Sys_DiT_ref_class1000,4.92,4.35,252,0.984,0.8699999999999999,0.8560799999999998,0.9234951456310678
1264,Sys_DiT_ref_class1000,2.85,1.5,252,0.5700000000000001,0.3,0.171,0.3931034482758621
1265,Sys_DiT_ref_class1000,4.82,1.5,253,0.9640000000000001,0.3,0.2892,0.45759493670886076
1266,Sys_DiT_ref_class1000,1.85,1.2,253,0.37,0.24,0.08879999999999999,0.2911475409836065
1267,Sys_DiT_ref_class1000,3.85,2.9,253,0.77,0.58,0.4466,0.6616296296296296
1268,Sys_DiT_ref_class1000,4.12,1.5,253,0.8240000000000001,0.3,0.2472,0.43985765124555154
1269,Sys_DiT_ref_class1000,2.85,1.65,253,0.5700000000000001,0.32999999999999996,0.1881,0.418
1270,Sys_DiT_ref_class1000,4.85,1.5,254,0.97,0.3,0.291,0.458267716535433
1271,Sys_DiT_ref_class1000,4.72,1.5,254,0.944,0.3,0.28319999999999995,0.45530546623794205
1272,Sys_DiT_ref_class1000,4.35,1.5,254,0.8699999999999999,0.3,0.26099999999999995,0.4461538461538461
1273,Sys_DiT_ref_class1000,3.82,1.47,254,0.764,0.294,0.22461599999999998,0.4246049149338374
1274,Sys_DiT_ref_class1000,4.92,1.5,254,0.984,0.3,0.29519999999999996,0.45981308411214944
1275,Sys_DiT_ref_class1000,4.85,2.15,255,0.97,0.43,0.41709999999999997,0.5958571428571429
1276,Sys_DiT_ref_class1000,4.85,3.65,255,0.97,0.73,0.7081,0.8330588235294117
1277,Sys_DiT_ref_class1000,4.12,1.5,255,0.8240000000000001,0.3,0.2472,0.43985765124555154
1278,Sys_DiT_ref_class1000,4.65,1.5,255,0.93,0.3,0.279,0.4536585365853659
1279,Sys_DiT_ref_class1000,4.12,1.5,255,0.8240000000000001,0.3,0.2472,0.43985765124555154
1280,Sys_DiT_ref_class1000,4.68,2.85,256,0.9359999999999999,0.5700000000000001,0.53352,0.7085258964143426
1281,Sys_DiT_ref_class1000,4.82,1.5,256,0.9640000000000001,0.3,0.2892,0.45759493670886076
1282,Sys_DiT_ref_class1000,4.12,1.5,256,0.8240000000000001,0.3,0.2472,0.43985765124555154
1283,Sys_DiT_ref_class1000,4.85,1.5,256,0.97,0.3,0.291,0.458267716535433
1284,Sys_DiT_ref_class1000,4.92,1.5,256,0.984,0.3,0.29519999999999996,0.45981308411214944
1285,Sys_DiT_ref_class1000,4.85,1.5,257,0.97,0.3,0.291,0.458267716535433
1286,Sys_DiT_ref_class1000,4.15,1.5,257,0.8300000000000001,0.3,0.249,0.44070796460176986
1287,Sys_DiT_ref_class1000,2.85,1.5,257,0.5700000000000001,0.3,0.171,0.3931034482758621
1288,Sys_DiT_ref_class1000,4.12,3.85,257,0.8240000000000001,0.77,0.63448,0.7960853199498118
1289,Sys_DiT_ref_class1000,4.85,3.0,257,0.97,0.6,0.582,0.7414012738853504
1290,Sys_DiT_ref_class1000,4.12,2.0,258,0.8240000000000001,0.4,0.32960000000000006,0.538562091503268
1291,Sys_DiT_ref_class1000,4.85,1.5,258,0.97,0.3,0.291,0.458267716535433
1292,Sys_DiT_ref_class1000,4.12,2.0,258,0.8240000000000001,0.4,0.32960000000000006,0.538562091503268
1293,Sys_DiT_ref_class1000,3.85,3.6,258,0.77,0.72,0.5544,0.7441610738255033
1294,Sys_DiT_ref_class1000,4.72,3.0,258,0.944,0.6,0.5663999999999999,0.7336787564766838
1295,Sys_DiT_ref_class1000,4.15,2.85,259,0.8300000000000001,0.5700000000000001,0.4731000000000001,0.6758571428571429
1296,Sys_DiT_ref_class1000,4.15,1.5,259,0.8300000000000001,0.3,0.249,0.44070796460176986
1297,Sys_DiT_ref_class1000,4.35,1.5,259,0.8699999999999999,0.3,0.26099999999999995,0.4461538461538461
1298,Sys_DiT_ref_class1000,2.15,1.5,259,0.43,0.3,0.129,0.35342465753424657
1299,Sys_DiT_ref_class1000,4.65,3.85,259,0.93,0.77,0.7161000000000001,0.8424705882352941
1300,Sys_DiT_ref_class1000,4.92,1.5,260,0.984,0.3,0.29519999999999996,0.45981308411214944
1301,Sys_DiT_ref_class1000,4.85,1.5,260,0.97,0.3,0.291,0.458267716535433
1302,Sys_DiT_ref_class1000,3.85,1.5,260,0.77,0.3,0.23099999999999998,0.4317757009345794
1303,Sys_DiT_ref_class1000,4.92,4.85,260,0.984,0.97,0.95448,0.976949846468782
1304,Sys_DiT_ref_class1000,4.85,3.0,260,0.97,0.6,0.582,0.7414012738853504
1305,Sys_DiT_ref_class1000,2.15,1.85,261,0.43,0.37,0.1591,0.39774999999999994
1306,Sys_DiT_ref_class1000,4.82,3.0,261,0.9640000000000001,0.6,0.5784,0.7396419437340154
1307,Sys_DiT_ref_class1000,4.85,1.5,261,0.97,0.3,0.291,0.458267716535433
1308,Sys_DiT_ref_class1000,2.85,2.0,261,0.5700000000000001,0.4,0.22800000000000004,0.4701030927835052
1309,Sys_DiT_ref_class1000,4.85,3.0,261,0.97,0.6,0.582,0.7414012738853504
1310,Sys_DiT_ref_class1000,4.15,1.5,262,0.8300000000000001,0.3,0.249,0.44070796460176986
1311,Sys_DiT_ref_class1000,4.72,2.85,262,0.944,0.5700000000000001,0.53808,0.7108058124174372
1312,Sys_DiT_ref_class1000,4.85,1.5,262,0.97,0.3,0.291,0.458267716535433
1313,Sys_DiT_ref_class1000,3.42,1.5,262,0.6839999999999999,0.3,0.20519999999999997,0.41707317073170724
1314,Sys_DiT_ref_class1000,2.15,1.5,262,0.43,0.3,0.129,0.35342465753424657
1315,Sys_DiT_ref_class1000,4.65,3.0,263,0.93,0.6,0.558,0.7294117647058824
1316,Sys_DiT_ref_class1000,0.12,0.05,263,0.024,0.01,0.00024,0.014117647058823528
1317,Sys_DiT_ref_class1000,0.15,1.5,263,0.03,0.3,0.009,0.05454545454545455
1318,Sys_DiT_ref_class1000,4.65,2.0,263,0.93,0.4,0.37200000000000005,0.5593984962406016
1319,Sys_DiT_ref_class1000,3.82,1.5,263,0.764,0.3,0.2292,0.4308270676691729
1320,Sys_DiT_ref_class1000,0.0,3.0,264,0.0,0.6,0.0,0.0
1321,Sys_DiT_ref_class1000,0.0,1.5,264,0.0,0.3,0.0,0.0
1322,Sys_DiT_ref_class1000,0.0,3.0,264,0.0,0.6,0.0,0.0
1323,Sys_DiT_ref_class1000,5.0,3.0,264,1.0,0.6,0.6,0.7499999999999999
1324,Sys_DiT_ref_class1000,0.0,2.0,264,0.0,0.4,0.0,0.0
1325,Sys_DiT_ref_class1000,4.85,1.5,265,0.97,0.3,0.291,0.458267716535433
1326,Sys_DiT_ref_class1000,2.15,1.5,265,0.43,0.3,0.129,0.35342465753424657
1327,Sys_DiT_ref_class1000,2.85,3.0,265,0.5700000000000001,0.6,0.342,0.5846153846153846
1328,Sys_DiT_ref_class1000,4.82,3.65,265,0.9640000000000001,0.73,0.70372,0.8308382526564345
1329,Sys_DiT_ref_class1000,3.42,1.5,265,0.6839999999999999,0.3,0.20519999999999997,0.41707317073170724
1330,Sys_DiT_ref_class1000,2.85,1.5,266,0.5700000000000001,0.3,0.171,0.3931034482758621
1331,Sys_DiT_ref_class1000,2.15,1.8,266,0.43,0.36,0.1548,0.39189873417721516
1332,Sys_DiT_ref_class1000,4.15,3.0,266,0.8300000000000001,0.6,0.498,0.6965034965034964
1333,Sys_DiT_ref_class1000,4.65,3.82,266,0.93,0.764,0.71052,0.8388665879574971
1334,Sys_DiT_ref_class1000,3.45,1.5,266,0.6900000000000001,0.3,0.20700000000000002,0.4181818181818182
1335,Sys_DiT_ref_class1000,4.65,1.5,267,0.93,0.3,0.279,0.4536585365853659
1336,Sys_DiT_ref_class1000,4.85,2.0,267,0.97,0.4,0.388,0.5664233576642336
1337,Sys_DiT_ref_class1000,4.92,4.85,267,0.984,0.97,0.95448,0.976949846468782
1338,Sys_DiT_ref_class1000,3.45,2.0,267,0.6900000000000001,0.4,0.276,0.5064220183486239
1339,Sys_DiT_ref_class1000,4.65,1.5,267,0.93,0.3,0.279,0.4536585365853659
1340,Sys_DiT_ref_class1000,4.65,1.5,268,0.93,0.3,0.279,0.4536585365853659
1341,Sys_DiT_ref_class1000,4.85,3.6,268,0.97,0.72,0.6983999999999999,0.8265088757396449
1342,Sys_DiT_ref_class1000,4.12,2.85,268,0.8240000000000001,0.5700000000000001,0.4696800000000001,0.6738593974175037
1343,Sys_DiT_ref_class1000,3.12,1.5,268,0.624,0.3,0.1872,0.4051948051948052
1344,Sys_DiT_ref_class1000,3.85,1.5,268,0.77,0.3,0.23099999999999998,0.4317757009345794
1345,Sys_DiT_ref_class1000,4.92,1.5,269,0.984,0.3,0.29519999999999996,0.45981308411214944
1346,Sys_DiT_ref_class1000,4.65,1.5,269,0.93,0.3,0.279,0.4536585365853659
1347,Sys_DiT_ref_class1000,4.12,2.85,269,0.8240000000000001,0.5700000000000001,0.4696800000000001,0.6738593974175037
1348,Sys_DiT_ref_class1000,4.35,1.5,269,0.8699999999999999,0.3,0.26099999999999995,0.4461538461538461
1349,Sys_DiT_ref_class1000,4.85,3.0,269,0.97,0.6,0.582,0.7414012738853504
1350,Sys_DiT_ref_class1000,4.35,2.85,270,0.8699999999999999,0.5700000000000001,0.4959,0.6887500000000001
1351,Sys_DiT_ref_class1000,2.85,1.42,270,0.5700000000000001,0.284,0.16188,0.3791100702576112
1352,Sys_DiT_ref_class1000,2.85,3.6,270,0.5700000000000001,0.72,0.41040000000000004,0.6362790697674419
1353,Sys_DiT_ref_class1000,4.12,1.85,270,0.8240000000000001,0.37,0.30488000000000004,0.5106867671691793
1354,Sys_DiT_ref_class1000,2.15,2.85,270,0.43,0.5700000000000001,0.2451,0.4902
1355,Sys_DiT_ref_class1000,1.85,3.42,271,0.37,0.6839999999999999,0.25307999999999997,0.4802277039848198
1356,Sys_DiT_ref_class1000,1.85,4.12,271,0.37,0.8240000000000001,0.30488000000000004,0.5106867671691793
1357,Sys_DiT_ref_class1000,3.82,2.15,271,0.764,0.43,0.32852,0.550284757118928
1358,Sys_DiT_ref_class1000,1.85,2.4,271,0.37,0.48,0.17759999999999998,0.4178823529411764
1359,Sys_DiT_ref_class1000,1.85,3.0,271,0.37,0.6,0.222,0.45773195876288664
1360,Sys_DiT_ref_class1000,4.92,4.95,272,0.984,0.99,0.97416,0.9869908814589666
1361,Sys_DiT_ref_class1000,4.85,4.92,272,0.97,0.984,0.95448,0.976949846468782
1362,Sys_DiT_ref_class1000,4.85,3.6,272,0.97,0.72,0.6983999999999999,0.8265088757396449
1363,Sys_DiT_ref_class1000,3.42,2.85,272,0.6839999999999999,0.5700000000000001,0.38988,0.6218181818181818
1364,Sys_DiT_ref_class1000,1.85,1.2,272,0.37,0.24,0.08879999999999999,0.2911475409836065
1365,Sys_DiT_ref_class1000,4.92,4.65,273,0.984,0.93,0.91512,0.9562382445141066
1366,Sys_DiT_ref_class1000,4.72,3.85,273,0.944,0.77,0.72688,0.8481680280046674
1367,Sys_DiT_ref_class1000,4.15,2.85,273,0.8300000000000001,0.5700000000000001,0.4731000000000001,0.6758571428571429
1368,Sys_DiT_ref_class1000,4.85,2.0,273,0.97,0.4,0.388,0.5664233576642336
1369,Sys_DiT_ref_class1000,4.82,3.65,273,0.9640000000000001,0.73,0.70372,0.8308382526564345
1370,Sys_DiT_ref_class1000,4.35,2.85,274,0.8699999999999999,0.5700000000000001,0.4959,0.6887500000000001
1371,Sys_DiT_ref_class1000,4.65,1.5,274,0.93,0.3,0.279,0.4536585365853659
1372,Sys_DiT_ref_class1000,4.15,1.85,274,0.8300000000000001,0.37,0.30710000000000004,0.5118333333333334
1373,Sys_DiT_ref_class1000,3.65,2.0,274,0.73,0.4,0.292,0.5168141592920354
1374,Sys_DiT_ref_class1000,1.85,2.4,274,0.37,0.48,0.17759999999999998,0.4178823529411764
1375,Sys_DiT_ref_class1000,4.65,1.5,275,0.93,0.3,0.279,0.4536585365853659
1376,Sys_DiT_ref_class1000,4.78,3.65,275,0.9560000000000001,0.73,0.6978800000000001,0.8278529062870701
1377,Sys_DiT_ref_class1000,4.85,1.5,275,0.97,0.3,0.291,0.458267716535433
1378,Sys_DiT_ref_class1000,4.72,3.0,275,0.944,0.6,0.5663999999999999,0.7336787564766838
1379,Sys_DiT_ref_class1000,4.85,3.6,275,0.97,0.72,0.6983999999999999,0.8265088757396449
1380,Sys_DiT_ref_class1000,4.65,2.85,276,0.93,0.5700000000000001,0.5301000000000001,0.7068000000000002
1381,Sys_DiT_ref_class1000,4.92,3.85,276,0.984,0.77,0.75768,0.863945267958951
1382,Sys_DiT_ref_class1000,4.98,4.85,276,0.9960000000000001,0.97,0.9661200000000001,0.9828280773143439
1383,Sys_DiT_ref_class1000,4.85,2.0,276,0.97,0.4,0.388,0.5664233576642336
1384,Sys_DiT_ref_class1000,3.65,2.0,276,0.73,0.4,0.292,0.5168141592920354
1385,Sys_DiT_ref_class1000,1.85,1.2,277,0.37,0.24,0.08879999999999999,0.2911475409836065
1386,Sys_DiT_ref_class1000,4.85,1.5,277,0.97,0.3,0.291,0.458267716535433
1387,Sys_DiT_ref_class1000,4.65,1.5,277,0.93,0.3,0.279,0.4536585365853659
1388,Sys_DiT_ref_class1000,3.42,1.5,277,0.6839999999999999,0.3,0.20519999999999997,0.41707317073170724
1389,Sys_DiT_ref_class1000,4.35,3.65,277,0.8699999999999999,0.73,0.6350999999999999,0.7938749999999999
1390,Sys_DiT_ref_class1000,4.92,3.85,278,0.984,0.77,0.75768,0.863945267958951
1391,Sys_DiT_ref_class1000,2.85,3.15,278,0.5700000000000001,0.63,0.35910000000000003,0.5984999999999999
1392,Sys_DiT_ref_class1000,0.15,1.5,278,0.03,0.3,0.009,0.05454545454545455
1393,Sys_DiT_ref_class1000,1.85,2.1,278,0.37,0.42000000000000004,0.1554,0.39341772151898735
1394,Sys_DiT_ref_class1000,3.85,2.15,278,0.77,0.43,0.3311,0.5518333333333334
1395,Sys_DiT_ref_class1000,4.85,3.0,279,0.97,0.6,0.582,0.7414012738853504
1396,Sys_DiT_ref_class1000,4.12,1.5,279,0.8240000000000001,0.3,0.2472,0.43985765124555154
1397,Sys_DiT_ref_class1000,3.45,2.0,279,0.6900000000000001,0.4,0.276,0.5064220183486239
1398,Sys_DiT_ref_class1000,1.85,1.2,279,0.37,0.24,0.08879999999999999,0.2911475409836065
1399,Sys_DiT_ref_class1000,4.12,2.0,279,0.8240000000000001,0.4,0.32960000000000006,0.538562091503268
1400,Sys_DiT_ref_class1000,1.25,2.85,280,0.25,0.5700000000000001,0.14250000000000002,0.34756097560975613
1401,Sys_DiT_ref_class1000,4.85,3.8,280,0.97,0.76,0.7372,0.8522543352601156
1402,Sys_DiT_ref_class1000,3.15,1.5,280,0.63,0.3,0.189,0.40645161290322585
1403,Sys_DiT_ref_class1000,4.72,3.0,280,0.944,0.6,0.5663999999999999,0.7336787564766838
1404,Sys_DiT_ref_class1000,4.85,1.5,280,0.97,0.3,0.291,0.458267716535433
1405,Sys_DiT_ref_class1000,4.82,1.5,281,0.9640000000000001,0.3,0.2892,0.45759493670886076
1406,Sys_DiT_ref_class1000,4.85,1.5,281,0.97,0.3,0.291,0.458267716535433
1407,Sys_DiT_ref_class1000,4.62,1.5,281,0.924,0.3,0.2772,0.45294117647058824
1408,Sys_DiT_ref_class1000,4.65,1.5,281,0.93,0.3,0.279,0.4536585365853659
1409,Sys_DiT_ref_class1000,4.12,1.5,281,0.8240000000000001,0.3,0.2472,0.43985765124555154
1410,Sys_DiT_ref_class1000,4.12,2.85,282,0.8240000000000001,0.5700000000000001,0.4696800000000001,0.6738593974175037
1411,Sys_DiT_ref_class1000,4.68,3.0,282,0.9359999999999999,0.6,0.5616,0.73125
1412,Sys_DiT_ref_class1000,3.42,1.5,282,0.6839999999999999,0.3,0.20519999999999997,0.41707317073170724
1413,Sys_DiT_ref_class1000,0.15,1.25,282,0.03,0.25,0.0075,0.05357142857142856
1414,Sys_DiT_ref_class1000,0.15,1.5,282,0.03,0.3,0.009,0.05454545454545455
1415,Sys_DiT_ref_class1000,4.85,1.5,283,0.97,0.3,0.291,0.458267716535433
1416,Sys_DiT_ref_class1000,4.85,3.0,283,0.97,0.6,0.582,0.7414012738853504
1417,Sys_DiT_ref_class1000,4.85,3.0,283,0.97,0.6,0.582,0.7414012738853504
1418,Sys_DiT_ref_class1000,3.42,1.5,283,0.6839999999999999,0.3,0.20519999999999997,0.41707317073170724
1419,Sys_DiT_ref_class1000,3.82,4.15,283,0.764,0.8300000000000001,0.63412,0.795633626097867
1420,Sys_DiT_ref_class1000,4.12,1.5,284,0.8240000000000001,0.3,0.2472,0.43985765124555154
1421,Sys_DiT_ref_class1000,2.15,1.5,284,0.43,0.3,0.129,0.35342465753424657
1422,Sys_DiT_ref_class1000,4.82,1.5,284,0.9640000000000001,0.3,0.2892,0.45759493670886076
1423,Sys_DiT_ref_class1000,4.35,1.5,284,0.8699999999999999,0.3,0.26099999999999995,0.4461538461538461
1424,Sys_DiT_ref_class1000,2.15,1.5,284,0.43,0.3,0.129,0.35342465753424657
1425,Sys_DiT_ref_class1000,1.85,2.0,285,0.37,0.4,0.148,0.3844155844155844
1426,Sys_DiT_ref_class1000,3.42,1.5,285,0.6839999999999999,0.3,0.20519999999999997,0.41707317073170724
1427,Sys_DiT_ref_class1000,2.85,2.1,285,0.5700000000000001,0.42000000000000004,0.23940000000000006,0.4836363636363637
1428,Sys_DiT_ref_class1000,1.25,1.5,285,0.25,0.3,0.075,0.2727272727272727
1429,Sys_DiT_ref_class1000,4.12,2.0,285,0.8240000000000001,0.4,0.32960000000000006,0.538562091503268
1430,Sys_DiT_ref_class1000,4.12,1.5,286,0.8240000000000001,0.3,0.2472,0.43985765124555154
1431,Sys_DiT_ref_class1000,3.82,2.15,286,0.764,0.43,0.32852,0.550284757118928
1432,Sys_DiT_ref_class1000,3.82,1.5,286,0.764,0.3,0.2292,0.4308270676691729
1433,Sys_DiT_ref_class1000,4.15,1.5,286,0.8300000000000001,0.3,0.249,0.44070796460176986
1434,Sys_DiT_ref_class1000,4.12,3.68,286,0.8240000000000001,0.736,0.606464,0.7775179487179487
1435,Sys_DiT_ref_class1000,2.85,2.4,287,0.5700000000000001,0.48,0.2736,0.5211428571428571
1436,Sys_DiT_ref_class1000,4.92,3.85,287,0.984,0.77,0.75768,0.863945267958951
1437,Sys_DiT_ref_class1000,4.85,1.5,287,0.97,0.3,0.291,0.458267716535433
1438,Sys_DiT_ref_class1000,3.42,2.15,287,0.6839999999999999,0.43,0.29412,0.5280430879712747
1439,Sys_DiT_ref_class1000,4.15,2.85,287,0.8300000000000001,0.5700000000000001,0.4731000000000001,0.6758571428571429
1440,Sys_DiT_ref_class1000,4.35,1.5,288,0.8699999999999999,0.3,0.26099999999999995,0.4461538461538461
1441,Sys_DiT_ref_class1000,2.85,3.0,288,0.5700000000000001,0.6,0.342,0.5846153846153846
1442,Sys_DiT_ref_class1000,1.85,1.2,288,0.37,0.24,0.08879999999999999,0.2911475409836065
1443,Sys_DiT_ref_class1000,3.85,2.0,288,0.77,0.4,0.30800000000000005,0.5264957264957266
1444,Sys_DiT_ref_class1000,4.68,2.0,288,0.9359999999999999,0.4,0.3744,0.5604790419161677
1445,Sys_DiT_ref_class1000,4.82,1.5,289,0.9640000000000001,0.3,0.2892,0.45759493670886076
1446,Sys_DiT_ref_class1000,4.85,1.5,289,0.97,0.3,0.291,0.458267716535433
1447,Sys_DiT_ref_class1000,3.42,1.5,289,0.6839999999999999,0.3,0.20519999999999997,0.41707317073170724
1448,Sys_DiT_ref_class1000,4.65,1.5,289,0.93,0.3,0.279,0.4536585365853659
1449,Sys_DiT_ref_class1000,4.85,4.92,289,0.97,0.984,0.95448,0.976949846468782
1450,Sys_DiT_ref_class1000,4.65,2.85,290,0.93,0.5700000000000001,0.5301000000000001,0.7068000000000002
1451,Sys_DiT_ref_class1000,4.85,1.5,290,0.97,0.3,0.291,0.458267716535433
1452,Sys_DiT_ref_class1000,1.85,1.2,290,0.37,0.24,0.08879999999999999,0.2911475409836065
1453,Sys_DiT_ref_class1000,3.42,1.5,290,0.6839999999999999,0.3,0.20519999999999997,0.41707317073170724
1454,Sys_DiT_ref_class1000,4.12,1.5,290,0.8240000000000001,0.3,0.2472,0.43985765124555154
1455,Sys_DiT_ref_class1000,4.12,2.85,291,0.8240000000000001,0.5700000000000001,0.4696800000000001,0.6738593974175037
1456,Sys_DiT_ref_class1000,4.85,4.2,291,0.97,0.8400000000000001,0.8148000000000001,0.9003314917127072
1457,Sys_DiT_ref_class1000,4.65,2.0,291,0.93,0.4,0.37200000000000005,0.5593984962406016
1458,Sys_DiT_ref_class1000,3.42,2.15,291,0.6839999999999999,0.43,0.29412,0.5280430879712747
1459,Sys_DiT_ref_class1000,4.12,2.85,291,0.8240000000000001,0.5700000000000001,0.4696800000000001,0.6738593974175037
1460,Sys_DiT_ref_class1000,3.42,1.5,292,0.6839999999999999,0.3,0.20519999999999997,0.41707317073170724
1461,Sys_DiT_ref_class1000,4.15,1.85,292,0.8300000000000001,0.37,0.30710000000000004,0.5118333333333334
1462,Sys_DiT_ref_class1000,4.15,2.0,292,0.8300000000000001,0.4,0.3320000000000001,0.5398373983739838
1463,Sys_DiT_ref_class1000,1.85,1.2,292,0.37,0.24,0.08879999999999999,0.2911475409836065
1464,Sys_DiT_ref_class1000,4.92,1.5,292,0.984,0.3,0.29519999999999996,0.45981308411214944
1465,Sys_DiT_ref_class1000,3.45,1.5,293,0.6900000000000001,0.3,0.20700000000000002,0.4181818181818182
1466,Sys_DiT_ref_class1000,1.25,3.0,293,0.25,0.6,0.15,0.35294117647058826
1467,Sys_DiT_ref_class1000,4.85,4.2,293,0.97,0.8400000000000001,0.8148000000000001,0.9003314917127072
1468,Sys_DiT_ref_class1000,4.85,1.5,293,0.97,0.3,0.291,0.458267716535433
1469,Sys_DiT_ref_class1000,4.85,4.7,293,0.97,0.9400000000000001,0.9118,0.9547643979057592
1470,Sys_DiT_ref_class1000,4.72,3.85,294,0.944,0.77,0.72688,0.8481680280046674
1471,Sys_DiT_ref_class1000,3.65,1.5,294,0.73,0.3,0.219,0.42524271844660194
1472,Sys_DiT_ref_class1000,4.65,3.82,294,0.93,0.764,0.71052,0.8388665879574971
1473,Sys_DiT_ref_class1000,4.85,1.5,294,0.97,0.3,0.291,0.458267716535433
1474,Sys_DiT_ref_class1000,4.95,4.85,294,0.99,0.97,0.9602999999999999,0.9798979591836734
1475,Sys_DiT_ref_class1000,4.85,3.0,295,0.97,0.6,0.582,0.7414012738853504
1476,Sys_DiT_ref_class1000,0.0,0.0,295,0.0,0.0,0.0,0.0
1477,Sys_DiT_ref_class1000,4.82,2.15,295,0.9640000000000001,0.43,0.41452000000000006,0.5947202295552367
1478,Sys_DiT_ref_class1000,4.72,3.85,295,0.944,0.77,0.72688,0.8481680280046674
1479,Sys_DiT_ref_class1000,4.12,1.5,295,0.8240000000000001,0.3,0.2472,0.43985765124555154
1480,Sys_DiT_ref_class1000,4.82,3.65,296,0.9640000000000001,0.73,0.70372,0.8308382526564345
1481,Sys_DiT_ref_class1000,4.15,2.85,296,0.8300000000000001,0.5700000000000001,0.4731000000000001,0.6758571428571429
1482,Sys_DiT_ref_class1000,4.65,3.0,296,0.93,0.6,0.558,0.7294117647058824
1483,Sys_DiT_ref_class1000,4.68,2.15,296,0.9359999999999999,0.43,0.40247999999999995,0.5892825768667642
1484,Sys_DiT_ref_class1000,4.65,3.85,296,0.93,0.77,0.7161000000000001,0.8424705882352941
1485,Sys_DiT_ref_class1000,4.92,1.5,297,0.984,0.3,0.29519999999999996,0.45981308411214944
1486,Sys_DiT_ref_class1000,4.35,3.82,297,0.8699999999999999,0.764,0.6646799999999999,0.8135618115055079
1487,Sys_DiT_ref_class1000,4.92,4.85,297,0.984,0.97,0.95448,0.976949846468782
1488,Sys_DiT_ref_class1000,4.72,3.85,297,0.944,0.77,0.72688,0.8481680280046674
1489,Sys_DiT_ref_class1000,2.85,1.9,297,0.5700000000000001,0.38,0.21660000000000001,0.456
1490,Sys_DiT_ref_class1000,4.68,2.85,298,0.9359999999999999,0.5700000000000001,0.53352,0.7085258964143426
1491,Sys_DiT_ref_class1000,4.92,4.65,298,0.984,0.93,0.91512,0.9562382445141066
1492,Sys_DiT_ref_class1000,2.15,2.0,298,0.43,0.4,0.17200000000000001,0.41445783132530123
1493,Sys_DiT_ref_class1000,0.12,0.85,298,0.024,0.16999999999999998,0.004079999999999999,0.04206185567010309
1494,Sys_DiT_ref_class1000,4.65,2.1,298,0.93,0.42000000000000004,0.39060000000000006,0.5786666666666667
1495,Sys_DiT_ref_class1000,4.85,4.12,299,0.97,0.8240000000000001,0.79928,0.8910590858416945
1496,Sys_DiT_ref_class1000,4.12,2.0,299,0.8240000000000001,0.4,0.32960000000000006,0.538562091503268
1497,Sys_DiT_ref_class1000,4.85,4.92,299,0.97,0.984,0.95448,0.976949846468782
1498,Sys_DiT_ref_class1000,4.35,1.5,299,0.8699999999999999,0.3,0.26099999999999995,0.4461538461538461
1499,Sys_DiT_ref_class1000,4.72,2.0,299,0.944,0.4,0.3776,0.5619047619047619
1500,Sys_DiT_ref_class1000,4.92,3.85,300,0.984,0.77,0.75768,0.863945267958951
1501,Sys_DiT_ref_class1000,4.98,4.95,300,0.9960000000000001,0.99,0.9860400000000001,0.9929909365558913
1502,Sys_DiT_ref_class1000,4.92,4.85,300,0.984,0.97,0.95448,0.976949846468782
1503,Sys_DiT_ref_class1000,4.98,4.95,300,0.9960000000000001,0.99,0.9860400000000001,0.9929909365558913
1504,Sys_DiT_ref_class1000,2.85,2.1,300,0.5700000000000001,0.42000000000000004,0.23940000000000006,0.4836363636363637
1505,Sys_DiT_ref_class1000,4.85,3.8,301,0.97,0.76,0.7372,0.8522543352601156
1506,Sys_DiT_ref_class1000,4.85,4.2,301,0.97,0.8400000000000001,0.8148000000000001,0.9003314917127072
1507,Sys_DiT_ref_class1000,2.85,1.92,301,0.5700000000000001,0.384,0.21888000000000002,0.4588679245283019
1508,Sys_DiT_ref_class1000,1.85,1.42,301,0.37,0.284,0.10507999999999999,0.3213455657492355
1509,Sys_DiT_ref_class1000,4.92,4.95,301,0.984,0.99,0.97416,0.9869908814589666
1510,Sys_DiT_ref_class1000,4.85,3.62,302,0.97,0.724,0.7022799999999999,0.8291381345926799
1511,Sys_DiT_ref_class1000,5.0,4.9,302,1.0,0.9800000000000001,0.9800000000000001,0.9898989898989901
1512,Sys_DiT_ref_class1000,4.92,4.85,302,0.984,0.97,0.95448,0.976949846468782
1513,Sys_DiT_ref_class1000,4.92,3.65,302,0.984,0.73,0.71832,0.8381796966161027
1514,Sys_DiT_ref_class1000,4.92,4.88,302,0.984,0.976,0.960384,0.9799836734693878
1515,Sys_DiT_ref_class1000,4.85,4.2,303,0.97,0.8400000000000001,0.8148000000000001,0.9003314917127072
1516,Sys_DiT_ref_class1000,4.65,3.85,303,0.93,0.77,0.7161000000000001,0.8424705882352941
1517,Sys_DiT_ref_class1000,3.62,2.85,303,0.724,0.5700000000000001,0.41268000000000005,0.6378361669242659
1518,Sys_DiT_ref_class1000,3.85,2.8,303,0.77,0.5599999999999999,0.43119999999999997,0.6484210526315789
1519,Sys_DiT_ref_class1000,4.65,3.85,303,0.93,0.77,0.7161000000000001,0.8424705882352941
1520,Sys_DiT_ref_class1000,1.85,1.2,304,0.37,0.24,0.08879999999999999,0.2911475409836065
1521,Sys_DiT_ref_class1000,4.85,3.65,304,0.97,0.73,0.7081,0.8330588235294117
1522,Sys_DiT_ref_class1000,4.72,3.85,304,0.944,0.77,0.72688,0.8481680280046674
1523,Sys_DiT_ref_class1000,4.85,3.65,304,0.97,0.73,0.7081,0.8330588235294117
1524,Sys_DiT_ref_class1000,2.85,4.12,304,0.5700000000000001,0.8240000000000001,0.4696800000000001,0.6738593974175037
1525,Sys_DiT_ref_class1000,4.35,2.85,305,0.8699999999999999,0.5700000000000001,0.4959,0.6887500000000001
1526,Sys_DiT_ref_class1000,4.12,3.85,305,0.8240000000000001,0.77,0.63448,0.7960853199498118
1527,Sys_DiT_ref_class1000,2.35,2.8,305,0.47000000000000003,0.5599999999999999,0.2632,0.5110679611650485
1528,Sys_DiT_ref_class1000,2.85,1.42,305,0.5700000000000001,0.284,0.16188,0.3791100702576112
1529,Sys_DiT_ref_class1000,4.85,4.92,305,0.97,0.984,0.95448,0.976949846468782
1530,Sys_DiT_ref_class1000,4.85,4.12,306,0.97,0.8240000000000001,0.79928,0.8910590858416945
1531,Sys_DiT_ref_class1000,4.85,4.2,306,0.97,0.8400000000000001,0.8148000000000001,0.9003314917127072
1532,Sys_DiT_ref_class1000,4.85,4.62,306,0.97,0.924,0.89628,0.9464413938753959
1533,Sys_DiT_ref_class1000,4.85,3.65,306,0.97,0.73,0.7081,0.8330588235294117
1534,Sys_DiT_ref_class1000,4.68,3.85,306,0.9359999999999999,0.77,0.72072,0.8449237983587339
1535,Sys_DiT_ref_class1000,4.65,3.85,307,0.93,0.77,0.7161000000000001,0.8424705882352941
1536,Sys_DiT_ref_class1000,4.85,3.6,307,0.97,0.72,0.6983999999999999,0.8265088757396449
1537,Sys_DiT_ref_class1000,4.85,3.92,307,0.97,0.784,0.76048,0.8671379703534778
1538,Sys_DiT_ref_class1000,4.92,4.85,307,0.984,0.97,0.95448,0.976949846468782
1539,Sys_DiT_ref_class1000,5.0,4.95,307,1.0,0.99,0.99,0.9949748743718593
1540,Sys_DiT_ref_class1000,4.85,4.2,308,0.97,0.8400000000000001,0.8148000000000001,0.9003314917127072
1541,Sys_DiT_ref_class1000,4.85,4.2,308,0.97,0.8400000000000001,0.8148000000000001,0.9003314917127072
1542,Sys_DiT_ref_class1000,4.92,4.98,308,0.984,0.9960000000000001,0.980064,0.9899636363636364
1543,Sys_DiT_ref_class1000,4.68,3.85,308,0.9359999999999999,0.77,0.72072,0.8449237983587339
1544,Sys_DiT_ref_class1000,4.35,2.85,308,0.8699999999999999,0.5700000000000001,0.4959,0.6887500000000001
1545,Sys_DiT_ref_class1000,4.15,3.85,309,0.8300000000000001,0.77,0.6391000000000001,0.7988750000000001
1546,Sys_DiT_ref_class1000,4.85,4.6,309,0.97,0.9199999999999999,0.8923999999999999,0.9443386243386243
1547,Sys_DiT_ref_class1000,3.85,2.65,309,0.77,0.53,0.4081,0.6278461538461538
1548,Sys_DiT_ref_class1000,3.85,2.65,309,0.77,0.53,0.4081,0.6278461538461538
1549,Sys_DiT_ref_class1000,3.85,3.6,309,0.77,0.72,0.5544,0.7441610738255033
1550,Sys_DiT_ref_class1000,4.12,2.85,310,0.8240000000000001,0.5700000000000001,0.4696800000000001,0.6738593974175037
1551,Sys_DiT_ref_class1000,1.45,1.82,310,0.29,0.364,0.10555999999999999,0.32281345565749237
1552,Sys_DiT_ref_class1000,5.0,5.0,310,1.0,1.0,1.0,1.0
1553,Sys_DiT_ref_class1000,1.85,1.92,310,0.37,0.384,0.14208,0.37687002652519896
1554,Sys_DiT_ref_class1000,3.85,3.62,310,0.77,0.724,0.55748,0.7462918340026774
1555,Sys_DiT_ref_class1000,4.82,3.75,311,0.9640000000000001,0.75,0.7230000000000001,0.8436406067677947
1556,Sys_DiT_ref_class1000,4.92,4.98,311,0.984,0.9960000000000001,0.980064,0.9899636363636364
1557,Sys_DiT_ref_class1000,3.65,4.12,311,0.73,0.8240000000000001,0.60152,0.7741570141570142
1558,Sys_DiT_ref_class1000,2.85,2.0,311,0.5700000000000001,0.4,0.22800000000000004,0.4701030927835052
1559,Sys_DiT_ref_class1000,3.85,4.92,311,0.77,0.984,0.75768,0.863945267958951
1560,Sys_DiT_ref_class1000,4.65,4.12,312,0.93,0.8240000000000001,0.7663200000000001,0.8737970353477766
1561,Sys_DiT_ref_class1000,4.65,3.85,312,0.93,0.77,0.7161000000000001,0.8424705882352941
1562,Sys_DiT_ref_class1000,4.65,3.82,312,0.93,0.764,0.71052,0.8388665879574971
1563,Sys_DiT_ref_class1000,2.85,2.15,312,0.5700000000000001,0.43,0.2451,0.4902
1564,Sys_DiT_ref_class1000,3.82,2.15,312,0.764,0.43,0.32852,0.550284757118928
1565,Sys_DiT_ref_class1000,1.85,2.1,313,0.37,0.42000000000000004,0.1554,0.39341772151898735
1566,Sys_DiT_ref_class1000,4.85,3.65,313,0.97,0.73,0.7081,0.8330588235294117
1567,Sys_DiT_ref_class1000,4.82,3.65,313,0.9640000000000001,0.73,0.70372,0.8308382526564345
1568,Sys_DiT_ref_class1000,5.0,5.0,313,1.0,1.0,1.0,1.0
1569,Sys_DiT_ref_class1000,4.12,2.85,313,0.8240000000000001,0.5700000000000001,0.4696800000000001,0.6738593974175037
1570,Sys_DiT_ref_class1000,4.12,1.5,314,0.8240000000000001,0.3,0.2472,0.43985765124555154
1571,Sys_DiT_ref_class1000,4.35,3.8,314,0.8699999999999999,0.76,0.6611999999999999,0.8112883435582822
1572,Sys_DiT_ref_class1000,4.82,3.65,314,0.9640000000000001,0.73,0.70372,0.8308382526564345
1573,Sys_DiT_ref_class1000,4.65,2.85,314,0.93,0.5700000000000001,0.5301000000000001,0.7068000000000002
1574,Sys_DiT_ref_class1000,4.65,3.85,314,0.93,0.77,0.7161000000000001,0.8424705882352941
1575,Sys_DiT_ref_class1000,4.85,4.2,315,0.97,0.8400000000000001,0.8148000000000001,0.9003314917127072
1576,Sys_DiT_ref_class1000,3.65,2.85,315,0.73,0.5700000000000001,0.4161,0.6401538461538462
1577,Sys_DiT_ref_class1000,4.68,2.85,315,0.9359999999999999,0.5700000000000001,0.53352,0.7085258964143426
1578,Sys_DiT_ref_class1000,4.12,2.85,315,0.8240000000000001,0.5700000000000001,0.4696800000000001,0.6738593974175037
1579,Sys_DiT_ref_class1000,4.65,3.85,315,0.93,0.77,0.7161000000000001,0.8424705882352941
1580,Sys_DiT_ref_class1000,1.25,1.1,316,0.25,0.22000000000000003,0.05500000000000001,0.23404255319148937
1581,Sys_DiT_ref_class1000,3.85,3.62,316,0.77,0.724,0.55748,0.7462918340026774
1582,Sys_DiT_ref_class1000,4.92,4.98,316,0.984,0.9960000000000001,0.980064,0.9899636363636364
1583,Sys_DiT_ref_class1000,4.92,4.95,316,0.984,0.99,0.97416,0.9869908814589666
1584,Sys_DiT_ref_class1000,4.92,4.98,316,0.984,0.9960000000000001,0.980064,0.9899636363636364
1585,Sys_DiT_ref_class1000,4.65,3.85,317,0.93,0.77,0.7161000000000001,0.8424705882352941
1586,Sys_DiT_ref_class1000,4.65,4.2,317,0.93,0.8400000000000001,0.7812000000000001,0.8827118644067797
1587,Sys_DiT_ref_class1000,4.62,4.75,317,0.924,0.95,0.8778,0.9368196371398079
1588,Sys_DiT_ref_class1000,4.85,4.62,317,0.97,0.924,0.89628,0.9464413938753959
1589,Sys_DiT_ref_class1000,4.65,3.82,317,0.93,0.764,0.71052,0.8388665879574971
1590,Sys_DiT_ref_class1000,4.85,2.1,318,0.97,0.42000000000000004,0.40740000000000004,0.5861870503597122
1591,Sys_DiT_ref_class1000,4.92,4.95,318,0.984,0.99,0.97416,0.9869908814589666
1592,Sys_DiT_ref_class1000,4.65,4.12,318,0.93,0.8240000000000001,0.7663200000000001,0.8737970353477766
1593,Sys_DiT_ref_class1000,4.92,4.85,318,0.984,0.97,0.95448,0.976949846468782
1594,Sys_DiT_ref_class1000,4.62,3.85,318,0.924,0.77,0.71148,0.8400000000000001
1595,Sys_DiT_ref_class1000,4.85,4.92,319,0.97,0.984,0.95448,0.976949846468782
1596,Sys_DiT_ref_class1000,4.85,4.92,319,0.97,0.984,0.95448,0.976949846468782
1597,Sys_DiT_ref_class1000,4.65,4.82,319,0.93,0.9640000000000001,0.8965200000000001,0.9466948257655755
1598,Sys_DiT_ref_class1000,4.25,2.1,319,0.85,0.42000000000000004,0.35700000000000004,0.5622047244094489
1599,Sys_DiT_ref_class1000,2.15,3.42,319,0.43,0.6839999999999999,0.29412,0.5280430879712747
1600,Sys_DiT_ref_class1000,4.92,4.85,320,0.984,0.97,0.95448,0.976949846468782
1601,Sys_DiT_ref_class1000,1.85,1.2,320,0.37,0.24,0.08879999999999999,0.2911475409836065
1602,Sys_DiT_ref_class1000,4.85,4.92,320,0.97,0.984,0.95448,0.976949846468782
1603,Sys_DiT_ref_class1000,4.85,4.72,320,0.97,0.944,0.9156799999999999,0.9568234064785789
1604,Sys_DiT_ref_class1000,4.92,4.85,320,0.984,0.97,0.95448,0.976949846468782
1605,Sys_DiT_ref_class1000,4.85,4.92,321,0.97,0.984,0.95448,0.976949846468782
1606,Sys_DiT_ref_class1000,4.92,4.98,321,0.984,0.9960000000000001,0.980064,0.9899636363636364
1607,Sys_DiT_ref_class1000,4.65,3.82,321,0.93,0.764,0.71052,0.8388665879574971
1608,Sys_DiT_ref_class1000,4.98,4.99,321,0.9960000000000001,0.998,0.9940080000000001,0.9969989969909729
1609,Sys_DiT_ref_class1000,4.12,3.65,321,0.8240000000000001,0.73,0.60152,0.7741570141570142
1610,Sys_DiT_ref_class1000,4.82,4.65,322,0.9640000000000001,0.93,0.8965200000000001,0.9466948257655755
1611,Sys_DiT_ref_class1000,4.85,3.65,322,0.97,0.73,0.7081,0.8330588235294117
1612,Sys_DiT_ref_class1000,4.92,4.95,322,0.984,0.99,0.97416,0.9869908814589666
1613,Sys_DiT_ref_class1000,4.92,4.65,322,0.984,0.93,0.91512,0.9562382445141066
1614,Sys_DiT_ref_class1000,4.85,3.92,322,0.97,0.784,0.76048,0.8671379703534778
1615,Sys_DiT_ref_class1000,4.85,4.6,323,0.97,0.9199999999999999,0.8923999999999999,0.9443386243386243
1616,Sys_DiT_ref_class1000,4.92,4.95,323,0.984,0.99,0.97416,0.9869908814589666
1617,Sys_DiT_ref_class1000,4.92,4.85,323,0.984,0.97,0.95448,0.976949846468782
1618,Sys_DiT_ref_class1000,4.98,4.95,323,0.9960000000000001,0.99,0.9860400000000001,0.9929909365558913
1619,Sys_DiT_ref_class1000,4.92,4.95,323,0.984,0.99,0.97416,0.9869908814589666
1620,Sys_DiT_ref_class1000,3.85,2.65,324,0.77,0.53,0.4081,0.6278461538461538
1621,Sys_DiT_ref_class1000,3.85,3.2,324,0.77,0.64,0.4928,0.6990070921985815
1622,Sys_DiT_ref_class1000,4.12,4.68,324,0.8240000000000001,0.9359999999999999,0.7712640000000001,0.8764363636363637
1623,Sys_DiT_ref_class1000,3.45,2.85,324,0.6900000000000001,0.5700000000000001,0.3933000000000001,0.6242857142857143
1624,Sys_DiT_ref_class1000,3.42,3.85,324,0.6839999999999999,0.77,0.5266799999999999,0.7244566712517193
1625,Sys_DiT_ref_class1000,4.85,4.72,325,0.97,0.944,0.9156799999999999,0.9568234064785789
1626,Sys_DiT_ref_class1000,4.85,3.6,325,0.97,0.72,0.6983999999999999,0.8265088757396449
1627,Sys_DiT_ref_class1000,4.65,3.85,325,0.93,0.77,0.7161000000000001,0.8424705882352941
1628,Sys_DiT_ref_class1000,4.85,4.92,325,0.97,0.984,0.95448,0.976949846468782
1629,Sys_DiT_ref_class1000,4.92,4.98,325,0.984,0.9960000000000001,0.980064,0.9899636363636364
1630,Sys_DiT_ref_class1000,2.15,1.85,326,0.43,0.37,0.1591,0.39774999999999994
1631,Sys_DiT_ref_class1000,4.85,3.72,326,0.97,0.744,0.72168,0.842100350058343
1632,Sys_DiT_ref_class1000,4.68,3.85,326,0.9359999999999999,0.77,0.72072,0.8449237983587339
1633,Sys_DiT_ref_class1000,4.12,3.65,326,0.8240000000000001,0.73,0.60152,0.7741570141570142
1634,Sys_DiT_ref_class1000,4.12,3.65,326,0.8240000000000001,0.73,0.60152,0.7741570141570142
1635,Sys_DiT_ref_class1000,4.85,4.2,327,0.97,0.8400000000000001,0.8148000000000001,0.9003314917127072
1636,Sys_DiT_ref_class1000,4.92,4.85,327,0.984,0.97,0.95448,0.976949846468782
1637,Sys_DiT_ref_class1000,2.85,2.1,327,0.5700000000000001,0.42000000000000004,0.23940000000000006,0.4836363636363637
1638,Sys_DiT_ref_class1000,4.85,4.62,327,0.97,0.924,0.89628,0.9464413938753959
1639,Sys_DiT_ref_class1000,4.92,4.85,327,0.984,0.97,0.95448,0.976949846468782
1640,Sys_DiT_ref_class1000,4.82,3.65,328,0.9640000000000001,0.73,0.70372,0.8308382526564345
1641,Sys_DiT_ref_class1000,4.12,3.85,328,0.8240000000000001,0.77,0.63448,0.7960853199498118
1642,Sys_DiT_ref_class1000,4.85,3.72,328,0.97,0.744,0.72168,0.842100350058343
1643,Sys_DiT_ref_class1000,4.12,2.85,328,0.8240000000000001,0.5700000000000001,0.4696800000000001,0.6738593974175037
1644,Sys_DiT_ref_class1000,4.15,2.85,328,0.8300000000000001,0.5700000000000001,0.4731000000000001,0.6758571428571429
1645,Sys_DiT_ref_class1000,3.42,2.15,329,0.6839999999999999,0.43,0.29412,0.5280430879712747
1646,Sys_DiT_ref_class1000,4.12,2.68,329,0.8240000000000001,0.536,0.44166400000000006,0.6495058823529413
1647,Sys_DiT_ref_class1000,4.68,3.85,329,0.9359999999999999,0.77,0.72072,0.8449237983587339
1648,Sys_DiT_ref_class1000,2.85,3.6,329,0.5700000000000001,0.72,0.41040000000000004,0.6362790697674419
1649,Sys_DiT_ref_class1000,4.65,3.85,329,0.93,0.77,0.7161000000000001,0.8424705882352941
1650,Sys_DiT_ref_class1000,3.42,2.85,330,0.6839999999999999,0.5700000000000001,0.38988,0.6218181818181818
1651,Sys_DiT_ref_class1000,4.12,2.0,330,0.8240000000000001,0.4,0.32960000000000006,0.538562091503268
1652,Sys_DiT_ref_class1000,4.65,3.0,330,0.93,0.6,0.558,0.7294117647058824
1653,Sys_DiT_ref_class1000,3.42,3.85,330,0.6839999999999999,0.77,0.5266799999999999,0.7244566712517193
1654,Sys_DiT_ref_class1000,4.68,3.42,330,0.9359999999999999,0.6839999999999999,0.6402239999999999,0.7904
1655,Sys_DiT_ref_class1000,4.35,3.82,331,0.8699999999999999,0.764,0.6646799999999999,0.8135618115055079
1656,Sys_DiT_ref_class1000,4.85,4.62,331,0.97,0.924,0.89628,0.9464413938753959
1657,Sys_DiT_ref_class1000,4.82,3.65,331,0.9640000000000001,0.73,0.70372,0.8308382526564345
1658,Sys_DiT_ref_class1000,4.82,3.0,331,0.9640000000000001,0.6,0.5784,0.7396419437340154
1659,Sys_DiT_ref_class1000,4.72,3.0,331,0.944,0.6,0.5663999999999999,0.7336787564766838
1660,Sys_DiT_ref_class1000,3.65,1.5,332,0.73,0.3,0.219,0.42524271844660194
1661,Sys_DiT_ref_class1000,4.72,1.5,332,0.944,0.3,0.28319999999999995,0.45530546623794205
1662,Sys_DiT_ref_class1000,4.12,1.5,332,0.8240000000000001,0.3,0.2472,0.43985765124555154
1663,Sys_DiT_ref_class1000,4.12,2.85,332,0.8240000000000001,0.5700000000000001,0.4696800000000001,0.6738593974175037
1664,Sys_DiT_ref_class1000,4.65,3.2,332,0.93,0.64,0.5952000000000001,0.7582165605095542
1665,Sys_DiT_ref_class1000,3.15,2.85,333,0.63,0.5700000000000001,0.35910000000000003,0.5984999999999999
1666,Sys_DiT_ref_class1000,4.82,1.5,333,0.9640000000000001,0.3,0.2892,0.45759493670886076
1667,Sys_DiT_ref_class1000,1.25,1.5,333,0.25,0.3,0.075,0.2727272727272727
1668,Sys_DiT_ref_class1000,3.65,1.5,333,0.73,0.3,0.219,0.42524271844660194
1669,Sys_DiT_ref_class1000,4.85,2.0,333,0.97,0.4,0.388,0.5664233576642336
1670,Sys_DiT_ref_class1000,3.82,2.15,334,0.764,0.43,0.32852,0.550284757118928
1671,Sys_DiT_ref_class1000,4.12,2.85,334,0.8240000000000001,0.5700000000000001,0.4696800000000001,0.6738593974175037
1672,Sys_DiT_ref_class1000,4.85,4.75,334,0.97,0.95,0.9215,0.9598958333333334
1673,Sys_DiT_ref_class1000,4.15,1.5,334,0.8300000000000001,0.3,0.249,0.44070796460176986
1674,Sys_DiT_ref_class1000,4.12,1.5,334,0.8240000000000001,0.3,0.2472,0.43985765124555154
1675,Sys_DiT_ref_class1000,4.72,1.5,335,0.944,0.3,0.28319999999999995,0.45530546623794205
1676,Sys_DiT_ref_class1000,3.62,2.0,335,0.724,0.4,0.2896,0.5153024911032028
1677,Sys_DiT_ref_class1000,2.35,1.5,335,0.47000000000000003,0.3,0.14100000000000001,0.36623376623376624
1678,Sys_DiT_ref_class1000,3.42,2.85,335,0.6839999999999999,0.5700000000000001,0.38988,0.6218181818181818
1679,Sys_DiT_ref_class1000,4.85,2.9,335,0.97,0.58,0.5626,0.7259354838709678
1680,Sys_DiT_ref_class1000,3.82,4.15,336,0.764,0.8300000000000001,0.63412,0.795633626097867
1681,Sys_DiT_ref_class1000,2.15,1.5,336,0.43,0.3,0.129,0.35342465753424657
1682,Sys_DiT_ref_class1000,4.35,3.0,336,0.8699999999999999,0.6,0.5219999999999999,0.710204081632653
1683,Sys_DiT_ref_class1000,4.92,4.95,336,0.984,0.99,0.97416,0.9869908814589666
1684,Sys_DiT_ref_class1000,4.72,3.0,336,0.944,0.6,0.5663999999999999,0.7336787564766838
1685,Sys_DiT_ref_class1000,4.12,2.85,337,0.8240000000000001,0.5700000000000001,0.4696800000000001,0.6738593974175037
1686,Sys_DiT_ref_class1000,4.92,4.95,337,0.984,0.99,0.97416,0.9869908814589666
1687,Sys_DiT_ref_class1000,4.12,1.5,337,0.8240000000000001,0.3,0.2472,0.43985765124555154
1688,Sys_DiT_ref_class1000,3.42,3.65,337,0.6839999999999999,0.73,0.49931999999999993,0.7062517680339462
1689,Sys_DiT_ref_class1000,3.42,3.65,337,0.6839999999999999,0.73,0.49931999999999993,0.7062517680339462
1690,Sys_DiT_ref_class1000,4.92,4.98,338,0.984,0.9960000000000001,0.980064,0.9899636363636364
1691,Sys_DiT_ref_class1000,4.82,1.5,338,0.9640000000000001,0.3,0.2892,0.45759493670886076
1692,Sys_DiT_ref_class1000,4.92,4.95,338,0.984,0.99,0.97416,0.9869908814589666
1693,Sys_DiT_ref_class1000,4.65,3.85,338,0.93,0.77,0.7161000000000001,0.8424705882352941
1694,Sys_DiT_ref_class1000,2.85,1.5,338,0.5700000000000001,0.3,0.171,0.3931034482758621
1695,Sys_DiT_ref_class1000,5.0,4.95,339,1.0,0.99,0.99,0.9949748743718593
1696,Sys_DiT_ref_class1000,4.15,2.85,339,0.8300000000000001,0.5700000000000001,0.4731000000000001,0.6758571428571429
1697,Sys_DiT_ref_class1000,3.65,1.85,339,0.73,0.37,0.2701,0.4910909090909091
1698,Sys_DiT_ref_class1000,4.65,3.85,339,0.93,0.77,0.7161000000000001,0.8424705882352941
1699,Sys_DiT_ref_class1000,4.92,3.85,339,0.984,0.77,0.75768,0.863945267958951
1700,Sys_DiT_ref_class1000,4.65,3.85,340,0.93,0.77,0.7161000000000001,0.8424705882352941
1701,Sys_DiT_ref_class1000,5.0,4.9,340,1.0,0.9800000000000001,0.9800000000000001,0.9898989898989901
1702,Sys_DiT_ref_class1000,4.85,1.5,340,0.97,0.3,0.291,0.458267716535433
1703,Sys_DiT_ref_class1000,4.65,1.5,340,0.93,0.3,0.279,0.4536585365853659
1704,Sys_DiT_ref_class1000,4.85,3.0,340,0.97,0.6,0.582,0.7414012738853504
1705,Sys_DiT_ref_class1000,4.98,4.99,341,0.9960000000000001,0.998,0.9940080000000001,0.9969989969909729
1706,Sys_DiT_ref_class1000,4.62,2.85,341,0.924,0.5700000000000001,0.52668,0.7050602409638553
1707,Sys_DiT_ref_class1000,4.82,3.0,341,0.9640000000000001,0.6,0.5784,0.7396419437340154
1708,Sys_DiT_ref_class1000,3.42,2.85,341,0.6839999999999999,0.5700000000000001,0.38988,0.6218181818181818
1709,Sys_DiT_ref_class1000,4.72,2.0,341,0.944,0.4,0.3776,0.5619047619047619
1710,Sys_DiT_ref_class1000,4.65,3.85,342,0.93,0.77,0.7161000000000001,0.8424705882352941
1711,Sys_DiT_ref_class1000,3.82,1.5,342,0.764,0.3,0.2292,0.4308270676691729
1712,Sys_DiT_ref_class1000,4.15,2.85,342,0.8300000000000001,0.5700000000000001,0.4731000000000001,0.6758571428571429
1713,Sys_DiT_ref_class1000,4.82,4.15,342,0.9640000000000001,0.8300000000000001,0.8001200000000002,0.891995540691193
1714,Sys_DiT_ref_class1000,4.82,3.0,342,0.9640000000000001,0.6,0.5784,0.7396419437340154
1715,Sys_DiT_ref_class1000,4.92,3.85,343,0.984,0.77,0.75768,0.863945267958951
1716,Sys_DiT_ref_class1000,3.65,1.5,343,0.73,0.3,0.219,0.42524271844660194
1717,Sys_DiT_ref_class1000,4.65,3.85,343,0.93,0.77,0.7161000000000001,0.8424705882352941
1718,Sys_DiT_ref_class1000,4.98,4.95,343,0.9960000000000001,0.99,0.9860400000000001,0.9929909365558913
1719,Sys_DiT_ref_class1000,2.15,1.85,343,0.43,0.37,0.1591,0.39774999999999994
1720,Sys_DiT_ref_class1000,4.85,4.62,344,0.97,0.924,0.89628,0.9464413938753959
1721,Sys_DiT_ref_class1000,4.12,2.85,344,0.8240000000000001,0.5700000000000001,0.4696800000000001,0.6738593974175037
1722,Sys_DiT_ref_class1000,4.85,4.62,344,0.97,0.924,0.89628,0.9464413938753959
1723,Sys_DiT_ref_class1000,4.82,4.65,344,0.9640000000000001,0.93,0.8965200000000001,0.9466948257655755
1724,Sys_DiT_ref_class1000,3.85,2.65,344,0.77,0.53,0.4081,0.6278461538461538
1725,Sys_DiT_ref_class1000,4.65,3.85,345,0.93,0.77,0.7161000000000001,0.8424705882352941
1726,Sys_DiT_ref_class1000,4.15,3.85,345,0.8300000000000001,0.77,0.6391000000000001,0.7988750000000001
1727,Sys_DiT_ref_class1000,4.12,1.5,345,0.8240000000000001,0.3,0.2472,0.43985765124555154
1728,Sys_DiT_ref_class1000,2.35,1.5,345,0.47000000000000003,0.3,0.14100000000000001,0.36623376623376624
1729,Sys_DiT_ref_class1000,3.82,2.65,345,0.764,0.53,0.40492,0.6258423493044822
1730,Sys_DiT_ref_class1000,2.85,1.5,346,0.5700000000000001,0.3,0.171,0.3931034482758621
1731,Sys_DiT_ref_class1000,4.12,1.5,346,0.8240000000000001,0.3,0.2472,0.43985765124555154
1732,Sys_DiT_ref_class1000,4.85,3.0,346,0.97,0.6,0.582,0.7414012738853504
1733,Sys_DiT_ref_class1000,4.85,3.8,346,0.97,0.76,0.7372,0.8522543352601156
1734,Sys_DiT_ref_class1000,4.65,3.85,346,0.93,0.77,0.7161000000000001,0.8424705882352941
1735,Sys_DiT_ref_class1000,4.12,2.85,347,0.8240000000000001,0.5700000000000001,0.4696800000000001,0.6738593974175037
1736,Sys_DiT_ref_class1000,2.85,1.92,347,0.5700000000000001,0.384,0.21888000000000002,0.4588679245283019
1737,Sys_DiT_ref_class1000,4.85,4.72,347,0.97,0.944,0.9156799999999999,0.9568234064785789
1738,Sys_DiT_ref_class1000,4.82,3.0,347,0.9640000000000001,0.6,0.5784,0.7396419437340154
1739,Sys_DiT_ref_class1000,4.68,4.15,347,0.9359999999999999,0.8300000000000001,0.77688,0.8798187995469989
1740,Sys_DiT_ref_class1000,1.25,1.5,348,0.25,0.3,0.075,0.2727272727272727
1741,Sys_DiT_ref_class1000,4.82,4.91,348,0.9640000000000001,0.982,0.946648,0.9729167523124357
1742,Sys_DiT_ref_class1000,4.62,3.85,348,0.924,0.77,0.71148,0.8400000000000001
1743,Sys_DiT_ref_class1000,4.65,2.0,348,0.93,0.4,0.37200000000000005,0.5593984962406016
1744,Sys_DiT_ref_class1000,4.12,1.5,348,0.8240000000000001,0.3,0.2472,0.43985765124555154
1745,Sys_DiT_ref_class1000,3.85,3.62,349,0.77,0.724,0.55748,0.7462918340026774
1746,Sys_DiT_ref_class1000,2.85,1.5,349,0.5700000000000001,0.3,0.171,0.3931034482758621
1747,Sys_DiT_ref_class1000,4.85,1.5,349,0.97,0.3,0.291,0.458267716535433
1748,Sys_DiT_ref_class1000,2.85,3.12,349,0.5700000000000001,0.624,0.35568000000000005,0.5957788944723619
1749,Sys_DiT_ref_class1000,4.15,3.85,349,0.8300000000000001,0.77,0.6391000000000001,0.7988750000000001
1750,Sys_DiT_ref_class1000,4.62,3.0,350,0.924,0.6,0.5544,0.7275590551181103
1751,Sys_DiT_ref_class1000,4.12,3.65,350,0.8240000000000001,0.73,0.60152,0.7741570141570142
1752,Sys_DiT_ref_class1000,4.15,2.0,350,0.8300000000000001,0.4,0.3320000000000001,0.5398373983739838
1753,Sys_DiT_ref_class1000,4.65,1.5,350,0.93,0.3,0.279,0.4536585365853659
1754,Sys_DiT_ref_class1000,4.62,2.0,350,0.924,0.4,0.36960000000000004,0.5583081570996979
1755,Sys_DiT_ref_class1000,4.35,3.82,351,0.8699999999999999,0.764,0.6646799999999999,0.8135618115055079
1756,Sys_DiT_ref_class1000,4.65,2.0,351,0.93,0.4,0.37200000000000005,0.5593984962406016
1757,Sys_DiT_ref_class1000,4.92,4.85,351,0.984,0.97,0.95448,0.976949846468782
1758,Sys_DiT_ref_class1000,4.65,3.85,351,0.93,0.77,0.7161000000000001,0.8424705882352941
1759,Sys_DiT_ref_class1000,3.45,3.82,351,0.6900000000000001,0.764,0.5271600000000001,0.7251169188445667
1760,Sys_DiT_ref_class1000,4.85,2.0,352,0.97,0.4,0.388,0.5664233576642336
1761,Sys_DiT_ref_class1000,3.85,2.15,352,0.77,0.43,0.3311,0.5518333333333334
1762,Sys_DiT_ref_class1000,4.12,1.5,352,0.8240000000000001,0.3,0.2472,0.43985765124555154
1763,Sys_DiT_ref_class1000,4.85,3.6,352,0.97,0.72,0.6983999999999999,0.8265088757396449
1764,Sys_DiT_ref_class1000,3.82,2.65,352,0.764,0.53,0.40492,0.6258423493044822
1765,Sys_DiT_ref_class1000,4.82,3.65,353,0.9640000000000001,0.73,0.70372,0.8308382526564345
1766,Sys_DiT_ref_class1000,4.92,3.85,353,0.984,0.77,0.75768,0.863945267958951
1767,Sys_DiT_ref_class1000,4.85,3.6,353,0.97,0.72,0.6983999999999999,0.8265088757396449
1768,Sys_DiT_ref_class1000,2.15,0.85,353,0.43,0.16999999999999998,0.0731,0.24366666666666667
1769,Sys_DiT_ref_class1000,2.85,1.5,353,0.5700000000000001,0.3,0.171,0.3931034482758621
1770,Sys_DiT_ref_class1000,4.65,3.85,354,0.93,0.77,0.7161000000000001,0.8424705882352941
1771,Sys_DiT_ref_class1000,4.15,3.0,354,0.8300000000000001,0.6,0.498,0.6965034965034964
1772,Sys_DiT_ref_class1000,4.65,3.85,354,0.93,0.77,0.7161000000000001,0.8424705882352941
1773,Sys_DiT_ref_class1000,4.85,3.8,354,0.97,0.76,0.7372,0.8522543352601156
1774,Sys_DiT_ref_class1000,4.92,4.95,354,0.984,0.99,0.97416,0.9869908814589666
1775,Sys_DiT_ref_class1000,4.62,2.85,355,0.924,0.5700000000000001,0.52668,0.7050602409638553
1776,Sys_DiT_ref_class1000,4.82,3.65,355,0.9640000000000001,0.73,0.70372,0.8308382526564345
1777,Sys_DiT_ref_class1000,4.12,2.85,355,0.8240000000000001,0.5700000000000001,0.4696800000000001,0.6738593974175037
1778,Sys_DiT_ref_class1000,4.62,1.5,355,0.924,0.3,0.2772,0.45294117647058824
1779,Sys_DiT_ref_class1000,1.85,3.42,355,0.37,0.6839999999999999,0.25307999999999997,0.4802277039848198
1780,Sys_DiT_ref_class1000,4.68,2.85,356,0.9359999999999999,0.5700000000000001,0.53352,0.7085258964143426
1781,Sys_DiT_ref_class1000,4.65,2.0,356,0.93,0.4,0.37200000000000005,0.5593984962406016
1782,Sys_DiT_ref_class1000,4.15,2.0,356,0.8300000000000001,0.4,0.3320000000000001,0.5398373983739838
1783,Sys_DiT_ref_class1000,2.85,1.2,356,0.5700000000000001,0.24,0.1368,0.3377777777777778
1784,Sys_DiT_ref_class1000,3.82,1.47,356,0.764,0.294,0.22461599999999998,0.4246049149338374
1785,Sys_DiT_ref_class1000,4.12,3.65,357,0.8240000000000001,0.73,0.60152,0.7741570141570142
1786,Sys_DiT_ref_class1000,4.72,3.0,357,0.944,0.6,0.5663999999999999,0.7336787564766838
1787,Sys_DiT_ref_class1000,1.85,2.1,357,0.37,0.42000000000000004,0.1554,0.39341772151898735
1788,Sys_DiT_ref_class1000,4.35,1.5,357,0.8699999999999999,0.3,0.26099999999999995,0.4461538461538461
1789,Sys_DiT_ref_class1000,4.82,3.65,357,0.9640000000000001,0.73,0.70372,0.8308382526564345
1790,Sys_DiT_ref_class1000,3.85,1.5,358,0.77,0.3,0.23099999999999998,0.4317757009345794
1791,Sys_DiT_ref_class1000,4.85,4.92,358,0.97,0.984,0.95448,0.976949846468782
1792,Sys_DiT_ref_class1000,4.65,2.0,358,0.93,0.4,0.37200000000000005,0.5593984962406016
1793,Sys_DiT_ref_class1000,4.15,1.5,358,0.8300000000000001,0.3,0.249,0.44070796460176986
1794,Sys_DiT_ref_class1000,4.12,2.85,358,0.8240000000000001,0.5700000000000001,0.4696800000000001,0.6738593974175037
1795,Sys_DiT_ref_class1000,2.85,1.5,359,0.5700000000000001,0.3,0.171,0.3931034482758621
1796,Sys_DiT_ref_class1000,1.42,1.5,359,0.284,0.3,0.08519999999999998,0.2917808219178082
1797,Sys_DiT_ref_class1000,4.15,1.5,359,0.8300000000000001,0.3,0.249,0.44070796460176986
1798,Sys_DiT_ref_class1000,4.15,1.5,359,0.8300000000000001,0.3,0.249,0.44070796460176986
1799,Sys_DiT_ref_class1000,3.42,1.5,359,0.6839999999999999,0.3,0.20519999999999997,0.41707317073170724
1800,Sys_DiT_ref_class1000,4.92,4.75,360,0.984,0.95,0.9348,0.9667011375387797
1801,Sys_DiT_ref_class1000,1.85,1.2,360,0.37,0.24,0.08879999999999999,0.2911475409836065
1802,Sys_DiT_ref_class1000,3.62,1.5,360,0.724,0.3,0.21719999999999998,0.4242187499999999
1803,Sys_DiT_ref_class1000,4.92,4.95,360,0.984,0.99,0.97416,0.9869908814589666
1804,Sys_DiT_ref_class1000,1.85,2.1,360,0.37,0.42000000000000004,0.1554,0.39341772151898735
1805,Sys_DiT_ref_class1000,4.12,1.5,361,0.8240000000000001,0.3,0.2472,0.43985765124555154
1806,Sys_DiT_ref_class1000,4.85,3.92,361,0.97,0.784,0.76048,0.8671379703534778
1807,Sys_DiT_ref_class1000,4.62,1.5,361,0.924,0.3,0.2772,0.45294117647058824
1808,Sys_DiT_ref_class1000,4.85,3.0,361,0.97,0.6,0.582,0.7414012738853504
1809,Sys_DiT_ref_class1000,4.85,2.0,361,0.97,0.4,0.388,0.5664233576642336
1810,Sys_DiT_ref_class1000,4.15,2.0,362,0.8300000000000001,0.4,0.3320000000000001,0.5398373983739838
1811,Sys_DiT_ref_class1000,4.82,2.0,362,0.9640000000000001,0.4,0.38560000000000005,0.5653958944281525
1812,Sys_DiT_ref_class1000,4.15,2.0,362,0.8300000000000001,0.4,0.3320000000000001,0.5398373983739838
1813,Sys_DiT_ref_class1000,4.35,3.0,362,0.8699999999999999,0.6,0.5219999999999999,0.710204081632653
1814,Sys_DiT_ref_class1000,4.12,1.5,362,0.8240000000000001,0.3,0.2472,0.43985765124555154
1815,Sys_DiT_ref_class1000,4.12,1.5,363,0.8240000000000001,0.3,0.2472,0.43985765124555154
1816,Sys_DiT_ref_class1000,4.85,4.62,363,0.97,0.924,0.89628,0.9464413938753959
1817,Sys_DiT_ref_class1000,4.85,4.62,363,0.97,0.924,0.89628,0.9464413938753959
1818,Sys_DiT_ref_class1000,4.85,3.65,363,0.97,0.73,0.7081,0.8330588235294117
1819,Sys_DiT_ref_class1000,4.65,2.0,363,0.93,0.4,0.37200000000000005,0.5593984962406016
1820,Sys_DiT_ref_class1000,4.35,2.0,364,0.8699999999999999,0.4,0.348,0.5480314960629921
1821,Sys_DiT_ref_class1000,4.12,1.5,364,0.8240000000000001,0.3,0.2472,0.43985765124555154
1822,Sys_DiT_ref_class1000,4.62,2.0,364,0.924,0.4,0.36960000000000004,0.5583081570996979
1823,Sys_DiT_ref_class1000,4.12,2.0,364,0.8240000000000001,0.4,0.32960000000000006,0.538562091503268
1824,Sys_DiT_ref_class1000,4.12,1.5,364,0.8240000000000001,0.3,0.2472,0.43985765124555154
1825,Sys_DiT_ref_class1000,3.82,1.65,365,0.764,0.32999999999999996,0.25211999999999996,0.4609140767824497
1826,Sys_DiT_ref_class1000,4.68,3.85,365,0.9359999999999999,0.77,0.72072,0.8449237983587339
1827,Sys_DiT_ref_class1000,4.82,3.0,365,0.9640000000000001,0.6,0.5784,0.7396419437340154
1828,Sys_DiT_ref_class1000,4.82,3.65,365,0.9640000000000001,0.73,0.70372,0.8308382526564345
1829,Sys_DiT_ref_class1000,4.85,3.0,365,0.97,0.6,0.582,0.7414012738853504
1830,Sys_DiT_ref_class1000,3.85,1.5,366,0.77,0.3,0.23099999999999998,0.4317757009345794
1831,Sys_DiT_ref_class1000,4.92,4.85,366,0.984,0.97,0.95448,0.976949846468782
1832,Sys_DiT_ref_class1000,4.92,4.85,366,0.984,0.97,0.95448,0.976949846468782
1833,Sys_DiT_ref_class1000,4.92,3.0,366,0.984,0.6,0.5903999999999999,0.7454545454545454
1834,Sys_DiT_ref_class1000,4.35,3.85,366,0.8699999999999999,0.77,0.6698999999999999,0.8169512195121951
1835,Sys_DiT_ref_class1000,4.35,1.5,367,0.8699999999999999,0.3,0.26099999999999995,0.4461538461538461
1836,Sys_DiT_ref_class1000,4.12,1.5,367,0.8240000000000001,0.3,0.2472,0.43985765124555154
1837,Sys_DiT_ref_class1000,4.85,4.72,367,0.97,0.944,0.9156799999999999,0.9568234064785789
1838,Sys_DiT_ref_class1000,4.62,3.85,367,0.924,0.77,0.71148,0.8400000000000001
1839,Sys_DiT_ref_class1000,4.12,2.85,367,0.8240000000000001,0.5700000000000001,0.4696800000000001,0.6738593974175037
1840,Sys_DiT_ref_class1000,4.85,3.0,368,0.97,0.6,0.582,0.7414012738853504
1841,Sys_DiT_ref_class1000,0.15,1.5,368,0.03,0.3,0.009,0.05454545454545455
1842,Sys_DiT_ref_class1000,4.72,1.5,368,0.944,0.3,0.28319999999999995,0.45530546623794205
1843,Sys_DiT_ref_class1000,2.85,2.1,368,0.5700000000000001,0.42000000000000004,0.23940000000000006,0.4836363636363637
1844,Sys_DiT_ref_class1000,4.12,1.5,368,0.8240000000000001,0.3,0.2472,0.43985765124555154
1845,Sys_DiT_ref_class1000,4.12,2.85,369,0.8240000000000001,0.5700000000000001,0.4696800000000001,0.6738593974175037
1846,Sys_DiT_ref_class1000,4.62,1.5,369,0.924,0.3,0.2772,0.45294117647058824
1847,Sys_DiT_ref_class1000,3.85,3.0,369,0.77,0.6,0.46199999999999997,0.6744525547445255
1848,Sys_DiT_ref_class1000,4.62,1.5,369,0.924,0.3,0.2772,0.45294117647058824
1849,Sys_DiT_ref_class1000,4.15,2.0,369,0.8300000000000001,0.4,0.3320000000000001,0.5398373983739838
1850,Sys_DiT_ref_class1000,3.85,2.15,370,0.77,0.43,0.3311,0.5518333333333334
1851,Sys_DiT_ref_class1000,4.65,1.5,370,0.93,0.3,0.279,0.4536585365853659
1852,Sys_DiT_ref_class1000,4.65,3.0,370,0.93,0.6,0.558,0.7294117647058824
1853,Sys_DiT_ref_class1000,4.65,1.5,370,0.93,0.3,0.279,0.4536585365853659
1854,Sys_DiT_ref_class1000,4.65,2.0,370,0.93,0.4,0.37200000000000005,0.5593984962406016
1855,Sys_DiT_ref_class1000,4.62,2.0,371,0.924,0.4,0.36960000000000004,0.5583081570996979
1856,Sys_DiT_ref_class1000,4.92,3.0,371,0.984,0.6,0.5903999999999999,0.7454545454545454
1857,Sys_DiT_ref_class1000,4.85,1.5,371,0.97,0.3,0.291,0.458267716535433
1858,Sys_DiT_ref_class1000,4.65,1.5,371,0.93,0.3,0.279,0.4536585365853659
1859,Sys_DiT_ref_class1000,4.65,2.85,371,0.93,0.5700000000000001,0.5301000000000001,0.7068000000000002
1860,Sys_DiT_ref_class1000,4.68,3.85,372,0.9359999999999999,0.77,0.72072,0.8449237983587339
1861,Sys_DiT_ref_class1000,4.12,3.68,372,0.8240000000000001,0.736,0.606464,0.7775179487179487
1862,Sys_DiT_ref_class1000,4.82,2.0,372,0.9640000000000001,0.4,0.38560000000000005,0.5653958944281525
1863,Sys_DiT_ref_class1000,4.85,3.75,372,0.97,0.75,0.7275,0.8459302325581396
1864,Sys_DiT_ref_class1000,2.85,1.5,372,0.5700000000000001,0.3,0.171,0.3931034482758621
1865,Sys_DiT_ref_class1000,4.82,2.0,373,0.9640000000000001,0.4,0.38560000000000005,0.5653958944281525
1866,Sys_DiT_ref_class1000,1.25,2.85,373,0.25,0.5700000000000001,0.14250000000000002,0.34756097560975613
1867,Sys_DiT_ref_class1000,4.12,2.85,373,0.8240000000000001,0.5700000000000001,0.4696800000000001,0.6738593974175037
1868,Sys_DiT_ref_class1000,4.68,3.0,373,0.9359999999999999,0.6,0.5616,0.73125
1869,Sys_DiT_ref_class1000,4.68,3.72,373,0.9359999999999999,0.744,0.696384,0.8290285714285714
1870,Sys_DiT_ref_class1000,4.85,1.5,374,0.97,0.3,0.291,0.458267716535433
1871,Sys_DiT_ref_class1000,4.12,2.0,374,0.8240000000000001,0.4,0.32960000000000006,0.538562091503268
1872,Sys_DiT_ref_class1000,3.42,2.0,374,0.6839999999999999,0.4,0.2736,0.5047970479704796
1873,Sys_DiT_ref_class1000,4.85,3.6,374,0.97,0.72,0.6983999999999999,0.8265088757396449
1874,Sys_DiT_ref_class1000,4.12,1.5,374,0.8240000000000001,0.3,0.2472,0.43985765124555154
1875,Sys_DiT_ref_class1000,4.12,2.85,375,0.8240000000000001,0.5700000000000001,0.4696800000000001,0.6738593974175037
1876,Sys_DiT_ref_class1000,4.65,3.0,375,0.93,0.6,0.558,0.7294117647058824
1877,Sys_DiT_ref_class1000,2.85,1.5,375,0.5700000000000001,0.3,0.171,0.3931034482758621
1878,Sys_DiT_ref_class1000,4.85,4.92,375,0.97,0.984,0.95448,0.976949846468782
1879,Sys_DiT_ref_class1000,4.12,2.85,375,0.8240000000000001,0.5700000000000001,0.4696800000000001,0.6738593974175037
1880,Sys_DiT_ref_class1000,4.82,3.65,376,0.9640000000000001,0.73,0.70372,0.8308382526564345
1881,Sys_DiT_ref_class1000,4.65,1.5,376,0.93,0.3,0.279,0.4536585365853659
1882,Sys_DiT_ref_class1000,4.65,3.2,376,0.93,0.64,0.5952000000000001,0.7582165605095542
1883,Sys_DiT_ref_class1000,3.65,2.85,376,0.73,0.5700000000000001,0.4161,0.6401538461538462
1884,Sys_DiT_ref_class1000,3.65,1.5,376,0.73,0.3,0.219,0.42524271844660194
1885,Sys_DiT_ref_class1000,4.65,3.0,377,0.93,0.6,0.558,0.7294117647058824
1886,Sys_DiT_ref_class1000,3.85,2.75,377,0.77,0.55,0.42350000000000004,0.6416666666666667
1887,Sys_DiT_ref_class1000,3.42,2.85,377,0.6839999999999999,0.5700000000000001,0.38988,0.6218181818181818
1888,Sys_DiT_ref_class1000,2.45,1.5,377,0.49000000000000005,0.3,0.14700000000000002,0.37215189873417726
1889,Sys_DiT_ref_class1000,4.72,2.85,377,0.944,0.5700000000000001,0.53808,0.7108058124174372
1890,Sys_DiT_ref_class1000,4.85,1.5,378,0.97,0.3,0.291,0.458267716535433
1891,Sys_DiT_ref_class1000,4.85,2.0,378,0.97,0.4,0.388,0.5664233576642336
1892,Sys_DiT_ref_class1000,4.95,4.98,378,0.99,0.9960000000000001,0.9860400000000001,0.9929909365558913
1893,Sys_DiT_ref_class1000,4.15,2.85,378,0.8300000000000001,0.5700000000000001,0.4731000000000001,0.6758571428571429
1894,Sys_DiT_ref_class1000,4.85,2.0,378,0.97,0.4,0.388,0.5664233576642336
1895,Sys_DiT_ref_class1000,2.15,1.5,379,0.43,0.3,0.129,0.35342465753424657
1896,Sys_DiT_ref_class1000,4.12,3.85,379,0.8240000000000001,0.77,0.63448,0.7960853199498118
1897,Sys_DiT_ref_class1000,3.42,1.5,379,0.6839999999999999,0.3,0.20519999999999997,0.41707317073170724
1898,Sys_DiT_ref_class1000,2.85,1.5,379,0.5700000000000001,0.3,0.171,0.3931034482758621
1899,Sys_DiT_ref_class1000,1.85,1.5,379,0.37,0.3,0.111,0.3313432835820896
1900,Sys_DiT_ref_class1000,4.15,1.5,380,0.8300000000000001,0.3,0.249,0.44070796460176986
1901,Sys_DiT_ref_class1000,4.72,2.0,380,0.944,0.4,0.3776,0.5619047619047619
1902,Sys_DiT_ref_class1000,3.45,2.0,380,0.6900000000000001,0.4,0.276,0.5064220183486239
1903,Sys_DiT_ref_class1000,4.85,1.2,380,0.97,0.24,0.23279999999999998,0.384793388429752
1904,Sys_DiT_ref_class1000,3.42,2.15,380,0.6839999999999999,0.43,0.29412,0.5280430879712747
1905,Sys_DiT_ref_class1000,4.82,2.0,381,0.9640000000000001,0.4,0.38560000000000005,0.5653958944281525
1906,Sys_DiT_ref_class1000,4.15,3.6,381,0.8300000000000001,0.72,0.5976,0.7710967741935484
1907,Sys_DiT_ref_class1000,4.15,2.0,381,0.8300000000000001,0.4,0.3320000000000001,0.5398373983739838
1908,Sys_DiT_ref_class1000,3.42,1.5,381,0.6839999999999999,0.3,0.20519999999999997,0.41707317073170724
1909,Sys_DiT_ref_class1000,4.65,1.5,381,0.93,0.3,0.279,0.4536585365853659
1910,Sys_DiT_ref_class1000,4.72,2.0,382,0.944,0.4,0.3776,0.5619047619047619
1911,Sys_DiT_ref_class1000,4.85,4.62,382,0.97,0.924,0.89628,0.9464413938753959
1912,Sys_DiT_ref_class1000,4.12,3.0,382,0.8240000000000001,0.6,0.4944,0.6943820224719102
1913,Sys_DiT_ref_class1000,4.12,2.0,382,0.8240000000000001,0.4,0.32960000000000006,0.538562091503268
1914,Sys_DiT_ref_class1000,4.15,2.85,382,0.8300000000000001,0.5700000000000001,0.4731000000000001,0.6758571428571429
1915,Sys_DiT_ref_class1000,4.92,4.88,383,0.984,0.976,0.960384,0.9799836734693878
1916,Sys_DiT_ref_class1000,4.65,2.0,383,0.93,0.4,0.37200000000000005,0.5593984962406016
1917,Sys_DiT_ref_class1000,4.85,3.6,383,0.97,0.72,0.6983999999999999,0.8265088757396449
1918,Sys_DiT_ref_class1000,3.65,1.5,383,0.73,0.3,0.219,0.42524271844660194
1919,Sys_DiT_ref_class1000,4.12,1.5,383,0.8240000000000001,0.3,0.2472,0.43985765124555154
1920,Sys_DiT_ref_class1000,4.72,2.0,384,0.944,0.4,0.3776,0.5619047619047619
1921,Sys_DiT_ref_class1000,4.12,1.5,384,0.8240000000000001,0.3,0.2472,0.43985765124555154
1922,Sys_DiT_ref_class1000,4.65,1.5,384,0.93,0.3,0.279,0.4536585365853659
1923,Sys_DiT_ref_class1000,4.65,3.2,384,0.93,0.64,0.5952000000000001,0.7582165605095542
1924,Sys_DiT_ref_class1000,4.12,1.5,384,0.8240000000000001,0.3,0.2472,0.43985765124555154
1925,Sys_DiT_ref_class1000,4.12,2.35,385,0.8240000000000001,0.47000000000000003,0.38728000000000007,0.5985780525502319
1926,Sys_DiT_ref_class1000,4.65,2.0,385,0.93,0.4,0.37200000000000005,0.5593984962406016
1927,Sys_DiT_ref_class1000,4.12,1.85,385,0.8240000000000001,0.37,0.30488000000000004,0.5106867671691793
1928,Sys_DiT_ref_class1000,4.12,3.65,385,0.8240000000000001,0.73,0.60152,0.7741570141570142
1929,Sys_DiT_ref_class1000,4.12,1.5,385,0.8240000000000001,0.3,0.2472,0.43985765124555154
1930,Sys_DiT_ref_class1000,3.42,2.85,386,0.6839999999999999,0.5700000000000001,0.38988,0.6218181818181818
1931,Sys_DiT_ref_class1000,4.68,3.85,386,0.9359999999999999,0.77,0.72072,0.8449237983587339
1932,Sys_DiT_ref_class1000,4.15,2.85,386,0.8300000000000001,0.5700000000000001,0.4731000000000001,0.6758571428571429
1933,Sys_DiT_ref_class1000,4.65,4.12,386,0.93,0.8240000000000001,0.7663200000000001,0.8737970353477766
1934,Sys_DiT_ref_class1000,4.82,4.35,386,0.9640000000000001,0.8699999999999999,0.83868,0.9145910577971647
1935,Sys_DiT_ref_class1000,4.85,4.92,387,0.97,0.984,0.95448,0.976949846468782
1936,Sys_DiT_ref_class1000,4.65,3.85,387,0.93,0.77,0.7161000000000001,0.8424705882352941
1937,Sys_DiT_ref_class1000,4.65,1.5,387,0.93,0.3,0.279,0.4536585365853659
1938,Sys_DiT_ref_class1000,4.65,2.0,387,0.93,0.4,0.37200000000000005,0.5593984962406016
1939,Sys_DiT_ref_class1000,4.72,3.0,387,0.944,0.6,0.5663999999999999,0.7336787564766838
1940,Sys_DiT_ref_class1000,4.65,1.5,388,0.93,0.3,0.279,0.4536585365853659
1941,Sys_DiT_ref_class1000,4.85,1.5,388,0.97,0.3,0.291,0.458267716535433
1942,Sys_DiT_ref_class1000,4.92,4.95,388,0.984,0.99,0.97416,0.9869908814589666
1943,Sys_DiT_ref_class1000,4.85,1.5,388,0.97,0.3,0.291,0.458267716535433
1944,Sys_DiT_ref_class1000,4.85,1.5,388,0.97,0.3,0.291,0.458267716535433
1945,Sys_DiT_ref_class1000,1.85,2.0,389,0.37,0.4,0.148,0.3844155844155844
1946,Sys_DiT_ref_class1000,1.25,2.85,389,0.25,0.5700000000000001,0.14250000000000002,0.34756097560975613
1947,Sys_DiT_ref_class1000,2.15,2.85,389,0.43,0.5700000000000001,0.2451,0.4902
1948,Sys_DiT_ref_class1000,2.85,1.5,389,0.5700000000000001,0.3,0.171,0.3931034482758621
1949,Sys_DiT_ref_class1000,1.85,3.92,389,0.37,0.784,0.29008,0.502738301559792
1950,Sys_DiT_ref_class1000,4.72,3.85,390,0.944,0.77,0.72688,0.8481680280046674
1951,Sys_DiT_ref_class1000,2.15,1.85,390,0.43,0.37,0.1591,0.39774999999999994
1952,Sys_DiT_ref_class1000,3.42,2.85,390,0.6839999999999999,0.5700000000000001,0.38988,0.6218181818181818
1953,Sys_DiT_ref_class1000,4.65,3.85,390,0.93,0.77,0.7161000000000001,0.8424705882352941
1954,Sys_DiT_ref_class1000,3.42,2.15,390,0.6839999999999999,0.43,0.29412,0.5280430879712747
1955,Sys_DiT_ref_class1000,4.65,1.5,391,0.93,0.3,0.279,0.4536585365853659
1956,Sys_DiT_ref_class1000,3.85,2.9,391,0.77,0.58,0.4466,0.6616296296296296
1957,Sys_DiT_ref_class1000,4.85,3.0,391,0.97,0.6,0.582,0.7414012738853504
1958,Sys_DiT_ref_class1000,4.65,1.5,391,0.93,0.3,0.279,0.4536585365853659
1959,Sys_DiT_ref_class1000,4.65,2.85,391,0.93,0.5700000000000001,0.5301000000000001,0.7068000000000002
1960,Sys_DiT_ref_class1000,4.85,3.65,392,0.97,0.73,0.7081,0.8330588235294117
1961,Sys_DiT_ref_class1000,4.72,2.85,392,0.944,0.5700000000000001,0.53808,0.7108058124174372
1962,Sys_DiT_ref_class1000,4.85,3.62,392,0.97,0.724,0.7022799999999999,0.8291381345926799
1963,Sys_DiT_ref_class1000,4.15,2.85,392,0.8300000000000001,0.5700000000000001,0.4731000000000001,0.6758571428571429
1964,Sys_DiT_ref_class1000,1.85,2.4,392,0.37,0.48,0.17759999999999998,0.4178823529411764
1965,Sys_DiT_ref_class1000,4.15,3.85,393,0.8300000000000001,0.77,0.6391000000000001,0.7988750000000001
1966,Sys_DiT_ref_class1000,3.85,3.2,393,0.77,0.64,0.4928,0.6990070921985815
1967,Sys_DiT_ref_class1000,4.65,3.85,393,0.93,0.77,0.7161000000000001,0.8424705882352941
1968,Sys_DiT_ref_class1000,2.85,2.1,393,0.5700000000000001,0.42000000000000004,0.23940000000000006,0.4836363636363637
1969,Sys_DiT_ref_class1000,4.68,3.42,393,0.9359999999999999,0.6839999999999999,0.6402239999999999,0.7904
1970,Sys_DiT_ref_class1000,3.42,1.85,394,0.6839999999999999,0.37,0.25307999999999997,0.4802277039848198
1971,Sys_DiT_ref_class1000,4.15,2.85,394,0.8300000000000001,0.5700000000000001,0.4731000000000001,0.6758571428571429
1972,Sys_DiT_ref_class1000,4.72,3.85,394,0.944,0.77,0.72688,0.8481680280046674
1973,Sys_DiT_ref_class1000,4.72,2.85,394,0.944,0.5700000000000001,0.53808,0.7108058124174372
1974,Sys_DiT_ref_class1000,4.65,4.12,394,0.93,0.8240000000000001,0.7663200000000001,0.8737970353477766
1975,Sys_DiT_ref_class1000,1.85,1.2,395,0.37,0.24,0.08879999999999999,0.2911475409836065
1976,Sys_DiT_ref_class1000,4.85,4.92,395,0.97,0.984,0.95448,0.976949846468782
1977,Sys_DiT_ref_class1000,4.12,3.85,395,0.8240000000000001,0.77,0.63448,0.7960853199498118
1978,Sys_DiT_ref_class1000,1.25,1.8,395,0.25,0.36,0.09,0.29508196721311475
1979,Sys_DiT_ref_class1000,4.65,3.85,395,0.93,0.77,0.7161000000000001,0.8424705882352941
1980,Sys_DiT_ref_class1000,4.72,3.85,396,0.944,0.77,0.72688,0.8481680280046674
1981,Sys_DiT_ref_class1000,4.68,2.85,396,0.9359999999999999,0.5700000000000001,0.53352,0.7085258964143426
1982,Sys_DiT_ref_class1000,4.82,3.65,396,0.9640000000000001,0.73,0.70372,0.8308382526564345
1983,Sys_DiT_ref_class1000,4.72,3.85,396,0.944,0.77,0.72688,0.8481680280046674
1984,Sys_DiT_ref_class1000,4.82,3.65,396,0.9640000000000001,0.73,0.70372,0.8308382526564345
1985,Sys_DiT_ref_class1000,1.85,3.42,397,0.37,0.6839999999999999,0.25307999999999997,0.4802277039848198
1986,Sys_DiT_ref_class1000,4.82,3.65,397,0.9640000000000001,0.73,0.70372,0.8308382526564345
1987,Sys_DiT_ref_class1000,4.62,3.85,397,0.924,0.77,0.71148,0.8400000000000001
1988,Sys_DiT_ref_class1000,4.65,3.82,397,0.93,0.764,0.71052,0.8388665879574971
1989,Sys_DiT_ref_class1000,4.35,3.85,397,0.8699999999999999,0.77,0.6698999999999999,0.8169512195121951
1990,Sys_DiT_ref_class1000,0.0,1.85,398,0.0,0.37,0.0,0.0
1991,Sys_DiT_ref_class1000,4.85,3.75,398,0.97,0.75,0.7275,0.8459302325581396
1992,Sys_DiT_ref_class1000,3.85,2.4,398,0.77,0.48,0.3696,0.59136
1993,Sys_DiT_ref_class1000,4.85,2.35,398,0.97,0.47000000000000003,0.4559,0.6331944444444445
1994,Sys_DiT_ref_class1000,4.85,3.75,398,0.97,0.75,0.7275,0.8459302325581396
1995,Sys_DiT_ref_class1000,4.65,2.85,399,0.93,0.5700000000000001,0.5301000000000001,0.7068000000000002
1996,Sys_DiT_ref_class1000,4.12,3.65,399,0.8240000000000001,0.73,0.60152,0.7741570141570142
1997,Sys_DiT_ref_class1000,4.85,3.75,399,0.97,0.75,0.7275,0.8459302325581396
1998,Sys_DiT_ref_class1000,4.65,1.5,399,0.93,0.3,0.279,0.4536585365853659
1999,Sys_DiT_ref_class1000,2.85,1.15,399,0.5700000000000001,0.22999999999999998,0.1311,0.32775
2000,Sys_DiT_ref_class1000,4.85,2.9,400,0.97,0.58,0.5626,0.7259354838709678
2001,Sys_DiT_ref_class1000,4.65,3.85,400,0.93,0.77,0.7161000000000001,0.8424705882352941
2002,Sys_DiT_ref_class1000,0.0,0.0,400,0.0,0.0,0.0,0.0
2003,Sys_DiT_ref_class1000,4.92,4.15,400,0.984,0.8300000000000001,0.8167200000000001,0.9004630650496142
2004,Sys_DiT_ref_class1000,4.72,2.85,400,0.944,0.5700000000000001,0.53808,0.7108058124174372
2005,Sys_DiT_ref_class1000,1.25,1.1,401,0.25,0.22000000000000003,0.05500000000000001,0.23404255319148937
2006,Sys_DiT_ref_class1000,0.85,1.2,401,0.16999999999999998,0.24,0.040799999999999996,0.19902439024390242
2007,Sys_DiT_ref_class1000,4.65,3.8,401,0.93,0.76,0.7068000000000001,0.8364497041420119
2008,Sys_DiT_ref_class1000,4.15,3.68,401,0.8300000000000001,0.736,0.6108800000000001,0.7801787994891444
2009,Sys_DiT_ref_class1000,4.65,1.5,401,0.93,0.3,0.279,0.4536585365853659
2010,Sys_DiT_ref_class1000,1.85,2.9,402,0.37,0.58,0.21459999999999999,0.4517894736842105
2011,Sys_DiT_ref_class1000,0.85,1.2,402,0.16999999999999998,0.24,0.040799999999999996,0.19902439024390242
2012,Sys_DiT_ref_class1000,3.65,1.82,402,0.73,0.364,0.26572,0.48577696526508235
2013,Sys_DiT_ref_class1000,4.85,3.72,402,0.97,0.744,0.72168,0.842100350058343
2014,Sys_DiT_ref_class1000,4.15,2.35,402,0.8300000000000001,0.47000000000000003,0.39010000000000006,0.6001538461538463
2015,Sys_DiT_ref_class1000,3.82,2.15,403,0.764,0.43,0.32852,0.550284757118928
2016,Sys_DiT_ref_class1000,4.12,2.35,403,0.8240000000000001,0.47000000000000003,0.38728000000000007,0.5985780525502319
2017,Sys_DiT_ref_class1000,4.65,3.85,403,0.93,0.77,0.7161000000000001,0.8424705882352941
2018,Sys_DiT_ref_class1000,2.15,1.85,403,0.43,0.37,0.1591,0.39774999999999994
2019,Sys_DiT_ref_class1000,4.15,2.85,403,0.8300000000000001,0.5700000000000001,0.4731000000000001,0.6758571428571429
2020,Sys_DiT_ref_class1000,4.85,2.9,404,0.97,0.58,0.5626,0.7259354838709678
2021,Sys_DiT_ref_class1000,4.65,2.85,404,0.93,0.5700000000000001,0.5301000000000001,0.7068000000000002
2022,Sys_DiT_ref_class1000,3.85,1.92,404,0.77,0.384,0.29568,0.5124436741767765
2023,Sys_DiT_ref_class1000,4.15,2.85,404,0.8300000000000001,0.5700000000000001,0.4731000000000001,0.6758571428571429
2024,Sys_DiT_ref_class1000,5.0,5.0,404,1.0,1.0,1.0,1.0
2025,Sys_DiT_ref_class1000,3.85,1.42,405,0.77,0.284,0.21867999999999999,0.4149525616698292
2026,Sys_DiT_ref_class1000,2.15,1.85,405,0.43,0.37,0.1591,0.39774999999999994
2027,Sys_DiT_ref_class1000,4.65,2.85,405,0.93,0.5700000000000001,0.5301000000000001,0.7068000000000002
2028,Sys_DiT_ref_class1000,3.85,2.65,405,0.77,0.53,0.4081,0.6278461538461538
2029,Sys_DiT_ref_class1000,1.85,2.6,405,0.37,0.52,0.19240000000000002,0.43235955056179776
2030,Sys_DiT_ref_class1000,3.82,2.15,406,0.764,0.43,0.32852,0.550284757118928
2031,Sys_DiT_ref_class1000,4.85,3.75,406,0.97,0.75,0.7275,0.8459302325581396
2032,Sys_DiT_ref_class1000,4.65,3.85,406,0.93,0.77,0.7161000000000001,0.8424705882352941
2033,Sys_DiT_ref_class1000,4.65,2.85,406,0.93,0.5700000000000001,0.5301000000000001,0.7068000000000002
2034,Sys_DiT_ref_class1000,4.85,4.2,406,0.97,0.8400000000000001,0.8148000000000001,0.9003314917127072
2035,Sys_DiT_ref_class1000,4.85,3.75,407,0.97,0.75,0.7275,0.8459302325581396
2036,Sys_DiT_ref_class1000,3.42,2.15,407,0.6839999999999999,0.43,0.29412,0.5280430879712747
2037,Sys_DiT_ref_class1000,4.85,2.75,407,0.97,0.55,0.5335,0.7019736842105263
2038,Sys_DiT_ref_class1000,4.25,3.85,407,0.85,0.77,0.6545,0.8080246913580246
2039,Sys_DiT_ref_class1000,4.65,2.85,407,0.93,0.5700000000000001,0.5301000000000001,0.7068000000000002
2040,Sys_DiT_ref_class1000,4.15,2.85,408,0.8300000000000001,0.5700000000000001,0.4731000000000001,0.6758571428571429
2041,Sys_DiT_ref_class1000,4.85,3.72,408,0.97,0.744,0.72168,0.842100350058343
2042,Sys_DiT_ref_class1000,4.85,4.12,408,0.97,0.8240000000000001,0.79928,0.8910590858416945
2043,Sys_DiT_ref_class1000,4.85,2.15,408,0.97,0.43,0.41709999999999997,0.5958571428571429
2044,Sys_DiT_ref_class1000,4.12,3.68,408,0.8240000000000001,0.736,0.606464,0.7775179487179487
2045,Sys_DiT_ref_class1000,0.15,0.85,409,0.03,0.16999999999999998,0.0050999999999999995,0.051
2046,Sys_DiT_ref_class1000,2.15,2.8,409,0.43,0.5599999999999999,0.24079999999999996,0.4864646464646464
2047,Sys_DiT_ref_class1000,2.15,2.85,409,0.43,0.5700000000000001,0.2451,0.4902
2048,Sys_DiT_ref_class1000,2.85,1.95,409,0.5700000000000001,0.39,0.22230000000000003,0.463125
2049,Sys_DiT_ref_class1000,1.85,1.2,409,0.37,0.24,0.08879999999999999,0.2911475409836065
2050,Sys_DiT_ref_class1000,4.12,2.85,410,0.8240000000000001,0.5700000000000001,0.4696800000000001,0.6738593974175037
2051,Sys_DiT_ref_class1000,2.85,1.2,410,0.5700000000000001,0.24,0.1368,0.3377777777777778
2052,Sys_DiT_ref_class1000,2.85,2.0,410,0.5700000000000001,0.4,0.22800000000000004,0.4701030927835052
2053,Sys_DiT_ref_class1000,2.15,2.3,410,0.43,0.45999999999999996,0.19779999999999998,0.4444943820224719
2054,Sys_DiT_ref_class1000,1.85,1.5,410,0.37,0.3,0.111,0.3313432835820896
2055,Sys_DiT_ref_class1000,2.85,2.15,411,0.5700000000000001,0.43,0.2451,0.4902
2056,Sys_DiT_ref_class1000,4.15,3.25,411,0.8300000000000001,0.65,0.5395000000000001,0.7290540540540542
2057,Sys_DiT_ref_class1000,1.85,2.3,411,0.37,0.45999999999999996,0.1702,0.41012048192771083
2058,Sys_DiT_ref_class1000,1.85,1.5,411,0.37,0.3,0.111,0.3313432835820896
2059,Sys_DiT_ref_class1000,5.0,5.0,411,1.0,1.0,1.0,1.0
2060,Sys_DiT_ref_class1000,4.85,3.65,412,0.97,0.73,0.7081,0.8330588235294117
2061,Sys_DiT_ref_class1000,1.85,2.4,412,0.37,0.48,0.17759999999999998,0.4178823529411764
2062,Sys_DiT_ref_class1000,4.85,3.65,412,0.97,0.73,0.7081,0.8330588235294117
2063,Sys_DiT_ref_class1000,4.85,1.82,412,0.97,0.364,0.35308,0.5293553223388305
2064,Sys_DiT_ref_class1000,4.85,3.72,412,0.97,0.744,0.72168,0.842100350058343
2065,Sys_DiT_ref_class1000,4.12,2.85,413,0.8240000000000001,0.5700000000000001,0.4696800000000001,0.6738593974175037
2066,Sys_DiT_ref_class1000,1.85,1.2,413,0.37,0.24,0.08879999999999999,0.2911475409836065
2067,Sys_DiT_ref_class1000,0.82,1.15,413,0.16399999999999998,0.22999999999999998,0.03771999999999999,0.19147208121827408
2068,Sys_DiT_ref_class1000,1.25,0.85,413,0.25,0.16999999999999998,0.042499999999999996,0.20238095238095238
2069,Sys_DiT_ref_class1000,1.25,1.8,413,0.25,0.36,0.09,0.29508196721311475
2070,Sys_DiT_ref_class1000,4.72,2.85,414,0.944,0.5700000000000001,0.53808,0.7108058124174372
2071,Sys_DiT_ref_class1000,4.85,3.75,414,0.97,0.75,0.7275,0.8459302325581396
2072,Sys_DiT_ref_class1000,4.85,2.9,414,0.97,0.58,0.5626,0.7259354838709678
2073,Sys_DiT_ref_class1000,2.85,1.65,414,0.5700000000000001,0.32999999999999996,0.1881,0.418
2074,Sys_DiT_ref_class1000,4.85,3.75,414,0.97,0.75,0.7275,0.8459302325581396
2075,Sys_DiT_ref_class1000,4.12,3.85,415,0.8240000000000001,0.77,0.63448,0.7960853199498118
2076,Sys_DiT_ref_class1000,4.85,3.75,415,0.97,0.75,0.7275,0.8459302325581396
2077,Sys_DiT_ref_class1000,2.85,2.1,415,0.5700000000000001,0.42000000000000004,0.23940000000000006,0.4836363636363637
2078,Sys_DiT_ref_class1000,3.85,2.15,415,0.77,0.43,0.3311,0.5518333333333334
2079,Sys_DiT_ref_class1000,4.12,2.85,415,0.8240000000000001,0.5700000000000001,0.4696800000000001,0.6738593974175037
2080,Sys_DiT_ref_class1000,3.85,1.5,416,0.77,0.3,0.23099999999999998,0.4317757009345794
2081,Sys_DiT_ref_class1000,0.0,1.25,416,0.0,0.25,0.0,0.0
2082,Sys_DiT_ref_class1000,1.85,0.15,416,0.37,0.03,0.011099999999999999,0.055499999999999994
2083,Sys_DiT_ref_class1000,4.25,2.0,416,0.85,0.4,0.34,0.544
2084,Sys_DiT_ref_class1000,2.15,2.85,416,0.43,0.5700000000000001,0.2451,0.4902
2085,Sys_DiT_ref_class1000,4.85,3.65,417,0.97,0.73,0.7081,0.8330588235294117
2086,Sys_DiT_ref_class1000,4.85,3.75,417,0.97,0.75,0.7275,0.8459302325581396
2087,Sys_DiT_ref_class1000,4.85,3.72,417,0.97,0.744,0.72168,0.842100350058343
2088,Sys_DiT_ref_class1000,4.65,2.85,417,0.93,0.5700000000000001,0.5301000000000001,0.7068000000000002
2089,Sys_DiT_ref_class1000,4.65,3.85,417,0.93,0.77,0.7161000000000001,0.8424705882352941
2090,Sys_DiT_ref_class1000,2.85,1.92,418,0.5700000000000001,0.384,0.21888000000000002,0.4588679245283019
2091,Sys_DiT_ref_class1000,0.85,1.2,418,0.16999999999999998,0.24,0.040799999999999996,0.19902439024390242
2092,Sys_DiT_ref_class1000,4.85,3.62,418,0.97,0.724,0.7022799999999999,0.8291381345926799
2093,Sys_DiT_ref_class1000,2.15,3.42,418,0.43,0.6839999999999999,0.29412,0.5280430879712747
2094,Sys_DiT_ref_class1000,4.95,4.98,418,0.99,0.9960000000000001,0.9860400000000001,0.9929909365558913
2095,Sys_DiT_ref_class1000,4.12,1.5,419,0.8240000000000001,0.3,0.2472,0.43985765124555154
2096,Sys_DiT_ref_class1000,4.85,3.2,419,0.97,0.64,0.6208,0.7711801242236026
2097,Sys_DiT_ref_class1000,4.85,3.72,419,0.97,0.744,0.72168,0.842100350058343
2098,Sys_DiT_ref_class1000,4.85,3.2,419,0.97,0.64,0.6208,0.7711801242236026
2099,Sys_DiT_ref_class1000,2.85,2.15,419,0.5700000000000001,0.43,0.2451,0.4902
2100,Sys_DiT_ref_class1000,4.85,3.92,420,0.97,0.784,0.76048,0.8671379703534778
2101,Sys_DiT_ref_class1000,2.85,1.15,420,0.5700000000000001,0.22999999999999998,0.1311,0.32775
2102,Sys_DiT_ref_class1000,0.85,1.42,420,0.16999999999999998,0.284,0.04827999999999999,0.2126872246696035
2103,Sys_DiT_ref_class1000,1.85,2.1,420,0.37,0.42000000000000004,0.1554,0.39341772151898735
2104,Sys_DiT_ref_class1000,2.15,1.5,420,0.43,0.3,0.129,0.35342465753424657
2105,Sys_DiT_ref_class1000,4.12,4.85,421,0.8240000000000001,0.97,0.79928,0.8910590858416945
2106,Sys_DiT_ref_class1000,4.12,2.85,421,0.8240000000000001,0.5700000000000001,0.4696800000000001,0.6738593974175037
2107,Sys_DiT_ref_class1000,4.15,2.85,421,0.8300000000000001,0.5700000000000001,0.4731000000000001,0.6758571428571429
2108,Sys_DiT_ref_class1000,4.65,3.85,421,0.93,0.77,0.7161000000000001,0.8424705882352941
2109,Sys_DiT_ref_class1000,4.85,3.62,421,0.97,0.724,0.7022799999999999,0.8291381345926799
2110,Sys_DiT_ref_class1000,4.85,1.5,422,0.97,0.3,0.291,0.458267716535433
2111,Sys_DiT_ref_class1000,4.85,1.5,422,0.97,0.3,0.291,0.458267716535433
2112,Sys_DiT_ref_class1000,2.15,1.5,422,0.43,0.3,0.129,0.35342465753424657
2113,Sys_DiT_ref_class1000,4.12,1.85,422,0.8240000000000001,0.37,0.30488000000000004,0.5106867671691793
2114,Sys_DiT_ref_class1000,4.15,2.85,422,0.8300000000000001,0.5700000000000001,0.4731000000000001,0.6758571428571429
2115,Sys_DiT_ref_class1000,4.65,2.85,423,0.93,0.5700000000000001,0.5301000000000001,0.7068000000000002
2116,Sys_DiT_ref_class1000,5.0,3.85,423,1.0,0.77,0.77,0.8700564971751412
2117,Sys_DiT_ref_class1000,4.85,3.72,423,0.97,0.744,0.72168,0.842100350058343
2118,Sys_DiT_ref_class1000,3.15,1.82,423,0.63,0.364,0.22932,0.46140845070422537
2119,Sys_DiT_ref_class1000,4.65,3.85,423,0.93,0.77,0.7161000000000001,0.8424705882352941
2120,Sys_DiT_ref_class1000,2.85,1.42,424,0.5700000000000001,0.284,0.16188,0.3791100702576112
2121,Sys_DiT_ref_class1000,3.85,1.5,424,0.77,0.3,0.23099999999999998,0.4317757009345794
2122,Sys_DiT_ref_class1000,2.15,1.5,424,0.43,0.3,0.129,0.35342465753424657
2123,Sys_DiT_ref_class1000,3.85,1.5,424,0.77,0.3,0.23099999999999998,0.4317757009345794
2124,Sys_DiT_ref_class1000,2.85,3.62,424,0.5700000000000001,0.724,0.41268000000000005,0.6378361669242659
2125,Sys_DiT_ref_class1000,4.65,3.2,425,0.93,0.64,0.5952000000000001,0.7582165605095542
2126,Sys_DiT_ref_class1000,3.85,2.9,425,0.77,0.58,0.4466,0.6616296296296296
2127,Sys_DiT_ref_class1000,4.85,3.2,425,0.97,0.64,0.6208,0.7711801242236026
2128,Sys_DiT_ref_class1000,4.65,3.85,425,0.93,0.77,0.7161000000000001,0.8424705882352941
2129,Sys_DiT_ref_class1000,4.85,3.72,425,0.97,0.744,0.72168,0.842100350058343
2130,Sys_DiT_ref_class1000,1.25,2.85,426,0.25,0.5700000000000001,0.14250000000000002,0.34756097560975613
2131,Sys_DiT_ref_class1000,1.85,1.2,426,0.37,0.24,0.08879999999999999,0.2911475409836065
2132,Sys_DiT_ref_class1000,4.65,3.82,426,0.93,0.764,0.71052,0.8388665879574971
2133,Sys_DiT_ref_class1000,4.15,4.85,426,0.8300000000000001,0.97,0.8051,0.8945555555555555
2134,Sys_DiT_ref_class1000,2.85,1.65,426,0.5700000000000001,0.32999999999999996,0.1881,0.418
2135,Sys_DiT_ref_class1000,4.65,2.85,427,0.93,0.5700000000000001,0.5301000000000001,0.7068000000000002
2136,Sys_DiT_ref_class1000,1.25,2.85,427,0.25,0.5700000000000001,0.14250000000000002,0.34756097560975613
2137,Sys_DiT_ref_class1000,4.85,3.62,427,0.97,0.724,0.7022799999999999,0.8291381345926799
2138,Sys_DiT_ref_class1000,4.85,3.65,427,0.97,0.73,0.7081,0.8330588235294117
2139,Sys_DiT_ref_class1000,3.45,2.85,427,0.6900000000000001,0.5700000000000001,0.3933000000000001,0.6242857142857143
2140,Sys_DiT_ref_class1000,0.0,0.85,428,0.0,0.16999999999999998,0.0,0.0
2141,Sys_DiT_ref_class1000,1.25,2.8,428,0.25,0.5599999999999999,0.13999999999999999,0.345679012345679
2142,Sys_DiT_ref_class1000,4.85,2.75,428,0.97,0.55,0.5335,0.7019736842105263
2143,Sys_DiT_ref_class1000,0.0,1.85,428,0.0,0.37,0.0,0.0
2144,Sys_DiT_ref_class1000,4.85,3.72,428,0.97,0.744,0.72168,0.842100350058343
2145,Sys_DiT_ref_class1000,4.85,3.92,429,0.97,0.784,0.76048,0.8671379703534778
2146,Sys_DiT_ref_class1000,0.85,1.2,429,0.16999999999999998,0.24,0.040799999999999996,0.19902439024390242
2147,Sys_DiT_ref_class1000,4.85,5.0,429,0.97,1.0,0.97,0.9847715736040609
2148,Sys_DiT_ref_class1000,4.85,3.6,429,0.97,0.72,0.6983999999999999,0.8265088757396449
2149,Sys_DiT_ref_class1000,1.85,3.2,429,0.37,0.64,0.2368,0.46891089108910894
2150,Sys_DiT_ref_class1000,1.85,1.2,430,0.37,0.24,0.08879999999999999,0.2911475409836065
2151,Sys_DiT_ref_class1000,0.0,1.5,430,0.0,0.3,0.0,0.0
2152,Sys_DiT_ref_class1000,2.15,1.5,430,0.43,0.3,0.129,0.35342465753424657
2153,Sys_DiT_ref_class1000,1.85,1.5,430,0.37,0.3,0.111,0.3313432835820896
2154,Sys_DiT_ref_class1000,0.85,1.2,430,0.16999999999999998,0.24,0.040799999999999996,0.19902439024390242
2155,Sys_DiT_ref_class1000,4.85,3.62,431,0.97,0.724,0.7022799999999999,0.8291381345926799
2156,Sys_DiT_ref_class1000,4.85,1.5,431,0.97,0.3,0.291,0.458267716535433
2157,Sys_DiT_ref_class1000,4.85,2.1,431,0.97,0.42000000000000004,0.40740000000000004,0.5861870503597122
2158,Sys_DiT_ref_class1000,3.85,1.92,431,0.77,0.384,0.29568,0.5124436741767765
2159,Sys_DiT_ref_class1000,1.85,3.42,431,0.37,0.6839999999999999,0.25307999999999997,0.4802277039848198
2160,Sys_DiT_ref_class1000,4.65,1.85,432,0.93,0.37,0.3441,0.5293846153846153
2161,Sys_DiT_ref_class1000,3.82,2.15,432,0.764,0.43,0.32852,0.550284757118928
2162,Sys_DiT_ref_class1000,3.85,1.5,432,0.77,0.3,0.23099999999999998,0.4317757009345794
2163,Sys_DiT_ref_class1000,4.85,3.6,432,0.97,0.72,0.6983999999999999,0.8265088757396449
2164,Sys_DiT_ref_class1000,1.25,2.1,432,0.25,0.42000000000000004,0.10500000000000001,0.31343283582089554
2165,Sys_DiT_ref_class1000,4.85,2.15,433,0.97,0.43,0.41709999999999997,0.5958571428571429
2166,Sys_DiT_ref_class1000,4.65,1.5,433,0.93,0.3,0.279,0.4536585365853659
2167,Sys_DiT_ref_class1000,4.85,4.92,433,0.97,0.984,0.95448,0.976949846468782
2168,Sys_DiT_ref_class1000,4.15,3.85,433,0.8300000000000001,0.77,0.6391000000000001,0.7988750000000001
2169,Sys_DiT_ref_class1000,0.12,1.5,433,0.024,0.3,0.0072,0.04444444444444444
2170,Sys_DiT_ref_class1000,4.65,3.85,434,0.93,0.77,0.7161000000000001,0.8424705882352941
2171,Sys_DiT_ref_class1000,0.12,0.85,434,0.024,0.16999999999999998,0.004079999999999999,0.04206185567010309
2172,Sys_DiT_ref_class1000,1.85,3.42,434,0.37,0.6839999999999999,0.25307999999999997,0.4802277039848198
2173,Sys_DiT_ref_class1000,1.25,2.8,434,0.25,0.5599999999999999,0.13999999999999999,0.345679012345679
2174,Sys_DiT_ref_class1000,3.85,2.6,434,0.77,0.52,0.40040000000000003,0.6207751937984497
2175,Sys_DiT_ref_class1000,4.85,1.2,435,0.97,0.24,0.23279999999999998,0.384793388429752
2176,Sys_DiT_ref_class1000,4.82,1.35,435,0.9640000000000001,0.27,0.26028,0.42184764991896273
2177,Sys_DiT_ref_class1000,1.85,2.4,435,0.37,0.48,0.17759999999999998,0.4178823529411764
2178,Sys_DiT_ref_class1000,2.85,1.42,435,0.5700000000000001,0.284,0.16188,0.3791100702576112
2179,Sys_DiT_ref_class1000,0.12,0.85,435,0.024,0.16999999999999998,0.004079999999999999,0.04206185567010309
2180,Sys_DiT_ref_class1000,4.65,2.15,436,0.93,0.43,0.39990000000000003,0.5880882352941177
2181,Sys_DiT_ref_class1000,4.65,2.15,436,0.93,0.43,0.39990000000000003,0.5880882352941177
2182,Sys_DiT_ref_class1000,4.92,4.65,436,0.984,0.93,0.91512,0.9562382445141066
2183,Sys_DiT_ref_class1000,1.25,4.92,436,0.25,0.984,0.246,0.3987034035656402
2184,Sys_DiT_ref_class1000,0.85,1.2,436,0.16999999999999998,0.24,0.040799999999999996,0.19902439024390242
2185,Sys_DiT_ref_class1000,4.85,3.75,437,0.97,0.75,0.7275,0.8459302325581396
2186,Sys_DiT_ref_class1000,4.85,3.72,437,0.97,0.744,0.72168,0.842100350058343
2187,Sys_DiT_ref_class1000,4.98,4.95,437,0.9960000000000001,0.99,0.9860400000000001,0.9929909365558913
2188,Sys_DiT_ref_class1000,4.85,3.72,437,0.97,0.744,0.72168,0.842100350058343
2189,Sys_DiT_ref_class1000,4.25,3.85,437,0.85,0.77,0.6545,0.8080246913580246
2190,Sys_DiT_ref_class1000,4.65,2.85,438,0.93,0.5700000000000001,0.5301000000000001,0.7068000000000002
2191,Sys_DiT_ref_class1000,1.85,2.9,438,0.37,0.58,0.21459999999999999,0.4517894736842105
2192,Sys_DiT_ref_class1000,4.65,2.0,438,0.93,0.4,0.37200000000000005,0.5593984962406016
2193,Sys_DiT_ref_class1000,0.85,3.42,438,0.16999999999999998,0.6839999999999999,0.11627999999999998,0.2723185011709602
2194,Sys_DiT_ref_class1000,3.85,2.65,438,0.77,0.53,0.4081,0.6278461538461538
2195,Sys_DiT_ref_class1000,4.15,1.5,439,0.8300000000000001,0.3,0.249,0.44070796460176986
2196,Sys_DiT_ref_class1000,0.12,1.85,439,0.024,0.37,0.00888,0.0450761421319797
2197,Sys_DiT_ref_class1000,0.85,3.42,439,0.16999999999999998,0.6839999999999999,0.11627999999999998,0.2723185011709602
2198,Sys_DiT_ref_class1000,4.95,4.98,439,0.99,0.9960000000000001,0.9860400000000001,0.9929909365558913
2199,Sys_DiT_ref_class1000,1.85,1.2,439,0.37,0.24,0.08879999999999999,0.2911475409836065
2200,Sys_DiT_ref_class1000,3.15,1.85,440,0.63,0.37,0.2331,0.4662
2201,Sys_DiT_ref_class1000,4.65,2.85,440,0.93,0.5700000000000001,0.5301000000000001,0.7068000000000002
2202,Sys_DiT_ref_class1000,2.85,1.65,440,0.5700000000000001,0.32999999999999996,0.1881,0.418
2203,Sys_DiT_ref_class1000,4.12,2.85,440,0.8240000000000001,0.5700000000000001,0.4696800000000001,0.6738593974175037
2204,Sys_DiT_ref_class1000,4.12,2.85,440,0.8240000000000001,0.5700000000000001,0.4696800000000001,0.6738593974175037
2205,Sys_DiT_ref_class1000,4.85,3.6,441,0.97,0.72,0.6983999999999999,0.8265088757396449
2206,Sys_DiT_ref_class1000,2.85,1.92,441,0.5700000000000001,0.384,0.21888000000000002,0.4588679245283019
2207,Sys_DiT_ref_class1000,4.85,3.65,441,0.97,0.73,0.7081,0.8330588235294117
2208,Sys_DiT_ref_class1000,4.85,3.72,441,0.97,0.744,0.72168,0.842100350058343
2209,Sys_DiT_ref_class1000,4.85,4.62,441,0.97,0.924,0.89628,0.9464413938753959
2210,Sys_DiT_ref_class1000,4.12,2.85,442,0.8240000000000001,0.5700000000000001,0.4696800000000001,0.6738593974175037
2211,Sys_DiT_ref_class1000,1.85,4.92,442,0.37,0.984,0.36408,0.5377843426883309
2212,Sys_DiT_ref_class1000,0.42,1.85,442,0.08399999999999999,0.37,0.031079999999999997,0.13691629955947135
2213,Sys_DiT_ref_class1000,1.85,2.65,442,0.37,0.53,0.1961,0.43577777777777776
2214,Sys_DiT_ref_class1000,0.0,5.0,442,0.0,1.0,0.0,0.0
2215,Sys_DiT_ref_class1000,5.0,5.0,443,1.0,1.0,1.0,1.0
2216,Sys_DiT_ref_class1000,4.65,3.82,443,0.93,0.764,0.71052,0.8388665879574971
2217,Sys_DiT_ref_class1000,4.65,3.2,443,0.93,0.64,0.5952000000000001,0.7582165605095542
2218,Sys_DiT_ref_class1000,5.0,5.0,443,1.0,1.0,1.0,1.0
2219,Sys_DiT_ref_class1000,4.85,2.35,443,0.97,0.47000000000000003,0.4559,0.6331944444444445
2220,Sys_DiT_ref_class1000,4.92,2.85,444,0.984,0.5700000000000001,0.56088,0.7218532818532819
2221,Sys_DiT_ref_class1000,0.12,1.85,444,0.024,0.37,0.00888,0.0450761421319797
2222,Sys_DiT_ref_class1000,0.15,2.0,444,0.03,0.4,0.012,0.055813953488372085
2223,Sys_DiT_ref_class1000,1.85,1.5,444,0.37,0.3,0.111,0.3313432835820896
2224,Sys_DiT_ref_class1000,4.92,3.0,444,0.984,0.6,0.5903999999999999,0.7454545454545454
2225,Sys_DiT_ref_class1000,4.85,3.65,445,0.97,0.73,0.7081,0.8330588235294117
2226,Sys_DiT_ref_class1000,1.85,1.2,445,0.37,0.24,0.08879999999999999,0.2911475409836065
2227,Sys_DiT_ref_class1000,4.12,1.85,445,0.8240000000000001,0.37,0.30488000000000004,0.5106867671691793
2228,Sys_DiT_ref_class1000,3.85,1.5,445,0.77,0.3,0.23099999999999998,0.4317757009345794
2229,Sys_DiT_ref_class1000,4.12,2.0,445,0.8240000000000001,0.4,0.32960000000000006,0.538562091503268
2230,Sys_DiT_ref_class1000,4.15,3.62,446,0.8300000000000001,0.724,0.60092,0.7733848133848134
2231,Sys_DiT_ref_class1000,4.85,2.15,446,0.97,0.43,0.41709999999999997,0.5958571428571429
2232,Sys_DiT_ref_class1000,4.12,2.85,446,0.8240000000000001,0.5700000000000001,0.4696800000000001,0.6738593974175037
2233,Sys_DiT_ref_class1000,4.15,3.2,446,0.8300000000000001,0.64,0.5312,0.7227210884353741
2234,Sys_DiT_ref_class1000,1.85,1.92,446,0.37,0.384,0.14208,0.37687002652519896
2235,Sys_DiT_ref_class1000,4.85,3.92,447,0.97,0.784,0.76048,0.8671379703534778
2236,Sys_DiT_ref_class1000,4.65,2.85,447,0.93,0.5700000000000001,0.5301000000000001,0.7068000000000002
2237,Sys_DiT_ref_class1000,0.12,0.85,447,0.024,0.16999999999999998,0.004079999999999999,0.04206185567010309
2238,Sys_DiT_ref_class1000,1.25,1.8,447,0.25,0.36,0.09,0.29508196721311475
2239,Sys_DiT_ref_class1000,3.85,2.4,447,0.77,0.48,0.3696,0.59136
2240,Sys_DiT_ref_class1000,4.85,3.6,448,0.97,0.72,0.6983999999999999,0.8265088757396449
2241,Sys_DiT_ref_class1000,2.15,1.85,448,0.43,0.37,0.1591,0.39774999999999994
2242,Sys_DiT_ref_class1000,4.85,2.15,448,0.97,0.43,0.41709999999999997,0.5958571428571429
2243,Sys_DiT_ref_class1000,3.45,2.85,448,0.6900000000000001,0.5700000000000001,0.3933000000000001,0.6242857142857143
2244,Sys_DiT_ref_class1000,4.85,3.6,448,0.97,0.72,0.6983999999999999,0.8265088757396449
2245,Sys_DiT_ref_class1000,1.25,2.85,449,0.25,0.5700000000000001,0.14250000000000002,0.34756097560975613
2246,Sys_DiT_ref_class1000,4.15,3.65,449,0.8300000000000001,0.73,0.6059,0.7767948717948717
2247,Sys_DiT_ref_class1000,0.85,1.2,449,0.16999999999999998,0.24,0.040799999999999996,0.19902439024390242
2248,Sys_DiT_ref_class1000,4.85,3.65,449,0.97,0.73,0.7081,0.8330588235294117
2249,Sys_DiT_ref_class1000,0.0,1.45,449,0.0,0.29,0.0,0.0
2250,Sys_DiT_ref_class1000,4.65,2.85,450,0.93,0.5700000000000001,0.5301000000000001,0.7068000000000002
2251,Sys_DiT_ref_class1000,4.65,2.85,450,0.93,0.5700000000000001,0.5301000000000001,0.7068000000000002
2252,Sys_DiT_ref_class1000,4.85,3.62,450,0.97,0.724,0.7022799999999999,0.8291381345926799
2253,Sys_DiT_ref_class1000,4.85,3.72,450,0.97,0.744,0.72168,0.842100350058343
2254,Sys_DiT_ref_class1000,4.65,2.85,450,0.93,0.5700000000000001,0.5301000000000001,0.7068000000000002
2255,Sys_DiT_ref_class1000,4.65,3.85,451,0.93,0.77,0.7161000000000001,0.8424705882352941
2256,Sys_DiT_ref_class1000,4.85,4.2,451,0.97,0.8400000000000001,0.8148000000000001,0.9003314917127072
2257,Sys_DiT_ref_class1000,4.65,2.85,451,0.93,0.5700000000000001,0.5301000000000001,0.7068000000000002
2258,Sys_DiT_ref_class1000,3.85,3.62,451,0.77,0.724,0.55748,0.7462918340026774
2259,Sys_DiT_ref_class1000,4.65,2.85,451,0.93,0.5700000000000001,0.5301000000000001,0.7068000000000002
2260,Sys_DiT_ref_class1000,5.0,5.0,452,1.0,1.0,1.0,1.0
2261,Sys_DiT_ref_class1000,1.85,3.62,452,0.37,0.724,0.26788,0.48972577696526515
2262,Sys_DiT_ref_class1000,4.85,3.72,452,0.97,0.744,0.72168,0.842100350058343
2263,Sys_DiT_ref_class1000,4.92,1.5,452,0.984,0.3,0.29519999999999996,0.45981308411214944
2264,Sys_DiT_ref_class1000,4.92,4.15,452,0.984,0.8300000000000001,0.8167200000000001,0.9004630650496142
2265,Sys_DiT_ref_class1000,4.12,3.65,453,0.8240000000000001,0.73,0.60152,0.7741570141570142
2266,Sys_DiT_ref_class1000,4.85,3.2,453,0.97,0.64,0.6208,0.7711801242236026
2267,Sys_DiT_ref_class1000,4.15,2.85,453,0.8300000000000001,0.5700000000000001,0.4731000000000001,0.6758571428571429
2268,Sys_DiT_ref_class1000,4.85,3.62,453,0.97,0.724,0.7022799999999999,0.8291381345926799
2269,Sys_DiT_ref_class1000,4.85,3.62,453,0.97,0.724,0.7022799999999999,0.8291381345926799
2270,Sys_DiT_ref_class1000,3.85,2.4,454,0.77,0.48,0.3696,0.59136
2271,Sys_DiT_ref_class1000,0.12,0.85,454,0.024,0.16999999999999998,0.004079999999999999,0.04206185567010309
2272,Sys_DiT_ref_class1000,4.85,2.65,454,0.97,0.53,0.5141,0.6854666666666667
2273,Sys_DiT_ref_class1000,3.85,2.65,454,0.77,0.53,0.4081,0.6278461538461538
2274,Sys_DiT_ref_class1000,3.42,2.15,454,0.6839999999999999,0.43,0.29412,0.5280430879712747
2275,Sys_DiT_ref_class1000,3.85,1.2,455,0.77,0.24,0.1848,0.36594059405940593
2276,Sys_DiT_ref_class1000,1.25,1.8,455,0.25,0.36,0.09,0.29508196721311475
2277,Sys_DiT_ref_class1000,4.85,2.15,455,0.97,0.43,0.41709999999999997,0.5958571428571429
2278,Sys_DiT_ref_class1000,4.65,2.85,455,0.93,0.5700000000000001,0.5301000000000001,0.7068000000000002
2279,Sys_DiT_ref_class1000,1.85,3.42,455,0.37,0.6839999999999999,0.25307999999999997,0.4802277039848198
2280,Sys_DiT_ref_class1000,4.85,1.5,456,0.97,0.3,0.291,0.458267716535433
2281,Sys_DiT_ref_class1000,0.15,0.85,456,0.03,0.16999999999999998,0.0050999999999999995,0.051
2282,Sys_DiT_ref_class1000,0.12,1.85,456,0.024,0.37,0.00888,0.0450761421319797
2283,Sys_DiT_ref_class1000,0.15,1.85,456,0.03,0.37,0.011099999999999999,0.055499999999999994
2284,Sys_DiT_ref_class1000,4.15,1.5,456,0.8300000000000001,0.3,0.249,0.44070796460176986
2285,Sys_DiT_ref_class1000,4.12,1.5,457,0.8240000000000001,0.3,0.2472,0.43985765124555154
2286,Sys_DiT_ref_class1000,2.85,1.9,457,0.5700000000000001,0.38,0.21660000000000001,0.456
2287,Sys_DiT_ref_class1000,4.15,3.85,457,0.8300000000000001,0.77,0.6391000000000001,0.7988750000000001
2288,Sys_DiT_ref_class1000,4.85,4.92,457,0.97,0.984,0.95448,0.976949846468782
2289,Sys_DiT_ref_class1000,4.85,3.2,457,0.97,0.64,0.6208,0.7711801242236026
2290,Sys_DiT_ref_class1000,3.85,2.45,458,0.77,0.49000000000000005,0.3773,0.5988888888888889
2291,Sys_DiT_ref_class1000,2.85,2.6,458,0.5700000000000001,0.52,0.29640000000000005,0.5438532110091744
2292,Sys_DiT_ref_class1000,2.85,1.92,458,0.5700000000000001,0.384,0.21888000000000002,0.4588679245283019
2293,Sys_DiT_ref_class1000,2.85,1.5,458,0.5700000000000001,0.3,0.171,0.3931034482758621
2294,Sys_DiT_ref_class1000,2.85,1.92,458,0.5700000000000001,0.384,0.21888000000000002,0.4588679245283019
2295,Sys_DiT_ref_class1000,2.85,0.92,459,0.5700000000000001,0.184,0.10488000000000001,0.27819628647214856
2296,Sys_DiT_ref_class1000,4.65,1.5,459,0.93,0.3,0.279,0.4536585365853659
2297,Sys_DiT_ref_class1000,4.65,2.85,459,0.93,0.5700000000000001,0.5301000000000001,0.7068000000000002
2298,Sys_DiT_ref_class1000,1.85,1.2,459,0.37,0.24,0.08879999999999999,0.2911475409836065
2299,Sys_DiT_ref_class1000,1.85,2.1,459,0.37,0.42000000000000004,0.1554,0.39341772151898735
2300,Sys_DiT_ref_class1000,4.65,3.85,460,0.93,0.77,0.7161000000000001,0.8424705882352941
2301,Sys_DiT_ref_class1000,0.85,3.65,460,0.16999999999999998,0.73,0.12409999999999999,0.2757777777777778
2302,Sys_DiT_ref_class1000,4.65,3.85,460,0.93,0.77,0.7161000000000001,0.8424705882352941
2303,Sys_DiT_ref_class1000,0.15,4.92,460,0.03,0.984,0.029519999999999998,0.05822485207100591
2304,Sys_DiT_ref_class1000,4.15,3.85,460,0.8300000000000001,0.77,0.6391000000000001,0.7988750000000001
2305,Sys_DiT_ref_class1000,4.85,1.2,461,0.97,0.24,0.23279999999999998,0.384793388429752
2306,Sys_DiT_ref_class1000,4.65,3.85,461,0.93,0.77,0.7161000000000001,0.8424705882352941
2307,Sys_DiT_ref_class1000,3.42,2.15,461,0.6839999999999999,0.43,0.29412,0.5280430879712747
2308,Sys_DiT_ref_class1000,4.85,3.75,461,0.97,0.75,0.7275,0.8459302325581396
2309,Sys_DiT_ref_class1000,4.15,2.85,461,0.8300000000000001,0.5700000000000001,0.4731000000000001,0.6758571428571429
2310,Sys_DiT_ref_class1000,4.85,3.62,462,0.97,0.724,0.7022799999999999,0.8291381345926799
2311,Sys_DiT_ref_class1000,4.85,3.6,462,0.97,0.72,0.6983999999999999,0.8265088757396449
2312,Sys_DiT_ref_class1000,0.85,1.92,462,0.16999999999999998,0.384,0.06527999999999999,0.23566787003610104
2313,Sys_DiT_ref_class1000,4.85,4.2,462,0.97,0.8400000000000001,0.8148000000000001,0.9003314917127072
2314,Sys_DiT_ref_class1000,1.25,2.8,462,0.25,0.5599999999999999,0.13999999999999999,0.345679012345679
2315,Sys_DiT_ref_class1000,3.85,1.75,463,0.77,0.35,0.26949999999999996,0.4812499999999999
2316,Sys_DiT_ref_class1000,2.15,1.5,463,0.43,0.3,0.129,0.35342465753424657
2317,Sys_DiT_ref_class1000,0.0,1.25,463,0.0,0.25,0.0,0.0
2318,Sys_DiT_ref_class1000,0.0,0.85,463,0.0,0.16999999999999998,0.0,0.0
2319,Sys_DiT_ref_class1000,2.85,2.4,463,0.5700000000000001,0.48,0.2736,0.5211428571428571
2320,Sys_DiT_ref_class1000,3.85,2.75,464,0.77,0.55,0.42350000000000004,0.6416666666666667
2321,Sys_DiT_ref_class1000,0.0,0.85,464,0.0,0.16999999999999998,0.0,0.0
2322,Sys_DiT_ref_class1000,1.25,2.85,464,0.25,0.5700000000000001,0.14250000000000002,0.34756097560975613
2323,Sys_DiT_ref_class1000,2.85,2.4,464,0.5700000000000001,0.48,0.2736,0.5211428571428571
2324,Sys_DiT_ref_class1000,2.15,1.85,464,0.43,0.37,0.1591,0.39774999999999994
2325,Sys_DiT_ref_class1000,4.92,4.85,465,0.984,0.97,0.95448,0.976949846468782
2326,Sys_DiT_ref_class1000,3.65,2.8,465,0.73,0.5599999999999999,0.40879999999999994,0.633798449612403
2327,Sys_DiT_ref_class1000,4.82,3.65,465,0.9640000000000001,0.73,0.70372,0.8308382526564345
2328,Sys_DiT_ref_class1000,4.12,2.35,465,0.8240000000000001,0.47000000000000003,0.38728000000000007,0.5985780525502319
2329,Sys_DiT_ref_class1000,4.12,2.85,465,0.8240000000000001,0.5700000000000001,0.4696800000000001,0.6738593974175037
2330,Sys_DiT_ref_class1000,4.65,3.2,466,0.93,0.64,0.5952000000000001,0.7582165605095542
2331,Sys_DiT_ref_class1000,4.35,3.82,466,0.8699999999999999,0.764,0.6646799999999999,0.8135618115055079
2332,Sys_DiT_ref_class1000,4.85,3.75,466,0.97,0.75,0.7275,0.8459302325581396
2333,Sys_DiT_ref_class1000,4.25,2.15,466,0.85,0.43,0.3655,0.57109375
2334,Sys_DiT_ref_class1000,4.92,3.85,466,0.984,0.77,0.75768,0.863945267958951
2335,Sys_DiT_ref_class1000,3.85,1.92,467,0.77,0.384,0.29568,0.5124436741767765
2336,Sys_DiT_ref_class1000,3.85,2.15,467,0.77,0.43,0.3311,0.5518333333333334
2337,Sys_DiT_ref_class1000,0.0,1.5,467,0.0,0.3,0.0,0.0
2338,Sys_DiT_ref_class1000,4.85,3.2,467,0.97,0.64,0.6208,0.7711801242236026
2339,Sys_DiT_ref_class1000,2.85,1.65,467,0.5700000000000001,0.32999999999999996,0.1881,0.418
2340,Sys_DiT_ref_class1000,4.65,3.82,468,0.93,0.764,0.71052,0.8388665879574971
2341,Sys_DiT_ref_class1000,4.12,2.85,468,0.8240000000000001,0.5700000000000001,0.4696800000000001,0.6738593974175037
2342,Sys_DiT_ref_class1000,4.85,2.35,468,0.97,0.47000000000000003,0.4559,0.6331944444444445
2343,Sys_DiT_ref_class1000,3.42,2.85,468,0.6839999999999999,0.5700000000000001,0.38988,0.6218181818181818
2344,Sys_DiT_ref_class1000,4.85,3.65,468,0.97,0.73,0.7081,0.8330588235294117
2345,Sys_DiT_ref_class1000,4.85,3.72,469,0.97,0.744,0.72168,0.842100350058343
2346,Sys_DiT_ref_class1000,4.65,2.85,469,0.93,0.5700000000000001,0.5301000000000001,0.7068000000000002
2347,Sys_DiT_ref_class1000,4.65,3.85,469,0.93,0.77,0.7161000000000001,0.8424705882352941
2348,Sys_DiT_ref_class1000,0.15,1.2,469,0.03,0.24,0.0072,0.05333333333333333
2349,Sys_DiT_ref_class1000,1.15,2.85,469,0.22999999999999998,0.5700000000000001,0.1311,0.32775
2350,Sys_DiT_ref_class1000,4.12,3.65,470,0.8240000000000001,0.73,0.60152,0.7741570141570142
2351,Sys_DiT_ref_class1000,2.85,2.6,470,0.5700000000000001,0.52,0.29640000000000005,0.5438532110091744
2352,Sys_DiT_ref_class1000,0.15,2.85,470,0.03,0.5700000000000001,0.0171,0.056999999999999995
2353,Sys_DiT_ref_class1000,2.85,2.4,470,0.5700000000000001,0.48,0.2736,0.5211428571428571
2354,Sys_DiT_ref_class1000,2.85,1.95,470,0.5700000000000001,0.39,0.22230000000000003,0.463125
2355,Sys_DiT_ref_class1000,4.85,2.75,471,0.97,0.55,0.5335,0.7019736842105263
2356,Sys_DiT_ref_class1000,2.15,1.85,471,0.43,0.37,0.1591,0.39774999999999994
2357,Sys_DiT_ref_class1000,3.42,2.85,471,0.6839999999999999,0.5700000000000001,0.38988,0.6218181818181818
2358,Sys_DiT_ref_class1000,4.85,3.75,471,0.97,0.75,0.7275,0.8459302325581396
2359,Sys_DiT_ref_class1000,1.25,1.85,471,0.25,0.37,0.0925,0.29838709677419356
2360,Sys_DiT_ref_class1000,4.25,2.15,472,0.85,0.43,0.3655,0.57109375
2361,Sys_DiT_ref_class1000,4.15,2.85,472,0.8300000000000001,0.5700000000000001,0.4731000000000001,0.6758571428571429
2362,Sys_DiT_ref_class1000,2.15,1.5,472,0.43,0.3,0.129,0.35342465753424657
2363,Sys_DiT_ref_class1000,1.25,2.85,472,0.25,0.5700000000000001,0.14250000000000002,0.34756097560975613
2364,Sys_DiT_ref_class1000,1.85,3.62,472,0.37,0.724,0.26788,0.48972577696526515
2365,Sys_DiT_ref_class1000,2.15,2.8,473,0.43,0.5599999999999999,0.24079999999999996,0.4864646464646464
2366,Sys_DiT_ref_class1000,3.85,2.65,473,0.77,0.53,0.4081,0.6278461538461538
2367,Sys_DiT_ref_class1000,4.85,3.72,473,0.97,0.744,0.72168,0.842100350058343
2368,Sys_DiT_ref_class1000,4.15,3.68,473,0.8300000000000001,0.736,0.6108800000000001,0.7801787994891444
2369,Sys_DiT_ref_class1000,4.85,3.62,473,0.97,0.724,0.7022799999999999,0.8291381345926799
2370,Sys_DiT_ref_class1000,3.42,2.85,474,0.6839999999999999,0.5700000000000001,0.38988,0.6218181818181818
2371,Sys_DiT_ref_class1000,4.35,1.5,474,0.8699999999999999,0.3,0.26099999999999995,0.4461538461538461
2372,Sys_DiT_ref_class1000,1.85,0.92,474,0.37,0.184,0.06808,0.24577617328519855
2373,Sys_DiT_ref_class1000,3.85,1.5,474,0.77,0.3,0.23099999999999998,0.4317757009345794
2374,Sys_DiT_ref_class1000,4.85,3.0,474,0.97,0.6,0.582,0.7414012738853504
2375,Sys_DiT_ref_class1000,4.92,4.85,475,0.984,0.97,0.95448,0.976949846468782
2376,Sys_DiT_ref_class1000,3.42,2.85,475,0.6839999999999999,0.5700000000000001,0.38988,0.6218181818181818
2377,Sys_DiT_ref_class1000,4.85,3.75,475,0.97,0.75,0.7275,0.8459302325581396
2378,Sys_DiT_ref_class1000,4.85,3.8,475,0.97,0.76,0.7372,0.8522543352601156
2379,Sys_DiT_ref_class1000,4.85,3.62,475,0.97,0.724,0.7022799999999999,0.8291381345926799
2380,Sys_DiT_ref_class1000,4.65,1.5,476,0.93,0.3,0.279,0.4536585365853659
2381,Sys_DiT_ref_class1000,4.85,4.15,476,0.97,0.8300000000000001,0.8051,0.8945555555555555
2382,Sys_DiT_ref_class1000,4.85,2.15,476,0.97,0.43,0.41709999999999997,0.5958571428571429
2383,Sys_DiT_ref_class1000,4.85,3.65,476,0.97,0.73,0.7081,0.8330588235294117
2384,Sys_DiT_ref_class1000,4.85,2.35,476,0.97,0.47000000000000003,0.4559,0.6331944444444445
2385,Sys_DiT_ref_class1000,3.85,2.9,477,0.77,0.58,0.4466,0.6616296296296296
2386,Sys_DiT_ref_class1000,4.15,2.85,477,0.8300000000000001,0.5700000000000001,0.4731000000000001,0.6758571428571429
2387,Sys_DiT_ref_class1000,4.15,3.65,477,0.8300000000000001,0.73,0.6059,0.7767948717948717
2388,Sys_DiT_ref_class1000,4.15,3.65,477,0.8300000000000001,0.73,0.6059,0.7767948717948717
2389,Sys_DiT_ref_class1000,0.12,1.85,477,0.024,0.37,0.00888,0.0450761421319797
2390,Sys_DiT_ref_class1000,1.85,1.2,478,0.37,0.24,0.08879999999999999,0.2911475409836065
2391,Sys_DiT_ref_class1000,2.85,1.42,478,0.5700000000000001,0.284,0.16188,0.3791100702576112
2392,Sys_DiT_ref_class1000,4.12,1.85,478,0.8240000000000001,0.37,0.30488000000000004,0.5106867671691793
2393,Sys_DiT_ref_class1000,4.12,2.85,478,0.8240000000000001,0.5700000000000001,0.4696800000000001,0.6738593974175037
2394,Sys_DiT_ref_class1000,1.85,1.62,478,0.37,0.324,0.11988,0.3454755043227666
2395,Sys_DiT_ref_class1000,4.85,4.92,479,0.97,0.984,0.95448,0.976949846468782
2396,Sys_DiT_ref_class1000,1.85,1.2,479,0.37,0.24,0.08879999999999999,0.2911475409836065
2397,Sys_DiT_ref_class1000,4.65,1.8,479,0.93,0.36,0.3348,0.5190697674418604
2398,Sys_DiT_ref_class1000,5.0,5.0,479,1.0,1.0,1.0,1.0
2399,Sys_DiT_ref_class1000,4.85,4.72,479,0.97,0.944,0.9156799999999999,0.9568234064785789
2400,Sys_DiT_ref_class1000,4.85,2.65,480,0.97,0.53,0.5141,0.6854666666666667
2401,Sys_DiT_ref_class1000,3.85,2.4,480,0.77,0.48,0.3696,0.59136
2402,Sys_DiT_ref_class1000,4.15,3.85,480,0.8300000000000001,0.77,0.6391000000000001,0.7988750000000001
2403,Sys_DiT_ref_class1000,4.35,2.85,480,0.8699999999999999,0.5700000000000001,0.4959,0.6887500000000001
2404,Sys_DiT_ref_class1000,3.85,1.92,480,0.77,0.384,0.29568,0.5124436741767765
2405,Sys_DiT_ref_class1000,1.85,1.2,481,0.37,0.24,0.08879999999999999,0.2911475409836065
2406,Sys_DiT_ref_class1000,3.65,2.1,481,0.73,0.42000000000000004,0.30660000000000004,0.533217391304348
2407,Sys_DiT_ref_class1000,3.45,2.85,481,0.6900000000000001,0.5700000000000001,0.3933000000000001,0.6242857142857143
2408,Sys_DiT_ref_class1000,4.15,2.85,481,0.8300000000000001,0.5700000000000001,0.4731000000000001,0.6758571428571429
2409,Sys_DiT_ref_class1000,2.85,1.92,481,0.5700000000000001,0.384,0.21888000000000002,0.4588679245283019
2410,Sys_DiT_ref_class1000,2.85,1.92,482,0.5700000000000001,0.384,0.21888000000000002,0.4588679245283019
2411,Sys_DiT_ref_class1000,4.15,2.85,482,0.8300000000000001,0.5700000000000001,0.4731000000000001,0.6758571428571429
2412,Sys_DiT_ref_class1000,3.65,1.85,482,0.73,0.37,0.2701,0.4910909090909091
2413,Sys_DiT_ref_class1000,2.15,1.85,482,0.43,0.37,0.1591,0.39774999999999994
2414,Sys_DiT_ref_class1000,3.65,2.1,482,0.73,0.42000000000000004,0.30660000000000004,0.533217391304348
2415,Sys_DiT_ref_class1000,4.85,4.15,483,0.97,0.8300000000000001,0.8051,0.8945555555555555
2416,Sys_DiT_ref_class1000,4.12,2.85,483,0.8240000000000001,0.5700000000000001,0.4696800000000001,0.6738593974175037
2417,Sys_DiT_ref_class1000,3.82,4.15,483,0.764,0.8300000000000001,0.63412,0.795633626097867
2418,Sys_DiT_ref_class1000,0.85,1.2,483,0.16999999999999998,0.24,0.040799999999999996,0.19902439024390242
2419,Sys_DiT_ref_class1000,4.65,3.82,483,0.93,0.764,0.71052,0.8388665879574971
2420,Sys_DiT_ref_class1000,4.12,2.85,484,0.8240000000000001,0.5700000000000001,0.4696800000000001,0.6738593974175037
2421,Sys_DiT_ref_class1000,4.12,2.85,484,0.8240000000000001,0.5700000000000001,0.4696800000000001,0.6738593974175037
2422,Sys_DiT_ref_class1000,4.85,2.15,484,0.97,0.43,0.41709999999999997,0.5958571428571429
2423,Sys_DiT_ref_class1000,4.92,4.65,484,0.984,0.93,0.91512,0.9562382445141066
2424,Sys_DiT_ref_class1000,4.15,2.85,484,0.8300000000000001,0.5700000000000001,0.4731000000000001,0.6758571428571429
2425,Sys_DiT_ref_class1000,4.25,3.85,485,0.85,0.77,0.6545,0.8080246913580246
2426,Sys_DiT_ref_class1000,3.85,2.75,485,0.77,0.55,0.42350000000000004,0.6416666666666667
2427,Sys_DiT_ref_class1000,2.15,1.85,485,0.43,0.37,0.1591,0.39774999999999994
2428,Sys_DiT_ref_class1000,0.85,1.92,485,0.16999999999999998,0.384,0.06527999999999999,0.23566787003610104
2429,Sys_DiT_ref_class1000,4.85,3.62,485,0.97,0.724,0.7022799999999999,0.8291381345926799
2430,Sys_DiT_ref_class1000,4.65,2.85,486,0.93,0.5700000000000001,0.5301000000000001,0.7068000000000002
2431,Sys_DiT_ref_class1000,3.85,1.2,486,0.77,0.24,0.1848,0.36594059405940593
2432,Sys_DiT_ref_class1000,4.72,1.5,486,0.944,0.3,0.28319999999999995,0.45530546623794205
2433,Sys_DiT_ref_class1000,4.85,4.2,486,0.97,0.8400000000000001,0.8148000000000001,0.9003314917127072
2434,Sys_DiT_ref_class1000,4.25,1.5,486,0.85,0.3,0.255,0.44347826086956527
2435,Sys_DiT_ref_class1000,1.85,1.92,487,0.37,0.384,0.14208,0.37687002652519896
2436,Sys_DiT_ref_class1000,0.85,1.2,487,0.16999999999999998,0.24,0.040799999999999996,0.19902439024390242
2437,Sys_DiT_ref_class1000,1.25,2.1,487,0.25,0.42000000000000004,0.10500000000000001,0.31343283582089554
2438,Sys_DiT_ref_class1000,3.85,2.15,487,0.77,0.43,0.3311,0.5518333333333334
2439,Sys_DiT_ref_class1000,1.25,1.15,487,0.25,0.22999999999999998,0.057499999999999996,0.23958333333333331
2440,Sys_DiT_ref_class1000,0.12,1.85,488,0.024,0.37,0.00888,0.0450761421319797
2441,Sys_DiT_ref_class1000,4.85,3.72,488,0.97,0.744,0.72168,0.842100350058343
2442,Sys_DiT_ref_class1000,1.25,1.85,488,0.25,0.37,0.0925,0.29838709677419356
2443,Sys_DiT_ref_class1000,4.85,3.2,488,0.97,0.64,0.6208,0.7711801242236026
2444,Sys_DiT_ref_class1000,4.65,3.8,488,0.93,0.76,0.7068000000000001,0.8364497041420119
2445,Sys_DiT_ref_class1000,0.0,1.0,489,0.0,0.2,0.0,0.0
2446,Sys_DiT_ref_class1000,2.85,1.5,489,0.5700000000000001,0.3,0.171,0.3931034482758621
2447,Sys_DiT_ref_class1000,1.25,1.85,489,0.25,0.37,0.0925,0.29838709677419356
2448,Sys_DiT_ref_class1000,4.85,4.2,489,0.97,0.8400000000000001,0.8148000000000001,0.9003314917127072
2449,Sys_DiT_ref_class1000,3.85,2.75,489,0.77,0.55,0.42350000000000004,0.6416666666666667
2450,Sys_DiT_ref_class1000,4.65,3.82,490,0.93,0.764,0.71052,0.8388665879574971
2451,Sys_DiT_ref_class1000,4.85,3.65,490,0.97,0.73,0.7081,0.8330588235294117
2452,Sys_DiT_ref_class1000,4.85,3.65,490,0.97,0.73,0.7081,0.8330588235294117
2453,Sys_DiT_ref_class1000,4.85,4.2,490,0.97,0.8400000000000001,0.8148000000000001,0.9003314917127072
2454,Sys_DiT_ref_class1000,4.92,4.95,490,0.984,0.99,0.97416,0.9869908814589666
2455,Sys_DiT_ref_class1000,2.15,1.85,491,0.43,0.37,0.1591,0.39774999999999994
2456,Sys_DiT_ref_class1000,3.85,2.4,491,0.77,0.48,0.3696,0.59136
2457,Sys_DiT_ref_class1000,4.65,3.85,491,0.93,0.77,0.7161000000000001,0.8424705882352941
2458,Sys_DiT_ref_class1000,2.15,2.8,491,0.43,0.5599999999999999,0.24079999999999996,0.4864646464646464
2459,Sys_DiT_ref_class1000,3.65,2.85,491,0.73,0.5700000000000001,0.4161,0.6401538461538462
2460,Sys_DiT_ref_class1000,1.25,2.85,492,0.25,0.5700000000000001,0.14250000000000002,0.34756097560975613
2461,Sys_DiT_ref_class1000,4.85,3.75,492,0.97,0.75,0.7275,0.8459302325581396
2462,Sys_DiT_ref_class1000,3.85,4.12,492,0.77,0.8240000000000001,0.63448,0.7960853199498118
2463,Sys_DiT_ref_class1000,4.85,3.62,492,0.97,0.724,0.7022799999999999,0.8291381345926799
2464,Sys_DiT_ref_class1000,4.65,3.85,492,0.93,0.77,0.7161000000000001,0.8424705882352941
2465,Sys_DiT_ref_class1000,1.85,3.62,493,0.37,0.724,0.26788,0.48972577696526515
2466,Sys_DiT_ref_class1000,1.85,3.42,493,0.37,0.6839999999999999,0.25307999999999997,0.4802277039848198
2467,Sys_DiT_ref_class1000,3.42,3.65,493,0.6839999999999999,0.73,0.49931999999999993,0.7062517680339462
2468,Sys_DiT_ref_class1000,4.12,2.85,493,0.8240000000000001,0.5700000000000001,0.4696800000000001,0.6738593974175037
2469,Sys_DiT_ref_class1000,1.85,2.4,493,0.37,0.48,0.17759999999999998,0.4178823529411764
2470,Sys_DiT_ref_class1000,0.12,1.85,494,0.024,0.37,0.00888,0.0450761421319797
2471,Sys_DiT_ref_class1000,4.85,3.6,494,0.97,0.72,0.6983999999999999,0.8265088757396449
2472,Sys_DiT_ref_class1000,0.0,0.0,494,0.0,0.0,0.0,0.0
2473,Sys_DiT_ref_class1000,3.85,3.6,494,0.77,0.72,0.5544,0.7441610738255033
2474,Sys_DiT_ref_class1000,1.85,3.6,494,0.37,0.72,0.26639999999999997,0.4888073394495413
2475,Sys_DiT_ref_class1000,4.85,3.75,495,0.97,0.75,0.7275,0.8459302325581396
2476,Sys_DiT_ref_class1000,4.15,2.85,495,0.8300000000000001,0.5700000000000001,0.4731000000000001,0.6758571428571429
2477,Sys_DiT_ref_class1000,4.65,3.85,495,0.93,0.77,0.7161000000000001,0.8424705882352941
2478,Sys_DiT_ref_class1000,2.85,3.65,495,0.5700000000000001,0.73,0.4161,0.6401538461538462
2479,Sys_DiT_ref_class1000,4.85,3.75,495,0.97,0.75,0.7275,0.8459302325581396
2480,Sys_DiT_ref_class1000,4.15,3.65,496,0.8300000000000001,0.73,0.6059,0.7767948717948717
2481,Sys_DiT_ref_class1000,4.25,3.85,496,0.85,0.77,0.6545,0.8080246913580246
2482,Sys_DiT_ref_class1000,4.65,3.82,496,0.93,0.764,0.71052,0.8388665879574971
2483,Sys_DiT_ref_class1000,3.85,2.75,496,0.77,0.55,0.42350000000000004,0.6416666666666667
2484,Sys_DiT_ref_class1000,4.65,3.85,496,0.93,0.77,0.7161000000000001,0.8424705882352941
2485,Sys_DiT_ref_class1000,4.85,3.72,497,0.97,0.744,0.72168,0.842100350058343
2486,Sys_DiT_ref_class1000,4.12,2.85,497,0.8240000000000001,0.5700000000000001,0.4696800000000001,0.6738593974175037
2487,Sys_DiT_ref_class1000,4.85,3.62,497,0.97,0.724,0.7022799999999999,0.8291381345926799
2488,Sys_DiT_ref_class1000,3.65,1.85,497,0.73,0.37,0.2701,0.4910909090909091
2489,Sys_DiT_ref_class1000,4.15,2.85,497,0.8300000000000001,0.5700000000000001,0.4731000000000001,0.6758571428571429
2490,Sys_DiT_ref_class1000,2.85,1.65,498,0.5700000000000001,0.32999999999999996,0.1881,0.418
2491,Sys_DiT_ref_class1000,3.85,2.15,498,0.77,0.43,0.3311,0.5518333333333334
2492,Sys_DiT_ref_class1000,3.85,3.6,498,0.77,0.72,0.5544,0.7441610738255033
2493,Sys_DiT_ref_class1000,0.85,1.92,498,0.16999999999999998,0.384,0.06527999999999999,0.23566787003610104
2494,Sys_DiT_ref_class1000,3.85,2.4,498,0.77,0.48,0.3696,0.59136
2495,Sys_DiT_ref_class1000,1.85,2.65,499,0.37,0.53,0.1961,0.43577777777777776
2496,Sys_DiT_ref_class1000,4.85,3.72,499,0.97,0.744,0.72168,0.842100350058343
2497,Sys_DiT_ref_class1000,4.85,3.65,499,0.97,0.73,0.7081,0.8330588235294117
2498,Sys_DiT_ref_class1000,5.0,4.95,499,1.0,0.99,0.99,0.9949748743718593
2499,Sys_DiT_ref_class1000,4.85,2.15,499,0.97,0.43,0.41709999999999997,0.5958571428571429
2500,Sys_DiT_ref_class1000,4.85,4.72,500,0.97,0.944,0.9156799999999999,0.9568234064785789
2501,Sys_DiT_ref_class1000,4.65,3.85,500,0.93,0.77,0.7161000000000001,0.8424705882352941
2502,Sys_DiT_ref_class1000,2.15,3.42,500,0.43,0.6839999999999999,0.29412,0.5280430879712747
2503,Sys_DiT_ref_class1000,1.85,2.1,500,0.37,0.42000000000000004,0.1554,0.39341772151898735
2504,Sys_DiT_ref_class1000,0.0,1.2,500,0.0,0.24,0.0,0.0
2505,Sys_DiT_ref_class1000,3.85,1.25,501,0.77,0.25,0.1925,0.37745098039215685
2506,Sys_DiT_ref_class1000,4.85,4.62,501,0.97,0.924,0.89628,0.9464413938753959
2507,Sys_DiT_ref_class1000,4.85,1.5,501,0.97,0.3,0.291,0.458267716535433
2508,Sys_DiT_ref_class1000,4.65,1.5,501,0.93,0.3,0.279,0.4536585365853659
2509,Sys_DiT_ref_class1000,4.12,1.5,501,0.8240000000000001,0.3,0.2472,0.43985765124555154
2510,Sys_DiT_ref_class1000,4.15,3.65,502,0.8300000000000001,0.73,0.6059,0.7767948717948717
2511,Sys_DiT_ref_class1000,4.12,2.85,502,0.8240000000000001,0.5700000000000001,0.4696800000000001,0.6738593974175037
2512,Sys_DiT_ref_class1000,2.15,3.42,502,0.43,0.6839999999999999,0.29412,0.5280430879712747
2513,Sys_DiT_ref_class1000,4.85,3.2,502,0.97,0.64,0.6208,0.7711801242236026
2514,Sys_DiT_ref_class1000,4.85,1.2,502,0.97,0.24,0.23279999999999998,0.384793388429752
2515,Sys_DiT_ref_class1000,3.85,2.15,503,0.77,0.43,0.3311,0.5518333333333334
2516,Sys_DiT_ref_class1000,4.92,4.15,503,0.984,0.8300000000000001,0.8167200000000001,0.9004630650496142
2517,Sys_DiT_ref_class1000,4.65,3.2,503,0.93,0.64,0.5952000000000001,0.7582165605095542
2518,Sys_DiT_ref_class1000,4.65,3.82,503,0.93,0.764,0.71052,0.8388665879574971
2519,Sys_DiT_ref_class1000,4.85,3.75,503,0.97,0.75,0.7275,0.8459302325581396
2520,Sys_DiT_ref_class1000,4.65,3.85,504,0.93,0.77,0.7161000000000001,0.8424705882352941
2521,Sys_DiT_ref_class1000,4.65,2.85,504,0.93,0.5700000000000001,0.5301000000000001,0.7068000000000002
2522,Sys_DiT_ref_class1000,0.85,1.2,504,0.16999999999999998,0.24,0.040799999999999996,0.19902439024390242
2523,Sys_DiT_ref_class1000,4.92,4.35,504,0.984,0.8699999999999999,0.8560799999999998,0.9234951456310678
2524,Sys_DiT_ref_class1000,4.15,3.65,504,0.8300000000000001,0.73,0.6059,0.7767948717948717
2525,Sys_DiT_ref_class1000,4.65,3.85,505,0.93,0.77,0.7161000000000001,0.8424705882352941
2526,Sys_DiT_ref_class1000,2.15,0.85,505,0.43,0.16999999999999998,0.0731,0.24366666666666667
2527,Sys_DiT_ref_class1000,5.0,5.0,505,1.0,1.0,1.0,1.0
2528,Sys_DiT_ref_class1000,3.85,1.2,505,0.77,0.24,0.1848,0.36594059405940593
2529,Sys_DiT_ref_class1000,4.85,3.72,505,0.97,0.744,0.72168,0.842100350058343
2530,Sys_DiT_ref_class1000,1.25,4.68,506,0.25,0.9359999999999999,0.23399999999999999,0.3946037099494098
2531,Sys_DiT_ref_class1000,0.42,2.65,506,0.08399999999999999,0.53,0.04452,0.14501628664495114
2532,Sys_DiT_ref_class1000,2.15,2.85,506,0.43,0.5700000000000001,0.2451,0.4902
2533,Sys_DiT_ref_class1000,0.15,1.2,506,0.03,0.24,0.0072,0.05333333333333333
2534,Sys_DiT_ref_class1000,0.15,3.42,506,0.03,0.6839999999999999,0.020519999999999997,0.05747899159663865
2535,Sys_DiT_ref_class1000,1.85,2.1,507,0.37,0.42000000000000004,0.1554,0.39341772151898735
2536,Sys_DiT_ref_class1000,2.85,3.6,507,0.5700000000000001,0.72,0.41040000000000004,0.6362790697674419
2537,Sys_DiT_ref_class1000,3.85,1.2,507,0.77,0.24,0.1848,0.36594059405940593
2538,Sys_DiT_ref_class1000,1.85,2.1,507,0.37,0.42000000000000004,0.1554,0.39341772151898735
2539,Sys_DiT_ref_class1000,3.85,2.15,507,0.77,0.43,0.3311,0.5518333333333334
2540,Sys_DiT_ref_class1000,4.85,3.6,508,0.97,0.72,0.6983999999999999,0.8265088757396449
2541,Sys_DiT_ref_class1000,1.85,2.1,508,0.37,0.42000000000000004,0.1554,0.39341772151898735
2542,Sys_DiT_ref_class1000,0.82,1.15,508,0.16399999999999998,0.22999999999999998,0.03771999999999999,0.19147208121827408
2543,Sys_DiT_ref_class1000,3.85,2.9,508,0.77,0.58,0.4466,0.6616296296296296
2544,Sys_DiT_ref_class1000,1.85,1.2,508,0.37,0.24,0.08879999999999999,0.2911475409836065
2545,Sys_DiT_ref_class1000,4.15,2.85,509,0.8300000000000001,0.5700000000000001,0.4731000000000001,0.6758571428571429
2546,Sys_DiT_ref_class1000,2.85,1.5,509,0.5700000000000001,0.3,0.171,0.3931034482758621
2547,Sys_DiT_ref_class1000,4.85,3.65,509,0.97,0.73,0.7081,0.8330588235294117
2548,Sys_DiT_ref_class1000,2.85,2.1,509,0.5700000000000001,0.42000000000000004,0.23940000000000006,0.4836363636363637
2549,Sys_DiT_ref_class1000,4.15,2.85,509,0.8300000000000001,0.5700000000000001,0.4731000000000001,0.6758571428571429
2550,Sys_DiT_ref_class1000,3.85,2.45,510,0.77,0.49000000000000005,0.3773,0.5988888888888889
2551,Sys_DiT_ref_class1000,4.15,1.85,510,0.8300000000000001,0.37,0.30710000000000004,0.5118333333333334
2552,Sys_DiT_ref_class1000,4.85,3.72,510,0.97,0.744,0.72168,0.842100350058343
2553,Sys_DiT_ref_class1000,4.12,2.35,510,0.8240000000000001,0.47000000000000003,0.38728000000000007,0.5985780525502319
2554,Sys_DiT_ref_class1000,4.15,3.85,510,0.8300000000000001,0.77,0.6391000000000001,0.7988750000000001
2555,Sys_DiT_ref_class1000,4.85,2.15,511,0.97,0.43,0.41709999999999997,0.5958571428571429
2556,Sys_DiT_ref_class1000,4.85,3.75,511,0.97,0.75,0.7275,0.8459302325581396
2557,Sys_DiT_ref_class1000,4.85,2.15,511,0.97,0.43,0.41709999999999997,0.5958571428571429
2558,Sys_DiT_ref_class1000,4.85,3.72,511,0.97,0.744,0.72168,0.842100350058343
2559,Sys_DiT_ref_class1000,1.85,1.2,511,0.37,0.24,0.08879999999999999,0.2911475409836065
2560,Sys_DiT_ref_class1000,1.25,1.8,512,0.25,0.36,0.09,0.29508196721311475
2561,Sys_DiT_ref_class1000,2.85,1.92,512,0.5700000000000001,0.384,0.21888000000000002,0.4588679245283019
2562,Sys_DiT_ref_class1000,0.12,0.85,512,0.024,0.16999999999999998,0.004079999999999999,0.04206185567010309
2563,Sys_DiT_ref_class1000,2.85,1.95,512,0.5700000000000001,0.39,0.22230000000000003,0.463125
2564,Sys_DiT_ref_class1000,4.85,4.2,512,0.97,0.8400000000000001,0.8148000000000001,0.9003314917127072
2565,Sys_DiT_ref_class1000,5.0,5.0,513,1.0,1.0,1.0,1.0
2566,Sys_DiT_ref_class1000,2.15,3.42,513,0.43,0.6839999999999999,0.29412,0.5280430879712747
2567,Sys_DiT_ref_class1000,4.65,1.5,513,0.93,0.3,0.279,0.4536585365853659
2568,Sys_DiT_ref_class1000,0.15,2.85,513,0.03,0.5700000000000001,0.0171,0.056999999999999995
2569,Sys_DiT_ref_class1000,1.85,3.42,513,0.37,0.6839999999999999,0.25307999999999997,0.4802277039848198
2570,Sys_DiT_ref_class1000,3.82,2.15,514,0.764,0.43,0.32852,0.550284757118928
2571,Sys_DiT_ref_class1000,3.65,2.85,514,0.73,0.5700000000000001,0.4161,0.6401538461538462
2572,Sys_DiT_ref_class1000,2.85,1.2,514,0.5700000000000001,0.24,0.1368,0.3377777777777778
2573,Sys_DiT_ref_class1000,4.25,3.85,514,0.85,0.77,0.6545,0.8080246913580246
2574,Sys_DiT_ref_class1000,3.85,1.2,514,0.77,0.24,0.1848,0.36594059405940593
2575,Sys_DiT_ref_class1000,3.85,3.42,515,0.77,0.6839999999999999,0.5266799999999999,0.7244566712517193
2576,Sys_DiT_ref_class1000,3.15,1.5,515,0.63,0.3,0.189,0.40645161290322585
2577,Sys_DiT_ref_class1000,3.85,2.65,515,0.77,0.53,0.4081,0.6278461538461538
2578,Sys_DiT_ref_class1000,4.12,4.35,515,0.8240000000000001,0.8699999999999999,0.71688,0.846375442739079
2579,Sys_DiT_ref_class1000,0.42,0.85,515,0.08399999999999999,0.16999999999999998,0.014279999999999998,0.11244094488188974
2580,Sys_DiT_ref_class1000,4.25,3.85,516,0.85,0.77,0.6545,0.8080246913580246
2581,Sys_DiT_ref_class1000,4.95,4.85,516,0.99,0.97,0.9602999999999999,0.9798979591836734
2582,Sys_DiT_ref_class1000,4.15,2.85,516,0.8300000000000001,0.5700000000000001,0.4731000000000001,0.6758571428571429
2583,Sys_DiT_ref_class1000,5.0,5.0,516,1.0,1.0,1.0,1.0
2584,Sys_DiT_ref_class1000,1.85,2.65,516,0.37,0.53,0.1961,0.43577777777777776
2585,Sys_DiT_ref_class1000,0.05,1.82,517,0.01,0.364,0.00364,0.01946524064171123
2586,Sys_DiT_ref_class1000,0.05,4.8,517,0.01,0.96,0.0096,0.01979381443298969
2587,Sys_DiT_ref_class1000,0.0,2.85,517,0.0,0.5700000000000001,0.0,0.0
2588,Sys_DiT_ref_class1000,1.25,3.85,517,0.25,0.77,0.1925,0.37745098039215685
2589,Sys_DiT_ref_class1000,0.05,2.85,517,0.01,0.5700000000000001,0.005700000000000001,0.019655172413793106
2590,Sys_DiT_ref_class1000,0.12,0.85,518,0.024,0.16999999999999998,0.004079999999999999,0.04206185567010309
2591,Sys_DiT_ref_class1000,2.85,1.92,518,0.5700000000000001,0.384,0.21888000000000002,0.4588679245283019
2592,Sys_DiT_ref_class1000,4.85,3.65,518,0.97,0.73,0.7081,0.8330588235294117
2593,Sys_DiT_ref_class1000,4.65,2.85,518,0.93,0.5700000000000001,0.5301000000000001,0.7068000000000002
2594,Sys_DiT_ref_class1000,4.65,3.85,518,0.93,0.77,0.7161000000000001,0.8424705882352941
2595,Sys_DiT_ref_class1000,4.92,4.98,519,0.984,0.9960000000000001,0.980064,0.9899636363636364
2596,Sys_DiT_ref_class1000,1.85,1.2,519,0.37,0.24,0.08879999999999999,0.2911475409836065
2597,Sys_DiT_ref_class1000,2.85,1.42,519,0.5700000000000001,0.284,0.16188,0.3791100702576112
2598,Sys_DiT_ref_class1000,4.65,3.85,519,0.93,0.77,0.7161000000000001,0.8424705882352941
2599,Sys_DiT_ref_class1000,2.85,1.65,519,0.5700000000000001,0.32999999999999996,0.1881,0.418
2600,Sys_DiT_ref_class1000,4.15,2.85,520,0.8300000000000001,0.5700000000000001,0.4731000000000001,0.6758571428571429
2601,Sys_DiT_ref_class1000,3.85,2.15,520,0.77,0.43,0.3311,0.5518333333333334
2602,Sys_DiT_ref_class1000,4.15,1.85,520,0.8300000000000001,0.37,0.30710000000000004,0.5118333333333334
2603,Sys_DiT_ref_class1000,4.85,3.72,520,0.97,0.744,0.72168,0.842100350058343
2604,Sys_DiT_ref_class1000,3.65,1.82,520,0.73,0.364,0.26572,0.48577696526508235
2605,Sys_DiT_ref_class1000,4.25,3.15,521,0.85,0.63,0.5355,0.7236486486486486
2606,Sys_DiT_ref_class1000,4.15,3.85,521,0.8300000000000001,0.77,0.6391000000000001,0.7988750000000001
2607,Sys_DiT_ref_class1000,0.0,1.45,521,0.0,0.29,0.0,0.0
2608,Sys_DiT_ref_class1000,4.65,2.85,521,0.93,0.5700000000000001,0.5301000000000001,0.7068000000000002
2609,Sys_DiT_ref_class1000,3.15,2.85,521,0.63,0.5700000000000001,0.35910000000000003,0.5984999999999999
2610,Sys_DiT_ref_class1000,4.85,3.72,522,0.97,0.744,0.72168,0.842100350058343
2611,Sys_DiT_ref_class1000,4.85,2.15,522,0.97,0.43,0.41709999999999997,0.5958571428571429
2612,Sys_DiT_ref_class1000,4.12,3.65,522,0.8240000000000001,0.73,0.60152,0.7741570141570142
2613,Sys_DiT_ref_class1000,3.85,1.5,522,0.77,0.3,0.23099999999999998,0.4317757009345794
2614,Sys_DiT_ref_class1000,4.85,3.6,522,0.97,0.72,0.6983999999999999,0.8265088757396449
2615,Sys_DiT_ref_class1000,0.0,5.0,523,0.0,1.0,0.0,0.0
2616,Sys_DiT_ref_class1000,0.0,0.0,523,0.0,0.0,0.0,0.0
2617,Sys_DiT_ref_class1000,4.65,2.0,523,0.93,0.4,0.37200000000000005,0.5593984962406016
2618,Sys_DiT_ref_class1000,4.85,3.65,523,0.97,0.73,0.7081,0.8330588235294117
2619,Sys_DiT_ref_class1000,0.15,0.85,523,0.03,0.16999999999999998,0.0050999999999999995,0.051
2620,Sys_DiT_ref_class1000,2.85,3.42,524,0.5700000000000001,0.6839999999999999,0.38988,0.6218181818181818
2621,Sys_DiT_ref_class1000,2.85,1.45,524,0.5700000000000001,0.29,0.1653,0.38441860465116273
2622,Sys_DiT_ref_class1000,4.65,3.85,524,0.93,0.77,0.7161000000000001,0.8424705882352941
2623,Sys_DiT_ref_class1000,4.15,1.85,524,0.8300000000000001,0.37,0.30710000000000004,0.5118333333333334
2624,Sys_DiT_ref_class1000,4.65,3.82,524,0.93,0.764,0.71052,0.8388665879574971
2625,Sys_DiT_ref_class1000,4.85,3.75,525,0.97,0.75,0.7275,0.8459302325581396
2626,Sys_DiT_ref_class1000,4.85,4.12,525,0.97,0.8240000000000001,0.79928,0.8910590858416945
2627,Sys_DiT_ref_class1000,4.85,3.62,525,0.97,0.724,0.7022799999999999,0.8291381345926799
2628,Sys_DiT_ref_class1000,1.42,2.65,525,0.284,0.53,0.15052,0.3698280098280098
2629,Sys_DiT_ref_class1000,4.85,4.2,525,0.97,0.8400000000000001,0.8148000000000001,0.9003314917127072
2630,Sys_DiT_ref_class1000,4.85,2.15,526,0.97,0.43,0.41709999999999997,0.5958571428571429
2631,Sys_DiT_ref_class1000,1.25,1.15,526,0.25,0.22999999999999998,0.057499999999999996,0.23958333333333331
2632,Sys_DiT_ref_class1000,4.65,2.85,526,0.93,0.5700000000000001,0.5301000000000001,0.7068000000000002
2633,Sys_DiT_ref_class1000,1.85,2.1,526,0.37,0.42000000000000004,0.1554,0.39341772151898735
2634,Sys_DiT_ref_class1000,4.65,3.82,526,0.93,0.764,0.71052,0.8388665879574971
2635,Sys_DiT_ref_class1000,4.25,2.85,527,0.85,0.5700000000000001,0.48450000000000004,0.6823943661971832
2636,Sys_DiT_ref_class1000,3.85,2.15,527,0.77,0.43,0.3311,0.5518333333333334
2637,Sys_DiT_ref_class1000,1.85,2.4,527,0.37,0.48,0.17759999999999998,0.4178823529411764
2638,Sys_DiT_ref_class1000,4.65,3.82,527,0.93,0.764,0.71052,0.8388665879574971
2639,Sys_DiT_ref_class1000,1.85,3.42,527,0.37,0.6839999999999999,0.25307999999999997,0.4802277039848198
2640,Sys_DiT_ref_class1000,4.65,3.82,528,0.93,0.764,0.71052,0.8388665879574971
2641,Sys_DiT_ref_class1000,2.15,1.85,528,0.43,0.37,0.1591,0.39774999999999994
2642,Sys_DiT_ref_class1000,4.85,3.72,528,0.97,0.744,0.72168,0.842100350058343
2643,Sys_DiT_ref_class1000,3.85,2.75,528,0.77,0.55,0.42350000000000004,0.6416666666666667
2644,Sys_DiT_ref_class1000,4.65,4.2,528,0.93,0.8400000000000001,0.7812000000000001,0.8827118644067797
2645,Sys_DiT_ref_class1000,4.15,2.85,529,0.8300000000000001,0.5700000000000001,0.4731000000000001,0.6758571428571429
2646,Sys_DiT_ref_class1000,1.85,2.75,529,0.37,0.55,0.20350000000000001,0.4423913043478261
2647,Sys_DiT_ref_class1000,4.12,1.5,529,0.8240000000000001,0.3,0.2472,0.43985765124555154
2648,Sys_DiT_ref_class1000,4.65,3.85,529,0.93,0.77,0.7161000000000001,0.8424705882352941
2649,Sys_DiT_ref_class1000,4.92,4.15,529,0.984,0.8300000000000001,0.8167200000000001,0.9004630650496142
2650,Sys_DiT_ref_class1000,1.85,1.2,530,0.37,0.24,0.08879999999999999,0.2911475409836065
2651,Sys_DiT_ref_class1000,1.85,3.62,530,0.37,0.724,0.26788,0.48972577696526515
2652,Sys_DiT_ref_class1000,4.15,2.85,530,0.8300000000000001,0.5700000000000001,0.4731000000000001,0.6758571428571429
2653,Sys_DiT_ref_class1000,4.12,2.85,530,0.8240000000000001,0.5700000000000001,0.4696800000000001,0.6738593974175037
2654,Sys_DiT_ref_class1000,1.85,1.2,530,0.37,0.24,0.08879999999999999,0.2911475409836065
2655,Sys_DiT_ref_class1000,1.85,1.92,531,0.37,0.384,0.14208,0.37687002652519896
2656,Sys_DiT_ref_class1000,1.25,0.85,531,0.25,0.16999999999999998,0.042499999999999996,0.20238095238095238
2657,Sys_DiT_ref_class1000,1.85,1.2,531,0.37,0.24,0.08879999999999999,0.2911475409836065
2658,Sys_DiT_ref_class1000,2.15,1.85,531,0.43,0.37,0.1591,0.39774999999999994
2659,Sys_DiT_ref_class1000,3.42,2.85,531,0.6839999999999999,0.5700000000000001,0.38988,0.6218181818181818
2660,Sys_DiT_ref_class1000,2.15,1.8,532,0.43,0.36,0.1548,0.39189873417721516
2661,Sys_DiT_ref_class1000,4.12,2.85,532,0.8240000000000001,0.5700000000000001,0.4696800000000001,0.6738593974175037
2662,Sys_DiT_ref_class1000,4.85,3.62,532,0.97,0.724,0.7022799999999999,0.8291381345926799
2663,Sys_DiT_ref_class1000,3.15,2.85,532,0.63,0.5700000000000001,0.35910000000000003,0.5984999999999999
2664,Sys_DiT_ref_class1000,2.85,1.92,532,0.5700000000000001,0.384,0.21888000000000002,0.4588679245283019
2665,Sys_DiT_ref_class1000,4.65,3.85,533,0.93,0.77,0.7161000000000001,0.8424705882352941
2666,Sys_DiT_ref_class1000,2.85,4.12,533,0.5700000000000001,0.8240000000000001,0.4696800000000001,0.6738593974175037
2667,Sys_DiT_ref_class1000,2.85,4.12,533,0.5700000000000001,0.8240000000000001,0.4696800000000001,0.6738593974175037
2668,Sys_DiT_ref_class1000,4.85,3.8,533,0.97,0.76,0.7372,0.8522543352601156
2669,Sys_DiT_ref_class1000,1.25,3.85,533,0.25,0.77,0.1925,0.37745098039215685
2670,Sys_DiT_ref_class1000,0.0,1.25,534,0.0,0.25,0.0,0.0
2671,Sys_DiT_ref_class1000,4.85,2.15,534,0.97,0.43,0.41709999999999997,0.5958571428571429
2672,Sys_DiT_ref_class1000,2.85,1.15,534,0.5700000000000001,0.22999999999999998,0.1311,0.32775
2673,Sys_DiT_ref_class1000,1.25,1.1,534,0.25,0.22000000000000003,0.05500000000000001,0.23404255319148937
2674,Sys_DiT_ref_class1000,2.15,3.42,534,0.43,0.6839999999999999,0.29412,0.5280430879712747
2675,Sys_DiT_ref_class1000,2.85,1.2,535,0.5700000000000001,0.24,0.1368,0.3377777777777778
2676,Sys_DiT_ref_class1000,3.85,2.15,535,0.77,0.43,0.3311,0.5518333333333334
2677,Sys_DiT_ref_class1000,4.65,3.82,535,0.93,0.764,0.71052,0.8388665879574971
2678,Sys_DiT_ref_class1000,4.25,2.85,535,0.85,0.5700000000000001,0.48450000000000004,0.6823943661971832
2679,Sys_DiT_ref_class1000,4.65,3.85,535,0.93,0.77,0.7161000000000001,0.8424705882352941
2680,Sys_DiT_ref_class1000,4.65,3.85,536,0.93,0.77,0.7161000000000001,0.8424705882352941
2681,Sys_DiT_ref_class1000,4.12,2.85,536,0.8240000000000001,0.5700000000000001,0.4696800000000001,0.6738593974175037
2682,Sys_DiT_ref_class1000,0.0,3.85,536,0.0,0.77,0.0,0.0
2683,Sys_DiT_ref_class1000,4.12,4.85,536,0.8240000000000001,0.97,0.79928,0.8910590858416945
2684,Sys_DiT_ref_class1000,4.85,3.75,536,0.97,0.75,0.7275,0.8459302325581396
2685,Sys_DiT_ref_class1000,3.85,1.5,537,0.77,0.3,0.23099999999999998,0.4317757009345794
2686,Sys_DiT_ref_class1000,3.85,1.5,537,0.77,0.3,0.23099999999999998,0.4317757009345794
2687,Sys_DiT_ref_class1000,0.0,0.0,537,0.0,0.0,0.0,0.0
2688,Sys_DiT_ref_class1000,2.85,1.5,537,0.5700000000000001,0.3,0.171,0.3931034482758621
2689,Sys_DiT_ref_class1000,2.85,1.5,537,0.5700000000000001,0.3,0.171,0.3931034482758621
2690,Sys_DiT_ref_class1000,0.85,2.15,538,0.16999999999999998,0.43,0.0731,0.24366666666666667
2691,Sys_DiT_ref_class1000,4.85,2.75,538,0.97,0.55,0.5335,0.7019736842105263
2692,Sys_DiT_ref_class1000,4.65,2.85,538,0.93,0.5700000000000001,0.5301000000000001,0.7068000000000002
2693,Sys_DiT_ref_class1000,4.85,3.62,538,0.97,0.724,0.7022799999999999,0.8291381345926799
2694,Sys_DiT_ref_class1000,4.85,4.92,538,0.97,0.984,0.95448,0.976949846468782
2695,Sys_DiT_ref_class1000,3.85,3.92,539,0.77,0.784,0.60368,0.7769369369369369
2696,Sys_DiT_ref_class1000,1.85,2.4,539,0.37,0.48,0.17759999999999998,0.4178823529411764
2697,Sys_DiT_ref_class1000,3.85,4.72,539,0.77,0.944,0.72688,0.8481680280046674
2698,Sys_DiT_ref_class1000,3.85,1.92,539,0.77,0.384,0.29568,0.5124436741767765
2699,Sys_DiT_ref_class1000,3.85,1.92,539,0.77,0.384,0.29568,0.5124436741767765
2700,Sys_DiT_ref_class1000,4.85,1.2,540,0.97,0.24,0.23279999999999998,0.384793388429752
2701,Sys_DiT_ref_class1000,4.15,2.85,540,0.8300000000000001,0.5700000000000001,0.4731000000000001,0.6758571428571429
2702,Sys_DiT_ref_class1000,4.85,2.15,540,0.97,0.43,0.41709999999999997,0.5958571428571429
2703,Sys_DiT_ref_class1000,4.65,3.82,540,0.93,0.764,0.71052,0.8388665879574971
2704,Sys_DiT_ref_class1000,1.85,1.2,540,0.37,0.24,0.08879999999999999,0.2911475409836065
2705,Sys_DiT_ref_class1000,4.65,3.82,541,0.93,0.764,0.71052,0.8388665879574971
2706,Sys_DiT_ref_class1000,4.85,3.65,541,0.97,0.73,0.7081,0.8330588235294117
2707,Sys_DiT_ref_class1000,3.85,3.6,541,0.77,0.72,0.5544,0.7441610738255033
2708,Sys_DiT_ref_class1000,4.15,2.85,541,0.8300000000000001,0.5700000000000001,0.4731000000000001,0.6758571428571429
2709,Sys_DiT_ref_class1000,4.65,3.82,541,0.93,0.764,0.71052,0.8388665879574971
2710,Sys_DiT_ref_class1000,4.85,1.5,542,0.97,0.3,0.291,0.458267716535433
2711,Sys_DiT_ref_class1000,5.0,1.85,542,1.0,0.37,0.37,0.5401459854014599
2712,Sys_DiT_ref_class1000,4.85,1.5,542,0.97,0.3,0.291,0.458267716535433
2713,Sys_DiT_ref_class1000,1.85,1.65,542,0.37,0.32999999999999996,0.12209999999999999,0.34885714285714287
2714,Sys_DiT_ref_class1000,3.85,2.9,542,0.77,0.58,0.4466,0.6616296296296296
2715,Sys_DiT_ref_class1000,1.85,2.0,543,0.37,0.4,0.148,0.3844155844155844
2716,Sys_DiT_ref_class1000,0.0,0.5,543,0.0,0.1,0.0,0.0
2717,Sys_DiT_ref_class1000,4.85,3.72,543,0.97,0.744,0.72168,0.842100350058343
2718,Sys_DiT_ref_class1000,1.85,2.1,543,0.37,0.42000000000000004,0.1554,0.39341772151898735
2719,Sys_DiT_ref_class1000,0.12,1.85,543,0.024,0.37,0.00888,0.0450761421319797
2720,Sys_DiT_ref_class1000,4.65,3.82,544,0.93,0.764,0.71052,0.8388665879574971
2721,Sys_DiT_ref_class1000,3.82,2.94,544,0.764,0.588,0.44923199999999996,0.6645443786982249
2722,Sys_DiT_ref_class1000,4.65,3.82,544,0.93,0.764,0.71052,0.8388665879574971
2723,Sys_DiT_ref_class1000,4.85,3.62,544,0.97,0.724,0.7022799999999999,0.8291381345926799
2724,Sys_DiT_ref_class1000,4.65,2.85,544,0.93,0.5700000000000001,0.5301000000000001,0.7068000000000002
2725,Sys_DiT_ref_class1000,0.12,0.85,545,0.024,0.16999999999999998,0.004079999999999999,0.04206185567010309
2726,Sys_DiT_ref_class1000,4.25,3.85,545,0.85,0.77,0.6545,0.8080246913580246
2727,Sys_DiT_ref_class1000,4.12,2.85,545,0.8240000000000001,0.5700000000000001,0.4696800000000001,0.6738593974175037
2728,Sys_DiT_ref_class1000,4.85,3.72,545,0.97,0.744,0.72168,0.842100350058343
2729,Sys_DiT_ref_class1000,4.85,3.62,545,0.97,0.724,0.7022799999999999,0.8291381345926799
2730,Sys_DiT_ref_class1000,4.65,2.85,546,0.93,0.5700000000000001,0.5301000000000001,0.7068000000000002
2731,Sys_DiT_ref_class1000,2.85,2.15,546,0.5700000000000001,0.43,0.2451,0.4902
2732,Sys_DiT_ref_class1000,4.15,2.85,546,0.8300000000000001,0.5700000000000001,0.4731000000000001,0.6758571428571429
2733,Sys_DiT_ref_class1000,4.15,3.2,546,0.8300000000000001,0.64,0.5312,0.7227210884353741
2734,Sys_DiT_ref_class1000,4.15,2.85,546,0.8300000000000001,0.5700000000000001,0.4731000000000001,0.6758571428571429
2735,Sys_DiT_ref_class1000,4.92,4.85,547,0.984,0.97,0.95448,0.976949846468782
2736,Sys_DiT_ref_class1000,3.45,1.82,547,0.6900000000000001,0.364,0.25116,0.47658444022770396
2737,Sys_DiT_ref_class1000,4.15,2.85,547,0.8300000000000001,0.5700000000000001,0.4731000000000001,0.6758571428571429
2738,Sys_DiT_ref_class1000,4.12,2.85,547,0.8240000000000001,0.5700000000000001,0.4696800000000001,0.6738593974175037
2739,Sys_DiT_ref_class1000,4.15,2.85,547,0.8300000000000001,0.5700000000000001,0.4731000000000001,0.6758571428571429
2740,Sys_DiT_ref_class1000,4.65,4.2,548,0.93,0.8400000000000001,0.7812000000000001,0.8827118644067797
2741,Sys_DiT_ref_class1000,4.25,2.85,548,0.85,0.5700000000000001,0.48450000000000004,0.6823943661971832
2742,Sys_DiT_ref_class1000,4.85,3.75,548,0.97,0.75,0.7275,0.8459302325581396
2743,Sys_DiT_ref_class1000,4.65,2.85,548,0.93,0.5700000000000001,0.5301000000000001,0.7068000000000002
2744,Sys_DiT_ref_class1000,4.65,2.85,548,0.93,0.5700000000000001,0.5301000000000001,0.7068000000000002
2745,Sys_DiT_ref_class1000,1.85,2.4,549,0.37,0.48,0.17759999999999998,0.4178823529411764
2746,Sys_DiT_ref_class1000,0.85,1.2,549,0.16999999999999998,0.24,0.040799999999999996,0.19902439024390242
2747,Sys_DiT_ref_class1000,3.45,2.85,549,0.6900000000000001,0.5700000000000001,0.3933000000000001,0.6242857142857143
2748,Sys_DiT_ref_class1000,2.85,1.42,549,0.5700000000000001,0.284,0.16188,0.3791100702576112
2749,Sys_DiT_ref_class1000,0.0,0.85,549,0.0,0.16999999999999998,0.0,0.0
2750,Sys_DiT_ref_class1000,5.0,1.85,550,1.0,0.37,0.37,0.5401459854014599
2751,Sys_DiT_ref_class1000,3.85,2.75,550,0.77,0.55,0.42350000000000004,0.6416666666666667
2752,Sys_DiT_ref_class1000,4.85,2.65,550,0.97,0.53,0.5141,0.6854666666666667
2753,Sys_DiT_ref_class1000,4.85,3.92,550,0.97,0.784,0.76048,0.8671379703534778
2754,Sys_DiT_ref_class1000,4.85,2.65,550,0.97,0.53,0.5141,0.6854666666666667
2755,Sys_DiT_ref_class1000,4.85,3.62,551,0.97,0.724,0.7022799999999999,0.8291381345926799
2756,Sys_DiT_ref_class1000,4.85,2.15,551,0.97,0.43,0.41709999999999997,0.5958571428571429
2757,Sys_DiT_ref_class1000,4.85,3.62,551,0.97,0.724,0.7022799999999999,0.8291381345926799
2758,Sys_DiT_ref_class1000,2.85,1.42,551,0.5700000000000001,0.284,0.16188,0.3791100702576112
2759,Sys_DiT_ref_class1000,4.85,2.1,551,0.97,0.42000000000000004,0.40740000000000004,0.5861870503597122
2760,Sys_DiT_ref_class1000,4.85,1.5,552,0.97,0.3,0.291,0.458267716535433
2761,Sys_DiT_ref_class1000,4.85,1.5,552,0.97,0.3,0.291,0.458267716535433
2762,Sys_DiT_ref_class1000,4.85,4.72,552,0.97,0.944,0.9156799999999999,0.9568234064785789
2763,Sys_DiT_ref_class1000,4.85,1.5,552,0.97,0.3,0.291,0.458267716535433
2764,Sys_DiT_ref_class1000,3.85,1.5,552,0.77,0.3,0.23099999999999998,0.4317757009345794
2765,Sys_DiT_ref_class1000,4.85,1.65,553,0.97,0.32999999999999996,0.32009999999999994,0.49246153846153845
2766,Sys_DiT_ref_class1000,4.85,3.6,553,0.97,0.72,0.6983999999999999,0.8265088757396449
2767,Sys_DiT_ref_class1000,5.0,3.45,553,1.0,0.6900000000000001,0.6900000000000001,0.8165680473372782
2768,Sys_DiT_ref_class1000,4.85,3.65,553,0.97,0.73,0.7081,0.8330588235294117
2769,Sys_DiT_ref_class1000,1.85,1.2,553,0.37,0.24,0.08879999999999999,0.2911475409836065
2770,Sys_DiT_ref_class1000,4.85,1.65,554,0.97,0.32999999999999996,0.32009999999999994,0.49246153846153845
2771,Sys_DiT_ref_class1000,4.85,3.2,554,0.97,0.64,0.6208,0.7711801242236026
2772,Sys_DiT_ref_class1000,4.85,1.65,554,0.97,0.32999999999999996,0.32009999999999994,0.49246153846153845
2773,Sys_DiT_ref_class1000,4.85,1.65,554,0.97,0.32999999999999996,0.32009999999999994,0.49246153846153845
2774,Sys_DiT_ref_class1000,4.92,3.65,554,0.984,0.73,0.71832,0.8381796966161027
2775,Sys_DiT_ref_class1000,4.82,1.15,555,0.9640000000000001,0.22999999999999998,0.22172,0.37139028475711894
2776,Sys_DiT_ref_class1000,4.85,1.92,555,0.97,0.384,0.37248,0.5501920236336779
2777,Sys_DiT_ref_class1000,4.85,2.1,555,0.97,0.42000000000000004,0.40740000000000004,0.5861870503597122
2778,Sys_DiT_ref_class1000,4.85,2.15,555,0.97,0.43,0.41709999999999997,0.5958571428571429
2779,Sys_DiT_ref_class1000,4.85,2.1,555,0.97,0.42000000000000004,0.40740000000000004,0.5861870503597122
2780,Sys_DiT_ref_class1000,4.85,3.62,556,0.97,0.724,0.7022799999999999,0.8291381345926799
2781,Sys_DiT_ref_class1000,1.25,1.8,556,0.25,0.36,0.09,0.29508196721311475
2782,Sys_DiT_ref_class1000,0.15,2.85,556,0.03,0.5700000000000001,0.0171,0.056999999999999995
2783,Sys_DiT_ref_class1000,4.85,1.92,556,0.97,0.384,0.37248,0.5501920236336779
2784,Sys_DiT_ref_class1000,4.85,3.6,556,0.97,0.72,0.6983999999999999,0.8265088757396449
2785,Sys_DiT_ref_class1000,2.85,1.92,557,0.5700000000000001,0.384,0.21888000000000002,0.4588679245283019
2786,Sys_DiT_ref_class1000,3.85,1.2,557,0.77,0.24,0.1848,0.36594059405940593
2787,Sys_DiT_ref_class1000,1.85,1.62,557,0.37,0.324,0.11988,0.3454755043227666
2788,Sys_DiT_ref_class1000,4.85,3.62,557,0.97,0.724,0.7022799999999999,0.8291381345926799
2789,Sys_DiT_ref_class1000,2.85,1.92,557,0.5700000000000001,0.384,0.21888000000000002,0.4588679245283019
2790,Sys_DiT_ref_class1000,0.0,1.25,558,0.0,0.25,0.0,0.0
2791,Sys_DiT_ref_class1000,2.85,1.65,558,0.5700000000000001,0.32999999999999996,0.1881,0.418
2792,Sys_DiT_ref_class1000,2.85,1.5,558,0.5700000000000001,0.3,0.171,0.3931034482758621
2793,Sys_DiT_ref_class1000,4.85,2.15,558,0.97,0.43,0.41709999999999997,0.5958571428571429
2794,Sys_DiT_ref_class1000,1.85,1.2,558,0.37,0.24,0.08879999999999999,0.2911475409836065
2795,Sys_DiT_ref_class1000,3.85,1.92,559,0.77,0.384,0.29568,0.5124436741767765
2796,Sys_DiT_ref_class1000,4.15,1.85,559,0.8300000000000001,0.37,0.30710000000000004,0.5118333333333334
2797,Sys_DiT_ref_class1000,4.82,1.15,559,0.9640000000000001,0.22999999999999998,0.22172,0.37139028475711894
2798,Sys_DiT_ref_class1000,5.0,5.0,559,1.0,1.0,1.0,1.0
2799,Sys_DiT_ref_class1000,0.15,1.82,559,0.03,0.364,0.01092,0.05543147208121827
2800,Sys_DiT_ref_class1000,0.0,2.85,560,0.0,0.5700000000000001,0.0,0.0
2801,Sys_DiT_ref_class1000,4.65,2.85,560,0.93,0.5700000000000001,0.5301000000000001,0.7068000000000002
2802,Sys_DiT_ref_class1000,4.12,1.5,560,0.8240000000000001,0.3,0.2472,0.43985765124555154
2803,Sys_DiT_ref_class1000,4.12,3.68,560,0.8240000000000001,0.736,0.606464,0.7775179487179487
2804,Sys_DiT_ref_class1000,3.85,3.6,560,0.77,0.72,0.5544,0.7441610738255033
2805,Sys_DiT_ref_class1000,4.65,3.85,561,0.93,0.77,0.7161000000000001,0.8424705882352941
2806,Sys_DiT_ref_class1000,2.15,1.85,561,0.43,0.37,0.1591,0.39774999999999994
2807,Sys_DiT_ref_class1000,3.85,2.15,561,0.77,0.43,0.3311,0.5518333333333334
2808,Sys_DiT_ref_class1000,4.85,4.2,561,0.97,0.8400000000000001,0.8148000000000001,0.9003314917127072
2809,Sys_DiT_ref_class1000,4.65,3.85,561,0.93,0.77,0.7161000000000001,0.8424705882352941
2810,Sys_DiT_ref_class1000,4.92,4.88,562,0.984,0.976,0.960384,0.9799836734693878
2811,Sys_DiT_ref_class1000,4.12,2.85,562,0.8240000000000001,0.5700000000000001,0.4696800000000001,0.6738593974175037
2812,Sys_DiT_ref_class1000,4.12,2.85,562,0.8240000000000001,0.5700000000000001,0.4696800000000001,0.6738593974175037
2813,Sys_DiT_ref_class1000,4.65,2.85,562,0.93,0.5700000000000001,0.5301000000000001,0.7068000000000002
2814,Sys_DiT_ref_class1000,4.65,3.82,562,0.93,0.764,0.71052,0.8388665879574971
2815,Sys_DiT_ref_class1000,2.85,2.1,563,0.5700000000000001,0.42000000000000004,0.23940000000000006,0.4836363636363637
2816,Sys_DiT_ref_class1000,3.45,2.15,563,0.6900000000000001,0.43,0.2967,0.5298214285714286
2817,Sys_DiT_ref_class1000,4.12,1.85,563,0.8240000000000001,0.37,0.30488000000000004,0.5106867671691793
2818,Sys_DiT_ref_class1000,4.85,3.75,563,0.97,0.75,0.7275,0.8459302325581396
2819,Sys_DiT_ref_class1000,4.65,3.82,563,0.93,0.764,0.71052,0.8388665879574971
2820,Sys_DiT_ref_class1000,4.85,3.2,564,0.97,0.64,0.6208,0.7711801242236026
2821,Sys_DiT_ref_class1000,4.85,3.65,564,0.97,0.73,0.7081,0.8330588235294117
2822,Sys_DiT_ref_class1000,4.85,2.7,564,0.97,0.54,0.5238,0.6937748344370861
2823,Sys_DiT_ref_class1000,4.85,2.15,564,0.97,0.43,0.41709999999999997,0.5958571428571429
2824,Sys_DiT_ref_class1000,4.92,3.85,564,0.984,0.77,0.75768,0.863945267958951
2825,Sys_DiT_ref_class1000,4.65,3.82,565,0.93,0.764,0.71052,0.8388665879574971
2826,Sys_DiT_ref_class1000,4.85,3.72,565,0.97,0.744,0.72168,0.842100350058343
2827,Sys_DiT_ref_class1000,4.65,2.85,565,0.93,0.5700000000000001,0.5301000000000001,0.7068000000000002
2828,Sys_DiT_ref_class1000,4.65,3.82,565,0.93,0.764,0.71052,0.8388665879574971
2829,Sys_DiT_ref_class1000,4.65,2.85,565,0.93,0.5700000000000001,0.5301000000000001,0.7068000000000002
2830,Sys_DiT_ref_class1000,0.0,0.0,566,0.0,0.0,0.0,0.0
2831,Sys_DiT_ref_class1000,4.65,2.85,566,0.93,0.5700000000000001,0.5301000000000001,0.7068000000000002
2832,Sys_DiT_ref_class1000,4.65,3.2,566,0.93,0.64,0.5952000000000001,0.7582165605095542
2833,Sys_DiT_ref_class1000,4.65,1.5,566,0.93,0.3,0.279,0.4536585365853659
2834,Sys_DiT_ref_class1000,4.85,3.75,566,0.97,0.75,0.7275,0.8459302325581396
2835,Sys_DiT_ref_class1000,3.85,2.65,567,0.77,0.53,0.4081,0.6278461538461538
2836,Sys_DiT_ref_class1000,4.85,3.62,567,0.97,0.724,0.7022799999999999,0.8291381345926799
2837,Sys_DiT_ref_class1000,4.65,3.85,567,0.93,0.77,0.7161000000000001,0.8424705882352941
2838,Sys_DiT_ref_class1000,2.85,3.65,567,0.5700000000000001,0.73,0.4161,0.6401538461538462
2839,Sys_DiT_ref_class1000,4.85,3.65,567,0.97,0.73,0.7081,0.8330588235294117
2840,Sys_DiT_ref_class1000,4.85,3.72,568,0.97,0.744,0.72168,0.842100350058343
2841,Sys_DiT_ref_class1000,1.85,1.5,568,0.37,0.3,0.111,0.3313432835820896
2842,Sys_DiT_ref_class1000,4.12,1.85,568,0.8240000000000001,0.37,0.30488000000000004,0.5106867671691793
2843,Sys_DiT_ref_class1000,4.12,3.45,568,0.8240000000000001,0.6900000000000001,0.5685600000000001,0.7510700132100396
2844,Sys_DiT_ref_class1000,3.82,1.5,568,0.764,0.3,0.2292,0.4308270676691729
2845,Sys_DiT_ref_class1000,4.15,1.85,569,0.8300000000000001,0.37,0.30710000000000004,0.5118333333333334
2846,Sys_DiT_ref_class1000,4.85,2.15,569,0.97,0.43,0.41709999999999997,0.5958571428571429
2847,Sys_DiT_ref_class1000,2.85,3.42,569,0.5700000000000001,0.6839999999999999,0.38988,0.6218181818181818
2848,Sys_DiT_ref_class1000,4.15,2.85,569,0.8300000000000001,0.5700000000000001,0.4731000000000001,0.6758571428571429
2849,Sys_DiT_ref_class1000,4.85,3.72,569,0.97,0.744,0.72168,0.842100350058343
2850,Sys_DiT_ref_class1000,2.85,3.62,570,0.5700000000000001,0.724,0.41268000000000005,0.6378361669242659
2851,Sys_DiT_ref_class1000,2.78,3.45,570,0.5559999999999999,0.6900000000000001,0.38364,0.6157945425361155
2852,Sys_DiT_ref_class1000,3.82,3.65,570,0.764,0.73,0.55772,0.7466131191432396
2853,Sys_DiT_ref_class1000,3.85,3.2,570,0.77,0.64,0.4928,0.6990070921985815
2854,Sys_DiT_ref_class1000,1.85,3.62,570,0.37,0.724,0.26788,0.48972577696526515
2855,Sys_DiT_ref_class1000,2.15,2.85,571,0.43,0.5700000000000001,0.2451,0.4902
2856,Sys_DiT_ref_class1000,1.85,1.9,571,0.37,0.38,0.1406,0.37493333333333334
2857,Sys_DiT_ref_class1000,3.85,1.25,571,0.77,0.25,0.1925,0.37745098039215685
2858,Sys_DiT_ref_class1000,2.15,1.85,571,0.43,0.37,0.1591,0.39774999999999994
2859,Sys_DiT_ref_class1000,3.85,3.42,571,0.77,0.6839999999999999,0.5266799999999999,0.7244566712517193
2860,Sys_DiT_ref_class1000,4.15,3.62,572,0.8300000000000001,0.724,0.60092,0.7733848133848134
2861,Sys_DiT_ref_class1000,3.45,2.85,572,0.6900000000000001,0.5700000000000001,0.3933000000000001,0.6242857142857143
2862,Sys_DiT_ref_class1000,3.85,2.15,572,0.77,0.43,0.3311,0.5518333333333334
2863,Sys_DiT_ref_class1000,4.35,4.92,572,0.8699999999999999,0.984,0.8560799999999998,0.9234951456310678
2864,Sys_DiT_ref_class1000,3.85,2.65,572,0.77,0.53,0.4081,0.6278461538461538
2865,Sys_DiT_ref_class1000,4.12,2.85,573,0.8240000000000001,0.5700000000000001,0.4696800000000001,0.6738593974175037
2866,Sys_DiT_ref_class1000,4.92,2.0,573,0.984,0.4,0.3936,0.5687861271676301
2867,Sys_DiT_ref_class1000,2.85,2.1,573,0.5700000000000001,0.42000000000000004,0.23940000000000006,0.4836363636363637
2868,Sys_DiT_ref_class1000,1.85,2.4,573,0.37,0.48,0.17759999999999998,0.4178823529411764
2869,Sys_DiT_ref_class1000,2.85,1.92,573,0.5700000000000001,0.384,0.21888000000000002,0.4588679245283019
2870,Sys_DiT_ref_class1000,4.92,4.65,574,0.984,0.93,0.91512,0.9562382445141066
2871,Sys_DiT_ref_class1000,1.85,1.2,574,0.37,0.24,0.08879999999999999,0.2911475409836065
2872,Sys_DiT_ref_class1000,4.85,2.1,574,0.97,0.42000000000000004,0.40740000000000004,0.5861870503597122
2873,Sys_DiT_ref_class1000,3.85,2.9,574,0.77,0.58,0.4466,0.6616296296296296
2874,Sys_DiT_ref_class1000,3.82,2.95,574,0.764,0.5900000000000001,0.45076000000000005,0.6658197932053176
2875,Sys_DiT_ref_class1000,4.12,1.5,575,0.8240000000000001,0.3,0.2472,0.43985765124555154
2876,Sys_DiT_ref_class1000,4.65,2.85,575,0.93,0.5700000000000001,0.5301000000000001,0.7068000000000002
2877,Sys_DiT_ref_class1000,4.15,2.85,575,0.8300000000000001,0.5700000000000001,0.4731000000000001,0.6758571428571429
2878,Sys_DiT_ref_class1000,4.65,3.85,575,0.93,0.77,0.7161000000000001,0.8424705882352941
2879,Sys_DiT_ref_class1000,4.85,1.2,575,0.97,0.24,0.23279999999999998,0.384793388429752
2880,Sys_DiT_ref_class1000,4.65,1.5,576,0.93,0.3,0.279,0.4536585365853659
2881,Sys_DiT_ref_class1000,4.15,2.0,576,0.8300000000000001,0.4,0.3320000000000001,0.5398373983739838
2882,Sys_DiT_ref_class1000,4.85,3.65,576,0.97,0.73,0.7081,0.8330588235294117
2883,Sys_DiT_ref_class1000,4.12,2.85,576,0.8240000000000001,0.5700000000000001,0.4696800000000001,0.6738593974175037
2884,Sys_DiT_ref_class1000,4.65,3.85,576,0.93,0.77,0.7161000000000001,0.8424705882352941
2885,Sys_DiT_ref_class1000,4.85,1.2,577,0.97,0.24,0.23279999999999998,0.384793388429752
2886,Sys_DiT_ref_class1000,3.85,2.15,577,0.77,0.43,0.3311,0.5518333333333334
2887,Sys_DiT_ref_class1000,4.12,3.85,577,0.8240000000000001,0.77,0.63448,0.7960853199498118
2888,Sys_DiT_ref_class1000,3.82,2.15,577,0.764,0.43,0.32852,0.550284757118928
2889,Sys_DiT_ref_class1000,5.0,5.0,577,1.0,1.0,1.0,1.0
2890,Sys_DiT_ref_class1000,4.12,1.5,578,0.8240000000000001,0.3,0.2472,0.43985765124555154
2891,Sys_DiT_ref_class1000,4.65,1.5,578,0.93,0.3,0.279,0.4536585365853659
2892,Sys_DiT_ref_class1000,4.15,1.5,578,0.8300000000000001,0.3,0.249,0.44070796460176986
2893,Sys_DiT_ref_class1000,4.65,1.5,578,0.93,0.3,0.279,0.4536585365853659
2894,Sys_DiT_ref_class1000,4.65,2.85,578,0.93,0.5700000000000001,0.5301000000000001,0.7068000000000002
2895,Sys_DiT_ref_class1000,4.12,1.5,579,0.8240000000000001,0.3,0.2472,0.43985765124555154
2896,Sys_DiT_ref_class1000,2.85,1.65,579,0.5700000000000001,0.32999999999999996,0.1881,0.418
2897,Sys_DiT_ref_class1000,4.65,3.85,579,0.93,0.77,0.7161000000000001,0.8424705882352941
2898,Sys_DiT_ref_class1000,4.85,3.75,579,0.97,0.75,0.7275,0.8459302325581396
2899,Sys_DiT_ref_class1000,0.15,4.82,579,0.03,0.9640000000000001,0.02892,0.05818913480885311
2900,Sys_DiT_ref_class1000,4.12,2.85,580,0.8240000000000001,0.5700000000000001,0.4696800000000001,0.6738593974175037
2901,Sys_DiT_ref_class1000,3.85,2.15,580,0.77,0.43,0.3311,0.5518333333333334
2902,Sys_DiT_ref_class1000,1.85,2.1,580,0.37,0.42000000000000004,0.1554,0.39341772151898735
2903,Sys_DiT_ref_class1000,3.85,2.15,580,0.77,0.43,0.3311,0.5518333333333334
2904,Sys_DiT_ref_class1000,2.85,0.95,580,0.5700000000000001,0.19,0.10830000000000001,0.28500000000000003
2905,Sys_DiT_ref_class1000,4.15,2.85,581,0.8300000000000001,0.5700000000000001,0.4731000000000001,0.6758571428571429
2906,Sys_DiT_ref_class1000,4.35,3.82,581,0.8699999999999999,0.764,0.6646799999999999,0.8135618115055079
2907,Sys_DiT_ref_class1000,2.85,2.1,581,0.5700000000000001,0.42000000000000004,0.23940000000000006,0.4836363636363637
2908,Sys_DiT_ref_class1000,4.85,1.2,581,0.97,0.24,0.23279999999999998,0.384793388429752
2909,Sys_DiT_ref_class1000,4.15,3.85,581,0.8300000000000001,0.77,0.6391000000000001,0.7988750000000001
2910,Sys_DiT_ref_class1000,1.85,2.1,582,0.37,0.42000000000000004,0.1554,0.39341772151898735
2911,Sys_DiT_ref_class1000,2.85,1.92,582,0.5700000000000001,0.384,0.21888000000000002,0.4588679245283019
2912,Sys_DiT_ref_class1000,0.0,2.8,582,0.0,0.5599999999999999,0.0,0.0
2913,Sys_DiT_ref_class1000,0.0,3.85,582,0.0,0.77,0.0,0.0
2914,Sys_DiT_ref_class1000,3.82,2.15,582,0.764,0.43,0.32852,0.550284757118928
2915,Sys_DiT_ref_class1000,4.15,2.85,583,0.8300000000000001,0.5700000000000001,0.4731000000000001,0.6758571428571429
2916,Sys_DiT_ref_class1000,4.15,2.85,583,0.8300000000000001,0.5700000000000001,0.4731000000000001,0.6758571428571429
2917,Sys_DiT_ref_class1000,3.42,2.85,583,0.6839999999999999,0.5700000000000001,0.38988,0.6218181818181818
2918,Sys_DiT_ref_class1000,4.65,3.85,583,0.93,0.77,0.7161000000000001,0.8424705882352941
2919,Sys_DiT_ref_class1000,1.85,2.9,583,0.37,0.58,0.21459999999999999,0.4517894736842105
2920,Sys_DiT_ref_class1000,4.12,1.85,584,0.8240000000000001,0.37,0.30488000000000004,0.5106867671691793
2921,Sys_DiT_ref_class1000,0.15,1.25,584,0.03,0.25,0.0075,0.05357142857142856
2922,Sys_DiT_ref_class1000,1.25,2.85,584,0.25,0.5700000000000001,0.14250000000000002,0.34756097560975613
2923,Sys_DiT_ref_class1000,1.85,2.4,584,0.37,0.48,0.17759999999999998,0.4178823529411764
2924,Sys_DiT_ref_class1000,1.85,1.42,584,0.37,0.284,0.10507999999999999,0.3213455657492355
2925,Sys_DiT_ref_class1000,2.85,1.9,585,0.5700000000000001,0.38,0.21660000000000001,0.456
2926,Sys_DiT_ref_class1000,0.0,0.85,585,0.0,0.16999999999999998,0.0,0.0
2927,Sys_DiT_ref_class1000,0.12,0.85,585,0.024,0.16999999999999998,0.004079999999999999,0.04206185567010309
2928,Sys_DiT_ref_class1000,3.85,2.9,585,0.77,0.58,0.4466,0.6616296296296296
2929,Sys_DiT_ref_class1000,2.85,1.92,585,0.5700000000000001,0.384,0.21888000000000002,0.4588679245283019
2930,Sys_DiT_ref_class1000,5.0,5.0,586,1.0,1.0,1.0,1.0
2931,Sys_DiT_ref_class1000,4.62,2.85,586,0.924,0.5700000000000001,0.52668,0.7050602409638553
2932,Sys_DiT_ref_class1000,3.85,2.15,586,0.77,0.43,0.3311,0.5518333333333334
2933,Sys_DiT_ref_class1000,5.0,5.0,586,1.0,1.0,1.0,1.0
2934,Sys_DiT_ref_class1000,4.12,2.85,586,0.8240000000000001,0.5700000000000001,0.4696800000000001,0.6738593974175037
2935,Sys_DiT_ref_class1000,1.85,1.2,587,0.37,0.24,0.08879999999999999,0.2911475409836065
2936,Sys_DiT_ref_class1000,2.85,3.62,587,0.5700000000000001,0.724,0.41268000000000005,0.6378361669242659
2937,Sys_DiT_ref_class1000,0.85,0.42,587,0.16999999999999998,0.08399999999999999,0.014279999999999998,0.11244094488188974
2938,Sys_DiT_ref_class1000,4.85,3.72,587,0.97,0.744,0.72168,0.842100350058343
2939,Sys_DiT_ref_class1000,0.85,1.2,587,0.16999999999999998,0.24,0.040799999999999996,0.19902439024390242
2940,Sys_DiT_ref_class1000,3.45,2.15,588,0.6900000000000001,0.43,0.2967,0.5298214285714286
2941,Sys_DiT_ref_class1000,1.25,1.85,588,0.25,0.37,0.0925,0.29838709677419356
2942,Sys_DiT_ref_class1000,1.85,0.92,588,0.37,0.184,0.06808,0.24577617328519855
2943,Sys_DiT_ref_class1000,4.65,2.85,588,0.93,0.5700000000000001,0.5301000000000001,0.7068000000000002
2944,Sys_DiT_ref_class1000,4.85,2.15,588,0.97,0.43,0.41709999999999997,0.5958571428571429
2945,Sys_DiT_ref_class1000,1.25,0.85,589,0.25,0.16999999999999998,0.042499999999999996,0.20238095238095238
2946,Sys_DiT_ref_class1000,3.85,1.65,589,0.77,0.32999999999999996,0.2541,0.46199999999999997
2947,Sys_DiT_ref_class1000,4.85,1.2,589,0.97,0.24,0.23279999999999998,0.384793388429752
2948,Sys_DiT_ref_class1000,1.85,0.92,589,0.37,0.184,0.06808,0.24577617328519855
2949,Sys_DiT_ref_class1000,4.65,1.85,589,0.93,0.37,0.3441,0.5293846153846153
2950,Sys_DiT_ref_class1000,4.85,3.72,590,0.97,0.744,0.72168,0.842100350058343
2951,Sys_DiT_ref_class1000,3.82,2.15,590,0.764,0.43,0.32852,0.550284757118928
2952,Sys_DiT_ref_class1000,1.85,1.92,590,0.37,0.384,0.14208,0.37687002652519896
2953,Sys_DiT_ref_class1000,1.85,1.92,590,0.37,0.384,0.14208,0.37687002652519896
2954,Sys_DiT_ref_class1000,3.85,2.65,590,0.77,0.53,0.4081,0.6278461538461538
2955,Sys_DiT_ref_class1000,4.65,3.82,591,0.93,0.764,0.71052,0.8388665879574971
2956,Sys_DiT_ref_class1000,2.85,2.1,591,0.5700000000000001,0.42000000000000004,0.23940000000000006,0.4836363636363637
2957,Sys_DiT_ref_class1000,3.82,4.15,591,0.764,0.8300000000000001,0.63412,0.795633626097867
2958,Sys_DiT_ref_class1000,4.85,3.62,591,0.97,0.724,0.7022799999999999,0.8291381345926799
2959,Sys_DiT_ref_class1000,3.85,2.4,591,0.77,0.48,0.3696,0.59136
2960,Sys_DiT_ref_class1000,2.85,1.42,592,0.5700000000000001,0.284,0.16188,0.3791100702576112
2961,Sys_DiT_ref_class1000,3.45,2.15,592,0.6900000000000001,0.43,0.2967,0.5298214285714286
2962,Sys_DiT_ref_class1000,4.85,2.65,592,0.97,0.53,0.5141,0.6854666666666667
2963,Sys_DiT_ref_class1000,4.15,2.85,592,0.8300000000000001,0.5700000000000001,0.4731000000000001,0.6758571428571429
2964,Sys_DiT_ref_class1000,3.85,1.25,592,0.77,0.25,0.1925,0.37745098039215685
2965,Sys_DiT_ref_class1000,3.85,2.15,593,0.77,0.43,0.3311,0.5518333333333334
2966,Sys_DiT_ref_class1000,4.25,3.8,593,0.85,0.76,0.646,0.8024844720496895
2967,Sys_DiT_ref_class1000,4.85,3.2,593,0.97,0.64,0.6208,0.7711801242236026
2968,Sys_DiT_ref_class1000,4.85,1.5,593,0.97,0.3,0.291,0.458267716535433
2969,Sys_DiT_ref_class1000,4.85,4.2,593,0.97,0.8400000000000001,0.8148000000000001,0.9003314917127072
2970,Sys_DiT_ref_class1000,4.85,1.5,594,0.97,0.3,0.291,0.458267716535433
2971,Sys_DiT_ref_class1000,3.85,2.15,594,0.77,0.43,0.3311,0.5518333333333334
2972,Sys_DiT_ref_class1000,4.85,3.6,594,0.97,0.72,0.6983999999999999,0.8265088757396449
2973,Sys_DiT_ref_class1000,3.45,2.85,594,0.6900000000000001,0.5700000000000001,0.3933000000000001,0.6242857142857143
2974,Sys_DiT_ref_class1000,0.85,1.2,594,0.16999999999999998,0.24,0.040799999999999996,0.19902439024390242
2975,Sys_DiT_ref_class1000,4.85,3.72,595,0.97,0.744,0.72168,0.842100350058343
2976,Sys_DiT_ref_class1000,4.85,3.65,595,0.97,0.73,0.7081,0.8330588235294117
2977,Sys_DiT_ref_class1000,4.12,2.85,595,0.8240000000000001,0.5700000000000001,0.4696800000000001,0.6738593974175037
2978,Sys_DiT_ref_class1000,1.85,2.1,595,0.37,0.42000000000000004,0.1554,0.39341772151898735
2979,Sys_DiT_ref_class1000,2.85,1.42,595,0.5700000000000001,0.284,0.16188,0.3791100702576112
2980,Sys_DiT_ref_class1000,1.15,0.85,596,0.22999999999999998,0.16999999999999998,0.039099999999999996,0.1955
2981,Sys_DiT_ref_class1000,4.65,3.85,596,0.93,0.77,0.7161000000000001,0.8424705882352941
2982,Sys_DiT_ref_class1000,1.85,1.92,596,0.37,0.384,0.14208,0.37687002652519896
2983,Sys_DiT_ref_class1000,4.25,3.85,596,0.85,0.77,0.6545,0.8080246913580246
2984,Sys_DiT_ref_class1000,1.85,2.4,596,0.37,0.48,0.17759999999999998,0.4178823529411764
2985,Sys_DiT_ref_class1000,2.15,1.25,597,0.43,0.25,0.1075,0.31617647058823534
2986,Sys_DiT_ref_class1000,4.85,3.72,597,0.97,0.744,0.72168,0.842100350058343
2987,Sys_DiT_ref_class1000,4.95,4.85,597,0.99,0.97,0.9602999999999999,0.9798979591836734
2988,Sys_DiT_ref_class1000,4.85,3.2,597,0.97,0.64,0.6208,0.7711801242236026
2989,Sys_DiT_ref_class1000,4.65,2.85,597,0.93,0.5700000000000001,0.5301000000000001,0.7068000000000002
2990,Sys_DiT_ref_class1000,4.12,3.85,598,0.8240000000000001,0.77,0.63448,0.7960853199498118
2991,Sys_DiT_ref_class1000,4.12,3.68,598,0.8240000000000001,0.736,0.606464,0.7775179487179487
2992,Sys_DiT_ref_class1000,4.15,2.85,598,0.8300000000000001,0.5700000000000001,0.4731000000000001,0.6758571428571429
2993,Sys_DiT_ref_class1000,4.15,3.65,598,0.8300000000000001,0.73,0.6059,0.7767948717948717
2994,Sys_DiT_ref_class1000,4.85,3.72,598,0.97,0.744,0.72168,0.842100350058343
2995,Sys_DiT_ref_class1000,2.85,3.42,599,0.5700000000000001,0.6839999999999999,0.38988,0.6218181818181818
2996,Sys_DiT_ref_class1000,4.12,1.5,599,0.8240000000000001,0.3,0.2472,0.43985765124555154
2997,Sys_DiT_ref_class1000,2.85,1.42,599,0.5700000000000001,0.284,0.16188,0.3791100702576112
2998,Sys_DiT_ref_class1000,0.0,1.25,599,0.0,0.25,0.0,0.0
2999,Sys_DiT_ref_class1000,4.85,3.92,599,0.97,0.784,0.76048,0.8671379703534778
3000,Sys_DiT_ref_class1000,1.25,3.85,600,0.25,0.77,0.1925,0.37745098039215685
3001,Sys_DiT_ref_class1000,2.85,1.92,600,0.5700000000000001,0.384,0.21888000000000002,0.4588679245283019
3002,Sys_DiT_ref_class1000,0.0,3.85,600,0.0,0.77,0.0,0.0
3003,Sys_DiT_ref_class1000,3.85,4.72,600,0.77,0.944,0.72688,0.8481680280046674
3004,Sys_DiT_ref_class1000,4.15,3.65,600,0.8300000000000001,0.73,0.6059,0.7767948717948717
3005,Sys_DiT_ref_class1000,4.15,2.85,601,0.8300000000000001,0.5700000000000001,0.4731000000000001,0.6758571428571429
3006,Sys_DiT_ref_class1000,1.25,3.4,601,0.25,0.6799999999999999,0.16999999999999998,0.3655913978494624
3007,Sys_DiT_ref_class1000,3.65,1.5,601,0.73,0.3,0.219,0.42524271844660194
3008,Sys_DiT_ref_class1000,1.85,1.5,601,0.37,0.3,0.111,0.3313432835820896
3009,Sys_DiT_ref_class1000,3.85,1.5,601,0.77,0.3,0.23099999999999998,0.4317757009345794
3010,Sys_DiT_ref_class1000,4.12,1.5,602,0.8240000000000001,0.3,0.2472,0.43985765124555154
3011,Sys_DiT_ref_class1000,3.85,1.5,602,0.77,0.3,0.23099999999999998,0.4317757009345794
3012,Sys_DiT_ref_class1000,3.85,2.0,602,0.77,0.4,0.30800000000000005,0.5264957264957266
3013,Sys_DiT_ref_class1000,0.85,1.2,602,0.16999999999999998,0.24,0.040799999999999996,0.19902439024390242
3014,Sys_DiT_ref_class1000,0.85,2.9,602,0.16999999999999998,0.58,0.09859999999999998,0.2629333333333333
3015,Sys_DiT_ref_class1000,4.15,2.85,603,0.8300000000000001,0.5700000000000001,0.4731000000000001,0.6758571428571429
3016,Sys_DiT_ref_class1000,4.65,1.5,603,0.93,0.3,0.279,0.4536585365853659
3017,Sys_DiT_ref_class1000,2.85,3.0,603,0.5700000000000001,0.6,0.342,0.5846153846153846
3018,Sys_DiT_ref_class1000,4.25,1.5,603,0.85,0.3,0.255,0.44347826086956527
3019,Sys_DiT_ref_class1000,1.85,3.0,603,0.37,0.6,0.222,0.45773195876288664
3020,Sys_DiT_ref_class1000,2.85,1.95,604,0.5700000000000001,0.39,0.22230000000000003,0.463125
3021,Sys_DiT_ref_class1000,4.85,1.2,604,0.97,0.24,0.23279999999999998,0.384793388429752
3022,Sys_DiT_ref_class1000,4.85,4.62,604,0.97,0.924,0.89628,0.9464413938753959
3023,Sys_DiT_ref_class1000,4.85,3.72,604,0.97,0.744,0.72168,0.842100350058343
3024,Sys_DiT_ref_class1000,4.15,2.85,604,0.8300000000000001,0.5700000000000001,0.4731000000000001,0.6758571428571429
3025,Sys_DiT_ref_class1000,3.82,2.15,605,0.764,0.43,0.32852,0.550284757118928
3026,Sys_DiT_ref_class1000,1.25,1.8,605,0.25,0.36,0.09,0.29508196721311475
3027,Sys_DiT_ref_class1000,0.85,1.2,605,0.16999999999999998,0.24,0.040799999999999996,0.19902439024390242
3028,Sys_DiT_ref_class1000,0.0,1.85,605,0.0,0.37,0.0,0.0
3029,Sys_DiT_ref_class1000,0.12,0.85,605,0.024,0.16999999999999998,0.004079999999999999,0.04206185567010309
3030,Sys_DiT_ref_class1000,4.65,2.85,606,0.93,0.5700000000000001,0.5301000000000001,0.7068000000000002
3031,Sys_DiT_ref_class1000,4.85,3.2,606,0.97,0.64,0.6208,0.7711801242236026
3032,Sys_DiT_ref_class1000,4.85,3.75,606,0.97,0.75,0.7275,0.8459302325581396
3033,Sys_DiT_ref_class1000,4.65,3.8,606,0.93,0.76,0.7068000000000001,0.8364497041420119
3034,Sys_DiT_ref_class1000,4.92,3.85,606,0.984,0.77,0.75768,0.863945267958951
3035,Sys_DiT_ref_class1000,3.85,3.62,607,0.77,0.724,0.55748,0.7462918340026774
3036,Sys_DiT_ref_class1000,4.65,3.82,607,0.93,0.764,0.71052,0.8388665879574971
3037,Sys_DiT_ref_class1000,4.85,4.92,607,0.97,0.984,0.95448,0.976949846468782
3038,Sys_DiT_ref_class1000,4.65,2.85,607,0.93,0.5700000000000001,0.5301000000000001,0.7068000000000002
3039,Sys_DiT_ref_class1000,4.65,3.85,607,0.93,0.77,0.7161000000000001,0.8424705882352941
3040,Sys_DiT_ref_class1000,1.85,1.2,608,0.37,0.24,0.08879999999999999,0.2911475409836065
3041,Sys_DiT_ref_class1000,4.65,3.82,608,0.93,0.764,0.71052,0.8388665879574971
3042,Sys_DiT_ref_class1000,0.12,0.85,608,0.024,0.16999999999999998,0.004079999999999999,0.04206185567010309
3043,Sys_DiT_ref_class1000,4.12,2.85,608,0.8240000000000001,0.5700000000000001,0.4696800000000001,0.6738593974175037
3044,Sys_DiT_ref_class1000,1.85,1.5,608,0.37,0.3,0.111,0.3313432835820896
3045,Sys_DiT_ref_class1000,4.15,2.85,609,0.8300000000000001,0.5700000000000001,0.4731000000000001,0.6758571428571429
3046,Sys_DiT_ref_class1000,4.85,3.65,609,0.97,0.73,0.7081,0.8330588235294117
3047,Sys_DiT_ref_class1000,4.15,2.85,609,0.8300000000000001,0.5700000000000001,0.4731000000000001,0.6758571428571429
3048,Sys_DiT_ref_class1000,4.85,2.65,609,0.97,0.53,0.5141,0.6854666666666667
3049,Sys_DiT_ref_class1000,5.0,5.0,609,1.0,1.0,1.0,1.0
3050,Sys_DiT_ref_class1000,4.12,1.85,610,0.8240000000000001,0.37,0.30488000000000004,0.5106867671691793
3051,Sys_DiT_ref_class1000,4.65,1.85,610,0.93,0.37,0.3441,0.5293846153846153
3052,Sys_DiT_ref_class1000,3.42,2.15,610,0.6839999999999999,0.43,0.29412,0.5280430879712747
3053,Sys_DiT_ref_class1000,3.85,1.2,610,0.77,0.24,0.1848,0.36594059405940593
3054,Sys_DiT_ref_class1000,4.85,2.75,610,0.97,0.55,0.5335,0.7019736842105263
3055,Sys_DiT_ref_class1000,3.82,2.15,611,0.764,0.43,0.32852,0.550284757118928
3056,Sys_DiT_ref_class1000,3.85,2.15,611,0.77,0.43,0.3311,0.5518333333333334
3057,Sys_DiT_ref_class1000,4.65,2.85,611,0.93,0.5700000000000001,0.5301000000000001,0.7068000000000002
3058,Sys_DiT_ref_class1000,2.85,2.15,611,0.5700000000000001,0.43,0.2451,0.4902
3059,Sys_DiT_ref_class1000,4.12,1.5,611,0.8240000000000001,0.3,0.2472,0.43985765124555154
3060,Sys_DiT_ref_class1000,4.85,3.72,612,0.97,0.744,0.72168,0.842100350058343
3061,Sys_DiT_ref_class1000,4.85,3.2,612,0.97,0.64,0.6208,0.7711801242236026
3062,Sys_DiT_ref_class1000,4.85,3.62,612,0.97,0.724,0.7022799999999999,0.8291381345926799
3063,Sys_DiT_ref_class1000,4.65,3.85,612,0.93,0.77,0.7161000000000001,0.8424705882352941
3064,Sys_DiT_ref_class1000,4.12,3.85,612,0.8240000000000001,0.77,0.63448,0.7960853199498118
3065,Sys_DiT_ref_class1000,4.85,3.72,613,0.97,0.744,0.72168,0.842100350058343
3066,Sys_DiT_ref_class1000,1.85,1.42,613,0.37,0.284,0.10507999999999999,0.3213455657492355
3067,Sys_DiT_ref_class1000,4.85,3.62,613,0.97,0.724,0.7022799999999999,0.8291381345926799
3068,Sys_DiT_ref_class1000,4.85,3.42,613,0.97,0.6839999999999999,0.66348,0.802273276904474
3069,Sys_DiT_ref_class1000,3.82,2.45,613,0.764,0.49000000000000005,0.37436,0.5970653907496013
3070,Sys_DiT_ref_class1000,4.15,1.5,614,0.8300000000000001,0.3,0.249,0.44070796460176986
3071,Sys_DiT_ref_class1000,3.82,1.15,614,0.764,0.22999999999999998,0.17572,0.3535613682092555
3072,Sys_DiT_ref_class1000,4.15,2.85,614,0.8300000000000001,0.5700000000000001,0.4731000000000001,0.6758571428571429
3073,Sys_DiT_ref_class1000,4.85,3.62,614,0.97,0.724,0.7022799999999999,0.8291381345926799
3074,Sys_DiT_ref_class1000,4.85,0.92,614,0.97,0.184,0.17848,0.3093240901213172
3075,Sys_DiT_ref_class1000,4.85,1.2,615,0.97,0.24,0.23279999999999998,0.384793388429752
3076,Sys_DiT_ref_class1000,4.65,3.2,615,0.93,0.64,0.5952000000000001,0.7582165605095542
3077,Sys_DiT_ref_class1000,3.45,3.82,615,0.6900000000000001,0.764,0.5271600000000001,0.7251169188445667
3078,Sys_DiT_ref_class1000,4.85,3.72,615,0.97,0.744,0.72168,0.842100350058343
3079,Sys_DiT_ref_class1000,2.85,2.6,615,0.5700000000000001,0.52,0.29640000000000005,0.5438532110091744
3080,Sys_DiT_ref_class1000,4.95,4.85,616,0.99,0.97,0.9602999999999999,0.9798979591836734
3081,Sys_DiT_ref_class1000,3.85,3.2,616,0.77,0.64,0.4928,0.6990070921985815
3082,Sys_DiT_ref_class1000,4.95,4.6,616,0.99,0.9199999999999999,0.9107999999999999,0.9537172774869109
3083,Sys_DiT_ref_class1000,4.92,3.85,616,0.984,0.77,0.75768,0.863945267958951
3084,Sys_DiT_ref_class1000,4.85,3.92,616,0.97,0.784,0.76048,0.8671379703534778
3085,Sys_DiT_ref_class1000,2.85,1.2,617,0.5700000000000001,0.24,0.1368,0.3377777777777778
3086,Sys_DiT_ref_class1000,3.85,1.2,617,0.77,0.24,0.1848,0.36594059405940593
3087,Sys_DiT_ref_class1000,0.12,0.85,617,0.024,0.16999999999999998,0.004079999999999999,0.04206185567010309
3088,Sys_DiT_ref_class1000,3.85,2.9,617,0.77,0.58,0.4466,0.6616296296296296
3089,Sys_DiT_ref_class1000,3.82,1.15,617,0.764,0.22999999999999998,0.17572,0.3535613682092555
3090,Sys_DiT_ref_class1000,0.12,0.85,618,0.024,0.16999999999999998,0.004079999999999999,0.04206185567010309
3091,Sys_DiT_ref_class1000,0.15,1.85,618,0.03,0.37,0.011099999999999999,0.055499999999999994
3092,Sys_DiT_ref_class1000,3.85,2.9,618,0.77,0.58,0.4466,0.6616296296296296
3093,Sys_DiT_ref_class1000,2.85,2.1,618,0.5700000000000001,0.42000000000000004,0.23940000000000006,0.4836363636363637
3094,Sys_DiT_ref_class1000,4.95,4.85,618,0.99,0.97,0.9602999999999999,0.9798979591836734
3095,Sys_DiT_ref_class1000,4.12,2.85,619,0.8240000000000001,0.5700000000000001,0.4696800000000001,0.6738593974175037
3096,Sys_DiT_ref_class1000,4.85,4.2,619,0.97,0.8400000000000001,0.8148000000000001,0.9003314917127072
3097,Sys_DiT_ref_class1000,4.92,4.65,619,0.984,0.93,0.91512,0.9562382445141066
3098,Sys_DiT_ref_class1000,4.85,3.72,619,0.97,0.744,0.72168,0.842100350058343
3099,Sys_DiT_ref_class1000,4.85,3.72,619,0.97,0.744,0.72168,0.842100350058343
3100,Sys_DiT_ref_class1000,1.85,2.1,620,0.37,0.42000000000000004,0.1554,0.39341772151898735
3101,Sys_DiT_ref_class1000,3.85,3.6,620,0.77,0.72,0.5544,0.7441610738255033
3102,Sys_DiT_ref_class1000,3.82,2.15,620,0.764,0.43,0.32852,0.550284757118928
3103,Sys_DiT_ref_class1000,0.0,1.2,620,0.0,0.24,0.0,0.0
3104,Sys_DiT_ref_class1000,0.0,1.25,620,0.0,0.25,0.0,0.0
3105,Sys_DiT_ref_class1000,4.85,3.65,621,0.97,0.73,0.7081,0.8330588235294117
3106,Sys_DiT_ref_class1000,4.85,3.62,621,0.97,0.724,0.7022799999999999,0.8291381345926799
3107,Sys_DiT_ref_class1000,3.85,1.92,621,0.77,0.384,0.29568,0.5124436741767765
3108,Sys_DiT_ref_class1000,1.85,2.1,621,0.37,0.42000000000000004,0.1554,0.39341772151898735
3109,Sys_DiT_ref_class1000,0.85,1.2,621,0.16999999999999998,0.24,0.040799999999999996,0.19902439024390242
3110,Sys_DiT_ref_class1000,3.85,1.2,622,0.77,0.24,0.1848,0.36594059405940593
3111,Sys_DiT_ref_class1000,4.85,2.65,622,0.97,0.53,0.5141,0.6854666666666667
3112,Sys_DiT_ref_class1000,4.85,3.75,622,0.97,0.75,0.7275,0.8459302325581396
3113,Sys_DiT_ref_class1000,4.12,2.85,622,0.8240000000000001,0.5700000000000001,0.4696800000000001,0.6738593974175037
3114,Sys_DiT_ref_class1000,2.15,2.8,622,0.43,0.5599999999999999,0.24079999999999996,0.4864646464646464
3115,Sys_DiT_ref_class1000,4.85,3.2,623,0.97,0.64,0.6208,0.7711801242236026
3116,Sys_DiT_ref_class1000,4.65,3.85,623,0.93,0.77,0.7161000000000001,0.8424705882352941
3117,Sys_DiT_ref_class1000,2.85,2.1,623,0.5700000000000001,0.42000000000000004,0.23940000000000006,0.4836363636363637
3118,Sys_DiT_ref_class1000,4.85,5.0,623,0.97,1.0,0.97,0.9847715736040609
3119,Sys_DiT_ref_class1000,3.65,3.82,623,0.73,0.764,0.55772,0.7466131191432396
3120,Sys_DiT_ref_class1000,4.85,2.65,624,0.97,0.53,0.5141,0.6854666666666667
3121,Sys_DiT_ref_class1000,3.85,2.65,624,0.77,0.53,0.4081,0.6278461538461538
3122,Sys_DiT_ref_class1000,4.85,2.35,624,0.97,0.47000000000000003,0.4559,0.6331944444444445
3123,Sys_DiT_ref_class1000,4.85,3.65,624,0.97,0.73,0.7081,0.8330588235294117
3124,Sys_DiT_ref_class1000,2.85,0.45,624,0.5700000000000001,0.09,0.051300000000000005,0.15545454545454546
3125,Sys_DiT_ref_class1000,4.15,2.85,625,0.8300000000000001,0.5700000000000001,0.4731000000000001,0.6758571428571429
3126,Sys_DiT_ref_class1000,4.15,2.85,625,0.8300000000000001,0.5700000000000001,0.4731000000000001,0.6758571428571429
3127,Sys_DiT_ref_class1000,4.15,2.85,625,0.8300000000000001,0.5700000000000001,0.4731000000000001,0.6758571428571429
3128,Sys_DiT_ref_class1000,4.65,2.85,625,0.93,0.5700000000000001,0.5301000000000001,0.7068000000000002
3129,Sys_DiT_ref_class1000,4.35,2.85,625,0.8699999999999999,0.5700000000000001,0.4959,0.6887500000000001
3130,Sys_DiT_ref_class1000,4.85,3.65,626,0.97,0.73,0.7081,0.8330588235294117
3131,Sys_DiT_ref_class1000,2.85,2.15,626,0.5700000000000001,0.43,0.2451,0.4902
3132,Sys_DiT_ref_class1000,4.25,2.85,626,0.85,0.5700000000000001,0.48450000000000004,0.6823943661971832
3133,Sys_DiT_ref_class1000,4.65,2.15,626,0.93,0.43,0.39990000000000003,0.5880882352941177
3134,Sys_DiT_ref_class1000,3.82,2.15,626,0.764,0.43,0.32852,0.550284757118928
3135,Sys_DiT_ref_class1000,4.85,3.72,627,0.97,0.744,0.72168,0.842100350058343
3136,Sys_DiT_ref_class1000,4.15,3.85,627,0.8300000000000001,0.77,0.6391000000000001,0.7988750000000001
3137,Sys_DiT_ref_class1000,4.12,1.85,627,0.8240000000000001,0.37,0.30488000000000004,0.5106867671691793
3138,Sys_DiT_ref_class1000,3.85,2.65,627,0.77,0.53,0.4081,0.6278461538461538
3139,Sys_DiT_ref_class1000,4.85,2.1,627,0.97,0.42000000000000004,0.40740000000000004,0.5861870503597122
3140,Sys_DiT_ref_class1000,4.65,2.85,628,0.93,0.5700000000000001,0.5301000000000001,0.7068000000000002
3141,Sys_DiT_ref_class1000,4.85,1.82,628,0.97,0.364,0.35308,0.5293553223388305
3142,Sys_DiT_ref_class1000,4.65,3.2,628,0.93,0.64,0.5952000000000001,0.7582165605095542
3143,Sys_DiT_ref_class1000,3.82,2.15,628,0.764,0.43,0.32852,0.550284757118928
3144,Sys_DiT_ref_class1000,4.65,3.82,628,0.93,0.764,0.71052,0.8388665879574971
3145,Sys_DiT_ref_class1000,4.85,3.7,629,0.97,0.74,0.7178,0.83953216374269
3146,Sys_DiT_ref_class1000,1.85,1.2,629,0.37,0.24,0.08879999999999999,0.2911475409836065
3147,Sys_DiT_ref_class1000,4.85,2.65,629,0.97,0.53,0.5141,0.6854666666666667
3148,Sys_DiT_ref_class1000,0.0,0.5,629,0.0,0.1,0.0,0.0
3149,Sys_DiT_ref_class1000,0.15,1.5,629,0.03,0.3,0.009,0.05454545454545455
3150,Sys_DiT_ref_class1000,4.85,3.65,630,0.97,0.73,0.7081,0.8330588235294117
3151,Sys_DiT_ref_class1000,4.65,2.85,630,0.93,0.5700000000000001,0.5301000000000001,0.7068000000000002
3152,Sys_DiT_ref_class1000,4.65,3.85,630,0.93,0.77,0.7161000000000001,0.8424705882352941
3153,Sys_DiT_ref_class1000,2.15,1.8,630,0.43,0.36,0.1548,0.39189873417721516
3154,Sys_DiT_ref_class1000,4.15,2.85,630,0.8300000000000001,0.5700000000000001,0.4731000000000001,0.6758571428571429
3155,Sys_DiT_ref_class1000,3.42,1.5,631,0.6839999999999999,0.3,0.20519999999999997,0.41707317073170724
3156,Sys_DiT_ref_class1000,2.15,3.42,631,0.43,0.6839999999999999,0.29412,0.5280430879712747
3157,Sys_DiT_ref_class1000,3.85,2.4,631,0.77,0.48,0.3696,0.59136
3158,Sys_DiT_ref_class1000,2.15,1.8,631,0.43,0.36,0.1548,0.39189873417721516
3159,Sys_DiT_ref_class1000,2.85,1.65,631,0.5700000000000001,0.32999999999999996,0.1881,0.418
3160,Sys_DiT_ref_class1000,3.82,2.15,632,0.764,0.43,0.32852,0.550284757118928
3161,Sys_DiT_ref_class1000,4.85,3.2,632,0.97,0.64,0.6208,0.7711801242236026
3162,Sys_DiT_ref_class1000,4.85,3.75,632,0.97,0.75,0.7275,0.8459302325581396
3163,Sys_DiT_ref_class1000,4.85,3.65,632,0.97,0.73,0.7081,0.8330588235294117
3164,Sys_DiT_ref_class1000,4.85,3.2,632,0.97,0.64,0.6208,0.7711801242236026
3165,Sys_DiT_ref_class1000,4.15,2.85,633,0.8300000000000001,0.5700000000000001,0.4731000000000001,0.6758571428571429
3166,Sys_DiT_ref_class1000,4.65,3.85,633,0.93,0.77,0.7161000000000001,0.8424705882352941
3167,Sys_DiT_ref_class1000,4.85,4.2,633,0.97,0.8400000000000001,0.8148000000000001,0.9003314917127072
3168,Sys_DiT_ref_class1000,4.65,3.82,633,0.93,0.764,0.71052,0.8388665879574971
3169,Sys_DiT_ref_class1000,4.85,3.75,633,0.97,0.75,0.7275,0.8459302325581396
3170,Sys_DiT_ref_class1000,1.85,3.42,634,0.37,0.6839999999999999,0.25307999999999997,0.4802277039848198
3171,Sys_DiT_ref_class1000,4.25,2.8,634,0.85,0.5599999999999999,0.4759999999999999,0.675177304964539
3172,Sys_DiT_ref_class1000,1.85,2.4,634,0.37,0.48,0.17759999999999998,0.4178823529411764
3173,Sys_DiT_ref_class1000,0.42,1.85,634,0.08399999999999999,0.37,0.031079999999999997,0.13691629955947135
3174,Sys_DiT_ref_class1000,1.85,2.4,634,0.37,0.48,0.17759999999999998,0.4178823529411764
3175,Sys_DiT_ref_class1000,4.12,2.85,635,0.8240000000000001,0.5700000000000001,0.4696800000000001,0.6738593974175037
3176,Sys_DiT_ref_class1000,1.85,1.9,635,0.37,0.38,0.1406,0.37493333333333334
3177,Sys_DiT_ref_class1000,4.65,3.85,635,0.93,0.77,0.7161000000000001,0.8424705882352941
3178,Sys_DiT_ref_class1000,2.15,1.85,635,0.43,0.37,0.1591,0.39774999999999994
3179,Sys_DiT_ref_class1000,1.85,1.2,635,0.37,0.24,0.08879999999999999,0.2911475409836065
3180,Sys_DiT_ref_class1000,3.42,3.85,636,0.6839999999999999,0.77,0.5266799999999999,0.7244566712517193
3181,Sys_DiT_ref_class1000,3.85,2.75,636,0.77,0.55,0.42350000000000004,0.6416666666666667
3182,Sys_DiT_ref_class1000,3.85,2.9,636,0.77,0.58,0.4466,0.6616296296296296
3183,Sys_DiT_ref_class1000,1.45,3.82,636,0.29,0.764,0.22155999999999998,0.4204174573055028
3184,Sys_DiT_ref_class1000,3.85,3.6,636,0.77,0.72,0.5544,0.7441610738255033
3185,Sys_DiT_ref_class1000,1.25,1.85,637,0.25,0.37,0.0925,0.29838709677419356
3186,Sys_DiT_ref_class1000,3.42,1.85,637,0.6839999999999999,0.37,0.25307999999999997,0.4802277039848198
3187,Sys_DiT_ref_class1000,0.15,2.85,637,0.03,0.5700000000000001,0.0171,0.056999999999999995
3188,Sys_DiT_ref_class1000,2.15,2.85,637,0.43,0.5700000000000001,0.2451,0.4902
3189,Sys_DiT_ref_class1000,0.05,1.85,637,0.01,0.37,0.0037,0.019473684210526317
3190,Sys_DiT_ref_class1000,4.12,1.85,638,0.8240000000000001,0.37,0.30488000000000004,0.5106867671691793
3191,Sys_DiT_ref_class1000,4.85,3.62,638,0.97,0.724,0.7022799999999999,0.8291381345926799
3192,Sys_DiT_ref_class1000,1.25,1.5,638,0.25,0.3,0.075,0.2727272727272727
3193,Sys_DiT_ref_class1000,4.12,1.5,638,0.8240000000000001,0.3,0.2472,0.43985765124555154
3194,Sys_DiT_ref_class1000,3.85,2.9,638,0.77,0.58,0.4466,0.6616296296296296
3195,Sys_DiT_ref_class1000,1.85,1.2,639,0.37,0.24,0.08879999999999999,0.2911475409836065
3196,Sys_DiT_ref_class1000,1.85,2.1,639,0.37,0.42000000000000004,0.1554,0.39341772151898735
3197,Sys_DiT_ref_class1000,1.85,1.5,639,0.37,0.3,0.111,0.3313432835820896
3198,Sys_DiT_ref_class1000,3.65,1.85,639,0.73,0.37,0.2701,0.4910909090909091
3199,Sys_DiT_ref_class1000,0.85,1.42,639,0.16999999999999998,0.284,0.04827999999999999,0.2126872246696035
3200,Sys_DiT_ref_class1000,1.85,3.62,640,0.37,0.724,0.26788,0.48972577696526515
3201,Sys_DiT_ref_class1000,2.85,2.1,640,0.5700000000000001,0.42000000000000004,0.23940000000000006,0.4836363636363637
3202,Sys_DiT_ref_class1000,3.42,3.65,640,0.6839999999999999,0.73,0.49931999999999993,0.7062517680339462
3203,Sys_DiT_ref_class1000,3.85,4.12,640,0.77,0.8240000000000001,0.63448,0.7960853199498118
3204,Sys_DiT_ref_class1000,2.15,1.85,640,0.43,0.37,0.1591,0.39774999999999994
3205,Sys_DiT_ref_class1000,0.85,1.2,641,0.16999999999999998,0.24,0.040799999999999996,0.19902439024390242
3206,Sys_DiT_ref_class1000,3.85,1.42,641,0.77,0.284,0.21867999999999999,0.4149525616698292
3207,Sys_DiT_ref_class1000,4.85,3.62,641,0.97,0.724,0.7022799999999999,0.8291381345926799
3208,Sys_DiT_ref_class1000,0.12,0.85,641,0.024,0.16999999999999998,0.004079999999999999,0.04206185567010309
3209,Sys_DiT_ref_class1000,4.85,1.2,641,0.97,0.24,0.23279999999999998,0.384793388429752
3210,Sys_DiT_ref_class1000,3.85,1.92,642,0.77,0.384,0.29568,0.5124436741767765
3211,Sys_DiT_ref_class1000,4.15,3.62,642,0.8300000000000001,0.724,0.60092,0.7733848133848134
3212,Sys_DiT_ref_class1000,4.35,1.5,642,0.8699999999999999,0.3,0.26099999999999995,0.4461538461538461
3213,Sys_DiT_ref_class1000,3.45,2.85,642,0.6900000000000001,0.5700000000000001,0.3933000000000001,0.6242857142857143
3214,Sys_DiT_ref_class1000,4.85,3.75,642,0.97,0.75,0.7275,0.8459302325581396
3215,Sys_DiT_ref_class1000,2.15,1.85,643,0.43,0.37,0.1591,0.39774999999999994
3216,Sys_DiT_ref_class1000,4.85,3.65,643,0.97,0.73,0.7081,0.8330588235294117
3217,Sys_DiT_ref_class1000,3.85,1.5,643,0.77,0.3,0.23099999999999998,0.4317757009345794
3218,Sys_DiT_ref_class1000,4.85,4.2,643,0.97,0.8400000000000001,0.8148000000000001,0.9003314917127072
3219,Sys_DiT_ref_class1000,4.85,3.75,643,0.97,0.75,0.7275,0.8459302325581396
3220,Sys_DiT_ref_class1000,1.85,1.2,644,0.37,0.24,0.08879999999999999,0.2911475409836065
3221,Sys_DiT_ref_class1000,4.65,3.85,644,0.93,0.77,0.7161000000000001,0.8424705882352941
3222,Sys_DiT_ref_class1000,4.35,3.12,644,0.8699999999999999,0.624,0.5428799999999999,0.7267469879518073
3223,Sys_DiT_ref_class1000,4.85,3.62,644,0.97,0.724,0.7022799999999999,0.8291381345926799
3224,Sys_DiT_ref_class1000,4.12,2.85,644,0.8240000000000001,0.5700000000000001,0.4696800000000001,0.6738593974175037
3225,Sys_DiT_ref_class1000,4.12,1.5,645,0.8240000000000001,0.3,0.2472,0.43985765124555154
3226,Sys_DiT_ref_class1000,4.15,1.5,645,0.8300000000000001,0.3,0.249,0.44070796460176986
3227,Sys_DiT_ref_class1000,2.85,1.5,645,0.5700000000000001,0.3,0.171,0.3931034482758621
3228,Sys_DiT_ref_class1000,4.65,1.5,645,0.93,0.3,0.279,0.4536585365853659
3229,Sys_DiT_ref_class1000,3.42,1.5,645,0.6839999999999999,0.3,0.20519999999999997,0.41707317073170724
3230,Sys_DiT_ref_class1000,4.92,4.98,646,0.984,0.9960000000000001,0.980064,0.9899636363636364
3231,Sys_DiT_ref_class1000,1.85,1.5,646,0.37,0.3,0.111,0.3313432835820896
3232,Sys_DiT_ref_class1000,0.15,3.85,646,0.03,0.77,0.0231,0.057749999999999996
3233,Sys_DiT_ref_class1000,1.85,3.72,646,0.37,0.744,0.27527999999999997,0.4942190305206463
3234,Sys_DiT_ref_class1000,4.15,3.85,646,0.8300000000000001,0.77,0.6391000000000001,0.7988750000000001
3235,Sys_DiT_ref_class1000,2.85,3.42,647,0.5700000000000001,0.6839999999999999,0.38988,0.6218181818181818
3236,Sys_DiT_ref_class1000,3.85,2.9,647,0.77,0.58,0.4466,0.6616296296296296
3237,Sys_DiT_ref_class1000,4.15,3.85,647,0.8300000000000001,0.77,0.6391000000000001,0.7988750000000001
3238,Sys_DiT_ref_class1000,3.85,2.4,647,0.77,0.48,0.3696,0.59136
3239,Sys_DiT_ref_class1000,4.15,3.2,647,0.8300000000000001,0.64,0.5312,0.7227210884353741
3240,Sys_DiT_ref_class1000,4.85,3.75,648,0.97,0.75,0.7275,0.8459302325581396
3241,Sys_DiT_ref_class1000,4.85,2.6,648,0.97,0.52,0.5044,0.6770469798657718
3242,Sys_DiT_ref_class1000,2.85,1.45,648,0.5700000000000001,0.29,0.1653,0.38441860465116273
3243,Sys_DiT_ref_class1000,4.15,2.85,648,0.8300000000000001,0.5700000000000001,0.4731000000000001,0.6758571428571429
3244,Sys_DiT_ref_class1000,2.85,1.65,648,0.5700000000000001,0.32999999999999996,0.1881,0.418
3245,Sys_DiT_ref_class1000,4.85,4.15,649,0.97,0.8300000000000001,0.8051,0.8945555555555555
3246,Sys_DiT_ref_class1000,4.85,3.65,649,0.97,0.73,0.7081,0.8330588235294117
3247,Sys_DiT_ref_class1000,4.15,3.68,649,0.8300000000000001,0.736,0.6108800000000001,0.7801787994891444
3248,Sys_DiT_ref_class1000,4.85,3.65,649,0.97,0.73,0.7081,0.8330588235294117
3249,Sys_DiT_ref_class1000,4.85,3.72,649,0.97,0.744,0.72168,0.842100350058343
3250,Sys_DiT_ref_class1000,3.65,1.5,650,0.73,0.3,0.219,0.42524271844660194
3251,Sys_DiT_ref_class1000,2.85,3.12,650,0.5700000000000001,0.624,0.35568000000000005,0.5957788944723619
3252,Sys_DiT_ref_class1000,1.85,2.4,650,0.37,0.48,0.17759999999999998,0.4178823529411764
3253,Sys_DiT_ref_class1000,4.85,3.6,650,0.97,0.72,0.6983999999999999,0.8265088757396449
3254,Sys_DiT_ref_class1000,4.85,3.72,650,0.97,0.744,0.72168,0.842100350058343
3255,Sys_DiT_ref_class1000,2.15,2.85,651,0.43,0.5700000000000001,0.2451,0.4902
3256,Sys_DiT_ref_class1000,4.85,3.62,651,0.97,0.724,0.7022799999999999,0.8291381345926799
3257,Sys_DiT_ref_class1000,4.85,2.15,651,0.97,0.43,0.41709999999999997,0.5958571428571429
3258,Sys_DiT_ref_class1000,4.15,1.85,651,0.8300000000000001,0.37,0.30710000000000004,0.5118333333333334
3259,Sys_DiT_ref_class1000,3.85,3.6,651,0.77,0.72,0.5544,0.7441610738255033
3260,Sys_DiT_ref_class1000,4.62,1.5,652,0.924,0.3,0.2772,0.45294117647058824
3261,Sys_DiT_ref_class1000,3.65,1.5,652,0.73,0.3,0.219,0.42524271844660194
3262,Sys_DiT_ref_class1000,2.85,1.5,652,0.5700000000000001,0.3,0.171,0.3931034482758621
3263,Sys_DiT_ref_class1000,3.85,2.75,652,0.77,0.55,0.42350000000000004,0.6416666666666667
3264,Sys_DiT_ref_class1000,0.15,1.2,652,0.03,0.24,0.0072,0.05333333333333333
3265,Sys_DiT_ref_class1000,4.15,3.85,653,0.8300000000000001,0.77,0.6391000000000001,0.7988750000000001
3266,Sys_DiT_ref_class1000,4.65,3.85,653,0.93,0.77,0.7161000000000001,0.8424705882352941
3267,Sys_DiT_ref_class1000,4.15,2.85,653,0.8300000000000001,0.5700000000000001,0.4731000000000001,0.6758571428571429
3268,Sys_DiT_ref_class1000,0.85,2.4,653,0.16999999999999998,0.48,0.08159999999999999,0.2510769230769231
3269,Sys_DiT_ref_class1000,2.85,1.92,653,0.5700000000000001,0.384,0.21888000000000002,0.4588679245283019
3270,Sys_DiT_ref_class1000,4.85,2.75,654,0.97,0.55,0.5335,0.7019736842105263
3271,Sys_DiT_ref_class1000,4.15,3.82,654,0.8300000000000001,0.764,0.63412,0.795633626097867
3272,Sys_DiT_ref_class1000,4.65,1.5,654,0.93,0.3,0.279,0.4536585365853659
3273,Sys_DiT_ref_class1000,4.85,4.15,654,0.97,0.8300000000000001,0.8051,0.8945555555555555
3274,Sys_DiT_ref_class1000,3.82,1.47,654,0.764,0.294,0.22461599999999998,0.4246049149338374
3275,Sys_DiT_ref_class1000,5.0,3.0,655,1.0,0.6,0.6,0.7499999999999999
3276,Sys_DiT_ref_class1000,2.15,1.2,655,0.43,0.24,0.1032,0.30805970149253736
3277,Sys_DiT_ref_class1000,4.65,1.5,655,0.93,0.3,0.279,0.4536585365853659
3278,Sys_DiT_ref_class1000,2.85,1.2,655,0.5700000000000001,0.24,0.1368,0.3377777777777778
3279,Sys_DiT_ref_class1000,4.65,1.5,655,0.93,0.3,0.279,0.4536585365853659
3280,Sys_DiT_ref_class1000,1.85,1.2,656,0.37,0.24,0.08879999999999999,0.2911475409836065
3281,Sys_DiT_ref_class1000,0.12,0.85,656,0.024,0.16999999999999998,0.004079999999999999,0.04206185567010309
3282,Sys_DiT_ref_class1000,4.12,2.85,656,0.8240000000000001,0.5700000000000001,0.4696800000000001,0.6738593974175037
3283,Sys_DiT_ref_class1000,1.85,1.2,656,0.37,0.24,0.08879999999999999,0.2911475409836065
3284,Sys_DiT_ref_class1000,1.85,0.92,656,0.37,0.184,0.06808,0.24577617328519855
3285,Sys_DiT_ref_class1000,4.85,2.9,657,0.97,0.58,0.5626,0.7259354838709678
3286,Sys_DiT_ref_class1000,4.15,2.85,657,0.8300000000000001,0.5700000000000001,0.4731000000000001,0.6758571428571429
3287,Sys_DiT_ref_class1000,4.85,4.2,657,0.97,0.8400000000000001,0.8148000000000001,0.9003314917127072
3288,Sys_DiT_ref_class1000,2.85,2.4,657,0.5700000000000001,0.48,0.2736,0.5211428571428571
3289,Sys_DiT_ref_class1000,3.85,2.75,657,0.77,0.55,0.42350000000000004,0.6416666666666667
3290,Sys_DiT_ref_class1000,4.98,4.95,658,0.9960000000000001,0.99,0.9860400000000001,0.9929909365558913
3291,Sys_DiT_ref_class1000,4.85,4.92,658,0.97,0.984,0.95448,0.976949846468782
3292,Sys_DiT_ref_class1000,5.0,4.6,658,1.0,0.9199999999999999,0.9199999999999999,0.9583333333333333
3293,Sys_DiT_ref_class1000,5.0,5.0,658,1.0,1.0,1.0,1.0
3294,Sys_DiT_ref_class1000,2.85,3.42,658,0.5700000000000001,0.6839999999999999,0.38988,0.6218181818181818
3295,Sys_DiT_ref_class1000,4.92,4.85,659,0.984,0.97,0.95448,0.976949846468782
3296,Sys_DiT_ref_class1000,3.45,3.12,659,0.6900000000000001,0.624,0.43056000000000005,0.6553424657534247
3297,Sys_DiT_ref_class1000,4.85,4.2,659,0.97,0.8400000000000001,0.8148000000000001,0.9003314917127072
3298,Sys_DiT_ref_class1000,2.85,3.6,659,0.5700000000000001,0.72,0.41040000000000004,0.6362790697674419
3299,Sys_DiT_ref_class1000,4.85,4.2,659,0.97,0.8400000000000001,0.8148000000000001,0.9003314917127072
3300,Sys_DiT_ref_class1000,4.25,3.8,660,0.85,0.76,0.646,0.8024844720496895
3301,Sys_DiT_ref_class1000,4.65,2.85,660,0.93,0.5700000000000001,0.5301000000000001,0.7068000000000002
3302,Sys_DiT_ref_class1000,2.85,2.15,660,0.5700000000000001,0.43,0.2451,0.4902
3303,Sys_DiT_ref_class1000,4.85,3.6,660,0.97,0.72,0.6983999999999999,0.8265088757396449
3304,Sys_DiT_ref_class1000,4.25,3.85,660,0.85,0.77,0.6545,0.8080246913580246
3305,Sys_DiT_ref_class1000,4.85,3.65,661,0.97,0.73,0.7081,0.8330588235294117
3306,Sys_DiT_ref_class1000,4.65,3.82,661,0.93,0.764,0.71052,0.8388665879574971
3307,Sys_DiT_ref_class1000,4.85,3.6,661,0.97,0.72,0.6983999999999999,0.8265088757396449
3308,Sys_DiT_ref_class1000,3.82,1.47,661,0.764,0.294,0.22461599999999998,0.4246049149338374
3309,Sys_DiT_ref_class1000,4.65,2.85,661,0.93,0.5700000000000001,0.5301000000000001,0.7068000000000002
3310,Sys_DiT_ref_class1000,0.15,1.2,662,0.03,0.24,0.0072,0.05333333333333333
3311,Sys_DiT_ref_class1000,0.15,2.85,662,0.03,0.5700000000000001,0.0171,0.056999999999999995
3312,Sys_DiT_ref_class1000,1.85,2.1,662,0.37,0.42000000000000004,0.1554,0.39341772151898735
3313,Sys_DiT_ref_class1000,4.15,1.85,662,0.8300000000000001,0.37,0.30710000000000004,0.5118333333333334
3314,Sys_DiT_ref_class1000,1.85,1.2,662,0.37,0.24,0.08879999999999999,0.2911475409836065
3315,Sys_DiT_ref_class1000,4.85,3.6,663,0.97,0.72,0.6983999999999999,0.8265088757396449
3316,Sys_DiT_ref_class1000,1.85,3.2,663,0.37,0.64,0.2368,0.46891089108910894
3317,Sys_DiT_ref_class1000,2.85,2.1,663,0.5700000000000001,0.42000000000000004,0.23940000000000006,0.4836363636363637
3318,Sys_DiT_ref_class1000,2.85,1.15,663,0.5700000000000001,0.22999999999999998,0.1311,0.32775
3319,Sys_DiT_ref_class1000,3.42,2.15,663,0.6839999999999999,0.43,0.29412,0.5280430879712747
3320,Sys_DiT_ref_class1000,3.85,3.6,664,0.77,0.72,0.5544,0.7441610738255033
3321,Sys_DiT_ref_class1000,4.85,3.62,664,0.97,0.724,0.7022799999999999,0.8291381345926799
3322,Sys_DiT_ref_class1000,2.85,1.42,664,0.5700000000000001,0.284,0.16188,0.3791100702576112
3323,Sys_DiT_ref_class1000,4.12,2.85,664,0.8240000000000001,0.5700000000000001,0.4696800000000001,0.6738593974175037
3324,Sys_DiT_ref_class1000,2.15,1.85,664,0.43,0.37,0.1591,0.39774999999999994
3325,Sys_DiT_ref_class1000,1.85,2.1,665,0.37,0.42000000000000004,0.1554,0.39341772151898735
3326,Sys_DiT_ref_class1000,2.85,3.6,665,0.5700000000000001,0.72,0.41040000000000004,0.6362790697674419
3327,Sys_DiT_ref_class1000,3.85,2.75,665,0.77,0.55,0.42350000000000004,0.6416666666666667
3328,Sys_DiT_ref_class1000,4.65,2.85,665,0.93,0.5700000000000001,0.5301000000000001,0.7068000000000002
3329,Sys_DiT_ref_class1000,2.15,1.5,665,0.43,0.3,0.129,0.35342465753424657
3330,Sys_DiT_ref_class1000,4.85,3.72,666,0.97,0.744,0.72168,0.842100350058343
3331,Sys_DiT_ref_class1000,4.85,3.75,666,0.97,0.75,0.7275,0.8459302325581396
3332,Sys_DiT_ref_class1000,4.65,2.85,666,0.93,0.5700000000000001,0.5301000000000001,0.7068000000000002
3333,Sys_DiT_ref_class1000,4.85,3.2,666,0.97,0.64,0.6208,0.7711801242236026
3334,Sys_DiT_ref_class1000,2.85,2.6,666,0.5700000000000001,0.52,0.29640000000000005,0.5438532110091744
3335,Sys_DiT_ref_class1000,2.15,1.25,667,0.43,0.25,0.1075,0.31617647058823534
3336,Sys_DiT_ref_class1000,3.45,1.5,667,0.6900000000000001,0.3,0.20700000000000002,0.4181818181818182
3337,Sys_DiT_ref_class1000,1.85,2.4,667,0.37,0.48,0.17759999999999998,0.4178823529411764
3338,Sys_DiT_ref_class1000,4.15,1.5,667,0.8300000000000001,0.3,0.249,0.44070796460176986
3339,Sys_DiT_ref_class1000,4.35,3.82,667,0.8699999999999999,0.764,0.6646799999999999,0.8135618115055079
3340,Sys_DiT_ref_class1000,4.15,1.85,668,0.8300000000000001,0.37,0.30710000000000004,0.5118333333333334
3341,Sys_DiT_ref_class1000,3.82,4.15,668,0.764,0.8300000000000001,0.63412,0.795633626097867
3342,Sys_DiT_ref_class1000,3.85,2.15,668,0.77,0.43,0.3311,0.5518333333333334
3343,Sys_DiT_ref_class1000,4.72,3.85,668,0.944,0.77,0.72688,0.8481680280046674
3344,Sys_DiT_ref_class1000,3.85,2.15,668,0.77,0.43,0.3311,0.5518333333333334
3345,Sys_DiT_ref_class1000,4.92,4.95,669,0.984,0.99,0.97416,0.9869908814589666
3346,Sys_DiT_ref_class1000,4.85,4.92,669,0.97,0.984,0.95448,0.976949846468782
3347,Sys_DiT_ref_class1000,4.65,3.82,669,0.93,0.764,0.71052,0.8388665879574971
3348,Sys_DiT_ref_class1000,4.65,2.85,669,0.93,0.5700000000000001,0.5301000000000001,0.7068000000000002
3349,Sys_DiT_ref_class1000,4.85,3.72,669,0.97,0.744,0.72168,0.842100350058343
3350,Sys_DiT_ref_class1000,4.85,3.6,670,0.97,0.72,0.6983999999999999,0.8265088757396449
3351,Sys_DiT_ref_class1000,4.82,3.65,670,0.9640000000000001,0.73,0.70372,0.8308382526564345
3352,Sys_DiT_ref_class1000,4.85,2.75,670,0.97,0.55,0.5335,0.7019736842105263
3353,Sys_DiT_ref_class1000,4.65,2.85,670,0.93,0.5700000000000001,0.5301000000000001,0.7068000000000002
3354,Sys_DiT_ref_class1000,4.85,2.1,670,0.97,0.42000000000000004,0.40740000000000004,0.5861870503597122
3355,Sys_DiT_ref_class1000,3.65,1.82,671,0.73,0.364,0.26572,0.48577696526508235
3356,Sys_DiT_ref_class1000,0.85,0.92,671,0.16999999999999998,0.184,0.031279999999999995,0.1767231638418079
3357,Sys_DiT_ref_class1000,2.85,1.2,671,0.5700000000000001,0.24,0.1368,0.3377777777777778
3358,Sys_DiT_ref_class1000,0.12,1.85,671,0.024,0.37,0.00888,0.0450761421319797
3359,Sys_DiT_ref_class1000,4.85,2.65,671,0.97,0.53,0.5141,0.6854666666666667
3360,Sys_DiT_ref_class1000,4.85,3.65,672,0.97,0.73,0.7081,0.8330588235294117
3361,Sys_DiT_ref_class1000,4.15,2.35,672,0.8300000000000001,0.47000000000000003,0.39010000000000006,0.6001538461538463
3362,Sys_DiT_ref_class1000,4.85,3.2,672,0.97,0.64,0.6208,0.7711801242236026
3363,Sys_DiT_ref_class1000,4.15,3.65,672,0.8300000000000001,0.73,0.6059,0.7767948717948717
3364,Sys_DiT_ref_class1000,4.12,2.85,672,0.8240000000000001,0.5700000000000001,0.4696800000000001,0.6738593974175037
3365,Sys_DiT_ref_class1000,3.42,2.15,673,0.6839999999999999,0.43,0.29412,0.5280430879712747
3366,Sys_DiT_ref_class1000,0.12,1.85,673,0.024,0.37,0.00888,0.0450761421319797
3367,Sys_DiT_ref_class1000,0.42,0.85,673,0.08399999999999999,0.16999999999999998,0.014279999999999998,0.11244094488188974
3368,Sys_DiT_ref_class1000,0.0,0.0,673,0.0,0.0,0.0,0.0
3369,Sys_DiT_ref_class1000,3.85,2.1,673,0.77,0.42000000000000004,0.3234,0.5435294117647059
3370,Sys_DiT_ref_class1000,4.85,3.75,674,0.97,0.75,0.7275,0.8459302325581396
3371,Sys_DiT_ref_class1000,3.85,3.6,674,0.77,0.72,0.5544,0.7441610738255033
3372,Sys_DiT_ref_class1000,4.65,3.82,674,0.93,0.764,0.71052,0.8388665879574971
3373,Sys_DiT_ref_class1000,4.12,2.85,674,0.8240000000000001,0.5700000000000001,0.4696800000000001,0.6738593974175037
3374,Sys_DiT_ref_class1000,4.85,3.72,674,0.97,0.744,0.72168,0.842100350058343
3375,Sys_DiT_ref_class1000,3.85,2.15,675,0.77,0.43,0.3311,0.5518333333333334
3376,Sys_DiT_ref_class1000,0.85,1.2,675,0.16999999999999998,0.24,0.040799999999999996,0.19902439024390242
3377,Sys_DiT_ref_class1000,4.72,3.85,675,0.944,0.77,0.72688,0.8481680280046674
3378,Sys_DiT_ref_class1000,2.85,1.65,675,0.5700000000000001,0.32999999999999996,0.1881,0.418
3379,Sys_DiT_ref_class1000,3.85,2.4,675,0.77,0.48,0.3696,0.59136
3380,Sys_DiT_ref_class1000,2.85,1.92,676,0.5700000000000001,0.384,0.21888000000000002,0.4588679245283019
3381,Sys_DiT_ref_class1000,4.12,1.5,676,0.8240000000000001,0.3,0.2472,0.43985765124555154
3382,Sys_DiT_ref_class1000,3.85,1.5,676,0.77,0.3,0.23099999999999998,0.4317757009345794
3383,Sys_DiT_ref_class1000,4.85,3.2,676,0.97,0.64,0.6208,0.7711801242236026
3384,Sys_DiT_ref_class1000,4.15,2.85,676,0.8300000000000001,0.5700000000000001,0.4731000000000001,0.6758571428571429
3385,Sys_DiT_ref_class1000,0.0,1.0,677,0.0,0.2,0.0,0.0
3386,Sys_DiT_ref_class1000,1.85,2.4,677,0.37,0.48,0.17759999999999998,0.4178823529411764
3387,Sys_DiT_ref_class1000,4.85,4.12,677,0.97,0.8240000000000001,0.79928,0.8910590858416945
3388,Sys_DiT_ref_class1000,4.85,3.72,677,0.97,0.744,0.72168,0.842100350058343
3389,Sys_DiT_ref_class1000,2.85,3.42,677,0.5700000000000001,0.6839999999999999,0.38988,0.6218181818181818
3390,Sys_DiT_ref_class1000,4.85,2.15,678,0.97,0.43,0.41709999999999997,0.5958571428571429
3391,Sys_DiT_ref_class1000,4.85,3.2,678,0.97,0.64,0.6208,0.7711801242236026
3392,Sys_DiT_ref_class1000,4.85,1.5,678,0.97,0.3,0.291,0.458267716535433
3393,Sys_DiT_ref_class1000,4.65,2.85,678,0.93,0.5700000000000001,0.5301000000000001,0.7068000000000002
3394,Sys_DiT_ref_class1000,3.85,3.62,678,0.77,0.724,0.55748,0.7462918340026774
3395,Sys_DiT_ref_class1000,3.85,2.4,679,0.77,0.48,0.3696,0.59136
3396,Sys_DiT_ref_class1000,4.92,4.95,679,0.984,0.99,0.97416,0.9869908814589666
3397,Sys_DiT_ref_class1000,3.85,2.75,679,0.77,0.55,0.42350000000000004,0.6416666666666667
3398,Sys_DiT_ref_class1000,4.85,3.72,679,0.97,0.744,0.72168,0.842100350058343
3399,Sys_DiT_ref_class1000,4.65,3.2,679,0.93,0.64,0.5952000000000001,0.7582165605095542
3400,Sys_DiT_ref_class1000,4.85,3.65,680,0.97,0.73,0.7081,0.8330588235294117
3401,Sys_DiT_ref_class1000,4.85,2.65,680,0.97,0.53,0.5141,0.6854666666666667
3402,Sys_DiT_ref_class1000,0.45,2.85,680,0.09,0.5700000000000001,0.051300000000000005,0.15545454545454546
3403,Sys_DiT_ref_class1000,0.0,1.2,680,0.0,0.24,0.0,0.0
3404,Sys_DiT_ref_class1000,4.85,1.2,680,0.97,0.24,0.23279999999999998,0.384793388429752
3405,Sys_DiT_ref_class1000,1.85,1.2,681,0.37,0.24,0.08879999999999999,0.2911475409836065
3406,Sys_DiT_ref_class1000,2.85,1.92,681,0.5700000000000001,0.384,0.21888000000000002,0.4588679245283019
3407,Sys_DiT_ref_class1000,2.15,1.85,681,0.43,0.37,0.1591,0.39774999999999994
3408,Sys_DiT_ref_class1000,0.85,1.2,681,0.16999999999999998,0.24,0.040799999999999996,0.19902439024390242
3409,Sys_DiT_ref_class1000,4.12,2.85,681,0.8240000000000001,0.5700000000000001,0.4696800000000001,0.6738593974175037
3410,Sys_DiT_ref_class1000,4.85,4.75,682,0.97,0.95,0.9215,0.9598958333333334
3411,Sys_DiT_ref_class1000,4.15,3.85,682,0.8300000000000001,0.77,0.6391000000000001,0.7988750000000001
3412,Sys_DiT_ref_class1000,3.45,3.82,682,0.6900000000000001,0.764,0.5271600000000001,0.7251169188445667
3413,Sys_DiT_ref_class1000,3.45,3.82,682,0.6900000000000001,0.764,0.5271600000000001,0.7251169188445667
3414,Sys_DiT_ref_class1000,4.85,4.7,682,0.97,0.9400000000000001,0.9118,0.9547643979057592
3415,Sys_DiT_ref_class1000,3.85,1.5,683,0.77,0.3,0.23099999999999998,0.4317757009345794
3416,Sys_DiT_ref_class1000,2.15,1.5,683,0.43,0.3,0.129,0.35342465753424657
3417,Sys_DiT_ref_class1000,3.65,2.85,683,0.73,0.5700000000000001,0.4161,0.6401538461538462
3418,Sys_DiT_ref_class1000,1.85,2.1,683,0.37,0.42000000000000004,0.1554,0.39341772151898735
3419,Sys_DiT_ref_class1000,4.85,3.2,683,0.97,0.64,0.6208,0.7711801242236026
3420,Sys_DiT_ref_class1000,1.85,1.2,684,0.37,0.24,0.08879999999999999,0.2911475409836065
3421,Sys_DiT_ref_class1000,0.05,1.5,684,0.01,0.3,0.003,0.01935483870967742
3422,Sys_DiT_ref_class1000,1.85,2.4,684,0.37,0.48,0.17759999999999998,0.4178823529411764
3423,Sys_DiT_ref_class1000,4.85,3.65,684,0.97,0.73,0.7081,0.8330588235294117
3424,Sys_DiT_ref_class1000,4.85,2.1,684,0.97,0.42000000000000004,0.40740000000000004,0.5861870503597122
3425,Sys_DiT_ref_class1000,4.15,1.85,685,0.8300000000000001,0.37,0.30710000000000004,0.5118333333333334
3426,Sys_DiT_ref_class1000,4.12,2.85,685,0.8240000000000001,0.5700000000000001,0.4696800000000001,0.6738593974175037
3427,Sys_DiT_ref_class1000,4.12,1.85,685,0.8240000000000001,0.37,0.30488000000000004,0.5106867671691793
3428,Sys_DiT_ref_class1000,4.12,1.85,685,0.8240000000000001,0.37,0.30488000000000004,0.5106867671691793
3429,Sys_DiT_ref_class1000,2.85,1.2,685,0.5700000000000001,0.24,0.1368,0.3377777777777778
3430,Sys_DiT_ref_class1000,1.85,2.1,686,0.37,0.42000000000000004,0.1554,0.39341772151898735
3431,Sys_DiT_ref_class1000,4.15,1.85,686,0.8300000000000001,0.37,0.30710000000000004,0.5118333333333334
3432,Sys_DiT_ref_class1000,3.85,2.15,686,0.77,0.43,0.3311,0.5518333333333334
3433,Sys_DiT_ref_class1000,4.85,3.62,686,0.97,0.724,0.7022799999999999,0.8291381345926799
3434,Sys_DiT_ref_class1000,4.15,3.65,686,0.8300000000000001,0.73,0.6059,0.7767948717948717
3435,Sys_DiT_ref_class1000,4.85,1.65,687,0.97,0.32999999999999996,0.32009999999999994,0.49246153846153845
3436,Sys_DiT_ref_class1000,4.85,3.6,687,0.97,0.72,0.6983999999999999,0.8265088757396449
3437,Sys_DiT_ref_class1000,3.85,3.6,687,0.77,0.72,0.5544,0.7441610738255033
3438,Sys_DiT_ref_class1000,4.85,3.72,687,0.97,0.744,0.72168,0.842100350058343
3439,Sys_DiT_ref_class1000,4.85,2.15,687,0.97,0.43,0.41709999999999997,0.5958571428571429
3440,Sys_DiT_ref_class1000,4.65,4.12,688,0.93,0.8240000000000001,0.7663200000000001,0.8737970353477766
3441,Sys_DiT_ref_class1000,4.85,3.75,688,0.97,0.75,0.7275,0.8459302325581396
3442,Sys_DiT_ref_class1000,4.85,2.35,688,0.97,0.47000000000000003,0.4559,0.6331944444444445
3443,Sys_DiT_ref_class1000,4.65,2.8,688,0.93,0.5599999999999999,0.5207999999999999,0.6990604026845637
3444,Sys_DiT_ref_class1000,4.85,2.15,688,0.97,0.43,0.41709999999999997,0.5958571428571429
3445,Sys_DiT_ref_class1000,4.65,3.85,689,0.93,0.77,0.7161000000000001,0.8424705882352941
3446,Sys_DiT_ref_class1000,4.72,1.5,689,0.944,0.3,0.28319999999999995,0.45530546623794205
3447,Sys_DiT_ref_class1000,4.12,1.5,689,0.8240000000000001,0.3,0.2472,0.43985765124555154
3448,Sys_DiT_ref_class1000,4.65,3.85,689,0.93,0.77,0.7161000000000001,0.8424705882352941
3449,Sys_DiT_ref_class1000,4.85,1.2,689,0.97,0.24,0.23279999999999998,0.384793388429752
3450,Sys_DiT_ref_class1000,2.85,1.5,690,0.5700000000000001,0.3,0.171,0.3931034482758621
3451,Sys_DiT_ref_class1000,3.42,1.5,690,0.6839999999999999,0.3,0.20519999999999997,0.41707317073170724
3452,Sys_DiT_ref_class1000,3.85,1.92,690,0.77,0.384,0.29568,0.5124436741767765
3453,Sys_DiT_ref_class1000,2.15,1.5,690,0.43,0.3,0.129,0.35342465753424657
3454,Sys_DiT_ref_class1000,4.15,2.85,690,0.8300000000000001,0.5700000000000001,0.4731000000000001,0.6758571428571429
3455,Sys_DiT_ref_class1000,1.85,2.4,691,0.37,0.48,0.17759999999999998,0.4178823529411764
3456,Sys_DiT_ref_class1000,4.85,3.65,691,0.97,0.73,0.7081,0.8330588235294117
3457,Sys_DiT_ref_class1000,4.92,4.85,691,0.984,0.97,0.95448,0.976949846468782
3458,Sys_DiT_ref_class1000,3.42,2.75,691,0.6839999999999999,0.55,0.3762,0.6097244732576985
3459,Sys_DiT_ref_class1000,2.15,3.85,691,0.43,0.77,0.3311,0.5518333333333334
3460,Sys_DiT_ref_class1000,4.65,3.82,692,0.93,0.764,0.71052,0.8388665879574971
3461,Sys_DiT_ref_class1000,2.85,1.9,692,0.5700000000000001,0.38,0.21660000000000001,0.456
3462,Sys_DiT_ref_class1000,2.15,1.85,692,0.43,0.37,0.1591,0.39774999999999994
3463,Sys_DiT_ref_class1000,3.85,1.75,692,0.77,0.35,0.26949999999999996,0.4812499999999999
3464,Sys_DiT_ref_class1000,2.15,1.85,692,0.43,0.37,0.1591,0.39774999999999994
3465,Sys_DiT_ref_class1000,4.65,3.82,693,0.93,0.764,0.71052,0.8388665879574971
3466,Sys_DiT_ref_class1000,3.45,1.5,693,0.6900000000000001,0.3,0.20700000000000002,0.4181818181818182
3467,Sys_DiT_ref_class1000,3.85,1.92,693,0.77,0.384,0.29568,0.5124436741767765
3468,Sys_DiT_ref_class1000,4.12,3.68,693,0.8240000000000001,0.736,0.606464,0.7775179487179487
3469,Sys_DiT_ref_class1000,4.85,3.92,693,0.97,0.784,0.76048,0.8671379703534778
3470,Sys_DiT_ref_class1000,4.65,3.82,694,0.93,0.764,0.71052,0.8388665879574971
3471,Sys_DiT_ref_class1000,4.85,4.92,694,0.97,0.984,0.95448,0.976949846468782
3472,Sys_DiT_ref_class1000,3.85,2.65,694,0.77,0.53,0.4081,0.6278461538461538
3473,Sys_DiT_ref_class1000,4.85,3.75,694,0.97,0.75,0.7275,0.8459302325581396
3474,Sys_DiT_ref_class1000,4.65,2.85,694,0.93,0.5700000000000001,0.5301000000000001,0.7068000000000002
3475,Sys_DiT_ref_class1000,0.15,0.85,695,0.03,0.16999999999999998,0.0050999999999999995,0.051
3476,Sys_DiT_ref_class1000,3.85,2.15,695,0.77,0.43,0.3311,0.5518333333333334
3477,Sys_DiT_ref_class1000,4.15,2.85,695,0.8300000000000001,0.5700000000000001,0.4731000000000001,0.6758571428571429
3478,Sys_DiT_ref_class1000,4.85,3.65,695,0.97,0.73,0.7081,0.8330588235294117
3479,Sys_DiT_ref_class1000,4.85,3.72,695,0.97,0.744,0.72168,0.842100350058343
3480,Sys_DiT_ref_class1000,1.85,2.1,696,0.37,0.42000000000000004,0.1554,0.39341772151898735
3481,Sys_DiT_ref_class1000,2.85,1.5,696,0.5700000000000001,0.3,0.171,0.3931034482758621
3482,Sys_DiT_ref_class1000,4.85,3.2,696,0.97,0.64,0.6208,0.7711801242236026
3483,Sys_DiT_ref_class1000,4.85,2.3,696,0.97,0.45999999999999996,0.44619999999999993,0.624055944055944
3484,Sys_DiT_ref_class1000,2.85,3.12,696,0.5700000000000001,0.624,0.35568000000000005,0.5957788944723619
3485,Sys_DiT_ref_class1000,4.85,1.5,697,0.97,0.3,0.291,0.458267716535433
3486,Sys_DiT_ref_class1000,2.85,2.0,697,0.5700000000000001,0.4,0.22800000000000004,0.4701030927835052
3487,Sys_DiT_ref_class1000,2.15,0.85,697,0.43,0.16999999999999998,0.0731,0.24366666666666667
3488,Sys_DiT_ref_class1000,2.85,3.72,697,0.5700000000000001,0.744,0.42408000000000007,0.6454794520547946
3489,Sys_DiT_ref_class1000,2.15,4.8,697,0.43,0.96,0.4128,0.5939568345323741
3490,Sys_DiT_ref_class1000,2.85,1.75,698,0.5700000000000001,0.35,0.1995,0.43369565217391304
3491,Sys_DiT_ref_class1000,1.85,2.4,698,0.37,0.48,0.17759999999999998,0.4178823529411764
3492,Sys_DiT_ref_class1000,0.12,0.85,698,0.024,0.16999999999999998,0.004079999999999999,0.04206185567010309
3493,Sys_DiT_ref_class1000,4.65,2.85,698,0.93,0.5700000000000001,0.5301000000000001,0.7068000000000002
3494,Sys_DiT_ref_class1000,0.12,0.85,698,0.024,0.16999999999999998,0.004079999999999999,0.04206185567010309
3495,Sys_DiT_ref_class1000,4.85,3.72,699,0.97,0.744,0.72168,0.842100350058343
3496,Sys_DiT_ref_class1000,4.85,4.2,699,0.97,0.8400000000000001,0.8148000000000001,0.9003314917127072
3497,Sys_DiT_ref_class1000,4.85,4.2,699,0.97,0.8400000000000001,0.8148000000000001,0.9003314917127072
3498,Sys_DiT_ref_class1000,4.65,2.85,699,0.93,0.5700000000000001,0.5301000000000001,0.7068000000000002
3499,Sys_DiT_ref_class1000,4.85,2.15,699,0.97,0.43,0.41709999999999997,0.5958571428571429
3500,Sys_DiT_ref_class1000,4.12,2.85,700,0.8240000000000001,0.5700000000000001,0.4696800000000001,0.6738593974175037
3501,Sys_DiT_ref_class1000,2.85,2.1,700,0.5700000000000001,0.42000000000000004,0.23940000000000006,0.4836363636363637
3502,Sys_DiT_ref_class1000,4.92,4.98,700,0.984,0.9960000000000001,0.980064,0.9899636363636364
3503,Sys_DiT_ref_class1000,1.85,1.2,700,0.37,0.24,0.08879999999999999,0.2911475409836065
3504,Sys_DiT_ref_class1000,2.85,1.92,700,0.5700000000000001,0.384,0.21888000000000002,0.4588679245283019
3505,Sys_DiT_ref_class1000,4.85,3.72,701,0.97,0.744,0.72168,0.842100350058343
3506,Sys_DiT_ref_class1000,4.65,3.85,701,0.93,0.77,0.7161000000000001,0.8424705882352941
3507,Sys_DiT_ref_class1000,4.85,3.72,701,0.97,0.744,0.72168,0.842100350058343
3508,Sys_DiT_ref_class1000,4.65,3.82,701,0.93,0.764,0.71052,0.8388665879574971
3509,Sys_DiT_ref_class1000,4.15,2.85,701,0.8300000000000001,0.5700000000000001,0.4731000000000001,0.6758571428571429
3510,Sys_DiT_ref_class1000,1.85,1.5,702,0.37,0.3,0.111,0.3313432835820896
3511,Sys_DiT_ref_class1000,1.85,1.5,702,0.37,0.3,0.111,0.3313432835820896
3512,Sys_DiT_ref_class1000,3.85,2.15,702,0.77,0.43,0.3311,0.5518333333333334
3513,Sys_DiT_ref_class1000,4.12,2.0,702,0.8240000000000001,0.4,0.32960000000000006,0.538562091503268
3514,Sys_DiT_ref_class1000,3.42,1.5,702,0.6839999999999999,0.3,0.20519999999999997,0.41707317073170724
3515,Sys_DiT_ref_class1000,4.85,3.72,703,0.97,0.744,0.72168,0.842100350058343
3516,Sys_DiT_ref_class1000,4.65,3.85,703,0.93,0.77,0.7161000000000001,0.8424705882352941
3517,Sys_DiT_ref_class1000,3.82,1.65,703,0.764,0.32999999999999996,0.25211999999999996,0.4609140767824497
3518,Sys_DiT_ref_class1000,4.85,3.72,703,0.97,0.744,0.72168,0.842100350058343
3519,Sys_DiT_ref_class1000,3.85,3.6,703,0.77,0.72,0.5544,0.7441610738255033
3520,Sys_DiT_ref_class1000,0.15,1.25,704,0.03,0.25,0.0075,0.05357142857142856
3521,Sys_DiT_ref_class1000,4.15,2.85,704,0.8300000000000001,0.5700000000000001,0.4731000000000001,0.6758571428571429
3522,Sys_DiT_ref_class1000,4.15,1.85,704,0.8300000000000001,0.37,0.30710000000000004,0.5118333333333334
3523,Sys_DiT_ref_class1000,4.85,3.2,704,0.97,0.64,0.6208,0.7711801242236026
3524,Sys_DiT_ref_class1000,4.12,2.35,704,0.8240000000000001,0.47000000000000003,0.38728000000000007,0.5985780525502319
3525,Sys_DiT_ref_class1000,2.85,1.62,705,0.5700000000000001,0.324,0.18468000000000004,0.4131543624161074
3526,Sys_DiT_ref_class1000,4.12,2.85,705,0.8240000000000001,0.5700000000000001,0.4696800000000001,0.6738593974175037
3527,Sys_DiT_ref_class1000,4.85,3.72,705,0.97,0.744,0.72168,0.842100350058343
3528,Sys_DiT_ref_class1000,4.85,2.15,705,0.97,0.43,0.41709999999999997,0.5958571428571429
3529,Sys_DiT_ref_class1000,4.15,2.85,705,0.8300000000000001,0.5700000000000001,0.4731000000000001,0.6758571428571429
3530,Sys_DiT_ref_class1000,4.65,1.5,706,0.93,0.3,0.279,0.4536585365853659
3531,Sys_DiT_ref_class1000,4.65,2.85,706,0.93,0.5700000000000001,0.5301000000000001,0.7068000000000002
3532,Sys_DiT_ref_class1000,4.12,1.35,706,0.8240000000000001,0.27,0.22248000000000004,0.40672760511883005
3533,Sys_DiT_ref_class1000,3.85,1.92,706,0.77,0.384,0.29568,0.5124436741767765
3534,Sys_DiT_ref_class1000,4.65,2.85,706,0.93,0.5700000000000001,0.5301000000000001,0.7068000000000002
3535,Sys_DiT_ref_class1000,4.85,2.65,707,0.97,0.53,0.5141,0.6854666666666667
3536,Sys_DiT_ref_class1000,2.85,1.65,707,0.5700000000000001,0.32999999999999996,0.1881,0.418
3537,Sys_DiT_ref_class1000,4.85,3.65,707,0.97,0.73,0.7081,0.8330588235294117
3538,Sys_DiT_ref_class1000,2.85,3.42,707,0.5700000000000001,0.6839999999999999,0.38988,0.6218181818181818
3539,Sys_DiT_ref_class1000,4.15,1.85,707,0.8300000000000001,0.37,0.30710000000000004,0.5118333333333334
3540,Sys_DiT_ref_class1000,4.85,3.62,708,0.97,0.724,0.7022799999999999,0.8291381345926799
3541,Sys_DiT_ref_class1000,1.25,2.85,708,0.25,0.5700000000000001,0.14250000000000002,0.34756097560975613
3542,Sys_DiT_ref_class1000,2.85,3.65,708,0.5700000000000001,0.73,0.4161,0.6401538461538462
3543,Sys_DiT_ref_class1000,4.85,3.62,708,0.97,0.724,0.7022799999999999,0.8291381345926799
3544,Sys_DiT_ref_class1000,4.85,3.72,708,0.97,0.744,0.72168,0.842100350058343
3545,Sys_DiT_ref_class1000,3.85,2.15,709,0.77,0.43,0.3311,0.5518333333333334
3546,Sys_DiT_ref_class1000,1.85,2.4,709,0.37,0.48,0.17759999999999998,0.4178823529411764
3547,Sys_DiT_ref_class1000,3.85,2.15,709,0.77,0.43,0.3311,0.5518333333333334
3548,Sys_DiT_ref_class1000,4.85,3.42,709,0.97,0.6839999999999999,0.66348,0.802273276904474
3549,Sys_DiT_ref_class1000,4.15,2.85,709,0.8300000000000001,0.5700000000000001,0.4731000000000001,0.6758571428571429
3550,Sys_DiT_ref_class1000,2.85,2.4,710,0.5700000000000001,0.48,0.2736,0.5211428571428571
3551,Sys_DiT_ref_class1000,1.25,1.8,710,0.25,0.36,0.09,0.29508196721311475
3552,Sys_DiT_ref_class1000,4.12,1.85,710,0.8240000000000001,0.37,0.30488000000000004,0.5106867671691793
3553,Sys_DiT_ref_class1000,0.12,1.35,710,0.024,0.27,0.0064800000000000005,0.04408163265306122
3554,Sys_DiT_ref_class1000,3.85,3.6,710,0.77,0.72,0.5544,0.7441610738255033
3555,Sys_DiT_ref_class1000,3.42,2.85,711,0.6839999999999999,0.5700000000000001,0.38988,0.6218181818181818
3556,Sys_DiT_ref_class1000,2.85,1.5,711,0.5700000000000001,0.3,0.171,0.3931034482758621
3557,Sys_DiT_ref_class1000,4.65,3.82,711,0.93,0.764,0.71052,0.8388665879574971
3558,Sys_DiT_ref_class1000,3.42,2.85,711,0.6839999999999999,0.5700000000000001,0.38988,0.6218181818181818
3559,Sys_DiT_ref_class1000,3.85,2.65,711,0.77,0.53,0.4081,0.6278461538461538
3560,Sys_DiT_ref_class1000,4.85,2.15,712,0.97,0.43,0.41709999999999997,0.5958571428571429
3561,Sys_DiT_ref_class1000,4.85,3.62,712,0.97,0.724,0.7022799999999999,0.8291381345926799
3562,Sys_DiT_ref_class1000,4.85,3.75,712,0.97,0.75,0.7275,0.8459302325581396
3563,Sys_DiT_ref_class1000,5.0,5.0,712,1.0,1.0,1.0,1.0
3564,Sys_DiT_ref_class1000,4.65,2.85,712,0.93,0.5700000000000001,0.5301000000000001,0.7068000000000002
3565,Sys_DiT_ref_class1000,3.85,1.65,713,0.77,0.32999999999999996,0.2541,0.46199999999999997
3566,Sys_DiT_ref_class1000,1.85,1.2,713,0.37,0.24,0.08879999999999999,0.2911475409836065
3567,Sys_DiT_ref_class1000,4.65,3.82,713,0.93,0.764,0.71052,0.8388665879574971
3568,Sys_DiT_ref_class1000,4.85,3.75,713,0.97,0.75,0.7275,0.8459302325581396
3569,Sys_DiT_ref_class1000,3.85,3.62,713,0.77,0.724,0.55748,0.7462918340026774
3570,Sys_DiT_ref_class1000,1.15,1.82,714,0.22999999999999998,0.364,0.08371999999999999,0.28188552188552185
3571,Sys_DiT_ref_class1000,4.85,4.2,714,0.97,0.8400000000000001,0.8148000000000001,0.9003314917127072
3572,Sys_DiT_ref_class1000,4.85,3.6,714,0.97,0.72,0.6983999999999999,0.8265088757396449
3573,Sys_DiT_ref_class1000,4.85,3.65,714,0.97,0.73,0.7081,0.8330588235294117
3574,Sys_DiT_ref_class1000,4.15,2.85,714,0.8300000000000001,0.5700000000000001,0.4731000000000001,0.6758571428571429
3575,Sys_DiT_ref_class1000,4.85,3.72,715,0.97,0.744,0.72168,0.842100350058343
3576,Sys_DiT_ref_class1000,4.65,3.85,715,0.93,0.77,0.7161000000000001,0.8424705882352941
3577,Sys_DiT_ref_class1000,4.15,2.85,715,0.8300000000000001,0.5700000000000001,0.4731000000000001,0.6758571428571429
3578,Sys_DiT_ref_class1000,4.85,3.75,715,0.97,0.75,0.7275,0.8459302325581396
3579,Sys_DiT_ref_class1000,4.85,1.2,715,0.97,0.24,0.23279999999999998,0.384793388429752
3580,Sys_DiT_ref_class1000,3.15,3.85,716,0.63,0.77,0.48510000000000003,0.6930000000000001
3581,Sys_DiT_ref_class1000,2.85,2.6,716,0.5700000000000001,0.52,0.29640000000000005,0.5438532110091744
3582,Sys_DiT_ref_class1000,1.85,1.2,716,0.37,0.24,0.08879999999999999,0.2911475409836065
3583,Sys_DiT_ref_class1000,1.25,1.8,716,0.25,0.36,0.09,0.29508196721311475
3584,Sys_DiT_ref_class1000,3.82,2.65,716,0.764,0.53,0.40492,0.6258423493044822
3585,Sys_DiT_ref_class1000,4.65,3.85,717,0.93,0.77,0.7161000000000001,0.8424705882352941
3586,Sys_DiT_ref_class1000,4.85,3.75,717,0.97,0.75,0.7275,0.8459302325581396
3587,Sys_DiT_ref_class1000,4.85,3.75,717,0.97,0.75,0.7275,0.8459302325581396
3588,Sys_DiT_ref_class1000,4.65,3.82,717,0.93,0.764,0.71052,0.8388665879574971
3589,Sys_DiT_ref_class1000,4.85,3.6,717,0.97,0.72,0.6983999999999999,0.8265088757396449
3590,Sys_DiT_ref_class1000,2.85,1.45,718,0.5700000000000001,0.29,0.1653,0.38441860465116273
3591,Sys_DiT_ref_class1000,4.85,3.65,718,0.97,0.73,0.7081,0.8330588235294117
3592,Sys_DiT_ref_class1000,1.25,2.15,718,0.25,0.43,0.1075,0.31617647058823534
3593,Sys_DiT_ref_class1000,2.85,3.62,718,0.5700000000000001,0.724,0.41268000000000005,0.6378361669242659
3594,Sys_DiT_ref_class1000,2.85,3.62,718,0.5700000000000001,0.724,0.41268000000000005,0.6378361669242659
3595,Sys_DiT_ref_class1000,4.85,3.6,719,0.97,0.72,0.6983999999999999,0.8265088757396449
3596,Sys_DiT_ref_class1000,4.85,3.75,719,0.97,0.75,0.7275,0.8459302325581396
3597,Sys_DiT_ref_class1000,3.85,2.75,719,0.77,0.55,0.42350000000000004,0.6416666666666667
3598,Sys_DiT_ref_class1000,4.85,4.92,719,0.97,0.984,0.95448,0.976949846468782
3599,Sys_DiT_ref_class1000,4.12,3.85,719,0.8240000000000001,0.77,0.63448,0.7960853199498118
3600,Sys_DiT_ref_class1000,3.85,3.6,720,0.77,0.72,0.5544,0.7441610738255033
3601,Sys_DiT_ref_class1000,0.85,2.15,720,0.16999999999999998,0.43,0.0731,0.24366666666666667
3602,Sys_DiT_ref_class1000,4.85,3.2,720,0.97,0.64,0.6208,0.7711801242236026
3603,Sys_DiT_ref_class1000,3.45,1.85,720,0.6900000000000001,0.37,0.2553,0.4816981132075472
3604,Sys_DiT_ref_class1000,4.25,2.85,720,0.85,0.5700000000000001,0.48450000000000004,0.6823943661971832
3605,Sys_DiT_ref_class1000,4.85,3.75,721,0.97,0.75,0.7275,0.8459302325581396
3606,Sys_DiT_ref_class1000,3.42,3.85,721,0.6839999999999999,0.77,0.5266799999999999,0.7244566712517193
3607,Sys_DiT_ref_class1000,4.65,3.85,721,0.93,0.77,0.7161000000000001,0.8424705882352941
3608,Sys_DiT_ref_class1000,4.98,4.95,721,0.9960000000000001,0.99,0.9860400000000001,0.9929909365558913
3609,Sys_DiT_ref_class1000,4.82,3.65,721,0.9640000000000001,0.73,0.70372,0.8308382526564345
3610,Sys_DiT_ref_class1000,4.85,1.92,722,0.97,0.384,0.37248,0.5501920236336779
3611,Sys_DiT_ref_class1000,0.0,1.85,722,0.0,0.37,0.0,0.0
3612,Sys_DiT_ref_class1000,4.85,3.72,722,0.97,0.744,0.72168,0.842100350058343
3613,Sys_DiT_ref_class1000,4.85,1.5,722,0.97,0.3,0.291,0.458267716535433
3614,Sys_DiT_ref_class1000,3.85,4.2,722,0.77,0.8400000000000001,0.6468,0.8034782608695652
3615,Sys_DiT_ref_class1000,3.85,2.15,723,0.77,0.43,0.3311,0.5518333333333334
3616,Sys_DiT_ref_class1000,4.82,3.65,723,0.9640000000000001,0.73,0.70372,0.8308382526564345
3617,Sys_DiT_ref_class1000,4.72,3.85,723,0.944,0.77,0.72688,0.8481680280046674
3618,Sys_DiT_ref_class1000,0.0,4.85,723,0.0,0.97,0.0,0.0
3619,Sys_DiT_ref_class1000,4.85,3.72,723,0.97,0.744,0.72168,0.842100350058343
3620,Sys_DiT_ref_class1000,3.85,2.65,724,0.77,0.53,0.4081,0.6278461538461538
3621,Sys_DiT_ref_class1000,2.85,3.62,724,0.5700000000000001,0.724,0.41268000000000005,0.6378361669242659
3622,Sys_DiT_ref_class1000,1.25,3.45,724,0.25,0.6900000000000001,0.17250000000000001,0.3670212765957447
3623,Sys_DiT_ref_class1000,3.25,2.85,724,0.65,0.5700000000000001,0.37050000000000005,0.6073770491803279
3624,Sys_DiT_ref_class1000,3.65,3.82,724,0.73,0.764,0.55772,0.7466131191432396
3625,Sys_DiT_ref_class1000,4.85,3.65,725,0.97,0.73,0.7081,0.8330588235294117
3626,Sys_DiT_ref_class1000,4.85,2.1,725,0.97,0.42000000000000004,0.40740000000000004,0.5861870503597122
3627,Sys_DiT_ref_class1000,4.65,2.85,725,0.93,0.5700000000000001,0.5301000000000001,0.7068000000000002
3628,Sys_DiT_ref_class1000,4.85,3.72,725,0.97,0.744,0.72168,0.842100350058343
3629,Sys_DiT_ref_class1000,5.0,4.95,725,1.0,0.99,0.99,0.9949748743718593
3630,Sys_DiT_ref_class1000,2.15,1.85,726,0.43,0.37,0.1591,0.39774999999999994
3631,Sys_DiT_ref_class1000,4.65,3.82,726,0.93,0.764,0.71052,0.8388665879574971
3632,Sys_DiT_ref_class1000,4.72,3.85,726,0.944,0.77,0.72688,0.8481680280046674
3633,Sys_DiT_ref_class1000,3.85,3.6,726,0.77,0.72,0.5544,0.7441610738255033
3634,Sys_DiT_ref_class1000,4.85,4.92,726,0.97,0.984,0.95448,0.976949846468782
3635,Sys_DiT_ref_class1000,4.85,2.15,727,0.97,0.43,0.41709999999999997,0.5958571428571429
3636,Sys_DiT_ref_class1000,1.85,1.2,727,0.37,0.24,0.08879999999999999,0.2911475409836065
3637,Sys_DiT_ref_class1000,4.85,3.75,727,0.97,0.75,0.7275,0.8459302325581396
3638,Sys_DiT_ref_class1000,4.85,3.92,727,0.97,0.784,0.76048,0.8671379703534778
3639,Sys_DiT_ref_class1000,4.85,3.6,727,0.97,0.72,0.6983999999999999,0.8265088757396449
3640,Sys_DiT_ref_class1000,4.85,3.62,728,0.97,0.724,0.7022799999999999,0.8291381345926799
3641,Sys_DiT_ref_class1000,2.85,3.42,728,0.5700000000000001,0.6839999999999999,0.38988,0.6218181818181818
3642,Sys_DiT_ref_class1000,2.85,1.5,728,0.5700000000000001,0.3,0.171,0.3931034482758621
3643,Sys_DiT_ref_class1000,2.85,3.6,728,0.5700000000000001,0.72,0.41040000000000004,0.6362790697674419
3644,Sys_DiT_ref_class1000,4.85,1.2,728,0.97,0.24,0.23279999999999998,0.384793388429752
3645,Sys_DiT_ref_class1000,4.15,3.62,729,0.8300000000000001,0.724,0.60092,0.7733848133848134
3646,Sys_DiT_ref_class1000,0.12,0.85,729,0.024,0.16999999999999998,0.004079999999999999,0.04206185567010309
3647,Sys_DiT_ref_class1000,4.85,3.72,729,0.97,0.744,0.72168,0.842100350058343
3648,Sys_DiT_ref_class1000,4.85,1.82,729,0.97,0.364,0.35308,0.5293553223388305
3649,Sys_DiT_ref_class1000,2.85,1.65,729,0.5700000000000001,0.32999999999999996,0.1881,0.418
3650,Sys_DiT_ref_class1000,3.42,3.65,730,0.6839999999999999,0.73,0.49931999999999993,0.7062517680339462
3651,Sys_DiT_ref_class1000,4.65,2.85,730,0.93,0.5700000000000001,0.5301000000000001,0.7068000000000002
3652,Sys_DiT_ref_class1000,3.42,1.85,730,0.6839999999999999,0.37,0.25307999999999997,0.4802277039848198
3653,Sys_DiT_ref_class1000,0.85,1.2,730,0.16999999999999998,0.24,0.040799999999999996,0.19902439024390242
3654,Sys_DiT_ref_class1000,3.82,1.47,730,0.764,0.294,0.22461599999999998,0.4246049149338374
3655,Sys_DiT_ref_class1000,3.45,1.5,731,0.6900000000000001,0.3,0.20700000000000002,0.4181818181818182
3656,Sys_DiT_ref_class1000,4.85,1.65,731,0.97,0.32999999999999996,0.32009999999999994,0.49246153846153845
3657,Sys_DiT_ref_class1000,0.0,0.85,731,0.0,0.16999999999999998,0.0,0.0
3658,Sys_DiT_ref_class1000,4.85,3.72,731,0.97,0.744,0.72168,0.842100350058343
3659,Sys_DiT_ref_class1000,4.15,1.5,731,0.8300000000000001,0.3,0.249,0.44070796460176986
3660,Sys_DiT_ref_class1000,4.65,3.85,732,0.93,0.77,0.7161000000000001,0.8424705882352941
3661,Sys_DiT_ref_class1000,2.15,1.85,732,0.43,0.37,0.1591,0.39774999999999994
3662,Sys_DiT_ref_class1000,4.85,3.72,732,0.97,0.744,0.72168,0.842100350058343
3663,Sys_DiT_ref_class1000,4.85,3.62,732,0.97,0.724,0.7022799999999999,0.8291381345926799
3664,Sys_DiT_ref_class1000,4.15,2.85,732,0.8300000000000001,0.5700000000000001,0.4731000000000001,0.6758571428571429
3665,Sys_DiT_ref_class1000,4.85,3.65,733,0.97,0.73,0.7081,0.8330588235294117
3666,Sys_DiT_ref_class1000,4.15,1.5,733,0.8300000000000001,0.3,0.249,0.44070796460176986
3667,Sys_DiT_ref_class1000,4.82,1.5,733,0.9640000000000001,0.3,0.2892,0.45759493670886076
3668,Sys_DiT_ref_class1000,2.85,1.2,733,0.5700000000000001,0.24,0.1368,0.3377777777777778
3670,Sys_DiT_ref_class1000,4.85,2.1,734,0.97,0.42000000000000004,0.40740000000000004,0.5861870503597122
3671,Sys_DiT_ref_class1000,1.25,2.85,734,0.25,0.5700000000000001,0.14250000000000002,0.34756097560975613
3672,Sys_DiT_ref_class1000,1.85,2.4,734,0.37,0.48,0.17759999999999998,0.4178823529411764
3673,Sys_DiT_ref_class1000,4.85,3.6,734,0.97,0.72,0.6983999999999999,0.8265088757396449
3674,Sys_DiT_ref_class1000,1.85,2.1,734,0.37,0.42000000000000004,0.1554,0.39341772151898735
3675,Sys_DiT_ref_class1000,4.92,4.85,735,0.984,0.97,0.95448,0.976949846468782
3676,Sys_DiT_ref_class1000,4.85,1.5,735,0.97,0.3,0.291,0.458267716535433
3677,Sys_DiT_ref_class1000,4.85,4.2,735,0.97,0.8400000000000001,0.8148000000000001,0.9003314917127072
3678,Sys_DiT_ref_class1000,4.85,1.5,735,0.97,0.3,0.291,0.458267716535433
3679,Sys_DiT_ref_class1000,4.85,3.75,735,0.97,0.75,0.7275,0.8459302325581396
3680,Sys_DiT_ref_class1000,3.85,1.92,736,0.77,0.384,0.29568,0.5124436741767765
3681,Sys_DiT_ref_class1000,4.85,2.65,736,0.97,0.53,0.5141,0.6854666666666667
3682,Sys_DiT_ref_class1000,4.12,2.85,736,0.8240000000000001,0.5700000000000001,0.4696800000000001,0.6738593974175037
3683,Sys_DiT_ref_class1000,4.15,3.85,736,0.8300000000000001,0.77,0.6391000000000001,0.7988750000000001
3684,Sys_DiT_ref_class1000,3.85,3.6,736,0.77,0.72,0.5544,0.7441610738255033
3685,Sys_DiT_ref_class1000,2.85,2.1,737,0.5700000000000001,0.42000000000000004,0.23940000000000006,0.4836363636363637
3686,Sys_DiT_ref_class1000,4.85,2.65,737,0.97,0.53,0.5141,0.6854666666666667
3687,Sys_DiT_ref_class1000,3.85,1.92,737,0.77,0.384,0.29568,0.5124436741767765
3688,Sys_DiT_ref_class1000,2.15,2.85,737,0.43,0.5700000000000001,0.2451,0.4902
3689,Sys_DiT_ref_class1000,4.15,1.85,737,0.8300000000000001,0.37,0.30710000000000004,0.5118333333333334
3690,Sys_DiT_ref_class1000,4.65,3.82,738,0.93,0.764,0.71052,0.8388665879574971
3691,Sys_DiT_ref_class1000,4.85,3.62,738,0.97,0.724,0.7022799999999999,0.8291381345926799
3692,Sys_DiT_ref_class1000,4.85,3.72,738,0.97,0.744,0.72168,0.842100350058343
3693,Sys_DiT_ref_class1000,4.12,3.65,738,0.8240000000000001,0.73,0.60152,0.7741570141570142
3694,Sys_DiT_ref_class1000,3.85,4.12,738,0.77,0.8240000000000001,0.63448,0.7960853199498118
3695,Sys_DiT_ref_class1000,4.85,2.35,739,0.97,0.47000000000000003,0.4559,0.6331944444444445
3696,Sys_DiT_ref_class1000,4.85,1.5,739,0.97,0.3,0.291,0.458267716535433
3697,Sys_DiT_ref_class1000,4.12,2.35,739,0.8240000000000001,0.47000000000000003,0.38728000000000007,0.5985780525502319
3698,Sys_DiT_ref_class1000,4.85,4.12,739,0.97,0.8240000000000001,0.79928,0.8910590858416945
3699,Sys_DiT_ref_class1000,4.85,3.62,739,0.97,0.724,0.7022799999999999,0.8291381345926799
3700,Sys_DiT_ref_class1000,4.85,3.6,740,0.97,0.72,0.6983999999999999,0.8265088757396449
3701,Sys_DiT_ref_class1000,0.85,1.5,740,0.16999999999999998,0.3,0.051,0.2170212765957447
3702,Sys_DiT_ref_class1000,2.85,1.2,740,0.5700000000000001,0.24,0.1368,0.3377777777777778
3703,Sys_DiT_ref_class1000,4.65,2.85,740,0.93,0.5700000000000001,0.5301000000000001,0.7068000000000002
3704,Sys_DiT_ref_class1000,3.85,1.2,740,0.77,0.24,0.1848,0.36594059405940593
3705,Sys_DiT_ref_class1000,4.85,3.65,741,0.97,0.73,0.7081,0.8330588235294117
3706,Sys_DiT_ref_class1000,4.65,3.82,741,0.93,0.764,0.71052,0.8388665879574971
3707,Sys_DiT_ref_class1000,4.85,3.65,741,0.97,0.73,0.7081,0.8330588235294117
3708,Sys_DiT_ref_class1000,4.65,3.85,741,0.93,0.77,0.7161000000000001,0.8424705882352941
3709,Sys_DiT_ref_class1000,4.15,2.85,741,0.8300000000000001,0.5700000000000001,0.4731000000000001,0.6758571428571429
3710,Sys_DiT_ref_class1000,3.85,1.2,742,0.77,0.24,0.1848,0.36594059405940593
3711,Sys_DiT_ref_class1000,3.85,2.45,742,0.77,0.49000000000000005,0.3773,0.5988888888888889
3712,Sys_DiT_ref_class1000,3.85,2.15,742,0.77,0.43,0.3311,0.5518333333333334
3713,Sys_DiT_ref_class1000,4.85,3.72,742,0.97,0.744,0.72168,0.842100350058343
3714,Sys_DiT_ref_class1000,2.85,2.15,742,0.5700000000000001,0.43,0.2451,0.4902
3715,Sys_DiT_ref_class1000,4.25,2.85,743,0.85,0.5700000000000001,0.48450000000000004,0.6823943661971832
3716,Sys_DiT_ref_class1000,1.85,1.2,743,0.37,0.24,0.08879999999999999,0.2911475409836065
3717,Sys_DiT_ref_class1000,4.85,2.15,743,0.97,0.43,0.41709999999999997,0.5958571428571429
3718,Sys_DiT_ref_class1000,3.45,3.12,743,0.6900000000000001,0.624,0.43056000000000005,0.6553424657534247
3719,Sys_DiT_ref_class1000,4.15,3.68,743,0.8300000000000001,0.736,0.6108800000000001,0.7801787994891444
3720,Sys_DiT_ref_class1000,4.65,2.85,744,0.93,0.5700000000000001,0.5301000000000001,0.7068000000000002
3721,Sys_DiT_ref_class1000,4.65,2.85,744,0.93,0.5700000000000001,0.5301000000000001,0.7068000000000002
3722,Sys_DiT_ref_class1000,2.85,2.6,744,0.5700000000000001,0.52,0.29640000000000005,0.5438532110091744
3723,Sys_DiT_ref_class1000,4.65,3.85,744,0.93,0.77,0.7161000000000001,0.8424705882352941
3724,Sys_DiT_ref_class1000,3.85,2.15,744,0.77,0.43,0.3311,0.5518333333333334
3725,Sys_DiT_ref_class1000,4.15,2.85,745,0.8300000000000001,0.5700000000000001,0.4731000000000001,0.6758571428571429
3726,Sys_DiT_ref_class1000,4.85,3.6,745,0.97,0.72,0.6983999999999999,0.8265088757396449
3727,Sys_DiT_ref_class1000,4.85,3.72,745,0.97,0.744,0.72168,0.842100350058343
3728,Sys_DiT_ref_class1000,0.85,1.2,745,0.16999999999999998,0.24,0.040799999999999996,0.19902439024390242
3729,Sys_DiT_ref_class1000,3.42,2.85,745,0.6839999999999999,0.5700000000000001,0.38988,0.6218181818181818
3730,Sys_DiT_ref_class1000,4.85,2.75,746,0.97,0.55,0.5335,0.7019736842105263
3731,Sys_DiT_ref_class1000,3.45,2.8,746,0.6900000000000001,0.5599999999999999,0.38639999999999997,0.6182399999999999
3732,Sys_DiT_ref_class1000,3.85,1.5,746,0.77,0.3,0.23099999999999998,0.4317757009345794
3733,Sys_DiT_ref_class1000,4.85,3.0,746,0.97,0.6,0.582,0.7414012738853504
3734,Sys_DiT_ref_class1000,2.85,2.6,746,0.5700000000000001,0.52,0.29640000000000005,0.5438532110091744
3735,Sys_DiT_ref_class1000,4.85,2.15,747,0.97,0.43,0.41709999999999997,0.5958571428571429
3736,Sys_DiT_ref_class1000,4.85,1.5,747,0.97,0.3,0.291,0.458267716535433
3737,Sys_DiT_ref_class1000,3.42,2.85,747,0.6839999999999999,0.5700000000000001,0.38988,0.6218181818181818
3738,Sys_DiT_ref_class1000,4.85,1.65,747,0.97,0.32999999999999996,0.32009999999999994,0.49246153846153845
3739,Sys_DiT_ref_class1000,4.85,2.15,747,0.97,0.43,0.41709999999999997,0.5958571428571429
3740,Sys_DiT_ref_class1000,4.65,2.85,748,0.93,0.5700000000000001,0.5301000000000001,0.7068000000000002
3741,Sys_DiT_ref_class1000,4.85,2.65,748,0.97,0.53,0.5141,0.6854666666666667
3742,Sys_DiT_ref_class1000,4.65,3.85,748,0.93,0.77,0.7161000000000001,0.8424705882352941
3743,Sys_DiT_ref_class1000,4.85,2.15,748,0.97,0.43,0.41709999999999997,0.5958571428571429
3744,Sys_DiT_ref_class1000,4.85,3.92,748,0.97,0.784,0.76048,0.8671379703534778
3745,Sys_DiT_ref_class1000,3.85,1.5,749,0.77,0.3,0.23099999999999998,0.4317757009345794
3746,Sys_DiT_ref_class1000,3.25,1.85,749,0.65,0.37,0.2405,0.4715686274509804
3747,Sys_DiT_ref_class1000,4.85,2.3,749,0.97,0.45999999999999996,0.44619999999999993,0.624055944055944
3748,Sys_DiT_ref_class1000,2.85,3.42,749,0.5700000000000001,0.6839999999999999,0.38988,0.6218181818181818
3749,Sys_DiT_ref_class1000,4.15,1.85,749,0.8300000000000001,0.37,0.30710000000000004,0.5118333333333334
3750,Sys_DiT_ref_class1000,3.85,2.4,750,0.77,0.48,0.3696,0.59136
3751,Sys_DiT_ref_class1000,3.85,2.75,750,0.77,0.55,0.42350000000000004,0.6416666666666667
3752,Sys_DiT_ref_class1000,2.85,2.15,750,0.5700000000000001,0.43,0.2451,0.4902
3753,Sys_DiT_ref_class1000,3.82,2.15,750,0.764,0.43,0.32852,0.550284757118928
3754,Sys_DiT_ref_class1000,2.85,2.1,750,0.5700000000000001,0.42000000000000004,0.23940000000000006,0.4836363636363637
3755,Sys_DiT_ref_class1000,4.12,2.85,751,0.8240000000000001,0.5700000000000001,0.4696800000000001,0.6738593974175037
3756,Sys_DiT_ref_class1000,4.12,2.85,751,0.8240000000000001,0.5700000000000001,0.4696800000000001,0.6738593974175037
3757,Sys_DiT_ref_class1000,4.12,1.85,751,0.8240000000000001,0.37,0.30488000000000004,0.5106867671691793
3758,Sys_DiT_ref_class1000,4.12,1.85,751,0.8240000000000001,0.37,0.30488000000000004,0.5106867671691793
3759,Sys_DiT_ref_class1000,2.85,2.65,751,0.5700000000000001,0.53,0.30210000000000004,0.5492727272727272
3760,Sys_DiT_ref_class1000,0.15,0.85,752,0.03,0.16999999999999998,0.0050999999999999995,0.051
3761,Sys_DiT_ref_class1000,0.42,1.15,752,0.08399999999999999,0.22999999999999998,0.019319999999999997,0.12305732484076433
3762,Sys_DiT_ref_class1000,0.15,0.85,752,0.03,0.16999999999999998,0.0050999999999999995,0.051
3763,Sys_DiT_ref_class1000,4.65,2.85,752,0.93,0.5700000000000001,0.5301000000000001,0.7068000000000002
3764,Sys_DiT_ref_class1000,0.85,1.2,752,0.16999999999999998,0.24,0.040799999999999996,0.19902439024390242
3765,Sys_DiT_ref_class1000,4.85,3.72,753,0.97,0.744,0.72168,0.842100350058343
3766,Sys_DiT_ref_class1000,3.85,1.92,753,0.77,0.384,0.29568,0.5124436741767765
3767,Sys_DiT_ref_class1000,4.85,3.62,753,0.97,0.724,0.7022799999999999,0.8291381345926799
3768,Sys_DiT_ref_class1000,4.85,3.72,753,0.97,0.744,0.72168,0.842100350058343
3769,Sys_DiT_ref_class1000,4.85,1.65,753,0.97,0.32999999999999996,0.32009999999999994,0.49246153846153845
3770,Sys_DiT_ref_class1000,2.85,2.4,754,0.5700000000000001,0.48,0.2736,0.5211428571428571
3771,Sys_DiT_ref_class1000,4.15,1.85,754,0.8300000000000001,0.37,0.30710000000000004,0.5118333333333334
3772,Sys_DiT_ref_class1000,3.85,2.65,754,0.77,0.53,0.4081,0.6278461538461538
3773,Sys_DiT_ref_class1000,3.85,1.25,754,0.77,0.25,0.1925,0.37745098039215685
3774,Sys_DiT_ref_class1000,2.85,1.92,754,0.5700000000000001,0.384,0.21888000000000002,0.4588679245283019
3775,Sys_DiT_ref_class1000,4.12,2.85,755,0.8240000000000001,0.5700000000000001,0.4696800000000001,0.6738593974175037
3776,Sys_DiT_ref_class1000,4.65,2.85,755,0.93,0.5700000000000001,0.5301000000000001,0.7068000000000002
3777,Sys_DiT_ref_class1000,4.65,3.85,755,0.93,0.77,0.7161000000000001,0.8424705882352941
3778,Sys_DiT_ref_class1000,4.85,2.9,755,0.97,0.58,0.5626,0.7259354838709678
3779,Sys_DiT_ref_class1000,4.85,4.92,755,0.97,0.984,0.95448,0.976949846468782
3780,Sys_DiT_ref_class1000,4.65,1.82,756,0.93,0.364,0.33852,0.5232148377125193
3781,Sys_DiT_ref_class1000,4.15,3.65,756,0.8300000000000001,0.73,0.6059,0.7767948717948717
3782,Sys_DiT_ref_class1000,4.65,1.5,756,0.93,0.3,0.279,0.4536585365853659
3783,Sys_DiT_ref_class1000,2.15,2.8,756,0.43,0.5599999999999999,0.24079999999999996,0.4864646464646464
3784,Sys_DiT_ref_class1000,4.65,3.82,756,0.93,0.764,0.71052,0.8388665879574971
3785,Sys_DiT_ref_class1000,4.85,3.62,757,0.97,0.724,0.7022799999999999,0.8291381345926799
3786,Sys_DiT_ref_class1000,3.45,2.15,757,0.6900000000000001,0.43,0.2967,0.5298214285714286
3787,Sys_DiT_ref_class1000,4.85,3.75,757,0.97,0.75,0.7275,0.8459302325581396
3788,Sys_DiT_ref_class1000,4.85,3.2,757,0.97,0.64,0.6208,0.7711801242236026
3789,Sys_DiT_ref_class1000,4.85,2.65,757,0.97,0.53,0.5141,0.6854666666666667
3790,Sys_DiT_ref_class1000,3.85,4.12,758,0.77,0.8240000000000001,0.63448,0.7960853199498118
3791,Sys_DiT_ref_class1000,0.15,1.2,758,0.03,0.24,0.0072,0.05333333333333333
3792,Sys_DiT_ref_class1000,1.85,2.4,758,0.37,0.48,0.17759999999999998,0.4178823529411764
3793,Sys_DiT_ref_class1000,3.85,1.62,758,0.77,0.324,0.24948,0.4560877513711152
3794,Sys_DiT_ref_class1000,0.12,0.85,758,0.024,0.16999999999999998,0.004079999999999999,0.04206185567010309
3795,Sys_DiT_ref_class1000,4.65,2.85,759,0.93,0.5700000000000001,0.5301000000000001,0.7068000000000002
3796,Sys_DiT_ref_class1000,1.85,2.4,759,0.37,0.48,0.17759999999999998,0.4178823529411764
3797,Sys_DiT_ref_class1000,4.65,3.85,759,0.93,0.77,0.7161000000000001,0.8424705882352941
3798,Sys_DiT_ref_class1000,4.65,2.85,759,0.93,0.5700000000000001,0.5301000000000001,0.7068000000000002
3799,Sys_DiT_ref_class1000,4.85,3.75,759,0.97,0.75,0.7275,0.8459302325581396
3800,Sys_DiT_ref_class1000,0.85,0.62,760,0.16999999999999998,0.124,0.021079999999999998,0.14340136054421768
3801,Sys_DiT_ref_class1000,4.85,3.72,760,0.97,0.744,0.72168,0.842100350058343
3802,Sys_DiT_ref_class1000,4.85,2.1,760,0.97,0.42000000000000004,0.40740000000000004,0.5861870503597122
3803,Sys_DiT_ref_class1000,4.85,3.72,760,0.97,0.744,0.72168,0.842100350058343
3804,Sys_DiT_ref_class1000,3.85,2.9,760,0.77,0.58,0.4466,0.6616296296296296
3805,Sys_DiT_ref_class1000,4.85,4.62,761,0.97,0.924,0.89628,0.9464413938753959
3806,Sys_DiT_ref_class1000,4.65,3.85,761,0.93,0.77,0.7161000000000001,0.8424705882352941
3807,Sys_DiT_ref_class1000,2.15,1.2,761,0.43,0.24,0.1032,0.30805970149253736
3808,Sys_DiT_ref_class1000,1.15,0.85,761,0.22999999999999998,0.16999999999999998,0.039099999999999996,0.1955
3809,Sys_DiT_ref_class1000,0.12,0.85,761,0.024,0.16999999999999998,0.004079999999999999,0.04206185567010309
3810,Sys_DiT_ref_class1000,3.82,1.47,762,0.764,0.294,0.22461599999999998,0.4246049149338374
3811,Sys_DiT_ref_class1000,3.42,2.15,762,0.6839999999999999,0.43,0.29412,0.5280430879712747
3812,Sys_DiT_ref_class1000,4.85,1.92,762,0.97,0.384,0.37248,0.5501920236336779
3813,Sys_DiT_ref_class1000,0.85,0.92,762,0.16999999999999998,0.184,0.031279999999999995,0.1767231638418079
3814,Sys_DiT_ref_class1000,3.82,1.65,762,0.764,0.32999999999999996,0.25211999999999996,0.4609140767824497
3815,Sys_DiT_ref_class1000,4.65,3.82,763,0.93,0.764,0.71052,0.8388665879574971
3816,Sys_DiT_ref_class1000,4.85,3.75,763,0.97,0.75,0.7275,0.8459302325581396
3817,Sys_DiT_ref_class1000,0.12,0.85,763,0.024,0.16999999999999998,0.004079999999999999,0.04206185567010309
3818,Sys_DiT_ref_class1000,0.0,0.0,763,0.0,0.0,0.0,0.0
3819,Sys_DiT_ref_class1000,4.85,1.2,763,0.97,0.24,0.23279999999999998,0.384793388429752
3820,Sys_DiT_ref_class1000,3.42,1.85,764,0.6839999999999999,0.37,0.25307999999999997,0.4802277039848198
3821,Sys_DiT_ref_class1000,3.85,3.6,764,0.77,0.72,0.5544,0.7441610738255033
3822,Sys_DiT_ref_class1000,2.85,1.5,764,0.5700000000000001,0.3,0.171,0.3931034482758621
3823,Sys_DiT_ref_class1000,4.15,2.85,764,0.8300000000000001,0.5700000000000001,0.4731000000000001,0.6758571428571429
3824,Sys_DiT_ref_class1000,1.85,0.92,764,0.37,0.184,0.06808,0.24577617328519855
3825,Sys_DiT_ref_class1000,4.15,2.85,765,0.8300000000000001,0.5700000000000001,0.4731000000000001,0.6758571428571429
3826,Sys_DiT_ref_class1000,4.65,3.85,765,0.93,0.77,0.7161000000000001,0.8424705882352941
3827,Sys_DiT_ref_class1000,4.85,1.65,765,0.97,0.32999999999999996,0.32009999999999994,0.49246153846153845
3828,Sys_DiT_ref_class1000,4.65,2.85,765,0.93,0.5700000000000001,0.5301000000000001,0.7068000000000002
3829,Sys_DiT_ref_class1000,4.65,3.85,765,0.93,0.77,0.7161000000000001,0.8424705882352941
3830,Sys_DiT_ref_class1000,4.15,2.85,766,0.8300000000000001,0.5700000000000001,0.4731000000000001,0.6758571428571429
3831,Sys_DiT_ref_class1000,4.85,3.6,766,0.97,0.72,0.6983999999999999,0.8265088757396449
3832,Sys_DiT_ref_class1000,4.85,3.75,766,0.97,0.75,0.7275,0.8459302325581396
3833,Sys_DiT_ref_class1000,2.85,2.15,766,0.5700000000000001,0.43,0.2451,0.4902
3834,Sys_DiT_ref_class1000,4.85,3.75,766,0.97,0.75,0.7275,0.8459302325581396
3835,Sys_DiT_ref_class1000,0.15,4.85,767,0.03,0.97,0.029099999999999997,0.058199999999999995
3836,Sys_DiT_ref_class1000,0.12,2.85,767,0.024,0.5700000000000001,0.013680000000000001,0.04606060606060606
3837,Sys_DiT_ref_class1000,2.85,1.65,767,0.5700000000000001,0.32999999999999996,0.1881,0.418
3838,Sys_DiT_ref_class1000,1.85,2.1,767,0.37,0.42000000000000004,0.1554,0.39341772151898735
3839,Sys_DiT_ref_class1000,4.85,3.62,767,0.97,0.724,0.7022799999999999,0.8291381345926799
3840,Sys_DiT_ref_class1000,3.85,1.5,768,0.77,0.3,0.23099999999999998,0.4317757009345794
3841,Sys_DiT_ref_class1000,2.85,1.5,768,0.5700000000000001,0.3,0.171,0.3931034482758621
3842,Sys_DiT_ref_class1000,3.85,2.0,768,0.77,0.4,0.30800000000000005,0.5264957264957266
3843,Sys_DiT_ref_class1000,0.12,0.85,768,0.024,0.16999999999999998,0.004079999999999999,0.04206185567010309
3844,Sys_DiT_ref_class1000,3.85,1.5,768,0.77,0.3,0.23099999999999998,0.4317757009345794
3845,Sys_DiT_ref_class1000,2.15,1.85,769,0.43,0.37,0.1591,0.39774999999999994
3846,Sys_DiT_ref_class1000,0.12,2.85,769,0.024,0.5700000000000001,0.013680000000000001,0.04606060606060606
3847,Sys_DiT_ref_class1000,4.85,4.92,769,0.97,0.984,0.95448,0.976949846468782
3848,Sys_DiT_ref_class1000,2.85,1.92,769,0.5700000000000001,0.384,0.21888000000000002,0.4588679245283019
3849,Sys_DiT_ref_class1000,4.15,3.2,769,0.8300000000000001,0.64,0.5312,0.7227210884353741
3850,Sys_DiT_ref_class1000,4.15,2.85,770,0.8300000000000001,0.5700000000000001,0.4731000000000001,0.6758571428571429
3851,Sys_DiT_ref_class1000,2.15,2.85,770,0.43,0.5700000000000001,0.2451,0.4902
3852,Sys_DiT_ref_class1000,3.82,1.95,770,0.764,0.39,0.29796,0.5163951473136915
3853,Sys_DiT_ref_class1000,4.65,2.85,770,0.93,0.5700000000000001,0.5301000000000001,0.7068000000000002
3854,Sys_DiT_ref_class1000,4.35,3.85,770,0.8699999999999999,0.77,0.6698999999999999,0.8169512195121951
3855,Sys_DiT_ref_class1000,4.65,1.85,771,0.93,0.37,0.3441,0.5293846153846153
3856,Sys_DiT_ref_class1000,1.85,1.2,771,0.37,0.24,0.08879999999999999,0.2911475409836065
3857,Sys_DiT_ref_class1000,4.15,2.85,771,0.8300000000000001,0.5700000000000001,0.4731000000000001,0.6758571428571429
3858,Sys_DiT_ref_class1000,0.15,1.82,771,0.03,0.364,0.01092,0.05543147208121827
3859,Sys_DiT_ref_class1000,2.85,1.92,771,0.5700000000000001,0.384,0.21888000000000002,0.4588679245283019
3860,Sys_DiT_ref_class1000,0.05,2.85,772,0.01,0.5700000000000001,0.005700000000000001,0.019655172413793106
3861,Sys_DiT_ref_class1000,3.42,1.85,772,0.6839999999999999,0.37,0.25307999999999997,0.4802277039848198
3862,Sys_DiT_ref_class1000,0.12,1.85,772,0.024,0.37,0.00888,0.0450761421319797
3863,Sys_DiT_ref_class1000,1.85,1.2,772,0.37,0.24,0.08879999999999999,0.2911475409836065
3864,Sys_DiT_ref_class1000,4.85,3.72,772,0.97,0.744,0.72168,0.842100350058343
3865,Sys_DiT_ref_class1000,5.0,5.0,773,1.0,1.0,1.0,1.0
3866,Sys_DiT_ref_class1000,4.92,3.85,773,0.984,0.77,0.75768,0.863945267958951
3867,Sys_DiT_ref_class1000,4.85,3.75,773,0.97,0.75,0.7275,0.8459302325581396
3868,Sys_DiT_ref_class1000,1.85,2.9,773,0.37,0.58,0.21459999999999999,0.4517894736842105
3869,Sys_DiT_ref_class1000,3.42,3.85,773,0.6839999999999999,0.77,0.5266799999999999,0.7244566712517193
3870,Sys_DiT_ref_class1000,4.65,2.85,774,0.93,0.5700000000000001,0.5301000000000001,0.7068000000000002
3871,Sys_DiT_ref_class1000,2.85,2.4,774,0.5700000000000001,0.48,0.2736,0.5211428571428571
3872,Sys_DiT_ref_class1000,4.85,3.65,774,0.97,0.73,0.7081,0.8330588235294117
3873,Sys_DiT_ref_class1000,4.15,2.85,774,0.8300000000000001,0.5700000000000001,0.4731000000000001,0.6758571428571429
3874,Sys_DiT_ref_class1000,4.85,3.72,774,0.97,0.744,0.72168,0.842100350058343
3875,Sys_DiT_ref_class1000,4.65,2.85,775,0.93,0.5700000000000001,0.5301000000000001,0.7068000000000002
3876,Sys_DiT_ref_class1000,4.85,4.62,775,0.97,0.924,0.89628,0.9464413938753959
3877,Sys_DiT_ref_class1000,3.85,2.65,775,0.77,0.53,0.4081,0.6278461538461538
3878,Sys_DiT_ref_class1000,4.65,2.0,775,0.93,0.4,0.37200000000000005,0.5593984962406016
3879,Sys_DiT_ref_class1000,4.85,3.75,775,0.97,0.75,0.7275,0.8459302325581396
3880,Sys_DiT_ref_class1000,1.25,1.1,776,0.25,0.22000000000000003,0.05500000000000001,0.23404255319148937
3881,Sys_DiT_ref_class1000,2.15,2.3,776,0.43,0.45999999999999996,0.19779999999999998,0.4444943820224719
3882,Sys_DiT_ref_class1000,4.85,4.62,776,0.97,0.924,0.89628,0.9464413938753959
3883,Sys_DiT_ref_class1000,2.85,1.45,776,0.5700000000000001,0.29,0.1653,0.38441860465116273
3884,Sys_DiT_ref_class1000,3.85,3.2,776,0.77,0.64,0.4928,0.6990070921985815
3885,Sys_DiT_ref_class1000,0.85,2.9,777,0.16999999999999998,0.58,0.09859999999999998,0.2629333333333333
3886,Sys_DiT_ref_class1000,4.85,3.62,777,0.97,0.724,0.7022799999999999,0.8291381345926799
3887,Sys_DiT_ref_class1000,3.85,2.75,777,0.77,0.55,0.42350000000000004,0.6416666666666667
3888,Sys_DiT_ref_class1000,1.85,1.92,777,0.37,0.384,0.14208,0.37687002652519896
3889,Sys_DiT_ref_class1000,2.85,3.42,777,0.5700000000000001,0.6839999999999999,0.38988,0.6218181818181818
3890,Sys_DiT_ref_class1000,4.85,2.1,778,0.97,0.42000000000000004,0.40740000000000004,0.5861870503597122
3891,Sys_DiT_ref_class1000,1.85,2.4,778,0.37,0.48,0.17759999999999998,0.4178823529411764
3892,Sys_DiT_ref_class1000,4.15,1.85,778,0.8300000000000001,0.37,0.30710000000000004,0.5118333333333334
3893,Sys_DiT_ref_class1000,3.82,1.47,778,0.764,0.294,0.22461599999999998,0.4246049149338374
3894,Sys_DiT_ref_class1000,1.85,3.2,778,0.37,0.64,0.2368,0.46891089108910894
3895,Sys_DiT_ref_class1000,2.85,1.92,779,0.5700000000000001,0.384,0.21888000000000002,0.4588679245283019
3896,Sys_DiT_ref_class1000,1.25,1.85,779,0.25,0.37,0.0925,0.29838709677419356
3897,Sys_DiT_ref_class1000,4.15,2.85,779,0.8300000000000001,0.5700000000000001,0.4731000000000001,0.6758571428571429
3898,Sys_DiT_ref_class1000,2.85,1.65,779,0.5700000000000001,0.32999999999999996,0.1881,0.418
3899,Sys_DiT_ref_class1000,4.85,2.9,779,0.97,0.58,0.5626,0.7259354838709678
3900,Sys_DiT_ref_class1000,4.65,3.82,780,0.93,0.764,0.71052,0.8388665879574971
3901,Sys_DiT_ref_class1000,4.65,3.82,780,0.93,0.764,0.71052,0.8388665879574971
3902,Sys_DiT_ref_class1000,4.85,3.2,780,0.97,0.64,0.6208,0.7711801242236026
3903,Sys_DiT_ref_class1000,4.72,2.35,780,0.944,0.47000000000000003,0.44368,0.6275530410183876
3904,Sys_DiT_ref_class1000,4.85,3.2,780,0.97,0.64,0.6208,0.7711801242236026
3905,Sys_DiT_ref_class1000,3.85,2.15,781,0.77,0.43,0.3311,0.5518333333333334
3906,Sys_DiT_ref_class1000,2.85,2.1,781,0.5700000000000001,0.42000000000000004,0.23940000000000006,0.4836363636363637
3907,Sys_DiT_ref_class1000,3.85,1.2,781,0.77,0.24,0.1848,0.36594059405940593
3908,Sys_DiT_ref_class1000,3.85,1.92,781,0.77,0.384,0.29568,0.5124436741767765
3909,Sys_DiT_ref_class1000,3.82,1.47,781,0.764,0.294,0.22461599999999998,0.4246049149338374
3910,Sys_DiT_ref_class1000,4.15,2.85,782,0.8300000000000001,0.5700000000000001,0.4731000000000001,0.6758571428571429
3911,Sys_DiT_ref_class1000,4.85,3.65,782,0.97,0.73,0.7081,0.8330588235294117
3912,Sys_DiT_ref_class1000,2.85,2.1,782,0.5700000000000001,0.42000000000000004,0.23940000000000006,0.4836363636363637
3913,Sys_DiT_ref_class1000,4.65,1.85,782,0.93,0.37,0.3441,0.5293846153846153
3914,Sys_DiT_ref_class1000,4.65,2.85,782,0.93,0.5700000000000001,0.5301000000000001,0.7068000000000002
3915,Sys_DiT_ref_class1000,4.85,4.12,783,0.97,0.8240000000000001,0.79928,0.8910590858416945
3916,Sys_DiT_ref_class1000,4.92,4.65,783,0.984,0.93,0.91512,0.9562382445141066
3917,Sys_DiT_ref_class1000,3.85,3.62,783,0.77,0.724,0.55748,0.7462918340026774
3918,Sys_DiT_ref_class1000,5.0,5.0,783,1.0,1.0,1.0,1.0
3919,Sys_DiT_ref_class1000,4.65,2.1,783,0.93,0.42000000000000004,0.39060000000000006,0.5786666666666667
3920,Sys_DiT_ref_class1000,1.85,1.2,784,0.37,0.24,0.08879999999999999,0.2911475409836065
3921,Sys_DiT_ref_class1000,4.65,3.85,784,0.93,0.77,0.7161000000000001,0.8424705882352941
3922,Sys_DiT_ref_class1000,1.85,1.42,784,0.37,0.284,0.10507999999999999,0.3213455657492355
3923,Sys_DiT_ref_class1000,3.85,2.9,784,0.77,0.58,0.4466,0.6616296296296296
3924,Sys_DiT_ref_class1000,4.12,2.85,784,0.8240000000000001,0.5700000000000001,0.4696800000000001,0.6738593974175037
3925,Sys_DiT_ref_class1000,4.85,4.92,785,0.97,0.984,0.95448,0.976949846468782
3926,Sys_DiT_ref_class1000,4.15,3.2,785,0.8300000000000001,0.64,0.5312,0.7227210884353741
3927,Sys_DiT_ref_class1000,1.85,1.2,785,0.37,0.24,0.08879999999999999,0.2911475409836065
3928,Sys_DiT_ref_class1000,4.85,4.2,785,0.97,0.8400000000000001,0.8148000000000001,0.9003314917127072
3929,Sys_DiT_ref_class1000,5.0,5.0,785,1.0,1.0,1.0,1.0
3930,Sys_DiT_ref_class1000,4.85,3.75,786,0.97,0.75,0.7275,0.8459302325581396
3931,Sys_DiT_ref_class1000,4.85,1.92,786,0.97,0.384,0.37248,0.5501920236336779
3932,Sys_DiT_ref_class1000,4.85,3.2,786,0.97,0.64,0.6208,0.7711801242236026
3933,Sys_DiT_ref_class1000,4.85,3.72,786,0.97,0.744,0.72168,0.842100350058343
3934,Sys_DiT_ref_class1000,4.65,2.85,786,0.93,0.5700000000000001,0.5301000000000001,0.7068000000000002
3935,Sys_DiT_ref_class1000,4.85,3.2,787,0.97,0.64,0.6208,0.7711801242236026
3936,Sys_DiT_ref_class1000,4.12,2.85,787,0.8240000000000001,0.5700000000000001,0.4696800000000001,0.6738593974175037
3937,Sys_DiT_ref_class1000,0.0,2.85,787,0.0,0.5700000000000001,0.0,0.0
3938,Sys_DiT_ref_class1000,4.15,2.85,787,0.8300000000000001,0.5700000000000001,0.4731000000000001,0.6758571428571429
3939,Sys_DiT_ref_class1000,4.85,3.65,787,0.97,0.73,0.7081,0.8330588235294117
3940,Sys_DiT_ref_class1000,0.85,1.92,788,0.16999999999999998,0.384,0.06527999999999999,0.23566787003610104
3941,Sys_DiT_ref_class1000,3.85,1.5,788,0.77,0.3,0.23099999999999998,0.4317757009345794
3942,Sys_DiT_ref_class1000,2.85,2.1,788,0.5700000000000001,0.42000000000000004,0.23940000000000006,0.4836363636363637
3943,Sys_DiT_ref_class1000,0.12,0.85,788,0.024,0.16999999999999998,0.004079999999999999,0.04206185567010309
3944,Sys_DiT_ref_class1000,0.12,0.85,788,0.024,0.16999999999999998,0.004079999999999999,0.04206185567010309
3945,Sys_DiT_ref_class1000,1.85,3.42,789,0.37,0.6839999999999999,0.25307999999999997,0.4802277039848198
3946,Sys_DiT_ref_class1000,0.85,1.2,789,0.16999999999999998,0.24,0.040799999999999996,0.19902439024390242
3947,Sys_DiT_ref_class1000,4.92,4.95,789,0.984,0.99,0.97416,0.9869908814589666
3948,Sys_DiT_ref_class1000,4.85,2.15,789,0.97,0.43,0.41709999999999997,0.5958571428571429
3949,Sys_DiT_ref_class1000,4.92,4.85,789,0.984,0.97,0.95448,0.976949846468782
3950,Sys_DiT_ref_class1000,4.85,3.65,790,0.97,0.73,0.7081,0.8330588235294117
3951,Sys_DiT_ref_class1000,4.85,3.62,790,0.97,0.724,0.7022799999999999,0.8291381345926799
3952,Sys_DiT_ref_class1000,4.85,3.2,790,0.97,0.64,0.6208,0.7711801242236026
3953,Sys_DiT_ref_class1000,2.85,1.42,790,0.5700000000000001,0.284,0.16188,0.3791100702576112
3954,Sys_DiT_ref_class1000,2.85,3.65,790,0.5700000000000001,0.73,0.4161,0.6401538461538462
3955,Sys_DiT_ref_class1000,1.85,2.1,791,0.37,0.42000000000000004,0.1554,0.39341772151898735
3956,Sys_DiT_ref_class1000,0.85,1.2,791,0.16999999999999998,0.24,0.040799999999999996,0.19902439024390242
3957,Sys_DiT_ref_class1000,3.82,1.47,791,0.764,0.294,0.22461599999999998,0.4246049149338374
3958,Sys_DiT_ref_class1000,0.12,0.85,791,0.024,0.16999999999999998,0.004079999999999999,0.04206185567010309
3959,Sys_DiT_ref_class1000,3.82,2.65,791,0.764,0.53,0.40492,0.6258423493044822
3960,Sys_DiT_ref_class1000,4.85,4.2,792,0.97,0.8400000000000001,0.8148000000000001,0.9003314917127072
3961,Sys_DiT_ref_class1000,4.85,3.65,792,0.97,0.73,0.7081,0.8330588235294117
3962,Sys_DiT_ref_class1000,4.15,3.25,792,0.8300000000000001,0.65,0.5395000000000001,0.7290540540540542
3963,Sys_DiT_ref_class1000,4.85,3.62,792,0.97,0.724,0.7022799999999999,0.8291381345926799
3964,Sys_DiT_ref_class1000,3.85,3.62,792,0.77,0.724,0.55748,0.7462918340026774
3965,Sys_DiT_ref_class1000,4.85,3.62,793,0.97,0.724,0.7022799999999999,0.8291381345926799
3966,Sys_DiT_ref_class1000,4.15,3.85,793,0.8300000000000001,0.77,0.6391000000000001,0.7988750000000001
3967,Sys_DiT_ref_class1000,4.85,1.2,793,0.97,0.24,0.23279999999999998,0.384793388429752
3968,Sys_DiT_ref_class1000,4.85,1.2,793,0.97,0.24,0.23279999999999998,0.384793388429752
3969,Sys_DiT_ref_class1000,4.85,3.75,793,0.97,0.75,0.7275,0.8459302325581396
3970,Sys_DiT_ref_class1000,4.85,3.65,794,0.97,0.73,0.7081,0.8330588235294117
3971,Sys_DiT_ref_class1000,4.12,2.85,794,0.8240000000000001,0.5700000000000001,0.4696800000000001,0.6738593974175037
3972,Sys_DiT_ref_class1000,4.85,2.1,794,0.97,0.42000000000000004,0.40740000000000004,0.5861870503597122
3973,Sys_DiT_ref_class1000,4.85,3.75,794,0.97,0.75,0.7275,0.8459302325581396
3974,Sys_DiT_ref_class1000,4.85,3.2,794,0.97,0.64,0.6208,0.7711801242236026
3975,Sys_DiT_ref_class1000,1.85,1.2,795,0.37,0.24,0.08879999999999999,0.2911475409836065
3976,Sys_DiT_ref_class1000,0.15,2.85,795,0.03,0.5700000000000001,0.0171,0.056999999999999995
3977,Sys_DiT_ref_class1000,4.15,2.0,795,0.8300000000000001,0.4,0.3320000000000001,0.5398373983739838
3978,Sys_DiT_ref_class1000,4.15,2.85,795,0.8300000000000001,0.5700000000000001,0.4731000000000001,0.6758571428571429
3979,Sys_DiT_ref_class1000,0.42,1.15,795,0.08399999999999999,0.22999999999999998,0.019319999999999997,0.12305732484076433
3980,Sys_DiT_ref_class1000,4.85,1.5,796,0.97,0.3,0.291,0.458267716535433
3981,Sys_DiT_ref_class1000,4.85,3.65,796,0.97,0.73,0.7081,0.8330588235294117
3982,Sys_DiT_ref_class1000,4.65,3.8,796,0.93,0.76,0.7068000000000001,0.8364497041420119
3983,Sys_DiT_ref_class1000,4.85,3.2,796,0.97,0.64,0.6208,0.7711801242236026
3984,Sys_DiT_ref_class1000,4.92,4.65,796,0.984,0.93,0.91512,0.9562382445141066
3985,Sys_DiT_ref_class1000,4.85,3.6,797,0.97,0.72,0.6983999999999999,0.8265088757396449
3986,Sys_DiT_ref_class1000,4.15,2.0,797,0.8300000000000001,0.4,0.3320000000000001,0.5398373983739838
3987,Sys_DiT_ref_class1000,4.15,3.85,797,0.8300000000000001,0.77,0.6391000000000001,0.7988750000000001
3988,Sys_DiT_ref_class1000,4.15,1.5,797,0.8300000000000001,0.3,0.249,0.44070796460176986
3989,Sys_DiT_ref_class1000,3.42,4.15,797,0.6839999999999999,0.8300000000000001,0.56772,0.7499603698811096
3990,Sys_DiT_ref_class1000,4.65,3.85,798,0.93,0.77,0.7161000000000001,0.8424705882352941
3991,Sys_DiT_ref_class1000,3.85,2.15,798,0.77,0.43,0.3311,0.5518333333333334
3992,Sys_DiT_ref_class1000,1.85,1.2,798,0.37,0.24,0.08879999999999999,0.2911475409836065
3993,Sys_DiT_ref_class1000,3.85,1.25,798,0.77,0.25,0.1925,0.37745098039215685
3994,Sys_DiT_ref_class1000,2.85,1.92,798,0.5700000000000001,0.384,0.21888000000000002,0.4588679245283019
3995,Sys_DiT_ref_class1000,4.65,2.85,799,0.93,0.5700000000000001,0.5301000000000001,0.7068000000000002
3996,Sys_DiT_ref_class1000,4.85,3.75,799,0.97,0.75,0.7275,0.8459302325581396
3997,Sys_DiT_ref_class1000,4.15,1.85,799,0.8300000000000001,0.37,0.30710000000000004,0.5118333333333334
3998,Sys_DiT_ref_class1000,4.85,3.72,799,0.97,0.744,0.72168,0.842100350058343
3999,Sys_DiT_ref_class1000,4.85,3.82,799,0.97,0.764,0.74108,0.8547635524798154
4000,Sys_DiT_ref_class1000,3.82,2.15,800,0.764,0.43,0.32852,0.550284757118928
4001,Sys_DiT_ref_class1000,4.65,4.12,800,0.93,0.8240000000000001,0.7663200000000001,0.8737970353477766
4002,Sys_DiT_ref_class1000,4.65,2.85,800,0.93,0.5700000000000001,0.5301000000000001,0.7068000000000002
4003,Sys_DiT_ref_class1000,4.15,2.85,800,0.8300000000000001,0.5700000000000001,0.4731000000000001,0.6758571428571429
4004,Sys_DiT_ref_class1000,3.65,2.85,800,0.73,0.5700000000000001,0.4161,0.6401538461538462
4005,Sys_DiT_ref_class1000,4.35,3.82,801,0.8699999999999999,0.764,0.6646799999999999,0.8135618115055079
4006,Sys_DiT_ref_class1000,4.12,1.5,801,0.8240000000000001,0.3,0.2472,0.43985765124555154
4007,Sys_DiT_ref_class1000,4.65,1.5,801,0.93,0.3,0.279,0.4536585365853659
4008,Sys_DiT_ref_class1000,0.0,1.25,801,0.0,0.25,0.0,0.0
4009,Sys_DiT_ref_class1000,4.65,3.0,801,0.93,0.6,0.558,0.7294117647058824
4010,Sys_DiT_ref_class1000,2.15,1.85,802,0.43,0.37,0.1591,0.39774999999999994
4011,Sys_DiT_ref_class1000,4.65,3.85,802,0.93,0.77,0.7161000000000001,0.8424705882352941
4012,Sys_DiT_ref_class1000,4.65,2.85,802,0.93,0.5700000000000001,0.5301000000000001,0.7068000000000002
4013,Sys_DiT_ref_class1000,4.63,3.82,802,0.9259999999999999,0.764,0.707464,0.8372355029585798
4014,Sys_DiT_ref_class1000,3.42,2.15,802,0.6839999999999999,0.43,0.29412,0.5280430879712747
4015,Sys_DiT_ref_class1000,4.85,3.72,803,0.97,0.744,0.72168,0.842100350058343
4016,Sys_DiT_ref_class1000,4.65,2.85,803,0.93,0.5700000000000001,0.5301000000000001,0.7068000000000002
4017,Sys_DiT_ref_class1000,0.0,0.0,803,0.0,0.0,0.0,0.0
4018,Sys_DiT_ref_class1000,3.15,1.85,803,0.63,0.37,0.2331,0.4662
4019,Sys_DiT_ref_class1000,4.15,2.35,803,0.8300000000000001,0.47000000000000003,0.39010000000000006,0.6001538461538463
4020,Sys_DiT_ref_class1000,1.85,0.92,804,0.37,0.184,0.06808,0.24577617328519855
4021,Sys_DiT_ref_class1000,4.15,2.85,804,0.8300000000000001,0.5700000000000001,0.4731000000000001,0.6758571428571429
4022,Sys_DiT_ref_class1000,1.85,2.1,804,0.37,0.42000000000000004,0.1554,0.39341772151898735
4023,Sys_DiT_ref_class1000,3.85,1.25,804,0.77,0.25,0.1925,0.37745098039215685
4024,Sys_DiT_ref_class1000,3.85,1.65,804,0.77,0.32999999999999996,0.2541,0.46199999999999997
4025,Sys_DiT_ref_class1000,1.85,1.5,805,0.37,0.3,0.111,0.3313432835820896
4026,Sys_DiT_ref_class1000,4.85,4.62,805,0.97,0.924,0.89628,0.9464413938753959
4027,Sys_DiT_ref_class1000,2.85,1.65,805,0.5700000000000001,0.32999999999999996,0.1881,0.418
4028,Sys_DiT_ref_class1000,1.25,1.5,805,0.25,0.3,0.075,0.2727272727272727
4029,Sys_DiT_ref_class1000,4.85,1.5,805,0.97,0.3,0.291,0.458267716535433
4030,Sys_DiT_ref_class1000,3.85,3.2,806,0.77,0.64,0.4928,0.6990070921985815
4031,Sys_DiT_ref_class1000,4.92,4.98,806,0.984,0.9960000000000001,0.980064,0.9899636363636364
4032,Sys_DiT_ref_class1000,4.95,4.98,806,0.99,0.9960000000000001,0.9860400000000001,0.9929909365558913
4033,Sys_DiT_ref_class1000,1.25,1.85,806,0.25,0.37,0.0925,0.29838709677419356
4034,Sys_DiT_ref_class1000,4.85,4.72,806,0.97,0.944,0.9156799999999999,0.9568234064785789
4035,Sys_DiT_ref_class1000,2.85,1.92,807,0.5700000000000001,0.384,0.21888000000000002,0.4588679245283019
4036,Sys_DiT_ref_class1000,4.65,2.85,807,0.93,0.5700000000000001,0.5301000000000001,0.7068000000000002
4037,Sys_DiT_ref_class1000,4.12,2.85,807,0.8240000000000001,0.5700000000000001,0.4696800000000001,0.6738593974175037
4038,Sys_DiT_ref_class1000,1.15,2.35,807,0.22999999999999998,0.47000000000000003,0.1081,0.3088571428571429
4039,Sys_DiT_ref_class1000,4.82,3.65,807,0.9640000000000001,0.73,0.70372,0.8308382526564345
4040,Sys_DiT_ref_class1000,4.12,4.35,808,0.8240000000000001,0.8699999999999999,0.71688,0.846375442739079
4041,Sys_DiT_ref_class1000,4.85,1.5,808,0.97,0.3,0.291,0.458267716535433
4042,Sys_DiT_ref_class1000,3.85,1.92,808,0.77,0.384,0.29568,0.5124436741767765
4043,Sys_DiT_ref_class1000,2.85,2.0,808,0.5700000000000001,0.4,0.22800000000000004,0.4701030927835052
4044,Sys_DiT_ref_class1000,4.15,1.5,808,0.8300000000000001,0.3,0.249,0.44070796460176986
4045,Sys_DiT_ref_class1000,4.65,2.85,809,0.93,0.5700000000000001,0.5301000000000001,0.7068000000000002
4046,Sys_DiT_ref_class1000,4.12,2.85,809,0.8240000000000001,0.5700000000000001,0.4696800000000001,0.6738593974175037
4047,Sys_DiT_ref_class1000,0.85,1.2,809,0.16999999999999998,0.24,0.040799999999999996,0.19902439024390242
4048,Sys_DiT_ref_class1000,4.85,3.72,809,0.97,0.744,0.72168,0.842100350058343
4049,Sys_DiT_ref_class1000,3.45,3.12,809,0.6900000000000001,0.624,0.43056000000000005,0.6553424657534247
4050,Sys_DiT_ref_class1000,3.85,4.12,810,0.77,0.8240000000000001,0.63448,0.7960853199498118
4051,Sys_DiT_ref_class1000,4.12,3.85,810,0.8240000000000001,0.77,0.63448,0.7960853199498118
4052,Sys_DiT_ref_class1000,3.82,1.47,810,0.764,0.294,0.22461599999999998,0.4246049149338374
4053,Sys_DiT_ref_class1000,4.65,3.82,810,0.93,0.764,0.71052,0.8388665879574971
4054,Sys_DiT_ref_class1000,3.85,2.65,810,0.77,0.53,0.4081,0.6278461538461538
4055,Sys_DiT_ref_class1000,2.85,3.42,811,0.5700000000000001,0.6839999999999999,0.38988,0.6218181818181818
4056,Sys_DiT_ref_class1000,3.82,1.45,811,0.764,0.29,0.22155999999999998,0.4204174573055028
4057,Sys_DiT_ref_class1000,4.65,3.82,811,0.93,0.764,0.71052,0.8388665879574971
4058,Sys_DiT_ref_class1000,2.15,2.85,811,0.43,0.5700000000000001,0.2451,0.4902
4059,Sys_DiT_ref_class1000,0.15,3.85,811,0.03,0.77,0.0231,0.057749999999999996
4060,Sys_DiT_ref_class1000,4.85,3.65,812,0.97,0.73,0.7081,0.8330588235294117
4061,Sys_DiT_ref_class1000,4.85,4.2,812,0.97,0.8400000000000001,0.8148000000000001,0.9003314917127072
4062,Sys_DiT_ref_class1000,4.85,3.72,812,0.97,0.744,0.72168,0.842100350058343
4063,Sys_DiT_ref_class1000,4.12,3.68,812,0.8240000000000001,0.736,0.606464,0.7775179487179487
4064,Sys_DiT_ref_class1000,4.85,3.2,812,0.97,0.64,0.6208,0.7711801242236026
4065,Sys_DiT_ref_class1000,2.85,3.42,813,0.5700000000000001,0.6839999999999999,0.38988,0.6218181818181818
4066,Sys_DiT_ref_class1000,0.0,1.85,813,0.0,0.37,0.0,0.0
4067,Sys_DiT_ref_class1000,4.92,4.65,813,0.984,0.93,0.91512,0.9562382445141066
4068,Sys_DiT_ref_class1000,5.0,4.85,813,1.0,0.97,0.97,0.9847715736040609
4069,Sys_DiT_ref_class1000,0.15,1.2,813,0.03,0.24,0.0072,0.05333333333333333
4070,Sys_DiT_ref_class1000,4.12,2.85,814,0.8240000000000001,0.5700000000000001,0.4696800000000001,0.6738593974175037
4071,Sys_DiT_ref_class1000,4.85,3.72,814,0.97,0.744,0.72168,0.842100350058343
4072,Sys_DiT_ref_class1000,3.85,2.15,814,0.77,0.43,0.3311,0.5518333333333334
4073,Sys_DiT_ref_class1000,4.85,3.72,814,0.97,0.744,0.72168,0.842100350058343
4074,Sys_DiT_ref_class1000,3.85,1.5,814,0.77,0.3,0.23099999999999998,0.4317757009345794
4075,Sys_DiT_ref_class1000,5.0,5.0,815,1.0,1.0,1.0,1.0
4076,Sys_DiT_ref_class1000,4.12,3.65,815,0.8240000000000001,0.73,0.60152,0.7741570141570142
4077,Sys_DiT_ref_class1000,4.13,1.9,815,0.826,0.38,0.31388,0.520530679933665
4078,Sys_DiT_ref_class1000,1.25,1.85,815,0.25,0.37,0.0925,0.29838709677419356
4079,Sys_DiT_ref_class1000,4.85,3.65,815,0.97,0.73,0.7081,0.8330588235294117
4080,Sys_DiT_ref_class1000,4.25,3.65,816,0.85,0.73,0.6204999999999999,0.7854430379746834
4081,Sys_DiT_ref_class1000,4.65,2.85,816,0.93,0.5700000000000001,0.5301000000000001,0.7068000000000002
4082,Sys_DiT_ref_class1000,4.85,3.72,816,0.97,0.744,0.72168,0.842100350058343
4083,Sys_DiT_ref_class1000,4.85,3.72,816,0.97,0.744,0.72168,0.842100350058343
4084,Sys_DiT_ref_class1000,4.85,4.2,816,0.97,0.8400000000000001,0.8148000000000001,0.9003314917127072
4085,Sys_DiT_ref_class1000,4.65,1.85,817,0.93,0.37,0.3441,0.5293846153846153
4086,Sys_DiT_ref_class1000,4.85,3.75,817,0.97,0.75,0.7275,0.8459302325581396
4087,Sys_DiT_ref_class1000,4.85,2.15,817,0.97,0.43,0.41709999999999997,0.5958571428571429
4088,Sys_DiT_ref_class1000,4.85,3.65,817,0.97,0.73,0.7081,0.8330588235294117
4089,Sys_DiT_ref_class1000,4.85,1.65,817,0.97,0.32999999999999996,0.32009999999999994,0.49246153846153845
4090,Sys_DiT_ref_class1000,4.15,3.85,818,0.8300000000000001,0.77,0.6391000000000001,0.7988750000000001
4091,Sys_DiT_ref_class1000,1.25,1.85,818,0.25,0.37,0.0925,0.29838709677419356
4092,Sys_DiT_ref_class1000,0.0,1.25,818,0.0,0.25,0.0,0.0
4093,Sys_DiT_ref_class1000,1.85,2.1,818,0.37,0.42000000000000004,0.1554,0.39341772151898735
4094,Sys_DiT_ref_class1000,3.45,3.82,818,0.6900000000000001,0.764,0.5271600000000001,0.7251169188445667
4095,Sys_DiT_ref_class1000,3.85,1.25,819,0.77,0.25,0.1925,0.37745098039215685
4096,Sys_DiT_ref_class1000,3.85,1.5,819,0.77,0.3,0.23099999999999998,0.4317757009345794
4097,Sys_DiT_ref_class1000,3.85,1.42,819,0.77,0.284,0.21867999999999999,0.4149525616698292
4098,Sys_DiT_ref_class1000,3.85,1.72,819,0.77,0.344,0.26488,0.47554757630161587
4099,Sys_DiT_ref_class1000,2.85,1.5,819,0.5700000000000001,0.3,0.171,0.3931034482758621
4100,Sys_DiT_ref_class1000,4.65,3.82,820,0.93,0.764,0.71052,0.8388665879574971
4101,Sys_DiT_ref_class1000,4.85,3.6,820,0.97,0.72,0.6983999999999999,0.8265088757396449
4102,Sys_DiT_ref_class1000,4.85,3.6,820,0.97,0.72,0.6983999999999999,0.8265088757396449
4103,Sys_DiT_ref_class1000,4.65,3.85,820,0.93,0.77,0.7161000000000001,0.8424705882352941
4104,Sys_DiT_ref_class1000,4.12,3.68,820,0.8240000000000001,0.736,0.606464,0.7775179487179487
4105,Sys_DiT_ref_class1000,2.85,2.15,821,0.5700000000000001,0.43,0.2451,0.4902
4106,Sys_DiT_ref_class1000,4.65,2.85,821,0.93,0.5700000000000001,0.5301000000000001,0.7068000000000002
4107,Sys_DiT_ref_class1000,4.92,4.75,821,0.984,0.95,0.9348,0.9667011375387797
4108,Sys_DiT_ref_class1000,4.92,4.85,821,0.984,0.97,0.95448,0.976949846468782
4109,Sys_DiT_ref_class1000,1.85,1.2,821,0.37,0.24,0.08879999999999999,0.2911475409836065
4110,Sys_DiT_ref_class1000,4.85,2.15,822,0.97,0.43,0.41709999999999997,0.5958571428571429
4111,Sys_DiT_ref_class1000,4.65,2.85,822,0.93,0.5700000000000001,0.5301000000000001,0.7068000000000002
4112,Sys_DiT_ref_class1000,4.65,1.5,822,0.93,0.3,0.279,0.4536585365853659
4113,Sys_DiT_ref_class1000,4.85,2.65,822,0.97,0.53,0.5141,0.6854666666666667
4114,Sys_DiT_ref_class1000,4.65,2.85,822,0.93,0.5700000000000001,0.5301000000000001,0.7068000000000002
4115,Sys_DiT_ref_class1000,3.85,2.9,823,0.77,0.58,0.4466,0.6616296296296296
4116,Sys_DiT_ref_class1000,1.15,1.28,823,0.22999999999999998,0.256,0.058879999999999995,0.24230452674897118
4117,Sys_DiT_ref_class1000,1.25,2.85,823,0.25,0.5700000000000001,0.14250000000000002,0.34756097560975613
4118,Sys_DiT_ref_class1000,4.85,3.2,823,0.97,0.64,0.6208,0.7711801242236026
4119,Sys_DiT_ref_class1000,1.85,2.4,823,0.37,0.48,0.17759999999999998,0.4178823529411764
4120,Sys_DiT_ref_class1000,1.25,2.85,824,0.25,0.5700000000000001,0.14250000000000002,0.34756097560975613
4121,Sys_DiT_ref_class1000,4.65,3.82,824,0.93,0.764,0.71052,0.8388665879574971
4122,Sys_DiT_ref_class1000,3.85,2.15,824,0.77,0.43,0.3311,0.5518333333333334
4123,Sys_DiT_ref_class1000,2.15,2.85,824,0.43,0.5700000000000001,0.2451,0.4902
4124,Sys_DiT_ref_class1000,3.82,4.15,824,0.764,0.8300000000000001,0.63412,0.795633626097867
4125,Sys_DiT_ref_class1000,3.85,3.62,825,0.77,0.724,0.55748,0.7462918340026774
4126,Sys_DiT_ref_class1000,4.85,4.72,825,0.97,0.944,0.9156799999999999,0.9568234064785789
4127,Sys_DiT_ref_class1000,4.85,3.75,825,0.97,0.75,0.7275,0.8459302325581396
4128,Sys_DiT_ref_class1000,2.85,3.42,825,0.5700000000000001,0.6839999999999999,0.38988,0.6218181818181818
4129,Sys_DiT_ref_class1000,4.92,4.95,825,0.984,0.99,0.97416,0.9869908814589666
4130,Sys_DiT_ref_class1000,4.15,2.85,826,0.8300000000000001,0.5700000000000001,0.4731000000000001,0.6758571428571429
4131,Sys_DiT_ref_class1000,3.85,1.92,826,0.77,0.384,0.29568,0.5124436741767765
4132,Sys_DiT_ref_class1000,2.85,1.92,826,0.5700000000000001,0.384,0.21888000000000002,0.4588679245283019
4133,Sys_DiT_ref_class1000,2.15,1.85,826,0.43,0.37,0.1591,0.39774999999999994
4134,Sys_DiT_ref_class1000,0.85,1.2,826,0.16999999999999998,0.24,0.040799999999999996,0.19902439024390242
4135,Sys_DiT_ref_class1000,4.25,2.85,827,0.85,0.5700000000000001,0.48450000000000004,0.6823943661971832
4136,Sys_DiT_ref_class1000,4.12,1.85,827,0.8240000000000001,0.37,0.30488000000000004,0.5106867671691793
4137,Sys_DiT_ref_class1000,3.85,2.15,827,0.77,0.43,0.3311,0.5518333333333334
4138,Sys_DiT_ref_class1000,1.85,1.2,827,0.37,0.24,0.08879999999999999,0.2911475409836065
4139,Sys_DiT_ref_class1000,4.85,3.62,827,0.97,0.724,0.7022799999999999,0.8291381345926799
4140,Sys_DiT_ref_class1000,4.65,2.85,828,0.93,0.5700000000000001,0.5301000000000001,0.7068000000000002
4141,Sys_DiT_ref_class1000,4.85,3.75,828,0.97,0.75,0.7275,0.8459302325581396
4142,Sys_DiT_ref_class1000,4.12,4.85,828,0.8240000000000001,0.97,0.79928,0.8910590858416945
4143,Sys_DiT_ref_class1000,3.85,2.15,828,0.77,0.43,0.3311,0.5518333333333334
4144,Sys_DiT_ref_class1000,4.62,4.15,828,0.924,0.8300000000000001,0.7669200000000002,0.8744811858608895
4145,Sys_DiT_ref_class1000,1.85,0.42,829,0.37,0.08399999999999999,0.031079999999999997,0.13691629955947135
4146,Sys_DiT_ref_class1000,4.12,2.85,829,0.8240000000000001,0.5700000000000001,0.4696800000000001,0.6738593974175037
4147,Sys_DiT_ref_class1000,4.15,2.85,829,0.8300000000000001,0.5700000000000001,0.4731000000000001,0.6758571428571429
4148,Sys_DiT_ref_class1000,4.85,3.62,829,0.97,0.724,0.7022799999999999,0.8291381345926799
4149,Sys_DiT_ref_class1000,4.12,2.85,829,0.8240000000000001,0.5700000000000001,0.4696800000000001,0.6738593974175037
4150,Sys_DiT_ref_class1000,2.85,2.6,830,0.5700000000000001,0.52,0.29640000000000005,0.5438532110091744
4151,Sys_DiT_ref_class1000,3.85,2.15,830,0.77,0.43,0.3311,0.5518333333333334
4152,Sys_DiT_ref_class1000,1.85,1.42,830,0.37,0.284,0.10507999999999999,0.3213455657492355
4153,Sys_DiT_ref_class1000,1.85,1.92,830,0.37,0.384,0.14208,0.37687002652519896
4154,Sys_DiT_ref_class1000,3.85,1.42,830,0.77,0.284,0.21867999999999999,0.4149525616698292
4155,Sys_DiT_ref_class1000,3.65,2.85,831,0.73,0.5700000000000001,0.4161,0.6401538461538462
4156,Sys_DiT_ref_class1000,4.65,2.85,831,0.93,0.5700000000000001,0.5301000000000001,0.7068000000000002
4157,Sys_DiT_ref_class1000,4.12,2.85,831,0.8240000000000001,0.5700000000000001,0.4696800000000001,0.6738593974175037
4158,Sys_DiT_ref_class1000,4.65,3.82,831,0.93,0.764,0.71052,0.8388665879574971
4159,Sys_DiT_ref_class1000,4.85,3.2,831,0.97,0.64,0.6208,0.7711801242236026
4160,Sys_DiT_ref_class1000,5.0,5.0,832,1.0,1.0,1.0,1.0
4161,Sys_DiT_ref_class1000,5.0,4.98,832,1.0,0.9960000000000001,0.9960000000000001,0.997995991983968
4162,Sys_DiT_ref_class1000,4.85,2.15,832,0.97,0.43,0.41709999999999997,0.5958571428571429
4163,Sys_DiT_ref_class1000,4.65,3.82,832,0.93,0.764,0.71052,0.8388665879574971
4164,Sys_DiT_ref_class1000,4.85,4.2,832,0.97,0.8400000000000001,0.8148000000000001,0.9003314917127072
4165,Sys_DiT_ref_class1000,4.85,4.2,833,0.97,0.8400000000000001,0.8148000000000001,0.9003314917127072
4166,Sys_DiT_ref_class1000,4.92,4.98,833,0.984,0.9960000000000001,0.980064,0.9899636363636364
4167,Sys_DiT_ref_class1000,4.85,3.65,833,0.97,0.73,0.7081,0.8330588235294117
4168,Sys_DiT_ref_class1000,4.12,3.65,833,0.8240000000000001,0.73,0.60152,0.7741570141570142
4169,Sys_DiT_ref_class1000,4.85,3.72,833,0.97,0.744,0.72168,0.842100350058343
4170,Sys_DiT_ref_class1000,4.12,1.5,834,0.8240000000000001,0.3,0.2472,0.43985765124555154
4171,Sys_DiT_ref_class1000,4.12,1.5,834,0.8240000000000001,0.3,0.2472,0.43985765124555154
4172,Sys_DiT_ref_class1000,0.85,1.92,834,0.16999999999999998,0.384,0.06527999999999999,0.23566787003610104
4173,Sys_DiT_ref_class1000,4.15,3.85,834,0.8300000000000001,0.77,0.6391000000000001,0.7988750000000001
4174,Sys_DiT_ref_class1000,4.85,1.2,834,0.97,0.24,0.23279999999999998,0.384793388429752
4175,Sys_DiT_ref_class1000,4.85,4.72,835,0.97,0.944,0.9156799999999999,0.9568234064785789
4176,Sys_DiT_ref_class1000,4.15,3.85,835,0.8300000000000001,0.77,0.6391000000000001,0.7988750000000001
4177,Sys_DiT_ref_class1000,3.45,2.85,835,0.6900000000000001,0.5700000000000001,0.3933000000000001,0.6242857142857143
4178,Sys_DiT_ref_class1000,4.85,3.92,835,0.97,0.784,0.76048,0.8671379703534778
4179,Sys_DiT_ref_class1000,3.85,2.65,835,0.77,0.53,0.4081,0.6278461538461538
4180,Sys_DiT_ref_class1000,1.85,3.62,836,0.37,0.724,0.26788,0.48972577696526515
4181,Sys_DiT_ref_class1000,4.85,3.72,836,0.97,0.744,0.72168,0.842100350058343
4182,Sys_DiT_ref_class1000,1.25,3.65,836,0.25,0.73,0.1825,0.37244897959183676
4183,Sys_DiT_ref_class1000,4.85,2.15,836,0.97,0.43,0.41709999999999997,0.5958571428571429
4184,Sys_DiT_ref_class1000,1.35,2.85,836,0.27,0.5700000000000001,0.15390000000000004,0.3664285714285715
4185,Sys_DiT_ref_class1000,1.25,1.1,837,0.25,0.22000000000000003,0.05500000000000001,0.23404255319148937
4186,Sys_DiT_ref_class1000,4.85,3.72,837,0.97,0.744,0.72168,0.842100350058343
4187,Sys_DiT_ref_class1000,4.85,3.6,837,0.97,0.72,0.6983999999999999,0.8265088757396449
4188,Sys_DiT_ref_class1000,4.85,4.62,837,0.97,0.924,0.89628,0.9464413938753959
4189,Sys_DiT_ref_class1000,4.12,3.65,837,0.8240000000000001,0.73,0.60152,0.7741570141570142
4190,Sys_DiT_ref_class1000,2.85,1.2,838,0.5700000000000001,0.24,0.1368,0.3377777777777778
4191,Sys_DiT_ref_class1000,2.85,1.65,838,0.5700000000000001,0.32999999999999996,0.1881,0.418
4192,Sys_DiT_ref_class1000,0.0,1.5,838,0.0,0.3,0.0,0.0
4193,Sys_DiT_ref_class1000,1.85,1.2,838,0.37,0.24,0.08879999999999999,0.2911475409836065
4194,Sys_DiT_ref_class1000,3.65,1.85,838,0.73,0.37,0.2701,0.4910909090909091
4195,Sys_DiT_ref_class1000,1.85,2.4,839,0.37,0.48,0.17759999999999998,0.4178823529411764
4196,Sys_DiT_ref_class1000,0.85,3.65,839,0.16999999999999998,0.73,0.12409999999999999,0.2757777777777778
4197,Sys_DiT_ref_class1000,1.85,3.42,839,0.37,0.6839999999999999,0.25307999999999997,0.4802277039848198
4198,Sys_DiT_ref_class1000,1.85,2.4,839,0.37,0.48,0.17759999999999998,0.4178823529411764
4199,Sys_DiT_ref_class1000,4.65,2.85,839,0.93,0.5700000000000001,0.5301000000000001,0.7068000000000002
4200,Sys_DiT_ref_class1000,0.0,2.85,840,0.0,0.5700000000000001,0.0,0.0
4201,Sys_DiT_ref_class1000,4.15,2.85,840,0.8300000000000001,0.5700000000000001,0.4731000000000001,0.6758571428571429
4202,Sys_DiT_ref_class1000,0.15,1.25,840,0.03,0.25,0.0075,0.05357142857142856
4203,Sys_DiT_ref_class1000,4.85,1.65,840,0.97,0.32999999999999996,0.32009999999999994,0.49246153846153845
4204,Sys_DiT_ref_class1000,2.15,3.85,840,0.43,0.77,0.3311,0.5518333333333334
4205,Sys_DiT_ref_class1000,4.12,2.0,841,0.8240000000000001,0.4,0.32960000000000006,0.538562091503268
4206,Sys_DiT_ref_class1000,3.85,2.15,841,0.77,0.43,0.3311,0.5518333333333334
4207,Sys_DiT_ref_class1000,4.12,1.85,841,0.8240000000000001,0.37,0.30488000000000004,0.5106867671691793
4208,Sys_DiT_ref_class1000,0.15,1.85,841,0.03,0.37,0.011099999999999999,0.055499999999999994
4209,Sys_DiT_ref_class1000,4.12,2.85,841,0.8240000000000001,0.5700000000000001,0.4696800000000001,0.6738593974175037
4210,Sys_DiT_ref_class1000,4.85,1.2,842,0.97,0.24,0.23279999999999998,0.384793388429752
4211,Sys_DiT_ref_class1000,4.12,2.85,842,0.8240000000000001,0.5700000000000001,0.4696800000000001,0.6738593974175037
4212,Sys_DiT_ref_class1000,4.82,1.15,842,0.9640000000000001,0.22999999999999998,0.22172,0.37139028475711894
4213,Sys_DiT_ref_class1000,4.85,1.25,842,0.97,0.25,0.2425,0.3975409836065574
4214,Sys_DiT_ref_class1000,4.82,1.15,842,0.9640000000000001,0.22999999999999998,0.22172,0.37139028475711894
4215,Sys_DiT_ref_class1000,3.85,3.62,843,0.77,0.724,0.55748,0.7462918340026774
4216,Sys_DiT_ref_class1000,2.85,2.0,843,0.5700000000000001,0.4,0.22800000000000004,0.4701030927835052
4217,Sys_DiT_ref_class1000,1.85,2.4,843,0.37,0.48,0.17759999999999998,0.4178823529411764
4218,Sys_DiT_ref_class1000,4.85,3.72,843,0.97,0.744,0.72168,0.842100350058343
4219,Sys_DiT_ref_class1000,3.82,1.5,843,0.764,0.3,0.2292,0.4308270676691729
4220,Sys_DiT_ref_class1000,0.45,2.15,844,0.09,0.43,0.0387,0.14884615384615382
4221,Sys_DiT_ref_class1000,4.15,2.85,844,0.8300000000000001,0.5700000000000001,0.4731000000000001,0.6758571428571429
4222,Sys_DiT_ref_class1000,3.85,2.65,844,0.77,0.53,0.4081,0.6278461538461538
4223,Sys_DiT_ref_class1000,2.15,1.5,844,0.43,0.3,0.129,0.35342465753424657
4224,Sys_DiT_ref_class1000,1.85,2.1,844,0.37,0.42000000000000004,0.1554,0.39341772151898735
4225,Sys_DiT_ref_class1000,2.85,2.4,845,0.5700000000000001,0.48,0.2736,0.5211428571428571
4226,Sys_DiT_ref_class1000,4.85,4.62,845,0.97,0.924,0.89628,0.9464413938753959
4227,Sys_DiT_ref_class1000,2.85,2.4,845,0.5700000000000001,0.48,0.2736,0.5211428571428571
4228,Sys_DiT_ref_class1000,4.85,1.2,845,0.97,0.24,0.23279999999999998,0.384793388429752
4229,Sys_DiT_ref_class1000,4.85,3.62,845,0.97,0.724,0.7022799999999999,0.8291381345926799
4230,Sys_DiT_ref_class1000,4.12,2.85,846,0.8240000000000001,0.5700000000000001,0.4696800000000001,0.6738593974175037
4231,Sys_DiT_ref_class1000,4.65,3.85,846,0.93,0.77,0.7161000000000001,0.8424705882352941
4232,Sys_DiT_ref_class1000,4.85,2.9,846,0.97,0.58,0.5626,0.7259354838709678
4233,Sys_DiT_ref_class1000,4.25,3.85,846,0.85,0.77,0.6545,0.8080246913580246
4234,Sys_DiT_ref_class1000,2.15,2.8,846,0.43,0.5599999999999999,0.24079999999999996,0.4864646464646464
4235,Sys_DiT_ref_class1000,3.82,2.15,847,0.764,0.43,0.32852,0.550284757118928
4236,Sys_DiT_ref_class1000,4.65,2.85,847,0.93,0.5700000000000001,0.5301000000000001,0.7068000000000002
4237,Sys_DiT_ref_class1000,4.65,3.75,847,0.93,0.75,0.6975,0.8303571428571428
4238,Sys_DiT_ref_class1000,4.85,3.72,847,0.97,0.744,0.72168,0.842100350058343
4239,Sys_DiT_ref_class1000,3.82,2.65,847,0.764,0.53,0.40492,0.6258423493044822
4240,Sys_DiT_ref_class1000,2.85,2.1,848,0.5700000000000001,0.42000000000000004,0.23940000000000006,0.4836363636363637
4241,Sys_DiT_ref_class1000,1.85,2.4,848,0.37,0.48,0.17759999999999998,0.4178823529411764
4242,Sys_DiT_ref_class1000,1.85,3.42,848,0.37,0.6839999999999999,0.25307999999999997,0.4802277039848198
4243,Sys_DiT_ref_class1000,3.82,2.15,848,0.764,0.43,0.32852,0.550284757118928
4244,Sys_DiT_ref_class1000,3.65,2.15,848,0.73,0.43,0.3139,0.5412068965517242
4245,Sys_DiT_ref_class1000,4.85,3.72,849,0.97,0.744,0.72168,0.842100350058343
4246,Sys_DiT_ref_class1000,0.42,0.15,849,0.08399999999999999,0.03,0.0025199999999999997,0.04421052631578947
4247,Sys_DiT_ref_class1000,4.85,2.65,849,0.97,0.53,0.5141,0.6854666666666667
4248,Sys_DiT_ref_class1000,4.15,3.65,849,0.8300000000000001,0.73,0.6059,0.7767948717948717
4249,Sys_DiT_ref_class1000,3.85,2.1,849,0.77,0.42000000000000004,0.3234,0.5435294117647059
4250,Sys_DiT_ref_class1000,4.85,3.65,850,0.97,0.73,0.7081,0.8330588235294117
4251,Sys_DiT_ref_class1000,3.85,2.65,850,0.77,0.53,0.4081,0.6278461538461538
4252,Sys_DiT_ref_class1000,5.0,5.0,850,1.0,1.0,1.0,1.0
4253,Sys_DiT_ref_class1000,4.25,2.85,850,0.85,0.5700000000000001,0.48450000000000004,0.6823943661971832
4254,Sys_DiT_ref_class1000,4.65,3.85,850,0.93,0.77,0.7161000000000001,0.8424705882352941
4255,Sys_DiT_ref_class1000,4.85,3.72,851,0.97,0.744,0.72168,0.842100350058343
4256,Sys_DiT_ref_class1000,3.85,2.15,851,0.77,0.43,0.3311,0.5518333333333334
4257,Sys_DiT_ref_class1000,4.15,2.85,851,0.8300000000000001,0.5700000000000001,0.4731000000000001,0.6758571428571429
4258,Sys_DiT_ref_class1000,4.12,2.65,851,0.8240000000000001,0.53,0.43672000000000005,0.6450812407680946
4259,Sys_DiT_ref_class1000,3.85,1.25,851,0.77,0.25,0.1925,0.37745098039215685
4260,Sys_DiT_ref_class1000,4.85,3.75,852,0.97,0.75,0.7275,0.8459302325581396
4261,Sys_DiT_ref_class1000,4.85,4.92,852,0.97,0.984,0.95448,0.976949846468782
4262,Sys_DiT_ref_class1000,2.85,1.42,852,0.5700000000000001,0.284,0.16188,0.3791100702576112
4263,Sys_DiT_ref_class1000,4.65,3.85,852,0.93,0.77,0.7161000000000001,0.8424705882352941
4264,Sys_DiT_ref_class1000,1.85,1.5,852,0.37,0.3,0.111,0.3313432835820896
4265,Sys_DiT_ref_class1000,4.92,3.85,853,0.984,0.77,0.75768,0.863945267958951
4266,Sys_DiT_ref_class1000,5.0,5.0,853,1.0,1.0,1.0,1.0
4267,Sys_DiT_ref_class1000,4.65,1.5,853,0.93,0.3,0.279,0.4536585365853659
4268,Sys_DiT_ref_class1000,4.85,3.6,853,0.97,0.72,0.6983999999999999,0.8265088757396449
4269,Sys_DiT_ref_class1000,4.85,3.92,853,0.97,0.784,0.76048,0.8671379703534778
4270,Sys_DiT_ref_class1000,4.95,4.98,854,0.99,0.9960000000000001,0.9860400000000001,0.9929909365558913
4271,Sys_DiT_ref_class1000,4.12,2.85,854,0.8240000000000001,0.5700000000000001,0.4696800000000001,0.6738593974175037
4272,Sys_DiT_ref_class1000,4.85,3.72,854,0.97,0.744,0.72168,0.842100350058343
4273,Sys_DiT_ref_class1000,4.85,4.2,854,0.97,0.8400000000000001,0.8148000000000001,0.9003314917127072
4274,Sys_DiT_ref_class1000,4.92,4.85,854,0.984,0.97,0.95448,0.976949846468782
4275,Sys_DiT_ref_class1000,4.85,1.45,855,0.97,0.29,0.2813,0.4465079365079365
4276,Sys_DiT_ref_class1000,4.85,3.2,855,0.97,0.64,0.6208,0.7711801242236026
4277,Sys_DiT_ref_class1000,4.85,3.2,855,0.97,0.64,0.6208,0.7711801242236026
4278,Sys_DiT_ref_class1000,4.15,3.25,855,0.8300000000000001,0.65,0.5395000000000001,0.7290540540540542
4279,Sys_DiT_ref_class1000,4.85,3.75,855,0.97,0.75,0.7275,0.8459302325581396
4280,Sys_DiT_ref_class1000,4.85,3.62,856,0.97,0.724,0.7022799999999999,0.8291381345926799
4281,Sys_DiT_ref_class1000,2.85,1.42,856,0.5700000000000001,0.284,0.16188,0.3791100702576112
4282,Sys_DiT_ref_class1000,1.25,1.8,856,0.25,0.36,0.09,0.29508196721311475
4283,Sys_DiT_ref_class1000,2.85,3.42,856,0.5700000000000001,0.6839999999999999,0.38988,0.6218181818181818
4284,Sys_DiT_ref_class1000,1.25,1.8,856,0.25,0.36,0.09,0.29508196721311475
4285,Sys_DiT_ref_class1000,4.92,2.85,857,0.984,0.5700000000000001,0.56088,0.7218532818532819
4286,Sys_DiT_ref_class1000,3.82,2.15,857,0.764,0.43,0.32852,0.550284757118928
4287,Sys_DiT_ref_class1000,4.65,2.85,857,0.93,0.5700000000000001,0.5301000000000001,0.7068000000000002
4288,Sys_DiT_ref_class1000,4.65,3.85,857,0.93,0.77,0.7161000000000001,0.8424705882352941
4289,Sys_DiT_ref_class1000,4.85,3.62,857,0.97,0.724,0.7022799999999999,0.8291381345926799
4290,Sys_DiT_ref_class1000,3.85,1.75,858,0.77,0.35,0.26949999999999996,0.4812499999999999
4291,Sys_DiT_ref_class1000,4.13,1.85,858,0.826,0.37,0.30562,0.5110702341137124
4292,Sys_DiT_ref_class1000,4.85,3.75,858,0.97,0.75,0.7275,0.8459302325581396
4293,Sys_DiT_ref_class1000,4.15,3.82,858,0.8300000000000001,0.764,0.63412,0.795633626097867
4294,Sys_DiT_ref_class1000,4.85,3.75,858,0.97,0.75,0.7275,0.8459302325581396
4295,Sys_DiT_ref_class1000,4.12,2.85,859,0.8240000000000001,0.5700000000000001,0.4696800000000001,0.6738593974175037
4296,Sys_DiT_ref_class1000,1.85,1.2,859,0.37,0.24,0.08879999999999999,0.2911475409836065
4297,Sys_DiT_ref_class1000,4.85,1.92,859,0.97,0.384,0.37248,0.5501920236336779
4298,Sys_DiT_ref_class1000,3.85,2.15,859,0.77,0.43,0.3311,0.5518333333333334
4299,Sys_DiT_ref_class1000,1.85,1.2,859,0.37,0.24,0.08879999999999999,0.2911475409836065
4300,Sys_DiT_ref_class1000,1.85,2.1,860,0.37,0.42000000000000004,0.1554,0.39341772151898735
4301,Sys_DiT_ref_class1000,2.85,2.6,860,0.5700000000000001,0.52,0.29640000000000005,0.5438532110091744
4302,Sys_DiT_ref_class1000,4.12,2.85,860,0.8240000000000001,0.5700000000000001,0.4696800000000001,0.6738593974175037
4303,Sys_DiT_ref_class1000,3.45,2.85,860,0.6900000000000001,0.5700000000000001,0.3933000000000001,0.6242857142857143
4304,Sys_DiT_ref_class1000,3.42,2.15,860,0.6839999999999999,0.43,0.29412,0.5280430879712747
4305,Sys_DiT_ref_class1000,4.85,3.75,861,0.97,0.75,0.7275,0.8459302325581396
4306,Sys_DiT_ref_class1000,4.65,3.72,861,0.93,0.744,0.69192,0.8266666666666667
4307,Sys_DiT_ref_class1000,2.85,3.6,861,0.5700000000000001,0.72,0.41040000000000004,0.6362790697674419
4308,Sys_DiT_ref_class1000,4.65,1.85,861,0.93,0.37,0.3441,0.5293846153846153
4309,Sys_DiT_ref_class1000,4.65,2.85,861,0.93,0.5700000000000001,0.5301000000000001,0.7068000000000002
4310,Sys_DiT_ref_class1000,4.85,2.0,862,0.97,0.4,0.388,0.5664233576642336
4311,Sys_DiT_ref_class1000,4.85,3.62,862,0.97,0.724,0.7022799999999999,0.8291381345926799
4312,Sys_DiT_ref_class1000,0.15,1.85,862,0.03,0.37,0.011099999999999999,0.055499999999999994
4313,Sys_DiT_ref_class1000,4.85,2.15,862,0.97,0.43,0.41709999999999997,0.5958571428571429
4314,Sys_DiT_ref_class1000,4.82,1.15,862,0.9640000000000001,0.22999999999999998,0.22172,0.37139028475711894
4315,Sys_DiT_ref_class1000,4.35,3.82,863,0.8699999999999999,0.764,0.6646799999999999,0.8135618115055079
4316,Sys_DiT_ref_class1000,3.82,2.45,863,0.764,0.49000000000000005,0.37436,0.5970653907496013
4317,Sys_DiT_ref_class1000,4.12,3.68,863,0.8240000000000001,0.736,0.606464,0.7775179487179487
4318,Sys_DiT_ref_class1000,4.85,4.72,863,0.97,0.944,0.9156799999999999,0.9568234064785789
4319,Sys_DiT_ref_class1000,4.75,3.85,863,0.95,0.77,0.7314999999999999,0.8505813953488371
4320,Sys_DiT_ref_class1000,4.65,3.85,864,0.93,0.77,0.7161000000000001,0.8424705882352941
4321,Sys_DiT_ref_class1000,4.65,3.82,864,0.93,0.764,0.71052,0.8388665879574971
4322,Sys_DiT_ref_class1000,4.65,1.85,864,0.93,0.37,0.3441,0.5293846153846153
4323,Sys_DiT_ref_class1000,3.42,1.85,864,0.6839999999999999,0.37,0.25307999999999997,0.4802277039848198
4324,Sys_DiT_ref_class1000,0.85,1.42,864,0.16999999999999998,0.284,0.04827999999999999,0.2126872246696035
4325,Sys_DiT_ref_class1000,2.85,1.92,865,0.5700000000000001,0.384,0.21888000000000002,0.4588679245283019
4326,Sys_DiT_ref_class1000,0.12,0.85,865,0.024,0.16999999999999998,0.004079999999999999,0.04206185567010309
4327,Sys_DiT_ref_class1000,2.85,1.92,865,0.5700000000000001,0.384,0.21888000000000002,0.4588679245283019
4328,Sys_DiT_ref_class1000,1.85,1.2,865,0.37,0.24,0.08879999999999999,0.2911475409836065
4329,Sys_DiT_ref_class1000,3.82,2.15,865,0.764,0.43,0.32852,0.550284757118928
4330,Sys_DiT_ref_class1000,4.85,4.72,866,0.97,0.944,0.9156799999999999,0.9568234064785789
4331,Sys_DiT_ref_class1000,4.25,3.15,866,0.85,0.63,0.5355,0.7236486486486486
4332,Sys_DiT_ref_class1000,3.85,2.15,866,0.77,0.43,0.3311,0.5518333333333334
4333,Sys_DiT_ref_class1000,4.15,2.85,866,0.8300000000000001,0.5700000000000001,0.4731000000000001,0.6758571428571429
4334,Sys_DiT_ref_class1000,4.65,3.85,866,0.93,0.77,0.7161000000000001,0.8424705882352941
4335,Sys_DiT_ref_class1000,0.85,1.2,867,0.16999999999999998,0.24,0.040799999999999996,0.19902439024390242
4336,Sys_DiT_ref_class1000,4.85,1.82,867,0.97,0.364,0.35308,0.5293553223388305
4337,Sys_DiT_ref_class1000,4.12,1.85,867,0.8240000000000001,0.37,0.30488000000000004,0.5106867671691793
4338,Sys_DiT_ref_class1000,4.65,2.85,867,0.93,0.5700000000000001,0.5301000000000001,0.7068000000000002
4339,Sys_DiT_ref_class1000,2.85,1.2,867,0.5700000000000001,0.24,0.1368,0.3377777777777778
4340,Sys_DiT_ref_class1000,3.15,2.85,868,0.63,0.5700000000000001,0.35910000000000003,0.5984999999999999
4341,Sys_DiT_ref_class1000,4.85,3.72,868,0.97,0.744,0.72168,0.842100350058343
4342,Sys_DiT_ref_class1000,3.65,2.85,868,0.73,0.5700000000000001,0.4161,0.6401538461538462
4343,Sys_DiT_ref_class1000,4.65,3.85,868,0.93,0.77,0.7161000000000001,0.8424705882352941
4344,Sys_DiT_ref_class1000,2.85,2.9,868,0.5700000000000001,0.58,0.3306,0.5749565217391305
4345,Sys_DiT_ref_class1000,4.95,4.85,869,0.99,0.97,0.9602999999999999,0.9798979591836734
4346,Sys_DiT_ref_class1000,2.15,3.85,869,0.43,0.77,0.3311,0.5518333333333334
4347,Sys_DiT_ref_class1000,4.65,3.85,869,0.93,0.77,0.7161000000000001,0.8424705882352941
4348,Sys_DiT_ref_class1000,2.85,2.4,869,0.5700000000000001,0.48,0.2736,0.5211428571428571
4349,Sys_DiT_ref_class1000,2.15,2.85,869,0.43,0.5700000000000001,0.2451,0.4902
4350,Sys_DiT_ref_class1000,4.85,2.65,870,0.97,0.53,0.5141,0.6854666666666667
4351,Sys_DiT_ref_class1000,4.65,1.85,870,0.93,0.37,0.3441,0.5293846153846153
4352,Sys_DiT_ref_class1000,4.65,3.82,870,0.93,0.764,0.71052,0.8388665879574971
4353,Sys_DiT_ref_class1000,2.85,2.1,870,0.5700000000000001,0.42000000000000004,0.23940000000000006,0.4836363636363637
4354,Sys_DiT_ref_class1000,4.12,2.85,870,0.8240000000000001,0.5700000000000001,0.4696800000000001,0.6738593974175037
4355,Sys_DiT_ref_class1000,4.15,2.85,871,0.8300000000000001,0.5700000000000001,0.4731000000000001,0.6758571428571429
4356,Sys_DiT_ref_class1000,4.65,1.5,871,0.93,0.3,0.279,0.4536585365853659
4357,Sys_DiT_ref_class1000,4.65,3.82,871,0.93,0.764,0.71052,0.8388665879574971
4358,Sys_DiT_ref_class1000,4.85,3.65,871,0.97,0.73,0.7081,0.8330588235294117
4359,Sys_DiT_ref_class1000,4.15,2.85,871,0.8300000000000001,0.5700000000000001,0.4731000000000001,0.6758571428571429
4360,Sys_DiT_ref_class1000,4.12,3.65,872,0.8240000000000001,0.73,0.60152,0.7741570141570142
4361,Sys_DiT_ref_class1000,3.85,2.75,872,0.77,0.55,0.42350000000000004,0.6416666666666667
4362,Sys_DiT_ref_class1000,4.35,3.82,872,0.8699999999999999,0.764,0.6646799999999999,0.8135618115055079
4363,Sys_DiT_ref_class1000,3.85,2.15,872,0.77,0.43,0.3311,0.5518333333333334
4364,Sys_DiT_ref_class1000,4.85,3.7,872,0.97,0.74,0.7178,0.83953216374269
4365,Sys_DiT_ref_class1000,4.25,3.65,873,0.85,0.73,0.6204999999999999,0.7854430379746834
4366,Sys_DiT_ref_class1000,4.65,3.85,873,0.93,0.77,0.7161000000000001,0.8424705882352941
4367,Sys_DiT_ref_class1000,4.85,3.6,873,0.97,0.72,0.6983999999999999,0.8265088757396449
4368,Sys_DiT_ref_class1000,0.12,0.85,873,0.024,0.16999999999999998,0.004079999999999999,0.04206185567010309
4369,Sys_DiT_ref_class1000,5.0,4.95,873,1.0,0.99,0.99,0.9949748743718593
4370,Sys_DiT_ref_class1000,4.92,4.85,874,0.984,0.97,0.95448,0.976949846468782
4371,Sys_DiT_ref_class1000,4.15,2.85,874,0.8300000000000001,0.5700000000000001,0.4731000000000001,0.6758571428571429
4372,Sys_DiT_ref_class1000,4.12,3.85,874,0.8240000000000001,0.77,0.63448,0.7960853199498118
4373,Sys_DiT_ref_class1000,4.65,2.85,874,0.93,0.5700000000000001,0.5301000000000001,0.7068000000000002
4374,Sys_DiT_ref_class1000,4.65,1.82,874,0.93,0.364,0.33852,0.5232148377125193
4375,Sys_DiT_ref_class1000,4.65,3.85,875,0.93,0.77,0.7161000000000001,0.8424705882352941
4376,Sys_DiT_ref_class1000,4.15,2.85,875,0.8300000000000001,0.5700000000000001,0.4731000000000001,0.6758571428571429
4377,Sys_DiT_ref_class1000,4.15,2.85,875,0.8300000000000001,0.5700000000000001,0.4731000000000001,0.6758571428571429
4378,Sys_DiT_ref_class1000,0.0,4.85,875,0.0,0.97,0.0,0.0
4379,Sys_DiT_ref_class1000,3.85,2.4,875,0.77,0.48,0.3696,0.59136
4380,Sys_DiT_ref_class1000,2.85,2.0,876,0.5700000000000001,0.4,0.22800000000000004,0.4701030927835052
4381,Sys_DiT_ref_class1000,0.0,1.5,876,0.0,0.3,0.0,0.0
4382,Sys_DiT_ref_class1000,4.12,1.85,876,0.8240000000000001,0.37,0.30488000000000004,0.5106867671691793
4383,Sys_DiT_ref_class1000,3.85,1.5,876,0.77,0.3,0.23099999999999998,0.4317757009345794
4384,Sys_DiT_ref_class1000,0.12,1.85,876,0.024,0.37,0.00888,0.0450761421319797
4385,Sys_DiT_ref_class1000,2.15,2.85,877,0.43,0.5700000000000001,0.2451,0.4902
4386,Sys_DiT_ref_class1000,4.75,3.85,877,0.95,0.77,0.7314999999999999,0.8505813953488371
4387,Sys_DiT_ref_class1000,4.85,3.62,877,0.97,0.724,0.7022799999999999,0.8291381345926799
4388,Sys_DiT_ref_class1000,4.12,1.85,877,0.8240000000000001,0.37,0.30488000000000004,0.5106867671691793
4389,Sys_DiT_ref_class1000,4.82,1.65,877,0.9640000000000001,0.32999999999999996,0.31812,0.49168469860896447
4390,Sys_DiT_ref_class1000,3.42,2.85,878,0.6839999999999999,0.5700000000000001,0.38988,0.6218181818181818
4391,Sys_DiT_ref_class1000,2.15,1.85,878,0.43,0.37,0.1591,0.39774999999999994
4392,Sys_DiT_ref_class1000,4.15,3.65,878,0.8300000000000001,0.73,0.6059,0.7767948717948717
4393,Sys_DiT_ref_class1000,4.85,3.92,878,0.97,0.784,0.76048,0.8671379703534778
4394,Sys_DiT_ref_class1000,3.42,2.85,878,0.6839999999999999,0.5700000000000001,0.38988,0.6218181818181818
4395,Sys_DiT_ref_class1000,4.85,2.15,879,0.97,0.43,0.41709999999999997,0.5958571428571429
4396,Sys_DiT_ref_class1000,4.15,2.85,879,0.8300000000000001,0.5700000000000001,0.4731000000000001,0.6758571428571429
4397,Sys_DiT_ref_class1000,4.12,3.65,879,0.8240000000000001,0.73,0.60152,0.7741570141570142
4398,Sys_DiT_ref_class1000,4.15,3.65,879,0.8300000000000001,0.73,0.6059,0.7767948717948717
4399,Sys_DiT_ref_class1000,1.85,1.2,879,0.37,0.24,0.08879999999999999,0.2911475409836065
4400,Sys_DiT_ref_class1000,4.65,1.5,880,0.93,0.3,0.279,0.4536585365853659
4401,Sys_DiT_ref_class1000,4.92,2.0,880,0.984,0.4,0.3936,0.5687861271676301
4402,Sys_DiT_ref_class1000,4.85,2.15,880,0.97,0.43,0.41709999999999997,0.5958571428571429
4403,Sys_DiT_ref_class1000,4.85,1.5,880,0.97,0.3,0.291,0.458267716535433
4404,Sys_DiT_ref_class1000,0.12,0.85,880,0.024,0.16999999999999998,0.004079999999999999,0.04206185567010309
4405,Sys_DiT_ref_class1000,1.25,1.8,881,0.25,0.36,0.09,0.29508196721311475
4406,Sys_DiT_ref_class1000,4.85,3.65,881,0.97,0.73,0.7081,0.8330588235294117
4407,Sys_DiT_ref_class1000,3.45,2.1,881,0.6900000000000001,0.42000000000000004,0.28980000000000006,0.5221621621621623
4408,Sys_DiT_ref_class1000,3.85,1.65,881,0.77,0.32999999999999996,0.2541,0.46199999999999997
4409,Sys_DiT_ref_class1000,1.25,1.85,881,0.25,0.37,0.0925,0.29838709677419356
4410,Sys_DiT_ref_class1000,1.25,0.85,882,0.25,0.16999999999999998,0.042499999999999996,0.20238095238095238
4411,Sys_DiT_ref_class1000,1.85,1.2,882,0.37,0.24,0.08879999999999999,0.2911475409836065
4412,Sys_DiT_ref_class1000,0.85,1.2,882,0.16999999999999998,0.24,0.040799999999999996,0.19902439024390242
4413,Sys_DiT_ref_class1000,4.65,2.85,882,0.93,0.5700000000000001,0.5301000000000001,0.7068000000000002
4414,Sys_DiT_ref_class1000,0.12,0.85,882,0.024,0.16999999999999998,0.004079999999999999,0.04206185567010309
4415,Sys_DiT_ref_class1000,4.15,3.85,883,0.8300000000000001,0.77,0.6391000000000001,0.7988750000000001
4416,Sys_DiT_ref_class1000,4.12,2.85,883,0.8240000000000001,0.5700000000000001,0.4696800000000001,0.6738593974175037
4417,Sys_DiT_ref_class1000,3.82,3.15,883,0.764,0.63,0.48132,0.6905595408895265
4418,Sys_DiT_ref_class1000,4.65,3.82,883,0.93,0.764,0.71052,0.8388665879574971
4419,Sys_DiT_ref_class1000,4.85,3.72,883,0.97,0.744,0.72168,0.842100350058343
4420,Sys_DiT_ref_class1000,4.92,4.85,884,0.984,0.97,0.95448,0.976949846468782
4421,Sys_DiT_ref_class1000,2.85,1.65,884,0.5700000000000001,0.32999999999999996,0.1881,0.418
4422,Sys_DiT_ref_class1000,4.85,3.62,884,0.97,0.724,0.7022799999999999,0.8291381345926799
4423,Sys_DiT_ref_class1000,4.85,3.75,884,0.97,0.75,0.7275,0.8459302325581396
4424,Sys_DiT_ref_class1000,4.65,2.85,884,0.93,0.5700000000000001,0.5301000000000001,0.7068000000000002
4425,Sys_DiT_ref_class1000,4.92,4.98,885,0.984,0.9960000000000001,0.980064,0.9899636363636364
4426,Sys_DiT_ref_class1000,4.85,4.1,885,0.97,0.82,0.7953999999999999,0.8887150837988825
4427,Sys_DiT_ref_class1000,4.85,4.92,885,0.97,0.984,0.95448,0.976949846468782
4428,Sys_DiT_ref_class1000,3.45,2.85,885,0.6900000000000001,0.5700000000000001,0.3933000000000001,0.6242857142857143
4429,Sys_DiT_ref_class1000,5.0,5.0,885,1.0,1.0,1.0,1.0
4430,Sys_DiT_ref_class1000,3.42,2.85,886,0.6839999999999999,0.5700000000000001,0.38988,0.6218181818181818
4431,Sys_DiT_ref_class1000,2.85,3.62,886,0.5700000000000001,0.724,0.41268000000000005,0.6378361669242659
4432,Sys_DiT_ref_class1000,4.13,1.9,886,0.826,0.38,0.31388,0.520530679933665
4433,Sys_DiT_ref_class1000,3.15,2.85,886,0.63,0.5700000000000001,0.35910000000000003,0.5984999999999999
4434,Sys_DiT_ref_class1000,3.85,2.15,886,0.77,0.43,0.3311,0.5518333333333334
4435,Sys_DiT_ref_class1000,3.82,1.47,887,0.764,0.294,0.22461599999999998,0.4246049149338374
4436,Sys_DiT_ref_class1000,4.85,2.1,887,0.97,0.42000000000000004,0.40740000000000004,0.5861870503597122
4437,Sys_DiT_ref_class1000,3.82,1.45,887,0.764,0.29,0.22155999999999998,0.4204174573055028
4438,Sys_DiT_ref_class1000,2.85,1.42,887,0.5700000000000001,0.284,0.16188,0.3791100702576112
4439,Sys_DiT_ref_class1000,3.82,2.15,887,0.764,0.43,0.32852,0.550284757118928
4440,Sys_DiT_ref_class1000,0.15,1.85,888,0.03,0.37,0.011099999999999999,0.055499999999999994
4441,Sys_DiT_ref_class1000,4.92,4.15,888,0.984,0.8300000000000001,0.8167200000000001,0.9004630650496142
4442,Sys_DiT_ref_class1000,4.85,3.72,888,0.97,0.744,0.72168,0.842100350058343
4443,Sys_DiT_ref_class1000,4.85,3.65,888,0.97,0.73,0.7081,0.8330588235294117
4444,Sys_DiT_ref_class1000,4.85,3.62,888,0.97,0.724,0.7022799999999999,0.8291381345926799
4445,Sys_DiT_ref_class1000,3.42,1.85,889,0.6839999999999999,0.37,0.25307999999999997,0.4802277039848198
4446,Sys_DiT_ref_class1000,0.82,0.65,889,0.16399999999999998,0.13,0.02132,0.14503401360544219
4447,Sys_DiT_ref_class1000,1.85,2.4,889,0.37,0.48,0.17759999999999998,0.4178823529411764
4448,Sys_DiT_ref_class1000,3.85,2.1,889,0.77,0.42000000000000004,0.3234,0.5435294117647059
4449,Sys_DiT_ref_class1000,3.82,1.5,889,0.764,0.3,0.2292,0.4308270676691729
4450,Sys_DiT_ref_class1000,2.15,1.25,890,0.43,0.25,0.1075,0.31617647058823534
4451,Sys_DiT_ref_class1000,0.0,1.85,890,0.0,0.37,0.0,0.0
4452,Sys_DiT_ref_class1000,0.0,0.85,890,0.0,0.16999999999999998,0.0,0.0
4453,Sys_DiT_ref_class1000,1.85,2.1,890,0.37,0.42000000000000004,0.1554,0.39341772151898735
4454,Sys_DiT_ref_class1000,3.85,1.5,890,0.77,0.3,0.23099999999999998,0.4317757009345794
4455,Sys_DiT_ref_class1000,4.85,3.72,891,0.97,0.744,0.72168,0.842100350058343
4456,Sys_DiT_ref_class1000,3.82,1.47,891,0.764,0.294,0.22461599999999998,0.4246049149338374
4457,Sys_DiT_ref_class1000,1.85,2.4,891,0.37,0.48,0.17759999999999998,0.4178823529411764
4458,Sys_DiT_ref_class1000,4.85,2.65,891,0.97,0.53,0.5141,0.6854666666666667
4459,Sys_DiT_ref_class1000,3.85,2.15,891,0.77,0.43,0.3311,0.5518333333333334
4460,Sys_DiT_ref_class1000,1.85,2.1,892,0.37,0.42000000000000004,0.1554,0.39341772151898735
4461,Sys_DiT_ref_class1000,0.12,1.85,892,0.024,0.37,0.00888,0.0450761421319797
4462,Sys_DiT_ref_class1000,1.85,1.2,892,0.37,0.24,0.08879999999999999,0.2911475409836065
4463,Sys_DiT_ref_class1000,3.85,2.7,892,0.77,0.54,0.41580000000000006,0.6348091603053436
4464,Sys_DiT_ref_class1000,4.12,2.85,892,0.8240000000000001,0.5700000000000001,0.4696800000000001,0.6738593974175037
4465,Sys_DiT_ref_class1000,4.65,3.85,893,0.93,0.77,0.7161000000000001,0.8424705882352941
4466,Sys_DiT_ref_class1000,0.15,3.85,893,0.03,0.77,0.0231,0.057749999999999996
4467,Sys_DiT_ref_class1000,3.85,2.45,893,0.77,0.49000000000000005,0.3773,0.5988888888888889
4468,Sys_DiT_ref_class1000,4.85,3.62,893,0.97,0.724,0.7022799999999999,0.8291381345926799
4469,Sys_DiT_ref_class1000,4.12,3.85,893,0.8240000000000001,0.77,0.63448,0.7960853199498118
4470,Sys_DiT_ref_class1000,4.85,3.72,894,0.97,0.744,0.72168,0.842100350058343
4471,Sys_DiT_ref_class1000,3.85,2.65,894,0.77,0.53,0.4081,0.6278461538461538
4472,Sys_DiT_ref_class1000,1.85,1.42,894,0.37,0.284,0.10507999999999999,0.3213455657492355
4473,Sys_DiT_ref_class1000,4.85,1.2,894,0.97,0.24,0.23279999999999998,0.384793388429752
4474,Sys_DiT_ref_class1000,4.85,3.72,894,0.97,0.744,0.72168,0.842100350058343
4475,Sys_DiT_ref_class1000,1.85,2.1,895,0.37,0.42000000000000004,0.1554,0.39341772151898735
4476,Sys_DiT_ref_class1000,4.65,3.82,895,0.93,0.764,0.71052,0.8388665879574971
4477,Sys_DiT_ref_class1000,4.65,3.82,895,0.93,0.764,0.71052,0.8388665879574971
4478,Sys_DiT_ref_class1000,4.85,3.72,895,0.97,0.744,0.72168,0.842100350058343
4479,Sys_DiT_ref_class1000,4.85,4.2,895,0.97,0.8400000000000001,0.8148000000000001,0.9003314917127072
4480,Sys_DiT_ref_class1000,2.85,1.92,896,0.5700000000000001,0.384,0.21888000000000002,0.4588679245283019
4481,Sys_DiT_ref_class1000,4.85,2.1,896,0.97,0.42000000000000004,0.40740000000000004,0.5861870503597122
4482,Sys_DiT_ref_class1000,3.42,2.85,896,0.6839999999999999,0.5700000000000001,0.38988,0.6218181818181818
4483,Sys_DiT_ref_class1000,3.85,2.15,896,0.77,0.43,0.3311,0.5518333333333334
4484,Sys_DiT_ref_class1000,2.15,1.85,896,0.43,0.37,0.1591,0.39774999999999994
4485,Sys_DiT_ref_class1000,4.15,2.85,897,0.8300000000000001,0.5700000000000001,0.4731000000000001,0.6758571428571429
4486,Sys_DiT_ref_class1000,4.65,2.85,897,0.93,0.5700000000000001,0.5301000000000001,0.7068000000000002
4487,Sys_DiT_ref_class1000,4.85,3.65,897,0.97,0.73,0.7081,0.8330588235294117
4488,Sys_DiT_ref_class1000,4.85,3.72,897,0.97,0.744,0.72168,0.842100350058343
4489,Sys_DiT_ref_class1000,1.85,1.2,897,0.37,0.24,0.08879999999999999,0.2911475409836065
4490,Sys_DiT_ref_class1000,1.25,2.1,898,0.25,0.42000000000000004,0.10500000000000001,0.31343283582089554
4491,Sys_DiT_ref_class1000,4.85,3.75,898,0.97,0.75,0.7275,0.8459302325581396
4492,Sys_DiT_ref_class1000,2.15,1.85,898,0.43,0.37,0.1591,0.39774999999999994
4493,Sys_DiT_ref_class1000,0.12,0.85,898,0.024,0.16999999999999998,0.004079999999999999,0.04206185567010309
4494,Sys_DiT_ref_class1000,3.85,2.45,898,0.77,0.49000000000000005,0.3773,0.5988888888888889
4495,Sys_DiT_ref_class1000,4.85,1.2,899,0.97,0.24,0.23279999999999998,0.384793388429752
4496,Sys_DiT_ref_class1000,4.82,1.65,899,0.9640000000000001,0.32999999999999996,0.31812,0.49168469860896447
4497,Sys_DiT_ref_class1000,4.65,3.85,899,0.93,0.77,0.7161000000000001,0.8424705882352941
4498,Sys_DiT_ref_class1000,4.65,3.82,899,0.93,0.764,0.71052,0.8388665879574971
4499,Sys_DiT_ref_class1000,4.12,3.65,899,0.8240000000000001,0.73,0.60152,0.7741570141570142
4500,Sys_DiT_ref_class1000,4.65,3.8,900,0.93,0.76,0.7068000000000001,0.8364497041420119
4501,Sys_DiT_ref_class1000,4.85,3.75,900,0.97,0.75,0.7275,0.8459302325581396
4502,Sys_DiT_ref_class1000,5.0,5.0,900,1.0,1.0,1.0,1.0
4503,Sys_DiT_ref_class1000,4.85,2.15,900,0.97,0.43,0.41709999999999997,0.5958571428571429
4504,Sys_DiT_ref_class1000,4.85,2.15,900,0.97,0.43,0.41709999999999997,0.5958571428571429
4505,Sys_DiT_ref_class1000,4.85,2.1,901,0.97,0.42000000000000004,0.40740000000000004,0.5861870503597122
4506,Sys_DiT_ref_class1000,4.85,3.62,901,0.97,0.724,0.7022799999999999,0.8291381345926799
4507,Sys_DiT_ref_class1000,4.15,2.85,901,0.8300000000000001,0.5700000000000001,0.4731000000000001,0.6758571428571429
4508,Sys_DiT_ref_class1000,5.0,4.85,901,1.0,0.97,0.97,0.9847715736040609
4509,Sys_DiT_ref_class1000,4.65,2.85,901,0.93,0.5700000000000001,0.5301000000000001,0.7068000000000002
4510,Sys_DiT_ref_class1000,1.85,1.2,902,0.37,0.24,0.08879999999999999,0.2911475409836065
4511,Sys_DiT_ref_class1000,0.15,1.85,902,0.03,0.37,0.011099999999999999,0.055499999999999994
4512,Sys_DiT_ref_class1000,4.65,2.85,902,0.93,0.5700000000000001,0.5301000000000001,0.7068000000000002
4513,Sys_DiT_ref_class1000,0.0,0.0,902,0.0,0.0,0.0,0.0
4514,Sys_DiT_ref_class1000,4.85,1.92,902,0.97,0.384,0.37248,0.5501920236336779
4515,Sys_DiT_ref_class1000,3.45,2.15,903,0.6900000000000001,0.43,0.2967,0.5298214285714286
4516,Sys_DiT_ref_class1000,0.85,0.92,903,0.16999999999999998,0.184,0.031279999999999995,0.1767231638418079
4517,Sys_DiT_ref_class1000,1.25,1.5,903,0.25,0.3,0.075,0.2727272727272727
4518,Sys_DiT_ref_class1000,4.85,3.72,903,0.97,0.744,0.72168,0.842100350058343
4519,Sys_DiT_ref_class1000,2.85,1.9,903,0.5700000000000001,0.38,0.21660000000000001,0.456
4520,Sys_DiT_ref_class1000,4.85,3.92,904,0.97,0.784,0.76048,0.8671379703534778
4521,Sys_DiT_ref_class1000,4.85,3.72,904,0.97,0.744,0.72168,0.842100350058343
4522,Sys_DiT_ref_class1000,3.85,4.92,904,0.77,0.984,0.75768,0.863945267958951
4523,Sys_DiT_ref_class1000,4.85,3.72,904,0.97,0.744,0.72168,0.842100350058343
4524,Sys_DiT_ref_class1000,4.85,3.75,904,0.97,0.75,0.7275,0.8459302325581396
4525,Sys_DiT_ref_class1000,1.85,1.2,905,0.37,0.24,0.08879999999999999,0.2911475409836065
4526,Sys_DiT_ref_class1000,1.85,2.65,905,0.37,0.53,0.1961,0.43577777777777776
4527,Sys_DiT_ref_class1000,1.25,2.85,905,0.25,0.5700000000000001,0.14250000000000002,0.34756097560975613
4528,Sys_DiT_ref_class1000,1.85,3.62,905,0.37,0.724,0.26788,0.48972577696526515
4529,Sys_DiT_ref_class1000,2.85,4.12,905,0.5700000000000001,0.8240000000000001,0.4696800000000001,0.6738593974175037
4530,Sys_DiT_ref_class1000,3.85,3.62,906,0.77,0.724,0.55748,0.7462918340026774
4531,Sys_DiT_ref_class1000,1.25,1.8,906,0.25,0.36,0.09,0.29508196721311475
4532,Sys_DiT_ref_class1000,0.15,1.85,906,0.03,0.37,0.011099999999999999,0.055499999999999994
4533,Sys_DiT_ref_class1000,2.15,2.85,906,0.43,0.5700000000000001,0.2451,0.4902
4534,Sys_DiT_ref_class1000,1.85,1.2,906,0.37,0.24,0.08879999999999999,0.2911475409836065
4535,Sys_DiT_ref_class1000,1.25,1.8,907,0.25,0.36,0.09,0.29508196721311475
4536,Sys_DiT_ref_class1000,4.12,2.85,907,0.8240000000000001,0.5700000000000001,0.4696800000000001,0.6738593974175037
4537,Sys_DiT_ref_class1000,4.65,2.85,907,0.93,0.5700000000000001,0.5301000000000001,0.7068000000000002
4538,Sys_DiT_ref_class1000,4.15,2.85,907,0.8300000000000001,0.5700000000000001,0.4731000000000001,0.6758571428571429
4539,Sys_DiT_ref_class1000,4.85,1.2,907,0.97,0.24,0.23279999999999998,0.384793388429752
4540,Sys_DiT_ref_class1000,4.92,4.85,908,0.984,0.97,0.95448,0.976949846468782
4541,Sys_DiT_ref_class1000,3.85,1.92,908,0.77,0.384,0.29568,0.5124436741767765
4542,Sys_DiT_ref_class1000,4.95,5.0,908,0.99,1.0,0.99,0.9949748743718593
4543,Sys_DiT_ref_class1000,4.92,4.98,908,0.984,0.9960000000000001,0.980064,0.9899636363636364
4544,Sys_DiT_ref_class1000,4.85,4.72,908,0.97,0.944,0.9156799999999999,0.9568234064785789
4545,Sys_DiT_ref_class1000,4.85,4.92,909,0.97,0.984,0.95448,0.976949846468782
4546,Sys_DiT_ref_class1000,4.95,4.98,909,0.99,0.9960000000000001,0.9860400000000001,0.9929909365558913
4547,Sys_DiT_ref_class1000,4.85,3.65,909,0.97,0.73,0.7081,0.8330588235294117
4548,Sys_DiT_ref_class1000,4.85,3.72,909,0.97,0.744,0.72168,0.842100350058343
4549,Sys_DiT_ref_class1000,3.82,2.15,909,0.764,0.43,0.32852,0.550284757118928
4550,Sys_DiT_ref_class1000,4.85,3.75,910,0.97,0.75,0.7275,0.8459302325581396
4551,Sys_DiT_ref_class1000,0.42,0.85,910,0.08399999999999999,0.16999999999999998,0.014279999999999998,0.11244094488188974
4552,Sys_DiT_ref_class1000,4.85,3.72,910,0.97,0.744,0.72168,0.842100350058343
4553,Sys_DiT_ref_class1000,4.85,4.62,910,0.97,0.924,0.89628,0.9464413938753959
4554,Sys_DiT_ref_class1000,0.0,1.25,910,0.0,0.25,0.0,0.0
4555,Sys_DiT_ref_class1000,3.85,2.65,911,0.77,0.53,0.4081,0.6278461538461538
4556,Sys_DiT_ref_class1000,0.0,3.85,911,0.0,0.77,0.0,0.0
4557,Sys_DiT_ref_class1000,4.85,4.75,911,0.97,0.95,0.9215,0.9598958333333334
4558,Sys_DiT_ref_class1000,4.65,1.5,911,0.93,0.3,0.279,0.4536585365853659
4559,Sys_DiT_ref_class1000,2.85,3.42,911,0.5700000000000001,0.6839999999999999,0.38988,0.6218181818181818
4560,Sys_DiT_ref_class1000,1.85,2.4,912,0.37,0.48,0.17759999999999998,0.4178823529411764
4561,Sys_DiT_ref_class1000,2.85,3.6,912,0.5700000000000001,0.72,0.41040000000000004,0.6362790697674419
4562,Sys_DiT_ref_class1000,0.0,5.0,912,0.0,1.0,0.0,0.0
4563,Sys_DiT_ref_class1000,5.0,5.0,912,1.0,1.0,1.0,1.0
4564,Sys_DiT_ref_class1000,0.15,4.82,912,0.03,0.9640000000000001,0.02892,0.05818913480885311
4565,Sys_DiT_ref_class1000,4.25,2.85,913,0.85,0.5700000000000001,0.48450000000000004,0.6823943661971832
4566,Sys_DiT_ref_class1000,3.85,2.65,913,0.77,0.53,0.4081,0.6278461538461538
4567,Sys_DiT_ref_class1000,4.65,3.82,913,0.93,0.764,0.71052,0.8388665879574971
4568,Sys_DiT_ref_class1000,2.85,1.92,913,0.5700000000000001,0.384,0.21888000000000002,0.4588679245283019
4569,Sys_DiT_ref_class1000,3.82,2.15,913,0.764,0.43,0.32852,0.550284757118928
4570,Sys_DiT_ref_class1000,0.42,3.65,914,0.08399999999999999,0.73,0.06131999999999999,0.15066339066339066
4571,Sys_DiT_ref_class1000,0.05,3.82,914,0.01,0.764,0.00764,0.01974160206718346
4572,Sys_DiT_ref_class1000,0.85,3.62,914,0.16999999999999998,0.724,0.12307999999999998,0.2753467561521253
4573,Sys_DiT_ref_class1000,1.18,2.35,914,0.236,0.47000000000000003,0.11092,0.31422096317280457
4574,Sys_DiT_ref_class1000,1.25,1.85,914,0.25,0.37,0.0925,0.29838709677419356
4575,Sys_DiT_ref_class1000,4.85,3.72,915,0.97,0.744,0.72168,0.842100350058343
4576,Sys_DiT_ref_class1000,4.65,4.12,915,0.93,0.8240000000000001,0.7663200000000001,0.8737970353477766
4577,Sys_DiT_ref_class1000,4.65,3.82,915,0.93,0.764,0.71052,0.8388665879574971
4578,Sys_DiT_ref_class1000,4.65,3.85,915,0.93,0.77,0.7161000000000001,0.8424705882352941
4579,Sys_DiT_ref_class1000,4.85,3.62,915,0.97,0.724,0.7022799999999999,0.8291381345926799
4580,Sys_DiT_ref_class1000,3.85,1.25,916,0.77,0.25,0.1925,0.37745098039215685
4581,Sys_DiT_ref_class1000,2.85,1.42,916,0.5700000000000001,0.284,0.16188,0.3791100702576112
4582,Sys_DiT_ref_class1000,4.15,1.85,916,0.8300000000000001,0.37,0.30710000000000004,0.5118333333333334
4583,Sys_DiT_ref_class1000,3.85,1.2,916,0.77,0.24,0.1848,0.36594059405940593
4584,Sys_DiT_ref_class1000,3.85,1.42,916,0.77,0.284,0.21867999999999999,0.4149525616698292
4585,Sys_DiT_ref_class1000,1.25,3.15,917,0.25,0.63,0.1575,0.35795454545454547
4586,Sys_DiT_ref_class1000,3.85,1.82,917,0.77,0.364,0.28028,0.494320987654321
4587,Sys_DiT_ref_class1000,3.45,2.15,917,0.6900000000000001,0.43,0.2967,0.5298214285714286
4588,Sys_DiT_ref_class1000,1.85,1.2,917,0.37,0.24,0.08879999999999999,0.2911475409836065
4589,Sys_DiT_ref_class1000,4.12,2.85,917,0.8240000000000001,0.5700000000000001,0.4696800000000001,0.6738593974175037
4590,Sys_DiT_ref_class1000,0.85,1.2,918,0.16999999999999998,0.24,0.040799999999999996,0.19902439024390242
4591,Sys_DiT_ref_class1000,0.85,0.92,918,0.16999999999999998,0.184,0.031279999999999995,0.1767231638418079
4592,Sys_DiT_ref_class1000,4.12,2.85,918,0.8240000000000001,0.5700000000000001,0.4696800000000001,0.6738593974175037
4593,Sys_DiT_ref_class1000,1.85,1.92,918,0.37,0.384,0.14208,0.37687002652519896
4594,Sys_DiT_ref_class1000,1.85,1.2,918,0.37,0.24,0.08879999999999999,0.2911475409836065
4595,Sys_DiT_ref_class1000,1.85,1.2,919,0.37,0.24,0.08879999999999999,0.2911475409836065
4596,Sys_DiT_ref_class1000,1.85,1.2,919,0.37,0.24,0.08879999999999999,0.2911475409836065
4597,Sys_DiT_ref_class1000,1.25,0.85,919,0.25,0.16999999999999998,0.042499999999999996,0.20238095238095238
4598,Sys_DiT_ref_class1000,1.85,1.2,919,0.37,0.24,0.08879999999999999,0.2911475409836065
4599,Sys_DiT_ref_class1000,1.85,1.2,919,0.37,0.24,0.08879999999999999,0.2911475409836065
4600,Sys_DiT_ref_class1000,4.65,3.82,920,0.93,0.764,0.71052,0.8388665879574971
4601,Sys_DiT_ref_class1000,1.85,1.2,920,0.37,0.24,0.08879999999999999,0.2911475409836065
4602,Sys_DiT_ref_class1000,3.85,1.2,920,0.77,0.24,0.1848,0.36594059405940593
4603,Sys_DiT_ref_class1000,5.0,5.0,920,1.0,1.0,1.0,1.0
4604,Sys_DiT_ref_class1000,4.95,4.98,920,0.99,0.9960000000000001,0.9860400000000001,0.9929909365558913
4605,Sys_DiT_ref_class1000,0.85,1.2,921,0.16999999999999998,0.24,0.040799999999999996,0.19902439024390242
4606,Sys_DiT_ref_class1000,0.12,1.85,921,0.024,0.37,0.00888,0.0450761421319797
4607,Sys_DiT_ref_class1000,1.85,2.4,921,0.37,0.48,0.17759999999999998,0.4178823529411764
4608,Sys_DiT_ref_class1000,1.25,1.85,921,0.25,0.37,0.0925,0.29838709677419356
4609,Sys_DiT_ref_class1000,2.85,2.4,921,0.5700000000000001,0.48,0.2736,0.5211428571428571
4610,Sys_DiT_ref_class1000,0.12,0.85,922,0.024,0.16999999999999998,0.004079999999999999,0.04206185567010309
4611,Sys_DiT_ref_class1000,2.15,1.8,922,0.43,0.36,0.1548,0.39189873417721516
4612,Sys_DiT_ref_class1000,0.12,0.85,922,0.024,0.16999999999999998,0.004079999999999999,0.04206185567010309
4613,Sys_DiT_ref_class1000,0.42,1.15,922,0.08399999999999999,0.22999999999999998,0.019319999999999997,0.12305732484076433
4614,Sys_DiT_ref_class1000,0.45,1.2,922,0.09,0.24,0.021599999999999998,0.13090909090909092
4615,Sys_DiT_ref_class1000,4.25,3.15,923,0.85,0.63,0.5355,0.7236486486486486
4616,Sys_DiT_ref_class1000,3.85,2.15,923,0.77,0.43,0.3311,0.5518333333333334
4617,Sys_DiT_ref_class1000,5.0,5.0,923,1.0,1.0,1.0,1.0
4618,Sys_DiT_ref_class1000,4.35,4.12,923,0.8699999999999999,0.8240000000000001,0.71688,0.846375442739079
4619,Sys_DiT_ref_class1000,2.85,3.12,923,0.5700000000000001,0.624,0.35568000000000005,0.5957788944723619
4620,Sys_DiT_ref_class1000,3.42,2.15,924,0.6839999999999999,0.43,0.29412,0.5280430879712747
4621,Sys_DiT_ref_class1000,1.85,2.6,924,0.37,0.52,0.19240000000000002,0.43235955056179776
4622,Sys_DiT_ref_class1000,4.25,3.85,924,0.85,0.77,0.6545,0.8080246913580246
4623,Sys_DiT_ref_class1000,4.85,3.65,924,0.97,0.73,0.7081,0.8330588235294117
4624,Sys_DiT_ref_class1000,4.65,2.85,924,0.93,0.5700000000000001,0.5301000000000001,0.7068000000000002
4625,Sys_DiT_ref_class1000,1.85,3.62,925,0.37,0.724,0.26788,0.48972577696526515
4626,Sys_DiT_ref_class1000,1.85,3.65,925,0.37,0.73,0.2701,0.4910909090909091
4627,Sys_DiT_ref_class1000,2.35,2.85,925,0.47000000000000003,0.5700000000000001,0.2679,0.5151923076923077
4628,Sys_DiT_ref_class1000,2.85,2.15,925,0.5700000000000001,0.43,0.2451,0.4902
4629,Sys_DiT_ref_class1000,4.65,3.82,925,0.93,0.764,0.71052,0.8388665879574971
4630,Sys_DiT_ref_class1000,4.65,3.85,926,0.93,0.77,0.7161000000000001,0.8424705882352941
4631,Sys_DiT_ref_class1000,3.45,2.1,926,0.6900000000000001,0.42000000000000004,0.28980000000000006,0.5221621621621623
4632,Sys_DiT_ref_class1000,2.35,3.85,926,0.47000000000000003,0.77,0.36190000000000005,0.583709677419355
4633,Sys_DiT_ref_class1000,3.42,4.15,926,0.6839999999999999,0.8300000000000001,0.56772,0.7499603698811096
4634,Sys_DiT_ref_class1000,2.85,4.15,926,0.5700000000000001,0.8300000000000001,0.4731000000000001,0.6758571428571429
4635,Sys_DiT_ref_class1000,4.15,3.85,927,0.8300000000000001,0.77,0.6391000000000001,0.7988750000000001
4636,Sys_DiT_ref_class1000,4.85,4.12,927,0.97,0.8240000000000001,0.79928,0.8910590858416945
4637,Sys_DiT_ref_class1000,4.85,3.62,927,0.97,0.724,0.7022799999999999,0.8291381345926799
4638,Sys_DiT_ref_class1000,4.85,3.92,927,0.97,0.784,0.76048,0.8671379703534778
4639,Sys_DiT_ref_class1000,4.85,3.62,927,0.97,0.724,0.7022799999999999,0.8291381345926799
4640,Sys_DiT_ref_class1000,4.12,1.85,928,0.8240000000000001,0.37,0.30488000000000004,0.5106867671691793
4641,Sys_DiT_ref_class1000,2.85,2.15,928,0.5700000000000001,0.43,0.2451,0.4902
4642,Sys_DiT_ref_class1000,0.12,0.85,928,0.024,0.16999999999999998,0.004079999999999999,0.04206185567010309
4643,Sys_DiT_ref_class1000,4.65,3.85,928,0.93,0.77,0.7161000000000001,0.8424705882352941
4644,Sys_DiT_ref_class1000,4.65,3.85,928,0.93,0.77,0.7161000000000001,0.8424705882352941
4645,Sys_DiT_ref_class1000,1.85,1.92,929,0.37,0.384,0.14208,0.37687002652519896
4646,Sys_DiT_ref_class1000,3.85,4.12,929,0.77,0.8240000000000001,0.63448,0.7960853199498118
4647,Sys_DiT_ref_class1000,1.85,3.42,929,0.37,0.6839999999999999,0.25307999999999997,0.4802277039848198
4648,Sys_DiT_ref_class1000,1.85,2.4,929,0.37,0.48,0.17759999999999998,0.4178823529411764
4649,Sys_DiT_ref_class1000,0.85,1.2,929,0.16999999999999998,0.24,0.040799999999999996,0.19902439024390242
4650,Sys_DiT_ref_class1000,3.45,3.82,930,0.6900000000000001,0.764,0.5271600000000001,0.7251169188445667
4651,Sys_DiT_ref_class1000,1.85,3.2,930,0.37,0.64,0.2368,0.46891089108910894
4652,Sys_DiT_ref_class1000,2.85,3.92,930,0.5700000000000001,0.784,0.44688000000000005,0.6600886262924668
4653,Sys_DiT_ref_class1000,1.25,3.4,930,0.25,0.6799999999999999,0.16999999999999998,0.3655913978494624
4654,Sys_DiT_ref_class1000,0.15,3.85,930,0.03,0.77,0.0231,0.057749999999999996
4655,Sys_DiT_ref_class1000,4.85,3.65,931,0.97,0.73,0.7081,0.8330588235294117
4656,Sys_DiT_ref_class1000,3.85,2.9,931,0.77,0.58,0.4466,0.6616296296296296
4657,Sys_DiT_ref_class1000,4.85,3.62,931,0.97,0.724,0.7022799999999999,0.8291381345926799
4658,Sys_DiT_ref_class1000,4.92,4.65,931,0.984,0.93,0.91512,0.9562382445141066
4659,Sys_DiT_ref_class1000,4.65,3.85,931,0.93,0.77,0.7161000000000001,0.8424705882352941
4660,Sys_DiT_ref_class1000,5.0,5.0,932,1.0,1.0,1.0,1.0
4661,Sys_DiT_ref_class1000,1.85,1.2,932,0.37,0.24,0.08879999999999999,0.2911475409836065
4662,Sys_DiT_ref_class1000,4.15,4.62,932,0.8300000000000001,0.924,0.7669200000000002,0.8744811858608895
4663,Sys_DiT_ref_class1000,1.25,2.1,932,0.25,0.42000000000000004,0.10500000000000001,0.31343283582089554
4664,Sys_DiT_ref_class1000,3.85,3.6,932,0.77,0.72,0.5544,0.7441610738255033
4665,Sys_DiT_ref_class1000,4.92,4.35,933,0.984,0.8699999999999999,0.8560799999999998,0.9234951456310678
4666,Sys_DiT_ref_class1000,0.85,2.4,933,0.16999999999999998,0.48,0.08159999999999999,0.2510769230769231
4667,Sys_DiT_ref_class1000,4.15,3.2,933,0.8300000000000001,0.64,0.5312,0.7227210884353741
4668,Sys_DiT_ref_class1000,4.15,1.5,933,0.8300000000000001,0.3,0.249,0.44070796460176986
4669,Sys_DiT_ref_class1000,4.15,3.85,933,0.8300000000000001,0.77,0.6391000000000001,0.7988750000000001
4670,Sys_DiT_ref_class1000,4.12,3.68,934,0.8240000000000001,0.736,0.606464,0.7775179487179487
4671,Sys_DiT_ref_class1000,3.82,2.45,934,0.764,0.49000000000000005,0.37436,0.5970653907496013
4672,Sys_DiT_ref_class1000,3.85,2.45,934,0.77,0.49000000000000005,0.3773,0.5988888888888889
4673,Sys_DiT_ref_class1000,0.0,1.2,934,0.0,0.24,0.0,0.0
4674,Sys_DiT_ref_class1000,4.85,3.72,934,0.97,0.744,0.72168,0.842100350058343
4675,Sys_DiT_ref_class1000,0.85,2.1,935,0.16999999999999998,0.42000000000000004,0.0714,0.24203389830508473
4676,Sys_DiT_ref_class1000,4.85,3.8,935,0.97,0.76,0.7372,0.8522543352601156
4677,Sys_DiT_ref_class1000,4.15,3.62,935,0.8300000000000001,0.724,0.60092,0.7733848133848134
4678,Sys_DiT_ref_class1000,4.92,4.98,935,0.984,0.9960000000000001,0.980064,0.9899636363636364
4679,Sys_DiT_ref_class1000,2.85,3.42,935,0.5700000000000001,0.6839999999999999,0.38988,0.6218181818181818
4680,Sys_DiT_ref_class1000,4.92,4.85,936,0.984,0.97,0.95448,0.976949846468782
4681,Sys_DiT_ref_class1000,4.98,4.99,936,0.9960000000000001,0.998,0.9940080000000001,0.9969989969909729
4682,Sys_DiT_ref_class1000,4.85,4.92,936,0.97,0.984,0.95448,0.976949846468782
4683,Sys_DiT_ref_class1000,5.0,5.0,936,1.0,1.0,1.0,1.0
4684,Sys_DiT_ref_class1000,4.98,4.96,936,0.9960000000000001,0.992,0.9880320000000001,0.9939959758551309
4685,Sys_DiT_ref_class1000,4.12,4.85,937,0.8240000000000001,0.97,0.79928,0.8910590858416945
4686,Sys_DiT_ref_class1000,4.12,3.85,937,0.8240000000000001,0.77,0.63448,0.7960853199498118
4687,Sys_DiT_ref_class1000,1.85,2.65,937,0.37,0.53,0.1961,0.43577777777777776
4688,Sys_DiT_ref_class1000,4.98,4.95,937,0.9960000000000001,0.99,0.9860400000000001,0.9929909365558913
4689,Sys_DiT_ref_class1000,4.85,3.65,937,0.97,0.73,0.7081,0.8330588235294117
4690,Sys_DiT_ref_class1000,4.85,3.2,938,0.97,0.64,0.6208,0.7711801242236026
4691,Sys_DiT_ref_class1000,1.85,3.62,938,0.37,0.724,0.26788,0.48972577696526515
4692,Sys_DiT_ref_class1000,4.12,3.85,938,0.8240000000000001,0.77,0.63448,0.7960853199498118
4693,Sys_DiT_ref_class1000,4.85,4.12,938,0.97,0.8240000000000001,0.79928,0.8910590858416945
4694,Sys_DiT_ref_class1000,3.85,4.12,938,0.77,0.8240000000000001,0.63448,0.7960853199498118
4695,Sys_DiT_ref_class1000,4.85,3.6,939,0.97,0.72,0.6983999999999999,0.8265088757396449
4696,Sys_DiT_ref_class1000,4.68,3.72,939,0.9359999999999999,0.744,0.696384,0.8290285714285714
4697,Sys_DiT_ref_class1000,4.65,3.85,939,0.93,0.77,0.7161000000000001,0.8424705882352941
4698,Sys_DiT_ref_class1000,4.85,4.72,939,0.97,0.944,0.9156799999999999,0.9568234064785789
4699,Sys_DiT_ref_class1000,4.15,1.85,939,0.8300000000000001,0.37,0.30710000000000004,0.5118333333333334
4700,Sys_DiT_ref_class1000,5.0,4.82,940,1.0,0.9640000000000001,0.9640000000000001,0.9816700610997964
4701,Sys_DiT_ref_class1000,4.85,4.62,940,0.97,0.924,0.89628,0.9464413938753959
4702,Sys_DiT_ref_class1000,4.82,3.65,940,0.9640000000000001,0.73,0.70372,0.8308382526564345
4703,Sys_DiT_ref_class1000,4.65,3.82,940,0.93,0.764,0.71052,0.8388665879574971
4704,Sys_DiT_ref_class1000,4.85,3.65,940,0.97,0.73,0.7081,0.8330588235294117
4705,Sys_DiT_ref_class1000,4.85,3.92,941,0.97,0.784,0.76048,0.8671379703534778
4706,Sys_DiT_ref_class1000,4.85,3.65,941,0.97,0.73,0.7081,0.8330588235294117
4707,Sys_DiT_ref_class1000,4.92,4.95,941,0.984,0.99,0.97416,0.9869908814589666
4708,Sys_DiT_ref_class1000,4.65,3.2,941,0.93,0.64,0.5952000000000001,0.7582165605095542
4709,Sys_DiT_ref_class1000,4.92,4.85,941,0.984,0.97,0.95448,0.976949846468782
4710,Sys_DiT_ref_class1000,4.85,1.2,942,0.97,0.24,0.23279999999999998,0.384793388429752
4711,Sys_DiT_ref_class1000,1.85,3.2,942,0.37,0.64,0.2368,0.46891089108910894
4712,Sys_DiT_ref_class1000,4.85,4.62,942,0.97,0.924,0.89628,0.9464413938753959
4713,Sys_DiT_ref_class1000,5.0,5.0,942,1.0,1.0,1.0,1.0
4714,Sys_DiT_ref_class1000,4.92,4.85,942,0.984,0.97,0.95448,0.976949846468782
4715,Sys_DiT_ref_class1000,4.92,4.95,943,0.984,0.99,0.97416,0.9869908814589666
4716,Sys_DiT_ref_class1000,4.85,3.65,943,0.97,0.73,0.7081,0.8330588235294117
4717,Sys_DiT_ref_class1000,4.12,2.85,943,0.8240000000000001,0.5700000000000001,0.4696800000000001,0.6738593974175037
4718,Sys_DiT_ref_class1000,4.65,2.85,943,0.93,0.5700000000000001,0.5301000000000001,0.7068000000000002
4719,Sys_DiT_ref_class1000,4.82,3.65,943,0.9640000000000001,0.73,0.70372,0.8308382526564345
4720,Sys_DiT_ref_class1000,2.35,3.85,944,0.47000000000000003,0.77,0.36190000000000005,0.583709677419355
4721,Sys_DiT_ref_class1000,4.85,3.72,944,0.97,0.744,0.72168,0.842100350058343
4722,Sys_DiT_ref_class1000,4.85,4.2,944,0.97,0.8400000000000001,0.8148000000000001,0.9003314917127072
4723,Sys_DiT_ref_class1000,4.85,3.92,944,0.97,0.784,0.76048,0.8671379703534778
4724,Sys_DiT_ref_class1000,2.15,2.85,944,0.43,0.5700000000000001,0.2451,0.4902
4725,Sys_DiT_ref_class1000,4.92,4.35,945,0.984,0.8699999999999999,0.8560799999999998,0.9234951456310678
4726,Sys_DiT_ref_class1000,4.65,3.2,945,0.93,0.64,0.5952000000000001,0.7582165605095542
4727,Sys_DiT_ref_class1000,4.85,2.8,945,0.97,0.5599999999999999,0.5431999999999999,0.7100653594771241
4728,Sys_DiT_ref_class1000,4.92,4.85,945,0.984,0.97,0.95448,0.976949846468782
4729,Sys_DiT_ref_class1000,4.85,3.62,945,0.97,0.724,0.7022799999999999,0.8291381345926799
4730,Sys_DiT_ref_class1000,4.82,3.65,946,0.9640000000000001,0.73,0.70372,0.8308382526564345
4731,Sys_DiT_ref_class1000,4.85,4.92,946,0.97,0.984,0.95448,0.976949846468782
4732,Sys_DiT_ref_class1000,4.12,3.65,946,0.8240000000000001,0.73,0.60152,0.7741570141570142
4733,Sys_DiT_ref_class1000,4.12,3.65,946,0.8240000000000001,0.73,0.60152,0.7741570141570142
4734,Sys_DiT_ref_class1000,4.65,3.82,946,0.93,0.764,0.71052,0.8388665879574971
4735,Sys_DiT_ref_class1000,2.85,2.4,947,0.5700000000000001,0.48,0.2736,0.5211428571428571
4736,Sys_DiT_ref_class1000,4.65,3.85,947,0.93,0.77,0.7161000000000001,0.8424705882352941
4737,Sys_DiT_ref_class1000,4.85,3.65,947,0.97,0.73,0.7081,0.8330588235294117
4738,Sys_DiT_ref_class1000,3.45,2.85,947,0.6900000000000001,0.5700000000000001,0.3933000000000001,0.6242857142857143
4739,Sys_DiT_ref_class1000,4.15,3.65,947,0.8300000000000001,0.73,0.6059,0.7767948717948717
4740,Sys_DiT_ref_class1000,4.85,3.75,948,0.97,0.75,0.7275,0.8459302325581396
4741,Sys_DiT_ref_class1000,4.65,3.85,948,0.93,0.77,0.7161000000000001,0.8424705882352941
4742,Sys_DiT_ref_class1000,4.85,4.92,948,0.97,0.984,0.95448,0.976949846468782
4743,Sys_DiT_ref_class1000,4.65,1.85,948,0.93,0.37,0.3441,0.5293846153846153
4744,Sys_DiT_ref_class1000,4.12,1.85,948,0.8240000000000001,0.37,0.30488000000000004,0.5106867671691793
4745,Sys_DiT_ref_class1000,1.85,2.1,949,0.37,0.42000000000000004,0.1554,0.39341772151898735
4746,Sys_DiT_ref_class1000,1.85,2.1,949,0.37,0.42000000000000004,0.1554,0.39341772151898735
4747,Sys_DiT_ref_class1000,4.92,4.85,949,0.984,0.97,0.95448,0.976949846468782
4748,Sys_DiT_ref_class1000,4.85,4.2,949,0.97,0.8400000000000001,0.8148000000000001,0.9003314917127072
4749,Sys_DiT_ref_class1000,4.85,3.62,949,0.97,0.724,0.7022799999999999,0.8291381345926799
4750,Sys_DiT_ref_class1000,4.92,4.95,950,0.984,0.99,0.97416,0.9869908814589666
4751,Sys_DiT_ref_class1000,4.98,4.96,950,0.9960000000000001,0.992,0.9880320000000001,0.9939959758551309
4752,Sys_DiT_ref_class1000,5.0,5.0,950,1.0,1.0,1.0,1.0
4753,Sys_DiT_ref_class1000,4.85,2.15,950,0.97,0.43,0.41709999999999997,0.5958571428571429
4754,Sys_DiT_ref_class1000,4.85,4.72,950,0.97,0.944,0.9156799999999999,0.9568234064785789
4755,Sys_DiT_ref_class1000,1.25,1.85,951,0.25,0.37,0.0925,0.29838709677419356
4756,Sys_DiT_ref_class1000,4.65,3.85,951,0.93,0.77,0.7161000000000001,0.8424705882352941
4757,Sys_DiT_ref_class1000,0.85,1.2,951,0.16999999999999998,0.24,0.040799999999999996,0.19902439024390242
4758,Sys_DiT_ref_class1000,2.85,3.12,951,0.5700000000000001,0.624,0.35568000000000005,0.5957788944723619
4759,Sys_DiT_ref_class1000,4.92,4.98,951,0.984,0.9960000000000001,0.980064,0.9899636363636364
4760,Sys_DiT_ref_class1000,5.0,5.0,952,1.0,1.0,1.0,1.0
4761,Sys_DiT_ref_class1000,4.92,4.95,952,0.984,0.99,0.97416,0.9869908814589666
4762,Sys_DiT_ref_class1000,4.98,4.95,952,0.9960000000000001,0.99,0.9860400000000001,0.9929909365558913
4763,Sys_DiT_ref_class1000,4.65,3.82,952,0.93,0.764,0.71052,0.8388665879574971
4764,Sys_DiT_ref_class1000,4.12,3.65,952,0.8240000000000001,0.73,0.60152,0.7741570141570142
4765,Sys_DiT_ref_class1000,4.65,3.85,953,0.93,0.77,0.7161000000000001,0.8424705882352941
4766,Sys_DiT_ref_class1000,2.15,1.85,953,0.43,0.37,0.1591,0.39774999999999994
4767,Sys_DiT_ref_class1000,4.85,3.75,953,0.97,0.75,0.7275,0.8459302325581396
4768,Sys_DiT_ref_class1000,4.98,4.95,953,0.9960000000000001,0.99,0.9860400000000001,0.9929909365558913
4769,Sys_DiT_ref_class1000,4.85,4.2,953,0.97,0.8400000000000001,0.8148000000000001,0.9003314917127072
4770,Sys_DiT_ref_class1000,2.85,2.9,954,0.5700000000000001,0.58,0.3306,0.5749565217391305
4771,Sys_DiT_ref_class1000,1.85,2.65,954,0.37,0.53,0.1961,0.43577777777777776
4772,Sys_DiT_ref_class1000,4.92,4.85,954,0.984,0.97,0.95448,0.976949846468782
4773,Sys_DiT_ref_class1000,1.85,2.4,954,0.37,0.48,0.17759999999999998,0.4178823529411764
4774,Sys_DiT_ref_class1000,4.85,3.65,954,0.97,0.73,0.7081,0.8330588235294117
4775,Sys_DiT_ref_class1000,4.92,4.85,955,0.984,0.97,0.95448,0.976949846468782
4776,Sys_DiT_ref_class1000,4.85,3.6,955,0.97,0.72,0.6983999999999999,0.8265088757396449
4777,Sys_DiT_ref_class1000,4.92,4.95,955,0.984,0.99,0.97416,0.9869908814589666
4778,Sys_DiT_ref_class1000,2.85,3.92,955,0.5700000000000001,0.784,0.44688000000000005,0.6600886262924668
4779,Sys_DiT_ref_class1000,4.85,2.1,955,0.97,0.42000000000000004,0.40740000000000004,0.5861870503597122
4780,Sys_DiT_ref_class1000,4.92,3.85,956,0.984,0.77,0.75768,0.863945267958951
4781,Sys_DiT_ref_class1000,4.62,3.85,956,0.924,0.77,0.71148,0.8400000000000001
4782,Sys_DiT_ref_class1000,2.85,3.1,956,0.5700000000000001,0.62,0.35340000000000005,0.5939495798319329
4783,Sys_DiT_ref_class1000,4.98,4.96,956,0.9960000000000001,0.992,0.9880320000000001,0.9939959758551309
4784,Sys_DiT_ref_class1000,4.12,2.85,956,0.8240000000000001,0.5700000000000001,0.4696800000000001,0.6738593974175037
4785,Sys_DiT_ref_class1000,4.85,3.62,957,0.97,0.724,0.7022799999999999,0.8291381345926799
4786,Sys_DiT_ref_class1000,3.45,4.12,957,0.6900000000000001,0.8240000000000001,0.5685600000000001,0.7510700132100396
4787,Sys_DiT_ref_class1000,4.12,3.65,957,0.8240000000000001,0.73,0.60152,0.7741570141570142
4788,Sys_DiT_ref_class1000,4.85,4.62,957,0.97,0.924,0.89628,0.9464413938753959
4789,Sys_DiT_ref_class1000,4.85,3.2,957,0.97,0.64,0.6208,0.7711801242236026
4790,Sys_DiT_ref_class1000,3.42,2.85,958,0.6839999999999999,0.5700000000000001,0.38988,0.6218181818181818
4791,Sys_DiT_ref_class1000,4.85,4.62,958,0.97,0.924,0.89628,0.9464413938753959
4792,Sys_DiT_ref_class1000,2.85,2.9,958,0.5700000000000001,0.58,0.3306,0.5749565217391305
4793,Sys_DiT_ref_class1000,5.0,5.0,958,1.0,1.0,1.0,1.0
4794,Sys_DiT_ref_class1000,4.92,4.65,958,0.984,0.93,0.91512,0.9562382445141066
4795,Sys_DiT_ref_class1000,4.85,3.65,959,0.97,0.73,0.7081,0.8330588235294117
4796,Sys_DiT_ref_class1000,4.85,3.2,959,0.97,0.64,0.6208,0.7711801242236026
4797,Sys_DiT_ref_class1000,3.85,2.65,959,0.77,0.53,0.4081,0.6278461538461538
4798,Sys_DiT_ref_class1000,3.15,1.85,959,0.63,0.37,0.2331,0.4662
4799,Sys_DiT_ref_class1000,4.92,4.85,959,0.984,0.97,0.95448,0.976949846468782
4800,Sys_DiT_ref_class1000,1.15,2.85,960,0.22999999999999998,0.5700000000000001,0.1311,0.32775
4801,Sys_DiT_ref_class1000,4.65,2.85,960,0.93,0.5700000000000001,0.5301000000000001,0.7068000000000002
4802,Sys_DiT_ref_class1000,4.92,4.85,960,0.984,0.97,0.95448,0.976949846468782
4803,Sys_DiT_ref_class1000,3.85,3.62,960,0.77,0.724,0.55748,0.7462918340026774
4804,Sys_DiT_ref_class1000,4.85,3.72,960,0.97,0.744,0.72168,0.842100350058343
4805,Sys_DiT_ref_class1000,4.65,4.72,961,0.93,0.944,0.87792,0.9369477054429028
4806,Sys_DiT_ref_class1000,4.25,4.15,961,0.85,0.8300000000000001,0.7055,0.8398809523809523
4807,Sys_DiT_ref_class1000,4.15,2.85,961,0.8300000000000001,0.5700000000000001,0.4731000000000001,0.6758571428571429
4808,Sys_DiT_ref_class1000,1.25,2.1,961,0.25,0.42000000000000004,0.10500000000000001,0.31343283582089554
4809,Sys_DiT_ref_class1000,4.65,1.85,961,0.93,0.37,0.3441,0.5293846153846153
4810,Sys_DiT_ref_class1000,0.85,2.4,962,0.16999999999999998,0.48,0.08159999999999999,0.2510769230769231
4811,Sys_DiT_ref_class1000,3.85,2.6,962,0.77,0.52,0.40040000000000003,0.6207751937984497
4812,Sys_DiT_ref_class1000,3.82,3.45,962,0.764,0.6900000000000001,0.5271600000000001,0.7251169188445667
4813,Sys_DiT_ref_class1000,1.85,3.42,962,0.37,0.6839999999999999,0.25307999999999997,0.4802277039848198
4814,Sys_DiT_ref_class1000,1.85,3.42,962,0.37,0.6839999999999999,0.25307999999999997,0.4802277039848198
4815,Sys_DiT_ref_class1000,3.82,2.45,963,0.764,0.49000000000000005,0.37436,0.5970653907496013
4816,Sys_DiT_ref_class1000,4.85,4.2,963,0.97,0.8400000000000001,0.8148000000000001,0.9003314917127072
4817,Sys_DiT_ref_class1000,4.92,3.85,963,0.984,0.77,0.75768,0.863945267958951
4818,Sys_DiT_ref_class1000,5.0,5.0,963,1.0,1.0,1.0,1.0
4819,Sys_DiT_ref_class1000,4.85,3.62,963,0.97,0.724,0.7022799999999999,0.8291381345926799
4820,Sys_DiT_ref_class1000,4.15,2.85,964,0.8300000000000001,0.5700000000000001,0.4731000000000001,0.6758571428571429
4821,Sys_DiT_ref_class1000,4.85,3.62,964,0.97,0.724,0.7022799999999999,0.8291381345926799
4822,Sys_DiT_ref_class1000,3.42,2.85,964,0.6839999999999999,0.5700000000000001,0.38988,0.6218181818181818
4823,Sys_DiT_ref_class1000,4.15,3.25,964,0.8300000000000001,0.65,0.5395000000000001,0.7290540540540542
4824,Sys_DiT_ref_class1000,2.85,3.65,964,0.5700000000000001,0.73,0.4161,0.6401538461538462
4825,Sys_DiT_ref_class1000,1.42,2.15,965,0.284,0.43,0.12211999999999999,0.34207282913165266
4826,Sys_DiT_ref_class1000,1.85,2.65,965,0.37,0.53,0.1961,0.43577777777777776
4827,Sys_DiT_ref_class1000,3.85,3.62,965,0.77,0.724,0.55748,0.7462918340026774
4828,Sys_DiT_ref_class1000,4.82,3.65,965,0.9640000000000001,0.73,0.70372,0.8308382526564345
4829,Sys_DiT_ref_class1000,4.85,3.65,965,0.97,0.73,0.7081,0.8330588235294117
4830,Sys_DiT_ref_class1000,4.72,3.85,966,0.944,0.77,0.72688,0.8481680280046674
4831,Sys_DiT_ref_class1000,4.65,2.85,966,0.93,0.5700000000000001,0.5301000000000001,0.7068000000000002
4832,Sys_DiT_ref_class1000,4.12,1.85,966,0.8240000000000001,0.37,0.30488000000000004,0.5106867671691793
4833,Sys_DiT_ref_class1000,1.25,1.8,966,0.25,0.36,0.09,0.29508196721311475
4834,Sys_DiT_ref_class1000,4.65,3.82,966,0.93,0.764,0.71052,0.8388665879574971
4835,Sys_DiT_ref_class1000,0.12,2.85,967,0.024,0.5700000000000001,0.013680000000000001,0.04606060606060606
4836,Sys_DiT_ref_class1000,3.42,3.85,967,0.6839999999999999,0.77,0.5266799999999999,0.7244566712517193
4837,Sys_DiT_ref_class1000,4.12,3.85,967,0.8240000000000001,0.77,0.63448,0.7960853199498118
4838,Sys_DiT_ref_class1000,4.65,4.2,967,0.93,0.8400000000000001,0.7812000000000001,0.8827118644067797
4839,Sys_DiT_ref_class1000,4.12,2.85,967,0.8240000000000001,0.5700000000000001,0.4696800000000001,0.6738593974175037
4840,Sys_DiT_ref_class1000,4.85,1.62,968,0.97,0.324,0.31428,0.4857496136012365
4841,Sys_DiT_ref_class1000,4.85,1.2,968,0.97,0.24,0.23279999999999998,0.384793388429752
4842,Sys_DiT_ref_class1000,2.15,3.85,968,0.43,0.77,0.3311,0.5518333333333334
4843,Sys_DiT_ref_class1000,4.85,3.72,968,0.97,0.744,0.72168,0.842100350058343
4844,Sys_DiT_ref_class1000,5.0,5.0,968,1.0,1.0,1.0,1.0
4845,Sys_DiT_ref_class1000,4.85,3.65,969,0.97,0.73,0.7081,0.8330588235294117
4846,Sys_DiT_ref_class1000,4.12,2.85,969,0.8240000000000001,0.5700000000000001,0.4696800000000001,0.6738593974175037
4847,Sys_DiT_ref_class1000,3.82,1.47,969,0.764,0.294,0.22461599999999998,0.4246049149338374
4848,Sys_DiT_ref_class1000,4.85,3.65,969,0.97,0.73,0.7081,0.8330588235294117
4849,Sys_DiT_ref_class1000,4.85,3.72,969,0.97,0.744,0.72168,0.842100350058343
4850,Sys_DiT_ref_class1000,2.15,0.85,970,0.43,0.16999999999999998,0.0731,0.24366666666666667
4851,Sys_DiT_ref_class1000,4.92,4.98,970,0.984,0.9960000000000001,0.980064,0.9899636363636364
4852,Sys_DiT_ref_class1000,3.85,2.15,970,0.77,0.43,0.3311,0.5518333333333334
4853,Sys_DiT_ref_class1000,4.65,3.85,970,0.93,0.77,0.7161000000000001,0.8424705882352941
4854,Sys_DiT_ref_class1000,4.85,4.92,970,0.97,0.984,0.95448,0.976949846468782
4855,Sys_DiT_ref_class1000,4.65,2.85,971,0.93,0.5700000000000001,0.5301000000000001,0.7068000000000002
4856,Sys_DiT_ref_class1000,4.12,3.65,971,0.8240000000000001,0.73,0.60152,0.7741570141570142
4857,Sys_DiT_ref_class1000,4.85,3.75,971,0.97,0.75,0.7275,0.8459302325581396
4858,Sys_DiT_ref_class1000,4.35,2.85,971,0.8699999999999999,0.5700000000000001,0.4959,0.6887500000000001
4859,Sys_DiT_ref_class1000,4.65,3.85,971,0.93,0.77,0.7161000000000001,0.8424705882352941
4860,Sys_DiT_ref_class1000,4.12,3.85,972,0.8240000000000001,0.77,0.63448,0.7960853199498118
4861,Sys_DiT_ref_class1000,4.25,3.85,972,0.85,0.77,0.6545,0.8080246913580246
4862,Sys_DiT_ref_class1000,4.65,3.85,972,0.93,0.77,0.7161000000000001,0.8424705882352941
4863,Sys_DiT_ref_class1000,4.92,4.98,972,0.984,0.9960000000000001,0.980064,0.9899636363636364
4864,Sys_DiT_ref_class1000,4.12,3.85,972,0.8240000000000001,0.77,0.63448,0.7960853199498118
4865,Sys_DiT_ref_class1000,3.85,4.12,973,0.77,0.8240000000000001,0.63448,0.7960853199498118
4866,Sys_DiT_ref_class1000,4.85,3.72,973,0.97,0.744,0.72168,0.842100350058343
4867,Sys_DiT_ref_class1000,2.85,3.6,973,0.5700000000000001,0.72,0.41040000000000004,0.6362790697674419
4868,Sys_DiT_ref_class1000,4.15,2.35,973,0.8300000000000001,0.47000000000000003,0.39010000000000006,0.6001538461538463
4869,Sys_DiT_ref_class1000,4.12,2.35,973,0.8240000000000001,0.47000000000000003,0.38728000000000007,0.5985780525502319
4870,Sys_DiT_ref_class1000,4.82,4.35,974,0.9640000000000001,0.8699999999999999,0.83868,0.9145910577971647
4871,Sys_DiT_ref_class1000,4.12,3.85,974,0.8240000000000001,0.77,0.63448,0.7960853199498118
4872,Sys_DiT_ref_class1000,4.85,3.72,974,0.97,0.744,0.72168,0.842100350058343
4873,Sys_DiT_ref_class1000,3.42,3.85,974,0.6839999999999999,0.77,0.5266799999999999,0.7244566712517193
4874,Sys_DiT_ref_class1000,4.85,3.62,974,0.97,0.724,0.7022799999999999,0.8291381345926799
4875,Sys_DiT_ref_class1000,3.85,4.92,975,0.77,0.984,0.75768,0.863945267958951
4876,Sys_DiT_ref_class1000,1.85,2.35,975,0.37,0.47000000000000003,0.1739,0.414047619047619
4877,Sys_DiT_ref_class1000,3.65,1.85,975,0.73,0.37,0.2701,0.4910909090909091
4878,Sys_DiT_ref_class1000,2.15,0.85,975,0.43,0.16999999999999998,0.0731,0.24366666666666667
4879,Sys_DiT_ref_class1000,3.42,2.85,975,0.6839999999999999,0.5700000000000001,0.38988,0.6218181818181818
4880,Sys_DiT_ref_class1000,4.85,4.92,976,0.97,0.984,0.95448,0.976949846468782
4881,Sys_DiT_ref_class1000,4.85,4.92,976,0.97,0.984,0.95448,0.976949846468782
4882,Sys_DiT_ref_class1000,4.85,5.0,976,0.97,1.0,0.97,0.9847715736040609
4883,Sys_DiT_ref_class1000,2.15,1.85,976,0.43,0.37,0.1591,0.39774999999999994
4884,Sys_DiT_ref_class1000,4.15,3.2,976,0.8300000000000001,0.64,0.5312,0.7227210884353741
4885,Sys_DiT_ref_class1000,4.98,5.0,977,0.9960000000000001,1.0,0.9960000000000001,0.997995991983968
4886,Sys_DiT_ref_class1000,4.85,4.92,977,0.97,0.984,0.95448,0.976949846468782
4887,Sys_DiT_ref_class1000,4.15,4.92,977,0.8300000000000001,0.984,0.8167200000000001,0.9004630650496142
4888,Sys_DiT_ref_class1000,4.65,3.85,977,0.93,0.77,0.7161000000000001,0.8424705882352941
4889,Sys_DiT_ref_class1000,1.82,1.35,977,0.364,0.27,0.09828,0.3100315457413249
4890,Sys_DiT_ref_class1000,4.65,4.2,978,0.93,0.8400000000000001,0.7812000000000001,0.8827118644067797
4891,Sys_DiT_ref_class1000,3.42,1.5,978,0.6839999999999999,0.3,0.20519999999999997,0.41707317073170724
4892,Sys_DiT_ref_class1000,3.85,2.75,978,0.77,0.55,0.42350000000000004,0.6416666666666667
4893,Sys_DiT_ref_class1000,4.12,2.85,978,0.8240000000000001,0.5700000000000001,0.4696800000000001,0.6738593974175037
4894,Sys_DiT_ref_class1000,1.85,2.4,978,0.37,0.48,0.17759999999999998,0.4178823529411764
4895,Sys_DiT_ref_class1000,1.25,4.65,979,0.25,0.93,0.2325,0.39406779661016944
4896,Sys_DiT_ref_class1000,4.98,5.0,979,0.9960000000000001,1.0,0.9960000000000001,0.997995991983968
4897,Sys_DiT_ref_class1000,4.12,3.85,979,0.8240000000000001,0.77,0.63448,0.7960853199498118
4898,Sys_DiT_ref_class1000,5.0,4.8,979,1.0,0.96,0.96,0.9795918367346939
4899,Sys_DiT_ref_class1000,1.25,3.85,979,0.25,0.77,0.1925,0.37745098039215685
4900,Sys_DiT_ref_class1000,4.85,4.2,980,0.97,0.8400000000000001,0.8148000000000001,0.9003314917127072
4901,Sys_DiT_ref_class1000,3.42,2.18,980,0.6839999999999999,0.43600000000000005,0.298224,0.5325428571428571
4902,Sys_DiT_ref_class1000,4.65,3.85,980,0.93,0.77,0.7161000000000001,0.8424705882352941
4903,Sys_DiT_ref_class1000,3.42,1.85,980,0.6839999999999999,0.37,0.25307999999999997,0.4802277039848198
4904,Sys_DiT_ref_class1000,4.15,4.62,980,0.8300000000000001,0.924,0.7669200000000002,0.8744811858608895
4905,Sys_DiT_ref_class1000,1.85,1.2,981,0.37,0.24,0.08879999999999999,0.2911475409836065
4906,Sys_DiT_ref_class1000,1.85,1.2,981,0.37,0.24,0.08879999999999999,0.2911475409836065
4907,Sys_DiT_ref_class1000,3.65,2.15,981,0.73,0.43,0.3139,0.5412068965517242
4908,Sys_DiT_ref_class1000,0.85,0.92,981,0.16999999999999998,0.184,0.031279999999999995,0.1767231638418079
4909,Sys_DiT_ref_class1000,3.82,1.47,981,0.764,0.294,0.22461599999999998,0.4246049149338374
4910,Sys_DiT_ref_class1000,4.35,1.5,982,0.8699999999999999,0.3,0.26099999999999995,0.4461538461538461
4911,Sys_DiT_ref_class1000,2.15,0.85,982,0.43,0.16999999999999998,0.0731,0.24366666666666667
4912,Sys_DiT_ref_class1000,3.85,1.2,982,0.77,0.24,0.1848,0.36594059405940593
4913,Sys_DiT_ref_class1000,3.12,0.85,982,0.624,0.16999999999999998,0.10608,0.2672040302267002
4914,Sys_DiT_ref_class1000,2.15,1.2,982,0.43,0.24,0.1032,0.30805970149253736
4915,Sys_DiT_ref_class1000,4.65,4.12,983,0.93,0.8240000000000001,0.7663200000000001,0.8737970353477766
4916,Sys_DiT_ref_class1000,2.85,1.92,983,0.5700000000000001,0.384,0.21888000000000002,0.4588679245283019
4917,Sys_DiT_ref_class1000,3.42,3.85,983,0.6839999999999999,0.77,0.5266799999999999,0.7244566712517193
4918,Sys_DiT_ref_class1000,4.65,1.5,983,0.93,0.3,0.279,0.4536585365853659
4919,Sys_DiT_ref_class1000,4.65,1.5,983,0.93,0.3,0.279,0.4536585365853659
4920,Sys_DiT_ref_class1000,4.85,3.62,984,0.97,0.724,0.7022799999999999,0.8291381345926799
4921,Sys_DiT_ref_class1000,4.85,3.6,984,0.97,0.72,0.6983999999999999,0.8265088757396449
4922,Sys_DiT_ref_class1000,4.85,4.92,984,0.97,0.984,0.95448,0.976949846468782
4923,Sys_DiT_ref_class1000,4.85,2.65,984,0.97,0.53,0.5141,0.6854666666666667
4924,Sys_DiT_ref_class1000,4.85,4.92,984,0.97,0.984,0.95448,0.976949846468782
4925,Sys_DiT_ref_class1000,1.85,3.65,985,0.37,0.73,0.2701,0.4910909090909091
4926,Sys_DiT_ref_class1000,4.85,3.65,985,0.97,0.73,0.7081,0.8330588235294117
4927,Sys_DiT_ref_class1000,4.92,4.65,985,0.984,0.93,0.91512,0.9562382445141066
4928,Sys_DiT_ref_class1000,3.42,2.85,985,0.6839999999999999,0.5700000000000001,0.38988,0.6218181818181818
4929,Sys_DiT_ref_class1000,4.85,4.72,985,0.97,0.944,0.9156799999999999,0.9568234064785789
4930,Sys_DiT_ref_class1000,4.92,4.65,986,0.984,0.93,0.91512,0.9562382445141066
4931,Sys_DiT_ref_class1000,4.85,3.65,986,0.97,0.73,0.7081,0.8330588235294117
4932,Sys_DiT_ref_class1000,3.45,3.82,986,0.6900000000000001,0.764,0.5271600000000001,0.7251169188445667
4933,Sys_DiT_ref_class1000,4.65,3.85,986,0.93,0.77,0.7161000000000001,0.8424705882352941
4934,Sys_DiT_ref_class1000,4.92,4.95,986,0.984,0.99,0.97416,0.9869908814589666
4935,Sys_DiT_ref_class1000,4.15,2.85,987,0.8300000000000001,0.5700000000000001,0.4731000000000001,0.6758571428571429
4936,Sys_DiT_ref_class1000,2.15,3.85,987,0.43,0.77,0.3311,0.5518333333333334
4937,Sys_DiT_ref_class1000,2.85,2.1,987,0.5700000000000001,0.42000000000000004,0.23940000000000006,0.4836363636363637
4938,Sys_DiT_ref_class1000,1.85,1.2,987,0.37,0.24,0.08879999999999999,0.2911475409836065
4939,Sys_DiT_ref_class1000,2.15,3.85,987,0.43,0.77,0.3311,0.5518333333333334
4940,Sys_DiT_ref_class1000,3.85,3.62,988,0.77,0.724,0.55748,0.7462918340026774
4941,Sys_DiT_ref_class1000,3.42,2.15,988,0.6839999999999999,0.43,0.29412,0.5280430879712747
4942,Sys_DiT_ref_class1000,3.45,3.82,988,0.6900000000000001,0.764,0.5271600000000001,0.7251169188445667
4943,Sys_DiT_ref_class1000,4.85,1.5,988,0.97,0.3,0.291,0.458267716535433
4944,Sys_DiT_ref_class1000,4.15,4.92,988,0.8300000000000001,0.984,0.8167200000000001,0.9004630650496142
4945,Sys_DiT_ref_class1000,2.85,1.92,989,0.5700000000000001,0.384,0.21888000000000002,0.4588679245283019
4946,Sys_DiT_ref_class1000,4.12,3.68,989,0.8240000000000001,0.736,0.606464,0.7775179487179487
4947,Sys_DiT_ref_class1000,4.92,4.98,989,0.984,0.9960000000000001,0.980064,0.9899636363636364
4948,Sys_DiT_ref_class1000,4.85,4.2,989,0.97,0.8400000000000001,0.8148000000000001,0.9003314917127072
4949,Sys_DiT_ref_class1000,3.45,2.85,989,0.6900000000000001,0.5700000000000001,0.3933000000000001,0.6242857142857143
4950,Sys_DiT_ref_class1000,4.85,3.65,990,0.97,0.73,0.7081,0.8330588235294117
4951,Sys_DiT_ref_class1000,4.65,3.85,990,0.93,0.77,0.7161000000000001,0.8424705882352941
4952,Sys_DiT_ref_class1000,1.85,2.1,990,0.37,0.42000000000000004,0.1554,0.39341772151898735
4953,Sys_DiT_ref_class1000,4.85,3.65,990,0.97,0.73,0.7081,0.8330588235294117
4954,Sys_DiT_ref_class1000,4.65,3.85,990,0.93,0.77,0.7161000000000001,0.8424705882352941
4955,Sys_DiT_ref_class1000,4.15,4.92,991,0.8300000000000001,0.984,0.8167200000000001,0.9004630650496142
4956,Sys_DiT_ref_class1000,4.85,3.62,991,0.97,0.724,0.7022799999999999,0.8291381345926799
4957,Sys_DiT_ref_class1000,4.35,3.85,991,0.8699999999999999,0.77,0.6698999999999999,0.8169512195121951
4958,Sys_DiT_ref_class1000,4.98,4.95,991,0.9960000000000001,0.99,0.9860400000000001,0.9929909365558913
4959,Sys_DiT_ref_class1000,5.0,4.85,991,1.0,0.97,0.97,0.9847715736040609
4960,Sys_DiT_ref_class1000,4.65,3.85,992,0.93,0.77,0.7161000000000001,0.8424705882352941
4961,Sys_DiT_ref_class1000,4.65,3.82,992,0.93,0.764,0.71052,0.8388665879574971
4962,Sys_DiT_ref_class1000,4.85,3.62,992,0.97,0.724,0.7022799999999999,0.8291381345926799
4963,Sys_DiT_ref_class1000,4.85,3.6,992,0.97,0.72,0.6983999999999999,0.8265088757396449
4964,Sys_DiT_ref_class1000,4.15,3.85,992,0.8300000000000001,0.77,0.6391000000000001,0.7988750000000001
4965,Sys_DiT_ref_class1000,4.85,2.65,993,0.97,0.53,0.5141,0.6854666666666667
4966,Sys_DiT_ref_class1000,4.92,4.85,993,0.984,0.97,0.95448,0.976949846468782
4967,Sys_DiT_ref_class1000,4.85,3.65,993,0.97,0.73,0.7081,0.8330588235294117
4968,Sys_DiT_ref_class1000,4.85,4.92,993,0.97,0.984,0.95448,0.976949846468782
4969,Sys_DiT_ref_class1000,4.85,3.65,993,0.97,0.73,0.7081,0.8330588235294117
4970,Sys_DiT_ref_class1000,3.45,2.85,994,0.6900000000000001,0.5700000000000001,0.3933000000000001,0.6242857142857143
4971,Sys_DiT_ref_class1000,4.62,3.85,994,0.924,0.77,0.71148,0.8400000000000001
4972,Sys_DiT_ref_class1000,4.85,4.12,994,0.97,0.8240000000000001,0.79928,0.8910590858416945
4973,Sys_DiT_ref_class1000,3.82,3.65,994,0.764,0.73,0.55772,0.7466131191432396
4974,Sys_DiT_ref_class1000,4.98,4.95,994,0.9960000000000001,0.99,0.9860400000000001,0.9929909365558913
4975,Sys_DiT_ref_class1000,4.85,2.65,995,0.97,0.53,0.5141,0.6854666666666667
4976,Sys_DiT_ref_class1000,4.85,3.65,995,0.97,0.73,0.7081,0.8330588235294117
4977,Sys_DiT_ref_class1000,4.65,3.85,995,0.93,0.77,0.7161000000000001,0.8424705882352941
4978,Sys_DiT_ref_class1000,4.85,3.6,995,0.97,0.72,0.6983999999999999,0.8265088757396449
4979,Sys_DiT_ref_class1000,4.85,3.65,995,0.97,0.73,0.7081,0.8330588235294117
4980,Sys_DiT_ref_class1000,4.68,3.12,996,0.9359999999999999,0.624,0.5840639999999999,0.7487999999999999
4981,Sys_DiT_ref_class1000,4.35,3.85,996,0.8699999999999999,0.77,0.6698999999999999,0.8169512195121951
4982,Sys_DiT_ref_class1000,3.45,3.82,996,0.6900000000000001,0.764,0.5271600000000001,0.7251169188445667
4983,Sys_DiT_ref_class1000,3.15,2.85,996,0.63,0.5700000000000001,0.35910000000000003,0.5984999999999999
4984,Sys_DiT_ref_class1000,3.12,2.85,996,0.624,0.5700000000000001,0.35568000000000005,0.5957788944723619
4985,Sys_DiT_ref_class1000,3.85,3.2,997,0.77,0.64,0.4928,0.6990070921985815
4986,Sys_DiT_ref_class1000,4.85,4.62,997,0.97,0.924,0.89628,0.9464413938753959
4987,Sys_DiT_ref_class1000,4.12,3.65,997,0.8240000000000001,0.73,0.60152,0.7741570141570142
4988,Sys_DiT_ref_class1000,4.85,2.75,997,0.97,0.55,0.5335,0.7019736842105263
4989,Sys_DiT_ref_class1000,4.85,4.72,997,0.97,0.944,0.9156799999999999,0.9568234064785789
4990,Sys_DiT_ref_class1000,4.12,3.85,998,0.8240000000000001,0.77,0.63448,0.7960853199498118
4991,Sys_DiT_ref_class1000,4.85,3.65,998,0.97,0.73,0.7081,0.8330588235294117
4992,Sys_DiT_ref_class1000,1.35,2.15,998,0.27,0.43,0.11610000000000001,0.33171428571428574
4993,Sys_DiT_ref_class1000,0.12,0.85,998,0.024,0.16999999999999998,0.004079999999999999,0.04206185567010309
4994,Sys_DiT_ref_class1000,2.85,2.4,998,0.5700000000000001,0.48,0.2736,0.5211428571428571
4995,Sys_DiT_ref_class1000,2.85,1.92,999,0.5700000000000001,0.384,0.21888000000000002,0.4588679245283019
4996,Sys_DiT_ref_class1000,0.85,1.2,999,0.16999999999999998,0.24,0.040799999999999996,0.19902439024390242
4997,Sys_DiT_ref_class1000,4.85,4.92,999,0.97,0.984,0.95448,0.976949846468782
4998,Sys_DiT_ref_class1000,3.65,2.85,999,0.73,0.5700000000000001,0.4161,0.6401538461538462
4999,Sys_DiT_ref_class1000,0.0,0.0,999,0.0,0.0,0.0,0.0
