image_id,source,alignment_score,authenticity_score,class_id,alignment_norm,authenticity_norm,composite_product_perimage,composite_harmonic_perimage
0,User_DiT_1,5.0,4.0,4,1.0,0.8,0.8,0.888888888888889
0,User_DiT_2,5.0,4.0,4,1.0,0.8,0.8,0.888888888888889
0,User_DiT_3,5.0,5.0,4,1.0,1.0,1.0,1.0
1,User_DiT_1,5.0,4.0,4,1.0,0.8,0.8,0.888888888888889
1,User_DiT_2,5.0,3.0,4,1.0,0.6,0.6,0.7499999999999999
1,User_DiT_3,5.0,4.0,4,1.0,0.8,0.8,0.888888888888889
2,User_DiT_1,5.0,5.0,4,1.0,1.0,1.0,1.0
2,User_DiT_2,5.0,4.0,4,1.0,0.8,0.8,0.888888888888889
2,User_DiT_3,5.0,4.0,4,1.0,0.8,0.8,0.888888888888889
3,User_DiT_1,5.0,4.0,4,1.0,0.8,0.8,0.888888888888889
3,User_DiT_2,5.0,4.0,4,1.0,0.8,0.8,0.888888888888889
3,User_DiT_3,5.0,4.0,4,1.0,0.8,0.8,0.888888888888889
4,User_DiT_1,5.0,3.0,4,1.0,0.6,0.6,0.7499999999999999
4,User_DiT_2,5.0,4.0,4,1.0,0.8,0.8,0.888888888888889
4,User_DiT_3,4.38,3.0,4,0.876,0.6,0.5256,0.7121951219512195
5,User_DiT_1,4.44,4.0,7,0.8880000000000001,0.8,0.7104000000000001,0.8417061611374408
5,User_DiT_2,4.38,2.0,7,0.876,0.4,0.35040000000000004,0.5492163009404389
5,User_DiT_3,4.38,4.0,7,0.876,0.8,0.7008000000000001,0.8362768496420048
6,User_DiT_1,5.0,2.0,7,1.0,0.4,0.4,0.5714285714285715
6,User_DiT_2,5.0,5.0,7,1.0,1.0,1.0,1.0
6,User_DiT_3,5.0,5.0,7,1.0,1.0,1.0,1.0
7,User_DiT_1,4.44,4.0,7,0.8880000000000001,0.8,0.7104000000000001,0.8417061611374408
7,User_DiT_2,4.44,4.0,7,0.8880000000000001,0.8,0.7104000000000001,0.8417061611374408
7,User_DiT_3,4.44,4.0,7,0.8880000000000001,0.8,0.7104000000000001,0.8417061611374408
8,User_DiT_1,4.17,4.0,7,0.834,0.8,0.6672,0.8166462668298654
8,User_DiT_2,4.17,4.0,7,0.834,0.8,0.6672,0.8166462668298654
8,User_DiT_3,4.17,3.0,7,0.834,0.6,0.5004,0.697907949790795
9,User_DiT_1,5.0,3.0,7,1.0,0.6,0.6,0.7499999999999999
9,User_DiT_2,5.0,3.0,7,1.0,0.6,0.6,0.7499999999999999
9,User_DiT_3,5.0,3.0,7,1.0,0.6,0.6,0.7499999999999999
10,User_DiT_1,3.89,4.0,10,0.778,0.8,0.6224000000000001,0.7888466413181242
10,User_DiT_2,3.89,4.0,10,0.778,0.8,0.6224000000000001,0.7888466413181242
10,User_DiT_3,3.89,4.0,10,0.778,0.8,0.6224000000000001,0.7888466413181242
11,User_DiT_1,4.0,5.0,10,0.8,1.0,0.8,0.888888888888889
11,User_DiT_2,4.0,5.0,10,0.8,1.0,0.8,0.888888888888889
11,User_DiT_3,4.0,5.0,10,0.8,1.0,0.8,0.888888888888889
12,User_DiT_1,0.56,3.0,10,0.11200000000000002,0.6,0.06720000000000001,0.18876404494382026
12,User_DiT_2,3.57,3.0,10,0.714,0.6,0.42839999999999995,0.6520547945205478
12,User_DiT_3,0.56,2.0,10,0.11200000000000002,0.4,0.044800000000000006,0.17500000000000002
13,User_DiT_1,4.0,3.0,10,0.8,0.6,0.48,0.6857142857142857
13,User_DiT_2,5.0,3.0,10,1.0,0.6,0.6,0.7499999999999999
13,User_DiT_3,4.0,2.0,10,0.8,0.4,0.32000000000000006,0.5333333333333333
14,User_DiT_1,4.0,5.0,10,0.8,1.0,0.8,0.888888888888889
14,User_DiT_2,4.0,5.0,10,0.8,1.0,0.8,0.888888888888889
14,User_DiT_3,3.89,5.0,10,0.778,1.0,0.778,0.875140607424072
15,User_DiT_1,5.0,4.0,25,1.0,0.8,0.8,0.888888888888889
15,User_DiT_2,5.0,5.0,25,1.0,1.0,1.0,1.0
15,User_DiT_3,5.0,2.0,25,1.0,0.4,0.4,0.5714285714285715
16,User_DiT_1,5.0,5.0,25,1.0,1.0,1.0,1.0
16,User_DiT_2,5.0,4.0,25,1.0,0.8,0.8,0.888888888888889
16,User_DiT_3,5.0,5.0,25,1.0,1.0,1.0,1.0
17,User_DiT_1,5.0,4.0,25,1.0,0.8,0.8,0.888888888888889
17,User_DiT_2,5.0,3.0,25,1.0,0.6,0.6,0.7499999999999999
17,User_DiT_3,4.17,4.0,25,0.834,0.8,0.6672,0.8166462668298654
18,User_DiT_1,5.0,4.0,25,1.0,0.8,0.8,0.888888888888889
18,User_DiT_2,5.0,4.0,25,1.0,0.8,0.8,0.888888888888889
18,User_DiT_3,5.0,4.0,25,1.0,0.8,0.8,0.888888888888889
19,User_DiT_1,3.33,2.0,25,0.666,0.4,0.2664,0.499812382739212
19,User_DiT_2,4.29,3.0,25,0.858,0.6,0.5147999999999999,0.7061728395061727
19,User_DiT_3,3.33,3.0,25,0.666,0.6,0.3996,0.6312796208530805
20,User_DiT_1,5.0,4.0,35,1.0,0.8,0.8,0.888888888888889
20,User_DiT_2,5.0,4.0,35,1.0,0.8,0.8,0.888888888888889
20,User_DiT_3,5.0,4.0,35,1.0,0.8,0.8,0.888888888888889
21,User_DiT_1,4.0,4.0,35,0.8,0.8,0.6400000000000001,0.8000000000000002
21,User_DiT_2,3.0,3.0,35,0.6,0.6,0.36,0.6
21,User_DiT_3,4.0,3.0,35,0.8,0.6,0.48,0.6857142857142857
22,User_DiT_1,5.0,4.0,35,1.0,0.8,0.8,0.888888888888889
22,User_DiT_2,4.0,4.0,35,0.8,0.8,0.6400000000000001,0.8000000000000002
22,User_DiT_3,4.0,5.0,35,0.8,1.0,0.8,0.888888888888889
23,User_DiT_1,5.0,4.0,35,1.0,0.8,0.8,0.888888888888889
23,User_DiT_2,5.0,4.0,35,1.0,0.8,0.8,0.888888888888889
23,User_DiT_3,5.0,4.0,35,1.0,0.8,0.8,0.888888888888889
24,User_DiT_1,4.0,3.0,35,0.8,0.6,0.48,0.6857142857142857
24,User_DiT_2,4.0,3.0,35,0.8,0.6,0.48,0.6857142857142857
24,User_DiT_3,4.0,4.0,35,0.8,0.8,0.6400000000000001,0.8000000000000002
25,User_DiT_1,5.0,4.0,39,1.0,0.8,0.8,0.888888888888889
25,User_DiT_2,5.0,3.0,39,1.0,0.6,0.6,0.7499999999999999
25,User_DiT_3,5.0,4.0,39,1.0,0.8,0.8,0.888888888888889
26,User_DiT_1,3.75,3.0,39,0.75,0.6,0.44999999999999996,0.6666666666666665
26,User_DiT_2,3.89,2.0,39,0.778,0.4,0.31120000000000003,0.5283531409168082
26,User_DiT_3,3.89,2.0,39,0.778,0.4,0.31120000000000003,0.5283531409168082
27,User_DiT_1,5.0,5.0,39,1.0,1.0,1.0,1.0
27,User_DiT_2,3.57,3.0,39,0.714,0.6,0.42839999999999995,0.6520547945205478
27,User_DiT_3,3.57,2.0,39,0.714,0.4,0.2856,0.5127468581687613
28,User_DiT_1,5.0,3.0,39,1.0,0.6,0.6,0.7499999999999999
28,User_DiT_2,4.17,2.0,39,0.834,0.4,0.3336,0.5406807131280389
28,User_DiT_3,5.0,3.0,39,1.0,0.6,0.6,0.7499999999999999
29,User_DiT_1,5.0,4.0,39,1.0,0.8,0.8,0.888888888888889
29,User_DiT_2,5.0,4.0,39,1.0,0.8,0.8,0.888888888888889
29,User_DiT_3,5.0,4.0,39,1.0,0.8,0.8,0.888888888888889
30,User_DiT_1,5.0,4.0,49,1.0,0.8,0.8,0.888888888888889
30,User_DiT_2,5.0,4.0,49,1.0,0.8,0.8,0.888888888888889
30,User_DiT_3,5.0,4.0,49,1.0,0.8,0.8,0.888888888888889
31,User_DiT_1,5.0,5.0,49,1.0,1.0,1.0,1.0
31,User_DiT_2,5.0,5.0,49,1.0,1.0,1.0,1.0
31,User_DiT_3,5.0,5.0,49,1.0,1.0,1.0,1.0
32,User_DiT_1,5.0,5.0,49,1.0,1.0,1.0,1.0
32,User_DiT_2,5.0,5.0,49,1.0,1.0,1.0,1.0
32,User_DiT_3,5.0,4.0,49,1.0,0.8,0.8,0.888888888888889
33,User_DiT_1,5.0,3.0,49,1.0,0.6,0.6,0.7499999999999999
33,User_DiT_2,5.0,3.0,49,1.0,0.6,0.6,0.7499999999999999
33,User_DiT_3,5.0,3.0,49,1.0,0.6,0.6,0.7499999999999999
34,User_DiT_1,5.0,4.0,49,1.0,0.8,0.8,0.888888888888889
34,User_DiT_2,4.38,4.0,49,0.876,0.8,0.7008000000000001,0.8362768496420048
34,User_DiT_3,4.38,4.0,49,0.876,0.8,0.7008000000000001,0.8362768496420048
35,User_DiT_1,5.0,5.0,51,1.0,1.0,1.0,1.0
35,User_DiT_2,5.0,5.0,51,1.0,1.0,1.0,1.0
35,User_DiT_3,5.0,5.0,51,1.0,1.0,1.0,1.0
35,Sys_DiT_ref_cls100_2,4.85,3.62,7,0.97,0.724,0.7022799999999999,0.8291381345926799
36,User_DiT_1,0.0,1.0,51,0.0,0.2,0.0,0.0
36,User_DiT_2,0.0,1.0,51,0.0,0.2,0.0,0.0
36,User_DiT_3,0.0,1.0,51,0.0,0.2,0.0,0.0
36,Sys_DiT_ref_cls100_2,4.92,1.5,7,0.984,0.3,0.29519999999999996,0.45981308411214944
37,User_DiT_1,5.0,4.0,51,1.0,0.8,0.8,0.888888888888889
37,User_DiT_2,5.0,4.0,51,1.0,0.8,0.8,0.888888888888889
37,User_DiT_3,5.0,5.0,51,1.0,1.0,1.0,1.0
37,Sys_DiT_ref_cls100_2,3.85,2.0,7,0.77,0.4,0.30800000000000005,0.5264957264957266
38,User_DiT_1,5.0,5.0,51,1.0,1.0,1.0,1.0
38,User_DiT_2,5.0,5.0,51,1.0,1.0,1.0,1.0
38,User_DiT_3,5.0,5.0,51,1.0,1.0,1.0,1.0
38,Sys_DiT_ref_cls100_2,3.82,1.5,7,0.764,0.3,0.2292,0.4308270676691729
39,User_DiT_1,5.0,5.0,51,1.0,1.0,1.0,1.0
39,User_DiT_2,5.0,4.0,51,1.0,0.8,0.8,0.888888888888889
39,User_DiT_3,5.0,5.0,51,1.0,1.0,1.0,1.0
39,Sys_DiT_ref_cls100_2,3.42,1.5,7,0.6839999999999999,0.3,0.20519999999999997,0.41707317073170724
40,User_DiT_1,5.0,5.0,52,1.0,1.0,1.0,1.0
40,User_DiT_2,5.0,4.0,52,1.0,0.8,0.8,0.888888888888889
40,User_DiT_3,5.0,4.0,52,1.0,0.8,0.8,0.888888888888889
41,User_DiT_1,5.0,4.0,52,1.0,0.8,0.8,0.888888888888889
41,User_DiT_2,4.17,5.0,52,0.834,1.0,0.834,0.9094874591057797
41,User_DiT_3,4.17,5.0,52,0.834,1.0,0.834,0.9094874591057797
42,User_DiT_1,5.0,5.0,52,1.0,1.0,1.0,1.0
42,User_DiT_2,5.0,5.0,52,1.0,1.0,1.0,1.0
42,User_DiT_3,5.0,5.0,52,1.0,1.0,1.0,1.0
43,User_DiT_1,5.0,3.0,52,1.0,0.6,0.6,0.7499999999999999
43,User_DiT_2,5.0,3.0,52,1.0,0.6,0.6,0.7499999999999999
43,User_DiT_3,5.0,3.0,52,1.0,0.6,0.6,0.7499999999999999
44,User_DiT_1,1.43,2.0,52,0.286,0.4,0.1144,0.3335276967930029
44,User_DiT_2,0.71,2.0,52,0.142,0.4,0.056799999999999996,0.20959409594095937
44,User_DiT_3,1.43,3.0,52,0.286,0.6,0.17159999999999997,0.3873589164785553
45,User_DiT_1,4.29,4.0,64,0.858,0.8,0.6864,0.8279855247285887
45,User_DiT_2,5.0,5.0,64,1.0,1.0,1.0,1.0
45,User_DiT_3,5.0,4.0,64,1.0,0.8,0.8,0.888888888888889
46,User_DiT_1,2.86,3.0,64,0.572,0.6,0.34319999999999995,0.5856655290102388
46,User_DiT_2,4.29,2.0,64,0.858,0.4,0.3432,0.5456279809220985
46,User_DiT_3,4.29,2.0,64,0.858,0.4,0.3432,0.5456279809220985
47,User_DiT_1,4.29,3.0,64,0.858,0.6,0.5147999999999999,0.7061728395061727
47,User_DiT_2,5.0,5.0,64,1.0,1.0,1.0,1.0
47,User_DiT_3,4.29,3.0,64,0.858,0.6,0.5147999999999999,0.7061728395061727
48,User_DiT_1,3.75,4.0,64,0.75,0.8,0.6000000000000001,0.7741935483870969
48,User_DiT_2,2.5,1.0,64,0.5,0.2,0.1,0.28571428571428575
48,User_DiT_3,2.5,4.0,64,0.5,0.8,0.4,0.6153846153846154
49,User_DiT_1,2.86,4.0,64,0.572,0.8,0.4576,0.6670553935860059
49,User_DiT_2,2.86,4.0,64,0.572,0.8,0.4576,0.6670553935860059
49,User_DiT_3,5.0,4.0,64,1.0,0.8,0.8,0.888888888888889
50,User_DiT_1,5.0,3.0,80,1.0,0.6,0.6,0.7499999999999999
50,User_DiT_2,5.0,2.0,80,1.0,0.4,0.4,0.5714285714285715
50,User_DiT_3,5.0,3.0,80,1.0,0.6,0.6,0.7499999999999999
51,User_DiT_1,5.0,2.0,80,1.0,0.4,0.4,0.5714285714285715
51,User_DiT_2,5.0,3.0,80,1.0,0.6,0.6,0.7499999999999999
51,User_DiT_3,5.0,2.0,80,1.0,0.4,0.4,0.5714285714285715
52,User_DiT_1,0.62,0.0,80,0.124,0.0,0.0,0.0
52,User_DiT_2,4.29,2.0,80,0.858,0.4,0.3432,0.5456279809220985
52,User_DiT_3,0.62,1.0,80,0.124,0.2,0.024800000000000003,0.15308641975308643
53,User_DiT_1,5.0,4.0,80,1.0,0.8,0.8,0.888888888888889
53,User_DiT_2,5.0,3.0,80,1.0,0.6,0.6,0.7499999999999999
53,User_DiT_3,5.0,4.0,80,1.0,0.8,0.8,0.888888888888889
54,User_DiT_1,5.0,4.0,80,1.0,0.8,0.8,0.888888888888889
54,User_DiT_2,3.57,4.0,80,0.714,0.8,0.5712,0.7545574636723911
54,User_DiT_3,0.0,2.0,80,0.0,0.4,0.0,0.0
55,User_DiT_1,5.0,5.0,97,1.0,1.0,1.0,1.0
55,User_DiT_2,5.0,5.0,97,1.0,1.0,1.0,1.0
55,User_DiT_3,5.0,4.0,97,1.0,0.8,0.8,0.888888888888889
56,User_DiT_1,5.0,5.0,97,1.0,1.0,1.0,1.0
56,User_DiT_2,5.0,5.0,97,1.0,1.0,1.0,1.0
56,User_DiT_3,5.0,5.0,97,1.0,1.0,1.0,1.0
57,User_DiT_1,5.0,3.0,97,1.0,0.6,0.6,0.7499999999999999
57,User_DiT_2,5.0,3.0,97,1.0,0.6,0.6,0.7499999999999999
57,User_DiT_3,5.0,4.0,97,1.0,0.8,0.8,0.888888888888889
58,User_DiT_1,5.0,4.0,97,1.0,0.8,0.8,0.888888888888889
58,User_DiT_2,5.0,5.0,97,1.0,1.0,1.0,1.0
58,User_DiT_3,5.0,4.0,97,1.0,0.8,0.8,0.888888888888889
59,User_DiT_1,5.0,5.0,97,1.0,1.0,1.0,1.0
59,User_DiT_2,5.0,5.0,97,1.0,1.0,1.0,1.0
59,User_DiT_3,5.0,5.0,97,1.0,1.0,1.0,1.0
60,User_DiT_1,5.0,4.0,106,1.0,0.8,0.8,0.888888888888889
60,User_DiT_2,5.0,4.0,106,1.0,0.8,0.8,0.888888888888889
60,User_DiT_3,5.0,2.0,106,1.0,0.4,0.4,0.5714285714285715
61,User_DiT_1,5.0,3.0,106,1.0,0.6,0.6,0.7499999999999999
61,User_DiT_2,5.0,4.0,106,1.0,0.8,0.8,0.888888888888889
61,User_DiT_3,5.0,4.0,106,1.0,0.8,0.8,0.888888888888889
62,User_DiT_1,5.0,3.0,106,1.0,0.6,0.6,0.7499999999999999
62,User_DiT_2,5.0,4.0,106,1.0,0.8,0.8,0.888888888888889
62,User_DiT_3,5.0,3.0,106,1.0,0.6,0.6,0.7499999999999999
63,User_DiT_1,4.17,4.0,106,0.834,0.8,0.6672,0.8166462668298654
63,User_DiT_2,5.0,3.0,106,1.0,0.6,0.6,0.7499999999999999
63,User_DiT_3,4.17,4.0,106,0.834,0.8,0.6672,0.8166462668298654
64,User_DiT_1,5.0,3.0,106,1.0,0.6,0.6,0.7499999999999999
64,User_DiT_2,5.0,3.0,106,1.0,0.6,0.6,0.7499999999999999
64,User_DiT_3,5.0,4.0,106,1.0,0.8,0.8,0.888888888888889
65,User_DiT_1,5.0,4.0,116,1.0,0.8,0.8,0.888888888888889
65,User_DiT_2,5.0,4.0,116,1.0,0.8,0.8,0.888888888888889
65,User_DiT_3,5.0,4.0,116,1.0,0.8,0.8,0.888888888888889
66,User_DiT_1,5.0,5.0,116,1.0,1.0,1.0,1.0
66,User_DiT_2,5.0,5.0,116,1.0,1.0,1.0,1.0
66,User_DiT_3,5.0,5.0,116,1.0,1.0,1.0,1.0
67,User_DiT_1,5.0,4.0,116,1.0,0.8,0.8,0.888888888888889
67,User_DiT_2,5.0,3.0,116,1.0,0.6,0.6,0.7499999999999999
67,User_DiT_3,5.0,4.0,116,1.0,0.8,0.8,0.888888888888889
68,User_DiT_1,5.0,5.0,116,1.0,1.0,1.0,1.0
68,User_DiT_2,5.0,4.0,116,1.0,0.8,0.8,0.888888888888889
68,User_DiT_3,5.0,4.0,116,1.0,0.8,0.8,0.888888888888889
69,User_DiT_1,5.0,4.0,116,1.0,0.8,0.8,0.888888888888889
69,User_DiT_2,5.0,4.0,116,1.0,0.8,0.8,0.888888888888889
69,User_DiT_3,5.0,4.0,116,1.0,0.8,0.8,0.888888888888889
70,User_DiT_1,3.33,2.0,118,0.666,0.4,0.2664,0.499812382739212
70,User_DiT_2,4.29,3.0,118,0.858,0.6,0.5147999999999999,0.7061728395061727
70,User_DiT_3,3.57,3.0,118,0.714,0.6,0.42839999999999995,0.6520547945205478
71,User_DiT_1,2.14,4.0,118,0.42800000000000005,0.8,0.34240000000000004,0.5576547231270358
71,User_DiT_2,2.86,3.0,118,0.572,0.6,0.34319999999999995,0.5856655290102388
71,User_DiT_3,2.14,3.0,118,0.42800000000000005,0.6,0.25680000000000003,0.4996108949416343
72,User_DiT_1,2.5,2.0,118,0.5,0.4,0.2,0.4444444444444445
72,User_DiT_2,2.5,1.0,118,0.5,0.2,0.1,0.28571428571428575
72,User_DiT_3,2.5,2.0,118,0.5,0.4,0.2,0.4444444444444445
73,User_DiT_1,5.0,4.0,118,1.0,0.8,0.8,0.888888888888889
73,User_DiT_2,5.0,4.0,118,1.0,0.8,0.8,0.888888888888889
73,User_DiT_3,5.0,5.0,118,1.0,1.0,1.0,1.0
74,User_DiT_1,5.0,4.0,118,1.0,0.8,0.8,0.888888888888889
74,User_DiT_2,5.0,2.0,118,1.0,0.4,0.4,0.5714285714285715
74,User_DiT_3,5.0,4.0,118,1.0,0.8,0.8,0.888888888888889
75,User_DiT_1,3.57,2.0,129,0.714,0.4,0.2856,0.5127468581687613
75,User_DiT_2,3.57,2.0,129,0.714,0.4,0.2856,0.5127468581687613
75,User_DiT_3,3.57,2.0,129,0.714,0.4,0.2856,0.5127468581687613
76,User_DiT_1,4.29,3.0,129,0.858,0.6,0.5147999999999999,0.7061728395061727
76,User_DiT_2,2.86,2.0,129,0.572,0.4,0.2288,0.47078189300411527
76,User_DiT_3,4.29,3.0,129,0.858,0.6,0.5147999999999999,0.7061728395061727
77,User_DiT_1,4.29,4.0,129,0.858,0.8,0.6864,0.8279855247285887
77,User_DiT_2,4.29,4.0,129,0.858,0.8,0.6864,0.8279855247285887
77,User_DiT_3,4.29,4.0,129,0.858,0.8,0.6864,0.8279855247285887
78,User_DiT_1,3.57,3.0,129,0.714,0.6,0.42839999999999995,0.6520547945205478
78,User_DiT_2,3.57,2.0,129,0.714,0.4,0.2856,0.5127468581687613
78,User_DiT_3,3.57,3.0,129,0.714,0.6,0.42839999999999995,0.6520547945205478
79,User_DiT_1,3.57,4.0,129,0.714,0.8,0.5712,0.7545574636723911
79,User_DiT_2,3.57,4.0,129,0.714,0.8,0.5712,0.7545574636723911
79,User_DiT_3,3.57,4.0,129,0.714,0.8,0.5712,0.7545574636723911
80,User_DiT_1,4.44,3.0,144,0.8880000000000001,0.6,0.5328,0.7161290322580646
80,User_DiT_2,4.44,3.0,144,0.8880000000000001,0.6,0.5328,0.7161290322580646
80,User_DiT_3,4.44,2.0,144,0.8880000000000001,0.4,0.35520000000000007,0.5515527950310559
81,User_DiT_1,5.0,4.0,144,1.0,0.8,0.8,0.888888888888889
81,User_DiT_2,5.0,4.0,144,1.0,0.8,0.8,0.888888888888889
81,User_DiT_3,5.0,3.0,144,1.0,0.6,0.6,0.7499999999999999
82,User_DiT_1,4.44,3.0,144,0.8880000000000001,0.6,0.5328,0.7161290322580646
82,User_DiT_2,4.44,3.0,144,0.8880000000000001,0.6,0.5328,0.7161290322580646
82,User_DiT_3,4.38,2.0,144,0.876,0.4,0.35040000000000004,0.5492163009404389
83,User_DiT_1,5.0,2.0,144,1.0,0.4,0.4,0.5714285714285715
83,User_DiT_2,5.0,2.0,144,1.0,0.4,0.4,0.5714285714285715
83,User_DiT_3,5.0,3.0,144,1.0,0.6,0.6,0.7499999999999999
84,User_DiT_1,4.38,3.0,144,0.876,0.6,0.5256,0.7121951219512195
84,User_DiT_2,4.38,2.0,144,0.876,0.4,0.35040000000000004,0.5492163009404389
84,User_DiT_3,4.38,3.0,144,0.876,0.6,0.5256,0.7121951219512195
85,User_DiT_1,5.0,3.0,147,1.0,0.6,0.6,0.7499999999999999
85,User_DiT_2,5.0,3.0,147,1.0,0.6,0.6,0.7499999999999999
85,User_DiT_3,5.0,2.0,147,1.0,0.4,0.4,0.5714285714285715
86,User_DiT_1,5.0,4.0,147,1.0,0.8,0.8,0.888888888888889
86,User_DiT_2,5.0,4.0,147,1.0,0.8,0.8,0.888888888888889
86,User_DiT_3,5.0,4.0,147,1.0,0.8,0.8,0.888888888888889
87,User_DiT_1,5.0,4.0,147,1.0,0.8,0.8,0.888888888888889
87,User_DiT_2,5.0,4.0,147,1.0,0.8,0.8,0.888888888888889
87,User_DiT_3,5.0,4.0,147,1.0,0.8,0.8,0.888888888888889
88,User_DiT_1,5.0,4.0,147,1.0,0.8,0.8,0.888888888888889
88,User_DiT_2,5.0,4.0,147,1.0,0.8,0.8,0.888888888888889
88,User_DiT_3,5.0,5.0,147,1.0,1.0,1.0,1.0
89,User_DiT_1,5.0,5.0,147,1.0,1.0,1.0,1.0
89,User_DiT_2,5.0,4.0,147,1.0,0.8,0.8,0.888888888888889
89,User_DiT_3,5.0,4.0,147,1.0,0.8,0.8,0.888888888888889
90,User_DiT_1,5.0,3.0,150,1.0,0.6,0.6,0.7499999999999999
90,User_DiT_2,5.0,2.0,150,1.0,0.4,0.4,0.5714285714285715
90,User_DiT_3,5.0,3.0,150,1.0,0.6,0.6,0.7499999999999999
91,User_DiT_1,5.0,3.0,150,1.0,0.6,0.6,0.7499999999999999
91,User_DiT_2,5.0,2.0,150,1.0,0.4,0.4,0.5714285714285715
91,User_DiT_3,5.0,2.0,150,1.0,0.4,0.4,0.5714285714285715
92,User_DiT_1,3.57,4.0,150,0.714,0.8,0.5712,0.7545574636723911
92,User_DiT_2,3.57,4.0,150,0.714,0.8,0.5712,0.7545574636723911
92,User_DiT_3,3.57,4.0,150,0.714,0.8,0.5712,0.7545574636723911
93,User_DiT_1,4.17,5.0,150,0.834,1.0,0.834,0.9094874591057797
93,User_DiT_2,4.17,4.0,150,0.834,0.8,0.6672,0.8166462668298654
93,User_DiT_3,4.17,5.0,150,0.834,1.0,0.834,0.9094874591057797
94,User_DiT_1,4.38,4.0,150,0.876,0.8,0.7008000000000001,0.8362768496420048
94,User_DiT_2,4.38,2.0,150,0.876,0.4,0.35040000000000004,0.5492163009404389
94,User_DiT_3,4.38,3.0,150,0.876,0.6,0.5256,0.7121951219512195
95,User_DiT_1,5.0,4.0,156,1.0,0.8,0.8,0.888888888888889
95,User_DiT_2,5.0,4.0,156,1.0,0.8,0.8,0.888888888888889
95,User_DiT_3,5.0,3.0,156,1.0,0.6,0.6,0.7499999999999999
96,User_DiT_1,5.0,3.0,156,1.0,0.6,0.6,0.7499999999999999
96,User_DiT_2,5.0,3.0,156,1.0,0.6,0.6,0.7499999999999999
96,User_DiT_3,5.0,4.0,156,1.0,0.8,0.8,0.888888888888889
97,User_DiT_1,5.0,2.0,156,1.0,0.4,0.4,0.5714285714285715
97,User_DiT_2,5.0,4.0,156,1.0,0.8,0.8,0.888888888888889
97,User_DiT_3,5.0,3.0,156,1.0,0.6,0.6,0.7499999999999999
98,User_DiT_1,5.0,3.0,156,1.0,0.6,0.6,0.7499999999999999
98,User_DiT_2,5.0,2.0,156,1.0,0.4,0.4,0.5714285714285715
98,User_DiT_3,5.0,2.0,156,1.0,0.4,0.4,0.5714285714285715
99,User_DiT_1,5.0,4.0,156,1.0,0.8,0.8,0.888888888888889
99,User_DiT_2,5.0,3.0,156,1.0,0.6,0.6,0.7499999999999999
99,User_DiT_3,5.0,4.0,156,1.0,0.8,0.8,0.888888888888889
100,User_DiT_1,2.0,3.0,159,0.4,0.6,0.24,0.48
100,User_DiT_2,2.0,1.0,159,0.4,0.2,0.08000000000000002,0.26666666666666666
100,User_DiT_3,2.0,1.0,159,0.4,0.2,0.08000000000000002,0.26666666666666666
101,User_DiT_1,3.12,2.0,159,0.624,0.4,0.24960000000000002,0.48750000000000004
101,User_DiT_2,3.12,4.0,159,0.624,0.8,0.49920000000000003,0.7011235955056181
101,User_DiT_3,3.12,2.0,159,0.624,0.4,0.24960000000000002,0.48750000000000004
102,User_DiT_1,5.0,3.0,159,1.0,0.6,0.6,0.7499999999999999
102,User_DiT_2,5.0,4.0,159,1.0,0.8,0.8,0.888888888888889
102,User_DiT_3,5.0,3.0,159,1.0,0.6,0.6,0.7499999999999999
103,User_DiT_1,0.0,1.0,159,0.0,0.2,0.0,0.0
103,User_DiT_2,0.0,1.0,159,0.0,0.2,0.0,0.0
103,User_DiT_3,0.83,1.0,159,0.16599999999999998,0.2,0.0332,0.1814207650273224
104,User_DiT_1,2.14,1.0,159,0.42800000000000005,0.2,0.08560000000000001,0.27261146496815286
104,User_DiT_2,2.14,2.0,159,0.42800000000000005,0.4,0.17120000000000002,0.41352657004830917
104,User_DiT_3,0.0,2.0,159,0.0,0.4,0.0,0.0
105,User_DiT_1,5.0,2.0,281,1.0,0.4,0.4,0.5714285714285715
105,User_DiT_2,4.29,2.0,281,0.858,0.4,0.3432,0.5456279809220985
105,User_DiT_3,4.29,2.0,281,0.858,0.4,0.3432,0.5456279809220985
106,User_DiT_1,5.0,2.0,281,1.0,0.4,0.4,0.5714285714285715
106,User_DiT_2,5.0,3.0,281,1.0,0.6,0.6,0.7499999999999999
106,User_DiT_3,5.0,4.0,281,1.0,0.8,0.8,0.888888888888889
107,User_DiT_1,5.0,2.0,281,1.0,0.4,0.4,0.5714285714285715
107,User_DiT_2,5.0,4.0,281,1.0,0.8,0.8,0.888888888888889
107,User_DiT_3,5.0,3.0,281,1.0,0.6,0.6,0.7499999999999999
108,User_DiT_1,5.0,2.0,281,1.0,0.4,0.4,0.5714285714285715
108,User_DiT_2,5.0,2.0,281,1.0,0.4,0.4,0.5714285714285715
108,User_DiT_3,5.0,4.0,281,1.0,0.8,0.8,0.888888888888889
109,User_DiT_1,5.0,3.0,281,1.0,0.6,0.6,0.7499999999999999
109,User_DiT_2,5.0,3.0,281,1.0,0.6,0.6,0.7499999999999999
109,User_DiT_3,5.0,3.0,281,1.0,0.6,0.6,0.7499999999999999
110,User_DiT_1,5.0,5.0,300,1.0,1.0,1.0,1.0
110,User_DiT_2,5.0,5.0,300,1.0,1.0,1.0,1.0
110,User_DiT_3,5.0,5.0,300,1.0,1.0,1.0,1.0
111,User_DiT_1,4.38,4.0,300,0.876,0.8,0.7008000000000001,0.8362768496420048
111,User_DiT_2,4.38,4.0,300,0.876,0.8,0.7008000000000001,0.8362768496420048
111,User_DiT_3,4.38,5.0,300,0.876,1.0,0.876,0.933901918976546
112,User_DiT_1,5.0,5.0,300,1.0,1.0,1.0,1.0
112,User_DiT_2,5.0,5.0,300,1.0,1.0,1.0,1.0
112,User_DiT_3,5.0,5.0,300,1.0,1.0,1.0,1.0
113,User_DiT_1,4.38,5.0,300,0.876,1.0,0.876,0.933901918976546
113,User_DiT_2,5.0,2.0,300,1.0,0.4,0.4,0.5714285714285715
113,User_DiT_3,4.38,5.0,300,0.876,1.0,0.876,0.933901918976546
114,User_DiT_1,4.38,4.0,300,0.876,0.8,0.7008000000000001,0.8362768496420048
114,User_DiT_2,4.38,4.0,300,0.876,0.8,0.7008000000000001,0.8362768496420048
114,User_DiT_3,4.38,4.0,300,0.876,0.8,0.7008000000000001,0.8362768496420048
115,User_DiT_1,5.0,5.0,322,1.0,1.0,1.0,1.0
115,User_DiT_2,5.0,4.0,322,1.0,0.8,0.8,0.888888888888889
115,User_DiT_3,5.0,4.0,322,1.0,0.8,0.8,0.888888888888889
116,User_DiT_1,5.0,3.0,322,1.0,0.6,0.6,0.7499999999999999
116,User_DiT_2,5.0,5.0,322,1.0,1.0,1.0,1.0
116,User_DiT_3,5.0,5.0,322,1.0,1.0,1.0,1.0
117,User_DiT_1,3.57,3.0,322,0.714,0.6,0.42839999999999995,0.6520547945205478
117,User_DiT_2,3.57,2.0,322,0.714,0.4,0.2856,0.5127468581687613
117,User_DiT_3,4.17,2.0,322,0.834,0.4,0.3336,0.5406807131280389
118,User_DiT_1,5.0,4.0,322,1.0,0.8,0.8,0.888888888888889
118,User_DiT_2,3.57,2.0,322,0.714,0.4,0.2856,0.5127468581687613
118,User_DiT_3,5.0,5.0,322,1.0,1.0,1.0,1.0
119,User_DiT_1,5.0,5.0,322,1.0,1.0,1.0,1.0
119,User_DiT_2,5.0,5.0,322,1.0,1.0,1.0,1.0
119,User_DiT_3,5.0,5.0,322,1.0,1.0,1.0,1.0
120,User_DiT_1,3.75,4.0,330,0.75,0.8,0.6000000000000001,0.7741935483870969
120,User_DiT_2,3.75,2.0,330,0.75,0.4,0.30000000000000004,0.5217391304347827
120,User_DiT_3,3.75,3.0,330,0.75,0.6,0.44999999999999996,0.6666666666666665
121,User_DiT_1,5.0,5.0,330,1.0,1.0,1.0,1.0
121,User_DiT_2,5.0,5.0,330,1.0,1.0,1.0,1.0
121,User_DiT_3,5.0,5.0,330,1.0,1.0,1.0,1.0
122,User_DiT_1,5.0,3.0,330,1.0,0.6,0.6,0.7499999999999999
122,User_DiT_2,4.29,4.0,330,0.858,0.8,0.6864,0.8279855247285887
122,User_DiT_3,5.0,3.0,330,1.0,0.6,0.6,0.7499999999999999
123,User_DiT_1,4.0,3.0,330,0.8,0.6,0.48,0.6857142857142857
123,User_DiT_2,4.0,4.0,330,0.8,0.8,0.6400000000000001,0.8000000000000002
123,User_DiT_3,4.0,4.0,330,0.8,0.8,0.6400000000000001,0.8000000000000002
124,User_DiT_1,5.0,5.0,330,1.0,1.0,1.0,1.0
124,User_DiT_2,5.0,5.0,330,1.0,1.0,1.0,1.0
124,User_DiT_3,5.0,5.0,330,1.0,1.0,1.0,1.0
125,User_DiT_1,5.0,4.0,333,1.0,0.8,0.8,0.888888888888889
125,User_DiT_2,5.0,4.0,333,1.0,0.8,0.8,0.888888888888889
125,User_DiT_3,5.0,4.0,333,1.0,0.8,0.8,0.888888888888889
126,User_DiT_1,5.0,2.0,333,1.0,0.4,0.4,0.5714285714285715
126,User_DiT_2,5.0,4.0,333,1.0,0.8,0.8,0.888888888888889
126,User_DiT_3,5.0,2.0,333,1.0,0.4,0.4,0.5714285714285715
127,User_DiT_1,5.0,2.0,333,1.0,0.4,0.4,0.5714285714285715
127,User_DiT_2,5.0,2.0,333,1.0,0.4,0.4,0.5714285714285715
127,User_DiT_3,5.0,4.0,333,1.0,0.8,0.8,0.888888888888889
128,User_DiT_1,5.0,3.0,333,1.0,0.6,0.6,0.7499999999999999
128,User_DiT_2,5.0,3.0,333,1.0,0.6,0.6,0.7499999999999999
128,User_DiT_3,5.0,3.0,333,1.0,0.6,0.6,0.7499999999999999
129,User_DiT_1,5.0,2.0,333,1.0,0.4,0.4,0.5714285714285715
129,User_DiT_2,4.17,1.0,333,0.834,0.2,0.1668,0.3226305609284333
129,User_DiT_3,4.17,2.0,333,0.834,0.4,0.3336,0.5406807131280389
130,User_DiT_1,5.0,3.0,339,1.0,0.6,0.6,0.7499999999999999
130,User_DiT_2,5.0,4.0,339,1.0,0.8,0.8,0.888888888888889
130,User_DiT_3,4.38,5.0,339,0.876,1.0,0.876,0.933901918976546
131,User_DiT_1,2.5,4.0,339,0.5,0.8,0.4,0.6153846153846154
131,User_DiT_2,4.38,4.0,339,0.876,0.8,0.7008000000000001,0.8362768496420048
131,User_DiT_3,2.5,4.0,339,0.5,0.8,0.4,0.6153846153846154
132,User_DiT_1,5.0,4.0,339,1.0,0.8,0.8,0.888888888888889
132,User_DiT_2,5.0,2.0,339,1.0,0.4,0.4,0.5714285714285715
132,User_DiT_3,5.0,4.0,339,1.0,0.8,0.8,0.888888888888889
133,User_DiT_1,4.38,5.0,339,0.876,1.0,0.876,0.933901918976546
133,User_DiT_2,4.38,4.0,339,0.876,0.8,0.7008000000000001,0.8362768496420048
133,User_DiT_3,4.38,5.0,339,0.876,1.0,0.876,0.933901918976546
134,User_DiT_1,5.0,5.0,339,1.0,1.0,1.0,1.0
134,User_DiT_2,5.0,4.0,339,1.0,0.8,0.8,0.888888888888889
134,User_DiT_3,5.0,4.0,339,1.0,0.8,0.8,0.888888888888889
135,User_DiT_1,5.0,5.0,347,1.0,1.0,1.0,1.0
135,User_DiT_2,5.0,5.0,347,1.0,1.0,1.0,1.0
135,User_DiT_3,5.0,5.0,347,1.0,1.0,1.0,1.0
136,User_DiT_1,5.0,5.0,347,1.0,1.0,1.0,1.0
136,User_DiT_2,5.0,3.0,347,1.0,0.6,0.6,0.7499999999999999
136,User_DiT_3,5.0,5.0,347,1.0,1.0,1.0,1.0
137,User_DiT_1,5.0,4.0,347,1.0,0.8,0.8,0.888888888888889
137,User_DiT_2,5.0,4.0,347,1.0,0.8,0.8,0.888888888888889
137,User_DiT_3,5.0,4.0,347,1.0,0.8,0.8,0.888888888888889
138,User_DiT_1,5.0,4.0,347,1.0,0.8,0.8,0.888888888888889
138,User_DiT_2,5.0,3.0,347,1.0,0.6,0.6,0.7499999999999999
138,User_DiT_3,5.0,3.0,347,1.0,0.6,0.6,0.7499999999999999
139,User_DiT_1,5.0,2.0,347,1.0,0.4,0.4,0.5714285714285715
139,User_DiT_2,5.0,2.0,347,1.0,0.4,0.4,0.5714285714285715
139,User_DiT_3,5.0,3.0,347,1.0,0.6,0.6,0.7499999999999999
140,User_DiT_1,4.38,2.0,356,0.876,0.4,0.35040000000000004,0.5492163009404389
140,User_DiT_2,4.38,2.0,356,0.876,0.4,0.35040000000000004,0.5492163009404389
140,User_DiT_3,4.44,2.0,356,0.8880000000000001,0.4,0.35520000000000007,0.5515527950310559
141,User_DiT_1,4.17,3.0,356,0.834,0.6,0.5004,0.697907949790795
141,User_DiT_2,4.17,3.0,356,0.834,0.6,0.5004,0.697907949790795
141,User_DiT_3,4.17,2.0,356,0.834,0.4,0.3336,0.5406807131280389
142,User_DiT_1,5.0,3.0,356,1.0,0.6,0.6,0.7499999999999999
142,User_DiT_2,5.0,2.0,356,1.0,0.4,0.4,0.5714285714285715
142,User_DiT_3,5.0,2.0,356,1.0,0.4,0.4,0.5714285714285715
143,User_DiT_1,4.17,2.0,356,0.834,0.4,0.3336,0.5406807131280389
143,User_DiT_2,5.0,2.0,356,1.0,0.4,0.4,0.5714285714285715
143,User_DiT_3,5.0,4.0,356,1.0,0.8,0.8,0.888888888888889
144,User_DiT_1,5.0,2.0,356,1.0,0.4,0.4,0.5714285714285715
144,User_DiT_2,5.0,2.0,356,1.0,0.4,0.4,0.5714285714285715
144,User_DiT_3,5.0,2.0,356,1.0,0.4,0.4,0.5714285714285715
145,User_DiT_1,3.57,5.0,365,0.714,1.0,0.714,0.8331388564760793
145,User_DiT_2,3.57,5.0,365,0.714,1.0,0.714,0.8331388564760793
145,User_DiT_3,3.57,5.0,365,0.714,1.0,0.714,0.8331388564760793
146,User_DiT_1,5.0,4.0,365,1.0,0.8,0.8,0.888888888888889
146,User_DiT_2,5.0,2.0,365,1.0,0.4,0.4,0.5714285714285715
146,User_DiT_3,5.0,2.0,365,1.0,0.4,0.4,0.5714285714285715
147,User_DiT_1,4.29,2.0,365,0.858,0.4,0.3432,0.5456279809220985
147,User_DiT_2,4.29,3.0,365,0.858,0.6,0.5147999999999999,0.7061728395061727
147,User_DiT_3,4.17,2.0,365,0.834,0.4,0.3336,0.5406807131280389
148,User_DiT_1,3.33,4.0,365,0.666,0.8,0.5328,0.7268758526603001
148,User_DiT_2,3.33,4.0,365,0.666,0.8,0.5328,0.7268758526603001
148,User_DiT_3,3.75,3.0,365,0.75,0.6,0.44999999999999996,0.6666666666666665
149,User_DiT_1,5.0,4.0,365,1.0,0.8,0.8,0.888888888888889
149,User_DiT_2,5.0,3.0,365,1.0,0.6,0.6,0.7499999999999999
149,User_DiT_3,5.0,4.0,365,1.0,0.8,0.8,0.888888888888889
150,User_DiT_1,5.0,3.0,370,1.0,0.6,0.6,0.7499999999999999
150,User_DiT_2,5.0,2.0,370,1.0,0.4,0.4,0.5714285714285715
150,User_DiT_3,5.0,2.0,370,1.0,0.4,0.4,0.5714285714285715
151,User_DiT_1,5.0,4.0,370,1.0,0.8,0.8,0.888888888888889
151,User_DiT_2,5.0,4.0,370,1.0,0.8,0.8,0.888888888888889
151,User_DiT_3,5.0,2.0,370,1.0,0.4,0.4,0.5714285714285715
152,User_DiT_1,4.17,2.0,370,0.834,0.4,0.3336,0.5406807131280389
152,User_DiT_2,4.17,2.0,370,0.834,0.4,0.3336,0.5406807131280389
152,User_DiT_3,5.0,2.0,370,1.0,0.4,0.4,0.5714285714285715
153,User_DiT_1,5.0,5.0,370,1.0,1.0,1.0,1.0
153,User_DiT_2,5.0,5.0,370,1.0,1.0,1.0,1.0
153,User_DiT_3,5.0,5.0,370,1.0,1.0,1.0,1.0
154,User_DiT_1,5.0,2.0,370,1.0,0.4,0.4,0.5714285714285715
154,User_DiT_2,5.0,2.0,370,1.0,0.4,0.4,0.5714285714285715
154,User_DiT_3,5.0,2.0,370,1.0,0.4,0.4,0.5714285714285715
155,User_DiT_1,1.67,3.0,389,0.33399999999999996,0.6,0.20039999999999997,0.42912205567451817
155,User_DiT_2,2.78,2.0,389,0.5559999999999999,0.4,0.2224,0.46527196652719666
155,User_DiT_3,1.67,2.0,389,0.33399999999999996,0.4,0.1336,0.3640326975476839
156,User_DiT_1,2.78,3.0,389,0.5559999999999999,0.6,0.33359999999999995,0.5771626297577854
156,User_DiT_2,1.67,3.0,389,0.33399999999999996,0.6,0.20039999999999997,0.42912205567451817
156,User_DiT_3,1.67,3.0,389,0.33399999999999996,0.6,0.20039999999999997,0.42912205567451817
157,User_DiT_1,1.67,2.0,389,0.33399999999999996,0.4,0.1336,0.3640326975476839
157,User_DiT_2,1.67,4.0,389,0.33399999999999996,0.8,0.2672,0.47125220458553796
157,User_DiT_3,1.67,2.0,389,0.33399999999999996,0.4,0.1336,0.3640326975476839
158,User_DiT_1,1.11,2.0,389,0.22200000000000003,0.4,0.08880000000000002,0.28553054662379423
158,User_DiT_2,1.11,3.0,389,0.22200000000000003,0.6,0.1332,0.32408759124087594
158,User_DiT_3,1.67,3.0,389,0.33399999999999996,0.6,0.20039999999999997,0.42912205567451817
159,User_DiT_1,2.78,1.0,389,0.5559999999999999,0.2,0.1112,0.29417989417989415
159,User_DiT_2,1.67,2.0,389,0.33399999999999996,0.4,0.1336,0.3640326975476839
159,User_DiT_3,2.22,3.0,389,0.44400000000000006,0.6,0.2664,0.5103448275862069
160,User_DiT_1,5.0,5.0,392,1.0,1.0,1.0,1.0
160,User_DiT_2,5.0,5.0,392,1.0,1.0,1.0,1.0
160,User_DiT_3,5.0,4.0,392,1.0,0.8,0.8,0.888888888888889
161,User_DiT_1,5.0,3.0,392,1.0,0.6,0.6,0.7499999999999999
161,User_DiT_2,5.0,4.0,392,1.0,0.8,0.8,0.888888888888889
161,User_DiT_3,5.0,4.0,392,1.0,0.8,0.8,0.888888888888889
162,User_DiT_1,3.57,4.0,392,0.714,0.8,0.5712,0.7545574636723911
162,User_DiT_2,3.57,2.0,392,0.714,0.4,0.2856,0.5127468581687613
162,User_DiT_3,4.29,3.0,392,0.858,0.6,0.5147999999999999,0.7061728395061727
163,User_DiT_1,4.29,3.0,392,0.858,0.6,0.5147999999999999,0.7061728395061727
163,User_DiT_2,4.29,4.0,392,0.858,0.8,0.6864,0.8279855247285887
163,User_DiT_3,4.29,4.0,392,0.858,0.8,0.6864,0.8279855247285887
164,User_DiT_1,5.0,4.0,392,1.0,0.8,0.8,0.888888888888889
164,User_DiT_2,5.0,3.0,392,1.0,0.6,0.6,0.7499999999999999
164,User_DiT_3,5.0,3.0,392,1.0,0.6,0.6,0.7499999999999999
165,User_DiT_1,5.0,2.0,394,1.0,0.4,0.4,0.5714285714285715
165,User_DiT_2,5.0,2.0,394,1.0,0.4,0.4,0.5714285714285715
165,User_DiT_3,5.0,2.0,394,1.0,0.4,0.4,0.5714285714285715
166,User_DiT_1,5.0,4.0,394,1.0,0.8,0.8,0.888888888888889
166,User_DiT_2,5.0,3.0,394,1.0,0.6,0.6,0.7499999999999999
166,User_DiT_3,5.0,4.0,394,1.0,0.8,0.8,0.888888888888889
167,User_DiT_1,5.0,4.0,394,1.0,0.8,0.8,0.888888888888889
167,User_DiT_2,5.0,4.0,394,1.0,0.8,0.8,0.888888888888889
167,User_DiT_3,4.0,3.0,394,0.8,0.6,0.48,0.6857142857142857
168,User_DiT_1,5.0,3.0,394,1.0,0.6,0.6,0.7499999999999999
168,User_DiT_2,5.0,3.0,394,1.0,0.6,0.6,0.7499999999999999
168,User_DiT_3,5.0,3.0,394,1.0,0.6,0.6,0.7499999999999999
169,User_DiT_1,3.75,1.0,394,0.75,0.2,0.15000000000000002,0.31578947368421056
169,User_DiT_2,5.0,1.0,394,1.0,0.2,0.2,0.33333333333333337
169,User_DiT_3,3.0,1.0,394,0.6,0.2,0.12,0.3
170,User_DiT_1,5.0,4.0,396,1.0,0.8,0.8,0.888888888888889
170,User_DiT_2,5.0,4.0,396,1.0,0.8,0.8,0.888888888888889
170,User_DiT_3,5.0,5.0,396,1.0,1.0,1.0,1.0
171,User_DiT_1,5.0,4.0,396,1.0,0.8,0.8,0.888888888888889
171,User_DiT_2,5.0,4.0,396,1.0,0.8,0.8,0.888888888888889
171,User_DiT_3,5.0,5.0,396,1.0,1.0,1.0,1.0
172,User_DiT_1,4.29,4.0,396,0.858,0.8,0.6864,0.8279855247285887
172,User_DiT_2,5.0,4.0,396,1.0,0.8,0.8,0.888888888888889
172,User_DiT_3,5.0,4.0,396,1.0,0.8,0.8,0.888888888888889
173,User_DiT_1,5.0,4.0,396,1.0,0.8,0.8,0.888888888888889
173,User_DiT_2,5.0,4.0,396,1.0,0.8,0.8,0.888888888888889
173,User_DiT_3,5.0,5.0,396,1.0,1.0,1.0,1.0
174,User_DiT_1,5.0,4.0,396,1.0,0.8,0.8,0.888888888888889
174,User_DiT_2,5.0,4.0,396,1.0,0.8,0.8,0.888888888888889
174,User_DiT_3,5.0,3.0,396,1.0,0.6,0.6,0.7499999999999999
175,User_DiT_1,5.0,1.0,400,1.0,0.2,0.2,0.33333333333333337
175,User_DiT_2,5.0,1.0,400,1.0,0.2,0.2,0.33333333333333337
175,User_DiT_3,5.0,1.0,400,1.0,0.2,0.2,0.33333333333333337
175,Sys_DiT_ref_cls100_2,4.15,2.85,35,0.8300000000000001,0.5700000000000001,0.4731000000000001,0.6758571428571429
176,User_DiT_1,5.0,1.0,400,1.0,0.2,0.2,0.33333333333333337
176,User_DiT_2,5.0,2.0,400,1.0,0.4,0.4,0.5714285714285715
176,User_DiT_3,5.0,1.0,400,1.0,0.2,0.2,0.33333333333333337
176,Sys_DiT_ref_cls100_2,2.15,1.5,35,0.43,0.3,0.129,0.35342465753424657
177,User_DiT_1,4.44,2.0,400,0.8880000000000001,0.4,0.35520000000000007,0.5515527950310559
177,User_DiT_2,5.0,1.0,400,1.0,0.2,0.2,0.33333333333333337
177,User_DiT_3,5.0,2.0,400,1.0,0.4,0.4,0.5714285714285715
177,Sys_DiT_ref_cls100_2,3.85,2.75,35,0.77,0.55,0.42350000000000004,0.6416666666666667
178,User_DiT_1,5.0,4.0,400,1.0,0.8,0.8,0.888888888888889
178,User_DiT_2,0.0,4.0,400,0.0,0.8,0.0,0.0
178,User_DiT_3,5.0,3.0,400,1.0,0.6,0.6,0.7499999999999999
178,Sys_DiT_ref_cls100_2,3.65,2.85,35,0.73,0.5700000000000001,0.4161,0.6401538461538462
179,User_DiT_1,5.0,2.0,400,1.0,0.4,0.4,0.5714285714285715
179,User_DiT_2,5.0,1.0,400,1.0,0.2,0.2,0.33333333333333337
179,User_DiT_3,3.89,1.0,400,0.778,0.2,0.15560000000000002,0.31820040899795504
179,Sys_DiT_ref_cls100_2,4.12,3.85,35,0.8240000000000001,0.77,0.63448,0.7960853199498118
180,User_DiT_1,0.0,3.0,405,0.0,0.6,0.0,0.0
180,User_DiT_2,3.89,4.0,405,0.778,0.8,0.6224000000000001,0.7888466413181242
180,User_DiT_3,4.44,3.0,405,0.8880000000000001,0.6,0.5328,0.7161290322580646
181,User_DiT_1,4.44,4.0,405,0.8880000000000001,0.8,0.7104000000000001,0.8417061611374408
181,User_DiT_2,4.44,4.0,405,0.8880000000000001,0.8,0.7104000000000001,0.8417061611374408
181,User_DiT_3,4.44,4.0,405,0.8880000000000001,0.8,0.7104000000000001,0.8417061611374408
182,User_DiT_1,5.0,2.0,405,1.0,0.4,0.4,0.5714285714285715
182,User_DiT_2,5.0,4.0,405,1.0,0.8,0.8,0.888888888888889
182,User_DiT_3,3.57,4.0,405,0.714,0.8,0.5712,0.7545574636723911
183,User_DiT_1,2.78,2.0,405,0.5559999999999999,0.4,0.2224,0.46527196652719666
183,User_DiT_2,1.11,1.0,405,0.22200000000000003,0.2,0.04440000000000001,0.2104265402843602
183,User_DiT_3,1.11,2.0,405,0.22200000000000003,0.4,0.08880000000000002,0.28553054662379423
184,User_DiT_1,4.44,2.0,405,0.8880000000000001,0.4,0.35520000000000007,0.5515527950310559
184,User_DiT_2,4.44,2.0,405,0.8880000000000001,0.4,0.35520000000000007,0.5515527950310559
184,User_DiT_3,3.33,2.0,405,0.666,0.4,0.2664,0.499812382739212
185,User_DiT_1,5.0,3.0,406,1.0,0.6,0.6,0.7499999999999999
185,User_DiT_2,5.0,4.0,406,1.0,0.8,0.8,0.888888888888889
185,User_DiT_3,5.0,4.0,406,1.0,0.8,0.8,0.888888888888889
186,User_DiT_1,5.0,4.0,406,1.0,0.8,0.8,0.888888888888889
186,User_DiT_2,5.0,4.0,406,1.0,0.8,0.8,0.888888888888889
186,User_DiT_3,5.0,3.0,406,1.0,0.6,0.6,0.7499999999999999
187,User_DiT_1,3.33,5.0,406,0.666,1.0,0.666,0.7995198079231693
187,User_DiT_2,5.0,5.0,406,1.0,1.0,1.0,1.0
187,User_DiT_3,5.0,5.0,406,1.0,1.0,1.0,1.0
188,User_DiT_1,5.0,3.0,406,1.0,0.6,0.6,0.7499999999999999
188,User_DiT_2,5.0,3.0,406,1.0,0.6,0.6,0.7499999999999999
188,User_DiT_3,5.0,3.0,406,1.0,0.6,0.6,0.7499999999999999
189,User_DiT_1,5.0,3.0,406,1.0,0.6,0.6,0.7499999999999999
189,User_DiT_2,5.0,3.0,406,1.0,0.6,0.6,0.7499999999999999
189,User_DiT_3,5.0,3.0,406,1.0,0.6,0.6,0.7499999999999999
190,User_DiT_1,3.33,3.0,413,0.666,0.6,0.3996,0.6312796208530805
190,User_DiT_2,3.33,3.0,413,0.666,0.6,0.3996,0.6312796208530805
190,User_DiT_3,3.33,4.0,413,0.666,0.8,0.5328,0.7268758526603001
191,User_DiT_1,3.12,1.0,413,0.624,0.2,0.12480000000000001,0.3029126213592233
191,User_DiT_2,3.57,1.0,413,0.714,0.2,0.1428,0.31247264770240707
191,User_DiT_3,3.57,1.0,413,0.714,0.2,0.1428,0.31247264770240707
192,User_DiT_1,2.78,4.0,413,0.5559999999999999,0.8,0.4448,0.656047197640118
192,User_DiT_2,5.0,4.0,413,1.0,0.8,0.8,0.888888888888889
192,User_DiT_3,5.0,3.0,413,1.0,0.6,0.6,0.7499999999999999
193,User_DiT_1,5.0,3.0,413,1.0,0.6,0.6,0.7499999999999999
193,User_DiT_2,5.0,3.0,413,1.0,0.6,0.6,0.7499999999999999
193,User_DiT_3,5.0,3.0,413,1.0,0.6,0.6,0.7499999999999999
194,User_DiT_1,0.0,2.0,413,0.0,0.4,0.0,0.0
194,User_DiT_2,0.0,1.0,413,0.0,0.2,0.0,0.0
194,User_DiT_3,0.56,2.0,413,0.11200000000000002,0.4,0.044800000000000006,0.17500000000000002
195,User_DiT_1,3.33,2.0,415,0.666,0.4,0.2664,0.499812382739212
195,User_DiT_2,1.67,2.0,415,0.33399999999999996,0.4,0.1336,0.3640326975476839
195,User_DiT_3,4.38,2.0,415,0.876,0.4,0.35040000000000004,0.5492163009404389
196,User_DiT_1,3.89,3.0,415,0.778,0.6,0.4668,0.6775036284470246
196,User_DiT_2,3.89,3.0,415,0.778,0.6,0.4668,0.6775036284470246
196,User_DiT_3,3.89,3.0,415,0.778,0.6,0.4668,0.6775036284470246
197,User_DiT_1,4.17,2.0,415,0.834,0.4,0.3336,0.5406807131280389
197,User_DiT_2,4.17,2.0,415,0.834,0.4,0.3336,0.5406807131280389
197,User_DiT_3,5.0,2.0,415,1.0,0.4,0.4,0.5714285714285715
198,User_DiT_1,4.29,3.0,415,0.858,0.6,0.5147999999999999,0.7061728395061727
198,User_DiT_2,4.29,4.0,415,0.858,0.8,0.6864,0.8279855247285887
198,User_DiT_3,4.29,2.0,415,0.858,0.4,0.3432,0.5456279809220985
199,User_DiT_1,5.0,2.0,415,1.0,0.4,0.4,0.5714285714285715
199,User_DiT_2,1.67,2.0,415,0.33399999999999996,0.4,0.1336,0.3640326975476839
199,User_DiT_3,3.33,2.0,415,0.666,0.4,0.2664,0.499812382739212
200,User_DiT_1,5.0,4.0,419,1.0,0.8,0.8,0.888888888888889
200,User_DiT_2,5.0,4.0,419,1.0,0.8,0.8,0.888888888888889
200,User_DiT_3,5.0,2.0,419,1.0,0.4,0.4,0.5714285714285715
201,User_DiT_1,3.75,2.0,419,0.75,0.4,0.30000000000000004,0.5217391304347827
201,User_DiT_2,3.75,4.0,419,0.75,0.8,0.6000000000000001,0.7741935483870969
201,User_DiT_3,5.0,4.0,419,1.0,0.8,0.8,0.888888888888889
202,User_DiT_1,0.0,1.0,419,0.0,0.2,0.0,0.0
202,User_DiT_2,5.0,1.0,419,1.0,0.2,0.2,0.33333333333333337
202,User_DiT_3,0.0,2.0,419,0.0,0.4,0.0,0.0
203,User_DiT_1,2.86,1.0,419,0.572,0.2,0.1144,0.29637305699481864
203,User_DiT_2,5.0,2.0,419,1.0,0.4,0.4,0.5714285714285715
203,User_DiT_3,5.0,2.0,419,1.0,0.4,0.4,0.5714285714285715
204,User_DiT_1,4.0,1.0,419,0.8,0.2,0.16000000000000003,0.32000000000000006
204,User_DiT_2,5.0,4.0,419,1.0,0.8,0.8,0.888888888888889
204,User_DiT_3,5.0,4.0,419,1.0,0.8,0.8,0.888888888888889
205,User_DiT_1,2.78,2.0,421,0.5559999999999999,0.4,0.2224,0.46527196652719666
205,User_DiT_2,3.33,1.0,421,0.666,0.2,0.1332,0.30762124711316396
205,User_DiT_3,0.0,2.0,421,0.0,0.4,0.0,0.0
206,User_DiT_1,3.12,3.0,421,0.624,0.6,0.3744,0.611764705882353
206,User_DiT_2,3.12,2.0,421,0.624,0.4,0.24960000000000002,0.48750000000000004
206,User_DiT_3,5.0,3.0,421,1.0,0.6,0.6,0.7499999999999999
207,User_DiT_1,3.12,3.0,421,0.624,0.6,0.3744,0.611764705882353
207,User_DiT_2,3.12,3.0,421,0.624,0.6,0.3744,0.611764705882353
207,User_DiT_3,5.0,3.0,421,1.0,0.6,0.6,0.7499999999999999
208,User_DiT_1,4.44,2.0,421,0.8880000000000001,0.4,0.35520000000000007,0.5515527950310559
208,User_DiT_2,5.0,2.0,421,1.0,0.4,0.4,0.5714285714285715
208,User_DiT_3,4.44,2.0,421,0.8880000000000001,0.4,0.35520000000000007,0.5515527950310559
209,User_DiT_1,5.0,4.0,421,1.0,0.8,0.8,0.888888888888889
209,User_DiT_2,5.0,3.0,421,1.0,0.6,0.6,0.7499999999999999
209,User_DiT_3,3.89,3.0,421,0.778,0.6,0.4668,0.6775036284470246
210,User_DiT_1,3.12,3.0,426,0.624,0.6,0.3744,0.611764705882353
210,User_DiT_2,3.75,3.0,426,0.75,0.6,0.44999999999999996,0.6666666666666665
210,User_DiT_3,3.75,2.0,426,0.75,0.4,0.30000000000000004,0.5217391304347827
211,User_DiT_1,3.12,1.0,426,0.624,0.2,0.12480000000000001,0.3029126213592233
211,User_DiT_2,3.12,1.0,426,0.624,0.2,0.12480000000000001,0.3029126213592233
211,User_DiT_3,3.12,2.0,426,0.624,0.4,0.24960000000000002,0.48750000000000004
212,User_DiT_1,3.12,2.0,426,0.624,0.4,0.24960000000000002,0.48750000000000004
212,User_DiT_2,3.12,2.0,426,0.624,0.4,0.24960000000000002,0.48750000000000004
212,User_DiT_3,2.86,3.0,426,0.572,0.6,0.34319999999999995,0.5856655290102388
213,User_DiT_1,3.12,3.0,426,0.624,0.6,0.3744,0.611764705882353
213,User_DiT_2,3.12,3.0,426,0.624,0.6,0.3744,0.611764705882353
213,User_DiT_3,3.12,2.0,426,0.624,0.4,0.24960000000000002,0.48750000000000004
214,User_DiT_1,2.22,2.0,426,0.44400000000000006,0.4,0.17760000000000004,0.4208530805687204
214,User_DiT_2,2.22,1.0,426,0.44400000000000006,0.2,0.08880000000000002,0.27577639751552796
214,User_DiT_3,2.22,1.0,426,0.44400000000000006,0.2,0.08880000000000002,0.27577639751552796
215,User_DiT_1,5.0,4.0,429,1.0,0.8,0.8,0.888888888888889
215,User_DiT_2,5.0,4.0,429,1.0,0.8,0.8,0.888888888888889
215,User_DiT_3,5.0,4.0,429,1.0,0.8,0.8,0.888888888888889
216,User_DiT_1,5.0,5.0,429,1.0,1.0,1.0,1.0
216,User_DiT_2,5.0,5.0,429,1.0,1.0,1.0,1.0
216,User_DiT_3,5.0,3.0,429,1.0,0.6,0.6,0.7499999999999999
217,User_DiT_1,0.0,5.0,429,0.0,1.0,0.0,0.0
217,User_DiT_2,0.0,5.0,429,0.0,1.0,0.0,0.0
217,User_DiT_3,0.0,5.0,429,0.0,1.0,0.0,0.0
218,User_DiT_1,5.0,5.0,429,1.0,1.0,1.0,1.0
218,User_DiT_2,5.0,2.0,429,1.0,0.4,0.4,0.5714285714285715
218,User_DiT_3,5.0,5.0,429,1.0,1.0,1.0,1.0
219,User_DiT_1,5.0,5.0,429,1.0,1.0,1.0,1.0
219,User_DiT_2,5.0,4.0,429,1.0,0.8,0.8,0.888888888888889
219,User_DiT_3,5.0,5.0,429,1.0,1.0,1.0,1.0
220,User_DiT_1,5.0,1.0,432,1.0,0.2,0.2,0.33333333333333337
220,User_DiT_2,5.0,2.0,432,1.0,0.4,0.4,0.5714285714285715
220,User_DiT_3,4.38,2.0,432,0.876,0.4,0.35040000000000004,0.5492163009404389
221,User_DiT_1,5.0,2.0,432,1.0,0.4,0.4,0.5714285714285715
221,User_DiT_2,5.0,3.0,432,1.0,0.6,0.6,0.7499999999999999
221,User_DiT_3,5.0,3.0,432,1.0,0.6,0.6,0.7499999999999999
222,User_DiT_1,4.38,3.0,432,0.876,0.6,0.5256,0.7121951219512195
222,User_DiT_2,4.38,2.0,432,0.876,0.4,0.35040000000000004,0.5492163009404389
222,User_DiT_3,4.38,2.0,432,0.876,0.4,0.35040000000000004,0.5492163009404389
223,User_DiT_1,0.56,1.0,432,0.11200000000000002,0.2,0.022400000000000003,0.14358974358974358
223,User_DiT_2,0.56,1.0,432,0.11200000000000002,0.2,0.022400000000000003,0.14358974358974358
223,User_DiT_3,3.12,1.0,432,0.624,0.2,0.12480000000000001,0.3029126213592233
224,User_DiT_1,3.33,2.0,432,0.666,0.4,0.2664,0.499812382739212
224,User_DiT_2,4.29,2.0,432,0.858,0.4,0.3432,0.5456279809220985
224,User_DiT_3,3.33,3.0,432,0.666,0.6,0.3996,0.6312796208530805
225,User_DiT_1,5.0,4.0,443,1.0,0.8,0.8,0.888888888888889
225,User_DiT_2,5.0,4.0,443,1.0,0.8,0.8,0.888888888888889
225,User_DiT_3,5.0,3.0,443,1.0,0.6,0.6,0.7499999999999999
226,User_DiT_1,4.44,3.0,443,0.8880000000000001,0.6,0.5328,0.7161290322580646
226,User_DiT_2,4.44,4.0,443,0.8880000000000001,0.8,0.7104000000000001,0.8417061611374408
226,User_DiT_3,4.44,4.0,443,0.8880000000000001,0.8,0.7104000000000001,0.8417061611374408
227,User_DiT_1,4.44,5.0,443,0.8880000000000001,1.0,0.8880000000000001,0.940677966101695
227,User_DiT_2,4.44,5.0,443,0.8880000000000001,1.0,0.8880000000000001,0.940677966101695
227,User_DiT_3,4.44,4.0,443,0.8880000000000001,0.8,0.7104000000000001,0.8417061611374408
228,User_DiT_1,1.67,1.0,443,0.33399999999999996,0.2,0.0668,0.250187265917603
228,User_DiT_2,1.67,1.0,443,0.33399999999999996,0.2,0.0668,0.250187265917603
228,User_DiT_3,1.67,1.0,443,0.33399999999999996,0.2,0.0668,0.250187265917603
229,User_DiT_1,0.0,4.0,443,0.0,0.8,0.0,0.0
229,User_DiT_2,4.38,5.0,443,0.876,1.0,0.876,0.933901918976546
229,User_DiT_3,4.38,4.0,443,0.876,0.8,0.7008000000000001,0.8362768496420048
230,User_DiT_1,3.12,3.0,446,0.624,0.6,0.3744,0.611764705882353
230,User_DiT_2,3.12,1.0,446,0.624,0.2,0.12480000000000001,0.3029126213592233
230,User_DiT_3,4.38,3.0,446,0.876,0.6,0.5256,0.7121951219512195
231,User_DiT_1,4.29,3.0,446,0.858,0.6,0.5147999999999999,0.7061728395061727
231,User_DiT_2,4.29,3.0,446,0.858,0.6,0.5147999999999999,0.7061728395061727
231,User_DiT_3,5.0,3.0,446,1.0,0.6,0.6,0.7499999999999999
232,User_DiT_1,1.11,3.0,446,0.22200000000000003,0.6,0.1332,0.32408759124087594
232,User_DiT_2,1.11,4.0,446,0.22200000000000003,0.8,0.17760000000000004,0.3475538160469668
232,User_DiT_3,1.11,4.0,446,0.22200000000000003,0.8,0.17760000000000004,0.3475538160469668
233,User_DiT_1,5.0,3.0,446,1.0,0.6,0.6,0.7499999999999999
233,User_DiT_2,5.0,2.0,446,1.0,0.4,0.4,0.5714285714285715
233,User_DiT_3,5.0,2.0,446,1.0,0.4,0.4,0.5714285714285715
234,User_DiT_1,3.75,3.0,446,0.75,0.6,0.44999999999999996,0.6666666666666665
234,User_DiT_2,5.0,2.0,446,1.0,0.4,0.4,0.5714285714285715
234,User_DiT_3,5.0,3.0,446,1.0,0.6,0.6,0.7499999999999999
235,User_DiT_1,1.88,2.0,453,0.376,0.4,0.1504,0.38762886597938145
235,User_DiT_2,2.5,2.0,453,0.5,0.4,0.2,0.4444444444444445
235,User_DiT_3,2.5,2.0,453,0.5,0.4,0.2,0.4444444444444445
235,Sys_DiT_ref_cls100_2,4.65,3.85,47,0.93,0.77,0.7161000000000001,0.8424705882352941
236,User_DiT_1,4.38,2.0,453,0.876,0.4,0.35040000000000004,0.5492163009404389
236,User_DiT_2,4.38,4.0,453,0.876,0.8,0.7008000000000001,0.8362768496420048
236,User_DiT_3,4.38,2.0,453,0.876,0.4,0.35040000000000004,0.5492163009404389
236,Sys_DiT_ref_cls100_2,4.85,3.2,47,0.97,0.64,0.6208,0.7711801242236026
237,User_DiT_1,4.38,4.0,453,0.876,0.8,0.7008000000000001,0.8362768496420048
237,User_DiT_2,5.0,4.0,453,1.0,0.8,0.8,0.888888888888889
237,User_DiT_3,5.0,3.0,453,1.0,0.6,0.6,0.7499999999999999
237,Sys_DiT_ref_cls100_2,4.85,4.2,47,0.97,0.8400000000000001,0.8148000000000001,0.9003314917127072
238,User_DiT_1,5.0,2.0,453,1.0,0.4,0.4,0.5714285714285715
238,User_DiT_2,1.25,2.0,453,0.25,0.4,0.1,0.3076923076923077
238,User_DiT_3,1.25,2.0,453,0.25,0.4,0.1,0.3076923076923077
238,Sys_DiT_ref_cls100_2,4.95,4.98,47,0.99,0.9960000000000001,0.9860400000000001,0.9929909365558913
239,User_DiT_1,1.25,1.0,453,0.25,0.2,0.05,0.22222222222222224
239,User_DiT_2,1.25,1.0,453,0.25,0.2,0.05,0.22222222222222224
239,User_DiT_3,0.62,2.0,453,0.124,0.4,0.049600000000000005,0.18931297709923664
239,Sys_DiT_ref_cls100_2,4.65,3.85,47,0.93,0.77,0.7161000000000001,0.8424705882352941
240,User_DiT_1,5.0,5.0,461,1.0,1.0,1.0,1.0
240,User_DiT_2,5.0,5.0,461,1.0,1.0,1.0,1.0
240,User_DiT_3,5.0,5.0,461,1.0,1.0,1.0,1.0
241,User_DiT_1,4.44,4.0,461,0.8880000000000001,0.8,0.7104000000000001,0.8417061611374408
241,User_DiT_2,3.89,4.0,461,0.778,0.8,0.6224000000000001,0.7888466413181242
241,User_DiT_3,4.44,4.0,461,0.8880000000000001,0.8,0.7104000000000001,0.8417061611374408
242,User_DiT_1,5.0,4.0,461,1.0,0.8,0.8,0.888888888888889
242,User_DiT_2,5.0,4.0,461,1.0,0.8,0.8,0.888888888888889
242,User_DiT_3,5.0,4.0,461,1.0,0.8,0.8,0.888888888888889
243,User_DiT_1,4.44,5.0,461,0.8880000000000001,1.0,0.8880000000000001,0.940677966101695
243,User_DiT_2,4.44,4.0,461,0.8880000000000001,0.8,0.7104000000000001,0.8417061611374408
243,User_DiT_3,4.44,5.0,461,0.8880000000000001,1.0,0.8880000000000001,0.940677966101695
244,User_DiT_1,3.89,4.0,461,0.778,0.8,0.6224000000000001,0.7888466413181242
244,User_DiT_2,3.33,4.0,461,0.666,0.8,0.5328,0.7268758526603001
244,User_DiT_3,4.44,5.0,461,0.8880000000000001,1.0,0.8880000000000001,0.940677966101695
245,User_DiT_1,4.44,3.0,477,0.8880000000000001,0.6,0.5328,0.7161290322580646
245,User_DiT_2,4.44,3.0,477,0.8880000000000001,0.6,0.5328,0.7161290322580646
245,User_DiT_3,4.44,3.0,477,0.8880000000000001,0.6,0.5328,0.7161290322580646
246,User_DiT_1,0.0,3.0,477,0.0,0.6,0.0,0.0
246,User_DiT_2,1.67,2.0,477,0.33399999999999996,0.4,0.1336,0.3640326975476839
246,User_DiT_3,0.0,2.0,477,0.0,0.4,0.0,0.0
247,User_DiT_1,2.22,1.0,477,0.44400000000000006,0.2,0.08880000000000002,0.27577639751552796
247,User_DiT_2,2.22,1.0,477,0.44400000000000006,0.2,0.08880000000000002,0.27577639751552796
247,User_DiT_3,2.78,1.0,477,0.5559999999999999,0.2,0.1112,0.29417989417989415
248,User_DiT_1,0.56,3.0,477,0.11200000000000002,0.6,0.06720000000000001,0.18876404494382026
248,User_DiT_2,0.0,2.0,477,0.0,0.4,0.0,0.0
248,User_DiT_3,0.56,2.0,477,0.11200000000000002,0.4,0.044800000000000006,0.17500000000000002
249,User_DiT_1,1.88,4.0,477,0.376,0.8,0.3008,0.5115646258503401
249,User_DiT_2,1.88,4.0,477,0.376,0.8,0.3008,0.5115646258503401
249,User_DiT_3,1.88,2.0,477,0.376,0.4,0.1504,0.38762886597938145
250,User_DiT_1,1.11,2.0,479,0.22200000000000003,0.4,0.08880000000000002,0.28553054662379423
250,User_DiT_2,2.22,2.0,479,0.44400000000000006,0.4,0.17760000000000004,0.4208530805687204
250,User_DiT_3,2.22,1.0,479,0.44400000000000006,0.2,0.08880000000000002,0.27577639751552796
251,User_DiT_1,3.12,4.0,479,0.624,0.8,0.49920000000000003,0.7011235955056181
251,User_DiT_2,3.75,2.0,479,0.75,0.4,0.30000000000000004,0.5217391304347827
251,User_DiT_3,3.12,3.0,479,0.624,0.6,0.3744,0.611764705882353
252,User_DiT_1,0.56,0.0,479,0.11200000000000002,0.0,0.0,0.0
252,User_DiT_2,0.56,0.0,479,0.11200000000000002,0.0,0.0,0.0
252,User_DiT_3,0.0,1.0,479,0.0,0.2,0.0,0.0
253,User_DiT_1,0.0,5.0,479,0.0,1.0,0.0,0.0
253,User_DiT_2,0.0,4.0,479,0.0,0.8,0.0,0.0
253,User_DiT_3,0.0,5.0,479,0.0,1.0,0.0,0.0
254,User_DiT_1,3.75,4.0,479,0.75,0.8,0.6000000000000001,0.7741935483870969
254,User_DiT_2,3.75,4.0,479,0.75,0.8,0.6000000000000001,0.7741935483870969
254,User_DiT_3,3.75,3.0,479,0.75,0.6,0.44999999999999996,0.6666666666666665
255,User_DiT_1,0.0,1.0,481,0.0,0.2,0.0,0.0
255,User_DiT_2,0.0,1.0,481,0.0,0.2,0.0,0.0
255,User_DiT_3,0.0,1.0,481,0.0,0.2,0.0,0.0
256,User_DiT_1,2.78,2.0,481,0.5559999999999999,0.4,0.2224,0.46527196652719666
256,User_DiT_2,1.67,2.0,481,0.33399999999999996,0.4,0.1336,0.3640326975476839
256,User_DiT_3,2.5,2.0,481,0.5,0.4,0.2,0.4444444444444445
257,User_DiT_1,3.12,4.0,481,0.624,0.8,0.49920000000000003,0.7011235955056181
257,User_DiT_2,3.89,4.0,481,0.778,0.8,0.6224000000000001,0.7888466413181242
257,User_DiT_3,3.89,4.0,481,0.778,0.8,0.6224000000000001,0.7888466413181242
258,User_DiT_1,1.67,1.0,481,0.33399999999999996,0.2,0.0668,0.250187265917603
258,User_DiT_2,1.67,1.0,481,0.33399999999999996,0.2,0.0668,0.250187265917603
258,User_DiT_3,0.56,1.0,481,0.11200000000000002,0.2,0.022400000000000003,0.14358974358974358
259,User_DiT_1,4.44,4.0,481,0.8880000000000001,0.8,0.7104000000000001,0.8417061611374408
259,User_DiT_2,4.44,3.0,481,0.8880000000000001,0.6,0.5328,0.7161290322580646
259,User_DiT_3,3.89,4.0,481,0.778,0.8,0.6224000000000001,0.7888466413181242
260,User_DiT_1,5.0,5.0,488,1.0,1.0,1.0,1.0
260,User_DiT_2,4.29,3.0,488,0.858,0.6,0.5147999999999999,0.7061728395061727
260,User_DiT_3,5.0,4.0,488,1.0,0.8,0.8,0.888888888888889
261,User_DiT_1,5.0,5.0,488,1.0,1.0,1.0,1.0
261,User_DiT_2,5.0,4.0,488,1.0,0.8,0.8,0.888888888888889
261,User_DiT_3,5.0,4.0,488,1.0,0.8,0.8,0.888888888888889
262,User_DiT_1,5.0,5.0,488,1.0,1.0,1.0,1.0
262,User_DiT_2,5.0,5.0,488,1.0,1.0,1.0,1.0
262,User_DiT_3,5.0,5.0,488,1.0,1.0,1.0,1.0
263,User_DiT_1,1.43,1.0,488,0.286,0.2,0.0572,0.23539094650205764
263,User_DiT_2,5.0,4.0,488,1.0,0.8,0.8,0.888888888888889
263,User_DiT_3,1.43,1.0,488,0.286,0.2,0.0572,0.23539094650205764
264,User_DiT_1,4.38,3.0,488,0.876,0.6,0.5256,0.7121951219512195
264,User_DiT_2,4.38,4.0,488,0.876,0.8,0.7008000000000001,0.8362768496420048
264,User_DiT_3,4.38,4.0,488,0.876,0.8,0.7008000000000001,0.8362768496420048
265,User_DiT_1,0.0,4.0,499,0.0,0.8,0.0,0.0
265,User_DiT_2,3.57,4.0,499,0.714,0.8,0.5712,0.7545574636723911
265,User_DiT_3,0.0,2.0,499,0.0,0.4,0.0,0.0
266,User_DiT_1,5.0,3.0,499,1.0,0.6,0.6,0.7499999999999999
266,User_DiT_2,5.0,3.0,499,1.0,0.6,0.6,0.7499999999999999
266,User_DiT_3,5.0,3.0,499,1.0,0.6,0.6,0.7499999999999999
267,User_DiT_1,5.0,4.0,499,1.0,0.8,0.8,0.888888888888889
267,User_DiT_2,5.0,4.0,499,1.0,0.8,0.8,0.888888888888889
267,User_DiT_3,5.0,4.0,499,1.0,0.8,0.8,0.888888888888889
268,User_DiT_1,5.0,2.0,499,1.0,0.4,0.4,0.5714285714285715
268,User_DiT_2,5.0,2.0,499,1.0,0.4,0.4,0.5714285714285715
268,User_DiT_3,5.0,2.0,499,1.0,0.4,0.4,0.5714285714285715
269,User_DiT_1,5.0,2.0,499,1.0,0.4,0.4,0.5714285714285715
269,User_DiT_2,5.0,2.0,499,1.0,0.4,0.4,0.5714285714285715
269,User_DiT_3,5.0,2.0,499,1.0,0.4,0.4,0.5714285714285715
270,User_DiT_1,4.29,2.0,529,0.858,0.4,0.3432,0.5456279809220985
270,User_DiT_2,5.0,2.0,529,1.0,0.4,0.4,0.5714285714285715
270,User_DiT_3,4.29,2.0,529,0.858,0.4,0.3432,0.5456279809220985
271,User_DiT_1,4.29,2.0,529,0.858,0.4,0.3432,0.5456279809220985
271,User_DiT_2,3.57,2.0,529,0.714,0.4,0.2856,0.5127468581687613
271,User_DiT_3,4.29,1.0,529,0.858,0.2,0.1716,0.3243856332703213
272,User_DiT_1,4.29,4.0,529,0.858,0.8,0.6864,0.8279855247285887
272,User_DiT_2,4.17,4.0,529,0.834,0.8,0.6672,0.8166462668298654
272,User_DiT_3,4.17,4.0,529,0.834,0.8,0.6672,0.8166462668298654
273,User_DiT_1,5.0,2.0,529,1.0,0.4,0.4,0.5714285714285715
273,User_DiT_2,4.29,2.0,529,0.858,0.4,0.3432,0.5456279809220985
273,User_DiT_3,4.29,2.0,529,0.858,0.4,0.3432,0.5456279809220985
274,User_DiT_1,3.33,1.0,529,0.666,0.2,0.1332,0.30762124711316396
274,User_DiT_2,4.17,1.0,529,0.834,0.2,0.1668,0.3226305609284333
274,User_DiT_3,3.33,1.0,529,0.666,0.2,0.1332,0.30762124711316396
275,User_DiT_1,4.38,3.0,535,0.876,0.6,0.5256,0.7121951219512195
275,User_DiT_2,3.75,3.0,535,0.75,0.6,0.44999999999999996,0.6666666666666665
275,User_DiT_3,3.75,3.0,535,0.75,0.6,0.44999999999999996,0.6666666666666665
276,User_DiT_1,4.29,2.0,535,0.858,0.4,0.3432,0.5456279809220985
276,User_DiT_2,4.38,2.0,535,0.876,0.4,0.35040000000000004,0.5492163009404389
276,User_DiT_3,4.38,3.0,535,0.876,0.6,0.5256,0.7121951219512195
277,User_DiT_1,4.38,3.0,535,0.876,0.6,0.5256,0.7121951219512195
277,User_DiT_2,4.38,3.0,535,0.876,0.6,0.5256,0.7121951219512195
277,User_DiT_3,4.38,2.0,535,0.876,0.4,0.35040000000000004,0.5492163009404389
278,User_DiT_1,4.0,4.0,535,0.8,0.8,0.6400000000000001,0.8000000000000002
278,User_DiT_2,4.17,3.0,535,0.834,0.6,0.5004,0.697907949790795
278,User_DiT_3,4.17,4.0,535,0.834,0.8,0.6672,0.8166462668298654
279,User_DiT_1,4.29,2.0,535,0.858,0.4,0.3432,0.5456279809220985
279,User_DiT_2,3.12,3.0,535,0.624,0.6,0.3744,0.611764705882353
279,User_DiT_3,3.12,3.0,535,0.624,0.6,0.3744,0.611764705882353
280,User_DiT_1,0.0,2.0,554,0.0,0.4,0.0,0.0
280,User_DiT_2,0.0,2.0,554,0.0,0.4,0.0,0.0
280,User_DiT_3,0.0,2.0,554,0.0,0.4,0.0,0.0
281,User_DiT_1,0.0,4.0,554,0.0,0.8,0.0,0.0
281,User_DiT_2,0.0,2.0,554,0.0,0.4,0.0,0.0
281,User_DiT_3,0.0,4.0,554,0.0,0.8,0.0,0.0
282,User_DiT_1,0.0,2.0,554,0.0,0.4,0.0,0.0
282,User_DiT_2,0.0,2.0,554,0.0,0.4,0.0,0.0
282,User_DiT_3,0.0,3.0,554,0.0,0.6,0.0,0.0
283,User_DiT_1,0.0,3.0,554,0.0,0.6,0.0,0.0
283,User_DiT_2,0.0,4.0,554,0.0,0.8,0.0,0.0
283,User_DiT_3,0.0,3.0,554,0.0,0.6,0.0,0.0
284,User_DiT_1,0.0,2.0,554,0.0,0.4,0.0,0.0
284,User_DiT_2,0.0,2.0,554,0.0,0.4,0.0,0.0
284,User_DiT_3,0.0,4.0,554,0.0,0.8,0.0,0.0
285,User_DiT_1,5.0,3.0,567,1.0,0.6,0.6,0.7499999999999999
285,User_DiT_2,5.0,3.0,567,1.0,0.6,0.6,0.7499999999999999
285,User_DiT_3,5.0,4.0,567,1.0,0.8,0.8,0.888888888888889
286,User_DiT_1,4.38,3.0,567,0.876,0.6,0.5256,0.7121951219512195
286,User_DiT_2,5.0,4.0,567,1.0,0.8,0.8,0.888888888888889
286,User_DiT_3,5.0,3.0,567,1.0,0.6,0.6,0.7499999999999999
287,User_DiT_1,4.29,3.0,567,0.858,0.6,0.5147999999999999,0.7061728395061727
287,User_DiT_2,5.0,3.0,567,1.0,0.6,0.6,0.7499999999999999
287,User_DiT_3,4.29,3.0,567,0.858,0.6,0.5147999999999999,0.7061728395061727
288,User_DiT_1,5.0,3.0,567,1.0,0.6,0.6,0.7499999999999999
288,User_DiT_2,5.0,3.0,567,1.0,0.6,0.6,0.7499999999999999
288,User_DiT_3,5.0,4.0,567,1.0,0.8,0.8,0.888888888888889
289,User_DiT_1,5.0,2.0,567,1.0,0.4,0.4,0.5714285714285715
289,User_DiT_2,1.88,2.0,567,0.376,0.4,0.1504,0.38762886597938145
289,User_DiT_3,4.29,2.0,567,0.858,0.4,0.3432,0.5456279809220985
290,User_DiT_1,4.38,1.0,575,0.876,0.2,0.17520000000000002,0.32565055762081785
290,User_DiT_2,4.38,1.0,575,0.876,0.2,0.17520000000000002,0.32565055762081785
290,User_DiT_3,4.38,1.0,575,0.876,0.2,0.17520000000000002,0.32565055762081785
291,User_DiT_1,4.38,3.0,575,0.876,0.6,0.5256,0.7121951219512195
291,User_DiT_2,4.29,3.0,575,0.858,0.6,0.5147999999999999,0.7061728395061727
291,User_DiT_3,4.29,3.0,575,0.858,0.6,0.5147999999999999,0.7061728395061727
292,User_DiT_1,4.17,1.0,575,0.834,0.2,0.1668,0.3226305609284333
292,User_DiT_2,3.57,2.0,575,0.714,0.4,0.2856,0.5127468581687613
292,User_DiT_3,3.57,2.0,575,0.714,0.4,0.2856,0.5127468581687613
293,User_DiT_1,3.57,2.0,575,0.714,0.4,0.2856,0.5127468581687613
293,User_DiT_2,3.57,2.0,575,0.714,0.4,0.2856,0.5127468581687613
293,User_DiT_3,0.0,2.0,575,0.0,0.4,0.0,0.0
294,User_DiT_1,4.17,2.0,575,0.834,0.4,0.3336,0.5406807131280389
294,User_DiT_2,5.0,2.0,575,1.0,0.4,0.4,0.5714285714285715
294,User_DiT_3,5.0,2.0,575,1.0,0.4,0.4,0.5714285714285715
295,User_DiT_1,0.0,1.0,585,0.0,0.2,0.0,0.0
295,User_DiT_2,0.0,1.0,585,0.0,0.2,0.0,0.0
295,User_DiT_3,0.0,1.0,585,0.0,0.2,0.0,0.0
296,User_DiT_1,0.0,1.0,585,0.0,0.2,0.0,0.0
296,User_DiT_2,0.0,1.0,585,0.0,0.2,0.0,0.0
296,User_DiT_3,0.0,1.0,585,0.0,0.2,0.0,0.0
297,User_DiT_1,5.0,2.0,585,1.0,0.4,0.4,0.5714285714285715
297,User_DiT_2,5.0,2.0,585,1.0,0.4,0.4,0.5714285714285715
297,User_DiT_3,5.0,2.0,585,1.0,0.4,0.4,0.5714285714285715
298,User_DiT_1,0.0,2.0,585,0.0,0.4,0.0,0.0
298,User_DiT_2,5.0,3.0,585,1.0,0.6,0.6,0.7499999999999999
298,User_DiT_3,2.5,3.0,585,0.5,0.6,0.3,0.5454545454545454
299,User_DiT_1,4.17,3.0,585,0.834,0.6,0.5004,0.697907949790795
299,User_DiT_2,4.17,2.0,585,0.834,0.4,0.3336,0.5406807131280389
299,User_DiT_3,4.17,3.0,585,0.834,0.6,0.5004,0.697907949790795
300,User_DiT_1,4.0,3.0,590,0.8,0.6,0.48,0.6857142857142857
300,User_DiT_2,4.0,4.0,590,0.8,0.8,0.6400000000000001,0.8000000000000002
300,User_DiT_3,4.0,4.0,590,0.8,0.8,0.6400000000000001,0.8000000000000002
301,User_DiT_1,4.29,4.0,590,0.858,0.8,0.6864,0.8279855247285887
301,User_DiT_2,4.29,3.0,590,0.858,0.6,0.5147999999999999,0.7061728395061727
301,User_DiT_3,4.29,3.0,590,0.858,0.6,0.5147999999999999,0.7061728395061727
302,User_DiT_1,4.0,2.0,590,0.8,0.4,0.32000000000000006,0.5333333333333333
302,User_DiT_2,4.0,2.0,590,0.8,0.4,0.32000000000000006,0.5333333333333333
302,User_DiT_3,4.0,2.0,590,0.8,0.4,0.32000000000000006,0.5333333333333333
303,User_DiT_1,5.0,4.0,590,1.0,0.8,0.8,0.888888888888889
303,User_DiT_2,5.0,4.0,590,1.0,0.8,0.8,0.888888888888889
303,User_DiT_3,5.0,3.0,590,1.0,0.6,0.6,0.7499999999999999
304,User_DiT_1,3.57,2.0,590,0.714,0.4,0.2856,0.5127468581687613
304,User_DiT_2,4.29,2.0,590,0.858,0.4,0.3432,0.5456279809220985
304,User_DiT_3,4.29,2.0,590,0.858,0.4,0.3432,0.5456279809220985
305,User_DiT_1,1.11,2.0,605,0.22200000000000003,0.4,0.08880000000000002,0.28553054662379423
305,User_DiT_2,1.11,3.0,605,0.22200000000000003,0.6,0.1332,0.32408759124087594
305,User_DiT_3,1.25,2.0,605,0.25,0.4,0.1,0.3076923076923077
306,User_DiT_1,0.0,1.0,605,0.0,0.2,0.0,0.0
306,User_DiT_2,0.0,1.0,605,0.0,0.2,0.0,0.0
306,User_DiT_3,0.0,1.0,605,0.0,0.2,0.0,0.0
307,User_DiT_1,2.5,1.0,605,0.5,0.2,0.1,0.28571428571428575
307,User_DiT_2,1.11,1.0,605,0.22200000000000003,0.2,0.04440000000000001,0.2104265402843602
307,User_DiT_3,2.5,2.0,605,0.5,0.4,0.2,0.4444444444444445
308,User_DiT_1,5.0,4.0,605,1.0,0.8,0.8,0.888888888888889
308,User_DiT_2,5.0,3.0,605,1.0,0.6,0.6,0.7499999999999999
308,User_DiT_3,5.0,4.0,605,1.0,0.8,0.8,0.888888888888889
309,User_DiT_1,5.0,2.0,605,1.0,0.4,0.4,0.5714285714285715
309,User_DiT_2,5.0,2.0,605,1.0,0.4,0.4,0.5714285714285715
309,User_DiT_3,5.0,3.0,605,1.0,0.6,0.6,0.7499999999999999
310,User_DiT_1,0.0,2.0,606,0.0,0.4,0.0,0.0
310,User_DiT_2,0.56,2.0,606,0.11200000000000002,0.4,0.044800000000000006,0.17500000000000002
310,User_DiT_3,0.0,2.0,606,0.0,0.4,0.0,0.0
311,User_DiT_1,5.0,2.0,606,1.0,0.4,0.4,0.5714285714285715
311,User_DiT_2,1.67,2.0,606,0.33399999999999996,0.4,0.1336,0.3640326975476839
311,User_DiT_3,5.0,2.0,606,1.0,0.4,0.4,0.5714285714285715
312,User_DiT_1,0.62,3.0,606,0.124,0.6,0.0744,0.20552486187845304
312,User_DiT_2,0.62,2.0,606,0.124,0.4,0.049600000000000005,0.18931297709923664
312,User_DiT_3,0.62,3.0,606,0.124,0.6,0.0744,0.20552486187845304
313,User_DiT_1,4.44,4.0,606,0.8880000000000001,0.8,0.7104000000000001,0.8417061611374408
313,User_DiT_2,4.44,3.0,606,0.8880000000000001,0.6,0.5328,0.7161290322580646
313,User_DiT_3,4.44,4.0,606,0.8880000000000001,0.8,0.7104000000000001,0.8417061611374408
314,User_DiT_1,4.17,3.0,606,0.834,0.6,0.5004,0.697907949790795
314,User_DiT_2,4.17,2.0,606,0.834,0.4,0.3336,0.5406807131280389
314,User_DiT_3,4.17,3.0,606,0.834,0.6,0.5004,0.697907949790795
315,User_DiT_1,0.62,2.0,626,0.124,0.4,0.049600000000000005,0.18931297709923664
315,User_DiT_2,0.62,2.0,626,0.124,0.4,0.049600000000000005,0.18931297709923664
315,User_DiT_3,0.62,2.0,626,0.124,0.4,0.049600000000000005,0.18931297709923664
316,User_DiT_1,5.0,3.0,626,1.0,0.6,0.6,0.7499999999999999
316,User_DiT_2,5.0,4.0,626,1.0,0.8,0.8,0.888888888888889
316,User_DiT_3,5.0,4.0,626,1.0,0.8,0.8,0.888888888888889
317,User_DiT_1,4.0,3.0,626,0.8,0.6,0.48,0.6857142857142857
317,User_DiT_2,5.0,3.0,626,1.0,0.6,0.6,0.7499999999999999
317,User_DiT_3,5.0,3.0,626,1.0,0.6,0.6,0.7499999999999999
318,User_DiT_1,1.88,3.0,626,0.376,0.6,0.2256,0.46229508196721314
318,User_DiT_2,1.88,3.0,626,0.376,0.6,0.2256,0.46229508196721314
318,User_DiT_3,3.57,3.0,626,0.714,0.6,0.42839999999999995,0.6520547945205478
319,User_DiT_1,5.0,3.0,626,1.0,0.6,0.6,0.7499999999999999
319,User_DiT_2,3.75,3.0,626,0.75,0.6,0.44999999999999996,0.6666666666666665
319,User_DiT_3,5.0,3.0,626,1.0,0.6,0.6,0.7499999999999999
320,User_DiT_1,4.38,4.0,632,0.876,0.8,0.7008000000000001,0.8362768496420048
320,User_DiT_2,4.38,3.0,632,0.876,0.6,0.5256,0.7121951219512195
320,User_DiT_3,4.38,4.0,632,0.876,0.8,0.7008000000000001,0.8362768496420048
320,Sys_DiT_ref_cls100_2,2.15,3.85,64,0.43,0.77,0.3311,0.5518333333333334
321,User_DiT_1,3.12,2.0,632,0.624,0.4,0.24960000000000002,0.48750000000000004
321,User_DiT_2,3.12,2.0,632,0.624,0.4,0.24960000000000002,0.48750000000000004
321,User_DiT_3,3.12,2.0,632,0.624,0.4,0.24960000000000002,0.48750000000000004
321,Sys_DiT_ref_cls100_2,1.25,3.85,64,0.25,0.77,0.1925,0.37745098039215685
322,User_DiT_1,1.88,2.0,632,0.376,0.4,0.1504,0.38762886597938145
322,User_DiT_2,0.0,2.0,632,0.0,0.4,0.0,0.0
322,User_DiT_3,0.0,2.0,632,0.0,0.4,0.0,0.0
322,Sys_DiT_ref_cls100_2,4.82,4.65,64,0.9640000000000001,0.93,0.8965200000000001,0.9466948257655755
323,User_DiT_1,5.0,1.0,632,1.0,0.2,0.2,0.33333333333333337
323,User_DiT_2,4.17,2.0,632,0.834,0.4,0.3336,0.5406807131280389
323,User_DiT_3,4.17,2.0,632,0.834,0.4,0.3336,0.5406807131280389
323,Sys_DiT_ref_cls100_2,3.42,2.85,64,0.6839999999999999,0.5700000000000001,0.38988,0.6218181818181818
324,User_DiT_1,4.29,3.0,632,0.858,0.6,0.5147999999999999,0.7061728395061727
324,User_DiT_2,4.29,4.0,632,0.858,0.8,0.6864,0.8279855247285887
324,User_DiT_3,4.29,4.0,632,0.858,0.8,0.6864,0.8279855247285887
324,Sys_DiT_ref_cls100_2,4.35,2.85,64,0.8699999999999999,0.5700000000000001,0.4959,0.6887500000000001
325,User_DiT_1,4.38,4.0,633,0.876,0.8,0.7008000000000001,0.8362768496420048
325,User_DiT_2,5.0,4.0,633,1.0,0.8,0.8,0.888888888888889
325,User_DiT_3,5.0,4.0,633,1.0,0.8,0.8,0.888888888888889
326,User_DiT_1,2.78,4.0,633,0.5559999999999999,0.8,0.4448,0.656047197640118
326,User_DiT_2,2.78,4.0,633,0.5559999999999999,0.8,0.4448,0.656047197640118
326,User_DiT_3,2.78,4.0,633,0.5559999999999999,0.8,0.4448,0.656047197640118
327,User_DiT_1,4.29,1.0,633,0.858,0.2,0.1716,0.3243856332703213
327,User_DiT_2,2.5,1.0,633,0.5,0.2,0.1,0.28571428571428575
327,User_DiT_3,2.5,2.0,633,0.5,0.4,0.2,0.4444444444444445
328,User_DiT_1,4.38,4.0,633,0.876,0.8,0.7008000000000001,0.8362768496420048
328,User_DiT_2,4.38,4.0,633,0.876,0.8,0.7008000000000001,0.8362768496420048
328,User_DiT_3,4.38,4.0,633,0.876,0.8,0.7008000000000001,0.8362768496420048
329,User_DiT_1,4.38,3.0,633,0.876,0.6,0.5256,0.7121951219512195
329,User_DiT_2,4.38,3.0,633,0.876,0.6,0.5256,0.7121951219512195
329,User_DiT_3,4.38,3.0,633,0.876,0.6,0.5256,0.7121951219512195
330,User_DiT_1,0.0,3.0,634,0.0,0.6,0.0,0.0
330,User_DiT_2,0.0,2.0,634,0.0,0.4,0.0,0.0
330,User_DiT_3,0.0,2.0,634,0.0,0.4,0.0,0.0
331,User_DiT_1,2.78,2.0,634,0.5559999999999999,0.4,0.2224,0.46527196652719666
331,User_DiT_2,2.5,2.0,634,0.5,0.4,0.2,0.4444444444444445
331,User_DiT_3,2.78,3.0,634,0.5559999999999999,0.6,0.33359999999999995,0.5771626297577854
332,User_DiT_1,2.5,4.0,634,0.5,0.8,0.4,0.6153846153846154
332,User_DiT_2,3.12,4.0,634,0.624,0.8,0.49920000000000003,0.7011235955056181
332,User_DiT_3,2.5,3.0,634,0.5,0.6,0.3,0.5454545454545454
333,User_DiT_1,0.0,1.0,634,0.0,0.2,0.0,0.0
333,User_DiT_2,0.0,1.0,634,0.0,0.2,0.0,0.0
333,User_DiT_3,0.0,1.0,634,0.0,0.2,0.0,0.0
334,User_DiT_1,0.0,4.0,634,0.0,0.8,0.0,0.0
334,User_DiT_2,0.0,3.0,634,0.0,0.6,0.0,0.0
334,User_DiT_3,0.56,4.0,634,0.11200000000000002,0.8,0.08960000000000001,0.19649122807017547
335,User_DiT_1,3.89,2.0,645,0.778,0.4,0.31120000000000003,0.5283531409168082
335,User_DiT_2,5.0,3.0,645,1.0,0.6,0.6,0.7499999999999999
335,User_DiT_3,5.0,3.0,645,1.0,0.6,0.6,0.7499999999999999
336,User_DiT_1,4.38,2.0,645,0.876,0.4,0.35040000000000004,0.5492163009404389
336,User_DiT_2,4.38,2.0,645,0.876,0.4,0.35040000000000004,0.5492163009404389
336,User_DiT_3,4.38,2.0,645,0.876,0.4,0.35040000000000004,0.5492163009404389
337,User_DiT_1,5.0,3.0,645,1.0,0.6,0.6,0.7499999999999999
337,User_DiT_2,5.0,3.0,645,1.0,0.6,0.6,0.7499999999999999
337,User_DiT_3,5.0,2.0,645,1.0,0.4,0.4,0.5714285714285715
338,User_DiT_1,4.38,4.0,645,0.876,0.8,0.7008000000000001,0.8362768496420048
338,User_DiT_2,5.0,2.0,645,1.0,0.4,0.4,0.5714285714285715
338,User_DiT_3,4.44,2.0,645,0.8880000000000001,0.4,0.35520000000000007,0.5515527950310559
339,User_DiT_1,5.0,2.0,645,1.0,0.4,0.4,0.5714285714285715
339,User_DiT_2,5.0,2.0,645,1.0,0.4,0.4,0.5714285714285715
339,User_DiT_3,0.0,2.0,645,0.0,0.4,0.0,0.0
340,User_DiT_1,0.0,3.0,654,0.0,0.6,0.0,0.0
340,User_DiT_2,5.0,4.0,654,1.0,0.8,0.8,0.888888888888889
340,User_DiT_3,5.0,4.0,654,1.0,0.8,0.8,0.888888888888889
341,User_DiT_1,4.38,2.0,654,0.876,0.4,0.35040000000000004,0.5492163009404389
341,User_DiT_2,5.0,2.0,654,1.0,0.4,0.4,0.5714285714285715
341,User_DiT_3,4.38,2.0,654,0.876,0.4,0.35040000000000004,0.5492163009404389
342,User_DiT_1,5.0,5.0,654,1.0,1.0,1.0,1.0
342,User_DiT_2,5.0,4.0,654,1.0,0.8,0.8,0.888888888888889
342,User_DiT_3,5.0,5.0,654,1.0,1.0,1.0,1.0
343,User_DiT_1,5.0,3.0,654,1.0,0.6,0.6,0.7499999999999999
343,User_DiT_2,5.0,3.0,654,1.0,0.6,0.6,0.7499999999999999
343,User_DiT_3,4.38,4.0,654,0.876,0.8,0.7008000000000001,0.8362768496420048
344,User_DiT_1,4.38,2.0,654,0.876,0.4,0.35040000000000004,0.5492163009404389
344,User_DiT_2,5.0,2.0,654,1.0,0.4,0.4,0.5714285714285715
344,User_DiT_3,5.0,2.0,654,1.0,0.4,0.4,0.5714285714285715
345,User_DiT_1,3.12,4.0,679,0.624,0.8,0.49920000000000003,0.7011235955056181
345,User_DiT_2,3.12,4.0,679,0.624,0.8,0.49920000000000003,0.7011235955056181
345,User_DiT_3,3.12,4.0,679,0.624,0.8,0.49920000000000003,0.7011235955056181
346,User_DiT_1,1.88,4.0,679,0.376,0.8,0.3008,0.5115646258503401
346,User_DiT_2,2.5,4.0,679,0.5,0.8,0.4,0.6153846153846154
346,User_DiT_3,2.5,4.0,679,0.5,0.8,0.4,0.6153846153846154
347,User_DiT_1,1.88,3.0,679,0.376,0.6,0.2256,0.46229508196721314
347,User_DiT_2,1.88,3.0,679,0.376,0.6,0.2256,0.46229508196721314
347,User_DiT_3,1.88,3.0,679,0.376,0.6,0.2256,0.46229508196721314
348,User_DiT_1,3.57,2.0,679,0.714,0.4,0.2856,0.5127468581687613
348,User_DiT_2,4.17,2.0,679,0.834,0.4,0.3336,0.5406807131280389
348,User_DiT_3,2.86,3.0,679,0.572,0.6,0.34319999999999995,0.5856655290102388
349,User_DiT_1,1.88,1.0,679,0.376,0.2,0.0752,0.26111111111111107
349,User_DiT_2,1.88,1.0,679,0.376,0.2,0.0752,0.26111111111111107
349,User_DiT_3,3.75,2.0,679,0.75,0.4,0.30000000000000004,0.5217391304347827
350,User_DiT_1,5.0,4.0,687,1.0,0.8,0.8,0.888888888888889
350,User_DiT_2,5.0,4.0,687,1.0,0.8,0.8,0.888888888888889
350,User_DiT_3,5.0,3.0,687,1.0,0.6,0.6,0.7499999999999999
351,User_DiT_1,5.0,5.0,687,1.0,1.0,1.0,1.0
351,User_DiT_2,5.0,3.0,687,1.0,0.6,0.6,0.7499999999999999
351,User_DiT_3,5.0,3.0,687,1.0,0.6,0.6,0.7499999999999999
352,User_DiT_1,5.0,5.0,687,1.0,1.0,1.0,1.0
352,User_DiT_2,5.0,4.0,687,1.0,0.8,0.8,0.888888888888889
352,User_DiT_3,5.0,5.0,687,1.0,1.0,1.0,1.0
353,User_DiT_1,5.0,5.0,687,1.0,1.0,1.0,1.0
353,User_DiT_2,5.0,5.0,687,1.0,1.0,1.0,1.0
353,User_DiT_3,5.0,5.0,687,1.0,1.0,1.0,1.0
354,User_DiT_1,5.0,4.0,687,1.0,0.8,0.8,0.888888888888889
354,User_DiT_2,5.0,4.0,687,1.0,0.8,0.8,0.888888888888889
354,User_DiT_3,5.0,4.0,687,1.0,0.8,0.8,0.888888888888889
355,User_DiT_1,4.38,2.0,730,0.876,0.4,0.35040000000000004,0.5492163009404389
355,User_DiT_2,3.89,2.0,730,0.778,0.4,0.31120000000000003,0.5283531409168082
355,User_DiT_3,3.89,1.0,730,0.778,0.2,0.15560000000000002,0.31820040899795504
356,User_DiT_1,3.89,4.0,730,0.778,0.8,0.6224000000000001,0.7888466413181242
356,User_DiT_2,3.89,4.0,730,0.778,0.8,0.6224000000000001,0.7888466413181242
356,User_DiT_3,3.89,4.0,730,0.778,0.8,0.6224000000000001,0.7888466413181242
357,User_DiT_1,4.44,4.0,730,0.8880000000000001,0.8,0.7104000000000001,0.8417061611374408
357,User_DiT_2,5.0,4.0,730,1.0,0.8,0.8,0.888888888888889
357,User_DiT_3,4.44,3.0,730,0.8880000000000001,0.6,0.5328,0.7161290322580646
358,User_DiT_1,3.33,1.0,730,0.666,0.2,0.1332,0.30762124711316396
358,User_DiT_2,4.38,2.0,730,0.876,0.4,0.35040000000000004,0.5492163009404389
358,User_DiT_3,2.78,1.0,730,0.5559999999999999,0.2,0.1112,0.29417989417989415
359,User_DiT_1,5.0,4.0,730,1.0,0.8,0.8,0.888888888888889
359,User_DiT_2,5.0,3.0,730,1.0,0.6,0.6,0.7499999999999999
359,User_DiT_3,5.0,4.0,730,1.0,0.8,0.8,0.888888888888889
360,User_DiT_1,0.0,1.0,743,0.0,0.2,0.0,0.0
360,User_DiT_2,0.0,3.0,743,0.0,0.6,0.0,0.0
360,User_DiT_3,0.0,3.0,743,0.0,0.6,0.0,0.0
361,User_DiT_1,0.0,4.0,743,0.0,0.8,0.0,0.0
361,User_DiT_2,3.75,3.0,743,0.75,0.6,0.44999999999999996,0.6666666666666665
361,User_DiT_3,0.0,4.0,743,0.0,0.8,0.0,0.0
362,User_DiT_1,5.0,5.0,743,1.0,1.0,1.0,1.0
362,User_DiT_2,5.0,5.0,743,1.0,1.0,1.0,1.0
362,User_DiT_3,5.0,5.0,743,1.0,1.0,1.0,1.0
363,User_DiT_1,3.33,2.0,743,0.666,0.4,0.2664,0.499812382739212
363,User_DiT_2,3.33,3.0,743,0.666,0.6,0.3996,0.6312796208530805
363,User_DiT_3,3.33,2.0,743,0.666,0.4,0.2664,0.499812382739212
364,User_DiT_1,5.0,4.0,743,1.0,0.8,0.8,0.888888888888889
364,User_DiT_2,5.0,5.0,743,1.0,1.0,1.0,1.0
364,User_DiT_3,5.0,4.0,743,1.0,0.8,0.8,0.888888888888889
365,User_DiT_1,3.57,2.0,746,0.714,0.4,0.2856,0.5127468581687613
365,User_DiT_2,3.57,2.0,746,0.714,0.4,0.2856,0.5127468581687613
365,User_DiT_3,3.57,4.0,746,0.714,0.8,0.5712,0.7545574636723911
365,Sys_DiT_ref_cls100_2,1.25,1.1,73,0.25,0.22000000000000003,0.05500000000000001,0.23404255319148937
366,User_DiT_1,1.25,1.0,746,0.25,0.2,0.05,0.22222222222222224
366,User_DiT_2,1.25,3.0,746,0.25,0.6,0.15,0.35294117647058826
366,User_DiT_3,1.25,2.0,746,0.25,0.4,0.1,0.3076923076923077
366,Sys_DiT_ref_cls100_2,3.65,3.82,73,0.73,0.764,0.55772,0.7466131191432396
367,User_DiT_1,3.57,4.0,746,0.714,0.8,0.5712,0.7545574636723911
367,User_DiT_2,3.57,3.0,746,0.714,0.6,0.42839999999999995,0.6520547945205478
367,User_DiT_3,3.57,4.0,746,0.714,0.8,0.5712,0.7545574636723911
367,Sys_DiT_ref_cls100_2,3.82,3.15,73,0.764,0.63,0.48132,0.6905595408895265
368,User_DiT_1,0.62,2.0,746,0.124,0.4,0.049600000000000005,0.18931297709923664
368,User_DiT_2,0.62,2.0,746,0.124,0.4,0.049600000000000005,0.18931297709923664
368,User_DiT_3,5.0,2.0,746,1.0,0.4,0.4,0.5714285714285715
368,Sys_DiT_ref_cls100_2,4.12,2.85,73,0.8240000000000001,0.5700000000000001,0.4696800000000001,0.6738593974175037
369,User_DiT_1,4.17,1.0,746,0.834,0.2,0.1668,0.3226305609284333
369,User_DiT_2,4.29,1.0,746,0.858,0.2,0.1716,0.3243856332703213
369,User_DiT_3,4.17,3.0,746,0.834,0.6,0.5004,0.697907949790795
369,Sys_DiT_ref_cls100_2,2.85,3.42,73,0.5700000000000001,0.6839999999999999,0.38988,0.6218181818181818
370,User_DiT_1,1.5,4.0,755,0.3,0.8,0.24,0.4363636363636363
370,User_DiT_2,5.0,2.0,755,1.0,0.4,0.4,0.5714285714285715
370,User_DiT_3,5.0,2.0,755,1.0,0.4,0.4,0.5714285714285715
371,User_DiT_1,5.0,3.0,755,1.0,0.6,0.6,0.7499999999999999
371,User_DiT_2,4.5,4.0,755,0.9,0.8,0.7200000000000001,0.8470588235294118
371,User_DiT_3,5.0,3.0,755,1.0,0.6,0.6,0.7499999999999999
372,User_DiT_1,5.0,5.0,755,1.0,1.0,1.0,1.0
372,User_DiT_2,5.0,5.0,755,1.0,1.0,1.0,1.0
372,User_DiT_3,5.0,3.0,755,1.0,0.6,0.6,0.7499999999999999
373,User_DiT_1,0.56,1.0,755,0.11200000000000002,0.2,0.022400000000000003,0.14358974358974358
373,User_DiT_2,5.0,1.0,755,1.0,0.2,0.2,0.33333333333333337
373,User_DiT_3,0.56,1.0,755,0.11200000000000002,0.2,0.022400000000000003,0.14358974358974358
374,User_DiT_1,5.0,5.0,755,1.0,1.0,1.0,1.0
374,User_DiT_2,5.0,5.0,755,1.0,1.0,1.0,1.0
374,User_DiT_3,5.0,5.0,755,1.0,1.0,1.0,1.0
375,User_DiT_1,5.0,2.0,756,1.0,0.4,0.4,0.5714285714285715
375,User_DiT_2,5.0,4.0,756,1.0,0.8,0.8,0.888888888888889
375,User_DiT_3,5.0,4.0,756,1.0,0.8,0.8,0.888888888888889
376,User_DiT_1,3.89,3.0,756,0.778,0.6,0.4668,0.6775036284470246
376,User_DiT_2,3.89,3.0,756,0.778,0.6,0.4668,0.6775036284470246
376,User_DiT_3,5.0,3.0,756,1.0,0.6,0.6,0.7499999999999999
377,User_DiT_1,4.0,4.0,756,0.8,0.8,0.6400000000000001,0.8000000000000002
377,User_DiT_2,4.0,4.0,756,0.8,0.8,0.6400000000000001,0.8000000000000002
377,User_DiT_3,4.0,4.0,756,0.8,0.8,0.6400000000000001,0.8000000000000002
378,User_DiT_1,4.29,3.0,756,0.858,0.6,0.5147999999999999,0.7061728395061727
378,User_DiT_2,4.29,3.0,756,0.858,0.6,0.5147999999999999,0.7061728395061727
378,User_DiT_3,4.29,2.0,756,0.858,0.4,0.3432,0.5456279809220985
379,User_DiT_1,4.17,2.0,756,0.834,0.4,0.3336,0.5406807131280389
379,User_DiT_2,4.17,2.0,756,0.834,0.4,0.3336,0.5406807131280389
379,User_DiT_3,4.17,2.0,756,0.834,0.4,0.3336,0.5406807131280389
380,User_DiT_1,5.0,5.0,806,1.0,1.0,1.0,1.0
380,User_DiT_2,0.0,3.0,806,0.0,0.6,0.0,0.0
380,User_DiT_3,5.0,5.0,806,1.0,1.0,1.0,1.0
381,User_DiT_1,5.0,4.0,806,1.0,0.8,0.8,0.888888888888889
381,User_DiT_2,5.0,5.0,806,1.0,1.0,1.0,1.0
381,User_DiT_3,5.0,5.0,806,1.0,1.0,1.0,1.0
382,User_DiT_1,5.0,5.0,806,1.0,1.0,1.0,1.0
382,User_DiT_2,5.0,5.0,806,1.0,1.0,1.0,1.0
382,User_DiT_3,4.44,5.0,806,0.8880000000000001,1.0,0.8880000000000001,0.940677966101695
383,User_DiT_1,5.0,4.0,806,1.0,0.8,0.8,0.888888888888889
383,User_DiT_2,5.0,4.0,806,1.0,0.8,0.8,0.888888888888889
383,User_DiT_3,5.0,4.0,806,1.0,0.8,0.8,0.888888888888889
384,User_DiT_1,5.0,5.0,806,1.0,1.0,1.0,1.0
384,User_DiT_2,5.0,5.0,806,1.0,1.0,1.0,1.0
384,User_DiT_3,5.0,4.0,806,1.0,0.8,0.8,0.888888888888889
385,User_DiT_1,3.12,3.0,810,0.624,0.6,0.3744,0.611764705882353
385,User_DiT_2,2.5,3.0,810,0.5,0.6,0.3,0.5454545454545454
385,User_DiT_3,2.5,3.0,810,0.5,0.6,0.3,0.5454545454545454
386,User_DiT_1,3.75,4.0,810,0.75,0.8,0.6000000000000001,0.7741935483870969
386,User_DiT_2,3.75,4.0,810,0.75,0.8,0.6000000000000001,0.7741935483870969
386,User_DiT_3,3.75,4.0,810,0.75,0.8,0.6000000000000001,0.7741935483870969
387,User_DiT_1,4.38,3.0,810,0.876,0.6,0.5256,0.7121951219512195
387,User_DiT_2,3.75,3.0,810,0.75,0.6,0.44999999999999996,0.6666666666666665
387,User_DiT_3,4.38,4.0,810,0.876,0.8,0.7008000000000001,0.8362768496420048
388,User_DiT_1,3.75,4.0,810,0.75,0.8,0.6000000000000001,0.7741935483870969
388,User_DiT_2,3.75,2.0,810,0.75,0.4,0.30000000000000004,0.5217391304347827
388,User_DiT_3,3.75,3.0,810,0.75,0.6,0.44999999999999996,0.6666666666666665
389,User_DiT_1,3.12,2.0,810,0.624,0.4,0.24960000000000002,0.48750000000000004
389,User_DiT_2,3.12,3.0,810,0.624,0.6,0.3744,0.611764705882353
389,User_DiT_3,3.12,3.0,810,0.624,0.6,0.3744,0.611764705882353
390,User_DiT_1,4.0,2.0,819,0.8,0.4,0.32000000000000006,0.5333333333333333
390,User_DiT_2,4.0,2.0,819,0.8,0.4,0.32000000000000006,0.5333333333333333
390,User_DiT_3,4.0,2.0,819,0.8,0.4,0.32000000000000006,0.5333333333333333
390,Sys_DiT_ref_cls100_2,2.85,1.65,78,0.5700000000000001,0.32999999999999996,0.1881,0.418
391,User_DiT_1,4.17,3.0,819,0.834,0.6,0.5004,0.697907949790795
391,User_DiT_2,5.0,3.0,819,1.0,0.6,0.6,0.7499999999999999
391,User_DiT_3,4.17,4.0,819,0.834,0.8,0.6672,0.8166462668298654
391,Sys_DiT_ref_cls100_2,3.85,2.4,78,0.77,0.48,0.3696,0.59136
392,User_DiT_1,5.0,2.0,819,1.0,0.4,0.4,0.5714285714285715
392,User_DiT_2,5.0,2.0,819,1.0,0.4,0.4,0.5714285714285715
392,User_DiT_3,5.0,3.0,819,1.0,0.6,0.6,0.7499999999999999
392,Sys_DiT_ref_cls100_2,4.12,3.85,78,0.8240000000000001,0.77,0.63448,0.7960853199498118
393,User_DiT_1,1.25,2.0,819,0.25,0.4,0.1,0.3076923076923077
393,User_DiT_2,1.25,2.0,819,0.25,0.4,0.1,0.3076923076923077
393,User_DiT_3,1.25,2.0,819,0.25,0.4,0.1,0.3076923076923077
393,Sys_DiT_ref_cls100_2,3.65,2.15,78,0.73,0.43,0.3139,0.5412068965517242
394,User_DiT_1,5.0,4.0,819,1.0,0.8,0.8,0.888888888888889
394,User_DiT_2,5.0,2.0,819,1.0,0.4,0.4,0.5714285714285715
394,User_DiT_3,5.0,2.0,819,1.0,0.4,0.4,0.5714285714285715
394,Sys_DiT_ref_cls100_2,4.65,2.0,78,0.93,0.4,0.37200000000000005,0.5593984962406016
395,User_DiT_1,0.71,1.0,836,0.142,0.2,0.028399999999999998,0.16608187134502925
395,User_DiT_2,0.83,2.0,836,0.16599999999999998,0.4,0.0664,0.23462897526501764
395,User_DiT_3,0.71,1.0,836,0.142,0.2,0.028399999999999998,0.16608187134502925
396,User_DiT_1,1.43,4.0,836,0.286,0.8,0.2288,0.42136279926335174
396,User_DiT_2,1.43,1.0,836,0.286,0.2,0.0572,0.23539094650205764
396,User_DiT_3,0.0,4.0,836,0.0,0.8,0.0,0.0
397,User_DiT_1,0.0,1.0,836,0.0,0.2,0.0,0.0
397,User_DiT_2,0.0,1.0,836,0.0,0.2,0.0,0.0
397,User_DiT_3,0.0,1.0,836,0.0,0.2,0.0,0.0
398,User_DiT_1,0.0,4.0,836,0.0,0.8,0.0,0.0
398,User_DiT_2,0.0,3.0,836,0.0,0.6,0.0,0.0
398,User_DiT_3,0.0,4.0,836,0.0,0.8,0.0,0.0
399,User_DiT_1,0.83,1.0,836,0.16599999999999998,0.2,0.0332,0.1814207650273224
399,User_DiT_2,0.83,1.0,836,0.16599999999999998,0.2,0.0332,0.1814207650273224
399,User_DiT_3,0.83,0.0,836,0.16599999999999998,0.0,0.0,0.0
400,User_DiT_1,5.0,4.0,903,1.0,0.8,0.8,0.888888888888889
400,User_DiT_2,5.0,4.0,903,1.0,0.8,0.8,0.888888888888889
400,User_DiT_3,5.0,4.0,903,1.0,0.8,0.8,0.888888888888889
401,User_DiT_1,3.57,3.0,903,0.714,0.6,0.42839999999999995,0.6520547945205478
401,User_DiT_2,1.43,2.0,903,0.286,0.4,0.1144,0.3335276967930029
401,User_DiT_3,3.57,2.0,903,0.714,0.4,0.2856,0.5127468581687613
402,User_DiT_1,2.86,4.0,903,0.572,0.8,0.4576,0.6670553935860059
402,User_DiT_2,2.86,4.0,903,0.572,0.8,0.4576,0.6670553935860059
402,User_DiT_3,0.71,4.0,903,0.142,0.8,0.11359999999999999,0.24118895966029721
403,User_DiT_1,5.0,4.0,903,1.0,0.8,0.8,0.888888888888889
403,User_DiT_2,5.0,4.0,903,1.0,0.8,0.8,0.888888888888889
403,User_DiT_3,5.0,4.0,903,1.0,0.8,0.8,0.888888888888889
404,User_DiT_1,0.0,4.0,903,0.0,0.8,0.0,0.0
404,User_DiT_2,3.57,4.0,903,0.714,0.8,0.5712,0.7545574636723911
404,User_DiT_3,0.0,3.0,903,0.0,0.6,0.0,0.0
405,User_DiT_1,4.29,3.0,917,0.858,0.6,0.5147999999999999,0.7061728395061727
405,User_DiT_2,4.29,3.0,917,0.858,0.6,0.5147999999999999,0.7061728395061727
405,User_DiT_3,4.29,3.0,917,0.858,0.6,0.5147999999999999,0.7061728395061727
406,User_DiT_1,0.0,2.0,917,0.0,0.4,0.0,0.0
406,User_DiT_2,3.0,2.0,917,0.6,0.4,0.24,0.48
406,User_DiT_3,5.0,2.0,917,1.0,0.4,0.4,0.5714285714285715
407,User_DiT_1,4.29,2.0,917,0.858,0.4,0.3432,0.5456279809220985
407,User_DiT_2,4.29,2.0,917,0.858,0.4,0.3432,0.5456279809220985
407,User_DiT_3,4.29,2.0,917,0.858,0.4,0.3432,0.5456279809220985
408,User_DiT_1,3.57,2.0,917,0.714,0.4,0.2856,0.5127468581687613
408,User_DiT_2,3.57,2.0,917,0.714,0.4,0.2856,0.5127468581687613
408,User_DiT_3,2.86,2.0,917,0.572,0.4,0.2288,0.47078189300411527
409,User_DiT_1,4.17,1.0,917,0.834,0.2,0.1668,0.3226305609284333
409,User_DiT_2,4.17,1.0,917,0.834,0.2,0.1668,0.3226305609284333
409,User_DiT_3,3.33,3.0,917,0.666,0.6,0.3996,0.6312796208530805
410,User_DiT_1,1.25,1.0,919,0.25,0.2,0.05,0.22222222222222224
410,User_DiT_2,1.25,1.0,919,0.25,0.2,0.05,0.22222222222222224
410,User_DiT_3,1.25,1.0,919,0.25,0.2,0.05,0.22222222222222224
411,User_DiT_1,3.12,1.0,919,0.624,0.2,0.12480000000000001,0.3029126213592233
411,User_DiT_2,3.12,1.0,919,0.624,0.2,0.12480000000000001,0.3029126213592233
411,User_DiT_3,3.12,1.0,919,0.624,0.2,0.12480000000000001,0.3029126213592233
412,User_DiT_1,1.88,2.0,919,0.376,0.4,0.1504,0.38762886597938145
412,User_DiT_2,1.88,1.0,919,0.376,0.2,0.0752,0.26111111111111107
412,User_DiT_3,2.5,1.0,919,0.5,0.2,0.1,0.28571428571428575
413,User_DiT_1,2.5,1.0,919,0.5,0.2,0.1,0.28571428571428575
413,User_DiT_2,2.5,2.0,919,0.5,0.4,0.2,0.4444444444444445
413,User_DiT_3,2.5,1.0,919,0.5,0.2,0.1,0.28571428571428575
414,User_DiT_1,1.67,1.0,919,0.33399999999999996,0.2,0.0668,0.250187265917603
414,User_DiT_2,1.67,2.0,919,0.33399999999999996,0.4,0.1336,0.3640326975476839
414,User_DiT_3,1.11,1.0,919,0.22200000000000003,0.2,0.04440000000000001,0.2104265402843602
415,User_DiT_1,5.0,2.0,920,1.0,0.4,0.4,0.5714285714285715
415,User_DiT_2,4.38,2.0,920,0.876,0.4,0.35040000000000004,0.5492163009404389
415,User_DiT_3,5.0,3.0,920,1.0,0.6,0.6,0.7499999999999999
416,User_DiT_1,2.78,3.0,920,0.5559999999999999,0.6,0.33359999999999995,0.5771626297577854
416,User_DiT_2,2.78,2.0,920,0.5559999999999999,0.4,0.2224,0.46527196652719666
416,User_DiT_3,2.22,2.0,920,0.44400000000000006,0.4,0.17760000000000004,0.4208530805687204
417,User_DiT_1,3.33,3.0,920,0.666,0.6,0.3996,0.6312796208530805
417,User_DiT_2,3.33,3.0,920,0.666,0.6,0.3996,0.6312796208530805
417,User_DiT_3,3.33,3.0,920,0.666,0.6,0.3996,0.6312796208530805
418,User_DiT_1,3.33,2.0,920,0.666,0.4,0.2664,0.499812382739212
418,User_DiT_2,2.22,2.0,920,0.44400000000000006,0.4,0.17760000000000004,0.4208530805687204
418,User_DiT_3,4.44,2.0,920,0.8880000000000001,0.4,0.35520000000000007,0.5515527950310559
419,User_DiT_1,5.0,4.0,920,1.0,0.8,0.8,0.888888888888889
419,User_DiT_2,2.5,4.0,920,0.5,0.8,0.4,0.6153846153846154
419,User_DiT_3,5.0,4.0,920,1.0,0.8,0.8,0.888888888888889
420,User_DiT_1,1.11,1.0,922,0.22200000000000003,0.2,0.04440000000000001,0.2104265402843602
420,User_DiT_2,0.0,1.0,922,0.0,0.2,0.0,0.0
420,User_DiT_3,0.0,1.0,922,0.0,0.2,0.0,0.0
421,User_DiT_1,2.22,1.0,922,0.44400000000000006,0.2,0.08880000000000002,0.27577639751552796
421,User_DiT_2,0.56,1.0,922,0.11200000000000002,0.2,0.022400000000000003,0.14358974358974358
421,User_DiT_3,2.22,1.0,922,0.44400000000000006,0.2,0.08880000000000002,0.27577639751552796
422,User_DiT_1,2.22,1.0,922,0.44400000000000006,0.2,0.08880000000000002,0.27577639751552796
422,User_DiT_2,2.22,1.0,922,0.44400000000000006,0.2,0.08880000000000002,0.27577639751552796
422,User_DiT_3,2.22,1.0,922,0.44400000000000006,0.2,0.08880000000000002,0.27577639751552796
423,User_DiT_1,2.86,1.0,922,0.572,0.2,0.1144,0.29637305699481864
423,User_DiT_2,0.0,1.0,922,0.0,0.2,0.0,0.0
423,User_DiT_3,0.0,1.0,922,0.0,0.2,0.0,0.0
424,User_DiT_1,0.0,1.0,922,0.0,0.2,0.0,0.0
424,User_DiT_2,0.0,1.0,922,0.0,0.2,0.0,0.0
424,User_DiT_3,0.0,1.0,922,0.0,0.2,0.0,0.0
425,User_DiT_1,5.0,4.0,928,1.0,0.8,0.8,0.888888888888889
425,User_DiT_2,5.0,4.0,928,1.0,0.8,0.8,0.888888888888889
425,User_DiT_3,5.0,4.0,928,1.0,0.8,0.8,0.888888888888889
426,User_DiT_1,3.33,2.0,928,0.666,0.4,0.2664,0.499812382739212
426,User_DiT_2,3.33,3.0,928,0.666,0.6,0.3996,0.6312796208530805
426,User_DiT_3,3.33,2.0,928,0.666,0.4,0.2664,0.499812382739212
427,User_DiT_1,4.44,3.0,928,0.8880000000000001,0.6,0.5328,0.7161290322580646
427,User_DiT_2,4.44,3.0,928,0.8880000000000001,0.6,0.5328,0.7161290322580646
427,User_DiT_3,3.75,4.0,928,0.75,0.8,0.6000000000000001,0.7741935483870969
428,User_DiT_1,5.0,4.0,928,1.0,0.8,0.8,0.888888888888889
428,User_DiT_2,3.33,3.0,928,0.666,0.6,0.3996,0.6312796208530805
428,User_DiT_3,3.33,3.0,928,0.666,0.6,0.3996,0.6312796208530805
429,User_DiT_1,0.0,4.0,928,0.0,0.8,0.0,0.0
429,User_DiT_2,0.0,4.0,928,0.0,0.8,0.0,0.0
429,User_DiT_3,0.0,4.0,928,0.0,0.8,0.0,0.0
430,User_DiT_1,5.0,4.0,931,1.0,0.8,0.8,0.888888888888889
430,User_DiT_2,5.0,4.0,931,1.0,0.8,0.8,0.888888888888889
430,User_DiT_3,5.0,4.0,931,1.0,0.8,0.8,0.888888888888889
431,User_DiT_1,5.0,4.0,931,1.0,0.8,0.8,0.888888888888889
431,User_DiT_2,5.0,4.0,931,1.0,0.8,0.8,0.888888888888889
431,User_DiT_3,5.0,4.0,931,1.0,0.8,0.8,0.888888888888889
432,User_DiT_1,4.38,1.0,931,0.876,0.2,0.17520000000000002,0.32565055762081785
432,User_DiT_2,4.38,1.0,931,0.876,0.2,0.17520000000000002,0.32565055762081785
432,User_DiT_3,4.38,1.0,931,0.876,0.2,0.17520000000000002,0.32565055762081785
433,User_DiT_1,3.12,4.0,931,0.624,0.8,0.49920000000000003,0.7011235955056181
433,User_DiT_2,4.44,4.0,931,0.8880000000000001,0.8,0.7104000000000001,0.8417061611374408
433,User_DiT_3,4.44,4.0,931,0.8880000000000001,0.8,0.7104000000000001,0.8417061611374408
434,User_DiT_1,4.44,4.0,931,0.8880000000000001,0.8,0.7104000000000001,0.8417061611374408
434,User_DiT_2,5.0,4.0,931,1.0,0.8,0.8,0.888888888888889
434,User_DiT_3,4.44,5.0,931,0.8880000000000001,1.0,0.8880000000000001,0.940677966101695
435,User_DiT_1,4.0,3.0,943,0.8,0.6,0.48,0.6857142857142857
435,User_DiT_2,4.0,3.0,943,0.8,0.6,0.48,0.6857142857142857
435,User_DiT_3,4.0,3.0,943,0.8,0.6,0.48,0.6857142857142857
436,User_DiT_1,5.0,4.0,943,1.0,0.8,0.8,0.888888888888889
436,User_DiT_2,5.0,3.0,943,1.0,0.6,0.6,0.7499999999999999
436,User_DiT_3,5.0,4.0,943,1.0,0.8,0.8,0.888888888888889
437,User_DiT_1,5.0,5.0,943,1.0,1.0,1.0,1.0
437,User_DiT_2,5.0,4.0,943,1.0,0.8,0.8,0.888888888888889
437,User_DiT_3,5.0,4.0,943,1.0,0.8,0.8,0.888888888888889
438,User_DiT_1,2.5,3.0,943,0.5,0.6,0.3,0.5454545454545454
438,User_DiT_2,2.5,3.0,943,0.5,0.6,0.3,0.5454545454545454
438,User_DiT_3,2.5,3.0,943,0.5,0.6,0.3,0.5454545454545454
439,User_DiT_1,5.0,4.0,943,1.0,0.8,0.8,0.888888888888889
439,User_DiT_2,5.0,4.0,943,1.0,0.8,0.8,0.888888888888889
439,User_DiT_3,5.0,3.0,943,1.0,0.6,0.6,0.7499999999999999
440,User_DiT_1,4.17,5.0,952,0.834,1.0,0.834,0.9094874591057797
440,User_DiT_2,4.0,5.0,952,0.8,1.0,0.8,0.888888888888889
440,User_DiT_3,4.17,5.0,952,0.834,1.0,0.834,0.9094874591057797
441,User_DiT_1,5.0,5.0,952,1.0,1.0,1.0,1.0
441,User_DiT_2,5.0,5.0,952,1.0,1.0,1.0,1.0
441,User_DiT_3,5.0,4.0,952,1.0,0.8,0.8,0.888888888888889
442,User_DiT_1,5.0,5.0,952,1.0,1.0,1.0,1.0
442,User_DiT_2,5.0,4.0,952,1.0,0.8,0.8,0.888888888888889
442,User_DiT_3,5.0,4.0,952,1.0,0.8,0.8,0.888888888888889
443,User_DiT_1,5.0,5.0,952,1.0,1.0,1.0,1.0
443,User_DiT_2,5.0,5.0,952,1.0,1.0,1.0,1.0
443,User_DiT_3,5.0,5.0,952,1.0,1.0,1.0,1.0
444,User_DiT_1,5.0,3.0,952,1.0,0.6,0.6,0.7499999999999999
444,User_DiT_2,5.0,4.0,952,1.0,0.8,0.8,0.888888888888889
444,User_DiT_3,5.0,4.0,952,1.0,0.8,0.8,0.888888888888889
445,User_DiT_1,5.0,4.0,960,1.0,0.8,0.8,0.888888888888889
445,User_DiT_2,5.0,4.0,960,1.0,0.8,0.8,0.888888888888889
445,User_DiT_3,5.0,4.0,960,1.0,0.8,0.8,0.888888888888889
446,User_DiT_1,5.0,4.0,960,1.0,0.8,0.8,0.888888888888889
446,User_DiT_2,5.0,4.0,960,1.0,0.8,0.8,0.888888888888889
446,User_DiT_3,5.0,4.0,960,1.0,0.8,0.8,0.888888888888889
447,User_DiT_1,3.57,2.0,960,0.714,0.4,0.2856,0.5127468581687613
447,User_DiT_2,3.57,2.0,960,0.714,0.4,0.2856,0.5127468581687613
447,User_DiT_3,5.0,2.0,960,1.0,0.4,0.4,0.5714285714285715
448,User_DiT_1,5.0,3.0,960,1.0,0.6,0.6,0.7499999999999999
448,User_DiT_2,5.0,3.0,960,1.0,0.6,0.6,0.7499999999999999
448,User_DiT_3,5.0,1.0,960,1.0,0.2,0.2,0.33333333333333337
449,User_DiT_1,5.0,4.0,960,1.0,0.8,0.8,0.888888888888889
449,User_DiT_2,5.0,4.0,960,1.0,0.8,0.8,0.888888888888889
449,User_DiT_3,5.0,3.0,960,1.0,0.6,0.6,0.7499999999999999
450,User_DiT_1,5.0,4.0,962,1.0,0.8,0.8,0.888888888888889
450,User_DiT_2,5.0,4.0,962,1.0,0.8,0.8,0.888888888888889
450,User_DiT_3,5.0,4.0,962,1.0,0.8,0.8,0.888888888888889
450,Sys_DiT_ref_cls100_2,4.15,2.85,90,0.8300000000000001,0.5700000000000001,0.4731000000000001,0.6758571428571429
451,User_DiT_1,5.0,4.0,962,1.0,0.8,0.8,0.888888888888889
451,User_DiT_2,5.0,4.0,962,1.0,0.8,0.8,0.888888888888889
451,User_DiT_3,5.0,4.0,962,1.0,0.8,0.8,0.888888888888889
451,Sys_DiT_ref_cls100_2,3.65,4.15,90,0.73,0.8300000000000001,0.6059,0.7767948717948717
452,User_DiT_1,5.0,4.0,962,1.0,0.8,0.8,0.888888888888889
452,User_DiT_2,5.0,4.0,962,1.0,0.8,0.8,0.888888888888889
452,User_DiT_3,5.0,4.0,962,1.0,0.8,0.8,0.888888888888889
452,Sys_DiT_ref_cls100_2,4.98,4.96,90,0.9960000000000001,0.992,0.9880320000000001,0.9939959758551309
453,User_DiT_1,5.0,4.0,962,1.0,0.8,0.8,0.888888888888889
453,User_DiT_2,5.0,4.0,962,1.0,0.8,0.8,0.888888888888889
453,User_DiT_3,5.0,4.0,962,1.0,0.8,0.8,0.888888888888889
453,Sys_DiT_ref_cls100_2,4.12,3.65,90,0.8240000000000001,0.73,0.60152,0.7741570141570142
454,User_DiT_1,4.38,2.0,962,0.876,0.4,0.35040000000000004,0.5492163009404389
454,User_DiT_2,4.38,3.0,962,0.876,0.6,0.5256,0.7121951219512195
454,User_DiT_3,4.38,2.0,962,0.876,0.4,0.35040000000000004,0.5492163009404389
454,Sys_DiT_ref_cls100_2,3.42,1.5,90,0.6839999999999999,0.3,0.20519999999999997,0.41707317073170724
455,User_DiT_1,2.86,2.0,968,0.572,0.4,0.2288,0.47078189300411527
455,User_DiT_2,2.14,4.0,968,0.42800000000000005,0.8,0.34240000000000004,0.5576547231270358
455,User_DiT_3,2.14,3.0,968,0.42800000000000005,0.6,0.25680000000000003,0.4996108949416343
456,User_DiT_1,5.0,4.0,968,1.0,0.8,0.8,0.888888888888889
456,User_DiT_2,5.0,4.0,968,1.0,0.8,0.8,0.888888888888889
456,User_DiT_3,5.0,4.0,968,1.0,0.8,0.8,0.888888888888889
457,User_DiT_1,5.0,5.0,968,1.0,1.0,1.0,1.0
457,User_DiT_2,5.0,5.0,968,1.0,1.0,1.0,1.0
457,User_DiT_3,5.0,5.0,968,1.0,1.0,1.0,1.0
458,User_DiT_1,5.0,2.0,968,1.0,0.4,0.4,0.5714285714285715
458,User_DiT_2,5.0,3.0,968,1.0,0.6,0.6,0.7499999999999999
458,User_DiT_3,4.29,4.0,968,0.858,0.8,0.6864,0.8279855247285887
459,User_DiT_1,5.0,3.0,968,1.0,0.6,0.6,0.7499999999999999
459,User_DiT_2,5.0,3.0,968,1.0,0.6,0.6,0.7499999999999999
459,User_DiT_3,5.0,3.0,968,1.0,0.6,0.6,0.7499999999999999
460,User_DiT_1,4.38,4.0,971,0.876,0.8,0.7008000000000001,0.8362768496420048
460,User_DiT_2,4.38,4.0,971,0.876,0.8,0.7008000000000001,0.8362768496420048
460,User_DiT_3,4.38,4.0,971,0.876,0.8,0.7008000000000001,0.8362768496420048
461,User_DiT_1,4.38,2.0,971,0.876,0.4,0.35040000000000004,0.5492163009404389
461,User_DiT_2,4.38,2.0,971,0.876,0.4,0.35040000000000004,0.5492163009404389
461,User_DiT_3,4.38,2.0,971,0.876,0.4,0.35040000000000004,0.5492163009404389
462,User_DiT_1,4.29,3.0,971,0.858,0.6,0.5147999999999999,0.7061728395061727
462,User_DiT_2,4.29,2.0,971,0.858,0.4,0.3432,0.5456279809220985
462,User_DiT_3,4.29,4.0,971,0.858,0.8,0.6864,0.8279855247285887
463,User_DiT_1,4.38,1.0,971,0.876,0.2,0.17520000000000002,0.32565055762081785
463,User_DiT_2,0.0,1.0,971,0.0,0.2,0.0,0.0
463,User_DiT_3,0.0,2.0,971,0.0,0.4,0.0,0.0
464,User_DiT_1,4.38,2.0,971,0.876,0.4,0.35040000000000004,0.5492163009404389
464,User_DiT_2,4.38,4.0,971,0.876,0.8,0.7008000000000001,0.8362768496420048
464,User_DiT_3,4.38,4.0,971,0.876,0.8,0.7008000000000001,0.8362768496420048
465,User_DiT_1,5.0,4.0,972,1.0,0.8,0.8,0.888888888888889
465,User_DiT_2,5.0,3.0,972,1.0,0.6,0.6,0.7499999999999999
465,User_DiT_3,5.0,3.0,972,1.0,0.6,0.6,0.7499999999999999
466,User_DiT_1,2.5,1.0,972,0.5,0.2,0.1,0.28571428571428575
466,User_DiT_2,2.22,1.0,972,0.44400000000000006,0.2,0.08880000000000002,0.27577639751552796
466,User_DiT_3,2.22,1.0,972,0.44400000000000006,0.2,0.08880000000000002,0.27577639751552796
467,User_DiT_1,5.0,5.0,972,1.0,1.0,1.0,1.0
467,User_DiT_2,5.0,5.0,972,1.0,1.0,1.0,1.0
467,User_DiT_3,5.0,4.0,972,1.0,0.8,0.8,0.888888888888889
468,User_DiT_1,1.25,4.0,972,0.25,0.8,0.2,0.38095238095238093
468,User_DiT_2,1.88,4.0,972,0.376,0.8,0.3008,0.5115646258503401
468,User_DiT_3,2.78,3.0,972,0.5559999999999999,0.6,0.33359999999999995,0.5771626297577854
469,User_DiT_1,4.29,1.0,972,0.858,0.2,0.1716,0.3243856332703213
469,User_DiT_2,3.75,1.0,972,0.75,0.2,0.15000000000000002,0.31578947368421056
469,User_DiT_3,4.29,1.0,972,0.858,0.2,0.1716,0.3243856332703213
470,User_DiT_1,1.67,2.0,981,0.33399999999999996,0.4,0.1336,0.3640326975476839
470,User_DiT_2,3.33,2.0,981,0.666,0.4,0.2664,0.499812382739212
470,User_DiT_3,3.33,2.0,981,0.666,0.4,0.2664,0.499812382739212
471,User_DiT_1,3.75,1.0,981,0.75,0.2,0.15000000000000002,0.31578947368421056
471,User_DiT_2,3.75,1.0,981,0.75,0.2,0.15000000000000002,0.31578947368421056
471,User_DiT_3,0.71,1.0,981,0.142,0.2,0.028399999999999998,0.16608187134502925
472,User_DiT_1,4.29,2.0,981,0.858,0.4,0.3432,0.5456279809220985
472,User_DiT_2,5.0,2.0,981,1.0,0.4,0.4,0.5714285714285715
472,User_DiT_3,3.57,2.0,981,0.714,0.4,0.2856,0.5127468581687613
473,User_DiT_1,4.38,2.0,981,0.876,0.4,0.35040000000000004,0.5492163009404389
473,User_DiT_2,4.38,2.0,981,0.876,0.4,0.35040000000000004,0.5492163009404389
473,User_DiT_3,5.0,2.0,981,1.0,0.4,0.4,0.5714285714285715
474,User_DiT_1,3.57,2.0,981,0.714,0.4,0.2856,0.5127468581687613
474,User_DiT_2,4.29,2.0,981,0.858,0.4,0.3432,0.5456279809220985
474,User_DiT_3,4.29,2.0,981,0.858,0.4,0.3432,0.5456279809220985
475,User_DiT_1,3.57,2.0,982,0.714,0.4,0.2856,0.5127468581687613
475,User_DiT_2,3.57,2.0,982,0.714,0.4,0.2856,0.5127468581687613
475,User_DiT_3,3.57,3.0,982,0.714,0.6,0.42839999999999995,0.6520547945205478
476,User_DiT_1,0.0,2.0,982,0.0,0.4,0.0,0.0
476,User_DiT_2,2.5,2.0,982,0.5,0.4,0.2,0.4444444444444445
476,User_DiT_3,0.0,2.0,982,0.0,0.4,0.0,0.0
477,User_DiT_1,2.86,1.0,982,0.572,0.2,0.1144,0.29637305699481864
477,User_DiT_2,2.86,1.0,982,0.572,0.2,0.1144,0.29637305699481864
477,User_DiT_3,2.86,1.0,982,0.572,0.2,0.1144,0.29637305699481864
478,User_DiT_1,2.0,1.0,982,0.4,0.2,0.08000000000000002,0.26666666666666666
478,User_DiT_2,0.0,1.0,982,0.0,0.2,0.0,0.0
478,User_DiT_3,2.0,1.0,982,0.4,0.2,0.08000000000000002,0.26666666666666666
479,User_DiT_1,2.86,2.0,982,0.572,0.4,0.2288,0.47078189300411527
479,User_DiT_2,3.57,2.0,982,0.714,0.4,0.2856,0.5127468581687613
479,User_DiT_3,2.86,2.0,982,0.572,0.4,0.2288,0.47078189300411527
480,User_DiT_1,5.0,3.0,983,1.0,0.6,0.6,0.7499999999999999
480,User_DiT_2,5.0,3.0,983,1.0,0.6,0.6,0.7499999999999999
480,User_DiT_3,5.0,3.0,983,1.0,0.6,0.6,0.7499999999999999
480,Sys_DiT_ref_cls100_2,3.85,1.5,96,0.77,0.3,0.23099999999999998,0.4317757009345794
481,User_DiT_1,5.0,3.0,983,1.0,0.6,0.6,0.7499999999999999
481,User_DiT_2,5.0,3.0,983,1.0,0.6,0.6,0.7499999999999999
481,User_DiT_3,5.0,3.0,983,1.0,0.6,0.6,0.7499999999999999
481,Sys_DiT_ref_cls100_2,4.12,1.5,96,0.8240000000000001,0.3,0.2472,0.43985765124555154
482,User_DiT_1,5.0,3.0,983,1.0,0.6,0.6,0.7499999999999999
482,User_DiT_2,5.0,3.0,983,1.0,0.6,0.6,0.7499999999999999
482,User_DiT_3,5.0,4.0,983,1.0,0.8,0.8,0.888888888888889
482,Sys_DiT_ref_cls100_2,3.45,1.5,96,0.6900000000000001,0.3,0.20700000000000002,0.4181818181818182
483,User_DiT_1,5.0,3.0,983,1.0,0.6,0.6,0.7499999999999999
483,User_DiT_2,5.0,4.0,983,1.0,0.8,0.8,0.888888888888889
483,User_DiT_3,5.0,2.0,983,1.0,0.4,0.4,0.5714285714285715
483,Sys_DiT_ref_cls100_2,4.85,4.2,96,0.97,0.8400000000000001,0.8148000000000001,0.9003314917127072
484,User_DiT_1,4.44,4.0,983,0.8880000000000001,0.8,0.7104000000000001,0.8417061611374408
484,User_DiT_2,4.44,3.0,983,0.8880000000000001,0.6,0.5328,0.7161290322580646
484,User_DiT_3,4.44,2.0,983,0.8880000000000001,0.4,0.35520000000000007,0.5515527950310559
484,Sys_DiT_ref_cls100_2,3.85,1.5,96,0.77,0.3,0.23099999999999998,0.4317757009345794
485,User_DiT_1,3.0,4.0,985,0.6,0.8,0.48,0.6857142857142857
485,User_DiT_2,3.0,4.0,985,0.6,0.8,0.48,0.6857142857142857
485,User_DiT_3,3.0,4.0,985,0.6,0.8,0.48,0.6857142857142857
486,User_DiT_1,0.0,3.0,985,0.0,0.6,0.0,0.0
486,User_DiT_2,0.0,3.0,985,0.0,0.6,0.0,0.0
486,User_DiT_3,0.0,3.0,985,0.0,0.6,0.0,0.0
487,User_DiT_1,5.0,4.0,985,1.0,0.8,0.8,0.888888888888889
487,User_DiT_2,5.0,4.0,985,1.0,0.8,0.8,0.888888888888889
487,User_DiT_3,5.0,4.0,985,1.0,0.8,0.8,0.888888888888889
488,User_DiT_1,5.0,4.0,985,1.0,0.8,0.8,0.888888888888889
488,User_DiT_2,5.0,4.0,985,1.0,0.8,0.8,0.888888888888889
488,User_DiT_3,5.0,5.0,985,1.0,1.0,1.0,1.0
489,User_DiT_1,5.0,4.0,985,1.0,0.8,0.8,0.888888888888889
489,User_DiT_2,5.0,4.0,985,1.0,0.8,0.8,0.888888888888889
489,User_DiT_3,5.0,4.0,985,1.0,0.8,0.8,0.888888888888889
490,User_DiT_1,5.0,4.0,991,1.0,0.8,0.8,0.888888888888889
490,User_DiT_2,5.0,5.0,991,1.0,1.0,1.0,1.0
490,User_DiT_3,5.0,5.0,991,1.0,1.0,1.0,1.0
491,User_DiT_1,4.44,4.0,991,0.8880000000000001,0.8,0.7104000000000001,0.8417061611374408
491,User_DiT_2,4.44,4.0,991,0.8880000000000001,0.8,0.7104000000000001,0.8417061611374408
491,User_DiT_3,3.89,4.0,991,0.778,0.8,0.6224000000000001,0.7888466413181242
492,User_DiT_1,5.0,4.0,991,1.0,0.8,0.8,0.888888888888889
492,User_DiT_2,5.0,5.0,991,1.0,1.0,1.0,1.0
492,User_DiT_3,5.0,5.0,991,1.0,1.0,1.0,1.0
493,User_DiT_1,5.0,5.0,991,1.0,1.0,1.0,1.0
493,User_DiT_2,5.0,3.0,991,1.0,0.6,0.6,0.7499999999999999
493,User_DiT_3,5.0,4.0,991,1.0,0.8,0.8,0.888888888888889
494,User_DiT_1,5.0,5.0,991,1.0,1.0,1.0,1.0
494,User_DiT_2,4.0,5.0,991,0.8,1.0,0.8,0.888888888888889
494,User_DiT_3,5.0,4.0,991,1.0,0.8,0.8,0.888888888888889
495,User_DiT_1,5.0,3.0,999,1.0,0.6,0.6,0.7499999999999999
495,User_DiT_2,5.0,3.0,999,1.0,0.6,0.6,0.7499999999999999
495,User_DiT_3,5.0,3.0,999,1.0,0.6,0.6,0.7499999999999999
496,User_DiT_1,0.56,2.0,999,0.11200000000000002,0.4,0.044800000000000006,0.17500000000000002
496,User_DiT_2,0.56,2.0,999,0.11200000000000002,0.4,0.044800000000000006,0.17500000000000002
496,User_DiT_3,5.0,2.0,999,1.0,0.4,0.4,0.5714285714285715
497,User_DiT_1,5.0,2.0,999,1.0,0.4,0.4,0.5714285714285715
497,User_DiT_2,5.0,2.0,999,1.0,0.4,0.4,0.5714285714285715
497,User_DiT_3,5.0,4.0,999,1.0,0.8,0.8,0.888888888888889
498,User_DiT_1,5.0,3.0,999,1.0,0.6,0.6,0.7499999999999999
498,User_DiT_2,5.0,3.0,999,1.0,0.6,0.6,0.7499999999999999
498,User_DiT_3,5.0,3.0,999,1.0,0.6,0.6,0.7499999999999999
499,User_DiT_1,5.0,3.0,999,1.0,0.6,0.6,0.7499999999999999
499,User_DiT_2,5.0,3.0,999,1.0,0.6,0.6,0.7499999999999999
499,User_DiT_3,5.0,3.0,999,1.0,0.6,0.6,0.7499999999999999
580,Sys_DiT_ref_cls100_2,2.85,2.1,116,0.5700000000000001,0.42000000000000004,0.23940000000000006,0.4836363636363637
581,Sys_DiT_ref_cls100_2,3.65,3.42,116,0.73,0.6839999999999999,0.49931999999999993,0.7062517680339462
582,Sys_DiT_ref_cls100_2,4.92,4.98,116,0.984,0.9960000000000001,0.980064,0.9899636363636364
583,Sys_DiT_ref_cls100_2,5.0,5.0,116,1.0,1.0,1.0,1.0
584,Sys_DiT_ref_cls100_2,4.82,3.65,116,0.9640000000000001,0.73,0.70372,0.8308382526564345
630,Sys_DiT_ref_cls100_2,4.65,3.85,126,0.93,0.77,0.7161000000000001,0.8424705882352941
631,Sys_DiT_ref_cls100_2,4.98,4.95,126,0.9960000000000001,0.99,0.9860400000000001,0.9929909365558913
632,Sys_DiT_ref_cls100_2,3.85,3.6,126,0.77,0.72,0.5544,0.7441610738255033
633,Sys_DiT_ref_cls100_2,4.62,4.15,126,0.924,0.8300000000000001,0.7669200000000002,0.8744811858608895
634,Sys_DiT_ref_cls100_2,4.82,4.65,126,0.9640000000000001,0.93,0.8965200000000001,0.9466948257655755
705,Sys_DiT_ref_cls100_2,4.65,2.0,141,0.93,0.4,0.37200000000000005,0.5593984962406016
706,Sys_DiT_ref_cls100_2,4.85,4.2,141,0.97,0.8400000000000001,0.8148000000000001,0.9003314917127072
707,Sys_DiT_ref_cls100_2,4.65,3.82,141,0.93,0.764,0.71052,0.8388665879574971
708,Sys_DiT_ref_cls100_2,4.92,4.88,141,0.984,0.976,0.960384,0.9799836734693878
709,Sys_DiT_ref_cls100_2,4.85,3.62,141,0.97,0.724,0.7022799999999999,0.8291381345926799
710,Sys_DiT_ref_cls100_2,4.12,2.0,142,0.8240000000000001,0.4,0.32960000000000006,0.538562091503268
711,Sys_DiT_ref_cls100_2,4.62,1.5,142,0.924,0.3,0.2772,0.45294117647058824
712,Sys_DiT_ref_cls100_2,4.12,2.0,142,0.8240000000000001,0.4,0.32960000000000006,0.538562091503268
713,Sys_DiT_ref_cls100_2,4.85,1.5,142,0.97,0.3,0.291,0.458267716535433
714,Sys_DiT_ref_cls100_2,4.92,3.0,142,0.984,0.6,0.5903999999999999,0.7454545454545454
780,Sys_DiT_ref_cls100_2,4.35,3.0,156,0.8699999999999999,0.6,0.5219999999999999,0.710204081632653
781,Sys_DiT_ref_cls100_2,4.62,2.0,156,0.924,0.4,0.36960000000000004,0.5583081570996979
782,Sys_DiT_ref_cls100_2,4.82,3.65,156,0.9640000000000001,0.73,0.70372,0.8308382526564345
783,Sys_DiT_ref_cls100_2,4.82,1.5,156,0.9640000000000001,0.3,0.2892,0.45759493670886076
784,Sys_DiT_ref_cls100_2,3.42,1.5,156,0.6839999999999999,0.3,0.20519999999999997,0.41707317073170724
785,Sys_DiT_ref_cls100_2,4.12,1.5,157,0.8240000000000001,0.3,0.2472,0.43985765124555154
786,Sys_DiT_ref_cls100_2,4.68,3.0,157,0.9359999999999999,0.6,0.5616,0.73125
787,Sys_DiT_ref_cls100_2,4.68,3.0,157,0.9359999999999999,0.6,0.5616,0.73125
788,Sys_DiT_ref_cls100_2,4.85,3.0,157,0.97,0.6,0.582,0.7414012738853504
789,Sys_DiT_ref_cls100_2,4.68,3.0,157,0.9359999999999999,0.6,0.5616,0.73125
820,Sys_DiT_ref_cls100_2,3.42,1.5,164,0.6839999999999999,0.3,0.20519999999999997,0.41707317073170724
821,Sys_DiT_ref_cls100_2,3.85,1.5,164,0.77,0.3,0.23099999999999998,0.4317757009345794
822,Sys_DiT_ref_cls100_2,4.65,2.0,164,0.93,0.4,0.37200000000000005,0.5593984962406016
823,Sys_DiT_ref_cls100_2,4.12,1.5,164,0.8240000000000001,0.3,0.2472,0.43985765124555154
824,Sys_DiT_ref_cls100_2,4.85,1.5,164,0.97,0.3,0.291,0.458267716535433
845,Sys_DiT_ref_cls100_2,4.12,1.5,169,0.8240000000000001,0.3,0.2472,0.43985765124555154
846,Sys_DiT_ref_cls100_2,3.42,1.5,169,0.6839999999999999,0.3,0.20519999999999997,0.41707317073170724
847,Sys_DiT_ref_cls100_2,4.65,3.8,169,0.93,0.76,0.7068000000000001,0.8364497041420119
848,Sys_DiT_ref_cls100_2,4.85,3.65,169,0.97,0.73,0.7081,0.8330588235294117
849,Sys_DiT_ref_cls100_2,3.65,2.85,169,0.73,0.5700000000000001,0.4161,0.6401538461538462
955,Sys_DiT_ref_cls100_2,1.85,1.4,191,0.37,0.27999999999999997,0.10359999999999998,0.31876923076923075
956,Sys_DiT_ref_cls100_2,3.65,1.5,191,0.73,0.3,0.219,0.42524271844660194
957,Sys_DiT_ref_cls100_2,4.12,3.68,191,0.8240000000000001,0.736,0.606464,0.7775179487179487
958,Sys_DiT_ref_cls100_2,4.82,1.5,191,0.9640000000000001,0.3,0.2892,0.45759493670886076
959,Sys_DiT_ref_cls100_2,4.12,2.0,191,0.8240000000000001,0.4,0.32960000000000006,0.538562091503268
960,Sys_DiT_ref_cls100_2,4.35,3.82,192,0.8699999999999999,0.764,0.6646799999999999,0.8135618115055079
961,Sys_DiT_ref_cls100_2,4.15,2.85,192,0.8300000000000001,0.5700000000000001,0.4731000000000001,0.6758571428571429
962,Sys_DiT_ref_cls100_2,4.15,3.0,192,0.8300000000000001,0.6,0.498,0.6965034965034964
963,Sys_DiT_ref_cls100_2,4.35,1.5,192,0.8699999999999999,0.3,0.26099999999999995,0.4461538461538461
964,Sys_DiT_ref_cls100_2,1.85,1.5,192,0.37,0.3,0.111,0.3313432835820896
970,Sys_DiT_ref_cls100_2,2.15,1.85,194,0.43,0.37,0.1591,0.39774999999999994
971,Sys_DiT_ref_cls100_2,1.85,2.15,194,0.37,0.43,0.1591,0.39774999999999994
972,Sys_DiT_ref_cls100_2,3.65,2.85,194,0.73,0.5700000000000001,0.4161,0.6401538461538462
973,Sys_DiT_ref_cls100_2,0.85,1.5,194,0.16999999999999998,0.3,0.051,0.2170212765957447
974,Sys_DiT_ref_cls100_2,4.15,2.85,194,0.8300000000000001,0.5700000000000001,0.4731000000000001,0.6758571428571429
990,Sys_DiT_ref_cls100_2,4.35,2.85,198,0.8699999999999999,0.5700000000000001,0.4959,0.6887500000000001
991,Sys_DiT_ref_cls100_2,3.42,1.5,198,0.6839999999999999,0.3,0.20519999999999997,0.41707317073170724
992,Sys_DiT_ref_cls100_2,2.15,2.0,198,0.43,0.4,0.17200000000000001,0.41445783132530123
993,Sys_DiT_ref_cls100_2,4.85,1.5,198,0.97,0.3,0.291,0.458267716535433
994,Sys_DiT_ref_cls100_2,4.15,1.5,198,0.8300000000000001,0.3,0.249,0.44070796460176986
1070,Sys_DiT_ref_cls100_2,3.45,1.5,214,0.6900000000000001,0.3,0.20700000000000002,0.4181818181818182
1071,Sys_DiT_ref_cls100_2,4.85,3.6,214,0.97,0.72,0.6983999999999999,0.8265088757396449
1072,Sys_DiT_ref_cls100_2,3.85,1.2,214,0.77,0.24,0.1848,0.36594059405940593
1073,Sys_DiT_ref_cls100_2,2.85,1.5,214,0.5700000000000001,0.3,0.171,0.3931034482758621
1074,Sys_DiT_ref_cls100_2,4.12,1.5,214,0.8240000000000001,0.3,0.2472,0.43985765124555154
1115,Sys_DiT_ref_cls100_2,3.65,2.85,223,0.73,0.5700000000000001,0.4161,0.6401538461538462
1116,Sys_DiT_ref_cls100_2,3.65,2.85,223,0.73,0.5700000000000001,0.4161,0.6401538461538462
1117,Sys_DiT_ref_cls100_2,3.42,1.5,223,0.6839999999999999,0.3,0.20519999999999997,0.41707317073170724
1118,Sys_DiT_ref_cls100_2,4.12,1.5,223,0.8240000000000001,0.3,0.2472,0.43985765124555154
1119,Sys_DiT_ref_cls100_2,4.35,3.0,223,0.8699999999999999,0.6,0.5219999999999999,0.710204081632653
1120,Sys_DiT_ref_cls100_2,4.92,2.0,224,0.984,0.4,0.3936,0.5687861271676301
1121,Sys_DiT_ref_cls100_2,4.82,1.5,224,0.9640000000000001,0.3,0.2892,0.45759493670886076
1122,Sys_DiT_ref_cls100_2,1.85,2.0,224,0.37,0.4,0.148,0.3844155844155844
1123,Sys_DiT_ref_cls100_2,3.82,1.5,224,0.764,0.3,0.2292,0.4308270676691729
1124,Sys_DiT_ref_cls100_2,4.15,2.85,224,0.8300000000000001,0.5700000000000001,0.4731000000000001,0.6758571428571429
1195,Sys_DiT_ref_cls100_2,4.82,1.5,239,0.9640000000000001,0.3,0.2892,0.45759493670886076
1196,Sys_DiT_ref_cls100_2,3.45,1.5,239,0.6900000000000001,0.3,0.20700000000000002,0.4181818181818182
1197,Sys_DiT_ref_cls100_2,1.25,1.5,239,0.25,0.3,0.075,0.2727272727272727
1198,Sys_DiT_ref_cls100_2,4.65,1.5,239,0.93,0.3,0.279,0.4536585365853659
1199,Sys_DiT_ref_cls100_2,4.85,3.62,239,0.97,0.724,0.7022799999999999,0.8291381345926799
1205,Sys_DiT_ref_cls100_2,4.72,2.85,241,0.944,0.5700000000000001,0.53808,0.7108058124174372
1206,Sys_DiT_ref_cls100_2,4.65,2.85,241,0.93,0.5700000000000001,0.5301000000000001,0.7068000000000002
1207,Sys_DiT_ref_cls100_2,2.15,1.5,241,0.43,0.3,0.129,0.35342465753424657
1208,Sys_DiT_ref_cls100_2,3.12,1.5,241,0.624,0.3,0.1872,0.4051948051948052
1209,Sys_DiT_ref_cls100_2,4.15,2.85,241,0.8300000000000001,0.5700000000000001,0.4731000000000001,0.6758571428571429
1240,Sys_DiT_ref_cls100_2,4.68,3.15,248,0.9359999999999999,0.63,0.58968,0.7531034482758622
1241,Sys_DiT_ref_cls100_2,1.85,1.2,248,0.37,0.24,0.08879999999999999,0.2911475409836065
1242,Sys_DiT_ref_cls100_2,4.65,1.5,248,0.93,0.3,0.279,0.4536585365853659
1243,Sys_DiT_ref_cls100_2,3.82,1.45,248,0.764,0.29,0.22155999999999998,0.4204174573055028
1244,Sys_DiT_ref_cls100_2,4.12,2.85,248,0.8240000000000001,0.5700000000000001,0.4696800000000001,0.6738593974175037
1250,Sys_DiT_ref_cls100_2,4.85,1.5,250,0.97,0.3,0.291,0.458267716535433
1251,Sys_DiT_ref_cls100_2,4.82,1.5,250,0.9640000000000001,0.3,0.2892,0.45759493670886076
1252,Sys_DiT_ref_cls100_2,4.82,1.5,250,0.9640000000000001,0.3,0.2892,0.45759493670886076
1253,Sys_DiT_ref_cls100_2,4.12,2.0,250,0.8240000000000001,0.4,0.32960000000000006,0.538562091503268
1254,Sys_DiT_ref_cls100_2,4.85,3.6,250,0.97,0.72,0.6983999999999999,0.8265088757396449
1260,Sys_DiT_ref_cls100_2,1.85,1.2,252,0.37,0.24,0.08879999999999999,0.2911475409836065
1261,Sys_DiT_ref_cls100_2,4.65,1.5,252,0.93,0.3,0.279,0.4536585365853659
1262,Sys_DiT_ref_cls100_2,4.85,3.62,252,0.97,0.724,0.7022799999999999,0.8291381345926799
1263,Sys_DiT_ref_cls100_2,4.92,4.35,252,0.984,0.8699999999999999,0.8560799999999998,0.9234951456310678
1264,Sys_DiT_ref_cls100_2,2.85,1.5,252,0.5700000000000001,0.3,0.171,0.3931034482758621
1280,Sys_DiT_ref_cls100_2,4.68,2.85,256,0.9359999999999999,0.5700000000000001,0.53352,0.7085258964143426
1281,Sys_DiT_ref_cls100_2,4.82,1.5,256,0.9640000000000001,0.3,0.2892,0.45759493670886076
1282,Sys_DiT_ref_cls100_2,4.12,1.5,256,0.8240000000000001,0.3,0.2472,0.43985765124555154
1283,Sys_DiT_ref_cls100_2,4.85,1.5,256,0.97,0.3,0.291,0.458267716535433
1284,Sys_DiT_ref_cls100_2,4.92,1.5,256,0.984,0.3,0.29519999999999996,0.45981308411214944
1385,Sys_DiT_ref_cls100_2,1.85,1.2,277,0.37,0.24,0.08879999999999999,0.2911475409836065
1386,Sys_DiT_ref_cls100_2,4.85,1.5,277,0.97,0.3,0.291,0.458267716535433
1387,Sys_DiT_ref_cls100_2,4.65,1.5,277,0.93,0.3,0.279,0.4536585365853659
1388,Sys_DiT_ref_cls100_2,3.42,1.5,277,0.6839999999999999,0.3,0.20519999999999997,0.41707317073170724
1389,Sys_DiT_ref_cls100_2,4.35,3.65,277,0.8699999999999999,0.73,0.6350999999999999,0.7938749999999999
1395,Sys_DiT_ref_cls100_2,4.85,3.0,279,0.97,0.6,0.582,0.7414012738853504
1396,Sys_DiT_ref_cls100_2,4.12,1.5,279,0.8240000000000001,0.3,0.2472,0.43985765124555154
1397,Sys_DiT_ref_cls100_2,3.45,2.0,279,0.6900000000000001,0.4,0.276,0.5064220183486239
1398,Sys_DiT_ref_cls100_2,1.85,1.2,279,0.37,0.24,0.08879999999999999,0.2911475409836065
1399,Sys_DiT_ref_cls100_2,4.12,2.0,279,0.8240000000000001,0.4,0.32960000000000006,0.538562091503268
1435,Sys_DiT_ref_cls100_2,2.85,2.4,287,0.5700000000000001,0.48,0.2736,0.5211428571428571
1436,Sys_DiT_ref_cls100_2,4.92,3.85,287,0.984,0.77,0.75768,0.863945267958951
1437,Sys_DiT_ref_cls100_2,4.85,1.5,287,0.97,0.3,0.291,0.458267716535433
1438,Sys_DiT_ref_cls100_2,3.42,2.15,287,0.6839999999999999,0.43,0.29412,0.5280430879712747
1439,Sys_DiT_ref_cls100_2,4.15,2.85,287,0.8300000000000001,0.5700000000000001,0.4731000000000001,0.6758571428571429
1490,Sys_DiT_ref_cls100_2,4.68,2.85,298,0.9359999999999999,0.5700000000000001,0.53352,0.7085258964143426
1491,Sys_DiT_ref_cls100_2,4.92,4.65,298,0.984,0.93,0.91512,0.9562382445141066
1492,Sys_DiT_ref_cls100_2,2.15,2.0,298,0.43,0.4,0.17200000000000001,0.41445783132530123
1493,Sys_DiT_ref_cls100_2,0.12,0.85,298,0.024,0.16999999999999998,0.004079999999999999,0.04206185567010309
1494,Sys_DiT_ref_cls100_2,4.65,2.1,298,0.93,0.42000000000000004,0.39060000000000006,0.5786666666666667
1500,Sys_DiT_ref_cls100_2,4.92,3.85,300,0.984,0.77,0.75768,0.863945267958951
1501,Sys_DiT_ref_cls100_2,4.98,4.95,300,0.9960000000000001,0.99,0.9860400000000001,0.9929909365558913
1502,Sys_DiT_ref_cls100_2,4.92,4.85,300,0.984,0.97,0.95448,0.976949846468782
1503,Sys_DiT_ref_cls100_2,4.98,4.95,300,0.9960000000000001,0.99,0.9860400000000001,0.9929909365558913
1504,Sys_DiT_ref_cls100_2,2.85,2.1,300,0.5700000000000001,0.42000000000000004,0.23940000000000006,0.4836363636363637
1510,Sys_DiT_ref_cls100_2,4.85,3.62,302,0.97,0.724,0.7022799999999999,0.8291381345926799
1511,Sys_DiT_ref_cls100_2,5.0,4.9,302,1.0,0.9800000000000001,0.9800000000000001,0.9898989898989901
1512,Sys_DiT_ref_cls100_2,4.92,4.85,302,0.984,0.97,0.95448,0.976949846468782
1513,Sys_DiT_ref_cls100_2,4.92,3.65,302,0.984,0.73,0.71832,0.8381796966161027
1514,Sys_DiT_ref_cls100_2,4.92,4.88,302,0.984,0.976,0.960384,0.9799836734693878
1525,Sys_DiT_ref_cls100_2,4.35,2.85,305,0.8699999999999999,0.5700000000000001,0.4959,0.6887500000000001
1526,Sys_DiT_ref_cls100_2,4.12,3.85,305,0.8240000000000001,0.77,0.63448,0.7960853199498118
1527,Sys_DiT_ref_cls100_2,2.35,2.8,305,0.47000000000000003,0.5599999999999999,0.2632,0.5110679611650485
1528,Sys_DiT_ref_cls100_2,2.85,1.42,305,0.5700000000000001,0.284,0.16188,0.3791100702576112
1529,Sys_DiT_ref_cls100_2,4.85,4.92,305,0.97,0.984,0.95448,0.976949846468782
1580,Sys_DiT_ref_cls100_2,1.25,1.1,316,0.25,0.22000000000000003,0.05500000000000001,0.23404255319148937
1581,Sys_DiT_ref_cls100_2,3.85,3.62,316,0.77,0.724,0.55748,0.7462918340026774
1582,Sys_DiT_ref_cls100_2,4.92,4.98,316,0.984,0.9960000000000001,0.980064,0.9899636363636364
1583,Sys_DiT_ref_cls100_2,4.92,4.95,316,0.984,0.99,0.97416,0.9869908814589666
1584,Sys_DiT_ref_cls100_2,4.92,4.98,316,0.984,0.9960000000000001,0.980064,0.9899636363636364
1600,Sys_DiT_ref_cls100_2,4.92,4.85,320,0.984,0.97,0.95448,0.976949846468782
1601,Sys_DiT_ref_cls100_2,1.85,1.2,320,0.37,0.24,0.08879999999999999,0.2911475409836065
1602,Sys_DiT_ref_cls100_2,4.85,4.92,320,0.97,0.984,0.95448,0.976949846468782
1603,Sys_DiT_ref_cls100_2,4.85,4.72,320,0.97,0.944,0.9156799999999999,0.9568234064785789
1604,Sys_DiT_ref_cls100_2,4.92,4.85,320,0.984,0.97,0.95448,0.976949846468782
1755,Sys_DiT_ref_cls100_2,4.35,3.82,351,0.8699999999999999,0.764,0.6646799999999999,0.8135618115055079
1756,Sys_DiT_ref_cls100_2,4.65,2.0,351,0.93,0.4,0.37200000000000005,0.5593984962406016
1757,Sys_DiT_ref_cls100_2,4.92,4.85,351,0.984,0.97,0.95448,0.976949846468782
1758,Sys_DiT_ref_cls100_2,4.65,3.85,351,0.93,0.77,0.7161000000000001,0.8424705882352941
1759,Sys_DiT_ref_cls100_2,3.45,3.82,351,0.6900000000000001,0.764,0.5271600000000001,0.7251169188445667
1905,Sys_DiT_ref_cls100_2,4.82,2.0,381,0.9640000000000001,0.4,0.38560000000000005,0.5653958944281525
1906,Sys_DiT_ref_cls100_2,4.15,3.6,381,0.8300000000000001,0.72,0.5976,0.7710967741935484
1907,Sys_DiT_ref_cls100_2,4.15,2.0,381,0.8300000000000001,0.4,0.3320000000000001,0.5398373983739838
1908,Sys_DiT_ref_cls100_2,3.42,1.5,381,0.6839999999999999,0.3,0.20519999999999997,0.41707317073170724
1909,Sys_DiT_ref_cls100_2,4.65,1.5,381,0.93,0.3,0.279,0.4536585365853659
1950,Sys_DiT_ref_cls100_2,4.72,3.85,390,0.944,0.77,0.72688,0.8481680280046674
1951,Sys_DiT_ref_cls100_2,2.15,1.85,390,0.43,0.37,0.1591,0.39774999999999994
1952,Sys_DiT_ref_cls100_2,3.42,2.85,390,0.6839999999999999,0.5700000000000001,0.38988,0.6218181818181818
1953,Sys_DiT_ref_cls100_2,4.65,3.85,390,0.93,0.77,0.7161000000000001,0.8424705882352941
1954,Sys_DiT_ref_cls100_2,3.42,2.15,390,0.6839999999999999,0.43,0.29412,0.5280430879712747
2000,Sys_DiT_ref_cls100_2,4.85,2.9,400,0.97,0.58,0.5626,0.7259354838709678
2001,Sys_DiT_ref_cls100_2,4.65,3.85,400,0.93,0.77,0.7161000000000001,0.8424705882352941
2002,Sys_DiT_ref_cls100_2,0.0,0.0,400,0.0,0.0,0.0,0.0
2003,Sys_DiT_ref_cls100_2,4.92,4.15,400,0.984,0.8300000000000001,0.8167200000000001,0.9004630650496142
2004,Sys_DiT_ref_cls100_2,4.72,2.85,400,0.944,0.5700000000000001,0.53808,0.7108058124174372
2045,Sys_DiT_ref_cls100_2,0.15,0.85,409,0.03,0.16999999999999998,0.0050999999999999995,0.051
2046,Sys_DiT_ref_cls100_2,2.15,2.8,409,0.43,0.5599999999999999,0.24079999999999996,0.4864646464646464
2047,Sys_DiT_ref_cls100_2,2.15,2.85,409,0.43,0.5700000000000001,0.2451,0.4902
2048,Sys_DiT_ref_cls100_2,2.85,1.95,409,0.5700000000000001,0.39,0.22230000000000003,0.463125
2049,Sys_DiT_ref_cls100_2,1.85,1.2,409,0.37,0.24,0.08879999999999999,0.2911475409836065
2160,Sys_DiT_ref_cls100_2,4.65,1.85,432,0.93,0.37,0.3441,0.5293846153846153
2161,Sys_DiT_ref_cls100_2,3.82,2.15,432,0.764,0.43,0.32852,0.550284757118928
2162,Sys_DiT_ref_cls100_2,3.85,1.5,432,0.77,0.3,0.23099999999999998,0.4317757009345794
2163,Sys_DiT_ref_cls100_2,4.85,3.6,432,0.97,0.72,0.6983999999999999,0.8265088757396449
2164,Sys_DiT_ref_cls100_2,1.25,2.1,432,0.25,0.42000000000000004,0.10500000000000001,0.31343283582089554
2170,Sys_DiT_ref_cls100_2,4.65,3.85,434,0.93,0.77,0.7161000000000001,0.8424705882352941
2171,Sys_DiT_ref_cls100_2,0.12,0.85,434,0.024,0.16999999999999998,0.004079999999999999,0.04206185567010309
2172,Sys_DiT_ref_cls100_2,1.85,3.42,434,0.37,0.6839999999999999,0.25307999999999997,0.4802277039848198
2173,Sys_DiT_ref_cls100_2,1.25,2.8,434,0.25,0.5599999999999999,0.13999999999999999,0.345679012345679
2174,Sys_DiT_ref_cls100_2,3.85,2.6,434,0.77,0.52,0.40040000000000003,0.6207751937984497
2175,Sys_DiT_ref_cls100_2,4.85,1.2,435,0.97,0.24,0.23279999999999998,0.384793388429752
2176,Sys_DiT_ref_cls100_2,4.82,1.35,435,0.9640000000000001,0.27,0.26028,0.42184764991896273
2177,Sys_DiT_ref_cls100_2,1.85,2.4,435,0.37,0.48,0.17759999999999998,0.4178823529411764
2178,Sys_DiT_ref_cls100_2,2.85,1.42,435,0.5700000000000001,0.284,0.16188,0.3791100702576112
2179,Sys_DiT_ref_cls100_2,0.12,0.85,435,0.024,0.16999999999999998,0.004079999999999999,0.04206185567010309
2220,Sys_DiT_ref_cls100_2,4.92,2.85,444,0.984,0.5700000000000001,0.56088,0.7218532818532819
2221,Sys_DiT_ref_cls100_2,0.12,1.85,444,0.024,0.37,0.00888,0.0450761421319797
2222,Sys_DiT_ref_cls100_2,0.15,2.0,444,0.03,0.4,0.012,0.055813953488372085
2223,Sys_DiT_ref_cls100_2,1.85,1.5,444,0.37,0.3,0.111,0.3313432835820896
2224,Sys_DiT_ref_cls100_2,4.92,3.0,444,0.984,0.6,0.5903999999999999,0.7454545454545454
2240,Sys_DiT_ref_cls100_2,4.85,3.6,448,0.97,0.72,0.6983999999999999,0.8265088757396449
2241,Sys_DiT_ref_cls100_2,2.15,1.85,448,0.43,0.37,0.1591,0.39774999999999994
2242,Sys_DiT_ref_cls100_2,4.85,2.15,448,0.97,0.43,0.41709999999999997,0.5958571428571429
2243,Sys_DiT_ref_cls100_2,3.45,2.85,448,0.6900000000000001,0.5700000000000001,0.3933000000000001,0.6242857142857143
2244,Sys_DiT_ref_cls100_2,4.85,3.6,448,0.97,0.72,0.6983999999999999,0.8265088757396449
2255,Sys_DiT_ref_cls100_2,4.65,3.85,451,0.93,0.77,0.7161000000000001,0.8424705882352941
2256,Sys_DiT_ref_cls100_2,4.85,4.2,451,0.97,0.8400000000000001,0.8148000000000001,0.9003314917127072
2257,Sys_DiT_ref_cls100_2,4.65,2.85,451,0.93,0.5700000000000001,0.5301000000000001,0.7068000000000002
2258,Sys_DiT_ref_cls100_2,3.85,3.62,451,0.77,0.724,0.55748,0.7462918340026774
2259,Sys_DiT_ref_cls100_2,4.65,2.85,451,0.93,0.5700000000000001,0.5301000000000001,0.7068000000000002
2345,Sys_DiT_ref_cls100_2,4.85,3.72,469,0.97,0.744,0.72168,0.842100350058343
2346,Sys_DiT_ref_cls100_2,4.65,2.85,469,0.93,0.5700000000000001,0.5301000000000001,0.7068000000000002
2347,Sys_DiT_ref_cls100_2,4.65,3.85,469,0.93,0.77,0.7161000000000001,0.8424705882352941
2348,Sys_DiT_ref_cls100_2,0.15,1.2,469,0.03,0.24,0.0072,0.05333333333333333
2349,Sys_DiT_ref_cls100_2,1.15,2.85,469,0.22999999999999998,0.5700000000000001,0.1311,0.32775
2455,Sys_DiT_ref_cls100_2,2.15,1.85,491,0.43,0.37,0.1591,0.39774999999999994
2456,Sys_DiT_ref_cls100_2,3.85,2.4,491,0.77,0.48,0.3696,0.59136
2457,Sys_DiT_ref_cls100_2,4.65,3.85,491,0.93,0.77,0.7161000000000001,0.8424705882352941
2458,Sys_DiT_ref_cls100_2,2.15,2.8,491,0.43,0.5599999999999999,0.24079999999999996,0.4864646464646464
2459,Sys_DiT_ref_cls100_2,3.65,2.85,491,0.73,0.5700000000000001,0.4161,0.6401538461538462
2470,Sys_DiT_ref_cls100_2,0.12,1.85,494,0.024,0.37,0.00888,0.0450761421319797
2471,Sys_DiT_ref_cls100_2,4.85,3.6,494,0.97,0.72,0.6983999999999999,0.8265088757396449
2472,Sys_DiT_ref_cls100_2,0.0,0.0,494,0.0,0.0,0.0,0.0
2473,Sys_DiT_ref_cls100_2,3.85,3.6,494,0.77,0.72,0.5544,0.7441610738255033
2474,Sys_DiT_ref_cls100_2,1.85,3.6,494,0.37,0.72,0.26639999999999997,0.4888073394495413
2520,Sys_DiT_ref_cls100_2,4.65,3.85,504,0.93,0.77,0.7161000000000001,0.8424705882352941
2521,Sys_DiT_ref_cls100_2,4.65,2.85,504,0.93,0.5700000000000001,0.5301000000000001,0.7068000000000002
2522,Sys_DiT_ref_cls100_2,0.85,1.2,504,0.16999999999999998,0.24,0.040799999999999996,0.19902439024390242
2523,Sys_DiT_ref_cls100_2,4.92,4.35,504,0.984,0.8699999999999999,0.8560799999999998,0.9234951456310678
2524,Sys_DiT_ref_cls100_2,4.15,3.65,504,0.8300000000000001,0.73,0.6059,0.7767948717948717
2540,Sys_DiT_ref_cls100_2,4.85,3.6,508,0.97,0.72,0.6983999999999999,0.8265088757396449
2541,Sys_DiT_ref_cls100_2,1.85,2.1,508,0.37,0.42000000000000004,0.1554,0.39341772151898735
2542,Sys_DiT_ref_cls100_2,0.82,1.15,508,0.16399999999999998,0.22999999999999998,0.03771999999999999,0.19147208121827408
2543,Sys_DiT_ref_cls100_2,3.85,2.9,508,0.77,0.58,0.4466,0.6616296296296296
2544,Sys_DiT_ref_cls100_2,1.85,1.2,508,0.37,0.24,0.08879999999999999,0.2911475409836065
2620,Sys_DiT_ref_cls100_2,2.85,3.42,524,0.5700000000000001,0.6839999999999999,0.38988,0.6218181818181818
2621,Sys_DiT_ref_cls100_2,2.85,1.45,524,0.5700000000000001,0.29,0.1653,0.38441860465116273
2622,Sys_DiT_ref_cls100_2,4.65,3.85,524,0.93,0.77,0.7161000000000001,0.8424705882352941
2623,Sys_DiT_ref_cls100_2,4.15,1.85,524,0.8300000000000001,0.37,0.30710000000000004,0.5118333333333334
2624,Sys_DiT_ref_cls100_2,4.65,3.82,524,0.93,0.764,0.71052,0.8388665879574971
2735,Sys_DiT_ref_cls100_2,4.92,4.85,547,0.984,0.97,0.95448,0.976949846468782
2736,Sys_DiT_ref_cls100_2,3.45,1.82,547,0.6900000000000001,0.364,0.25116,0.47658444022770396
2737,Sys_DiT_ref_cls100_2,4.15,2.85,547,0.8300000000000001,0.5700000000000001,0.4731000000000001,0.6758571428571429
2738,Sys_DiT_ref_cls100_2,4.12,2.85,547,0.8240000000000001,0.5700000000000001,0.4696800000000001,0.6738593974175037
2739,Sys_DiT_ref_cls100_2,4.15,2.85,547,0.8300000000000001,0.5700000000000001,0.4731000000000001,0.6758571428571429
2785,Sys_DiT_ref_cls100_2,2.85,1.92,557,0.5700000000000001,0.384,0.21888000000000002,0.4588679245283019
2786,Sys_DiT_ref_cls100_2,3.85,1.2,557,0.77,0.24,0.1848,0.36594059405940593
2787,Sys_DiT_ref_cls100_2,1.85,1.62,557,0.37,0.324,0.11988,0.3454755043227666
2788,Sys_DiT_ref_cls100_2,4.85,3.62,557,0.97,0.724,0.7022799999999999,0.8291381345926799
2789,Sys_DiT_ref_cls100_2,2.85,1.92,557,0.5700000000000001,0.384,0.21888000000000002,0.4588679245283019
2800,Sys_DiT_ref_cls100_2,0.0,2.85,560,0.0,0.5700000000000001,0.0,0.0
2801,Sys_DiT_ref_cls100_2,4.65,2.85,560,0.93,0.5700000000000001,0.5301000000000001,0.7068000000000002
2802,Sys_DiT_ref_cls100_2,4.12,1.5,560,0.8240000000000001,0.3,0.2472,0.43985765124555154
2803,Sys_DiT_ref_cls100_2,4.12,3.68,560,0.8240000000000001,0.736,0.606464,0.7775179487179487
2804,Sys_DiT_ref_cls100_2,3.85,3.6,560,0.77,0.72,0.5544,0.7441610738255033
2900,Sys_DiT_ref_cls100_2,4.12,2.85,580,0.8240000000000001,0.5700000000000001,0.4696800000000001,0.6738593974175037
2901,Sys_DiT_ref_cls100_2,3.85,2.15,580,0.77,0.43,0.3311,0.5518333333333334
2902,Sys_DiT_ref_cls100_2,1.85,2.1,580,0.37,0.42000000000000004,0.1554,0.39341772151898735
2903,Sys_DiT_ref_cls100_2,3.85,2.15,580,0.77,0.43,0.3311,0.5518333333333334
2904,Sys_DiT_ref_cls100_2,2.85,0.95,580,0.5700000000000001,0.19,0.10830000000000001,0.28500000000000003
2975,Sys_DiT_ref_cls100_2,4.85,3.72,595,0.97,0.744,0.72168,0.842100350058343
2976,Sys_DiT_ref_cls100_2,4.85,3.65,595,0.97,0.73,0.7081,0.8330588235294117
2977,Sys_DiT_ref_cls100_2,4.12,2.85,595,0.8240000000000001,0.5700000000000001,0.4696800000000001,0.6738593974175037
2978,Sys_DiT_ref_cls100_2,1.85,2.1,595,0.37,0.42000000000000004,0.1554,0.39341772151898735
2979,Sys_DiT_ref_cls100_2,2.85,1.42,595,0.5700000000000001,0.284,0.16188,0.3791100702576112
3015,Sys_DiT_ref_cls100_2,4.15,2.85,603,0.8300000000000001,0.5700000000000001,0.4731000000000001,0.6758571428571429
3016,Sys_DiT_ref_cls100_2,4.65,1.5,603,0.93,0.3,0.279,0.4536585365853659
3017,Sys_DiT_ref_cls100_2,2.85,3.0,603,0.5700000000000001,0.6,0.342,0.5846153846153846
3018,Sys_DiT_ref_cls100_2,4.25,1.5,603,0.85,0.3,0.255,0.44347826086956527
3019,Sys_DiT_ref_cls100_2,1.85,3.0,603,0.37,0.6,0.222,0.45773195876288664
3040,Sys_DiT_ref_cls100_2,1.85,1.2,608,0.37,0.24,0.08879999999999999,0.2911475409836065
3041,Sys_DiT_ref_cls100_2,4.65,3.82,608,0.93,0.764,0.71052,0.8388665879574971
3042,Sys_DiT_ref_cls100_2,0.12,0.85,608,0.024,0.16999999999999998,0.004079999999999999,0.04206185567010309
3043,Sys_DiT_ref_cls100_2,4.12,2.85,608,0.8240000000000001,0.5700000000000001,0.4696800000000001,0.6738593974175037
3044,Sys_DiT_ref_cls100_2,1.85,1.5,608,0.37,0.3,0.111,0.3313432835820896
3115,Sys_DiT_ref_cls100_2,4.85,3.2,623,0.97,0.64,0.6208,0.7711801242236026
3116,Sys_DiT_ref_cls100_2,4.65,3.85,623,0.93,0.77,0.7161000000000001,0.8424705882352941
3117,Sys_DiT_ref_cls100_2,2.85,2.1,623,0.5700000000000001,0.42000000000000004,0.23940000000000006,0.4836363636363637
3118,Sys_DiT_ref_cls100_2,4.85,5.0,623,0.97,1.0,0.97,0.9847715736040609
3119,Sys_DiT_ref_cls100_2,3.65,3.82,623,0.73,0.764,0.55772,0.7466131191432396
3135,Sys_DiT_ref_cls100_2,4.85,3.72,627,0.97,0.744,0.72168,0.842100350058343
3136,Sys_DiT_ref_cls100_2,4.15,3.85,627,0.8300000000000001,0.77,0.6391000000000001,0.7988750000000001
3137,Sys_DiT_ref_cls100_2,4.12,1.85,627,0.8240000000000001,0.37,0.30488000000000004,0.5106867671691793
3138,Sys_DiT_ref_cls100_2,3.85,2.65,627,0.77,0.53,0.4081,0.6278461538461538
3139,Sys_DiT_ref_cls100_2,4.85,2.1,627,0.97,0.42000000000000004,0.40740000000000004,0.5861870503597122
3170,Sys_DiT_ref_cls100_2,1.85,3.42,634,0.37,0.6839999999999999,0.25307999999999997,0.4802277039848198
3171,Sys_DiT_ref_cls100_2,4.25,2.8,634,0.85,0.5599999999999999,0.4759999999999999,0.675177304964539
3172,Sys_DiT_ref_cls100_2,1.85,2.4,634,0.37,0.48,0.17759999999999998,0.4178823529411764
3173,Sys_DiT_ref_cls100_2,0.42,1.85,634,0.08399999999999999,0.37,0.031079999999999997,0.13691629955947135
3174,Sys_DiT_ref_cls100_2,1.85,2.4,634,0.37,0.48,0.17759999999999998,0.4178823529411764
3200,Sys_DiT_ref_cls100_2,1.85,3.62,640,0.37,0.724,0.26788,0.48972577696526515
3201,Sys_DiT_ref_cls100_2,2.85,2.1,640,0.5700000000000001,0.42000000000000004,0.23940000000000006,0.4836363636363637
3202,Sys_DiT_ref_cls100_2,3.42,3.65,640,0.6839999999999999,0.73,0.49931999999999993,0.7062517680339462
3203,Sys_DiT_ref_cls100_2,3.85,4.12,640,0.77,0.8240000000000001,0.63448,0.7960853199498118
3204,Sys_DiT_ref_cls100_2,2.15,1.85,640,0.43,0.37,0.1591,0.39774999999999994
3365,Sys_DiT_ref_cls100_2,3.42,2.15,673,0.6839999999999999,0.43,0.29412,0.5280430879712747
3366,Sys_DiT_ref_cls100_2,0.12,1.85,673,0.024,0.37,0.00888,0.0450761421319797
3367,Sys_DiT_ref_cls100_2,0.42,0.85,673,0.08399999999999999,0.16999999999999998,0.014279999999999998,0.11244094488188974
3368,Sys_DiT_ref_cls100_2,0.0,0.0,673,0.0,0.0,0.0,0.0
3369,Sys_DiT_ref_cls100_2,3.85,2.1,673,0.77,0.42000000000000004,0.3234,0.5435294117647059
3375,Sys_DiT_ref_cls100_2,3.85,2.15,675,0.77,0.43,0.3311,0.5518333333333334
3376,Sys_DiT_ref_cls100_2,0.85,1.2,675,0.16999999999999998,0.24,0.040799999999999996,0.19902439024390242
3377,Sys_DiT_ref_cls100_2,4.72,3.85,675,0.944,0.77,0.72688,0.8481680280046674
3378,Sys_DiT_ref_cls100_2,2.85,1.65,675,0.5700000000000001,0.32999999999999996,0.1881,0.418
3379,Sys_DiT_ref_cls100_2,3.85,2.4,675,0.77,0.48,0.3696,0.59136
3450,Sys_DiT_ref_cls100_2,2.85,1.5,690,0.5700000000000001,0.3,0.171,0.3931034482758621
3451,Sys_DiT_ref_cls100_2,3.42,1.5,690,0.6839999999999999,0.3,0.20519999999999997,0.41707317073170724
3452,Sys_DiT_ref_cls100_2,3.85,1.92,690,0.77,0.384,0.29568,0.5124436741767765
3453,Sys_DiT_ref_cls100_2,2.15,1.5,690,0.43,0.3,0.129,0.35342465753424657
3454,Sys_DiT_ref_cls100_2,4.15,2.85,690,0.8300000000000001,0.5700000000000001,0.4731000000000001,0.6758571428571429
3490,Sys_DiT_ref_cls100_2,2.85,1.75,698,0.5700000000000001,0.35,0.1995,0.43369565217391304
3491,Sys_DiT_ref_cls100_2,1.85,2.4,698,0.37,0.48,0.17759999999999998,0.4178823529411764
3492,Sys_DiT_ref_cls100_2,0.12,0.85,698,0.024,0.16999999999999998,0.004079999999999999,0.04206185567010309
3493,Sys_DiT_ref_cls100_2,4.65,2.85,698,0.93,0.5700000000000001,0.5301000000000001,0.7068000000000002
3494,Sys_DiT_ref_cls100_2,0.12,0.85,698,0.024,0.16999999999999998,0.004079999999999999,0.04206185567010309
3625,Sys_DiT_ref_cls100_2,4.85,3.65,725,0.97,0.73,0.7081,0.8330588235294117
3626,Sys_DiT_ref_cls100_2,4.85,2.1,725,0.97,0.42000000000000004,0.40740000000000004,0.5861870503597122
3627,Sys_DiT_ref_cls100_2,4.65,2.85,725,0.93,0.5700000000000001,0.5301000000000001,0.7068000000000002
3628,Sys_DiT_ref_cls100_2,4.85,3.72,725,0.97,0.744,0.72168,0.842100350058343
3629,Sys_DiT_ref_cls100_2,5.0,4.95,725,1.0,0.99,0.99,0.9949748743718593
3720,Sys_DiT_ref_cls100_2,4.65,2.85,744,0.93,0.5700000000000001,0.5301000000000001,0.7068000000000002
3721,Sys_DiT_ref_cls100_2,4.65,2.85,744,0.93,0.5700000000000001,0.5301000000000001,0.7068000000000002
3722,Sys_DiT_ref_cls100_2,2.85,2.6,744,0.5700000000000001,0.52,0.29640000000000005,0.5438532110091744
3723,Sys_DiT_ref_cls100_2,4.65,3.85,744,0.93,0.77,0.7161000000000001,0.8424705882352941
3724,Sys_DiT_ref_cls100_2,3.85,2.15,744,0.77,0.43,0.3311,0.5518333333333334
3725,Sys_DiT_ref_cls100_2,4.15,2.85,745,0.8300000000000001,0.5700000000000001,0.4731000000000001,0.6758571428571429
3726,Sys_DiT_ref_cls100_2,4.85,3.6,745,0.97,0.72,0.6983999999999999,0.8265088757396449
3727,Sys_DiT_ref_cls100_2,4.85,3.72,745,0.97,0.744,0.72168,0.842100350058343
3728,Sys_DiT_ref_cls100_2,0.85,1.2,745,0.16999999999999998,0.24,0.040799999999999996,0.19902439024390242
3729,Sys_DiT_ref_cls100_2,3.42,2.85,745,0.6839999999999999,0.5700000000000001,0.38988,0.6218181818181818
3745,Sys_DiT_ref_cls100_2,3.85,1.5,749,0.77,0.3,0.23099999999999998,0.4317757009345794
3746,Sys_DiT_ref_cls100_2,3.25,1.85,749,0.65,0.37,0.2405,0.4715686274509804
3747,Sys_DiT_ref_cls100_2,4.85,2.3,749,0.97,0.45999999999999996,0.44619999999999993,0.624055944055944
3748,Sys_DiT_ref_cls100_2,2.85,3.42,749,0.5700000000000001,0.6839999999999999,0.38988,0.6218181818181818
3749,Sys_DiT_ref_cls100_2,4.15,1.85,749,0.8300000000000001,0.37,0.30710000000000004,0.5118333333333334
3760,Sys_DiT_ref_cls100_2,0.15,0.85,752,0.03,0.16999999999999998,0.0050999999999999995,0.051
3761,Sys_DiT_ref_cls100_2,0.42,1.15,752,0.08399999999999999,0.22999999999999998,0.019319999999999997,0.12305732484076433
3762,Sys_DiT_ref_cls100_2,0.15,0.85,752,0.03,0.16999999999999998,0.0050999999999999995,0.051
3763,Sys_DiT_ref_cls100_2,4.65,2.85,752,0.93,0.5700000000000001,0.5301000000000001,0.7068000000000002
3764,Sys_DiT_ref_cls100_2,0.85,1.2,752,0.16999999999999998,0.24,0.040799999999999996,0.19902439024390242
3860,Sys_DiT_ref_cls100_2,0.05,2.85,772,0.01,0.5700000000000001,0.005700000000000001,0.019655172413793106
3861,Sys_DiT_ref_cls100_2,3.42,1.85,772,0.6839999999999999,0.37,0.25307999999999997,0.4802277039848198
3862,Sys_DiT_ref_cls100_2,0.12,1.85,772,0.024,0.37,0.00888,0.0450761421319797
3863,Sys_DiT_ref_cls100_2,1.85,1.2,772,0.37,0.24,0.08879999999999999,0.2911475409836065
3864,Sys_DiT_ref_cls100_2,4.85,3.72,772,0.97,0.744,0.72168,0.842100350058343
3905,Sys_DiT_ref_cls100_2,3.85,2.15,781,0.77,0.43,0.3311,0.5518333333333334
3906,Sys_DiT_ref_cls100_2,2.85,2.1,781,0.5700000000000001,0.42000000000000004,0.23940000000000006,0.4836363636363637
3907,Sys_DiT_ref_cls100_2,3.85,1.2,781,0.77,0.24,0.1848,0.36594059405940593
3908,Sys_DiT_ref_cls100_2,3.85,1.92,781,0.77,0.384,0.29568,0.5124436741767765
3909,Sys_DiT_ref_cls100_2,3.82,1.47,781,0.764,0.294,0.22461599999999998,0.4246049149338374
3920,Sys_DiT_ref_cls100_2,1.85,1.2,784,0.37,0.24,0.08879999999999999,0.2911475409836065
3921,Sys_DiT_ref_cls100_2,4.65,3.85,784,0.93,0.77,0.7161000000000001,0.8424705882352941
3922,Sys_DiT_ref_cls100_2,1.85,1.42,784,0.37,0.284,0.10507999999999999,0.3213455657492355
3923,Sys_DiT_ref_cls100_2,3.85,2.9,784,0.77,0.58,0.4466,0.6616296296296296
3924,Sys_DiT_ref_cls100_2,4.12,2.85,784,0.8240000000000001,0.5700000000000001,0.4696800000000001,0.6738593974175037
3985,Sys_DiT_ref_cls100_2,4.85,3.6,797,0.97,0.72,0.6983999999999999,0.8265088757396449
3986,Sys_DiT_ref_cls100_2,4.15,2.0,797,0.8300000000000001,0.4,0.3320000000000001,0.5398373983739838
3987,Sys_DiT_ref_cls100_2,4.15,3.85,797,0.8300000000000001,0.77,0.6391000000000001,0.7988750000000001
3988,Sys_DiT_ref_cls100_2,4.15,1.5,797,0.8300000000000001,0.3,0.249,0.44070796460176986
3989,Sys_DiT_ref_cls100_2,3.42,4.15,797,0.6839999999999999,0.8300000000000001,0.56772,0.7499603698811096
4015,Sys_DiT_ref_cls100_2,4.85,3.72,803,0.97,0.744,0.72168,0.842100350058343
4016,Sys_DiT_ref_cls100_2,4.65,2.85,803,0.93,0.5700000000000001,0.5301000000000001,0.7068000000000002
4017,Sys_DiT_ref_cls100_2,0.0,0.0,803,0.0,0.0,0.0,0.0
4018,Sys_DiT_ref_cls100_2,3.15,1.85,803,0.63,0.37,0.2331,0.4662
4019,Sys_DiT_ref_cls100_2,4.15,2.35,803,0.8300000000000001,0.47000000000000003,0.39010000000000006,0.6001538461538463
4080,Sys_DiT_ref_cls100_2,4.25,3.65,816,0.85,0.73,0.6204999999999999,0.7854430379746834
4081,Sys_DiT_ref_cls100_2,4.65,2.85,816,0.93,0.5700000000000001,0.5301000000000001,0.7068000000000002
4082,Sys_DiT_ref_cls100_2,4.85,3.72,816,0.97,0.744,0.72168,0.842100350058343
4083,Sys_DiT_ref_cls100_2,4.85,3.72,816,0.97,0.744,0.72168,0.842100350058343
4084,Sys_DiT_ref_cls100_2,4.85,4.2,816,0.97,0.8400000000000001,0.8148000000000001,0.9003314917127072
4085,Sys_DiT_ref_cls100_2,4.65,1.85,817,0.93,0.37,0.3441,0.5293846153846153
4086,Sys_DiT_ref_cls100_2,4.85,3.75,817,0.97,0.75,0.7275,0.8459302325581396
4087,Sys_DiT_ref_cls100_2,4.85,2.15,817,0.97,0.43,0.41709999999999997,0.5958571428571429
4088,Sys_DiT_ref_cls100_2,4.85,3.65,817,0.97,0.73,0.7081,0.8330588235294117
4089,Sys_DiT_ref_cls100_2,4.85,1.65,817,0.97,0.32999999999999996,0.32009999999999994,0.49246153846153845
4090,Sys_DiT_ref_cls100_2,4.15,3.85,818,0.8300000000000001,0.77,0.6391000000000001,0.7988750000000001
4091,Sys_DiT_ref_cls100_2,1.25,1.85,818,0.25,0.37,0.0925,0.29838709677419356
4092,Sys_DiT_ref_cls100_2,0.0,1.25,818,0.0,0.25,0.0,0.0
4093,Sys_DiT_ref_cls100_2,1.85,2.1,818,0.37,0.42000000000000004,0.1554,0.39341772151898735
4094,Sys_DiT_ref_cls100_2,3.45,3.82,818,0.6900000000000001,0.764,0.5271600000000001,0.7251169188445667
4125,Sys_DiT_ref_cls100_2,3.85,3.62,825,0.77,0.724,0.55748,0.7462918340026774
4126,Sys_DiT_ref_cls100_2,4.85,4.72,825,0.97,0.944,0.9156799999999999,0.9568234064785789
4127,Sys_DiT_ref_cls100_2,4.85,3.75,825,0.97,0.75,0.7275,0.8459302325581396
4128,Sys_DiT_ref_cls100_2,2.85,3.42,825,0.5700000000000001,0.6839999999999999,0.38988,0.6218181818181818
4129,Sys_DiT_ref_cls100_2,4.92,4.95,825,0.984,0.99,0.97416,0.9869908814589666
4190,Sys_DiT_ref_cls100_2,2.85,1.2,838,0.5700000000000001,0.24,0.1368,0.3377777777777778
4191,Sys_DiT_ref_cls100_2,2.85,1.65,838,0.5700000000000001,0.32999999999999996,0.1881,0.418
4192,Sys_DiT_ref_cls100_2,0.0,1.5,838,0.0,0.3,0.0,0.0
4193,Sys_DiT_ref_cls100_2,1.85,1.2,838,0.37,0.24,0.08879999999999999,0.2911475409836065
4194,Sys_DiT_ref_cls100_2,3.65,1.85,838,0.73,0.37,0.2701,0.4910909090909091
4210,Sys_DiT_ref_cls100_2,4.85,1.2,842,0.97,0.24,0.23279999999999998,0.384793388429752
4211,Sys_DiT_ref_cls100_2,4.12,2.85,842,0.8240000000000001,0.5700000000000001,0.4696800000000001,0.6738593974175037
4212,Sys_DiT_ref_cls100_2,4.82,1.15,842,0.9640000000000001,0.22999999999999998,0.22172,0.37139028475711894
4213,Sys_DiT_ref_cls100_2,4.85,1.25,842,0.97,0.25,0.2425,0.3975409836065574
4214,Sys_DiT_ref_cls100_2,4.82,1.15,842,0.9640000000000001,0.22999999999999998,0.22172,0.37139028475711894
4310,Sys_DiT_ref_cls100_2,4.85,2.0,862,0.97,0.4,0.388,0.5664233576642336
4311,Sys_DiT_ref_cls100_2,4.85,3.62,862,0.97,0.724,0.7022799999999999,0.8291381345926799
4312,Sys_DiT_ref_cls100_2,0.15,1.85,862,0.03,0.37,0.011099999999999999,0.055499999999999994
4313,Sys_DiT_ref_cls100_2,4.85,2.15,862,0.97,0.43,0.41709999999999997,0.5958571428571429
4314,Sys_DiT_ref_cls100_2,4.82,1.15,862,0.9640000000000001,0.22999999999999998,0.22172,0.37139028475711894
4325,Sys_DiT_ref_cls100_2,2.85,1.92,865,0.5700000000000001,0.384,0.21888000000000002,0.4588679245283019
4326,Sys_DiT_ref_cls100_2,0.12,0.85,865,0.024,0.16999999999999998,0.004079999999999999,0.04206185567010309
4327,Sys_DiT_ref_cls100_2,2.85,1.92,865,0.5700000000000001,0.384,0.21888000000000002,0.4588679245283019
4328,Sys_DiT_ref_cls100_2,1.85,1.2,865,0.37,0.24,0.08879999999999999,0.2911475409836065
4329,Sys_DiT_ref_cls100_2,3.82,2.15,865,0.764,0.43,0.32852,0.550284757118928
4380,Sys_DiT_ref_cls100_2,2.85,2.0,876,0.5700000000000001,0.4,0.22800000000000004,0.4701030927835052
4381,Sys_DiT_ref_cls100_2,0.0,1.5,876,0.0,0.3,0.0,0.0
4382,Sys_DiT_ref_cls100_2,4.12,1.85,876,0.8240000000000001,0.37,0.30488000000000004,0.5106867671691793
4383,Sys_DiT_ref_cls100_2,3.85,1.5,876,0.77,0.3,0.23099999999999998,0.4317757009345794
4384,Sys_DiT_ref_cls100_2,0.12,1.85,876,0.024,0.37,0.00888,0.0450761421319797
4480,Sys_DiT_ref_cls100_2,2.85,1.92,896,0.5700000000000001,0.384,0.21888000000000002,0.4588679245283019
4481,Sys_DiT_ref_cls100_2,4.85,2.1,896,0.97,0.42000000000000004,0.40740000000000004,0.5861870503597122
4482,Sys_DiT_ref_cls100_2,3.42,2.85,896,0.6839999999999999,0.5700000000000001,0.38988,0.6218181818181818
4483,Sys_DiT_ref_cls100_2,3.85,2.15,896,0.77,0.43,0.3311,0.5518333333333334
4484,Sys_DiT_ref_cls100_2,2.15,1.85,896,0.43,0.37,0.1591,0.39774999999999994
4550,Sys_DiT_ref_cls100_2,4.85,3.75,910,0.97,0.75,0.7275,0.8459302325581396
4551,Sys_DiT_ref_cls100_2,0.42,0.85,910,0.08399999999999999,0.16999999999999998,0.014279999999999998,0.11244094488188974
4552,Sys_DiT_ref_cls100_2,4.85,3.72,910,0.97,0.744,0.72168,0.842100350058343
4553,Sys_DiT_ref_cls100_2,4.85,4.62,910,0.97,0.924,0.89628,0.9464413938753959
4554,Sys_DiT_ref_cls100_2,0.0,1.25,910,0.0,0.25,0.0,0.0
4605,Sys_DiT_ref_cls100_2,0.85,1.2,921,0.16999999999999998,0.24,0.040799999999999996,0.19902439024390242
4606,Sys_DiT_ref_cls100_2,0.12,1.85,921,0.024,0.37,0.00888,0.0450761421319797
4607,Sys_DiT_ref_cls100_2,1.85,2.4,921,0.37,0.48,0.17759999999999998,0.4178823529411764
4608,Sys_DiT_ref_cls100_2,1.25,1.85,921,0.25,0.37,0.0925,0.29838709677419356
4609,Sys_DiT_ref_cls100_2,2.85,2.4,921,0.5700000000000001,0.48,0.2736,0.5211428571428571
4640,Sys_DiT_ref_cls100_2,4.12,1.85,928,0.8240000000000001,0.37,0.30488000000000004,0.5106867671691793
4641,Sys_DiT_ref_cls100_2,2.85,2.15,928,0.5700000000000001,0.43,0.2451,0.4902
4642,Sys_DiT_ref_cls100_2,0.12,0.85,928,0.024,0.16999999999999998,0.004079999999999999,0.04206185567010309
4643,Sys_DiT_ref_cls100_2,4.65,3.85,928,0.93,0.77,0.7161000000000001,0.8424705882352941
4644,Sys_DiT_ref_cls100_2,4.65,3.85,928,0.93,0.77,0.7161000000000001,0.8424705882352941
4680,Sys_DiT_ref_cls100_2,4.92,4.85,936,0.984,0.97,0.95448,0.976949846468782
4681,Sys_DiT_ref_cls100_2,4.98,4.99,936,0.9960000000000001,0.998,0.9940080000000001,0.9969989969909729
4682,Sys_DiT_ref_cls100_2,4.85,4.92,936,0.97,0.984,0.95448,0.976949846468782
4683,Sys_DiT_ref_cls100_2,5.0,5.0,936,1.0,1.0,1.0,1.0
4684,Sys_DiT_ref_cls100_2,4.98,4.96,936,0.9960000000000001,0.992,0.9880320000000001,0.9939959758551309
4720,Sys_DiT_ref_cls100_2,2.35,3.85,944,0.47000000000000003,0.77,0.36190000000000005,0.583709677419355
4721,Sys_DiT_ref_cls100_2,4.85,3.72,944,0.97,0.744,0.72168,0.842100350058343
4722,Sys_DiT_ref_cls100_2,4.85,4.2,944,0.97,0.8400000000000001,0.8148000000000001,0.9003314917127072
4723,Sys_DiT_ref_cls100_2,4.85,3.92,944,0.97,0.784,0.76048,0.8671379703534778
4724,Sys_DiT_ref_cls100_2,2.15,2.85,944,0.43,0.5700000000000001,0.2451,0.4902
4735,Sys_DiT_ref_cls100_2,2.85,2.4,947,0.5700000000000001,0.48,0.2736,0.5211428571428571
4736,Sys_DiT_ref_cls100_2,4.65,3.85,947,0.93,0.77,0.7161000000000001,0.8424705882352941
4737,Sys_DiT_ref_cls100_2,4.85,3.65,947,0.97,0.73,0.7081,0.8330588235294117
4738,Sys_DiT_ref_cls100_2,3.45,2.85,947,0.6900000000000001,0.5700000000000001,0.3933000000000001,0.6242857142857143
4739,Sys_DiT_ref_cls100_2,4.15,3.65,947,0.8300000000000001,0.73,0.6059,0.7767948717948717
4880,Sys_DiT_ref_cls100_2,4.85,4.92,976,0.97,0.984,0.95448,0.976949846468782
4881,Sys_DiT_ref_cls100_2,4.85,4.92,976,0.97,0.984,0.95448,0.976949846468782
4882,Sys_DiT_ref_cls100_2,4.85,5.0,976,0.97,1.0,0.97,0.9847715736040609
4883,Sys_DiT_ref_cls100_2,2.15,1.85,976,0.43,0.37,0.1591,0.39774999999999994
4884,Sys_DiT_ref_cls100_2,4.15,3.2,976,0.8300000000000001,0.64,0.5312,0.7227210884353741
4895,Sys_DiT_ref_cls100_2,1.25,4.65,979,0.25,0.93,0.2325,0.39406779661016944
4896,Sys_DiT_ref_cls100_2,4.98,5.0,979,0.9960000000000001,1.0,0.9960000000000001,0.997995991983968
4897,Sys_DiT_ref_cls100_2,4.12,3.85,979,0.8240000000000001,0.77,0.63448,0.7960853199498118
4898,Sys_DiT_ref_cls100_2,5.0,4.8,979,1.0,0.96,0.96,0.9795918367346939
4899,Sys_DiT_ref_cls100_2,1.25,3.85,979,0.25,0.77,0.1925,0.37745098039215685
4945,Sys_DiT_ref_cls100_2,2.85,1.92,989,0.5700000000000001,0.384,0.21888000000000002,0.4588679245283019
4946,Sys_DiT_ref_cls100_2,4.12,3.68,989,0.8240000000000001,0.736,0.606464,0.7775179487179487
4947,Sys_DiT_ref_cls100_2,4.92,4.98,989,0.984,0.9960000000000001,0.980064,0.9899636363636364
4948,Sys_DiT_ref_cls100_2,4.85,4.2,989,0.97,0.8400000000000001,0.8148000000000001,0.9003314917127072
4949,Sys_DiT_ref_cls100_2,3.45,2.85,989,0.6900000000000001,0.5700000000000001,0.3933000000000001,0.6242857142857143
4975,Sys_DiT_ref_cls100_2,4.85,2.65,995,0.97,0.53,0.5141,0.6854666666666667
4976,Sys_DiT_ref_cls100_2,4.85,3.65,995,0.97,0.73,0.7081,0.8330588235294117
4977,Sys_DiT_ref_cls100_2,4.65,3.85,995,0.93,0.77,0.7161000000000001,0.8424705882352941
4978,Sys_DiT_ref_cls100_2,4.85,3.6,995,0.97,0.72,0.6983999999999999,0.8265088757396449
4979,Sys_DiT_ref_cls100_2,4.85,3.65,995,0.97,0.73,0.7081,0.8330588235294117
