image_id,source,alignment_score,authenticity_score,class_id
0,Sys_VAR_ref_600_1,4.85,4.2,4
0,Sys_VAR_ref_600_2,4.62,3.85,4
0,Sys_VAR_ref_600_3,4.85,4.72,4
0,User_VAR_600_1,5.0,3.0,4
0,User_VAR_600_2,4.44,3.0,4
0,User_VAR_600_3,5.0,3.0,4
1,Sys_VAR_ref_600_1,4.65,1.82,4
1,Sys_VAR_ref_600_2,4.65,3.82,4
1,Sys_VAR_ref_600_3,4.62,2.85,4
1,User_VAR_600_1,5.0,3.0,4
1,User_VAR_600_2,4.44,3.0,4
1,User_VAR_600_3,5.0,3.0,4
4,Sys_VAR_ref_600_1,4.65,3.85,4
4,Sys_VAR_ref_600_2,4.68,3.85,4
4,Sys_VAR_ref_600_3,4.85,4.62,4
4,User_VAR_600_1,5.0,3.0,4
4,User_VAR_600_2,5.0,3.0,4
4,User_VAR_600_3,5.0,3.0,4
5,Sys_VAR_ref_600_1,4.85,3.92,4
5,Sys_VAR_ref_600_2,4.78,4.15,4
5,Sys_VAR_ref_600_3,4.85,3.65,4
5,User_VAR_600_1,5.0,5.0,4
5,User_VAR_600_2,5.0,4.0,4
5,User_VAR_600_3,5.0,5.0,4
6,Sys_VAR_ref_600_1,3.85,1.42,4
6,Sys_VAR_ref_600_2,4.35,2.85,4
6,Sys_VAR_ref_600_3,4.65,3.85,4
6,User_VAR_600_1,5.0,3.0,4
6,User_VAR_600_2,5.0,3.0,4
6,User_VAR_600_3,4.29,3.0,4
9,Sys_VAR_ref_600_1,3.85,2.15,4
9,Sys_VAR_ref_600_2,4.65,2.85,4
9,Sys_VAR_ref_600_3,4.65,2.85,4
9,User_VAR_600_1,5.0,3.0,4
9,User_VAR_600_2,5.0,2.0,4
9,User_VAR_600_3,4.38,2.0,4
10,Sys_VAR_ref_600_1,4.68,1.5,7
10,Sys_VAR_ref_600_2,4.65,1.5,7
10,Sys_VAR_ref_600_3,4.62,1.5,7
10,User_VAR_600_1,5.0,2.0,7
10,User_VAR_600_2,5.0,3.0,7
10,User_VAR_600_3,5.0,3.0,7
11,Sys_VAR_ref_600_1,4.15,3.65,7
11,Sys_VAR_ref_600_2,4.15,3.85,7
11,Sys_VAR_ref_600_3,4.12,3.85,7
11,User_VAR_600_1,4.17,3.0,7
11,User_VAR_600_2,4.17,4.0,7
11,User_VAR_600_3,4.17,4.0,7
13,Sys_VAR_ref_600_1,4.82,4.15,7
13,Sys_VAR_ref_600_2,4.85,3.65,7
13,Sys_VAR_ref_600_3,4.82,3.65,7
13,User_VAR_600_1,5.0,4.0,7
13,User_VAR_600_2,5.0,4.0,7
13,User_VAR_600_3,5.0,5.0,7
14,Sys_VAR_ref_600_1,4.12,1.5,7
14,Sys_VAR_ref_600_2,4.82,1.5,7
14,Sys_VAR_ref_600_3,4.12,1.5,7
14,User_VAR_600_1,5.0,3.0,7
14,User_VAR_600_2,5.0,2.0,7
14,User_VAR_600_3,5.0,2.0,7
18,Sys_VAR_ref_600_1,3.85,3.92,7
18,Sys_VAR_ref_600_2,3.45,2.8,7
18,Sys_VAR_ref_600_3,3.42,2.85,7
18,User_VAR_600_1,3.33,3.0,7
18,User_VAR_600_2,3.33,3.0,7
18,User_VAR_600_3,3.33,3.0,7
19,Sys_VAR_ref_600_1,4.12,1.5,7
19,Sys_VAR_ref_600_2,3.85,1.5,7
19,Sys_VAR_ref_600_3,3.85,1.5,7
19,User_VAR_600_1,4.09,3.0,7
19,User_VAR_600_2,4.09,3.0,7
19,User_VAR_600_3,5.0,3.0,7
20,Sys_VAR_ref_600_1,3.42,2.15,10
20,Sys_VAR_ref_600_2,4.85,4.15,10
20,Sys_VAR_ref_600_3,4.85,4.75,10
20,User_VAR_600_1,5.0,3.0,10
20,User_VAR_600_2,5.0,5.0,10
20,User_VAR_600_3,3.75,4.0,10
21,Sys_VAR_ref_600_1,3.42,2.85,10
21,Sys_VAR_ref_600_2,3.42,2.85,10
21,Sys_VAR_ref_600_3,3.65,1.85,10
21,User_VAR_600_1,4.44,2.0,10
21,User_VAR_600_2,4.38,3.0,10
21,User_VAR_600_3,4.38,3.0,10
23,Sys_VAR_ref_600_1,4.82,1.5,10
23,Sys_VAR_ref_600_2,4.92,4.85,10
23,Sys_VAR_ref_600_3,4.82,3.65,10
23,User_VAR_600_1,5.0,5.0,10
23,User_VAR_600_2,4.0,5.0,10
23,User_VAR_600_3,4.0,5.0,10
24,Sys_VAR_ref_600_1,3.42,3.85,10
24,Sys_VAR_ref_600_2,3.85,2.4,10
24,Sys_VAR_ref_600_3,3.85,4.92,10
24,User_VAR_600_1,2.22,2.0,10
24,User_VAR_600_2,2.22,3.0,10
24,User_VAR_600_3,2.5,3.0,10
25,Sys_VAR_ref_600_1,3.65,3.8,10
25,Sys_VAR_ref_600_2,3.65,3.2,10
25,Sys_VAR_ref_600_3,3.82,4.15,10
25,User_VAR_600_1,3.75,4.0,10
25,User_VAR_600_2,4.17,2.0,10
28,Sys_VAR_ref_600_1,2.85,1.5,10
28,Sys_VAR_ref_600_2,3.42,2.85,10
28,Sys_VAR_ref_600_3,3.85,2.15,10
28,User_VAR_600_1,3.89,2.0,10
28,User_VAR_600_2,2.78,3.0,10
28,User_VAR_600_3,3.89,3.0,10
30,Sys_VAR_ref_600_1,1.25,1.5,25
30,Sys_VAR_ref_600_2,4.12,3.65,25
30,Sys_VAR_ref_600_3,3.85,3.6,25
30,User_VAR_600_1,4.0,3.0,25
30,User_VAR_600_2,4.0,4.0,25
30,User_VAR_600_3,4.0,4.0,25
33,Sys_VAR_ref_600_1,4.72,3.85,25
33,Sys_VAR_ref_600_2,4.65,3.85,25
33,Sys_VAR_ref_600_3,4.72,1.5,25
33,User_VAR_600_1,4.29,4.0,25
33,User_VAR_600_2,4.29,4.0,25
33,User_VAR_600_3,4.29,4.0,25
34,Sys_VAR_ref_600_1,4.85,4.92,25
34,Sys_VAR_ref_600_2,4.65,3.82,25
34,Sys_VAR_ref_600_3,4.62,3.85,25
34,User_VAR_600_1,5.0,5.0,25
34,User_VAR_600_2,5.0,4.0,25
34,User_VAR_600_3,5.0,4.0,25
35,Sys_VAR_ref_600_1,4.85,4.92,25
35,Sys_VAR_ref_600_2,4.85,1.5,25
35,Sys_VAR_ref_600_3,4.85,4.92,25
35,User_VAR_600_1,5.0,2.0,25
35,User_VAR_600_2,5.0,2.0,25
35,User_VAR_600_3,5.0,5.0,25
36,Sys_VAR_ref_600_1,4.65,2.0,25
36,Sys_VAR_ref_600_2,4.85,4.75,25
36,Sys_VAR_ref_600_3,3.85,2.0,25
36,User_VAR_600_1,3.57,4.0,25
36,User_VAR_600_2,4.29,3.0,25
36,User_VAR_600_3,3.57,3.0,25
38,Sys_VAR_ref_600_1,4.12,2.0,25
38,Sys_VAR_ref_600_2,4.82,2.0,25
38,Sys_VAR_ref_600_3,4.85,4.92,25
38,User_VAR_600_1,5.0,5.0,25
38,User_VAR_600_2,5.0,4.0,25
38,User_VAR_600_3,5.0,4.0,25
40,Sys_VAR_ref_600_1,4.62,4.15,35
40,Sys_VAR_ref_600_2,3.68,3.45,35
40,Sys_VAR_ref_600_3,3.85,3.6,35
40,User_VAR_600_1,5.0,4.0,35
40,User_VAR_600_2,4.0,4.0,35
40,User_VAR_600_3,5.0,4.0,35
42,Sys_VAR_ref_600_1,2.35,1.5,35
42,Sys_VAR_ref_600_2,2.15,1.5,35
42,Sys_VAR_ref_600_3,1.85,1.5,35
42,User_VAR_600_1,3.75,3.0,35
42,User_VAR_600_2,3.75,3.0,35
42,User_VAR_600_3,3.75,3.0,35
43,Sys_VAR_ref_600_1,4.12,3.65,35
43,Sys_VAR_ref_600_2,3.42,2.85,35
43,Sys_VAR_ref_600_3,4.15,3.65,35
43,User_VAR_600_1,3.75,4.0,35
43,User_VAR_600_2,4.0,4.0,35
43,User_VAR_600_3,3.75,4.0,35
44,Sys_VAR_ref_600_1,3.45,2.15,35
44,Sys_VAR_ref_600_2,2.85,1.9,35
44,Sys_VAR_ref_600_3,3.42,1.85,35
44,User_VAR_600_1,4.0,2.0,35
44,User_VAR_600_2,4.0,2.0,35
44,User_VAR_600_3,4.0,2.0,35
46,Sys_VAR_ref_600_1,2.85,2.1,35
46,Sys_VAR_ref_600_2,3.82,2.65,35
46,Sys_VAR_ref_600_3,2.15,2.85,35
46,User_VAR_600_1,5.0,3.0,35
46,User_VAR_600_2,5.0,3.0,35
46,User_VAR_600_3,5.0,2.0,35
47,Sys_VAR_ref_600_1,4.35,2.85,35
47,Sys_VAR_ref_600_2,4.12,3.85,35
47,Sys_VAR_ref_600_3,4.85,4.72,35
47,User_VAR_600_1,5.0,4.0,35
47,User_VAR_600_2,4.17,4.0,35
47,User_VAR_600_3,4.17,4.0,35
51,Sys_VAR_ref_600_1,2.85,1.5,39
51,Sys_VAR_ref_600_2,2.85,1.5,39
51,Sys_VAR_ref_600_3,2.85,1.5,39
51,User_VAR_600_1,4.29,2.0,39
51,User_VAR_600_2,4.29,3.0,39
51,User_VAR_600_3,3.89,2.0,39
52,Sys_VAR_ref_600_1,4.92,4.85,39
52,Sys_VAR_ref_600_2,4.85,4.75,39
52,Sys_VAR_ref_600_3,4.95,4.85,39
52,User_VAR_600_1,5.0,5.0,39
52,User_VAR_600_2,5.0,5.0,39
52,User_VAR_600_3,5.0,5.0,39
55,Sys_VAR_ref_600_1,3.42,1.5,39
55,Sys_VAR_ref_600_2,3.42,1.5,39
55,Sys_VAR_ref_600_3,3.85,2.8,39
55,User_VAR_600_1,4.29,4.0,39
55,User_VAR_600_2,4.29,5.0,39
55,User_VAR_600_3,5.0,4.0,39
56,Sys_VAR_ref_600_1,4.15,4.32,39
56,Sys_VAR_ref_600_2,4.15,4.85,39
56,Sys_VAR_ref_600_3,3.85,4.92,39
56,User_VAR_600_1,4.29,3.0,39
56,User_VAR_600_2,5.0,4.0,39
56,User_VAR_600_3,5.0,4.0,39
57,Sys_VAR_ref_600_1,4.12,4.35,39
57,Sys_VAR_ref_600_2,4.85,2.0,39
57,Sys_VAR_ref_600_3,3.42,2.0,39
57,User_VAR_600_1,4.44,2.0,39
57,User_VAR_600_2,5.0,2.0,39
57,User_VAR_600_3,4.44,3.0,39
59,Sys_VAR_ref_600_1,3.85,1.5,39
59,Sys_VAR_ref_600_2,3.42,1.5,39
59,Sys_VAR_ref_600_3,3.42,1.5,39
59,User_VAR_600_1,4.29,3.0,39
59,User_VAR_600_2,3.57,3.0,39
59,User_VAR_600_3,3.57,3.0,39
60,Sys_VAR_ref_600_1,3.82,3.65,49
60,Sys_VAR_ref_600_2,3.85,3.62,49
60,Sys_VAR_ref_600_3,3.85,4.12,49
60,User_VAR_600_1,5.0,4.0,49
60,User_VAR_600_2,4.29,4.0,49
60,User_VAR_600_3,5.0,4.0,49
61,Sys_VAR_ref_600_1,3.42,2.85,49
61,Sys_VAR_ref_600_2,3.42,2.85,49
61,Sys_VAR_ref_600_3,3.85,3.62,49
61,User_VAR_600_1,5.0,2.0,49
61,User_VAR_600_2,5.0,2.0,49
61,User_VAR_600_3,5.0,4.0,49
62,Sys_VAR_ref_600_1,2.85,2.1,49
62,Sys_VAR_ref_600_2,2.85,3.12,49
62,Sys_VAR_ref_600_3,3.85,3.6,49
62,User_VAR_600_1,5.0,4.0,49
62,User_VAR_600_2,5.0,2.0,49
62,User_VAR_600_3,5.0,4.0,49
63,Sys_VAR_ref_600_1,2.15,3.8,49
63,Sys_VAR_ref_600_2,2.85,2.1,49
63,Sys_VAR_ref_600_3,2.85,3.15,49
63,User_VAR_600_1,5.0,2.0,49
63,User_VAR_600_2,5.0,2.0,49
63,User_VAR_600_3,5.0,2.0,49
65,Sys_VAR_ref_600_1,2.85,2.0,49
65,Sys_VAR_ref_600_2,2.15,2.85,49
65,Sys_VAR_ref_600_3,2.45,2.1,49
65,User_VAR_600_1,3.12,3.0,49
65,User_VAR_600_2,5.0,2.0,49
65,User_VAR_600_3,5.0,2.0,49
68,Sys_VAR_ref_600_1,4.12,4.85,49
68,Sys_VAR_ref_600_2,2.85,3.2,49
68,Sys_VAR_ref_600_3,3.85,3.2,49
68,User_VAR_600_1,3.57,3.0,49
68,User_VAR_600_2,3.57,3.0,49
68,User_VAR_600_3,3.57,3.0,49
70,Sys_VAR_ref_600_1,5.0,5.0,51
70,Sys_VAR_ref_600_2,4.12,2.85,51
70,Sys_VAR_ref_600_3,4.85,4.6,51
70,User_VAR_600_1,5.0,4.0,51
70,User_VAR_600_2,5.0,4.0,51
70,User_VAR_600_3,5.0,2.0,51
73,Sys_VAR_ref_600_1,3.45,2.15,51
73,Sys_VAR_ref_600_2,4.12,2.85,51
73,Sys_VAR_ref_600_3,3.42,2.15,51
73,User_VAR_600_1,4.17,5.0,51
73,User_VAR_600_2,5.0,4.0,51
73,User_VAR_600_3,5.0,4.0,51
74,Sys_VAR_ref_600_1,4.85,4.2,51
74,Sys_VAR_ref_600_2,1.85,0.92,51
74,Sys_VAR_ref_600_3,2.15,3.85,51
74,User_VAR_600_1,4.0,2.0,51
74,User_VAR_600_2,5.0,5.0,51
74,User_VAR_600_3,4.0,5.0,51
75,Sys_VAR_ref_600_1,4.92,3.85,51
75,Sys_VAR_ref_600_2,4.15,2.85,51
75,Sys_VAR_ref_600_3,4.15,3.85,51
75,User_VAR_600_1,4.38,3.0,51
75,User_VAR_600_2,5.0,4.0,51
75,User_VAR_600_3,4.38,3.0,51
78,Sys_VAR_ref_600_1,4.65,1.5,51
78,Sys_VAR_ref_600_2,4.65,3.85,51
78,Sys_VAR_ref_600_3,4.65,3.85,51
78,User_VAR_600_1,5.0,3.0,51
78,User_VAR_600_2,5.0,4.0,51
78,User_VAR_600_3,5.0,4.0,51
79,Sys_VAR_ref_600_1,4.92,4.85,51
79,Sys_VAR_ref_600_2,4.92,4.85,51
79,Sys_VAR_ref_600_3,4.92,4.85,51
79,User_VAR_600_1,5.0,5.0,51
79,User_VAR_600_2,5.0,5.0,51
79,User_VAR_600_3,5.0,5.0,51
81,Sys_VAR_ref_600_1,4.68,3.85,52
81,Sys_VAR_ref_600_2,4.92,4.85,52
81,Sys_VAR_ref_600_3,4.65,3.85,52
81,User_VAR_600_1,5.0,4.0,52
81,User_VAR_600_2,5.0,5.0,52
81,User_VAR_600_3,5.0,5.0,52
82,Sys_VAR_ref_600_1,3.42,3.85,52
82,Sys_VAR_ref_600_2,3.85,4.92,52
82,Sys_VAR_ref_600_3,3.42,3.85,52
82,User_VAR_600_1,4.38,4.0,52
82,User_VAR_600_2,4.38,4.0,52
82,User_VAR_600_3,5.0,4.0,52
84,Sys_VAR_ref_600_1,4.65,3.82,52
84,Sys_VAR_ref_600_2,4.65,3.85,52
84,Sys_VAR_ref_600_3,4.92,4.65,52
84,User_VAR_600_1,5.0,5.0,52
84,User_VAR_600_2,5.0,5.0,52
84,User_VAR_600_3,5.0,5.0,52
86,Sys_VAR_ref_600_1,1.42,1.85,52
86,Sys_VAR_ref_600_2,1.85,1.2,52
86,Sys_VAR_ref_600_3,1.25,1.8,52
86,User_VAR_600_1,3.0,2.0,52
86,User_VAR_600_2,3.0,1.0,52
86,User_VAR_600_3,2.5,2.0,52
88,Sys_VAR_ref_600_1,3.42,2.85,52
88,Sys_VAR_ref_600_2,3.42,2.85,52
88,Sys_VAR_ref_600_3,2.15,3.85,52
88,User_VAR_600_1,4.0,3.0,52
88,User_VAR_600_2,4.0,3.0,52
88,User_VAR_600_3,4.0,3.0,52
89,Sys_VAR_ref_600_1,4.92,4.85,52
89,Sys_VAR_ref_600_2,4.85,4.92,52
89,Sys_VAR_ref_600_3,4.92,4.95,52
89,User_VAR_600_1,5.0,5.0,52
89,User_VAR_600_2,5.0,5.0,52
89,User_VAR_600_3,5.0,5.0,52
90,Sys_VAR_ref_600_1,4.92,4.98,64
90,Sys_VAR_ref_600_2,4.65,4.2,64
90,Sys_VAR_ref_600_3,4.92,4.85,64
90,User_VAR_600_1,5.0,3.0,64
90,User_VAR_600_2,5.0,5.0,64
90,User_VAR_600_3,5.0,5.0,64
91,Sys_VAR_ref_600_1,2.85,1.65,64
91,Sys_VAR_ref_600_2,2.85,2.6,64
91,Sys_VAR_ref_600_3,2.85,3.6,64
91,User_VAR_600_1,3.57,3.0,64
91,User_VAR_600_2,2.86,4.0,64
91,User_VAR_600_3,2.14,4.0,64
93,Sys_VAR_ref_600_1,4.85,4.72,64
93,Sys_VAR_ref_600_2,4.15,3.65,64
93,Sys_VAR_ref_600_3,4.15,2.85,64
93,User_VAR_600_1,5.0,5.0,64
93,User_VAR_600_2,5.0,4.0,64
93,User_VAR_600_3,4.29,4.0,64
95,Sys_VAR_ref_600_1,4.92,4.95,64
95,Sys_VAR_ref_600_2,4.62,3.85,64
95,Sys_VAR_ref_600_3,4.85,4.92,64
95,User_VAR_600_1,5.0,5.0,64
95,User_VAR_600_2,5.0,5.0,64
95,User_VAR_600_3,5.0,4.0,64
97,Sys_VAR_ref_600_1,4.35,2.85,64
97,Sys_VAR_ref_600_2,4.68,3.85,64
97,Sys_VAR_ref_600_3,4.65,3.85,64
97,User_VAR_600_1,5.0,5.0,64
97,User_VAR_600_2,5.0,3.0,64
97,User_VAR_600_3,5.0,2.0,64
99,Sys_VAR_ref_600_1,2.85,2.6,64
99,Sys_VAR_ref_600_2,2.85,2.4,64
99,Sys_VAR_ref_600_3,2.45,3.85,64
99,User_VAR_600_1,2.5,4.0,64
99,User_VAR_600_2,2.5,4.0,64
99,User_VAR_600_3,2.5,4.0,64
100,Sys_VAR_ref_600_1,4.85,3.62,80
100,Sys_VAR_ref_600_2,4.65,1.5,80
100,Sys_VAR_ref_600_3,4.62,2.85,80
100,User_VAR_600_1,5.0,4.0,80
100,User_VAR_600_2,5.0,3.0,80
100,User_VAR_600_3,5.0,4.0,80
101,Sys_VAR_ref_600_1,4.12,1.5,80
101,Sys_VAR_ref_600_2,3.62,1.85,80
101,Sys_VAR_ref_600_3,3.82,1.47,80
101,User_VAR_600_1,5.0,2.0,80
101,User_VAR_600_2,5.0,3.0,80
101,User_VAR_600_3,5.0,3.0,80
103,Sys_VAR_ref_600_1,3.42,1.5,80
103,Sys_VAR_ref_600_2,4.65,1.5,80
103,Sys_VAR_ref_600_3,3.42,1.5,80
103,User_VAR_600_1,5.0,2.0,80
103,User_VAR_600_2,3.57,2.0,80
103,User_VAR_600_3,5.0,2.0,80
104,Sys_VAR_ref_600_1,3.42,1.85,80
104,Sys_VAR_ref_600_2,4.12,1.85,80
104,Sys_VAR_ref_600_3,3.85,1.25,80
104,User_VAR_600_1,4.29,2.0,80
104,User_VAR_600_2,5.0,1.0,80
104,User_VAR_600_3,5.0,1.0,80
106,Sys_VAR_ref_600_1,4.82,1.5,80
106,Sys_VAR_ref_600_2,4.85,3.65,80
106,Sys_VAR_ref_600_3,4.35,3.65,80
106,User_VAR_600_1,5.0,4.0,80
106,User_VAR_600_2,5.0,4.0,80
106,User_VAR_600_3,5.0,4.0,80
107,Sys_VAR_ref_600_1,4.65,1.5,80
107,Sys_VAR_ref_600_2,4.85,1.5,80
107,Sys_VAR_ref_600_3,4.85,1.5,80
107,User_VAR_600_1,5.0,3.0,80
107,User_VAR_600_2,5.0,2.0,80
107,User_VAR_600_3,5.0,4.0,80
111,Sys_VAR_ref_600_1,4.72,3.85,97
111,Sys_VAR_ref_600_2,4.92,4.98,97
111,Sys_VAR_ref_600_3,4.92,4.95,97
111,User_VAR_600_1,5.0,4.0,97
111,User_VAR_600_2,5.0,4.0,97
111,User_VAR_600_3,5.0,4.0,97
112,Sys_VAR_ref_600_1,4.92,4.95,97
112,Sys_VAR_ref_600_2,4.85,3.62,97
112,Sys_VAR_ref_600_3,4.98,4.95,97
112,User_VAR_600_1,5.0,4.0,97
112,User_VAR_600_2,5.0,5.0,97
112,User_VAR_600_3,5.0,5.0,97
114,Sys_VAR_ref_600_1,4.65,1.5,97
114,Sys_VAR_ref_600_2,4.85,1.5,97
114,Sys_VAR_ref_600_3,2.85,4.15,97
114,User_VAR_600_1,1.67,4.0,97
114,User_VAR_600_2,2.5,4.0,97
114,User_VAR_600_3,1.67,4.0,97
115,Sys_VAR_ref_600_1,4.85,1.5,97
115,Sys_VAR_ref_600_2,4.12,1.5,97
115,Sys_VAR_ref_600_3,4.82,1.5,97
115,User_VAR_600_1,5.0,2.0,97
115,User_VAR_600_2,5.0,2.0,97
115,User_VAR_600_3,5.0,2.0,97
117,Sys_VAR_ref_600_1,4.65,3.85,97
117,Sys_VAR_ref_600_2,4.65,3.85,97
117,Sys_VAR_ref_600_3,4.65,3.82,97
117,User_VAR_600_1,5.0,4.0,97
117,User_VAR_600_2,5.0,4.0,97
117,User_VAR_600_3,5.0,4.0,97
118,Sys_VAR_ref_600_1,4.82,3.65,97
118,Sys_VAR_ref_600_2,4.82,3.65,97
118,Sys_VAR_ref_600_3,4.85,4.92,97
118,User_VAR_600_1,5.0,5.0,97
118,User_VAR_600_2,5.0,5.0,97
118,User_VAR_600_3,5.0,3.0,97
121,Sys_VAR_ref_600_1,4.65,2.85,106
121,Sys_VAR_ref_600_2,4.12,2.85,106
121,Sys_VAR_ref_600_3,4.65,3.85,106
121,User_VAR_600_1,5.0,5.0,106
121,User_VAR_600_2,5.0,4.0,106
121,User_VAR_600_3,5.0,4.0,106
123,Sys_VAR_ref_600_1,4.12,2.85,106
123,Sys_VAR_ref_600_2,4.85,3.0,106
123,Sys_VAR_ref_600_3,4.62,3.0,106
123,User_VAR_600_1,5.0,3.0,106
123,User_VAR_600_2,5.0,3.0,106
123,User_VAR_600_3,5.0,3.0,106
124,Sys_VAR_ref_600_1,4.85,3.75,106
124,Sys_VAR_ref_600_2,4.92,4.85,106
124,Sys_VAR_ref_600_3,4.85,3.65,106
124,User_VAR_600_1,5.0,5.0,106
124,User_VAR_600_2,5.0,5.0,106
124,User_VAR_600_3,5.0,5.0,106
125,Sys_VAR_ref_600_1,4.92,4.85,106
125,Sys_VAR_ref_600_2,4.92,4.85,106
125,Sys_VAR_ref_600_3,4.92,4.85,106
125,User_VAR_600_1,5.0,5.0,106
125,User_VAR_600_2,5.0,4.0,106
125,User_VAR_600_3,5.0,4.0,106
127,Sys_VAR_ref_600_1,4.85,3.65,106
127,Sys_VAR_ref_600_2,4.85,3.65,106
127,Sys_VAR_ref_600_3,4.85,3.72,106
127,User_VAR_600_1,5.0,4.0,106
127,User_VAR_600_2,5.0,4.0,106
127,User_VAR_600_3,5.0,4.0,106
128,Sys_VAR_ref_600_1,4.85,3.65,106
128,Sys_VAR_ref_600_2,4.92,4.65,106
128,Sys_VAR_ref_600_3,4.85,3.65,106
128,User_VAR_600_1,5.0,4.0,106
128,User_VAR_600_2,5.0,4.0,106
128,User_VAR_600_3,5.0,4.0,106
132,Sys_VAR_ref_600_1,4.65,3.85,116
132,Sys_VAR_ref_600_2,4.85,4.6,116
132,Sys_VAR_ref_600_3,4.65,2.85,116
132,User_VAR_600_1,5.0,4.0,116
132,User_VAR_600_2,5.0,4.0,116
132,User_VAR_600_3,5.0,5.0,116
133,Sys_VAR_ref_600_1,4.68,3.42,116
133,Sys_VAR_ref_600_2,4.85,4.12,116
133,Sys_VAR_ref_600_3,4.85,3.65,116
133,User_VAR_600_1,5.0,4.0,116
133,User_VAR_600_2,5.0,4.0,116
133,User_VAR_600_3,5.0,4.0,116
136,Sys_VAR_ref_600_1,4.98,4.85,116
136,Sys_VAR_ref_600_2,4.98,4.95,116
136,Sys_VAR_ref_600_3,4.98,4.85,116
136,User_VAR_600_1,5.0,5.0,116
136,User_VAR_600_2,5.0,5.0,116
136,User_VAR_600_3,5.0,5.0,116
137,Sys_VAR_ref_600_1,4.85,2.65,116
137,Sys_VAR_ref_600_2,4.85,3.65,116
137,Sys_VAR_ref_600_3,4.65,2.85,116
137,User_VAR_600_1,5.0,3.0,116
137,User_VAR_600_2,5.0,2.0,116
137,User_VAR_600_3,5.0,2.0,116
138,Sys_VAR_ref_600_1,4.92,4.85,116
138,Sys_VAR_ref_600_2,4.98,4.95,116
138,Sys_VAR_ref_600_3,4.92,4.85,116
138,User_VAR_600_1,5.0,4.0,116
138,User_VAR_600_2,5.0,4.0,116
138,User_VAR_600_3,5.0,4.0,116
139,Sys_VAR_ref_600_1,4.98,4.85,116
139,Sys_VAR_ref_600_2,4.98,4.95,116
139,Sys_VAR_ref_600_3,4.92,4.85,116
139,User_VAR_600_1,5.0,5.0,116
139,User_VAR_600_2,5.0,5.0,116
139,User_VAR_600_3,5.0,5.0,116
140,Sys_VAR_ref_600_1,4.35,2.85,118
140,Sys_VAR_ref_600_2,4.12,2.85,118
140,Sys_VAR_ref_600_3,3.65,2.85,118
140,User_VAR_600_1,5.0,3.0,118
140,User_VAR_600_2,5.0,2.0,118
140,User_VAR_600_3,5.0,2.0,118
141,Sys_VAR_ref_600_1,1.85,1.42,118
141,Sys_VAR_ref_600_2,1.85,1.2,118
141,Sys_VAR_ref_600_3,2.85,1.42,118
141,User_VAR_600_1,4.17,2.0,118
141,User_VAR_600_2,3.33,2.0,118
141,User_VAR_600_3,4.0,2.0,118
143,Sys_VAR_ref_600_1,0.12,0.85,118
143,Sys_VAR_ref_600_2,2.85,3.1,118
143,Sys_VAR_ref_600_3,3.85,2.65,118
143,User_VAR_600_1,5.0,3.0,118
143,User_VAR_600_2,5.0,3.0,118
143,User_VAR_600_3,0.0,3.0,118
145,Sys_VAR_ref_600_1,3.85,2.65,118
145,Sys_VAR_ref_600_2,4.15,2.85,118
145,Sys_VAR_ref_600_3,3.85,2.65,118
145,User_VAR_600_1,3.33,2.0,118
145,User_VAR_600_2,3.12,2.0,118
145,User_VAR_600_3,3.12,3.0,118
146,Sys_VAR_ref_600_1,4.65,2.85,118
146,Sys_VAR_ref_600_2,2.15,1.2,118
146,Sys_VAR_ref_600_3,3.85,4.12,118
146,User_VAR_600_1,3.75,2.0,118
146,User_VAR_600_2,3.75,2.0,118
146,User_VAR_600_3,3.75,2.0,118
148,Sys_VAR_ref_600_1,4.35,2.85,118
148,Sys_VAR_ref_600_2,4.82,3.65,118
148,Sys_VAR_ref_600_3,3.85,3.92,118
148,User_VAR_600_1,3.33,4.0,118
148,User_VAR_600_2,5.0,4.0,118
148,User_VAR_600_3,3.33,4.0,118
150,Sys_VAR_ref_600_1,4.12,3.65,129
150,Sys_VAR_ref_600_2,4.12,3.65,129
150,Sys_VAR_ref_600_3,4.65,3.82,129
150,User_VAR_600_1,3.57,4.0,129
150,User_VAR_600_2,3.57,4.0,129
150,User_VAR_600_3,3.57,4.0,129
151,Sys_VAR_ref_600_1,4.12,2.85,129
151,Sys_VAR_ref_600_2,4.12,3.0,129
151,Sys_VAR_ref_600_3,4.12,2.85,129
151,User_VAR_600_1,3.57,3.0,129
151,User_VAR_600_2,3.57,3.0,129
151,User_VAR_600_3,3.57,4.0,129
152,Sys_VAR_ref_600_1,3.85,2.0,129
152,Sys_VAR_ref_600_2,4.12,2.0,129
152,Sys_VAR_ref_600_3,4.12,2.0,129
152,User_VAR_600_1,3.57,4.0,129
152,User_VAR_600_2,3.57,2.0,129
152,User_VAR_600_3,3.57,4.0,129
155,Sys_VAR_ref_600_1,4.65,3.85,129
155,Sys_VAR_ref_600_2,4.15,3.65,129
155,Sys_VAR_ref_600_3,4.12,1.5,129
155,User_VAR_600_1,5.0,4.0,129
155,User_VAR_600_2,3.33,4.0,129
155,User_VAR_600_3,5.0,4.0,129
156,Sys_VAR_ref_600_1,4.85,1.5,129
156,Sys_VAR_ref_600_2,4.85,1.5,129
156,Sys_VAR_ref_600_3,4.12,1.5,129
156,User_VAR_600_1,5.0,3.0,129
156,User_VAR_600_2,4.29,2.0,129
156,User_VAR_600_3,4.29,2.0,129
159,Sys_VAR_ref_600_1,3.42,1.5,129
159,Sys_VAR_ref_600_2,3.42,1.5,129
159,Sys_VAR_ref_600_3,3.85,1.5,129
159,User_VAR_600_1,3.33,2.0,129
159,User_VAR_600_2,2.78,2.0,129
159,User_VAR_600_3,3.33,2.0,129
163,Sys_VAR_ref_600_1,4.12,1.5,144
163,Sys_VAR_ref_600_2,4.62,2.85,144
163,Sys_VAR_ref_600_3,4.82,3.65,144
163,User_VAR_600_1,5.0,3.0,144
163,User_VAR_600_2,5.0,3.0,144
163,User_VAR_600_3,5.0,3.0,144
165,Sys_VAR_ref_600_1,2.85,1.5,144
165,Sys_VAR_ref_600_2,2.85,1.5,144
165,Sys_VAR_ref_600_3,2.85,1.5,144
165,User_VAR_600_1,3.89,2.0,144
165,User_VAR_600_2,3.89,3.0,144
165,User_VAR_600_3,3.89,2.0,144
166,Sys_VAR_ref_600_1,3.82,3.65,144
166,Sys_VAR_ref_600_2,2.85,3.62,144
166,Sys_VAR_ref_600_3,2.85,3.42,144
166,User_VAR_600_1,4.38,4.0,144
166,User_VAR_600_2,4.29,4.0,144
166,User_VAR_600_3,4.38,3.0,144
167,Sys_VAR_ref_600_1,4.72,1.5,144
167,Sys_VAR_ref_600_2,4.12,1.5,144
167,Sys_VAR_ref_600_3,4.12,1.5,144
167,User_VAR_600_1,4.44,2.0,144
167,User_VAR_600_2,5.0,3.0,144
167,User_VAR_600_3,5.0,3.0,144
168,Sys_VAR_ref_600_1,4.35,1.5,144
168,Sys_VAR_ref_600_2,4.15,1.5,144
168,Sys_VAR_ref_600_3,4.15,1.5,144
168,User_VAR_600_1,5.0,2.0,144
168,User_VAR_600_2,5.0,3.0,144
168,User_VAR_600_3,4.44,3.0,144
169,Sys_VAR_ref_600_1,4.85,3.65,144
169,Sys_VAR_ref_600_2,4.35,2.85,144
169,Sys_VAR_ref_600_3,4.65,3.85,144
169,User_VAR_600_1,5.0,5.0,144
169,User_VAR_600_2,5.0,4.0,144
169,User_VAR_600_3,5.0,5.0,144
171,Sys_VAR_ref_600_1,4.85,3.72,147
171,Sys_VAR_ref_600_2,4.85,3.72,147
171,Sys_VAR_ref_600_3,4.85,3.72,147
171,User_VAR_600_1,5.0,2.0,147
171,User_VAR_600_2,5.0,2.0,147
171,User_VAR_600_3,5.0,4.0,147
172,Sys_VAR_ref_600_1,4.82,3.65,147
172,Sys_VAR_ref_600_2,4.82,3.65,147
172,Sys_VAR_ref_600_3,4.85,3.65,147
172,User_VAR_600_1,5.0,4.0,147
172,User_VAR_600_2,5.0,4.0,147
172,User_VAR_600_3,5.0,4.0,147
174,Sys_VAR_ref_600_1,4.82,3.65,147
174,Sys_VAR_ref_600_2,4.15,2.85,147
174,Sys_VAR_ref_600_3,4.85,3.62,147
174,User_VAR_600_1,5.0,4.0,147
174,User_VAR_600_2,5.0,4.0,147
174,User_VAR_600_3,5.0,4.0,147
176,Sys_VAR_ref_600_1,4.15,2.85,147
176,Sys_VAR_ref_600_2,3.85,2.15,147
176,Sys_VAR_ref_600_3,4.85,2.9,147
176,User_VAR_600_1,5.0,2.0,147
176,User_VAR_600_2,5.0,3.0,147
176,User_VAR_600_3,5.0,2.0,147
177,Sys_VAR_ref_600_1,4.12,3.68,147
177,Sys_VAR_ref_600_2,3.85,2.75,147
177,Sys_VAR_ref_600_3,3.85,2.65,147
177,User_VAR_600_1,5.0,3.0,147
177,User_VAR_600_2,5.0,2.0,147
177,User_VAR_600_3,5.0,3.0,147
179,Sys_VAR_ref_600_1,2.85,1.92,147
179,Sys_VAR_ref_600_2,4.12,2.35,147
179,Sys_VAR_ref_600_3,4.85,2.3,147
179,User_VAR_600_1,5.0,3.0,147
179,User_VAR_600_2,2.5,2.0,147
179,User_VAR_600_3,2.5,2.0,147
182,Sys_VAR_ref_600_1,3.85,2.65,150
182,Sys_VAR_ref_600_2,4.12,1.5,150
182,Sys_VAR_ref_600_3,4.15,1.5,150
182,User_VAR_600_1,4.17,2.0,150
182,User_VAR_600_2,5.0,3.0,150
182,User_VAR_600_3,4.17,3.0,150
183,Sys_VAR_ref_600_1,4.12,1.5,150
183,Sys_VAR_ref_600_2,4.65,1.5,150
183,Sys_VAR_ref_600_3,4.12,1.5,150
183,User_VAR_600_1,5.0,2.0,150
183,User_VAR_600_2,5.0,3.0,150
183,User_VAR_600_3,5.0,4.0,150
184,Sys_VAR_ref_600_1,4.68,3.0,150
184,Sys_VAR_ref_600_2,4.68,3.0,150
184,Sys_VAR_ref_600_3,4.68,3.0,150
184,User_VAR_600_1,3.75,3.0,150
184,User_VAR_600_2,3.75,3.0,150
184,User_VAR_600_3,3.75,4.0,150
186,Sys_VAR_ref_600_1,4.62,3.85,150
186,Sys_VAR_ref_600_2,4.12,3.85,150
186,Sys_VAR_ref_600_3,4.15,3.25,150
186,User_VAR_600_1,5.0,4.0,150
186,User_VAR_600_2,5.0,4.0,150
186,User_VAR_600_3,5.0,5.0,150
188,Sys_VAR_ref_600_1,4.35,2.0,150
188,Sys_VAR_ref_600_2,4.35,2.0,150
188,Sys_VAR_ref_600_3,4.35,2.0,150
188,User_VAR_600_1,4.29,2.0,150
188,User_VAR_600_2,4.29,3.0,150
188,User_VAR_600_3,5.0,4.0,150
189,Sys_VAR_ref_600_1,4.15,1.5,150
189,Sys_VAR_ref_600_2,4.68,1.5,150
189,Sys_VAR_ref_600_3,4.12,1.5,150
189,User_VAR_600_1,5.0,2.0,150
189,User_VAR_600_2,5.0,2.0,150
189,User_VAR_600_3,5.0,3.0,150
190,Sys_VAR_ref_600_1,4.65,2.0,156
190,Sys_VAR_ref_600_2,4.68,2.0,156
190,Sys_VAR_ref_600_3,4.68,2.0,156
190,User_VAR_600_1,5.0,3.0,156
190,User_VAR_600_2,5.0,2.0,156
190,User_VAR_600_3,5.0,3.0,156
192,Sys_VAR_ref_600_1,4.85,3.8,156
192,Sys_VAR_ref_600_2,4.85,3.65,156
192,Sys_VAR_ref_600_3,4.85,3.8,156
192,User_VAR_600_1,5.0,4.0,156
192,User_VAR_600_2,5.0,4.0,156
192,User_VAR_600_3,5.0,4.0,156
193,Sys_VAR_ref_600_1,4.82,1.5,156
193,Sys_VAR_ref_600_2,4.82,1.5,156
193,Sys_VAR_ref_600_3,4.82,1.5,156
193,User_VAR_600_1,5.0,2.0,156
193,User_VAR_600_2,5.0,2.0,156
193,User_VAR_600_3,5.0,4.0,156
195,Sys_VAR_ref_600_1,4.62,3.45,156
195,Sys_VAR_ref_600_2,4.62,3.85,156
195,Sys_VAR_ref_600_3,4.35,3.85,156
195,User_VAR_600_1,5.0,4.0,156
195,User_VAR_600_2,5.0,4.0,156
195,User_VAR_600_3,5.0,4.0,156
196,Sys_VAR_ref_600_1,4.12,1.5,156
196,Sys_VAR_ref_600_3,4.12,1.5,156
196,User_VAR_600_1,5.0,3.0,156
196,User_VAR_600_2,5.0,4.0,156
196,User_VAR_600_3,5.0,4.0,156
197,Sys_VAR_ref_600_1,4.62,2.0,156
197,Sys_VAR_ref_600_2,4.68,2.0,156
197,Sys_VAR_ref_600_3,4.62,2.0,156
197,User_VAR_600_1,5.0,4.0,156
197,User_VAR_600_2,5.0,3.0,156
197,User_VAR_600_3,5.0,3.0,156
200,Sys_VAR_ref_600_1,3.65,2.0,159
200,Sys_VAR_ref_600_2,3.42,1.85,159
200,Sys_VAR_ref_600_3,2.85,2.0,159
200,User_VAR_600_1,4.29,3.0,159
200,User_VAR_600_2,4.29,2.0,159
200,User_VAR_600_3,4.29,1.0,159
202,Sys_VAR_ref_600_1,3.42,1.5,159
202,Sys_VAR_ref_600_2,4.35,1.5,159
202,Sys_VAR_ref_600_3,3.45,1.5,159
202,User_VAR_600_1,5.0,2.0,159
202,User_VAR_600_2,4.29,2.0,159
202,User_VAR_600_3,4.29,2.0,159
203,Sys_VAR_ref_600_1,2.85,1.5,159
203,Sys_VAR_ref_600_2,2.85,1.5,159
203,Sys_VAR_ref_600_3,3.45,1.5,159
203,User_VAR_600_1,5.0,2.0,159
203,User_VAR_600_2,5.0,3.0,159
203,User_VAR_600_3,5.0,2.0,159
204,Sys_VAR_ref_600_1,4.82,3.65,159
204,Sys_VAR_ref_600_2,4.12,3.85,159
204,Sys_VAR_ref_600_3,4.15,3.85,159
204,User_VAR_600_1,5.0,4.0,159
204,User_VAR_600_2,5.0,4.0,159
204,User_VAR_600_3,5.0,4.0,159
206,Sys_VAR_ref_600_1,3.42,2.85,159
206,Sys_VAR_ref_600_2,1.45,1.5,159
206,Sys_VAR_ref_600_3,3.42,1.5,159
206,User_VAR_600_1,2.5,2.0,159
206,User_VAR_600_2,2.5,3.0,159
206,User_VAR_600_3,2.5,3.0,159
209,Sys_VAR_ref_600_1,3.82,2.0,159
209,Sys_VAR_ref_600_2,3.82,2.0,159
209,Sys_VAR_ref_600_3,3.82,2.0,159
209,User_VAR_600_1,5.0,2.0,159
209,User_VAR_600_2,5.0,3.0,159
209,User_VAR_600_3,5.0,3.0,159
210,Sys_VAR_ref_600_1,3.65,1.5,281
210,Sys_VAR_ref_600_2,3.85,1.5,281
210,Sys_VAR_ref_600_3,3.85,1.5,281
210,User_VAR_600_1,5.0,4.0,281
210,User_VAR_600_2,5.0,2.0,281
210,User_VAR_600_3,4.0,4.0,281
214,Sys_VAR_ref_600_1,4.12,1.5,281
214,Sys_VAR_ref_600_2,4.65,1.5,281
214,Sys_VAR_ref_600_3,4.65,1.5,281
214,User_VAR_600_1,5.0,2.0,281
214,User_VAR_600_2,5.0,4.0,281
214,User_VAR_600_3,5.0,4.0,281
215,Sys_VAR_ref_600_1,4.85,1.5,281
215,Sys_VAR_ref_600_2,4.65,1.5,281
215,Sys_VAR_ref_600_3,4.85,1.5,281
215,User_VAR_600_1,5.0,2.0,281
215,User_VAR_600_2,5.0,4.0,281
215,User_VAR_600_3,5.0,4.0,281
216,Sys_VAR_ref_600_1,4.85,1.5,281
216,Sys_VAR_ref_600_2,4.85,1.5,281
216,Sys_VAR_ref_600_3,4.72,1.5,281
216,User_VAR_600_1,5.0,2.0,281
216,User_VAR_600_2,5.0,4.0,281
216,User_VAR_600_3,5.0,3.0,281
217,Sys_VAR_ref_600_1,4.12,1.5,281
217,Sys_VAR_ref_600_2,4.65,1.5,281
217,Sys_VAR_ref_600_3,4.85,1.5,281
217,User_VAR_600_1,5.0,2.0,281
217,User_VAR_600_2,5.0,3.0,281
217,User_VAR_600_3,5.0,3.0,281
218,Sys_VAR_ref_600_1,1.85,0.92,281
218,Sys_VAR_ref_600_2,3.85,1.5,281
218,Sys_VAR_ref_600_3,3.85,1.5,281
218,User_VAR_600_1,5.0,2.0,281
218,User_VAR_600_2,5.0,3.0,281
218,User_VAR_600_3,5.0,2.0,281
220,Sys_VAR_ref_600_1,4.85,3.62,300
220,Sys_VAR_ref_600_2,4.15,3.2,300
220,Sys_VAR_ref_600_3,4.92,3.85,300
220,User_VAR_600_1,4.38,4.0,300
220,User_VAR_600_2,5.0,4.0,300
220,User_VAR_600_3,5.0,5.0,300
222,Sys_VAR_ref_600_1,2.85,1.2,300
222,Sys_VAR_ref_600_2,4.12,2.85,300
222,Sys_VAR_ref_600_3,3.65,2.85,300
222,User_VAR_600_1,3.75,3.0,300
222,User_VAR_600_2,3.75,3.0,300
222,User_VAR_600_3,3.75,3.0,300
223,Sys_VAR_ref_600_1,4.95,4.92,300
223,Sys_VAR_ref_600_2,5.0,5.0,300
223,Sys_VAR_ref_600_3,5.0,5.0,300
223,User_VAR_600_1,5.0,5.0,300
223,User_VAR_600_2,5.0,5.0,300
223,User_VAR_600_3,5.0,5.0,300
224,Sys_VAR_ref_600_1,2.85,1.2,300
224,Sys_VAR_ref_600_2,2.85,1.2,300
224,Sys_VAR_ref_600_3,2.85,1.2,300
224,User_VAR_600_1,2.5,1.0,300
224,User_VAR_600_2,2.5,1.0,300
224,User_VAR_600_3,0.0,1.0,300
225,Sys_VAR_ref_600_1,4.92,4.15,300
225,Sys_VAR_ref_600_2,3.45,2.85,300
225,Sys_VAR_ref_600_3,4.15,3.85,300
225,User_VAR_600_1,5.0,3.0,300
225,User_VAR_600_2,3.75,4.0,300
225,User_VAR_600_3,3.75,2.0,300
228,Sys_VAR_ref_600_1,4.92,4.85,300
228,Sys_VAR_ref_600_2,4.65,4.12,300
228,Sys_VAR_ref_600_3,4.92,4.85,300
228,User_VAR_600_1,4.38,5.0,300
228,User_VAR_600_2,4.38,5.0,300
228,User_VAR_600_3,5.0,4.0,300
230,Sys_VAR_ref_600_1,4.92,4.95,322
230,Sys_VAR_ref_600_2,4.92,4.95,322
230,Sys_VAR_ref_600_3,5.0,5.0,322
230,User_VAR_600_1,5.0,5.0,322
230,User_VAR_600_2,5.0,5.0,322
230,User_VAR_600_3,5.0,5.0,322
232,Sys_VAR_ref_600_1,4.65,3.85,322
232,Sys_VAR_ref_600_2,4.15,1.5,322
232,Sys_VAR_ref_600_3,4.65,3.85,322
232,User_VAR_600_1,4.29,4.0,322
232,User_VAR_600_2,4.29,4.0,322
232,User_VAR_600_3,4.29,4.0,322
235,Sys_VAR_ref_600_1,4.92,4.85,322
235,Sys_VAR_ref_600_2,4.65,3.85,322
235,Sys_VAR_ref_600_3,4.85,3.75,322
235,User_VAR_600_1,4.29,5.0,322
235,User_VAR_600_2,4.29,5.0,322
235,User_VAR_600_3,5.0,5.0,322
236,Sys_VAR_ref_600_1,4.65,3.8,322
236,Sys_VAR_ref_600_2,4.85,3.65,322
236,Sys_VAR_ref_600_3,4.65,2.85,322
236,User_VAR_600_1,5.0,3.0,322
236,User_VAR_600_2,5.0,3.0,322
236,User_VAR_600_3,5.0,3.0,322
237,Sys_VAR_ref_600_1,4.85,4.75,322
237,Sys_VAR_ref_600_2,4.72,2.85,322
237,Sys_VAR_ref_600_3,4.85,3.65,322
237,User_VAR_600_1,5.0,4.0,322
237,User_VAR_600_2,5.0,4.0,322
237,User_VAR_600_3,5.0,5.0,322
239,Sys_VAR_ref_600_1,4.92,4.95,322
239,Sys_VAR_ref_600_2,4.92,4.85,322
239,Sys_VAR_ref_600_3,4.92,4.85,322
239,User_VAR_600_1,5.0,5.0,322
239,User_VAR_600_2,5.0,5.0,322
239,User_VAR_600_3,5.0,5.0,322
241,Sys_VAR_ref_600_1,3.45,1.5,330
241,Sys_VAR_ref_600_2,3.42,1.5,330
241,Sys_VAR_ref_600_3,3.42,1.5,330
241,User_VAR_600_1,4.17,2.0,330
241,User_VAR_600_2,4.0,2.0,330
241,User_VAR_600_3,4.0,3.0,330
242,Sys_VAR_ref_600_1,3.82,2.15,330
242,Sys_VAR_ref_600_2,3.65,2.85,330
242,Sys_VAR_ref_600_3,3.65,2.85,330
242,User_VAR_600_1,4.0,3.0,330
242,User_VAR_600_2,3.33,3.0,330
242,User_VAR_600_3,3.33,3.0,330
245,Sys_VAR_ref_600_1,4.92,3.0,330
245,Sys_VAR_ref_600_2,4.85,3.0,330
245,Sys_VAR_ref_600_3,3.65,2.85,330
245,User_VAR_600_1,4.29,4.0,330
245,User_VAR_600_2,5.0,5.0,330
245,User_VAR_600_3,5.0,3.0,330
246,Sys_VAR_ref_600_1,3.85,2.75,330
246,Sys_VAR_ref_600_2,3.42,3.85,330
246,Sys_VAR_ref_600_3,3.45,2.85,330
246,User_VAR_600_1,3.57,2.0,330
246,User_VAR_600_2,3.57,3.0,330
246,User_VAR_600_3,3.57,2.0,330
248,Sys_VAR_ref_600_1,3.82,1.5,330
248,Sys_VAR_ref_600_2,4.12,1.5,330
248,Sys_VAR_ref_600_3,3.85,1.5,330
248,User_VAR_600_1,5.0,4.0,330
248,User_VAR_600_2,5.0,4.0,330
248,User_VAR_600_3,5.0,4.0,330
249,Sys_VAR_ref_600_1,4.92,4.95,330
249,Sys_VAR_ref_600_2,4.82,3.65,330
249,Sys_VAR_ref_600_3,4.85,4.62,330
249,User_VAR_600_1,4.17,3.0,330
249,User_VAR_600_2,5.0,5.0,330
249,User_VAR_600_3,4.17,5.0,330
251,Sys_VAR_ref_600_1,1.65,0.85,333
251,Sys_VAR_ref_600_2,1.85,1.42,333
251,Sys_VAR_ref_600_3,3.42,1.5,333
251,User_VAR_600_1,2.0,2.0,333
251,User_VAR_600_2,2.0,2.0,333
251,User_VAR_600_3,2.0,2.0,333
252,Sys_VAR_ref_600_1,4.72,2.0,333
252,Sys_VAR_ref_600_2,4.85,2.0,333
252,Sys_VAR_ref_600_3,4.65,3.82,333
252,User_VAR_600_1,5.0,4.0,333
252,User_VAR_600_2,5.0,4.0,333
252,User_VAR_600_3,5.0,4.0,333
253,Sys_VAR_ref_600_1,2.15,1.5,333
253,Sys_VAR_ref_600_2,3.82,1.5,333
253,Sys_VAR_ref_600_3,2.85,1.5,333
253,User_VAR_600_1,4.17,2.0,333
253,User_VAR_600_2,5.0,1.0,333
253,User_VAR_600_3,4.17,1.0,333
254,Sys_VAR_ref_600_1,2.15,1.5,333
254,Sys_VAR_ref_600_2,1.85,1.5,333
254,Sys_VAR_ref_600_3,2.85,1.45,333
254,User_VAR_600_1,3.75,3.0,333
254,User_VAR_600_2,2.5,2.0,333
254,User_VAR_600_3,2.5,3.0,333
257,Sys_VAR_ref_600_1,3.42,1.5,333
257,Sys_VAR_ref_600_2,3.42,1.5,333
257,Sys_VAR_ref_600_3,3.42,1.5,333
257,User_VAR_600_1,4.17,3.0,333
257,User_VAR_600_2,4.17,2.0,333
257,User_VAR_600_3,4.17,2.0,333
258,Sys_VAR_ref_600_1,4.65,1.5,333
258,Sys_VAR_ref_600_2,4.65,3.82,333
258,Sys_VAR_ref_600_3,4.85,4.92,333
258,User_VAR_600_1,5.0,3.0,333
258,User_VAR_600_2,5.0,4.0,333
258,User_VAR_600_3,5.0,3.0,333
260,Sys_VAR_ref_600_1,3.65,1.5,339
260,Sys_VAR_ref_600_2,3.42,1.5,339
260,Sys_VAR_ref_600_3,4.15,1.5,339
260,User_VAR_600_1,3.75,3.0,339
260,User_VAR_600_2,1.67,2.0,339
260,User_VAR_600_3,1.67,2.0,339
263,Sys_VAR_ref_600_1,2.85,1.92,339
263,Sys_VAR_ref_600_2,2.85,1.92,339
263,Sys_VAR_ref_600_3,2.15,1.85,339
263,User_VAR_600_1,1.25,2.0,339
263,User_VAR_600_2,1.25,2.0,339
263,User_VAR_600_3,1.25,2.0,339
265,Sys_VAR_ref_600_1,4.65,3.85,339
265,Sys_VAR_ref_600_2,4.92,4.15,339
265,Sys_VAR_ref_600_3,4.98,4.85,339
265,User_VAR_600_1,5.0,4.0,339
265,User_VAR_600_2,5.0,4.0,339
265,User_VAR_600_3,5.0,4.0,339
267,Sys_VAR_ref_600_1,3.65,1.5,339
267,Sys_VAR_ref_600_2,4.65,1.5,339
267,Sys_VAR_ref_600_3,4.12,1.5,339
267,User_VAR_600_1,4.29,2.0,339
267,User_VAR_600_2,4.17,3.0,339
267,User_VAR_600_3,4.29,3.0,339
268,Sys_VAR_ref_600_1,4.15,3.85,339
268,Sys_VAR_ref_600_2,4.85,3.92,339
268,Sys_VAR_ref_600_3,4.65,3.85,339
268,User_VAR_600_1,4.38,2.0,339
268,User_VAR_600_2,5.0,3.0,339
268,User_VAR_600_3,4.38,3.0,339
269,Sys_VAR_ref_600_1,4.85,2.0,339
269,Sys_VAR_ref_600_2,4.85,2.0,339
269,Sys_VAR_ref_600_3,4.85,2.0,339
269,User_VAR_600_1,5.0,5.0,339
269,User_VAR_600_2,5.0,5.0,339
269,User_VAR_600_3,5.0,2.0,339
270,Sys_VAR_ref_600_1,4.92,4.35,347
270,Sys_VAR_ref_600_2,4.92,4.35,347
270,Sys_VAR_ref_600_3,4.92,3.85,347
270,User_VAR_600_1,5.0,4.0,347
270,User_VAR_600_2,5.0,4.0,347
270,User_VAR_600_3,5.0,4.0,347
271,Sys_VAR_ref_600_1,4.85,3.6,347
271,Sys_VAR_ref_600_2,4.85,1.5,347
271,Sys_VAR_ref_600_3,4.92,4.95,347
271,User_VAR_600_1,5.0,2.0,347
271,User_VAR_600_2,5.0,4.0,347
271,User_VAR_600_3,5.0,4.0,347
273,Sys_VAR_ref_600_1,4.92,4.88,347
273,Sys_VAR_ref_600_2,4.98,4.97,347
273,Sys_VAR_ref_600_3,5.0,5.0,347
273,User_VAR_600_1,5.0,5.0,347
273,User_VAR_600_2,5.0,5.0,347
273,User_VAR_600_3,5.0,5.0,347
274,Sys_VAR_ref_600_1,4.15,4.62,347
274,Sys_VAR_ref_600_2,4.12,3.0,347
274,Sys_VAR_ref_600_3,4.12,3.0,347
274,User_VAR_600_1,5.0,4.0,347
274,User_VAR_600_2,5.0,3.0,347
274,User_VAR_600_3,5.0,5.0,347
275,Sys_VAR_ref_600_1,2.15,2.85,347
275,Sys_VAR_ref_600_2,2.85,2.1,347
275,Sys_VAR_ref_600_3,2.15,3.0,347
275,User_VAR_600_1,5.0,3.0,347
275,User_VAR_600_2,3.33,3.0,347
275,User_VAR_600_3,3.33,3.0,347
278,Sys_VAR_ref_600_1,4.85,3.65,347
278,Sys_VAR_ref_600_2,4.82,3.65,347
278,Sys_VAR_ref_600_3,4.68,2.85,347
278,User_VAR_600_1,5.0,5.0,347
278,User_VAR_600_2,5.0,5.0,347
278,User_VAR_600_3,5.0,5.0,347
280,Sys_VAR_ref_600_1,4.82,1.5,356
280,Sys_VAR_ref_600_2,4.85,1.5,356
280,Sys_VAR_ref_600_3,4.12,1.5,356
280,User_VAR_600_1,4.29,2.0,356
280,User_VAR_600_2,4.29,3.0,356
280,User_VAR_600_3,4.29,3.0,356
281,Sys_VAR_ref_600_1,4.12,2.0,356
281,Sys_VAR_ref_600_2,4.12,2.0,356
281,Sys_VAR_ref_600_3,3.85,2.0,356
281,User_VAR_600_1,4.29,2.0,356
281,User_VAR_600_2,4.29,4.0,356
281,User_VAR_600_3,4.29,3.0,356
284,Sys_VAR_ref_600_1,4.85,3.0,356
284,Sys_VAR_ref_600_2,4.85,3.0,356
284,Sys_VAR_ref_600_3,4.85,3.0,356
284,User_VAR_600_1,5.0,3.0,356
284,User_VAR_600_2,5.0,5.0,356
284,User_VAR_600_3,5.0,3.0,356
286,Sys_VAR_ref_600_1,4.62,3.85,356
286,Sys_VAR_ref_600_2,4.85,3.65,356
286,Sys_VAR_ref_600_3,4.85,3.65,356
286,User_VAR_600_1,5.0,3.0,356
286,User_VAR_600_2,4.44,4.0,356
286,User_VAR_600_3,5.0,4.0,356
287,Sys_VAR_ref_600_1,4.65,2.85,356
287,Sys_VAR_ref_600_2,4.62,3.85,356
287,Sys_VAR_ref_600_3,4.85,2.75,356
287,User_VAR_600_1,5.0,5.0,356
287,User_VAR_600_2,5.0,5.0,356
287,User_VAR_600_3,5.0,4.0,356
289,Sys_VAR_ref_600_1,4.35,3.0,356
289,Sys_VAR_ref_600_2,4.15,3.0,356
289,Sys_VAR_ref_600_3,4.85,3.0,356
289,User_VAR_600_1,5.0,3.0,356
289,User_VAR_600_2,5.0,4.0,356
289,User_VAR_600_3,5.0,3.0,356
291,Sys_VAR_ref_600_1,4.82,3.65,365
291,Sys_VAR_ref_600_2,3.85,3.65,365
291,Sys_VAR_ref_600_3,4.15,3.85,365
291,User_VAR_600_1,5.0,4.0,365
291,User_VAR_600_2,5.0,2.0,365
291,User_VAR_600_3,5.0,2.0,365
292,Sys_VAR_ref_600_1,4.65,1.5,365
292,Sys_VAR_ref_600_2,4.12,1.5,365
292,Sys_VAR_ref_600_3,4.12,1.5,365
292,User_VAR_600_1,4.17,4.0,365
292,User_VAR_600_2,4.17,4.0,365
292,User_VAR_600_3,4.17,4.0,365
294,Sys_VAR_ref_600_1,4.12,1.5,365
294,Sys_VAR_ref_600_2,4.12,1.5,365
294,Sys_VAR_ref_600_3,4.65,1.5,365
294,User_VAR_600_1,5.0,2.0,365
294,User_VAR_600_2,5.0,4.0,365
294,User_VAR_600_3,5.0,4.0,365
297,Sys_VAR_ref_600_1,1.25,1.5,365
297,Sys_VAR_ref_600_2,1.45,1.5,365
297,Sys_VAR_ref_600_3,0.15,1.5,365
297,User_VAR_600_1,1.88,2.0,365
297,User_VAR_600_2,3.0,2.0,365
297,User_VAR_600_3,3.0,2.0,365
298,Sys_VAR_ref_600_1,4.12,1.5,365
298,Sys_VAR_ref_600_2,4.12,1.5,365
298,Sys_VAR_ref_600_3,4.12,1.5,365
298,User_VAR_600_1,4.0,2.0,365
298,User_VAR_600_2,4.0,3.0,365
298,User_VAR_600_3,4.0,3.0,365
299,Sys_VAR_ref_600_1,4.65,2.0,365
299,Sys_VAR_ref_600_2,4.15,2.0,365
299,Sys_VAR_ref_600_3,4.65,2.0,365
299,User_VAR_600_1,4.29,2.0,365
299,User_VAR_600_2,4.38,4.0,365
299,User_VAR_600_3,4.38,4.0,365
301,Sys_VAR_ref_600_1,4.68,3.42,370
301,Sys_VAR_ref_600_2,4.62,3.85,370
301,Sys_VAR_ref_600_3,4.65,3.2,370
301,User_VAR_600_1,5.0,4.0,370
301,User_VAR_600_2,5.0,3.0,370
301,User_VAR_600_3,5.0,3.0,370
303,Sys_VAR_ref_600_1,3.82,2.65,370
303,Sys_VAR_ref_600_2,2.85,1.5,370
303,Sys_VAR_ref_600_3,3.45,1.5,370
303,User_VAR_600_1,4.0,2.0,370
303,User_VAR_600_2,3.0,3.0,370
303,User_VAR_600_3,4.0,2.0,370
304,Sys_VAR_ref_600_1,4.65,3.0,370
304,Sys_VAR_ref_600_2,4.62,3.0,370
304,Sys_VAR_ref_600_3,4.62,3.0,370
304,User_VAR_600_1,5.0,3.0,370
304,User_VAR_600_2,5.0,3.0,370
304,User_VAR_600_3,5.0,4.0,370
305,Sys_VAR_ref_600_1,4.82,1.5,370
305,Sys_VAR_ref_600_2,4.35,1.5,370
305,Sys_VAR_ref_600_3,4.35,1.5,370
305,User_VAR_600_1,5.0,2.0,370
305,User_VAR_600_2,5.0,2.0,370
305,User_VAR_600_3,5.0,3.0,370
306,Sys_VAR_ref_600_1,3.85,2.0,370
306,Sys_VAR_ref_600_2,4.15,2.0,370
306,Sys_VAR_ref_600_3,4.12,2.0,370
306,User_VAR_600_1,5.0,2.0,370
306,User_VAR_600_2,5.0,4.0,370
306,User_VAR_600_3,5.0,2.0,370
308,Sys_VAR_ref_600_1,4.92,1.5,370
308,Sys_VAR_ref_600_2,4.85,1.5,370
308,Sys_VAR_ref_600_3,4.92,1.5,370
308,User_VAR_600_1,5.0,5.0,370
308,User_VAR_600_2,5.0,2.0,370
308,User_VAR_600_3,5.0,5.0,370
313,Sys_VAR_ref_600_1,1.42,1.5,389
313,Sys_VAR_ref_600_2,1.85,1.5,389
313,Sys_VAR_ref_600_3,1.85,1.5,389
313,User_VAR_600_1,2.22,2.0,389
313,User_VAR_600_2,1.67,2.0,389
313,User_VAR_600_3,2.22,3.0,389
314,Sys_VAR_ref_600_1,4.12,3.85,389
314,Sys_VAR_ref_600_2,2.85,3.62,389
314,Sys_VAR_ref_600_3,2.85,2.1,389
314,User_VAR_600_1,3.33,3.0,389
314,User_VAR_600_2,3.89,3.0,389
314,User_VAR_600_3,3.89,2.0,389
315,Sys_VAR_ref_600_1,0.15,3.0,389
315,Sys_VAR_ref_600_2,0.05,3.0,389
315,Sys_VAR_ref_600_3,1.85,2.1,389
315,User_VAR_600_1,0.0,4.0,389
315,User_VAR_600_2,0.0,3.0,389
315,User_VAR_600_3,2.22,3.0,389
316,Sys_VAR_ref_600_1,1.85,2.45,389
316,Sys_VAR_ref_600_2,1.85,2.0,389
316,Sys_VAR_ref_600_3,1.42,2.85,389
316,User_VAR_600_1,2.22,2.0,389
316,User_VAR_600_2,1.67,2.0,389
316,User_VAR_600_3,2.22,2.0,389
318,Sys_VAR_ref_600_1,1.85,1.5,389
318,Sys_VAR_ref_600_2,4.12,1.5,389
318,Sys_VAR_ref_600_3,1.42,1.5,389
318,User_VAR_600_1,1.67,3.0,389
318,User_VAR_600_2,1.67,2.0,389
318,User_VAR_600_3,1.67,2.0,389
319,Sys_VAR_ref_600_1,1.85,1.42,389
319,Sys_VAR_ref_600_2,1.15,1.5,389
319,Sys_VAR_ref_600_3,1.25,1.5,389
319,User_VAR_600_1,1.11,2.0,389
319,User_VAR_600_2,1.67,2.0,389
319,User_VAR_600_3,1.11,2.0,389
320,Sys_VAR_ref_600_1,1.85,2.1,392
320,Sys_VAR_ref_600_2,1.85,2.9,392
320,Sys_VAR_ref_600_3,1.85,3.42,392
320,User_VAR_600_1,3.0,4.0,392
320,User_VAR_600_2,3.33,4.0,392
320,User_VAR_600_3,3.33,4.0,392
322,Sys_VAR_ref_600_1,2.85,1.95,392
322,Sys_VAR_ref_600_2,2.85,1.92,392
322,Sys_VAR_ref_600_3,2.85,1.65,392
322,User_VAR_600_1,2.14,3.0,392
322,User_VAR_600_2,2.14,2.0,392
322,User_VAR_600_3,2.86,2.0,392
323,Sys_VAR_ref_600_1,4.65,3.82,392
323,Sys_VAR_ref_600_2,4.65,2.85,392
323,Sys_VAR_ref_600_3,4.15,3.2,392
323,User_VAR_600_1,4.29,3.0,392
323,User_VAR_600_2,4.29,3.0,392
323,User_VAR_600_3,4.29,3.0,392
324,Sys_VAR_ref_600_1,1.85,2.92,392
324,Sys_VAR_ref_600_2,2.85,2.15,392
324,Sys_VAR_ref_600_3,2.15,2.85,392
324,User_VAR_600_1,3.57,4.0,392
324,User_VAR_600_2,3.57,3.0,392
324,User_VAR_600_3,3.57,4.0,392
326,Sys_VAR_ref_600_1,4.85,3.72,392
326,Sys_VAR_ref_600_2,4.72,2.85,392
326,Sys_VAR_ref_600_3,4.72,3.85,392
326,User_VAR_600_1,5.0,4.0,392
326,User_VAR_600_2,5.0,2.0,392
326,User_VAR_600_3,5.0,2.0,392
329,Sys_VAR_ref_600_1,4.85,3.65,392
329,Sys_VAR_ref_600_2,4.85,3.65,392
329,Sys_VAR_ref_600_3,4.85,4.12,392
329,User_VAR_600_1,5.0,4.0,392
329,User_VAR_600_2,5.0,4.0,392
329,User_VAR_600_3,5.0,4.0,392
330,Sys_VAR_ref_600_1,1.85,1.2,394
330,Sys_VAR_ref_600_2,3.15,1.85,394
330,Sys_VAR_ref_600_3,1.85,1.65,394
330,User_VAR_600_1,1.67,2.0,394
330,User_VAR_600_2,3.75,1.0,394
330,User_VAR_600_3,1.67,2.0,394
331,Sys_VAR_ref_600_1,4.85,4.72,394
331,Sys_VAR_ref_600_2,4.85,3.92,394
331,Sys_VAR_ref_600_3,4.12,3.85,394
331,User_VAR_600_1,5.0,4.0,394
331,User_VAR_600_2,5.0,5.0,394
331,User_VAR_600_3,5.0,4.0,394
333,Sys_VAR_ref_600_1,4.65,2.85,394
333,Sys_VAR_ref_600_2,4.98,4.95,394
333,Sys_VAR_ref_600_3,4.72,2.85,394
333,User_VAR_600_1,5.0,5.0,394
333,User_VAR_600_2,5.0,5.0,394
333,User_VAR_600_3,5.0,5.0,394
334,Sys_VAR_ref_600_1,4.12,1.85,394
334,Sys_VAR_ref_600_2,3.42,1.85,394
334,Sys_VAR_ref_600_3,2.85,2.15,394
334,User_VAR_600_1,3.57,2.0,394
334,User_VAR_600_2,5.0,2.0,394
334,User_VAR_600_3,5.0,2.0,394
338,Sys_VAR_ref_600_1,4.85,3.6,394
338,Sys_VAR_ref_600_2,4.85,2.1,394
338,Sys_VAR_ref_600_3,4.85,2.65,394
338,User_VAR_600_1,5.0,4.0,394
338,User_VAR_600_2,5.0,4.0,394
338,User_VAR_600_3,5.0,4.0,394
339,Sys_VAR_ref_600_1,4.65,4.82,394
339,Sys_VAR_ref_600_2,4.12,2.85,394
339,Sys_VAR_ref_600_3,4.12,3.85,394
339,User_VAR_600_1,4.17,3.0,394
339,User_VAR_600_2,4.17,5.0,394
339,User_VAR_600_3,5.0,2.0,394
340,Sys_VAR_ref_600_1,4.72,3.85,396
340,Sys_VAR_ref_600_2,4.35,2.85,396
340,Sys_VAR_ref_600_3,4.82,3.65,396
340,User_VAR_600_1,4.29,2.0,396
340,User_VAR_600_2,4.29,3.0,396
340,User_VAR_600_3,4.29,3.0,396
341,Sys_VAR_ref_600_1,4.35,3.65,396
341,Sys_VAR_ref_600_2,4.65,3.85,396
341,Sys_VAR_ref_600_3,4.82,3.65,396
341,User_VAR_600_1,5.0,3.0,396
341,User_VAR_600_2,5.0,4.0,396
341,User_VAR_600_3,5.0,3.0,396
342,Sys_VAR_ref_600_1,4.82,3.65,396
342,Sys_VAR_ref_600_2,4.85,4.2,396
342,Sys_VAR_ref_600_3,4.72,3.85,396
342,User_VAR_600_1,5.0,3.0,396
342,User_VAR_600_2,5.0,4.0,396
342,User_VAR_600_3,5.0,3.0,396
343,Sys_VAR_ref_600_1,4.85,3.65,396
343,Sys_VAR_ref_600_2,4.72,3.65,396
343,Sys_VAR_ref_600_3,4.72,3.85,396
343,User_VAR_600_1,5.0,4.0,396
343,User_VAR_600_2,5.0,4.0,396
343,User_VAR_600_3,5.0,4.0,396
346,Sys_VAR_ref_600_1,4.35,3.82,396
346,Sys_VAR_ref_600_2,4.72,3.85,396
346,Sys_VAR_ref_600_3,4.72,3.85,396
346,User_VAR_600_1,5.0,4.0,396
346,User_VAR_600_2,5.0,4.0,396
346,User_VAR_600_3,5.0,4.0,396
348,Sys_VAR_ref_600_1,4.35,2.85,396
348,Sys_VAR_ref_600_2,4.82,3.65,396
348,Sys_VAR_ref_600_3,3.82,3.45,396
348,User_VAR_600_1,5.0,3.0,396
348,User_VAR_600_2,5.0,3.0,396
348,User_VAR_600_3,5.0,3.0,396
351,Sys_VAR_ref_600_1,4.12,3.65,400
351,Sys_VAR_ref_600_2,4.85,3.72,400
351,Sys_VAR_ref_600_3,4.15,3.25,400
351,User_VAR_600_1,5.0,2.0,400
351,User_VAR_600_2,5.0,4.0,400
351,User_VAR_600_3,5.0,4.0,400
352,Sys_VAR_ref_600_1,4.65,1.5,400
352,Sys_VAR_ref_600_2,4.85,3.65,400
352,Sys_VAR_ref_600_3,4.85,1.5,400
352,User_VAR_600_1,5.0,3.0,400
352,User_VAR_600_2,4.44,3.0,400
352,User_VAR_600_3,4.44,2.0,400
353,Sys_VAR_ref_600_1,4.15,1.5,400
353,Sys_VAR_ref_600_2,3.85,3.6,400
353,Sys_VAR_ref_600_3,4.85,3.6,400
353,User_VAR_600_1,5.0,3.0,400
353,User_VAR_600_2,3.75,2.0,400
353,User_VAR_600_3,5.0,3.0,400
355,Sys_VAR_ref_600_1,3.85,1.2,400
355,Sys_VAR_ref_600_2,4.82,1.15,400
355,Sys_VAR_ref_600_3,3.82,1.47,400
355,User_VAR_600_1,5.0,1.0,400
355,User_VAR_600_2,5.0,0.0,400
355,User_VAR_600_3,5.0,0.0,400
357,Sys_VAR_ref_600_1,4.12,1.5,400
357,Sys_VAR_ref_600_2,3.65,1.5,400
357,Sys_VAR_ref_600_3,4.12,1.5,400
357,User_VAR_600_1,3.0,2.0,400
357,User_VAR_600_2,5.0,2.0,400
357,User_VAR_600_3,3.0,2.0,400
358,Sys_VAR_ref_600_1,4.65,1.5,400
358,Sys_VAR_ref_600_2,2.85,2.1,400
358,Sys_VAR_ref_600_3,4.85,1.5,400
358,User_VAR_600_1,5.0,3.0,400
358,User_VAR_600_2,2.22,3.0,400
358,User_VAR_600_3,5.0,2.0,400
362,Sys_VAR_ref_600_1,0.85,1.2,405
362,Sys_VAR_ref_600_2,1.25,1.8,405
362,Sys_VAR_ref_600_3,1.42,2.85,405
362,User_VAR_600_1,1.11,2.0,405
362,User_VAR_600_2,1.11,2.0,405
362,User_VAR_600_3,1.11,2.0,405
363,Sys_VAR_ref_600_1,4.12,2.85,405
363,Sys_VAR_ref_600_2,4.85,2.1,405
363,Sys_VAR_ref_600_3,3.85,2.1,405
363,User_VAR_600_1,4.44,3.0,405
363,User_VAR_600_2,4.44,2.0,405
363,User_VAR_600_3,2.78,2.0,405
364,Sys_VAR_ref_600_1,3.82,2.45,405
364,Sys_VAR_ref_600_2,4.85,3.72,405
364,Sys_VAR_ref_600_3,4.15,2.85,405
364,User_VAR_600_1,5.0,4.0,405
364,User_VAR_600_2,4.0,4.0,405
364,User_VAR_600_3,5.0,2.0,405
365,Sys_VAR_ref_600_1,3.15,1.85,405
365,Sys_VAR_ref_600_2,3.15,1.85,405
365,Sys_VAR_ref_600_3,3.85,1.42,405
365,User_VAR_600_1,3.89,2.0,405
365,User_VAR_600_2,3.89,2.0,405
365,User_VAR_600_3,2.78,2.0,405
366,Sys_VAR_ref_600_1,3.85,2.15,405
366,Sys_VAR_ref_600_2,4.85,1.5,405
366,Sys_VAR_ref_600_3,4.85,2.65,405
366,User_VAR_600_1,5.0,2.0,405
366,User_VAR_600_2,5.0,2.0,405
366,User_VAR_600_3,5.0,2.0,405
368,Sys_VAR_ref_600_1,2.85,2.15,405
368,Sys_VAR_ref_600_2,2.85,2.6,405
368,Sys_VAR_ref_600_3,2.85,2.4,405
368,User_VAR_600_1,2.22,3.0,405
368,User_VAR_600_2,2.22,3.0,405
368,User_VAR_600_3,2.22,4.0,405
371,Sys_VAR_ref_600_1,1.85,2.92,406
371,Sys_VAR_ref_600_2,1.85,2.4,406
371,Sys_VAR_ref_600_3,1.85,2.1,406
371,User_VAR_600_1,3.33,2.0,406
371,User_VAR_600_2,3.75,2.0,406
371,User_VAR_600_3,2.5,4.0,406
373,Sys_VAR_ref_600_1,4.12,3.85,406
373,Sys_VAR_ref_600_2,4.15,4.62,406
373,Sys_VAR_ref_600_3,4.72,4.15,406
373,User_VAR_600_1,5.0,4.0,406
373,User_VAR_600_2,4.44,4.0,406
373,User_VAR_600_3,5.0,5.0,406
376,Sys_VAR_ref_600_1,2.85,2.4,406
376,Sys_VAR_ref_600_2,2.15,2.85,406
376,Sys_VAR_ref_600_3,4.65,3.82,406
376,User_VAR_600_1,2.22,2.0,406
376,User_VAR_600_2,5.0,2.0,406
376,User_VAR_600_3,2.86,4.0,406
377,Sys_VAR_ref_600_1,4.85,3.7,406
377,Sys_VAR_ref_600_2,4.85,3.6,406
377,Sys_VAR_ref_600_3,4.15,2.65,406
377,User_VAR_600_1,0.0,4.0,406
377,User_VAR_600_2,0.0,4.0,406
377,User_VAR_600_3,4.29,4.0,406
378,Sys_VAR_ref_600_1,3.85,2.75,406
378,Sys_VAR_ref_600_2,3.42,2.85,406
378,Sys_VAR_ref_600_3,3.85,3.2,406
378,User_VAR_600_1,3.33,2.0,406
378,User_VAR_600_2,3.33,4.0,406
378,User_VAR_600_3,3.0,3.0,406
379,Sys_VAR_ref_600_1,4.85,4.2,406
379,Sys_VAR_ref_600_2,4.82,3.65,406
379,Sys_VAR_ref_600_3,4.85,4.92,406
379,User_VAR_600_1,5.0,5.0,406
379,User_VAR_600_2,5.0,4.0,406
379,User_VAR_600_3,5.0,5.0,406
381,Sys_VAR_ref_600_1,4.65,3.82,413
381,Sys_VAR_ref_600_2,3.85,2.15,413
381,Sys_VAR_ref_600_3,4.25,4.1,413
381,User_VAR_600_1,4.29,3.0,413
381,User_VAR_600_2,3.57,4.0,413
381,User_VAR_600_3,4.38,4.0,413
382,Sys_VAR_ref_600_1,3.85,2.0,413
382,Sys_VAR_ref_600_2,4.65,2.0,413
382,Sys_VAR_ref_600_3,4.85,2.0,413
382,User_VAR_600_1,3.12,2.0,413
382,User_VAR_600_2,3.12,2.0,413
382,User_VAR_600_3,3.12,3.0,413
383,Sys_VAR_ref_600_1,4.85,1.5,413
383,Sys_VAR_ref_600_2,4.72,3.85,413
383,Sys_VAR_ref_600_3,4.15,1.5,413
383,User_VAR_600_1,5.0,3.0,413
383,User_VAR_600_2,5.0,4.0,413
383,User_VAR_600_3,5.0,3.0,413
385,Sys_VAR_ref_600_1,2.15,1.85,413
385,Sys_VAR_ref_600_2,3.45,2.85,413
385,Sys_VAR_ref_600_3,3.82,2.15,413
385,User_VAR_600_1,3.33,2.0,413
385,User_VAR_600_2,3.33,3.0,413
385,User_VAR_600_3,3.89,2.0,413
386,Sys_VAR_ref_600_1,4.12,1.5,413
386,Sys_VAR_ref_600_2,4.65,1.5,413
386,Sys_VAR_ref_600_3,4.65,1.5,413
386,User_VAR_600_1,5.0,3.0,413
386,User_VAR_600_2,5.0,3.0,413
386,User_VAR_600_3,5.0,3.0,413
389,Sys_VAR_ref_600_1,3.82,1.47,413
389,Sys_VAR_ref_600_2,4.15,1.5,413
389,Sys_VAR_ref_600_3,4.65,1.5,413
389,User_VAR_600_1,0.0,2.0,413
389,User_VAR_600_2,3.89,3.0,413
389,User_VAR_600_3,5.0,3.0,413
390,Sys_VAR_ref_600_1,3.82,1.47,415
390,Sys_VAR_ref_600_2,3.82,1.47,415
390,Sys_VAR_ref_600_3,3.82,1.47,415
390,User_VAR_600_1,4.0,1.0,415
390,User_VAR_600_2,5.0,1.0,415
390,User_VAR_600_3,5.0,1.0,415
391,Sys_VAR_ref_600_1,3.85,1.92,415
391,Sys_VAR_ref_600_2,4.12,2.85,415
391,Sys_VAR_ref_600_3,4.15,2.85,415
391,User_VAR_600_1,5.0,3.0,415
391,User_VAR_600_2,3.89,3.0,415
391,User_VAR_600_3,3.89,3.0,415
392,Sys_VAR_ref_600_1,4.25,2.85,415
392,Sys_VAR_ref_600_2,4.85,2.15,415
392,Sys_VAR_ref_600_3,4.85,2.15,415
392,User_VAR_600_1,5.0,2.0,415
392,User_VAR_600_2,4.17,4.0,415
392,User_VAR_600_3,5.0,2.0,415
393,Sys_VAR_ref_600_1,0.15,2.85,415
393,Sys_VAR_ref_600_2,0.42,1.85,415
393,Sys_VAR_ref_600_3,1.85,2.1,415
393,User_VAR_600_1,0.62,3.0,415
393,User_VAR_600_2,1.67,3.0,415
393,User_VAR_600_3,0.62,3.0,415
397,Sys_VAR_ref_600_1,1.25,2.85,415
397,Sys_VAR_ref_600_2,1.25,1.85,415
397,Sys_VAR_ref_600_3,0.85,1.42,415
397,User_VAR_600_1,5.0,2.0,415
397,User_VAR_600_2,0.56,4.0,415
397,User_VAR_600_3,1.11,4.0,415
398,Sys_VAR_ref_600_1,4.85,3.65,415
398,Sys_VAR_ref_600_2,4.12,2.85,415
398,Sys_VAR_ref_600_3,3.85,3.62,415
398,User_VAR_600_1,3.57,2.0,415
398,User_VAR_600_2,3.57,3.0,415
398,User_VAR_600_3,3.57,2.0,415
401,Sys_VAR_ref_600_1,4.25,1.5,419
401,Sys_VAR_ref_600_2,4.25,1.5,419
401,Sys_VAR_ref_600_3,4.85,1.5,419
401,User_VAR_600_1,5.0,2.0,419
401,User_VAR_600_2,3.89,2.0,419
401,User_VAR_600_3,3.89,2.0,419
403,Sys_VAR_ref_600_1,4.85,3.65,419
403,Sys_VAR_ref_600_2,4.25,3.8,419
403,Sys_VAR_ref_600_3,4.85,3.75,419
403,User_VAR_600_1,4.38,4.0,419
403,User_VAR_600_2,4.38,4.0,419
403,User_VAR_600_3,4.38,2.0,419
404,Sys_VAR_ref_600_1,4.65,3.82,419
404,Sys_VAR_ref_600_2,4.85,4.2,419
404,Sys_VAR_ref_600_3,4.85,3.75,419
404,User_VAR_600_1,5.0,4.0,419
404,User_VAR_600_2,5.0,4.0,419
404,User_VAR_600_3,5.0,4.0,419
407,Sys_VAR_ref_600_1,4.85,2.15,419
407,Sys_VAR_ref_600_2,4.15,3.62,419
407,Sys_VAR_ref_600_3,4.85,3.62,419
407,User_VAR_600_1,5.0,4.0,419
407,User_VAR_600_2,5.0,4.0,419
407,User_VAR_600_3,4.17,4.0,419
408,Sys_VAR_ref_600_1,4.85,4.12,419
408,Sys_VAR_ref_600_2,4.85,4.2,419
408,Sys_VAR_ref_600_3,4.85,2.15,419
408,User_VAR_600_1,4.29,4.0,419
408,User_VAR_600_2,4.29,4.0,419
408,User_VAR_600_3,5.0,4.0,419
409,Sys_VAR_ref_600_1,0.0,0.0,419
409,Sys_VAR_ref_600_2,0.0,4.85,419
409,Sys_VAR_ref_600_3,0.0,1.0,419
409,User_VAR_600_1,0.0,5.0,419
409,User_VAR_600_2,0.0,5.0,419
409,User_VAR_600_3,0.0,5.0,419
411,Sys_VAR_ref_600_1,2.85,1.92,421
411,Sys_VAR_ref_600_2,1.85,2.1,421
411,Sys_VAR_ref_600_3,2.15,1.85,421
411,User_VAR_600_1,2.78,1.0,421
411,User_VAR_600_2,2.78,1.0,421
411,User_VAR_600_3,3.33,2.0,421
412,Sys_VAR_ref_600_1,3.45,2.85,421
412,Sys_VAR_ref_600_2,4.92,4.35,421
412,Sys_VAR_ref_600_3,3.45,2.85,421
412,User_VAR_600_1,5.0,4.0,421
412,User_VAR_600_2,3.33,4.0,421
412,User_VAR_600_3,3.33,3.0,421
413,Sys_VAR_ref_600_1,3.45,2.85,421
413,Sys_VAR_ref_600_2,2.78,3.42,421
413,Sys_VAR_ref_600_3,2.85,2.1,421
413,User_VAR_600_1,3.12,4.0,421
413,User_VAR_600_2,2.78,2.0,421
413,User_VAR_600_3,2.78,2.0,421
416,Sys_VAR_ref_600_1,4.12,2.85,421
416,Sys_VAR_ref_600_2,3.45,3.82,421
416,Sys_VAR_ref_600_3,3.42,2.85,421
416,User_VAR_600_1,3.33,4.0,421
416,User_VAR_600_2,5.0,3.0,421
416,User_VAR_600_3,3.33,3.0,421
417,Sys_VAR_ref_600_1,3.82,3.65,421
417,Sys_VAR_ref_600_2,4.12,3.65,421
417,Sys_VAR_ref_600_3,3.85,2.9,421
417,User_VAR_600_1,3.89,4.0,421
417,User_VAR_600_2,3.89,4.0,421
417,User_VAR_600_3,3.89,4.0,421
419,Sys_VAR_ref_600_1,4.65,2.85,421
419,Sys_VAR_ref_600_2,4.85,4.2,421
419,Sys_VAR_ref_600_3,4.85,3.2,421
419,User_VAR_600_1,4.44,4.0,421
419,User_VAR_600_2,4.44,4.0,421
419,User_VAR_600_3,4.44,4.0,421
420,Sys_VAR_ref_600_1,0.85,2.4,426
420,Sys_VAR_ref_600_2,2.15,1.85,426
420,Sys_VAR_ref_600_3,1.85,2.4,426
420,User_VAR_600_1,3.12,2.0,426
420,User_VAR_600_2,1.67,2.0,426
420,User_VAR_600_3,3.12,2.0,426
421,Sys_VAR_ref_600_1,2.85,1.65,426
421,Sys_VAR_ref_600_2,2.85,1.65,426
421,Sys_VAR_ref_600_3,2.15,1.85,426
421,User_VAR_600_1,2.5,2.0,426
421,User_VAR_600_2,2.5,2.0,426
421,User_VAR_600_3,2.5,2.0,426
424,Sys_VAR_ref_600_1,1.85,1.2,426
424,Sys_VAR_ref_600_2,2.85,1.92,426
424,Sys_VAR_ref_600_3,2.85,1.2,426
424,User_VAR_600_1,3.12,2.0,426
424,User_VAR_600_2,3.75,1.0,426
424,User_VAR_600_3,3.75,2.0,426
425,Sys_VAR_ref_600_1,2.85,1.9,426
425,Sys_VAR_ref_600_2,2.85,1.65,426
425,Sys_VAR_ref_600_3,2.85,1.92,426
425,User_VAR_600_1,3.12,2.0,426
425,User_VAR_600_2,3.12,2.0,426
425,User_VAR_600_3,2.5,1.0,426
427,Sys_VAR_ref_600_1,2.85,1.65,426
427,Sys_VAR_ref_600_2,2.15,1.85,426
427,Sys_VAR_ref_600_3,3.15,1.82,426
427,User_VAR_600_1,2.5,2.0,426
427,User_VAR_600_2,2.5,2.0,426
427,User_VAR_600_3,2.5,2.0,426
429,Sys_VAR_ref_600_1,2.85,2.4,426
429,Sys_VAR_ref_600_2,2.85,2.4,426
429,Sys_VAR_ref_600_3,2.15,2.8,426
429,User_VAR_600_1,3.12,1.0,426
429,User_VAR_600_2,3.12,3.0,426
429,User_VAR_600_3,3.12,1.0,426
430,Sys_VAR_ref_600_1,0.0,0.85,429
430,Sys_VAR_ref_600_2,1.85,1.5,429
430,Sys_VAR_ref_600_3,0.0,1.5,429
430,User_VAR_600_1,0.0,2.0,429
430,User_VAR_600_2,3.33,2.0,429
430,User_VAR_600_3,0.0,2.0,429
431,Sys_VAR_ref_600_1,3.85,3.6,429
431,Sys_VAR_ref_600_2,3.85,2.9,429
431,Sys_VAR_ref_600_3,4.65,3.82,429
431,User_VAR_600_1,3.75,5.0,429
431,User_VAR_600_2,3.75,5.0,429
431,User_VAR_600_3,2.5,5.0,429
433,Sys_VAR_ref_600_1,2.85,2.1,429
433,Sys_VAR_ref_600_2,1.85,1.92,429
433,Sys_VAR_ref_600_3,0.85,2.1,429
433,User_VAR_600_1,3.75,2.0,429
433,User_VAR_600_2,3.75,2.0,429
433,User_VAR_600_3,3.75,2.0,429
435,Sys_VAR_ref_600_1,0.15,0.85,429
435,Sys_VAR_ref_600_2,0.12,0.85,429
435,Sys_VAR_ref_600_3,0.42,1.15,429
435,User_VAR_600_1,0.0,1.0,429
435,User_VAR_600_2,0.0,1.0,429
435,User_VAR_600_3,0.0,2.0,429
437,Sys_VAR_ref_600_1,4.15,3.85,429
437,Sys_VAR_ref_600_2,4.85,3.62,429
437,Sys_VAR_ref_600_3,4.85,3.72,429
437,User_VAR_600_1,4.38,3.0,429
437,User_VAR_600_2,3.75,5.0,429
437,User_VAR_600_3,4.38,5.0,429
438,Sys_VAR_ref_600_1,3.42,2.15,429
438,Sys_VAR_ref_600_2,2.85,1.5,429
438,Sys_VAR_ref_600_3,2.85,1.45,429
438,User_VAR_600_1,3.12,2.0,429
438,User_VAR_600_2,3.12,2.0,429
438,User_VAR_600_3,3.12,2.0,429
440,Sys_VAR_ref_600_1,4.85,1.5,432
440,Sys_VAR_ref_600_2,4.85,1.2,432
440,Sys_VAR_ref_600_3,4.85,1.5,432
440,User_VAR_600_1,5.0,1.0,432
440,User_VAR_600_2,5.0,2.0,432
440,User_VAR_600_3,5.0,1.0,432
441,Sys_VAR_ref_600_1,1.25,1.8,432
441,Sys_VAR_ref_600_2,0.15,0.85,432
441,Sys_VAR_ref_600_3,0.12,0.85,432
441,User_VAR_600_1,0.0,0.0,432
441,User_VAR_600_2,0.0,0.0,432
441,User_VAR_600_3,0.0,1.0,432
443,Sys_VAR_ref_600_1,4.85,3.62,432
443,Sys_VAR_ref_600_2,4.65,2.85,432
443,Sys_VAR_ref_600_3,4.85,1.5,432
443,User_VAR_600_1,5.0,4.0,432
443,User_VAR_600_2,5.0,4.0,432
443,User_VAR_600_3,5.0,4.0,432
446,Sys_VAR_ref_600_1,4.85,1.5,432
446,Sys_VAR_ref_600_2,4.92,4.85,432
446,Sys_VAR_ref_600_3,4.85,3.75,432
446,User_VAR_600_1,5.0,2.0,432
446,User_VAR_600_2,5.0,3.0,432
446,User_VAR_600_3,5.0,5.0,432
447,Sys_VAR_ref_600_1,4.85,1.5,432
447,Sys_VAR_ref_600_2,3.85,1.5,432
447,Sys_VAR_ref_600_3,4.12,1.5,432
447,User_VAR_600_1,4.38,2.0,432
447,User_VAR_600_2,4.29,2.0,432
447,User_VAR_600_3,4.38,2.0,432
448,Sys_VAR_ref_600_1,3.85,1.92,432
448,Sys_VAR_ref_600_2,2.85,1.9,432
448,Sys_VAR_ref_600_3,1.25,1.83,432
448,User_VAR_600_1,3.12,2.0,432
448,User_VAR_600_2,3.12,2.0,432
448,User_VAR_600_3,3.12,1.0,432
450,Sys_VAR_ref_600_1,5.0,5.0,443
450,Sys_VAR_ref_600_2,5.0,5.0,443
450,Sys_VAR_ref_600_3,4.65,3.82,443
450,User_VAR_600_1,5.0,4.0,443
450,User_VAR_600_2,5.0,3.0,443
450,User_VAR_600_3,5.0,4.0,443
452,Sys_VAR_ref_600_1,4.85,1.65,443
452,Sys_VAR_ref_600_2,4.65,2.85,443
452,Sys_VAR_ref_600_3,4.65,1.85,443
452,User_VAR_600_1,5.0,3.0,443
452,User_VAR_600_2,5.0,2.0,443
452,User_VAR_600_3,5.0,3.0,443
453,Sys_VAR_ref_600_1,1.25,3.8,443
453,Sys_VAR_ref_600_2,0.85,3.2,443
453,Sys_VAR_ref_600_3,1.25,2.85,443
453,User_VAR_600_1,1.67,3.0,443
453,User_VAR_600_2,1.67,3.0,443
453,User_VAR_600_3,1.67,3.0,443
454,Sys_VAR_ref_600_1,4.65,3.85,443
454,Sys_VAR_ref_600_2,3.85,4.12,443
454,Sys_VAR_ref_600_3,4.65,3.85,443
454,User_VAR_600_1,5.0,3.0,443
454,User_VAR_600_2,5.0,4.0,443
454,User_VAR_600_3,5.0,3.0,443
456,Sys_VAR_ref_600_1,4.25,3.8,443
456,Sys_VAR_ref_600_2,5.0,5.0,443
456,Sys_VAR_ref_600_3,4.85,3.75,443
456,User_VAR_600_1,4.38,4.0,443
456,User_VAR_600_2,4.38,4.0,443
456,User_VAR_600_3,4.38,4.0,443
458,Sys_VAR_ref_600_1,4.65,2.15,443
458,Sys_VAR_ref_600_2,2.85,1.42,443
458,Sys_VAR_ref_600_3,4.25,1.85,443
458,User_VAR_600_1,5.0,2.0,443
458,User_VAR_600_2,4.38,3.0,443
458,User_VAR_600_3,3.33,3.0,443
461,Sys_VAR_ref_600_1,4.85,2.3,446
461,Sys_VAR_ref_600_2,4.85,3.65,446
461,Sys_VAR_ref_600_3,4.25,2.85,446
461,User_VAR_600_1,5.0,2.0,446
461,User_VAR_600_2,4.17,2.0,446
461,User_VAR_600_3,5.0,4.0,446
462,Sys_VAR_ref_600_1,2.85,2.6,446
462,Sys_VAR_ref_600_2,2.15,2.85,446
462,Sys_VAR_ref_600_3,3.85,3.62,446
462,User_VAR_600_1,4.38,3.0,446
462,User_VAR_600_2,4.38,2.0,446
462,User_VAR_600_3,4.38,3.0,446
466,Sys_VAR_ref_600_1,4.65,2.85,446
466,Sys_VAR_ref_600_2,4.65,2.85,446
466,Sys_VAR_ref_600_3,4.65,2.85,446
466,User_VAR_600_1,4.38,3.0,446
466,User_VAR_600_2,4.38,4.0,446
466,User_VAR_600_3,5.0,4.0,446
467,Sys_VAR_ref_600_1,1.15,3.85,446
467,Sys_VAR_ref_600_2,0.12,3.45,446
467,Sys_VAR_ref_600_3,0.15,2.85,446
467,User_VAR_600_1,0.56,3.0,446
467,User_VAR_600_2,0.56,2.0,446
467,User_VAR_600_3,1.11,5.0,446
468,Sys_VAR_ref_600_1,4.25,2.85,446
468,Sys_VAR_ref_600_2,3.82,2.15,446
468,Sys_VAR_ref_600_3,2.85,1.42,446
468,User_VAR_600_1,4.29,2.0,446
468,User_VAR_600_2,5.0,2.0,446
468,User_VAR_600_3,5.0,2.0,446
469,Sys_VAR_ref_600_1,4.65,3.82,446
469,Sys_VAR_ref_600_2,4.25,2.85,446
469,Sys_VAR_ref_600_3,4.65,2.85,446
469,User_VAR_600_1,4.38,3.0,446
469,User_VAR_600_2,3.89,3.0,446
469,User_VAR_600_3,3.89,3.0,446
470,Sys_VAR_ref_600_1,3.82,1.47,453
470,Sys_VAR_ref_600_2,3.85,1.2,453
470,Sys_VAR_ref_600_3,4.25,3.85,453
470,User_VAR_600_1,5.0,2.0,453
470,User_VAR_600_2,4.38,2.0,453
470,User_VAR_600_3,3.75,2.0,453
472,Sys_VAR_ref_600_1,4.85,2.35,453
472,Sys_VAR_ref_600_2,4.85,2.65,453
472,Sys_VAR_ref_600_3,4.85,3.62,453
472,User_VAR_600_1,5.0,3.0,453
472,User_VAR_600_2,5.0,2.0,453
472,User_VAR_600_3,5.0,2.0,453
473,Sys_VAR_ref_600_1,4.85,2.3,453
473,Sys_VAR_ref_600_2,4.85,3.6,453
473,Sys_VAR_ref_600_3,4.85,2.75,453
473,User_VAR_600_1,5.0,3.0,453
473,User_VAR_600_2,4.17,3.0,453
473,User_VAR_600_3,5.0,3.0,453
475,Sys_VAR_ref_600_1,4.85,3.65,453
475,Sys_VAR_ref_600_2,4.12,2.85,453
475,Sys_VAR_ref_600_3,4.85,2.15,453
475,User_VAR_600_1,3.75,2.0,453
475,User_VAR_600_2,3.75,3.0,453
475,User_VAR_600_3,3.75,2.0,453
477,Sys_VAR_ref_600_1,4.12,2.85,453
477,Sys_VAR_ref_600_2,4.12,2.85,453
477,Sys_VAR_ref_600_3,4.65,2.85,453
477,User_VAR_600_1,3.75,3.0,453
477,User_VAR_600_2,3.75,2.0,453
477,User_VAR_600_3,3.75,3.0,453
478,Sys_VAR_ref_600_1,4.12,2.85,453
478,Sys_VAR_ref_600_2,3.85,1.92,453
478,Sys_VAR_ref_600_3,4.15,2.85,453
478,User_VAR_600_1,3.75,2.0,453
478,User_VAR_600_2,2.86,2.0,453
478,User_VAR_600_3,2.86,2.0,453
480,Sys_VAR_ref_600_1,1.85,1.42,461
480,Sys_VAR_ref_600_2,1.15,2.85,461
480,Sys_VAR_ref_600_3,1.42,2.85,461
480,User_VAR_600_1,1.11,2.0,461
480,User_VAR_600_2,1.67,2.0,461
480,User_VAR_600_3,1.11,3.0,461
482,Sys_VAR_ref_600_1,3.45,2.85,461
482,Sys_VAR_ref_600_2,3.85,2.15,461
482,Sys_VAR_ref_600_3,4.15,3.85,461
482,User_VAR_600_1,2.78,4.0,461
482,User_VAR_600_2,2.78,4.0,461
482,User_VAR_600_3,2.78,3.0,461
484,Sys_VAR_ref_600_1,2.85,3.6,461
484,Sys_VAR_ref_600_2,4.15,3.85,461
484,Sys_VAR_ref_600_3,2.85,3.65,461
484,User_VAR_600_1,2.22,4.0,461
484,User_VAR_600_2,3.33,4.0,461
484,User_VAR_600_3,2.22,4.0,461
486,Sys_VAR_ref_600_1,5.0,5.0,461
486,Sys_VAR_ref_600_2,4.85,4.6,461
486,Sys_VAR_ref_600_3,4.65,3.85,461
486,User_VAR_600_1,4.38,4.0,461
486,User_VAR_600_2,5.0,5.0,461
486,User_VAR_600_3,5.0,4.0,461
487,Sys_VAR_ref_600_1,5.0,5.0,461
487,Sys_VAR_ref_600_2,5.0,5.0,461
487,Sys_VAR_ref_600_3,5.0,5.0,461
487,User_VAR_600_1,5.0,5.0,461
487,User_VAR_600_2,5.0,5.0,461
487,User_VAR_600_3,5.0,5.0,461
489,Sys_VAR_ref_600_1,0.12,1.35,461
489,Sys_VAR_ref_600_2,0.12,0.85,461
489,Sys_VAR_ref_600_3,1.25,1.85,461
489,User_VAR_600_1,1.11,1.0,461
489,User_VAR_600_2,1.11,1.0,461
489,User_VAR_600_3,1.11,1.0,461
491,Sys_VAR_ref_600_1,2.85,1.92,477
491,Sys_VAR_ref_600_2,2.85,1.65,477
491,Sys_VAR_ref_600_3,2.85,1.42,477
491,User_VAR_600_1,2.78,2.0,477
491,User_VAR_600_2,2.78,2.0,477
491,User_VAR_600_3,2.78,2.0,477
492,Sys_VAR_ref_600_1,4.15,2.85,477
492,Sys_VAR_ref_600_2,3.45,2.15,477
492,Sys_VAR_ref_600_3,3.45,2.15,477
492,User_VAR_600_1,3.33,2.0,477
492,User_VAR_600_2,0.0,1.0,477
492,User_VAR_600_3,3.33,4.0,477
493,Sys_VAR_ref_600_1,2.15,2.85,477
493,Sys_VAR_ref_600_2,3.45,2.85,477
493,Sys_VAR_ref_600_3,3.85,2.4,477
493,User_VAR_600_1,2.22,2.0,477
493,User_VAR_600_2,2.22,3.0,477
493,User_VAR_600_3,2.22,2.0,477
495,Sys_VAR_ref_600_1,1.85,2.4,477
495,Sys_VAR_ref_600_2,1.15,1.85,477
495,Sys_VAR_ref_600_3,2.85,1.65,477
495,User_VAR_600_1,3.33,2.0,477
495,User_VAR_600_2,3.33,2.0,477
495,User_VAR_600_3,2.22,2.0,477
497,Sys_VAR_ref_600_1,1.85,1.2,477
497,Sys_VAR_ref_600_2,2.15,1.2,477
497,Sys_VAR_ref_600_3,1.85,1.2,477
497,User_VAR_600_1,0.0,1.0,477
497,User_VAR_600_2,2.5,2.0,477
497,User_VAR_600_3,2.5,1.0,477
498,Sys_VAR_ref_600_1,1.85,2.4,477
498,Sys_VAR_ref_600_2,1.85,2.4,477
498,Sys_VAR_ref_600_3,1.85,2.4,477
498,User_VAR_600_1,2.78,2.0,477
498,User_VAR_600_2,2.78,2.0,477
498,User_VAR_600_3,2.22,2.0,477
500,Sys_VAR_ref_600_1,4.65,3.85,479
500,Sys_VAR_ref_600_2,4.85,4.62,479
500,Sys_VAR_ref_600_3,4.65,3.85,479
500,User_VAR_600_1,4.44,4.0,479
500,User_VAR_600_2,4.44,4.0,479
500,User_VAR_600_3,4.44,5.0,479
501,Sys_VAR_ref_600_1,5.0,5.0,479
501,Sys_VAR_ref_600_2,5.0,5.0,479
501,Sys_VAR_ref_600_3,5.0,5.0,479
501,User_VAR_600_1,5.0,5.0,479
501,User_VAR_600_2,5.0,5.0,479
501,User_VAR_600_3,5.0,5.0,479
503,Sys_VAR_ref_600_1,4.85,3.72,479
503,Sys_VAR_ref_600_2,4.85,3.72,479
503,Sys_VAR_ref_600_3,4.15,2.85,479
503,User_VAR_600_1,2.78,4.0,479
503,User_VAR_600_2,2.78,3.0,479
503,User_VAR_600_3,2.78,4.0,479
504,Sys_VAR_ref_600_1,4.12,2.85,479
504,Sys_VAR_ref_600_2,4.65,2.85,479
504,Sys_VAR_ref_600_3,1.15,2.85,479
504,User_VAR_600_1,1.25,2.0,479
504,User_VAR_600_2,5.0,2.0,479
504,User_VAR_600_3,5.0,1.0,479
507,Sys_VAR_ref_600_1,4.72,3.85,479
507,Sys_VAR_ref_600_2,4.15,3.85,479
507,Sys_VAR_ref_600_3,4.65,3.75,479
507,User_VAR_600_1,3.89,4.0,479
507,User_VAR_600_2,3.33,3.0,479
507,User_VAR_600_3,3.89,4.0,479
508,Sys_VAR_ref_600_1,3.85,1.65,479
508,Sys_VAR_ref_600_2,4.85,3.75,479
508,Sys_VAR_ref_600_3,4.85,3.75,479
508,User_VAR_600_1,3.89,2.0,479
508,User_VAR_600_2,3.89,4.0,479
508,User_VAR_600_3,5.0,4.0,479
511,Sys_VAR_ref_600_1,0.85,1.2,481
511,Sys_VAR_ref_600_2,4.65,3.82,481
511,Sys_VAR_ref_600_3,1.85,1.2,481
511,User_VAR_600_1,1.67,1.0,481
511,User_VAR_600_2,0.56,2.0,481
511,User_VAR_600_3,1.67,2.0,481
512,Sys_VAR_ref_600_1,3.85,2.15,481
512,Sys_VAR_ref_600_2,1.85,1.92,481
512,Sys_VAR_ref_600_3,1.85,1.2,481
512,User_VAR_600_1,1.67,1.0,481
512,User_VAR_600_2,3.89,2.0,481
512,User_VAR_600_3,1.67,1.0,481
515,Sys_VAR_ref_600_1,4.65,2.85,481
515,Sys_VAR_ref_600_2,4.65,2.85,481
515,Sys_VAR_ref_600_3,4.65,3.82,481
515,User_VAR_600_1,4.38,3.0,481
515,User_VAR_600_2,5.0,3.0,481
515,User_VAR_600_3,5.0,3.0,481
516,Sys_VAR_ref_600_1,4.12,2.85,481
516,Sys_VAR_ref_600_2,3.65,1.82,481
516,Sys_VAR_ref_600_3,3.82,1.47,481
516,User_VAR_600_1,4.29,2.0,481
516,User_VAR_600_2,4.29,2.0,481
516,User_VAR_600_3,4.29,2.0,481
518,Sys_VAR_ref_600_1,0.12,0.85,481
518,Sys_VAR_ref_600_2,0.82,1.15,481
518,Sys_VAR_ref_600_3,0.85,1.2,481
518,User_VAR_600_1,0.56,1.0,481
518,User_VAR_600_2,0.56,1.0,481
518,User_VAR_600_3,0.0,1.0,481
519,Sys_VAR_ref_600_1,4.85,3.6,481
519,Sys_VAR_ref_600_2,4.85,3.62,481
519,Sys_VAR_ref_600_3,4.65,2.85,481
519,User_VAR_600_1,5.0,4.0,481
519,User_VAR_600_2,5.0,4.0,481
519,User_VAR_600_3,5.0,4.0,481
521,Sys_VAR_ref_600_1,4.85,3.75,488
521,Sys_VAR_ref_600_2,4.98,4.97,488
521,Sys_VAR_ref_600_3,4.85,3.6,488
521,User_VAR_600_1,4.38,4.0,488
521,User_VAR_600_2,4.38,4.0,488
521,User_VAR_600_3,4.38,4.0,488
522,Sys_VAR_ref_600_1,4.85,3.75,488
522,Sys_VAR_ref_600_2,4.85,3.72,488
522,Sys_VAR_ref_600_3,4.85,3.72,488
522,User_VAR_600_1,5.0,4.0,488
522,User_VAR_600_2,5.0,3.0,488
522,User_VAR_600_3,5.0,3.0,488
523,Sys_VAR_ref_600_1,4.85,3.65,488
523,Sys_VAR_ref_600_2,4.85,3.72,488
523,Sys_VAR_ref_600_3,4.25,3.85,488
523,User_VAR_600_1,4.38,4.0,488
523,User_VAR_600_2,5.0,4.0,488
523,User_VAR_600_3,5.0,4.0,488
524,Sys_VAR_ref_600_1,5.0,5.0,488
524,Sys_VAR_ref_600_2,5.0,5.0,488
524,Sys_VAR_ref_600_3,5.0,5.0,488
524,User_VAR_600_1,5.0,4.0,488
524,User_VAR_600_2,5.0,4.0,488
524,User_VAR_600_3,5.0,4.0,488
525,Sys_VAR_ref_600_1,4.85,3.65,488
525,Sys_VAR_ref_600_2,4.82,4.65,488
525,Sys_VAR_ref_600_3,4.85,4.2,488
525,User_VAR_600_1,5.0,4.0,488
525,User_VAR_600_2,5.0,4.0,488
525,User_VAR_600_3,5.0,4.0,488
526,Sys_VAR_ref_600_1,1.85,1.2,488
526,Sys_VAR_ref_600_2,3.85,3.6,488
526,Sys_VAR_ref_600_3,1.85,2.1,488
526,User_VAR_600_1,5.0,1.0,488
526,User_VAR_600_2,2.86,2.0,488
526,User_VAR_600_3,0.0,2.0,488
530,Sys_VAR_ref_600_1,3.85,2.9,499
530,Sys_VAR_ref_600_2,1.85,2.9,499
530,Sys_VAR_ref_600_3,3.85,2.75,499
530,User_VAR_600_1,0.71,3.0,499
530,User_VAR_600_2,0.71,4.0,499
530,User_VAR_600_3,0.71,3.0,499
531,Sys_VAR_ref_600_1,3.85,3.6,499
531,Sys_VAR_ref_600_2,4.15,3.2,499
531,Sys_VAR_ref_600_3,4.12,1.85,499
531,User_VAR_600_1,3.89,3.0,499
531,User_VAR_600_2,3.89,3.0,499
531,User_VAR_600_3,3.89,4.0,499
533,Sys_VAR_ref_600_1,0.0,0.0,499
533,Sys_VAR_ref_600_2,0.0,1.2,499
533,Sys_VAR_ref_600_3,0.0,1.0,499
533,User_VAR_600_1,0.0,2.0,499
533,User_VAR_600_2,0.0,2.0,499
533,User_VAR_600_3,0.0,1.0,499
534,Sys_VAR_ref_600_1,0.12,1.35,499
534,Sys_VAR_ref_600_2,0.12,1.35,499
534,Sys_VAR_ref_600_3,0.12,1.85,499
534,User_VAR_600_1,0.56,1.0,499
534,User_VAR_600_2,0.56,1.0,499
534,User_VAR_600_3,0.56,1.0,499
535,Sys_VAR_ref_600_1,4.85,4.6,499
535,Sys_VAR_ref_600_2,4.85,3.65,499
535,Sys_VAR_ref_600_3,4.85,3.62,499
535,User_VAR_600_1,5.0,5.0,499
535,User_VAR_600_2,5.0,5.0,499
535,User_VAR_600_3,5.0,5.0,499
537,Sys_VAR_ref_600_1,3.85,2.15,499
537,Sys_VAR_ref_600_2,2.15,2.8,499
537,Sys_VAR_ref_600_3,4.12,2.35,499
537,User_VAR_600_1,5.0,3.0,499
537,User_VAR_600_2,3.12,2.0,499
537,User_VAR_600_3,3.12,4.0,499
541,Sys_VAR_ref_600_1,1.25,1.5,529
541,Sys_VAR_ref_600_2,0.0,1.25,529
541,Sys_VAR_ref_600_3,0.05,1.25,529
541,User_VAR_600_1,0.0,1.0,529
541,User_VAR_600_2,0.0,1.0,529
541,User_VAR_600_3,0.0,1.0,529
544,Sys_VAR_ref_600_1,1.25,1.1,529
544,Sys_VAR_ref_600_2,1.82,0.95,529
544,Sys_VAR_ref_600_3,1.25,0.85,529
544,User_VAR_600_1,1.67,1.0,529
544,User_VAR_600_2,1.67,1.0,529
544,User_VAR_600_3,1.67,1.0,529
546,Sys_VAR_ref_600_1,4.85,1.5,529
546,Sys_VAR_ref_600_2,4.12,1.5,529
546,Sys_VAR_ref_600_3,4.15,1.5,529
546,User_VAR_600_1,4.29,2.0,529
546,User_VAR_600_2,4.29,3.0,529
546,User_VAR_600_3,4.29,2.0,529
547,Sys_VAR_ref_600_1,4.12,2.85,529
547,Sys_VAR_ref_600_2,4.12,2.85,529
547,Sys_VAR_ref_600_3,3.85,1.92,529
547,User_VAR_600_1,4.29,3.0,529
547,User_VAR_600_2,4.29,3.0,529
547,User_VAR_600_3,4.29,3.0,529
548,Sys_VAR_ref_600_1,4.85,3.75,529
548,Sys_VAR_ref_600_2,4.25,3.85,529
548,Sys_VAR_ref_600_3,4.12,2.85,529
548,User_VAR_600_1,3.75,4.0,529
548,User_VAR_600_2,3.75,3.0,529
548,User_VAR_600_3,3.75,4.0,529
549,Sys_VAR_ref_600_1,4.12,2.85,529
549,Sys_VAR_ref_600_2,3.85,1.92,529
549,Sys_VAR_ref_600_3,4.12,1.5,529
549,User_VAR_600_1,4.29,2.0,529
549,User_VAR_600_2,4.17,1.0,529
549,User_VAR_600_3,4.29,2.0,529
550,Sys_VAR_ref_600_1,4.15,2.85,535
550,Sys_VAR_ref_600_2,4.25,2.85,535
550,Sys_VAR_ref_600_3,4.85,2.65,535
550,User_VAR_600_1,3.89,3.0,535
550,User_VAR_600_2,4.29,3.0,535
550,User_VAR_600_3,4.38,3.0,535
551,Sys_VAR_ref_600_1,3.65,2.85,535
551,Sys_VAR_ref_600_2,4.85,4.92,535
551,Sys_VAR_ref_600_3,4.65,4.2,535
551,User_VAR_600_1,4.17,4.0,535
551,User_VAR_600_2,4.29,5.0,535
551,User_VAR_600_3,4.29,4.0,535
552,Sys_VAR_ref_600_1,4.65,3.82,535
552,Sys_VAR_ref_600_2,4.85,3.65,535
552,Sys_VAR_ref_600_3,4.85,3.75,535
552,User_VAR_600_1,5.0,4.0,535
552,User_VAR_600_2,4.38,2.0,535
552,User_VAR_600_3,4.38,4.0,535
554,Sys_VAR_ref_600_1,3.85,2.75,535
554,Sys_VAR_ref_600_2,3.85,2.15,535
554,Sys_VAR_ref_600_3,3.85,2.4,535
554,User_VAR_600_1,2.78,1.0,535
554,User_VAR_600_2,2.78,2.0,535
554,User_VAR_600_3,2.78,1.0,535
555,Sys_VAR_ref_600_1,4.65,3.82,535
555,Sys_VAR_ref_600_2,4.15,3.85,535
555,Sys_VAR_ref_600_3,4.85,4.72,535
555,User_VAR_600_1,3.0,4.0,535
555,User_VAR_600_2,3.0,5.0,535
555,User_VAR_600_3,3.0,5.0,535
558,Sys_VAR_ref_600_1,4.12,2.85,535
558,Sys_VAR_ref_600_2,4.25,3.65,535
558,Sys_VAR_ref_600_3,4.85,3.62,535
558,User_VAR_600_1,4.29,3.0,535
558,User_VAR_600_2,4.29,3.0,535
558,User_VAR_600_3,4.29,4.0,535
562,Sys_VAR_ref_600_1,4.92,1.85,554
562,Sys_VAR_ref_600_2,4.92,1.85,554
562,Sys_VAR_ref_600_3,4.85,1.75,554
562,User_VAR_600_1,0.0,2.0,554
562,User_VAR_600_2,0.0,2.0,554
562,User_VAR_600_3,0.0,2.0,554
564,Sys_VAR_ref_600_1,4.85,1.65,554
564,Sys_VAR_ref_600_2,4.85,1.65,554
564,Sys_VAR_ref_600_3,4.85,1.65,554
564,User_VAR_600_1,0.0,1.0,554
564,User_VAR_600_2,0.0,1.0,554
564,User_VAR_600_3,0.0,1.0,554
566,Sys_VAR_ref_600_1,4.82,1.95,554
566,Sys_VAR_ref_600_2,4.2,1.8,554
566,Sys_VAR_ref_600_3,4.85,1.2,554
566,User_VAR_600_1,0.0,1.0,554
566,User_VAR_600_2,0.0,1.0,554
566,User_VAR_600_3,0.0,2.0,554
567,Sys_VAR_ref_600_1,4.85,3.62,554
567,Sys_VAR_ref_600_2,5.0,3.65,554
567,Sys_VAR_ref_600_3,4.85,3.62,554
567,User_VAR_600_1,0.0,4.0,554
567,User_VAR_600_2,0.0,3.0,554
567,User_VAR_600_3,0.0,4.0,554
568,Sys_VAR_ref_600_1,2.85,1.65,554
568,Sys_VAR_ref_600_2,1.85,1.2,554
568,Sys_VAR_ref_600_3,4.15,2.85,554
568,User_VAR_600_1,0.0,3.0,554
568,User_VAR_600_2,0.0,4.0,554
568,User_VAR_600_3,0.0,3.0,554
569,Sys_VAR_ref_600_1,4.85,2.65,554
569,Sys_VAR_ref_600_2,4.85,2.15,554
569,Sys_VAR_ref_600_3,4.85,2.15,554
569,User_VAR_600_1,2.5,2.0,554
569,User_VAR_600_2,2.5,1.0,554
569,User_VAR_600_3,2.5,2.0,554
570,Sys_VAR_ref_600_1,4.85,3.6,567
570,Sys_VAR_ref_600_2,4.65,3.2,567
570,Sys_VAR_ref_600_3,4.85,3.62,567
570,User_VAR_600_1,4.17,2.0,567
570,User_VAR_600_2,4.17,4.0,567
570,User_VAR_600_3,4.17,4.0,567
572,Sys_VAR_ref_600_1,2.15,1.85,567
572,Sys_VAR_ref_600_2,2.85,1.42,567
572,Sys_VAR_ref_600_3,3.85,2.1,567
572,User_VAR_600_1,5.0,2.0,567
572,User_VAR_600_2,3.12,2.0,567
572,User_VAR_600_3,5.0,2.0,567
574,Sys_VAR_ref_600_1,4.25,2.8,567
574,Sys_VAR_ref_600_2,4.25,3.85,567
574,Sys_VAR_ref_600_3,4.25,3.15,567
574,User_VAR_600_1,4.38,3.0,567
574,User_VAR_600_2,4.38,3.0,567
574,User_VAR_600_3,4.38,3.0,567
575,Sys_VAR_ref_600_1,4.85,4.2,567
575,Sys_VAR_ref_600_2,4.82,3.65,567
575,Sys_VAR_ref_600_3,4.82,4.65,567
575,User_VAR_600_1,5.0,4.0,567
575,User_VAR_600_2,5.0,4.0,567
575,User_VAR_600_3,5.0,4.0,567
578,Sys_VAR_ref_600_1,3.82,1.47,567
578,Sys_VAR_ref_600_2,4.85,1.2,567
578,Sys_VAR_ref_600_3,3.85,1.65,567
578,User_VAR_600_1,5.0,2.0,567
578,User_VAR_600_2,5.0,2.0,567
578,User_VAR_600_3,5.0,1.0,567
579,Sys_VAR_ref_600_1,4.85,1.92,567
579,Sys_VAR_ref_600_2,4.15,2.85,567
579,Sys_VAR_ref_600_3,4.25,2.85,567
579,User_VAR_600_1,4.38,3.0,567
579,User_VAR_600_2,4.38,3.0,567
579,User_VAR_600_3,4.38,3.0,567
580,Sys_VAR_ref_600_1,4.85,3.2,575
580,Sys_VAR_ref_600_2,4.65,2.85,575
580,Sys_VAR_ref_600_3,4.85,2.35,575
580,User_VAR_600_1,5.0,2.0,575
580,User_VAR_600_2,5.0,3.0,575
580,User_VAR_600_3,5.0,2.0,575
581,Sys_VAR_ref_600_1,4.65,3.85,575
581,Sys_VAR_ref_600_2,4.15,3.85,575
581,Sys_VAR_ref_600_3,4.12,2.85,575
581,User_VAR_600_1,4.38,4.0,575
581,User_VAR_600_2,5.0,4.0,575
581,User_VAR_600_3,4.38,4.0,575
582,Sys_VAR_ref_600_1,1.85,1.2,575
582,Sys_VAR_ref_600_2,4.85,1.2,575
582,Sys_VAR_ref_600_3,4.12,1.85,575
582,User_VAR_600_1,4.29,1.0,575
582,User_VAR_600_2,2.14,1.0,575
582,User_VAR_600_3,5.0,1.0,575
584,Sys_VAR_ref_600_1,4.65,2.85,575
584,Sys_VAR_ref_600_2,4.85,2.15,575
584,Sys_VAR_ref_600_3,4.85,3.62,575
584,User_VAR_600_1,5.0,4.0,575
584,User_VAR_600_2,5.0,4.0,575
584,User_VAR_600_3,5.0,4.0,575
586,Sys_VAR_ref_600_1,4.25,2.85,575
586,Sys_VAR_ref_600_2,4.65,2.85,575
586,Sys_VAR_ref_600_3,4.85,3.2,575
586,User_VAR_600_1,4.38,3.0,575
586,User_VAR_600_2,4.38,3.0,575
586,User_VAR_600_3,4.38,4.0,575
587,Sys_VAR_ref_600_1,4.85,1.5,575
587,Sys_VAR_ref_600_2,4.12,1.5,575
587,Sys_VAR_ref_600_3,4.65,1.5,575
587,User_VAR_600_1,5.0,3.0,575
587,User_VAR_600_2,5.0,2.0,575
587,User_VAR_600_3,5.0,3.0,575
591,Sys_VAR_ref_600_1,2.15,1.85,585
591,Sys_VAR_ref_600_2,0.85,1.2,585
591,Sys_VAR_ref_600_3,1.25,1.8,585
591,User_VAR_600_1,0.0,2.0,585
591,User_VAR_600_2,2.86,2.0,585
591,User_VAR_600_3,0.0,2.0,585
592,Sys_VAR_ref_600_1,0.15,1.2,585
592,Sys_VAR_ref_600_2,1.85,1.2,585
592,Sys_VAR_ref_600_3,0.12,0.85,585
592,User_VAR_600_1,3.75,2.0,585
592,User_VAR_600_2,0.0,1.0,585
592,User_VAR_600_3,0.0,2.0,585
594,Sys_VAR_ref_600_1,1.85,2.1,585
594,Sys_VAR_ref_600_2,1.85,1.42,585
594,Sys_VAR_ref_600_3,1.25,1.8,585
594,User_VAR_600_1,1.43,1.0,585
594,User_VAR_600_2,1.43,1.0,585
594,User_VAR_600_3,1.67,2.0,585
597,Sys_VAR_ref_600_1,0.0,1.25,585
597,Sys_VAR_ref_600_2,0.0,1.25,585
597,Sys_VAR_ref_600_3,0.0,1.25,585
597,User_VAR_600_1,0.0,1.0,585
597,User_VAR_600_2,0.0,1.0,585
597,User_VAR_600_3,0.0,1.0,585
598,Sys_VAR_ref_600_1,4.12,2.85,585
598,Sys_VAR_ref_600_2,4.85,2.15,585
598,Sys_VAR_ref_600_3,3.45,2.15,585
598,User_VAR_600_1,4.0,3.0,585
598,User_VAR_600_2,4.17,3.0,585
598,User_VAR_600_3,4.17,3.0,585
599,Sys_VAR_ref_600_1,0.12,0.05,585
599,Sys_VAR_ref_600_2,1.85,1.2,585
599,Sys_VAR_ref_600_3,1.25,1.5,585
599,User_VAR_600_1,1.43,1.0,585
599,User_VAR_600_2,3.57,1.0,585
599,User_VAR_600_3,1.43,1.0,585
600,Sys_VAR_ref_600_1,4.12,2.85,590
600,Sys_VAR_ref_600_2,4.85,2.15,590
600,Sys_VAR_ref_600_3,4.85,3.2,590
600,User_VAR_600_1,5.0,3.0,590
600,User_VAR_600_2,5.0,3.0,590
600,User_VAR_600_3,5.0,3.0,590
602,Sys_VAR_ref_600_1,4.12,2.85,590
602,Sys_VAR_ref_600_2,4.25,3.85,590
602,Sys_VAR_ref_600_3,4.85,2.75,590
602,User_VAR_600_1,4.0,3.0,590
602,User_VAR_600_2,4.0,3.0,590
602,User_VAR_600_3,4.0,3.0,590
603,Sys_VAR_ref_600_1,1.85,2.1,590
603,Sys_VAR_ref_600_2,0.12,1.15,590
603,Sys_VAR_ref_600_3,1.25,1.1,590
603,User_VAR_600_1,1.0,1.0,590
603,User_VAR_600_2,1.0,1.0,590
603,User_VAR_600_3,2.5,1.0,590
604,Sys_VAR_ref_600_1,4.12,2.85,590
604,Sys_VAR_ref_600_2,4.82,3.65,590
604,Sys_VAR_ref_600_3,3.45,2.85,590
604,User_VAR_600_1,5.0,3.0,590
604,User_VAR_600_2,4.0,3.0,590
604,User_VAR_600_3,4.0,3.0,590
605,Sys_VAR_ref_600_1,4.85,3.2,590
605,Sys_VAR_ref_600_2,2.85,3.42,590
605,Sys_VAR_ref_600_3,4.35,2.85,590
605,User_VAR_600_1,5.0,4.0,590
605,User_VAR_600_2,5.0,3.0,590
605,User_VAR_600_3,5.0,4.0,590
607,Sys_VAR_ref_600_1,2.85,1.92,590
607,Sys_VAR_ref_600_2,3.42,1.85,590
607,Sys_VAR_ref_600_3,4.15,2.85,590
607,User_VAR_600_1,4.0,2.0,590
607,User_VAR_600_2,4.0,2.0,590
607,User_VAR_600_3,4.0,2.0,590
610,Sys_VAR_ref_600_1,0.0,1.2,605
610,Sys_VAR_ref_600_2,0.12,1.35,605
610,Sys_VAR_ref_600_3,0.12,1.85,605
610,User_VAR_600_1,0.0,1.0,605
610,User_VAR_600_2,0.0,2.0,605
610,User_VAR_600_3,0.0,1.0,605
611,Sys_VAR_ref_600_1,4.35,3.82,605
611,Sys_VAR_ref_600_2,4.25,3.65,605
611,Sys_VAR_ref_600_3,4.25,3.85,605
611,User_VAR_600_1,4.38,4.0,605
611,User_VAR_600_2,4.38,4.0,605
611,User_VAR_600_3,4.38,4.0,605
612,Sys_VAR_ref_600_1,4.85,3.92,605
612,Sys_VAR_ref_600_2,4.85,4.2,605
612,Sys_VAR_ref_600_3,4.25,3.85,605
612,User_VAR_600_1,3.57,4.0,605
612,User_VAR_600_2,3.57,4.0,605
612,User_VAR_600_3,3.57,4.0,605
614,Sys_VAR_ref_600_1,4.25,3.65,605
614,Sys_VAR_ref_600_2,3.65,2.1,605
614,Sys_VAR_ref_600_3,4.25,2.85,605
614,User_VAR_600_1,4.38,3.0,605
614,User_VAR_600_2,4.29,3.0,605
614,User_VAR_600_3,4.29,3.0,605
616,Sys_VAR_ref_600_1,4.85,2.15,605
616,Sys_VAR_ref_600_2,4.65,2.75,605
616,Sys_VAR_ref_600_3,4.85,3.75,605
616,User_VAR_600_1,5.0,3.0,605
616,User_VAR_600_2,5.0,4.0,605
616,User_VAR_600_3,5.0,4.0,605
617,Sys_VAR_ref_600_1,4.12,3.85,605
617,Sys_VAR_ref_600_2,2.85,1.92,605
617,Sys_VAR_ref_600_3,3.42,2.15,605
617,User_VAR_600_1,3.57,1.0,605
617,User_VAR_600_2,4.29,2.0,605
617,User_VAR_600_3,3.75,3.0,605
622,Sys_VAR_ref_600_1,4.15,1.85,606
622,Sys_VAR_ref_600_2,4.15,2.85,606
622,Sys_VAR_ref_600_3,4.85,3.8,606
622,User_VAR_600_1,5.0,4.0,606
622,User_VAR_600_2,4.44,4.0,606
622,User_VAR_600_3,5.0,2.0,606
623,Sys_VAR_ref_600_1,3.85,1.2,606
623,Sys_VAR_ref_600_2,3.82,1.5,606
623,Sys_VAR_ref_600_3,4.85,2.15,606
623,User_VAR_600_1,5.0,2.0,606
623,User_VAR_600_2,4.38,3.0,606
623,User_VAR_600_3,4.38,2.0,606
624,Sys_VAR_ref_600_1,3.85,2.15,606
624,Sys_VAR_ref_600_2,1.85,2.4,606
624,Sys_VAR_ref_600_3,3.85,2.4,606
624,User_VAR_600_1,3.89,3.0,606
624,User_VAR_600_2,3.89,2.0,606
624,User_VAR_600_3,3.89,2.0,606
625,Sys_VAR_ref_600_1,0.0,1.25,606
625,Sys_VAR_ref_600_2,0.0,1.2,606
625,Sys_VAR_ref_600_3,0.0,1.2,606
625,User_VAR_600_1,0.0,1.0,606
625,User_VAR_600_2,0.0,1.0,606
625,User_VAR_600_3,0.0,1.0,606
627,Sys_VAR_ref_600_1,1.85,2.4,606
627,Sys_VAR_ref_600_2,2.15,1.5,606
627,Sys_VAR_ref_600_3,1.85,2.1,606
627,User_VAR_600_1,4.17,2.0,606
627,User_VAR_600_2,4.17,2.0,606
627,User_VAR_600_3,3.75,1.0,606
629,Sys_VAR_ref_600_1,2.85,1.9,606
629,Sys_VAR_ref_600_2,2.85,1.92,606
629,Sys_VAR_ref_600_3,2.85,1.92,606
629,User_VAR_600_1,3.33,2.0,606
629,User_VAR_600_2,3.33,2.0,606
629,User_VAR_600_3,3.75,2.0,606
630,Sys_VAR_ref_600_1,3.85,2.65,626
630,Sys_VAR_ref_600_2,3.82,2.15,626
630,Sys_VAR_ref_600_3,3.42,2.85,626
630,User_VAR_600_1,5.0,3.0,626
630,User_VAR_600_2,5.0,3.0,626
630,User_VAR_600_3,5.0,4.0,626
631,Sys_VAR_ref_600_1,4.65,2.15,626
631,Sys_VAR_ref_600_2,4.65,3.85,626
631,Sys_VAR_ref_600_3,4.65,2.85,626
631,User_VAR_600_1,3.75,4.0,626
631,User_VAR_600_2,5.0,4.0,626
631,User_VAR_600_3,3.75,4.0,626
635,Sys_VAR_ref_600_1,1.25,1.15,626
635,Sys_VAR_ref_600_2,1.85,1.92,626
635,Sys_VAR_ref_600_3,1.85,2.4,626
635,User_VAR_600_1,5.0,2.0,626
635,User_VAR_600_2,0.62,2.0,626
635,User_VAR_600_3,5.0,2.0,626
637,Sys_VAR_ref_600_1,2.85,2.4,626
637,Sys_VAR_ref_600_2,2.85,1.92,626
637,Sys_VAR_ref_600_3,2.85,2.4,626
637,User_VAR_600_1,5.0,3.0,626
637,User_VAR_600_2,3.75,2.0,626
637,User_VAR_600_3,5.0,3.0,626
638,Sys_VAR_ref_600_1,0.12,1.85,626
638,Sys_VAR_ref_600_2,0.85,1.92,626
638,Sys_VAR_ref_600_3,0.0,1.25,626
638,User_VAR_600_1,0.0,2.0,626
638,User_VAR_600_2,0.0,2.0,626
638,User_VAR_600_3,0.0,2.0,626
639,Sys_VAR_ref_600_1,4.85,3.72,626
639,Sys_VAR_ref_600_2,4.65,3.85,626
639,Sys_VAR_ref_600_3,4.65,3.82,626
639,User_VAR_600_1,5.0,4.0,626
639,User_VAR_600_2,5.0,4.0,626
639,User_VAR_600_3,5.0,4.0,626
640,Sys_VAR_ref_600_1,4.65,2.85,632
640,Sys_VAR_ref_600_2,4.85,3.62,632
640,Sys_VAR_ref_600_3,4.65,2.85,632
640,User_VAR_600_1,5.0,3.0,632
640,User_VAR_600_2,5.0,3.0,632
640,User_VAR_600_3,5.0,3.0,632
641,Sys_VAR_ref_600_1,2.85,1.92,632
641,Sys_VAR_ref_600_2,2.15,2.85,632
641,Sys_VAR_ref_600_3,2.85,1.65,632
641,User_VAR_600_1,3.75,2.0,632
641,User_VAR_600_2,4.38,2.0,632
641,User_VAR_600_3,2.5,2.0,632
644,Sys_VAR_ref_600_1,2.85,2.15,632
644,Sys_VAR_ref_600_2,1.85,1.2,632
644,Sys_VAR_ref_600_3,0.85,1.2,632
644,User_VAR_600_1,0.71,2.0,632
644,User_VAR_600_2,0.71,2.0,632
644,User_VAR_600_3,2.86,1.0,632
645,Sys_VAR_ref_600_1,4.85,3.75,632
645,Sys_VAR_ref_600_2,4.85,3.75,632
645,Sys_VAR_ref_600_3,4.85,3.65,632
645,User_VAR_600_1,4.38,4.0,632
645,User_VAR_600_2,4.38,4.0,632
645,User_VAR_600_3,4.38,3.0,632
646,Sys_VAR_ref_600_1,4.85,2.9,632
646,Sys_VAR_ref_600_2,4.85,3.72,632
646,Sys_VAR_ref_600_3,4.85,3.75,632
646,User_VAR_600_1,4.38,2.0,632
646,User_VAR_600_2,4.38,3.0,632
646,User_VAR_600_3,4.38,3.0,632
648,Sys_VAR_ref_600_1,4.65,3.82,632
648,Sys_VAR_ref_600_2,4.85,3.75,632
648,Sys_VAR_ref_600_3,4.85,3.65,632
648,User_VAR_600_1,5.0,4.0,632
648,User_VAR_600_2,5.0,4.0,632
648,User_VAR_600_3,4.29,4.0,632
650,Sys_VAR_ref_600_1,1.85,1.2,633
650,Sys_VAR_ref_600_2,4.25,1.85,633
650,Sys_VAR_ref_600_3,1.85,1.2,633
650,User_VAR_600_1,4.38,1.0,633
650,User_VAR_600_2,1.67,1.0,633
650,User_VAR_600_3,1.25,1.0,633
652,Sys_VAR_ref_600_1,2.85,2.15,633
652,Sys_VAR_ref_600_2,2.15,3.42,633
652,Sys_VAR_ref_600_3,3.85,3.2,633
652,User_VAR_600_1,4.0,3.0,633
652,User_VAR_600_2,3.33,2.0,633
652,User_VAR_600_3,3.33,3.0,633
656,Sys_VAR_ref_600_1,3.85,3.6,633
656,Sys_VAR_ref_600_2,3.85,3.62,633
656,Sys_VAR_ref_600_3,2.35,3.82,633
656,User_VAR_600_1,2.78,4.0,633
656,User_VAR_600_2,2.78,3.0,633
656,User_VAR_600_3,2.78,3.0,633
657,Sys_VAR_ref_600_1,3.85,1.65,633
657,Sys_VAR_ref_600_2,4.12,2.85,633
657,Sys_VAR_ref_600_3,3.45,1.85,633
657,User_VAR_600_1,3.33,4.0,633
657,User_VAR_600_2,3.89,2.0,633
657,User_VAR_600_3,3.33,2.0,633
658,Sys_VAR_ref_600_1,4.12,2.85,633
658,Sys_VAR_ref_600_2,4.65,3.85,633
658,Sys_VAR_ref_600_3,4.25,3.85,633
658,User_VAR_600_1,5.0,3.0,633
658,User_VAR_600_2,4.17,3.0,633
658,User_VAR_600_3,5.0,4.0,633
659,Sys_VAR_ref_600_1,4.65,3.82,633
659,Sys_VAR_ref_600_2,4.65,3.82,633
659,Sys_VAR_ref_600_3,4.85,3.92,633
659,User_VAR_600_1,4.38,4.0,633
659,User_VAR_600_2,5.0,4.0,633
659,User_VAR_600_3,4.38,4.0,633
660,Sys_VAR_ref_600_1,1.15,1.5,634
660,Sys_VAR_ref_600_2,1.85,1.5,634
660,Sys_VAR_ref_600_3,1.25,1.5,634
660,User_VAR_600_1,0.56,2.0,634
660,User_VAR_600_2,0.56,1.0,634
660,User_VAR_600_3,0.56,1.0,634
662,Sys_VAR_ref_600_1,4.65,3.82,634
662,Sys_VAR_ref_600_2,4.15,2.85,634
662,Sys_VAR_ref_600_3,2.85,1.65,634
662,User_VAR_600_1,2.14,2.0,634
662,User_VAR_600_2,5.0,2.0,634
662,User_VAR_600_3,5.0,2.0,634
663,Sys_VAR_ref_600_1,0.85,2.15,634
663,Sys_VAR_ref_600_2,1.85,3.42,634
663,Sys_VAR_ref_600_3,0.85,2.65,634
663,User_VAR_600_1,0.0,2.0,634
663,User_VAR_600_2,0.0,2.0,634
663,User_VAR_600_3,0.0,2.0,634
665,Sys_VAR_ref_600_1,4.12,2.85,634
665,Sys_VAR_ref_600_2,4.85,3.92,634
665,Sys_VAR_ref_600_3,4.85,3.62,634
665,User_VAR_600_1,3.75,4.0,634
665,User_VAR_600_2,4.0,4.0,634
665,User_VAR_600_3,3.0,4.0,634
668,Sys_VAR_ref_600_1,2.85,3.42,634
668,Sys_VAR_ref_600_2,2.85,3.42,634
668,Sys_VAR_ref_600_3,3.85,2.65,634
668,User_VAR_600_1,3.75,3.0,634
668,User_VAR_600_2,3.0,3.0,634
668,User_VAR_600_3,3.75,3.0,634
669,Sys_VAR_ref_600_1,2.85,1.92,634
669,Sys_VAR_ref_600_2,1.85,1.42,634
669,Sys_VAR_ref_600_3,2.15,1.85,634
669,User_VAR_600_1,0.0,2.0,634
669,User_VAR_600_2,2.22,2.0,634
669,User_VAR_600_3,1.67,2.0,634
671,Sys_VAR_ref_600_1,4.15,3.25,645
671,Sys_VAR_ref_600_2,4.35,3.82,645
671,Sys_VAR_ref_600_3,4.85,3.72,645
671,User_VAR_600_1,5.0,3.0,645
671,User_VAR_600_2,3.33,3.0,645
671,User_VAR_600_3,2.5,3.0,645
672,Sys_VAR_ref_600_1,4.65,3.85,645
672,Sys_VAR_ref_600_2,4.65,3.85,645
672,Sys_VAR_ref_600_3,4.65,2.85,645
672,User_VAR_600_1,4.29,3.0,645
672,User_VAR_600_2,4.38,2.0,645
672,User_VAR_600_3,4.29,4.0,645
675,Sys_VAR_ref_600_1,4.35,1.5,645
675,Sys_VAR_ref_600_2,3.42,1.5,645
675,Sys_VAR_ref_600_3,3.85,1.5,645
675,User_VAR_600_1,5.0,2.0,645
675,User_VAR_600_2,5.0,2.0,645
675,User_VAR_600_3,5.0,3.0,645
676,Sys_VAR_ref_600_1,2.85,1.5,645
676,Sys_VAR_ref_600_2,4.65,1.5,645
676,Sys_VAR_ref_600_3,3.85,1.5,645
676,User_VAR_600_1,4.29,2.0,645
676,User_VAR_600_2,0.0,2.0,645
676,User_VAR_600_3,0.0,2.0,645
678,Sys_VAR_ref_600_1,2.85,3.62,645
678,Sys_VAR_ref_600_2,2.85,3.6,645
678,Sys_VAR_ref_600_3,2.85,4.12,645
678,User_VAR_600_1,3.75,4.0,645
678,User_VAR_600_2,3.75,4.0,645
678,User_VAR_600_3,3.12,2.0,645
679,Sys_VAR_ref_600_1,4.65,1.5,645
679,Sys_VAR_ref_600_2,4.15,1.5,645
679,Sys_VAR_ref_600_3,4.65,1.5,645
679,User_VAR_600_1,5.0,2.0,645
679,User_VAR_600_2,5.0,2.0,645
679,User_VAR_600_3,5.0,2.0,645
680,Sys_VAR_ref_600_1,4.65,2.8,654
680,Sys_VAR_ref_600_2,4.85,3.65,654
680,Sys_VAR_ref_600_3,4.65,2.85,654
680,User_VAR_600_1,5.0,4.0,654
680,User_VAR_600_2,5.0,4.0,654
680,User_VAR_600_3,5.0,3.0,654
682,Sys_VAR_ref_600_1,2.85,2.4,654
682,Sys_VAR_ref_600_2,3.85,3.42,654
682,Sys_VAR_ref_600_3,3.85,3.2,654
682,User_VAR_600_1,5.0,2.0,654
682,User_VAR_600_2,4.29,2.0,654
682,User_VAR_600_3,5.0,2.0,654
683,Sys_VAR_ref_600_1,4.65,2.85,654
683,Sys_VAR_ref_600_2,4.85,3.62,654
683,Sys_VAR_ref_600_3,4.85,2.15,654
683,User_VAR_600_1,5.0,3.0,654
683,User_VAR_600_2,5.0,3.0,654
683,User_VAR_600_3,5.0,3.0,654
685,Sys_VAR_ref_600_1,4.65,2.15,654
685,Sys_VAR_ref_600_2,4.65,2.85,654
685,Sys_VAR_ref_600_3,4.65,2.15,654
685,User_VAR_600_1,5.0,3.0,654
685,User_VAR_600_2,5.0,3.0,654
685,User_VAR_600_3,4.38,3.0,654
686,Sys_VAR_ref_600_1,4.12,2.85,654
686,Sys_VAR_ref_600_2,1.85,2.15,654
686,Sys_VAR_ref_600_3,4.85,2.15,654
686,User_VAR_600_1,1.43,2.0,654
686,User_VAR_600_2,1.43,2.0,654
686,User_VAR_600_3,1.43,2.0,654
687,Sys_VAR_ref_600_1,4.85,2.15,654
687,Sys_VAR_ref_600_2,4.65,2.85,654
687,Sys_VAR_ref_600_3,4.65,2.85,654
687,User_VAR_600_1,5.0,3.0,654
687,User_VAR_600_2,5.0,2.0,654
687,User_VAR_600_3,5.0,3.0,654
690,Sys_VAR_ref_600_1,1.85,2.4,679
690,Sys_VAR_ref_600_2,2.85,1.92,679
690,Sys_VAR_ref_600_3,1.84,2.65,679
690,User_VAR_600_1,2.86,2.0,679
690,User_VAR_600_2,2.14,3.0,679
690,User_VAR_600_3,2.14,2.0,679
692,Sys_VAR_ref_600_1,4.85,3.72,679
692,Sys_VAR_ref_600_2,4.85,4.72,679
692,Sys_VAR_ref_600_3,4.85,3.6,679
692,User_VAR_600_1,3.33,4.0,679
692,User_VAR_600_2,3.57,4.0,679
692,User_VAR_600_3,3.57,4.0,679
693,Sys_VAR_ref_600_1,4.85,3.6,679
693,Sys_VAR_ref_600_2,4.85,3.72,679
693,Sys_VAR_ref_600_3,4.85,3.72,679
693,User_VAR_600_1,2.86,3.0,679
693,User_VAR_600_2,3.57,4.0,679
693,User_VAR_600_3,2.86,3.0,679
694,Sys_VAR_ref_600_1,4.12,3.65,679
694,Sys_VAR_ref_600_2,4.85,4.92,679
694,Sys_VAR_ref_600_3,4.85,4.92,679
694,User_VAR_600_1,4.29,3.0,679
694,User_VAR_600_2,4.29,5.0,679
694,User_VAR_600_3,4.29,3.0,679
695,Sys_VAR_ref_600_1,4.65,3.85,679
695,Sys_VAR_ref_600_2,4.85,3.6,679
695,Sys_VAR_ref_600_3,4.65,3.2,679
695,User_VAR_600_1,3.75,4.0,679
695,User_VAR_600_2,3.75,4.0,679
695,User_VAR_600_3,3.75,4.0,679
696,Sys_VAR_ref_600_1,4.85,3.65,679
696,Sys_VAR_ref_600_2,4.85,3.65,679
696,Sys_VAR_ref_600_3,4.65,3.85,679
696,User_VAR_600_1,5.0,4.0,679
696,User_VAR_600_2,4.38,4.0,679
696,User_VAR_600_3,4.38,4.0,679
700,Sys_VAR_ref_600_1,4.85,3.6,687
700,Sys_VAR_ref_600_2,4.85,3.72,687
700,Sys_VAR_ref_600_3,5.0,5.0,687
700,User_VAR_600_1,5.0,5.0,687
700,User_VAR_600_2,5.0,5.0,687
700,User_VAR_600_3,5.0,4.0,687
701,Sys_VAR_ref_600_1,4.85,3.72,687
701,Sys_VAR_ref_600_2,4.85,4.2,687
701,Sys_VAR_ref_600_3,4.85,3.72,687
701,User_VAR_600_1,5.0,4.0,687
701,User_VAR_600_2,5.0,4.0,687
701,User_VAR_600_3,5.0,4.0,687
703,Sys_VAR_ref_600_1,4.12,3.65,687
703,Sys_VAR_ref_600_2,4.75,4.2,687
703,Sys_VAR_ref_600_3,4.85,4.62,687
703,User_VAR_600_1,5.0,5.0,687
703,User_VAR_600_2,5.0,5.0,687
703,User_VAR_600_3,5.0,5.0,687
706,Sys_VAR_ref_600_1,4.12,2.85,687
706,Sys_VAR_ref_600_2,4.85,3.2,687
706,Sys_VAR_ref_600_3,4.85,3.2,687
706,User_VAR_600_1,5.0,4.0,687
706,User_VAR_600_2,5.0,4.0,687
706,User_VAR_600_3,5.0,3.0,687
707,Sys_VAR_ref_600_1,4.85,3.75,687
707,Sys_VAR_ref_600_2,5.0,5.0,687
707,Sys_VAR_ref_600_3,5.0,5.0,687
707,User_VAR_600_1,5.0,4.0,687
707,User_VAR_600_2,5.0,4.0,687
707,User_VAR_600_3,5.0,4.0,687
709,Sys_VAR_ref_600_1,4.85,4.2,687
709,Sys_VAR_ref_600_2,3.85,2.4,687
709,Sys_VAR_ref_600_3,4.85,3.6,687
709,User_VAR_600_1,5.0,5.0,687
709,User_VAR_600_2,3.0,2.0,687
709,User_VAR_600_3,5.0,5.0,687
710,Sys_VAR_ref_600_1,1.85,2.4,730
710,Sys_VAR_ref_600_2,2.85,1.92,730
710,Sys_VAR_ref_600_3,1.85,2.1,730
710,User_VAR_600_1,2.5,3.0,730
710,User_VAR_600_2,2.5,1.0,730
710,User_VAR_600_3,1.88,3.0,730
711,Sys_VAR_ref_600_1,4.85,3.75,730
711,Sys_VAR_ref_600_2,4.65,3.82,730
711,Sys_VAR_ref_600_3,4.15,3.85,730
711,User_VAR_600_1,3.33,4.0,730
711,User_VAR_600_2,4.44,3.0,730
711,User_VAR_600_3,3.33,3.0,730
713,Sys_VAR_ref_600_1,4.85,3.2,730
713,Sys_VAR_ref_600_2,4.85,3.72,730
713,Sys_VAR_ref_600_3,4.85,2.15,730
713,User_VAR_600_1,3.89,3.0,730
713,User_VAR_600_2,3.89,3.0,730
713,User_VAR_600_3,5.0,3.0,730
714,Sys_VAR_ref_600_1,4.12,1.5,730
714,Sys_VAR_ref_600_2,2.85,1.2,730
714,Sys_VAR_ref_600_3,0.15,1.2,730
714,User_VAR_600_1,2.78,1.0,730
714,User_VAR_600_2,2.78,1.0,730
714,User_VAR_600_3,2.78,1.0,730
715,Sys_VAR_ref_600_1,3.85,2.75,730
715,Sys_VAR_ref_600_2,3.82,4.15,730
715,Sys_VAR_ref_600_3,4.85,3.72,730
715,User_VAR_600_1,3.89,2.0,730
715,User_VAR_600_2,3.89,4.0,730
715,User_VAR_600_3,5.0,2.0,730
716,Sys_VAR_ref_600_1,2.85,1.5,730
716,Sys_VAR_ref_600_2,3.82,1.5,730
716,Sys_VAR_ref_600_3,2.85,1.5,730
716,User_VAR_600_1,3.0,2.0,730
716,User_VAR_600_2,5.0,2.0,730
716,User_VAR_600_3,3.0,2.0,730
720,Sys_VAR_ref_600_1,4.85,2.15,743
720,Sys_VAR_ref_600_2,4.85,2.75,743
720,Sys_VAR_ref_600_3,4.85,2.15,743
720,User_VAR_600_1,0.0,2.0,743
720,User_VAR_600_2,0.0,2.0,743
720,User_VAR_600_3,0.0,2.0,743
722,Sys_VAR_ref_600_1,1.85,2.1,743
722,Sys_VAR_ref_600_2,1.85,2.4,743
722,Sys_VAR_ref_600_3,2.85,3.12,743
722,User_VAR_600_1,3.0,3.0,743
722,User_VAR_600_2,3.75,3.0,743
722,User_VAR_600_3,3.0,3.0,743
724,Sys_VAR_ref_600_1,4.85,3.72,743
724,Sys_VAR_ref_600_2,4.85,3.72,743
724,Sys_VAR_ref_600_3,4.85,3.72,743
724,User_VAR_600_1,5.0,4.0,743
724,User_VAR_600_2,5.0,4.0,743
724,User_VAR_600_3,5.0,4.0,743
725,Sys_VAR_ref_600_1,3.85,4.12,743
725,Sys_VAR_ref_600_2,3.82,4.15,743
725,Sys_VAR_ref_600_3,3.85,3.6,743
725,User_VAR_600_1,5.0,3.0,743
725,User_VAR_600_2,5.0,3.0,743
725,User_VAR_600_3,5.0,3.0,743
726,Sys_VAR_ref_600_1,4.85,3.62,743
726,Sys_VAR_ref_600_2,4.85,4.72,743
726,Sys_VAR_ref_600_3,4.85,4.2,743
726,User_VAR_600_1,5.0,4.0,743
726,User_VAR_600_2,5.0,4.0,743
726,User_VAR_600_3,5.0,4.0,743
729,Sys_VAR_ref_600_1,4.85,3.65,743
729,Sys_VAR_ref_600_2,4.85,2.65,743
729,Sys_VAR_ref_600_3,4.85,3.6,743
729,User_VAR_600_1,5.0,4.0,743
729,User_VAR_600_2,5.0,4.0,743
729,User_VAR_600_3,5.0,4.0,743
732,Sys_VAR_ref_600_1,4.65,3.85,746
732,Sys_VAR_ref_600_2,4.65,3.85,746
732,Sys_VAR_ref_600_3,4.65,3.82,746
732,User_VAR_600_1,5.0,4.0,746
732,User_VAR_600_2,5.0,4.0,746
732,User_VAR_600_3,4.29,4.0,746
734,Sys_VAR_ref_600_1,3.85,1.2,746
734,Sys_VAR_ref_600_2,4.85,1.2,746
734,Sys_VAR_ref_600_3,3.85,1.2,746
734,User_VAR_600_1,4.29,4.0,746
734,User_VAR_600_2,4.29,1.0,746
734,User_VAR_600_3,4.29,1.0,746
735,Sys_VAR_ref_600_1,0.05,2.0,746
735,Sys_VAR_ref_600_2,4.85,2.15,746
735,Sys_VAR_ref_600_3,4.85,3.2,746
735,User_VAR_600_1,5.0,2.0,746
735,User_VAR_600_2,5.0,2.0,746
735,User_VAR_600_3,5.0,2.0,746
736,Sys_VAR_ref_600_1,4.15,3.85,746
736,Sys_VAR_ref_600_2,4.12,2.85,746
736,Sys_VAR_ref_600_3,3.25,2.8,746
736,User_VAR_600_1,3.57,3.0,746
736,User_VAR_600_2,4.29,2.0,746
736,User_VAR_600_3,4.29,2.0,746
738,Sys_VAR_ref_600_1,0.0,1.5,746
738,Sys_VAR_ref_600_2,0.15,1.5,746
738,Sys_VAR_ref_600_3,0.0,1.5,746
738,User_VAR_600_1,5.0,2.0,746
738,User_VAR_600_2,5.0,2.0,746
738,User_VAR_600_3,5.0,2.0,746
739,Sys_VAR_ref_600_1,1.85,1.5,746
739,Sys_VAR_ref_600_2,4.65,3.85,746
739,Sys_VAR_ref_600_3,4.85,1.5,746
739,User_VAR_600_1,5.0,2.0,746
739,User_VAR_600_2,3.33,2.0,746
739,User_VAR_600_3,3.33,2.0,746
740,Sys_VAR_ref_600_1,4.15,2.85,755
740,Sys_VAR_ref_600_2,4.12,2.85,755
740,Sys_VAR_ref_600_3,4.85,3.75,755
740,User_VAR_600_1,4.38,3.0,755
740,User_VAR_600_2,4.38,3.0,755
740,User_VAR_600_3,5.0,3.0,755
741,Sys_VAR_ref_600_1,3.85,2.65,755
741,Sys_VAR_ref_600_2,4.12,2.85,755
741,Sys_VAR_ref_600_3,3.85,2.65,755
741,User_VAR_600_1,5.0,4.0,755
741,User_VAR_600_2,5.0,2.0,755
741,User_VAR_600_3,5.0,2.0,755
742,Sys_VAR_ref_600_1,4.72,3.85,755
742,Sys_VAR_ref_600_2,4.65,2.85,755
742,Sys_VAR_ref_600_3,4.85,4.2,755
742,User_VAR_600_1,5.0,3.0,755
742,User_VAR_600_2,5.0,5.0,755
742,User_VAR_600_3,5.0,5.0,755
744,Sys_VAR_ref_600_1,4.65,3.85,755
744,Sys_VAR_ref_600_2,4.85,3.72,755
744,Sys_VAR_ref_600_3,4.65,3.82,755
744,User_VAR_600_1,5.0,3.0,755
744,User_VAR_600_2,0.0,4.0,755
744,User_VAR_600_3,5.0,3.0,755
747,Sys_VAR_ref_600_1,4.85,3.65,755
747,Sys_VAR_ref_600_2,4.65,3.85,755
747,Sys_VAR_ref_600_3,4.85,2.75,755
747,User_VAR_600_1,5.0,4.0,755
747,User_VAR_600_2,5.0,3.0,755
747,User_VAR_600_3,5.0,2.0,755
748,Sys_VAR_ref_600_1,2.85,3.72,755
748,Sys_VAR_ref_600_2,3.42,3.85,755
748,Sys_VAR_ref_600_3,2.85,3.42,755
748,User_VAR_600_1,3.33,4.0,755
748,User_VAR_600_2,4.38,3.0,755
748,User_VAR_600_3,3.75,3.0,755
750,Sys_VAR_ref_600_1,3.45,3.82,756
750,Sys_VAR_ref_600_2,3.45,2.85,756
750,Sys_VAR_ref_600_3,3.85,2.6,756
750,User_VAR_600_1,3.12,2.0,756
750,User_VAR_600_2,3.12,4.0,756
750,User_VAR_600_3,3.12,4.0,756
751,Sys_VAR_ref_600_1,4.15,3.65,756
751,Sys_VAR_ref_600_2,4.65,3.85,756
751,Sys_VAR_ref_600_3,4.35,3.85,756
751,User_VAR_600_1,5.0,4.0,756
751,User_VAR_600_2,5.0,4.0,756
751,User_VAR_600_3,5.0,4.0,756
752,Sys_VAR_ref_600_1,4.12,3.65,756
752,Sys_VAR_ref_600_2,4.65,2.85,756
752,Sys_VAR_ref_600_3,4.65,2.85,756
752,User_VAR_600_1,4.44,4.0,756
752,User_VAR_600_2,3.33,3.0,756
752,User_VAR_600_3,3.57,4.0,756
755,Sys_VAR_ref_600_1,4.12,2.85,756
755,Sys_VAR_ref_600_2,3.42,2.68,756
755,Sys_VAR_ref_600_3,4.15,2.85,756
755,User_VAR_600_1,4.29,3.0,756
755,User_VAR_600_2,4.29,3.0,756
755,User_VAR_600_3,4.29,2.0,756
756,Sys_VAR_ref_600_1,4.15,2.65,756
756,Sys_VAR_ref_600_2,4.65,3.85,756
756,Sys_VAR_ref_600_3,4.15,3.65,756
756,User_VAR_600_1,4.17,4.0,756
756,User_VAR_600_2,4.38,4.0,756
756,User_VAR_600_3,5.0,4.0,756
757,Sys_VAR_ref_600_1,4.85,3.75,756
757,Sys_VAR_ref_600_2,4.85,3.6,756
757,Sys_VAR_ref_600_3,4.65,3.2,756
757,User_VAR_600_1,5.0,4.0,756
757,User_VAR_600_2,4.5,4.0,756
757,User_VAR_600_3,4.5,4.0,756
761,Sys_VAR_ref_600_1,4.95,4.92,806
761,Sys_VAR_ref_600_2,5.0,5.0,806
761,Sys_VAR_ref_600_3,5.0,5.0,806
761,User_VAR_600_1,5.0,5.0,806
761,User_VAR_600_2,5.0,4.0,806
761,User_VAR_600_3,5.0,5.0,806
763,Sys_VAR_ref_600_1,4.65,4.2,806
763,Sys_VAR_ref_600_2,3.85,1.5,806
763,Sys_VAR_ref_600_3,4.65,3.82,806
763,User_VAR_600_1,4.38,4.0,806
763,User_VAR_600_2,4.38,4.0,806
763,User_VAR_600_3,4.38,4.0,806
764,Sys_VAR_ref_600_1,4.85,4.92,806
764,Sys_VAR_ref_600_2,5.0,5.0,806
764,Sys_VAR_ref_600_3,4.85,4.72,806
764,User_VAR_600_1,5.0,5.0,806
764,User_VAR_600_2,5.0,5.0,806
764,User_VAR_600_3,5.0,5.0,806
766,Sys_VAR_ref_600_1,4.82,4.65,806
766,Sys_VAR_ref_600_2,4.12,3.85,806
766,Sys_VAR_ref_600_3,4.25,3.85,806
766,User_VAR_600_1,4.38,4.0,806
766,User_VAR_600_2,4.29,4.0,806
766,User_VAR_600_3,4.29,4.0,806
767,Sys_VAR_ref_600_1,4.25,2.85,806
767,Sys_VAR_ref_600_2,3.85,2.75,806
767,Sys_VAR_ref_600_3,4.15,3.85,806
767,User_VAR_600_1,4.38,4.0,806
767,User_VAR_600_2,4.38,4.0,806
767,User_VAR_600_3,4.38,4.0,806
768,Sys_VAR_ref_600_1,4.85,3.62,806
768,Sys_VAR_ref_600_2,4.85,4.2,806
768,Sys_VAR_ref_600_3,4.85,3.72,806
768,User_VAR_600_1,5.0,4.0,806
768,User_VAR_600_2,5.0,4.0,806
768,User_VAR_600_3,5.0,4.0,806
770,Sys_VAR_ref_600_1,4.12,3.65,810
770,Sys_VAR_ref_600_2,3.85,3.6,810
770,Sys_VAR_ref_600_3,3.85,2.4,810
770,User_VAR_600_1,3.75,3.0,810
770,User_VAR_600_2,4.38,3.0,810
770,User_VAR_600_3,3.75,4.0,810
774,Sys_VAR_ref_600_1,3.65,2.85,810
774,Sys_VAR_ref_600_2,4.25,2.85,810
774,Sys_VAR_ref_600_3,2.85,2.1,810
774,User_VAR_600_1,3.75,3.0,810
774,User_VAR_600_2,3.75,2.0,810
774,User_VAR_600_3,3.75,2.0,810
775,Sys_VAR_ref_600_1,1.25,0.85,810
775,Sys_VAR_ref_600_2,0.0,0.5,810
775,Sys_VAR_ref_600_3,0.0,0.5,810
775,User_VAR_600_1,0.0,1.0,810
775,User_VAR_600_2,0.0,1.0,810
775,User_VAR_600_3,0.0,1.0,810
776,Sys_VAR_ref_600_1,0.0,1.2,810
776,Sys_VAR_ref_600_2,0.0,1.2,810
776,Sys_VAR_ref_600_3,2.85,1.92,810
776,User_VAR_600_1,3.75,1.0,810
776,User_VAR_600_2,0.0,2.0,810
776,User_VAR_600_3,0.0,1.0,810
778,Sys_VAR_ref_600_1,1.85,2.4,810
778,Sys_VAR_ref_600_2,2.85,2.15,810
778,Sys_VAR_ref_600_3,2.85,3.42,810
778,User_VAR_600_1,5.0,2.0,810
778,User_VAR_600_2,5.0,2.0,810
778,User_VAR_600_3,3.12,1.0,810
779,Sys_VAR_ref_600_1,4.65,2.85,810
779,Sys_VAR_ref_600_2,4.65,2.85,810
779,Sys_VAR_ref_600_3,4.65,3.2,810
779,User_VAR_600_1,4.38,5.0,810
779,User_VAR_600_2,5.0,5.0,810
779,User_VAR_600_3,4.38,5.0,810
780,Sys_VAR_ref_600_1,3.42,2.85,819
780,Sys_VAR_ref_600_2,1.25,1.85,819
780,Sys_VAR_ref_600_3,3.42,2.0,819
780,User_VAR_600_1,1.0,3.0,819
780,User_VAR_600_2,1.0,2.0,819
780,User_VAR_600_3,1.0,3.0,819
782,Sys_VAR_ref_600_1,4.15,1.5,819
782,Sys_VAR_ref_600_2,4.12,1.5,819
782,Sys_VAR_ref_600_3,4.35,1.5,819
782,User_VAR_600_1,5.0,2.0,819
782,User_VAR_600_2,5.0,2.0,819
782,User_VAR_600_3,5.0,2.0,819
783,Sys_VAR_ref_600_1,1.85,2.4,819
783,Sys_VAR_ref_600_2,1.85,2.4,819
783,Sys_VAR_ref_600_3,1.85,1.5,819
783,User_VAR_600_1,0.0,2.0,819
783,User_VAR_600_2,0.0,2.0,819
783,User_VAR_600_3,0.0,2.0,819
785,Sys_VAR_ref_600_1,3.65,1.5,819
785,Sys_VAR_ref_600_2,4.12,2.85,819
785,Sys_VAR_ref_600_3,4.15,1.5,819
785,User_VAR_600_1,4.17,2.0,819
785,User_VAR_600_2,4.17,3.0,819
785,User_VAR_600_3,4.17,3.0,819
786,Sys_VAR_ref_600_1,4.85,2.15,819
786,Sys_VAR_ref_600_2,4.15,2.0,819
786,Sys_VAR_ref_600_3,4.65,2.85,819
786,User_VAR_600_1,5.0,4.0,819
786,User_VAR_600_2,5.0,2.0,819
786,User_VAR_600_3,4.29,4.0,819
788,Sys_VAR_ref_600_1,4.12,2.85,819
788,Sys_VAR_ref_600_2,4.85,2.15,819
788,Sys_VAR_ref_600_3,4.85,3.75,819
788,User_VAR_600_1,5.0,3.0,819
788,User_VAR_600_2,5.0,3.0,819
788,User_VAR_600_3,5.0,3.0,819
791,Sys_VAR_ref_600_1,0.0,1.25,836
791,Sys_VAR_ref_600_2,0.0,1.25,836
791,Sys_VAR_ref_600_3,0.0,1.25,836
791,User_VAR_600_1,0.0,1.0,836
791,User_VAR_600_2,0.0,1.0,836
791,User_VAR_600_3,0.0,1.0,836
792,Sys_VAR_ref_600_1,1.85,3.65,836
792,Sys_VAR_ref_600_2,0.0,2.85,836
792,Sys_VAR_ref_600_3,4.85,3.6,836
792,User_VAR_600_1,0.0,4.0,836
792,User_VAR_600_2,0.0,4.0,836
792,User_VAR_600_3,1.25,4.0,836
794,Sys_VAR_ref_600_1,4.85,3.65,836
794,Sys_VAR_ref_600_2,0.0,3.2,836
794,Sys_VAR_ref_600_3,0.15,3.62,836
794,User_VAR_600_1,0.0,3.0,836
794,User_VAR_600_2,0.71,3.0,836
794,User_VAR_600_3,0.71,3.0,836
795,Sys_VAR_ref_600_1,0.0,2.85,836
795,Sys_VAR_ref_600_2,4.85,3.62,836
795,Sys_VAR_ref_600_3,1.25,3.65,836
795,User_VAR_600_1,0.56,3.0,836
795,User_VAR_600_2,0.0,3.0,836
795,User_VAR_600_3,0.0,4.0,836
798,Sys_VAR_ref_600_1,0.85,3.62,836
798,Sys_VAR_ref_600_2,4.85,3.2,836
798,Sys_VAR_ref_600_3,0.85,3.62,836
798,User_VAR_600_1,1.43,2.0,836
798,User_VAR_600_2,1.43,3.0,836
798,User_VAR_600_3,1.43,2.0,836
799,Sys_VAR_ref_600_1,0.0,3.25,836
799,Sys_VAR_ref_600_2,0.0,2.85,836
799,Sys_VAR_ref_600_3,0.0,2.85,836
799,User_VAR_600_1,0.0,2.0,836
799,User_VAR_600_2,0.0,3.0,836
799,User_VAR_600_3,0.0,4.0,836
801,Sys_VAR_ref_600_1,3.85,3.62,903
801,Sys_VAR_ref_600_2,2.85,1.92,903
801,Sys_VAR_ref_600_3,3.85,2.65,903
801,User_VAR_600_1,2.86,4.0,903
801,User_VAR_600_2,2.86,4.0,903
801,User_VAR_600_3,2.86,2.0,903
802,Sys_VAR_ref_600_1,2.85,1.92,903
802,Sys_VAR_ref_600_2,3.85,2.15,903
802,Sys_VAR_ref_600_3,4.12,2.85,903
802,User_VAR_600_1,3.57,2.0,903
802,User_VAR_600_2,3.57,2.0,903
802,User_VAR_600_3,3.57,3.0,903
803,Sys_VAR_ref_600_1,2.15,1.5,903
803,Sys_VAR_ref_600_2,3.42,1.5,903
803,Sys_VAR_ref_600_3,4.35,3.82,903
803,User_VAR_600_1,5.0,2.0,903
803,User_VAR_600_2,3.57,2.0,903
803,User_VAR_600_3,3.57,2.0,903
804,Sys_VAR_ref_600_1,1.85,1.42,903
804,Sys_VAR_ref_600_2,1.25,1.8,903
804,Sys_VAR_ref_600_3,1.85,1.2,903
804,User_VAR_600_1,0.0,1.0,903
804,User_VAR_600_2,2.5,1.0,903
804,User_VAR_600_3,2.5,2.0,903
806,Sys_VAR_ref_600_1,2.85,1.92,903
806,Sys_VAR_ref_600_2,1.85,1.2,903
806,Sys_VAR_ref_600_3,1.85,1.5,903
806,User_VAR_600_1,3.57,1.0,903
806,User_VAR_600_2,2.86,1.0,903
806,User_VAR_600_3,3.57,2.0,903
807,Sys_VAR_ref_600_1,3.85,4.92,903
807,Sys_VAR_ref_600_2,3.42,2.85,903
807,Sys_VAR_ref_600_3,4.65,2.8,903
807,User_VAR_600_1,4.0,3.0,903
807,User_VAR_600_2,4.0,3.0,903
807,User_VAR_600_3,3.57,3.0,903
811,Sys_VAR_ref_600_1,2.85,1.42,917
811,Sys_VAR_ref_600_2,3.85,1.92,917
811,Sys_VAR_ref_600_3,3.85,2.15,917
811,User_VAR_600_1,4.0,2.0,917
811,User_VAR_600_2,0.0,2.0,917
811,User_VAR_600_3,0.0,2.0,917
813,Sys_VAR_ref_600_1,4.25,2.85,917
813,Sys_VAR_ref_600_2,4.12,2.35,917
813,Sys_VAR_ref_600_3,3.85,2.65,917
813,User_VAR_600_1,4.17,2.0,917
813,User_VAR_600_2,4.17,2.0,917
813,User_VAR_600_3,4.17,2.0,917
815,Sys_VAR_ref_600_1,2.85,1.92,917
815,Sys_VAR_ref_600_2,3.85,1.92,917
815,Sys_VAR_ref_600_3,4.12,3.85,917
815,User_VAR_600_1,5.0,3.0,917
815,User_VAR_600_2,5.0,2.0,917
815,User_VAR_600_3,4.29,2.0,917
816,Sys_VAR_ref_600_1,4.12,2.85,917
816,Sys_VAR_ref_600_2,4.12,2.85,917
816,Sys_VAR_ref_600_3,4.12,2.85,917
816,User_VAR_600_1,5.0,2.0,917
816,User_VAR_600_2,4.17,1.0,917
816,User_VAR_600_3,5.0,1.0,917
817,Sys_VAR_ref_600_1,3.85,2.15,917
817,Sys_VAR_ref_600_2,2.15,1.8,917
817,Sys_VAR_ref_600_3,1.85,1.2,917
817,User_VAR_600_1,3.0,1.0,917
817,User_VAR_600_2,3.0,2.0,917
817,User_VAR_600_3,3.0,2.0,917
818,Sys_VAR_ref_600_1,3.85,2.15,917
818,Sys_VAR_ref_600_2,3.85,1.2,917
818,Sys_VAR_ref_600_3,3.85,1.65,917
818,User_VAR_600_1,0.0,3.0,917
818,User_VAR_600_2,3.75,3.0,917
818,User_VAR_600_3,0.0,3.0,917
820,Sys_VAR_ref_600_1,1.85,1.2,919
820,Sys_VAR_ref_600_2,1.85,1.2,919
820,Sys_VAR_ref_600_3,1.85,1.2,919
820,User_VAR_600_1,2.22,1.0,919
820,User_VAR_600_2,2.22,1.0,919
820,User_VAR_600_3,2.22,1.0,919
822,Sys_VAR_ref_600_1,1.85,1.2,919
822,Sys_VAR_ref_600_2,1.85,1.2,919
822,Sys_VAR_ref_600_3,1.85,1.2,919
822,User_VAR_600_1,2.5,1.0,919
822,User_VAR_600_2,2.5,1.0,919
822,User_VAR_600_3,2.5,1.0,919
824,Sys_VAR_ref_600_1,2.15,1.2,919
824,Sys_VAR_ref_600_2,1.85,0.92,919
824,Sys_VAR_ref_600_3,1.85,1.2,919
824,User_VAR_600_1,3.12,1.0,919
824,User_VAR_600_2,3.12,1.0,919
824,User_VAR_600_3,3.12,1.0,919
826,Sys_VAR_ref_600_1,1.85,1.2,919
826,Sys_VAR_ref_600_2,2.15,1.85,919
826,Sys_VAR_ref_600_3,1.85,1.65,919
826,User_VAR_600_1,2.5,1.0,919
826,User_VAR_600_2,2.5,1.0,919
826,User_VAR_600_3,2.5,1.0,919
828,Sys_VAR_ref_600_1,1.85,1.2,919
828,Sys_VAR_ref_600_2,1.85,1.2,919
828,Sys_VAR_ref_600_3,2.85,1.2,919
828,User_VAR_600_1,2.5,1.0,919
828,User_VAR_600_2,2.5,1.0,919
828,User_VAR_600_3,3.12,1.0,919
829,Sys_VAR_ref_600_1,1.25,1.85,919
829,Sys_VAR_ref_600_2,1.85,1.2,919
829,Sys_VAR_ref_600_3,1.25,1.8,919
829,User_VAR_600_1,1.67,2.0,919
829,User_VAR_600_2,1.67,2.0,919
829,User_VAR_600_3,1.11,3.0,919
833,Sys_VAR_ref_600_1,4.65,2.85,920
833,Sys_VAR_ref_600_2,4.85,3.2,920
833,Sys_VAR_ref_600_3,4.85,3.6,920
833,User_VAR_600_1,5.0,4.0,920
833,User_VAR_600_2,5.0,2.0,920
833,User_VAR_600_3,5.0,4.0,920
834,Sys_VAR_ref_600_1,4.85,3.62,920
834,Sys_VAR_ref_600_2,4.85,3.72,920
834,Sys_VAR_ref_600_3,4.65,3.82,920
834,User_VAR_600_1,5.0,3.0,920
834,User_VAR_600_2,5.0,3.0,920
834,User_VAR_600_3,5.0,3.0,920
835,Sys_VAR_ref_600_1,3.45,3.82,920
835,Sys_VAR_ref_600_2,4.15,3.62,920
835,Sys_VAR_ref_600_3,3.85,3.6,920
835,User_VAR_600_1,3.33,3.0,920
835,User_VAR_600_2,3.33,3.0,920
835,User_VAR_600_3,3.33,3.0,920
836,Sys_VAR_ref_600_1,4.85,2.75,920
836,Sys_VAR_ref_600_2,4.65,2.85,920
836,Sys_VAR_ref_600_3,4.15,2.85,920
836,User_VAR_600_1,5.0,3.0,920
836,User_VAR_600_2,5.0,3.0,920
836,User_VAR_600_3,5.0,3.0,920
837,Sys_VAR_ref_600_1,4.98,4.95,920
837,Sys_VAR_ref_600_2,4.65,2.85,920
837,Sys_VAR_ref_600_3,5.0,5.0,920
837,User_VAR_600_1,5.0,4.0,920
837,User_VAR_600_2,4.38,5.0,920
837,User_VAR_600_3,4.38,3.0,920
839,Sys_VAR_ref_600_1,2.85,2.6,920
839,Sys_VAR_ref_600_2,3.45,3.82,920
839,Sys_VAR_ref_600_3,2.85,2.65,920
839,User_VAR_600_1,4.0,4.0,920
839,User_VAR_600_2,3.33,2.0,920
839,User_VAR_600_3,4.0,4.0,920
841,Sys_VAR_ref_600_1,2.85,2.6,922
841,Sys_VAR_ref_600_2,0.85,0.92,922
841,Sys_VAR_ref_600_3,1.85,1.2,922
841,User_VAR_600_1,1.25,1.0,922
841,User_VAR_600_2,0.0,1.0,922
841,User_VAR_600_3,0.0,1.0,922
843,Sys_VAR_ref_600_1,0.45,1.2,922
843,Sys_VAR_ref_600_2,0.85,1.2,922
843,Sys_VAR_ref_600_3,0.15,0.85,922
843,User_VAR_600_1,0.56,1.0,922
843,User_VAR_600_2,0.56,1.0,922
843,User_VAR_600_3,0.71,1.0,922
845,Sys_VAR_ref_600_1,0.0,1.25,922
845,Sys_VAR_ref_600_2,0.0,1.2,922
845,Sys_VAR_ref_600_3,0.0,1.25,922
845,User_VAR_600_1,0.0,1.0,922
845,User_VAR_600_2,0.0,1.0,922
845,User_VAR_600_3,0.56,1.0,922
847,Sys_VAR_ref_600_1,1.85,0.92,922
847,Sys_VAR_ref_600_2,1.85,0.5,922
847,Sys_VAR_ref_600_3,1.85,0.92,922
847,User_VAR_600_1,0.0,1.0,922
847,User_VAR_600_2,2.78,1.0,922
847,User_VAR_600_3,2.78,1.0,922
848,Sys_VAR_ref_600_1,1.85,1.2,922
848,Sys_VAR_ref_600_2,1.85,0.95,922
848,Sys_VAR_ref_600_3,3.85,2.15,922
848,User_VAR_600_1,3.89,3.0,922
848,User_VAR_600_2,1.88,2.0,922
848,User_VAR_600_3,0.71,3.0,922
849,Sys_VAR_ref_600_1,2.15,1.85,922
849,Sys_VAR_ref_600_2,2.15,1.85,922
849,Sys_VAR_ref_600_3,1.85,1.2,922
849,User_VAR_600_1,3.89,2.0,922
849,User_VAR_600_2,3.89,1.0,922
849,User_VAR_600_3,3.33,1.0,922
850,Sys_VAR_ref_600_1,4.15,3.2,928
850,Sys_VAR_ref_600_2,4.15,3.2,928
850,Sys_VAR_ref_600_3,4.85,3.65,928
850,User_VAR_600_1,5.0,4.0,928
850,User_VAR_600_2,4.38,4.0,928
850,User_VAR_600_3,4.38,4.0,928
852,Sys_VAR_ref_600_1,4.65,3.85,928
852,Sys_VAR_ref_600_2,4.65,3.85,928
852,Sys_VAR_ref_600_3,4.65,2.85,928
852,User_VAR_600_1,5.0,3.0,928
852,User_VAR_600_2,5.0,3.0,928
852,User_VAR_600_3,5.0,4.0,928
855,Sys_VAR_ref_600_1,4.25,2.85,928
855,Sys_VAR_ref_600_2,4.65,2.85,928
855,Sys_VAR_ref_600_3,4.65,3.85,928
855,User_VAR_600_1,4.44,2.0,928
855,User_VAR_600_2,5.0,2.0,928
855,User_VAR_600_3,5.0,2.0,928
857,Sys_VAR_ref_600_1,4.85,3.65,928
857,Sys_VAR_ref_600_2,4.85,3.6,928
857,Sys_VAR_ref_600_3,4.85,3.65,928
857,User_VAR_600_1,5.0,4.0,928
857,User_VAR_600_2,5.0,4.0,928
857,User_VAR_600_3,5.0,5.0,928
858,Sys_VAR_ref_600_1,4.65,2.85,928
858,Sys_VAR_ref_600_2,4.65,2.85,928
858,Sys_VAR_ref_600_3,4.65,2.85,928
858,User_VAR_600_1,5.0,3.0,928
858,User_VAR_600_2,5.0,3.0,928
858,User_VAR_600_3,5.0,3.0,928
859,Sys_VAR_ref_600_1,4.85,3.65,928
859,Sys_VAR_ref_600_2,4.65,3.85,928
859,Sys_VAR_ref_600_3,4.15,3.85,928
859,User_VAR_600_1,4.38,4.0,928
859,User_VAR_600_2,5.0,4.0,928
859,User_VAR_600_3,5.0,4.0,928
861,Sys_VAR_ref_600_1,4.85,4.2,931
861,Sys_VAR_ref_600_2,4.85,3.62,931
861,Sys_VAR_ref_600_3,4.85,3.65,931
861,User_VAR_600_1,5.0,4.0,931
861,User_VAR_600_2,5.0,4.0,931
861,User_VAR_600_3,5.0,5.0,931
862,Sys_VAR_ref_600_1,4.85,3.72,931
862,Sys_VAR_ref_600_2,4.85,2.75,931
862,Sys_VAR_ref_600_3,4.85,3.72,931
862,User_VAR_600_1,5.0,4.0,931
862,User_VAR_600_2,5.0,3.0,931
862,User_VAR_600_3,5.0,3.0,931
865,Sys_VAR_ref_600_1,4.85,3.62,931
865,Sys_VAR_ref_600_2,4.85,3.6,931
865,Sys_VAR_ref_600_3,4.85,3.65,931
865,User_VAR_600_1,5.0,5.0,931
865,User_VAR_600_2,5.0,4.0,931
865,User_VAR_600_3,5.0,5.0,931
866,Sys_VAR_ref_600_1,4.85,2.1,931
866,Sys_VAR_ref_600_2,4.65,2.85,931
866,Sys_VAR_ref_600_3,4.85,3.2,931
866,User_VAR_600_1,5.0,2.0,931
866,User_VAR_600_2,3.75,4.0,931
866,User_VAR_600_3,3.75,2.0,931
867,Sys_VAR_ref_600_1,1.85,3.62,931
867,Sys_VAR_ref_600_2,3.85,2.65,931
867,Sys_VAR_ref_600_3,2.85,3.12,931
867,User_VAR_600_1,3.75,3.0,931
867,User_VAR_600_2,3.75,3.0,931
867,User_VAR_600_3,3.75,3.0,931
868,Sys_VAR_ref_600_1,4.85,3.62,931
868,Sys_VAR_ref_600_2,4.85,3.65,931
868,Sys_VAR_ref_600_3,4.85,3.65,931
868,User_VAR_600_1,5.0,4.0,931
868,User_VAR_600_2,5.0,4.0,931
868,User_VAR_600_3,5.0,4.0,931
870,Sys_VAR_ref_600_1,3.85,4.12,943
870,Sys_VAR_ref_600_2,2.85,2.9,943
870,Sys_VAR_ref_600_3,2.85,3.42,943
870,User_VAR_600_1,3.0,3.0,943
870,User_VAR_600_2,2.78,4.0,943
870,User_VAR_600_3,2.78,4.0,943
871,Sys_VAR_ref_600_1,4.65,3.85,943
871,Sys_VAR_ref_600_2,4.85,4.2,943
871,Sys_VAR_ref_600_3,4.85,3.65,943
871,User_VAR_600_1,4.0,4.0,943
871,User_VAR_600_2,4.0,4.0,943
871,User_VAR_600_3,4.0,4.0,943
872,Sys_VAR_ref_600_1,4.65,2.85,943
872,Sys_VAR_ref_600_2,4.85,3.65,943
872,Sys_VAR_ref_600_3,4.85,3.65,943
872,User_VAR_600_1,4.44,4.0,943
872,User_VAR_600_2,4.44,4.0,943
872,User_VAR_600_3,4.44,4.0,943
873,Sys_VAR_ref_600_1,4.85,4.2,943
873,Sys_VAR_ref_600_2,4.85,4.2,943
873,Sys_VAR_ref_600_3,4.85,3.6,943
873,User_VAR_600_1,5.0,4.0,943
873,User_VAR_600_2,5.0,4.0,943
873,User_VAR_600_3,5.0,4.0,943
876,Sys_VAR_ref_600_1,4.65,2.85,943
876,Sys_VAR_ref_600_2,4.85,3.62,943
876,Sys_VAR_ref_600_3,4.85,3.65,943
876,User_VAR_600_1,5.0,4.0,943
876,User_VAR_600_2,4.0,4.0,943
876,User_VAR_600_3,4.0,4.0,943
879,Sys_VAR_ref_600_1,4.92,4.15,943
879,Sys_VAR_ref_600_2,4.85,3.65,943
879,Sys_VAR_ref_600_3,4.68,3.45,943
879,User_VAR_600_1,5.0,4.0,943
879,User_VAR_600_2,5.0,4.0,943
879,User_VAR_600_3,5.0,4.0,943
881,Sys_VAR_ref_600_1,4.85,4.2,952
881,Sys_VAR_ref_600_2,4.68,3.85,952
881,Sys_VAR_ref_600_3,4.85,3.65,952
881,User_VAR_600_1,5.0,3.0,952
881,User_VAR_600_2,5.0,4.0,952
881,User_VAR_600_3,5.0,4.0,952
883,Sys_VAR_ref_600_1,4.85,4.2,952
883,Sys_VAR_ref_600_2,4.85,4.2,952
883,Sys_VAR_ref_600_3,4.85,3.65,952
883,User_VAR_600_1,5.0,4.0,952
883,User_VAR_600_2,5.0,5.0,952
883,User_VAR_600_3,5.0,5.0,952
884,Sys_VAR_ref_600_1,0.05,4.82,952
884,Sys_VAR_ref_600_2,3.85,2.9,952
884,Sys_VAR_ref_600_3,0.05,4.82,952
884,User_VAR_600_1,0.0,4.0,952
884,User_VAR_600_2,0.0,5.0,952
884,User_VAR_600_3,0.0,5.0,952
885,Sys_VAR_ref_600_1,4.85,3.62,952
885,Sys_VAR_ref_600_2,4.85,3.65,952
885,Sys_VAR_ref_600_3,4.85,3.6,952
885,User_VAR_600_1,5.0,4.0,952
885,User_VAR_600_2,5.0,4.0,952
885,User_VAR_600_3,5.0,4.0,952
887,Sys_VAR_ref_600_1,4.85,3.65,952
887,Sys_VAR_ref_600_2,4.85,3.6,952
887,Sys_VAR_ref_600_3,4.85,4.72,952
887,User_VAR_600_1,5.0,4.0,952
887,User_VAR_600_2,5.0,4.0,952
887,User_VAR_600_3,5.0,5.0,952
889,Sys_VAR_ref_600_1,4.85,3.65,952
889,Sys_VAR_ref_600_2,4.92,4.85,952
889,Sys_VAR_ref_600_3,4.92,4.85,952
889,User_VAR_600_1,5.0,5.0,952
889,User_VAR_600_2,5.0,5.0,952
889,User_VAR_600_3,5.0,5.0,952
891,Sys_VAR_ref_600_1,4.65,2.85,960
891,Sys_VAR_ref_600_2,4.85,3.2,960
891,Sys_VAR_ref_600_3,4.65,3.82,960
891,User_VAR_600_1,5.0,3.0,960
891,User_VAR_600_2,5.0,3.0,960
891,User_VAR_600_3,5.0,3.0,960
893,Sys_VAR_ref_600_1,4.65,2.85,960
893,Sys_VAR_ref_600_2,4.85,3.62,960
893,Sys_VAR_ref_600_3,4.65,2.85,960
893,User_VAR_600_1,5.0,4.0,960
893,User_VAR_600_2,5.0,4.0,960
893,User_VAR_600_3,5.0,4.0,960
895,Sys_VAR_ref_600_1,4.85,3.75,960
895,Sys_VAR_ref_600_2,4.85,3.72,960
895,Sys_VAR_ref_600_3,4.85,3.75,960
895,User_VAR_600_1,5.0,4.0,960
895,User_VAR_600_2,5.0,4.0,960
895,User_VAR_600_3,5.0,4.0,960
896,Sys_VAR_ref_600_1,4.65,2.85,960
896,Sys_VAR_ref_600_2,4.85,3.2,960
896,Sys_VAR_ref_600_3,4.65,3.82,960
896,User_VAR_600_1,5.0,4.0,960
896,User_VAR_600_2,5.0,4.0,960
896,User_VAR_600_3,5.0,4.0,960
897,Sys_VAR_ref_600_1,4.85,3.6,960
897,Sys_VAR_ref_600_2,4.85,2.9,960
897,Sys_VAR_ref_600_3,4.65,3.82,960
897,User_VAR_600_1,5.0,4.0,960
897,User_VAR_600_2,5.0,4.0,960
897,User_VAR_600_3,5.0,4.0,960
899,Sys_VAR_ref_600_1,4.85,3.65,960
899,Sys_VAR_ref_600_2,4.65,3.85,960
899,Sys_VAR_ref_600_3,4.65,3.82,960
899,User_VAR_600_1,5.0,4.0,960
899,User_VAR_600_2,4.29,4.0,960
899,User_VAR_600_3,4.29,4.0,960
900,Sys_VAR_ref_600_1,2.85,3.4,962
900,Sys_VAR_ref_600_2,2.85,2.1,962
900,Sys_VAR_ref_600_3,2.85,2.1,962
900,User_VAR_600_1,3.75,2.0,962
900,User_VAR_600_2,4.38,3.0,962
900,User_VAR_600_3,4.38,2.0,962
901,Sys_VAR_ref_600_1,4.85,3.72,962
901,Sys_VAR_ref_600_2,4.15,3.85,962
901,Sys_VAR_ref_600_3,4.85,4.62,962
901,User_VAR_600_1,4.44,4.0,962
901,User_VAR_600_2,5.0,4.0,962
901,User_VAR_600_3,4.44,4.0,962
904,Sys_VAR_ref_600_1,4.85,3.62,962
904,Sys_VAR_ref_600_2,4.65,3.82,962
904,Sys_VAR_ref_600_3,4.85,3.65,962
904,User_VAR_600_1,5.0,4.0,962
904,User_VAR_600_2,5.0,4.0,962
904,User_VAR_600_3,5.0,4.0,962
906,Sys_VAR_ref_600_1,4.85,3.65,962
906,Sys_VAR_ref_600_2,4.85,3.62,962
906,Sys_VAR_ref_600_3,4.92,4.85,962
906,User_VAR_600_1,5.0,4.0,962
906,User_VAR_600_2,5.0,4.0,962
906,User_VAR_600_3,5.0,4.0,962
907,Sys_VAR_ref_600_1,4.85,3.6,962
907,Sys_VAR_ref_600_2,4.85,3.62,962
907,Sys_VAR_ref_600_3,4.65,3.85,962
907,User_VAR_600_1,5.0,4.0,962
907,User_VAR_600_2,5.0,4.0,962
907,User_VAR_600_3,5.0,4.0,962
908,Sys_VAR_ref_600_1,2.85,3.42,962
908,Sys_VAR_ref_600_2,2.35,2.8,962
908,Sys_VAR_ref_600_3,2.15,2.8,962
908,User_VAR_600_1,3.57,2.0,962
908,User_VAR_600_2,4.29,3.0,962
908,User_VAR_600_3,4.29,3.0,962
910,Sys_VAR_ref_600_1,3.85,1.42,968
910,Sys_VAR_ref_600_2,4.85,1.5,968
910,Sys_VAR_ref_600_3,4.12,1.5,968
910,User_VAR_600_1,5.0,2.0,968
910,User_VAR_600_2,5.0,2.0,968
910,User_VAR_600_3,5.0,2.0,968
913,Sys_VAR_ref_600_1,3.85,3.6,968
913,Sys_VAR_ref_600_2,1.85,1.2,968
913,Sys_VAR_ref_600_3,3.85,2.9,968
913,User_VAR_600_1,3.57,3.0,968
913,User_VAR_600_2,5.0,4.0,968
913,User_VAR_600_3,2.14,4.0,968
916,Sys_VAR_ref_600_1,4.85,3.72,968
916,Sys_VAR_ref_600_2,4.65,3.85,968
916,Sys_VAR_ref_600_3,4.85,3.75,968
916,User_VAR_600_1,5.0,3.0,968
916,User_VAR_600_2,5.0,3.0,968
916,User_VAR_600_3,5.0,4.0,968
917,Sys_VAR_ref_600_1,4.65,2.85,968
917,Sys_VAR_ref_600_2,4.85,3.6,968
917,Sys_VAR_ref_600_3,4.85,3.6,968
917,User_VAR_600_1,5.0,4.0,968
917,User_VAR_600_2,5.0,4.0,968
917,User_VAR_600_3,5.0,4.0,968
918,Sys_VAR_ref_600_1,4.65,3.85,968
918,Sys_VAR_ref_600_2,4.85,3.62,968
918,Sys_VAR_ref_600_3,4.85,3.2,968
918,User_VAR_600_1,5.0,4.0,968
918,User_VAR_600_2,5.0,4.0,968
918,User_VAR_600_3,5.0,4.0,968
919,Sys_VAR_ref_600_1,4.85,3.65,968
919,Sys_VAR_ref_600_2,4.85,4.2,968
919,Sys_VAR_ref_600_3,4.85,3.65,968
919,User_VAR_600_1,5.0,4.0,968
919,User_VAR_600_2,5.0,4.0,968
919,User_VAR_600_3,5.0,4.0,968
922,Sys_VAR_ref_600_1,4.98,4.95,971
922,Sys_VAR_ref_600_2,4.92,4.85,971
922,Sys_VAR_ref_600_3,4.85,4.62,971
922,User_VAR_600_1,5.0,5.0,971
922,User_VAR_600_2,5.0,5.0,971
922,User_VAR_600_3,5.0,5.0,971
923,Sys_VAR_ref_600_1,4.85,2.15,971
923,Sys_VAR_ref_600_2,4.85,2.15,971
923,Sys_VAR_ref_600_3,4.65,2.85,971
923,User_VAR_600_1,5.0,2.0,971
923,User_VAR_600_2,5.0,3.0,971
923,User_VAR_600_3,5.0,3.0,971
924,Sys_VAR_ref_600_1,4.15,2.85,971
924,Sys_VAR_ref_600_2,3.85,2.15,971
924,Sys_VAR_ref_600_3,3.85,1.65,971
924,User_VAR_600_1,4.38,4.0,971
924,User_VAR_600_2,4.38,2.0,971
924,User_VAR_600_3,4.38,4.0,971
925,Sys_VAR_ref_600_1,3.85,1.2,971
925,Sys_VAR_ref_600_2,2.85,1.42,971
925,Sys_VAR_ref_600_3,1.85,1.2,971
925,User_VAR_600_1,1.88,2.0,971
925,User_VAR_600_2,3.75,2.0,971
925,User_VAR_600_3,3.75,2.0,971
926,Sys_VAR_ref_600_1,4.92,4.85,971
926,Sys_VAR_ref_600_2,4.85,3.65,971
926,Sys_VAR_ref_600_3,4.82,3.65,971
926,User_VAR_600_1,5.0,4.0,971
926,User_VAR_600_2,5.0,5.0,971
926,User_VAR_600_3,5.0,4.0,971
927,Sys_VAR_ref_600_1,1.15,0.85,971
927,Sys_VAR_ref_600_2,0.85,1.2,971
927,Sys_VAR_ref_600_3,2.15,1.5,971
927,User_VAR_600_1,2.86,2.0,971
927,User_VAR_600_2,0.62,1.0,971
927,User_VAR_600_3,2.86,1.0,971
931,Sys_VAR_ref_600_1,4.65,3.85,972
931,Sys_VAR_ref_600_2,4.85,3.7,972
931,Sys_VAR_ref_600_3,4.65,3.85,972
931,User_VAR_600_1,5.0,2.0,972
931,User_VAR_600_2,5.0,2.0,972
931,User_VAR_600_3,5.0,1.0,972
933,Sys_VAR_ref_600_1,1.85,1.2,972
933,Sys_VAR_ref_600_2,2.85,1.5,972
933,Sys_VAR_ref_600_3,2.15,1.5,972
933,User_VAR_600_1,4.38,1.0,972
933,User_VAR_600_2,2.22,4.0,972
933,User_VAR_600_3,3.75,4.0,972
935,Sys_VAR_ref_600_1,4.85,4.2,972
935,Sys_VAR_ref_600_2,4.85,4.2,972
935,Sys_VAR_ref_600_3,4.85,3.65,972
935,User_VAR_600_1,5.0,4.0,972
935,User_VAR_600_2,5.0,4.0,972
935,User_VAR_600_3,5.0,4.0,972
936,Sys_VAR_ref_600_1,4.12,1.85,972
936,Sys_VAR_ref_600_2,3.85,1.2,972
936,Sys_VAR_ref_600_3,4.15,1.85,972
936,User_VAR_600_1,5.0,1.0,972
936,User_VAR_600_2,4.44,1.0,972
936,User_VAR_600_3,4.38,1.0,972
937,Sys_VAR_ref_600_1,4.65,1.5,972
937,Sys_VAR_ref_600_2,4.12,1.5,972
937,Sys_VAR_ref_600_3,4.85,1.5,972
937,User_VAR_600_1,4.38,3.0,972
937,User_VAR_600_2,5.0,2.0,972
937,User_VAR_600_3,5.0,2.0,972
938,Sys_VAR_ref_600_1,4.65,3.85,972
938,Sys_VAR_ref_600_2,4.85,3.2,972
938,Sys_VAR_ref_600_3,4.65,3.85,972
938,User_VAR_600_1,5.0,4.0,972
938,User_VAR_600_2,4.44,4.0,972
938,User_VAR_600_3,5.0,4.0,972
942,Sys_VAR_ref_600_1,4.12,1.5,981
942,Sys_VAR_ref_600_2,4.12,1.5,981
942,Sys_VAR_ref_600_3,4.12,1.5,981
942,User_VAR_600_1,5.0,2.0,981
942,User_VAR_600_2,0.0,2.0,981
942,User_VAR_600_3,4.29,2.0,981
943,Sys_VAR_ref_600_1,3.65,1.25,981
943,Sys_VAR_ref_600_2,3.42,1.5,981
943,Sys_VAR_ref_600_3,2.85,1.2,981
943,User_VAR_600_1,2.86,2.0,981
943,User_VAR_600_2,3.57,2.0,981
943,User_VAR_600_3,4.29,2.0,981
944,Sys_VAR_ref_600_1,4.12,2.0,981
944,Sys_VAR_ref_600_2,3.82,2.0,981
944,Sys_VAR_ref_600_3,3.85,2.0,981
944,User_VAR_600_1,3.33,2.0,981
944,User_VAR_600_2,3.33,2.0,981
944,User_VAR_600_3,5.0,2.0,981
945,Sys_VAR_ref_600_1,4.12,1.5,981
945,Sys_VAR_ref_600_2,4.12,1.5,981
945,Sys_VAR_ref_600_3,4.12,1.5,981
945,User_VAR_600_1,4.29,4.0,981
945,User_VAR_600_2,5.0,4.0,981
945,User_VAR_600_3,5.0,4.0,981
946,Sys_VAR_ref_600_1,4.15,1.5,981
946,Sys_VAR_ref_600_2,3.65,1.5,981
946,Sys_VAR_ref_600_3,4.12,1.5,981
946,User_VAR_600_1,5.0,2.0,981
946,User_VAR_600_2,5.0,3.0,981
946,User_VAR_600_3,3.57,2.0,981
947,Sys_VAR_ref_600_1,4.12,1.5,981
947,Sys_VAR_ref_600_2,4.35,1.5,981
947,Sys_VAR_ref_600_3,4.65,1.5,981
947,User_VAR_600_1,5.0,2.0,981
947,User_VAR_600_2,5.0,2.0,981
947,User_VAR_600_3,5.0,2.0,981
950,Sys_VAR_ref_600_1,3.42,1.15,982
950,Sys_VAR_ref_600_2,3.85,1.5,982
950,Sys_VAR_ref_600_3,2.15,1.5,982
950,User_VAR_600_1,3.12,1.0,982
950,User_VAR_600_2,3.12,1.0,982
950,User_VAR_600_3,3.12,1.0,982
952,Sys_VAR_ref_600_1,3.42,1.5,982
952,Sys_VAR_ref_600_2,3.85,2.15,982
952,Sys_VAR_ref_600_3,4.15,3.85,982
952,User_VAR_600_1,4.0,3.0,982
952,User_VAR_600_2,4.0,3.0,982
952,User_VAR_600_3,4.0,2.0,982
953,Sys_VAR_ref_600_1,2.85,2.1,982
953,Sys_VAR_ref_600_2,3.65,1.5,982
953,Sys_VAR_ref_600_3,2.85,1.42,982
953,User_VAR_600_1,2.86,2.0,982
953,User_VAR_600_2,3.57,2.0,982
953,User_VAR_600_3,2.86,2.0,982
957,Sys_VAR_ref_600_1,0.42,0.15,982
957,Sys_VAR_ref_600_2,3.45,1.5,982
957,Sys_VAR_ref_600_3,2.85,1.5,982
957,User_VAR_600_1,3.57,2.0,982
957,User_VAR_600_2,0.0,2.0,982
957,User_VAR_600_3,0.0,2.0,982
958,Sys_VAR_ref_600_1,2.85,2.0,982
958,Sys_VAR_ref_600_2,1.85,2.0,982
958,Sys_VAR_ref_600_3,2.85,1.42,982
958,User_VAR_600_1,3.57,1.0,982
958,User_VAR_600_2,3.57,1.0,982
958,User_VAR_600_3,3.57,1.0,982
959,Sys_VAR_ref_600_1,1.25,1.5,982
959,Sys_VAR_ref_600_2,1.24,1.5,982
959,Sys_VAR_ref_600_3,1.25,1.5,982
959,User_VAR_600_1,1.88,2.0,982
959,User_VAR_600_2,1.88,2.0,982
959,User_VAR_600_3,1.88,2.0,982
962,Sys_VAR_ref_600_1,4.12,2.85,983
962,Sys_VAR_ref_600_2,3.82,2.15,983
962,Sys_VAR_ref_600_3,4.12,3.65,983
962,User_VAR_600_1,5.0,3.0,983
962,User_VAR_600_2,5.0,3.0,983
962,User_VAR_600_3,5.0,4.0,983
963,Sys_VAR_ref_600_1,3.45,1.5,983
963,Sys_VAR_ref_600_2,3.45,1.5,983
963,Sys_VAR_ref_600_3,3.85,1.5,983
963,User_VAR_600_1,5.0,2.0,983
963,User_VAR_600_2,5.0,1.0,983
963,User_VAR_600_3,5.0,2.0,983
964,Sys_VAR_ref_600_1,4.65,2.0,983
964,Sys_VAR_ref_600_2,3.65,2.85,983
964,Sys_VAR_ref_600_3,2.85,1.65,983
964,User_VAR_600_1,3.12,4.0,983
964,User_VAR_600_2,3.75,2.0,983
964,User_VAR_600_3,3.12,4.0,983
966,Sys_VAR_ref_600_1,3.42,2.85,983
966,Sys_VAR_ref_600_2,4.65,3.82,983
966,Sys_VAR_ref_600_3,4.65,3.85,983
966,User_VAR_600_1,5.0,3.0,983
966,User_VAR_600_2,5.0,3.0,983
966,User_VAR_600_3,5.0,3.0,983
967,Sys_VAR_ref_600_1,4.65,1.5,983
967,Sys_VAR_ref_600_2,4.68,3.85,983
967,Sys_VAR_ref_600_3,4.62,3.85,983
967,User_VAR_600_1,5.0,4.0,983
967,User_VAR_600_2,5.0,4.0,983
967,User_VAR_600_3,5.0,4.0,983
969,Sys_VAR_ref_600_1,4.65,3.0,983
969,Sys_VAR_ref_600_2,4.65,3.0,983
969,Sys_VAR_ref_600_3,4.85,3.0,983
969,User_VAR_600_1,5.0,4.0,983
969,User_VAR_600_2,5.0,3.0,983
969,User_VAR_600_3,5.0,4.0,983
971,Sys_VAR_ref_600_1,4.85,3.62,985
971,Sys_VAR_ref_600_2,4.82,3.85,985
971,Sys_VAR_ref_600_3,4.85,3.65,985
971,User_VAR_600_1,5.0,5.0,985
971,User_VAR_600_2,5.0,4.0,985
971,User_VAR_600_3,5.0,5.0,985
972,Sys_VAR_ref_600_1,0.0,3.85,985
972,Sys_VAR_ref_600_2,0.15,3.85,985
972,Sys_VAR_ref_600_3,0.0,4.92,985
972,User_VAR_600_1,0.0,5.0,985
972,User_VAR_600_2,0.0,5.0,985
972,User_VAR_600_3,0.0,5.0,985
973,Sys_VAR_ref_600_1,4.92,4.95,985
973,Sys_VAR_ref_600_2,4.82,4.65,985
973,Sys_VAR_ref_600_3,4.12,3.85,985
973,User_VAR_600_1,5.0,5.0,985
973,User_VAR_600_2,5.0,5.0,985
973,User_VAR_600_3,3.0,5.0,985
976,Sys_VAR_ref_600_1,2.85,3.6,985
976,Sys_VAR_ref_600_2,2.85,3.62,985
976,Sys_VAR_ref_600_3,2.85,3.6,985
976,User_VAR_600_1,3.0,5.0,985
976,User_VAR_600_2,3.0,4.0,985
976,User_VAR_600_3,3.0,5.0,985
978,Sys_VAR_ref_600_1,4.62,3.85,985
978,Sys_VAR_ref_600_2,4.85,4.92,985
978,Sys_VAR_ref_600_3,4.85,4.92,985
978,User_VAR_600_1,5.0,4.0,985
978,User_VAR_600_2,5.0,4.0,985
978,User_VAR_600_3,5.0,5.0,985
979,Sys_VAR_ref_600_1,4.85,3.65,985
979,Sys_VAR_ref_600_2,4.85,3.65,985
979,Sys_VAR_ref_600_3,4.85,3.65,985
979,User_VAR_600_1,5.0,4.0,985
979,User_VAR_600_2,5.0,4.0,985
979,User_VAR_600_3,5.0,4.0,985
981,Sys_VAR_ref_600_1,4.65,4.12,991
981,Sys_VAR_ref_600_2,4.65,3.85,991
981,Sys_VAR_ref_600_3,4.65,4.12,991
981,User_VAR_600_1,4.44,4.0,991
981,User_VAR_600_2,4.44,4.0,991
981,User_VAR_600_3,4.44,4.0,991
982,Sys_VAR_ref_600_1,4.92,4.85,991
982,Sys_VAR_ref_600_2,4.92,4.85,991
982,Sys_VAR_ref_600_3,4.68,3.42,991
982,User_VAR_600_1,5.0,5.0,991
982,User_VAR_600_2,5.0,5.0,991
982,User_VAR_600_3,5.0,3.0,991
983,Sys_VAR_ref_600_1,4.35,2.85,991
983,Sys_VAR_ref_600_2,4.85,4.2,991
983,Sys_VAR_ref_600_3,4.85,4.72,991
983,User_VAR_600_1,5.0,4.0,991
983,User_VAR_600_2,5.0,4.0,991
983,User_VAR_600_3,5.0,4.0,991
984,Sys_VAR_ref_600_1,4.15,3.85,991
984,Sys_VAR_ref_600_2,4.65,4.72,991
984,Sys_VAR_ref_600_3,4.65,3.85,991
984,User_VAR_600_1,4.44,4.0,991
984,User_VAR_600_2,4.44,4.0,991
984,User_VAR_600_3,4.44,4.0,991
986,Sys_VAR_ref_600_1,3.82,2.65,991
986,Sys_VAR_ref_600_2,4.12,3.85,991
986,Sys_VAR_ref_600_3,3.45,3.82,991
986,User_VAR_600_1,3.89,4.0,991
986,User_VAR_600_2,3.89,4.0,991
986,User_VAR_600_3,3.89,4.0,991
989,Sys_VAR_ref_600_1,4.85,3.2,991
989,Sys_VAR_ref_600_2,4.82,3.65,991
989,Sys_VAR_ref_600_3,4.82,4.35,991
989,User_VAR_600_1,5.0,5.0,991
989,User_VAR_600_2,5.0,5.0,991
989,User_VAR_600_3,5.0,5.0,991
990,Sys_VAR_ref_600_1,1.25,1.1,999
990,Sys_VAR_ref_600_2,0.15,0.2,999
990,Sys_VAR_ref_600_3,1.85,0.92,999
990,User_VAR_600_1,2.78,1.0,999
990,User_VAR_600_2,2.22,1.0,999
990,User_VAR_600_3,2.86,1.0,999
991,Sys_VAR_ref_600_1,2.85,1.92,999
991,Sys_VAR_ref_600_2,1.85,2.1,999
991,Sys_VAR_ref_600_3,0.15,1.2,999
991,User_VAR_600_1,4.29,1.0,999
991,User_VAR_600_2,4.29,1.0,999
991,User_VAR_600_3,1.11,1.0,999
993,Sys_VAR_ref_600_1,4.85,4.92,999
993,Sys_VAR_ref_600_2,4.92,4.98,999
993,Sys_VAR_ref_600_3,4.85,4.6,999
993,User_VAR_600_1,5.0,3.0,999
993,User_VAR_600_2,5.0,3.0,999
993,User_VAR_600_3,5.0,5.0,999
995,Sys_VAR_ref_600_1,4.65,2.1,999
995,Sys_VAR_ref_600_2,4.92,1.85,999
995,Sys_VAR_ref_600_3,4.65,3.82,999
995,User_VAR_600_1,5.0,3.0,999
995,User_VAR_600_2,5.0,2.0,999
995,User_VAR_600_3,5.0,3.0,999
996,Sys_VAR_ref_600_1,4.85,3.92,999
996,Sys_VAR_ref_600_2,4.85,3.6,999
996,Sys_VAR_ref_600_3,4.15,2.35,999
996,User_VAR_600_1,5.0,4.0,999
996,User_VAR_600_2,5.0,3.0,999
996,User_VAR_600_3,5.0,3.0,999
997,Sys_VAR_ref_600_1,0.15,1.5,999
997,Sys_VAR_ref_600_2,0.0,1.5,999
997,Sys_VAR_ref_600_3,1.25,1.5,999
997,User_VAR_600_1,0.0,1.0,999
997,User_VAR_600_2,1.67,1.0,999
997,User_VAR_600_3,1.67,3.0,999
