group,alignment_threshold,authenticity_threshold,probability
Sys_VAR_ref_600,0.0,0.0,1.0
Sys_VAR_ref_600,0.0,0.02,1.0
Sys_VAR_ref_600,0.0,0.04,1.0
Sys_VAR_ref_600,0.0,0.06,1.0
Sys_VAR_ref_600,0.0,0.08,1.0
Sys_VAR_ref_600,0.0,0.1,1.0
Sys_VAR_ref_600,0.0,0.12,1.0
Sys_VAR_ref_600,0.0,0.14,0.9983333333333333
Sys_VAR_ref_600,0.0,0.16,0.9933333333333333
Sys_VAR_ref_600,0.0,0.18,0.9933333333333333
Sys_VAR_ref_600,0.0,0.2,0.9883333333333333
Sys_VAR_ref_600,0.0,0.22,0.9816666666666666
Sys_VAR_ref_600,0.0,0.24,0.9766666666666666
Sys_VAR_ref_600,0.0,0.26,0.9533333333333333
Sys_VAR_ref_600,0.0,0.28,0.9416666666666664
Sys_VAR_ref_600,0.0,0.3,0.9149999999999998
Sys_VAR_ref_600,0.0,0.32,0.8033333333333337
Sys_VAR_ref_600,0.0,0.34,0.78
Sys_VAR_ref_600,0.0,0.36,0.7616666666666664
Sys_VAR_ref_600,0.0,0.38,0.7433333333333333
Sys_VAR_ref_600,0.0,0.4,0.7233333333333333
Sys_VAR_ref_600,0.0,0.42,0.695
Sys_VAR_ref_600,0.0,0.44,0.6766666666666665
Sys_VAR_ref_600,0.0,0.46,0.655
Sys_VAR_ref_600,0.0,0.48,0.6233333333333332
Sys_VAR_ref_600,0.0,0.5,0.6133333333333332
Sys_VAR_ref_600,0.0,0.52,0.59
Sys_VAR_ref_600,0.0,0.54,0.565
Sys_VAR_ref_600,0.0,0.56,0.5366666666666668
Sys_VAR_ref_600,0.0,0.58,0.5033333333333335
Sys_VAR_ref_600,0.0,0.6,0.4700000000000002
Sys_VAR_ref_600,0.0,0.62,0.43166666666666664
Sys_VAR_ref_600,0.0,0.64,0.3900000000000001
Sys_VAR_ref_600,0.0,0.66,0.3766666666666667
Sys_VAR_ref_600,0.0,0.68,0.3383333333333334
Sys_VAR_ref_600,0.0,0.7,0.3
Sys_VAR_ref_600,0.0,0.72,0.27
Sys_VAR_ref_600,0.0,0.74,0.235
Sys_VAR_ref_600,0.0,0.76,0.165
Sys_VAR_ref_600,0.0,0.78,0.13333333333333333
Sys_VAR_ref_600,0.0,0.8,0.11666666666666665
Sys_VAR_ref_600,0.0,0.82,0.1
Sys_VAR_ref_600,0.0,0.84,0.0666666666666667
Sys_VAR_ref_600,0.0,0.86,0.055
Sys_VAR_ref_600,0.0,0.88,0.05333333333333333
Sys_VAR_ref_600,0.0,0.9,0.045
Sys_VAR_ref_600,0.0,0.92,0.03666666666666665
Sys_VAR_ref_600,0.0,0.94,0.029999999999999995
Sys_VAR_ref_600,0.0,0.96,0.029999999999999995
Sys_VAR_ref_600,0.0,0.98,0.013333333333333332
Sys_VAR_ref_600,0.0,1.0,0.005
Sys_VAR_ref_600,0.02,0.0,0.9833333333333334
Sys_VAR_ref_600,0.02,0.02,0.9833333333333334
Sys_VAR_ref_600,0.02,0.04,0.9833333333333334
Sys_VAR_ref_600,0.02,0.06,0.9833333333333334
Sys_VAR_ref_600,0.02,0.08,0.9833333333333334
Sys_VAR_ref_600,0.02,0.1,0.9833333333333334
Sys_VAR_ref_600,0.02,0.12,0.9833333333333334
Sys_VAR_ref_600,0.02,0.14,0.9816666666666667
Sys_VAR_ref_600,0.02,0.16,0.9783333333333334
Sys_VAR_ref_600,0.02,0.18,0.9783333333333334
Sys_VAR_ref_600,0.02,0.2,0.9733333333333334
Sys_VAR_ref_600,0.02,0.22,0.9666666666666666
Sys_VAR_ref_600,0.02,0.24,0.9616666666666666
Sys_VAR_ref_600,0.02,0.26,0.945
Sys_VAR_ref_600,0.02,0.28,0.9333333333333335
Sys_VAR_ref_600,0.02,0.3,0.9083333333333334
Sys_VAR_ref_600,0.02,0.32,0.7983333333333337
Sys_VAR_ref_600,0.02,0.34,0.775
Sys_VAR_ref_600,0.02,0.36,0.7566666666666663
Sys_VAR_ref_600,0.02,0.38,0.7383333333333332
Sys_VAR_ref_600,0.02,0.4,0.7199999999999998
Sys_VAR_ref_600,0.02,0.42,0.6916666666666665
Sys_VAR_ref_600,0.02,0.44,0.6733333333333333
Sys_VAR_ref_600,0.02,0.46,0.6516666666666666
Sys_VAR_ref_600,0.02,0.48,0.6199999999999998
Sys_VAR_ref_600,0.02,0.5,0.6099999999999999
Sys_VAR_ref_600,0.02,0.52,0.5866666666666666
Sys_VAR_ref_600,0.02,0.54,0.5616666666666666
Sys_VAR_ref_600,0.02,0.56,0.5333333333333335
Sys_VAR_ref_600,0.02,0.58,0.5000000000000002
Sys_VAR_ref_600,0.02,0.6,0.46833333333333355
Sys_VAR_ref_600,0.02,0.62,0.43
Sys_VAR_ref_600,0.02,0.64,0.3883333333333335
Sys_VAR_ref_600,0.02,0.66,0.37500000000000006
Sys_VAR_ref_600,0.02,0.68,0.3366666666666667
Sys_VAR_ref_600,0.02,0.7,0.29833333333333334
Sys_VAR_ref_600,0.02,0.72,0.26833333333333337
Sys_VAR_ref_600,0.02,0.74,0.2333333333333333
Sys_VAR_ref_600,0.02,0.76,0.16333333333333333
Sys_VAR_ref_600,0.02,0.78,0.13166666666666665
Sys_VAR_ref_600,0.02,0.8,0.115
Sys_VAR_ref_600,0.02,0.82,0.09833333333333334
Sys_VAR_ref_600,0.02,0.84,0.06500000000000002
Sys_VAR_ref_600,0.02,0.86,0.055
Sys_VAR_ref_600,0.02,0.88,0.05333333333333333
Sys_VAR_ref_600,0.02,0.9,0.045
Sys_VAR_ref_600,0.02,0.92,0.03666666666666665
Sys_VAR_ref_600,0.02,0.94,0.029999999999999995
Sys_VAR_ref_600,0.02,0.96,0.029999999999999995
Sys_VAR_ref_600,0.02,0.98,0.013333333333333332
Sys_VAR_ref_600,0.02,1.0,0.005
Sys_VAR_ref_600,0.04,0.0,0.9816666666666666
Sys_VAR_ref_600,0.04,0.02,0.9816666666666666
Sys_VAR_ref_600,0.04,0.04,0.9816666666666666
Sys_VAR_ref_600,0.04,0.06,0.9816666666666666
Sys_VAR_ref_600,0.04,0.08,0.9816666666666666
Sys_VAR_ref_600,0.04,0.1,0.9816666666666666
Sys_VAR_ref_600,0.04,0.12,0.9816666666666666
Sys_VAR_ref_600,0.04,0.14,0.9799999999999999
Sys_VAR_ref_600,0.04,0.16,0.9766666666666666
Sys_VAR_ref_600,0.04,0.18,0.9766666666666666
Sys_VAR_ref_600,0.04,0.2,0.9716666666666666
Sys_VAR_ref_600,0.04,0.22,0.965
Sys_VAR_ref_600,0.04,0.24,0.9599999999999999
Sys_VAR_ref_600,0.04,0.26,0.9433333333333335
Sys_VAR_ref_600,0.04,0.28,0.9316666666666665
Sys_VAR_ref_600,0.04,0.3,0.9066666666666667
Sys_VAR_ref_600,0.04,0.32,0.7983333333333337
Sys_VAR_ref_600,0.04,0.34,0.775
Sys_VAR_ref_600,0.04,0.36,0.7566666666666663
Sys_VAR_ref_600,0.04,0.38,0.7383333333333332
Sys_VAR_ref_600,0.04,0.4,0.7199999999999998
Sys_VAR_ref_600,0.04,0.42,0.6916666666666665
Sys_VAR_ref_600,0.04,0.44,0.6733333333333333
Sys_VAR_ref_600,0.04,0.46,0.6516666666666666
Sys_VAR_ref_600,0.04,0.48,0.6199999999999998
Sys_VAR_ref_600,0.04,0.5,0.6099999999999999
Sys_VAR_ref_600,0.04,0.52,0.5866666666666666
Sys_VAR_ref_600,0.04,0.54,0.5616666666666666
Sys_VAR_ref_600,0.04,0.56,0.5333333333333335
Sys_VAR_ref_600,0.04,0.58,0.5000000000000002
Sys_VAR_ref_600,0.04,0.6,0.46833333333333355
Sys_VAR_ref_600,0.04,0.62,0.43
Sys_VAR_ref_600,0.04,0.64,0.3883333333333335
Sys_VAR_ref_600,0.04,0.66,0.37500000000000006
Sys_VAR_ref_600,0.04,0.68,0.3366666666666667
Sys_VAR_ref_600,0.04,0.7,0.29833333333333334
Sys_VAR_ref_600,0.04,0.72,0.26833333333333337
Sys_VAR_ref_600,0.04,0.74,0.2333333333333333
Sys_VAR_ref_600,0.04,0.76,0.16333333333333333
Sys_VAR_ref_600,0.04,0.78,0.13166666666666665
Sys_VAR_ref_600,0.04,0.8,0.115
Sys_VAR_ref_600,0.04,0.82,0.09833333333333334
Sys_VAR_ref_600,0.04,0.84,0.06500000000000002
Sys_VAR_ref_600,0.04,0.86,0.055
Sys_VAR_ref_600,0.04,0.88,0.05333333333333333
Sys_VAR_ref_600,0.04,0.9,0.045
Sys_VAR_ref_600,0.04,0.92,0.03666666666666665
Sys_VAR_ref_600,0.04,0.94,0.029999999999999995
Sys_VAR_ref_600,0.04,0.96,0.029999999999999995
Sys_VAR_ref_600,0.04,0.98,0.013333333333333332
Sys_VAR_ref_600,0.04,1.0,0.005
Sys_VAR_ref_600,0.06,0.0,0.98
Sys_VAR_ref_600,0.06,0.02,0.98
Sys_VAR_ref_600,0.06,0.04,0.98
Sys_VAR_ref_600,0.06,0.06,0.98
Sys_VAR_ref_600,0.06,0.08,0.98
Sys_VAR_ref_600,0.06,0.1,0.98
Sys_VAR_ref_600,0.06,0.12,0.98
Sys_VAR_ref_600,0.06,0.14,0.9783333333333333
Sys_VAR_ref_600,0.06,0.16,0.975
Sys_VAR_ref_600,0.06,0.18,0.975
Sys_VAR_ref_600,0.06,0.2,0.9716666666666666
Sys_VAR_ref_600,0.06,0.22,0.965
Sys_VAR_ref_600,0.06,0.24,0.9599999999999999
Sys_VAR_ref_600,0.06,0.26,0.9433333333333335
Sys_VAR_ref_600,0.06,0.28,0.9316666666666665
Sys_VAR_ref_600,0.06,0.3,0.9066666666666667
Sys_VAR_ref_600,0.06,0.32,0.7983333333333337
Sys_VAR_ref_600,0.06,0.34,0.775
Sys_VAR_ref_600,0.06,0.36,0.7566666666666663
Sys_VAR_ref_600,0.06,0.38,0.7383333333333332
Sys_VAR_ref_600,0.06,0.4,0.7199999999999998
Sys_VAR_ref_600,0.06,0.42,0.6916666666666665
Sys_VAR_ref_600,0.06,0.44,0.6733333333333333
Sys_VAR_ref_600,0.06,0.46,0.6516666666666666
Sys_VAR_ref_600,0.06,0.48,0.6199999999999998
Sys_VAR_ref_600,0.06,0.5,0.6099999999999999
Sys_VAR_ref_600,0.06,0.52,0.5866666666666666
Sys_VAR_ref_600,0.06,0.54,0.5616666666666666
Sys_VAR_ref_600,0.06,0.56,0.5333333333333335
Sys_VAR_ref_600,0.06,0.58,0.5000000000000002
Sys_VAR_ref_600,0.06,0.6,0.46833333333333355
Sys_VAR_ref_600,0.06,0.62,0.43
Sys_VAR_ref_600,0.06,0.64,0.3883333333333335
Sys_VAR_ref_600,0.06,0.66,0.37500000000000006
Sys_VAR_ref_600,0.06,0.68,0.3366666666666667
Sys_VAR_ref_600,0.06,0.7,0.29833333333333334
Sys_VAR_ref_600,0.06,0.72,0.26833333333333337
Sys_VAR_ref_600,0.06,0.74,0.2333333333333333
Sys_VAR_ref_600,0.06,0.76,0.16333333333333333
Sys_VAR_ref_600,0.06,0.78,0.13166666666666665
Sys_VAR_ref_600,0.06,0.8,0.115
Sys_VAR_ref_600,0.06,0.82,0.09833333333333334
Sys_VAR_ref_600,0.06,0.84,0.06500000000000002
Sys_VAR_ref_600,0.06,0.86,0.055
Sys_VAR_ref_600,0.06,0.88,0.05333333333333333
Sys_VAR_ref_600,0.06,0.9,0.045
Sys_VAR_ref_600,0.06,0.92,0.03666666666666665
Sys_VAR_ref_600,0.06,0.94,0.029999999999999995
Sys_VAR_ref_600,0.06,0.96,0.029999999999999995
Sys_VAR_ref_600,0.06,0.98,0.013333333333333332
Sys_VAR_ref_600,0.06,1.0,0.005
Sys_VAR_ref_600,0.08,0.0,0.9783333333333334
Sys_VAR_ref_600,0.08,0.02,0.9783333333333334
Sys_VAR_ref_600,0.08,0.04,0.9783333333333334
Sys_VAR_ref_600,0.08,0.06,0.9783333333333334
Sys_VAR_ref_600,0.08,0.08,0.9783333333333334
Sys_VAR_ref_600,0.08,0.1,0.9783333333333334
Sys_VAR_ref_600,0.08,0.12,0.9783333333333334
Sys_VAR_ref_600,0.08,0.14,0.9766666666666667
Sys_VAR_ref_600,0.08,0.16,0.9733333333333334
Sys_VAR_ref_600,0.08,0.18,0.9733333333333334
Sys_VAR_ref_600,0.08,0.2,0.97
Sys_VAR_ref_600,0.08,0.22,0.9633333333333333
Sys_VAR_ref_600,0.08,0.24,0.9583333333333331
Sys_VAR_ref_600,0.08,0.26,0.9416666666666668
Sys_VAR_ref_600,0.08,0.28,0.93
Sys_VAR_ref_600,0.08,0.3,0.905
Sys_VAR_ref_600,0.08,0.32,0.796666666666667
Sys_VAR_ref_600,0.08,0.34,0.775
Sys_VAR_ref_600,0.08,0.36,0.7566666666666663
Sys_VAR_ref_600,0.08,0.38,0.7383333333333332
Sys_VAR_ref_600,0.08,0.4,0.7199999999999998
Sys_VAR_ref_600,0.08,0.42,0.6916666666666665
Sys_VAR_ref_600,0.08,0.44,0.6733333333333333
Sys_VAR_ref_600,0.08,0.46,0.6516666666666666
Sys_VAR_ref_600,0.08,0.48,0.6199999999999998
Sys_VAR_ref_600,0.08,0.5,0.6099999999999999
Sys_VAR_ref_600,0.08,0.52,0.5866666666666666
Sys_VAR_ref_600,0.08,0.54,0.5616666666666666
Sys_VAR_ref_600,0.08,0.56,0.5333333333333335
Sys_VAR_ref_600,0.08,0.58,0.5000000000000002
Sys_VAR_ref_600,0.08,0.6,0.46833333333333355
Sys_VAR_ref_600,0.08,0.62,0.43
Sys_VAR_ref_600,0.08,0.64,0.3883333333333335
Sys_VAR_ref_600,0.08,0.66,0.37500000000000006
Sys_VAR_ref_600,0.08,0.68,0.3366666666666667
Sys_VAR_ref_600,0.08,0.7,0.29833333333333334
Sys_VAR_ref_600,0.08,0.72,0.26833333333333337
Sys_VAR_ref_600,0.08,0.74,0.2333333333333333
Sys_VAR_ref_600,0.08,0.76,0.16333333333333333
Sys_VAR_ref_600,0.08,0.78,0.13166666666666665
Sys_VAR_ref_600,0.08,0.8,0.115
Sys_VAR_ref_600,0.08,0.82,0.09833333333333334
Sys_VAR_ref_600,0.08,0.84,0.06500000000000002
Sys_VAR_ref_600,0.08,0.86,0.055
Sys_VAR_ref_600,0.08,0.88,0.05333333333333333
Sys_VAR_ref_600,0.08,0.9,0.045
Sys_VAR_ref_600,0.08,0.92,0.03666666666666665
Sys_VAR_ref_600,0.08,0.94,0.029999999999999995
Sys_VAR_ref_600,0.08,0.96,0.029999999999999995
Sys_VAR_ref_600,0.08,0.98,0.013333333333333332
Sys_VAR_ref_600,0.08,1.0,0.005
Sys_VAR_ref_600,0.1,0.0,0.9683333333333334
Sys_VAR_ref_600,0.1,0.02,0.9683333333333334
Sys_VAR_ref_600,0.1,0.04,0.9683333333333334
Sys_VAR_ref_600,0.1,0.06,0.9683333333333334
Sys_VAR_ref_600,0.1,0.08,0.9683333333333334
Sys_VAR_ref_600,0.1,0.1,0.9683333333333334
Sys_VAR_ref_600,0.1,0.12,0.9683333333333334
Sys_VAR_ref_600,0.1,0.14,0.9683333333333334
Sys_VAR_ref_600,0.1,0.16,0.9650000000000002
Sys_VAR_ref_600,0.1,0.18,0.9650000000000002
Sys_VAR_ref_600,0.1,0.2,0.9616666666666667
Sys_VAR_ref_600,0.1,0.22,0.9566666666666667
Sys_VAR_ref_600,0.1,0.24,0.9516666666666665
Sys_VAR_ref_600,0.1,0.26,0.9350000000000002
Sys_VAR_ref_600,0.1,0.28,0.9266666666666669
Sys_VAR_ref_600,0.1,0.3,0.9016666666666668
Sys_VAR_ref_600,0.1,0.32,0.7950000000000004
Sys_VAR_ref_600,0.1,0.34,0.7733333333333333
Sys_VAR_ref_600,0.1,0.36,0.7549999999999997
Sys_VAR_ref_600,0.1,0.38,0.7366666666666666
Sys_VAR_ref_600,0.1,0.4,0.7183333333333332
Sys_VAR_ref_600,0.1,0.42,0.6899999999999998
Sys_VAR_ref_600,0.1,0.44,0.6716666666666665
Sys_VAR_ref_600,0.1,0.46,0.65
Sys_VAR_ref_600,0.1,0.48,0.6183333333333332
Sys_VAR_ref_600,0.1,0.5,0.6083333333333332
Sys_VAR_ref_600,0.1,0.52,0.585
Sys_VAR_ref_600,0.1,0.54,0.56
Sys_VAR_ref_600,0.1,0.56,0.5316666666666668
Sys_VAR_ref_600,0.1,0.58,0.4983333333333336
Sys_VAR_ref_600,0.1,0.6,0.46666666666666684
Sys_VAR_ref_600,0.1,0.62,0.42833333333333334
Sys_VAR_ref_600,0.1,0.64,0.38666666666666677
Sys_VAR_ref_600,0.1,0.66,0.3733333333333334
Sys_VAR_ref_600,0.1,0.68,0.3366666666666667
Sys_VAR_ref_600,0.1,0.7,0.29833333333333334
Sys_VAR_ref_600,0.1,0.72,0.26833333333333337
Sys_VAR_ref_600,0.1,0.74,0.2333333333333333
Sys_VAR_ref_600,0.1,0.76,0.16333333333333333
Sys_VAR_ref_600,0.1,0.78,0.13166666666666665
Sys_VAR_ref_600,0.1,0.8,0.115
Sys_VAR_ref_600,0.1,0.82,0.09833333333333334
Sys_VAR_ref_600,0.1,0.84,0.06500000000000002
Sys_VAR_ref_600,0.1,0.86,0.055
Sys_VAR_ref_600,0.1,0.88,0.05333333333333333
Sys_VAR_ref_600,0.1,0.9,0.045
Sys_VAR_ref_600,0.1,0.92,0.03666666666666665
Sys_VAR_ref_600,0.1,0.94,0.029999999999999995
Sys_VAR_ref_600,0.1,0.96,0.029999999999999995
Sys_VAR_ref_600,0.1,0.98,0.013333333333333332
Sys_VAR_ref_600,0.1,1.0,0.005
Sys_VAR_ref_600,0.12,0.0,0.9650000000000002
Sys_VAR_ref_600,0.12,0.02,0.9650000000000002
Sys_VAR_ref_600,0.12,0.04,0.9650000000000002
Sys_VAR_ref_600,0.12,0.06,0.9650000000000002
Sys_VAR_ref_600,0.12,0.08,0.9650000000000002
Sys_VAR_ref_600,0.12,0.1,0.9650000000000002
Sys_VAR_ref_600,0.12,0.12,0.9650000000000002
Sys_VAR_ref_600,0.12,0.14,0.9650000000000002
Sys_VAR_ref_600,0.12,0.16,0.9616666666666669
Sys_VAR_ref_600,0.12,0.18,0.9616666666666669
Sys_VAR_ref_600,0.12,0.2,0.9583333333333335
Sys_VAR_ref_600,0.12,0.22,0.955
Sys_VAR_ref_600,0.12,0.24,0.9516666666666665
Sys_VAR_ref_600,0.12,0.26,0.9350000000000002
Sys_VAR_ref_600,0.12,0.28,0.9266666666666669
Sys_VAR_ref_600,0.12,0.3,0.9016666666666668
Sys_VAR_ref_600,0.12,0.32,0.7950000000000004
Sys_VAR_ref_600,0.12,0.34,0.7733333333333333
Sys_VAR_ref_600,0.12,0.36,0.7549999999999997
Sys_VAR_ref_600,0.12,0.38,0.7366666666666666
Sys_VAR_ref_600,0.12,0.4,0.7183333333333332
Sys_VAR_ref_600,0.12,0.42,0.6899999999999998
Sys_VAR_ref_600,0.12,0.44,0.6716666666666665
Sys_VAR_ref_600,0.12,0.46,0.65
Sys_VAR_ref_600,0.12,0.48,0.6183333333333332
Sys_VAR_ref_600,0.12,0.5,0.6083333333333332
Sys_VAR_ref_600,0.12,0.52,0.585
Sys_VAR_ref_600,0.12,0.54,0.56
Sys_VAR_ref_600,0.12,0.56,0.5316666666666668
Sys_VAR_ref_600,0.12,0.58,0.4983333333333336
Sys_VAR_ref_600,0.12,0.6,0.46666666666666684
Sys_VAR_ref_600,0.12,0.62,0.42833333333333334
Sys_VAR_ref_600,0.12,0.64,0.38666666666666677
Sys_VAR_ref_600,0.12,0.66,0.3733333333333334
Sys_VAR_ref_600,0.12,0.68,0.3366666666666667
Sys_VAR_ref_600,0.12,0.7,0.29833333333333334
Sys_VAR_ref_600,0.12,0.72,0.26833333333333337
Sys_VAR_ref_600,0.12,0.74,0.2333333333333333
Sys_VAR_ref_600,0.12,0.76,0.16333333333333333
Sys_VAR_ref_600,0.12,0.78,0.13166666666666665
Sys_VAR_ref_600,0.12,0.8,0.115
Sys_VAR_ref_600,0.12,0.82,0.09833333333333334
Sys_VAR_ref_600,0.12,0.84,0.06500000000000002
Sys_VAR_ref_600,0.12,0.86,0.055
Sys_VAR_ref_600,0.12,0.88,0.05333333333333333
Sys_VAR_ref_600,0.12,0.9,0.045
Sys_VAR_ref_600,0.12,0.92,0.03666666666666665
Sys_VAR_ref_600,0.12,0.94,0.029999999999999995
Sys_VAR_ref_600,0.12,0.96,0.029999999999999995
Sys_VAR_ref_600,0.12,0.98,0.013333333333333332
Sys_VAR_ref_600,0.12,1.0,0.005
Sys_VAR_ref_600,0.14,0.0,0.9616666666666667
Sys_VAR_ref_600,0.14,0.02,0.9616666666666667
Sys_VAR_ref_600,0.14,0.04,0.9616666666666667
Sys_VAR_ref_600,0.14,0.06,0.9616666666666667
Sys_VAR_ref_600,0.14,0.08,0.9616666666666667
Sys_VAR_ref_600,0.14,0.1,0.9616666666666667
Sys_VAR_ref_600,0.14,0.12,0.9616666666666667
Sys_VAR_ref_600,0.14,0.14,0.9616666666666667
Sys_VAR_ref_600,0.14,0.16,0.9583333333333335
Sys_VAR_ref_600,0.14,0.18,0.9583333333333335
Sys_VAR_ref_600,0.14,0.2,0.955
Sys_VAR_ref_600,0.14,0.22,0.9516666666666665
Sys_VAR_ref_600,0.14,0.24,0.9483333333333331
Sys_VAR_ref_600,0.14,0.26,0.9333333333333335
Sys_VAR_ref_600,0.14,0.28,0.9250000000000002
Sys_VAR_ref_600,0.14,0.3,0.9000000000000002
Sys_VAR_ref_600,0.14,0.32,0.7933333333333337
Sys_VAR_ref_600,0.14,0.34,0.7716666666666666
Sys_VAR_ref_600,0.14,0.36,0.7533333333333332
Sys_VAR_ref_600,0.14,0.38,0.7349999999999998
Sys_VAR_ref_600,0.14,0.4,0.7166666666666666
Sys_VAR_ref_600,0.14,0.42,0.6883333333333331
Sys_VAR_ref_600,0.14,0.44,0.6699999999999997
Sys_VAR_ref_600,0.14,0.46,0.6483333333333331
Sys_VAR_ref_600,0.14,0.48,0.6166666666666665
Sys_VAR_ref_600,0.14,0.5,0.6066666666666665
Sys_VAR_ref_600,0.14,0.52,0.5833333333333333
Sys_VAR_ref_600,0.14,0.54,0.5583333333333333
Sys_VAR_ref_600,0.14,0.56,0.5316666666666668
Sys_VAR_ref_600,0.14,0.58,0.4983333333333336
Sys_VAR_ref_600,0.14,0.6,0.46666666666666684
Sys_VAR_ref_600,0.14,0.62,0.42833333333333334
Sys_VAR_ref_600,0.14,0.64,0.38666666666666677
Sys_VAR_ref_600,0.14,0.66,0.3733333333333334
Sys_VAR_ref_600,0.14,0.68,0.3366666666666667
Sys_VAR_ref_600,0.14,0.7,0.29833333333333334
Sys_VAR_ref_600,0.14,0.72,0.26833333333333337
Sys_VAR_ref_600,0.14,0.74,0.2333333333333333
Sys_VAR_ref_600,0.14,0.76,0.16333333333333333
Sys_VAR_ref_600,0.14,0.78,0.13166666666666665
Sys_VAR_ref_600,0.14,0.8,0.115
Sys_VAR_ref_600,0.14,0.82,0.09833333333333334
Sys_VAR_ref_600,0.14,0.84,0.06500000000000002
Sys_VAR_ref_600,0.14,0.86,0.055
Sys_VAR_ref_600,0.14,0.88,0.05333333333333333
Sys_VAR_ref_600,0.14,0.9,0.045
Sys_VAR_ref_600,0.14,0.92,0.03666666666666665
Sys_VAR_ref_600,0.14,0.94,0.029999999999999995
Sys_VAR_ref_600,0.14,0.96,0.029999999999999995
Sys_VAR_ref_600,0.14,0.98,0.013333333333333332
Sys_VAR_ref_600,0.14,1.0,0.005
Sys_VAR_ref_600,0.16,0.0,0.96
Sys_VAR_ref_600,0.16,0.02,0.96
Sys_VAR_ref_600,0.16,0.04,0.96
Sys_VAR_ref_600,0.16,0.06,0.96
Sys_VAR_ref_600,0.16,0.08,0.96
Sys_VAR_ref_600,0.16,0.1,0.96
Sys_VAR_ref_600,0.16,0.12,0.96
Sys_VAR_ref_600,0.16,0.14,0.96
Sys_VAR_ref_600,0.16,0.16,0.9566666666666667
Sys_VAR_ref_600,0.16,0.18,0.9566666666666667
Sys_VAR_ref_600,0.16,0.2,0.9533333333333333
Sys_VAR_ref_600,0.16,0.22,0.9516666666666665
Sys_VAR_ref_600,0.16,0.24,0.9483333333333331
Sys_VAR_ref_600,0.16,0.26,0.9333333333333335
Sys_VAR_ref_600,0.16,0.28,0.9250000000000002
Sys_VAR_ref_600,0.16,0.3,0.9000000000000002
Sys_VAR_ref_600,0.16,0.32,0.7933333333333337
Sys_VAR_ref_600,0.16,0.34,0.7716666666666666
Sys_VAR_ref_600,0.16,0.36,0.7533333333333332
Sys_VAR_ref_600,0.16,0.38,0.7349999999999998
Sys_VAR_ref_600,0.16,0.4,0.7166666666666666
Sys_VAR_ref_600,0.16,0.42,0.6883333333333331
Sys_VAR_ref_600,0.16,0.44,0.6699999999999997
Sys_VAR_ref_600,0.16,0.46,0.6483333333333331
Sys_VAR_ref_600,0.16,0.48,0.6166666666666665
Sys_VAR_ref_600,0.16,0.5,0.6066666666666665
Sys_VAR_ref_600,0.16,0.52,0.5833333333333333
Sys_VAR_ref_600,0.16,0.54,0.5583333333333333
Sys_VAR_ref_600,0.16,0.56,0.5316666666666668
Sys_VAR_ref_600,0.16,0.58,0.4983333333333336
Sys_VAR_ref_600,0.16,0.6,0.46666666666666684
Sys_VAR_ref_600,0.16,0.62,0.42833333333333334
Sys_VAR_ref_600,0.16,0.64,0.38666666666666677
Sys_VAR_ref_600,0.16,0.66,0.3733333333333334
Sys_VAR_ref_600,0.16,0.68,0.3366666666666667
Sys_VAR_ref_600,0.16,0.7,0.29833333333333334
Sys_VAR_ref_600,0.16,0.72,0.26833333333333337
Sys_VAR_ref_600,0.16,0.74,0.2333333333333333
Sys_VAR_ref_600,0.16,0.76,0.16333333333333333
Sys_VAR_ref_600,0.16,0.78,0.13166666666666665
Sys_VAR_ref_600,0.16,0.8,0.115
Sys_VAR_ref_600,0.16,0.82,0.09833333333333334
Sys_VAR_ref_600,0.16,0.84,0.06500000000000002
Sys_VAR_ref_600,0.16,0.86,0.055
Sys_VAR_ref_600,0.16,0.88,0.05333333333333333
Sys_VAR_ref_600,0.16,0.9,0.045
Sys_VAR_ref_600,0.16,0.92,0.03666666666666665
Sys_VAR_ref_600,0.16,0.94,0.029999999999999995
Sys_VAR_ref_600,0.16,0.96,0.029999999999999995
Sys_VAR_ref_600,0.16,0.98,0.013333333333333332
Sys_VAR_ref_600,0.16,1.0,0.005
Sys_VAR_ref_600,0.18,0.0,0.9583333333333335
Sys_VAR_ref_600,0.18,0.02,0.9583333333333335
Sys_VAR_ref_600,0.18,0.04,0.9583333333333335
Sys_VAR_ref_600,0.18,0.06,0.9583333333333335
Sys_VAR_ref_600,0.18,0.08,0.9583333333333335
Sys_VAR_ref_600,0.18,0.1,0.9583333333333335
Sys_VAR_ref_600,0.18,0.12,0.9583333333333335
Sys_VAR_ref_600,0.18,0.14,0.9583333333333335
Sys_VAR_ref_600,0.18,0.16,0.9550000000000002
Sys_VAR_ref_600,0.18,0.18,0.9550000000000002
Sys_VAR_ref_600,0.18,0.2,0.9516666666666667
Sys_VAR_ref_600,0.18,0.22,0.95
Sys_VAR_ref_600,0.18,0.24,0.9466666666666665
Sys_VAR_ref_600,0.18,0.26,0.9316666666666669
Sys_VAR_ref_600,0.18,0.28,0.9233333333333335
Sys_VAR_ref_600,0.18,0.3,0.8983333333333334
Sys_VAR_ref_600,0.18,0.32,0.7916666666666672
Sys_VAR_ref_600,0.18,0.34,0.77
Sys_VAR_ref_600,0.18,0.36,0.7516666666666663
Sys_VAR_ref_600,0.18,0.38,0.7333333333333332
Sys_VAR_ref_600,0.18,0.4,0.7149999999999997
Sys_VAR_ref_600,0.18,0.42,0.6866666666666665
Sys_VAR_ref_600,0.18,0.44,0.6683333333333331
Sys_VAR_ref_600,0.18,0.46,0.6483333333333331
Sys_VAR_ref_600,0.18,0.48,0.6166666666666665
Sys_VAR_ref_600,0.18,0.5,0.6066666666666665
Sys_VAR_ref_600,0.18,0.52,0.5833333333333333
Sys_VAR_ref_600,0.18,0.54,0.5583333333333333
Sys_VAR_ref_600,0.18,0.56,0.5316666666666668
Sys_VAR_ref_600,0.18,0.58,0.4983333333333336
Sys_VAR_ref_600,0.18,0.6,0.46666666666666684
Sys_VAR_ref_600,0.18,0.62,0.42833333333333334
Sys_VAR_ref_600,0.18,0.64,0.38666666666666677
Sys_VAR_ref_600,0.18,0.66,0.3733333333333334
Sys_VAR_ref_600,0.18,0.68,0.3366666666666667
Sys_VAR_ref_600,0.18,0.7,0.29833333333333334
Sys_VAR_ref_600,0.18,0.72,0.26833333333333337
Sys_VAR_ref_600,0.18,0.74,0.2333333333333333
Sys_VAR_ref_600,0.18,0.76,0.16333333333333333
Sys_VAR_ref_600,0.18,0.78,0.13166666666666665
Sys_VAR_ref_600,0.18,0.8,0.115
Sys_VAR_ref_600,0.18,0.82,0.09833333333333334
Sys_VAR_ref_600,0.18,0.84,0.06500000000000002
Sys_VAR_ref_600,0.18,0.86,0.055
Sys_VAR_ref_600,0.18,0.88,0.05333333333333333
Sys_VAR_ref_600,0.18,0.9,0.045
Sys_VAR_ref_600,0.18,0.92,0.03666666666666665
Sys_VAR_ref_600,0.18,0.94,0.029999999999999995
Sys_VAR_ref_600,0.18,0.96,0.029999999999999995
Sys_VAR_ref_600,0.18,0.98,0.013333333333333332
Sys_VAR_ref_600,0.18,1.0,0.005
Sys_VAR_ref_600,0.2,0.0,0.9550000000000002
Sys_VAR_ref_600,0.2,0.02,0.9550000000000002
Sys_VAR_ref_600,0.2,0.04,0.9550000000000002
Sys_VAR_ref_600,0.2,0.06,0.9550000000000002
Sys_VAR_ref_600,0.2,0.08,0.9550000000000002
Sys_VAR_ref_600,0.2,0.1,0.9550000000000002
Sys_VAR_ref_600,0.2,0.12,0.9550000000000002
Sys_VAR_ref_600,0.2,0.14,0.9550000000000002
Sys_VAR_ref_600,0.2,0.16,0.9516666666666669
Sys_VAR_ref_600,0.2,0.18,0.9516666666666669
Sys_VAR_ref_600,0.2,0.2,0.9483333333333336
Sys_VAR_ref_600,0.2,0.22,0.9466666666666669
Sys_VAR_ref_600,0.2,0.24,0.9433333333333335
Sys_VAR_ref_600,0.2,0.26,0.9283333333333336
Sys_VAR_ref_600,0.2,0.28,0.9200000000000003
Sys_VAR_ref_600,0.2,0.3,0.8966666666666668
Sys_VAR_ref_600,0.2,0.32,0.7916666666666672
Sys_VAR_ref_600,0.2,0.34,0.77
Sys_VAR_ref_600,0.2,0.36,0.7516666666666663
Sys_VAR_ref_600,0.2,0.38,0.7333333333333332
Sys_VAR_ref_600,0.2,0.4,0.7149999999999997
Sys_VAR_ref_600,0.2,0.42,0.6866666666666665
Sys_VAR_ref_600,0.2,0.44,0.6683333333333331
Sys_VAR_ref_600,0.2,0.46,0.6483333333333331
Sys_VAR_ref_600,0.2,0.48,0.6166666666666665
Sys_VAR_ref_600,0.2,0.5,0.6066666666666665
Sys_VAR_ref_600,0.2,0.52,0.5833333333333333
Sys_VAR_ref_600,0.2,0.54,0.5583333333333333
Sys_VAR_ref_600,0.2,0.56,0.5316666666666668
Sys_VAR_ref_600,0.2,0.58,0.4983333333333336
Sys_VAR_ref_600,0.2,0.6,0.46666666666666684
Sys_VAR_ref_600,0.2,0.62,0.42833333333333334
Sys_VAR_ref_600,0.2,0.64,0.38666666666666677
Sys_VAR_ref_600,0.2,0.66,0.3733333333333334
Sys_VAR_ref_600,0.2,0.68,0.3366666666666667
Sys_VAR_ref_600,0.2,0.7,0.29833333333333334
Sys_VAR_ref_600,0.2,0.72,0.26833333333333337
Sys_VAR_ref_600,0.2,0.74,0.2333333333333333
Sys_VAR_ref_600,0.2,0.76,0.16333333333333333
Sys_VAR_ref_600,0.2,0.78,0.13166666666666665
Sys_VAR_ref_600,0.2,0.8,0.115
Sys_VAR_ref_600,0.2,0.82,0.09833333333333334
Sys_VAR_ref_600,0.2,0.84,0.06500000000000002
Sys_VAR_ref_600,0.2,0.86,0.055
Sys_VAR_ref_600,0.2,0.88,0.05333333333333333
Sys_VAR_ref_600,0.2,0.9,0.045
Sys_VAR_ref_600,0.2,0.92,0.03666666666666665
Sys_VAR_ref_600,0.2,0.94,0.029999999999999995
Sys_VAR_ref_600,0.2,0.96,0.029999999999999995
Sys_VAR_ref_600,0.2,0.98,0.013333333333333332
Sys_VAR_ref_600,0.2,1.0,0.005
Sys_VAR_ref_600,0.22,0.0,0.9500000000000003
Sys_VAR_ref_600,0.22,0.02,0.9500000000000003
Sys_VAR_ref_600,0.22,0.04,0.9500000000000003
Sys_VAR_ref_600,0.22,0.06,0.9500000000000003
Sys_VAR_ref_600,0.22,0.08,0.9500000000000003
Sys_VAR_ref_600,0.22,0.1,0.9500000000000003
Sys_VAR_ref_600,0.22,0.12,0.9500000000000003
Sys_VAR_ref_600,0.22,0.14,0.9500000000000003
Sys_VAR_ref_600,0.22,0.16,0.9483333333333336
Sys_VAR_ref_600,0.22,0.18,0.9483333333333336
Sys_VAR_ref_600,0.22,0.2,0.9466666666666669
Sys_VAR_ref_600,0.22,0.22,0.9450000000000002
Sys_VAR_ref_600,0.22,0.24,0.9416666666666668
Sys_VAR_ref_600,0.22,0.26,0.9266666666666669
Sys_VAR_ref_600,0.22,0.28,0.9183333333333337
Sys_VAR_ref_600,0.22,0.3,0.8966666666666668
Sys_VAR_ref_600,0.22,0.32,0.7916666666666672
Sys_VAR_ref_600,0.22,0.34,0.77
Sys_VAR_ref_600,0.22,0.36,0.7516666666666663
Sys_VAR_ref_600,0.22,0.38,0.7333333333333332
Sys_VAR_ref_600,0.22,0.4,0.7149999999999997
Sys_VAR_ref_600,0.22,0.42,0.6866666666666665
Sys_VAR_ref_600,0.22,0.44,0.6683333333333331
Sys_VAR_ref_600,0.22,0.46,0.6483333333333331
Sys_VAR_ref_600,0.22,0.48,0.6166666666666665
Sys_VAR_ref_600,0.22,0.5,0.6066666666666665
Sys_VAR_ref_600,0.22,0.52,0.5833333333333333
Sys_VAR_ref_600,0.22,0.54,0.5583333333333333
Sys_VAR_ref_600,0.22,0.56,0.5316666666666668
Sys_VAR_ref_600,0.22,0.58,0.4983333333333336
Sys_VAR_ref_600,0.22,0.6,0.46666666666666684
Sys_VAR_ref_600,0.22,0.62,0.42833333333333334
Sys_VAR_ref_600,0.22,0.64,0.38666666666666677
Sys_VAR_ref_600,0.22,0.66,0.3733333333333334
Sys_VAR_ref_600,0.22,0.68,0.3366666666666667
Sys_VAR_ref_600,0.22,0.7,0.29833333333333334
Sys_VAR_ref_600,0.22,0.72,0.26833333333333337
Sys_VAR_ref_600,0.22,0.74,0.2333333333333333
Sys_VAR_ref_600,0.22,0.76,0.16333333333333333
Sys_VAR_ref_600,0.22,0.78,0.13166666666666665
Sys_VAR_ref_600,0.22,0.8,0.115
Sys_VAR_ref_600,0.22,0.82,0.09833333333333334
Sys_VAR_ref_600,0.22,0.84,0.06500000000000002
Sys_VAR_ref_600,0.22,0.86,0.055
Sys_VAR_ref_600,0.22,0.88,0.05333333333333333
Sys_VAR_ref_600,0.22,0.9,0.045
Sys_VAR_ref_600,0.22,0.92,0.03666666666666665
Sys_VAR_ref_600,0.22,0.94,0.029999999999999995
Sys_VAR_ref_600,0.22,0.96,0.029999999999999995
Sys_VAR_ref_600,0.22,0.98,0.013333333333333332
Sys_VAR_ref_600,0.22,1.0,0.005
Sys_VAR_ref_600,0.24,0.0,0.9433333333333337
Sys_VAR_ref_600,0.24,0.02,0.9433333333333337
Sys_VAR_ref_600,0.24,0.04,0.9433333333333337
Sys_VAR_ref_600,0.24,0.06,0.9433333333333337
Sys_VAR_ref_600,0.24,0.08,0.9433333333333337
Sys_VAR_ref_600,0.24,0.1,0.9433333333333337
Sys_VAR_ref_600,0.24,0.12,0.9433333333333337
Sys_VAR_ref_600,0.24,0.14,0.9433333333333337
Sys_VAR_ref_600,0.24,0.16,0.941666666666667
Sys_VAR_ref_600,0.24,0.18,0.941666666666667
Sys_VAR_ref_600,0.24,0.2,0.9400000000000002
Sys_VAR_ref_600,0.24,0.22,0.9383333333333335
Sys_VAR_ref_600,0.24,0.24,0.935
Sys_VAR_ref_600,0.24,0.26,0.9200000000000003
Sys_VAR_ref_600,0.24,0.28,0.911666666666667
Sys_VAR_ref_600,0.24,0.3,0.8900000000000002
Sys_VAR_ref_600,0.24,0.32,0.7850000000000003
Sys_VAR_ref_600,0.24,0.34,0.7633333333333333
Sys_VAR_ref_600,0.24,0.36,0.7449999999999997
Sys_VAR_ref_600,0.24,0.38,0.7266666666666666
Sys_VAR_ref_600,0.24,0.4,0.7099999999999999
Sys_VAR_ref_600,0.24,0.42,0.6833333333333332
Sys_VAR_ref_600,0.24,0.44,0.6649999999999998
Sys_VAR_ref_600,0.24,0.46,0.645
Sys_VAR_ref_600,0.24,0.48,0.6133333333333332
Sys_VAR_ref_600,0.24,0.5,0.6033333333333332
Sys_VAR_ref_600,0.24,0.52,0.58
Sys_VAR_ref_600,0.24,0.54,0.555
Sys_VAR_ref_600,0.24,0.56,0.5300000000000002
Sys_VAR_ref_600,0.24,0.58,0.49666666666666687
Sys_VAR_ref_600,0.24,0.6,0.4650000000000002
Sys_VAR_ref_600,0.24,0.62,0.4266666666666667
Sys_VAR_ref_600,0.24,0.64,0.3850000000000001
Sys_VAR_ref_600,0.24,0.66,0.3733333333333334
Sys_VAR_ref_600,0.24,0.68,0.3366666666666667
Sys_VAR_ref_600,0.24,0.7,0.29833333333333334
Sys_VAR_ref_600,0.24,0.72,0.26833333333333337
Sys_VAR_ref_600,0.24,0.74,0.2333333333333333
Sys_VAR_ref_600,0.24,0.76,0.16333333333333333
Sys_VAR_ref_600,0.24,0.78,0.13166666666666665
Sys_VAR_ref_600,0.24,0.8,0.115
Sys_VAR_ref_600,0.24,0.82,0.09833333333333334
Sys_VAR_ref_600,0.24,0.84,0.06500000000000002
Sys_VAR_ref_600,0.24,0.86,0.055
Sys_VAR_ref_600,0.24,0.88,0.05333333333333333
Sys_VAR_ref_600,0.24,0.9,0.045
Sys_VAR_ref_600,0.24,0.92,0.03666666666666665
Sys_VAR_ref_600,0.24,0.94,0.029999999999999995
Sys_VAR_ref_600,0.24,0.96,0.029999999999999995
Sys_VAR_ref_600,0.24,0.98,0.013333333333333332
Sys_VAR_ref_600,0.24,1.0,0.005
Sys_VAR_ref_600,0.26,0.0,0.941666666666667
Sys_VAR_ref_600,0.26,0.02,0.941666666666667
Sys_VAR_ref_600,0.26,0.04,0.941666666666667
Sys_VAR_ref_600,0.26,0.06,0.941666666666667
Sys_VAR_ref_600,0.26,0.08,0.941666666666667
Sys_VAR_ref_600,0.26,0.1,0.941666666666667
Sys_VAR_ref_600,0.26,0.12,0.941666666666667
Sys_VAR_ref_600,0.26,0.14,0.941666666666667
Sys_VAR_ref_600,0.26,0.16,0.9400000000000003
Sys_VAR_ref_600,0.26,0.18,0.9400000000000003
Sys_VAR_ref_600,0.26,0.2,0.9383333333333335
Sys_VAR_ref_600,0.26,0.22,0.9366666666666669
Sys_VAR_ref_600,0.26,0.24,0.9333333333333335
Sys_VAR_ref_600,0.26,0.26,0.9183333333333337
Sys_VAR_ref_600,0.26,0.28,0.9100000000000003
Sys_VAR_ref_600,0.26,0.3,0.8883333333333335
Sys_VAR_ref_600,0.26,0.32,0.7850000000000003
Sys_VAR_ref_600,0.26,0.34,0.7633333333333333
Sys_VAR_ref_600,0.26,0.36,0.7449999999999997
Sys_VAR_ref_600,0.26,0.38,0.7266666666666666
Sys_VAR_ref_600,0.26,0.4,0.7099999999999999
Sys_VAR_ref_600,0.26,0.42,0.6833333333333332
Sys_VAR_ref_600,0.26,0.44,0.6649999999999998
Sys_VAR_ref_600,0.26,0.46,0.645
Sys_VAR_ref_600,0.26,0.48,0.6133333333333332
Sys_VAR_ref_600,0.26,0.5,0.6033333333333332
Sys_VAR_ref_600,0.26,0.52,0.58
Sys_VAR_ref_600,0.26,0.54,0.555
Sys_VAR_ref_600,0.26,0.56,0.5300000000000002
Sys_VAR_ref_600,0.26,0.58,0.49666666666666687
Sys_VAR_ref_600,0.26,0.6,0.4650000000000002
Sys_VAR_ref_600,0.26,0.62,0.4266666666666667
Sys_VAR_ref_600,0.26,0.64,0.3850000000000001
Sys_VAR_ref_600,0.26,0.66,0.3733333333333334
Sys_VAR_ref_600,0.26,0.68,0.3366666666666667
Sys_VAR_ref_600,0.26,0.7,0.29833333333333334
Sys_VAR_ref_600,0.26,0.72,0.26833333333333337
Sys_VAR_ref_600,0.26,0.74,0.2333333333333333
Sys_VAR_ref_600,0.26,0.76,0.16333333333333333
Sys_VAR_ref_600,0.26,0.78,0.13166666666666665
Sys_VAR_ref_600,0.26,0.8,0.115
Sys_VAR_ref_600,0.26,0.82,0.09833333333333334
Sys_VAR_ref_600,0.26,0.84,0.06500000000000002
Sys_VAR_ref_600,0.26,0.86,0.055
Sys_VAR_ref_600,0.26,0.88,0.05333333333333333
Sys_VAR_ref_600,0.26,0.9,0.045
Sys_VAR_ref_600,0.26,0.92,0.03666666666666665
Sys_VAR_ref_600,0.26,0.94,0.029999999999999995
Sys_VAR_ref_600,0.26,0.96,0.029999999999999995
Sys_VAR_ref_600,0.26,0.98,0.013333333333333332
Sys_VAR_ref_600,0.26,1.0,0.005
Sys_VAR_ref_600,0.28,0.0,0.9383333333333336
Sys_VAR_ref_600,0.28,0.02,0.9383333333333336
Sys_VAR_ref_600,0.28,0.04,0.9383333333333336
Sys_VAR_ref_600,0.28,0.06,0.9383333333333336
Sys_VAR_ref_600,0.28,0.08,0.9383333333333336
Sys_VAR_ref_600,0.28,0.1,0.9383333333333336
Sys_VAR_ref_600,0.28,0.12,0.9383333333333336
Sys_VAR_ref_600,0.28,0.14,0.9383333333333336
Sys_VAR_ref_600,0.28,0.16,0.9366666666666669
Sys_VAR_ref_600,0.28,0.18,0.9366666666666669
Sys_VAR_ref_600,0.28,0.2,0.935
Sys_VAR_ref_600,0.28,0.22,0.9333333333333335
Sys_VAR_ref_600,0.28,0.24,0.9316666666666668
Sys_VAR_ref_600,0.28,0.26,0.916666666666667
Sys_VAR_ref_600,0.28,0.28,0.9083333333333335
Sys_VAR_ref_600,0.28,0.3,0.8866666666666668
Sys_VAR_ref_600,0.28,0.32,0.7833333333333335
Sys_VAR_ref_600,0.28,0.34,0.7616666666666666
Sys_VAR_ref_600,0.28,0.36,0.743333333333333
Sys_VAR_ref_600,0.28,0.38,0.7249999999999999
Sys_VAR_ref_600,0.28,0.4,0.7083333333333331
Sys_VAR_ref_600,0.28,0.42,0.6816666666666665
Sys_VAR_ref_600,0.28,0.44,0.6633333333333331
Sys_VAR_ref_600,0.28,0.46,0.6433333333333333
Sys_VAR_ref_600,0.28,0.48,0.6116666666666665
Sys_VAR_ref_600,0.28,0.5,0.6016666666666666
Sys_VAR_ref_600,0.28,0.52,0.5783333333333333
Sys_VAR_ref_600,0.28,0.54,0.5533333333333335
Sys_VAR_ref_600,0.28,0.56,0.5283333333333335
Sys_VAR_ref_600,0.28,0.58,0.4950000000000002
Sys_VAR_ref_600,0.28,0.6,0.4633333333333336
Sys_VAR_ref_600,0.28,0.62,0.42500000000000004
Sys_VAR_ref_600,0.28,0.64,0.3833333333333335
Sys_VAR_ref_600,0.28,0.66,0.3716666666666667
Sys_VAR_ref_600,0.28,0.68,0.335
Sys_VAR_ref_600,0.28,0.7,0.29666666666666663
Sys_VAR_ref_600,0.28,0.72,0.26666666666666666
Sys_VAR_ref_600,0.28,0.74,0.2316666666666667
Sys_VAR_ref_600,0.28,0.76,0.16166666666666665
Sys_VAR_ref_600,0.28,0.78,0.13
Sys_VAR_ref_600,0.28,0.8,0.11333333333333334
Sys_VAR_ref_600,0.28,0.82,0.09666666666666666
Sys_VAR_ref_600,0.28,0.84,0.06500000000000002
Sys_VAR_ref_600,0.28,0.86,0.055
Sys_VAR_ref_600,0.28,0.88,0.05333333333333333
Sys_VAR_ref_600,0.28,0.9,0.045
Sys_VAR_ref_600,0.28,0.92,0.03666666666666665
Sys_VAR_ref_600,0.28,0.94,0.029999999999999995
Sys_VAR_ref_600,0.28,0.96,0.029999999999999995
Sys_VAR_ref_600,0.28,0.98,0.013333333333333332
Sys_VAR_ref_600,0.28,1.0,0.005
Sys_VAR_ref_600,0.3,0.0,0.9283333333333335
Sys_VAR_ref_600,0.3,0.02,0.9283333333333335
Sys_VAR_ref_600,0.3,0.04,0.9283333333333335
Sys_VAR_ref_600,0.3,0.06,0.9283333333333335
Sys_VAR_ref_600,0.3,0.08,0.9283333333333335
Sys_VAR_ref_600,0.3,0.1,0.9283333333333335
Sys_VAR_ref_600,0.3,0.12,0.9283333333333335
Sys_VAR_ref_600,0.3,0.14,0.9283333333333335
Sys_VAR_ref_600,0.3,0.16,0.9266666666666667
Sys_VAR_ref_600,0.3,0.18,0.9266666666666667
Sys_VAR_ref_600,0.3,0.2,0.9266666666666667
Sys_VAR_ref_600,0.3,0.22,0.9250000000000002
Sys_VAR_ref_600,0.3,0.24,0.9233333333333336
Sys_VAR_ref_600,0.3,0.26,0.9083333333333337
Sys_VAR_ref_600,0.3,0.28,0.9000000000000002
Sys_VAR_ref_600,0.3,0.3,0.8800000000000003
Sys_VAR_ref_600,0.3,0.32,0.7783333333333335
Sys_VAR_ref_600,0.3,0.34,0.7599999999999999
Sys_VAR_ref_600,0.3,0.36,0.7416666666666665
Sys_VAR_ref_600,0.3,0.38,0.7233333333333332
Sys_VAR_ref_600,0.3,0.4,0.7066666666666666
Sys_VAR_ref_600,0.3,0.42,0.6799999999999998
Sys_VAR_ref_600,0.3,0.44,0.6616666666666664
Sys_VAR_ref_600,0.3,0.46,0.6416666666666666
Sys_VAR_ref_600,0.3,0.48,0.6116666666666665
Sys_VAR_ref_600,0.3,0.5,0.6016666666666666
Sys_VAR_ref_600,0.3,0.52,0.5783333333333333
Sys_VAR_ref_600,0.3,0.54,0.5533333333333335
Sys_VAR_ref_600,0.3,0.56,0.5283333333333335
Sys_VAR_ref_600,0.3,0.58,0.4950000000000002
Sys_VAR_ref_600,0.3,0.6,0.4633333333333336
Sys_VAR_ref_600,0.3,0.62,0.42500000000000004
Sys_VAR_ref_600,0.3,0.64,0.3833333333333335
Sys_VAR_ref_600,0.3,0.66,0.3716666666666667
Sys_VAR_ref_600,0.3,0.68,0.335
Sys_VAR_ref_600,0.3,0.7,0.29666666666666663
Sys_VAR_ref_600,0.3,0.72,0.26666666666666666
Sys_VAR_ref_600,0.3,0.74,0.2316666666666667
Sys_VAR_ref_600,0.3,0.76,0.16166666666666665
Sys_VAR_ref_600,0.3,0.78,0.13
Sys_VAR_ref_600,0.3,0.8,0.11333333333333334
Sys_VAR_ref_600,0.3,0.82,0.09666666666666666
Sys_VAR_ref_600,0.3,0.84,0.06500000000000002
Sys_VAR_ref_600,0.3,0.86,0.055
Sys_VAR_ref_600,0.3,0.88,0.05333333333333333
Sys_VAR_ref_600,0.3,0.9,0.045
Sys_VAR_ref_600,0.3,0.92,0.03666666666666665
Sys_VAR_ref_600,0.3,0.94,0.029999999999999995
Sys_VAR_ref_600,0.3,0.96,0.029999999999999995
Sys_VAR_ref_600,0.3,0.98,0.013333333333333332
Sys_VAR_ref_600,0.3,1.0,0.005
Sys_VAR_ref_600,0.32,0.0,0.9266666666666667
Sys_VAR_ref_600,0.32,0.02,0.9266666666666667
Sys_VAR_ref_600,0.32,0.04,0.9266666666666667
Sys_VAR_ref_600,0.32,0.06,0.9266666666666667
Sys_VAR_ref_600,0.32,0.08,0.9266666666666667
Sys_VAR_ref_600,0.32,0.1,0.9266666666666667
Sys_VAR_ref_600,0.32,0.12,0.9266666666666667
Sys_VAR_ref_600,0.32,0.14,0.9266666666666667
Sys_VAR_ref_600,0.32,0.16,0.925
Sys_VAR_ref_600,0.32,0.18,0.925
Sys_VAR_ref_600,0.32,0.2,0.925
Sys_VAR_ref_600,0.32,0.22,0.9233333333333335
Sys_VAR_ref_600,0.32,0.24,0.9216666666666669
Sys_VAR_ref_600,0.32,0.26,0.906666666666667
Sys_VAR_ref_600,0.32,0.28,0.8983333333333335
Sys_VAR_ref_600,0.32,0.3,0.8783333333333335
Sys_VAR_ref_600,0.32,0.32,0.7766666666666667
Sys_VAR_ref_600,0.32,0.34,0.7599999999999999
Sys_VAR_ref_600,0.32,0.36,0.7416666666666665
Sys_VAR_ref_600,0.32,0.38,0.7233333333333332
Sys_VAR_ref_600,0.32,0.4,0.7066666666666666
Sys_VAR_ref_600,0.32,0.42,0.6799999999999998
Sys_VAR_ref_600,0.32,0.44,0.6616666666666664
Sys_VAR_ref_600,0.32,0.46,0.6416666666666666
Sys_VAR_ref_600,0.32,0.48,0.6116666666666665
Sys_VAR_ref_600,0.32,0.5,0.6016666666666666
Sys_VAR_ref_600,0.32,0.52,0.5783333333333333
Sys_VAR_ref_600,0.32,0.54,0.5533333333333335
Sys_VAR_ref_600,0.32,0.56,0.5283333333333335
Sys_VAR_ref_600,0.32,0.58,0.4950000000000002
Sys_VAR_ref_600,0.32,0.6,0.4633333333333336
Sys_VAR_ref_600,0.32,0.62,0.42500000000000004
Sys_VAR_ref_600,0.32,0.64,0.3833333333333335
Sys_VAR_ref_600,0.32,0.66,0.3716666666666667
Sys_VAR_ref_600,0.32,0.68,0.335
Sys_VAR_ref_600,0.32,0.7,0.29666666666666663
Sys_VAR_ref_600,0.32,0.72,0.26666666666666666
Sys_VAR_ref_600,0.32,0.74,0.2316666666666667
Sys_VAR_ref_600,0.32,0.76,0.16166666666666665
Sys_VAR_ref_600,0.32,0.78,0.13
Sys_VAR_ref_600,0.32,0.8,0.11333333333333334
Sys_VAR_ref_600,0.32,0.82,0.09666666666666666
Sys_VAR_ref_600,0.32,0.84,0.06500000000000002
Sys_VAR_ref_600,0.32,0.86,0.055
Sys_VAR_ref_600,0.32,0.88,0.05333333333333333
Sys_VAR_ref_600,0.32,0.9,0.045
Sys_VAR_ref_600,0.32,0.92,0.03666666666666665
Sys_VAR_ref_600,0.32,0.94,0.029999999999999995
Sys_VAR_ref_600,0.32,0.96,0.029999999999999995
Sys_VAR_ref_600,0.32,0.98,0.013333333333333332
Sys_VAR_ref_600,0.32,1.0,0.005
Sys_VAR_ref_600,0.34,0.0,0.9166666666666664
Sys_VAR_ref_600,0.34,0.02,0.9166666666666664
Sys_VAR_ref_600,0.34,0.04,0.9166666666666664
Sys_VAR_ref_600,0.34,0.06,0.9166666666666664
Sys_VAR_ref_600,0.34,0.08,0.9166666666666664
Sys_VAR_ref_600,0.34,0.1,0.9166666666666664
Sys_VAR_ref_600,0.34,0.12,0.9166666666666664
Sys_VAR_ref_600,0.34,0.14,0.9166666666666664
Sys_VAR_ref_600,0.34,0.16,0.9149999999999997
Sys_VAR_ref_600,0.34,0.18,0.9149999999999997
Sys_VAR_ref_600,0.34,0.2,0.9149999999999997
Sys_VAR_ref_600,0.34,0.22,0.9133333333333331
Sys_VAR_ref_600,0.34,0.24,0.9116666666666666
Sys_VAR_ref_600,0.34,0.26,0.8966666666666668
Sys_VAR_ref_600,0.34,0.28,0.8883333333333333
Sys_VAR_ref_600,0.34,0.3,0.87
Sys_VAR_ref_600,0.34,0.32,0.7683333333333333
Sys_VAR_ref_600,0.34,0.34,0.7516666666666665
Sys_VAR_ref_600,0.34,0.36,0.7366666666666662
Sys_VAR_ref_600,0.34,0.38,0.7199999999999999
Sys_VAR_ref_600,0.34,0.4,0.7033333333333331
Sys_VAR_ref_600,0.34,0.42,0.6766666666666665
Sys_VAR_ref_600,0.34,0.44,0.6583333333333333
Sys_VAR_ref_600,0.34,0.46,0.64
Sys_VAR_ref_600,0.34,0.48,0.6099999999999999
Sys_VAR_ref_600,0.34,0.5,0.6
Sys_VAR_ref_600,0.34,0.52,0.5766666666666667
Sys_VAR_ref_600,0.34,0.54,0.5516666666666667
Sys_VAR_ref_600,0.34,0.56,0.526666666666667
Sys_VAR_ref_600,0.34,0.58,0.49333333333333357
Sys_VAR_ref_600,0.34,0.6,0.46166666666666695
Sys_VAR_ref_600,0.34,0.62,0.42333333333333345
Sys_VAR_ref_600,0.34,0.64,0.3816666666666669
Sys_VAR_ref_600,0.34,0.66,0.37000000000000005
Sys_VAR_ref_600,0.34,0.68,0.33333333333333337
Sys_VAR_ref_600,0.34,0.7,0.29666666666666663
Sys_VAR_ref_600,0.34,0.72,0.26666666666666666
Sys_VAR_ref_600,0.34,0.74,0.2316666666666667
Sys_VAR_ref_600,0.34,0.76,0.16166666666666665
Sys_VAR_ref_600,0.34,0.78,0.13
Sys_VAR_ref_600,0.34,0.8,0.11333333333333334
Sys_VAR_ref_600,0.34,0.82,0.09666666666666666
Sys_VAR_ref_600,0.34,0.84,0.06500000000000002
Sys_VAR_ref_600,0.34,0.86,0.055
Sys_VAR_ref_600,0.34,0.88,0.05333333333333333
Sys_VAR_ref_600,0.34,0.9,0.045
Sys_VAR_ref_600,0.34,0.92,0.03666666666666665
Sys_VAR_ref_600,0.34,0.94,0.029999999999999995
Sys_VAR_ref_600,0.34,0.96,0.029999999999999995
Sys_VAR_ref_600,0.34,0.98,0.013333333333333332
Sys_VAR_ref_600,0.34,1.0,0.005
Sys_VAR_ref_600,0.36,0.0,0.9133333333333331
Sys_VAR_ref_600,0.36,0.02,0.9133333333333331
Sys_VAR_ref_600,0.36,0.04,0.9133333333333331
Sys_VAR_ref_600,0.36,0.06,0.9133333333333331
Sys_VAR_ref_600,0.36,0.08,0.9133333333333331
Sys_VAR_ref_600,0.36,0.1,0.9133333333333331
Sys_VAR_ref_600,0.36,0.12,0.9133333333333331
Sys_VAR_ref_600,0.36,0.14,0.9133333333333331
Sys_VAR_ref_600,0.36,0.16,0.9116666666666664
Sys_VAR_ref_600,0.36,0.18,0.9116666666666664
Sys_VAR_ref_600,0.36,0.2,0.9116666666666664
Sys_VAR_ref_600,0.36,0.22,0.9099999999999998
Sys_VAR_ref_600,0.36,0.24,0.9083333333333333
Sys_VAR_ref_600,0.36,0.26,0.8933333333333334
Sys_VAR_ref_600,0.36,0.28,0.885
Sys_VAR_ref_600,0.36,0.3,0.8666666666666667
Sys_VAR_ref_600,0.36,0.32,0.7666666666666666
Sys_VAR_ref_600,0.36,0.34,0.7499999999999999
Sys_VAR_ref_600,0.36,0.36,0.7349999999999998
Sys_VAR_ref_600,0.36,0.38,0.7183333333333332
Sys_VAR_ref_600,0.36,0.4,0.7016666666666665
Sys_VAR_ref_600,0.36,0.42,0.6749999999999998
Sys_VAR_ref_600,0.36,0.44,0.6566666666666666
Sys_VAR_ref_600,0.36,0.46,0.6383333333333333
Sys_VAR_ref_600,0.36,0.48,0.6083333333333332
Sys_VAR_ref_600,0.36,0.5,0.6
Sys_VAR_ref_600,0.36,0.52,0.5766666666666667
Sys_VAR_ref_600,0.36,0.54,0.5516666666666667
Sys_VAR_ref_600,0.36,0.56,0.526666666666667
Sys_VAR_ref_600,0.36,0.58,0.49333333333333357
Sys_VAR_ref_600,0.36,0.6,0.46166666666666695
Sys_VAR_ref_600,0.36,0.62,0.42333333333333345
Sys_VAR_ref_600,0.36,0.64,0.3816666666666669
Sys_VAR_ref_600,0.36,0.66,0.37000000000000005
Sys_VAR_ref_600,0.36,0.68,0.33333333333333337
Sys_VAR_ref_600,0.36,0.7,0.29666666666666663
Sys_VAR_ref_600,0.36,0.72,0.26666666666666666
Sys_VAR_ref_600,0.36,0.74,0.2316666666666667
Sys_VAR_ref_600,0.36,0.76,0.16166666666666665
Sys_VAR_ref_600,0.36,0.78,0.13
Sys_VAR_ref_600,0.36,0.8,0.11333333333333334
Sys_VAR_ref_600,0.36,0.82,0.09666666666666666
Sys_VAR_ref_600,0.36,0.84,0.06500000000000002
Sys_VAR_ref_600,0.36,0.86,0.055
Sys_VAR_ref_600,0.36,0.88,0.05333333333333333
Sys_VAR_ref_600,0.36,0.9,0.045
Sys_VAR_ref_600,0.36,0.92,0.03666666666666665
Sys_VAR_ref_600,0.36,0.94,0.029999999999999995
Sys_VAR_ref_600,0.36,0.96,0.029999999999999995
Sys_VAR_ref_600,0.36,0.98,0.013333333333333332
Sys_VAR_ref_600,0.36,1.0,0.005
Sys_VAR_ref_600,0.38,0.0,0.8966666666666664
Sys_VAR_ref_600,0.38,0.02,0.8966666666666664
Sys_VAR_ref_600,0.38,0.04,0.8966666666666664
Sys_VAR_ref_600,0.38,0.06,0.8966666666666664
Sys_VAR_ref_600,0.38,0.08,0.8966666666666664
Sys_VAR_ref_600,0.38,0.1,0.8966666666666664
Sys_VAR_ref_600,0.38,0.12,0.8966666666666664
Sys_VAR_ref_600,0.38,0.14,0.8966666666666664
Sys_VAR_ref_600,0.38,0.16,0.8966666666666664
Sys_VAR_ref_600,0.38,0.18,0.8966666666666664
Sys_VAR_ref_600,0.38,0.2,0.8966666666666664
Sys_VAR_ref_600,0.38,0.22,0.8949999999999999
Sys_VAR_ref_600,0.38,0.24,0.8933333333333331
Sys_VAR_ref_600,0.38,0.26,0.8816666666666668
Sys_VAR_ref_600,0.38,0.28,0.8733333333333333
Sys_VAR_ref_600,0.38,0.3,0.855
Sys_VAR_ref_600,0.38,0.32,0.7583333333333332
Sys_VAR_ref_600,0.38,0.34,0.7416666666666665
Sys_VAR_ref_600,0.38,0.36,0.7266666666666662
Sys_VAR_ref_600,0.38,0.38,0.7099999999999999
Sys_VAR_ref_600,0.38,0.4,0.6933333333333332
Sys_VAR_ref_600,0.38,0.42,0.6683333333333333
Sys_VAR_ref_600,0.38,0.44,0.6516666666666666
Sys_VAR_ref_600,0.38,0.46,0.6333333333333333
Sys_VAR_ref_600,0.38,0.48,0.6033333333333332
Sys_VAR_ref_600,0.38,0.5,0.5983333333333332
Sys_VAR_ref_600,0.38,0.52,0.575
Sys_VAR_ref_600,0.38,0.54,0.55
Sys_VAR_ref_600,0.38,0.56,0.5250000000000002
Sys_VAR_ref_600,0.38,0.58,0.49333333333333357
Sys_VAR_ref_600,0.38,0.6,0.46166666666666695
Sys_VAR_ref_600,0.38,0.62,0.42333333333333345
Sys_VAR_ref_600,0.38,0.64,0.3816666666666669
Sys_VAR_ref_600,0.38,0.66,0.37000000000000005
Sys_VAR_ref_600,0.38,0.68,0.33333333333333337
Sys_VAR_ref_600,0.38,0.7,0.29666666666666663
Sys_VAR_ref_600,0.38,0.72,0.26666666666666666
Sys_VAR_ref_600,0.38,0.74,0.2316666666666667
Sys_VAR_ref_600,0.38,0.76,0.16166666666666665
Sys_VAR_ref_600,0.38,0.78,0.13
Sys_VAR_ref_600,0.38,0.8,0.11333333333333334
Sys_VAR_ref_600,0.38,0.82,0.09666666666666666
Sys_VAR_ref_600,0.38,0.84,0.06500000000000002
Sys_VAR_ref_600,0.38,0.86,0.055
Sys_VAR_ref_600,0.38,0.88,0.05333333333333333
Sys_VAR_ref_600,0.38,0.9,0.045
Sys_VAR_ref_600,0.38,0.92,0.03666666666666665
Sys_VAR_ref_600,0.38,0.94,0.029999999999999995
Sys_VAR_ref_600,0.38,0.96,0.029999999999999995
Sys_VAR_ref_600,0.38,0.98,0.013333333333333332
Sys_VAR_ref_600,0.38,1.0,0.005
Sys_VAR_ref_600,0.4,0.0,0.8883333333333332
Sys_VAR_ref_600,0.4,0.02,0.8883333333333332
Sys_VAR_ref_600,0.4,0.04,0.8883333333333332
Sys_VAR_ref_600,0.4,0.06,0.8883333333333332
Sys_VAR_ref_600,0.4,0.08,0.8883333333333332
Sys_VAR_ref_600,0.4,0.1,0.8883333333333332
Sys_VAR_ref_600,0.4,0.12,0.8883333333333332
Sys_VAR_ref_600,0.4,0.14,0.8883333333333332
Sys_VAR_ref_600,0.4,0.16,0.8883333333333332
Sys_VAR_ref_600,0.4,0.18,0.8883333333333332
Sys_VAR_ref_600,0.4,0.2,0.8883333333333332
Sys_VAR_ref_600,0.4,0.22,0.8866666666666666
Sys_VAR_ref_600,0.4,0.24,0.8866666666666666
Sys_VAR_ref_600,0.4,0.26,0.8766666666666667
Sys_VAR_ref_600,0.4,0.28,0.8683333333333333
Sys_VAR_ref_600,0.4,0.3,0.85
Sys_VAR_ref_600,0.4,0.32,0.7549999999999999
Sys_VAR_ref_600,0.4,0.34,0.7383333333333332
Sys_VAR_ref_600,0.4,0.36,0.723333333333333
Sys_VAR_ref_600,0.4,0.38,0.7066666666666666
Sys_VAR_ref_600,0.4,0.4,0.6916666666666668
Sys_VAR_ref_600,0.4,0.42,0.6683333333333333
Sys_VAR_ref_600,0.4,0.44,0.6516666666666666
Sys_VAR_ref_600,0.4,0.46,0.6333333333333333
Sys_VAR_ref_600,0.4,0.48,0.6033333333333332
Sys_VAR_ref_600,0.4,0.5,0.5983333333333332
Sys_VAR_ref_600,0.4,0.52,0.575
Sys_VAR_ref_600,0.4,0.54,0.55
Sys_VAR_ref_600,0.4,0.56,0.5250000000000002
Sys_VAR_ref_600,0.4,0.58,0.49333333333333357
Sys_VAR_ref_600,0.4,0.6,0.46166666666666695
Sys_VAR_ref_600,0.4,0.62,0.42333333333333345
Sys_VAR_ref_600,0.4,0.64,0.3816666666666669
Sys_VAR_ref_600,0.4,0.66,0.37000000000000005
Sys_VAR_ref_600,0.4,0.68,0.33333333333333337
Sys_VAR_ref_600,0.4,0.7,0.29666666666666663
Sys_VAR_ref_600,0.4,0.72,0.26666666666666666
Sys_VAR_ref_600,0.4,0.74,0.2316666666666667
Sys_VAR_ref_600,0.4,0.76,0.16166666666666665
Sys_VAR_ref_600,0.4,0.78,0.13
Sys_VAR_ref_600,0.4,0.8,0.11333333333333334
Sys_VAR_ref_600,0.4,0.82,0.09666666666666666
Sys_VAR_ref_600,0.4,0.84,0.06500000000000002
Sys_VAR_ref_600,0.4,0.86,0.055
Sys_VAR_ref_600,0.4,0.88,0.05333333333333333
Sys_VAR_ref_600,0.4,0.9,0.045
Sys_VAR_ref_600,0.4,0.92,0.03666666666666665
Sys_VAR_ref_600,0.4,0.94,0.029999999999999995
Sys_VAR_ref_600,0.4,0.96,0.029999999999999995
Sys_VAR_ref_600,0.4,0.98,0.013333333333333332
Sys_VAR_ref_600,0.4,1.0,0.005
Sys_VAR_ref_600,0.42,0.0,0.8849999999999999
Sys_VAR_ref_600,0.42,0.02,0.8849999999999999
Sys_VAR_ref_600,0.42,0.04,0.8849999999999999
Sys_VAR_ref_600,0.42,0.06,0.8849999999999999
Sys_VAR_ref_600,0.42,0.08,0.8849999999999999
Sys_VAR_ref_600,0.42,0.1,0.8849999999999999
Sys_VAR_ref_600,0.42,0.12,0.8849999999999999
Sys_VAR_ref_600,0.42,0.14,0.8849999999999999
Sys_VAR_ref_600,0.42,0.16,0.8849999999999999
Sys_VAR_ref_600,0.42,0.18,0.8849999999999999
Sys_VAR_ref_600,0.42,0.2,0.8849999999999999
Sys_VAR_ref_600,0.42,0.22,0.8833333333333333
Sys_VAR_ref_600,0.42,0.24,0.8833333333333333
Sys_VAR_ref_600,0.42,0.26,0.8733333333333334
Sys_VAR_ref_600,0.42,0.28,0.865
Sys_VAR_ref_600,0.42,0.3,0.8466666666666666
Sys_VAR_ref_600,0.42,0.32,0.7516666666666665
Sys_VAR_ref_600,0.42,0.34,0.7366666666666665
Sys_VAR_ref_600,0.42,0.36,0.7216666666666665
Sys_VAR_ref_600,0.42,0.38,0.705
Sys_VAR_ref_600,0.42,0.4,0.69
Sys_VAR_ref_600,0.42,0.42,0.6666666666666667
Sys_VAR_ref_600,0.42,0.44,0.65
Sys_VAR_ref_600,0.42,0.46,0.6316666666666666
Sys_VAR_ref_600,0.42,0.48,0.6016666666666666
Sys_VAR_ref_600,0.42,0.5,0.5966666666666666
Sys_VAR_ref_600,0.42,0.52,0.5733333333333334
Sys_VAR_ref_600,0.42,0.54,0.5483333333333335
Sys_VAR_ref_600,0.42,0.56,0.5233333333333335
Sys_VAR_ref_600,0.42,0.58,0.4916666666666669
Sys_VAR_ref_600,0.42,0.6,0.4600000000000003
Sys_VAR_ref_600,0.42,0.62,0.4216666666666668
Sys_VAR_ref_600,0.42,0.64,0.3800000000000001
Sys_VAR_ref_600,0.42,0.66,0.36833333333333335
Sys_VAR_ref_600,0.42,0.68,0.33333333333333337
Sys_VAR_ref_600,0.42,0.7,0.29666666666666663
Sys_VAR_ref_600,0.42,0.72,0.26666666666666666
Sys_VAR_ref_600,0.42,0.74,0.2316666666666667
Sys_VAR_ref_600,0.42,0.76,0.16166666666666665
Sys_VAR_ref_600,0.42,0.78,0.13
Sys_VAR_ref_600,0.42,0.8,0.11333333333333334
Sys_VAR_ref_600,0.42,0.82,0.09666666666666666
Sys_VAR_ref_600,0.42,0.84,0.06500000000000002
Sys_VAR_ref_600,0.42,0.86,0.055
Sys_VAR_ref_600,0.42,0.88,0.05333333333333333
Sys_VAR_ref_600,0.42,0.9,0.045
Sys_VAR_ref_600,0.42,0.92,0.03666666666666665
Sys_VAR_ref_600,0.42,0.94,0.029999999999999995
Sys_VAR_ref_600,0.42,0.96,0.029999999999999995
Sys_VAR_ref_600,0.42,0.98,0.013333333333333332
Sys_VAR_ref_600,0.42,1.0,0.005
Sys_VAR_ref_600,0.44,0.0,0.8716666666666666
Sys_VAR_ref_600,0.44,0.02,0.8716666666666666
Sys_VAR_ref_600,0.44,0.04,0.8716666666666666
Sys_VAR_ref_600,0.44,0.06,0.8716666666666666
Sys_VAR_ref_600,0.44,0.08,0.8716666666666666
Sys_VAR_ref_600,0.44,0.1,0.8716666666666666
Sys_VAR_ref_600,0.44,0.12,0.8716666666666666
Sys_VAR_ref_600,0.44,0.14,0.8716666666666666
Sys_VAR_ref_600,0.44,0.16,0.8716666666666666
Sys_VAR_ref_600,0.44,0.18,0.8716666666666666
Sys_VAR_ref_600,0.44,0.2,0.8716666666666666
Sys_VAR_ref_600,0.44,0.22,0.87
Sys_VAR_ref_600,0.44,0.24,0.87
Sys_VAR_ref_600,0.44,0.26,0.8616666666666668
Sys_VAR_ref_600,0.44,0.28,0.8550000000000001
Sys_VAR_ref_600,0.44,0.3,0.8366666666666666
Sys_VAR_ref_600,0.44,0.32,0.7449999999999999
Sys_VAR_ref_600,0.44,0.34,0.7299999999999999
Sys_VAR_ref_600,0.44,0.36,0.7149999999999997
Sys_VAR_ref_600,0.44,0.38,0.6983333333333333
Sys_VAR_ref_600,0.44,0.4,0.6833333333333335
Sys_VAR_ref_600,0.44,0.42,0.6600000000000001
Sys_VAR_ref_600,0.44,0.44,0.645
Sys_VAR_ref_600,0.44,0.46,0.6266666666666666
Sys_VAR_ref_600,0.44,0.48,0.5983333333333332
Sys_VAR_ref_600,0.44,0.5,0.5933333333333332
Sys_VAR_ref_600,0.44,0.52,0.5716666666666667
Sys_VAR_ref_600,0.44,0.54,0.5466666666666667
Sys_VAR_ref_600,0.44,0.56,0.5216666666666668
Sys_VAR_ref_600,0.44,0.58,0.4900000000000002
Sys_VAR_ref_600,0.44,0.6,0.4583333333333336
Sys_VAR_ref_600,0.44,0.62,0.4200000000000001
Sys_VAR_ref_600,0.44,0.64,0.3783333333333335
Sys_VAR_ref_600,0.44,0.66,0.3666666666666667
Sys_VAR_ref_600,0.44,0.68,0.3316666666666667
Sys_VAR_ref_600,0.44,0.7,0.29666666666666663
Sys_VAR_ref_600,0.44,0.72,0.26666666666666666
Sys_VAR_ref_600,0.44,0.74,0.2316666666666667
Sys_VAR_ref_600,0.44,0.76,0.16166666666666665
Sys_VAR_ref_600,0.44,0.78,0.13
Sys_VAR_ref_600,0.44,0.8,0.11333333333333334
Sys_VAR_ref_600,0.44,0.82,0.09666666666666666
Sys_VAR_ref_600,0.44,0.84,0.06500000000000002
Sys_VAR_ref_600,0.44,0.86,0.055
Sys_VAR_ref_600,0.44,0.88,0.05333333333333333
Sys_VAR_ref_600,0.44,0.9,0.045
Sys_VAR_ref_600,0.44,0.92,0.03666666666666665
Sys_VAR_ref_600,0.44,0.94,0.029999999999999995
Sys_VAR_ref_600,0.44,0.96,0.029999999999999995
Sys_VAR_ref_600,0.44,0.98,0.013333333333333332
Sys_VAR_ref_600,0.44,1.0,0.005
Sys_VAR_ref_600,0.46,0.0,0.8566666666666667
Sys_VAR_ref_600,0.46,0.02,0.8566666666666667
Sys_VAR_ref_600,0.46,0.04,0.8566666666666667
Sys_VAR_ref_600,0.46,0.06,0.8566666666666667
Sys_VAR_ref_600,0.46,0.08,0.8566666666666667
Sys_VAR_ref_600,0.46,0.1,0.8566666666666667
Sys_VAR_ref_600,0.46,0.12,0.8566666666666667
Sys_VAR_ref_600,0.46,0.14,0.8566666666666667
Sys_VAR_ref_600,0.46,0.16,0.8566666666666667
Sys_VAR_ref_600,0.46,0.18,0.8566666666666667
Sys_VAR_ref_600,0.46,0.2,0.8566666666666667
Sys_VAR_ref_600,0.46,0.22,0.8566666666666667
Sys_VAR_ref_600,0.46,0.24,0.8566666666666667
Sys_VAR_ref_600,0.46,0.26,0.8483333333333336
Sys_VAR_ref_600,0.46,0.28,0.8416666666666667
Sys_VAR_ref_600,0.46,0.3,0.8266666666666667
Sys_VAR_ref_600,0.46,0.32,0.7366666666666666
Sys_VAR_ref_600,0.46,0.34,0.7216666666666666
Sys_VAR_ref_600,0.46,0.36,0.7083333333333331
Sys_VAR_ref_600,0.46,0.38,0.6916666666666665
Sys_VAR_ref_600,0.46,0.4,0.6783333333333332
Sys_VAR_ref_600,0.46,0.42,0.6550000000000001
Sys_VAR_ref_600,0.46,0.44,0.6399999999999999
Sys_VAR_ref_600,0.46,0.46,0.6233333333333334
Sys_VAR_ref_600,0.46,0.48,0.5949999999999999
Sys_VAR_ref_600,0.46,0.5,0.5899999999999999
Sys_VAR_ref_600,0.46,0.52,0.5683333333333334
Sys_VAR_ref_600,0.46,0.54,0.545
Sys_VAR_ref_600,0.46,0.56,0.5200000000000002
Sys_VAR_ref_600,0.46,0.58,0.48833333333333356
Sys_VAR_ref_600,0.46,0.6,0.45666666666666694
Sys_VAR_ref_600,0.46,0.62,0.41833333333333345
Sys_VAR_ref_600,0.46,0.64,0.37666666666666676
Sys_VAR_ref_600,0.46,0.66,0.365
Sys_VAR_ref_600,0.46,0.68,0.3316666666666667
Sys_VAR_ref_600,0.46,0.7,0.29666666666666663
Sys_VAR_ref_600,0.46,0.72,0.26666666666666666
Sys_VAR_ref_600,0.46,0.74,0.2316666666666667
Sys_VAR_ref_600,0.46,0.76,0.16166666666666665
Sys_VAR_ref_600,0.46,0.78,0.13
Sys_VAR_ref_600,0.46,0.8,0.11333333333333334
Sys_VAR_ref_600,0.46,0.82,0.09666666666666666
Sys_VAR_ref_600,0.46,0.84,0.06500000000000002
Sys_VAR_ref_600,0.46,0.86,0.055
Sys_VAR_ref_600,0.46,0.88,0.05333333333333333
Sys_VAR_ref_600,0.46,0.9,0.045
Sys_VAR_ref_600,0.46,0.92,0.03666666666666665
Sys_VAR_ref_600,0.46,0.94,0.029999999999999995
Sys_VAR_ref_600,0.46,0.96,0.029999999999999995
Sys_VAR_ref_600,0.46,0.98,0.013333333333333332
Sys_VAR_ref_600,0.46,1.0,0.005
Sys_VAR_ref_600,0.48,0.0,0.8516666666666667
Sys_VAR_ref_600,0.48,0.02,0.8516666666666667
Sys_VAR_ref_600,0.48,0.04,0.8516666666666667
Sys_VAR_ref_600,0.48,0.06,0.8516666666666667
Sys_VAR_ref_600,0.48,0.08,0.8516666666666667
Sys_VAR_ref_600,0.48,0.1,0.8516666666666667
Sys_VAR_ref_600,0.48,0.12,0.8516666666666667
Sys_VAR_ref_600,0.48,0.14,0.8516666666666667
Sys_VAR_ref_600,0.48,0.16,0.8516666666666667
Sys_VAR_ref_600,0.48,0.18,0.8516666666666667
Sys_VAR_ref_600,0.48,0.2,0.8516666666666667
Sys_VAR_ref_600,0.48,0.22,0.8516666666666667
Sys_VAR_ref_600,0.48,0.24,0.8516666666666667
Sys_VAR_ref_600,0.48,0.26,0.8450000000000002
Sys_VAR_ref_600,0.48,0.28,0.84
Sys_VAR_ref_600,0.48,0.3,0.8249999999999998
Sys_VAR_ref_600,0.48,0.32,0.7349999999999999
Sys_VAR_ref_600,0.48,0.34,0.7199999999999999
Sys_VAR_ref_600,0.48,0.36,0.7066666666666664
Sys_VAR_ref_600,0.48,0.38,0.6899999999999998
Sys_VAR_ref_600,0.48,0.4,0.6766666666666665
Sys_VAR_ref_600,0.48,0.42,0.6533333333333334
Sys_VAR_ref_600,0.48,0.44,0.6383333333333332
Sys_VAR_ref_600,0.48,0.46,0.6216666666666666
Sys_VAR_ref_600,0.48,0.48,0.5933333333333332
Sys_VAR_ref_600,0.48,0.5,0.5883333333333332
Sys_VAR_ref_600,0.48,0.52,0.5666666666666668
Sys_VAR_ref_600,0.48,0.54,0.545
Sys_VAR_ref_600,0.48,0.56,0.5200000000000002
Sys_VAR_ref_600,0.48,0.58,0.48833333333333356
Sys_VAR_ref_600,0.48,0.6,0.45666666666666694
Sys_VAR_ref_600,0.48,0.62,0.41833333333333345
Sys_VAR_ref_600,0.48,0.64,0.37666666666666676
Sys_VAR_ref_600,0.48,0.66,0.365
Sys_VAR_ref_600,0.48,0.68,0.3316666666666667
Sys_VAR_ref_600,0.48,0.7,0.29666666666666663
Sys_VAR_ref_600,0.48,0.72,0.26666666666666666
Sys_VAR_ref_600,0.48,0.74,0.2316666666666667
Sys_VAR_ref_600,0.48,0.76,0.16166666666666665
Sys_VAR_ref_600,0.48,0.78,0.13
Sys_VAR_ref_600,0.48,0.8,0.11333333333333334
Sys_VAR_ref_600,0.48,0.82,0.09666666666666666
Sys_VAR_ref_600,0.48,0.84,0.06500000000000002
Sys_VAR_ref_600,0.48,0.86,0.055
Sys_VAR_ref_600,0.48,0.88,0.05333333333333333
Sys_VAR_ref_600,0.48,0.9,0.045
Sys_VAR_ref_600,0.48,0.92,0.03666666666666665
Sys_VAR_ref_600,0.48,0.94,0.029999999999999995
Sys_VAR_ref_600,0.48,0.96,0.029999999999999995
Sys_VAR_ref_600,0.48,0.98,0.013333333333333332
Sys_VAR_ref_600,0.48,1.0,0.005
Sys_VAR_ref_600,0.5,0.0,0.845
Sys_VAR_ref_600,0.5,0.02,0.845
Sys_VAR_ref_600,0.5,0.04,0.845
Sys_VAR_ref_600,0.5,0.06,0.845
Sys_VAR_ref_600,0.5,0.08,0.845
Sys_VAR_ref_600,0.5,0.1,0.845
Sys_VAR_ref_600,0.5,0.12,0.845
Sys_VAR_ref_600,0.5,0.14,0.845
Sys_VAR_ref_600,0.5,0.16,0.845
Sys_VAR_ref_600,0.5,0.18,0.845
Sys_VAR_ref_600,0.5,0.2,0.845
Sys_VAR_ref_600,0.5,0.22,0.845
Sys_VAR_ref_600,0.5,0.24,0.845
Sys_VAR_ref_600,0.5,0.26,0.8383333333333334
Sys_VAR_ref_600,0.5,0.28,0.8333333333333333
Sys_VAR_ref_600,0.5,0.3,0.8183333333333331
Sys_VAR_ref_600,0.5,0.32,0.7299999999999999
Sys_VAR_ref_600,0.5,0.34,0.7149999999999999
Sys_VAR_ref_600,0.5,0.36,0.7016666666666664
Sys_VAR_ref_600,0.5,0.38,0.685
Sys_VAR_ref_600,0.5,0.4,0.6716666666666665
Sys_VAR_ref_600,0.5,0.42,0.6500000000000001
Sys_VAR_ref_600,0.5,0.44,0.6349999999999999
Sys_VAR_ref_600,0.5,0.46,0.6183333333333334
Sys_VAR_ref_600,0.5,0.48,0.5916666666666665
Sys_VAR_ref_600,0.5,0.5,0.5866666666666664
Sys_VAR_ref_600,0.5,0.52,0.565
Sys_VAR_ref_600,0.5,0.54,0.5433333333333333
Sys_VAR_ref_600,0.5,0.56,0.5183333333333335
Sys_VAR_ref_600,0.5,0.58,0.48666666666666686
Sys_VAR_ref_600,0.5,0.6,0.45500000000000024
Sys_VAR_ref_600,0.5,0.62,0.41833333333333345
Sys_VAR_ref_600,0.5,0.64,0.37666666666666676
Sys_VAR_ref_600,0.5,0.66,0.365
Sys_VAR_ref_600,0.5,0.68,0.3316666666666667
Sys_VAR_ref_600,0.5,0.7,0.29666666666666663
Sys_VAR_ref_600,0.5,0.72,0.26666666666666666
Sys_VAR_ref_600,0.5,0.74,0.2316666666666667
Sys_VAR_ref_600,0.5,0.76,0.16166666666666665
Sys_VAR_ref_600,0.5,0.78,0.13
Sys_VAR_ref_600,0.5,0.8,0.11333333333333334
Sys_VAR_ref_600,0.5,0.82,0.09666666666666666
Sys_VAR_ref_600,0.5,0.84,0.06500000000000002
Sys_VAR_ref_600,0.5,0.86,0.055
Sys_VAR_ref_600,0.5,0.88,0.05333333333333333
Sys_VAR_ref_600,0.5,0.9,0.045
Sys_VAR_ref_600,0.5,0.92,0.03666666666666665
Sys_VAR_ref_600,0.5,0.94,0.029999999999999995
Sys_VAR_ref_600,0.5,0.96,0.029999999999999995
Sys_VAR_ref_600,0.5,0.98,0.013333333333333332
Sys_VAR_ref_600,0.5,1.0,0.005
Sys_VAR_ref_600,0.52,0.0,0.8349999999999999
Sys_VAR_ref_600,0.52,0.02,0.8349999999999999
Sys_VAR_ref_600,0.52,0.04,0.8349999999999999
Sys_VAR_ref_600,0.52,0.06,0.8349999999999999
Sys_VAR_ref_600,0.52,0.08,0.8349999999999999
Sys_VAR_ref_600,0.52,0.1,0.8349999999999999
Sys_VAR_ref_600,0.52,0.12,0.8349999999999999
Sys_VAR_ref_600,0.52,0.14,0.8349999999999999
Sys_VAR_ref_600,0.52,0.16,0.8349999999999999
Sys_VAR_ref_600,0.52,0.18,0.8349999999999999
Sys_VAR_ref_600,0.52,0.2,0.8349999999999999
Sys_VAR_ref_600,0.52,0.22,0.8349999999999999
Sys_VAR_ref_600,0.52,0.24,0.8349999999999999
Sys_VAR_ref_600,0.52,0.26,0.8283333333333333
Sys_VAR_ref_600,0.52,0.28,0.8233333333333331
Sys_VAR_ref_600,0.52,0.3,0.8116666666666665
Sys_VAR_ref_600,0.52,0.32,0.7233333333333333
Sys_VAR_ref_600,0.52,0.34,0.7083333333333333
Sys_VAR_ref_600,0.52,0.36,0.6966666666666665
Sys_VAR_ref_600,0.52,0.38,0.6816666666666668
Sys_VAR_ref_600,0.52,0.4,0.6683333333333333
Sys_VAR_ref_600,0.52,0.42,0.6466666666666668
Sys_VAR_ref_600,0.52,0.44,0.6316666666666666
Sys_VAR_ref_600,0.52,0.46,0.6166666666666667
Sys_VAR_ref_600,0.52,0.48,0.5899999999999999
Sys_VAR_ref_600,0.52,0.5,0.5849999999999999
Sys_VAR_ref_600,0.52,0.52,0.5633333333333334
Sys_VAR_ref_600,0.52,0.54,0.5433333333333333
Sys_VAR_ref_600,0.52,0.56,0.5183333333333335
Sys_VAR_ref_600,0.52,0.58,0.48666666666666686
Sys_VAR_ref_600,0.52,0.6,0.45500000000000024
Sys_VAR_ref_600,0.52,0.62,0.41833333333333345
Sys_VAR_ref_600,0.52,0.64,0.37666666666666676
Sys_VAR_ref_600,0.52,0.66,0.365
Sys_VAR_ref_600,0.52,0.68,0.3316666666666667
Sys_VAR_ref_600,0.52,0.7,0.29666666666666663
Sys_VAR_ref_600,0.52,0.72,0.26666666666666666
Sys_VAR_ref_600,0.52,0.74,0.2316666666666667
Sys_VAR_ref_600,0.52,0.76,0.16166666666666665
Sys_VAR_ref_600,0.52,0.78,0.13
Sys_VAR_ref_600,0.52,0.8,0.11333333333333334
Sys_VAR_ref_600,0.52,0.82,0.09666666666666666
Sys_VAR_ref_600,0.52,0.84,0.06500000000000002
Sys_VAR_ref_600,0.52,0.86,0.055
Sys_VAR_ref_600,0.52,0.88,0.05333333333333333
Sys_VAR_ref_600,0.52,0.9,0.045
Sys_VAR_ref_600,0.52,0.92,0.03666666666666665
Sys_VAR_ref_600,0.52,0.94,0.029999999999999995
Sys_VAR_ref_600,0.52,0.96,0.029999999999999995
Sys_VAR_ref_600,0.52,0.98,0.013333333333333332
Sys_VAR_ref_600,0.52,1.0,0.005
Sys_VAR_ref_600,0.54,0.0,0.8199999999999998
Sys_VAR_ref_600,0.54,0.02,0.8199999999999998
Sys_VAR_ref_600,0.54,0.04,0.8199999999999998
Sys_VAR_ref_600,0.54,0.06,0.8199999999999998
Sys_VAR_ref_600,0.54,0.08,0.8199999999999998
Sys_VAR_ref_600,0.54,0.1,0.8199999999999998
Sys_VAR_ref_600,0.54,0.12,0.8199999999999998
Sys_VAR_ref_600,0.54,0.14,0.8199999999999998
Sys_VAR_ref_600,0.54,0.16,0.8199999999999998
Sys_VAR_ref_600,0.54,0.18,0.8199999999999998
Sys_VAR_ref_600,0.54,0.2,0.8199999999999998
Sys_VAR_ref_600,0.54,0.22,0.8199999999999998
Sys_VAR_ref_600,0.54,0.24,0.8199999999999998
Sys_VAR_ref_600,0.54,0.26,0.8133333333333332
Sys_VAR_ref_600,0.54,0.28,0.8083333333333331
Sys_VAR_ref_600,0.54,0.3,0.7983333333333333
Sys_VAR_ref_600,0.54,0.32,0.7099999999999999
Sys_VAR_ref_600,0.54,0.34,0.695
Sys_VAR_ref_600,0.54,0.36,0.6866666666666665
Sys_VAR_ref_600,0.54,0.38,0.6749999999999998
Sys_VAR_ref_600,0.54,0.4,0.6616666666666667
Sys_VAR_ref_600,0.54,0.42,0.6400000000000001
Sys_VAR_ref_600,0.54,0.44,0.6266666666666666
Sys_VAR_ref_600,0.54,0.46,0.6133333333333334
Sys_VAR_ref_600,0.54,0.48,0.5866666666666666
Sys_VAR_ref_600,0.54,0.5,0.5816666666666666
Sys_VAR_ref_600,0.54,0.52,0.5616666666666666
Sys_VAR_ref_600,0.54,0.54,0.5416666666666667
Sys_VAR_ref_600,0.54,0.56,0.5166666666666668
Sys_VAR_ref_600,0.54,0.58,0.4850000000000002
Sys_VAR_ref_600,0.54,0.6,0.4533333333333336
Sys_VAR_ref_600,0.54,0.62,0.41833333333333345
Sys_VAR_ref_600,0.54,0.64,0.37666666666666676
Sys_VAR_ref_600,0.54,0.66,0.365
Sys_VAR_ref_600,0.54,0.68,0.3316666666666667
Sys_VAR_ref_600,0.54,0.7,0.29666666666666663
Sys_VAR_ref_600,0.54,0.72,0.26666666666666666
Sys_VAR_ref_600,0.54,0.74,0.2316666666666667
Sys_VAR_ref_600,0.54,0.76,0.16166666666666665
Sys_VAR_ref_600,0.54,0.78,0.13
Sys_VAR_ref_600,0.54,0.8,0.11333333333333334
Sys_VAR_ref_600,0.54,0.82,0.09666666666666666
Sys_VAR_ref_600,0.54,0.84,0.06500000000000002
Sys_VAR_ref_600,0.54,0.86,0.055
Sys_VAR_ref_600,0.54,0.88,0.05333333333333333
Sys_VAR_ref_600,0.54,0.9,0.045
Sys_VAR_ref_600,0.54,0.92,0.03666666666666665
Sys_VAR_ref_600,0.54,0.94,0.029999999999999995
Sys_VAR_ref_600,0.54,0.96,0.029999999999999995
Sys_VAR_ref_600,0.54,0.98,0.013333333333333332
Sys_VAR_ref_600,0.54,1.0,0.005
Sys_VAR_ref_600,0.56,0.0,0.8149999999999998
Sys_VAR_ref_600,0.56,0.02,0.8149999999999998
Sys_VAR_ref_600,0.56,0.04,0.8149999999999998
Sys_VAR_ref_600,0.56,0.06,0.8149999999999998
Sys_VAR_ref_600,0.56,0.08,0.8149999999999998
Sys_VAR_ref_600,0.56,0.1,0.8149999999999998
Sys_VAR_ref_600,0.56,0.12,0.8149999999999998
Sys_VAR_ref_600,0.56,0.14,0.8149999999999998
Sys_VAR_ref_600,0.56,0.16,0.8149999999999998
Sys_VAR_ref_600,0.56,0.18,0.8149999999999998
Sys_VAR_ref_600,0.56,0.2,0.8149999999999998
Sys_VAR_ref_600,0.56,0.22,0.8149999999999998
Sys_VAR_ref_600,0.56,0.24,0.8149999999999998
Sys_VAR_ref_600,0.56,0.26,0.8083333333333331
Sys_VAR_ref_600,0.56,0.28,0.8033333333333331
Sys_VAR_ref_600,0.56,0.3,0.7933333333333331
Sys_VAR_ref_600,0.56,0.32,0.7049999999999998
Sys_VAR_ref_600,0.56,0.34,0.69
Sys_VAR_ref_600,0.56,0.36,0.6833333333333332
Sys_VAR_ref_600,0.56,0.38,0.6716666666666664
Sys_VAR_ref_600,0.56,0.4,0.66
Sys_VAR_ref_600,0.56,0.42,0.6383333333333334
Sys_VAR_ref_600,0.56,0.44,0.625
Sys_VAR_ref_600,0.56,0.46,0.6116666666666667
Sys_VAR_ref_600,0.56,0.48,0.5849999999999999
Sys_VAR_ref_600,0.56,0.5,0.5799999999999998
Sys_VAR_ref_600,0.56,0.52,0.56
Sys_VAR_ref_600,0.56,0.54,0.54
Sys_VAR_ref_600,0.56,0.56,0.5150000000000002
Sys_VAR_ref_600,0.56,0.58,0.4833333333333335
Sys_VAR_ref_600,0.56,0.6,0.4533333333333336
Sys_VAR_ref_600,0.56,0.62,0.41833333333333345
Sys_VAR_ref_600,0.56,0.64,0.37666666666666676
Sys_VAR_ref_600,0.56,0.66,0.365
Sys_VAR_ref_600,0.56,0.68,0.3316666666666667
Sys_VAR_ref_600,0.56,0.7,0.29666666666666663
Sys_VAR_ref_600,0.56,0.72,0.26666666666666666
Sys_VAR_ref_600,0.56,0.74,0.2316666666666667
Sys_VAR_ref_600,0.56,0.76,0.16166666666666665
Sys_VAR_ref_600,0.56,0.78,0.13
Sys_VAR_ref_600,0.56,0.8,0.11333333333333334
Sys_VAR_ref_600,0.56,0.82,0.09666666666666666
Sys_VAR_ref_600,0.56,0.84,0.06500000000000002
Sys_VAR_ref_600,0.56,0.86,0.055
Sys_VAR_ref_600,0.56,0.88,0.05333333333333333
Sys_VAR_ref_600,0.56,0.9,0.045
Sys_VAR_ref_600,0.56,0.92,0.03666666666666665
Sys_VAR_ref_600,0.56,0.94,0.029999999999999995
Sys_VAR_ref_600,0.56,0.96,0.029999999999999995
Sys_VAR_ref_600,0.56,0.98,0.013333333333333332
Sys_VAR_ref_600,0.56,1.0,0.005
Sys_VAR_ref_600,0.58,0.0,0.7900000000000001
Sys_VAR_ref_600,0.58,0.02,0.7900000000000001
Sys_VAR_ref_600,0.58,0.04,0.7900000000000001
Sys_VAR_ref_600,0.58,0.06,0.7900000000000001
Sys_VAR_ref_600,0.58,0.08,0.7900000000000001
Sys_VAR_ref_600,0.58,0.1,0.7900000000000001
Sys_VAR_ref_600,0.58,0.12,0.7900000000000001
Sys_VAR_ref_600,0.58,0.14,0.7900000000000001
Sys_VAR_ref_600,0.58,0.16,0.7900000000000001
Sys_VAR_ref_600,0.58,0.18,0.7900000000000001
Sys_VAR_ref_600,0.58,0.2,0.7900000000000001
Sys_VAR_ref_600,0.58,0.22,0.7900000000000001
Sys_VAR_ref_600,0.58,0.24,0.7900000000000001
Sys_VAR_ref_600,0.58,0.26,0.7866666666666666
Sys_VAR_ref_600,0.58,0.28,0.7816666666666666
Sys_VAR_ref_600,0.58,0.3,0.7716666666666666
Sys_VAR_ref_600,0.58,0.32,0.6866666666666668
Sys_VAR_ref_600,0.58,0.34,0.6733333333333335
Sys_VAR_ref_600,0.58,0.36,0.6666666666666665
Sys_VAR_ref_600,0.58,0.38,0.6583333333333333
Sys_VAR_ref_600,0.58,0.4,0.6483333333333334
Sys_VAR_ref_600,0.58,0.42,0.6266666666666667
Sys_VAR_ref_600,0.58,0.44,0.6133333333333333
Sys_VAR_ref_600,0.58,0.46,0.6016666666666667
Sys_VAR_ref_600,0.58,0.48,0.5766666666666665
Sys_VAR_ref_600,0.58,0.5,0.5716666666666665
Sys_VAR_ref_600,0.58,0.52,0.5533333333333333
Sys_VAR_ref_600,0.58,0.54,0.535
Sys_VAR_ref_600,0.58,0.56,0.5100000000000001
Sys_VAR_ref_600,0.58,0.58,0.47833333333333344
Sys_VAR_ref_600,0.58,0.6,0.4483333333333334
Sys_VAR_ref_600,0.58,0.62,0.41333333333333333
Sys_VAR_ref_600,0.58,0.64,0.3733333333333334
Sys_VAR_ref_600,0.58,0.66,0.36166666666666664
Sys_VAR_ref_600,0.58,0.68,0.32833333333333337
Sys_VAR_ref_600,0.58,0.7,0.29333333333333333
Sys_VAR_ref_600,0.58,0.72,0.26333333333333336
Sys_VAR_ref_600,0.58,0.74,0.23000000000000004
Sys_VAR_ref_600,0.58,0.76,0.16166666666666665
Sys_VAR_ref_600,0.58,0.78,0.13
Sys_VAR_ref_600,0.58,0.8,0.11333333333333334
Sys_VAR_ref_600,0.58,0.82,0.09666666666666666
Sys_VAR_ref_600,0.58,0.84,0.06500000000000002
Sys_VAR_ref_600,0.58,0.86,0.055
Sys_VAR_ref_600,0.58,0.88,0.05333333333333333
Sys_VAR_ref_600,0.58,0.9,0.045
Sys_VAR_ref_600,0.58,0.92,0.03666666666666665
Sys_VAR_ref_600,0.58,0.94,0.029999999999999995
Sys_VAR_ref_600,0.58,0.96,0.029999999999999995
Sys_VAR_ref_600,0.58,0.98,0.013333333333333332
Sys_VAR_ref_600,0.58,1.0,0.005
Sys_VAR_ref_600,0.6,0.0,0.7766666666666667
Sys_VAR_ref_600,0.6,0.02,0.7766666666666667
Sys_VAR_ref_600,0.6,0.04,0.7766666666666667
Sys_VAR_ref_600,0.6,0.06,0.7766666666666667
Sys_VAR_ref_600,0.6,0.08,0.7766666666666667
Sys_VAR_ref_600,0.6,0.1,0.7766666666666667
Sys_VAR_ref_600,0.6,0.12,0.7766666666666667
Sys_VAR_ref_600,0.6,0.14,0.7766666666666667
Sys_VAR_ref_600,0.6,0.16,0.7766666666666667
Sys_VAR_ref_600,0.6,0.18,0.7766666666666667
Sys_VAR_ref_600,0.6,0.2,0.7766666666666667
Sys_VAR_ref_600,0.6,0.22,0.7766666666666667
Sys_VAR_ref_600,0.6,0.24,0.7766666666666667
Sys_VAR_ref_600,0.6,0.26,0.7733333333333333
Sys_VAR_ref_600,0.6,0.28,0.7683333333333331
Sys_VAR_ref_600,0.6,0.3,0.7583333333333333
Sys_VAR_ref_600,0.6,0.32,0.675
Sys_VAR_ref_600,0.6,0.34,0.6616666666666666
Sys_VAR_ref_600,0.6,0.36,0.6566666666666666
Sys_VAR_ref_600,0.6,0.38,0.6483333333333333
Sys_VAR_ref_600,0.6,0.4,0.64
Sys_VAR_ref_600,0.6,0.42,0.6183333333333334
Sys_VAR_ref_600,0.6,0.44,0.605
Sys_VAR_ref_600,0.6,0.46,0.5933333333333333
Sys_VAR_ref_600,0.6,0.48,0.5683333333333332
Sys_VAR_ref_600,0.6,0.5,0.5633333333333332
Sys_VAR_ref_600,0.6,0.52,0.5466666666666667
Sys_VAR_ref_600,0.6,0.54,0.5283333333333334
Sys_VAR_ref_600,0.6,0.56,0.5033333333333335
Sys_VAR_ref_600,0.6,0.58,0.47166666666666673
Sys_VAR_ref_600,0.6,0.6,0.44500000000000006
Sys_VAR_ref_600,0.6,0.62,0.41166666666666674
Sys_VAR_ref_600,0.6,0.64,0.3733333333333334
Sys_VAR_ref_600,0.6,0.66,0.36166666666666664
Sys_VAR_ref_600,0.6,0.68,0.32833333333333337
Sys_VAR_ref_600,0.6,0.7,0.29333333333333333
Sys_VAR_ref_600,0.6,0.72,0.26333333333333336
Sys_VAR_ref_600,0.6,0.74,0.23000000000000004
Sys_VAR_ref_600,0.6,0.76,0.16166666666666665
Sys_VAR_ref_600,0.6,0.78,0.13
Sys_VAR_ref_600,0.6,0.8,0.11333333333333334
Sys_VAR_ref_600,0.6,0.82,0.09666666666666666
Sys_VAR_ref_600,0.6,0.84,0.06500000000000002
Sys_VAR_ref_600,0.6,0.86,0.055
Sys_VAR_ref_600,0.6,0.88,0.05333333333333333
Sys_VAR_ref_600,0.6,0.9,0.045
Sys_VAR_ref_600,0.6,0.92,0.03666666666666665
Sys_VAR_ref_600,0.6,0.94,0.029999999999999995
Sys_VAR_ref_600,0.6,0.96,0.029999999999999995
Sys_VAR_ref_600,0.6,0.98,0.013333333333333332
Sys_VAR_ref_600,0.6,1.0,0.005
Sys_VAR_ref_600,0.62,0.0,0.7666666666666667
Sys_VAR_ref_600,0.62,0.02,0.7666666666666667
Sys_VAR_ref_600,0.62,0.04,0.7666666666666667
Sys_VAR_ref_600,0.62,0.06,0.7666666666666667
Sys_VAR_ref_600,0.62,0.08,0.7666666666666667
Sys_VAR_ref_600,0.62,0.1,0.7666666666666667
Sys_VAR_ref_600,0.62,0.12,0.7666666666666667
Sys_VAR_ref_600,0.62,0.14,0.7666666666666667
Sys_VAR_ref_600,0.62,0.16,0.7666666666666667
Sys_VAR_ref_600,0.62,0.18,0.7666666666666667
Sys_VAR_ref_600,0.62,0.2,0.7666666666666667
Sys_VAR_ref_600,0.62,0.22,0.7666666666666667
Sys_VAR_ref_600,0.62,0.24,0.7666666666666667
Sys_VAR_ref_600,0.62,0.26,0.7633333333333333
Sys_VAR_ref_600,0.62,0.28,0.7583333333333332
Sys_VAR_ref_600,0.62,0.3,0.7483333333333332
Sys_VAR_ref_600,0.62,0.32,0.6666666666666667
Sys_VAR_ref_600,0.62,0.34,0.6533333333333333
Sys_VAR_ref_600,0.62,0.36,0.65
Sys_VAR_ref_600,0.62,0.38,0.6416666666666666
Sys_VAR_ref_600,0.62,0.4,0.6333333333333334
Sys_VAR_ref_600,0.62,0.42,0.6116666666666668
Sys_VAR_ref_600,0.62,0.44,0.5983333333333334
Sys_VAR_ref_600,0.62,0.46,0.5866666666666667
Sys_VAR_ref_600,0.62,0.48,0.5616666666666666
Sys_VAR_ref_600,0.62,0.5,0.5566666666666668
Sys_VAR_ref_600,0.62,0.52,0.5400000000000001
Sys_VAR_ref_600,0.62,0.54,0.521666666666667
Sys_VAR_ref_600,0.62,0.56,0.4983333333333334
Sys_VAR_ref_600,0.62,0.58,0.46666666666666656
Sys_VAR_ref_600,0.62,0.6,0.4416666666666667
Sys_VAR_ref_600,0.62,0.62,0.4100000000000001
Sys_VAR_ref_600,0.62,0.64,0.3716666666666667
Sys_VAR_ref_600,0.62,0.66,0.36
Sys_VAR_ref_600,0.62,0.68,0.32666666666666666
Sys_VAR_ref_600,0.62,0.7,0.29166666666666663
Sys_VAR_ref_600,0.62,0.72,0.26166666666666666
Sys_VAR_ref_600,0.62,0.74,0.23000000000000004
Sys_VAR_ref_600,0.62,0.76,0.16166666666666665
Sys_VAR_ref_600,0.62,0.78,0.13
Sys_VAR_ref_600,0.62,0.8,0.11333333333333334
Sys_VAR_ref_600,0.62,0.82,0.09666666666666666
Sys_VAR_ref_600,0.62,0.84,0.06500000000000002
Sys_VAR_ref_600,0.62,0.86,0.055
Sys_VAR_ref_600,0.62,0.88,0.05333333333333333
Sys_VAR_ref_600,0.62,0.9,0.045
Sys_VAR_ref_600,0.62,0.92,0.03666666666666665
Sys_VAR_ref_600,0.62,0.94,0.029999999999999995
Sys_VAR_ref_600,0.62,0.96,0.029999999999999995
Sys_VAR_ref_600,0.62,0.98,0.013333333333333332
Sys_VAR_ref_600,0.62,1.0,0.005
Sys_VAR_ref_600,0.64,0.0,0.745
Sys_VAR_ref_600,0.64,0.02,0.745
Sys_VAR_ref_600,0.64,0.04,0.745
Sys_VAR_ref_600,0.64,0.06,0.745
Sys_VAR_ref_600,0.64,0.08,0.745
Sys_VAR_ref_600,0.64,0.1,0.745
Sys_VAR_ref_600,0.64,0.12,0.745
Sys_VAR_ref_600,0.64,0.14,0.745
Sys_VAR_ref_600,0.64,0.16,0.745
Sys_VAR_ref_600,0.64,0.18,0.745
Sys_VAR_ref_600,0.64,0.2,0.745
Sys_VAR_ref_600,0.64,0.22,0.745
Sys_VAR_ref_600,0.64,0.24,0.745
Sys_VAR_ref_600,0.64,0.26,0.7416666666666667
Sys_VAR_ref_600,0.64,0.28,0.74
Sys_VAR_ref_600,0.64,0.3,0.7300000000000001
Sys_VAR_ref_600,0.64,0.32,0.65
Sys_VAR_ref_600,0.64,0.34,0.6383333333333333
Sys_VAR_ref_600,0.64,0.36,0.6349999999999999
Sys_VAR_ref_600,0.64,0.38,0.6266666666666666
Sys_VAR_ref_600,0.64,0.4,0.6183333333333334
Sys_VAR_ref_600,0.64,0.42,0.5966666666666667
Sys_VAR_ref_600,0.64,0.44,0.5833333333333333
Sys_VAR_ref_600,0.64,0.46,0.5733333333333333
Sys_VAR_ref_600,0.64,0.48,0.55
Sys_VAR_ref_600,0.64,0.5,0.545
Sys_VAR_ref_600,0.64,0.52,0.5300000000000002
Sys_VAR_ref_600,0.64,0.54,0.5116666666666669
Sys_VAR_ref_600,0.64,0.56,0.49000000000000005
Sys_VAR_ref_600,0.64,0.58,0.4599999999999999
Sys_VAR_ref_600,0.64,0.6,0.4366666666666667
Sys_VAR_ref_600,0.64,0.62,0.4050000000000001
Sys_VAR_ref_600,0.64,0.64,0.36833333333333335
Sys_VAR_ref_600,0.64,0.66,0.35666666666666663
Sys_VAR_ref_600,0.64,0.68,0.32333333333333336
Sys_VAR_ref_600,0.64,0.7,0.29
Sys_VAR_ref_600,0.64,0.72,0.26166666666666666
Sys_VAR_ref_600,0.64,0.74,0.23000000000000004
Sys_VAR_ref_600,0.64,0.76,0.16166666666666665
Sys_VAR_ref_600,0.64,0.78,0.13
Sys_VAR_ref_600,0.64,0.8,0.11333333333333334
Sys_VAR_ref_600,0.64,0.82,0.09666666666666666
Sys_VAR_ref_600,0.64,0.84,0.06500000000000002
Sys_VAR_ref_600,0.64,0.86,0.055
Sys_VAR_ref_600,0.64,0.88,0.05333333333333333
Sys_VAR_ref_600,0.64,0.9,0.045
Sys_VAR_ref_600,0.64,0.92,0.03666666666666665
Sys_VAR_ref_600,0.64,0.94,0.029999999999999995
Sys_VAR_ref_600,0.64,0.96,0.029999999999999995
Sys_VAR_ref_600,0.64,0.98,0.013333333333333332
Sys_VAR_ref_600,0.64,1.0,0.005
Sys_VAR_ref_600,0.66,0.0,0.7366666666666667
Sys_VAR_ref_600,0.66,0.02,0.7366666666666667
Sys_VAR_ref_600,0.66,0.04,0.7366666666666667
Sys_VAR_ref_600,0.66,0.06,0.7366666666666667
Sys_VAR_ref_600,0.66,0.08,0.7366666666666667
Sys_VAR_ref_600,0.66,0.1,0.7366666666666667
Sys_VAR_ref_600,0.66,0.12,0.7366666666666667
Sys_VAR_ref_600,0.66,0.14,0.7366666666666667
Sys_VAR_ref_600,0.66,0.16,0.7366666666666667
Sys_VAR_ref_600,0.66,0.18,0.7366666666666667
Sys_VAR_ref_600,0.66,0.2,0.7366666666666667
Sys_VAR_ref_600,0.66,0.22,0.7366666666666667
Sys_VAR_ref_600,0.66,0.24,0.7366666666666667
Sys_VAR_ref_600,0.66,0.26,0.7333333333333334
Sys_VAR_ref_600,0.66,0.28,0.7316666666666667
Sys_VAR_ref_600,0.66,0.3,0.7216666666666669
Sys_VAR_ref_600,0.66,0.32,0.6416666666666668
Sys_VAR_ref_600,0.66,0.34,0.6299999999999999
Sys_VAR_ref_600,0.66,0.36,0.6266666666666666
Sys_VAR_ref_600,0.66,0.38,0.6183333333333334
Sys_VAR_ref_600,0.66,0.4,0.6116666666666667
Sys_VAR_ref_600,0.66,0.42,0.5900000000000001
Sys_VAR_ref_600,0.66,0.44,0.5766666666666667
Sys_VAR_ref_600,0.66,0.46,0.5666666666666668
Sys_VAR_ref_600,0.66,0.48,0.5433333333333334
Sys_VAR_ref_600,0.66,0.5,0.54
Sys_VAR_ref_600,0.66,0.52,0.5250000000000002
Sys_VAR_ref_600,0.66,0.54,0.5066666666666669
Sys_VAR_ref_600,0.66,0.56,0.4850000000000001
Sys_VAR_ref_600,0.66,0.58,0.455
Sys_VAR_ref_600,0.66,0.6,0.4316666666666667
Sys_VAR_ref_600,0.66,0.62,0.4016666666666667
Sys_VAR_ref_600,0.66,0.64,0.3666666666666667
Sys_VAR_ref_600,0.66,0.66,0.355
Sys_VAR_ref_600,0.66,0.68,0.32166666666666666
Sys_VAR_ref_600,0.66,0.7,0.2883333333333333
Sys_VAR_ref_600,0.66,0.72,0.26
Sys_VAR_ref_600,0.66,0.74,0.23000000000000004
Sys_VAR_ref_600,0.66,0.76,0.16166666666666665
Sys_VAR_ref_600,0.66,0.78,0.13
Sys_VAR_ref_600,0.66,0.8,0.11333333333333334
Sys_VAR_ref_600,0.66,0.82,0.09666666666666666
Sys_VAR_ref_600,0.66,0.84,0.06500000000000002
Sys_VAR_ref_600,0.66,0.86,0.055
Sys_VAR_ref_600,0.66,0.88,0.05333333333333333
Sys_VAR_ref_600,0.66,0.9,0.045
Sys_VAR_ref_600,0.66,0.92,0.03666666666666665
Sys_VAR_ref_600,0.66,0.94,0.029999999999999995
Sys_VAR_ref_600,0.66,0.96,0.029999999999999995
Sys_VAR_ref_600,0.66,0.98,0.013333333333333332
Sys_VAR_ref_600,0.66,1.0,0.005
Sys_VAR_ref_600,0.68,0.0,0.7216666666666669
Sys_VAR_ref_600,0.68,0.02,0.7216666666666669
Sys_VAR_ref_600,0.68,0.04,0.7216666666666669
Sys_VAR_ref_600,0.68,0.06,0.7216666666666669
Sys_VAR_ref_600,0.68,0.08,0.7216666666666669
Sys_VAR_ref_600,0.68,0.1,0.7216666666666669
Sys_VAR_ref_600,0.68,0.12,0.7216666666666669
Sys_VAR_ref_600,0.68,0.14,0.7216666666666669
Sys_VAR_ref_600,0.68,0.16,0.7216666666666669
Sys_VAR_ref_600,0.68,0.18,0.7216666666666669
Sys_VAR_ref_600,0.68,0.2,0.7216666666666669
Sys_VAR_ref_600,0.68,0.22,0.7216666666666669
Sys_VAR_ref_600,0.68,0.24,0.7216666666666669
Sys_VAR_ref_600,0.68,0.26,0.7183333333333336
Sys_VAR_ref_600,0.68,0.28,0.7183333333333336
Sys_VAR_ref_600,0.68,0.3,0.7083333333333337
Sys_VAR_ref_600,0.68,0.32,0.6283333333333334
Sys_VAR_ref_600,0.68,0.34,0.6166666666666667
Sys_VAR_ref_600,0.68,0.36,0.615
Sys_VAR_ref_600,0.68,0.38,0.6083333333333334
Sys_VAR_ref_600,0.68,0.4,0.6033333333333334
Sys_VAR_ref_600,0.68,0.42,0.5816666666666667
Sys_VAR_ref_600,0.68,0.44,0.57
Sys_VAR_ref_600,0.68,0.46,0.5616666666666668
Sys_VAR_ref_600,0.68,0.48,0.5383333333333334
Sys_VAR_ref_600,0.68,0.5,0.5366666666666667
Sys_VAR_ref_600,0.68,0.52,0.5216666666666668
Sys_VAR_ref_600,0.68,0.54,0.5033333333333335
Sys_VAR_ref_600,0.68,0.56,0.4816666666666667
Sys_VAR_ref_600,0.68,0.58,0.4533333333333333
Sys_VAR_ref_600,0.68,0.6,0.43
Sys_VAR_ref_600,0.68,0.62,0.4000000000000001
Sys_VAR_ref_600,0.68,0.64,0.365
Sys_VAR_ref_600,0.68,0.66,0.35333333333333333
Sys_VAR_ref_600,0.68,0.68,0.32
Sys_VAR_ref_600,0.68,0.7,0.2866666666666666
Sys_VAR_ref_600,0.68,0.72,0.2583333333333333
Sys_VAR_ref_600,0.68,0.74,0.23000000000000004
Sys_VAR_ref_600,0.68,0.76,0.16166666666666665
Sys_VAR_ref_600,0.68,0.78,0.13
Sys_VAR_ref_600,0.68,0.8,0.11333333333333334
Sys_VAR_ref_600,0.68,0.82,0.09666666666666666
Sys_VAR_ref_600,0.68,0.84,0.06500000000000002
Sys_VAR_ref_600,0.68,0.86,0.055
Sys_VAR_ref_600,0.68,0.88,0.05333333333333333
Sys_VAR_ref_600,0.68,0.9,0.045
Sys_VAR_ref_600,0.68,0.92,0.03666666666666665
Sys_VAR_ref_600,0.68,0.94,0.029999999999999995
Sys_VAR_ref_600,0.68,0.96,0.029999999999999995
Sys_VAR_ref_600,0.68,0.98,0.013333333333333332
Sys_VAR_ref_600,0.68,1.0,0.005
Sys_VAR_ref_600,0.7,0.0,0.7116666666666667
Sys_VAR_ref_600,0.7,0.02,0.7116666666666667
Sys_VAR_ref_600,0.7,0.04,0.7116666666666667
Sys_VAR_ref_600,0.7,0.06,0.7116666666666667
Sys_VAR_ref_600,0.7,0.08,0.7116666666666667
Sys_VAR_ref_600,0.7,0.1,0.7116666666666667
Sys_VAR_ref_600,0.7,0.12,0.7116666666666667
Sys_VAR_ref_600,0.7,0.14,0.7116666666666667
Sys_VAR_ref_600,0.7,0.16,0.7116666666666667
Sys_VAR_ref_600,0.7,0.18,0.7116666666666667
Sys_VAR_ref_600,0.7,0.2,0.7116666666666667
Sys_VAR_ref_600,0.7,0.22,0.7116666666666667
Sys_VAR_ref_600,0.7,0.24,0.7116666666666667
Sys_VAR_ref_600,0.7,0.26,0.7083333333333335
Sys_VAR_ref_600,0.7,0.28,0.7083333333333335
Sys_VAR_ref_600,0.7,0.3,0.6983333333333335
Sys_VAR_ref_600,0.7,0.32,0.6216666666666667
Sys_VAR_ref_600,0.7,0.34,0.6099999999999999
Sys_VAR_ref_600,0.7,0.36,0.6083333333333332
Sys_VAR_ref_600,0.7,0.38,0.6016666666666667
Sys_VAR_ref_600,0.7,0.4,0.5983333333333333
Sys_VAR_ref_600,0.7,0.42,0.5766666666666667
Sys_VAR_ref_600,0.7,0.44,0.565
Sys_VAR_ref_600,0.7,0.46,0.5583333333333333
Sys_VAR_ref_600,0.7,0.48,0.535
Sys_VAR_ref_600,0.7,0.5,0.5333333333333333
Sys_VAR_ref_600,0.7,0.52,0.5200000000000002
Sys_VAR_ref_600,0.7,0.54,0.5033333333333335
Sys_VAR_ref_600,0.7,0.56,0.4816666666666667
Sys_VAR_ref_600,0.7,0.58,0.4533333333333333
Sys_VAR_ref_600,0.7,0.6,0.43
Sys_VAR_ref_600,0.7,0.62,0.4000000000000001
Sys_VAR_ref_600,0.7,0.64,0.365
Sys_VAR_ref_600,0.7,0.66,0.35333333333333333
Sys_VAR_ref_600,0.7,0.68,0.32
Sys_VAR_ref_600,0.7,0.7,0.2866666666666666
Sys_VAR_ref_600,0.7,0.72,0.2583333333333333
Sys_VAR_ref_600,0.7,0.74,0.23000000000000004
Sys_VAR_ref_600,0.7,0.76,0.16166666666666665
Sys_VAR_ref_600,0.7,0.78,0.13
Sys_VAR_ref_600,0.7,0.8,0.11333333333333334
Sys_VAR_ref_600,0.7,0.82,0.09666666666666666
Sys_VAR_ref_600,0.7,0.84,0.06500000000000002
Sys_VAR_ref_600,0.7,0.86,0.055
Sys_VAR_ref_600,0.7,0.88,0.05333333333333333
Sys_VAR_ref_600,0.7,0.9,0.045
Sys_VAR_ref_600,0.7,0.92,0.03666666666666665
Sys_VAR_ref_600,0.7,0.94,0.029999999999999995
Sys_VAR_ref_600,0.7,0.96,0.029999999999999995
Sys_VAR_ref_600,0.7,0.98,0.013333333333333332
Sys_VAR_ref_600,0.7,1.0,0.005
Sys_VAR_ref_600,0.72,0.0,0.6866666666666669
Sys_VAR_ref_600,0.72,0.02,0.6866666666666669
Sys_VAR_ref_600,0.72,0.04,0.6866666666666669
Sys_VAR_ref_600,0.72,0.06,0.6866666666666669
Sys_VAR_ref_600,0.72,0.08,0.6866666666666669
Sys_VAR_ref_600,0.72,0.1,0.6866666666666669
Sys_VAR_ref_600,0.72,0.12,0.6866666666666669
Sys_VAR_ref_600,0.72,0.14,0.6866666666666669
Sys_VAR_ref_600,0.72,0.16,0.6866666666666669
Sys_VAR_ref_600,0.72,0.18,0.6866666666666669
Sys_VAR_ref_600,0.72,0.2,0.6866666666666669
Sys_VAR_ref_600,0.72,0.22,0.6866666666666669
Sys_VAR_ref_600,0.72,0.24,0.6866666666666669
Sys_VAR_ref_600,0.72,0.26,0.6833333333333336
Sys_VAR_ref_600,0.72,0.28,0.6833333333333336
Sys_VAR_ref_600,0.72,0.3,0.6733333333333336
Sys_VAR_ref_600,0.72,0.32,0.6016666666666667
Sys_VAR_ref_600,0.72,0.34,0.59
Sys_VAR_ref_600,0.72,0.36,0.5883333333333334
Sys_VAR_ref_600,0.72,0.38,0.5833333333333334
Sys_VAR_ref_600,0.72,0.4,0.5816666666666667
Sys_VAR_ref_600,0.72,0.42,0.5600000000000002
Sys_VAR_ref_600,0.72,0.44,0.5483333333333335
Sys_VAR_ref_600,0.72,0.46,0.5416666666666669
Sys_VAR_ref_600,0.72,0.48,0.5200000000000001
Sys_VAR_ref_600,0.72,0.5,0.5183333333333334
Sys_VAR_ref_600,0.72,0.52,0.5050000000000003
Sys_VAR_ref_600,0.72,0.54,0.49000000000000016
Sys_VAR_ref_600,0.72,0.56,0.4716666666666666
Sys_VAR_ref_600,0.72,0.58,0.4433333333333333
Sys_VAR_ref_600,0.72,0.6,0.4200000000000001
Sys_VAR_ref_600,0.72,0.62,0.39333333333333337
Sys_VAR_ref_600,0.72,0.64,0.36333333333333334
Sys_VAR_ref_600,0.72,0.66,0.3516666666666666
Sys_VAR_ref_600,0.72,0.68,0.31833333333333336
Sys_VAR_ref_600,0.72,0.7,0.2849999999999999
Sys_VAR_ref_600,0.72,0.72,0.25666666666666665
Sys_VAR_ref_600,0.72,0.74,0.22833333333333336
Sys_VAR_ref_600,0.72,0.76,0.15999999999999995
Sys_VAR_ref_600,0.72,0.78,0.12833333333333333
Sys_VAR_ref_600,0.72,0.8,0.11166666666666666
Sys_VAR_ref_600,0.72,0.82,0.09499999999999999
Sys_VAR_ref_600,0.72,0.84,0.06333333333333335
Sys_VAR_ref_600,0.72,0.86,0.055
Sys_VAR_ref_600,0.72,0.88,0.05333333333333333
Sys_VAR_ref_600,0.72,0.9,0.045
Sys_VAR_ref_600,0.72,0.92,0.03666666666666665
Sys_VAR_ref_600,0.72,0.94,0.029999999999999995
Sys_VAR_ref_600,0.72,0.96,0.029999999999999995
Sys_VAR_ref_600,0.72,0.98,0.013333333333333332
Sys_VAR_ref_600,0.72,1.0,0.005
Sys_VAR_ref_600,0.74,0.0,0.6700000000000003
Sys_VAR_ref_600,0.74,0.02,0.6700000000000003
Sys_VAR_ref_600,0.74,0.04,0.6700000000000003
Sys_VAR_ref_600,0.74,0.06,0.6700000000000003
Sys_VAR_ref_600,0.74,0.08,0.6700000000000003
Sys_VAR_ref_600,0.74,0.1,0.6700000000000003
Sys_VAR_ref_600,0.74,0.12,0.6700000000000003
Sys_VAR_ref_600,0.74,0.14,0.6700000000000003
Sys_VAR_ref_600,0.74,0.16,0.6700000000000003
Sys_VAR_ref_600,0.74,0.18,0.6700000000000003
Sys_VAR_ref_600,0.74,0.2,0.6700000000000003
Sys_VAR_ref_600,0.74,0.22,0.6700000000000003
Sys_VAR_ref_600,0.74,0.24,0.6700000000000003
Sys_VAR_ref_600,0.74,0.26,0.666666666666667
Sys_VAR_ref_600,0.74,0.28,0.666666666666667
Sys_VAR_ref_600,0.74,0.3,0.6583333333333335
Sys_VAR_ref_600,0.74,0.32,0.5866666666666666
Sys_VAR_ref_600,0.74,0.34,0.575
Sys_VAR_ref_600,0.74,0.36,0.5733333333333333
Sys_VAR_ref_600,0.74,0.38,0.5683333333333332
Sys_VAR_ref_600,0.74,0.4,0.5666666666666667
Sys_VAR_ref_600,0.74,0.42,0.5450000000000002
Sys_VAR_ref_600,0.74,0.44,0.535
Sys_VAR_ref_600,0.74,0.46,0.5283333333333335
Sys_VAR_ref_600,0.74,0.48,0.5133333333333335
Sys_VAR_ref_600,0.74,0.5,0.5116666666666668
Sys_VAR_ref_600,0.74,0.52,0.5016666666666669
Sys_VAR_ref_600,0.74,0.54,0.4866666666666667
Sys_VAR_ref_600,0.74,0.56,0.46833333333333327
Sys_VAR_ref_600,0.74,0.58,0.43999999999999995
Sys_VAR_ref_600,0.74,0.6,0.41666666666666674
Sys_VAR_ref_600,0.74,0.62,0.39
Sys_VAR_ref_600,0.74,0.64,0.3616666666666667
Sys_VAR_ref_600,0.74,0.66,0.35
Sys_VAR_ref_600,0.74,0.68,0.3166666666666667
Sys_VAR_ref_600,0.74,0.7,0.28333333333333327
Sys_VAR_ref_600,0.74,0.72,0.255
Sys_VAR_ref_600,0.74,0.74,0.22666666666666668
Sys_VAR_ref_600,0.74,0.76,0.15999999999999995
Sys_VAR_ref_600,0.74,0.78,0.12833333333333333
Sys_VAR_ref_600,0.74,0.8,0.11166666666666666
Sys_VAR_ref_600,0.74,0.82,0.09499999999999999
Sys_VAR_ref_600,0.74,0.84,0.06333333333333335
Sys_VAR_ref_600,0.74,0.86,0.055
Sys_VAR_ref_600,0.74,0.88,0.05333333333333333
Sys_VAR_ref_600,0.74,0.9,0.045
Sys_VAR_ref_600,0.74,0.92,0.03666666666666665
Sys_VAR_ref_600,0.74,0.94,0.029999999999999995
Sys_VAR_ref_600,0.74,0.96,0.029999999999999995
Sys_VAR_ref_600,0.74,0.98,0.013333333333333332
Sys_VAR_ref_600,0.74,1.0,0.005
Sys_VAR_ref_600,0.76,0.0,0.6500000000000001
Sys_VAR_ref_600,0.76,0.02,0.6500000000000001
Sys_VAR_ref_600,0.76,0.04,0.6500000000000001
Sys_VAR_ref_600,0.76,0.06,0.6500000000000001
Sys_VAR_ref_600,0.76,0.08,0.6500000000000001
Sys_VAR_ref_600,0.76,0.1,0.6500000000000001
Sys_VAR_ref_600,0.76,0.12,0.6500000000000001
Sys_VAR_ref_600,0.76,0.14,0.6500000000000001
Sys_VAR_ref_600,0.76,0.16,0.6500000000000001
Sys_VAR_ref_600,0.76,0.18,0.6500000000000001
Sys_VAR_ref_600,0.76,0.2,0.6500000000000001
Sys_VAR_ref_600,0.76,0.22,0.6500000000000001
Sys_VAR_ref_600,0.76,0.24,0.6500000000000001
Sys_VAR_ref_600,0.76,0.26,0.6466666666666667
Sys_VAR_ref_600,0.76,0.28,0.6466666666666667
Sys_VAR_ref_600,0.76,0.3,0.6383333333333333
Sys_VAR_ref_600,0.76,0.32,0.5733333333333333
Sys_VAR_ref_600,0.76,0.34,0.5633333333333332
Sys_VAR_ref_600,0.76,0.36,0.5616666666666665
Sys_VAR_ref_600,0.76,0.38,0.5566666666666665
Sys_VAR_ref_600,0.76,0.4,0.5549999999999999
Sys_VAR_ref_600,0.76,0.42,0.5333333333333335
Sys_VAR_ref_600,0.76,0.44,0.5250000000000001
Sys_VAR_ref_600,0.76,0.46,0.5200000000000002
Sys_VAR_ref_600,0.76,0.48,0.5050000000000001
Sys_VAR_ref_600,0.76,0.5,0.5033333333333334
Sys_VAR_ref_600,0.76,0.52,0.4933333333333335
Sys_VAR_ref_600,0.76,0.54,0.4800000000000001
Sys_VAR_ref_600,0.76,0.56,0.46166666666666667
Sys_VAR_ref_600,0.76,0.58,0.43333333333333335
Sys_VAR_ref_600,0.76,0.6,0.4116666666666668
Sys_VAR_ref_600,0.76,0.62,0.38500000000000006
Sys_VAR_ref_600,0.76,0.64,0.3566666666666667
Sys_VAR_ref_600,0.76,0.66,0.345
Sys_VAR_ref_600,0.76,0.68,0.3116666666666667
Sys_VAR_ref_600,0.76,0.7,0.2799999999999999
Sys_VAR_ref_600,0.76,0.72,0.25166666666666665
Sys_VAR_ref_600,0.76,0.74,0.22333333333333333
Sys_VAR_ref_600,0.76,0.76,0.15999999999999995
Sys_VAR_ref_600,0.76,0.78,0.12833333333333333
Sys_VAR_ref_600,0.76,0.8,0.11166666666666666
Sys_VAR_ref_600,0.76,0.82,0.09499999999999999
Sys_VAR_ref_600,0.76,0.84,0.06333333333333335
Sys_VAR_ref_600,0.76,0.86,0.055
Sys_VAR_ref_600,0.76,0.88,0.05333333333333333
Sys_VAR_ref_600,0.76,0.9,0.045
Sys_VAR_ref_600,0.76,0.92,0.03666666666666665
Sys_VAR_ref_600,0.76,0.94,0.029999999999999995
Sys_VAR_ref_600,0.76,0.96,0.029999999999999995
Sys_VAR_ref_600,0.76,0.98,0.013333333333333332
Sys_VAR_ref_600,0.76,1.0,0.005
Sys_VAR_ref_600,0.78,0.0,0.6200000000000001
Sys_VAR_ref_600,0.78,0.02,0.6200000000000001
Sys_VAR_ref_600,0.78,0.04,0.6200000000000001
Sys_VAR_ref_600,0.78,0.06,0.6200000000000001
Sys_VAR_ref_600,0.78,0.08,0.6200000000000001
Sys_VAR_ref_600,0.78,0.1,0.6200000000000001
Sys_VAR_ref_600,0.78,0.12,0.6200000000000001
Sys_VAR_ref_600,0.78,0.14,0.6200000000000001
Sys_VAR_ref_600,0.78,0.16,0.6200000000000001
Sys_VAR_ref_600,0.78,0.18,0.6200000000000001
Sys_VAR_ref_600,0.78,0.2,0.6200000000000001
Sys_VAR_ref_600,0.78,0.22,0.6200000000000001
Sys_VAR_ref_600,0.78,0.24,0.6200000000000001
Sys_VAR_ref_600,0.78,0.26,0.6166666666666667
Sys_VAR_ref_600,0.78,0.28,0.6166666666666667
Sys_VAR_ref_600,0.78,0.3,0.6099999999999999
Sys_VAR_ref_600,0.78,0.32,0.5483333333333331
Sys_VAR_ref_600,0.78,0.34,0.5416666666666664
Sys_VAR_ref_600,0.78,0.36,0.5399999999999997
Sys_VAR_ref_600,0.78,0.38,0.5349999999999998
Sys_VAR_ref_600,0.78,0.4,0.5333333333333331
Sys_VAR_ref_600,0.78,0.42,0.5149999999999999
Sys_VAR_ref_600,0.78,0.44,0.5083333333333332
Sys_VAR_ref_600,0.78,0.46,0.5033333333333333
Sys_VAR_ref_600,0.78,0.48,0.4883333333333333
Sys_VAR_ref_600,0.78,0.5,0.4883333333333333
Sys_VAR_ref_600,0.78,0.52,0.4800000000000001
Sys_VAR_ref_600,0.78,0.54,0.4666666666666666
Sys_VAR_ref_600,0.78,0.56,0.45166666666666655
Sys_VAR_ref_600,0.78,0.58,0.42333333333333334
Sys_VAR_ref_600,0.78,0.6,0.40333333333333343
Sys_VAR_ref_600,0.78,0.62,0.3766666666666667
Sys_VAR_ref_600,0.78,0.64,0.3500000000000001
Sys_VAR_ref_600,0.78,0.66,0.33833333333333326
Sys_VAR_ref_600,0.78,0.68,0.3066666666666667
Sys_VAR_ref_600,0.78,0.7,0.2749999999999999
Sys_VAR_ref_600,0.78,0.72,0.24666666666666665
Sys_VAR_ref_600,0.78,0.74,0.21999999999999997
Sys_VAR_ref_600,0.78,0.76,0.15833333333333327
Sys_VAR_ref_600,0.78,0.78,0.12666666666666665
Sys_VAR_ref_600,0.78,0.8,0.11166666666666666
Sys_VAR_ref_600,0.78,0.82,0.09499999999999999
Sys_VAR_ref_600,0.78,0.84,0.06333333333333335
Sys_VAR_ref_600,0.78,0.86,0.055
Sys_VAR_ref_600,0.78,0.88,0.05333333333333333
Sys_VAR_ref_600,0.78,0.9,0.045
Sys_VAR_ref_600,0.78,0.92,0.03666666666666665
Sys_VAR_ref_600,0.78,0.94,0.029999999999999995
Sys_VAR_ref_600,0.78,0.96,0.029999999999999995
Sys_VAR_ref_600,0.78,0.98,0.013333333333333332
Sys_VAR_ref_600,0.78,1.0,0.005
Sys_VAR_ref_600,0.8,0.0,0.5916666666666667
Sys_VAR_ref_600,0.8,0.02,0.5916666666666667
Sys_VAR_ref_600,0.8,0.04,0.5916666666666667
Sys_VAR_ref_600,0.8,0.06,0.5916666666666667
Sys_VAR_ref_600,0.8,0.08,0.5916666666666667
Sys_VAR_ref_600,0.8,0.1,0.5916666666666667
Sys_VAR_ref_600,0.8,0.12,0.5916666666666667
Sys_VAR_ref_600,0.8,0.14,0.5916666666666667
Sys_VAR_ref_600,0.8,0.16,0.5916666666666667
Sys_VAR_ref_600,0.8,0.18,0.5916666666666667
Sys_VAR_ref_600,0.8,0.2,0.5916666666666667
Sys_VAR_ref_600,0.8,0.22,0.5916666666666667
Sys_VAR_ref_600,0.8,0.24,0.5916666666666667
Sys_VAR_ref_600,0.8,0.26,0.5883333333333333
Sys_VAR_ref_600,0.8,0.28,0.5883333333333333
Sys_VAR_ref_600,0.8,0.3,0.5816666666666666
Sys_VAR_ref_600,0.8,0.32,0.5266666666666665
Sys_VAR_ref_600,0.8,0.34,0.5199999999999999
Sys_VAR_ref_600,0.8,0.36,0.5183333333333332
Sys_VAR_ref_600,0.8,0.38,0.5149999999999999
Sys_VAR_ref_600,0.8,0.4,0.5149999999999999
Sys_VAR_ref_600,0.8,0.42,0.49833333333333324
Sys_VAR_ref_600,0.8,0.44,0.4949999999999999
Sys_VAR_ref_600,0.8,0.46,0.4916666666666666
Sys_VAR_ref_600,0.8,0.48,0.47666666666666657
Sys_VAR_ref_600,0.8,0.5,0.47666666666666657
Sys_VAR_ref_600,0.8,0.52,0.4683333333333334
Sys_VAR_ref_600,0.8,0.54,0.4549999999999999
Sys_VAR_ref_600,0.8,0.56,0.4433333333333333
Sys_VAR_ref_600,0.8,0.58,0.415
Sys_VAR_ref_600,0.8,0.6,0.3950000000000001
Sys_VAR_ref_600,0.8,0.62,0.36999999999999994
Sys_VAR_ref_600,0.8,0.64,0.3433333333333334
Sys_VAR_ref_600,0.8,0.66,0.33333333333333337
Sys_VAR_ref_600,0.8,0.68,0.30333333333333334
Sys_VAR_ref_600,0.8,0.7,0.27333333333333326
Sys_VAR_ref_600,0.8,0.72,0.24666666666666665
Sys_VAR_ref_600,0.8,0.74,0.21999999999999997
Sys_VAR_ref_600,0.8,0.76,0.15833333333333327
Sys_VAR_ref_600,0.8,0.78,0.12666666666666665
Sys_VAR_ref_600,0.8,0.8,0.11166666666666666
Sys_VAR_ref_600,0.8,0.82,0.09499999999999999
Sys_VAR_ref_600,0.8,0.84,0.06333333333333335
Sys_VAR_ref_600,0.8,0.86,0.055
Sys_VAR_ref_600,0.8,0.88,0.05333333333333333
Sys_VAR_ref_600,0.8,0.9,0.045
Sys_VAR_ref_600,0.8,0.92,0.03666666666666665
Sys_VAR_ref_600,0.8,0.94,0.029999999999999995
Sys_VAR_ref_600,0.8,0.96,0.029999999999999995
Sys_VAR_ref_600,0.8,0.98,0.013333333333333332
Sys_VAR_ref_600,0.8,1.0,0.005
Sys_VAR_ref_600,0.82,0.0,0.5616666666666666
Sys_VAR_ref_600,0.82,0.02,0.5616666666666666
Sys_VAR_ref_600,0.82,0.04,0.5616666666666666
Sys_VAR_ref_600,0.82,0.06,0.5616666666666666
Sys_VAR_ref_600,0.82,0.08,0.5616666666666666
Sys_VAR_ref_600,0.82,0.1,0.5616666666666666
Sys_VAR_ref_600,0.82,0.12,0.5616666666666666
Sys_VAR_ref_600,0.82,0.14,0.5616666666666666
Sys_VAR_ref_600,0.82,0.16,0.5616666666666666
Sys_VAR_ref_600,0.82,0.18,0.5616666666666666
Sys_VAR_ref_600,0.82,0.2,0.5616666666666666
Sys_VAR_ref_600,0.82,0.22,0.5616666666666666
Sys_VAR_ref_600,0.82,0.24,0.5616666666666666
Sys_VAR_ref_600,0.82,0.26,0.5583333333333332
Sys_VAR_ref_600,0.82,0.28,0.5583333333333332
Sys_VAR_ref_600,0.82,0.3,0.5516666666666665
Sys_VAR_ref_600,0.82,0.32,0.4966666666666666
Sys_VAR_ref_600,0.82,0.34,0.49166666666666664
Sys_VAR_ref_600,0.82,0.36,0.48999999999999994
Sys_VAR_ref_600,0.82,0.38,0.4883333333333333
Sys_VAR_ref_600,0.82,0.4,0.4883333333333333
Sys_VAR_ref_600,0.82,0.42,0.4783333333333333
Sys_VAR_ref_600,0.82,0.44,0.4749999999999999
Sys_VAR_ref_600,0.82,0.46,0.47166666666666657
Sys_VAR_ref_600,0.82,0.48,0.45666666666666655
Sys_VAR_ref_600,0.82,0.5,0.45666666666666655
Sys_VAR_ref_600,0.82,0.52,0.4533333333333333
Sys_VAR_ref_600,0.82,0.54,0.4416666666666667
Sys_VAR_ref_600,0.82,0.56,0.43
Sys_VAR_ref_600,0.82,0.58,0.40833333333333344
Sys_VAR_ref_600,0.82,0.6,0.38833333333333336
Sys_VAR_ref_600,0.82,0.62,0.3633333333333333
Sys_VAR_ref_600,0.82,0.64,0.34
Sys_VAR_ref_600,0.82,0.66,0.33
Sys_VAR_ref_600,0.82,0.68,0.3
Sys_VAR_ref_600,0.82,0.7,0.2699999999999999
Sys_VAR_ref_600,0.82,0.72,0.2433333333333333
Sys_VAR_ref_600,0.82,0.74,0.21666666666666662
Sys_VAR_ref_600,0.82,0.76,0.15666666666666662
Sys_VAR_ref_600,0.82,0.78,0.12499999999999999
Sys_VAR_ref_600,0.82,0.8,0.11
Sys_VAR_ref_600,0.82,0.82,0.09333333333333332
Sys_VAR_ref_600,0.82,0.84,0.06166666666666669
Sys_VAR_ref_600,0.82,0.86,0.05333333333333333
Sys_VAR_ref_600,0.82,0.88,0.05166666666666666
Sys_VAR_ref_600,0.82,0.9,0.04333333333333333
Sys_VAR_ref_600,0.82,0.92,0.03499999999999999
Sys_VAR_ref_600,0.82,0.94,0.029999999999999995
Sys_VAR_ref_600,0.82,0.96,0.029999999999999995
Sys_VAR_ref_600,0.82,0.98,0.013333333333333332
Sys_VAR_ref_600,0.82,1.0,0.005
Sys_VAR_ref_600,0.84,0.0,0.5266666666666666
Sys_VAR_ref_600,0.84,0.02,0.5266666666666666
Sys_VAR_ref_600,0.84,0.04,0.5266666666666666
Sys_VAR_ref_600,0.84,0.06,0.5266666666666666
Sys_VAR_ref_600,0.84,0.08,0.5266666666666666
Sys_VAR_ref_600,0.84,0.1,0.5266666666666666
Sys_VAR_ref_600,0.84,0.12,0.5266666666666666
Sys_VAR_ref_600,0.84,0.14,0.5266666666666666
Sys_VAR_ref_600,0.84,0.16,0.5266666666666666
Sys_VAR_ref_600,0.84,0.18,0.5266666666666666
Sys_VAR_ref_600,0.84,0.2,0.5266666666666666
Sys_VAR_ref_600,0.84,0.22,0.5266666666666666
Sys_VAR_ref_600,0.84,0.24,0.5266666666666666
Sys_VAR_ref_600,0.84,0.26,0.5266666666666666
Sys_VAR_ref_600,0.84,0.28,0.5266666666666666
Sys_VAR_ref_600,0.84,0.3,0.5216666666666666
Sys_VAR_ref_600,0.84,0.32,0.475
Sys_VAR_ref_600,0.84,0.34,0.4716666666666666
Sys_VAR_ref_600,0.84,0.36,0.4716666666666666
Sys_VAR_ref_600,0.84,0.38,0.47
Sys_VAR_ref_600,0.84,0.4,0.47
Sys_VAR_ref_600,0.84,0.42,0.46
Sys_VAR_ref_600,0.84,0.44,0.45666666666666655
Sys_VAR_ref_600,0.84,0.46,0.4533333333333333
Sys_VAR_ref_600,0.84,0.48,0.4416666666666667
Sys_VAR_ref_600,0.84,0.5,0.4416666666666667
Sys_VAR_ref_600,0.84,0.52,0.43833333333333335
Sys_VAR_ref_600,0.84,0.54,0.4266666666666667
Sys_VAR_ref_600,0.84,0.56,0.41666666666666674
Sys_VAR_ref_600,0.84,0.58,0.3966666666666668
Sys_VAR_ref_600,0.84,0.6,0.37833333333333335
Sys_VAR_ref_600,0.84,0.62,0.35333333333333333
Sys_VAR_ref_600,0.84,0.64,0.3316666666666667
Sys_VAR_ref_600,0.84,0.66,0.32166666666666666
Sys_VAR_ref_600,0.84,0.68,0.29166666666666663
Sys_VAR_ref_600,0.84,0.7,0.2633333333333333
Sys_VAR_ref_600,0.84,0.72,0.23999999999999994
Sys_VAR_ref_600,0.84,0.74,0.21499999999999997
Sys_VAR_ref_600,0.84,0.76,0.15666666666666662
Sys_VAR_ref_600,0.84,0.78,0.12499999999999999
Sys_VAR_ref_600,0.84,0.8,0.11
Sys_VAR_ref_600,0.84,0.82,0.09333333333333332
Sys_VAR_ref_600,0.84,0.84,0.06166666666666669
Sys_VAR_ref_600,0.84,0.86,0.05333333333333333
Sys_VAR_ref_600,0.84,0.88,0.05166666666666666
Sys_VAR_ref_600,0.84,0.9,0.04333333333333333
Sys_VAR_ref_600,0.84,0.92,0.03499999999999999
Sys_VAR_ref_600,0.84,0.94,0.029999999999999995
Sys_VAR_ref_600,0.84,0.96,0.029999999999999995
Sys_VAR_ref_600,0.84,0.98,0.013333333333333332
Sys_VAR_ref_600,0.84,1.0,0.005
Sys_VAR_ref_600,0.86,0.0,0.48833333333333323
Sys_VAR_ref_600,0.86,0.02,0.48833333333333323
Sys_VAR_ref_600,0.86,0.04,0.48833333333333323
Sys_VAR_ref_600,0.86,0.06,0.48833333333333323
Sys_VAR_ref_600,0.86,0.08,0.48833333333333323
Sys_VAR_ref_600,0.86,0.1,0.48833333333333323
Sys_VAR_ref_600,0.86,0.12,0.48833333333333323
Sys_VAR_ref_600,0.86,0.14,0.48833333333333323
Sys_VAR_ref_600,0.86,0.16,0.48833333333333323
Sys_VAR_ref_600,0.86,0.18,0.48833333333333323
Sys_VAR_ref_600,0.86,0.2,0.48833333333333323
Sys_VAR_ref_600,0.86,0.22,0.48833333333333323
Sys_VAR_ref_600,0.86,0.24,0.48833333333333323
Sys_VAR_ref_600,0.86,0.26,0.48833333333333323
Sys_VAR_ref_600,0.86,0.28,0.48833333333333323
Sys_VAR_ref_600,0.86,0.3,0.4866666666666665
Sys_VAR_ref_600,0.86,0.32,0.44999999999999996
Sys_VAR_ref_600,0.86,0.34,0.44666666666666666
Sys_VAR_ref_600,0.86,0.36,0.44666666666666666
Sys_VAR_ref_600,0.86,0.38,0.445
Sys_VAR_ref_600,0.86,0.4,0.445
Sys_VAR_ref_600,0.86,0.42,0.43500000000000005
Sys_VAR_ref_600,0.86,0.44,0.4316666666666667
Sys_VAR_ref_600,0.86,0.46,0.42833333333333334
Sys_VAR_ref_600,0.86,0.48,0.41833333333333333
Sys_VAR_ref_600,0.86,0.5,0.41833333333333333
Sys_VAR_ref_600,0.86,0.52,0.4150000000000001
Sys_VAR_ref_600,0.86,0.54,0.4050000000000001
Sys_VAR_ref_600,0.86,0.56,0.3966666666666667
Sys_VAR_ref_600,0.86,0.58,0.37833333333333335
Sys_VAR_ref_600,0.86,0.6,0.3616666666666667
Sys_VAR_ref_600,0.86,0.62,0.33833333333333343
Sys_VAR_ref_600,0.86,0.64,0.31666666666666665
Sys_VAR_ref_600,0.86,0.66,0.30833333333333335
Sys_VAR_ref_600,0.86,0.68,0.2816666666666666
Sys_VAR_ref_600,0.86,0.7,0.2533333333333333
Sys_VAR_ref_600,0.86,0.72,0.2316666666666666
Sys_VAR_ref_600,0.86,0.74,0.2083333333333333
Sys_VAR_ref_600,0.86,0.76,0.15499999999999994
Sys_VAR_ref_600,0.86,0.78,0.12499999999999999
Sys_VAR_ref_600,0.86,0.8,0.11
Sys_VAR_ref_600,0.86,0.82,0.09333333333333332
Sys_VAR_ref_600,0.86,0.84,0.06166666666666669
Sys_VAR_ref_600,0.86,0.86,0.05333333333333333
Sys_VAR_ref_600,0.86,0.88,0.05166666666666666
Sys_VAR_ref_600,0.86,0.9,0.04333333333333333
Sys_VAR_ref_600,0.86,0.92,0.03499999999999999
Sys_VAR_ref_600,0.86,0.94,0.029999999999999995
Sys_VAR_ref_600,0.86,0.96,0.029999999999999995
Sys_VAR_ref_600,0.86,0.98,0.013333333333333332
Sys_VAR_ref_600,0.86,1.0,0.005
Sys_VAR_ref_600,0.88,0.0,0.445
Sys_VAR_ref_600,0.88,0.02,0.445
Sys_VAR_ref_600,0.88,0.04,0.445
Sys_VAR_ref_600,0.88,0.06,0.445
Sys_VAR_ref_600,0.88,0.08,0.445
Sys_VAR_ref_600,0.88,0.1,0.445
Sys_VAR_ref_600,0.88,0.12,0.445
Sys_VAR_ref_600,0.88,0.14,0.445
Sys_VAR_ref_600,0.88,0.16,0.445
Sys_VAR_ref_600,0.88,0.18,0.445
Sys_VAR_ref_600,0.88,0.2,0.445
Sys_VAR_ref_600,0.88,0.22,0.445
Sys_VAR_ref_600,0.88,0.24,0.445
Sys_VAR_ref_600,0.88,0.26,0.445
Sys_VAR_ref_600,0.88,0.28,0.445
Sys_VAR_ref_600,0.88,0.3,0.44333333333333336
Sys_VAR_ref_600,0.88,0.32,0.4150000000000001
Sys_VAR_ref_600,0.88,0.34,0.41166666666666674
Sys_VAR_ref_600,0.88,0.36,0.41166666666666674
Sys_VAR_ref_600,0.88,0.38,0.4100000000000001
Sys_VAR_ref_600,0.88,0.4,0.4100000000000001
Sys_VAR_ref_600,0.88,0.42,0.4016666666666666
Sys_VAR_ref_600,0.88,0.44,0.39833333333333326
Sys_VAR_ref_600,0.88,0.46,0.395
Sys_VAR_ref_600,0.88,0.48,0.385
Sys_VAR_ref_600,0.88,0.5,0.385
Sys_VAR_ref_600,0.88,0.52,0.38166666666666665
Sys_VAR_ref_600,0.88,0.54,0.3733333333333333
Sys_VAR_ref_600,0.88,0.56,0.36499999999999994
Sys_VAR_ref_600,0.88,0.58,0.3483333333333335
Sys_VAR_ref_600,0.88,0.6,0.3316666666666668
Sys_VAR_ref_600,0.88,0.62,0.31000000000000005
Sys_VAR_ref_600,0.88,0.64,0.29166666666666663
Sys_VAR_ref_600,0.88,0.66,0.2833333333333333
Sys_VAR_ref_600,0.88,0.68,0.26166666666666666
Sys_VAR_ref_600,0.88,0.7,0.23499999999999996
Sys_VAR_ref_600,0.88,0.72,0.2183333333333333
Sys_VAR_ref_600,0.88,0.74,0.19666666666666657
Sys_VAR_ref_600,0.88,0.76,0.14833333333333326
Sys_VAR_ref_600,0.88,0.78,0.11833333333333335
Sys_VAR_ref_600,0.88,0.8,0.10666666666666667
Sys_VAR_ref_600,0.88,0.82,0.09
Sys_VAR_ref_600,0.88,0.84,0.06000000000000001
Sys_VAR_ref_600,0.88,0.86,0.05333333333333333
Sys_VAR_ref_600,0.88,0.88,0.05166666666666666
Sys_VAR_ref_600,0.88,0.9,0.04333333333333333
Sys_VAR_ref_600,0.88,0.92,0.03499999999999999
Sys_VAR_ref_600,0.88,0.94,0.029999999999999995
Sys_VAR_ref_600,0.88,0.96,0.029999999999999995
Sys_VAR_ref_600,0.88,0.98,0.013333333333333332
Sys_VAR_ref_600,0.88,1.0,0.005
Sys_VAR_ref_600,0.9,0.0,0.4083333333333334
Sys_VAR_ref_600,0.9,0.02,0.4083333333333334
Sys_VAR_ref_600,0.9,0.04,0.4083333333333334
Sys_VAR_ref_600,0.9,0.06,0.4083333333333334
Sys_VAR_ref_600,0.9,0.08,0.4083333333333334
Sys_VAR_ref_600,0.9,0.1,0.4083333333333334
Sys_VAR_ref_600,0.9,0.12,0.4083333333333334
Sys_VAR_ref_600,0.9,0.14,0.4083333333333334
Sys_VAR_ref_600,0.9,0.16,0.4083333333333334
Sys_VAR_ref_600,0.9,0.18,0.4083333333333334
Sys_VAR_ref_600,0.9,0.2,0.4083333333333334
Sys_VAR_ref_600,0.9,0.22,0.4083333333333334
Sys_VAR_ref_600,0.9,0.24,0.4083333333333334
Sys_VAR_ref_600,0.9,0.26,0.4083333333333334
Sys_VAR_ref_600,0.9,0.28,0.4083333333333334
Sys_VAR_ref_600,0.9,0.3,0.4066666666666666
Sys_VAR_ref_600,0.9,0.32,0.38499999999999995
Sys_VAR_ref_600,0.9,0.34,0.3816666666666666
Sys_VAR_ref_600,0.9,0.36,0.3816666666666666
Sys_VAR_ref_600,0.9,0.38,0.37999999999999984
Sys_VAR_ref_600,0.9,0.4,0.37999999999999984
Sys_VAR_ref_600,0.9,0.42,0.37499999999999983
Sys_VAR_ref_600,0.9,0.44,0.3716666666666665
Sys_VAR_ref_600,0.9,0.46,0.36833333333333323
Sys_VAR_ref_600,0.9,0.48,0.3583333333333333
Sys_VAR_ref_600,0.9,0.5,0.3583333333333333
Sys_VAR_ref_600,0.9,0.52,0.35666666666666663
Sys_VAR_ref_600,0.9,0.54,0.3483333333333334
Sys_VAR_ref_600,0.9,0.56,0.34166666666666673
Sys_VAR_ref_600,0.9,0.58,0.3250000000000001
Sys_VAR_ref_600,0.9,0.6,0.31166666666666676
Sys_VAR_ref_600,0.9,0.62,0.29333333333333345
Sys_VAR_ref_600,0.9,0.64,0.28
Sys_VAR_ref_600,0.9,0.66,0.2733333333333334
Sys_VAR_ref_600,0.9,0.68,0.25333333333333335
Sys_VAR_ref_600,0.9,0.7,0.22833333333333328
Sys_VAR_ref_600,0.9,0.72,0.215
Sys_VAR_ref_600,0.9,0.74,0.19333333333333327
Sys_VAR_ref_600,0.9,0.76,0.14499999999999993
Sys_VAR_ref_600,0.9,0.78,0.11666666666666668
Sys_VAR_ref_600,0.9,0.8,0.10500000000000002
Sys_VAR_ref_600,0.9,0.82,0.08833333333333332
Sys_VAR_ref_600,0.9,0.84,0.06000000000000001
Sys_VAR_ref_600,0.9,0.86,0.05333333333333333
Sys_VAR_ref_600,0.9,0.88,0.05166666666666666
Sys_VAR_ref_600,0.9,0.9,0.04333333333333333
Sys_VAR_ref_600,0.9,0.92,0.03499999999999999
Sys_VAR_ref_600,0.9,0.94,0.029999999999999995
Sys_VAR_ref_600,0.9,0.96,0.029999999999999995
Sys_VAR_ref_600,0.9,0.98,0.013333333333333332
Sys_VAR_ref_600,0.9,1.0,0.005
Sys_VAR_ref_600,0.92,0.0,0.3633333333333333
Sys_VAR_ref_600,0.92,0.02,0.3633333333333333
Sys_VAR_ref_600,0.92,0.04,0.3633333333333333
Sys_VAR_ref_600,0.92,0.06,0.3633333333333333
Sys_VAR_ref_600,0.92,0.08,0.3633333333333333
Sys_VAR_ref_600,0.92,0.1,0.3633333333333333
Sys_VAR_ref_600,0.92,0.12,0.3633333333333333
Sys_VAR_ref_600,0.92,0.14,0.3633333333333333
Sys_VAR_ref_600,0.92,0.16,0.3633333333333333
Sys_VAR_ref_600,0.92,0.18,0.3633333333333333
Sys_VAR_ref_600,0.92,0.2,0.3633333333333333
Sys_VAR_ref_600,0.92,0.22,0.3633333333333333
Sys_VAR_ref_600,0.92,0.24,0.3633333333333333
Sys_VAR_ref_600,0.92,0.26,0.3633333333333333
Sys_VAR_ref_600,0.92,0.28,0.3633333333333333
Sys_VAR_ref_600,0.92,0.3,0.36166666666666664
Sys_VAR_ref_600,0.92,0.32,0.3500000000000001
Sys_VAR_ref_600,0.92,0.34,0.3466666666666668
Sys_VAR_ref_600,0.92,0.36,0.3466666666666668
Sys_VAR_ref_600,0.92,0.38,0.3450000000000001
Sys_VAR_ref_600,0.92,0.4,0.3450000000000001
Sys_VAR_ref_600,0.92,0.42,0.3400000000000001
Sys_VAR_ref_600,0.92,0.44,0.3383333333333334
Sys_VAR_ref_600,0.92,0.46,0.3366666666666667
Sys_VAR_ref_600,0.92,0.48,0.3283333333333334
Sys_VAR_ref_600,0.92,0.5,0.3283333333333334
Sys_VAR_ref_600,0.92,0.52,0.32666666666666677
Sys_VAR_ref_600,0.92,0.54,0.32000000000000006
Sys_VAR_ref_600,0.92,0.56,0.3133333333333334
Sys_VAR_ref_600,0.92,0.58,0.29833333333333345
Sys_VAR_ref_600,0.92,0.6,0.2900000000000001
Sys_VAR_ref_600,0.92,0.62,0.2733333333333333
Sys_VAR_ref_600,0.92,0.64,0.2633333333333333
Sys_VAR_ref_600,0.92,0.66,0.25666666666666665
Sys_VAR_ref_600,0.92,0.68,0.2366666666666667
Sys_VAR_ref_600,0.92,0.7,0.21333333333333332
Sys_VAR_ref_600,0.92,0.72,0.2016666666666667
Sys_VAR_ref_600,0.92,0.74,0.18
Sys_VAR_ref_600,0.92,0.76,0.13499999999999998
Sys_VAR_ref_600,0.92,0.78,0.11333333333333334
Sys_VAR_ref_600,0.92,0.8,0.10166666666666668
Sys_VAR_ref_600,0.92,0.82,0.085
Sys_VAR_ref_600,0.92,0.84,0.06000000000000001
Sys_VAR_ref_600,0.92,0.86,0.05333333333333333
Sys_VAR_ref_600,0.92,0.88,0.05166666666666666
Sys_VAR_ref_600,0.92,0.9,0.04333333333333333
Sys_VAR_ref_600,0.92,0.92,0.03499999999999999
Sys_VAR_ref_600,0.92,0.94,0.029999999999999995
Sys_VAR_ref_600,0.92,0.96,0.029999999999999995
Sys_VAR_ref_600,0.92,0.98,0.013333333333333332
Sys_VAR_ref_600,0.92,1.0,0.005
Sys_VAR_ref_600,0.94,0.0,0.28
Sys_VAR_ref_600,0.94,0.02,0.28
Sys_VAR_ref_600,0.94,0.04,0.28
Sys_VAR_ref_600,0.94,0.06,0.28
Sys_VAR_ref_600,0.94,0.08,0.28
Sys_VAR_ref_600,0.94,0.1,0.28
Sys_VAR_ref_600,0.94,0.12,0.28
Sys_VAR_ref_600,0.94,0.14,0.28
Sys_VAR_ref_600,0.94,0.16,0.28
Sys_VAR_ref_600,0.94,0.18,0.28
Sys_VAR_ref_600,0.94,0.2,0.28
Sys_VAR_ref_600,0.94,0.22,0.28
Sys_VAR_ref_600,0.94,0.24,0.28
Sys_VAR_ref_600,0.94,0.26,0.28
Sys_VAR_ref_600,0.94,0.28,0.28
Sys_VAR_ref_600,0.94,0.3,0.2783333333333334
Sys_VAR_ref_600,0.94,0.32,0.27
Sys_VAR_ref_600,0.94,0.34,0.2683333333333333
Sys_VAR_ref_600,0.94,0.36,0.2683333333333333
Sys_VAR_ref_600,0.94,0.38,0.26666666666666666
Sys_VAR_ref_600,0.94,0.4,0.26666666666666666
Sys_VAR_ref_600,0.94,0.42,0.265
Sys_VAR_ref_600,0.94,0.44,0.26333333333333336
Sys_VAR_ref_600,0.94,0.46,0.26166666666666666
Sys_VAR_ref_600,0.94,0.48,0.25666666666666665
Sys_VAR_ref_600,0.94,0.5,0.25666666666666665
Sys_VAR_ref_600,0.94,0.52,0.255
Sys_VAR_ref_600,0.94,0.54,0.24833333333333332
Sys_VAR_ref_600,0.94,0.56,0.24333333333333332
Sys_VAR_ref_600,0.94,0.58,0.23499999999999996
Sys_VAR_ref_600,0.94,0.6,0.23499999999999996
Sys_VAR_ref_600,0.94,0.62,0.22833333333333328
Sys_VAR_ref_600,0.94,0.64,0.2216666666666666
Sys_VAR_ref_600,0.94,0.66,0.21666666666666662
Sys_VAR_ref_600,0.94,0.68,0.19999999999999996
Sys_VAR_ref_600,0.94,0.7,0.18499999999999997
Sys_VAR_ref_600,0.94,0.72,0.17833333333333332
Sys_VAR_ref_600,0.94,0.74,0.15666666666666668
Sys_VAR_ref_600,0.94,0.76,0.11833333333333332
Sys_VAR_ref_600,0.94,0.78,0.09999999999999996
Sys_VAR_ref_600,0.94,0.8,0.09166666666666665
Sys_VAR_ref_600,0.94,0.82,0.07833333333333334
Sys_VAR_ref_600,0.94,0.84,0.05666666666666668
Sys_VAR_ref_600,0.94,0.86,0.05000000000000001
Sys_VAR_ref_600,0.94,0.88,0.04833333333333334
Sys_VAR_ref_600,0.94,0.9,0.04333333333333333
Sys_VAR_ref_600,0.94,0.92,0.03499999999999999
Sys_VAR_ref_600,0.94,0.94,0.029999999999999995
Sys_VAR_ref_600,0.94,0.96,0.029999999999999995
Sys_VAR_ref_600,0.94,0.98,0.013333333333333332
Sys_VAR_ref_600,0.94,1.0,0.005
Sys_VAR_ref_600,0.96,0.0,0.16166666666666665
Sys_VAR_ref_600,0.96,0.02,0.16166666666666665
Sys_VAR_ref_600,0.96,0.04,0.16166666666666665
Sys_VAR_ref_600,0.96,0.06,0.16166666666666665
Sys_VAR_ref_600,0.96,0.08,0.16166666666666665
Sys_VAR_ref_600,0.96,0.1,0.16166666666666665
Sys_VAR_ref_600,0.96,0.12,0.16166666666666665
Sys_VAR_ref_600,0.96,0.14,0.16166666666666665
Sys_VAR_ref_600,0.96,0.16,0.16166666666666665
Sys_VAR_ref_600,0.96,0.18,0.16166666666666665
Sys_VAR_ref_600,0.96,0.2,0.16166666666666665
Sys_VAR_ref_600,0.96,0.22,0.16166666666666665
Sys_VAR_ref_600,0.96,0.24,0.16166666666666665
Sys_VAR_ref_600,0.96,0.26,0.16166666666666665
Sys_VAR_ref_600,0.96,0.28,0.16166666666666665
Sys_VAR_ref_600,0.96,0.3,0.15999999999999998
Sys_VAR_ref_600,0.96,0.32,0.15499999999999997
Sys_VAR_ref_600,0.96,0.34,0.1533333333333333
Sys_VAR_ref_600,0.96,0.36,0.1533333333333333
Sys_VAR_ref_600,0.96,0.38,0.15166666666666664
Sys_VAR_ref_600,0.96,0.4,0.15166666666666664
Sys_VAR_ref_600,0.96,0.42,0.15
Sys_VAR_ref_600,0.96,0.44,0.15
Sys_VAR_ref_600,0.96,0.46,0.15
Sys_VAR_ref_600,0.96,0.48,0.14666666666666664
Sys_VAR_ref_600,0.96,0.5,0.14666666666666664
Sys_VAR_ref_600,0.96,0.52,0.14666666666666664
Sys_VAR_ref_600,0.96,0.54,0.14666666666666664
Sys_VAR_ref_600,0.96,0.56,0.145
Sys_VAR_ref_600,0.96,0.58,0.1416666666666667
Sys_VAR_ref_600,0.96,0.6,0.1416666666666667
Sys_VAR_ref_600,0.96,0.62,0.13833333333333334
Sys_VAR_ref_600,0.96,0.64,0.13833333333333334
Sys_VAR_ref_600,0.96,0.66,0.13833333333333334
Sys_VAR_ref_600,0.96,0.68,0.13
Sys_VAR_ref_600,0.96,0.7,0.12666666666666665
Sys_VAR_ref_600,0.96,0.72,0.12666666666666665
Sys_VAR_ref_600,0.96,0.74,0.11166666666666666
Sys_VAR_ref_600,0.96,0.76,0.09333333333333334
Sys_VAR_ref_600,0.96,0.78,0.08333333333333331
Sys_VAR_ref_600,0.96,0.8,0.07666666666666667
Sys_VAR_ref_600,0.96,0.82,0.06333333333333335
Sys_VAR_ref_600,0.96,0.84,0.051666666666666666
Sys_VAR_ref_600,0.96,0.86,0.04666666666666667
Sys_VAR_ref_600,0.96,0.88,0.045
Sys_VAR_ref_600,0.96,0.9,0.039999999999999994
Sys_VAR_ref_600,0.96,0.92,0.03499999999999999
Sys_VAR_ref_600,0.96,0.94,0.029999999999999995
Sys_VAR_ref_600,0.96,0.96,0.029999999999999995
Sys_VAR_ref_600,0.96,0.98,0.013333333333333332
Sys_VAR_ref_600,0.96,1.0,0.005
Sys_VAR_ref_600,0.98,0.0,0.034999999999999996
Sys_VAR_ref_600,0.98,0.02,0.034999999999999996
Sys_VAR_ref_600,0.98,0.04,0.034999999999999996
Sys_VAR_ref_600,0.98,0.06,0.034999999999999996
Sys_VAR_ref_600,0.98,0.08,0.034999999999999996
Sys_VAR_ref_600,0.98,0.1,0.034999999999999996
Sys_VAR_ref_600,0.98,0.12,0.034999999999999996
Sys_VAR_ref_600,0.98,0.14,0.034999999999999996
Sys_VAR_ref_600,0.98,0.16,0.034999999999999996
Sys_VAR_ref_600,0.98,0.18,0.034999999999999996
Sys_VAR_ref_600,0.98,0.2,0.034999999999999996
Sys_VAR_ref_600,0.98,0.22,0.034999999999999996
Sys_VAR_ref_600,0.98,0.24,0.034999999999999996
Sys_VAR_ref_600,0.98,0.26,0.034999999999999996
Sys_VAR_ref_600,0.98,0.28,0.034999999999999996
Sys_VAR_ref_600,0.98,0.3,0.034999999999999996
Sys_VAR_ref_600,0.98,0.32,0.034999999999999996
Sys_VAR_ref_600,0.98,0.34,0.034999999999999996
Sys_VAR_ref_600,0.98,0.36,0.034999999999999996
Sys_VAR_ref_600,0.98,0.38,0.034999999999999996
Sys_VAR_ref_600,0.98,0.4,0.034999999999999996
Sys_VAR_ref_600,0.98,0.42,0.034999999999999996
Sys_VAR_ref_600,0.98,0.44,0.034999999999999996
Sys_VAR_ref_600,0.98,0.46,0.034999999999999996
Sys_VAR_ref_600,0.98,0.48,0.034999999999999996
Sys_VAR_ref_600,0.98,0.5,0.034999999999999996
Sys_VAR_ref_600,0.98,0.52,0.034999999999999996
Sys_VAR_ref_600,0.98,0.54,0.034999999999999996
Sys_VAR_ref_600,0.98,0.56,0.034999999999999996
Sys_VAR_ref_600,0.98,0.58,0.034999999999999996
Sys_VAR_ref_600,0.98,0.6,0.034999999999999996
Sys_VAR_ref_600,0.98,0.62,0.034999999999999996
Sys_VAR_ref_600,0.98,0.64,0.034999999999999996
Sys_VAR_ref_600,0.98,0.66,0.034999999999999996
Sys_VAR_ref_600,0.98,0.68,0.034999999999999996
Sys_VAR_ref_600,0.98,0.7,0.034999999999999996
Sys_VAR_ref_600,0.98,0.72,0.034999999999999996
Sys_VAR_ref_600,0.98,0.74,0.03333333333333333
Sys_VAR_ref_600,0.98,0.76,0.03333333333333333
Sys_VAR_ref_600,0.98,0.78,0.03333333333333333
Sys_VAR_ref_600,0.98,0.8,0.03333333333333333
Sys_VAR_ref_600,0.98,0.82,0.03333333333333333
Sys_VAR_ref_600,0.98,0.84,0.029999999999999995
Sys_VAR_ref_600,0.98,0.86,0.029999999999999995
Sys_VAR_ref_600,0.98,0.88,0.029999999999999995
Sys_VAR_ref_600,0.98,0.9,0.029999999999999995
Sys_VAR_ref_600,0.98,0.92,0.026666666666666665
Sys_VAR_ref_600,0.98,0.94,0.026666666666666665
Sys_VAR_ref_600,0.98,0.96,0.026666666666666665
Sys_VAR_ref_600,0.98,0.98,0.011666666666666665
Sys_VAR_ref_600,0.98,1.0,0.005
Sys_VAR_ref_600,1.0,0.0,0.005
Sys_VAR_ref_600,1.0,0.02,0.005
Sys_VAR_ref_600,1.0,0.04,0.005
Sys_VAR_ref_600,1.0,0.06,0.005
Sys_VAR_ref_600,1.0,0.08,0.005
Sys_VAR_ref_600,1.0,0.1,0.005
Sys_VAR_ref_600,1.0,0.12,0.005
Sys_VAR_ref_600,1.0,0.14,0.005
Sys_VAR_ref_600,1.0,0.16,0.005
Sys_VAR_ref_600,1.0,0.18,0.005
Sys_VAR_ref_600,1.0,0.2,0.005
Sys_VAR_ref_600,1.0,0.22,0.005
Sys_VAR_ref_600,1.0,0.24,0.005
Sys_VAR_ref_600,1.0,0.26,0.005
Sys_VAR_ref_600,1.0,0.28,0.005
Sys_VAR_ref_600,1.0,0.3,0.005
Sys_VAR_ref_600,1.0,0.32,0.005
Sys_VAR_ref_600,1.0,0.34,0.005
Sys_VAR_ref_600,1.0,0.36,0.005
Sys_VAR_ref_600,1.0,0.38,0.005
Sys_VAR_ref_600,1.0,0.4,0.005
Sys_VAR_ref_600,1.0,0.42,0.005
Sys_VAR_ref_600,1.0,0.44,0.005
Sys_VAR_ref_600,1.0,0.46,0.005
Sys_VAR_ref_600,1.0,0.48,0.005
Sys_VAR_ref_600,1.0,0.5,0.005
Sys_VAR_ref_600,1.0,0.52,0.005
Sys_VAR_ref_600,1.0,0.54,0.005
Sys_VAR_ref_600,1.0,0.56,0.005
Sys_VAR_ref_600,1.0,0.58,0.005
Sys_VAR_ref_600,1.0,0.6,0.005
Sys_VAR_ref_600,1.0,0.62,0.005
Sys_VAR_ref_600,1.0,0.64,0.005
Sys_VAR_ref_600,1.0,0.66,0.005
Sys_VAR_ref_600,1.0,0.68,0.005
Sys_VAR_ref_600,1.0,0.7,0.005
Sys_VAR_ref_600,1.0,0.72,0.005
Sys_VAR_ref_600,1.0,0.74,0.005
Sys_VAR_ref_600,1.0,0.76,0.005
Sys_VAR_ref_600,1.0,0.78,0.005
Sys_VAR_ref_600,1.0,0.8,0.005
Sys_VAR_ref_600,1.0,0.82,0.005
Sys_VAR_ref_600,1.0,0.84,0.005
Sys_VAR_ref_600,1.0,0.86,0.005
Sys_VAR_ref_600,1.0,0.88,0.005
Sys_VAR_ref_600,1.0,0.9,0.005
Sys_VAR_ref_600,1.0,0.92,0.005
Sys_VAR_ref_600,1.0,0.94,0.005
Sys_VAR_ref_600,1.0,0.96,0.005
Sys_VAR_ref_600,1.0,0.98,0.005
Sys_VAR_ref_600,1.0,1.0,0.005
Human_VAR_600,0.0,0.0,1.0
Human_VAR_600,0.0,0.02,1.0
Human_VAR_600,0.0,0.04,1.0
Human_VAR_600,0.0,0.06,1.0
Human_VAR_600,0.0,0.08,0.9966666666666667
Human_VAR_600,0.0,0.1,0.9966666666666667
Human_VAR_600,0.0,0.12,0.9966666666666667
Human_VAR_600,0.0,0.14,0.9966666666666667
Human_VAR_600,0.0,0.16,0.9966666666666667
Human_VAR_600,0.0,0.18,0.9966666666666667
Human_VAR_600,0.0,0.2,0.9966666666666667
Human_VAR_600,0.0,0.22,0.945
Human_VAR_600,0.0,0.24,0.945
Human_VAR_600,0.0,0.26,0.945
Human_VAR_600,0.0,0.28,0.9150000000000003
Human_VAR_600,0.0,0.3,0.9150000000000003
Human_VAR_600,0.0,0.32,0.9150000000000003
Human_VAR_600,0.0,0.34,0.8800000000000004
Human_VAR_600,0.0,0.36,0.8800000000000004
Human_VAR_600,0.0,0.38,0.8800000000000004
Human_VAR_600,0.0,0.4,0.8766666666666671
Human_VAR_600,0.0,0.42,0.7616666666666668
Human_VAR_600,0.0,0.44,0.7616666666666668
Human_VAR_600,0.0,0.46,0.7616666666666668
Human_VAR_600,0.0,0.48,0.6800000000000002
Human_VAR_600,0.0,0.5,0.6800000000000002
Human_VAR_600,0.0,0.52,0.6800000000000002
Human_VAR_600,0.0,0.54,0.5850000000000002
Human_VAR_600,0.0,0.56,0.5850000000000002
Human_VAR_600,0.0,0.58,0.5850000000000002
Human_VAR_600,0.0,0.6,0.5850000000000002
Human_VAR_600,0.0,0.62,0.47
Human_VAR_600,0.0,0.64,0.47
Human_VAR_600,0.0,0.66,0.47
Human_VAR_600,0.0,0.68,0.3616666666666668
Human_VAR_600,0.0,0.7,0.3616666666666668
Human_VAR_600,0.0,0.72,0.3616666666666668
Human_VAR_600,0.0,0.74,0.30833333333333335
Human_VAR_600,0.0,0.76,0.30833333333333335
Human_VAR_600,0.0,0.78,0.30833333333333335
Human_VAR_600,0.0,0.8,0.2966666666666667
Human_VAR_600,0.0,0.82,0.12000000000000002
Human_VAR_600,0.0,0.84,0.12000000000000002
Human_VAR_600,0.0,0.86,0.12000000000000002
Human_VAR_600,0.0,0.88,0.07333333333333335
Human_VAR_600,0.0,0.9,0.07333333333333335
Human_VAR_600,0.0,0.92,0.07333333333333335
Human_VAR_600,0.0,0.94,0.046666666666666655
Human_VAR_600,0.0,0.96,0.046666666666666655
Human_VAR_600,0.0,0.98,0.046666666666666655
Human_VAR_600,0.0,1.0,0.046666666666666655
Human_VAR_600,0.02,0.0,0.9633333333333333
Human_VAR_600,0.02,0.02,0.9633333333333333
Human_VAR_600,0.02,0.04,0.9633333333333333
Human_VAR_600,0.02,0.06,0.9633333333333333
Human_VAR_600,0.02,0.08,0.9616666666666667
Human_VAR_600,0.02,0.1,0.9616666666666667
Human_VAR_600,0.02,0.12,0.9616666666666667
Human_VAR_600,0.02,0.14,0.9616666666666667
Human_VAR_600,0.02,0.16,0.9616666666666667
Human_VAR_600,0.02,0.18,0.9616666666666667
Human_VAR_600,0.02,0.2,0.9616666666666667
Human_VAR_600,0.02,0.22,0.92
Human_VAR_600,0.02,0.24,0.92
Human_VAR_600,0.02,0.26,0.92
Human_VAR_600,0.02,0.28,0.8950000000000001
Human_VAR_600,0.02,0.3,0.8950000000000001
Human_VAR_600,0.02,0.32,0.8950000000000001
Human_VAR_600,0.02,0.34,0.8616666666666671
Human_VAR_600,0.02,0.36,0.8616666666666671
Human_VAR_600,0.02,0.38,0.8616666666666671
Human_VAR_600,0.02,0.4,0.8583333333333337
Human_VAR_600,0.02,0.42,0.7516666666666666
Human_VAR_600,0.02,0.44,0.7516666666666666
Human_VAR_600,0.02,0.46,0.7516666666666666
Human_VAR_600,0.02,0.48,0.67
Human_VAR_600,0.02,0.5,0.67
Human_VAR_600,0.02,0.52,0.67
Human_VAR_600,0.02,0.54,0.5750000000000002
Human_VAR_600,0.02,0.56,0.5750000000000002
Human_VAR_600,0.02,0.58,0.5750000000000002
Human_VAR_600,0.02,0.6,0.5750000000000002
Human_VAR_600,0.02,0.62,0.4616666666666667
Human_VAR_600,0.02,0.64,0.4616666666666667
Human_VAR_600,0.02,0.66,0.4616666666666667
Human_VAR_600,0.02,0.68,0.3550000000000002
Human_VAR_600,0.02,0.7,0.3550000000000002
Human_VAR_600,0.02,0.72,0.3550000000000002
Human_VAR_600,0.02,0.74,0.30333333333333334
Human_VAR_600,0.02,0.76,0.30333333333333334
Human_VAR_600,0.02,0.78,0.30333333333333334
Human_VAR_600,0.02,0.8,0.29166666666666674
Human_VAR_600,0.02,0.82,0.115
Human_VAR_600,0.02,0.84,0.115
Human_VAR_600,0.02,0.86,0.115
Human_VAR_600,0.02,0.88,0.06833333333333334
Human_VAR_600,0.02,0.9,0.06833333333333334
Human_VAR_600,0.02,0.92,0.06833333333333334
Human_VAR_600,0.02,0.94,0.04333333333333332
Human_VAR_600,0.02,0.96,0.04333333333333332
Human_VAR_600,0.02,0.98,0.04333333333333332
Human_VAR_600,0.02,1.0,0.04333333333333332
Human_VAR_600,0.04,0.0,0.9599999999999999
Human_VAR_600,0.04,0.02,0.9599999999999999
Human_VAR_600,0.04,0.04,0.9599999999999999
Human_VAR_600,0.04,0.06,0.9599999999999999
Human_VAR_600,0.04,0.08,0.9583333333333333
Human_VAR_600,0.04,0.1,0.9583333333333333
Human_VAR_600,0.04,0.12,0.9583333333333333
Human_VAR_600,0.04,0.14,0.9583333333333333
Human_VAR_600,0.04,0.16,0.9583333333333333
Human_VAR_600,0.04,0.18,0.9583333333333333
Human_VAR_600,0.04,0.2,0.9583333333333333
Human_VAR_600,0.04,0.22,0.9183333333333333
Human_VAR_600,0.04,0.24,0.9183333333333333
Human_VAR_600,0.04,0.26,0.9183333333333333
Human_VAR_600,0.04,0.28,0.8933333333333334
Human_VAR_600,0.04,0.3,0.8933333333333334
Human_VAR_600,0.04,0.32,0.8933333333333334
Human_VAR_600,0.04,0.34,0.8600000000000004
Human_VAR_600,0.04,0.36,0.8600000000000004
Human_VAR_600,0.04,0.38,0.8600000000000004
Human_VAR_600,0.04,0.4,0.856666666666667
Human_VAR_600,0.04,0.42,0.75
Human_VAR_600,0.04,0.44,0.75
Human_VAR_600,0.04,0.46,0.75
Human_VAR_600,0.04,0.48,0.6683333333333334
Human_VAR_600,0.04,0.5,0.6683333333333334
Human_VAR_600,0.04,0.52,0.6683333333333334
Human_VAR_600,0.04,0.54,0.5733333333333336
Human_VAR_600,0.04,0.56,0.5733333333333336
Human_VAR_600,0.04,0.58,0.5733333333333336
Human_VAR_600,0.04,0.6,0.5733333333333336
Human_VAR_600,0.04,0.62,0.46
Human_VAR_600,0.04,0.64,0.46
Human_VAR_600,0.04,0.66,0.46
Human_VAR_600,0.04,0.68,0.3550000000000002
Human_VAR_600,0.04,0.7,0.3550000000000002
Human_VAR_600,0.04,0.72,0.3550000000000002
Human_VAR_600,0.04,0.74,0.30333333333333334
Human_VAR_600,0.04,0.76,0.30333333333333334
Human_VAR_600,0.04,0.78,0.30333333333333334
Human_VAR_600,0.04,0.8,0.29166666666666674
Human_VAR_600,0.04,0.82,0.115
Human_VAR_600,0.04,0.84,0.115
Human_VAR_600,0.04,0.86,0.115
Human_VAR_600,0.04,0.88,0.06833333333333334
Human_VAR_600,0.04,0.9,0.06833333333333334
Human_VAR_600,0.04,0.92,0.06833333333333334
Human_VAR_600,0.04,0.94,0.04333333333333332
Human_VAR_600,0.04,0.96,0.04333333333333332
Human_VAR_600,0.04,0.98,0.04333333333333332
Human_VAR_600,0.04,1.0,0.04333333333333332
Human_VAR_600,0.06,0.0,0.9599999999999999
Human_VAR_600,0.06,0.02,0.9599999999999999
Human_VAR_600,0.06,0.04,0.9599999999999999
Human_VAR_600,0.06,0.06,0.9599999999999999
Human_VAR_600,0.06,0.08,0.9583333333333333
Human_VAR_600,0.06,0.1,0.9583333333333333
Human_VAR_600,0.06,0.12,0.9583333333333333
Human_VAR_600,0.06,0.14,0.9583333333333333
Human_VAR_600,0.06,0.16,0.9583333333333333
Human_VAR_600,0.06,0.18,0.9583333333333333
Human_VAR_600,0.06,0.2,0.9583333333333333
Human_VAR_600,0.06,0.22,0.9183333333333333
Human_VAR_600,0.06,0.24,0.9183333333333333
Human_VAR_600,0.06,0.26,0.9183333333333333
Human_VAR_600,0.06,0.28,0.8933333333333334
Human_VAR_600,0.06,0.3,0.8933333333333334
Human_VAR_600,0.06,0.32,0.8933333333333334
Human_VAR_600,0.06,0.34,0.8600000000000004
Human_VAR_600,0.06,0.36,0.8600000000000004
Human_VAR_600,0.06,0.38,0.8600000000000004
Human_VAR_600,0.06,0.4,0.856666666666667
Human_VAR_600,0.06,0.42,0.75
Human_VAR_600,0.06,0.44,0.75
Human_VAR_600,0.06,0.46,0.75
Human_VAR_600,0.06,0.48,0.6683333333333334
Human_VAR_600,0.06,0.5,0.6683333333333334
Human_VAR_600,0.06,0.52,0.6683333333333334
Human_VAR_600,0.06,0.54,0.5733333333333336
Human_VAR_600,0.06,0.56,0.5733333333333336
Human_VAR_600,0.06,0.58,0.5733333333333336
Human_VAR_600,0.06,0.6,0.5733333333333336
Human_VAR_600,0.06,0.62,0.46
Human_VAR_600,0.06,0.64,0.46
Human_VAR_600,0.06,0.66,0.46
Human_VAR_600,0.06,0.68,0.3550000000000002
Human_VAR_600,0.06,0.7,0.3550000000000002
Human_VAR_600,0.06,0.72,0.3550000000000002
Human_VAR_600,0.06,0.74,0.30333333333333334
Human_VAR_600,0.06,0.76,0.30333333333333334
Human_VAR_600,0.06,0.78,0.30333333333333334
Human_VAR_600,0.06,0.8,0.29166666666666674
Human_VAR_600,0.06,0.82,0.115
Human_VAR_600,0.06,0.84,0.115
Human_VAR_600,0.06,0.86,0.115
Human_VAR_600,0.06,0.88,0.06833333333333334
Human_VAR_600,0.06,0.9,0.06833333333333334
Human_VAR_600,0.06,0.92,0.06833333333333334
Human_VAR_600,0.06,0.94,0.04333333333333332
Human_VAR_600,0.06,0.96,0.04333333333333332
Human_VAR_600,0.06,0.98,0.04333333333333332
Human_VAR_600,0.06,1.0,0.04333333333333332
Human_VAR_600,0.08,0.0,0.9583333333333333
Human_VAR_600,0.08,0.02,0.9583333333333333
Human_VAR_600,0.08,0.04,0.9583333333333333
Human_VAR_600,0.08,0.06,0.9583333333333333
Human_VAR_600,0.08,0.08,0.9566666666666666
Human_VAR_600,0.08,0.1,0.9566666666666666
Human_VAR_600,0.08,0.12,0.9566666666666666
Human_VAR_600,0.08,0.14,0.9566666666666666
Human_VAR_600,0.08,0.16,0.9566666666666666
Human_VAR_600,0.08,0.18,0.9566666666666666
Human_VAR_600,0.08,0.2,0.9566666666666666
Human_VAR_600,0.08,0.22,0.9183333333333333
Human_VAR_600,0.08,0.24,0.9183333333333333
Human_VAR_600,0.08,0.26,0.9183333333333333
Human_VAR_600,0.08,0.28,0.8933333333333334
Human_VAR_600,0.08,0.3,0.8933333333333334
Human_VAR_600,0.08,0.32,0.8933333333333334
Human_VAR_600,0.08,0.34,0.8600000000000004
Human_VAR_600,0.08,0.36,0.8600000000000004
Human_VAR_600,0.08,0.38,0.8600000000000004
Human_VAR_600,0.08,0.4,0.856666666666667
Human_VAR_600,0.08,0.42,0.75
Human_VAR_600,0.08,0.44,0.75
Human_VAR_600,0.08,0.46,0.75
Human_VAR_600,0.08,0.48,0.6683333333333334
Human_VAR_600,0.08,0.5,0.6683333333333334
Human_VAR_600,0.08,0.52,0.6683333333333334
Human_VAR_600,0.08,0.54,0.5733333333333336
Human_VAR_600,0.08,0.56,0.5733333333333336
Human_VAR_600,0.08,0.58,0.5733333333333336
Human_VAR_600,0.08,0.6,0.5733333333333336
Human_VAR_600,0.08,0.62,0.46
Human_VAR_600,0.08,0.64,0.46
Human_VAR_600,0.08,0.66,0.46
Human_VAR_600,0.08,0.68,0.3550000000000002
Human_VAR_600,0.08,0.7,0.3550000000000002
Human_VAR_600,0.08,0.72,0.3550000000000002
Human_VAR_600,0.08,0.74,0.30333333333333334
Human_VAR_600,0.08,0.76,0.30333333333333334
Human_VAR_600,0.08,0.78,0.30333333333333334
Human_VAR_600,0.08,0.8,0.29166666666666674
Human_VAR_600,0.08,0.82,0.115
Human_VAR_600,0.08,0.84,0.115
Human_VAR_600,0.08,0.86,0.115
Human_VAR_600,0.08,0.88,0.06833333333333334
Human_VAR_600,0.08,0.9,0.06833333333333334
Human_VAR_600,0.08,0.92,0.06833333333333334
Human_VAR_600,0.08,0.94,0.04333333333333332
Human_VAR_600,0.08,0.96,0.04333333333333332
Human_VAR_600,0.08,0.98,0.04333333333333332
Human_VAR_600,0.08,1.0,0.04333333333333332
Human_VAR_600,0.1,0.0,0.9533333333333335
Human_VAR_600,0.1,0.02,0.9533333333333335
Human_VAR_600,0.1,0.04,0.9533333333333335
Human_VAR_600,0.1,0.06,0.9533333333333335
Human_VAR_600,0.1,0.08,0.9516666666666667
Human_VAR_600,0.1,0.1,0.9516666666666667
Human_VAR_600,0.1,0.12,0.9516666666666667
Human_VAR_600,0.1,0.14,0.9516666666666667
Human_VAR_600,0.1,0.16,0.9516666666666667
Human_VAR_600,0.1,0.18,0.9516666666666667
Human_VAR_600,0.1,0.2,0.9516666666666667
Human_VAR_600,0.1,0.22,0.915
Human_VAR_600,0.1,0.24,0.915
Human_VAR_600,0.1,0.26,0.915
Human_VAR_600,0.1,0.28,0.8900000000000001
Human_VAR_600,0.1,0.3,0.8900000000000001
Human_VAR_600,0.1,0.32,0.8900000000000001
Human_VAR_600,0.1,0.34,0.8566666666666671
Human_VAR_600,0.1,0.36,0.8566666666666671
Human_VAR_600,0.1,0.38,0.8566666666666671
Human_VAR_600,0.1,0.4,0.8533333333333337
Human_VAR_600,0.1,0.42,0.7466666666666666
Human_VAR_600,0.1,0.44,0.7466666666666666
Human_VAR_600,0.1,0.46,0.7466666666666666
Human_VAR_600,0.1,0.48,0.665
Human_VAR_600,0.1,0.5,0.665
Human_VAR_600,0.1,0.52,0.665
Human_VAR_600,0.1,0.54,0.5700000000000002
Human_VAR_600,0.1,0.56,0.5700000000000002
Human_VAR_600,0.1,0.58,0.5700000000000002
Human_VAR_600,0.1,0.6,0.5700000000000002
Human_VAR_600,0.1,0.62,0.45833333333333337
Human_VAR_600,0.1,0.64,0.45833333333333337
Human_VAR_600,0.1,0.66,0.45833333333333337
Human_VAR_600,0.1,0.68,0.3533333333333335
Human_VAR_600,0.1,0.7,0.3533333333333335
Human_VAR_600,0.1,0.72,0.3533333333333335
Human_VAR_600,0.1,0.74,0.3016666666666667
Human_VAR_600,0.1,0.76,0.3016666666666667
Human_VAR_600,0.1,0.78,0.3016666666666667
Human_VAR_600,0.1,0.8,0.29000000000000004
Human_VAR_600,0.1,0.82,0.115
Human_VAR_600,0.1,0.84,0.115
Human_VAR_600,0.1,0.86,0.115
Human_VAR_600,0.1,0.88,0.06833333333333334
Human_VAR_600,0.1,0.9,0.06833333333333334
Human_VAR_600,0.1,0.92,0.06833333333333334
Human_VAR_600,0.1,0.94,0.04333333333333332
Human_VAR_600,0.1,0.96,0.04333333333333332
Human_VAR_600,0.1,0.98,0.04333333333333332
Human_VAR_600,0.1,1.0,0.04333333333333332
Human_VAR_600,0.12,0.0,0.95
Human_VAR_600,0.12,0.02,0.95
Human_VAR_600,0.12,0.04,0.95
Human_VAR_600,0.12,0.06,0.95
Human_VAR_600,0.12,0.08,0.9483333333333333
Human_VAR_600,0.12,0.1,0.9483333333333333
Human_VAR_600,0.12,0.12,0.9483333333333333
Human_VAR_600,0.12,0.14,0.9483333333333333
Human_VAR_600,0.12,0.16,0.9483333333333333
Human_VAR_600,0.12,0.18,0.9483333333333333
Human_VAR_600,0.12,0.2,0.9483333333333333
Human_VAR_600,0.12,0.22,0.9133333333333333
Human_VAR_600,0.12,0.24,0.9133333333333333
Human_VAR_600,0.12,0.26,0.9133333333333333
Human_VAR_600,0.12,0.28,0.8900000000000001
Human_VAR_600,0.12,0.3,0.8900000000000001
Human_VAR_600,0.12,0.32,0.8900000000000001
Human_VAR_600,0.12,0.34,0.8566666666666671
Human_VAR_600,0.12,0.36,0.8566666666666671
Human_VAR_600,0.12,0.38,0.8566666666666671
Human_VAR_600,0.12,0.4,0.8533333333333337
Human_VAR_600,0.12,0.42,0.7466666666666666
Human_VAR_600,0.12,0.44,0.7466666666666666
Human_VAR_600,0.12,0.46,0.7466666666666666
Human_VAR_600,0.12,0.48,0.665
Human_VAR_600,0.12,0.5,0.665
Human_VAR_600,0.12,0.52,0.665
Human_VAR_600,0.12,0.54,0.5700000000000002
Human_VAR_600,0.12,0.56,0.5700000000000002
Human_VAR_600,0.12,0.58,0.5700000000000002
Human_VAR_600,0.12,0.6,0.5700000000000002
Human_VAR_600,0.12,0.62,0.45833333333333337
Human_VAR_600,0.12,0.64,0.45833333333333337
Human_VAR_600,0.12,0.66,0.45833333333333337
Human_VAR_600,0.12,0.68,0.3533333333333335
Human_VAR_600,0.12,0.7,0.3533333333333335
Human_VAR_600,0.12,0.72,0.3533333333333335
Human_VAR_600,0.12,0.74,0.3016666666666667
Human_VAR_600,0.12,0.76,0.3016666666666667
Human_VAR_600,0.12,0.78,0.3016666666666667
Human_VAR_600,0.12,0.8,0.29000000000000004
Human_VAR_600,0.12,0.82,0.115
Human_VAR_600,0.12,0.84,0.115
Human_VAR_600,0.12,0.86,0.115
Human_VAR_600,0.12,0.88,0.06833333333333334
Human_VAR_600,0.12,0.9,0.06833333333333334
Human_VAR_600,0.12,0.92,0.06833333333333334
Human_VAR_600,0.12,0.94,0.04333333333333332
Human_VAR_600,0.12,0.96,0.04333333333333332
Human_VAR_600,0.12,0.98,0.04333333333333332
Human_VAR_600,0.12,1.0,0.04333333333333332
Human_VAR_600,0.14,0.0,0.9483333333333333
Human_VAR_600,0.14,0.02,0.9483333333333333
Human_VAR_600,0.14,0.04,0.9483333333333333
Human_VAR_600,0.14,0.06,0.9483333333333333
Human_VAR_600,0.14,0.08,0.9466666666666665
Human_VAR_600,0.14,0.1,0.9466666666666665
Human_VAR_600,0.14,0.12,0.9466666666666665
Human_VAR_600,0.14,0.14,0.9466666666666665
Human_VAR_600,0.14,0.16,0.9466666666666665
Human_VAR_600,0.14,0.18,0.9466666666666665
Human_VAR_600,0.14,0.2,0.9466666666666665
Human_VAR_600,0.14,0.22,0.9133333333333333
Human_VAR_600,0.14,0.24,0.9133333333333333
Human_VAR_600,0.14,0.26,0.9133333333333333
Human_VAR_600,0.14,0.28,0.8900000000000001
Human_VAR_600,0.14,0.3,0.8900000000000001
Human_VAR_600,0.14,0.32,0.8900000000000001
Human_VAR_600,0.14,0.34,0.8566666666666671
Human_VAR_600,0.14,0.36,0.8566666666666671
Human_VAR_600,0.14,0.38,0.8566666666666671
Human_VAR_600,0.14,0.4,0.8533333333333337
Human_VAR_600,0.14,0.42,0.7466666666666666
Human_VAR_600,0.14,0.44,0.7466666666666666
Human_VAR_600,0.14,0.46,0.7466666666666666
Human_VAR_600,0.14,0.48,0.665
Human_VAR_600,0.14,0.5,0.665
Human_VAR_600,0.14,0.52,0.665
Human_VAR_600,0.14,0.54,0.5700000000000002
Human_VAR_600,0.14,0.56,0.5700000000000002
Human_VAR_600,0.14,0.58,0.5700000000000002
Human_VAR_600,0.14,0.6,0.5700000000000002
Human_VAR_600,0.14,0.62,0.45833333333333337
Human_VAR_600,0.14,0.64,0.45833333333333337
Human_VAR_600,0.14,0.66,0.45833333333333337
Human_VAR_600,0.14,0.68,0.3533333333333335
Human_VAR_600,0.14,0.7,0.3533333333333335
Human_VAR_600,0.14,0.72,0.3533333333333335
Human_VAR_600,0.14,0.74,0.3016666666666667
Human_VAR_600,0.14,0.76,0.3016666666666667
Human_VAR_600,0.14,0.78,0.3016666666666667
Human_VAR_600,0.14,0.8,0.29000000000000004
Human_VAR_600,0.14,0.82,0.115
Human_VAR_600,0.14,0.84,0.115
Human_VAR_600,0.14,0.86,0.115
Human_VAR_600,0.14,0.88,0.06833333333333334
Human_VAR_600,0.14,0.9,0.06833333333333334
Human_VAR_600,0.14,0.92,0.06833333333333334
Human_VAR_600,0.14,0.94,0.04333333333333332
Human_VAR_600,0.14,0.96,0.04333333333333332
Human_VAR_600,0.14,0.98,0.04333333333333332
Human_VAR_600,0.14,1.0,0.04333333333333332
Human_VAR_600,0.16,0.0,0.9433333333333332
Human_VAR_600,0.16,0.02,0.9433333333333332
Human_VAR_600,0.16,0.04,0.9433333333333332
Human_VAR_600,0.16,0.06,0.9433333333333332
Human_VAR_600,0.16,0.08,0.9416666666666665
Human_VAR_600,0.16,0.1,0.9416666666666665
Human_VAR_600,0.16,0.12,0.9416666666666665
Human_VAR_600,0.16,0.14,0.9416666666666665
Human_VAR_600,0.16,0.16,0.9416666666666665
Human_VAR_600,0.16,0.18,0.9416666666666665
Human_VAR_600,0.16,0.2,0.9416666666666665
Human_VAR_600,0.16,0.22,0.9083333333333334
Human_VAR_600,0.16,0.24,0.9083333333333334
Human_VAR_600,0.16,0.26,0.9083333333333334
Human_VAR_600,0.16,0.28,0.8850000000000001
Human_VAR_600,0.16,0.3,0.8850000000000001
Human_VAR_600,0.16,0.32,0.8850000000000001
Human_VAR_600,0.16,0.34,0.8516666666666671
Human_VAR_600,0.16,0.36,0.8516666666666671
Human_VAR_600,0.16,0.38,0.8516666666666671
Human_VAR_600,0.16,0.4,0.8483333333333338
Human_VAR_600,0.16,0.42,0.7416666666666666
Human_VAR_600,0.16,0.44,0.7416666666666666
Human_VAR_600,0.16,0.46,0.7416666666666666
Human_VAR_600,0.16,0.48,0.6600000000000001
Human_VAR_600,0.16,0.5,0.6600000000000001
Human_VAR_600,0.16,0.52,0.6600000000000001
Human_VAR_600,0.16,0.54,0.5650000000000002
Human_VAR_600,0.16,0.56,0.5650000000000002
Human_VAR_600,0.16,0.58,0.5650000000000002
Human_VAR_600,0.16,0.6,0.5650000000000002
Human_VAR_600,0.16,0.62,0.4533333333333334
Human_VAR_600,0.16,0.64,0.4533333333333334
Human_VAR_600,0.16,0.66,0.4533333333333334
Human_VAR_600,0.16,0.68,0.3533333333333335
Human_VAR_600,0.16,0.7,0.3533333333333335
Human_VAR_600,0.16,0.72,0.3533333333333335
Human_VAR_600,0.16,0.74,0.3016666666666667
Human_VAR_600,0.16,0.76,0.3016666666666667
Human_VAR_600,0.16,0.78,0.3016666666666667
Human_VAR_600,0.16,0.8,0.29000000000000004
Human_VAR_600,0.16,0.82,0.115
Human_VAR_600,0.16,0.84,0.115
Human_VAR_600,0.16,0.86,0.115
Human_VAR_600,0.16,0.88,0.06833333333333334
Human_VAR_600,0.16,0.9,0.06833333333333334
Human_VAR_600,0.16,0.92,0.06833333333333334
Human_VAR_600,0.16,0.94,0.04333333333333332
Human_VAR_600,0.16,0.96,0.04333333333333332
Human_VAR_600,0.16,0.98,0.04333333333333332
Human_VAR_600,0.16,1.0,0.04333333333333332
Human_VAR_600,0.18,0.0,0.9433333333333332
Human_VAR_600,0.18,0.02,0.9433333333333332
Human_VAR_600,0.18,0.04,0.9433333333333332
Human_VAR_600,0.18,0.06,0.9433333333333332
Human_VAR_600,0.18,0.08,0.9416666666666665
Human_VAR_600,0.18,0.1,0.9416666666666665
Human_VAR_600,0.18,0.12,0.9416666666666665
Human_VAR_600,0.18,0.14,0.9416666666666665
Human_VAR_600,0.18,0.16,0.9416666666666665
Human_VAR_600,0.18,0.18,0.9416666666666665
Human_VAR_600,0.18,0.2,0.9416666666666665
Human_VAR_600,0.18,0.22,0.9083333333333334
Human_VAR_600,0.18,0.24,0.9083333333333334
Human_VAR_600,0.18,0.26,0.9083333333333334
Human_VAR_600,0.18,0.28,0.8850000000000001
Human_VAR_600,0.18,0.3,0.8850000000000001
Human_VAR_600,0.18,0.32,0.8850000000000001
Human_VAR_600,0.18,0.34,0.8516666666666671
Human_VAR_600,0.18,0.36,0.8516666666666671
Human_VAR_600,0.18,0.38,0.8516666666666671
Human_VAR_600,0.18,0.4,0.8483333333333338
Human_VAR_600,0.18,0.42,0.7416666666666666
Human_VAR_600,0.18,0.44,0.7416666666666666
Human_VAR_600,0.18,0.46,0.7416666666666666
Human_VAR_600,0.18,0.48,0.6600000000000001
Human_VAR_600,0.18,0.5,0.6600000000000001
Human_VAR_600,0.18,0.52,0.6600000000000001
Human_VAR_600,0.18,0.54,0.5650000000000002
Human_VAR_600,0.18,0.56,0.5650000000000002
Human_VAR_600,0.18,0.58,0.5650000000000002
Human_VAR_600,0.18,0.6,0.5650000000000002
Human_VAR_600,0.18,0.62,0.4533333333333334
Human_VAR_600,0.18,0.64,0.4533333333333334
Human_VAR_600,0.18,0.66,0.4533333333333334
Human_VAR_600,0.18,0.68,0.3533333333333335
Human_VAR_600,0.18,0.7,0.3533333333333335
Human_VAR_600,0.18,0.72,0.3533333333333335
Human_VAR_600,0.18,0.74,0.3016666666666667
Human_VAR_600,0.18,0.76,0.3016666666666667
Human_VAR_600,0.18,0.78,0.3016666666666667
Human_VAR_600,0.18,0.8,0.29000000000000004
Human_VAR_600,0.18,0.82,0.115
Human_VAR_600,0.18,0.84,0.115
Human_VAR_600,0.18,0.86,0.115
Human_VAR_600,0.18,0.88,0.06833333333333334
Human_VAR_600,0.18,0.9,0.06833333333333334
Human_VAR_600,0.18,0.92,0.06833333333333334
Human_VAR_600,0.18,0.94,0.04333333333333332
Human_VAR_600,0.18,0.96,0.04333333333333332
Human_VAR_600,0.18,0.98,0.04333333333333332
Human_VAR_600,0.18,1.0,0.04333333333333332
Human_VAR_600,0.2,0.0,0.94
Human_VAR_600,0.2,0.02,0.94
Human_VAR_600,0.2,0.04,0.94
Human_VAR_600,0.2,0.06,0.94
Human_VAR_600,0.2,0.08,0.9383333333333332
Human_VAR_600,0.2,0.1,0.9383333333333332
Human_VAR_600,0.2,0.12,0.9383333333333332
Human_VAR_600,0.2,0.14,0.9383333333333332
Human_VAR_600,0.2,0.16,0.9383333333333332
Human_VAR_600,0.2,0.18,0.9383333333333332
Human_VAR_600,0.2,0.2,0.9383333333333332
Human_VAR_600,0.2,0.22,0.905
Human_VAR_600,0.2,0.24,0.905
Human_VAR_600,0.2,0.26,0.905
Human_VAR_600,0.2,0.28,0.8816666666666667
Human_VAR_600,0.2,0.3,0.8816666666666667
Human_VAR_600,0.2,0.32,0.8816666666666667
Human_VAR_600,0.2,0.34,0.8483333333333337
Human_VAR_600,0.2,0.36,0.8483333333333337
Human_VAR_600,0.2,0.38,0.8483333333333337
Human_VAR_600,0.2,0.4,0.8450000000000004
Human_VAR_600,0.2,0.42,0.7399999999999999
Human_VAR_600,0.2,0.44,0.7399999999999999
Human_VAR_600,0.2,0.46,0.7399999999999999
Human_VAR_600,0.2,0.48,0.6583333333333334
Human_VAR_600,0.2,0.5,0.6583333333333334
Human_VAR_600,0.2,0.52,0.6583333333333334
Human_VAR_600,0.2,0.54,0.5633333333333335
Human_VAR_600,0.2,0.56,0.5633333333333335
Human_VAR_600,0.2,0.58,0.5633333333333335
Human_VAR_600,0.2,0.6,0.5633333333333335
Human_VAR_600,0.2,0.62,0.4533333333333334
Human_VAR_600,0.2,0.64,0.4533333333333334
Human_VAR_600,0.2,0.66,0.4533333333333334
Human_VAR_600,0.2,0.68,0.3533333333333335
Human_VAR_600,0.2,0.7,0.3533333333333335
Human_VAR_600,0.2,0.72,0.3533333333333335
Human_VAR_600,0.2,0.74,0.3016666666666667
Human_VAR_600,0.2,0.76,0.3016666666666667
Human_VAR_600,0.2,0.78,0.3016666666666667
Human_VAR_600,0.2,0.8,0.29000000000000004
Human_VAR_600,0.2,0.82,0.115
Human_VAR_600,0.2,0.84,0.115
Human_VAR_600,0.2,0.86,0.115
Human_VAR_600,0.2,0.88,0.06833333333333334
Human_VAR_600,0.2,0.9,0.06833333333333334
Human_VAR_600,0.2,0.92,0.06833333333333334
Human_VAR_600,0.2,0.94,0.04333333333333332
Human_VAR_600,0.2,0.96,0.04333333333333332
Human_VAR_600,0.2,0.98,0.04333333333333332
Human_VAR_600,0.2,1.0,0.04333333333333332
Human_VAR_600,0.22,0.0,0.9383333333333335
Human_VAR_600,0.22,0.02,0.9383333333333335
Human_VAR_600,0.22,0.04,0.9383333333333335
Human_VAR_600,0.22,0.06,0.9383333333333335
Human_VAR_600,0.22,0.08,0.9366666666666668
Human_VAR_600,0.22,0.1,0.9366666666666668
Human_VAR_600,0.22,0.12,0.9366666666666668
Human_VAR_600,0.22,0.14,0.9366666666666668
Human_VAR_600,0.22,0.16,0.9366666666666668
Human_VAR_600,0.22,0.18,0.9366666666666668
Human_VAR_600,0.22,0.2,0.9366666666666668
Human_VAR_600,0.22,0.22,0.9033333333333334
Human_VAR_600,0.22,0.24,0.9033333333333334
Human_VAR_600,0.22,0.26,0.9033333333333334
Human_VAR_600,0.22,0.28,0.8800000000000001
Human_VAR_600,0.22,0.3,0.8800000000000001
Human_VAR_600,0.22,0.32,0.8800000000000001
Human_VAR_600,0.22,0.34,0.8466666666666671
Human_VAR_600,0.22,0.36,0.8466666666666671
Human_VAR_600,0.22,0.38,0.8466666666666671
Human_VAR_600,0.22,0.4,0.8433333333333338
Human_VAR_600,0.22,0.42,0.7383333333333332
Human_VAR_600,0.22,0.44,0.7383333333333332
Human_VAR_600,0.22,0.46,0.7383333333333332
Human_VAR_600,0.22,0.48,0.6566666666666667
Human_VAR_600,0.22,0.5,0.6566666666666667
Human_VAR_600,0.22,0.52,0.6566666666666667
Human_VAR_600,0.22,0.54,0.5633333333333335
Human_VAR_600,0.22,0.56,0.5633333333333335
Human_VAR_600,0.22,0.58,0.5633333333333335
Human_VAR_600,0.22,0.6,0.5633333333333335
Human_VAR_600,0.22,0.62,0.4533333333333334
Human_VAR_600,0.22,0.64,0.4533333333333334
Human_VAR_600,0.22,0.66,0.4533333333333334
Human_VAR_600,0.22,0.68,0.3533333333333335
Human_VAR_600,0.22,0.7,0.3533333333333335
Human_VAR_600,0.22,0.72,0.3533333333333335
Human_VAR_600,0.22,0.74,0.3016666666666667
Human_VAR_600,0.22,0.76,0.3016666666666667
Human_VAR_600,0.22,0.78,0.3016666666666667
Human_VAR_600,0.22,0.8,0.29000000000000004
Human_VAR_600,0.22,0.82,0.115
Human_VAR_600,0.22,0.84,0.115
Human_VAR_600,0.22,0.86,0.115
Human_VAR_600,0.22,0.88,0.06833333333333334
Human_VAR_600,0.22,0.9,0.06833333333333334
Human_VAR_600,0.22,0.92,0.06833333333333334
Human_VAR_600,0.22,0.94,0.04333333333333332
Human_VAR_600,0.22,0.96,0.04333333333333332
Human_VAR_600,0.22,0.98,0.04333333333333332
Human_VAR_600,0.22,1.0,0.04333333333333332
Human_VAR_600,0.24,0.0,0.93
Human_VAR_600,0.24,0.02,0.93
Human_VAR_600,0.24,0.04,0.93
Human_VAR_600,0.24,0.06,0.93
Human_VAR_600,0.24,0.08,0.9283333333333332
Human_VAR_600,0.24,0.1,0.9283333333333332
Human_VAR_600,0.24,0.12,0.9283333333333332
Human_VAR_600,0.24,0.14,0.9283333333333332
Human_VAR_600,0.24,0.16,0.9283333333333332
Human_VAR_600,0.24,0.18,0.9283333333333332
Human_VAR_600,0.24,0.2,0.9283333333333332
Human_VAR_600,0.24,0.22,0.8966666666666666
Human_VAR_600,0.24,0.24,0.8966666666666666
Human_VAR_600,0.24,0.26,0.8966666666666666
Human_VAR_600,0.24,0.28,0.8733333333333334
Human_VAR_600,0.24,0.3,0.8733333333333334
Human_VAR_600,0.24,0.32,0.8733333333333334
Human_VAR_600,0.24,0.34,0.8416666666666671
Human_VAR_600,0.24,0.36,0.8416666666666671
Human_VAR_600,0.24,0.38,0.8416666666666671
Human_VAR_600,0.24,0.4,0.8383333333333338
Human_VAR_600,0.24,0.42,0.7383333333333332
Human_VAR_600,0.24,0.44,0.7383333333333332
Human_VAR_600,0.24,0.46,0.7383333333333332
Human_VAR_600,0.24,0.48,0.6566666666666667
Human_VAR_600,0.24,0.5,0.6566666666666667
Human_VAR_600,0.24,0.52,0.6566666666666667
Human_VAR_600,0.24,0.54,0.5633333333333335
Human_VAR_600,0.24,0.56,0.5633333333333335
Human_VAR_600,0.24,0.58,0.5633333333333335
Human_VAR_600,0.24,0.6,0.5633333333333335
Human_VAR_600,0.24,0.62,0.4533333333333334
Human_VAR_600,0.24,0.64,0.4533333333333334
Human_VAR_600,0.24,0.66,0.4533333333333334
Human_VAR_600,0.24,0.68,0.3533333333333335
Human_VAR_600,0.24,0.7,0.3533333333333335
Human_VAR_600,0.24,0.72,0.3533333333333335
Human_VAR_600,0.24,0.74,0.3016666666666667
Human_VAR_600,0.24,0.76,0.3016666666666667
Human_VAR_600,0.24,0.78,0.3016666666666667
Human_VAR_600,0.24,0.8,0.29000000000000004
Human_VAR_600,0.24,0.82,0.115
Human_VAR_600,0.24,0.84,0.115
Human_VAR_600,0.24,0.86,0.115
Human_VAR_600,0.24,0.88,0.06833333333333334
Human_VAR_600,0.24,0.9,0.06833333333333334
Human_VAR_600,0.24,0.92,0.06833333333333334
Human_VAR_600,0.24,0.94,0.04333333333333332
Human_VAR_600,0.24,0.96,0.04333333333333332
Human_VAR_600,0.24,0.98,0.04333333333333332
Human_VAR_600,0.24,1.0,0.04333333333333332
Human_VAR_600,0.26,0.0,0.9166666666666667
Human_VAR_600,0.26,0.02,0.9166666666666667
Human_VAR_600,0.26,0.04,0.9166666666666667
Human_VAR_600,0.26,0.06,0.9166666666666667
Human_VAR_600,0.26,0.08,0.915
Human_VAR_600,0.26,0.1,0.915
Human_VAR_600,0.26,0.12,0.915
Human_VAR_600,0.26,0.14,0.915
Human_VAR_600,0.26,0.16,0.915
Human_VAR_600,0.26,0.18,0.915
Human_VAR_600,0.26,0.2,0.915
Human_VAR_600,0.26,0.22,0.8833333333333333
Human_VAR_600,0.26,0.24,0.8833333333333333
Human_VAR_600,0.26,0.26,0.8833333333333333
Human_VAR_600,0.26,0.28,0.861666666666667
Human_VAR_600,0.26,0.3,0.861666666666667
Human_VAR_600,0.26,0.32,0.861666666666667
Human_VAR_600,0.26,0.34,0.8333333333333337
Human_VAR_600,0.26,0.36,0.8333333333333337
Human_VAR_600,0.26,0.38,0.8333333333333337
Human_VAR_600,0.26,0.4,0.8300000000000004
Human_VAR_600,0.26,0.42,0.7349999999999998
Human_VAR_600,0.26,0.44,0.7349999999999998
Human_VAR_600,0.26,0.46,0.7349999999999998
Human_VAR_600,0.26,0.48,0.6550000000000001
Human_VAR_600,0.26,0.5,0.6550000000000001
Human_VAR_600,0.26,0.52,0.6550000000000001
Human_VAR_600,0.26,0.54,0.5616666666666668
Human_VAR_600,0.26,0.56,0.5616666666666668
Human_VAR_600,0.26,0.58,0.5616666666666668
Human_VAR_600,0.26,0.6,0.5616666666666668
Human_VAR_600,0.26,0.62,0.4533333333333334
Human_VAR_600,0.26,0.64,0.4533333333333334
Human_VAR_600,0.26,0.66,0.4533333333333334
Human_VAR_600,0.26,0.68,0.3533333333333335
Human_VAR_600,0.26,0.7,0.3533333333333335
Human_VAR_600,0.26,0.72,0.3533333333333335
Human_VAR_600,0.26,0.74,0.3016666666666667
Human_VAR_600,0.26,0.76,0.3016666666666667
Human_VAR_600,0.26,0.78,0.3016666666666667
Human_VAR_600,0.26,0.8,0.29000000000000004
Human_VAR_600,0.26,0.82,0.115
Human_VAR_600,0.26,0.84,0.115
Human_VAR_600,0.26,0.86,0.115
Human_VAR_600,0.26,0.88,0.06833333333333334
Human_VAR_600,0.26,0.9,0.06833333333333334
Human_VAR_600,0.26,0.92,0.06833333333333334
Human_VAR_600,0.26,0.94,0.04333333333333332
Human_VAR_600,0.26,0.96,0.04333333333333332
Human_VAR_600,0.26,0.98,0.04333333333333332
Human_VAR_600,0.26,1.0,0.04333333333333332
Human_VAR_600,0.28,0.0,0.9150000000000001
Human_VAR_600,0.28,0.02,0.9150000000000001
Human_VAR_600,0.28,0.04,0.9150000000000001
Human_VAR_600,0.28,0.06,0.9150000000000001
Human_VAR_600,0.28,0.08,0.9133333333333334
Human_VAR_600,0.28,0.1,0.9133333333333334
Human_VAR_600,0.28,0.12,0.9133333333333334
Human_VAR_600,0.28,0.14,0.9133333333333334
Human_VAR_600,0.28,0.16,0.9133333333333334
Human_VAR_600,0.28,0.18,0.9133333333333334
Human_VAR_600,0.28,0.2,0.9133333333333334
Human_VAR_600,0.28,0.22,0.8816666666666667
Human_VAR_600,0.28,0.24,0.8816666666666667
Human_VAR_600,0.28,0.26,0.8816666666666667
Human_VAR_600,0.28,0.28,0.8600000000000003
Human_VAR_600,0.28,0.3,0.8600000000000003
Human_VAR_600,0.28,0.32,0.8600000000000003
Human_VAR_600,0.28,0.34,0.831666666666667
Human_VAR_600,0.28,0.36,0.831666666666667
Human_VAR_600,0.28,0.38,0.831666666666667
Human_VAR_600,0.28,0.4,0.8283333333333337
Human_VAR_600,0.28,0.42,0.7349999999999998
Human_VAR_600,0.28,0.44,0.7349999999999998
Human_VAR_600,0.28,0.46,0.7349999999999998
Human_VAR_600,0.28,0.48,0.6550000000000001
Human_VAR_600,0.28,0.5,0.6550000000000001
Human_VAR_600,0.28,0.52,0.6550000000000001
Human_VAR_600,0.28,0.54,0.5616666666666668
Human_VAR_600,0.28,0.56,0.5616666666666668
Human_VAR_600,0.28,0.58,0.5616666666666668
Human_VAR_600,0.28,0.6,0.5616666666666668
Human_VAR_600,0.28,0.62,0.4533333333333334
Human_VAR_600,0.28,0.64,0.4533333333333334
Human_VAR_600,0.28,0.66,0.4533333333333334
Human_VAR_600,0.28,0.68,0.3533333333333335
Human_VAR_600,0.28,0.7,0.3533333333333335
Human_VAR_600,0.28,0.72,0.3533333333333335
Human_VAR_600,0.28,0.74,0.3016666666666667
Human_VAR_600,0.28,0.76,0.3016666666666667
Human_VAR_600,0.28,0.78,0.3016666666666667
Human_VAR_600,0.28,0.8,0.29000000000000004
Human_VAR_600,0.28,0.82,0.115
Human_VAR_600,0.28,0.84,0.115
Human_VAR_600,0.28,0.86,0.115
Human_VAR_600,0.28,0.88,0.06833333333333334
Human_VAR_600,0.28,0.9,0.06833333333333334
Human_VAR_600,0.28,0.92,0.06833333333333334
Human_VAR_600,0.28,0.94,0.04333333333333332
Human_VAR_600,0.28,0.96,0.04333333333333332
Human_VAR_600,0.28,0.98,0.04333333333333332
Human_VAR_600,0.28,1.0,0.04333333333333332
Human_VAR_600,0.3,0.0,0.9050000000000001
Human_VAR_600,0.3,0.02,0.9050000000000001
Human_VAR_600,0.3,0.04,0.9050000000000001
Human_VAR_600,0.3,0.06,0.9050000000000001
Human_VAR_600,0.3,0.08,0.9033333333333334
Human_VAR_600,0.3,0.1,0.9033333333333334
Human_VAR_600,0.3,0.12,0.9033333333333334
Human_VAR_600,0.3,0.14,0.9033333333333334
Human_VAR_600,0.3,0.16,0.9033333333333334
Human_VAR_600,0.3,0.18,0.9033333333333334
Human_VAR_600,0.3,0.2,0.9033333333333334
Human_VAR_600,0.3,0.22,0.8716666666666667
Human_VAR_600,0.3,0.24,0.8716666666666667
Human_VAR_600,0.3,0.26,0.8716666666666667
Human_VAR_600,0.3,0.28,0.8500000000000003
Human_VAR_600,0.3,0.3,0.8500000000000003
Human_VAR_600,0.3,0.32,0.8500000000000003
Human_VAR_600,0.3,0.34,0.8233333333333336
Human_VAR_600,0.3,0.36,0.8233333333333336
Human_VAR_600,0.3,0.38,0.8233333333333336
Human_VAR_600,0.3,0.4,0.8200000000000004
Human_VAR_600,0.3,0.42,0.7299999999999999
Human_VAR_600,0.3,0.44,0.7299999999999999
Human_VAR_600,0.3,0.46,0.7299999999999999
Human_VAR_600,0.3,0.48,0.6533333333333334
Human_VAR_600,0.3,0.5,0.6533333333333334
Human_VAR_600,0.3,0.52,0.6533333333333334
Human_VAR_600,0.3,0.54,0.5600000000000002
Human_VAR_600,0.3,0.56,0.5600000000000002
Human_VAR_600,0.3,0.58,0.5600000000000002
Human_VAR_600,0.3,0.6,0.5600000000000002
Human_VAR_600,0.3,0.62,0.4516666666666667
Human_VAR_600,0.3,0.64,0.4516666666666667
Human_VAR_600,0.3,0.66,0.4516666666666667
Human_VAR_600,0.3,0.68,0.35166666666666685
Human_VAR_600,0.3,0.7,0.35166666666666685
Human_VAR_600,0.3,0.72,0.35166666666666685
Human_VAR_600,0.3,0.74,0.30000000000000004
Human_VAR_600,0.3,0.76,0.30000000000000004
Human_VAR_600,0.3,0.78,0.30000000000000004
Human_VAR_600,0.3,0.8,0.28833333333333333
Human_VAR_600,0.3,0.82,0.115
Human_VAR_600,0.3,0.84,0.115
Human_VAR_600,0.3,0.86,0.115
Human_VAR_600,0.3,0.88,0.06833333333333334
Human_VAR_600,0.3,0.9,0.06833333333333334
Human_VAR_600,0.3,0.92,0.06833333333333334
Human_VAR_600,0.3,0.94,0.04333333333333332
Human_VAR_600,0.3,0.96,0.04333333333333332
Human_VAR_600,0.3,0.98,0.04333333333333332
Human_VAR_600,0.3,1.0,0.04333333333333332
Human_VAR_600,0.32,0.0,0.9016666666666667
Human_VAR_600,0.32,0.02,0.9016666666666667
Human_VAR_600,0.32,0.04,0.9016666666666667
Human_VAR_600,0.32,0.06,0.9016666666666667
Human_VAR_600,0.32,0.08,0.9000000000000001
Human_VAR_600,0.32,0.1,0.9000000000000001
Human_VAR_600,0.32,0.12,0.9000000000000001
Human_VAR_600,0.32,0.14,0.9000000000000001
Human_VAR_600,0.32,0.16,0.9000000000000001
Human_VAR_600,0.32,0.18,0.9000000000000001
Human_VAR_600,0.32,0.2,0.9000000000000001
Human_VAR_600,0.32,0.22,0.87
Human_VAR_600,0.32,0.24,0.87
Human_VAR_600,0.32,0.26,0.87
Human_VAR_600,0.32,0.28,0.8500000000000003
Human_VAR_600,0.32,0.3,0.8500000000000003
Human_VAR_600,0.32,0.32,0.8500000000000003
Human_VAR_600,0.32,0.34,0.8233333333333336
Human_VAR_600,0.32,0.36,0.8233333333333336
Human_VAR_600,0.32,0.38,0.8233333333333336
Human_VAR_600,0.32,0.4,0.8200000000000004
Human_VAR_600,0.32,0.42,0.7299999999999999
Human_VAR_600,0.32,0.44,0.7299999999999999
Human_VAR_600,0.32,0.46,0.7299999999999999
Human_VAR_600,0.32,0.48,0.6533333333333334
Human_VAR_600,0.32,0.5,0.6533333333333334
Human_VAR_600,0.32,0.52,0.6533333333333334
Human_VAR_600,0.32,0.54,0.5600000000000002
Human_VAR_600,0.32,0.56,0.5600000000000002
Human_VAR_600,0.32,0.58,0.5600000000000002
Human_VAR_600,0.32,0.6,0.5600000000000002
Human_VAR_600,0.32,0.62,0.4516666666666667
Human_VAR_600,0.32,0.64,0.4516666666666667
Human_VAR_600,0.32,0.66,0.4516666666666667
Human_VAR_600,0.32,0.68,0.35166666666666685
Human_VAR_600,0.32,0.7,0.35166666666666685
Human_VAR_600,0.32,0.72,0.35166666666666685
Human_VAR_600,0.32,0.74,0.30000000000000004
Human_VAR_600,0.32,0.76,0.30000000000000004
Human_VAR_600,0.32,0.78,0.30000000000000004
Human_VAR_600,0.32,0.8,0.28833333333333333
Human_VAR_600,0.32,0.82,0.115
Human_VAR_600,0.32,0.84,0.115
Human_VAR_600,0.32,0.86,0.115
Human_VAR_600,0.32,0.88,0.06833333333333334
Human_VAR_600,0.32,0.9,0.06833333333333334
Human_VAR_600,0.32,0.92,0.06833333333333334
Human_VAR_600,0.32,0.94,0.04333333333333332
Human_VAR_600,0.32,0.96,0.04333333333333332
Human_VAR_600,0.32,0.98,0.04333333333333332
Human_VAR_600,0.32,1.0,0.04333333333333332
Human_VAR_600,0.34,0.0,0.8916666666666667
Human_VAR_600,0.34,0.02,0.8916666666666667
Human_VAR_600,0.34,0.04,0.8916666666666667
Human_VAR_600,0.34,0.06,0.8916666666666667
Human_VAR_600,0.34,0.08,0.89
Human_VAR_600,0.34,0.1,0.89
Human_VAR_600,0.34,0.12,0.89
Human_VAR_600,0.34,0.14,0.89
Human_VAR_600,0.34,0.16,0.89
Human_VAR_600,0.34,0.18,0.89
Human_VAR_600,0.34,0.2,0.89
Human_VAR_600,0.34,0.22,0.8633333333333334
Human_VAR_600,0.34,0.24,0.8633333333333334
Human_VAR_600,0.34,0.26,0.8633333333333334
Human_VAR_600,0.34,0.28,0.8466666666666669
Human_VAR_600,0.34,0.3,0.8466666666666669
Human_VAR_600,0.34,0.32,0.8466666666666669
Human_VAR_600,0.34,0.34,0.8200000000000004
Human_VAR_600,0.34,0.36,0.8200000000000004
Human_VAR_600,0.34,0.38,0.8200000000000004
Human_VAR_600,0.34,0.4,0.816666666666667
Human_VAR_600,0.34,0.42,0.7266666666666666
Human_VAR_600,0.34,0.44,0.7266666666666666
Human_VAR_600,0.34,0.46,0.7266666666666666
Human_VAR_600,0.34,0.48,0.6516666666666668
Human_VAR_600,0.34,0.5,0.6516666666666668
Human_VAR_600,0.34,0.52,0.6516666666666668
Human_VAR_600,0.34,0.54,0.5583333333333335
Human_VAR_600,0.34,0.56,0.5583333333333335
Human_VAR_600,0.34,0.58,0.5583333333333335
Human_VAR_600,0.34,0.6,0.5583333333333335
Human_VAR_600,0.34,0.62,0.4516666666666667
Human_VAR_600,0.34,0.64,0.4516666666666667
Human_VAR_600,0.34,0.66,0.4516666666666667
Human_VAR_600,0.34,0.68,0.35166666666666685
Human_VAR_600,0.34,0.7,0.35166666666666685
Human_VAR_600,0.34,0.72,0.35166666666666685
Human_VAR_600,0.34,0.74,0.30000000000000004
Human_VAR_600,0.34,0.76,0.30000000000000004
Human_VAR_600,0.34,0.78,0.30000000000000004
Human_VAR_600,0.34,0.8,0.28833333333333333
Human_VAR_600,0.34,0.82,0.115
Human_VAR_600,0.34,0.84,0.115
Human_VAR_600,0.34,0.86,0.115
Human_VAR_600,0.34,0.88,0.06833333333333334
Human_VAR_600,0.34,0.9,0.06833333333333334
Human_VAR_600,0.34,0.92,0.06833333333333334
Human_VAR_600,0.34,0.94,0.04333333333333332
Human_VAR_600,0.34,0.96,0.04333333333333332
Human_VAR_600,0.34,0.98,0.04333333333333332
Human_VAR_600,0.34,1.0,0.04333333333333332
Human_VAR_600,0.36,0.0,0.8916666666666667
Human_VAR_600,0.36,0.02,0.8916666666666667
Human_VAR_600,0.36,0.04,0.8916666666666667
Human_VAR_600,0.36,0.06,0.8916666666666667
Human_VAR_600,0.36,0.08,0.89
Human_VAR_600,0.36,0.1,0.89
Human_VAR_600,0.36,0.12,0.89
Human_VAR_600,0.36,0.14,0.89
Human_VAR_600,0.36,0.16,0.89
Human_VAR_600,0.36,0.18,0.89
Human_VAR_600,0.36,0.2,0.89
Human_VAR_600,0.36,0.22,0.8633333333333334
Human_VAR_600,0.36,0.24,0.8633333333333334
Human_VAR_600,0.36,0.26,0.8633333333333334
Human_VAR_600,0.36,0.28,0.8466666666666669
Human_VAR_600,0.36,0.3,0.8466666666666669
Human_VAR_600,0.36,0.32,0.8466666666666669
Human_VAR_600,0.36,0.34,0.8200000000000004
Human_VAR_600,0.36,0.36,0.8200000000000004
Human_VAR_600,0.36,0.38,0.8200000000000004
Human_VAR_600,0.36,0.4,0.816666666666667
Human_VAR_600,0.36,0.42,0.7266666666666666
Human_VAR_600,0.36,0.44,0.7266666666666666
Human_VAR_600,0.36,0.46,0.7266666666666666
Human_VAR_600,0.36,0.48,0.6516666666666668
Human_VAR_600,0.36,0.5,0.6516666666666668
Human_VAR_600,0.36,0.52,0.6516666666666668
Human_VAR_600,0.36,0.54,0.5583333333333335
Human_VAR_600,0.36,0.56,0.5583333333333335
Human_VAR_600,0.36,0.58,0.5583333333333335
Human_VAR_600,0.36,0.6,0.5583333333333335
Human_VAR_600,0.36,0.62,0.4516666666666667
Human_VAR_600,0.36,0.64,0.4516666666666667
Human_VAR_600,0.36,0.66,0.4516666666666667
Human_VAR_600,0.36,0.68,0.35166666666666685
Human_VAR_600,0.36,0.7,0.35166666666666685
Human_VAR_600,0.36,0.72,0.35166666666666685
Human_VAR_600,0.36,0.74,0.30000000000000004
Human_VAR_600,0.36,0.76,0.30000000000000004
Human_VAR_600,0.36,0.78,0.30000000000000004
Human_VAR_600,0.36,0.8,0.28833333333333333
Human_VAR_600,0.36,0.82,0.115
Human_VAR_600,0.36,0.84,0.115
Human_VAR_600,0.36,0.86,0.115
Human_VAR_600,0.36,0.88,0.06833333333333334
Human_VAR_600,0.36,0.9,0.06833333333333334
Human_VAR_600,0.36,0.92,0.06833333333333334
Human_VAR_600,0.36,0.94,0.04333333333333332
Human_VAR_600,0.36,0.96,0.04333333333333332
Human_VAR_600,0.36,0.98,0.04333333333333332
Human_VAR_600,0.36,1.0,0.04333333333333332
Human_VAR_600,0.38,0.0,0.8883333333333334
Human_VAR_600,0.38,0.02,0.8883333333333334
Human_VAR_600,0.38,0.04,0.8883333333333334
Human_VAR_600,0.38,0.06,0.8883333333333334
Human_VAR_600,0.38,0.08,0.8866666666666667
Human_VAR_600,0.38,0.1,0.8866666666666667
Human_VAR_600,0.38,0.12,0.8866666666666667
Human_VAR_600,0.38,0.14,0.8866666666666667
Human_VAR_600,0.38,0.16,0.8866666666666667
Human_VAR_600,0.38,0.18,0.8866666666666667
Human_VAR_600,0.38,0.2,0.8866666666666667
Human_VAR_600,0.38,0.22,0.8616666666666667
Human_VAR_600,0.38,0.24,0.8616666666666667
Human_VAR_600,0.38,0.26,0.8616666666666667
Human_VAR_600,0.38,0.28,0.8450000000000002
Human_VAR_600,0.38,0.3,0.8450000000000002
Human_VAR_600,0.38,0.32,0.8450000000000002
Human_VAR_600,0.38,0.34,0.8183333333333337
Human_VAR_600,0.38,0.36,0.8183333333333337
Human_VAR_600,0.38,0.38,0.8183333333333337
Human_VAR_600,0.38,0.4,0.8150000000000003
Human_VAR_600,0.38,0.42,0.7266666666666666
Human_VAR_600,0.38,0.44,0.7266666666666666
Human_VAR_600,0.38,0.46,0.7266666666666666
Human_VAR_600,0.38,0.48,0.6516666666666668
Human_VAR_600,0.38,0.5,0.6516666666666668
Human_VAR_600,0.38,0.52,0.6516666666666668
Human_VAR_600,0.38,0.54,0.5583333333333335
Human_VAR_600,0.38,0.56,0.5583333333333335
Human_VAR_600,0.38,0.58,0.5583333333333335
Human_VAR_600,0.38,0.6,0.5583333333333335
Human_VAR_600,0.38,0.62,0.4516666666666667
Human_VAR_600,0.38,0.64,0.4516666666666667
Human_VAR_600,0.38,0.66,0.4516666666666667
Human_VAR_600,0.38,0.68,0.35166666666666685
Human_VAR_600,0.38,0.7,0.35166666666666685
Human_VAR_600,0.38,0.72,0.35166666666666685
Human_VAR_600,0.38,0.74,0.30000000000000004
Human_VAR_600,0.38,0.76,0.30000000000000004
Human_VAR_600,0.38,0.78,0.30000000000000004
Human_VAR_600,0.38,0.8,0.28833333333333333
Human_VAR_600,0.38,0.82,0.115
Human_VAR_600,0.38,0.84,0.115
Human_VAR_600,0.38,0.86,0.115
Human_VAR_600,0.38,0.88,0.06833333333333334
Human_VAR_600,0.38,0.9,0.06833333333333334
Human_VAR_600,0.38,0.92,0.06833333333333334
Human_VAR_600,0.38,0.94,0.04333333333333332
Human_VAR_600,0.38,0.96,0.04333333333333332
Human_VAR_600,0.38,0.98,0.04333333333333332
Human_VAR_600,0.38,1.0,0.04333333333333332
Human_VAR_600,0.4,0.0,0.8866666666666667
Human_VAR_600,0.4,0.02,0.8866666666666667
Human_VAR_600,0.4,0.04,0.8866666666666667
Human_VAR_600,0.4,0.06,0.8866666666666667
Human_VAR_600,0.4,0.08,0.8850000000000001
Human_VAR_600,0.4,0.1,0.8850000000000001
Human_VAR_600,0.4,0.12,0.8850000000000001
Human_VAR_600,0.4,0.14,0.8850000000000001
Human_VAR_600,0.4,0.16,0.8850000000000001
Human_VAR_600,0.4,0.18,0.8850000000000001
Human_VAR_600,0.4,0.2,0.8850000000000001
Human_VAR_600,0.4,0.22,0.8600000000000001
Human_VAR_600,0.4,0.24,0.8600000000000001
Human_VAR_600,0.4,0.26,0.8600000000000001
Human_VAR_600,0.4,0.28,0.8433333333333336
Human_VAR_600,0.4,0.3,0.8433333333333336
Human_VAR_600,0.4,0.32,0.8433333333333336
Human_VAR_600,0.4,0.34,0.8166666666666669
Human_VAR_600,0.4,0.36,0.8166666666666669
Human_VAR_600,0.4,0.38,0.8166666666666669
Human_VAR_600,0.4,0.4,0.8133333333333337
Human_VAR_600,0.4,0.42,0.7249999999999999
Human_VAR_600,0.4,0.44,0.7249999999999999
Human_VAR_600,0.4,0.46,0.7249999999999999
Human_VAR_600,0.4,0.48,0.6500000000000001
Human_VAR_600,0.4,0.5,0.6500000000000001
Human_VAR_600,0.4,0.52,0.6500000000000001
Human_VAR_600,0.4,0.54,0.5566666666666668
Human_VAR_600,0.4,0.56,0.5566666666666668
Human_VAR_600,0.4,0.58,0.5566666666666668
Human_VAR_600,0.4,0.6,0.5566666666666668
Human_VAR_600,0.4,0.62,0.45000000000000007
Human_VAR_600,0.4,0.64,0.45000000000000007
Human_VAR_600,0.4,0.66,0.45000000000000007
Human_VAR_600,0.4,0.68,0.35000000000000014
Human_VAR_600,0.4,0.7,0.35000000000000014
Human_VAR_600,0.4,0.72,0.35000000000000014
Human_VAR_600,0.4,0.74,0.29833333333333334
Human_VAR_600,0.4,0.76,0.29833333333333334
Human_VAR_600,0.4,0.78,0.29833333333333334
Human_VAR_600,0.4,0.8,0.28666666666666674
Human_VAR_600,0.4,0.82,0.115
Human_VAR_600,0.4,0.84,0.115
Human_VAR_600,0.4,0.86,0.115
Human_VAR_600,0.4,0.88,0.06833333333333334
Human_VAR_600,0.4,0.9,0.06833333333333334
Human_VAR_600,0.4,0.92,0.06833333333333334
Human_VAR_600,0.4,0.94,0.04333333333333332
Human_VAR_600,0.4,0.96,0.04333333333333332
Human_VAR_600,0.4,0.98,0.04333333333333332
Human_VAR_600,0.4,1.0,0.04333333333333332
Human_VAR_600,0.42,0.0,0.8816666666666667
Human_VAR_600,0.42,0.02,0.8816666666666667
Human_VAR_600,0.42,0.04,0.8816666666666667
Human_VAR_600,0.42,0.06,0.8816666666666667
Human_VAR_600,0.42,0.08,0.8800000000000001
Human_VAR_600,0.42,0.1,0.8800000000000001
Human_VAR_600,0.42,0.12,0.8800000000000001
Human_VAR_600,0.42,0.14,0.8800000000000001
Human_VAR_600,0.42,0.16,0.8800000000000001
Human_VAR_600,0.42,0.18,0.8800000000000001
Human_VAR_600,0.42,0.2,0.8800000000000001
Human_VAR_600,0.42,0.22,0.8550000000000001
Human_VAR_600,0.42,0.24,0.8550000000000001
Human_VAR_600,0.42,0.26,0.8550000000000001
Human_VAR_600,0.42,0.28,0.8383333333333336
Human_VAR_600,0.42,0.3,0.8383333333333336
Human_VAR_600,0.42,0.32,0.8383333333333336
Human_VAR_600,0.42,0.34,0.8116666666666669
Human_VAR_600,0.42,0.36,0.8116666666666669
Human_VAR_600,0.42,0.38,0.8116666666666669
Human_VAR_600,0.42,0.4,0.8083333333333337
Human_VAR_600,0.42,0.42,0.7233333333333333
Human_VAR_600,0.42,0.44,0.7233333333333333
Human_VAR_600,0.42,0.46,0.7233333333333333
Human_VAR_600,0.42,0.48,0.6500000000000001
Human_VAR_600,0.42,0.5,0.6500000000000001
Human_VAR_600,0.42,0.52,0.6500000000000001
Human_VAR_600,0.42,0.54,0.5566666666666668
Human_VAR_600,0.42,0.56,0.5566666666666668
Human_VAR_600,0.42,0.58,0.5566666666666668
Human_VAR_600,0.42,0.6,0.5566666666666668
Human_VAR_600,0.42,0.62,0.45000000000000007
Human_VAR_600,0.42,0.64,0.45000000000000007
Human_VAR_600,0.42,0.66,0.45000000000000007
Human_VAR_600,0.42,0.68,0.35000000000000014
Human_VAR_600,0.42,0.7,0.35000000000000014
Human_VAR_600,0.42,0.72,0.35000000000000014
Human_VAR_600,0.42,0.74,0.29833333333333334
Human_VAR_600,0.42,0.76,0.29833333333333334
Human_VAR_600,0.42,0.78,0.29833333333333334
Human_VAR_600,0.42,0.8,0.28666666666666674
Human_VAR_600,0.42,0.82,0.115
Human_VAR_600,0.42,0.84,0.115
Human_VAR_600,0.42,0.86,0.115
Human_VAR_600,0.42,0.88,0.06833333333333334
Human_VAR_600,0.42,0.9,0.06833333333333334
Human_VAR_600,0.42,0.92,0.06833333333333334
Human_VAR_600,0.42,0.94,0.04333333333333332
Human_VAR_600,0.42,0.96,0.04333333333333332
Human_VAR_600,0.42,0.98,0.04333333333333332
Human_VAR_600,0.42,1.0,0.04333333333333332
Human_VAR_600,0.44,0.0,0.8766666666666668
Human_VAR_600,0.44,0.02,0.8766666666666668
Human_VAR_600,0.44,0.04,0.8766666666666668
Human_VAR_600,0.44,0.06,0.8766666666666668
Human_VAR_600,0.44,0.08,0.8750000000000001
Human_VAR_600,0.44,0.1,0.8750000000000001
Human_VAR_600,0.44,0.12,0.8750000000000001
Human_VAR_600,0.44,0.14,0.8750000000000001
Human_VAR_600,0.44,0.16,0.8750000000000001
Human_VAR_600,0.44,0.18,0.8750000000000001
Human_VAR_600,0.44,0.2,0.8750000000000001
Human_VAR_600,0.44,0.22,0.8516666666666669
Human_VAR_600,0.44,0.24,0.8516666666666669
Human_VAR_600,0.44,0.26,0.8516666666666669
Human_VAR_600,0.44,0.28,0.8366666666666669
Human_VAR_600,0.44,0.3,0.8366666666666669
Human_VAR_600,0.44,0.32,0.8366666666666669
Human_VAR_600,0.44,0.34,0.8100000000000002
Human_VAR_600,0.44,0.36,0.8100000000000002
Human_VAR_600,0.44,0.38,0.8100000000000002
Human_VAR_600,0.44,0.4,0.806666666666667
Human_VAR_600,0.44,0.42,0.7216666666666667
Human_VAR_600,0.44,0.44,0.7216666666666667
Human_VAR_600,0.44,0.46,0.7216666666666667
Human_VAR_600,0.44,0.48,0.6483333333333334
Human_VAR_600,0.44,0.5,0.6483333333333334
Human_VAR_600,0.44,0.52,0.6483333333333334
Human_VAR_600,0.44,0.54,0.5566666666666668
Human_VAR_600,0.44,0.56,0.5566666666666668
Human_VAR_600,0.44,0.58,0.5566666666666668
Human_VAR_600,0.44,0.6,0.5566666666666668
Human_VAR_600,0.44,0.62,0.45000000000000007
Human_VAR_600,0.44,0.64,0.45000000000000007
Human_VAR_600,0.44,0.66,0.45000000000000007
Human_VAR_600,0.44,0.68,0.35000000000000014
Human_VAR_600,0.44,0.7,0.35000000000000014
Human_VAR_600,0.44,0.72,0.35000000000000014
Human_VAR_600,0.44,0.74,0.29833333333333334
Human_VAR_600,0.44,0.76,0.29833333333333334
Human_VAR_600,0.44,0.78,0.29833333333333334
Human_VAR_600,0.44,0.8,0.28666666666666674
Human_VAR_600,0.44,0.82,0.115
Human_VAR_600,0.44,0.84,0.115
Human_VAR_600,0.44,0.86,0.115
Human_VAR_600,0.44,0.88,0.06833333333333334
Human_VAR_600,0.44,0.9,0.06833333333333334
Human_VAR_600,0.44,0.92,0.06833333333333334
Human_VAR_600,0.44,0.94,0.04333333333333332
Human_VAR_600,0.44,0.96,0.04333333333333332
Human_VAR_600,0.44,0.98,0.04333333333333332
Human_VAR_600,0.44,1.0,0.04333333333333332
Human_VAR_600,0.46,0.0,0.8666666666666668
Human_VAR_600,0.46,0.02,0.8666666666666668
Human_VAR_600,0.46,0.04,0.8666666666666668
Human_VAR_600,0.46,0.06,0.8666666666666668
Human_VAR_600,0.46,0.08,0.8650000000000001
Human_VAR_600,0.46,0.1,0.8650000000000001
Human_VAR_600,0.46,0.12,0.8650000000000001
Human_VAR_600,0.46,0.14,0.8650000000000001
Human_VAR_600,0.46,0.16,0.8650000000000001
Human_VAR_600,0.46,0.18,0.8650000000000001
Human_VAR_600,0.46,0.2,0.8650000000000001
Human_VAR_600,0.46,0.22,0.8433333333333334
Human_VAR_600,0.46,0.24,0.8433333333333334
Human_VAR_600,0.46,0.26,0.8433333333333334
Human_VAR_600,0.46,0.28,0.8283333333333335
Human_VAR_600,0.46,0.3,0.8283333333333335
Human_VAR_600,0.46,0.32,0.8283333333333335
Human_VAR_600,0.46,0.34,0.8016666666666667
Human_VAR_600,0.46,0.36,0.8016666666666667
Human_VAR_600,0.46,0.38,0.8016666666666667
Human_VAR_600,0.46,0.4,0.7983333333333336
Human_VAR_600,0.46,0.42,0.7133333333333333
Human_VAR_600,0.46,0.44,0.7133333333333333
Human_VAR_600,0.46,0.46,0.7133333333333333
Human_VAR_600,0.46,0.48,0.6450000000000001
Human_VAR_600,0.46,0.5,0.6450000000000001
Human_VAR_600,0.46,0.52,0.6450000000000001
Human_VAR_600,0.46,0.54,0.5533333333333335
Human_VAR_600,0.46,0.56,0.5533333333333335
Human_VAR_600,0.46,0.58,0.5533333333333335
Human_VAR_600,0.46,0.6,0.5533333333333335
Human_VAR_600,0.46,0.62,0.44666666666666677
Human_VAR_600,0.46,0.64,0.44666666666666677
Human_VAR_600,0.46,0.66,0.44666666666666677
Human_VAR_600,0.46,0.68,0.35000000000000014
Human_VAR_600,0.46,0.7,0.35000000000000014
Human_VAR_600,0.46,0.72,0.35000000000000014
Human_VAR_600,0.46,0.74,0.29833333333333334
Human_VAR_600,0.46,0.76,0.29833333333333334
Human_VAR_600,0.46,0.78,0.29833333333333334
Human_VAR_600,0.46,0.8,0.28666666666666674
Human_VAR_600,0.46,0.82,0.115
Human_VAR_600,0.46,0.84,0.115
Human_VAR_600,0.46,0.86,0.115
Human_VAR_600,0.46,0.88,0.06833333333333334
Human_VAR_600,0.46,0.9,0.06833333333333334
Human_VAR_600,0.46,0.92,0.06833333333333334
Human_VAR_600,0.46,0.94,0.04333333333333332
Human_VAR_600,0.46,0.96,0.04333333333333332
Human_VAR_600,0.46,0.98,0.04333333333333332
Human_VAR_600,0.46,1.0,0.04333333333333332
Human_VAR_600,0.48,0.0,0.8583333333333336
Human_VAR_600,0.48,0.02,0.8583333333333336
Human_VAR_600,0.48,0.04,0.8583333333333336
Human_VAR_600,0.48,0.06,0.8583333333333336
Human_VAR_600,0.48,0.08,0.8566666666666669
Human_VAR_600,0.48,0.1,0.8566666666666669
Human_VAR_600,0.48,0.12,0.8566666666666669
Human_VAR_600,0.48,0.14,0.8566666666666669
Human_VAR_600,0.48,0.16,0.8566666666666669
Human_VAR_600,0.48,0.18,0.8566666666666669
Human_VAR_600,0.48,0.2,0.8566666666666669
Human_VAR_600,0.48,0.22,0.835
Human_VAR_600,0.48,0.24,0.835
Human_VAR_600,0.48,0.26,0.835
Human_VAR_600,0.48,0.28,0.8200000000000002
Human_VAR_600,0.48,0.3,0.8200000000000002
Human_VAR_600,0.48,0.32,0.8200000000000002
Human_VAR_600,0.48,0.34,0.7950000000000002
Human_VAR_600,0.48,0.36,0.7950000000000002
Human_VAR_600,0.48,0.38,0.7950000000000002
Human_VAR_600,0.48,0.4,0.7916666666666669
Human_VAR_600,0.48,0.42,0.7066666666666667
Human_VAR_600,0.48,0.44,0.7066666666666667
Human_VAR_600,0.48,0.46,0.7066666666666667
Human_VAR_600,0.48,0.48,0.6433333333333334
Human_VAR_600,0.48,0.5,0.6433333333333334
Human_VAR_600,0.48,0.52,0.6433333333333334
Human_VAR_600,0.48,0.54,0.5533333333333335
Human_VAR_600,0.48,0.56,0.5533333333333335
Human_VAR_600,0.48,0.58,0.5533333333333335
Human_VAR_600,0.48,0.6,0.5533333333333335
Human_VAR_600,0.48,0.62,0.44666666666666677
Human_VAR_600,0.48,0.64,0.44666666666666677
Human_VAR_600,0.48,0.66,0.44666666666666677
Human_VAR_600,0.48,0.68,0.35000000000000014
Human_VAR_600,0.48,0.7,0.35000000000000014
Human_VAR_600,0.48,0.72,0.35000000000000014
Human_VAR_600,0.48,0.74,0.29833333333333334
Human_VAR_600,0.48,0.76,0.29833333333333334
Human_VAR_600,0.48,0.78,0.29833333333333334
Human_VAR_600,0.48,0.8,0.28666666666666674
Human_VAR_600,0.48,0.82,0.115
Human_VAR_600,0.48,0.84,0.115
Human_VAR_600,0.48,0.86,0.115
Human_VAR_600,0.48,0.88,0.06833333333333334
Human_VAR_600,0.48,0.9,0.06833333333333334
Human_VAR_600,0.48,0.92,0.06833333333333334
Human_VAR_600,0.48,0.94,0.04333333333333332
Human_VAR_600,0.48,0.96,0.04333333333333332
Human_VAR_600,0.48,0.98,0.04333333333333332
Human_VAR_600,0.48,1.0,0.04333333333333332
Human_VAR_600,0.5,0.0,0.8550000000000001
Human_VAR_600,0.5,0.02,0.8550000000000001
Human_VAR_600,0.5,0.04,0.8550000000000001
Human_VAR_600,0.5,0.06,0.8550000000000001
Human_VAR_600,0.5,0.08,0.8533333333333336
Human_VAR_600,0.5,0.1,0.8533333333333336
Human_VAR_600,0.5,0.12,0.8533333333333336
Human_VAR_600,0.5,0.14,0.8533333333333336
Human_VAR_600,0.5,0.16,0.8533333333333336
Human_VAR_600,0.5,0.18,0.8533333333333336
Human_VAR_600,0.5,0.2,0.8533333333333336
Human_VAR_600,0.5,0.22,0.8333333333333335
Human_VAR_600,0.5,0.24,0.8333333333333335
Human_VAR_600,0.5,0.26,0.8333333333333335
Human_VAR_600,0.5,0.28,0.8200000000000002
Human_VAR_600,0.5,0.3,0.8200000000000002
Human_VAR_600,0.5,0.32,0.8200000000000002
Human_VAR_600,0.5,0.34,0.7950000000000002
Human_VAR_600,0.5,0.36,0.7950000000000002
Human_VAR_600,0.5,0.38,0.7950000000000002
Human_VAR_600,0.5,0.4,0.7916666666666669
Human_VAR_600,0.5,0.42,0.7066666666666667
Human_VAR_600,0.5,0.44,0.7066666666666667
Human_VAR_600,0.5,0.46,0.7066666666666667
Human_VAR_600,0.5,0.48,0.6433333333333334
Human_VAR_600,0.5,0.5,0.6433333333333334
Human_VAR_600,0.5,0.52,0.6433333333333334
Human_VAR_600,0.5,0.54,0.5533333333333335
Human_VAR_600,0.5,0.56,0.5533333333333335
Human_VAR_600,0.5,0.58,0.5533333333333335
Human_VAR_600,0.5,0.6,0.5533333333333335
Human_VAR_600,0.5,0.62,0.44666666666666677
Human_VAR_600,0.5,0.64,0.44666666666666677
Human_VAR_600,0.5,0.66,0.44666666666666677
Human_VAR_600,0.5,0.68,0.35000000000000014
Human_VAR_600,0.5,0.7,0.35000000000000014
Human_VAR_600,0.5,0.72,0.35000000000000014
Human_VAR_600,0.5,0.74,0.29833333333333334
Human_VAR_600,0.5,0.76,0.29833333333333334
Human_VAR_600,0.5,0.78,0.29833333333333334
Human_VAR_600,0.5,0.8,0.28666666666666674
Human_VAR_600,0.5,0.82,0.115
Human_VAR_600,0.5,0.84,0.115
Human_VAR_600,0.5,0.86,0.115
Human_VAR_600,0.5,0.88,0.06833333333333334
Human_VAR_600,0.5,0.9,0.06833333333333334
Human_VAR_600,0.5,0.92,0.06833333333333334
Human_VAR_600,0.5,0.94,0.04333333333333332
Human_VAR_600,0.5,0.96,0.04333333333333332
Human_VAR_600,0.5,0.98,0.04333333333333332
Human_VAR_600,0.5,1.0,0.04333333333333332
Human_VAR_600,0.52,0.0,0.8400000000000002
Human_VAR_600,0.52,0.02,0.8400000000000002
Human_VAR_600,0.52,0.04,0.8400000000000002
Human_VAR_600,0.52,0.06,0.8400000000000002
Human_VAR_600,0.52,0.08,0.8383333333333336
Human_VAR_600,0.52,0.1,0.8383333333333336
Human_VAR_600,0.52,0.12,0.8383333333333336
Human_VAR_600,0.52,0.14,0.8383333333333336
Human_VAR_600,0.52,0.16,0.8383333333333336
Human_VAR_600,0.52,0.18,0.8383333333333336
Human_VAR_600,0.52,0.2,0.8383333333333336
Human_VAR_600,0.52,0.22,0.8216666666666669
Human_VAR_600,0.52,0.24,0.8216666666666669
Human_VAR_600,0.52,0.26,0.8216666666666669
Human_VAR_600,0.52,0.28,0.8083333333333336
Human_VAR_600,0.52,0.3,0.8083333333333336
Human_VAR_600,0.52,0.32,0.8083333333333336
Human_VAR_600,0.52,0.34,0.7850000000000001
Human_VAR_600,0.52,0.36,0.7850000000000001
Human_VAR_600,0.52,0.38,0.7850000000000001
Human_VAR_600,0.52,0.4,0.7816666666666668
Human_VAR_600,0.52,0.42,0.7016666666666667
Human_VAR_600,0.52,0.44,0.7016666666666667
Human_VAR_600,0.52,0.46,0.7016666666666667
Human_VAR_600,0.52,0.48,0.6383333333333334
Human_VAR_600,0.52,0.5,0.6383333333333334
Human_VAR_600,0.52,0.52,0.6383333333333334
Human_VAR_600,0.52,0.54,0.5500000000000003
Human_VAR_600,0.52,0.56,0.5500000000000003
Human_VAR_600,0.52,0.58,0.5500000000000003
Human_VAR_600,0.52,0.6,0.5500000000000003
Human_VAR_600,0.52,0.62,0.4433333333333335
Human_VAR_600,0.52,0.64,0.4433333333333335
Human_VAR_600,0.52,0.66,0.4433333333333335
Human_VAR_600,0.52,0.68,0.3466666666666668
Human_VAR_600,0.52,0.7,0.3466666666666668
Human_VAR_600,0.52,0.72,0.3466666666666668
Human_VAR_600,0.52,0.74,0.29500000000000004
Human_VAR_600,0.52,0.76,0.29500000000000004
Human_VAR_600,0.52,0.78,0.29500000000000004
Human_VAR_600,0.52,0.8,0.2833333333333334
Human_VAR_600,0.52,0.82,0.115
Human_VAR_600,0.52,0.84,0.115
Human_VAR_600,0.52,0.86,0.115
Human_VAR_600,0.52,0.88,0.06833333333333334
Human_VAR_600,0.52,0.9,0.06833333333333334
Human_VAR_600,0.52,0.92,0.06833333333333334
Human_VAR_600,0.52,0.94,0.04333333333333332
Human_VAR_600,0.52,0.96,0.04333333333333332
Human_VAR_600,0.52,0.98,0.04333333333333332
Human_VAR_600,0.52,1.0,0.04333333333333332
Human_VAR_600,0.54,0.0,0.8333333333333336
Human_VAR_600,0.54,0.02,0.8333333333333336
Human_VAR_600,0.54,0.04,0.8333333333333336
Human_VAR_600,0.54,0.06,0.8333333333333336
Human_VAR_600,0.54,0.08,0.831666666666667
Human_VAR_600,0.54,0.1,0.831666666666667
Human_VAR_600,0.54,0.12,0.831666666666667
Human_VAR_600,0.54,0.14,0.831666666666667
Human_VAR_600,0.54,0.16,0.831666666666667
Human_VAR_600,0.54,0.18,0.831666666666667
Human_VAR_600,0.54,0.2,0.831666666666667
Human_VAR_600,0.54,0.22,0.8166666666666669
Human_VAR_600,0.54,0.24,0.8166666666666669
Human_VAR_600,0.54,0.26,0.8166666666666669
Human_VAR_600,0.54,0.28,0.8033333333333336
Human_VAR_600,0.54,0.3,0.8033333333333336
Human_VAR_600,0.54,0.32,0.8033333333333336
Human_VAR_600,0.54,0.34,0.7816666666666668
Human_VAR_600,0.54,0.36,0.7816666666666668
Human_VAR_600,0.54,0.38,0.7816666666666668
Human_VAR_600,0.54,0.4,0.7783333333333335
Human_VAR_600,0.54,0.42,0.7016666666666667
Human_VAR_600,0.54,0.44,0.7016666666666667
Human_VAR_600,0.54,0.46,0.7016666666666667
Human_VAR_600,0.54,0.48,0.6383333333333334
Human_VAR_600,0.54,0.5,0.6383333333333334
Human_VAR_600,0.54,0.52,0.6383333333333334
Human_VAR_600,0.54,0.54,0.5500000000000003
Human_VAR_600,0.54,0.56,0.5500000000000003
Human_VAR_600,0.54,0.58,0.5500000000000003
Human_VAR_600,0.54,0.6,0.5500000000000003
Human_VAR_600,0.54,0.62,0.4433333333333335
Human_VAR_600,0.54,0.64,0.4433333333333335
Human_VAR_600,0.54,0.66,0.4433333333333335
Human_VAR_600,0.54,0.68,0.3466666666666668
Human_VAR_600,0.54,0.7,0.3466666666666668
Human_VAR_600,0.54,0.72,0.3466666666666668
Human_VAR_600,0.54,0.74,0.29500000000000004
Human_VAR_600,0.54,0.76,0.29500000000000004
Human_VAR_600,0.54,0.78,0.29500000000000004
Human_VAR_600,0.54,0.8,0.2833333333333334
Human_VAR_600,0.54,0.82,0.115
Human_VAR_600,0.54,0.84,0.115
Human_VAR_600,0.54,0.86,0.115
Human_VAR_600,0.54,0.88,0.06833333333333334
Human_VAR_600,0.54,0.9,0.06833333333333334
Human_VAR_600,0.54,0.92,0.06833333333333334
Human_VAR_600,0.54,0.94,0.04333333333333332
Human_VAR_600,0.54,0.96,0.04333333333333332
Human_VAR_600,0.54,0.98,0.04333333333333332
Human_VAR_600,0.54,1.0,0.04333333333333332
Human_VAR_600,0.56,0.0,0.821666666666667
Human_VAR_600,0.56,0.02,0.821666666666667
Human_VAR_600,0.56,0.04,0.821666666666667
Human_VAR_600,0.56,0.06,0.821666666666667
Human_VAR_600,0.56,0.08,0.8200000000000004
Human_VAR_600,0.56,0.1,0.8200000000000004
Human_VAR_600,0.56,0.12,0.8200000000000004
Human_VAR_600,0.56,0.14,0.8200000000000004
Human_VAR_600,0.56,0.16,0.8200000000000004
Human_VAR_600,0.56,0.18,0.8200000000000004
Human_VAR_600,0.56,0.2,0.8200000000000004
Human_VAR_600,0.56,0.22,0.8083333333333335
Human_VAR_600,0.56,0.24,0.8083333333333335
Human_VAR_600,0.56,0.26,0.8083333333333335
Human_VAR_600,0.56,0.28,0.7966666666666667
Human_VAR_600,0.56,0.3,0.7966666666666667
Human_VAR_600,0.56,0.32,0.7966666666666667
Human_VAR_600,0.56,0.34,0.775
Human_VAR_600,0.56,0.36,0.775
Human_VAR_600,0.56,0.38,0.775
Human_VAR_600,0.56,0.4,0.7716666666666668
Human_VAR_600,0.56,0.42,0.6966666666666668
Human_VAR_600,0.56,0.44,0.6966666666666668
Human_VAR_600,0.56,0.46,0.6966666666666668
Human_VAR_600,0.56,0.48,0.6333333333333333
Human_VAR_600,0.56,0.5,0.6333333333333333
Human_VAR_600,0.56,0.52,0.6333333333333333
Human_VAR_600,0.56,0.54,0.5450000000000003
Human_VAR_600,0.56,0.56,0.5450000000000003
Human_VAR_600,0.56,0.58,0.5450000000000003
Human_VAR_600,0.56,0.6,0.5450000000000003
Human_VAR_600,0.56,0.62,0.4383333333333334
Human_VAR_600,0.56,0.64,0.4383333333333334
Human_VAR_600,0.56,0.66,0.4383333333333334
Human_VAR_600,0.56,0.68,0.34333333333333343
Human_VAR_600,0.56,0.7,0.34333333333333343
Human_VAR_600,0.56,0.72,0.34333333333333343
Human_VAR_600,0.56,0.74,0.29500000000000004
Human_VAR_600,0.56,0.76,0.29500000000000004
Human_VAR_600,0.56,0.78,0.29500000000000004
Human_VAR_600,0.56,0.8,0.2833333333333334
Human_VAR_600,0.56,0.82,0.115
Human_VAR_600,0.56,0.84,0.115
Human_VAR_600,0.56,0.86,0.115
Human_VAR_600,0.56,0.88,0.06833333333333334
Human_VAR_600,0.56,0.9,0.06833333333333334
Human_VAR_600,0.56,0.92,0.06833333333333334
Human_VAR_600,0.56,0.94,0.04333333333333332
Human_VAR_600,0.56,0.96,0.04333333333333332
Human_VAR_600,0.56,0.98,0.04333333333333332
Human_VAR_600,0.56,1.0,0.04333333333333332
Human_VAR_600,0.58,0.0,0.8133333333333337
Human_VAR_600,0.58,0.02,0.8133333333333337
Human_VAR_600,0.58,0.04,0.8133333333333337
Human_VAR_600,0.58,0.06,0.8133333333333337
Human_VAR_600,0.58,0.08,0.811666666666667
Human_VAR_600,0.58,0.1,0.811666666666667
Human_VAR_600,0.58,0.12,0.811666666666667
Human_VAR_600,0.58,0.14,0.811666666666667
Human_VAR_600,0.58,0.16,0.811666666666667
Human_VAR_600,0.58,0.18,0.811666666666667
Human_VAR_600,0.58,0.2,0.811666666666667
Human_VAR_600,0.58,0.22,0.8000000000000002
Human_VAR_600,0.58,0.24,0.8000000000000002
Human_VAR_600,0.58,0.26,0.8000000000000002
Human_VAR_600,0.58,0.28,0.7883333333333331
Human_VAR_600,0.58,0.3,0.7883333333333331
Human_VAR_600,0.58,0.32,0.7883333333333331
Human_VAR_600,0.58,0.34,0.7683333333333333
Human_VAR_600,0.58,0.36,0.7683333333333333
Human_VAR_600,0.58,0.38,0.7683333333333333
Human_VAR_600,0.58,0.4,0.765
Human_VAR_600,0.58,0.42,0.69
Human_VAR_600,0.58,0.44,0.69
Human_VAR_600,0.58,0.46,0.69
Human_VAR_600,0.58,0.48,0.6266666666666667
Human_VAR_600,0.58,0.5,0.6266666666666667
Human_VAR_600,0.58,0.52,0.6266666666666667
Human_VAR_600,0.58,0.54,0.5400000000000003
Human_VAR_600,0.58,0.56,0.5400000000000003
Human_VAR_600,0.58,0.58,0.5400000000000003
Human_VAR_600,0.58,0.6,0.5400000000000003
Human_VAR_600,0.58,0.62,0.4333333333333335
Human_VAR_600,0.58,0.64,0.4333333333333335
Human_VAR_600,0.58,0.66,0.4333333333333335
Human_VAR_600,0.58,0.68,0.3400000000000001
Human_VAR_600,0.58,0.7,0.3400000000000001
Human_VAR_600,0.58,0.72,0.3400000000000001
Human_VAR_600,0.58,0.74,0.29500000000000004
Human_VAR_600,0.58,0.76,0.29500000000000004
Human_VAR_600,0.58,0.78,0.29500000000000004
Human_VAR_600,0.58,0.8,0.2833333333333334
Human_VAR_600,0.58,0.82,0.115
Human_VAR_600,0.58,0.84,0.115
Human_VAR_600,0.58,0.86,0.115
Human_VAR_600,0.58,0.88,0.06833333333333334
Human_VAR_600,0.58,0.9,0.06833333333333334
Human_VAR_600,0.58,0.92,0.06833333333333334
Human_VAR_600,0.58,0.94,0.04333333333333332
Human_VAR_600,0.58,0.96,0.04333333333333332
Human_VAR_600,0.58,0.98,0.04333333333333332
Human_VAR_600,0.58,1.0,0.04333333333333332
Human_VAR_600,0.6,0.0,0.8050000000000003
Human_VAR_600,0.6,0.02,0.8050000000000003
Human_VAR_600,0.6,0.04,0.8050000000000003
Human_VAR_600,0.6,0.06,0.8050000000000003
Human_VAR_600,0.6,0.08,0.8033333333333337
Human_VAR_600,0.6,0.1,0.8033333333333337
Human_VAR_600,0.6,0.12,0.8033333333333337
Human_VAR_600,0.6,0.14,0.8033333333333337
Human_VAR_600,0.6,0.16,0.8033333333333337
Human_VAR_600,0.6,0.18,0.8033333333333337
Human_VAR_600,0.6,0.2,0.8033333333333337
Human_VAR_600,0.6,0.22,0.7916666666666667
Human_VAR_600,0.6,0.24,0.7916666666666667
Human_VAR_600,0.6,0.26,0.7916666666666667
Human_VAR_600,0.6,0.28,0.7816666666666666
Human_VAR_600,0.6,0.3,0.7816666666666666
Human_VAR_600,0.6,0.32,0.7816666666666666
Human_VAR_600,0.6,0.34,0.7633333333333333
Human_VAR_600,0.6,0.36,0.7633333333333333
Human_VAR_600,0.6,0.38,0.7633333333333333
Human_VAR_600,0.6,0.4,0.76
Human_VAR_600,0.6,0.42,0.6866666666666668
Human_VAR_600,0.6,0.44,0.6866666666666668
Human_VAR_600,0.6,0.46,0.6866666666666668
Human_VAR_600,0.6,0.48,0.6233333333333334
Human_VAR_600,0.6,0.5,0.6233333333333334
Human_VAR_600,0.6,0.52,0.6233333333333334
Human_VAR_600,0.6,0.54,0.5400000000000003
Human_VAR_600,0.6,0.56,0.5400000000000003
Human_VAR_600,0.6,0.58,0.5400000000000003
Human_VAR_600,0.6,0.6,0.5400000000000003
Human_VAR_600,0.6,0.62,0.4333333333333335
Human_VAR_600,0.6,0.64,0.4333333333333335
Human_VAR_600,0.6,0.66,0.4333333333333335
Human_VAR_600,0.6,0.68,0.3400000000000001
Human_VAR_600,0.6,0.7,0.3400000000000001
Human_VAR_600,0.6,0.72,0.3400000000000001
Human_VAR_600,0.6,0.74,0.29500000000000004
Human_VAR_600,0.6,0.76,0.29500000000000004
Human_VAR_600,0.6,0.78,0.29500000000000004
Human_VAR_600,0.6,0.8,0.2833333333333334
Human_VAR_600,0.6,0.82,0.115
Human_VAR_600,0.6,0.84,0.115
Human_VAR_600,0.6,0.86,0.115
Human_VAR_600,0.6,0.88,0.06833333333333334
Human_VAR_600,0.6,0.9,0.06833333333333334
Human_VAR_600,0.6,0.92,0.06833333333333334
Human_VAR_600,0.6,0.94,0.04333333333333332
Human_VAR_600,0.6,0.96,0.04333333333333332
Human_VAR_600,0.6,0.98,0.04333333333333332
Human_VAR_600,0.6,1.0,0.04333333333333332
Human_VAR_600,0.62,0.0,0.7950000000000002
Human_VAR_600,0.62,0.02,0.7950000000000002
Human_VAR_600,0.62,0.04,0.7950000000000002
Human_VAR_600,0.62,0.06,0.7950000000000002
Human_VAR_600,0.62,0.08,0.7933333333333334
Human_VAR_600,0.62,0.1,0.7933333333333334
Human_VAR_600,0.62,0.12,0.7933333333333334
Human_VAR_600,0.62,0.14,0.7933333333333334
Human_VAR_600,0.62,0.16,0.7933333333333334
Human_VAR_600,0.62,0.18,0.7933333333333334
Human_VAR_600,0.62,0.2,0.7933333333333334
Human_VAR_600,0.62,0.22,0.7816666666666667
Human_VAR_600,0.62,0.24,0.7816666666666667
Human_VAR_600,0.62,0.26,0.7816666666666667
Human_VAR_600,0.62,0.28,0.7716666666666667
Human_VAR_600,0.62,0.3,0.7716666666666667
Human_VAR_600,0.62,0.32,0.7716666666666667
Human_VAR_600,0.62,0.34,0.755
Human_VAR_600,0.62,0.36,0.755
Human_VAR_600,0.62,0.38,0.755
Human_VAR_600,0.62,0.4,0.7516666666666667
Human_VAR_600,0.62,0.42,0.6816666666666665
Human_VAR_600,0.62,0.44,0.6816666666666665
Human_VAR_600,0.62,0.46,0.6816666666666665
Human_VAR_600,0.62,0.48,0.6183333333333332
Human_VAR_600,0.62,0.5,0.6183333333333332
Human_VAR_600,0.62,0.52,0.6183333333333332
Human_VAR_600,0.62,0.54,0.5350000000000001
Human_VAR_600,0.62,0.56,0.5350000000000001
Human_VAR_600,0.62,0.58,0.5350000000000001
Human_VAR_600,0.62,0.6,0.5350000000000001
Human_VAR_600,0.62,0.62,0.42833333333333345
Human_VAR_600,0.62,0.64,0.42833333333333345
Human_VAR_600,0.62,0.66,0.42833333333333345
Human_VAR_600,0.62,0.68,0.3366666666666667
Human_VAR_600,0.62,0.7,0.3366666666666667
Human_VAR_600,0.62,0.72,0.3366666666666667
Human_VAR_600,0.62,0.74,0.29166666666666674
Human_VAR_600,0.62,0.76,0.29166666666666674
Human_VAR_600,0.62,0.78,0.29166666666666674
Human_VAR_600,0.62,0.8,0.2800000000000001
Human_VAR_600,0.62,0.82,0.11166666666666668
Human_VAR_600,0.62,0.84,0.11166666666666668
Human_VAR_600,0.62,0.86,0.11166666666666668
Human_VAR_600,0.62,0.88,0.065
Human_VAR_600,0.62,0.9,0.065
Human_VAR_600,0.62,0.92,0.065
Human_VAR_600,0.62,0.94,0.04333333333333332
Human_VAR_600,0.62,0.96,0.04333333333333332
Human_VAR_600,0.62,0.98,0.04333333333333332
Human_VAR_600,0.62,1.0,0.04333333333333332
Human_VAR_600,0.64,0.0,0.775
Human_VAR_600,0.64,0.02,0.775
Human_VAR_600,0.64,0.04,0.775
Human_VAR_600,0.64,0.06,0.775
Human_VAR_600,0.64,0.08,0.7733333333333334
Human_VAR_600,0.64,0.1,0.7733333333333334
Human_VAR_600,0.64,0.12,0.7733333333333334
Human_VAR_600,0.64,0.14,0.7733333333333334
Human_VAR_600,0.64,0.16,0.7733333333333334
Human_VAR_600,0.64,0.18,0.7733333333333334
Human_VAR_600,0.64,0.2,0.7733333333333334
Human_VAR_600,0.64,0.22,0.765
Human_VAR_600,0.64,0.24,0.765
Human_VAR_600,0.64,0.26,0.765
Human_VAR_600,0.64,0.28,0.7550000000000001
Human_VAR_600,0.64,0.3,0.7550000000000001
Human_VAR_600,0.64,0.32,0.7550000000000001
Human_VAR_600,0.64,0.34,0.7416666666666668
Human_VAR_600,0.64,0.36,0.7416666666666668
Human_VAR_600,0.64,0.38,0.7416666666666668
Human_VAR_600,0.64,0.4,0.7383333333333336
Human_VAR_600,0.64,0.42,0.675
Human_VAR_600,0.64,0.44,0.675
Human_VAR_600,0.64,0.46,0.675
Human_VAR_600,0.64,0.48,0.6149999999999999
Human_VAR_600,0.64,0.5,0.6149999999999999
Human_VAR_600,0.64,0.52,0.6149999999999999
Human_VAR_600,0.64,0.54,0.5333333333333334
Human_VAR_600,0.64,0.56,0.5333333333333334
Human_VAR_600,0.64,0.58,0.5333333333333334
Human_VAR_600,0.64,0.6,0.5333333333333334
Human_VAR_600,0.64,0.62,0.4266666666666668
Human_VAR_600,0.64,0.64,0.4266666666666668
Human_VAR_600,0.64,0.66,0.4266666666666668
Human_VAR_600,0.64,0.68,0.3366666666666667
Human_VAR_600,0.64,0.7,0.3366666666666667
Human_VAR_600,0.64,0.72,0.3366666666666667
Human_VAR_600,0.64,0.74,0.29166666666666674
Human_VAR_600,0.64,0.76,0.29166666666666674
Human_VAR_600,0.64,0.78,0.29166666666666674
Human_VAR_600,0.64,0.8,0.2800000000000001
Human_VAR_600,0.64,0.82,0.11166666666666668
Human_VAR_600,0.64,0.84,0.11166666666666668
Human_VAR_600,0.64,0.86,0.11166666666666668
Human_VAR_600,0.64,0.88,0.065
Human_VAR_600,0.64,0.9,0.065
Human_VAR_600,0.64,0.92,0.065
Human_VAR_600,0.64,0.94,0.04333333333333332
Human_VAR_600,0.64,0.96,0.04333333333333332
Human_VAR_600,0.64,0.98,0.04333333333333332
Human_VAR_600,0.64,1.0,0.04333333333333332
Human_VAR_600,0.66,0.0,0.7683333333333333
Human_VAR_600,0.66,0.02,0.7683333333333333
Human_VAR_600,0.66,0.04,0.7683333333333333
Human_VAR_600,0.66,0.06,0.7683333333333333
Human_VAR_600,0.66,0.08,0.7666666666666666
Human_VAR_600,0.66,0.1,0.7666666666666666
Human_VAR_600,0.66,0.12,0.7666666666666666
Human_VAR_600,0.66,0.14,0.7666666666666666
Human_VAR_600,0.66,0.16,0.7666666666666666
Human_VAR_600,0.66,0.18,0.7666666666666666
Human_VAR_600,0.66,0.2,0.7666666666666666
Human_VAR_600,0.66,0.22,0.76
Human_VAR_600,0.66,0.24,0.76
Human_VAR_600,0.66,0.26,0.76
Human_VAR_600,0.66,0.28,0.7500000000000001
Human_VAR_600,0.66,0.3,0.7500000000000001
Human_VAR_600,0.66,0.32,0.7500000000000001
Human_VAR_600,0.66,0.34,0.7366666666666668
Human_VAR_600,0.66,0.36,0.7366666666666668
Human_VAR_600,0.66,0.38,0.7366666666666668
Human_VAR_600,0.66,0.4,0.7333333333333336
Human_VAR_600,0.66,0.42,0.67
Human_VAR_600,0.66,0.44,0.67
Human_VAR_600,0.66,0.46,0.67
Human_VAR_600,0.66,0.48,0.6099999999999999
Human_VAR_600,0.66,0.5,0.6099999999999999
Human_VAR_600,0.66,0.52,0.6099999999999999
Human_VAR_600,0.66,0.54,0.5283333333333333
Human_VAR_600,0.66,0.56,0.5283333333333333
Human_VAR_600,0.66,0.58,0.5283333333333333
Human_VAR_600,0.66,0.6,0.5283333333333333
Human_VAR_600,0.66,0.62,0.42500000000000016
Human_VAR_600,0.66,0.64,0.42500000000000016
Human_VAR_600,0.66,0.66,0.42500000000000016
Human_VAR_600,0.66,0.68,0.3350000000000001
Human_VAR_600,0.66,0.7,0.3350000000000001
Human_VAR_600,0.66,0.72,0.3350000000000001
Human_VAR_600,0.66,0.74,0.29000000000000004
Human_VAR_600,0.66,0.76,0.29000000000000004
Human_VAR_600,0.66,0.78,0.29000000000000004
Human_VAR_600,0.66,0.8,0.2783333333333334
Human_VAR_600,0.66,0.82,0.11166666666666668
Human_VAR_600,0.66,0.84,0.11166666666666668
Human_VAR_600,0.66,0.86,0.11166666666666668
Human_VAR_600,0.66,0.88,0.065
Human_VAR_600,0.66,0.9,0.065
Human_VAR_600,0.66,0.92,0.065
Human_VAR_600,0.66,0.94,0.04333333333333332
Human_VAR_600,0.66,0.96,0.04333333333333332
Human_VAR_600,0.66,0.98,0.04333333333333332
Human_VAR_600,0.66,1.0,0.04333333333333332
Human_VAR_600,0.68,0.0,0.7533333333333333
Human_VAR_600,0.68,0.02,0.7533333333333333
Human_VAR_600,0.68,0.04,0.7533333333333333
Human_VAR_600,0.68,0.06,0.7533333333333333
Human_VAR_600,0.68,0.08,0.7516666666666666
Human_VAR_600,0.68,0.1,0.7516666666666666
Human_VAR_600,0.68,0.12,0.7516666666666666
Human_VAR_600,0.68,0.14,0.7516666666666666
Human_VAR_600,0.68,0.16,0.7516666666666666
Human_VAR_600,0.68,0.18,0.7516666666666666
Human_VAR_600,0.68,0.2,0.7516666666666666
Human_VAR_600,0.68,0.22,0.745
Human_VAR_600,0.68,0.24,0.745
Human_VAR_600,0.68,0.26,0.745
Human_VAR_600,0.68,0.28,0.7366666666666668
Human_VAR_600,0.68,0.3,0.7366666666666668
Human_VAR_600,0.68,0.32,0.7366666666666668
Human_VAR_600,0.68,0.34,0.7233333333333337
Human_VAR_600,0.68,0.36,0.7233333333333337
Human_VAR_600,0.68,0.38,0.7233333333333337
Human_VAR_600,0.68,0.4,0.7200000000000005
Human_VAR_600,0.68,0.42,0.6566666666666666
Human_VAR_600,0.68,0.44,0.6566666666666666
Human_VAR_600,0.68,0.46,0.6566666666666666
Human_VAR_600,0.68,0.48,0.5983333333333332
Human_VAR_600,0.68,0.5,0.5983333333333332
Human_VAR_600,0.68,0.52,0.5983333333333332
Human_VAR_600,0.68,0.54,0.5183333333333333
Human_VAR_600,0.68,0.56,0.5183333333333333
Human_VAR_600,0.68,0.58,0.5183333333333333
Human_VAR_600,0.68,0.6,0.5183333333333333
Human_VAR_600,0.68,0.62,0.42000000000000015
Human_VAR_600,0.68,0.64,0.42000000000000015
Human_VAR_600,0.68,0.66,0.42000000000000015
Human_VAR_600,0.68,0.68,0.33333333333333337
Human_VAR_600,0.68,0.7,0.33333333333333337
Human_VAR_600,0.68,0.72,0.33333333333333337
Human_VAR_600,0.68,0.74,0.28833333333333333
Human_VAR_600,0.68,0.76,0.28833333333333333
Human_VAR_600,0.68,0.78,0.28833333333333333
Human_VAR_600,0.68,0.8,0.2766666666666667
Human_VAR_600,0.68,0.82,0.11000000000000001
Human_VAR_600,0.68,0.84,0.11000000000000001
Human_VAR_600,0.68,0.86,0.11000000000000001
Human_VAR_600,0.68,0.88,0.06333333333333332
Human_VAR_600,0.68,0.9,0.06333333333333332
Human_VAR_600,0.68,0.92,0.06333333333333332
Human_VAR_600,0.68,0.94,0.04166666666666665
Human_VAR_600,0.68,0.96,0.04166666666666665
Human_VAR_600,0.68,0.98,0.04166666666666665
Human_VAR_600,0.68,1.0,0.04166666666666665
Human_VAR_600,0.7,0.0,0.7483333333333332
Human_VAR_600,0.7,0.02,0.7483333333333332
Human_VAR_600,0.7,0.04,0.7483333333333332
Human_VAR_600,0.7,0.06,0.7483333333333332
Human_VAR_600,0.7,0.08,0.7466666666666666
Human_VAR_600,0.7,0.1,0.7466666666666666
Human_VAR_600,0.7,0.12,0.7466666666666666
Human_VAR_600,0.7,0.14,0.7466666666666666
Human_VAR_600,0.7,0.16,0.7466666666666666
Human_VAR_600,0.7,0.18,0.7466666666666666
Human_VAR_600,0.7,0.2,0.7466666666666666
Human_VAR_600,0.7,0.22,0.74
Human_VAR_600,0.7,0.24,0.74
Human_VAR_600,0.7,0.26,0.74
Human_VAR_600,0.7,0.28,0.7316666666666669
Human_VAR_600,0.7,0.3,0.7316666666666669
Human_VAR_600,0.7,0.32,0.7316666666666669
Human_VAR_600,0.7,0.34,0.7183333333333338
Human_VAR_600,0.7,0.36,0.7183333333333338
Human_VAR_600,0.7,0.38,0.7183333333333338
Human_VAR_600,0.7,0.4,0.7150000000000004
Human_VAR_600,0.7,0.42,0.6533333333333331
Human_VAR_600,0.7,0.44,0.6533333333333331
Human_VAR_600,0.7,0.46,0.6533333333333331
Human_VAR_600,0.7,0.48,0.595
Human_VAR_600,0.7,0.5,0.595
Human_VAR_600,0.7,0.52,0.595
Human_VAR_600,0.7,0.54,0.5150000000000001
Human_VAR_600,0.7,0.56,0.5150000000000001
Human_VAR_600,0.7,0.58,0.5150000000000001
Human_VAR_600,0.7,0.6,0.5150000000000001
Human_VAR_600,0.7,0.62,0.4183333333333335
Human_VAR_600,0.7,0.64,0.4183333333333335
Human_VAR_600,0.7,0.66,0.4183333333333335
Human_VAR_600,0.7,0.68,0.3316666666666667
Human_VAR_600,0.7,0.7,0.3316666666666667
Human_VAR_600,0.7,0.72,0.3316666666666667
Human_VAR_600,0.7,0.74,0.2866666666666667
Human_VAR_600,0.7,0.76,0.2866666666666667
Human_VAR_600,0.7,0.78,0.2866666666666667
Human_VAR_600,0.7,0.8,0.275
Human_VAR_600,0.7,0.82,0.11000000000000001
Human_VAR_600,0.7,0.84,0.11000000000000001
Human_VAR_600,0.7,0.86,0.11000000000000001
Human_VAR_600,0.7,0.88,0.06333333333333332
Human_VAR_600,0.7,0.9,0.06333333333333332
Human_VAR_600,0.7,0.92,0.06333333333333332
Human_VAR_600,0.7,0.94,0.04166666666666665
Human_VAR_600,0.7,0.96,0.04166666666666665
Human_VAR_600,0.7,0.98,0.04166666666666665
Human_VAR_600,0.7,1.0,0.04166666666666665
Human_VAR_600,0.72,0.0,0.7083333333333333
Human_VAR_600,0.72,0.02,0.7083333333333333
Human_VAR_600,0.72,0.04,0.7083333333333333
Human_VAR_600,0.72,0.06,0.7083333333333333
Human_VAR_600,0.72,0.08,0.7066666666666667
Human_VAR_600,0.72,0.1,0.7066666666666667
Human_VAR_600,0.72,0.12,0.7066666666666667
Human_VAR_600,0.72,0.14,0.7066666666666667
Human_VAR_600,0.72,0.16,0.7066666666666667
Human_VAR_600,0.72,0.18,0.7066666666666667
Human_VAR_600,0.72,0.2,0.7066666666666667
Human_VAR_600,0.72,0.22,0.7016666666666667
Human_VAR_600,0.72,0.24,0.7016666666666667
Human_VAR_600,0.72,0.26,0.7016666666666667
Human_VAR_600,0.72,0.28,0.6933333333333336
Human_VAR_600,0.72,0.3,0.6933333333333336
Human_VAR_600,0.72,0.32,0.6933333333333336
Human_VAR_600,0.72,0.34,0.681666666666667
Human_VAR_600,0.72,0.36,0.681666666666667
Human_VAR_600,0.72,0.38,0.681666666666667
Human_VAR_600,0.72,0.4,0.6783333333333337
Human_VAR_600,0.72,0.42,0.6233333333333333
Human_VAR_600,0.72,0.44,0.6233333333333333
Human_VAR_600,0.72,0.46,0.6233333333333333
Human_VAR_600,0.72,0.48,0.5716666666666665
Human_VAR_600,0.72,0.5,0.5716666666666665
Human_VAR_600,0.72,0.52,0.5716666666666665
Human_VAR_600,0.72,0.54,0.4966666666666667
Human_VAR_600,0.72,0.56,0.4966666666666667
Human_VAR_600,0.72,0.58,0.4966666666666667
Human_VAR_600,0.72,0.6,0.4966666666666667
Human_VAR_600,0.72,0.62,0.4050000000000001
Human_VAR_600,0.72,0.64,0.4050000000000001
Human_VAR_600,0.72,0.66,0.4050000000000001
Human_VAR_600,0.72,0.68,0.32333333333333336
Human_VAR_600,0.72,0.7,0.32333333333333336
Human_VAR_600,0.72,0.72,0.32333333333333336
Human_VAR_600,0.72,0.74,0.2816666666666667
Human_VAR_600,0.72,0.76,0.2816666666666667
Human_VAR_600,0.72,0.78,0.2816666666666667
Human_VAR_600,0.72,0.8,0.27
Human_VAR_600,0.72,0.82,0.11000000000000001
Human_VAR_600,0.72,0.84,0.11000000000000001
Human_VAR_600,0.72,0.86,0.11000000000000001
Human_VAR_600,0.72,0.88,0.06333333333333332
Human_VAR_600,0.72,0.9,0.06333333333333332
Human_VAR_600,0.72,0.92,0.06333333333333332
Human_VAR_600,0.72,0.94,0.04166666666666665
Human_VAR_600,0.72,0.96,0.04166666666666665
Human_VAR_600,0.72,0.98,0.04166666666666665
Human_VAR_600,0.72,1.0,0.04166666666666665
Human_VAR_600,0.74,0.0,0.7016666666666667
Human_VAR_600,0.74,0.02,0.7016666666666667
Human_VAR_600,0.74,0.04,0.7016666666666667
Human_VAR_600,0.74,0.06,0.7016666666666667
Human_VAR_600,0.74,0.08,0.7000000000000002
Human_VAR_600,0.74,0.1,0.7000000000000002
Human_VAR_600,0.74,0.12,0.7000000000000002
Human_VAR_600,0.74,0.14,0.7000000000000002
Human_VAR_600,0.74,0.16,0.7000000000000002
Human_VAR_600,0.74,0.18,0.7000000000000002
Human_VAR_600,0.74,0.2,0.7000000000000002
Human_VAR_600,0.74,0.22,0.6950000000000003
Human_VAR_600,0.74,0.24,0.6950000000000003
Human_VAR_600,0.74,0.26,0.6950000000000003
Human_VAR_600,0.74,0.28,0.686666666666667
Human_VAR_600,0.74,0.3,0.686666666666667
Human_VAR_600,0.74,0.32,0.686666666666667
Human_VAR_600,0.74,0.34,0.6750000000000003
Human_VAR_600,0.74,0.36,0.6750000000000003
Human_VAR_600,0.74,0.38,0.6750000000000003
Human_VAR_600,0.74,0.4,0.671666666666667
Human_VAR_600,0.74,0.42,0.6199999999999999
Human_VAR_600,0.74,0.44,0.6199999999999999
Human_VAR_600,0.74,0.46,0.6199999999999999
Human_VAR_600,0.74,0.48,0.5699999999999998
Human_VAR_600,0.74,0.5,0.5699999999999998
Human_VAR_600,0.74,0.52,0.5699999999999998
Human_VAR_600,0.74,0.54,0.495
Human_VAR_600,0.74,0.56,0.495
Human_VAR_600,0.74,0.58,0.495
Human_VAR_600,0.74,0.6,0.495
Human_VAR_600,0.74,0.62,0.4050000000000001
Human_VAR_600,0.74,0.64,0.4050000000000001
Human_VAR_600,0.74,0.66,0.4050000000000001
Human_VAR_600,0.74,0.68,0.32333333333333336
Human_VAR_600,0.74,0.7,0.32333333333333336
Human_VAR_600,0.74,0.72,0.32333333333333336
Human_VAR_600,0.74,0.74,0.2816666666666667
Human_VAR_600,0.74,0.76,0.2816666666666667
Human_VAR_600,0.74,0.78,0.2816666666666667
Human_VAR_600,0.74,0.8,0.27
Human_VAR_600,0.74,0.82,0.11000000000000001
Human_VAR_600,0.74,0.84,0.11000000000000001
Human_VAR_600,0.74,0.86,0.11000000000000001
Human_VAR_600,0.74,0.88,0.06333333333333332
Human_VAR_600,0.74,0.9,0.06333333333333332
Human_VAR_600,0.74,0.92,0.06333333333333332
Human_VAR_600,0.74,0.94,0.04166666666666665
Human_VAR_600,0.74,0.96,0.04166666666666665
Human_VAR_600,0.74,0.98,0.04166666666666665
Human_VAR_600,0.74,1.0,0.04166666666666665
Human_VAR_600,0.76,0.0,0.67
Human_VAR_600,0.76,0.02,0.67
Human_VAR_600,0.76,0.04,0.67
Human_VAR_600,0.76,0.06,0.67
Human_VAR_600,0.76,0.08,0.6683333333333334
Human_VAR_600,0.76,0.1,0.6683333333333334
Human_VAR_600,0.76,0.12,0.6683333333333334
Human_VAR_600,0.76,0.14,0.6683333333333334
Human_VAR_600,0.76,0.16,0.6683333333333334
Human_VAR_600,0.76,0.18,0.6683333333333334
Human_VAR_600,0.76,0.2,0.6683333333333334
Human_VAR_600,0.76,0.22,0.6633333333333333
Human_VAR_600,0.76,0.24,0.6633333333333333
Human_VAR_600,0.76,0.26,0.6633333333333333
Human_VAR_600,0.76,0.28,0.6566666666666667
Human_VAR_600,0.76,0.3,0.6566666666666667
Human_VAR_600,0.76,0.32,0.6566666666666667
Human_VAR_600,0.76,0.34,0.6466666666666668
Human_VAR_600,0.76,0.36,0.6466666666666668
Human_VAR_600,0.76,0.38,0.6466666666666668
Human_VAR_600,0.76,0.4,0.6433333333333334
Human_VAR_600,0.76,0.42,0.5950000000000001
Human_VAR_600,0.76,0.44,0.5950000000000001
Human_VAR_600,0.76,0.46,0.5950000000000001
Human_VAR_600,0.76,0.48,0.5483333333333331
Human_VAR_600,0.76,0.5,0.5483333333333331
Human_VAR_600,0.76,0.52,0.5483333333333331
Human_VAR_600,0.76,0.54,0.47666666666666657
Human_VAR_600,0.76,0.56,0.47666666666666657
Human_VAR_600,0.76,0.58,0.47666666666666657
Human_VAR_600,0.76,0.6,0.47666666666666657
Human_VAR_600,0.76,0.62,0.39333333333333337
Human_VAR_600,0.76,0.64,0.39333333333333337
Human_VAR_600,0.76,0.66,0.39333333333333337
Human_VAR_600,0.76,0.68,0.31666666666666665
Human_VAR_600,0.76,0.7,0.31666666666666665
Human_VAR_600,0.76,0.72,0.31666666666666665
Human_VAR_600,0.76,0.74,0.28
Human_VAR_600,0.76,0.76,0.28
Human_VAR_600,0.76,0.78,0.28
Human_VAR_600,0.76,0.8,0.26833333333333337
Human_VAR_600,0.76,0.82,0.11000000000000001
Human_VAR_600,0.76,0.84,0.11000000000000001
Human_VAR_600,0.76,0.86,0.11000000000000001
Human_VAR_600,0.76,0.88,0.06333333333333332
Human_VAR_600,0.76,0.9,0.06333333333333332
Human_VAR_600,0.76,0.92,0.06333333333333332
Human_VAR_600,0.76,0.94,0.04166666666666665
Human_VAR_600,0.76,0.96,0.04166666666666665
Human_VAR_600,0.76,0.98,0.04166666666666665
Human_VAR_600,0.76,1.0,0.04166666666666665
Human_VAR_600,0.78,0.0,0.6366666666666667
Human_VAR_600,0.78,0.02,0.6366666666666667
Human_VAR_600,0.78,0.04,0.6366666666666667
Human_VAR_600,0.78,0.06,0.6366666666666667
Human_VAR_600,0.78,0.08,0.6350000000000001
Human_VAR_600,0.78,0.1,0.6350000000000001
Human_VAR_600,0.78,0.12,0.6350000000000001
Human_VAR_600,0.78,0.14,0.6350000000000001
Human_VAR_600,0.78,0.16,0.6350000000000001
Human_VAR_600,0.78,0.18,0.6350000000000001
Human_VAR_600,0.78,0.2,0.6350000000000001
Human_VAR_600,0.78,0.22,0.6316666666666666
Human_VAR_600,0.78,0.24,0.6316666666666666
Human_VAR_600,0.78,0.26,0.6316666666666666
Human_VAR_600,0.78,0.28,0.625
Human_VAR_600,0.78,0.3,0.625
Human_VAR_600,0.78,0.32,0.625
Human_VAR_600,0.78,0.34,0.6150000000000001
Human_VAR_600,0.78,0.36,0.6150000000000001
Human_VAR_600,0.78,0.38,0.6150000000000001
Human_VAR_600,0.78,0.4,0.6116666666666667
Human_VAR_600,0.78,0.42,0.57
Human_VAR_600,0.78,0.44,0.57
Human_VAR_600,0.78,0.46,0.57
Human_VAR_600,0.78,0.48,0.5283333333333332
Human_VAR_600,0.78,0.5,0.5283333333333332
Human_VAR_600,0.78,0.52,0.5283333333333332
Human_VAR_600,0.78,0.54,0.4566666666666667
Human_VAR_600,0.78,0.56,0.4566666666666667
Human_VAR_600,0.78,0.58,0.4566666666666667
Human_VAR_600,0.78,0.6,0.4566666666666667
Human_VAR_600,0.78,0.62,0.37833333333333335
Human_VAR_600,0.78,0.64,0.37833333333333335
Human_VAR_600,0.78,0.66,0.37833333333333335
Human_VAR_600,0.78,0.68,0.30833333333333335
Human_VAR_600,0.78,0.7,0.30833333333333335
Human_VAR_600,0.78,0.72,0.30833333333333335
Human_VAR_600,0.78,0.74,0.2733333333333334
Human_VAR_600,0.78,0.76,0.2733333333333334
Human_VAR_600,0.78,0.78,0.2733333333333334
Human_VAR_600,0.78,0.8,0.26166666666666666
Human_VAR_600,0.78,0.82,0.11000000000000001
Human_VAR_600,0.78,0.84,0.11000000000000001
Human_VAR_600,0.78,0.86,0.11000000000000001
Human_VAR_600,0.78,0.88,0.06333333333333332
Human_VAR_600,0.78,0.9,0.06333333333333332
Human_VAR_600,0.78,0.92,0.06333333333333332
Human_VAR_600,0.78,0.94,0.04166666666666665
Human_VAR_600,0.78,0.96,0.04166666666666665
Human_VAR_600,0.78,0.98,0.04166666666666665
Human_VAR_600,0.78,1.0,0.04166666666666665
Human_VAR_600,0.8,0.0,0.6333333333333334
Human_VAR_600,0.8,0.02,0.6333333333333334
Human_VAR_600,0.8,0.04,0.6333333333333334
Human_VAR_600,0.8,0.06,0.6333333333333334
Human_VAR_600,0.8,0.08,0.6316666666666668
Human_VAR_600,0.8,0.1,0.6316666666666668
Human_VAR_600,0.8,0.12,0.6316666666666668
Human_VAR_600,0.8,0.14,0.6316666666666668
Human_VAR_600,0.8,0.16,0.6316666666666668
Human_VAR_600,0.8,0.18,0.6316666666666668
Human_VAR_600,0.8,0.2,0.6316666666666668
Human_VAR_600,0.8,0.22,0.6283333333333334
Human_VAR_600,0.8,0.24,0.6283333333333334
Human_VAR_600,0.8,0.26,0.6283333333333334
Human_VAR_600,0.8,0.28,0.6216666666666667
Human_VAR_600,0.8,0.3,0.6216666666666667
Human_VAR_600,0.8,0.32,0.6216666666666667
Human_VAR_600,0.8,0.34,0.6116666666666667
Human_VAR_600,0.8,0.36,0.6116666666666667
Human_VAR_600,0.8,0.38,0.6116666666666667
Human_VAR_600,0.8,0.4,0.6083333333333333
Human_VAR_600,0.8,0.42,0.5666666666666665
Human_VAR_600,0.8,0.44,0.5666666666666665
Human_VAR_600,0.8,0.46,0.5666666666666665
Human_VAR_600,0.8,0.48,0.5249999999999999
Human_VAR_600,0.8,0.5,0.5249999999999999
Human_VAR_600,0.8,0.52,0.5249999999999999
Human_VAR_600,0.8,0.54,0.4533333333333333
Human_VAR_600,0.8,0.56,0.4533333333333333
Human_VAR_600,0.8,0.58,0.4533333333333333
Human_VAR_600,0.8,0.6,0.4533333333333333
Human_VAR_600,0.8,0.62,0.3766666666666667
Human_VAR_600,0.8,0.64,0.3766666666666667
Human_VAR_600,0.8,0.66,0.3766666666666667
Human_VAR_600,0.8,0.68,0.30833333333333335
Human_VAR_600,0.8,0.7,0.30833333333333335
Human_VAR_600,0.8,0.72,0.30833333333333335
Human_VAR_600,0.8,0.74,0.2733333333333334
Human_VAR_600,0.8,0.76,0.2733333333333334
Human_VAR_600,0.8,0.78,0.2733333333333334
Human_VAR_600,0.8,0.8,0.26166666666666666
Human_VAR_600,0.8,0.82,0.11000000000000001
Human_VAR_600,0.8,0.84,0.11000000000000001
Human_VAR_600,0.8,0.86,0.11000000000000001
Human_VAR_600,0.8,0.88,0.06333333333333332
Human_VAR_600,0.8,0.9,0.06333333333333332
Human_VAR_600,0.8,0.92,0.06333333333333332
Human_VAR_600,0.8,0.94,0.04166666666666665
Human_VAR_600,0.8,0.96,0.04166666666666665
Human_VAR_600,0.8,0.98,0.04166666666666665
Human_VAR_600,0.8,1.0,0.04166666666666665
Human_VAR_600,0.82,0.0,0.6050000000000001
Human_VAR_600,0.82,0.02,0.6050000000000001
Human_VAR_600,0.82,0.04,0.6050000000000001
Human_VAR_600,0.82,0.06,0.6050000000000001
Human_VAR_600,0.82,0.08,0.6033333333333334
Human_VAR_600,0.82,0.1,0.6033333333333334
Human_VAR_600,0.82,0.12,0.6033333333333334
Human_VAR_600,0.82,0.14,0.6033333333333334
Human_VAR_600,0.82,0.16,0.6033333333333334
Human_VAR_600,0.82,0.18,0.6033333333333334
Human_VAR_600,0.82,0.2,0.6033333333333334
Human_VAR_600,0.82,0.22,0.6
Human_VAR_600,0.82,0.24,0.6
Human_VAR_600,0.82,0.26,0.6
Human_VAR_600,0.82,0.28,0.5933333333333333
Human_VAR_600,0.82,0.3,0.5933333333333333
Human_VAR_600,0.82,0.32,0.5933333333333333
Human_VAR_600,0.82,0.34,0.585
Human_VAR_600,0.82,0.36,0.585
Human_VAR_600,0.82,0.38,0.585
Human_VAR_600,0.82,0.4,0.5816666666666667
Human_VAR_600,0.82,0.42,0.5466666666666665
Human_VAR_600,0.82,0.44,0.5466666666666665
Human_VAR_600,0.82,0.46,0.5466666666666665
Human_VAR_600,0.82,0.48,0.5083333333333332
Human_VAR_600,0.82,0.5,0.5083333333333332
Human_VAR_600,0.82,0.52,0.5083333333333332
Human_VAR_600,0.82,0.54,0.4433333333333333
Human_VAR_600,0.82,0.56,0.4433333333333333
Human_VAR_600,0.82,0.58,0.4433333333333333
Human_VAR_600,0.82,0.6,0.4433333333333333
Human_VAR_600,0.82,0.62,0.3716666666666667
Human_VAR_600,0.82,0.64,0.3716666666666667
Human_VAR_600,0.82,0.66,0.3716666666666667
Human_VAR_600,0.82,0.68,0.30333333333333334
Human_VAR_600,0.82,0.7,0.30333333333333334
Human_VAR_600,0.82,0.72,0.30333333333333334
Human_VAR_600,0.82,0.74,0.2716666666666667
Human_VAR_600,0.82,0.76,0.2716666666666667
Human_VAR_600,0.82,0.78,0.2716666666666667
Human_VAR_600,0.82,0.8,0.26
Human_VAR_600,0.82,0.82,0.11000000000000001
Human_VAR_600,0.82,0.84,0.11000000000000001
Human_VAR_600,0.82,0.86,0.11000000000000001
Human_VAR_600,0.82,0.88,0.06333333333333332
Human_VAR_600,0.82,0.9,0.06333333333333332
Human_VAR_600,0.82,0.92,0.06333333333333332
Human_VAR_600,0.82,0.94,0.04166666666666665
Human_VAR_600,0.82,0.96,0.04166666666666665
Human_VAR_600,0.82,0.98,0.04166666666666665
Human_VAR_600,0.82,1.0,0.04166666666666665
Human_VAR_600,0.84,0.0,0.5816666666666667
Human_VAR_600,0.84,0.02,0.5816666666666667
Human_VAR_600,0.84,0.04,0.5816666666666667
Human_VAR_600,0.84,0.06,0.5816666666666667
Human_VAR_600,0.84,0.08,0.5800000000000001
Human_VAR_600,0.84,0.1,0.5800000000000001
Human_VAR_600,0.84,0.12,0.5800000000000001
Human_VAR_600,0.84,0.14,0.5800000000000001
Human_VAR_600,0.84,0.16,0.5800000000000001
Human_VAR_600,0.84,0.18,0.5800000000000001
Human_VAR_600,0.84,0.2,0.5800000000000001
Human_VAR_600,0.84,0.22,0.5766666666666667
Human_VAR_600,0.84,0.24,0.5766666666666667
Human_VAR_600,0.84,0.26,0.5766666666666667
Human_VAR_600,0.84,0.28,0.57
Human_VAR_600,0.84,0.3,0.57
Human_VAR_600,0.84,0.32,0.57
Human_VAR_600,0.84,0.34,0.5616666666666665
Human_VAR_600,0.84,0.36,0.5616666666666665
Human_VAR_600,0.84,0.38,0.5616666666666665
Human_VAR_600,0.84,0.4,0.5583333333333331
Human_VAR_600,0.84,0.42,0.5249999999999998
Human_VAR_600,0.84,0.44,0.5249999999999998
Human_VAR_600,0.84,0.46,0.5249999999999998
Human_VAR_600,0.84,0.48,0.4916666666666665
Human_VAR_600,0.84,0.5,0.4916666666666665
Human_VAR_600,0.84,0.52,0.4916666666666665
Human_VAR_600,0.84,0.54,0.42999999999999994
Human_VAR_600,0.84,0.56,0.42999999999999994
Human_VAR_600,0.84,0.58,0.42999999999999994
Human_VAR_600,0.84,0.6,0.42999999999999994
Human_VAR_600,0.84,0.62,0.36333333333333334
Human_VAR_600,0.84,0.64,0.36333333333333334
Human_VAR_600,0.84,0.66,0.36333333333333334
Human_VAR_600,0.84,0.68,0.2966666666666667
Human_VAR_600,0.84,0.7,0.2966666666666667
Human_VAR_600,0.84,0.72,0.2966666666666667
Human_VAR_600,0.84,0.74,0.26666666666666666
Human_VAR_600,0.84,0.76,0.26666666666666666
Human_VAR_600,0.84,0.78,0.26666666666666666
Human_VAR_600,0.84,0.8,0.255
Human_VAR_600,0.84,0.82,0.10833333333333334
Human_VAR_600,0.84,0.84,0.10833333333333334
Human_VAR_600,0.84,0.86,0.10833333333333334
Human_VAR_600,0.84,0.88,0.06333333333333332
Human_VAR_600,0.84,0.9,0.06333333333333332
Human_VAR_600,0.84,0.92,0.06333333333333332
Human_VAR_600,0.84,0.94,0.04166666666666665
Human_VAR_600,0.84,0.96,0.04166666666666665
Human_VAR_600,0.84,0.98,0.04166666666666665
Human_VAR_600,0.84,1.0,0.04166666666666665
Human_VAR_600,0.86,0.0,0.5433333333333333
Human_VAR_600,0.86,0.02,0.5433333333333333
Human_VAR_600,0.86,0.04,0.5433333333333333
Human_VAR_600,0.86,0.06,0.5433333333333333
Human_VAR_600,0.86,0.08,0.5416666666666666
Human_VAR_600,0.86,0.1,0.5416666666666666
Human_VAR_600,0.86,0.12,0.5416666666666666
Human_VAR_600,0.86,0.14,0.5416666666666666
Human_VAR_600,0.86,0.16,0.5416666666666666
Human_VAR_600,0.86,0.18,0.5416666666666666
Human_VAR_600,0.86,0.2,0.5416666666666666
Human_VAR_600,0.86,0.22,0.5383333333333333
Human_VAR_600,0.86,0.24,0.5383333333333333
Human_VAR_600,0.86,0.26,0.5383333333333333
Human_VAR_600,0.86,0.28,0.5316666666666665
Human_VAR_600,0.86,0.3,0.5316666666666665
Human_VAR_600,0.86,0.32,0.5316666666666665
Human_VAR_600,0.86,0.34,0.5249999999999998
Human_VAR_600,0.86,0.36,0.5249999999999998
Human_VAR_600,0.86,0.38,0.5249999999999998
Human_VAR_600,0.86,0.4,0.5249999999999998
Human_VAR_600,0.86,0.42,0.4949999999999998
Human_VAR_600,0.86,0.44,0.4949999999999998
Human_VAR_600,0.86,0.46,0.4949999999999998
Human_VAR_600,0.86,0.48,0.4633333333333332
Human_VAR_600,0.86,0.5,0.4633333333333332
Human_VAR_600,0.86,0.52,0.4633333333333332
Human_VAR_600,0.86,0.54,0.41166666666666674
Human_VAR_600,0.86,0.56,0.41166666666666674
Human_VAR_600,0.86,0.58,0.41166666666666674
Human_VAR_600,0.86,0.6,0.41166666666666674
Human_VAR_600,0.86,0.62,0.35333333333333344
Human_VAR_600,0.86,0.64,0.35333333333333344
Human_VAR_600,0.86,0.66,0.35333333333333344
Human_VAR_600,0.86,0.68,0.29000000000000004
Human_VAR_600,0.86,0.7,0.29000000000000004
Human_VAR_600,0.86,0.72,0.29000000000000004
Human_VAR_600,0.86,0.74,0.26166666666666666
Human_VAR_600,0.86,0.76,0.26166666666666666
Human_VAR_600,0.86,0.78,0.26166666666666666
Human_VAR_600,0.86,0.8,0.24999999999999997
Human_VAR_600,0.86,0.82,0.10666666666666667
Human_VAR_600,0.86,0.84,0.10666666666666667
Human_VAR_600,0.86,0.86,0.10666666666666667
Human_VAR_600,0.86,0.88,0.06333333333333332
Human_VAR_600,0.86,0.9,0.06333333333333332
Human_VAR_600,0.86,0.92,0.06333333333333332
Human_VAR_600,0.86,0.94,0.04166666666666665
Human_VAR_600,0.86,0.96,0.04166666666666665
Human_VAR_600,0.86,0.98,0.04166666666666665
Human_VAR_600,0.86,1.0,0.04166666666666665
Human_VAR_600,0.88,0.0,0.4933333333333333
Human_VAR_600,0.88,0.02,0.4933333333333333
Human_VAR_600,0.88,0.04,0.4933333333333333
Human_VAR_600,0.88,0.06,0.4933333333333333
Human_VAR_600,0.88,0.08,0.4916666666666666
Human_VAR_600,0.88,0.1,0.4916666666666666
Human_VAR_600,0.88,0.12,0.4916666666666666
Human_VAR_600,0.88,0.14,0.4916666666666666
Human_VAR_600,0.88,0.16,0.4916666666666666
Human_VAR_600,0.88,0.18,0.4916666666666666
Human_VAR_600,0.88,0.2,0.4916666666666666
Human_VAR_600,0.88,0.22,0.48833333333333323
Human_VAR_600,0.88,0.24,0.48833333333333323
Human_VAR_600,0.88,0.26,0.48833333333333323
Human_VAR_600,0.88,0.28,0.4816666666666664
Human_VAR_600,0.88,0.3,0.4816666666666664
Human_VAR_600,0.88,0.32,0.4816666666666664
Human_VAR_600,0.88,0.34,0.4766666666666664
Human_VAR_600,0.88,0.36,0.4766666666666664
Human_VAR_600,0.88,0.38,0.4766666666666664
Human_VAR_600,0.88,0.4,0.4766666666666664
Human_VAR_600,0.88,0.42,0.4516666666666665
Human_VAR_600,0.88,0.44,0.4516666666666665
Human_VAR_600,0.88,0.46,0.4516666666666665
Human_VAR_600,0.88,0.48,0.4216666666666667
Human_VAR_600,0.88,0.5,0.4216666666666667
Human_VAR_600,0.88,0.52,0.4216666666666667
Human_VAR_600,0.88,0.54,0.37333333333333335
Human_VAR_600,0.88,0.56,0.37333333333333335
Human_VAR_600,0.88,0.58,0.37333333333333335
Human_VAR_600,0.88,0.6,0.37333333333333335
Human_VAR_600,0.88,0.62,0.32500000000000007
Human_VAR_600,0.88,0.64,0.32500000000000007
Human_VAR_600,0.88,0.66,0.32500000000000007
Human_VAR_600,0.88,0.68,0.26833333333333337
Human_VAR_600,0.88,0.7,0.26833333333333337
Human_VAR_600,0.88,0.72,0.26833333333333337
Human_VAR_600,0.88,0.74,0.24333333333333332
Human_VAR_600,0.88,0.76,0.24333333333333332
Human_VAR_600,0.88,0.78,0.24333333333333332
Human_VAR_600,0.88,0.8,0.23499999999999996
Human_VAR_600,0.88,0.82,0.10333333333333333
Human_VAR_600,0.88,0.84,0.10333333333333333
Human_VAR_600,0.88,0.86,0.10333333333333333
Human_VAR_600,0.88,0.88,0.06
Human_VAR_600,0.88,0.9,0.06
Human_VAR_600,0.88,0.92,0.06
Human_VAR_600,0.88,0.94,0.038333333333333316
Human_VAR_600,0.88,0.96,0.038333333333333316
Human_VAR_600,0.88,0.98,0.038333333333333316
Human_VAR_600,0.88,1.0,0.038333333333333316
Human_VAR_600,0.9,0.0,0.4733333333333332
Human_VAR_600,0.9,0.02,0.4733333333333332
Human_VAR_600,0.9,0.04,0.4733333333333332
Human_VAR_600,0.9,0.06,0.4733333333333332
Human_VAR_600,0.9,0.08,0.4716666666666665
Human_VAR_600,0.9,0.1,0.4716666666666665
Human_VAR_600,0.9,0.12,0.4716666666666665
Human_VAR_600,0.9,0.14,0.4716666666666665
Human_VAR_600,0.9,0.16,0.4716666666666665
Human_VAR_600,0.9,0.18,0.4716666666666665
Human_VAR_600,0.9,0.2,0.4716666666666665
Human_VAR_600,0.9,0.22,0.46833333333333316
Human_VAR_600,0.9,0.24,0.46833333333333316
Human_VAR_600,0.9,0.26,0.46833333333333316
Human_VAR_600,0.9,0.28,0.4633333333333331
Human_VAR_600,0.9,0.3,0.4633333333333331
Human_VAR_600,0.9,0.32,0.4633333333333331
Human_VAR_600,0.9,0.34,0.4583333333333331
Human_VAR_600,0.9,0.36,0.4583333333333331
Human_VAR_600,0.9,0.38,0.4583333333333331
Human_VAR_600,0.9,0.4,0.4583333333333331
Human_VAR_600,0.9,0.42,0.4333333333333333
Human_VAR_600,0.9,0.44,0.4333333333333333
Human_VAR_600,0.9,0.46,0.4333333333333333
Human_VAR_600,0.9,0.48,0.4033333333333334
Human_VAR_600,0.9,0.5,0.4033333333333334
Human_VAR_600,0.9,0.52,0.4033333333333334
Human_VAR_600,0.9,0.54,0.35833333333333334
Human_VAR_600,0.9,0.56,0.35833333333333334
Human_VAR_600,0.9,0.58,0.35833333333333334
Human_VAR_600,0.9,0.6,0.35833333333333334
Human_VAR_600,0.9,0.62,0.3100000000000001
Human_VAR_600,0.9,0.64,0.3100000000000001
Human_VAR_600,0.9,0.66,0.3100000000000001
Human_VAR_600,0.9,0.68,0.25499999999999995
Human_VAR_600,0.9,0.7,0.25499999999999995
Human_VAR_600,0.9,0.72,0.25499999999999995
Human_VAR_600,0.9,0.74,0.22999999999999993
Human_VAR_600,0.9,0.76,0.22999999999999993
Human_VAR_600,0.9,0.78,0.22999999999999993
Human_VAR_600,0.9,0.8,0.2216666666666666
Human_VAR_600,0.9,0.82,0.10000000000000002
Human_VAR_600,0.9,0.84,0.10000000000000002
Human_VAR_600,0.9,0.86,0.10000000000000002
Human_VAR_600,0.9,0.88,0.06
Human_VAR_600,0.9,0.9,0.06
Human_VAR_600,0.9,0.92,0.06
Human_VAR_600,0.9,0.94,0.038333333333333316
Human_VAR_600,0.9,0.96,0.038333333333333316
Human_VAR_600,0.9,0.98,0.038333333333333316
Human_VAR_600,0.9,1.0,0.038333333333333316
Human_VAR_600,0.92,0.0,0.42666666666666664
Human_VAR_600,0.92,0.02,0.42666666666666664
Human_VAR_600,0.92,0.04,0.42666666666666664
Human_VAR_600,0.92,0.06,0.42666666666666664
Human_VAR_600,0.92,0.08,0.425
Human_VAR_600,0.92,0.1,0.425
Human_VAR_600,0.92,0.12,0.425
Human_VAR_600,0.92,0.14,0.425
Human_VAR_600,0.92,0.16,0.425
Human_VAR_600,0.92,0.18,0.425
Human_VAR_600,0.92,0.2,0.425
Human_VAR_600,0.92,0.22,0.42166666666666663
Human_VAR_600,0.92,0.24,0.42166666666666663
Human_VAR_600,0.92,0.26,0.42166666666666663
Human_VAR_600,0.92,0.28,0.41666666666666663
Human_VAR_600,0.92,0.3,0.41666666666666663
Human_VAR_600,0.92,0.32,0.41666666666666663
Human_VAR_600,0.92,0.34,0.4116666666666666
Human_VAR_600,0.92,0.36,0.4116666666666666
Human_VAR_600,0.92,0.38,0.4116666666666666
Human_VAR_600,0.92,0.4,0.4116666666666666
Human_VAR_600,0.92,0.42,0.39166666666666666
Human_VAR_600,0.92,0.44,0.39166666666666666
Human_VAR_600,0.92,0.46,0.39166666666666666
Human_VAR_600,0.92,0.48,0.36666666666666664
Human_VAR_600,0.92,0.5,0.36666666666666664
Human_VAR_600,0.92,0.52,0.36666666666666664
Human_VAR_600,0.92,0.54,0.32666666666666666
Human_VAR_600,0.92,0.56,0.32666666666666666
Human_VAR_600,0.92,0.58,0.32666666666666666
Human_VAR_600,0.92,0.6,0.32666666666666666
Human_VAR_600,0.92,0.62,0.2816666666666668
Human_VAR_600,0.92,0.64,0.2816666666666668
Human_VAR_600,0.92,0.66,0.2816666666666668
Human_VAR_600,0.92,0.68,0.2299999999999999
Human_VAR_600,0.92,0.7,0.2299999999999999
Human_VAR_600,0.92,0.72,0.2299999999999999
Human_VAR_600,0.92,0.74,0.20666666666666664
Human_VAR_600,0.92,0.76,0.20666666666666664
Human_VAR_600,0.92,0.78,0.20666666666666664
Human_VAR_600,0.92,0.8,0.2
Human_VAR_600,0.92,0.82,0.09333333333333334
Human_VAR_600,0.92,0.84,0.09333333333333334
Human_VAR_600,0.92,0.86,0.09333333333333334
Human_VAR_600,0.92,0.88,0.055
Human_VAR_600,0.92,0.9,0.055
Human_VAR_600,0.92,0.92,0.055
Human_VAR_600,0.92,0.94,0.03499999999999999
Human_VAR_600,0.92,0.96,0.03499999999999999
Human_VAR_600,0.92,0.98,0.03499999999999999
Human_VAR_600,0.92,1.0,0.03499999999999999
Human_VAR_600,0.94,0.0,0.4116666666666666
Human_VAR_600,0.94,0.02,0.4116666666666666
Human_VAR_600,0.94,0.04,0.4116666666666666
Human_VAR_600,0.94,0.06,0.4116666666666666
Human_VAR_600,0.94,0.08,0.4100000000000001
Human_VAR_600,0.94,0.1,0.4100000000000001
Human_VAR_600,0.94,0.12,0.4100000000000001
Human_VAR_600,0.94,0.14,0.4100000000000001
Human_VAR_600,0.94,0.16,0.4100000000000001
Human_VAR_600,0.94,0.18,0.4100000000000001
Human_VAR_600,0.94,0.2,0.4100000000000001
Human_VAR_600,0.94,0.22,0.4100000000000001
Human_VAR_600,0.94,0.24,0.4100000000000001
Human_VAR_600,0.94,0.26,0.4100000000000001
Human_VAR_600,0.94,0.28,0.4050000000000001
Human_VAR_600,0.94,0.3,0.4050000000000001
Human_VAR_600,0.94,0.32,0.4050000000000001
Human_VAR_600,0.94,0.34,0.4000000000000001
Human_VAR_600,0.94,0.36,0.4000000000000001
Human_VAR_600,0.94,0.38,0.4000000000000001
Human_VAR_600,0.94,0.4,0.4000000000000001
Human_VAR_600,0.94,0.42,0.38
Human_VAR_600,0.94,0.44,0.38
Human_VAR_600,0.94,0.46,0.38
Human_VAR_600,0.94,0.48,0.35666666666666663
Human_VAR_600,0.94,0.5,0.35666666666666663
Human_VAR_600,0.94,0.52,0.35666666666666663
Human_VAR_600,0.94,0.54,0.31833333333333336
Human_VAR_600,0.94,0.56,0.31833333333333336
Human_VAR_600,0.94,0.58,0.31833333333333336
Human_VAR_600,0.94,0.6,0.31833333333333336
Human_VAR_600,0.94,0.62,0.2733333333333335
Human_VAR_600,0.94,0.64,0.2733333333333335
Human_VAR_600,0.94,0.66,0.2733333333333335
Human_VAR_600,0.94,0.68,0.2249999999999999
Human_VAR_600,0.94,0.7,0.2249999999999999
Human_VAR_600,0.94,0.72,0.2249999999999999
Human_VAR_600,0.94,0.74,0.2016666666666666
Human_VAR_600,0.94,0.76,0.2016666666666666
Human_VAR_600,0.94,0.78,0.2016666666666666
Human_VAR_600,0.94,0.8,0.19499999999999995
Human_VAR_600,0.94,0.82,0.09333333333333334
Human_VAR_600,0.94,0.84,0.09333333333333334
Human_VAR_600,0.94,0.86,0.09333333333333334
Human_VAR_600,0.94,0.88,0.055
Human_VAR_600,0.94,0.9,0.055
Human_VAR_600,0.94,0.92,0.055
Human_VAR_600,0.94,0.94,0.03499999999999999
Human_VAR_600,0.94,0.96,0.03499999999999999
Human_VAR_600,0.94,0.98,0.03499999999999999
Human_VAR_600,0.94,1.0,0.03499999999999999
Human_VAR_600,0.96,0.0,0.36500000000000005
Human_VAR_600,0.96,0.02,0.36500000000000005
Human_VAR_600,0.96,0.04,0.36500000000000005
Human_VAR_600,0.96,0.06,0.36500000000000005
Human_VAR_600,0.96,0.08,0.36333333333333334
Human_VAR_600,0.96,0.1,0.36333333333333334
Human_VAR_600,0.96,0.12,0.36333333333333334
Human_VAR_600,0.96,0.14,0.36333333333333334
Human_VAR_600,0.96,0.16,0.36333333333333334
Human_VAR_600,0.96,0.18,0.36333333333333334
Human_VAR_600,0.96,0.2,0.36333333333333334
Human_VAR_600,0.96,0.22,0.36333333333333334
Human_VAR_600,0.96,0.24,0.36333333333333334
Human_VAR_600,0.96,0.26,0.36333333333333334
Human_VAR_600,0.96,0.28,0.3616666666666667
Human_VAR_600,0.96,0.3,0.3616666666666667
Human_VAR_600,0.96,0.32,0.3616666666666667
Human_VAR_600,0.96,0.34,0.3566666666666667
Human_VAR_600,0.96,0.36,0.3566666666666667
Human_VAR_600,0.96,0.38,0.3566666666666667
Human_VAR_600,0.96,0.4,0.3566666666666667
Human_VAR_600,0.96,0.42,0.3400000000000001
Human_VAR_600,0.96,0.44,0.3400000000000001
Human_VAR_600,0.96,0.46,0.3400000000000001
Human_VAR_600,0.96,0.48,0.3216666666666667
Human_VAR_600,0.96,0.5,0.3216666666666667
Human_VAR_600,0.96,0.52,0.3216666666666667
Human_VAR_600,0.96,0.54,0.2866666666666667
Human_VAR_600,0.96,0.56,0.2866666666666667
Human_VAR_600,0.96,0.58,0.2866666666666667
Human_VAR_600,0.96,0.6,0.2866666666666667
Human_VAR_600,0.96,0.62,0.2483333333333333
Human_VAR_600,0.96,0.64,0.2483333333333333
Human_VAR_600,0.96,0.66,0.2483333333333333
Human_VAR_600,0.96,0.68,0.20333333333333325
Human_VAR_600,0.96,0.7,0.20333333333333325
Human_VAR_600,0.96,0.72,0.20333333333333325
Human_VAR_600,0.96,0.74,0.18166666666666662
Human_VAR_600,0.96,0.76,0.18166666666666662
Human_VAR_600,0.96,0.78,0.18166666666666662
Human_VAR_600,0.96,0.8,0.1766666666666666
Human_VAR_600,0.96,0.82,0.08666666666666666
Human_VAR_600,0.96,0.84,0.08666666666666666
Human_VAR_600,0.96,0.86,0.08666666666666666
Human_VAR_600,0.96,0.88,0.055
Human_VAR_600,0.96,0.9,0.055
Human_VAR_600,0.96,0.92,0.055
Human_VAR_600,0.96,0.94,0.03499999999999999
Human_VAR_600,0.96,0.96,0.03499999999999999
Human_VAR_600,0.96,0.98,0.03499999999999999
Human_VAR_600,0.96,1.0,0.03499999999999999
Human_VAR_600,0.98,0.0,0.3500000000000001
Human_VAR_600,0.98,0.02,0.3500000000000001
Human_VAR_600,0.98,0.04,0.3500000000000001
Human_VAR_600,0.98,0.06,0.3500000000000001
Human_VAR_600,0.98,0.08,0.3483333333333334
Human_VAR_600,0.98,0.1,0.3483333333333334
Human_VAR_600,0.98,0.12,0.3483333333333334
Human_VAR_600,0.98,0.14,0.3483333333333334
Human_VAR_600,0.98,0.16,0.3483333333333334
Human_VAR_600,0.98,0.18,0.3483333333333334
Human_VAR_600,0.98,0.2,0.3483333333333334
Human_VAR_600,0.98,0.22,0.3483333333333334
Human_VAR_600,0.98,0.24,0.3483333333333334
Human_VAR_600,0.98,0.26,0.3483333333333334
Human_VAR_600,0.98,0.28,0.34666666666666673
Human_VAR_600,0.98,0.3,0.34666666666666673
Human_VAR_600,0.98,0.32,0.34666666666666673
Human_VAR_600,0.98,0.34,0.34166666666666673
Human_VAR_600,0.98,0.36,0.34166666666666673
Human_VAR_600,0.98,0.38,0.34166666666666673
Human_VAR_600,0.98,0.4,0.34166666666666673
Human_VAR_600,0.98,0.42,0.3266666666666669
Human_VAR_600,0.98,0.44,0.3266666666666669
Human_VAR_600,0.98,0.46,0.3266666666666669
Human_VAR_600,0.98,0.48,0.3083333333333334
Human_VAR_600,0.98,0.5,0.3083333333333334
Human_VAR_600,0.98,0.52,0.3083333333333334
Human_VAR_600,0.98,0.54,0.2766666666666666
Human_VAR_600,0.98,0.56,0.2766666666666666
Human_VAR_600,0.98,0.58,0.2766666666666666
Human_VAR_600,0.98,0.6,0.2766666666666666
Human_VAR_600,0.98,0.62,0.24166666666666664
Human_VAR_600,0.98,0.64,0.24166666666666664
Human_VAR_600,0.98,0.66,0.24166666666666664
Human_VAR_600,0.98,0.68,0.19833333333333325
Human_VAR_600,0.98,0.7,0.19833333333333325
Human_VAR_600,0.98,0.72,0.19833333333333325
Human_VAR_600,0.98,0.74,0.1783333333333333
Human_VAR_600,0.98,0.76,0.1783333333333333
Human_VAR_600,0.98,0.78,0.1783333333333333
Human_VAR_600,0.98,0.8,0.17333333333333328
Human_VAR_600,0.98,0.82,0.085
Human_VAR_600,0.98,0.84,0.085
Human_VAR_600,0.98,0.86,0.085
Human_VAR_600,0.98,0.88,0.055
Human_VAR_600,0.98,0.9,0.055
Human_VAR_600,0.98,0.92,0.055
Human_VAR_600,0.98,0.94,0.03499999999999999
Human_VAR_600,0.98,0.96,0.03499999999999999
Human_VAR_600,0.98,0.98,0.03499999999999999
Human_VAR_600,0.98,1.0,0.03499999999999999
Human_VAR_600,1.0,0.0,0.3500000000000001
Human_VAR_600,1.0,0.02,0.3500000000000001
Human_VAR_600,1.0,0.04,0.3500000000000001
Human_VAR_600,1.0,0.06,0.3500000000000001
Human_VAR_600,1.0,0.08,0.3483333333333334
Human_VAR_600,1.0,0.1,0.3483333333333334
Human_VAR_600,1.0,0.12,0.3483333333333334
Human_VAR_600,1.0,0.14,0.3483333333333334
Human_VAR_600,1.0,0.16,0.3483333333333334
Human_VAR_600,1.0,0.18,0.3483333333333334
Human_VAR_600,1.0,0.2,0.3483333333333334
Human_VAR_600,1.0,0.22,0.3483333333333334
Human_VAR_600,1.0,0.24,0.3483333333333334
Human_VAR_600,1.0,0.26,0.3483333333333334
Human_VAR_600,1.0,0.28,0.34666666666666673
Human_VAR_600,1.0,0.3,0.34666666666666673
Human_VAR_600,1.0,0.32,0.34666666666666673
Human_VAR_600,1.0,0.34,0.34166666666666673
Human_VAR_600,1.0,0.36,0.34166666666666673
Human_VAR_600,1.0,0.38,0.34166666666666673
Human_VAR_600,1.0,0.4,0.34166666666666673
Human_VAR_600,1.0,0.42,0.3266666666666669
Human_VAR_600,1.0,0.44,0.3266666666666669
Human_VAR_600,1.0,0.46,0.3266666666666669
Human_VAR_600,1.0,0.48,0.3083333333333334
Human_VAR_600,1.0,0.5,0.3083333333333334
Human_VAR_600,1.0,0.52,0.3083333333333334
Human_VAR_600,1.0,0.54,0.2766666666666666
Human_VAR_600,1.0,0.56,0.2766666666666666
Human_VAR_600,1.0,0.58,0.2766666666666666
Human_VAR_600,1.0,0.6,0.2766666666666666
Human_VAR_600,1.0,0.62,0.24166666666666664
Human_VAR_600,1.0,0.64,0.24166666666666664
Human_VAR_600,1.0,0.66,0.24166666666666664
Human_VAR_600,1.0,0.68,0.19833333333333325
Human_VAR_600,1.0,0.7,0.19833333333333325
Human_VAR_600,1.0,0.72,0.19833333333333325
Human_VAR_600,1.0,0.74,0.1783333333333333
Human_VAR_600,1.0,0.76,0.1783333333333333
Human_VAR_600,1.0,0.78,0.1783333333333333
Human_VAR_600,1.0,0.8,0.17333333333333328
Human_VAR_600,1.0,0.82,0.085
Human_VAR_600,1.0,0.84,0.085
Human_VAR_600,1.0,0.86,0.085
Human_VAR_600,1.0,0.88,0.055
Human_VAR_600,1.0,0.9,0.055
Human_VAR_600,1.0,0.92,0.055
Human_VAR_600,1.0,0.94,0.03499999999999999
Human_VAR_600,1.0,0.96,0.03499999999999999
Human_VAR_600,1.0,0.98,0.03499999999999999
Human_VAR_600,1.0,1.0,0.03499999999999999
