image_id,source,alignment_score,artifact_score,class_id,alignment_norm,artifact_norm,composite_product,composite_harmonic
0,User_VAR_500_1,5.0,3.0,4,1.0,0.6,0.6,0.7499999999999999
0,User_VAR_500_2,4.44,3.0,4,0.8880000000000001,0.6,0.5328,0.7161290322580646
0,User_VAR_500_3,5.0,3.0,4,1.0,0.6,0.6,0.7499999999999999
0,Sys_VAR_noexpert_1,4.92,3.65,4,0.984,0.73,0.71832,0.8381796966161027
0,Sys_VAR_noexpert_2,5.0,5.0,4,1.0,1.0,1.0,1.0
0,Sys_VAR_noexpert_3,4.92,4.65,4,0.984,0.93,0.91512,0.9562382445141066
1,User_VAR_500_1,5.0,3.0,4,1.0,0.6,0.6,0.7499999999999999
1,User_VAR_500_2,4.44,3.0,4,0.8880000000000001,0.6,0.5328,0.7161290322580646
1,User_VAR_500_3,5.0,3.0,4,1.0,0.6,0.6,0.7499999999999999
1,Sys_VAR_noexpert_1,4.92,4.65,4,0.984,0.93,0.91512,0.9562382445141066
1,Sys_VAR_noexpert_2,4.92,3.85,4,0.984,0.77,0.75768,0.863945267958951
1,Sys_VAR_noexpert_3,4.92,4.35,4,0.984,0.8699999999999999,0.8560799999999998,0.9234951456310678
4,User_VAR_500_1,5.0,3.0,4,1.0,0.6,0.6,0.7499999999999999
4,User_VAR_500_2,5.0,3.0,4,1.0,0.6,0.6,0.7499999999999999
4,User_VAR_500_3,5.0,3.0,4,1.0,0.6,0.6,0.7499999999999999
4,Sys_VAR_noexpert_1,4.85,4.6,4,0.97,0.9199999999999999,0.8923999999999999,0.9443386243386243
4,Sys_VAR_noexpert_2,4.92,4.85,4,0.984,0.97,0.95448,0.976949846468782
4,Sys_VAR_noexpert_3,5.0,5.0,4,1.0,1.0,1.0,1.0
6,User_VAR_500_1,5.0,3.0,4,1.0,0.6,0.6,0.7499999999999999
6,User_VAR_500_2,5.0,3.0,4,1.0,0.6,0.6,0.7499999999999999
6,User_VAR_500_3,4.29,3.0,4,0.858,0.6,0.5147999999999999,0.7061728395061727
6,Sys_VAR_noexpert_1,5.0,5.0,4,1.0,1.0,1.0,1.0
6,Sys_VAR_noexpert_2,5.0,5.0,4,1.0,1.0,1.0,1.0
6,Sys_VAR_noexpert_3,4.85,3.2,4,0.97,0.64,0.6208,0.7711801242236026
9,User_VAR_500_1,5.0,3.0,4,1.0,0.6,0.6,0.7499999999999999
9,User_VAR_500_2,5.0,2.0,4,1.0,0.4,0.4,0.5714285714285715
9,User_VAR_500_3,4.38,2.0,4,0.876,0.4,0.35040000000000004,0.5492163009404389
9,Sys_VAR_noexpert_1,4.15,2.85,4,0.8300000000000001,0.5700000000000001,0.4731000000000001,0.6758571428571429
9,Sys_VAR_noexpert_2,3.85,2.9,4,0.77,0.58,0.4466,0.6616296296296296
9,Sys_VAR_noexpert_3,3.45,2.85,4,0.6900000000000001,0.5700000000000001,0.3933000000000001,0.6242857142857143
11,User_VAR_500_1,4.17,3.0,7,0.834,0.6,0.5004,0.697907949790795
11,User_VAR_500_2,4.17,4.0,7,0.834,0.8,0.6672,0.8166462668298654
11,User_VAR_500_3,4.17,4.0,7,0.834,0.8,0.6672,0.8166462668298654
11,Sys_VAR_noexpert_1,4.35,4.1,7,0.8699999999999999,0.82,0.7133999999999998,0.8442603550295856
11,Sys_VAR_noexpert_2,3.45,4.6,7,0.6900000000000001,0.9199999999999999,0.6348,0.7885714285714287
11,Sys_VAR_noexpert_3,3.2,4.1,7,0.64,0.82,0.5247999999999999,0.718904109589041
12,User_VAR_500_1,5.0,2.0,7,1.0,0.4,0.4,0.5714285714285715
12,User_VAR_500_2,4.09,3.0,7,0.818,0.6,0.49079999999999996,0.6922425952045134
12,User_VAR_500_3,4.09,3.0,7,0.818,0.6,0.49079999999999996,0.6922425952045134
12,Sys_VAR_noexpert_1,4.65,4.35,7,0.93,0.8699999999999999,0.8090999999999999,0.899
12,Sys_VAR_noexpert_2,3.65,3.8,7,0.73,0.76,0.5548,0.7446979865771811
12,Sys_VAR_noexpert_3,4.2,4.6,7,0.8400000000000001,0.9199999999999999,0.7728,0.8781818181818182
13,User_VAR_500_1,5.0,4.0,7,1.0,0.8,0.8,0.888888888888889
13,User_VAR_500_2,5.0,4.0,7,1.0,0.8,0.8,0.888888888888889
13,User_VAR_500_3,5.0,5.0,7,1.0,1.0,1.0,1.0
13,Sys_VAR_noexpert_1,4.35,4.65,7,0.8699999999999999,0.93,0.8090999999999999,0.899
13,Sys_VAR_noexpert_2,4.85,5.0,7,0.97,1.0,0.97,0.9847715736040609
13,Sys_VAR_noexpert_3,4.35,4.65,7,0.8699999999999999,0.93,0.8090999999999999,0.899
14,User_VAR_500_1,5.0,3.0,7,1.0,0.6,0.6,0.7499999999999999
14,User_VAR_500_2,5.0,2.0,7,1.0,0.4,0.4,0.5714285714285715
14,User_VAR_500_3,5.0,2.0,7,1.0,0.4,0.4,0.5714285714285715
14,Sys_VAR_noexpert_1,3.85,4.2,7,0.77,0.8400000000000001,0.6468,0.8034782608695652
14,Sys_VAR_noexpert_2,4.2,3.8,7,0.8400000000000001,0.76,0.6384000000000001,0.798
14,Sys_VAR_noexpert_3,4.85,4.2,7,0.97,0.8400000000000001,0.8148000000000001,0.9003314917127072
18,User_VAR_500_1,3.33,3.0,7,0.666,0.6,0.3996,0.6312796208530805
18,User_VAR_500_2,3.33,3.0,7,0.666,0.6,0.3996,0.6312796208530805
18,User_VAR_500_3,3.33,3.0,7,0.666,0.6,0.3996,0.6312796208530805
18,Sys_VAR_noexpert_1,3.45,3.8,7,0.6900000000000001,0.76,0.5244000000000001,0.7233103448275863
18,Sys_VAR_noexpert_2,3.45,3.8,7,0.6900000000000001,0.76,0.5244000000000001,0.7233103448275863
18,Sys_VAR_noexpert_3,3.45,3.8,7,0.6900000000000001,0.76,0.5244000000000001,0.7233103448275863
20,User_VAR_500_1,5.0,3.0,10,1.0,0.6,0.6,0.7499999999999999
20,User_VAR_500_2,5.0,5.0,10,1.0,1.0,1.0,1.0
20,User_VAR_500_3,3.75,4.0,10,0.75,0.8,0.6000000000000001,0.7741935483870969
20,Sys_VAR_noexpert_1,4.85,4.2,10,0.97,0.8400000000000001,0.8148000000000001,0.9003314917127072
20,Sys_VAR_noexpert_2,5.0,5.0,10,1.0,1.0,1.0,1.0
20,Sys_VAR_noexpert_3,4.92,4.85,10,0.984,0.97,0.95448,0.976949846468782
21,User_VAR_500_1,4.44,2.0,10,0.8880000000000001,0.4,0.35520000000000007,0.5515527950310559
21,User_VAR_500_2,4.38,3.0,10,0.876,0.6,0.5256,0.7121951219512195
21,User_VAR_500_3,4.38,3.0,10,0.876,0.6,0.5256,0.7121951219512195
21,Sys_VAR_noexpert_1,3.2,2.1,10,0.64,0.42000000000000004,0.26880000000000004,0.5071698113207548
21,Sys_VAR_noexpert_2,2.85,3.2,10,0.5700000000000001,0.64,0.36480000000000007,0.6029752066115703
21,Sys_VAR_noexpert_3,3.85,3.2,10,0.77,0.64,0.4928,0.6990070921985815
26,User_VAR_500_1,4.0,5.0,10,0.8,1.0,0.8,0.888888888888889
26,User_VAR_500_2,4.0,5.0,10,0.8,1.0,0.8,0.888888888888889
26,User_VAR_500_3,4.0,5.0,10,0.8,1.0,0.8,0.888888888888889
26,Sys_VAR_noexpert_1,5.0,5.0,10,1.0,1.0,1.0,1.0
26,Sys_VAR_noexpert_2,5.0,5.0,10,1.0,1.0,1.0,1.0
26,Sys_VAR_noexpert_3,5.0,5.0,10,1.0,1.0,1.0,1.0
27,User_VAR_500_1,3.33,4.0,10,0.666,0.8,0.5328,0.7268758526603001
27,User_VAR_500_2,3.33,4.0,10,0.666,0.8,0.5328,0.7268758526603001
27,User_VAR_500_3,5.0,4.0,10,1.0,0.8,0.8,0.888888888888889
27,Sys_VAR_noexpert_1,3.85,4.2,10,0.77,0.8400000000000001,0.6468,0.8034782608695652
27,Sys_VAR_noexpert_2,4.35,4.6,10,0.8699999999999999,0.9199999999999999,0.8003999999999998,0.8943016759776535
27,Sys_VAR_noexpert_3,3.65,4.1,10,0.73,0.82,0.5985999999999999,0.7723870967741935
29,User_VAR_500_1,3.89,5.0,10,0.778,1.0,0.778,0.875140607424072
29,User_VAR_500_2,4.0,2.0,10,0.8,0.4,0.32000000000000006,0.5333333333333333
29,User_VAR_500_3,4.38,2.0,10,0.876,0.4,0.35040000000000004,0.5492163009404389
29,Sys_VAR_noexpert_1,3.85,4.2,10,0.77,0.8400000000000001,0.6468,0.8034782608695652
29,Sys_VAR_noexpert_2,4.85,5.0,10,0.97,1.0,0.97,0.9847715736040609
29,Sys_VAR_noexpert_3,4.65,4.75,10,0.93,0.95,0.8835,0.9398936170212766
30,User_VAR_500_1,4.0,3.0,25,0.8,0.6,0.48,0.6857142857142857
30,User_VAR_500_2,4.0,4.0,25,0.8,0.8,0.6400000000000001,0.8000000000000002
30,User_VAR_500_3,4.0,4.0,25,0.8,0.8,0.6400000000000001,0.8000000000000002
30,Sys_VAR_noexpert_1,3.85,4.2,25,0.77,0.8400000000000001,0.6468,0.8034782608695652
30,Sys_VAR_noexpert_2,4.12,3.85,25,0.8240000000000001,0.77,0.63448,0.7960853199498118
30,Sys_VAR_noexpert_3,3.85,4.2,25,0.77,0.8400000000000001,0.6468,0.8034782608695652
33,User_VAR_500_1,4.29,4.0,25,0.858,0.8,0.6864,0.8279855247285887
33,User_VAR_500_2,4.29,4.0,25,0.858,0.8,0.6864,0.8279855247285887
33,User_VAR_500_3,4.29,4.0,25,0.858,0.8,0.6864,0.8279855247285887
33,Sys_VAR_noexpert_1,3.65,3.9,25,0.73,0.78,0.5694,0.7541721854304636
33,Sys_VAR_noexpert_2,3.65,4.35,25,0.73,0.8699999999999999,0.6350999999999999,0.7938749999999999
33,Sys_VAR_noexpert_3,3.15,2.9,25,0.63,0.58,0.3654,0.6039669421487603
35,User_VAR_500_1,5.0,2.0,25,1.0,0.4,0.4,0.5714285714285715
35,User_VAR_500_2,5.0,2.0,25,1.0,0.4,0.4,0.5714285714285715
35,User_VAR_500_3,5.0,5.0,25,1.0,1.0,1.0,1.0
35,Sys_VAR_noexpert_1,4.15,5.0,25,0.8300000000000001,1.0,0.8300000000000001,0.907103825136612
35,Sys_VAR_noexpert_2,5.0,5.0,25,1.0,1.0,1.0,1.0
35,Sys_VAR_noexpert_3,5.0,5.0,25,1.0,1.0,1.0,1.0
36,User_VAR_500_1,3.57,4.0,25,0.714,0.8,0.5712,0.7545574636723911
36,User_VAR_500_2,4.29,3.0,25,0.858,0.6,0.5147999999999999,0.7061728395061727
36,User_VAR_500_3,3.57,3.0,25,0.714,0.6,0.42839999999999995,0.6520547945205478
36,Sys_VAR_noexpert_1,5.0,5.0,25,1.0,1.0,1.0,1.0
36,Sys_VAR_noexpert_2,3.45,3.82,25,0.6900000000000001,0.764,0.5271600000000001,0.7251169188445667
36,Sys_VAR_noexpert_3,3.45,2.8,25,0.6900000000000001,0.5599999999999999,0.38639999999999997,0.6182399999999999
38,User_VAR_500_1,5.0,5.0,25,1.0,1.0,1.0,1.0
38,User_VAR_500_2,5.0,4.0,25,1.0,0.8,0.8,0.888888888888889
38,User_VAR_500_3,5.0,4.0,25,1.0,0.8,0.8,0.888888888888889
38,Sys_VAR_noexpert_1,2.85,3.2,25,0.5700000000000001,0.64,0.36480000000000007,0.6029752066115703
38,Sys_VAR_noexpert_2,4.35,4.6,25,0.8699999999999999,0.9199999999999999,0.8003999999999998,0.8943016759776535
38,Sys_VAR_noexpert_3,4.85,5.0,25,0.97,1.0,0.97,0.9847715736040609
43,User_VAR_500_1,3.75,4.0,35,0.75,0.8,0.6000000000000001,0.7741935483870969
43,User_VAR_500_2,4.0,4.0,35,0.8,0.8,0.6400000000000001,0.8000000000000002
43,User_VAR_500_3,3.75,4.0,35,0.75,0.8,0.6000000000000001,0.7741935483870969
43,Sys_VAR_noexpert_1,2.85,3.6,35,0.5700000000000001,0.72,0.41040000000000004,0.6362790697674419
43,Sys_VAR_noexpert_2,2.85,3.92,35,0.5700000000000001,0.784,0.44688000000000005,0.6600886262924668
43,Sys_VAR_noexpert_3,4.2,3.8,35,0.8400000000000001,0.76,0.6384000000000001,0.798
44,User_VAR_500_1,4.0,2.0,35,0.8,0.4,0.32000000000000006,0.5333333333333333
44,User_VAR_500_2,4.0,2.0,35,0.8,0.4,0.32000000000000006,0.5333333333333333
44,User_VAR_500_3,4.0,2.0,35,0.8,0.4,0.32000000000000006,0.5333333333333333
44,Sys_VAR_noexpert_1,3.42,2.85,35,0.6839999999999999,0.5700000000000001,0.38988,0.6218181818181818
44,Sys_VAR_noexpert_2,3.42,2.85,35,0.6839999999999999,0.5700000000000001,0.38988,0.6218181818181818
44,Sys_VAR_noexpert_3,3.42,2.15,35,0.6839999999999999,0.43,0.29412,0.5280430879712747
46,User_VAR_500_1,5.0,3.0,35,1.0,0.6,0.6,0.7499999999999999
46,User_VAR_500_2,5.0,3.0,35,1.0,0.6,0.6,0.7499999999999999
46,User_VAR_500_3,5.0,2.0,35,1.0,0.4,0.4,0.5714285714285715
46,Sys_VAR_noexpert_1,3.42,3.85,35,0.6839999999999999,0.77,0.5266799999999999,0.7244566712517193
46,Sys_VAR_noexpert_2,4.65,4.35,35,0.93,0.8699999999999999,0.8090999999999999,0.899
46,Sys_VAR_noexpert_3,4.65,3.85,35,0.93,0.77,0.7161000000000001,0.8424705882352941
47,User_VAR_500_1,5.0,4.0,35,1.0,0.8,0.8,0.888888888888889
47,User_VAR_500_2,4.17,4.0,35,0.834,0.8,0.6672,0.8166462668298654
47,User_VAR_500_3,4.17,4.0,35,0.834,0.8,0.6672,0.8166462668298654
47,Sys_VAR_noexpert_1,4.65,3.85,35,0.93,0.77,0.7161000000000001,0.8424705882352941
47,Sys_VAR_noexpert_2,4.35,4.65,35,0.8699999999999999,0.93,0.8090999999999999,0.899
47,Sys_VAR_noexpert_3,4.35,4.6,35,0.8699999999999999,0.9199999999999999,0.8003999999999998,0.8943016759776535
48,User_VAR_500_1,4.0,4.0,35,0.8,0.8,0.6400000000000001,0.8000000000000002
48,User_VAR_500_2,4.0,3.0,35,0.8,0.6,0.48,0.6857142857142857
48,User_VAR_500_3,4.0,3.0,35,0.8,0.6,0.48,0.6857142857142857
48,Sys_VAR_noexpert_1,2.85,3.6,35,0.5700000000000001,0.72,0.41040000000000004,0.6362790697674419
48,Sys_VAR_noexpert_2,1.85,3.65,35,0.37,0.73,0.2701,0.4910909090909091
48,Sys_VAR_noexpert_3,1.24,3.85,35,0.248,0.77,0.19096,0.37516699410609033
50,User_VAR_500_1,5.0,5.0,39,1.0,1.0,1.0,1.0
50,User_VAR_500_2,5.0,3.0,39,1.0,0.6,0.6,0.7499999999999999
50,User_VAR_500_3,5.0,3.0,39,1.0,0.6,0.6,0.7499999999999999
50,Sys_VAR_noexpert_1,4.85,5.0,39,0.97,1.0,0.97,0.9847715736040609
50,Sys_VAR_noexpert_2,5.0,5.0,39,1.0,1.0,1.0,1.0
50,Sys_VAR_noexpert_3,5.0,5.0,39,1.0,1.0,1.0,1.0
52,User_VAR_500_1,5.0,5.0,39,1.0,1.0,1.0,1.0
52,User_VAR_500_2,5.0,5.0,39,1.0,1.0,1.0,1.0
52,User_VAR_500_3,5.0,5.0,39,1.0,1.0,1.0,1.0
52,Sys_VAR_noexpert_1,5.0,5.0,39,1.0,1.0,1.0,1.0
52,Sys_VAR_noexpert_2,5.0,5.0,39,1.0,1.0,1.0,1.0
52,Sys_VAR_noexpert_3,5.0,5.0,39,1.0,1.0,1.0,1.0
53,User_VAR_500_1,4.29,5.0,39,0.858,1.0,0.858,0.9235737351991388
53,User_VAR_500_2,4.29,5.0,39,0.858,1.0,0.858,0.9235737351991388
53,User_VAR_500_3,5.0,5.0,39,1.0,1.0,1.0,1.0
53,Sys_VAR_noexpert_1,4.85,5.0,39,0.97,1.0,0.97,0.9847715736040609
53,Sys_VAR_noexpert_2,4.85,5.0,39,0.97,1.0,0.97,0.9847715736040609
53,Sys_VAR_noexpert_3,4.85,5.0,39,0.97,1.0,0.97,0.9847715736040609
54,User_VAR_500_1,5.0,4.0,39,1.0,0.8,0.8,0.888888888888889
54,User_VAR_500_2,5.0,4.0,39,1.0,0.8,0.8,0.888888888888889
54,User_VAR_500_3,5.0,4.0,39,1.0,0.8,0.8,0.888888888888889
54,Sys_VAR_noexpert_1,4.85,3.65,39,0.97,0.73,0.7081,0.8330588235294117
54,Sys_VAR_noexpert_2,4.65,4.35,39,0.93,0.8699999999999999,0.8090999999999999,0.899
54,Sys_VAR_noexpert_3,4.65,3.92,39,0.93,0.784,0.7291200000000001,0.8507817969661612
55,User_VAR_500_1,4.29,4.0,39,0.858,0.8,0.6864,0.8279855247285887
55,User_VAR_500_2,4.29,5.0,39,0.858,1.0,0.858,0.9235737351991388
55,User_VAR_500_3,5.0,4.0,39,1.0,0.8,0.8,0.888888888888889
55,Sys_VAR_noexpert_1,4.85,5.0,39,0.97,1.0,0.97,0.9847715736040609
55,Sys_VAR_noexpert_2,4.85,5.0,39,0.97,1.0,0.97,0.9847715736040609
55,Sys_VAR_noexpert_3,4.85,5.0,39,0.97,1.0,0.97,0.9847715736040609
61,User_VAR_500_1,5.0,2.0,49,1.0,0.4,0.4,0.5714285714285715
61,User_VAR_500_2,5.0,2.0,49,1.0,0.4,0.4,0.5714285714285715
61,User_VAR_500_3,5.0,4.0,49,1.0,0.8,0.8,0.888888888888889
61,Sys_VAR_noexpert_1,4.85,4.6,49,0.97,0.9199999999999999,0.8923999999999999,0.9443386243386243
61,Sys_VAR_noexpert_2,4.65,4.35,49,0.93,0.8699999999999999,0.8090999999999999,0.899
61,Sys_VAR_noexpert_3,4.85,5.0,49,0.97,1.0,0.97,0.9847715736040609
62,User_VAR_500_1,5.0,4.0,49,1.0,0.8,0.8,0.888888888888889
62,User_VAR_500_2,5.0,2.0,49,1.0,0.4,0.4,0.5714285714285715
62,User_VAR_500_3,5.0,4.0,49,1.0,0.8,0.8,0.888888888888889
62,Sys_VAR_noexpert_1,3.85,4.6,49,0.77,0.9199999999999999,0.7083999999999999,0.8383431952662721
62,Sys_VAR_noexpert_2,3.85,3.92,49,0.77,0.784,0.60368,0.7769369369369369
62,Sys_VAR_noexpert_3,3.85,4.2,49,0.77,0.8400000000000001,0.6468,0.8034782608695652
64,User_VAR_500_1,4.29,2.0,49,0.858,0.4,0.3432,0.5456279809220985
64,User_VAR_500_2,4.29,3.0,49,0.858,0.6,0.5147999999999999,0.7061728395061727
64,User_VAR_500_3,5.0,3.0,49,1.0,0.6,0.6,0.7499999999999999
64,Sys_VAR_noexpert_1,4.65,3.85,49,0.93,0.77,0.7161000000000001,0.8424705882352941
64,Sys_VAR_noexpert_2,4.35,3.6,49,0.8699999999999999,0.72,0.6263999999999998,0.7879245283018866
64,Sys_VAR_noexpert_3,4.65,3.85,49,0.93,0.77,0.7161000000000001,0.8424705882352941
65,User_VAR_500_1,3.12,3.0,49,0.624,0.6,0.3744,0.611764705882353
65,User_VAR_500_2,5.0,2.0,49,1.0,0.4,0.4,0.5714285714285715
65,User_VAR_500_3,5.0,2.0,49,1.0,0.4,0.4,0.5714285714285715
65,Sys_VAR_noexpert_1,4.35,4.1,49,0.8699999999999999,0.82,0.7133999999999998,0.8442603550295856
65,Sys_VAR_noexpert_2,3.85,3.6,49,0.77,0.72,0.5544,0.7441610738255033
65,Sys_VAR_noexpert_3,4.85,4.6,49,0.97,0.9199999999999999,0.8923999999999999,0.9443386243386243
67,User_VAR_500_1,5.0,3.0,49,1.0,0.6,0.6,0.7499999999999999
67,User_VAR_500_2,5.0,3.0,49,1.0,0.6,0.6,0.7499999999999999
67,User_VAR_500_3,5.0,5.0,49,1.0,1.0,1.0,1.0
67,Sys_VAR_noexpert_1,4.65,4.35,49,0.93,0.8699999999999999,0.8090999999999999,0.899
67,Sys_VAR_noexpert_2,4.65,4.35,49,0.93,0.8699999999999999,0.8090999999999999,0.899
67,Sys_VAR_noexpert_3,4.65,4.35,49,0.93,0.8699999999999999,0.8090999999999999,0.899
70,User_VAR_500_1,5.0,4.0,51,1.0,0.8,0.8,0.888888888888889
70,User_VAR_500_2,5.0,4.0,51,1.0,0.8,0.8,0.888888888888889
70,User_VAR_500_3,5.0,2.0,51,1.0,0.4,0.4,0.5714285714285715
70,Sys_VAR_noexpert_1,3.85,3.6,51,0.77,0.72,0.5544,0.7441610738255033
70,Sys_VAR_noexpert_2,4.85,5.0,51,0.97,1.0,0.97,0.9847715736040609
70,Sys_VAR_noexpert_3,5.0,5.0,51,1.0,1.0,1.0,1.0
71,User_VAR_500_1,2.86,2.0,51,0.572,0.4,0.2288,0.47078189300411527
71,User_VAR_500_2,4.0,3.0,51,0.8,0.6,0.48,0.6857142857142857
71,User_VAR_500_3,4.0,2.0,51,0.8,0.4,0.32000000000000006,0.5333333333333333
71,Sys_VAR_noexpert_1,2.85,2.1,51,0.5700000000000001,0.42000000000000004,0.23940000000000006,0.4836363636363637
71,Sys_VAR_noexpert_2,2.85,1.92,51,0.5700000000000001,0.384,0.21888000000000002,0.4588679245283019
71,Sys_VAR_noexpert_3,2.15,1.8,51,0.43,0.36,0.1548,0.39189873417721516
72,User_VAR_500_1,3.75,2.0,51,0.75,0.4,0.30000000000000004,0.5217391304347827
72,User_VAR_500_2,3.75,2.0,51,0.75,0.4,0.30000000000000004,0.5217391304347827
72,User_VAR_500_3,5.0,3.0,51,1.0,0.6,0.6,0.7499999999999999
72,Sys_VAR_noexpert_1,2.15,3.8,51,0.43,0.76,0.3268,0.5492436974789916
72,Sys_VAR_noexpert_2,3.45,3.8,51,0.6900000000000001,0.76,0.5244000000000001,0.7233103448275863
72,Sys_VAR_noexpert_3,3.45,3.82,51,0.6900000000000001,0.764,0.5271600000000001,0.7251169188445667
76,User_VAR_500_1,5.0,5.0,51,1.0,1.0,1.0,1.0
76,User_VAR_500_2,5.0,5.0,51,1.0,1.0,1.0,1.0
76,User_VAR_500_3,5.0,5.0,51,1.0,1.0,1.0,1.0
76,Sys_VAR_noexpert_1,4.65,5.0,51,0.93,1.0,0.93,0.9637305699481865
76,Sys_VAR_noexpert_2,4.65,5.0,51,0.93,1.0,0.93,0.9637305699481865
76,Sys_VAR_noexpert_3,2.15,3.85,51,0.43,0.77,0.3311,0.5518333333333334
79,User_VAR_500_1,5.0,5.0,51,1.0,1.0,1.0,1.0
79,User_VAR_500_2,5.0,5.0,51,1.0,1.0,1.0,1.0
79,User_VAR_500_3,5.0,5.0,51,1.0,1.0,1.0,1.0
79,Sys_VAR_noexpert_1,4.15,5.0,51,0.8300000000000001,1.0,0.8300000000000001,0.907103825136612
79,Sys_VAR_noexpert_2,4.25,5.0,51,0.85,1.0,0.85,0.9189189189189189
79,Sys_VAR_noexpert_3,5.0,5.0,51,1.0,1.0,1.0,1.0
80,User_VAR_500_1,5.0,5.0,52,1.0,1.0,1.0,1.0
80,User_VAR_500_2,5.0,5.0,52,1.0,1.0,1.0,1.0
80,User_VAR_500_3,5.0,5.0,52,1.0,1.0,1.0,1.0
80,Sys_VAR_noexpert_1,5.0,5.0,52,1.0,1.0,1.0,1.0
80,Sys_VAR_noexpert_2,5.0,5.0,52,1.0,1.0,1.0,1.0
80,Sys_VAR_noexpert_3,5.0,5.0,52,1.0,1.0,1.0,1.0
83,User_VAR_500_1,5.0,3.0,52,1.0,0.6,0.6,0.7499999999999999
83,User_VAR_500_2,5.0,3.0,52,1.0,0.6,0.6,0.7499999999999999
83,User_VAR_500_3,5.0,3.0,52,1.0,0.6,0.6,0.7499999999999999
83,Sys_VAR_noexpert_1,4.92,5.0,52,0.984,1.0,0.984,0.9919354838709677
83,Sys_VAR_noexpert_2,4.85,4.6,52,0.97,0.9199999999999999,0.8923999999999999,0.9443386243386243
83,Sys_VAR_noexpert_3,4.85,4.6,52,0.97,0.9199999999999999,0.8923999999999999,0.9443386243386243
84,User_VAR_500_1,5.0,5.0,52,1.0,1.0,1.0,1.0
84,User_VAR_500_2,5.0,5.0,52,1.0,1.0,1.0,1.0
84,User_VAR_500_3,5.0,5.0,52,1.0,1.0,1.0,1.0
84,Sys_VAR_noexpert_1,5.0,5.0,52,1.0,1.0,1.0,1.0
84,Sys_VAR_noexpert_2,5.0,5.0,52,1.0,1.0,1.0,1.0
84,Sys_VAR_noexpert_3,5.0,5.0,52,1.0,1.0,1.0,1.0
85,User_VAR_500_1,4.17,4.0,52,0.834,0.8,0.6672,0.8166462668298654
85,User_VAR_500_2,4.29,4.0,52,0.858,0.8,0.6864,0.8279855247285887
85,User_VAR_500_3,4.17,4.0,52,0.834,0.8,0.6672,0.8166462668298654
85,Sys_VAR_noexpert_1,2.15,3.85,52,0.43,0.77,0.3311,0.5518333333333334
85,Sys_VAR_noexpert_2,2.15,2.85,52,0.43,0.5700000000000001,0.2451,0.4902
85,Sys_VAR_noexpert_3,1.85,3.65,52,0.37,0.73,0.2701,0.4910909090909091
89,User_VAR_500_1,5.0,5.0,52,1.0,1.0,1.0,1.0
89,User_VAR_500_2,5.0,5.0,52,1.0,1.0,1.0,1.0
89,User_VAR_500_3,5.0,5.0,52,1.0,1.0,1.0,1.0
89,Sys_VAR_noexpert_1,5.0,5.0,52,1.0,1.0,1.0,1.0
89,Sys_VAR_noexpert_2,5.0,5.0,52,1.0,1.0,1.0,1.0
89,Sys_VAR_noexpert_3,5.0,5.0,52,1.0,1.0,1.0,1.0
90,User_VAR_500_1,5.0,3.0,64,1.0,0.6,0.6,0.7499999999999999
90,User_VAR_500_2,5.0,5.0,64,1.0,1.0,1.0,1.0
90,User_VAR_500_3,5.0,5.0,64,1.0,1.0,1.0,1.0
90,Sys_VAR_noexpert_1,2.85,3.9,64,0.5700000000000001,0.78,0.44460000000000005,0.6586666666666667
90,Sys_VAR_noexpert_2,1.85,3.6,64,0.37,0.72,0.26639999999999997,0.4888073394495413
90,Sys_VAR_noexpert_3,2.85,3.9,64,0.5700000000000001,0.78,0.44460000000000005,0.6586666666666667
91,User_VAR_500_1,3.57,3.0,64,0.714,0.6,0.42839999999999995,0.6520547945205478
91,User_VAR_500_2,2.86,4.0,64,0.572,0.8,0.4576,0.6670553935860059
91,User_VAR_500_3,2.14,4.0,64,0.42800000000000005,0.8,0.34240000000000004,0.5576547231270358
91,Sys_VAR_noexpert_1,2.85,2.1,64,0.5700000000000001,0.42000000000000004,0.23940000000000006,0.4836363636363637
91,Sys_VAR_noexpert_2,2.85,2.4,64,0.5700000000000001,0.48,0.2736,0.5211428571428571
91,Sys_VAR_noexpert_3,3.85,3.42,64,0.77,0.6839999999999999,0.5266799999999999,0.7244566712517193
94,User_VAR_500_1,2.86,3.0,64,0.572,0.6,0.34319999999999995,0.5856655290102388
94,User_VAR_500_2,2.86,2.0,64,0.572,0.4,0.2288,0.47078189300411527
94,User_VAR_500_3,2.86,2.0,64,0.572,0.4,0.2288,0.47078189300411527
94,Sys_VAR_noexpert_1,1.2,3.8,64,0.24,0.76,0.1824,0.3648
94,Sys_VAR_noexpert_2,1.85,3.9,64,0.37,0.78,0.2886,0.5019130434782609
94,Sys_VAR_noexpert_3,2.15,3.85,64,0.43,0.77,0.3311,0.5518333333333334
96,User_VAR_500_1,4.29,3.0,64,0.858,0.6,0.5147999999999999,0.7061728395061727
96,User_VAR_500_2,4.29,4.0,64,0.858,0.8,0.6864,0.8279855247285887
96,User_VAR_500_3,4.29,3.0,64,0.858,0.6,0.5147999999999999,0.7061728395061727
96,Sys_VAR_noexpert_1,2.85,3.6,64,0.5700000000000001,0.72,0.41040000000000004,0.6362790697674419
96,Sys_VAR_noexpert_2,2.85,3.6,64,0.5700000000000001,0.72,0.41040000000000004,0.6362790697674419
96,Sys_VAR_noexpert_3,2.85,3.6,64,0.5700000000000001,0.72,0.41040000000000004,0.6362790697674419
98,User_VAR_500_1,5.0,4.0,64,1.0,0.8,0.8,0.888888888888889
98,User_VAR_500_2,5.0,4.0,64,1.0,0.8,0.8,0.888888888888889
98,User_VAR_500_3,5.0,4.0,64,1.0,0.8,0.8,0.888888888888889
98,Sys_VAR_noexpert_1,2.15,1.8,64,0.43,0.36,0.1548,0.39189873417721516
98,Sys_VAR_noexpert_2,2.85,2.1,64,0.5700000000000001,0.42000000000000004,0.23940000000000006,0.4836363636363637
98,Sys_VAR_noexpert_3,2.85,1.9,64,0.5700000000000001,0.38,0.21660000000000001,0.456
100,User_VAR_500_1,5.0,4.0,80,1.0,0.8,0.8,0.888888888888889
100,User_VAR_500_2,5.0,3.0,80,1.0,0.6,0.6,0.7499999999999999
100,User_VAR_500_3,5.0,4.0,80,1.0,0.8,0.8,0.888888888888889
100,Sys_VAR_noexpert_1,4.65,2.85,80,0.93,0.5700000000000001,0.5301000000000001,0.7068000000000002
100,Sys_VAR_noexpert_2,4.85,3.2,80,0.97,0.64,0.6208,0.7711801242236026
100,Sys_VAR_noexpert_3,4.65,2.85,80,0.93,0.5700000000000001,0.5301000000000001,0.7068000000000002
103,User_VAR_500_1,5.0,2.0,80,1.0,0.4,0.4,0.5714285714285715
103,User_VAR_500_2,3.57,2.0,80,0.714,0.4,0.2856,0.5127468581687613
103,User_VAR_500_3,5.0,2.0,80,1.0,0.4,0.4,0.5714285714285715
103,Sys_VAR_noexpert_1,3.85,2.9,80,0.77,0.58,0.4466,0.6616296296296296
103,Sys_VAR_noexpert_2,3.85,4.12,80,0.77,0.8240000000000001,0.63448,0.7960853199498118
103,Sys_VAR_noexpert_3,2.85,2.1,80,0.5700000000000001,0.42000000000000004,0.23940000000000006,0.4836363636363637
104,User_VAR_500_1,4.29,2.0,80,0.858,0.4,0.3432,0.5456279809220985
104,User_VAR_500_2,5.0,1.0,80,1.0,0.2,0.2,0.33333333333333337
104,User_VAR_500_3,5.0,1.0,80,1.0,0.2,0.2,0.33333333333333337
104,Sys_VAR_noexpert_1,2.85,1.2,80,0.5700000000000001,0.24,0.1368,0.3377777777777778
104,Sys_VAR_noexpert_2,4.85,1.8,80,0.97,0.36,0.34919999999999995,0.5251127819548871
104,Sys_VAR_noexpert_3,2.85,1.2,80,0.5700000000000001,0.24,0.1368,0.3377777777777778
105,User_VAR_500_1,4.29,3.0,80,0.858,0.6,0.5147999999999999,0.7061728395061727
105,User_VAR_500_2,4.29,3.0,80,0.858,0.6,0.5147999999999999,0.7061728395061727
105,User_VAR_500_3,4.29,3.0,80,0.858,0.6,0.5147999999999999,0.7061728395061727
105,Sys_VAR_noexpert_1,4.85,3.2,80,0.97,0.64,0.6208,0.7711801242236026
105,Sys_VAR_noexpert_2,3.42,2.85,80,0.6839999999999999,0.5700000000000001,0.38988,0.6218181818181818
105,Sys_VAR_noexpert_3,4.85,3.92,80,0.97,0.784,0.76048,0.8671379703534778
108,User_VAR_500_1,4.17,3.0,80,0.834,0.6,0.5004,0.697907949790795
108,User_VAR_500_2,4.17,4.0,80,0.834,0.8,0.6672,0.8166462668298654
108,User_VAR_500_3,4.17,4.0,80,0.834,0.8,0.6672,0.8166462668298654
108,Sys_VAR_noexpert_1,4.85,3.92,80,0.97,0.784,0.76048,0.8671379703534778
108,Sys_VAR_noexpert_2,4.65,3.8,80,0.93,0.76,0.7068000000000001,0.8364497041420119
108,Sys_VAR_noexpert_3,4.85,3.75,80,0.97,0.75,0.7275,0.8459302325581396
110,User_VAR_500_1,5.0,4.0,97,1.0,0.8,0.8,0.888888888888889
110,User_VAR_500_2,5.0,4.0,97,1.0,0.8,0.8,0.888888888888889
110,User_VAR_500_3,5.0,5.0,97,1.0,1.0,1.0,1.0
110,Sys_VAR_noexpert_1,4.85,5.0,97,0.97,1.0,0.97,0.9847715736040609
110,Sys_VAR_noexpert_2,4.85,5.0,97,0.97,1.0,0.97,0.9847715736040609
110,Sys_VAR_noexpert_3,4.85,5.0,97,0.97,1.0,0.97,0.9847715736040609
111,User_VAR_500_1,5.0,4.0,97,1.0,0.8,0.8,0.888888888888889
111,User_VAR_500_2,5.0,4.0,97,1.0,0.8,0.8,0.888888888888889
111,User_VAR_500_3,5.0,4.0,97,1.0,0.8,0.8,0.888888888888889
111,Sys_VAR_noexpert_1,5.0,5.0,97,1.0,1.0,1.0,1.0
111,Sys_VAR_noexpert_2,5.0,5.0,97,1.0,1.0,1.0,1.0
111,Sys_VAR_noexpert_3,5.0,5.0,97,1.0,1.0,1.0,1.0
113,User_VAR_500_1,2.5,4.0,97,0.5,0.8,0.4,0.6153846153846154
113,User_VAR_500_2,2.5,4.0,97,0.5,0.8,0.4,0.6153846153846154
113,User_VAR_500_3,2.5,3.0,97,0.5,0.6,0.3,0.5454545454545454
113,Sys_VAR_noexpert_1,2.15,3.85,97,0.43,0.77,0.3311,0.5518333333333334
113,Sys_VAR_noexpert_2,2.15,3.85,97,0.43,0.77,0.3311,0.5518333333333334
113,Sys_VAR_noexpert_3,2.15,3.85,97,0.43,0.77,0.3311,0.5518333333333334
114,User_VAR_500_1,1.67,4.0,97,0.33399999999999996,0.8,0.2672,0.47125220458553796
114,User_VAR_500_2,2.5,4.0,97,0.5,0.8,0.4,0.6153846153846154
114,User_VAR_500_3,1.67,4.0,97,0.33399999999999996,0.8,0.2672,0.47125220458553796
114,Sys_VAR_noexpert_1,3.85,5.0,97,0.77,1.0,0.77,0.8700564971751412
114,Sys_VAR_noexpert_2,3.85,5.0,97,0.77,1.0,0.77,0.8700564971751412
114,Sys_VAR_noexpert_3,3.85,5.0,97,0.77,1.0,0.77,0.8700564971751412
119,User_VAR_500_1,3.33,3.0,97,0.666,0.6,0.3996,0.6312796208530805
119,User_VAR_500_2,3.33,3.0,97,0.666,0.6,0.3996,0.6312796208530805
119,User_VAR_500_3,3.33,3.0,97,0.666,0.6,0.3996,0.6312796208530805
119,Sys_VAR_noexpert_1,4.15,5.0,97,0.8300000000000001,1.0,0.8300000000000001,0.907103825136612
119,Sys_VAR_noexpert_2,3.45,4.15,97,0.6900000000000001,0.8300000000000001,0.5727000000000001,0.7535526315789475
119,Sys_VAR_noexpert_3,3.85,4.2,97,0.77,0.8400000000000001,0.6468,0.8034782608695652
121,User_VAR_500_1,5.0,5.0,106,1.0,1.0,1.0,1.0
121,User_VAR_500_2,5.0,4.0,106,1.0,0.8,0.8,0.888888888888889
121,User_VAR_500_3,5.0,4.0,106,1.0,0.8,0.8,0.888888888888889
121,Sys_VAR_noexpert_1,5.0,5.0,106,1.0,1.0,1.0,1.0
121,Sys_VAR_noexpert_2,5.0,5.0,106,1.0,1.0,1.0,1.0
121,Sys_VAR_noexpert_3,5.0,5.0,106,1.0,1.0,1.0,1.0
123,User_VAR_500_1,5.0,3.0,106,1.0,0.6,0.6,0.7499999999999999
123,User_VAR_500_2,5.0,3.0,106,1.0,0.6,0.6,0.7499999999999999
123,User_VAR_500_3,5.0,3.0,106,1.0,0.6,0.6,0.7499999999999999
123,Sys_VAR_noexpert_1,4.92,3.85,106,0.984,0.77,0.75768,0.863945267958951
123,Sys_VAR_noexpert_2,4.85,4.6,106,0.97,0.9199999999999999,0.8923999999999999,0.9443386243386243
123,Sys_VAR_noexpert_3,4.92,4.65,106,0.984,0.93,0.91512,0.9562382445141066
124,User_VAR_500_1,5.0,5.0,106,1.0,1.0,1.0,1.0
124,User_VAR_500_2,5.0,5.0,106,1.0,1.0,1.0,1.0
124,User_VAR_500_3,5.0,5.0,106,1.0,1.0,1.0,1.0
124,Sys_VAR_noexpert_1,5.0,5.0,106,1.0,1.0,1.0,1.0
124,Sys_VAR_noexpert_2,4.92,4.65,106,0.984,0.93,0.91512,0.9562382445141066
124,Sys_VAR_noexpert_3,5.0,5.0,106,1.0,1.0,1.0,1.0
125,User_VAR_500_1,5.0,5.0,106,1.0,1.0,1.0,1.0
125,User_VAR_500_2,5.0,4.0,106,1.0,0.8,0.8,0.888888888888889
125,User_VAR_500_3,5.0,4.0,106,1.0,0.8,0.8,0.888888888888889
125,Sys_VAR_noexpert_1,4.85,5.0,106,0.97,1.0,0.97,0.9847715736040609
125,Sys_VAR_noexpert_2,5.0,5.0,106,1.0,1.0,1.0,1.0
125,Sys_VAR_noexpert_3,5.0,5.0,106,1.0,1.0,1.0,1.0
126,User_VAR_500_1,5.0,2.0,106,1.0,0.4,0.4,0.5714285714285715
126,User_VAR_500_2,5.0,3.0,106,1.0,0.6,0.6,0.7499999999999999
126,User_VAR_500_3,5.0,3.0,106,1.0,0.6,0.6,0.7499999999999999
126,Sys_VAR_noexpert_1,4.85,5.0,106,0.97,1.0,0.97,0.9847715736040609
126,Sys_VAR_noexpert_2,4.85,5.0,106,0.97,1.0,0.97,0.9847715736040609
126,Sys_VAR_noexpert_3,4.85,5.0,106,0.97,1.0,0.97,0.9847715736040609
131,User_VAR_500_1,5.0,4.0,116,1.0,0.8,0.8,0.888888888888889
131,User_VAR_500_2,5.0,4.0,116,1.0,0.8,0.8,0.888888888888889
131,User_VAR_500_3,5.0,4.0,116,1.0,0.8,0.8,0.888888888888889
131,Sys_VAR_noexpert_1,4.92,3.85,116,0.984,0.77,0.75768,0.863945267958951
131,Sys_VAR_noexpert_2,4.85,3.2,116,0.97,0.64,0.6208,0.7711801242236026
131,Sys_VAR_noexpert_3,4.92,3.65,116,0.984,0.73,0.71832,0.8381796966161027
132,User_VAR_500_1,5.0,4.0,116,1.0,0.8,0.8,0.888888888888889
132,User_VAR_500_2,5.0,4.0,116,1.0,0.8,0.8,0.888888888888889
132,User_VAR_500_3,5.0,5.0,116,1.0,1.0,1.0,1.0
132,Sys_VAR_noexpert_1,5.0,5.0,116,1.0,1.0,1.0,1.0
132,Sys_VAR_noexpert_2,5.0,5.0,116,1.0,1.0,1.0,1.0
132,Sys_VAR_noexpert_3,5.0,5.0,116,1.0,1.0,1.0,1.0
135,User_VAR_500_1,5.0,4.0,116,1.0,0.8,0.8,0.888888888888889
135,User_VAR_500_2,5.0,4.0,116,1.0,0.8,0.8,0.888888888888889
135,User_VAR_500_3,4.29,4.0,116,0.858,0.8,0.6864,0.8279855247285887
135,Sys_VAR_noexpert_1,5.0,5.0,116,1.0,1.0,1.0,1.0
135,Sys_VAR_noexpert_2,5.0,5.0,116,1.0,1.0,1.0,1.0
135,Sys_VAR_noexpert_3,5.0,5.0,116,1.0,1.0,1.0,1.0
138,User_VAR_500_1,5.0,4.0,116,1.0,0.8,0.8,0.888888888888889
138,User_VAR_500_2,5.0,4.0,116,1.0,0.8,0.8,0.888888888888889
138,User_VAR_500_3,5.0,4.0,116,1.0,0.8,0.8,0.888888888888889
138,Sys_VAR_noexpert_1,5.0,5.0,116,1.0,1.0,1.0,1.0
138,Sys_VAR_noexpert_2,5.0,5.0,116,1.0,1.0,1.0,1.0
138,Sys_VAR_noexpert_3,5.0,5.0,116,1.0,1.0,1.0,1.0
139,User_VAR_500_1,5.0,5.0,116,1.0,1.0,1.0,1.0
139,User_VAR_500_2,5.0,5.0,116,1.0,1.0,1.0,1.0
139,User_VAR_500_3,5.0,5.0,116,1.0,1.0,1.0,1.0
139,Sys_VAR_noexpert_1,5.0,5.0,116,1.0,1.0,1.0,1.0
139,Sys_VAR_noexpert_2,5.0,5.0,116,1.0,1.0,1.0,1.0
139,Sys_VAR_noexpert_3,5.0,5.0,116,1.0,1.0,1.0,1.0
141,User_VAR_500_1,4.17,2.0,118,0.834,0.4,0.3336,0.5406807131280389
141,User_VAR_500_2,3.33,2.0,118,0.666,0.4,0.2664,0.499812382739212
141,User_VAR_500_3,4.0,2.0,118,0.8,0.4,0.32000000000000006,0.5333333333333333
141,Sys_VAR_noexpert_1,5.0,5.0,118,1.0,1.0,1.0,1.0
141,Sys_VAR_noexpert_2,5.0,5.0,118,1.0,1.0,1.0,1.0
141,Sys_VAR_noexpert_3,4.85,5.0,118,0.97,1.0,0.97,0.9847715736040609
142,User_VAR_500_1,2.5,2.0,118,0.5,0.4,0.2,0.4444444444444445
142,User_VAR_500_2,2.5,2.0,118,0.5,0.4,0.2,0.4444444444444445
142,User_VAR_500_3,3.0,3.0,118,0.6,0.6,0.36,0.6
142,Sys_VAR_noexpert_1,3.85,2.9,118,0.77,0.58,0.4466,0.6616296296296296
142,Sys_VAR_noexpert_2,3.45,2.85,118,0.6900000000000001,0.5700000000000001,0.3933000000000001,0.6242857142857143
142,Sys_VAR_noexpert_3,2.85,3.42,118,0.5700000000000001,0.6839999999999999,0.38988,0.6218181818181818
144,User_VAR_500_1,3.75,4.0,118,0.75,0.8,0.6000000000000001,0.7741935483870969
144,User_VAR_500_2,3.75,4.0,118,0.75,0.8,0.6000000000000001,0.7741935483870969
144,User_VAR_500_3,4.38,4.0,118,0.876,0.8,0.7008000000000001,0.8362768496420048
144,Sys_VAR_noexpert_1,3.85,2.1,118,0.77,0.42000000000000004,0.3234,0.5435294117647059
144,Sys_VAR_noexpert_2,4.65,3.2,118,0.93,0.64,0.5952000000000001,0.7582165605095542
144,Sys_VAR_noexpert_3,2.85,1.92,118,0.5700000000000001,0.384,0.21888000000000002,0.4588679245283019
145,User_VAR_500_1,3.33,2.0,118,0.666,0.4,0.2664,0.499812382739212
145,User_VAR_500_2,3.12,2.0,118,0.624,0.4,0.24960000000000002,0.48750000000000004
145,User_VAR_500_3,3.12,3.0,118,0.624,0.6,0.3744,0.611764705882353
145,Sys_VAR_noexpert_1,3.42,2.85,118,0.6839999999999999,0.5700000000000001,0.38988,0.6218181818181818
145,Sys_VAR_noexpert_2,3.42,3.85,118,0.6839999999999999,0.77,0.5266799999999999,0.7244566712517193
145,Sys_VAR_noexpert_3,3.42,3.85,118,0.6839999999999999,0.77,0.5266799999999999,0.7244566712517193
149,User_VAR_500_1,4.29,4.0,118,0.858,0.8,0.6864,0.8279855247285887
149,User_VAR_500_2,1.67,2.0,118,0.33399999999999996,0.4,0.1336,0.3640326975476839
149,User_VAR_500_3,4.38,2.0,118,0.876,0.4,0.35040000000000004,0.5492163009404389
149,Sys_VAR_noexpert_1,3.85,4.2,118,0.77,0.8400000000000001,0.6468,0.8034782608695652
149,Sys_VAR_noexpert_2,4.35,4.65,118,0.8699999999999999,0.93,0.8090999999999999,0.899
149,Sys_VAR_noexpert_3,3.42,3.85,118,0.6839999999999999,0.77,0.5266799999999999,0.7244566712517193
152,User_VAR_500_1,3.57,4.0,129,0.714,0.8,0.5712,0.7545574636723911
152,User_VAR_500_2,3.57,2.0,129,0.714,0.4,0.2856,0.5127468581687613
152,User_VAR_500_3,3.57,4.0,129,0.714,0.8,0.5712,0.7545574636723911
152,Sys_VAR_noexpert_1,3.85,4.2,129,0.77,0.8400000000000001,0.6468,0.8034782608695652
152,Sys_VAR_noexpert_2,4.15,3.85,129,0.8300000000000001,0.77,0.6391000000000001,0.7988750000000001
152,Sys_VAR_noexpert_3,3.85,4.1,129,0.77,0.82,0.6314,0.7942138364779875
153,User_VAR_500_1,3.33,2.0,129,0.666,0.4,0.2664,0.499812382739212
153,User_VAR_500_2,3.33,2.0,129,0.666,0.4,0.2664,0.499812382739212
153,User_VAR_500_3,3.33,3.0,129,0.666,0.6,0.3996,0.6312796208530805
153,Sys_VAR_noexpert_1,4.15,3.85,129,0.8300000000000001,0.77,0.6391000000000001,0.7988750000000001
153,Sys_VAR_noexpert_2,3.85,4.1,129,0.77,0.82,0.6314,0.7942138364779875
153,Sys_VAR_noexpert_3,4.35,4.65,129,0.8699999999999999,0.93,0.8090999999999999,0.899
157,User_VAR_500_1,0.0,2.0,129,0.0,0.4,0.0,0.0
157,User_VAR_500_2,3.57,2.0,129,0.714,0.4,0.2856,0.5127468581687613
157,User_VAR_500_3,3.57,3.0,129,0.714,0.6,0.42839999999999995,0.6520547945205478
157,Sys_VAR_noexpert_1,4.65,4.32,129,0.93,0.8640000000000001,0.8035200000000001,0.8957859531772576
157,Sys_VAR_noexpert_2,4.15,3.85,129,0.8300000000000001,0.77,0.6391000000000001,0.7988750000000001
157,Sys_VAR_noexpert_3,3.45,3.82,129,0.6900000000000001,0.764,0.5271600000000001,0.7251169188445667
158,User_VAR_500_1,4.29,2.0,129,0.858,0.4,0.3432,0.5456279809220985
158,User_VAR_500_2,3.57,3.0,129,0.714,0.6,0.42839999999999995,0.6520547945205478
158,User_VAR_500_3,4.29,3.0,129,0.858,0.6,0.5147999999999999,0.7061728395061727
158,Sys_VAR_noexpert_1,4.2,4.3,129,0.8400000000000001,0.86,0.7224,0.8498823529411764
158,Sys_VAR_noexpert_2,4.85,3.2,129,0.97,0.64,0.6208,0.7711801242236026
158,Sys_VAR_noexpert_3,4.15,3.85,129,0.8300000000000001,0.77,0.6391000000000001,0.7988750000000001
159,User_VAR_500_1,3.33,2.0,129,0.666,0.4,0.2664,0.499812382739212
159,User_VAR_500_2,2.78,2.0,129,0.5559999999999999,0.4,0.2224,0.46527196652719666
159,User_VAR_500_3,3.33,2.0,129,0.666,0.4,0.2664,0.499812382739212
159,Sys_VAR_noexpert_1,4.35,3.85,129,0.8699999999999999,0.77,0.6698999999999999,0.8169512195121951
159,Sys_VAR_noexpert_2,3.85,4.2,129,0.77,0.8400000000000001,0.6468,0.8034782608695652
159,Sys_VAR_noexpert_3,3.85,3.92,129,0.77,0.784,0.60368,0.7769369369369369
160,User_VAR_500_1,4.29,3.0,144,0.858,0.6,0.5147999999999999,0.7061728395061727
160,User_VAR_500_2,4.29,3.0,144,0.858,0.6,0.5147999999999999,0.7061728395061727
160,User_VAR_500_3,4.29,4.0,144,0.858,0.8,0.6864,0.8279855247285887
160,Sys_VAR_noexpert_1,4.85,3.65,144,0.97,0.73,0.7081,0.8330588235294117
160,Sys_VAR_noexpert_2,4.85,3.92,144,0.97,0.784,0.76048,0.8671379703534778
160,Sys_VAR_noexpert_3,4.85,3.9,144,0.97,0.78,0.7566,0.8646857142857144
163,User_VAR_500_1,5.0,3.0,144,1.0,0.6,0.6,0.7499999999999999
163,User_VAR_500_2,5.0,3.0,144,1.0,0.6,0.6,0.7499999999999999
163,User_VAR_500_3,5.0,3.0,144,1.0,0.6,0.6,0.7499999999999999
163,Sys_VAR_noexpert_1,3.45,3.82,144,0.6900000000000001,0.764,0.5271600000000001,0.7251169188445667
163,Sys_VAR_noexpert_2,4.92,3.85,144,0.984,0.77,0.75768,0.863945267958951
163,Sys_VAR_noexpert_3,4.92,4.65,144,0.984,0.93,0.91512,0.9562382445141066
165,User_VAR_500_1,3.89,2.0,144,0.778,0.4,0.31120000000000003,0.5283531409168082
165,User_VAR_500_2,3.89,3.0,144,0.778,0.6,0.4668,0.6775036284470246
165,User_VAR_500_3,3.89,2.0,144,0.778,0.4,0.31120000000000003,0.5283531409168082
165,Sys_VAR_noexpert_1,4.12,3.85,144,0.8240000000000001,0.77,0.63448,0.7960853199498118
165,Sys_VAR_noexpert_2,4.15,3.85,144,0.8300000000000001,0.77,0.6391000000000001,0.7988750000000001
165,Sys_VAR_noexpert_3,3.85,3.2,144,0.77,0.64,0.4928,0.6990070921985815
166,User_VAR_500_1,4.38,4.0,144,0.876,0.8,0.7008000000000001,0.8362768496420048
166,User_VAR_500_2,4.29,4.0,144,0.858,0.8,0.6864,0.8279855247285887
166,User_VAR_500_3,4.38,3.0,144,0.876,0.6,0.5256,0.7121951219512195
166,Sys_VAR_noexpert_1,3.85,4.2,144,0.77,0.8400000000000001,0.6468,0.8034782608695652
166,Sys_VAR_noexpert_2,4.35,4.6,144,0.8699999999999999,0.9199999999999999,0.8003999999999998,0.8943016759776535
166,Sys_VAR_noexpert_3,3.85,4.1,144,0.77,0.82,0.6314,0.7942138364779875
168,User_VAR_500_1,5.0,2.0,144,1.0,0.4,0.4,0.5714285714285715
168,User_VAR_500_2,5.0,3.0,144,1.0,0.6,0.6,0.7499999999999999
168,User_VAR_500_3,4.44,3.0,144,0.8880000000000001,0.6,0.5328,0.7161290322580646
168,Sys_VAR_noexpert_1,5.0,5.0,144,1.0,1.0,1.0,1.0
168,Sys_VAR_noexpert_2,5.0,5.0,144,1.0,1.0,1.0,1.0
168,Sys_VAR_noexpert_3,4.92,4.65,144,0.984,0.93,0.91512,0.9562382445141066
170,User_VAR_500_1,5.0,4.0,147,1.0,0.8,0.8,0.888888888888889
170,User_VAR_500_2,5.0,4.0,147,1.0,0.8,0.8,0.888888888888889
170,User_VAR_500_3,5.0,4.0,147,1.0,0.8,0.8,0.888888888888889
170,Sys_VAR_noexpert_1,4.65,4.35,147,0.93,0.8699999999999999,0.8090999999999999,0.899
170,Sys_VAR_noexpert_2,4.85,4.6,147,0.97,0.9199999999999999,0.8923999999999999,0.9443386243386243
170,Sys_VAR_noexpert_3,3.85,4.65,147,0.77,0.93,0.7161000000000001,0.8424705882352941
172,User_VAR_500_1,5.0,4.0,147,1.0,0.8,0.8,0.888888888888889
172,User_VAR_500_2,5.0,4.0,147,1.0,0.8,0.8,0.888888888888889
172,User_VAR_500_3,5.0,4.0,147,1.0,0.8,0.8,0.888888888888889
172,Sys_VAR_noexpert_1,5.0,5.0,147,1.0,1.0,1.0,1.0
172,Sys_VAR_noexpert_2,4.85,5.0,147,0.97,1.0,0.97,0.9847715736040609
172,Sys_VAR_noexpert_3,4.85,5.0,147,0.97,1.0,0.97,0.9847715736040609
173,User_VAR_500_1,5.0,4.0,147,1.0,0.8,0.8,0.888888888888889
173,User_VAR_500_2,5.0,4.0,147,1.0,0.8,0.8,0.888888888888889
173,User_VAR_500_3,5.0,4.0,147,1.0,0.8,0.8,0.888888888888889
173,Sys_VAR_noexpert_1,2.85,3.65,147,0.5700000000000001,0.73,0.4161,0.6401538461538462
173,Sys_VAR_noexpert_2,2.85,3.6,147,0.5700000000000001,0.72,0.41040000000000004,0.6362790697674419
173,Sys_VAR_noexpert_3,2.85,3.65,147,0.5700000000000001,0.73,0.4161,0.6401538461538462
175,User_VAR_500_1,5.0,4.0,147,1.0,0.8,0.8,0.888888888888889
175,User_VAR_500_2,5.0,4.0,147,1.0,0.8,0.8,0.888888888888889
175,User_VAR_500_3,5.0,4.0,147,1.0,0.8,0.8,0.888888888888889
175,Sys_VAR_noexpert_1,4.85,5.0,147,0.97,1.0,0.97,0.9847715736040609
175,Sys_VAR_noexpert_2,4.85,5.0,147,0.97,1.0,0.97,0.9847715736040609
175,Sys_VAR_noexpert_3,4.85,5.0,147,0.97,1.0,0.97,0.9847715736040609
179,User_VAR_500_1,5.0,3.0,147,1.0,0.6,0.6,0.7499999999999999
179,User_VAR_500_2,2.5,2.0,147,0.5,0.4,0.2,0.4444444444444445
179,User_VAR_500_3,2.5,2.0,147,0.5,0.4,0.2,0.4444444444444445
179,Sys_VAR_noexpert_1,2.85,1.2,147,0.5700000000000001,0.24,0.1368,0.3377777777777778
179,Sys_VAR_noexpert_2,3.85,1.2,147,0.77,0.24,0.1848,0.36594059405940593
179,Sys_VAR_noexpert_3,3.85,1.2,147,0.77,0.24,0.1848,0.36594059405940593
181,User_VAR_500_1,3.89,3.0,150,0.778,0.6,0.4668,0.6775036284470246
181,User_VAR_500_2,3.89,3.0,150,0.778,0.6,0.4668,0.6775036284470246
181,User_VAR_500_3,3.57,3.0,150,0.714,0.6,0.42839999999999995,0.6520547945205478
181,Sys_VAR_noexpert_1,4.65,5.0,150,0.93,1.0,0.93,0.9637305699481865
181,Sys_VAR_noexpert_2,3.42,4.15,150,0.6839999999999999,0.8300000000000001,0.56772,0.7499603698811096
181,Sys_VAR_noexpert_3,4.35,4.65,150,0.8699999999999999,0.93,0.8090999999999999,0.899
183,User_VAR_500_1,5.0,2.0,150,1.0,0.4,0.4,0.5714285714285715
183,User_VAR_500_2,5.0,3.0,150,1.0,0.6,0.6,0.7499999999999999
183,User_VAR_500_3,5.0,4.0,150,1.0,0.8,0.8,0.888888888888889
183,Sys_VAR_noexpert_1,4.85,4.75,150,0.97,0.95,0.9215,0.9598958333333334
183,Sys_VAR_noexpert_2,4.35,4.65,150,0.8699999999999999,0.93,0.8090999999999999,0.899
183,Sys_VAR_noexpert_3,4.85,4.6,150,0.97,0.9199999999999999,0.8923999999999999,0.9443386243386243
185,User_VAR_500_1,3.75,2.0,150,0.75,0.4,0.30000000000000004,0.5217391304347827
185,User_VAR_500_2,3.89,2.0,150,0.778,0.4,0.31120000000000003,0.5283531409168082
185,User_VAR_500_3,3.89,2.0,150,0.778,0.4,0.31120000000000003,0.5283531409168082
185,Sys_VAR_noexpert_1,4.85,5.0,150,0.97,1.0,0.97,0.9847715736040609
185,Sys_VAR_noexpert_2,2.85,3.92,150,0.5700000000000001,0.784,0.44688000000000005,0.6600886262924668
185,Sys_VAR_noexpert_3,3.45,4.1,150,0.6900000000000001,0.82,0.5658,0.7494039735099337
187,User_VAR_500_1,4.38,2.0,150,0.876,0.4,0.35040000000000004,0.5492163009404389
187,User_VAR_500_2,3.12,3.0,150,0.624,0.6,0.3744,0.611764705882353
187,User_VAR_500_3,1.67,2.0,150,0.33399999999999996,0.4,0.1336,0.3640326975476839
187,Sys_VAR_noexpert_1,3.85,3.6,150,0.77,0.72,0.5544,0.7441610738255033
187,Sys_VAR_noexpert_2,3.65,3.42,150,0.73,0.6839999999999999,0.49931999999999993,0.7062517680339462
187,Sys_VAR_noexpert_3,3.45,3.82,150,0.6900000000000001,0.764,0.5271600000000001,0.7251169188445667
189,User_VAR_500_1,5.0,2.0,150,1.0,0.4,0.4,0.5714285714285715
189,User_VAR_500_2,5.0,2.0,150,1.0,0.4,0.4,0.5714285714285715
189,User_VAR_500_3,5.0,3.0,150,1.0,0.6,0.6,0.7499999999999999
189,Sys_VAR_noexpert_1,5.0,5.0,150,1.0,1.0,1.0,1.0
189,Sys_VAR_noexpert_2,5.0,5.0,150,1.0,1.0,1.0,1.0
189,Sys_VAR_noexpert_3,5.0,5.0,150,1.0,1.0,1.0,1.0
191,User_VAR_500_1,5.0,3.0,156,1.0,0.6,0.6,0.7499999999999999
191,User_VAR_500_2,5.0,2.0,156,1.0,0.4,0.4,0.5714285714285715
191,User_VAR_500_3,5.0,3.0,156,1.0,0.6,0.6,0.7499999999999999
191,Sys_VAR_noexpert_1,4.92,3.85,156,0.984,0.77,0.75768,0.863945267958951
191,Sys_VAR_noexpert_2,4.92,4.65,156,0.984,0.93,0.91512,0.9562382445141066
191,Sys_VAR_noexpert_3,4.85,3.6,156,0.97,0.72,0.6983999999999999,0.8265088757396449
192,User_VAR_500_1,5.0,4.0,156,1.0,0.8,0.8,0.888888888888889
192,User_VAR_500_2,5.0,4.0,156,1.0,0.8,0.8,0.888888888888889
192,User_VAR_500_3,5.0,4.0,156,1.0,0.8,0.8,0.888888888888889
192,Sys_VAR_noexpert_1,5.0,5.0,156,1.0,1.0,1.0,1.0
192,Sys_VAR_noexpert_2,4.92,3.85,156,0.984,0.77,0.75768,0.863945267958951
192,Sys_VAR_noexpert_3,5.0,4.35,156,1.0,0.8699999999999999,0.8699999999999999,0.9304812834224598
196,User_VAR_500_1,5.0,3.0,156,1.0,0.6,0.6,0.7499999999999999
196,User_VAR_500_2,5.0,4.0,156,1.0,0.8,0.8,0.888888888888889
196,User_VAR_500_3,5.0,4.0,156,1.0,0.8,0.8,0.888888888888889
196,Sys_VAR_noexpert_1,4.85,3.9,156,0.97,0.78,0.7566,0.8646857142857144
196,Sys_VAR_noexpert_2,4.75,3.92,156,0.95,0.784,0.7448,0.8590542099192618
196,Sys_VAR_noexpert_3,4.85,3.9,156,0.97,0.78,0.7566,0.8646857142857144
197,User_VAR_500_1,5.0,4.0,156,1.0,0.8,0.8,0.888888888888889
197,User_VAR_500_2,5.0,3.0,156,1.0,0.6,0.6,0.7499999999999999
197,User_VAR_500_3,5.0,3.0,156,1.0,0.6,0.6,0.7499999999999999
197,Sys_VAR_noexpert_1,4.85,2.8,156,0.97,0.5599999999999999,0.5431999999999999,0.7100653594771241
197,Sys_VAR_noexpert_2,4.85,3.92,156,0.97,0.784,0.76048,0.8671379703534778
197,Sys_VAR_noexpert_3,4.85,3.2,156,0.97,0.64,0.6208,0.7711801242236026
199,User_VAR_500_1,5.0,3.0,156,1.0,0.6,0.6,0.7499999999999999
199,User_VAR_500_2,4.29,2.0,156,0.858,0.4,0.3432,0.5456279809220985
199,User_VAR_500_3,5.0,2.0,156,1.0,0.4,0.4,0.5714285714285715
199,Sys_VAR_noexpert_1,4.85,3.92,156,0.97,0.784,0.76048,0.8671379703534778
199,Sys_VAR_noexpert_2,4.85,3.92,156,0.97,0.784,0.76048,0.8671379703534778
199,Sys_VAR_noexpert_3,3.85,3.92,156,0.77,0.784,0.60368,0.7769369369369369
202,User_VAR_500_1,5.0,2.0,159,1.0,0.4,0.4,0.5714285714285715
202,User_VAR_500_2,4.29,2.0,159,0.858,0.4,0.3432,0.5456279809220985
202,User_VAR_500_3,4.29,2.0,159,0.858,0.4,0.3432,0.5456279809220985
202,Sys_VAR_noexpert_1,3.85,2.9,159,0.77,0.58,0.4466,0.6616296296296296
202,Sys_VAR_noexpert_2,2.15,3.85,159,0.43,0.77,0.3311,0.5518333333333334
202,Sys_VAR_noexpert_3,2.85,3.42,159,0.5700000000000001,0.6839999999999999,0.38988,0.6218181818181818
203,User_VAR_500_1,5.0,2.0,159,1.0,0.4,0.4,0.5714285714285715
203,User_VAR_500_2,5.0,3.0,159,1.0,0.6,0.6,0.7499999999999999
203,User_VAR_500_3,5.0,2.0,159,1.0,0.4,0.4,0.5714285714285715
203,Sys_VAR_noexpert_1,2.85,3.42,159,0.5700000000000001,0.6839999999999999,0.38988,0.6218181818181818
203,Sys_VAR_noexpert_2,2.85,3.42,159,0.5700000000000001,0.6839999999999999,0.38988,0.6218181818181818
203,Sys_VAR_noexpert_3,2.85,2.4,159,0.5700000000000001,0.48,0.2736,0.5211428571428571
204,User_VAR_500_1,5.0,4.0,159,1.0,0.8,0.8,0.888888888888889
204,User_VAR_500_2,5.0,4.0,159,1.0,0.8,0.8,0.888888888888889
204,User_VAR_500_3,5.0,4.0,159,1.0,0.8,0.8,0.888888888888889
204,Sys_VAR_noexpert_1,4.65,4.35,159,0.93,0.8699999999999999,0.8090999999999999,0.899
204,Sys_VAR_noexpert_2,4.85,4.92,159,0.97,0.984,0.95448,0.976949846468782
204,Sys_VAR_noexpert_3,4.85,5.0,159,0.97,1.0,0.97,0.9847715736040609
205,User_VAR_500_1,5.0,2.0,159,1.0,0.4,0.4,0.5714285714285715
205,User_VAR_500_2,4.0,2.0,159,0.8,0.4,0.32000000000000006,0.5333333333333333
205,User_VAR_500_3,5.0,2.0,159,1.0,0.4,0.4,0.5714285714285715
205,Sys_VAR_noexpert_1,3.85,3.6,159,0.77,0.72,0.5544,0.7441610738255033
205,Sys_VAR_noexpert_2,1.85,3.2,159,0.37,0.64,0.2368,0.46891089108910894
205,Sys_VAR_noexpert_3,4.12,3.85,159,0.8240000000000001,0.77,0.63448,0.7960853199498118
207,User_VAR_500_1,4.17,1.0,159,0.834,0.2,0.1668,0.3226305609284333
207,User_VAR_500_2,4.17,1.0,159,0.834,0.2,0.1668,0.3226305609284333
207,User_VAR_500_3,4.17,2.0,159,0.834,0.4,0.3336,0.5406807131280389
207,Sys_VAR_noexpert_1,4.15,2.85,159,0.8300000000000001,0.5700000000000001,0.4731000000000001,0.6758571428571429
207,Sys_VAR_noexpert_2,2.85,1.92,159,0.5700000000000001,0.384,0.21888000000000002,0.4588679245283019
207,Sys_VAR_noexpert_3,3.85,1.92,159,0.77,0.384,0.29568,0.5124436741767765
211,User_VAR_500_1,5.0,2.0,281,1.0,0.4,0.4,0.5714285714285715
211,User_VAR_500_2,5.0,5.0,281,1.0,1.0,1.0,1.0
211,User_VAR_500_3,4.38,5.0,281,0.876,1.0,0.876,0.933901918976546
211,Sys_VAR_noexpert_1,5.0,5.0,281,1.0,1.0,1.0,1.0
211,Sys_VAR_noexpert_2,5.0,5.0,281,1.0,1.0,1.0,1.0
211,Sys_VAR_noexpert_3,5.0,5.0,281,1.0,1.0,1.0,1.0
215,User_VAR_500_1,5.0,2.0,281,1.0,0.4,0.4,0.5714285714285715
215,User_VAR_500_2,5.0,4.0,281,1.0,0.8,0.8,0.888888888888889
215,User_VAR_500_3,5.0,4.0,281,1.0,0.8,0.8,0.888888888888889
215,Sys_VAR_noexpert_1,4.85,3.92,281,0.97,0.784,0.76048,0.8671379703534778
215,Sys_VAR_noexpert_2,4.85,3.92,281,0.97,0.784,0.76048,0.8671379703534778
215,Sys_VAR_noexpert_3,4.85,3.65,281,0.97,0.73,0.7081,0.8330588235294117
216,User_VAR_500_1,5.0,2.0,281,1.0,0.4,0.4,0.5714285714285715
216,User_VAR_500_2,5.0,4.0,281,1.0,0.8,0.8,0.888888888888889
216,User_VAR_500_3,5.0,3.0,281,1.0,0.6,0.6,0.7499999999999999
216,Sys_VAR_noexpert_1,4.85,2.9,281,0.97,0.58,0.5626,0.7259354838709678
216,Sys_VAR_noexpert_2,4.92,4.65,281,0.984,0.93,0.91512,0.9562382445141066
216,Sys_VAR_noexpert_3,4.85,3.2,281,0.97,0.64,0.6208,0.7711801242236026
218,User_VAR_500_1,5.0,2.0,281,1.0,0.4,0.4,0.5714285714285715
218,User_VAR_500_2,5.0,3.0,281,1.0,0.6,0.6,0.7499999999999999
218,User_VAR_500_3,5.0,2.0,281,1.0,0.4,0.4,0.5714285714285715
218,Sys_VAR_noexpert_1,2.85,1.2,281,0.5700000000000001,0.24,0.1368,0.3377777777777778
218,Sys_VAR_noexpert_2,2.15,0.85,281,0.43,0.16999999999999998,0.0731,0.24366666666666667
218,Sys_VAR_noexpert_3,2.15,1.2,281,0.43,0.24,0.1032,0.30805970149253736
219,User_VAR_500_1,3.75,2.0,281,0.75,0.4,0.30000000000000004,0.5217391304347827
219,User_VAR_500_2,5.0,2.0,281,1.0,0.4,0.4,0.5714285714285715
219,User_VAR_500_3,3.75,2.0,281,0.75,0.4,0.30000000000000004,0.5217391304347827
219,Sys_VAR_noexpert_1,4.85,1.2,281,0.97,0.24,0.23279999999999998,0.384793388429752
219,Sys_VAR_noexpert_2,3.85,1.2,281,0.77,0.24,0.1848,0.36594059405940593
219,Sys_VAR_noexpert_3,4.85,1.2,281,0.97,0.24,0.23279999999999998,0.384793388429752
220,User_VAR_500_1,4.38,4.0,300,0.876,0.8,0.7008000000000001,0.8362768496420048
220,User_VAR_500_2,5.0,4.0,300,1.0,0.8,0.8,0.888888888888889
220,User_VAR_500_3,5.0,5.0,300,1.0,1.0,1.0,1.0
220,Sys_VAR_noexpert_1,5.0,5.0,300,1.0,1.0,1.0,1.0
220,Sys_VAR_noexpert_2,5.0,5.0,300,1.0,1.0,1.0,1.0
220,Sys_VAR_noexpert_3,5.0,5.0,300,1.0,1.0,1.0,1.0
221,User_VAR_500_1,5.0,5.0,300,1.0,1.0,1.0,1.0
221,User_VAR_500_2,5.0,5.0,300,1.0,1.0,1.0,1.0
221,User_VAR_500_3,5.0,5.0,300,1.0,1.0,1.0,1.0
221,Sys_VAR_noexpert_1,5.0,5.0,300,1.0,1.0,1.0,1.0
221,Sys_VAR_noexpert_2,5.0,5.0,300,1.0,1.0,1.0,1.0
221,Sys_VAR_noexpert_3,5.0,5.0,300,1.0,1.0,1.0,1.0
226,User_VAR_500_1,0.0,1.0,300,0.0,0.2,0.0,0.0
226,User_VAR_500_2,0.0,1.0,300,0.0,0.2,0.0,0.0
226,User_VAR_500_3,0.0,2.0,300,0.0,0.4,0.0,0.0
226,Sys_VAR_noexpert_1,2.15,2.8,300,0.43,0.5599999999999999,0.24079999999999996,0.4864646464646464
226,Sys_VAR_noexpert_2,0.15,1.2,300,0.03,0.24,0.0072,0.05333333333333333
226,Sys_VAR_noexpert_3,0.15,1.2,300,0.03,0.24,0.0072,0.05333333333333333
227,User_VAR_500_1,4.38,4.0,300,0.876,0.8,0.7008000000000001,0.8362768496420048
227,User_VAR_500_2,4.38,5.0,300,0.876,1.0,0.876,0.933901918976546
227,User_VAR_500_3,5.0,4.0,300,1.0,0.8,0.8,0.888888888888889
227,Sys_VAR_noexpert_1,5.0,5.0,300,1.0,1.0,1.0,1.0
227,Sys_VAR_noexpert_2,3.65,3.8,300,0.73,0.76,0.5548,0.7446979865771811
227,Sys_VAR_noexpert_3,5.0,5.0,300,1.0,1.0,1.0,1.0
228,User_VAR_500_1,4.38,5.0,300,0.876,1.0,0.876,0.933901918976546
228,User_VAR_500_2,4.38,5.0,300,0.876,1.0,0.876,0.933901918976546
228,User_VAR_500_3,5.0,4.0,300,1.0,0.8,0.8,0.888888888888889
228,Sys_VAR_noexpert_1,5.0,5.0,300,1.0,1.0,1.0,1.0
228,Sys_VAR_noexpert_2,5.0,5.0,300,1.0,1.0,1.0,1.0
228,Sys_VAR_noexpert_3,5.0,5.0,300,1.0,1.0,1.0,1.0
231,User_VAR_500_1,5.0,4.0,322,1.0,0.8,0.8,0.888888888888889
231,User_VAR_500_2,5.0,4.0,322,1.0,0.8,0.8,0.888888888888889
231,User_VAR_500_3,5.0,4.0,322,1.0,0.8,0.8,0.888888888888889
231,Sys_VAR_noexpert_1,3.85,3.6,322,0.77,0.72,0.5544,0.7441610738255033
231,Sys_VAR_noexpert_2,4.15,3.85,322,0.8300000000000001,0.77,0.6391000000000001,0.7988750000000001
231,Sys_VAR_noexpert_3,3.65,4.1,322,0.73,0.82,0.5985999999999999,0.7723870967741935
232,User_VAR_500_1,4.29,4.0,322,0.858,0.8,0.6864,0.8279855247285887
232,User_VAR_500_2,4.29,4.0,322,0.858,0.8,0.6864,0.8279855247285887
232,User_VAR_500_3,4.29,4.0,322,0.858,0.8,0.6864,0.8279855247285887
232,Sys_VAR_noexpert_1,4.2,4.3,322,0.8400000000000001,0.86,0.7224,0.8498823529411764
232,Sys_VAR_noexpert_2,4.35,3.85,322,0.8699999999999999,0.77,0.6698999999999999,0.8169512195121951
232,Sys_VAR_noexpert_3,4.2,3.8,322,0.8400000000000001,0.76,0.6384000000000001,0.798
235,User_VAR_500_1,4.29,5.0,322,0.858,1.0,0.858,0.9235737351991388
235,User_VAR_500_2,4.29,5.0,322,0.858,1.0,0.858,0.9235737351991388
235,User_VAR_500_3,5.0,5.0,322,1.0,1.0,1.0,1.0
235,Sys_VAR_noexpert_1,4.25,5.0,322,0.85,1.0,0.85,0.9189189189189189
235,Sys_VAR_noexpert_2,4.25,5.0,322,0.85,1.0,0.85,0.9189189189189189
235,Sys_VAR_noexpert_3,4.25,5.0,322,0.85,1.0,0.85,0.9189189189189189
236,User_VAR_500_1,5.0,3.0,322,1.0,0.6,0.6,0.7499999999999999
236,User_VAR_500_2,5.0,3.0,322,1.0,0.6,0.6,0.7499999999999999
236,User_VAR_500_3,5.0,3.0,322,1.0,0.6,0.6,0.7499999999999999
236,Sys_VAR_noexpert_1,4.35,4.65,322,0.8699999999999999,0.93,0.8090999999999999,0.899
236,Sys_VAR_noexpert_2,4.35,4.6,322,0.8699999999999999,0.9199999999999999,0.8003999999999998,0.8943016759776535
236,Sys_VAR_noexpert_3,4.35,4.6,322,0.8699999999999999,0.9199999999999999,0.8003999999999998,0.8943016759776535
238,User_VAR_500_1,5.0,5.0,322,1.0,1.0,1.0,1.0
238,User_VAR_500_2,5.0,5.0,322,1.0,1.0,1.0,1.0
238,User_VAR_500_3,5.0,5.0,322,1.0,1.0,1.0,1.0
238,Sys_VAR_noexpert_1,5.0,5.0,322,1.0,1.0,1.0,1.0
238,Sys_VAR_noexpert_2,5.0,5.0,322,1.0,1.0,1.0,1.0
238,Sys_VAR_noexpert_3,5.0,5.0,322,1.0,1.0,1.0,1.0
241,User_VAR_500_1,4.17,2.0,330,0.834,0.4,0.3336,0.5406807131280389
241,User_VAR_500_2,4.0,2.0,330,0.8,0.4,0.32000000000000006,0.5333333333333333
241,User_VAR_500_3,4.0,3.0,330,0.8,0.6,0.48,0.6857142857142857
241,Sys_VAR_noexpert_1,3.45,3.8,330,0.6900000000000001,0.76,0.5244000000000001,0.7233103448275863
241,Sys_VAR_noexpert_2,3.45,3.82,330,0.6900000000000001,0.764,0.5271600000000001,0.7251169188445667
241,Sys_VAR_noexpert_3,4.15,5.0,330,0.8300000000000001,1.0,0.8300000000000001,0.907103825136612
243,User_VAR_500_1,4.17,4.0,330,0.834,0.8,0.6672,0.8166462668298654
243,User_VAR_500_2,3.57,4.0,330,0.714,0.8,0.5712,0.7545574636723911
243,User_VAR_500_3,3.57,4.0,330,0.714,0.8,0.5712,0.7545574636723911
243,Sys_VAR_noexpert_1,3.85,3.6,330,0.77,0.72,0.5544,0.7441610738255033
243,Sys_VAR_noexpert_2,4.2,3.8,330,0.8400000000000001,0.76,0.6384000000000001,0.798
243,Sys_VAR_noexpert_3,3.85,3.42,330,0.77,0.6839999999999999,0.5266799999999999,0.7244566712517193
244,User_VAR_500_1,4.29,2.0,330,0.858,0.4,0.3432,0.5456279809220985
244,User_VAR_500_2,5.0,2.0,330,1.0,0.4,0.4,0.5714285714285715
244,User_VAR_500_3,5.0,2.0,330,1.0,0.4,0.4,0.5714285714285715
244,Sys_VAR_noexpert_1,4.65,3.92,330,0.93,0.784,0.7291200000000001,0.8507817969661612
244,Sys_VAR_noexpert_2,3.45,2.85,330,0.6900000000000001,0.5700000000000001,0.3933000000000001,0.6242857142857143
244,Sys_VAR_noexpert_3,3.65,2.85,330,0.73,0.5700000000000001,0.4161,0.6401538461538462
246,User_VAR_500_1,3.57,2.0,330,0.714,0.4,0.2856,0.5127468581687613
246,User_VAR_500_2,3.57,3.0,330,0.714,0.6,0.42839999999999995,0.6520547945205478
246,User_VAR_500_3,3.57,2.0,330,0.714,0.4,0.2856,0.5127468581687613
246,Sys_VAR_noexpert_1,3.85,3.6,330,0.77,0.72,0.5544,0.7441610738255033
246,Sys_VAR_noexpert_2,3.45,3.85,330,0.6900000000000001,0.77,0.5313000000000001,0.7278082191780824
246,Sys_VAR_noexpert_3,3.85,4.2,330,0.77,0.8400000000000001,0.6468,0.8034782608695652
249,User_VAR_500_1,4.17,3.0,330,0.834,0.6,0.5004,0.697907949790795
249,User_VAR_500_2,5.0,5.0,330,1.0,1.0,1.0,1.0
249,User_VAR_500_3,4.17,5.0,330,0.834,1.0,0.834,0.9094874591057797
249,Sys_VAR_noexpert_1,5.0,5.0,330,1.0,1.0,1.0,1.0
249,Sys_VAR_noexpert_2,5.0,5.0,330,1.0,1.0,1.0,1.0
249,Sys_VAR_noexpert_3,3.85,4.1,330,0.77,0.82,0.6314,0.7942138364779875
250,User_VAR_500_1,3.0,2.0,333,0.6,0.4,0.24,0.48
250,User_VAR_500_2,4.0,1.0,333,0.8,0.2,0.16000000000000003,0.32000000000000006
250,User_VAR_500_3,4.0,2.0,333,0.8,0.4,0.32000000000000006,0.5333333333333333
250,Sys_VAR_noexpert_1,4.85,2.1,333,0.97,0.42000000000000004,0.40740000000000004,0.5861870503597122
250,Sys_VAR_noexpert_2,3.85,1.2,333,0.77,0.24,0.1848,0.36594059405940593
250,Sys_VAR_noexpert_3,3.85,2.15,333,0.77,0.43,0.3311,0.5518333333333334
254,User_VAR_500_1,3.75,3.0,333,0.75,0.6,0.44999999999999996,0.6666666666666665
254,User_VAR_500_2,2.5,2.0,333,0.5,0.4,0.2,0.4444444444444445
254,User_VAR_500_3,2.5,3.0,333,0.5,0.6,0.3,0.5454545454545454
254,Sys_VAR_noexpert_1,2.85,3.6,333,0.5700000000000001,0.72,0.41040000000000004,0.6362790697674419
254,Sys_VAR_noexpert_2,2.85,1.92,333,0.5700000000000001,0.384,0.21888000000000002,0.4588679245283019
254,Sys_VAR_noexpert_3,3.45,4.65,333,0.6900000000000001,0.93,0.6417,0.7922222222222223
257,User_VAR_500_1,4.17,3.0,333,0.834,0.6,0.5004,0.697907949790795
257,User_VAR_500_2,4.17,2.0,333,0.834,0.4,0.3336,0.5406807131280389
257,User_VAR_500_3,4.17,2.0,333,0.834,0.4,0.3336,0.5406807131280389
257,Sys_VAR_noexpert_1,4.2,3.8,333,0.8400000000000001,0.76,0.6384000000000001,0.798
257,Sys_VAR_noexpert_2,4.2,3.8,333,0.8400000000000001,0.76,0.6384000000000001,0.798
257,Sys_VAR_noexpert_3,3.85,3.6,333,0.77,0.72,0.5544,0.7441610738255033
258,User_VAR_500_1,5.0,3.0,333,1.0,0.6,0.6,0.7499999999999999
258,User_VAR_500_2,5.0,4.0,333,1.0,0.8,0.8,0.888888888888889
258,User_VAR_500_3,5.0,3.0,333,1.0,0.6,0.6,0.7499999999999999
258,Sys_VAR_noexpert_1,4.2,3.8,333,0.8400000000000001,0.76,0.6384000000000001,0.798
258,Sys_VAR_noexpert_2,5.0,3.8,333,1.0,0.76,0.76,0.8636363636363636
258,Sys_VAR_noexpert_3,4.85,3.2,333,0.97,0.64,0.6208,0.7711801242236026
259,User_VAR_500_1,5.0,2.0,333,1.0,0.4,0.4,0.5714285714285715
259,User_VAR_500_2,5.0,3.0,333,1.0,0.6,0.6,0.7499999999999999
259,User_VAR_500_3,5.0,3.0,333,1.0,0.6,0.6,0.7499999999999999
259,Sys_VAR_noexpert_1,4.35,3.8,333,0.8699999999999999,0.76,0.6611999999999999,0.8112883435582822
259,Sys_VAR_noexpert_2,4.12,3.85,333,0.8240000000000001,0.77,0.63448,0.7960853199498118
259,Sys_VAR_noexpert_3,3.85,4.2,333,0.77,0.8400000000000001,0.6468,0.8034782608695652
261,User_VAR_500_1,5.0,3.0,339,1.0,0.6,0.6,0.7499999999999999
261,User_VAR_500_2,4.29,2.0,339,0.858,0.4,0.3432,0.5456279809220985
261,User_VAR_500_3,4.29,3.0,339,0.858,0.6,0.5147999999999999,0.7061728395061727
261,Sys_VAR_noexpert_1,3.85,4.2,339,0.77,0.8400000000000001,0.6468,0.8034782608695652
261,Sys_VAR_noexpert_2,4.92,4.65,339,0.984,0.93,0.91512,0.9562382445141066
261,Sys_VAR_noexpert_3,4.65,3.85,339,0.93,0.77,0.7161000000000001,0.8424705882352941
264,User_VAR_500_1,1.67,1.0,339,0.33399999999999996,0.2,0.0668,0.250187265917603
264,User_VAR_500_2,2.5,1.0,339,0.5,0.2,0.1,0.28571428571428575
264,User_VAR_500_3,1.67,1.0,339,0.33399999999999996,0.2,0.0668,0.250187265917603
264,Sys_VAR_noexpert_1,1.85,1.2,339,0.37,0.24,0.08879999999999999,0.2911475409836065
264,Sys_VAR_noexpert_2,2.15,1.8,339,0.43,0.36,0.1548,0.39189873417721516
264,Sys_VAR_noexpert_3,1.85,1.2,339,0.37,0.24,0.08879999999999999,0.2911475409836065
265,User_VAR_500_1,5.0,4.0,339,1.0,0.8,0.8,0.888888888888889
265,User_VAR_500_2,5.0,4.0,339,1.0,0.8,0.8,0.888888888888889
265,User_VAR_500_3,5.0,4.0,339,1.0,0.8,0.8,0.888888888888889
265,Sys_VAR_noexpert_1,5.0,5.0,339,1.0,1.0,1.0,1.0
265,Sys_VAR_noexpert_2,5.0,5.0,339,1.0,1.0,1.0,1.0
265,Sys_VAR_noexpert_3,5.0,5.0,339,1.0,1.0,1.0,1.0
266,User_VAR_500_1,5.0,4.0,339,1.0,0.8,0.8,0.888888888888889
266,User_VAR_500_2,5.0,3.0,339,1.0,0.6,0.6,0.7499999999999999
266,User_VAR_500_3,5.0,4.0,339,1.0,0.8,0.8,0.888888888888889
266,Sys_VAR_noexpert_1,4.65,4.3,339,0.93,0.86,0.7998000000000001,0.8936312849162011
266,Sys_VAR_noexpert_2,4.65,3.85,339,0.93,0.77,0.7161000000000001,0.8424705882352941
266,Sys_VAR_noexpert_3,4.2,4.8,339,0.8400000000000001,0.96,0.8064,0.896
268,User_VAR_500_1,4.38,2.0,339,0.876,0.4,0.35040000000000004,0.5492163009404389
268,User_VAR_500_2,5.0,3.0,339,1.0,0.6,0.6,0.7499999999999999
268,User_VAR_500_3,4.38,3.0,339,0.876,0.6,0.5256,0.7121951219512195
268,Sys_VAR_noexpert_1,3.65,4.15,339,0.73,0.8300000000000001,0.6059,0.7767948717948717
268,Sys_VAR_noexpert_2,4.35,4.12,339,0.8699999999999999,0.8240000000000001,0.71688,0.846375442739079
268,Sys_VAR_noexpert_3,3.85,3.62,339,0.77,0.724,0.55748,0.7462918340026774
271,User_VAR_500_1,5.0,2.0,347,1.0,0.4,0.4,0.5714285714285715
271,User_VAR_500_2,5.0,4.0,347,1.0,0.8,0.8,0.888888888888889
271,User_VAR_500_3,5.0,4.0,347,1.0,0.8,0.8,0.888888888888889
271,Sys_VAR_noexpert_1,4.85,3.65,347,0.97,0.73,0.7081,0.8330588235294117
271,Sys_VAR_noexpert_2,5.0,5.0,347,1.0,1.0,1.0,1.0
271,Sys_VAR_noexpert_3,5.0,5.0,347,1.0,1.0,1.0,1.0
273,User_VAR_500_1,5.0,5.0,347,1.0,1.0,1.0,1.0
273,User_VAR_500_2,5.0,5.0,347,1.0,1.0,1.0,1.0
273,User_VAR_500_3,5.0,5.0,347,1.0,1.0,1.0,1.0
273,Sys_VAR_noexpert_1,5.0,5.0,347,1.0,1.0,1.0,1.0
273,Sys_VAR_noexpert_2,5.0,5.0,347,1.0,1.0,1.0,1.0
273,Sys_VAR_noexpert_3,5.0,5.0,347,1.0,1.0,1.0,1.0
274,User_VAR_500_1,5.0,4.0,347,1.0,0.8,0.8,0.888888888888889
274,User_VAR_500_2,5.0,3.0,347,1.0,0.6,0.6,0.7499999999999999
274,User_VAR_500_3,5.0,5.0,347,1.0,1.0,1.0,1.0
274,Sys_VAR_noexpert_1,4.85,5.0,347,0.97,1.0,0.97,0.9847715736040609
274,Sys_VAR_noexpert_2,4.85,5.0,347,0.97,1.0,0.97,0.9847715736040609
274,Sys_VAR_noexpert_3,4.85,5.0,347,0.97,1.0,0.97,0.9847715736040609
275,User_VAR_500_1,5.0,3.0,347,1.0,0.6,0.6,0.7499999999999999
275,User_VAR_500_2,3.33,3.0,347,0.666,0.6,0.3996,0.6312796208530805
275,User_VAR_500_3,3.33,3.0,347,0.666,0.6,0.3996,0.6312796208530805
275,Sys_VAR_noexpert_1,3.42,2.85,347,0.6839999999999999,0.5700000000000001,0.38988,0.6218181818181818
275,Sys_VAR_noexpert_2,2.85,1.92,347,0.5700000000000001,0.384,0.21888000000000002,0.4588679245283019
275,Sys_VAR_noexpert_3,3.85,3.92,347,0.77,0.784,0.60368,0.7769369369369369
278,User_VAR_500_1,5.0,5.0,347,1.0,1.0,1.0,1.0
278,User_VAR_500_2,5.0,5.0,347,1.0,1.0,1.0,1.0
278,User_VAR_500_3,5.0,5.0,347,1.0,1.0,1.0,1.0
278,Sys_VAR_noexpert_1,5.0,5.0,347,1.0,1.0,1.0,1.0
278,Sys_VAR_noexpert_2,5.0,5.0,347,1.0,1.0,1.0,1.0
278,Sys_VAR_noexpert_3,5.0,5.0,347,1.0,1.0,1.0,1.0
280,User_VAR_500_1,4.29,2.0,356,0.858,0.4,0.3432,0.5456279809220985
280,User_VAR_500_2,4.29,3.0,356,0.858,0.6,0.5147999999999999,0.7061728395061727
280,User_VAR_500_3,4.29,3.0,356,0.858,0.6,0.5147999999999999,0.7061728395061727
280,Sys_VAR_noexpert_1,4.65,4.35,356,0.93,0.8699999999999999,0.8090999999999999,0.899
280,Sys_VAR_noexpert_2,4.65,4.35,356,0.93,0.8699999999999999,0.8090999999999999,0.899
280,Sys_VAR_noexpert_3,4.65,4.35,356,0.93,0.8699999999999999,0.8090999999999999,0.899
281,User_VAR_500_1,4.29,2.0,356,0.858,0.4,0.3432,0.5456279809220985
281,User_VAR_500_2,4.29,4.0,356,0.858,0.8,0.6864,0.8279855247285887
281,User_VAR_500_3,4.29,3.0,356,0.858,0.6,0.5147999999999999,0.7061728395061727
281,Sys_VAR_noexpert_1,4.85,3.92,356,0.97,0.784,0.76048,0.8671379703534778
281,Sys_VAR_noexpert_2,4.85,3.65,356,0.97,0.73,0.7081,0.8330588235294117
281,Sys_VAR_noexpert_3,4.85,4.65,356,0.97,0.93,0.9021,0.9495789473684211
284,User_VAR_500_1,5.0,3.0,356,1.0,0.6,0.6,0.7499999999999999
284,User_VAR_500_2,5.0,5.0,356,1.0,1.0,1.0,1.0
284,User_VAR_500_3,5.0,3.0,356,1.0,0.6,0.6,0.7499999999999999
284,Sys_VAR_noexpert_1,4.85,3.92,356,0.97,0.784,0.76048,0.8671379703534778
284,Sys_VAR_noexpert_2,4.65,4.35,356,0.93,0.8699999999999999,0.8090999999999999,0.899
284,Sys_VAR_noexpert_3,4.85,3.9,356,0.97,0.78,0.7566,0.8646857142857144
287,User_VAR_500_1,5.0,5.0,356,1.0,1.0,1.0,1.0
287,User_VAR_500_2,5.0,5.0,356,1.0,1.0,1.0,1.0
287,User_VAR_500_3,5.0,4.0,356,1.0,0.8,0.8,0.888888888888889
287,Sys_VAR_noexpert_1,4.85,4.2,356,0.97,0.8400000000000001,0.8148000000000001,0.9003314917127072
287,Sys_VAR_noexpert_2,4.85,4.2,356,0.97,0.8400000000000001,0.8148000000000001,0.9003314917127072
287,Sys_VAR_noexpert_3,4.92,4.85,356,0.984,0.97,0.95448,0.976949846468782
289,User_VAR_500_1,5.0,3.0,356,1.0,0.6,0.6,0.7499999999999999
289,User_VAR_500_2,5.0,4.0,356,1.0,0.8,0.8,0.888888888888889
289,User_VAR_500_3,5.0,3.0,356,1.0,0.6,0.6,0.7499999999999999
289,Sys_VAR_noexpert_1,5.0,5.0,356,1.0,1.0,1.0,1.0
289,Sys_VAR_noexpert_2,5.0,5.0,356,1.0,1.0,1.0,1.0
289,Sys_VAR_noexpert_3,5.0,5.0,356,1.0,1.0,1.0,1.0
291,User_VAR_500_1,5.0,4.0,365,1.0,0.8,0.8,0.888888888888889
291,User_VAR_500_2,5.0,2.0,365,1.0,0.4,0.4,0.5714285714285715
291,User_VAR_500_3,5.0,2.0,365,1.0,0.4,0.4,0.5714285714285715
291,Sys_VAR_noexpert_1,4.85,5.0,365,0.97,1.0,0.97,0.9847715736040609
291,Sys_VAR_noexpert_2,4.85,5.0,365,0.97,1.0,0.97,0.9847715736040609
291,Sys_VAR_noexpert_3,4.85,4.65,365,0.97,0.93,0.9021,0.9495789473684211
294,User_VAR_500_1,5.0,2.0,365,1.0,0.4,0.4,0.5714285714285715
294,User_VAR_500_2,5.0,4.0,365,1.0,0.8,0.8,0.888888888888889
294,User_VAR_500_3,5.0,4.0,365,1.0,0.8,0.8,0.888888888888889
294,Sys_VAR_noexpert_1,5.0,5.0,365,1.0,1.0,1.0,1.0
294,Sys_VAR_noexpert_2,4.65,4.35,365,0.93,0.8699999999999999,0.8090999999999999,0.899
294,Sys_VAR_noexpert_3,5.0,5.0,365,1.0,1.0,1.0,1.0
295,User_VAR_500_1,5.0,3.0,365,1.0,0.6,0.6,0.7499999999999999
295,User_VAR_500_2,5.0,4.0,365,1.0,0.8,0.8,0.888888888888889
295,User_VAR_500_3,5.0,3.0,365,1.0,0.6,0.6,0.7499999999999999
295,Sys_VAR_noexpert_1,5.0,5.0,365,1.0,1.0,1.0,1.0
295,Sys_VAR_noexpert_2,5.0,5.0,365,1.0,1.0,1.0,1.0
295,Sys_VAR_noexpert_3,5.0,5.0,365,1.0,1.0,1.0,1.0
296,User_VAR_500_1,5.0,3.0,365,1.0,0.6,0.6,0.7499999999999999
296,User_VAR_500_2,5.0,3.0,365,1.0,0.6,0.6,0.7499999999999999
296,User_VAR_500_3,5.0,3.0,365,1.0,0.6,0.6,0.7499999999999999
296,Sys_VAR_noexpert_1,4.92,4.85,365,0.984,0.97,0.95448,0.976949846468782
296,Sys_VAR_noexpert_2,4.35,4.6,365,0.8699999999999999,0.9199999999999999,0.8003999999999998,0.8943016759776535
296,Sys_VAR_noexpert_3,4.65,3.85,365,0.93,0.77,0.7161000000000001,0.8424705882352941
298,User_VAR_500_1,4.0,2.0,365,0.8,0.4,0.32000000000000006,0.5333333333333333
298,User_VAR_500_2,4.0,3.0,365,0.8,0.6,0.48,0.6857142857142857
298,User_VAR_500_3,4.0,3.0,365,0.8,0.6,0.48,0.6857142857142857
298,Sys_VAR_noexpert_1,4.65,3.8,365,0.93,0.76,0.7068000000000001,0.8364497041420119
298,Sys_VAR_noexpert_2,4.65,3.85,365,0.93,0.77,0.7161000000000001,0.8424705882352941
298,Sys_VAR_noexpert_3,4.12,3.85,365,0.8240000000000001,0.77,0.63448,0.7960853199498118
301,User_VAR_500_1,5.0,4.0,370,1.0,0.8,0.8,0.888888888888889
301,User_VAR_500_2,5.0,3.0,370,1.0,0.6,0.6,0.7499999999999999
301,User_VAR_500_3,5.0,3.0,370,1.0,0.6,0.6,0.7499999999999999
301,Sys_VAR_noexpert_1,4.92,4.65,370,0.984,0.93,0.91512,0.9562382445141066
301,Sys_VAR_noexpert_2,5.0,5.0,370,1.0,1.0,1.0,1.0
301,Sys_VAR_noexpert_3,4.85,3.9,370,0.97,0.78,0.7566,0.8646857142857144
302,User_VAR_500_1,5.0,3.0,370,1.0,0.6,0.6,0.7499999999999999
302,User_VAR_500_2,5.0,4.0,370,1.0,0.8,0.8,0.888888888888889
302,User_VAR_500_3,5.0,5.0,370,1.0,1.0,1.0,1.0
302,Sys_VAR_noexpert_1,5.0,4.2,370,1.0,0.8400000000000001,0.8400000000000001,0.9130434782608696
302,Sys_VAR_noexpert_2,4.85,4.2,370,0.97,0.8400000000000001,0.8148000000000001,0.9003314917127072
302,Sys_VAR_noexpert_3,4.92,4.85,370,0.984,0.97,0.95448,0.976949846468782
303,User_VAR_500_1,4.0,2.0,370,0.8,0.4,0.32000000000000006,0.5333333333333333
303,User_VAR_500_2,3.0,3.0,370,0.6,0.6,0.36,0.6
303,User_VAR_500_3,4.0,2.0,370,0.8,0.4,0.32000000000000006,0.5333333333333333
303,Sys_VAR_noexpert_1,3.85,4.2,370,0.77,0.8400000000000001,0.6468,0.8034782608695652
303,Sys_VAR_noexpert_2,4.65,3.85,370,0.93,0.77,0.7161000000000001,0.8424705882352941
303,Sys_VAR_noexpert_3,4.85,5.0,370,0.97,1.0,0.97,0.9847715736040609
307,User_VAR_500_1,5.0,2.0,370,1.0,0.4,0.4,0.5714285714285715
307,User_VAR_500_2,5.0,4.0,370,1.0,0.8,0.8,0.888888888888889
307,User_VAR_500_3,5.0,3.0,370,1.0,0.6,0.6,0.7499999999999999
307,Sys_VAR_noexpert_1,3.85,5.0,370,0.77,1.0,0.77,0.8700564971751412
307,Sys_VAR_noexpert_2,2.15,5.0,370,0.43,1.0,0.43,0.6013986013986015
307,Sys_VAR_noexpert_3,3.85,5.0,370,0.77,1.0,0.77,0.8700564971751412
308,User_VAR_500_1,5.0,5.0,370,1.0,1.0,1.0,1.0
308,User_VAR_500_2,5.0,2.0,370,1.0,0.4,0.4,0.5714285714285715
308,User_VAR_500_3,5.0,5.0,370,1.0,1.0,1.0,1.0
308,Sys_VAR_noexpert_1,5.0,5.0,370,1.0,1.0,1.0,1.0
308,Sys_VAR_noexpert_2,5.0,5.0,370,1.0,1.0,1.0,1.0
308,Sys_VAR_noexpert_3,5.0,5.0,370,1.0,1.0,1.0,1.0
310,User_VAR_500_1,1.67,3.0,389,0.33399999999999996,0.6,0.20039999999999997,0.42912205567451817
310,User_VAR_500_2,2.22,2.0,389,0.44400000000000006,0.4,0.17760000000000004,0.4208530805687204
310,User_VAR_500_3,1.67,2.0,389,0.33399999999999996,0.4,0.1336,0.3640326975476839
310,Sys_VAR_noexpert_1,1.85,3.6,389,0.37,0.72,0.26639999999999997,0.4888073394495413
310,Sys_VAR_noexpert_2,1.2,3.8,389,0.24,0.76,0.1824,0.3648
310,Sys_VAR_noexpert_3,1.2,3.8,389,0.24,0.76,0.1824,0.3648
312,User_VAR_500_1,2.14,4.0,389,0.42800000000000005,0.8,0.34240000000000004,0.5576547231270358
312,User_VAR_500_2,1.11,3.0,389,0.22200000000000003,0.6,0.1332,0.32408759124087594
312,User_VAR_500_3,1.11,3.0,389,0.22200000000000003,0.6,0.1332,0.32408759124087594
312,Sys_VAR_noexpert_1,1.25,3.85,389,0.25,0.77,0.1925,0.37745098039215685
312,Sys_VAR_noexpert_2,1.85,3.42,389,0.37,0.6839999999999999,0.25307999999999997,0.4802277039848198
312,Sys_VAR_noexpert_3,0.85,3.2,389,0.16999999999999998,0.64,0.1088,0.2686419753086419
314,User_VAR_500_1,3.33,3.0,389,0.666,0.6,0.3996,0.6312796208530805
314,User_VAR_500_2,3.89,3.0,389,0.778,0.6,0.4668,0.6775036284470246
314,User_VAR_500_3,3.89,2.0,389,0.778,0.4,0.31120000000000003,0.5283531409168082
314,Sys_VAR_noexpert_1,2.85,3.6,389,0.5700000000000001,0.72,0.41040000000000004,0.6362790697674419
314,Sys_VAR_noexpert_2,2.85,3.6,389,0.5700000000000001,0.72,0.41040000000000004,0.6362790697674419
314,Sys_VAR_noexpert_3,2.84,3.65,389,0.568,0.73,0.41463999999999995,0.6388906009244991
318,User_VAR_500_1,1.67,3.0,389,0.33399999999999996,0.6,0.20039999999999997,0.42912205567451817
318,User_VAR_500_2,1.67,2.0,389,0.33399999999999996,0.4,0.1336,0.3640326975476839
318,User_VAR_500_3,1.67,2.0,389,0.33399999999999996,0.4,0.1336,0.3640326975476839
318,Sys_VAR_noexpert_1,2.85,3.75,389,0.5700000000000001,0.75,0.42750000000000005,0.6477272727272728
318,Sys_VAR_noexpert_2,1.2,3.8,389,0.24,0.76,0.1824,0.3648
318,Sys_VAR_noexpert_3,1.2,3.8,389,0.24,0.76,0.1824,0.3648
319,User_VAR_500_1,1.11,2.0,389,0.22200000000000003,0.4,0.08880000000000002,0.28553054662379423
319,User_VAR_500_2,1.67,2.0,389,0.33399999999999996,0.4,0.1336,0.3640326975476839
319,User_VAR_500_3,1.11,2.0,389,0.22200000000000003,0.4,0.08880000000000002,0.28553054662379423
319,Sys_VAR_noexpert_1,1.85,3.42,389,0.37,0.6839999999999999,0.25307999999999997,0.4802277039848198
319,Sys_VAR_noexpert_2,1.85,3.2,389,0.37,0.64,0.2368,0.46891089108910894
319,Sys_VAR_noexpert_3,1.85,3.42,389,0.37,0.6839999999999999,0.25307999999999997,0.4802277039848198
320,User_VAR_500_1,3.0,4.0,392,0.6,0.8,0.48,0.6857142857142857
320,User_VAR_500_2,3.33,4.0,392,0.666,0.8,0.5328,0.7268758526603001
320,User_VAR_500_3,3.33,4.0,392,0.666,0.8,0.5328,0.7268758526603001
320,Sys_VAR_noexpert_1,1.85,4.1,392,0.37,0.82,0.3034,0.5099159663865547
320,Sys_VAR_noexpert_2,1.85,3.6,392,0.37,0.72,0.26639999999999997,0.4888073394495413
320,Sys_VAR_noexpert_3,1.2,3.8,392,0.24,0.76,0.1824,0.3648
323,User_VAR_500_1,4.29,3.0,392,0.858,0.6,0.5147999999999999,0.7061728395061727
323,User_VAR_500_2,4.29,3.0,392,0.858,0.6,0.5147999999999999,0.7061728395061727
323,User_VAR_500_3,4.29,3.0,392,0.858,0.6,0.5147999999999999,0.7061728395061727
323,Sys_VAR_noexpert_1,4.65,3.85,392,0.93,0.77,0.7161000000000001,0.8424705882352941
323,Sys_VAR_noexpert_2,4.65,3.85,392,0.93,0.77,0.7161000000000001,0.8424705882352941
323,Sys_VAR_noexpert_3,4.35,3.8,392,0.8699999999999999,0.76,0.6611999999999999,0.8112883435582822
326,User_VAR_500_1,5.0,4.0,392,1.0,0.8,0.8,0.888888888888889
326,User_VAR_500_2,5.0,2.0,392,1.0,0.4,0.4,0.5714285714285715
326,User_VAR_500_3,5.0,2.0,392,1.0,0.4,0.4,0.5714285714285715
326,Sys_VAR_noexpert_1,4.85,3.2,392,0.97,0.64,0.6208,0.7711801242236026
326,Sys_VAR_noexpert_2,4.85,3.2,392,0.97,0.64,0.6208,0.7711801242236026
326,Sys_VAR_noexpert_3,4.85,3.2,392,0.97,0.64,0.6208,0.7711801242236026
328,User_VAR_500_1,2.14,1.0,392,0.42800000000000005,0.2,0.08560000000000001,0.27261146496815286
328,User_VAR_500_2,2.14,2.0,392,0.42800000000000005,0.4,0.17120000000000002,0.41352657004830917
328,User_VAR_500_3,2.14,2.0,392,0.42800000000000005,0.4,0.17120000000000002,0.41352657004830917
328,Sys_VAR_noexpert_1,1.85,2.9,392,0.37,0.58,0.21459999999999999,0.4517894736842105
328,Sys_VAR_noexpert_2,1.85,2.1,392,0.37,0.42000000000000004,0.1554,0.39341772151898735
328,Sys_VAR_noexpert_3,1.2,2.8,392,0.24,0.5599999999999999,0.1344,0.336
329,User_VAR_500_1,5.0,4.0,392,1.0,0.8,0.8,0.888888888888889
329,User_VAR_500_2,5.0,4.0,392,1.0,0.8,0.8,0.888888888888889
329,User_VAR_500_3,5.0,4.0,392,1.0,0.8,0.8,0.888888888888889
329,Sys_VAR_noexpert_1,4.85,3.92,392,0.97,0.784,0.76048,0.8671379703534778
329,Sys_VAR_noexpert_2,4.65,4.35,392,0.93,0.8699999999999999,0.8090999999999999,0.899
329,Sys_VAR_noexpert_3,4.85,4.2,392,0.97,0.8400000000000001,0.8148000000000001,0.9003314917127072
330,User_VAR_500_1,1.67,2.0,394,0.33399999999999996,0.4,0.1336,0.3640326975476839
330,User_VAR_500_2,3.75,1.0,394,0.75,0.2,0.15000000000000002,0.31578947368421056
330,User_VAR_500_3,1.67,2.0,394,0.33399999999999996,0.4,0.1336,0.3640326975476839
330,Sys_VAR_noexpert_1,2.85,1.92,394,0.5700000000000001,0.384,0.21888000000000002,0.4588679245283019
330,Sys_VAR_noexpert_2,2.15,1.8,394,0.43,0.36,0.1548,0.39189873417721516
330,Sys_VAR_noexpert_3,1.85,2.1,394,0.37,0.42000000000000004,0.1554,0.39341772151898735
333,User_VAR_500_1,5.0,5.0,394,1.0,1.0,1.0,1.0
333,User_VAR_500_2,5.0,5.0,394,1.0,1.0,1.0,1.0
333,User_VAR_500_3,5.0,5.0,394,1.0,1.0,1.0,1.0
333,Sys_VAR_noexpert_1,3.65,4.75,394,0.73,0.95,0.6935,0.8255952380952382
333,Sys_VAR_noexpert_2,4.85,5.0,394,0.97,1.0,0.97,0.9847715736040609
333,Sys_VAR_noexpert_3,5.0,5.0,394,1.0,1.0,1.0,1.0
334,User_VAR_500_1,3.57,2.0,394,0.714,0.4,0.2856,0.5127468581687613
334,User_VAR_500_2,5.0,2.0,394,1.0,0.4,0.4,0.5714285714285715
334,User_VAR_500_3,5.0,2.0,394,1.0,0.4,0.4,0.5714285714285715
334,Sys_VAR_noexpert_1,2.15,1.85,394,0.43,0.37,0.1591,0.39774999999999994
334,Sys_VAR_noexpert_2,2.85,3.1,394,0.5700000000000001,0.62,0.35340000000000005,0.5939495798319329
334,Sys_VAR_noexpert_3,2.85,2.4,394,0.5700000000000001,0.48,0.2736,0.5211428571428571
338,User_VAR_500_1,5.0,4.0,394,1.0,0.8,0.8,0.888888888888889
338,User_VAR_500_2,5.0,4.0,394,1.0,0.8,0.8,0.888888888888889
338,User_VAR_500_3,5.0,4.0,394,1.0,0.8,0.8,0.888888888888889
338,Sys_VAR_noexpert_1,3.85,3.92,394,0.77,0.784,0.60368,0.7769369369369369
338,Sys_VAR_noexpert_2,3.65,3.42,394,0.73,0.6839999999999999,0.49931999999999993,0.7062517680339462
338,Sys_VAR_noexpert_3,3.65,3.42,394,0.73,0.6839999999999999,0.49931999999999993,0.7062517680339462
339,User_VAR_500_1,4.17,3.0,394,0.834,0.6,0.5004,0.697907949790795
339,User_VAR_500_2,4.17,5.0,394,0.834,1.0,0.834,0.9094874591057797
339,User_VAR_500_3,5.0,2.0,394,1.0,0.4,0.4,0.5714285714285715
339,Sys_VAR_noexpert_1,2.85,1.92,394,0.5700000000000001,0.384,0.21888000000000002,0.4588679245283019
339,Sys_VAR_noexpert_2,2.15,1.8,394,0.43,0.36,0.1548,0.39189873417721516
339,Sys_VAR_noexpert_3,3.25,1.8,394,0.65,0.36,0.23399999999999999,0.46336633663366333
341,User_VAR_500_1,5.0,3.0,396,1.0,0.6,0.6,0.7499999999999999
341,User_VAR_500_2,5.0,4.0,396,1.0,0.8,0.8,0.888888888888889
341,User_VAR_500_3,5.0,3.0,396,1.0,0.6,0.6,0.7499999999999999
341,Sys_VAR_noexpert_1,4.92,4.65,396,0.984,0.93,0.91512,0.9562382445141066
341,Sys_VAR_noexpert_2,4.92,4.65,396,0.984,0.93,0.91512,0.9562382445141066
341,Sys_VAR_noexpert_3,5.0,5.0,396,1.0,1.0,1.0,1.0
344,User_VAR_500_1,3.57,3.0,396,0.714,0.6,0.42839999999999995,0.6520547945205478
344,User_VAR_500_2,3.57,3.0,396,0.714,0.6,0.42839999999999995,0.6520547945205478
344,User_VAR_500_3,4.17,4.0,396,0.834,0.8,0.6672,0.8166462668298654
344,Sys_VAR_noexpert_1,3.85,3.2,396,0.77,0.64,0.4928,0.6990070921985815
344,Sys_VAR_noexpert_2,4.2,2.8,396,0.8400000000000001,0.5599999999999999,0.4704,0.672
344,Sys_VAR_noexpert_3,4.85,3.9,396,0.97,0.78,0.7566,0.8646857142857144
346,User_VAR_500_1,5.0,4.0,396,1.0,0.8,0.8,0.888888888888889
346,User_VAR_500_2,5.0,4.0,396,1.0,0.8,0.8,0.888888888888889
346,User_VAR_500_3,5.0,4.0,396,1.0,0.8,0.8,0.888888888888889
346,Sys_VAR_noexpert_1,4.12,3.85,396,0.8240000000000001,0.77,0.63448,0.7960853199498118
346,Sys_VAR_noexpert_2,4.35,4.85,396,0.8699999999999999,0.97,0.8438999999999999,0.9172826086956521
346,Sys_VAR_noexpert_3,3.42,3.85,396,0.6839999999999999,0.77,0.5266799999999999,0.7244566712517193
347,User_VAR_500_1,5.0,5.0,396,1.0,1.0,1.0,1.0
347,User_VAR_500_2,5.0,4.0,396,1.0,0.8,0.8,0.888888888888889
347,User_VAR_500_3,5.0,4.0,396,1.0,0.8,0.8,0.888888888888889
347,Sys_VAR_noexpert_1,5.0,5.0,396,1.0,1.0,1.0,1.0
347,Sys_VAR_noexpert_2,5.0,5.0,396,1.0,1.0,1.0,1.0
347,Sys_VAR_noexpert_3,4.92,4.65,396,0.984,0.93,0.91512,0.9562382445141066
349,User_VAR_500_1,5.0,4.0,396,1.0,0.8,0.8,0.888888888888889
349,User_VAR_500_2,5.0,4.0,396,1.0,0.8,0.8,0.888888888888889
349,User_VAR_500_3,5.0,4.0,396,1.0,0.8,0.8,0.888888888888889
349,Sys_VAR_noexpert_1,5.0,5.0,396,1.0,1.0,1.0,1.0
349,Sys_VAR_noexpert_2,5.0,5.0,396,1.0,1.0,1.0,1.0
349,Sys_VAR_noexpert_3,5.0,5.0,396,1.0,1.0,1.0,1.0
351,User_VAR_500_1,5.0,2.0,400,1.0,0.4,0.4,0.5714285714285715
351,User_VAR_500_2,5.0,4.0,400,1.0,0.8,0.8,0.888888888888889
351,User_VAR_500_3,5.0,4.0,400,1.0,0.8,0.8,0.888888888888889
351,Sys_VAR_noexpert_1,3.85,4.2,400,0.77,0.8400000000000001,0.6468,0.8034782608695652
351,Sys_VAR_noexpert_2,3.85,4.65,400,0.77,0.93,0.7161000000000001,0.8424705882352941
351,Sys_VAR_noexpert_3,4.65,3.85,400,0.93,0.77,0.7161000000000001,0.8424705882352941
352,User_VAR_500_1,5.0,3.0,400,1.0,0.6,0.6,0.7499999999999999
352,User_VAR_500_2,4.44,3.0,400,0.8880000000000001,0.6,0.5328,0.7161290322580646
352,User_VAR_500_3,4.44,2.0,400,0.8880000000000001,0.4,0.35520000000000007,0.5515527950310559
352,Sys_VAR_noexpert_1,5.0,5.0,400,1.0,1.0,1.0,1.0
352,Sys_VAR_noexpert_2,4.95,4.6,400,0.99,0.9199999999999999,0.9107999999999999,0.9537172774869109
352,Sys_VAR_noexpert_3,4.92,4.65,400,0.984,0.93,0.91512,0.9562382445141066
354,User_VAR_500_1,5.0,4.0,400,1.0,0.8,0.8,0.888888888888889
354,User_VAR_500_2,5.0,3.0,400,1.0,0.6,0.6,0.7499999999999999
354,User_VAR_500_3,5.0,3.0,400,1.0,0.6,0.6,0.7499999999999999
354,Sys_VAR_noexpert_1,4.92,3.85,400,0.984,0.77,0.75768,0.863945267958951
354,Sys_VAR_noexpert_2,4.85,3.92,400,0.97,0.784,0.76048,0.8671379703534778
354,Sys_VAR_noexpert_3,3.85,3.92,400,0.77,0.784,0.60368,0.7769369369369369
357,User_VAR_500_1,3.0,2.0,400,0.6,0.4,0.24,0.48
357,User_VAR_500_2,5.0,2.0,400,1.0,0.4,0.4,0.5714285714285715
357,User_VAR_500_3,3.0,2.0,400,0.6,0.4,0.24,0.48
357,Sys_VAR_noexpert_1,3.45,3.82,400,0.6900000000000001,0.764,0.5271600000000001,0.7251169188445667
357,Sys_VAR_noexpert_2,3.42,2.85,400,0.6839999999999999,0.5700000000000001,0.38988,0.6218181818181818
357,Sys_VAR_noexpert_3,4.15,3.85,400,0.8300000000000001,0.77,0.6391000000000001,0.7988750000000001
359,User_VAR_500_1,5.0,4.0,400,1.0,0.8,0.8,0.888888888888889
359,User_VAR_500_2,5.0,4.0,400,1.0,0.8,0.8,0.888888888888889
359,User_VAR_500_3,5.0,4.0,400,1.0,0.8,0.8,0.888888888888889
359,Sys_VAR_noexpert_1,3.85,2.9,400,0.77,0.58,0.4466,0.6616296296296296
359,Sys_VAR_noexpert_2,3.42,2.85,400,0.6839999999999999,0.5700000000000001,0.38988,0.6218181818181818
359,Sys_VAR_noexpert_3,4.92,3.85,400,0.984,0.77,0.75768,0.863945267958951
361,User_VAR_500_1,3.12,2.0,405,0.624,0.4,0.24960000000000002,0.48750000000000004
361,User_VAR_500_2,3.75,2.0,405,0.75,0.4,0.30000000000000004,0.5217391304347827
361,User_VAR_500_3,3.75,2.0,405,0.75,0.4,0.30000000000000004,0.5217391304347827
361,Sys_VAR_noexpert_1,4.15,2.85,405,0.8300000000000001,0.5700000000000001,0.4731000000000001,0.6758571428571429
361,Sys_VAR_noexpert_2,4.15,2.85,405,0.8300000000000001,0.5700000000000001,0.4731000000000001,0.6758571428571429
361,Sys_VAR_noexpert_3,4.15,2.85,405,0.8300000000000001,0.5700000000000001,0.4731000000000001,0.6758571428571429
364,User_VAR_500_1,5.0,4.0,405,1.0,0.8,0.8,0.888888888888889
364,User_VAR_500_2,4.0,4.0,405,0.8,0.8,0.6400000000000001,0.8000000000000002
364,User_VAR_500_3,5.0,2.0,405,1.0,0.4,0.4,0.5714285714285715
364,Sys_VAR_noexpert_1,4.85,2.1,405,0.97,0.42000000000000004,0.40740000000000004,0.5861870503597122
364,Sys_VAR_noexpert_2,4.85,2.1,405,0.97,0.42000000000000004,0.40740000000000004,0.5861870503597122
364,Sys_VAR_noexpert_3,4.85,3.2,405,0.97,0.64,0.6208,0.7711801242236026
366,User_VAR_500_1,5.0,2.0,405,1.0,0.4,0.4,0.5714285714285715
366,User_VAR_500_2,5.0,2.0,405,1.0,0.4,0.4,0.5714285714285715
366,User_VAR_500_3,5.0,2.0,405,1.0,0.4,0.4,0.5714285714285715
366,Sys_VAR_noexpert_1,4.85,3.2,405,0.97,0.64,0.6208,0.7711801242236026
366,Sys_VAR_noexpert_2,4.65,3.85,405,0.93,0.77,0.7161000000000001,0.8424705882352941
366,Sys_VAR_noexpert_3,4.65,3.92,405,0.93,0.784,0.7291200000000001,0.8507817969661612
368,User_VAR_500_1,2.22,3.0,405,0.44400000000000006,0.6,0.2664,0.5103448275862069
368,User_VAR_500_2,2.22,3.0,405,0.44400000000000006,0.6,0.2664,0.5103448275862069
368,User_VAR_500_3,2.22,4.0,405,0.44400000000000006,0.8,0.35520000000000007,0.5710610932475885
368,Sys_VAR_noexpert_1,4.65,3.92,405,0.93,0.784,0.7291200000000001,0.8507817969661612
368,Sys_VAR_noexpert_2,4.65,3.42,405,0.93,0.6839999999999999,0.63612,0.7882527881040893
368,Sys_VAR_noexpert_3,3.45,3.8,405,0.6900000000000001,0.76,0.5244000000000001,0.7233103448275863
369,User_VAR_500_1,5.0,4.0,405,1.0,0.8,0.8,0.888888888888889
369,User_VAR_500_2,5.0,5.0,405,1.0,1.0,1.0,1.0
369,User_VAR_500_3,5.0,4.0,405,1.0,0.8,0.8,0.888888888888889
369,Sys_VAR_noexpert_1,4.65,4.35,405,0.93,0.8699999999999999,0.8090999999999999,0.899
369,Sys_VAR_noexpert_2,4.85,4.6,405,0.97,0.9199999999999999,0.8923999999999999,0.9443386243386243
369,Sys_VAR_noexpert_3,4.85,4.6,405,0.97,0.9199999999999999,0.8923999999999999,0.9443386243386243
373,User_VAR_500_1,5.0,4.0,406,1.0,0.8,0.8,0.888888888888889
373,User_VAR_500_2,4.44,4.0,406,0.8880000000000001,0.8,0.7104000000000001,0.8417061611374408
373,User_VAR_500_3,5.0,5.0,406,1.0,1.0,1.0,1.0
373,Sys_VAR_noexpert_1,5.0,5.0,406,1.0,1.0,1.0,1.0
373,Sys_VAR_noexpert_2,4.92,5.0,406,0.984,1.0,0.984,0.9919354838709677
373,Sys_VAR_noexpert_3,5.0,5.0,406,1.0,1.0,1.0,1.0
374,User_VAR_500_1,4.44,3.0,406,0.8880000000000001,0.6,0.5328,0.7161290322580646
374,User_VAR_500_2,4.44,3.0,406,0.8880000000000001,0.6,0.5328,0.7161290322580646
374,User_VAR_500_3,4.44,3.0,406,0.8880000000000001,0.6,0.5328,0.7161290322580646
374,Sys_VAR_noexpert_1,4.85,2.15,406,0.97,0.43,0.41709999999999997,0.5958571428571429
374,Sys_VAR_noexpert_2,4.85,2.15,406,0.97,0.43,0.41709999999999997,0.5958571428571429
374,Sys_VAR_noexpert_3,4.92,2.85,406,0.984,0.5700000000000001,0.56088,0.7218532818532819
375,User_VAR_500_1,3.75,3.0,406,0.75,0.6,0.44999999999999996,0.6666666666666665
375,User_VAR_500_2,3.0,3.0,406,0.6,0.6,0.36,0.6
375,User_VAR_500_3,5.0,2.0,406,1.0,0.4,0.4,0.5714285714285715
375,Sys_VAR_noexpert_1,2.15,2.85,406,0.43,0.5700000000000001,0.2451,0.4902
375,Sys_VAR_noexpert_2,3.85,2.4,406,0.77,0.48,0.3696,0.59136
375,Sys_VAR_noexpert_3,3.45,2.85,406,0.6900000000000001,0.5700000000000001,0.3933000000000001,0.6242857142857143
376,User_VAR_500_1,2.22,2.0,406,0.44400000000000006,0.4,0.17760000000000004,0.4208530805687204
376,User_VAR_500_2,5.0,2.0,406,1.0,0.4,0.4,0.5714285714285715
376,User_VAR_500_3,2.86,4.0,406,0.572,0.8,0.4576,0.6670553935860059
376,Sys_VAR_noexpert_1,4.12,3.65,406,0.8240000000000001,0.73,0.60152,0.7741570141570142
376,Sys_VAR_noexpert_2,4.85,3.92,406,0.97,0.784,0.76048,0.8671379703534778
376,Sys_VAR_noexpert_3,3.45,2.85,406,0.6900000000000001,0.5700000000000001,0.3933000000000001,0.6242857142857143
377,User_VAR_500_1,0.0,4.0,406,0.0,0.8,0.0,0.0
377,User_VAR_500_2,0.0,4.0,406,0.0,0.8,0.0,0.0
377,User_VAR_500_3,4.29,4.0,406,0.858,0.8,0.6864,0.8279855247285887
377,Sys_VAR_noexpert_1,4.92,3.85,406,0.984,0.77,0.75768,0.863945267958951
377,Sys_VAR_noexpert_2,4.92,3.65,406,0.984,0.73,0.71832,0.8381796966161027
377,Sys_VAR_noexpert_3,4.65,3.92,406,0.93,0.784,0.7291200000000001,0.8507817969661612
380,User_VAR_500_1,5.0,3.0,413,1.0,0.6,0.6,0.7499999999999999
380,User_VAR_500_2,5.0,3.0,413,1.0,0.6,0.6,0.7499999999999999
380,User_VAR_500_3,5.0,3.0,413,1.0,0.6,0.6,0.7499999999999999
380,Sys_VAR_noexpert_1,5.0,5.0,413,1.0,1.0,1.0,1.0
380,Sys_VAR_noexpert_2,5.0,5.0,413,1.0,1.0,1.0,1.0
380,Sys_VAR_noexpert_3,5.0,5.0,413,1.0,1.0,1.0,1.0
381,User_VAR_500_1,4.29,3.0,413,0.858,0.6,0.5147999999999999,0.7061728395061727
381,User_VAR_500_2,3.57,4.0,413,0.714,0.8,0.5712,0.7545574636723911
381,User_VAR_500_3,4.38,4.0,413,0.876,0.8,0.7008000000000001,0.8362768496420048
381,Sys_VAR_noexpert_1,4.35,4.12,413,0.8699999999999999,0.8240000000000001,0.71688,0.846375442739079
381,Sys_VAR_noexpert_2,4.65,4.35,413,0.93,0.8699999999999999,0.8090999999999999,0.899
381,Sys_VAR_noexpert_3,3.2,3.8,413,0.64,0.76,0.4864,0.694857142857143
385,User_VAR_500_1,3.33,2.0,413,0.666,0.4,0.2664,0.499812382739212
385,User_VAR_500_2,3.33,3.0,413,0.666,0.6,0.3996,0.6312796208530805
385,User_VAR_500_3,3.89,2.0,413,0.778,0.4,0.31120000000000003,0.5283531409168082
385,Sys_VAR_noexpert_1,1.85,2.4,413,0.37,0.48,0.17759999999999998,0.4178823529411764
385,Sys_VAR_noexpert_2,2.85,3.6,413,0.5700000000000001,0.72,0.41040000000000004,0.6362790697674419
385,Sys_VAR_noexpert_3,1.85,2.4,413,0.37,0.48,0.17759999999999998,0.4178823529411764
387,User_VAR_500_1,5.0,2.0,413,1.0,0.4,0.4,0.5714285714285715
387,User_VAR_500_2,0.0,2.0,413,0.0,0.4,0.0,0.0
387,User_VAR_500_3,0.0,2.0,413,0.0,0.4,0.0,0.0
387,Sys_VAR_noexpert_1,1.85,2.9,413,0.37,0.58,0.21459999999999999,0.4517894736842105
387,Sys_VAR_noexpert_2,4.65,3.85,413,0.93,0.77,0.7161000000000001,0.8424705882352941
387,Sys_VAR_noexpert_3,1.85,3.2,413,0.37,0.64,0.2368,0.46891089108910894
388,User_VAR_500_1,4.38,3.0,413,0.876,0.6,0.5256,0.7121951219512195
388,User_VAR_500_2,3.75,3.0,413,0.75,0.6,0.44999999999999996,0.6666666666666665
388,User_VAR_500_3,3.75,3.0,413,0.75,0.6,0.44999999999999996,0.6666666666666665
388,Sys_VAR_noexpert_1,5.0,5.0,413,1.0,1.0,1.0,1.0
388,Sys_VAR_noexpert_2,3.45,3.82,413,0.6900000000000001,0.764,0.5271600000000001,0.7251169188445667
388,Sys_VAR_noexpert_3,5.0,5.0,413,1.0,1.0,1.0,1.0
390,User_VAR_500_1,4.0,1.0,415,0.8,0.2,0.16000000000000003,0.32000000000000006
390,User_VAR_500_2,5.0,1.0,415,1.0,0.2,0.2,0.33333333333333337
390,User_VAR_500_3,5.0,1.0,415,1.0,0.2,0.2,0.33333333333333337
390,Sys_VAR_noexpert_1,4.85,1.2,415,0.97,0.24,0.23279999999999998,0.384793388429752
390,Sys_VAR_noexpert_2,3.85,1.2,415,0.77,0.24,0.1848,0.36594059405940593
390,Sys_VAR_noexpert_3,3.85,1.2,415,0.77,0.24,0.1848,0.36594059405940593
391,User_VAR_500_1,5.0,3.0,415,1.0,0.6,0.6,0.7499999999999999
391,User_VAR_500_2,3.89,3.0,415,0.778,0.6,0.4668,0.6775036284470246
391,User_VAR_500_3,3.89,3.0,415,0.778,0.6,0.4668,0.6775036284470246
391,Sys_VAR_noexpert_1,4.85,3.2,415,0.97,0.64,0.6208,0.7711801242236026
391,Sys_VAR_noexpert_2,4.85,3.2,415,0.97,0.64,0.6208,0.7711801242236026
391,Sys_VAR_noexpert_3,4.65,3.8,415,0.93,0.76,0.7068000000000001,0.8364497041420119
393,User_VAR_500_1,0.62,3.0,415,0.124,0.6,0.0744,0.20552486187845304
393,User_VAR_500_2,1.67,3.0,415,0.33399999999999996,0.6,0.20039999999999997,0.42912205567451817
393,User_VAR_500_3,0.62,3.0,415,0.124,0.6,0.0744,0.20552486187845304
393,Sys_VAR_noexpert_1,0.85,3.2,415,0.16999999999999998,0.64,0.1088,0.2686419753086419
393,Sys_VAR_noexpert_2,1.24,3.85,415,0.248,0.77,0.19096,0.37516699410609033
393,Sys_VAR_noexpert_3,1.2,3.8,415,0.24,0.76,0.1824,0.3648
394,User_VAR_500_1,1.25,3.0,415,0.25,0.6,0.15,0.35294117647058826
394,User_VAR_500_2,1.25,3.0,415,0.25,0.6,0.15,0.35294117647058826
394,User_VAR_500_3,1.25,3.0,415,0.25,0.6,0.15,0.35294117647058826
394,Sys_VAR_noexpert_1,1.85,3.2,415,0.37,0.64,0.2368,0.46891089108910894
394,Sys_VAR_noexpert_2,1.85,3.2,415,0.37,0.64,0.2368,0.46891089108910894
394,Sys_VAR_noexpert_3,1.85,2.9,415,0.37,0.58,0.21459999999999999,0.4517894736842105
395,User_VAR_500_1,0.0,4.0,415,0.0,0.8,0.0,0.0
395,User_VAR_500_2,1.67,3.0,415,0.33399999999999996,0.6,0.20039999999999997,0.42912205567451817
395,User_VAR_500_3,1.67,3.0,415,0.33399999999999996,0.6,0.20039999999999997,0.42912205567451817
395,Sys_VAR_noexpert_1,1.2,3.8,415,0.24,0.76,0.1824,0.3648
395,Sys_VAR_noexpert_2,1.2,4.2,415,0.24,0.8400000000000001,0.2016,0.3733333333333333
395,Sys_VAR_noexpert_3,0.85,3.65,415,0.16999999999999998,0.73,0.12409999999999999,0.2757777777777778
400,User_VAR_500_1,3.57,2.0,419,0.714,0.4,0.2856,0.5127468581687613
400,User_VAR_500_2,3.57,3.0,419,0.714,0.6,0.42839999999999995,0.6520547945205478
400,User_VAR_500_3,3.57,3.0,419,0.714,0.6,0.42839999999999995,0.6520547945205478
400,Sys_VAR_noexpert_1,3.85,1.2,419,0.77,0.24,0.1848,0.36594059405940593
400,Sys_VAR_noexpert_2,3.85,1.92,419,0.77,0.384,0.29568,0.5124436741767765
400,Sys_VAR_noexpert_3,2.85,1.2,419,0.5700000000000001,0.24,0.1368,0.3377777777777778
403,User_VAR_500_1,4.38,4.0,419,0.876,0.8,0.7008000000000001,0.8362768496420048
403,User_VAR_500_2,4.38,4.0,419,0.876,0.8,0.7008000000000001,0.8362768496420048
403,User_VAR_500_3,4.38,2.0,419,0.876,0.4,0.35040000000000004,0.5492163009404389
403,Sys_VAR_noexpert_1,4.85,3.92,419,0.97,0.784,0.76048,0.8671379703534778
403,Sys_VAR_noexpert_2,4.85,3.92,419,0.97,0.784,0.76048,0.8671379703534778
403,Sys_VAR_noexpert_3,5.0,5.0,419,1.0,1.0,1.0,1.0
406,User_VAR_500_1,2.22,1.0,419,0.44400000000000006,0.2,0.08880000000000002,0.27577639751552796
406,User_VAR_500_2,2.78,2.0,419,0.5559999999999999,0.4,0.2224,0.46527196652719666
406,User_VAR_500_3,3.75,2.0,419,0.75,0.4,0.30000000000000004,0.5217391304347827
406,Sys_VAR_noexpert_1,2.15,2.8,419,0.43,0.5599999999999999,0.24079999999999996,0.4864646464646464
406,Sys_VAR_noexpert_2,2.85,3.2,419,0.5700000000000001,0.64,0.36480000000000007,0.6029752066115703
406,Sys_VAR_noexpert_3,3.85,1.92,419,0.77,0.384,0.29568,0.5124436741767765
408,User_VAR_500_1,4.29,4.0,419,0.858,0.8,0.6864,0.8279855247285887
408,User_VAR_500_2,4.29,4.0,419,0.858,0.8,0.6864,0.8279855247285887
408,User_VAR_500_3,5.0,4.0,419,1.0,0.8,0.8,0.888888888888889
408,Sys_VAR_noexpert_1,4.85,4.6,419,0.97,0.9199999999999999,0.8923999999999999,0.9443386243386243
408,Sys_VAR_noexpert_2,4.92,3.85,419,0.984,0.77,0.75768,0.863945267958951
408,Sys_VAR_noexpert_3,4.85,4.92,419,0.97,0.984,0.95448,0.976949846468782
409,User_VAR_500_1,0.0,5.0,419,0.0,1.0,0.0,0.0
409,User_VAR_500_2,0.0,5.0,419,0.0,1.0,0.0,0.0
409,User_VAR_500_3,0.0,5.0,419,0.0,1.0,0.0,0.0
409,Sys_VAR_noexpert_1,0.0,5.0,419,0.0,1.0,0.0,0.0
409,Sys_VAR_noexpert_2,0.0,5.0,419,0.0,1.0,0.0,0.0
409,Sys_VAR_noexpert_3,0.0,5.0,419,0.0,1.0,0.0,0.0
410,User_VAR_500_1,5.0,3.0,421,1.0,0.6,0.6,0.7499999999999999
410,User_VAR_500_2,2.78,2.0,421,0.5559999999999999,0.4,0.2224,0.46527196652719666
410,User_VAR_500_3,5.0,3.0,421,1.0,0.6,0.6,0.7499999999999999
410,Sys_VAR_noexpert_1,2.85,1.92,421,0.5700000000000001,0.384,0.21888000000000002,0.4588679245283019
410,Sys_VAR_noexpert_2,3.15,1.85,421,0.63,0.37,0.2331,0.4662
410,Sys_VAR_noexpert_3,3.85,1.92,421,0.77,0.384,0.29568,0.5124436741767765
411,User_VAR_500_1,2.78,1.0,421,0.5559999999999999,0.2,0.1112,0.29417989417989415
411,User_VAR_500_2,2.78,1.0,421,0.5559999999999999,0.2,0.1112,0.29417989417989415
411,User_VAR_500_3,3.33,2.0,421,0.666,0.4,0.2664,0.499812382739212
411,Sys_VAR_noexpert_1,3.45,3.82,421,0.6900000000000001,0.764,0.5271600000000001,0.7251169188445667
411,Sys_VAR_noexpert_2,3.45,3.82,421,0.6900000000000001,0.764,0.5271600000000001,0.7251169188445667
411,Sys_VAR_noexpert_3,2.85,2.4,421,0.5700000000000001,0.48,0.2736,0.5211428571428571
412,User_VAR_500_1,5.0,4.0,421,1.0,0.8,0.8,0.888888888888889
412,User_VAR_500_2,3.33,4.0,421,0.666,0.8,0.5328,0.7268758526603001
412,User_VAR_500_3,3.33,3.0,421,0.666,0.6,0.3996,0.6312796208530805
412,Sys_VAR_noexpert_1,2.85,4.2,421,0.5700000000000001,0.8400000000000001,0.4788000000000001,0.6791489361702129
412,Sys_VAR_noexpert_2,3.45,4.2,421,0.6900000000000001,0.8400000000000001,0.5796000000000001,0.7576470588235295
412,Sys_VAR_noexpert_3,2.85,4.15,421,0.5700000000000001,0.8300000000000001,0.4731000000000001,0.6758571428571429
413,User_VAR_500_1,3.12,4.0,421,0.624,0.8,0.49920000000000003,0.7011235955056181
413,User_VAR_500_2,2.78,2.0,421,0.5559999999999999,0.4,0.2224,0.46527196652719666
413,User_VAR_500_3,2.78,2.0,421,0.5559999999999999,0.4,0.2224,0.46527196652719666
413,Sys_VAR_noexpert_1,3.45,3.8,421,0.6900000000000001,0.76,0.5244000000000001,0.7233103448275863
413,Sys_VAR_noexpert_2,3.45,3.8,421,0.6900000000000001,0.76,0.5244000000000001,0.7233103448275863
413,Sys_VAR_noexpert_3,3.45,3.82,421,0.6900000000000001,0.764,0.5271600000000001,0.7251169188445667
419,User_VAR_500_1,4.44,4.0,421,0.8880000000000001,0.8,0.7104000000000001,0.8417061611374408
419,User_VAR_500_2,4.44,4.0,421,0.8880000000000001,0.8,0.7104000000000001,0.8417061611374408
419,User_VAR_500_3,4.44,4.0,421,0.8880000000000001,0.8,0.7104000000000001,0.8417061611374408
419,Sys_VAR_noexpert_1,5.0,5.0,421,1.0,1.0,1.0,1.0
419,Sys_VAR_noexpert_2,4.65,3.85,421,0.93,0.77,0.7161000000000001,0.8424705882352941
419,Sys_VAR_noexpert_3,4.65,3.85,421,0.93,0.77,0.7161000000000001,0.8424705882352941
421,User_VAR_500_1,2.5,2.0,426,0.5,0.4,0.2,0.4444444444444445
421,User_VAR_500_2,2.5,2.0,426,0.5,0.4,0.2,0.4444444444444445
421,User_VAR_500_3,2.5,2.0,426,0.5,0.4,0.2,0.4444444444444445
421,Sys_VAR_noexpert_1,3.45,2.85,426,0.6900000000000001,0.5700000000000001,0.3933000000000001,0.6242857142857143
421,Sys_VAR_noexpert_2,3.45,2.8,426,0.6900000000000001,0.5599999999999999,0.38639999999999997,0.6182399999999999
421,Sys_VAR_noexpert_3,3.42,2.85,426,0.6839999999999999,0.5700000000000001,0.38988,0.6218181818181818
422,User_VAR_500_1,3.75,1.0,426,0.75,0.2,0.15000000000000002,0.31578947368421056
422,User_VAR_500_2,3.12,2.0,426,0.624,0.4,0.24960000000000002,0.48750000000000004
422,User_VAR_500_3,3.12,2.0,426,0.624,0.4,0.24960000000000002,0.48750000000000004
422,Sys_VAR_noexpert_1,3.85,1.92,426,0.77,0.384,0.29568,0.5124436741767765
422,Sys_VAR_noexpert_2,3.85,2.1,426,0.77,0.42000000000000004,0.3234,0.5435294117647059
422,Sys_VAR_noexpert_3,3.85,2.1,426,0.77,0.42000000000000004,0.3234,0.5435294117647059
423,User_VAR_500_1,3.12,2.0,426,0.624,0.4,0.24960000000000002,0.48750000000000004
423,User_VAR_500_2,3.12,2.0,426,0.624,0.4,0.24960000000000002,0.48750000000000004
423,User_VAR_500_3,3.12,2.0,426,0.624,0.4,0.24960000000000002,0.48750000000000004
423,Sys_VAR_noexpert_1,3.85,2.9,426,0.77,0.58,0.4466,0.6616296296296296
423,Sys_VAR_noexpert_2,2.85,1.65,426,0.5700000000000001,0.32999999999999996,0.1881,0.418
423,Sys_VAR_noexpert_3,2.85,2.1,426,0.5700000000000001,0.42000000000000004,0.23940000000000006,0.4836363636363637
425,User_VAR_500_1,3.12,2.0,426,0.624,0.4,0.24960000000000002,0.48750000000000004
425,User_VAR_500_2,3.12,2.0,426,0.624,0.4,0.24960000000000002,0.48750000000000004
425,User_VAR_500_3,2.5,1.0,426,0.5,0.2,0.1,0.28571428571428575
425,Sys_VAR_noexpert_1,2.85,1.92,426,0.5700000000000001,0.384,0.21888000000000002,0.4588679245283019
425,Sys_VAR_noexpert_2,3.42,2.85,426,0.6839999999999999,0.5700000000000001,0.38988,0.6218181818181818
425,Sys_VAR_noexpert_3,3.85,2.9,426,0.77,0.58,0.4466,0.6616296296296296
428,User_VAR_500_1,3.12,2.0,426,0.624,0.4,0.24960000000000002,0.48750000000000004
428,User_VAR_500_2,3.12,1.0,426,0.624,0.2,0.12480000000000001,0.3029126213592233
428,User_VAR_500_3,3.12,2.0,426,0.624,0.4,0.24960000000000002,0.48750000000000004
428,Sys_VAR_noexpert_1,3.85,2.9,426,0.77,0.58,0.4466,0.6616296296296296
428,Sys_VAR_noexpert_2,3.85,2.9,426,0.77,0.58,0.4466,0.6616296296296296
428,Sys_VAR_noexpert_3,3.85,1.92,426,0.77,0.384,0.29568,0.5124436741767765
432,User_VAR_500_1,1.25,3.0,429,0.25,0.6,0.15,0.35294117647058826
432,User_VAR_500_2,1.88,2.0,429,0.376,0.4,0.1504,0.38762886597938145
432,User_VAR_500_3,1.88,3.0,429,0.376,0.6,0.2256,0.46229508196721314
432,Sys_VAR_noexpert_1,2.85,1.92,429,0.5700000000000001,0.384,0.21888000000000002,0.4588679245283019
432,Sys_VAR_noexpert_2,2.15,1.8,429,0.43,0.36,0.1548,0.39189873417721516
432,Sys_VAR_noexpert_3,2.15,1.85,429,0.43,0.37,0.1591,0.39774999999999994
433,User_VAR_500_1,3.75,2.0,429,0.75,0.4,0.30000000000000004,0.5217391304347827
433,User_VAR_500_2,3.75,2.0,429,0.75,0.4,0.30000000000000004,0.5217391304347827
433,User_VAR_500_3,3.75,2.0,429,0.75,0.4,0.30000000000000004,0.5217391304347827
433,Sys_VAR_noexpert_1,5.0,5.0,429,1.0,1.0,1.0,1.0
433,Sys_VAR_noexpert_2,5.0,5.0,429,1.0,1.0,1.0,1.0
433,Sys_VAR_noexpert_3,5.0,5.0,429,1.0,1.0,1.0,1.0
434,User_VAR_500_1,0.0,1.0,429,0.0,0.2,0.0,0.0
434,User_VAR_500_2,0.0,2.0,429,0.0,0.4,0.0,0.0
434,User_VAR_500_3,0.0,2.0,429,0.0,0.4,0.0,0.0
434,Sys_VAR_noexpert_1,0.0,2.8,429,0.0,0.5599999999999999,0.0,0.0
434,Sys_VAR_noexpert_2,0.0,2.85,429,0.0,0.5700000000000001,0.0,0.0
434,Sys_VAR_noexpert_3,0.2,2.8,429,0.04,0.5599999999999999,0.0224,0.07466666666666667
435,User_VAR_500_1,0.0,1.0,429,0.0,0.2,0.0,0.0
435,User_VAR_500_2,0.0,1.0,429,0.0,0.2,0.0,0.0
435,User_VAR_500_3,0.0,2.0,429,0.0,0.4,0.0,0.0
435,Sys_VAR_noexpert_1,1.2,1.8,429,0.24,0.36,0.08639999999999999,0.288
435,Sys_VAR_noexpert_2,1.85,1.2,429,0.37,0.24,0.08879999999999999,0.2911475409836065
435,Sys_VAR_noexpert_3,1.2,1.8,429,0.24,0.36,0.08639999999999999,0.288
437,User_VAR_500_1,4.38,3.0,429,0.876,0.6,0.5256,0.7121951219512195
437,User_VAR_500_2,3.75,5.0,429,0.75,1.0,0.75,0.8571428571428571
437,User_VAR_500_3,4.38,5.0,429,0.876,1.0,0.876,0.933901918976546
437,Sys_VAR_noexpert_1,5.0,5.0,429,1.0,1.0,1.0,1.0
437,Sys_VAR_noexpert_2,5.0,5.0,429,1.0,1.0,1.0,1.0
437,Sys_VAR_noexpert_3,4.85,5.0,429,0.97,1.0,0.97,0.9847715736040609
443,User_VAR_500_1,5.0,4.0,432,1.0,0.8,0.8,0.888888888888889
443,User_VAR_500_2,5.0,4.0,432,1.0,0.8,0.8,0.888888888888889
443,User_VAR_500_3,5.0,4.0,432,1.0,0.8,0.8,0.888888888888889
443,Sys_VAR_noexpert_1,4.92,2.85,432,0.984,0.5700000000000001,0.56088,0.7218532818532819
443,Sys_VAR_noexpert_2,5.0,5.0,432,1.0,1.0,1.0,1.0
443,Sys_VAR_noexpert_3,4.92,2.85,432,0.984,0.5700000000000001,0.56088,0.7218532818532819
446,User_VAR_500_1,5.0,2.0,432,1.0,0.4,0.4,0.5714285714285715
446,User_VAR_500_2,5.0,3.0,432,1.0,0.6,0.6,0.7499999999999999
446,User_VAR_500_3,5.0,5.0,432,1.0,1.0,1.0,1.0
446,Sys_VAR_noexpert_1,5.0,5.0,432,1.0,1.0,1.0,1.0
446,Sys_VAR_noexpert_2,5.0,5.0,432,1.0,1.0,1.0,1.0
446,Sys_VAR_noexpert_3,5.0,5.0,432,1.0,1.0,1.0,1.0
447,User_VAR_500_1,4.38,2.0,432,0.876,0.4,0.35040000000000004,0.5492163009404389
447,User_VAR_500_2,4.29,2.0,432,0.858,0.4,0.3432,0.5456279809220985
447,User_VAR_500_3,4.38,2.0,432,0.876,0.4,0.35040000000000004,0.5492163009404389
447,Sys_VAR_noexpert_1,4.85,2.85,432,0.97,0.5700000000000001,0.5529000000000001,0.7180519480519482
447,Sys_VAR_noexpert_2,4.92,3.85,432,0.984,0.77,0.75768,0.863945267958951
447,Sys_VAR_noexpert_3,4.92,2.85,432,0.984,0.5700000000000001,0.56088,0.7218532818532819
448,User_VAR_500_1,3.12,2.0,432,0.624,0.4,0.24960000000000002,0.48750000000000004
448,User_VAR_500_2,3.12,2.0,432,0.624,0.4,0.24960000000000002,0.48750000000000004
448,User_VAR_500_3,3.12,1.0,432,0.624,0.2,0.12480000000000001,0.3029126213592233
448,Sys_VAR_noexpert_1,4.65,2.85,432,0.93,0.5700000000000001,0.5301000000000001,0.7068000000000002
448,Sys_VAR_noexpert_2,1.85,1.2,432,0.37,0.24,0.08879999999999999,0.2911475409836065
448,Sys_VAR_noexpert_3,4.65,3.8,432,0.93,0.76,0.7068000000000001,0.8364497041420119
449,User_VAR_500_1,5.0,4.0,432,1.0,0.8,0.8,0.888888888888889
449,User_VAR_500_2,5.0,4.0,432,1.0,0.8,0.8,0.888888888888889
449,User_VAR_500_3,5.0,5.0,432,1.0,1.0,1.0,1.0
449,Sys_VAR_noexpert_1,4.85,5.0,432,0.97,1.0,0.97,0.9847715736040609
449,Sys_VAR_noexpert_2,5.0,5.0,432,1.0,1.0,1.0,1.0
449,Sys_VAR_noexpert_3,5.0,5.0,432,1.0,1.0,1.0,1.0
450,User_VAR_500_1,5.0,4.0,443,1.0,0.8,0.8,0.888888888888889
450,User_VAR_500_2,5.0,3.0,443,1.0,0.6,0.6,0.7499999999999999
450,User_VAR_500_3,5.0,4.0,443,1.0,0.8,0.8,0.888888888888889
450,Sys_VAR_noexpert_1,5.0,5.0,443,1.0,1.0,1.0,1.0
450,Sys_VAR_noexpert_2,5.0,5.0,443,1.0,1.0,1.0,1.0
450,Sys_VAR_noexpert_3,5.0,5.0,443,1.0,1.0,1.0,1.0
451,User_VAR_500_1,5.0,4.0,443,1.0,0.8,0.8,0.888888888888889
451,User_VAR_500_2,5.0,4.0,443,1.0,0.8,0.8,0.888888888888889
451,User_VAR_500_3,0.0,4.0,443,0.0,0.8,0.0,0.0
451,Sys_VAR_noexpert_1,4.85,5.0,443,0.97,1.0,0.97,0.9847715736040609
451,Sys_VAR_noexpert_2,4.2,3.8,443,0.8400000000000001,0.76,0.6384000000000001,0.798
451,Sys_VAR_noexpert_3,4.85,5.0,443,0.97,1.0,0.97,0.9847715736040609
453,User_VAR_500_1,1.67,3.0,443,0.33399999999999996,0.6,0.20039999999999997,0.42912205567451817
453,User_VAR_500_2,1.67,3.0,443,0.33399999999999996,0.6,0.20039999999999997,0.42912205567451817
453,User_VAR_500_3,1.67,3.0,443,0.33399999999999996,0.6,0.20039999999999997,0.42912205567451817
453,Sys_VAR_noexpert_1,5.0,5.0,443,1.0,1.0,1.0,1.0
453,Sys_VAR_noexpert_2,1.2,2.8,443,0.24,0.5599999999999999,0.1344,0.336
453,Sys_VAR_noexpert_3,1.2,2.8,443,0.24,0.5599999999999999,0.1344,0.336
455,User_VAR_500_1,5.0,3.0,443,1.0,0.6,0.6,0.7499999999999999
455,User_VAR_500_2,5.0,2.0,443,1.0,0.4,0.4,0.5714285714285715
455,User_VAR_500_3,4.38,3.0,443,0.876,0.6,0.5256,0.7121951219512195
455,Sys_VAR_noexpert_1,1.2,1.8,443,0.24,0.36,0.08639999999999999,0.288
455,Sys_VAR_noexpert_2,3.42,3.85,443,0.6839999999999999,0.77,0.5266799999999999,0.7244566712517193
455,Sys_VAR_noexpert_3,3.42,3.65,443,0.6839999999999999,0.73,0.49931999999999993,0.7062517680339462
456,User_VAR_500_1,4.38,4.0,443,0.876,0.8,0.7008000000000001,0.8362768496420048
456,User_VAR_500_2,4.38,4.0,443,0.876,0.8,0.7008000000000001,0.8362768496420048
456,User_VAR_500_3,4.38,4.0,443,0.876,0.8,0.7008000000000001,0.8362768496420048
456,Sys_VAR_noexpert_1,5.0,5.0,443,1.0,1.0,1.0,1.0
456,Sys_VAR_noexpert_2,5.0,5.0,443,1.0,1.0,1.0,1.0
456,Sys_VAR_noexpert_3,4.65,3.85,443,0.93,0.77,0.7161000000000001,0.8424705882352941
463,User_VAR_500_1,5.0,3.0,446,1.0,0.6,0.6,0.7499999999999999
463,User_VAR_500_2,5.0,3.0,446,1.0,0.6,0.6,0.7499999999999999
463,User_VAR_500_3,5.0,2.0,446,1.0,0.4,0.4,0.5714285714285715
463,Sys_VAR_noexpert_1,4.85,3.7,446,0.97,0.74,0.7178,0.83953216374269
463,Sys_VAR_noexpert_2,4.65,3.85,446,0.93,0.77,0.7161000000000001,0.8424705882352941
463,Sys_VAR_noexpert_3,4.2,3.8,446,0.8400000000000001,0.76,0.6384000000000001,0.798
465,User_VAR_500_1,3.89,3.0,446,0.778,0.6,0.4668,0.6775036284470246
465,User_VAR_500_2,4.38,3.0,446,0.876,0.6,0.5256,0.7121951219512195
465,User_VAR_500_3,3.89,3.0,446,0.778,0.6,0.4668,0.6775036284470246
465,Sys_VAR_noexpert_1,4.2,2.8,446,0.8400000000000001,0.5599999999999999,0.4704,0.672
465,Sys_VAR_noexpert_2,4.12,2.85,446,0.8240000000000001,0.5700000000000001,0.4696800000000001,0.6738593974175037
465,Sys_VAR_noexpert_3,4.85,3.92,446,0.97,0.784,0.76048,0.8671379703534778
466,User_VAR_500_1,4.38,3.0,446,0.876,0.6,0.5256,0.7121951219512195
466,User_VAR_500_2,4.38,4.0,446,0.876,0.8,0.7008000000000001,0.8362768496420048
466,User_VAR_500_3,5.0,4.0,446,1.0,0.8,0.8,0.888888888888889
466,Sys_VAR_noexpert_1,3.85,3.92,446,0.77,0.784,0.60368,0.7769369369369369
466,Sys_VAR_noexpert_2,3.85,3.2,446,0.77,0.64,0.4928,0.6990070921985815
466,Sys_VAR_noexpert_3,3.85,3.2,446,0.77,0.64,0.4928,0.6990070921985815
467,User_VAR_500_1,0.56,3.0,446,0.11200000000000002,0.6,0.06720000000000001,0.18876404494382026
467,User_VAR_500_2,0.56,2.0,446,0.11200000000000002,0.4,0.044800000000000006,0.17500000000000002
467,User_VAR_500_3,1.11,5.0,446,0.22200000000000003,1.0,0.22200000000000003,0.3633387888707038
467,Sys_VAR_noexpert_1,0.0,3.8,446,0.0,0.76,0.0,0.0
467,Sys_VAR_noexpert_2,0.0,5.0,446,0.0,1.0,0.0,0.0
467,Sys_VAR_noexpert_3,0.0,5.0,446,0.0,1.0,0.0,0.0
469,User_VAR_500_1,4.38,3.0,446,0.876,0.6,0.5256,0.7121951219512195
469,User_VAR_500_2,3.89,3.0,446,0.778,0.6,0.4668,0.6775036284470246
469,User_VAR_500_3,3.89,3.0,446,0.778,0.6,0.4668,0.6775036284470246
469,Sys_VAR_noexpert_1,4.2,3.8,446,0.8400000000000001,0.76,0.6384000000000001,0.798
469,Sys_VAR_noexpert_2,4.2,2.8,446,0.8400000000000001,0.5599999999999999,0.4704,0.672
469,Sys_VAR_noexpert_3,4.2,2.8,446,0.8400000000000001,0.5599999999999999,0.4704,0.672
470,User_VAR_500_1,5.0,2.0,453,1.0,0.4,0.4,0.5714285714285715
470,User_VAR_500_2,4.38,2.0,453,0.876,0.4,0.35040000000000004,0.5492163009404389
470,User_VAR_500_3,3.75,2.0,453,0.75,0.4,0.30000000000000004,0.5217391304347827
470,Sys_VAR_noexpert_1,4.92,4.65,453,0.984,0.93,0.91512,0.9562382445141066
470,Sys_VAR_noexpert_2,4.85,2.9,453,0.97,0.58,0.5626,0.7259354838709678
470,Sys_VAR_noexpert_3,4.85,2.9,453,0.97,0.58,0.5626,0.7259354838709678
471,User_VAR_500_1,4.38,2.0,453,0.876,0.4,0.35040000000000004,0.5492163009404389
471,User_VAR_500_2,4.38,3.0,453,0.876,0.6,0.5256,0.7121951219512195
471,User_VAR_500_3,5.0,3.0,453,1.0,0.6,0.6,0.7499999999999999
471,Sys_VAR_noexpert_1,4.15,3.85,453,0.8300000000000001,0.77,0.6391000000000001,0.7988750000000001
471,Sys_VAR_noexpert_2,4.65,3.85,453,0.93,0.77,0.7161000000000001,0.8424705882352941
471,Sys_VAR_noexpert_3,4.65,3.85,453,0.93,0.77,0.7161000000000001,0.8424705882352941
473,User_VAR_500_1,5.0,3.0,453,1.0,0.6,0.6,0.7499999999999999
473,User_VAR_500_2,4.17,3.0,453,0.834,0.6,0.5004,0.697907949790795
473,User_VAR_500_3,5.0,3.0,453,1.0,0.6,0.6,0.7499999999999999
473,Sys_VAR_noexpert_1,3.85,3.2,453,0.77,0.64,0.4928,0.6990070921985815
473,Sys_VAR_noexpert_2,4.15,3.8,453,0.8300000000000001,0.76,0.6308,0.7934591194968553
473,Sys_VAR_noexpert_3,4.65,3.2,453,0.93,0.64,0.5952000000000001,0.7582165605095542
475,User_VAR_500_1,3.75,2.0,453,0.75,0.4,0.30000000000000004,0.5217391304347827
475,User_VAR_500_2,3.75,3.0,453,0.75,0.6,0.44999999999999996,0.6666666666666665
475,User_VAR_500_3,3.75,2.0,453,0.75,0.4,0.30000000000000004,0.5217391304347827
475,Sys_VAR_noexpert_1,4.85,2.9,453,0.97,0.58,0.5626,0.7259354838709678
475,Sys_VAR_noexpert_2,4.65,3.85,453,0.93,0.77,0.7161000000000001,0.8424705882352941
475,Sys_VAR_noexpert_3,4.65,2.85,453,0.93,0.5700000000000001,0.5301000000000001,0.7068000000000002
479,User_VAR_500_1,2.86,3.0,453,0.572,0.6,0.34319999999999995,0.5856655290102388
479,User_VAR_500_2,3.33,3.0,453,0.666,0.6,0.3996,0.6312796208530805
479,User_VAR_500_3,3.33,3.0,453,0.666,0.6,0.3996,0.6312796208530805
479,Sys_VAR_noexpert_1,3.85,2.9,453,0.77,0.58,0.4466,0.6616296296296296
479,Sys_VAR_noexpert_2,3.85,2.9,453,0.77,0.58,0.4466,0.6616296296296296
479,Sys_VAR_noexpert_3,3.85,2.9,453,0.77,0.58,0.4466,0.6616296296296296
481,User_VAR_500_1,2.22,5.0,461,0.44400000000000006,1.0,0.44400000000000006,0.6149584487534627
481,User_VAR_500_2,2.22,5.0,461,0.44400000000000006,1.0,0.44400000000000006,0.6149584487534627
481,User_VAR_500_3,2.22,5.0,461,0.44400000000000006,1.0,0.44400000000000006,0.6149584487534627
481,Sys_VAR_noexpert_1,1.25,4.95,461,0.25,0.99,0.2475,0.39919354838709675
481,Sys_VAR_noexpert_2,1.25,4.95,461,0.25,0.99,0.2475,0.39919354838709675
481,Sys_VAR_noexpert_3,1.25,4.95,461,0.25,0.99,0.2475,0.39919354838709675
483,User_VAR_500_1,3.33,4.0,461,0.666,0.8,0.5328,0.7268758526603001
483,User_VAR_500_2,3.33,4.0,461,0.666,0.8,0.5328,0.7268758526603001
483,User_VAR_500_3,3.33,4.0,461,0.666,0.8,0.5328,0.7268758526603001
483,Sys_VAR_noexpert_1,3.45,3.8,461,0.6900000000000001,0.76,0.5244000000000001,0.7233103448275863
483,Sys_VAR_noexpert_2,3.45,4.2,461,0.6900000000000001,0.8400000000000001,0.5796000000000001,0.7576470588235295
483,Sys_VAR_noexpert_3,3.45,3.8,461,0.6900000000000001,0.76,0.5244000000000001,0.7233103448275863
485,User_VAR_500_1,4.44,4.0,461,0.8880000000000001,0.8,0.7104000000000001,0.8417061611374408
485,User_VAR_500_2,3.33,4.0,461,0.666,0.8,0.5328,0.7268758526603001
485,User_VAR_500_3,3.33,4.0,461,0.666,0.8,0.5328,0.7268758526603001
485,Sys_VAR_noexpert_1,4.85,3.9,461,0.97,0.78,0.7566,0.8646857142857144
485,Sys_VAR_noexpert_2,4.65,3.85,461,0.93,0.77,0.7161000000000001,0.8424705882352941
485,Sys_VAR_noexpert_3,4.85,3.9,461,0.97,0.78,0.7566,0.8646857142857144
486,User_VAR_500_1,4.38,4.0,461,0.876,0.8,0.7008000000000001,0.8362768496420048
486,User_VAR_500_2,5.0,5.0,461,1.0,1.0,1.0,1.0
486,User_VAR_500_3,5.0,4.0,461,1.0,0.8,0.8,0.888888888888889
486,Sys_VAR_noexpert_1,3.85,5.0,461,0.77,1.0,0.77,0.8700564971751412
486,Sys_VAR_noexpert_2,4.15,5.0,461,0.8300000000000001,1.0,0.8300000000000001,0.907103825136612
486,Sys_VAR_noexpert_3,3.45,5.0,461,0.6900000000000001,1.0,0.6900000000000001,0.8165680473372782
488,User_VAR_500_1,4.44,5.0,461,0.8880000000000001,1.0,0.8880000000000001,0.940677966101695
488,User_VAR_500_2,4.44,4.0,461,0.8880000000000001,0.8,0.7104000000000001,0.8417061611374408
488,User_VAR_500_3,3.33,4.0,461,0.666,0.8,0.5328,0.7268758526603001
488,Sys_VAR_noexpert_1,3.85,5.0,461,0.77,1.0,0.77,0.8700564971751412
488,Sys_VAR_noexpert_2,3.85,5.0,461,0.77,1.0,0.77,0.8700564971751412
488,Sys_VAR_noexpert_3,3.85,4.2,461,0.77,0.8400000000000001,0.6468,0.8034782608695652
491,User_VAR_500_1,2.78,2.0,477,0.5559999999999999,0.4,0.2224,0.46527196652719666
491,User_VAR_500_2,2.78,2.0,477,0.5559999999999999,0.4,0.2224,0.46527196652719666
491,User_VAR_500_3,2.78,2.0,477,0.5559999999999999,0.4,0.2224,0.46527196652719666
491,Sys_VAR_noexpert_1,2.85,3.42,477,0.5700000000000001,0.6839999999999999,0.38988,0.6218181818181818
491,Sys_VAR_noexpert_2,2.85,3.42,477,0.5700000000000001,0.6839999999999999,0.38988,0.6218181818181818
491,Sys_VAR_noexpert_3,2.85,3.2,477,0.5700000000000001,0.64,0.36480000000000007,0.6029752066115703
492,User_VAR_500_1,3.33,2.0,477,0.666,0.4,0.2664,0.499812382739212
492,User_VAR_500_2,0.0,1.0,477,0.0,0.2,0.0,0.0
492,User_VAR_500_3,3.33,4.0,477,0.666,0.8,0.5328,0.7268758526603001
492,Sys_VAR_noexpert_1,3.45,3.8,477,0.6900000000000001,0.76,0.5244000000000001,0.7233103448275863
492,Sys_VAR_noexpert_2,3.45,2.85,477,0.6900000000000001,0.5700000000000001,0.3933000000000001,0.6242857142857143
492,Sys_VAR_noexpert_3,3.42,3.85,477,0.6839999999999999,0.77,0.5266799999999999,0.7244566712517193
493,User_VAR_500_1,2.22,2.0,477,0.44400000000000006,0.4,0.17760000000000004,0.4208530805687204
493,User_VAR_500_2,2.22,3.0,477,0.44400000000000006,0.6,0.2664,0.5103448275862069
493,User_VAR_500_3,2.22,2.0,477,0.44400000000000006,0.4,0.17760000000000004,0.4208530805687204
493,Sys_VAR_noexpert_1,1.85,2.4,477,0.37,0.48,0.17759999999999998,0.4178823529411764
493,Sys_VAR_noexpert_2,2.15,3.85,477,0.43,0.77,0.3311,0.5518333333333334
493,Sys_VAR_noexpert_3,1.85,3.2,477,0.37,0.64,0.2368,0.46891089108910894
497,User_VAR_500_1,0.0,1.0,477,0.0,0.2,0.0,0.0
497,User_VAR_500_2,2.5,2.0,477,0.5,0.4,0.2,0.4444444444444445
497,User_VAR_500_3,2.5,1.0,477,0.5,0.2,0.1,0.28571428571428575
497,Sys_VAR_noexpert_1,2.15,1.85,477,0.43,0.37,0.1591,0.39774999999999994
497,Sys_VAR_noexpert_2,3.25,1.8,477,0.65,0.36,0.23399999999999999,0.46336633663366333
497,Sys_VAR_noexpert_3,3.65,2.1,477,0.73,0.42000000000000004,0.30660000000000004,0.533217391304348
498,User_VAR_500_1,2.78,2.0,477,0.5559999999999999,0.4,0.2224,0.46527196652719666
498,User_VAR_500_2,2.78,2.0,477,0.5559999999999999,0.4,0.2224,0.46527196652719666
498,User_VAR_500_3,2.22,2.0,477,0.44400000000000006,0.4,0.17760000000000004,0.4208530805687204
498,Sys_VAR_noexpert_1,3.45,2.85,477,0.6900000000000001,0.5700000000000001,0.3933000000000001,0.6242857142857143
498,Sys_VAR_noexpert_2,3.45,2.85,477,0.6900000000000001,0.5700000000000001,0.3933000000000001,0.6242857142857143
498,Sys_VAR_noexpert_3,3.45,3.82,477,0.6900000000000001,0.764,0.5271600000000001,0.7251169188445667
500,User_VAR_500_1,4.44,4.0,479,0.8880000000000001,0.8,0.7104000000000001,0.8417061611374408
500,User_VAR_500_2,4.44,4.0,479,0.8880000000000001,0.8,0.7104000000000001,0.8417061611374408
500,User_VAR_500_3,4.44,5.0,479,0.8880000000000001,1.0,0.8880000000000001,0.940677966101695
500,Sys_VAR_noexpert_1,5.0,5.0,479,1.0,1.0,1.0,1.0
500,Sys_VAR_noexpert_2,4.92,4.65,479,0.984,0.93,0.91512,0.9562382445141066
500,Sys_VAR_noexpert_3,4.95,4.65,479,0.99,0.93,0.9207000000000001,0.9590625000000002
503,User_VAR_500_1,2.78,4.0,479,0.5559999999999999,0.8,0.4448,0.656047197640118
503,User_VAR_500_2,2.78,3.0,479,0.5559999999999999,0.6,0.33359999999999995,0.5771626297577854
503,User_VAR_500_3,2.78,4.0,479,0.5559999999999999,0.8,0.4448,0.656047197640118
503,Sys_VAR_noexpert_1,4.35,3.92,479,0.8699999999999999,0.784,0.6820799999999999,0.8247642079806529
503,Sys_VAR_noexpert_2,5.0,5.0,479,1.0,1.0,1.0,1.0
503,Sys_VAR_noexpert_3,3.45,3.82,479,0.6900000000000001,0.764,0.5271600000000001,0.7251169188445667
504,User_VAR_500_1,1.25,2.0,479,0.25,0.4,0.1,0.3076923076923077
504,User_VAR_500_2,5.0,2.0,479,1.0,0.4,0.4,0.5714285714285715
504,User_VAR_500_3,5.0,1.0,479,1.0,0.2,0.2,0.33333333333333337
504,Sys_VAR_noexpert_1,3.45,3.8,479,0.6900000000000001,0.76,0.5244000000000001,0.7233103448275863
504,Sys_VAR_noexpert_2,1.85,2.4,479,0.37,0.48,0.17759999999999998,0.4178823529411764
504,Sys_VAR_noexpert_3,3.45,2.8,479,0.6900000000000001,0.5599999999999999,0.38639999999999997,0.6182399999999999
506,User_VAR_500_1,5.0,4.0,479,1.0,0.8,0.8,0.888888888888889
506,User_VAR_500_2,5.0,4.0,479,1.0,0.8,0.8,0.888888888888889
506,User_VAR_500_3,5.0,4.0,479,1.0,0.8,0.8,0.888888888888889
506,Sys_VAR_noexpert_1,5.0,5.0,479,1.0,1.0,1.0,1.0
506,Sys_VAR_noexpert_2,5.0,5.0,479,1.0,1.0,1.0,1.0
506,Sys_VAR_noexpert_3,5.0,5.0,479,1.0,1.0,1.0,1.0
507,User_VAR_500_1,3.89,4.0,479,0.778,0.8,0.6224000000000001,0.7888466413181242
507,User_VAR_500_2,3.33,3.0,479,0.666,0.6,0.3996,0.6312796208530805
507,User_VAR_500_3,3.89,4.0,479,0.778,0.8,0.6224000000000001,0.7888466413181242
507,Sys_VAR_noexpert_1,3.85,3.2,479,0.77,0.64,0.4928,0.6990070921985815
507,Sys_VAR_noexpert_2,4.65,4.35,479,0.93,0.8699999999999999,0.8090999999999999,0.899
507,Sys_VAR_noexpert_3,4.35,3.85,479,0.8699999999999999,0.77,0.6698999999999999,0.8169512195121951
510,User_VAR_500_1,2.22,3.0,481,0.44400000000000006,0.6,0.2664,0.5103448275862069
510,User_VAR_500_2,3.75,2.0,481,0.75,0.4,0.30000000000000004,0.5217391304347827
510,User_VAR_500_3,3.75,2.0,481,0.75,0.4,0.30000000000000004,0.5217391304347827
510,Sys_VAR_noexpert_1,4.85,3.2,481,0.97,0.64,0.6208,0.7711801242236026
510,Sys_VAR_noexpert_2,4.85,3.2,481,0.97,0.64,0.6208,0.7711801242236026
510,Sys_VAR_noexpert_3,4.35,3.6,481,0.8699999999999999,0.72,0.6263999999999998,0.7879245283018866
511,User_VAR_500_1,1.67,1.0,481,0.33399999999999996,0.2,0.0668,0.250187265917603
511,User_VAR_500_2,0.56,2.0,481,0.11200000000000002,0.4,0.044800000000000006,0.17500000000000002
511,User_VAR_500_3,1.67,2.0,481,0.33399999999999996,0.4,0.1336,0.3640326975476839
511,Sys_VAR_noexpert_1,4.85,3.92,481,0.97,0.784,0.76048,0.8671379703534778
511,Sys_VAR_noexpert_2,3.42,2.85,481,0.6839999999999999,0.5700000000000001,0.38988,0.6218181818181818
511,Sys_VAR_noexpert_3,3.85,2.9,481,0.77,0.58,0.4466,0.6616296296296296
515,User_VAR_500_1,4.38,3.0,481,0.876,0.6,0.5256,0.7121951219512195
515,User_VAR_500_2,5.0,3.0,481,1.0,0.6,0.6,0.7499999999999999
515,User_VAR_500_3,5.0,3.0,481,1.0,0.6,0.6,0.7499999999999999
515,Sys_VAR_noexpert_1,3.85,2.9,481,0.77,0.58,0.4466,0.6616296296296296
515,Sys_VAR_noexpert_2,4.15,3.2,481,0.8300000000000001,0.64,0.5312,0.7227210884353741
515,Sys_VAR_noexpert_3,3.85,2.15,481,0.77,0.43,0.3311,0.5518333333333334
517,User_VAR_500_1,4.0,1.0,481,0.8,0.2,0.16000000000000003,0.32000000000000006
517,User_VAR_500_2,4.0,2.0,481,0.8,0.4,0.32000000000000006,0.5333333333333333
517,User_VAR_500_3,4.17,2.0,481,0.834,0.4,0.3336,0.5406807131280389
517,Sys_VAR_noexpert_1,3.85,2.9,481,0.77,0.58,0.4466,0.6616296296296296
517,Sys_VAR_noexpert_2,3.85,2.4,481,0.77,0.48,0.3696,0.59136
517,Sys_VAR_noexpert_3,3.85,2.4,481,0.77,0.48,0.3696,0.59136
518,User_VAR_500_1,0.56,1.0,481,0.11200000000000002,0.2,0.022400000000000003,0.14358974358974358
518,User_VAR_500_2,0.56,1.0,481,0.11200000000000002,0.2,0.022400000000000003,0.14358974358974358
518,User_VAR_500_3,0.0,1.0,481,0.0,0.2,0.0,0.0
518,Sys_VAR_noexpert_1,1.85,1.2,481,0.37,0.24,0.08879999999999999,0.2911475409836065
518,Sys_VAR_noexpert_2,1.85,1.2,481,0.37,0.24,0.08879999999999999,0.2911475409836065
518,Sys_VAR_noexpert_3,2.15,1.8,481,0.43,0.36,0.1548,0.39189873417721516
520,User_VAR_500_1,4.29,2.0,488,0.858,0.4,0.3432,0.5456279809220985
520,User_VAR_500_2,5.0,2.0,488,1.0,0.4,0.4,0.5714285714285715
520,User_VAR_500_3,5.0,2.0,488,1.0,0.4,0.4,0.5714285714285715
520,Sys_VAR_noexpert_1,4.65,3.8,488,0.93,0.76,0.7068000000000001,0.8364497041420119
520,Sys_VAR_noexpert_2,4.92,3.85,488,0.984,0.77,0.75768,0.863945267958951
520,Sys_VAR_noexpert_3,4.65,3.8,488,0.93,0.76,0.7068000000000001,0.8364497041420119
521,User_VAR_500_1,4.38,4.0,488,0.876,0.8,0.7008000000000001,0.8362768496420048
521,User_VAR_500_2,4.38,4.0,488,0.876,0.8,0.7008000000000001,0.8362768496420048
521,User_VAR_500_3,4.38,4.0,488,0.876,0.8,0.7008000000000001,0.8362768496420048
521,Sys_VAR_noexpert_1,4.35,3.85,488,0.8699999999999999,0.77,0.6698999999999999,0.8169512195121951
521,Sys_VAR_noexpert_2,4.65,3.85,488,0.93,0.77,0.7161000000000001,0.8424705882352941
521,Sys_VAR_noexpert_3,5.0,5.0,488,1.0,1.0,1.0,1.0
526,User_VAR_500_1,5.0,1.0,488,1.0,0.2,0.2,0.33333333333333337
526,User_VAR_500_2,2.86,2.0,488,0.572,0.4,0.2288,0.47078189300411527
526,User_VAR_500_3,0.0,2.0,488,0.0,0.4,0.0,0.0
526,Sys_VAR_noexpert_1,4.92,3.65,488,0.984,0.73,0.71832,0.8381796966161027
526,Sys_VAR_noexpert_2,3.45,2.15,488,0.6900000000000001,0.43,0.2967,0.5298214285714286
526,Sys_VAR_noexpert_3,4.85,3.92,488,0.97,0.784,0.76048,0.8671379703534778
527,User_VAR_500_1,4.38,3.0,488,0.876,0.6,0.5256,0.7121951219512195
527,User_VAR_500_2,0.0,4.0,488,0.0,0.8,0.0,0.0
527,User_VAR_500_3,5.0,3.0,488,1.0,0.6,0.6,0.7499999999999999
527,Sys_VAR_noexpert_1,4.92,3.85,488,0.984,0.77,0.75768,0.863945267958951
527,Sys_VAR_noexpert_2,5.0,5.0,488,1.0,1.0,1.0,1.0
527,Sys_VAR_noexpert_3,5.0,5.0,488,1.0,1.0,1.0,1.0
528,User_VAR_500_1,5.0,3.0,488,1.0,0.6,0.6,0.7499999999999999
528,User_VAR_500_2,5.0,4.0,488,1.0,0.8,0.8,0.888888888888889
528,User_VAR_500_3,5.0,4.0,488,1.0,0.8,0.8,0.888888888888889
528,Sys_VAR_noexpert_1,5.0,5.0,488,1.0,1.0,1.0,1.0
528,Sys_VAR_noexpert_2,5.0,5.0,488,1.0,1.0,1.0,1.0
528,Sys_VAR_noexpert_3,5.0,5.0,488,1.0,1.0,1.0,1.0
531,User_VAR_500_1,3.89,3.0,499,0.778,0.6,0.4668,0.6775036284470246
531,User_VAR_500_2,3.89,3.0,499,0.778,0.6,0.4668,0.6775036284470246
531,User_VAR_500_3,3.89,4.0,499,0.778,0.8,0.6224000000000001,0.7888466413181242
531,Sys_VAR_noexpert_1,4.92,4.65,499,0.984,0.93,0.91512,0.9562382445141066
531,Sys_VAR_noexpert_2,4.15,2.85,499,0.8300000000000001,0.5700000000000001,0.4731000000000001,0.6758571428571429
531,Sys_VAR_noexpert_3,4.92,4.65,499,0.984,0.93,0.91512,0.9562382445141066
532,User_VAR_500_1,4.29,2.0,499,0.858,0.4,0.3432,0.5456279809220985
532,User_VAR_500_2,4.17,2.0,499,0.834,0.4,0.3336,0.5406807131280389
532,User_VAR_500_3,4.17,2.0,499,0.834,0.4,0.3336,0.5406807131280389
532,Sys_VAR_noexpert_1,3.85,3.42,499,0.77,0.6839999999999999,0.5266799999999999,0.7244566712517193
532,Sys_VAR_noexpert_2,4.85,3.75,499,0.97,0.75,0.7275,0.8459302325581396
532,Sys_VAR_noexpert_3,1.2,2.8,499,0.24,0.5599999999999999,0.1344,0.336
533,User_VAR_500_1,0.0,2.0,499,0.0,0.4,0.0,0.0
533,User_VAR_500_2,0.0,2.0,499,0.0,0.4,0.0,0.0
533,User_VAR_500_3,0.0,1.0,499,0.0,0.2,0.0,0.0
533,Sys_VAR_noexpert_1,0.0,5.0,499,0.0,1.0,0.0,0.0
533,Sys_VAR_noexpert_2,0.0,5.0,499,0.0,1.0,0.0,0.0
533,Sys_VAR_noexpert_3,0.0,5.0,499,0.0,1.0,0.0,0.0
536,User_VAR_500_1,1.67,1.0,499,0.33399999999999996,0.2,0.0668,0.250187265917603
536,User_VAR_500_2,1.67,2.0,499,0.33399999999999996,0.4,0.1336,0.3640326975476839
536,User_VAR_500_3,1.67,1.0,499,0.33399999999999996,0.2,0.0668,0.250187265917603
536,Sys_VAR_noexpert_1,1.25,2.1,499,0.25,0.42000000000000004,0.10500000000000001,0.31343283582089554
536,Sys_VAR_noexpert_2,0.0,2.8,499,0.0,0.5599999999999999,0.0,0.0
536,Sys_VAR_noexpert_3,0.15,1.85,499,0.03,0.37,0.011099999999999999,0.055499999999999994
537,User_VAR_500_1,5.0,3.0,499,1.0,0.6,0.6,0.7499999999999999
537,User_VAR_500_2,3.12,2.0,499,0.624,0.4,0.24960000000000002,0.48750000000000004
537,User_VAR_500_3,3.12,4.0,499,0.624,0.8,0.49920000000000003,0.7011235955056181
537,Sys_VAR_noexpert_1,2.85,1.92,499,0.5700000000000001,0.384,0.21888000000000002,0.4588679245283019
537,Sys_VAR_noexpert_2,0.85,2.1,499,0.16999999999999998,0.42000000000000004,0.0714,0.24203389830508473
537,Sys_VAR_noexpert_3,2.14,1.82,499,0.42800000000000005,0.364,0.155792,0.39341414141414144
540,User_VAR_500_1,4.17,4.0,529,0.834,0.8,0.6672,0.8166462668298654
540,User_VAR_500_2,4.29,4.0,529,0.858,0.8,0.6864,0.8279855247285887
540,User_VAR_500_3,4.38,4.0,529,0.876,0.8,0.7008000000000001,0.8362768496420048
540,Sys_VAR_noexpert_1,4.85,4.6,529,0.97,0.9199999999999999,0.8923999999999999,0.9443386243386243
540,Sys_VAR_noexpert_2,4.65,3.92,529,0.93,0.784,0.7291200000000001,0.8507817969661612
540,Sys_VAR_noexpert_3,4.85,3.92,529,0.97,0.784,0.76048,0.8671379703534778
542,User_VAR_500_1,4.38,4.0,529,0.876,0.8,0.7008000000000001,0.8362768496420048
542,User_VAR_500_2,4.38,3.0,529,0.876,0.6,0.5256,0.7121951219512195
542,User_VAR_500_3,4.38,3.0,529,0.876,0.6,0.5256,0.7121951219512195
542,Sys_VAR_noexpert_1,4.65,4.35,529,0.93,0.8699999999999999,0.8090999999999999,0.899
542,Sys_VAR_noexpert_2,4.85,5.0,529,0.97,1.0,0.97,0.9847715736040609
542,Sys_VAR_noexpert_3,4.85,5.0,529,0.97,1.0,0.97,0.9847715736040609
543,User_VAR_500_1,4.29,4.0,529,0.858,0.8,0.6864,0.8279855247285887
543,User_VAR_500_2,4.0,4.0,529,0.8,0.8,0.6400000000000001,0.8000000000000002
543,User_VAR_500_3,4.29,4.0,529,0.858,0.8,0.6864,0.8279855247285887
543,Sys_VAR_noexpert_1,4.85,2.7,529,0.97,0.54,0.5238,0.6937748344370861
543,Sys_VAR_noexpert_2,4.85,3.92,529,0.97,0.784,0.76048,0.8671379703534778
543,Sys_VAR_noexpert_3,4.65,3.8,529,0.93,0.76,0.7068000000000001,0.8364497041420119
546,User_VAR_500_1,4.29,2.0,529,0.858,0.4,0.3432,0.5456279809220985
546,User_VAR_500_2,4.29,3.0,529,0.858,0.6,0.5147999999999999,0.7061728395061727
546,User_VAR_500_3,4.29,2.0,529,0.858,0.4,0.3432,0.5456279809220985
546,Sys_VAR_noexpert_1,4.85,2.1,529,0.97,0.42000000000000004,0.40740000000000004,0.5861870503597122
546,Sys_VAR_noexpert_2,4.85,3.2,529,0.97,0.64,0.6208,0.7711801242236026
546,Sys_VAR_noexpert_3,4.85,3.2,529,0.97,0.64,0.6208,0.7711801242236026
548,User_VAR_500_1,3.75,4.0,529,0.75,0.8,0.6000000000000001,0.7741935483870969
548,User_VAR_500_2,3.75,3.0,529,0.75,0.6,0.44999999999999996,0.6666666666666665
548,User_VAR_500_3,3.75,4.0,529,0.75,0.8,0.6000000000000001,0.7741935483870969
548,Sys_VAR_noexpert_1,4.85,4.2,529,0.97,0.8400000000000001,0.8148000000000001,0.9003314917127072
548,Sys_VAR_noexpert_2,4.85,3.2,529,0.97,0.64,0.6208,0.7711801242236026
548,Sys_VAR_noexpert_3,4.85,3.2,529,0.97,0.64,0.6208,0.7711801242236026
552,User_VAR_500_1,5.0,4.0,535,1.0,0.8,0.8,0.888888888888889
552,User_VAR_500_2,4.38,2.0,535,0.876,0.4,0.35040000000000004,0.5492163009404389
552,User_VAR_500_3,4.38,4.0,535,0.876,0.8,0.7008000000000001,0.8362768496420048
552,Sys_VAR_noexpert_1,3.85,3.6,535,0.77,0.72,0.5544,0.7441610738255033
552,Sys_VAR_noexpert_2,3.85,3.42,535,0.77,0.6839999999999999,0.5266799999999999,0.7244566712517193
552,Sys_VAR_noexpert_3,3.65,3.92,535,0.73,0.784,0.57232,0.7560369881109644
553,User_VAR_500_1,4.44,4.0,535,0.8880000000000001,0.8,0.7104000000000001,0.8417061611374408
553,User_VAR_500_2,4.44,4.0,535,0.8880000000000001,0.8,0.7104000000000001,0.8417061611374408
553,User_VAR_500_3,4.44,4.0,535,0.8880000000000001,0.8,0.7104000000000001,0.8417061611374408
553,Sys_VAR_noexpert_1,4.65,5.0,535,0.93,1.0,0.93,0.9637305699481865
553,Sys_VAR_noexpert_2,4.85,5.0,535,0.97,1.0,0.97,0.9847715736040609
553,Sys_VAR_noexpert_3,4.85,5.0,535,0.97,1.0,0.97,0.9847715736040609
554,User_VAR_500_1,2.78,1.0,535,0.5559999999999999,0.2,0.1112,0.29417989417989415
554,User_VAR_500_2,2.78,2.0,535,0.5559999999999999,0.4,0.2224,0.46527196652719666
554,User_VAR_500_3,2.78,1.0,535,0.5559999999999999,0.2,0.1112,0.29417989417989415
554,Sys_VAR_noexpert_1,3.45,3.82,535,0.6900000000000001,0.764,0.5271600000000001,0.7251169188445667
554,Sys_VAR_noexpert_2,3.45,3.82,535,0.6900000000000001,0.764,0.5271600000000001,0.7251169188445667
554,Sys_VAR_noexpert_3,3.45,3.8,535,0.6900000000000001,0.76,0.5244000000000001,0.7233103448275863
556,User_VAR_500_1,4.29,4.0,535,0.858,0.8,0.6864,0.8279855247285887
556,User_VAR_500_2,4.17,4.0,535,0.834,0.8,0.6672,0.8166462668298654
556,User_VAR_500_3,4.29,4.0,535,0.858,0.8,0.6864,0.8279855247285887
556,Sys_VAR_noexpert_1,4.15,5.0,535,0.8300000000000001,1.0,0.8300000000000001,0.907103825136612
556,Sys_VAR_noexpert_2,4.15,3.85,535,0.8300000000000001,0.77,0.6391000000000001,0.7988750000000001
556,Sys_VAR_noexpert_3,3.45,3.82,535,0.6900000000000001,0.764,0.5271600000000001,0.7251169188445667
557,User_VAR_500_1,3.33,1.0,535,0.666,0.2,0.1332,0.30762124711316396
557,User_VAR_500_2,3.33,2.0,535,0.666,0.4,0.2664,0.499812382739212
557,User_VAR_500_3,3.75,1.0,535,0.75,0.2,0.15000000000000002,0.31578947368421056
557,Sys_VAR_noexpert_1,3.65,3.82,535,0.73,0.764,0.55772,0.7466131191432396
557,Sys_VAR_noexpert_2,3.85,2.4,535,0.77,0.48,0.3696,0.59136
557,Sys_VAR_noexpert_3,4.12,2.85,535,0.8240000000000001,0.5700000000000001,0.4696800000000001,0.6738593974175037
561,User_VAR_500_1,0.0,2.0,554,0.0,0.4,0.0,0.0
561,User_VAR_500_2,0.0,2.0,554,0.0,0.4,0.0,0.0
561,User_VAR_500_3,0.0,2.0,554,0.0,0.4,0.0,0.0
561,Sys_VAR_noexpert_1,5.0,2.8,554,1.0,0.5599999999999999,0.5599999999999999,0.7179487179487178
561,Sys_VAR_noexpert_2,5.0,2.8,554,1.0,0.5599999999999999,0.5599999999999999,0.7179487179487178
561,Sys_VAR_noexpert_3,5.0,2.8,554,1.0,0.5599999999999999,0.5599999999999999,0.7179487179487178
562,User_VAR_500_1,0.0,2.0,554,0.0,0.4,0.0,0.0
562,User_VAR_500_2,0.0,2.0,554,0.0,0.4,0.0,0.0
562,User_VAR_500_3,0.0,2.0,554,0.0,0.4,0.0,0.0
562,Sys_VAR_noexpert_1,5.0,3.8,554,1.0,0.76,0.76,0.8636363636363636
562,Sys_VAR_noexpert_2,0.0,3.2,554,0.0,0.64,0.0,0.0
562,Sys_VAR_noexpert_3,5.0,3.8,554,1.0,0.76,0.76,0.8636363636363636
567,User_VAR_500_1,0.0,4.0,554,0.0,0.8,0.0,0.0
567,User_VAR_500_2,0.0,3.0,554,0.0,0.6,0.0,0.0
567,User_VAR_500_3,0.0,4.0,554,0.0,0.8,0.0,0.0
567,Sys_VAR_noexpert_1,5.0,4.2,554,1.0,0.8400000000000001,0.8400000000000001,0.9130434782608696
567,Sys_VAR_noexpert_2,5.0,4.2,554,1.0,0.8400000000000001,0.8400000000000001,0.9130434782608696
567,Sys_VAR_noexpert_3,5.0,4.2,554,1.0,0.8400000000000001,0.8400000000000001,0.9130434782608696
568,User_VAR_500_1,0.0,3.0,554,0.0,0.6,0.0,0.0
568,User_VAR_500_2,0.0,4.0,554,0.0,0.8,0.0,0.0
568,User_VAR_500_3,0.0,3.0,554,0.0,0.6,0.0,0.0
568,Sys_VAR_noexpert_1,5.0,3.8,554,1.0,0.76,0.76,0.8636363636363636
568,Sys_VAR_noexpert_2,5.0,3.8,554,1.0,0.76,0.76,0.8636363636363636
568,Sys_VAR_noexpert_3,5.0,5.0,554,1.0,1.0,1.0,1.0
569,User_VAR_500_1,2.5,2.0,554,0.5,0.4,0.2,0.4444444444444445
569,User_VAR_500_2,2.5,1.0,554,0.5,0.2,0.1,0.28571428571428575
569,User_VAR_500_3,2.5,2.0,554,0.5,0.4,0.2,0.4444444444444445
569,Sys_VAR_noexpert_1,5.0,3.8,554,1.0,0.76,0.76,0.8636363636363636
569,Sys_VAR_noexpert_2,0.0,3.8,554,0.0,0.76,0.0,0.0
569,Sys_VAR_noexpert_3,5.0,3.85,554,1.0,0.77,0.77,0.8700564971751412
570,User_VAR_500_1,4.17,2.0,567,0.834,0.4,0.3336,0.5406807131280389
570,User_VAR_500_2,4.17,4.0,567,0.834,0.8,0.6672,0.8166462668298654
570,User_VAR_500_3,4.17,4.0,567,0.834,0.8,0.6672,0.8166462668298654
570,Sys_VAR_noexpert_1,4.65,3.85,567,0.93,0.77,0.7161000000000001,0.8424705882352941
570,Sys_VAR_noexpert_2,4.65,5.0,567,0.93,1.0,0.93,0.9637305699481865
570,Sys_VAR_noexpert_3,5.0,5.0,567,1.0,1.0,1.0,1.0
572,User_VAR_500_1,5.0,2.0,567,1.0,0.4,0.4,0.5714285714285715
572,User_VAR_500_2,3.12,2.0,567,0.624,0.4,0.24960000000000002,0.48750000000000004
572,User_VAR_500_3,5.0,2.0,567,1.0,0.4,0.4,0.5714285714285715
572,Sys_VAR_noexpert_1,4.15,1.2,567,0.8300000000000001,0.24,0.19920000000000002,0.37233644859813086
572,Sys_VAR_noexpert_2,4.85,1.2,567,0.97,0.24,0.23279999999999998,0.384793388429752
572,Sys_VAR_noexpert_3,4.15,1.85,567,0.8300000000000001,0.37,0.30710000000000004,0.5118333333333334
573,User_VAR_500_1,3.75,3.0,567,0.75,0.6,0.44999999999999996,0.6666666666666665
573,User_VAR_500_2,3.12,2.0,567,0.624,0.4,0.24960000000000002,0.48750000000000004
573,User_VAR_500_3,3.12,2.0,567,0.624,0.4,0.24960000000000002,0.48750000000000004
573,Sys_VAR_noexpert_1,3.42,2.85,567,0.6839999999999999,0.5700000000000001,0.38988,0.6218181818181818
573,Sys_VAR_noexpert_2,3.85,2.9,567,0.77,0.58,0.4466,0.6616296296296296
573,Sys_VAR_noexpert_3,3.85,2.9,567,0.77,0.58,0.4466,0.6616296296296296
575,User_VAR_500_1,5.0,4.0,567,1.0,0.8,0.8,0.888888888888889
575,User_VAR_500_2,5.0,4.0,567,1.0,0.8,0.8,0.888888888888889
575,User_VAR_500_3,5.0,4.0,567,1.0,0.8,0.8,0.888888888888889
575,Sys_VAR_noexpert_1,5.0,5.0,567,1.0,1.0,1.0,1.0
575,Sys_VAR_noexpert_2,5.0,5.0,567,1.0,1.0,1.0,1.0
575,Sys_VAR_noexpert_3,5.0,5.0,567,1.0,1.0,1.0,1.0
578,User_VAR_500_1,5.0,2.0,567,1.0,0.4,0.4,0.5714285714285715
578,User_VAR_500_2,5.0,2.0,567,1.0,0.4,0.4,0.5714285714285715
578,User_VAR_500_3,5.0,1.0,567,1.0,0.2,0.2,0.33333333333333337
578,Sys_VAR_noexpert_1,4.65,3.85,567,0.93,0.77,0.7161000000000001,0.8424705882352941
578,Sys_VAR_noexpert_2,4.65,4.35,567,0.93,0.8699999999999999,0.8090999999999999,0.899
578,Sys_VAR_noexpert_3,4.65,4.75,567,0.93,0.95,0.8835,0.9398936170212766
580,User_VAR_500_1,5.0,2.0,575,1.0,0.4,0.4,0.5714285714285715
580,User_VAR_500_2,5.0,3.0,575,1.0,0.6,0.6,0.7499999999999999
580,User_VAR_500_3,5.0,2.0,575,1.0,0.4,0.4,0.5714285714285715
580,Sys_VAR_noexpert_1,4.85,3.2,575,0.97,0.64,0.6208,0.7711801242236026
580,Sys_VAR_noexpert_2,4.85,3.75,575,0.97,0.75,0.7275,0.8459302325581396
580,Sys_VAR_noexpert_3,4.85,3.6,575,0.97,0.72,0.6983999999999999,0.8265088757396449
584,User_VAR_500_1,5.0,4.0,575,1.0,0.8,0.8,0.888888888888889
584,User_VAR_500_2,5.0,4.0,575,1.0,0.8,0.8,0.888888888888889
584,User_VAR_500_3,5.0,4.0,575,1.0,0.8,0.8,0.888888888888889
584,Sys_VAR_noexpert_1,4.65,3.85,575,0.93,0.77,0.7161000000000001,0.8424705882352941
584,Sys_VAR_noexpert_2,3.85,4.2,575,0.77,0.8400000000000001,0.6468,0.8034782608695652
584,Sys_VAR_noexpert_3,3.85,4.12,575,0.77,0.8240000000000001,0.63448,0.7960853199498118
586,User_VAR_500_1,4.38,3.0,575,0.876,0.6,0.5256,0.7121951219512195
586,User_VAR_500_2,4.38,3.0,575,0.876,0.6,0.5256,0.7121951219512195
586,User_VAR_500_3,4.38,4.0,575,0.876,0.8,0.7008000000000001,0.8362768496420048
586,Sys_VAR_noexpert_1,5.0,5.0,575,1.0,1.0,1.0,1.0
586,Sys_VAR_noexpert_2,4.92,3.85,575,0.984,0.77,0.75768,0.863945267958951
586,Sys_VAR_noexpert_3,5.0,5.0,575,1.0,1.0,1.0,1.0
587,User_VAR_500_1,5.0,3.0,575,1.0,0.6,0.6,0.7499999999999999
587,User_VAR_500_2,5.0,2.0,575,1.0,0.4,0.4,0.5714285714285715
587,User_VAR_500_3,5.0,3.0,575,1.0,0.6,0.6,0.7499999999999999
587,Sys_VAR_noexpert_1,5.0,4.2,575,1.0,0.8400000000000001,0.8400000000000001,0.9130434782608696
587,Sys_VAR_noexpert_2,4.92,3.85,575,0.984,0.77,0.75768,0.863945267958951
587,Sys_VAR_noexpert_3,4.92,3.65,575,0.984,0.73,0.71832,0.8381796966161027
589,User_VAR_500_1,5.0,2.0,575,1.0,0.4,0.4,0.5714285714285715
589,User_VAR_500_2,5.0,2.0,575,1.0,0.4,0.4,0.5714285714285715
589,User_VAR_500_3,5.0,2.0,575,1.0,0.4,0.4,0.5714285714285715
589,Sys_VAR_noexpert_1,4.85,2.9,575,0.97,0.58,0.5626,0.7259354838709678
589,Sys_VAR_noexpert_2,4.85,2.9,575,0.97,0.58,0.5626,0.7259354838709678
589,Sys_VAR_noexpert_3,4.85,1.2,575,0.97,0.24,0.23279999999999998,0.384793388429752
590,User_VAR_500_1,5.0,2.0,585,1.0,0.4,0.4,0.5714285714285715
590,User_VAR_500_2,5.0,3.0,585,1.0,0.6,0.6,0.7499999999999999
590,User_VAR_500_3,5.0,2.0,585,1.0,0.4,0.4,0.5714285714285715
590,Sys_VAR_noexpert_1,4.85,4.92,585,0.97,0.984,0.95448,0.976949846468782
590,Sys_VAR_noexpert_2,4.85,2.6,585,0.97,0.52,0.5044,0.6770469798657718
590,Sys_VAR_noexpert_3,4.85,5.0,585,0.97,1.0,0.97,0.9847715736040609
591,User_VAR_500_1,0.0,2.0,585,0.0,0.4,0.0,0.0
591,User_VAR_500_2,2.86,2.0,585,0.572,0.4,0.2288,0.47078189300411527
591,User_VAR_500_3,0.0,2.0,585,0.0,0.4,0.0,0.0
591,Sys_VAR_noexpert_1,3.45,2.85,585,0.6900000000000001,0.5700000000000001,0.3933000000000001,0.6242857142857143
591,Sys_VAR_noexpert_2,2.15,1.85,585,0.43,0.37,0.1591,0.39774999999999994
591,Sys_VAR_noexpert_3,3.85,2.9,585,0.77,0.58,0.4466,0.6616296296296296
592,User_VAR_500_1,3.75,2.0,585,0.75,0.4,0.30000000000000004,0.5217391304347827
592,User_VAR_500_2,0.0,1.0,585,0.0,0.2,0.0,0.0
592,User_VAR_500_3,0.0,2.0,585,0.0,0.4,0.0,0.0
592,Sys_VAR_noexpert_1,1.85,1.2,585,0.37,0.24,0.08879999999999999,0.2911475409836065
592,Sys_VAR_noexpert_2,1.85,0.92,585,0.37,0.184,0.06808,0.24577617328519855
592,Sys_VAR_noexpert_3,1.85,1.2,585,0.37,0.24,0.08879999999999999,0.2911475409836065
596,User_VAR_500_1,1.43,2.0,585,0.286,0.4,0.1144,0.3335276967930029
596,User_VAR_500_2,1.43,2.0,585,0.286,0.4,0.1144,0.3335276967930029
596,User_VAR_500_3,1.43,1.0,585,0.286,0.2,0.0572,0.23539094650205764
596,Sys_VAR_noexpert_1,1.2,1.8,585,0.24,0.36,0.08639999999999999,0.288
596,Sys_VAR_noexpert_2,1.25,1.8,585,0.25,0.36,0.09,0.29508196721311475
596,Sys_VAR_noexpert_3,1.2,1.8,585,0.24,0.36,0.08639999999999999,0.288
597,User_VAR_500_1,0.0,1.0,585,0.0,0.2,0.0,0.0
597,User_VAR_500_2,0.0,1.0,585,0.0,0.2,0.0,0.0
597,User_VAR_500_3,0.0,1.0,585,0.0,0.2,0.0,0.0
597,Sys_VAR_noexpert_1,0.0,1.8,585,0.0,0.36,0.0,0.0
597,Sys_VAR_noexpert_2,0.0,5.0,585,0.0,1.0,0.0,0.0
597,Sys_VAR_noexpert_3,1.25,2.8,585,0.25,0.5599999999999999,0.13999999999999999,0.345679012345679
600,User_VAR_500_1,5.0,3.0,590,1.0,0.6,0.6,0.7499999999999999
600,User_VAR_500_2,5.0,3.0,590,1.0,0.6,0.6,0.7499999999999999
600,User_VAR_500_3,5.0,3.0,590,1.0,0.6,0.6,0.7499999999999999
600,Sys_VAR_noexpert_1,4.85,2.8,590,0.97,0.5599999999999999,0.5431999999999999,0.7100653594771241
600,Sys_VAR_noexpert_2,4.85,2.1,590,0.97,0.42000000000000004,0.40740000000000004,0.5861870503597122
600,Sys_VAR_noexpert_3,4.85,2.1,590,0.97,0.42000000000000004,0.40740000000000004,0.5861870503597122
601,User_VAR_500_1,3.0,3.0,590,0.6,0.6,0.36,0.6
601,User_VAR_500_2,3.0,3.0,590,0.6,0.6,0.36,0.6
601,User_VAR_500_3,5.0,3.0,590,1.0,0.6,0.6,0.7499999999999999
601,Sys_VAR_noexpert_1,4.85,2.9,590,0.97,0.58,0.5626,0.7259354838709678
601,Sys_VAR_noexpert_2,4.85,2.1,590,0.97,0.42000000000000004,0.40740000000000004,0.5861870503597122
601,Sys_VAR_noexpert_3,4.85,2.1,590,0.97,0.42000000000000004,0.40740000000000004,0.5861870503597122
603,User_VAR_500_1,1.0,1.0,590,0.2,0.2,0.04000000000000001,0.20000000000000004
603,User_VAR_500_2,1.0,1.0,590,0.2,0.2,0.04000000000000001,0.20000000000000004
603,User_VAR_500_3,2.5,1.0,590,0.5,0.2,0.1,0.28571428571428575
603,Sys_VAR_noexpert_1,1.85,2.4,590,0.37,0.48,0.17759999999999998,0.4178823529411764
603,Sys_VAR_noexpert_2,1.24,2.85,590,0.248,0.5700000000000001,0.14136,0.3456234718826406
603,Sys_VAR_noexpert_3,1.24,2.85,590,0.248,0.5700000000000001,0.14136,0.3456234718826406
607,User_VAR_500_1,4.0,2.0,590,0.8,0.4,0.32000000000000006,0.5333333333333333
607,User_VAR_500_2,4.0,2.0,590,0.8,0.4,0.32000000000000006,0.5333333333333333
607,User_VAR_500_3,4.0,2.0,590,0.8,0.4,0.32000000000000006,0.5333333333333333
607,Sys_VAR_noexpert_1,4.85,2.15,590,0.97,0.43,0.41709999999999997,0.5958571428571429
607,Sys_VAR_noexpert_2,3.15,1.85,590,0.63,0.37,0.2331,0.4662
607,Sys_VAR_noexpert_3,3.85,2.15,590,0.77,0.43,0.3311,0.5518333333333334
609,User_VAR_500_1,5.0,3.0,590,1.0,0.6,0.6,0.7499999999999999
609,User_VAR_500_2,5.0,3.0,590,1.0,0.6,0.6,0.7499999999999999
609,User_VAR_500_3,3.75,4.0,590,0.75,0.8,0.6000000000000001,0.7741935483870969
609,Sys_VAR_noexpert_1,4.65,2.85,590,0.93,0.5700000000000001,0.5301000000000001,0.7068000000000002
609,Sys_VAR_noexpert_2,4.35,3.85,590,0.8699999999999999,0.77,0.6698999999999999,0.8169512195121951
609,Sys_VAR_noexpert_3,4.85,2.8,590,0.97,0.5599999999999999,0.5431999999999999,0.7100653594771241
610,User_VAR_500_1,0.0,1.0,605,0.0,0.2,0.0,0.0
610,User_VAR_500_2,0.0,2.0,605,0.0,0.4,0.0,0.0
610,User_VAR_500_3,0.0,1.0,605,0.0,0.2,0.0,0.0
610,Sys_VAR_noexpert_1,0.12,2.85,605,0.024,0.5700000000000001,0.013680000000000001,0.04606060606060606
610,Sys_VAR_noexpert_2,0.0,1.2,605,0.0,0.24,0.0,0.0
610,Sys_VAR_noexpert_3,0.0,0.0,605,0.0,0.0,0.0,0.0
613,User_VAR_500_1,4.29,2.0,605,0.858,0.4,0.3432,0.5456279809220985
613,User_VAR_500_2,4.29,4.0,605,0.858,0.8,0.6864,0.8279855247285887
613,User_VAR_500_3,4.38,3.0,605,0.876,0.6,0.5256,0.7121951219512195
613,Sys_VAR_noexpert_1,4.2,3.8,605,0.8400000000000001,0.76,0.6384000000000001,0.798
613,Sys_VAR_noexpert_2,4.2,3.8,605,0.8400000000000001,0.76,0.6384000000000001,0.798
613,Sys_VAR_noexpert_3,4.2,3.8,605,0.8400000000000001,0.76,0.6384000000000001,0.798
614,User_VAR_500_1,4.38,3.0,605,0.876,0.6,0.5256,0.7121951219512195
614,User_VAR_500_2,4.29,3.0,605,0.858,0.6,0.5147999999999999,0.7061728395061727
614,User_VAR_500_3,4.29,3.0,605,0.858,0.6,0.5147999999999999,0.7061728395061727
614,Sys_VAR_noexpert_1,4.2,3.8,605,0.8400000000000001,0.76,0.6384000000000001,0.798
614,Sys_VAR_noexpert_2,4.35,4.12,605,0.8699999999999999,0.8240000000000001,0.71688,0.846375442739079
614,Sys_VAR_noexpert_3,4.35,3.85,605,0.8699999999999999,0.77,0.6698999999999999,0.8169512195121951
617,User_VAR_500_1,3.57,1.0,605,0.714,0.2,0.1428,0.31247264770240707
617,User_VAR_500_2,4.29,2.0,605,0.858,0.4,0.3432,0.5456279809220985
617,User_VAR_500_3,3.75,3.0,605,0.75,0.6,0.44999999999999996,0.6666666666666665
617,Sys_VAR_noexpert_1,3.85,2.15,605,0.77,0.43,0.3311,0.5518333333333334
617,Sys_VAR_noexpert_2,4.12,2.85,605,0.8240000000000001,0.5700000000000001,0.4696800000000001,0.6738593974175037
617,Sys_VAR_noexpert_3,2.15,2.8,605,0.43,0.5599999999999999,0.24079999999999996,0.4864646464646464
619,User_VAR_500_1,1.88,3.0,605,0.376,0.6,0.2256,0.46229508196721314
619,User_VAR_500_2,1.88,3.0,605,0.376,0.6,0.2256,0.46229508196721314
619,User_VAR_500_3,1.88,1.0,605,0.376,0.2,0.0752,0.26111111111111107
619,Sys_VAR_noexpert_1,0.0,3.8,605,0.0,0.76,0.0,0.0
619,Sys_VAR_noexpert_2,0.0,3.5,605,0.0,0.7,0.0,0.0
619,Sys_VAR_noexpert_3,0.2,3.8,605,0.04,0.76,0.0304,0.076
621,User_VAR_500_1,4.17,4.0,606,0.834,0.8,0.6672,0.8166462668298654
621,User_VAR_500_2,4.44,4.0,606,0.8880000000000001,0.8,0.7104000000000001,0.8417061611374408
621,User_VAR_500_3,4.44,3.0,606,0.8880000000000001,0.6,0.5328,0.7161290322580646
621,Sys_VAR_noexpert_1,4.85,3.92,606,0.97,0.784,0.76048,0.8671379703534778
621,Sys_VAR_noexpert_2,5.0,3.8,606,1.0,0.76,0.76,0.8636363636363636
621,Sys_VAR_noexpert_3,4.65,3.95,606,0.93,0.79,0.7347,0.8543023255813953
622,User_VAR_500_1,5.0,4.0,606,1.0,0.8,0.8,0.888888888888889
622,User_VAR_500_2,4.44,4.0,606,0.8880000000000001,0.8,0.7104000000000001,0.8417061611374408
622,User_VAR_500_3,5.0,2.0,606,1.0,0.4,0.4,0.5714285714285715
622,Sys_VAR_noexpert_1,4.65,2.85,606,0.93,0.5700000000000001,0.5301000000000001,0.7068000000000002
622,Sys_VAR_noexpert_2,4.92,4.65,606,0.984,0.93,0.91512,0.9562382445141066
622,Sys_VAR_noexpert_3,3.45,3.82,606,0.6900000000000001,0.764,0.5271600000000001,0.7251169188445667
625,User_VAR_500_1,0.0,1.0,606,0.0,0.2,0.0,0.0
625,User_VAR_500_2,0.0,1.0,606,0.0,0.2,0.0,0.0
625,User_VAR_500_3,0.0,1.0,606,0.0,0.2,0.0,0.0
625,Sys_VAR_noexpert_1,0.15,2.85,606,0.03,0.5700000000000001,0.0171,0.056999999999999995
625,Sys_VAR_noexpert_2,0.15,2.85,606,0.03,0.5700000000000001,0.0171,0.056999999999999995
625,Sys_VAR_noexpert_3,0.85,2.1,606,0.16999999999999998,0.42000000000000004,0.0714,0.24203389830508473
626,User_VAR_500_1,5.0,2.0,606,1.0,0.4,0.4,0.5714285714285715
626,User_VAR_500_2,5.0,4.0,606,1.0,0.8,0.8,0.888888888888889
626,User_VAR_500_3,5.0,4.0,606,1.0,0.8,0.8,0.888888888888889
626,Sys_VAR_noexpert_1,4.85,3.65,606,0.97,0.73,0.7081,0.8330588235294117
626,Sys_VAR_noexpert_2,4.85,3.2,606,0.97,0.64,0.6208,0.7711801242236026
626,Sys_VAR_noexpert_3,4.85,3.2,606,0.97,0.64,0.6208,0.7711801242236026
628,User_VAR_500_1,4.44,4.0,606,0.8880000000000001,0.8,0.7104000000000001,0.8417061611374408
628,User_VAR_500_2,5.0,3.0,606,1.0,0.6,0.6,0.7499999999999999
628,User_VAR_500_3,5.0,3.0,606,1.0,0.6,0.6,0.7499999999999999
628,Sys_VAR_noexpert_1,4.92,3.65,606,0.984,0.73,0.71832,0.8381796966161027
628,Sys_VAR_noexpert_2,4.92,3.85,606,0.984,0.77,0.75768,0.863945267958951
628,Sys_VAR_noexpert_3,4.92,3.85,606,0.984,0.77,0.75768,0.863945267958951
631,User_VAR_500_1,3.75,4.0,626,0.75,0.8,0.6000000000000001,0.7741935483870969
631,User_VAR_500_2,5.0,4.0,626,1.0,0.8,0.8,0.888888888888889
631,User_VAR_500_3,3.75,4.0,626,0.75,0.8,0.6000000000000001,0.7741935483870969
631,Sys_VAR_noexpert_1,4.85,4.6,626,0.97,0.9199999999999999,0.8923999999999999,0.9443386243386243
631,Sys_VAR_noexpert_2,4.85,3.65,626,0.97,0.73,0.7081,0.8330588235294117
631,Sys_VAR_noexpert_3,4.85,3.92,626,0.97,0.784,0.76048,0.8671379703534778
633,User_VAR_500_1,1.88,3.0,626,0.376,0.6,0.2256,0.46229508196721314
633,User_VAR_500_2,3.12,3.0,626,0.624,0.6,0.3744,0.611764705882353
633,User_VAR_500_3,5.0,3.0,626,1.0,0.6,0.6,0.7499999999999999
633,Sys_VAR_noexpert_1,3.85,2.1,626,0.77,0.42000000000000004,0.3234,0.5435294117647059
633,Sys_VAR_noexpert_2,3.85,2.9,626,0.77,0.58,0.4466,0.6616296296296296
633,Sys_VAR_noexpert_3,3.42,2.85,626,0.6839999999999999,0.5700000000000001,0.38988,0.6218181818181818
634,User_VAR_500_1,4.38,2.0,626,0.876,0.4,0.35040000000000004,0.5492163009404389
634,User_VAR_500_2,5.0,2.0,626,1.0,0.4,0.4,0.5714285714285715
634,User_VAR_500_3,5.0,2.0,626,1.0,0.4,0.4,0.5714285714285715
634,Sys_VAR_noexpert_1,4.15,2.85,626,0.8300000000000001,0.5700000000000001,0.4731000000000001,0.6758571428571429
634,Sys_VAR_noexpert_2,4.85,1.2,626,0.97,0.24,0.23279999999999998,0.384793388429752
634,Sys_VAR_noexpert_3,4.85,1.2,626,0.97,0.24,0.23279999999999998,0.384793388429752
635,User_VAR_500_1,5.0,2.0,626,1.0,0.4,0.4,0.5714285714285715
635,User_VAR_500_2,0.62,2.0,626,0.124,0.4,0.049600000000000005,0.18931297709923664
635,User_VAR_500_3,5.0,2.0,626,1.0,0.4,0.4,0.5714285714285715
635,Sys_VAR_noexpert_1,3.85,2.9,626,0.77,0.58,0.4466,0.6616296296296296
635,Sys_VAR_noexpert_2,2.15,1.85,626,0.43,0.37,0.1591,0.39774999999999994
635,Sys_VAR_noexpert_3,1.85,1.92,626,0.37,0.384,0.14208,0.37687002652519896
638,User_VAR_500_1,0.0,2.0,626,0.0,0.4,0.0,0.0
638,User_VAR_500_2,0.0,2.0,626,0.0,0.4,0.0,0.0
638,User_VAR_500_3,0.0,2.0,626,0.0,0.4,0.0,0.0
638,Sys_VAR_noexpert_1,0.12,3.85,626,0.024,0.77,0.01848,0.046549118387909316
638,Sys_VAR_noexpert_2,2.85,1.92,626,0.5700000000000001,0.384,0.21888000000000002,0.4588679245283019
638,Sys_VAR_noexpert_3,2.15,1.8,626,0.43,0.36,0.1548,0.39189873417721516
640,User_VAR_500_1,5.0,3.0,632,1.0,0.6,0.6,0.7499999999999999
640,User_VAR_500_2,5.0,3.0,632,1.0,0.6,0.6,0.7499999999999999
640,User_VAR_500_3,5.0,3.0,632,1.0,0.6,0.6,0.7499999999999999
640,Sys_VAR_noexpert_1,5.0,5.0,632,1.0,1.0,1.0,1.0
640,Sys_VAR_noexpert_2,5.0,5.0,632,1.0,1.0,1.0,1.0
640,Sys_VAR_noexpert_3,4.85,3.2,632,0.97,0.64,0.6208,0.7711801242236026
644,User_VAR_500_1,0.71,2.0,632,0.142,0.4,0.056799999999999996,0.20959409594095937
644,User_VAR_500_2,0.71,2.0,632,0.142,0.4,0.056799999999999996,0.20959409594095937
644,User_VAR_500_3,2.86,1.0,632,0.572,0.2,0.1144,0.29637305699481864
644,Sys_VAR_noexpert_1,1.85,1.2,632,0.37,0.24,0.08879999999999999,0.2911475409836065
644,Sys_VAR_noexpert_2,1.2,1.8,632,0.24,0.36,0.08639999999999999,0.288
644,Sys_VAR_noexpert_3,1.2,0.8,632,0.24,0.16,0.0384,0.19199999999999998
645,User_VAR_500_1,4.38,4.0,632,0.876,0.8,0.7008000000000001,0.8362768496420048
645,User_VAR_500_2,4.38,4.0,632,0.876,0.8,0.7008000000000001,0.8362768496420048
645,User_VAR_500_3,4.38,3.0,632,0.876,0.6,0.5256,0.7121951219512195
645,Sys_VAR_noexpert_1,4.85,3.65,632,0.97,0.73,0.7081,0.8330588235294117
645,Sys_VAR_noexpert_2,4.85,3.92,632,0.97,0.784,0.76048,0.8671379703534778
645,Sys_VAR_noexpert_3,4.85,3.65,632,0.97,0.73,0.7081,0.8330588235294117
646,User_VAR_500_1,4.38,2.0,632,0.876,0.4,0.35040000000000004,0.5492163009404389
646,User_VAR_500_2,4.38,3.0,632,0.876,0.6,0.5256,0.7121951219512195
646,User_VAR_500_3,4.38,3.0,632,0.876,0.6,0.5256,0.7121951219512195
646,Sys_VAR_noexpert_1,4.85,4.35,632,0.97,0.8699999999999999,0.8438999999999999,0.9172826086956521
646,Sys_VAR_noexpert_2,4.85,4.6,632,0.97,0.9199999999999999,0.8923999999999999,0.9443386243386243
646,Sys_VAR_noexpert_3,4.85,4.6,632,0.97,0.9199999999999999,0.8923999999999999,0.9443386243386243
647,User_VAR_500_1,4.38,2.0,632,0.876,0.4,0.35040000000000004,0.5492163009404389
647,User_VAR_500_2,4.38,4.0,632,0.876,0.8,0.7008000000000001,0.8362768496420048
647,User_VAR_500_3,5.0,4.0,632,1.0,0.8,0.8,0.888888888888889
647,Sys_VAR_noexpert_1,3.85,4.1,632,0.77,0.82,0.6314,0.7942138364779875
647,Sys_VAR_noexpert_2,4.92,4.65,632,0.984,0.93,0.91512,0.9562382445141066
647,Sys_VAR_noexpert_3,4.92,3.85,632,0.984,0.77,0.75768,0.863945267958951
650,User_VAR_500_1,4.38,1.0,633,0.876,0.2,0.17520000000000002,0.32565055762081785
650,User_VAR_500_2,1.67,1.0,633,0.33399999999999996,0.2,0.0668,0.250187265917603
650,User_VAR_500_3,1.25,1.0,633,0.25,0.2,0.05,0.22222222222222224
650,Sys_VAR_noexpert_1,2.15,1.85,633,0.43,0.37,0.1591,0.39774999999999994
650,Sys_VAR_noexpert_2,3.85,2.15,633,0.77,0.43,0.3311,0.5518333333333334
650,Sys_VAR_noexpert_3,3.2,1.8,633,0.64,0.36,0.2304,0.4608
651,User_VAR_500_1,3.33,2.0,633,0.666,0.4,0.2664,0.499812382739212
651,User_VAR_500_2,5.0,2.0,633,1.0,0.4,0.4,0.5714285714285715
651,User_VAR_500_3,3.33,3.0,633,0.666,0.6,0.3996,0.6312796208530805
651,Sys_VAR_noexpert_1,3.85,3.92,633,0.77,0.784,0.60368,0.7769369369369369
651,Sys_VAR_noexpert_2,3.85,2.9,633,0.77,0.58,0.4466,0.6616296296296296
651,Sys_VAR_noexpert_3,4.15,3.85,633,0.8300000000000001,0.77,0.6391000000000001,0.7988750000000001
654,User_VAR_500_1,3.75,2.0,633,0.75,0.4,0.30000000000000004,0.5217391304347827
654,User_VAR_500_2,5.0,2.0,633,1.0,0.4,0.4,0.5714285714285715
654,User_VAR_500_3,5.0,2.0,633,1.0,0.4,0.4,0.5714285714285715
654,Sys_VAR_noexpert_1,4.85,3.2,633,0.97,0.64,0.6208,0.7711801242236026
654,Sys_VAR_noexpert_2,5.0,2.8,633,1.0,0.5599999999999999,0.5599999999999999,0.7179487179487178
654,Sys_VAR_noexpert_3,4.92,2.85,633,0.984,0.5700000000000001,0.56088,0.7218532818532819
657,User_VAR_500_1,3.33,4.0,633,0.666,0.8,0.5328,0.7268758526603001
657,User_VAR_500_2,3.89,2.0,633,0.778,0.4,0.31120000000000003,0.5283531409168082
657,User_VAR_500_3,3.33,2.0,633,0.666,0.4,0.2664,0.499812382739212
657,Sys_VAR_noexpert_1,3.42,2.85,633,0.6839999999999999,0.5700000000000001,0.38988,0.6218181818181818
657,Sys_VAR_noexpert_2,3.85,2.9,633,0.77,0.58,0.4466,0.6616296296296296
657,Sys_VAR_noexpert_3,3.85,2.9,633,0.77,0.58,0.4466,0.6616296296296296
659,User_VAR_500_1,4.38,4.0,633,0.876,0.8,0.7008000000000001,0.8362768496420048
659,User_VAR_500_2,5.0,4.0,633,1.0,0.8,0.8,0.888888888888889
659,User_VAR_500_3,4.38,4.0,633,0.876,0.8,0.7008000000000001,0.8362768496420048
659,Sys_VAR_noexpert_1,4.92,4.65,633,0.984,0.93,0.91512,0.9562382445141066
659,Sys_VAR_noexpert_2,4.65,4.2,633,0.93,0.8400000000000001,0.7812000000000001,0.8827118644067797
659,Sys_VAR_noexpert_3,4.92,4.65,633,0.984,0.93,0.91512,0.9562382445141066
661,User_VAR_500_1,3.12,2.0,634,0.624,0.4,0.24960000000000002,0.48750000000000004
661,User_VAR_500_2,3.12,2.0,634,0.624,0.4,0.24960000000000002,0.48750000000000004
661,User_VAR_500_3,3.12,2.0,634,0.624,0.4,0.24960000000000002,0.48750000000000004
661,Sys_VAR_noexpert_1,4.85,3.92,634,0.97,0.784,0.76048,0.8671379703534778
661,Sys_VAR_noexpert_2,4.35,3.92,634,0.8699999999999999,0.784,0.6820799999999999,0.8247642079806529
661,Sys_VAR_noexpert_3,3.85,3.92,634,0.77,0.784,0.60368,0.7769369369369369
662,User_VAR_500_1,2.14,2.0,634,0.42800000000000005,0.4,0.17120000000000002,0.41352657004830917
662,User_VAR_500_2,5.0,2.0,634,1.0,0.4,0.4,0.5714285714285715
662,User_VAR_500_3,5.0,2.0,634,1.0,0.4,0.4,0.5714285714285715
662,Sys_VAR_noexpert_1,3.45,3.82,634,0.6900000000000001,0.764,0.5271600000000001,0.7251169188445667
662,Sys_VAR_noexpert_2,3.45,2.85,634,0.6900000000000001,0.5700000000000001,0.3933000000000001,0.6242857142857143
662,Sys_VAR_noexpert_3,3.45,3.82,634,0.6900000000000001,0.764,0.5271600000000001,0.7251169188445667
663,User_VAR_500_1,0.0,2.0,634,0.0,0.4,0.0,0.0
663,User_VAR_500_2,0.0,2.0,634,0.0,0.4,0.0,0.0
663,User_VAR_500_3,0.0,2.0,634,0.0,0.4,0.0,0.0
663,Sys_VAR_noexpert_1,1.2,2.8,634,0.24,0.5599999999999999,0.1344,0.336
663,Sys_VAR_noexpert_2,1.2,3.8,634,0.24,0.76,0.1824,0.3648
663,Sys_VAR_noexpert_3,1.85,3.62,634,0.37,0.724,0.26788,0.48972577696526515
664,User_VAR_500_1,5.0,4.0,634,1.0,0.8,0.8,0.888888888888889
664,User_VAR_500_2,2.5,2.0,634,0.5,0.4,0.2,0.4444444444444445
664,User_VAR_500_3,1.11,2.0,634,0.22200000000000003,0.4,0.08880000000000002,0.28553054662379423
664,Sys_VAR_noexpert_1,3.85,3.92,634,0.77,0.784,0.60368,0.7769369369369369
664,Sys_VAR_noexpert_2,2.85,3.42,634,0.5700000000000001,0.6839999999999999,0.38988,0.6218181818181818
664,Sys_VAR_noexpert_3,2.85,3.4,634,0.5700000000000001,0.6799999999999999,0.3876,0.62016
668,User_VAR_500_1,3.75,3.0,634,0.75,0.6,0.44999999999999996,0.6666666666666665
668,User_VAR_500_2,3.0,3.0,634,0.6,0.6,0.36,0.6
668,User_VAR_500_3,3.75,3.0,634,0.75,0.6,0.44999999999999996,0.6666666666666665
668,Sys_VAR_noexpert_1,3.45,4.65,634,0.6900000000000001,0.93,0.6417,0.7922222222222223
668,Sys_VAR_noexpert_2,4.85,5.0,634,0.97,1.0,0.97,0.9847715736040609
668,Sys_VAR_noexpert_3,3.45,4.15,634,0.6900000000000001,0.8300000000000001,0.5727000000000001,0.7535526315789475
671,User_VAR_500_1,5.0,3.0,645,1.0,0.6,0.6,0.7499999999999999
671,User_VAR_500_2,3.33,3.0,645,0.666,0.6,0.3996,0.6312796208530805
671,User_VAR_500_3,2.5,3.0,645,0.5,0.6,0.3,0.5454545454545454
671,Sys_VAR_noexpert_1,3.85,4.2,645,0.77,0.8400000000000001,0.6468,0.8034782608695652
671,Sys_VAR_noexpert_2,3.45,3.8,645,0.6900000000000001,0.76,0.5244000000000001,0.7233103448275863
671,Sys_VAR_noexpert_3,3.85,4.2,645,0.77,0.8400000000000001,0.6468,0.8034782608695652
672,User_VAR_500_1,4.29,3.0,645,0.858,0.6,0.5147999999999999,0.7061728395061727
672,User_VAR_500_2,4.38,2.0,645,0.876,0.4,0.35040000000000004,0.5492163009404389
672,User_VAR_500_3,4.29,4.0,645,0.858,0.8,0.6864,0.8279855247285887
672,Sys_VAR_noexpert_1,4.12,2.85,645,0.8240000000000001,0.5700000000000001,0.4696800000000001,0.6738593974175037
672,Sys_VAR_noexpert_2,3.45,3.82,645,0.6900000000000001,0.764,0.5271600000000001,0.7251169188445667
672,Sys_VAR_noexpert_3,3.65,4.12,645,0.73,0.8240000000000001,0.60152,0.7741570141570142
673,User_VAR_500_1,4.38,3.0,645,0.876,0.6,0.5256,0.7121951219512195
673,User_VAR_500_2,4.38,3.0,645,0.876,0.6,0.5256,0.7121951219512195
673,User_VAR_500_3,5.0,2.0,645,1.0,0.4,0.4,0.5714285714285715
673,Sys_VAR_noexpert_1,5.0,4.8,645,1.0,0.96,0.96,0.9795918367346939
673,Sys_VAR_noexpert_2,5.0,3.85,645,1.0,0.77,0.77,0.8700564971751412
673,Sys_VAR_noexpert_3,5.0,4.65,645,1.0,0.93,0.93,0.9637305699481865
675,User_VAR_500_1,5.0,2.0,645,1.0,0.4,0.4,0.5714285714285715
675,User_VAR_500_2,5.0,2.0,645,1.0,0.4,0.4,0.5714285714285715
675,User_VAR_500_3,5.0,3.0,645,1.0,0.6,0.6,0.7499999999999999
675,Sys_VAR_noexpert_1,4.65,3.85,645,0.93,0.77,0.7161000000000001,0.8424705882352941
675,Sys_VAR_noexpert_2,4.65,3.42,645,0.93,0.6839999999999999,0.63612,0.7882527881040893
675,Sys_VAR_noexpert_3,4.65,3.92,645,0.93,0.784,0.7291200000000001,0.8507817969661612
679,User_VAR_500_1,5.0,2.0,645,1.0,0.4,0.4,0.5714285714285715
679,User_VAR_500_2,5.0,2.0,645,1.0,0.4,0.4,0.5714285714285715
679,User_VAR_500_3,5.0,2.0,645,1.0,0.4,0.4,0.5714285714285715
679,Sys_VAR_noexpert_1,4.85,1.65,645,0.97,0.32999999999999996,0.32009999999999994,0.49246153846153845
679,Sys_VAR_noexpert_2,4.85,1.8,645,0.97,0.36,0.34919999999999995,0.5251127819548871
679,Sys_VAR_noexpert_3,4.85,1.65,645,0.97,0.32999999999999996,0.32009999999999994,0.49246153846153845
684,User_VAR_500_1,4.38,4.0,654,0.876,0.8,0.7008000000000001,0.8362768496420048
684,User_VAR_500_2,5.0,2.0,654,1.0,0.4,0.4,0.5714285714285715
684,User_VAR_500_3,4.38,2.0,654,0.876,0.4,0.35040000000000004,0.5492163009404389
684,Sys_VAR_noexpert_1,4.92,3.65,654,0.984,0.73,0.71832,0.8381796966161027
684,Sys_VAR_noexpert_2,5.0,4.35,654,1.0,0.8699999999999999,0.8699999999999999,0.9304812834224598
684,Sys_VAR_noexpert_3,5.0,4.35,654,1.0,0.8699999999999999,0.8699999999999999,0.9304812834224598
685,User_VAR_500_1,5.0,3.0,654,1.0,0.6,0.6,0.7499999999999999
685,User_VAR_500_2,5.0,3.0,654,1.0,0.6,0.6,0.7499999999999999
685,User_VAR_500_3,4.38,3.0,654,0.876,0.6,0.5256,0.7121951219512195
685,Sys_VAR_noexpert_1,4.85,3.2,654,0.97,0.64,0.6208,0.7711801242236026
685,Sys_VAR_noexpert_2,4.85,3.2,654,0.97,0.64,0.6208,0.7711801242236026
685,Sys_VAR_noexpert_3,4.85,3.2,654,0.97,0.64,0.6208,0.7711801242236026
687,User_VAR_500_1,5.0,3.0,654,1.0,0.6,0.6,0.7499999999999999
687,User_VAR_500_2,5.0,2.0,654,1.0,0.4,0.4,0.5714285714285715
687,User_VAR_500_3,5.0,3.0,654,1.0,0.6,0.6,0.7499999999999999
687,Sys_VAR_noexpert_1,5.0,3.9,654,1.0,0.78,0.78,0.8764044943820225
687,Sys_VAR_noexpert_2,5.0,3.85,654,1.0,0.77,0.77,0.8700564971751412
687,Sys_VAR_noexpert_3,5.0,3.85,654,1.0,0.77,0.77,0.8700564971751412
688,User_VAR_500_1,5.0,5.0,654,1.0,1.0,1.0,1.0
688,User_VAR_500_2,5.0,4.0,654,1.0,0.8,0.8,0.888888888888889
688,User_VAR_500_3,5.0,5.0,654,1.0,1.0,1.0,1.0
688,Sys_VAR_noexpert_1,4.85,3.92,654,0.97,0.784,0.76048,0.8671379703534778
688,Sys_VAR_noexpert_2,5.0,4.6,654,1.0,0.9199999999999999,0.9199999999999999,0.9583333333333333
688,Sys_VAR_noexpert_3,5.0,3.9,654,1.0,0.78,0.78,0.8764044943820225
689,User_VAR_500_1,5.0,4.0,654,1.0,0.8,0.8,0.888888888888889
689,User_VAR_500_2,5.0,3.0,654,1.0,0.6,0.6,0.7499999999999999
689,User_VAR_500_3,5.0,4.0,654,1.0,0.8,0.8,0.888888888888889
689,Sys_VAR_noexpert_1,4.92,3.65,654,0.984,0.73,0.71832,0.8381796966161027
689,Sys_VAR_noexpert_2,4.92,3.85,654,0.984,0.77,0.75768,0.863945267958951
689,Sys_VAR_noexpert_3,4.85,3.6,654,0.97,0.72,0.6983999999999999,0.8265088757396449
690,User_VAR_500_1,2.86,2.0,679,0.572,0.4,0.2288,0.47078189300411527
690,User_VAR_500_2,2.14,3.0,679,0.42800000000000005,0.6,0.25680000000000003,0.4996108949416343
690,User_VAR_500_3,2.14,2.0,679,0.42800000000000005,0.4,0.17120000000000002,0.41352657004830917
690,Sys_VAR_noexpert_1,3.85,3.92,679,0.77,0.784,0.60368,0.7769369369369369
690,Sys_VAR_noexpert_2,3.45,3.82,679,0.6900000000000001,0.764,0.5271600000000001,0.7251169188445667
690,Sys_VAR_noexpert_3,3.85,2.9,679,0.77,0.58,0.4466,0.6616296296296296
694,User_VAR_500_1,4.29,3.0,679,0.858,0.6,0.5147999999999999,0.7061728395061727
694,User_VAR_500_2,4.29,5.0,679,0.858,1.0,0.858,0.9235737351991388
694,User_VAR_500_3,4.29,3.0,679,0.858,0.6,0.5147999999999999,0.7061728395061727
694,Sys_VAR_noexpert_1,5.0,5.0,679,1.0,1.0,1.0,1.0
694,Sys_VAR_noexpert_2,4.85,4.6,679,0.97,0.9199999999999999,0.8923999999999999,0.9443386243386243
694,Sys_VAR_noexpert_3,5.0,5.0,679,1.0,1.0,1.0,1.0
695,User_VAR_500_1,3.75,4.0,679,0.75,0.8,0.6000000000000001,0.7741935483870969
695,User_VAR_500_2,3.75,4.0,679,0.75,0.8,0.6000000000000001,0.7741935483870969
695,User_VAR_500_3,3.75,4.0,679,0.75,0.8,0.6000000000000001,0.7741935483870969
695,Sys_VAR_noexpert_1,4.65,3.92,679,0.93,0.784,0.7291200000000001,0.8507817969661612
695,Sys_VAR_noexpert_2,4.85,4.65,679,0.97,0.93,0.9021,0.9495789473684211
695,Sys_VAR_noexpert_3,4.35,3.92,679,0.8699999999999999,0.784,0.6820799999999999,0.8247642079806529
698,User_VAR_500_1,3.12,4.0,679,0.624,0.8,0.49920000000000003,0.7011235955056181
698,User_VAR_500_2,3.12,4.0,679,0.624,0.8,0.49920000000000003,0.7011235955056181
698,User_VAR_500_3,3.12,3.0,679,0.624,0.6,0.3744,0.611764705882353
698,Sys_VAR_noexpert_1,3.65,4.12,679,0.73,0.8240000000000001,0.60152,0.7741570141570142
698,Sys_VAR_noexpert_2,3.65,3.42,679,0.73,0.6839999999999999,0.49931999999999993,0.7062517680339462
698,Sys_VAR_noexpert_3,3.85,3.42,679,0.77,0.6839999999999999,0.5266799999999999,0.7244566712517193
699,User_VAR_500_1,1.88,4.0,679,0.376,0.8,0.3008,0.5115646258503401
699,User_VAR_500_2,2.5,4.0,679,0.5,0.8,0.4,0.6153846153846154
699,User_VAR_500_3,2.5,4.0,679,0.5,0.8,0.4,0.6153846153846154
699,Sys_VAR_noexpert_1,3.45,3.82,679,0.6900000000000001,0.764,0.5271600000000001,0.7251169188445667
699,Sys_VAR_noexpert_2,4.65,3.85,679,0.93,0.77,0.7161000000000001,0.8424705882352941
699,Sys_VAR_noexpert_3,4.65,3.85,679,0.93,0.77,0.7161000000000001,0.8424705882352941
700,User_VAR_500_1,5.0,5.0,687,1.0,1.0,1.0,1.0
700,User_VAR_500_2,5.0,5.0,687,1.0,1.0,1.0,1.0
700,User_VAR_500_3,5.0,4.0,687,1.0,0.8,0.8,0.888888888888889
700,Sys_VAR_noexpert_1,5.0,5.0,687,1.0,1.0,1.0,1.0
700,Sys_VAR_noexpert_2,5.0,5.0,687,1.0,1.0,1.0,1.0
700,Sys_VAR_noexpert_3,4.85,5.0,687,0.97,1.0,0.97,0.9847715736040609
701,User_VAR_500_1,5.0,4.0,687,1.0,0.8,0.8,0.888888888888889
701,User_VAR_500_2,5.0,4.0,687,1.0,0.8,0.8,0.888888888888889
701,User_VAR_500_3,5.0,4.0,687,1.0,0.8,0.8,0.888888888888889
701,Sys_VAR_noexpert_1,5.0,5.0,687,1.0,1.0,1.0,1.0
701,Sys_VAR_noexpert_2,5.0,5.0,687,1.0,1.0,1.0,1.0
701,Sys_VAR_noexpert_3,4.85,3.92,687,0.97,0.784,0.76048,0.8671379703534778
702,User_VAR_500_1,5.0,4.0,687,1.0,0.8,0.8,0.888888888888889
702,User_VAR_500_2,5.0,3.0,687,1.0,0.6,0.6,0.7499999999999999
702,User_VAR_500_3,5.0,4.0,687,1.0,0.8,0.8,0.888888888888889
702,Sys_VAR_noexpert_1,4.92,4.65,687,0.984,0.93,0.91512,0.9562382445141066
702,Sys_VAR_noexpert_2,4.65,3.8,687,0.93,0.76,0.7068000000000001,0.8364497041420119
702,Sys_VAR_noexpert_3,4.95,4.85,687,0.99,0.97,0.9602999999999999,0.9798979591836734
704,User_VAR_500_1,5.0,4.0,687,1.0,0.8,0.8,0.888888888888889
704,User_VAR_500_2,5.0,4.0,687,1.0,0.8,0.8,0.888888888888889
704,User_VAR_500_3,5.0,4.0,687,1.0,0.8,0.8,0.888888888888889
704,Sys_VAR_noexpert_1,4.85,3.65,687,0.97,0.73,0.7081,0.8330588235294117
704,Sys_VAR_noexpert_2,3.85,4.2,687,0.77,0.8400000000000001,0.6468,0.8034782608695652
704,Sys_VAR_noexpert_3,4.85,3.92,687,0.97,0.784,0.76048,0.8671379703534778
705,User_VAR_500_1,5.0,3.0,687,1.0,0.6,0.6,0.7499999999999999
705,User_VAR_500_2,3.75,5.0,687,0.75,1.0,0.75,0.8571428571428571
705,User_VAR_500_3,5.0,5.0,687,1.0,1.0,1.0,1.0
705,Sys_VAR_noexpert_1,5.0,5.0,687,1.0,1.0,1.0,1.0
705,Sys_VAR_noexpert_2,5.0,5.0,687,1.0,1.0,1.0,1.0
705,Sys_VAR_noexpert_3,5.0,5.0,687,1.0,1.0,1.0,1.0
712,User_VAR_500_1,5.0,4.0,730,1.0,0.8,0.8,0.888888888888889
712,User_VAR_500_2,0.0,4.0,730,0.0,0.8,0.0,0.0
712,User_VAR_500_3,5.0,4.0,730,1.0,0.8,0.8,0.888888888888889
712,Sys_VAR_noexpert_1,4.65,3.92,730,0.93,0.784,0.7291200000000001,0.8507817969661612
712,Sys_VAR_noexpert_2,3.85,3.92,730,0.77,0.784,0.60368,0.7769369369369369
712,Sys_VAR_noexpert_3,4.35,3.82,730,0.8699999999999999,0.764,0.6646799999999999,0.8135618115055079
714,User_VAR_500_1,2.78,1.0,730,0.5559999999999999,0.2,0.1112,0.29417989417989415
714,User_VAR_500_2,2.78,1.0,730,0.5559999999999999,0.2,0.1112,0.29417989417989415
714,User_VAR_500_3,2.78,1.0,730,0.5559999999999999,0.2,0.1112,0.29417989417989415
714,Sys_VAR_noexpert_1,1.2,1.5,730,0.24,0.3,0.072,0.2666666666666666
714,Sys_VAR_noexpert_2,1.25,1.1,730,0.25,0.22000000000000003,0.05500000000000001,0.23404255319148937
714,Sys_VAR_noexpert_3,2.15,2.8,730,0.43,0.5599999999999999,0.24079999999999996,0.4864646464646464
717,User_VAR_500_1,0.0,1.0,730,0.0,0.2,0.0,0.0
717,User_VAR_500_2,0.0,0.0,730,0.0,0.0,0.0,0.0
717,User_VAR_500_3,0.0,1.0,730,0.0,0.2,0.0,0.0
717,Sys_VAR_noexpert_1,1.2,1.8,730,0.24,0.36,0.08639999999999999,0.288
717,Sys_VAR_noexpert_2,1.85,0.92,730,0.37,0.184,0.06808,0.24577617328519855
717,Sys_VAR_noexpert_3,1.85,1.2,730,0.37,0.24,0.08879999999999999,0.2911475409836065
718,User_VAR_500_1,3.33,2.0,730,0.666,0.4,0.2664,0.499812382739212
718,User_VAR_500_2,3.33,2.0,730,0.666,0.4,0.2664,0.499812382739212
718,User_VAR_500_3,2.5,2.0,730,0.5,0.4,0.2,0.4444444444444445
718,Sys_VAR_noexpert_1,2.15,3.42,730,0.43,0.6839999999999999,0.29412,0.5280430879712747
718,Sys_VAR_noexpert_2,1.85,3.42,730,0.37,0.6839999999999999,0.25307999999999997,0.4802277039848198
718,Sys_VAR_noexpert_3,2.15,1.85,730,0.43,0.37,0.1591,0.39774999999999994
719,User_VAR_500_1,3.33,2.0,730,0.666,0.4,0.2664,0.499812382739212
719,User_VAR_500_2,3.33,2.0,730,0.666,0.4,0.2664,0.499812382739212
719,User_VAR_500_3,3.33,2.0,730,0.666,0.4,0.2664,0.499812382739212
719,Sys_VAR_noexpert_1,4.12,3.68,730,0.8240000000000001,0.736,0.606464,0.7775179487179487
719,Sys_VAR_noexpert_2,3.45,3.82,730,0.6900000000000001,0.764,0.5271600000000001,0.7251169188445667
719,Sys_VAR_noexpert_3,3.65,3.42,730,0.73,0.6839999999999999,0.49931999999999993,0.7062517680339462
723,User_VAR_500_1,5.0,2.0,743,1.0,0.4,0.4,0.5714285714285715
723,User_VAR_500_2,3.75,4.0,743,0.75,0.8,0.6000000000000001,0.7741935483870969
723,User_VAR_500_3,5.0,2.0,743,1.0,0.4,0.4,0.5714285714285715
723,Sys_VAR_noexpert_1,1.85,2.4,743,0.37,0.48,0.17759999999999998,0.4178823529411764
723,Sys_VAR_noexpert_2,1.85,2.4,743,0.37,0.48,0.17759999999999998,0.4178823529411764
723,Sys_VAR_noexpert_3,1.24,2.85,743,0.248,0.5700000000000001,0.14136,0.3456234718826406
725,User_VAR_500_1,5.0,3.0,743,1.0,0.6,0.6,0.7499999999999999
725,User_VAR_500_2,5.0,3.0,743,1.0,0.6,0.6,0.7499999999999999
725,User_VAR_500_3,5.0,3.0,743,1.0,0.6,0.6,0.7499999999999999
725,Sys_VAR_noexpert_1,2.85,3.92,743,0.5700000000000001,0.784,0.44688000000000005,0.6600886262924668
725,Sys_VAR_noexpert_2,3.85,4.2,743,0.77,0.8400000000000001,0.6468,0.8034782608695652
725,Sys_VAR_noexpert_3,4.85,3.92,743,0.97,0.784,0.76048,0.8671379703534778
726,User_VAR_500_1,5.0,4.0,743,1.0,0.8,0.8,0.888888888888889
726,User_VAR_500_2,5.0,4.0,743,1.0,0.8,0.8,0.888888888888889
726,User_VAR_500_3,5.0,4.0,743,1.0,0.8,0.8,0.888888888888889
726,Sys_VAR_noexpert_1,5.0,5.0,743,1.0,1.0,1.0,1.0
726,Sys_VAR_noexpert_2,5.0,5.0,743,1.0,1.0,1.0,1.0
726,Sys_VAR_noexpert_3,5.0,5.0,743,1.0,1.0,1.0,1.0
728,User_VAR_500_1,5.0,3.0,743,1.0,0.6,0.6,0.7499999999999999
728,User_VAR_500_2,3.33,3.0,743,0.666,0.6,0.3996,0.6312796208530805
728,User_VAR_500_3,3.33,3.0,743,0.666,0.6,0.3996,0.6312796208530805
728,Sys_VAR_noexpert_1,0.42,3.85,743,0.08399999999999999,0.77,0.06468,0.15147540983606558
728,Sys_VAR_noexpert_2,0.85,3.2,743,0.16999999999999998,0.64,0.1088,0.2686419753086419
728,Sys_VAR_noexpert_3,0.85,3.92,743,0.16999999999999998,0.784,0.13327999999999998,0.27941299790356394
729,User_VAR_500_1,5.0,4.0,743,1.0,0.8,0.8,0.888888888888889
729,User_VAR_500_2,5.0,4.0,743,1.0,0.8,0.8,0.888888888888889
729,User_VAR_500_3,5.0,4.0,743,1.0,0.8,0.8,0.888888888888889
729,Sys_VAR_noexpert_1,5.0,5.0,743,1.0,1.0,1.0,1.0
729,Sys_VAR_noexpert_2,5.0,5.0,743,1.0,1.0,1.0,1.0
729,Sys_VAR_noexpert_3,5.0,5.0,743,1.0,1.0,1.0,1.0
730,User_VAR_500_1,5.0,2.0,746,1.0,0.4,0.4,0.5714285714285715
730,User_VAR_500_2,5.0,3.0,746,1.0,0.6,0.6,0.7499999999999999
730,User_VAR_500_3,5.0,3.0,746,1.0,0.6,0.6,0.7499999999999999
730,Sys_VAR_noexpert_1,4.85,1.65,746,0.97,0.32999999999999996,0.32009999999999994,0.49246153846153845
730,Sys_VAR_noexpert_2,4.85,2.1,746,0.97,0.42000000000000004,0.40740000000000004,0.5861870503597122
730,Sys_VAR_noexpert_3,4.85,2.1,746,0.97,0.42000000000000004,0.40740000000000004,0.5861870503597122
732,User_VAR_500_1,5.0,4.0,746,1.0,0.8,0.8,0.888888888888889
732,User_VAR_500_2,5.0,4.0,746,1.0,0.8,0.8,0.888888888888889
732,User_VAR_500_3,4.29,4.0,746,0.858,0.8,0.6864,0.8279855247285887
732,Sys_VAR_noexpert_1,5.0,4.6,746,1.0,0.9199999999999999,0.9199999999999999,0.9583333333333333
732,Sys_VAR_noexpert_2,5.0,4.2,746,1.0,0.8400000000000001,0.8400000000000001,0.9130434782608696
732,Sys_VAR_noexpert_3,5.0,4.2,746,1.0,0.8400000000000001,0.8400000000000001,0.9130434782608696
734,User_VAR_500_1,4.29,4.0,746,0.858,0.8,0.6864,0.8279855247285887
734,User_VAR_500_2,4.29,1.0,746,0.858,0.2,0.1716,0.3243856332703213
734,User_VAR_500_3,4.29,1.0,746,0.858,0.2,0.1716,0.3243856332703213
734,Sys_VAR_noexpert_1,4.2,3.8,746,0.8400000000000001,0.76,0.6384000000000001,0.798
734,Sys_VAR_noexpert_2,3.85,2.9,746,0.77,0.58,0.4466,0.6616296296296296
734,Sys_VAR_noexpert_3,3.85,2.9,746,0.77,0.58,0.4466,0.6616296296296296
737,User_VAR_500_1,0.62,1.0,746,0.124,0.2,0.024800000000000003,0.15308641975308643
737,User_VAR_500_2,1.25,1.0,746,0.25,0.2,0.05,0.22222222222222224
737,User_VAR_500_3,5.0,1.0,746,1.0,0.2,0.2,0.33333333333333337
737,Sys_VAR_noexpert_1,0.0,2.85,746,0.0,0.5700000000000001,0.0,0.0
737,Sys_VAR_noexpert_2,0.0,2.85,746,0.0,0.5700000000000001,0.0,0.0
737,Sys_VAR_noexpert_3,0.0,1.85,746,0.0,0.37,0.0,0.0
738,User_VAR_500_1,5.0,2.0,746,1.0,0.4,0.4,0.5714285714285715
738,User_VAR_500_2,5.0,2.0,746,1.0,0.4,0.4,0.5714285714285715
738,User_VAR_500_3,5.0,2.0,746,1.0,0.4,0.4,0.5714285714285715
738,Sys_VAR_noexpert_1,0.0,3.8,746,0.0,0.76,0.0,0.0
738,Sys_VAR_noexpert_2,0.0,2.85,746,0.0,0.5700000000000001,0.0,0.0
738,Sys_VAR_noexpert_3,0.0,2.8,746,0.0,0.5599999999999999,0.0,0.0
740,User_VAR_500_1,4.38,3.0,755,0.876,0.6,0.5256,0.7121951219512195
740,User_VAR_500_2,4.38,3.0,755,0.876,0.6,0.5256,0.7121951219512195
740,User_VAR_500_3,5.0,3.0,755,1.0,0.6,0.6,0.7499999999999999
740,Sys_VAR_noexpert_1,4.85,3.92,755,0.97,0.784,0.76048,0.8671379703534778
740,Sys_VAR_noexpert_2,4.92,3.85,755,0.984,0.77,0.75768,0.863945267958951
740,Sys_VAR_noexpert_3,4.85,3.2,755,0.97,0.64,0.6208,0.7711801242236026
741,User_VAR_500_1,5.0,4.0,755,1.0,0.8,0.8,0.888888888888889
741,User_VAR_500_2,5.0,2.0,755,1.0,0.4,0.4,0.5714285714285715
741,User_VAR_500_3,5.0,2.0,755,1.0,0.4,0.4,0.5714285714285715
741,Sys_VAR_noexpert_1,4.85,3.92,755,0.97,0.784,0.76048,0.8671379703534778
741,Sys_VAR_noexpert_2,4.85,3.6,755,0.97,0.72,0.6983999999999999,0.8265088757396449
741,Sys_VAR_noexpert_3,4.85,3.92,755,0.97,0.784,0.76048,0.8671379703534778
744,User_VAR_500_1,5.0,3.0,755,1.0,0.6,0.6,0.7499999999999999
744,User_VAR_500_2,0.0,4.0,755,0.0,0.8,0.0,0.0
744,User_VAR_500_3,5.0,3.0,755,1.0,0.6,0.6,0.7499999999999999
744,Sys_VAR_noexpert_1,4.92,4.65,755,0.984,0.93,0.91512,0.9562382445141066
744,Sys_VAR_noexpert_2,4.85,3.9,755,0.97,0.78,0.7566,0.8646857142857144
744,Sys_VAR_noexpert_3,4.85,4.15,755,0.97,0.8300000000000001,0.8051,0.8945555555555555
746,User_VAR_500_1,5.0,3.0,755,1.0,0.6,0.6,0.7499999999999999
746,User_VAR_500_2,5.0,4.0,755,1.0,0.8,0.8,0.888888888888889
746,User_VAR_500_3,5.0,4.0,755,1.0,0.8,0.8,0.888888888888889
746,Sys_VAR_noexpert_1,4.65,2.85,755,0.93,0.5700000000000001,0.5301000000000001,0.7068000000000002
746,Sys_VAR_noexpert_2,4.92,3.85,755,0.984,0.77,0.75768,0.863945267958951
746,Sys_VAR_noexpert_3,4.65,4.35,755,0.93,0.8699999999999999,0.8090999999999999,0.899
748,User_VAR_500_1,3.33,4.0,755,0.666,0.8,0.5328,0.7268758526603001
748,User_VAR_500_2,4.38,3.0,755,0.876,0.6,0.5256,0.7121951219512195
748,User_VAR_500_3,3.75,3.0,755,0.75,0.6,0.44999999999999996,0.6666666666666665
748,Sys_VAR_noexpert_1,3.85,3.92,755,0.77,0.784,0.60368,0.7769369369369369
748,Sys_VAR_noexpert_2,3.45,4.1,755,0.6900000000000001,0.82,0.5658,0.7494039735099337
748,Sys_VAR_noexpert_3,2.85,3.65,755,0.5700000000000001,0.73,0.4161,0.6401538461538462
751,User_VAR_500_1,5.0,4.0,756,1.0,0.8,0.8,0.888888888888889
751,User_VAR_500_2,5.0,4.0,756,1.0,0.8,0.8,0.888888888888889
751,User_VAR_500_3,5.0,4.0,756,1.0,0.8,0.8,0.888888888888889
751,Sys_VAR_noexpert_1,4.15,3.85,756,0.8300000000000001,0.77,0.6391000000000001,0.7988750000000001
751,Sys_VAR_noexpert_2,4.12,3.85,756,0.8240000000000001,0.77,0.63448,0.7960853199498118
751,Sys_VAR_noexpert_3,4.15,3.65,756,0.8300000000000001,0.73,0.6059,0.7767948717948717
752,User_VAR_500_1,4.44,4.0,756,0.8880000000000001,0.8,0.7104000000000001,0.8417061611374408
752,User_VAR_500_2,3.33,3.0,756,0.666,0.6,0.3996,0.6312796208530805
752,User_VAR_500_3,3.57,4.0,756,0.714,0.8,0.5712,0.7545574636723911
752,Sys_VAR_noexpert_1,4.2,3.8,756,0.8400000000000001,0.76,0.6384000000000001,0.798
752,Sys_VAR_noexpert_2,4.65,3.85,756,0.93,0.77,0.7161000000000001,0.8424705882352941
752,Sys_VAR_noexpert_3,4.2,3.8,756,0.8400000000000001,0.76,0.6384000000000001,0.798
754,User_VAR_500_1,5.0,2.0,756,1.0,0.4,0.4,0.5714285714285715
754,User_VAR_500_2,3.0,2.0,756,0.6,0.4,0.24,0.48
754,User_VAR_500_3,5.0,1.0,756,1.0,0.2,0.2,0.33333333333333337
754,Sys_VAR_noexpert_1,3.85,3.92,756,0.77,0.784,0.60368,0.7769369369369369
754,Sys_VAR_noexpert_2,3.42,2.85,756,0.6839999999999999,0.5700000000000001,0.38988,0.6218181818181818
754,Sys_VAR_noexpert_3,3.85,2.15,756,0.77,0.43,0.3311,0.5518333333333334
755,User_VAR_500_1,4.29,3.0,756,0.858,0.6,0.5147999999999999,0.7061728395061727
755,User_VAR_500_2,4.29,3.0,756,0.858,0.6,0.5147999999999999,0.7061728395061727
755,User_VAR_500_3,4.29,2.0,756,0.858,0.4,0.3432,0.5456279809220985
755,Sys_VAR_noexpert_1,3.45,3.8,756,0.6900000000000001,0.76,0.5244000000000001,0.7233103448275863
755,Sys_VAR_noexpert_2,3.2,2.8,756,0.64,0.5599999999999999,0.3584,0.5973333333333334
755,Sys_VAR_noexpert_3,3.2,3.8,756,0.64,0.76,0.4864,0.694857142857143
759,User_VAR_500_1,5.0,4.0,756,1.0,0.8,0.8,0.888888888888889
759,User_VAR_500_2,5.0,3.0,756,1.0,0.6,0.6,0.7499999999999999
759,User_VAR_500_3,5.0,3.0,756,1.0,0.6,0.6,0.7499999999999999
759,Sys_VAR_noexpert_1,4.15,3.85,756,0.8300000000000001,0.77,0.6391000000000001,0.7988750000000001
759,Sys_VAR_noexpert_2,4.15,3.85,756,0.8300000000000001,0.77,0.6391000000000001,0.7988750000000001
759,Sys_VAR_noexpert_3,3.85,3.92,756,0.77,0.784,0.60368,0.7769369369369369
760,User_VAR_500_1,4.38,4.0,806,0.876,0.8,0.7008000000000001,0.8362768496420048
760,User_VAR_500_2,4.38,4.0,806,0.876,0.8,0.7008000000000001,0.8362768496420048
760,User_VAR_500_3,5.0,4.0,806,1.0,0.8,0.8,0.888888888888889
760,Sys_VAR_noexpert_1,5.0,5.0,806,1.0,1.0,1.0,1.0
760,Sys_VAR_noexpert_2,5.0,5.0,806,1.0,1.0,1.0,1.0
760,Sys_VAR_noexpert_3,5.0,5.0,806,1.0,1.0,1.0,1.0
764,User_VAR_500_1,5.0,5.0,806,1.0,1.0,1.0,1.0
764,User_VAR_500_2,5.0,5.0,806,1.0,1.0,1.0,1.0
764,User_VAR_500_3,5.0,5.0,806,1.0,1.0,1.0,1.0
764,Sys_VAR_noexpert_1,4.85,5.0,806,0.97,1.0,0.97,0.9847715736040609
764,Sys_VAR_noexpert_2,4.85,5.0,806,0.97,1.0,0.97,0.9847715736040609
764,Sys_VAR_noexpert_3,5.0,5.0,806,1.0,1.0,1.0,1.0
766,User_VAR_500_1,4.38,4.0,806,0.876,0.8,0.7008000000000001,0.8362768496420048
766,User_VAR_500_2,4.29,4.0,806,0.858,0.8,0.6864,0.8279855247285887
766,User_VAR_500_3,4.29,4.0,806,0.858,0.8,0.6864,0.8279855247285887
766,Sys_VAR_noexpert_1,5.0,5.0,806,1.0,1.0,1.0,1.0
766,Sys_VAR_noexpert_2,5.0,5.0,806,1.0,1.0,1.0,1.0
766,Sys_VAR_noexpert_3,5.0,5.0,806,1.0,1.0,1.0,1.0
767,User_VAR_500_1,4.38,4.0,806,0.876,0.8,0.7008000000000001,0.8362768496420048
767,User_VAR_500_2,4.38,4.0,806,0.876,0.8,0.7008000000000001,0.8362768496420048
767,User_VAR_500_3,4.38,4.0,806,0.876,0.8,0.7008000000000001,0.8362768496420048
767,Sys_VAR_noexpert_1,5.0,5.0,806,1.0,1.0,1.0,1.0
767,Sys_VAR_noexpert_2,1.85,1.92,806,0.37,0.384,0.14208,0.37687002652519896
767,Sys_VAR_noexpert_3,4.85,3.92,806,0.97,0.784,0.76048,0.8671379703534778
768,User_VAR_500_1,5.0,4.0,806,1.0,0.8,0.8,0.888888888888889
768,User_VAR_500_2,5.0,4.0,806,1.0,0.8,0.8,0.888888888888889
768,User_VAR_500_3,5.0,4.0,806,1.0,0.8,0.8,0.888888888888889
768,Sys_VAR_noexpert_1,4.85,3.92,806,0.97,0.784,0.76048,0.8671379703534778
768,Sys_VAR_noexpert_2,4.85,3.9,806,0.97,0.78,0.7566,0.8646857142857144
768,Sys_VAR_noexpert_3,4.85,4.2,806,0.97,0.8400000000000001,0.8148000000000001,0.9003314917127072
770,User_VAR_500_1,3.75,3.0,810,0.75,0.6,0.44999999999999996,0.6666666666666665
770,User_VAR_500_2,4.38,3.0,810,0.876,0.6,0.5256,0.7121951219512195
770,User_VAR_500_3,3.75,4.0,810,0.75,0.8,0.6000000000000001,0.7741935483870969
770,Sys_VAR_noexpert_1,2.85,3.6,810,0.5700000000000001,0.72,0.41040000000000004,0.6362790697674419
770,Sys_VAR_noexpert_2,1.85,2.9,810,0.37,0.58,0.21459999999999999,0.4517894736842105
770,Sys_VAR_noexpert_3,1.2,3.8,810,0.24,0.76,0.1824,0.3648
771,User_VAR_500_1,5.0,4.0,810,1.0,0.8,0.8,0.888888888888889
771,User_VAR_500_2,5.0,3.0,810,1.0,0.6,0.6,0.7499999999999999
771,User_VAR_500_3,5.0,4.0,810,1.0,0.8,0.8,0.888888888888889
771,Sys_VAR_noexpert_1,4.65,3.8,810,0.93,0.76,0.7068000000000001,0.8364497041420119
771,Sys_VAR_noexpert_2,4.92,4.65,810,0.984,0.93,0.91512,0.9562382445141066
771,Sys_VAR_noexpert_3,2.85,1.65,810,0.5700000000000001,0.32999999999999996,0.1881,0.418
772,User_VAR_500_1,3.75,3.0,810,0.75,0.6,0.44999999999999996,0.6666666666666665
772,User_VAR_500_2,3.75,3.0,810,0.75,0.6,0.44999999999999996,0.6666666666666665
772,User_VAR_500_3,1.88,3.0,810,0.376,0.6,0.2256,0.46229508196721314
772,Sys_VAR_noexpert_1,0.0,1.5,810,0.0,0.3,0.0,0.0
772,Sys_VAR_noexpert_2,3.45,3.82,810,0.6900000000000001,0.764,0.5271600000000001,0.7251169188445667
772,Sys_VAR_noexpert_3,0.85,3.6,810,0.16999999999999998,0.72,0.12239999999999998,0.2750561797752809
774,User_VAR_500_1,3.75,3.0,810,0.75,0.6,0.44999999999999996,0.6666666666666665
774,User_VAR_500_2,3.75,2.0,810,0.75,0.4,0.30000000000000004,0.5217391304347827
774,User_VAR_500_3,3.75,2.0,810,0.75,0.4,0.30000000000000004,0.5217391304347827
774,Sys_VAR_noexpert_1,1.24,2.85,810,0.248,0.5700000000000001,0.14136,0.3456234718826406
774,Sys_VAR_noexpert_2,1.85,2.9,810,0.37,0.58,0.21459999999999999,0.4517894736842105
774,Sys_VAR_noexpert_3,2.15,3.2,810,0.43,0.64,0.2752,0.5143925233644859
779,User_VAR_500_1,4.38,5.0,810,0.876,1.0,0.876,0.933901918976546
779,User_VAR_500_2,5.0,5.0,810,1.0,1.0,1.0,1.0
779,User_VAR_500_3,4.38,5.0,810,0.876,1.0,0.876,0.933901918976546
779,Sys_VAR_noexpert_1,4.12,2.85,810,0.8240000000000001,0.5700000000000001,0.4696800000000001,0.6738593974175037
779,Sys_VAR_noexpert_2,3.85,3.92,810,0.77,0.784,0.60368,0.7769369369369369
779,Sys_VAR_noexpert_3,4.65,5.0,810,0.93,1.0,0.93,0.9637305699481865
781,User_VAR_500_1,5.0,3.0,819,1.0,0.6,0.6,0.7499999999999999
781,User_VAR_500_2,5.0,2.0,819,1.0,0.4,0.4,0.5714285714285715
781,User_VAR_500_3,5.0,3.0,819,1.0,0.6,0.6,0.7499999999999999
781,Sys_VAR_noexpert_1,3.85,2.4,819,0.77,0.48,0.3696,0.59136
781,Sys_VAR_noexpert_2,3.85,2.9,819,0.77,0.58,0.4466,0.6616296296296296
781,Sys_VAR_noexpert_3,4.85,2.1,819,0.97,0.42000000000000004,0.40740000000000004,0.5861870503597122
782,User_VAR_500_1,5.0,2.0,819,1.0,0.4,0.4,0.5714285714285715
782,User_VAR_500_2,5.0,2.0,819,1.0,0.4,0.4,0.5714285714285715
782,User_VAR_500_3,5.0,2.0,819,1.0,0.4,0.4,0.5714285714285715
782,Sys_VAR_noexpert_1,4.65,3.85,819,0.93,0.77,0.7161000000000001,0.8424705882352941
782,Sys_VAR_noexpert_2,4.85,3.2,819,0.97,0.64,0.6208,0.7711801242236026
782,Sys_VAR_noexpert_3,4.85,3.92,819,0.97,0.784,0.76048,0.8671379703534778
783,User_VAR_500_1,0.0,2.0,819,0.0,0.4,0.0,0.0
783,User_VAR_500_2,0.0,2.0,819,0.0,0.4,0.0,0.0
783,User_VAR_500_3,0.0,2.0,819,0.0,0.4,0.0,0.0
783,Sys_VAR_noexpert_1,1.8,2.9,819,0.36,0.58,0.20879999999999999,0.4442553191489362
783,Sys_VAR_noexpert_2,1.85,2.4,819,0.37,0.48,0.17759999999999998,0.4178823529411764
783,Sys_VAR_noexpert_3,1.2,2.8,819,0.24,0.5599999999999999,0.1344,0.336
785,User_VAR_500_1,4.17,2.0,819,0.834,0.4,0.3336,0.5406807131280389
785,User_VAR_500_2,4.17,3.0,819,0.834,0.6,0.5004,0.697907949790795
785,User_VAR_500_3,4.17,3.0,819,0.834,0.6,0.5004,0.697907949790795
785,Sys_VAR_noexpert_1,4.85,2.15,819,0.97,0.43,0.41709999999999997,0.5958571428571429
785,Sys_VAR_noexpert_2,3.45,3.82,819,0.6900000000000001,0.764,0.5271600000000001,0.7251169188445667
785,Sys_VAR_noexpert_3,3.45,2.85,819,0.6900000000000001,0.5700000000000001,0.3933000000000001,0.6242857142857143
788,User_VAR_500_1,5.0,3.0,819,1.0,0.6,0.6,0.7499999999999999
788,User_VAR_500_2,5.0,3.0,819,1.0,0.6,0.6,0.7499999999999999
788,User_VAR_500_3,5.0,3.0,819,1.0,0.6,0.6,0.7499999999999999
788,Sys_VAR_noexpert_1,3.65,3.42,819,0.73,0.6839999999999999,0.49931999999999993,0.7062517680339462
788,Sys_VAR_noexpert_2,3.45,3.82,819,0.6900000000000001,0.764,0.5271600000000001,0.7251169188445667
788,Sys_VAR_noexpert_3,3.45,3.82,819,0.6900000000000001,0.764,0.5271600000000001,0.7251169188445667
790,User_VAR_500_1,0.71,2.0,836,0.142,0.4,0.056799999999999996,0.20959409594095937
790,User_VAR_500_2,0.83,3.0,836,0.16599999999999998,0.6,0.09959999999999998,0.26005221932114875
790,User_VAR_500_3,0.0,3.0,836,0.0,0.6,0.0,0.0
790,Sys_VAR_noexpert_1,0.2,3.8,836,0.04,0.76,0.0304,0.076
790,Sys_VAR_noexpert_2,0.2,3.8,836,0.04,0.76,0.0304,0.076
790,Sys_VAR_noexpert_3,0.2,3.8,836,0.04,0.76,0.0304,0.076
794,User_VAR_500_1,0.0,3.0,836,0.0,0.6,0.0,0.0
794,User_VAR_500_2,0.71,3.0,836,0.142,0.6,0.08519999999999998,0.2296495956873315
794,User_VAR_500_3,0.71,3.0,836,0.142,0.6,0.08519999999999998,0.2296495956873315
794,Sys_VAR_noexpert_1,0.85,3.6,836,0.16999999999999998,0.72,0.12239999999999998,0.2750561797752809
794,Sys_VAR_noexpert_2,0.2,3.8,836,0.04,0.76,0.0304,0.076
794,Sys_VAR_noexpert_3,0.0,3.8,836,0.0,0.76,0.0,0.0
795,User_VAR_500_1,0.56,3.0,836,0.11200000000000002,0.6,0.06720000000000001,0.18876404494382026
795,User_VAR_500_2,0.0,3.0,836,0.0,0.6,0.0,0.0
795,User_VAR_500_3,0.0,4.0,836,0.0,0.8,0.0,0.0
795,Sys_VAR_noexpert_1,0.15,3.85,836,0.03,0.77,0.0231,0.057749999999999996
795,Sys_VAR_noexpert_2,0.15,3.85,836,0.03,0.77,0.0231,0.057749999999999996
795,Sys_VAR_noexpert_3,0.2,3.8,836,0.04,0.76,0.0304,0.076
796,User_VAR_500_1,0.0,3.0,836,0.0,0.6,0.0,0.0
796,User_VAR_500_2,0.0,2.0,836,0.0,0.4,0.0,0.0
796,User_VAR_500_3,0.0,2.0,836,0.0,0.4,0.0,0.0
796,Sys_VAR_noexpert_1,0.85,3.2,836,0.16999999999999998,0.64,0.1088,0.2686419753086419
796,Sys_VAR_noexpert_2,0.85,3.2,836,0.16999999999999998,0.64,0.1088,0.2686419753086419
796,Sys_VAR_noexpert_3,0.85,2.94,836,0.16999999999999998,0.588,0.09995999999999998,0.26374670184696564
799,User_VAR_500_1,0.0,2.0,836,0.0,0.4,0.0,0.0
799,User_VAR_500_2,0.0,3.0,836,0.0,0.6,0.0,0.0
799,User_VAR_500_3,0.0,4.0,836,0.0,0.8,0.0,0.0
799,Sys_VAR_noexpert_1,0.15,4.92,836,0.03,0.984,0.029519999999999998,0.05822485207100591
799,Sys_VAR_noexpert_2,0.15,4.92,836,0.03,0.984,0.029519999999999998,0.05822485207100591
799,Sys_VAR_noexpert_3,0.15,4.92,836,0.03,0.984,0.029519999999999998,0.05822485207100591
800,User_VAR_500_1,2.5,1.0,903,0.5,0.2,0.1,0.28571428571428575
800,User_VAR_500_2,2.5,1.0,903,0.5,0.2,0.1,0.28571428571428575
800,User_VAR_500_3,2.5,1.0,903,0.5,0.2,0.1,0.28571428571428575
800,Sys_VAR_noexpert_1,3.85,1.92,903,0.77,0.384,0.29568,0.5124436741767765
800,Sys_VAR_noexpert_2,3.85,1.92,903,0.77,0.384,0.29568,0.5124436741767765
800,Sys_VAR_noexpert_3,3.85,1.92,903,0.77,0.384,0.29568,0.5124436741767765
801,User_VAR_500_1,2.86,4.0,903,0.572,0.8,0.4576,0.6670553935860059
801,User_VAR_500_2,2.86,4.0,903,0.572,0.8,0.4576,0.6670553935860059
801,User_VAR_500_3,2.86,2.0,903,0.572,0.4,0.2288,0.47078189300411527
801,Sys_VAR_noexpert_1,3.45,5.0,903,0.6900000000000001,1.0,0.6900000000000001,0.8165680473372782
801,Sys_VAR_noexpert_2,3.45,3.82,903,0.6900000000000001,0.764,0.5271600000000001,0.7251169188445667
801,Sys_VAR_noexpert_3,3.42,3.85,903,0.6839999999999999,0.77,0.5266799999999999,0.7244566712517193
803,User_VAR_500_1,5.0,2.0,903,1.0,0.4,0.4,0.5714285714285715
803,User_VAR_500_2,3.57,2.0,903,0.714,0.4,0.2856,0.5127468581687613
803,User_VAR_500_3,3.57,2.0,903,0.714,0.4,0.2856,0.5127468581687613
803,Sys_VAR_noexpert_1,3.85,1.92,903,0.77,0.384,0.29568,0.5124436741767765
803,Sys_VAR_noexpert_2,2.85,2.9,903,0.5700000000000001,0.58,0.3306,0.5749565217391305
803,Sys_VAR_noexpert_3,1.85,2.9,903,0.37,0.58,0.21459999999999999,0.4517894736842105
805,User_VAR_500_1,5.0,2.0,903,1.0,0.4,0.4,0.5714285714285715
805,User_VAR_500_2,3.75,3.0,903,0.75,0.6,0.44999999999999996,0.6666666666666665
805,User_VAR_500_3,3.33,2.0,903,0.666,0.4,0.2664,0.499812382739212
805,Sys_VAR_noexpert_1,3.85,1.92,903,0.77,0.384,0.29568,0.5124436741767765
805,Sys_VAR_noexpert_2,3.85,2.15,903,0.77,0.43,0.3311,0.5518333333333334
805,Sys_VAR_noexpert_3,1.85,3.2,903,0.37,0.64,0.2368,0.46891089108910894
808,User_VAR_500_1,3.57,1.0,903,0.714,0.2,0.1428,0.31247264770240707
808,User_VAR_500_2,5.0,1.0,903,1.0,0.2,0.2,0.33333333333333337
808,User_VAR_500_3,3.57,4.0,903,0.714,0.8,0.5712,0.7545574636723911
808,Sys_VAR_noexpert_1,5.0,5.0,903,1.0,1.0,1.0,1.0
808,Sys_VAR_noexpert_2,3.45,3.8,903,0.6900000000000001,0.76,0.5244000000000001,0.7233103448275863
808,Sys_VAR_noexpert_3,3.45,2.85,903,0.6900000000000001,0.5700000000000001,0.3933000000000001,0.6242857142857143
814,User_VAR_500_1,5.0,2.0,917,1.0,0.4,0.4,0.5714285714285715
814,User_VAR_500_2,5.0,3.0,917,1.0,0.6,0.6,0.7499999999999999
814,User_VAR_500_3,5.0,2.0,917,1.0,0.4,0.4,0.5714285714285715
814,Sys_VAR_noexpert_1,3.45,3.12,917,0.6900000000000001,0.624,0.43056000000000005,0.6553424657534247
814,Sys_VAR_noexpert_2,1.85,1.92,917,0.37,0.384,0.14208,0.37687002652519896
814,Sys_VAR_noexpert_3,2.15,1.85,917,0.43,0.37,0.1591,0.39774999999999994
815,User_VAR_500_1,5.0,3.0,917,1.0,0.6,0.6,0.7499999999999999
815,User_VAR_500_2,5.0,2.0,917,1.0,0.4,0.4,0.5714285714285715
815,User_VAR_500_3,4.29,2.0,917,0.858,0.4,0.3432,0.5456279809220985
815,Sys_VAR_noexpert_1,3.85,2.15,917,0.77,0.43,0.3311,0.5518333333333334
815,Sys_VAR_noexpert_2,4.85,4.6,917,0.97,0.9199999999999999,0.8923999999999999,0.9443386243386243
815,Sys_VAR_noexpert_3,3.45,3.12,917,0.6900000000000001,0.624,0.43056000000000005,0.6553424657534247
816,User_VAR_500_1,5.0,2.0,917,1.0,0.4,0.4,0.5714285714285715
816,User_VAR_500_2,4.17,1.0,917,0.834,0.2,0.1668,0.3226305609284333
816,User_VAR_500_3,5.0,1.0,917,1.0,0.2,0.2,0.33333333333333337
816,Sys_VAR_noexpert_1,4.15,1.8,917,0.8300000000000001,0.36,0.2988,0.5021848739495799
816,Sys_VAR_noexpert_2,4.65,1.85,917,0.93,0.37,0.3441,0.5293846153846153
816,Sys_VAR_noexpert_3,4.15,1.85,917,0.8300000000000001,0.37,0.30710000000000004,0.5118333333333334
818,User_VAR_500_1,0.0,3.0,917,0.0,0.6,0.0,0.0
818,User_VAR_500_2,3.75,3.0,917,0.75,0.6,0.44999999999999996,0.6666666666666665
818,User_VAR_500_3,0.0,3.0,917,0.0,0.6,0.0,0.0
818,Sys_VAR_noexpert_1,4.85,3.9,917,0.97,0.78,0.7566,0.8646857142857144
818,Sys_VAR_noexpert_2,4.65,3.85,917,0.93,0.77,0.7161000000000001,0.8424705882352941
818,Sys_VAR_noexpert_3,3.85,1.92,917,0.77,0.384,0.29568,0.5124436741767765
819,User_VAR_500_1,5.0,3.0,917,1.0,0.6,0.6,0.7499999999999999
819,User_VAR_500_2,5.0,2.0,917,1.0,0.4,0.4,0.5714285714285715
819,User_VAR_500_3,4.38,3.0,917,0.876,0.6,0.5256,0.7121951219512195
819,Sys_VAR_noexpert_1,4.65,3.2,917,0.93,0.64,0.5952000000000001,0.7582165605095542
819,Sys_VAR_noexpert_2,4.85,3.42,917,0.97,0.6839999999999999,0.66348,0.802273276904474
819,Sys_VAR_noexpert_3,4.65,3.2,917,0.93,0.64,0.5952000000000001,0.7582165605095542
821,User_VAR_500_1,1.88,1.0,919,0.376,0.2,0.0752,0.26111111111111107
821,User_VAR_500_2,2.5,1.0,919,0.5,0.2,0.1,0.28571428571428575
821,User_VAR_500_3,3.12,1.0,919,0.624,0.2,0.12480000000000001,0.3029126213592233
821,Sys_VAR_noexpert_1,2.85,1.2,919,0.5700000000000001,0.24,0.1368,0.3377777777777778
821,Sys_VAR_noexpert_2,2.85,1.9,919,0.5700000000000001,0.38,0.21660000000000001,0.456
821,Sys_VAR_noexpert_3,2.15,1.8,919,0.43,0.36,0.1548,0.39189873417721516
822,User_VAR_500_1,2.5,1.0,919,0.5,0.2,0.1,0.28571428571428575
822,User_VAR_500_2,2.5,1.0,919,0.5,0.2,0.1,0.28571428571428575
822,User_VAR_500_3,2.5,1.0,919,0.5,0.2,0.1,0.28571428571428575
822,Sys_VAR_noexpert_1,2.85,1.5,919,0.5700000000000001,0.3,0.171,0.3931034482758621
822,Sys_VAR_noexpert_2,2.85,1.2,919,0.5700000000000001,0.24,0.1368,0.3377777777777778
822,Sys_VAR_noexpert_3,2.15,1.8,919,0.43,0.36,0.1548,0.39189873417721516
823,User_VAR_500_1,3.12,2.0,919,0.624,0.4,0.24960000000000002,0.48750000000000004
823,User_VAR_500_2,2.5,1.0,919,0.5,0.2,0.1,0.28571428571428575
823,User_VAR_500_3,2.78,1.0,919,0.5559999999999999,0.2,0.1112,0.29417989417989415
823,Sys_VAR_noexpert_1,2.85,1.9,919,0.5700000000000001,0.38,0.21660000000000001,0.456
823,Sys_VAR_noexpert_2,2.85,1.2,919,0.5700000000000001,0.24,0.1368,0.3377777777777778
823,Sys_VAR_noexpert_3,2.85,1.92,919,0.5700000000000001,0.384,0.21888000000000002,0.4588679245283019
826,User_VAR_500_1,2.5,1.0,919,0.5,0.2,0.1,0.28571428571428575
826,User_VAR_500_2,2.5,1.0,919,0.5,0.2,0.1,0.28571428571428575
826,User_VAR_500_3,2.5,1.0,919,0.5,0.2,0.1,0.28571428571428575
826,Sys_VAR_noexpert_1,2.85,1.92,919,0.5700000000000001,0.384,0.21888000000000002,0.4588679245283019
826,Sys_VAR_noexpert_2,2.85,1.92,919,0.5700000000000001,0.384,0.21888000000000002,0.4588679245283019
826,Sys_VAR_noexpert_3,2.85,1.92,919,0.5700000000000001,0.384,0.21888000000000002,0.4588679245283019
829,User_VAR_500_1,1.67,2.0,919,0.33399999999999996,0.4,0.1336,0.3640326975476839
829,User_VAR_500_2,1.67,2.0,919,0.33399999999999996,0.4,0.1336,0.3640326975476839
829,User_VAR_500_3,1.11,3.0,919,0.22200000000000003,0.6,0.1332,0.32408759124087594
829,Sys_VAR_noexpert_1,1.85,1.2,919,0.37,0.24,0.08879999999999999,0.2911475409836065
829,Sys_VAR_noexpert_2,1.85,1.92,919,0.37,0.384,0.14208,0.37687002652519896
829,Sys_VAR_noexpert_3,1.85,2.1,919,0.37,0.42000000000000004,0.1554,0.39341772151898735
830,User_VAR_500_1,5.0,4.0,920,1.0,0.8,0.8,0.888888888888889
830,User_VAR_500_2,5.0,3.0,920,1.0,0.6,0.6,0.7499999999999999
830,User_VAR_500_3,4.38,3.0,920,0.876,0.6,0.5256,0.7121951219512195
830,Sys_VAR_noexpert_1,5.0,5.0,920,1.0,1.0,1.0,1.0
830,Sys_VAR_noexpert_2,5.0,5.0,920,1.0,1.0,1.0,1.0
830,Sys_VAR_noexpert_3,5.0,5.0,920,1.0,1.0,1.0,1.0
832,User_VAR_500_1,3.33,4.0,920,0.666,0.8,0.5328,0.7268758526603001
832,User_VAR_500_2,3.33,2.0,920,0.666,0.4,0.2664,0.499812382739212
832,User_VAR_500_3,3.33,2.0,920,0.666,0.4,0.2664,0.499812382739212
832,Sys_VAR_noexpert_1,3.2,4.6,920,0.64,0.9199999999999999,0.5888,0.7548717948717948
832,Sys_VAR_noexpert_2,2.85,4.35,920,0.5700000000000001,0.8699999999999999,0.4959,0.6887500000000001
832,Sys_VAR_noexpert_3,2.85,3.6,920,0.5700000000000001,0.72,0.41040000000000004,0.6362790697674419
835,User_VAR_500_1,3.33,3.0,920,0.666,0.6,0.3996,0.6312796208530805
835,User_VAR_500_2,3.33,3.0,920,0.666,0.6,0.3996,0.6312796208530805
835,User_VAR_500_3,3.33,3.0,920,0.666,0.6,0.3996,0.6312796208530805
835,Sys_VAR_noexpert_1,3.45,4.1,920,0.6900000000000001,0.82,0.5658,0.7494039735099337
835,Sys_VAR_noexpert_2,3.45,4.1,920,0.6900000000000001,0.82,0.5658,0.7494039735099337
835,Sys_VAR_noexpert_3,3.85,3.9,920,0.77,0.78,0.6006,0.7749677419354839
836,User_VAR_500_1,5.0,3.0,920,1.0,0.6,0.6,0.7499999999999999
836,User_VAR_500_2,5.0,3.0,920,1.0,0.6,0.6,0.7499999999999999
836,User_VAR_500_3,5.0,3.0,920,1.0,0.6,0.6,0.7499999999999999
836,Sys_VAR_noexpert_1,4.92,3.85,920,0.984,0.77,0.75768,0.863945267958951
836,Sys_VAR_noexpert_2,4.92,4.65,920,0.984,0.93,0.91512,0.9562382445141066
836,Sys_VAR_noexpert_3,4.92,4.65,920,0.984,0.93,0.91512,0.9562382445141066
837,User_VAR_500_1,5.0,4.0,920,1.0,0.8,0.8,0.888888888888889
837,User_VAR_500_2,4.38,5.0,920,0.876,1.0,0.876,0.933901918976546
837,User_VAR_500_3,4.38,3.0,920,0.876,0.6,0.5256,0.7121951219512195
837,Sys_VAR_noexpert_1,5.0,5.0,920,1.0,1.0,1.0,1.0
837,Sys_VAR_noexpert_2,5.0,5.0,920,1.0,1.0,1.0,1.0
837,Sys_VAR_noexpert_3,5.0,5.0,920,1.0,1.0,1.0,1.0
841,User_VAR_500_1,1.25,1.0,922,0.25,0.2,0.05,0.22222222222222224
841,User_VAR_500_2,0.0,1.0,922,0.0,0.2,0.0,0.0
841,User_VAR_500_3,0.0,1.0,922,0.0,0.2,0.0,0.0
841,Sys_VAR_noexpert_1,1.25,1.1,922,0.25,0.22000000000000003,0.05500000000000001,0.23404255319148937
841,Sys_VAR_noexpert_2,1.25,1.1,922,0.25,0.22000000000000003,0.05500000000000001,0.23404255319148937
841,Sys_VAR_noexpert_3,1.85,1.2,922,0.37,0.24,0.08879999999999999,0.2911475409836065
843,User_VAR_500_1,0.56,1.0,922,0.11200000000000002,0.2,0.022400000000000003,0.14358974358974358
843,User_VAR_500_2,0.56,1.0,922,0.11200000000000002,0.2,0.022400000000000003,0.14358974358974358
843,User_VAR_500_3,0.71,1.0,922,0.142,0.2,0.028399999999999998,0.16608187134502925
843,Sys_VAR_noexpert_1,1.85,1.2,922,0.37,0.24,0.08879999999999999,0.2911475409836065
843,Sys_VAR_noexpert_2,1.85,1.2,922,0.37,0.24,0.08879999999999999,0.2911475409836065
843,Sys_VAR_noexpert_3,1.85,1.2,922,0.37,0.24,0.08879999999999999,0.2911475409836065
844,User_VAR_500_1,4.29,2.0,922,0.858,0.4,0.3432,0.5456279809220985
844,User_VAR_500_2,4.29,2.0,922,0.858,0.4,0.3432,0.5456279809220985
844,User_VAR_500_3,3.89,2.0,922,0.778,0.4,0.31120000000000003,0.5283531409168082
844,Sys_VAR_noexpert_1,3.85,1.2,922,0.77,0.24,0.1848,0.36594059405940593
844,Sys_VAR_noexpert_2,3.85,1.2,922,0.77,0.24,0.1848,0.36594059405940593
844,Sys_VAR_noexpert_3,4.92,4.65,922,0.984,0.93,0.91512,0.9562382445141066
845,User_VAR_500_1,0.0,1.0,922,0.0,0.2,0.0,0.0
845,User_VAR_500_2,0.0,1.0,922,0.0,0.2,0.0,0.0
845,User_VAR_500_3,0.56,1.0,922,0.11200000000000002,0.2,0.022400000000000003,0.14358974358974358
845,Sys_VAR_noexpert_1,1.2,1.8,922,0.24,0.36,0.08639999999999999,0.288
845,Sys_VAR_noexpert_2,1.85,1.92,922,0.37,0.384,0.14208,0.37687002652519896
845,Sys_VAR_noexpert_3,1.85,1.92,922,0.37,0.384,0.14208,0.37687002652519896
846,User_VAR_500_1,2.22,1.0,922,0.44400000000000006,0.2,0.08880000000000002,0.27577639751552796
846,User_VAR_500_2,0.0,1.0,922,0.0,0.2,0.0,0.0
846,User_VAR_500_3,0.83,1.0,922,0.16599999999999998,0.2,0.0332,0.1814207650273224
846,Sys_VAR_noexpert_1,1.85,1.2,922,0.37,0.24,0.08879999999999999,0.2911475409836065
846,Sys_VAR_noexpert_2,2.85,1.92,922,0.5700000000000001,0.384,0.21888000000000002,0.4588679245283019
846,Sys_VAR_noexpert_3,1.25,1.8,922,0.25,0.36,0.09,0.29508196721311475
850,User_VAR_500_1,5.0,4.0,928,1.0,0.8,0.8,0.888888888888889
850,User_VAR_500_2,4.38,4.0,928,0.876,0.8,0.7008000000000001,0.8362768496420048
850,User_VAR_500_3,4.38,4.0,928,0.876,0.8,0.7008000000000001,0.8362768496420048
850,Sys_VAR_noexpert_1,4.92,4.65,928,0.984,0.93,0.91512,0.9562382445141066
850,Sys_VAR_noexpert_2,4.92,4.65,928,0.984,0.93,0.91512,0.9562382445141066
850,Sys_VAR_noexpert_3,5.0,5.0,928,1.0,1.0,1.0,1.0
851,User_VAR_500_1,5.0,4.0,928,1.0,0.8,0.8,0.888888888888889
851,User_VAR_500_2,5.0,3.0,928,1.0,0.6,0.6,0.7499999999999999
851,User_VAR_500_3,5.0,4.0,928,1.0,0.8,0.8,0.888888888888889
851,Sys_VAR_noexpert_1,4.92,4.35,928,0.984,0.8699999999999999,0.8560799999999998,0.9234951456310678
851,Sys_VAR_noexpert_2,4.92,4.65,928,0.984,0.93,0.91512,0.9562382445141066
851,Sys_VAR_noexpert_3,5.0,5.0,928,1.0,1.0,1.0,1.0
853,User_VAR_500_1,1.11,3.0,928,0.22200000000000003,0.6,0.1332,0.32408759124087594
853,User_VAR_500_2,1.67,3.0,928,0.33399999999999996,0.6,0.20039999999999997,0.42912205567451817
853,User_VAR_500_3,1.11,3.0,928,0.22200000000000003,0.6,0.1332,0.32408759124087594
853,Sys_VAR_noexpert_1,1.85,3.9,928,0.37,0.78,0.2886,0.5019130434782609
853,Sys_VAR_noexpert_2,2.85,3.92,928,0.5700000000000001,0.784,0.44688000000000005,0.6600886262924668
853,Sys_VAR_noexpert_3,2.14,3.85,928,0.42800000000000005,0.77,0.32956,0.5501836393989984
856,User_VAR_500_1,4.38,4.0,928,0.876,0.8,0.7008000000000001,0.8362768496420048
856,User_VAR_500_2,4.38,4.0,928,0.876,0.8,0.7008000000000001,0.8362768496420048
856,User_VAR_500_3,4.38,4.0,928,0.876,0.8,0.7008000000000001,0.8362768496420048
856,Sys_VAR_noexpert_1,4.92,4.98,928,0.984,0.9960000000000001,0.980064,0.9899636363636364
856,Sys_VAR_noexpert_2,4.92,5.0,928,0.984,1.0,0.984,0.9919354838709677
856,Sys_VAR_noexpert_3,4.92,5.0,928,0.984,1.0,0.984,0.9919354838709677
858,User_VAR_500_1,5.0,3.0,928,1.0,0.6,0.6,0.7499999999999999
858,User_VAR_500_2,5.0,3.0,928,1.0,0.6,0.6,0.7499999999999999
858,User_VAR_500_3,5.0,3.0,928,1.0,0.6,0.6,0.7499999999999999
858,Sys_VAR_noexpert_1,5.0,5.0,928,1.0,1.0,1.0,1.0
858,Sys_VAR_noexpert_2,5.0,5.0,928,1.0,1.0,1.0,1.0
858,Sys_VAR_noexpert_3,5.0,5.0,928,1.0,1.0,1.0,1.0
862,User_VAR_500_1,5.0,4.0,931,1.0,0.8,0.8,0.888888888888889
862,User_VAR_500_2,5.0,3.0,931,1.0,0.6,0.6,0.7499999999999999
862,User_VAR_500_3,5.0,3.0,931,1.0,0.6,0.6,0.7499999999999999
862,Sys_VAR_noexpert_1,4.92,4.65,931,0.984,0.93,0.91512,0.9562382445141066
862,Sys_VAR_noexpert_2,5.0,5.0,931,1.0,1.0,1.0,1.0
862,Sys_VAR_noexpert_3,5.0,5.0,931,1.0,1.0,1.0,1.0
863,User_VAR_500_1,4.38,4.0,931,0.876,0.8,0.7008000000000001,0.8362768496420048
863,User_VAR_500_2,5.0,4.0,931,1.0,0.8,0.8,0.888888888888889
863,User_VAR_500_3,5.0,3.0,931,1.0,0.6,0.6,0.7499999999999999
863,Sys_VAR_noexpert_1,5.0,5.0,931,1.0,1.0,1.0,1.0
863,Sys_VAR_noexpert_2,5.0,5.0,931,1.0,1.0,1.0,1.0
863,Sys_VAR_noexpert_3,5.0,5.0,931,1.0,1.0,1.0,1.0
866,User_VAR_500_1,5.0,2.0,931,1.0,0.4,0.4,0.5714285714285715
866,User_VAR_500_2,3.75,4.0,931,0.75,0.8,0.6000000000000001,0.7741935483870969
866,User_VAR_500_3,3.75,2.0,931,0.75,0.4,0.30000000000000004,0.5217391304347827
866,Sys_VAR_noexpert_1,2.85,2.9,931,0.5700000000000001,0.58,0.3306,0.5749565217391305
866,Sys_VAR_noexpert_2,3.42,2.85,931,0.6839999999999999,0.5700000000000001,0.38988,0.6218181818181818
866,Sys_VAR_noexpert_3,3.42,3.15,931,0.6839999999999999,0.63,0.43091999999999997,0.655890410958904
867,User_VAR_500_1,3.75,3.0,931,0.75,0.6,0.44999999999999996,0.6666666666666665
867,User_VAR_500_2,3.75,3.0,931,0.75,0.6,0.44999999999999996,0.6666666666666665
867,User_VAR_500_3,3.75,3.0,931,0.75,0.6,0.44999999999999996,0.6666666666666665
867,Sys_VAR_noexpert_1,2.85,3.2,931,0.5700000000000001,0.64,0.36480000000000007,0.6029752066115703
867,Sys_VAR_noexpert_2,3.42,4.15,931,0.6839999999999999,0.8300000000000001,0.56772,0.7499603698811096
867,Sys_VAR_noexpert_3,2.85,3.2,931,0.5700000000000001,0.64,0.36480000000000007,0.6029752066115703
869,User_VAR_500_1,4.29,2.0,931,0.858,0.4,0.3432,0.5456279809220985
869,User_VAR_500_2,4.29,1.0,931,0.858,0.2,0.1716,0.3243856332703213
869,User_VAR_500_3,5.0,3.0,931,1.0,0.6,0.6,0.7499999999999999
869,Sys_VAR_noexpert_1,4.85,3.7,931,0.97,0.74,0.7178,0.83953216374269
869,Sys_VAR_noexpert_2,4.85,2.1,931,0.97,0.42000000000000004,0.40740000000000004,0.5861870503597122
869,Sys_VAR_noexpert_3,4.15,2.8,931,0.8300000000000001,0.5599999999999999,0.4648,0.6687769784172661
870,User_VAR_500_1,3.0,3.0,943,0.6,0.6,0.36,0.6
870,User_VAR_500_2,2.78,4.0,943,0.5559999999999999,0.8,0.4448,0.656047197640118
870,User_VAR_500_3,2.78,4.0,943,0.5559999999999999,0.8,0.4448,0.656047197640118
870,Sys_VAR_noexpert_1,2.15,3.85,943,0.43,0.77,0.3311,0.5518333333333334
870,Sys_VAR_noexpert_2,2.85,3.2,943,0.5700000000000001,0.64,0.36480000000000007,0.6029752066115703
870,Sys_VAR_noexpert_3,1.85,2.4,943,0.37,0.48,0.17759999999999998,0.4178823529411764
871,User_VAR_500_1,4.0,4.0,943,0.8,0.8,0.6400000000000001,0.8000000000000002
871,User_VAR_500_2,4.0,4.0,943,0.8,0.8,0.6400000000000001,0.8000000000000002
871,User_VAR_500_3,4.0,4.0,943,0.8,0.8,0.6400000000000001,0.8000000000000002
871,Sys_VAR_noexpert_1,5.0,5.0,943,1.0,1.0,1.0,1.0
871,Sys_VAR_noexpert_2,4.85,3.92,943,0.97,0.784,0.76048,0.8671379703534778
871,Sys_VAR_noexpert_3,5.0,5.0,943,1.0,1.0,1.0,1.0
873,User_VAR_500_1,5.0,4.0,943,1.0,0.8,0.8,0.888888888888889
873,User_VAR_500_2,5.0,4.0,943,1.0,0.8,0.8,0.888888888888889
873,User_VAR_500_3,5.0,4.0,943,1.0,0.8,0.8,0.888888888888889
873,Sys_VAR_noexpert_1,5.0,5.0,943,1.0,1.0,1.0,1.0
873,Sys_VAR_noexpert_2,5.0,5.0,943,1.0,1.0,1.0,1.0
873,Sys_VAR_noexpert_3,5.0,5.0,943,1.0,1.0,1.0,1.0
875,User_VAR_500_1,5.0,4.0,943,1.0,0.8,0.8,0.888888888888889
875,User_VAR_500_2,3.89,3.0,943,0.778,0.6,0.4668,0.6775036284470246
875,User_VAR_500_3,5.0,3.0,943,1.0,0.6,0.6,0.7499999999999999
875,Sys_VAR_noexpert_1,5.0,5.0,943,1.0,1.0,1.0,1.0
875,Sys_VAR_noexpert_2,5.0,5.0,943,1.0,1.0,1.0,1.0
875,Sys_VAR_noexpert_3,5.0,5.0,943,1.0,1.0,1.0,1.0
879,User_VAR_500_1,5.0,4.0,943,1.0,0.8,0.8,0.888888888888889
879,User_VAR_500_2,5.0,4.0,943,1.0,0.8,0.8,0.888888888888889
879,User_VAR_500_3,5.0,4.0,943,1.0,0.8,0.8,0.888888888888889
879,Sys_VAR_noexpert_1,4.35,3.85,943,0.8699999999999999,0.77,0.6698999999999999,0.8169512195121951
879,Sys_VAR_noexpert_2,4.65,4.35,943,0.93,0.8699999999999999,0.8090999999999999,0.899
879,Sys_VAR_noexpert_3,4.65,3.95,943,0.93,0.79,0.7347,0.8543023255813953
880,User_VAR_500_1,5.0,5.0,952,1.0,1.0,1.0,1.0
880,User_VAR_500_2,5.0,5.0,952,1.0,1.0,1.0,1.0
880,User_VAR_500_3,5.0,5.0,952,1.0,1.0,1.0,1.0
880,Sys_VAR_noexpert_1,4.15,3.8,952,0.8300000000000001,0.76,0.6308,0.7934591194968553
880,Sys_VAR_noexpert_2,5.0,5.0,952,1.0,1.0,1.0,1.0
880,Sys_VAR_noexpert_3,3.85,3.6,952,0.77,0.72,0.5544,0.7441610738255033
884,User_VAR_500_1,0.0,4.0,952,0.0,0.8,0.0,0.0
884,User_VAR_500_2,0.0,5.0,952,0.0,1.0,0.0,0.0
884,User_VAR_500_3,0.0,5.0,952,0.0,1.0,0.0,0.0
884,Sys_VAR_noexpert_1,0.0,1.2,952,0.0,0.24,0.0,0.0
884,Sys_VAR_noexpert_2,0.0,4.8,952,0.0,0.96,0.0,0.0
884,Sys_VAR_noexpert_3,0.85,4.92,952,0.16999999999999998,0.984,0.16727999999999998,0.2899133448873483
885,User_VAR_500_1,5.0,4.0,952,1.0,0.8,0.8,0.888888888888889
885,User_VAR_500_2,5.0,4.0,952,1.0,0.8,0.8,0.888888888888889
885,User_VAR_500_3,5.0,4.0,952,1.0,0.8,0.8,0.888888888888889
885,Sys_VAR_noexpert_1,5.0,5.0,952,1.0,1.0,1.0,1.0
885,Sys_VAR_noexpert_2,5.0,5.0,952,1.0,1.0,1.0,1.0
885,Sys_VAR_noexpert_3,5.0,5.0,952,1.0,1.0,1.0,1.0
886,User_VAR_500_1,5.0,4.0,952,1.0,0.8,0.8,0.888888888888889
886,User_VAR_500_2,5.0,4.0,952,1.0,0.8,0.8,0.888888888888889
886,User_VAR_500_3,5.0,4.0,952,1.0,0.8,0.8,0.888888888888889
886,Sys_VAR_noexpert_1,5.0,5.0,952,1.0,1.0,1.0,1.0
886,Sys_VAR_noexpert_2,5.0,5.0,952,1.0,1.0,1.0,1.0
886,Sys_VAR_noexpert_3,5.0,5.0,952,1.0,1.0,1.0,1.0
889,User_VAR_500_1,5.0,5.0,952,1.0,1.0,1.0,1.0
889,User_VAR_500_2,5.0,5.0,952,1.0,1.0,1.0,1.0
889,User_VAR_500_3,5.0,5.0,952,1.0,1.0,1.0,1.0
889,Sys_VAR_noexpert_1,5.0,5.0,952,1.0,1.0,1.0,1.0
889,Sys_VAR_noexpert_2,5.0,5.0,952,1.0,1.0,1.0,1.0
889,Sys_VAR_noexpert_3,5.0,5.0,952,1.0,1.0,1.0,1.0
894,User_VAR_500_1,5.0,4.0,960,1.0,0.8,0.8,0.888888888888889
894,User_VAR_500_2,5.0,4.0,960,1.0,0.8,0.8,0.888888888888889
894,User_VAR_500_3,5.0,4.0,960,1.0,0.8,0.8,0.888888888888889
894,Sys_VAR_noexpert_1,4.85,3.92,960,0.97,0.784,0.76048,0.8671379703534778
894,Sys_VAR_noexpert_2,4.85,4.35,960,0.97,0.8699999999999999,0.8438999999999999,0.9172826086956521
894,Sys_VAR_noexpert_3,4.85,4.6,960,0.97,0.9199999999999999,0.8923999999999999,0.9443386243386243
895,User_VAR_500_1,5.0,4.0,960,1.0,0.8,0.8,0.888888888888889
895,User_VAR_500_2,5.0,4.0,960,1.0,0.8,0.8,0.888888888888889
895,User_VAR_500_3,5.0,4.0,960,1.0,0.8,0.8,0.888888888888889
895,Sys_VAR_noexpert_1,5.0,5.0,960,1.0,1.0,1.0,1.0
895,Sys_VAR_noexpert_2,5.0,5.0,960,1.0,1.0,1.0,1.0
895,Sys_VAR_noexpert_3,5.0,5.0,960,1.0,1.0,1.0,1.0
896,User_VAR_500_1,5.0,4.0,960,1.0,0.8,0.8,0.888888888888889
896,User_VAR_500_2,5.0,4.0,960,1.0,0.8,0.8,0.888888888888889
896,User_VAR_500_3,5.0,4.0,960,1.0,0.8,0.8,0.888888888888889
896,Sys_VAR_noexpert_1,4.92,3.65,960,0.984,0.73,0.71832,0.8381796966161027
896,Sys_VAR_noexpert_2,4.92,3.65,960,0.984,0.73,0.71832,0.8381796966161027
896,Sys_VAR_noexpert_3,4.85,3.2,960,0.97,0.64,0.6208,0.7711801242236026
898,User_VAR_500_1,5.0,3.0,960,1.0,0.6,0.6,0.7499999999999999
898,User_VAR_500_2,5.0,4.0,960,1.0,0.8,0.8,0.888888888888889
898,User_VAR_500_3,5.0,4.0,960,1.0,0.8,0.8,0.888888888888889
898,Sys_VAR_noexpert_1,5.0,5.0,960,1.0,1.0,1.0,1.0
898,Sys_VAR_noexpert_2,5.0,5.0,960,1.0,1.0,1.0,1.0
898,Sys_VAR_noexpert_3,5.0,5.0,960,1.0,1.0,1.0,1.0
899,User_VAR_500_1,5.0,4.0,960,1.0,0.8,0.8,0.888888888888889
899,User_VAR_500_2,4.29,4.0,960,0.858,0.8,0.6864,0.8279855247285887
899,User_VAR_500_3,4.29,4.0,960,0.858,0.8,0.6864,0.8279855247285887
899,Sys_VAR_noexpert_1,5.0,5.0,960,1.0,1.0,1.0,1.0
899,Sys_VAR_noexpert_2,5.0,5.0,960,1.0,1.0,1.0,1.0
899,Sys_VAR_noexpert_3,5.0,5.0,960,1.0,1.0,1.0,1.0
900,User_VAR_500_1,3.75,2.0,962,0.75,0.4,0.30000000000000004,0.5217391304347827
900,User_VAR_500_2,4.38,3.0,962,0.876,0.6,0.5256,0.7121951219512195
900,User_VAR_500_3,4.38,2.0,962,0.876,0.4,0.35040000000000004,0.5492163009404389
900,Sys_VAR_noexpert_1,4.12,3.85,962,0.8240000000000001,0.77,0.63448,0.7960853199498118
900,Sys_VAR_noexpert_2,4.35,4.12,962,0.8699999999999999,0.8240000000000001,0.71688,0.846375442739079
900,Sys_VAR_noexpert_3,4.25,4.6,962,0.85,0.9199999999999999,0.7819999999999999,0.8836158192090394
901,User_VAR_500_1,4.44,4.0,962,0.8880000000000001,0.8,0.7104000000000001,0.8417061611374408
901,User_VAR_500_2,5.0,4.0,962,1.0,0.8,0.8,0.888888888888889
901,User_VAR_500_3,4.44,4.0,962,0.8880000000000001,0.8,0.7104000000000001,0.8417061611374408
901,Sys_VAR_noexpert_1,5.0,5.0,962,1.0,1.0,1.0,1.0
901,Sys_VAR_noexpert_2,5.0,5.0,962,1.0,1.0,1.0,1.0
901,Sys_VAR_noexpert_3,4.85,5.0,962,0.97,1.0,0.97,0.9847715736040609
902,User_VAR_500_1,5.0,4.0,962,1.0,0.8,0.8,0.888888888888889
902,User_VAR_500_2,5.0,4.0,962,1.0,0.8,0.8,0.888888888888889
902,User_VAR_500_3,5.0,4.0,962,1.0,0.8,0.8,0.888888888888889
902,Sys_VAR_noexpert_1,5.0,5.0,962,1.0,1.0,1.0,1.0
902,Sys_VAR_noexpert_2,5.0,5.0,962,1.0,1.0,1.0,1.0
902,Sys_VAR_noexpert_3,5.0,5.0,962,1.0,1.0,1.0,1.0
905,User_VAR_500_1,5.0,4.0,962,1.0,0.8,0.8,0.888888888888889
905,User_VAR_500_2,5.0,4.0,962,1.0,0.8,0.8,0.888888888888889
905,User_VAR_500_3,3.75,4.0,962,0.75,0.8,0.6000000000000001,0.7741935483870969
905,Sys_VAR_noexpert_1,3.85,4.72,962,0.77,0.944,0.72688,0.8481680280046674
905,Sys_VAR_noexpert_2,3.45,3.82,962,0.6900000000000001,0.764,0.5271600000000001,0.7251169188445667
905,Sys_VAR_noexpert_3,3.85,4.1,962,0.77,0.82,0.6314,0.7942138364779875
907,User_VAR_500_1,5.0,4.0,962,1.0,0.8,0.8,0.888888888888889
907,User_VAR_500_2,5.0,4.0,962,1.0,0.8,0.8,0.888888888888889
907,User_VAR_500_3,5.0,4.0,962,1.0,0.8,0.8,0.888888888888889
907,Sys_VAR_noexpert_1,4.85,3.92,962,0.97,0.784,0.76048,0.8671379703534778
907,Sys_VAR_noexpert_2,4.65,3.85,962,0.93,0.77,0.7161000000000001,0.8424705882352941
907,Sys_VAR_noexpert_3,4.85,3.92,962,0.97,0.784,0.76048,0.8671379703534778
910,User_VAR_500_1,5.0,2.0,968,1.0,0.4,0.4,0.5714285714285715
910,User_VAR_500_2,5.0,2.0,968,1.0,0.4,0.4,0.5714285714285715
910,User_VAR_500_3,5.0,2.0,968,1.0,0.4,0.4,0.5714285714285715
910,Sys_VAR_noexpert_1,4.92,3.85,968,0.984,0.77,0.75768,0.863945267958951
910,Sys_VAR_noexpert_2,4.85,3.92,968,0.97,0.784,0.76048,0.8671379703534778
910,Sys_VAR_noexpert_3,4.85,3.92,968,0.97,0.784,0.76048,0.8671379703534778
914,User_VAR_500_1,4.17,4.0,968,0.834,0.8,0.6672,0.8166462668298654
914,User_VAR_500_2,4.29,4.0,968,0.858,0.8,0.6864,0.8279855247285887
914,User_VAR_500_3,4.29,4.0,968,0.858,0.8,0.6864,0.8279855247285887
914,Sys_VAR_noexpert_1,3.85,4.2,968,0.77,0.8400000000000001,0.6468,0.8034782608695652
914,Sys_VAR_noexpert_2,3.85,4.2,968,0.77,0.8400000000000001,0.6468,0.8034782608695652
914,Sys_VAR_noexpert_3,3.85,4.2,968,0.77,0.8400000000000001,0.6468,0.8034782608695652
917,User_VAR_500_1,5.0,4.0,968,1.0,0.8,0.8,0.888888888888889
917,User_VAR_500_2,5.0,4.0,968,1.0,0.8,0.8,0.888888888888889
917,User_VAR_500_3,5.0,4.0,968,1.0,0.8,0.8,0.888888888888889
917,Sys_VAR_noexpert_1,4.85,3.92,968,0.97,0.784,0.76048,0.8671379703534778
917,Sys_VAR_noexpert_2,4.85,2.9,968,0.97,0.58,0.5626,0.7259354838709678
917,Sys_VAR_noexpert_3,5.0,3.8,968,1.0,0.76,0.76,0.8636363636363636
918,User_VAR_500_1,5.0,4.0,968,1.0,0.8,0.8,0.888888888888889
918,User_VAR_500_2,5.0,4.0,968,1.0,0.8,0.8,0.888888888888889
918,User_VAR_500_3,5.0,4.0,968,1.0,0.8,0.8,0.888888888888889
918,Sys_VAR_noexpert_1,5.0,5.0,968,1.0,1.0,1.0,1.0
918,Sys_VAR_noexpert_2,4.92,4.65,968,0.984,0.93,0.91512,0.9562382445141066
918,Sys_VAR_noexpert_3,4.85,3.9,968,0.97,0.78,0.7566,0.8646857142857144
919,User_VAR_500_1,5.0,4.0,968,1.0,0.8,0.8,0.888888888888889
919,User_VAR_500_2,5.0,4.0,968,1.0,0.8,0.8,0.888888888888889
919,User_VAR_500_3,5.0,4.0,968,1.0,0.8,0.8,0.888888888888889
919,Sys_VAR_noexpert_1,4.92,3.85,968,0.984,0.77,0.75768,0.863945267958951
919,Sys_VAR_noexpert_2,4.92,3.85,968,0.984,0.77,0.75768,0.863945267958951
919,Sys_VAR_noexpert_3,5.0,5.0,968,1.0,1.0,1.0,1.0
923,User_VAR_500_1,5.0,2.0,971,1.0,0.4,0.4,0.5714285714285715
923,User_VAR_500_2,5.0,3.0,971,1.0,0.6,0.6,0.7499999999999999
923,User_VAR_500_3,5.0,3.0,971,1.0,0.6,0.6,0.7499999999999999
923,Sys_VAR_noexpert_1,4.92,3.85,971,0.984,0.77,0.75768,0.863945267958951
923,Sys_VAR_noexpert_2,5.0,5.0,971,1.0,1.0,1.0,1.0
923,Sys_VAR_noexpert_3,4.92,3.65,971,0.984,0.73,0.71832,0.8381796966161027
924,User_VAR_500_1,4.38,4.0,971,0.876,0.8,0.7008000000000001,0.8362768496420048
924,User_VAR_500_2,4.38,2.0,971,0.876,0.4,0.35040000000000004,0.5492163009404389
924,User_VAR_500_3,4.38,4.0,971,0.876,0.8,0.7008000000000001,0.8362768496420048
924,Sys_VAR_noexpert_1,3.85,2.9,971,0.77,0.58,0.4466,0.6616296296296296
924,Sys_VAR_noexpert_2,4.12,3.85,971,0.8240000000000001,0.77,0.63448,0.7960853199498118
924,Sys_VAR_noexpert_3,4.15,2.85,971,0.8300000000000001,0.5700000000000001,0.4731000000000001,0.6758571428571429
925,User_VAR_500_1,1.88,2.0,971,0.376,0.4,0.1504,0.38762886597938145
925,User_VAR_500_2,3.75,2.0,971,0.75,0.4,0.30000000000000004,0.5217391304347827
925,User_VAR_500_3,3.75,2.0,971,0.75,0.4,0.30000000000000004,0.5217391304347827
925,Sys_VAR_noexpert_1,1.85,1.2,971,0.37,0.24,0.08879999999999999,0.2911475409836065
925,Sys_VAR_noexpert_2,2.85,1.2,971,0.5700000000000001,0.24,0.1368,0.3377777777777778
925,Sys_VAR_noexpert_3,2.15,1.8,971,0.43,0.36,0.1548,0.39189873417721516
926,User_VAR_500_1,5.0,4.0,971,1.0,0.8,0.8,0.888888888888889
926,User_VAR_500_2,5.0,5.0,971,1.0,1.0,1.0,1.0
926,User_VAR_500_3,5.0,4.0,971,1.0,0.8,0.8,0.888888888888889
926,Sys_VAR_noexpert_1,5.0,5.0,971,1.0,1.0,1.0,1.0
926,Sys_VAR_noexpert_2,5.0,5.0,971,1.0,1.0,1.0,1.0
926,Sys_VAR_noexpert_3,5.0,5.0,971,1.0,1.0,1.0,1.0
928,User_VAR_500_1,5.0,2.0,971,1.0,0.4,0.4,0.5714285714285715
928,User_VAR_500_2,5.0,2.0,971,1.0,0.4,0.4,0.5714285714285715
928,User_VAR_500_3,5.0,2.0,971,1.0,0.4,0.4,0.5714285714285715
928,Sys_VAR_noexpert_1,4.92,4.65,971,0.984,0.93,0.91512,0.9562382445141066
928,Sys_VAR_noexpert_2,4.92,3.85,971,0.984,0.77,0.75768,0.863945267958951
928,Sys_VAR_noexpert_3,4.92,3.85,971,0.984,0.77,0.75768,0.863945267958951
931,User_VAR_500_1,5.0,2.0,972,1.0,0.4,0.4,0.5714285714285715
931,User_VAR_500_2,5.0,2.0,972,1.0,0.4,0.4,0.5714285714285715
931,User_VAR_500_3,5.0,1.0,972,1.0,0.2,0.2,0.33333333333333337
931,Sys_VAR_noexpert_1,4.65,3.85,972,0.93,0.77,0.7161000000000001,0.8424705882352941
931,Sys_VAR_noexpert_2,5.0,5.0,972,1.0,1.0,1.0,1.0
931,Sys_VAR_noexpert_3,4.65,3.85,972,0.93,0.77,0.7161000000000001,0.8424705882352941
934,User_VAR_500_1,5.0,3.0,972,1.0,0.6,0.6,0.7499999999999999
934,User_VAR_500_2,5.0,4.0,972,1.0,0.8,0.8,0.888888888888889
934,User_VAR_500_3,5.0,4.0,972,1.0,0.8,0.8,0.888888888888889
934,Sys_VAR_noexpert_1,4.85,3.2,972,0.97,0.64,0.6208,0.7711801242236026
934,Sys_VAR_noexpert_2,4.85,3.2,972,0.97,0.64,0.6208,0.7711801242236026
934,Sys_VAR_noexpert_3,4.85,3.2,972,0.97,0.64,0.6208,0.7711801242236026
936,User_VAR_500_1,5.0,1.0,972,1.0,0.2,0.2,0.33333333333333337
936,User_VAR_500_2,4.44,1.0,972,0.8880000000000001,0.2,0.17760000000000004,0.3264705882352942
936,User_VAR_500_3,4.38,1.0,972,0.876,0.2,0.17520000000000002,0.32565055762081785
936,Sys_VAR_noexpert_1,5.0,5.0,972,1.0,1.0,1.0,1.0
936,Sys_VAR_noexpert_2,4.85,3.9,972,0.97,0.78,0.7566,0.8646857142857144
936,Sys_VAR_noexpert_3,5.0,5.0,972,1.0,1.0,1.0,1.0
938,User_VAR_500_1,5.0,4.0,972,1.0,0.8,0.8,0.888888888888889
938,User_VAR_500_2,4.44,4.0,972,0.8880000000000001,0.8,0.7104000000000001,0.8417061611374408
938,User_VAR_500_3,5.0,4.0,972,1.0,0.8,0.8,0.888888888888889
938,Sys_VAR_noexpert_1,4.85,5.0,972,0.97,1.0,0.97,0.9847715736040609
938,Sys_VAR_noexpert_2,4.85,5.0,972,0.97,1.0,0.97,0.9847715736040609
938,Sys_VAR_noexpert_3,4.65,4.35,972,0.93,0.8699999999999999,0.8090999999999999,0.899
939,User_VAR_500_1,5.0,2.0,972,1.0,0.4,0.4,0.5714285714285715
939,User_VAR_500_2,5.0,2.0,972,1.0,0.4,0.4,0.5714285714285715
939,User_VAR_500_3,5.0,2.0,972,1.0,0.4,0.4,0.5714285714285715
939,Sys_VAR_noexpert_1,4.85,1.2,972,0.97,0.24,0.23279999999999998,0.384793388429752
939,Sys_VAR_noexpert_2,5.0,5.0,972,1.0,1.0,1.0,1.0
939,Sys_VAR_noexpert_3,3.85,1.75,972,0.77,0.35,0.26949999999999996,0.4812499999999999
940,User_VAR_500_1,4.29,2.0,981,0.858,0.4,0.3432,0.5456279809220985
940,User_VAR_500_2,4.29,2.0,981,0.858,0.4,0.3432,0.5456279809220985
940,User_VAR_500_3,4.29,2.0,981,0.858,0.4,0.3432,0.5456279809220985
940,Sys_VAR_noexpert_1,3.65,3.42,981,0.73,0.6839999999999999,0.49931999999999993,0.7062517680339462
940,Sys_VAR_noexpert_2,4.2,3.8,981,0.8400000000000001,0.76,0.6384000000000001,0.798
940,Sys_VAR_noexpert_3,3.45,2.85,981,0.6900000000000001,0.5700000000000001,0.3933000000000001,0.6242857142857143
944,User_VAR_500_1,3.33,2.0,981,0.666,0.4,0.2664,0.499812382739212
944,User_VAR_500_2,3.33,2.0,981,0.666,0.4,0.2664,0.499812382739212
944,User_VAR_500_3,5.0,2.0,981,1.0,0.4,0.4,0.5714285714285715
944,Sys_VAR_noexpert_1,3.45,2.85,981,0.6900000000000001,0.5700000000000001,0.3933000000000001,0.6242857142857143
944,Sys_VAR_noexpert_2,3.85,1.92,981,0.77,0.384,0.29568,0.5124436741767765
944,Sys_VAR_noexpert_3,3.2,1.8,981,0.64,0.36,0.2304,0.4608
946,User_VAR_500_1,5.0,2.0,981,1.0,0.4,0.4,0.5714285714285715
946,User_VAR_500_2,5.0,3.0,981,1.0,0.6,0.6,0.7499999999999999
946,User_VAR_500_3,3.57,2.0,981,0.714,0.4,0.2856,0.5127468581687613
946,Sys_VAR_noexpert_1,4.85,4.6,981,0.97,0.9199999999999999,0.8923999999999999,0.9443386243386243
946,Sys_VAR_noexpert_2,4.85,4.6,981,0.97,0.9199999999999999,0.8923999999999999,0.9443386243386243
946,Sys_VAR_noexpert_3,4.85,4.6,981,0.97,0.9199999999999999,0.8923999999999999,0.9443386243386243
948,User_VAR_500_1,3.33,1.0,981,0.666,0.2,0.1332,0.30762124711316396
948,User_VAR_500_2,3.33,1.0,981,0.666,0.2,0.1332,0.30762124711316396
948,User_VAR_500_3,3.33,1.0,981,0.666,0.2,0.1332,0.30762124711316396
948,Sys_VAR_noexpert_1,3.2,1.8,981,0.64,0.36,0.2304,0.4608
948,Sys_VAR_noexpert_2,3.85,2.9,981,0.77,0.58,0.4466,0.6616296296296296
948,Sys_VAR_noexpert_3,3.25,1.85,981,0.65,0.37,0.2405,0.4715686274509804
949,User_VAR_500_1,2.14,2.0,981,0.42800000000000005,0.4,0.17120000000000002,0.41352657004830917
949,User_VAR_500_2,3.12,2.0,981,0.624,0.4,0.24960000000000002,0.48750000000000004
949,User_VAR_500_3,4.17,3.0,981,0.834,0.6,0.5004,0.697907949790795
949,Sys_VAR_noexpert_1,2.85,3.42,981,0.5700000000000001,0.6839999999999999,0.38988,0.6218181818181818
949,Sys_VAR_noexpert_2,3.85,2.4,981,0.77,0.48,0.3696,0.59136
949,Sys_VAR_noexpert_3,2.85,3.42,981,0.5700000000000001,0.6839999999999999,0.38988,0.6218181818181818
950,User_VAR_500_1,3.12,1.0,982,0.624,0.2,0.12480000000000001,0.3029126213592233
950,User_VAR_500_2,3.12,1.0,982,0.624,0.2,0.12480000000000001,0.3029126213592233
950,User_VAR_500_3,3.12,1.0,982,0.624,0.2,0.12480000000000001,0.3029126213592233
950,Sys_VAR_noexpert_1,2.15,1.2,982,0.43,0.24,0.1032,0.30805970149253736
950,Sys_VAR_noexpert_2,2.15,1.85,982,0.43,0.37,0.1591,0.39774999999999994
950,Sys_VAR_noexpert_3,1.85,0.92,982,0.37,0.184,0.06808,0.24577617328519855
953,User_VAR_500_1,2.86,2.0,982,0.572,0.4,0.2288,0.47078189300411527
953,User_VAR_500_2,3.57,2.0,982,0.714,0.4,0.2856,0.5127468581687613
953,User_VAR_500_3,2.86,2.0,982,0.572,0.4,0.2288,0.47078189300411527
953,Sys_VAR_noexpert_1,3.42,2.15,982,0.6839999999999999,0.43,0.29412,0.5280430879712747
953,Sys_VAR_noexpert_2,3.85,2.9,982,0.77,0.58,0.4466,0.6616296296296296
953,Sys_VAR_noexpert_3,3.85,3.42,982,0.77,0.6839999999999999,0.5266799999999999,0.7244566712517193
955,User_VAR_500_1,0.0,1.0,982,0.0,0.2,0.0,0.0
955,User_VAR_500_2,2.5,1.0,982,0.5,0.2,0.1,0.28571428571428575
955,User_VAR_500_3,2.5,1.0,982,0.5,0.2,0.1,0.28571428571428575
955,Sys_VAR_noexpert_1,2.15,1.85,982,0.43,0.37,0.1591,0.39774999999999994
955,Sys_VAR_noexpert_2,2.15,1.2,982,0.43,0.24,0.1032,0.30805970149253736
955,Sys_VAR_noexpert_3,2.15,1.8,982,0.43,0.36,0.1548,0.39189873417721516
958,User_VAR_500_1,3.57,1.0,982,0.714,0.2,0.1428,0.31247264770240707
958,User_VAR_500_2,3.57,1.0,982,0.714,0.2,0.1428,0.31247264770240707
958,User_VAR_500_3,3.57,1.0,982,0.714,0.2,0.1428,0.31247264770240707
958,Sys_VAR_noexpert_1,1.85,1.2,982,0.37,0.24,0.08879999999999999,0.2911475409836065
958,Sys_VAR_noexpert_2,1.85,1.2,982,0.37,0.24,0.08879999999999999,0.2911475409836065
958,Sys_VAR_noexpert_3,1.85,1.2,982,0.37,0.24,0.08879999999999999,0.2911475409836065
959,User_VAR_500_1,1.88,2.0,982,0.376,0.4,0.1504,0.38762886597938145
959,User_VAR_500_2,1.88,2.0,982,0.376,0.4,0.1504,0.38762886597938145
959,User_VAR_500_3,1.88,2.0,982,0.376,0.4,0.1504,0.38762886597938145
959,Sys_VAR_noexpert_1,0.85,2.4,982,0.16999999999999998,0.48,0.08159999999999999,0.2510769230769231
959,Sys_VAR_noexpert_2,0.85,2.4,982,0.16999999999999998,0.48,0.08159999999999999,0.2510769230769231
959,Sys_VAR_noexpert_3,0.2,3.8,982,0.04,0.76,0.0304,0.076
961,User_VAR_500_1,5.0,4.0,983,1.0,0.8,0.8,0.888888888888889
961,User_VAR_500_2,0.0,3.0,983,0.0,0.6,0.0,0.0
961,User_VAR_500_3,5.0,4.0,983,1.0,0.8,0.8,0.888888888888889
961,Sys_VAR_noexpert_1,4.85,3.9,983,0.97,0.78,0.7566,0.8646857142857144
961,Sys_VAR_noexpert_2,4.65,3.85,983,0.93,0.77,0.7161000000000001,0.8424705882352941
961,Sys_VAR_noexpert_3,4.65,3.8,983,0.93,0.76,0.7068000000000001,0.8364497041420119
962,User_VAR_500_1,5.0,3.0,983,1.0,0.6,0.6,0.7499999999999999
962,User_VAR_500_2,5.0,3.0,983,1.0,0.6,0.6,0.7499999999999999
962,User_VAR_500_3,5.0,4.0,983,1.0,0.8,0.8,0.888888888888889
962,Sys_VAR_noexpert_1,3.42,3.85,983,0.6839999999999999,0.77,0.5266799999999999,0.7244566712517193
962,Sys_VAR_noexpert_2,3.45,3.8,983,0.6900000000000001,0.76,0.5244000000000001,0.7233103448275863
962,Sys_VAR_noexpert_3,4.65,3.85,983,0.93,0.77,0.7161000000000001,0.8424705882352941
965,User_VAR_500_1,5.0,2.0,983,1.0,0.4,0.4,0.5714285714285715
965,User_VAR_500_2,5.0,3.0,983,1.0,0.6,0.6,0.7499999999999999
965,User_VAR_500_3,5.0,3.0,983,1.0,0.6,0.6,0.7499999999999999
965,Sys_VAR_noexpert_1,4.65,3.85,983,0.93,0.77,0.7161000000000001,0.8424705882352941
965,Sys_VAR_noexpert_2,4.15,3.85,983,0.8300000000000001,0.77,0.6391000000000001,0.7988750000000001
965,Sys_VAR_noexpert_3,4.65,3.95,983,0.93,0.79,0.7347,0.8543023255813953
968,User_VAR_500_1,5.0,2.0,983,1.0,0.4,0.4,0.5714285714285715
968,User_VAR_500_2,5.0,2.0,983,1.0,0.4,0.4,0.5714285714285715
968,User_VAR_500_3,5.0,2.0,983,1.0,0.4,0.4,0.5714285714285715
968,Sys_VAR_noexpert_1,1.85,1.2,983,0.37,0.24,0.08879999999999999,0.2911475409836065
968,Sys_VAR_noexpert_2,1.85,2.4,983,0.37,0.48,0.17759999999999998,0.4178823529411764
968,Sys_VAR_noexpert_3,1.85,1.92,983,0.37,0.384,0.14208,0.37687002652519896
969,User_VAR_500_1,5.0,4.0,983,1.0,0.8,0.8,0.888888888888889
969,User_VAR_500_2,5.0,3.0,983,1.0,0.6,0.6,0.7499999999999999
969,User_VAR_500_3,5.0,4.0,983,1.0,0.8,0.8,0.888888888888889
969,Sys_VAR_noexpert_1,5.0,5.0,983,1.0,1.0,1.0,1.0
969,Sys_VAR_noexpert_2,4.95,4.85,983,0.99,0.97,0.9602999999999999,0.9798979591836734
969,Sys_VAR_noexpert_3,5.0,5.0,983,1.0,1.0,1.0,1.0
972,User_VAR_500_1,0.0,5.0,985,0.0,1.0,0.0,0.0
972,User_VAR_500_2,0.0,5.0,985,0.0,1.0,0.0,0.0
972,User_VAR_500_3,0.0,5.0,985,0.0,1.0,0.0,0.0
972,Sys_VAR_noexpert_1,0.0,5.0,985,0.0,1.0,0.0,0.0
972,Sys_VAR_noexpert_2,1.2,4.2,985,0.24,0.8400000000000001,0.2016,0.3733333333333333
972,Sys_VAR_noexpert_3,0.85,4.92,985,0.16999999999999998,0.984,0.16727999999999998,0.2899133448873483
973,User_VAR_500_1,5.0,5.0,985,1.0,1.0,1.0,1.0
973,User_VAR_500_2,5.0,5.0,985,1.0,1.0,1.0,1.0
973,User_VAR_500_3,3.0,5.0,985,0.6,1.0,0.6,0.7499999999999999
973,Sys_VAR_noexpert_1,5.0,5.0,985,1.0,1.0,1.0,1.0
973,Sys_VAR_noexpert_2,5.0,5.0,985,1.0,1.0,1.0,1.0
973,Sys_VAR_noexpert_3,5.0,5.0,985,1.0,1.0,1.0,1.0
974,User_VAR_500_1,5.0,4.0,985,1.0,0.8,0.8,0.888888888888889
974,User_VAR_500_2,5.0,4.0,985,1.0,0.8,0.8,0.888888888888889
974,User_VAR_500_3,5.0,4.0,985,1.0,0.8,0.8,0.888888888888889
974,Sys_VAR_noexpert_1,4.92,4.35,985,0.984,0.8699999999999999,0.8560799999999998,0.9234951456310678
974,Sys_VAR_noexpert_2,4.85,4.6,985,0.97,0.9199999999999999,0.8923999999999999,0.9443386243386243
974,Sys_VAR_noexpert_3,4.85,3.9,985,0.97,0.78,0.7566,0.8646857142857144
976,User_VAR_500_1,3.0,5.0,985,0.6,1.0,0.6,0.7499999999999999
976,User_VAR_500_2,3.0,4.0,985,0.6,0.8,0.48,0.6857142857142857
976,User_VAR_500_3,3.0,5.0,985,0.6,1.0,0.6,0.7499999999999999
976,Sys_VAR_noexpert_1,2.85,4.65,985,0.5700000000000001,0.93,0.5301000000000001,0.7068000000000002
976,Sys_VAR_noexpert_2,2.85,4.15,985,0.5700000000000001,0.8300000000000001,0.4731000000000001,0.6758571428571429
976,Sys_VAR_noexpert_3,2.15,3.65,985,0.43,0.73,0.3139,0.5412068965517242
978,User_VAR_500_1,5.0,4.0,985,1.0,0.8,0.8,0.888888888888889
978,User_VAR_500_2,5.0,4.0,985,1.0,0.8,0.8,0.888888888888889
978,User_VAR_500_3,5.0,5.0,985,1.0,1.0,1.0,1.0
978,Sys_VAR_noexpert_1,4.85,4.65,985,0.97,0.93,0.9021,0.9495789473684211
978,Sys_VAR_noexpert_2,4.92,5.0,985,0.984,1.0,0.984,0.9919354838709677
978,Sys_VAR_noexpert_3,4.85,5.0,985,0.97,1.0,0.97,0.9847715736040609
981,User_VAR_500_1,4.44,4.0,991,0.8880000000000001,0.8,0.7104000000000001,0.8417061611374408
981,User_VAR_500_2,4.44,4.0,991,0.8880000000000001,0.8,0.7104000000000001,0.8417061611374408
981,User_VAR_500_3,4.44,4.0,991,0.8880000000000001,0.8,0.7104000000000001,0.8417061611374408
981,Sys_VAR_noexpert_1,3.65,4.75,991,0.73,0.95,0.6935,0.8255952380952382
981,Sys_VAR_noexpert_2,3.85,4.65,991,0.77,0.93,0.7161000000000001,0.8424705882352941
981,Sys_VAR_noexpert_3,4.25,5.0,991,0.85,1.0,0.85,0.9189189189189189
982,User_VAR_500_1,5.0,5.0,991,1.0,1.0,1.0,1.0
982,User_VAR_500_2,5.0,5.0,991,1.0,1.0,1.0,1.0
982,User_VAR_500_3,5.0,3.0,991,1.0,0.6,0.6,0.7499999999999999
982,Sys_VAR_noexpert_1,5.0,5.0,991,1.0,1.0,1.0,1.0
982,Sys_VAR_noexpert_2,5.0,5.0,991,1.0,1.0,1.0,1.0
982,Sys_VAR_noexpert_3,4.92,4.85,991,0.984,0.97,0.95448,0.976949846468782
983,User_VAR_500_1,5.0,4.0,991,1.0,0.8,0.8,0.888888888888889
983,User_VAR_500_2,5.0,4.0,991,1.0,0.8,0.8,0.888888888888889
983,User_VAR_500_3,5.0,4.0,991,1.0,0.8,0.8,0.888888888888889
983,Sys_VAR_noexpert_1,5.0,5.0,991,1.0,1.0,1.0,1.0
983,Sys_VAR_noexpert_2,5.0,5.0,991,1.0,1.0,1.0,1.0
983,Sys_VAR_noexpert_3,4.85,4.6,991,0.97,0.9199999999999999,0.8923999999999999,0.9443386243386243
984,User_VAR_500_1,4.44,4.0,991,0.8880000000000001,0.8,0.7104000000000001,0.8417061611374408
984,User_VAR_500_2,4.44,4.0,991,0.8880000000000001,0.8,0.7104000000000001,0.8417061611374408
984,User_VAR_500_3,4.44,4.0,991,0.8880000000000001,0.8,0.7104000000000001,0.8417061611374408
984,Sys_VAR_noexpert_1,3.45,4.65,991,0.6900000000000001,0.93,0.6417,0.7922222222222223
984,Sys_VAR_noexpert_2,3.65,4.15,991,0.73,0.8300000000000001,0.6059,0.7767948717948717
984,Sys_VAR_noexpert_3,3.65,4.15,991,0.73,0.8300000000000001,0.6059,0.7767948717948717
988,User_VAR_500_1,5.0,5.0,991,1.0,1.0,1.0,1.0
988,User_VAR_500_2,5.0,3.0,991,1.0,0.6,0.6,0.7499999999999999
988,User_VAR_500_3,5.0,3.0,991,1.0,0.6,0.6,0.7499999999999999
988,Sys_VAR_noexpert_1,5.0,5.0,991,1.0,1.0,1.0,1.0
988,Sys_VAR_noexpert_2,5.0,5.0,991,1.0,1.0,1.0,1.0
988,Sys_VAR_noexpert_3,5.0,5.0,991,1.0,1.0,1.0,1.0
992,User_VAR_500_1,5.0,3.0,999,1.0,0.6,0.6,0.7499999999999999
992,User_VAR_500_2,5.0,3.0,999,1.0,0.6,0.6,0.7499999999999999
992,User_VAR_500_3,5.0,3.0,999,1.0,0.6,0.6,0.7499999999999999
992,Sys_VAR_noexpert_1,5.0,5.0,999,1.0,1.0,1.0,1.0
992,Sys_VAR_noexpert_2,4.85,3.92,999,0.97,0.784,0.76048,0.8671379703534778
992,Sys_VAR_noexpert_3,4.85,3.6,999,0.97,0.72,0.6983999999999999,0.8265088757396449
993,User_VAR_500_1,5.0,3.0,999,1.0,0.6,0.6,0.7499999999999999
993,User_VAR_500_2,5.0,3.0,999,1.0,0.6,0.6,0.7499999999999999
993,User_VAR_500_3,5.0,5.0,999,1.0,1.0,1.0,1.0
993,Sys_VAR_noexpert_1,5.0,5.0,999,1.0,1.0,1.0,1.0
993,Sys_VAR_noexpert_2,5.0,5.0,999,1.0,1.0,1.0,1.0
993,Sys_VAR_noexpert_3,5.0,5.0,999,1.0,1.0,1.0,1.0
994,User_VAR_500_1,5.0,4.0,999,1.0,0.8,0.8,0.888888888888889
994,User_VAR_500_2,5.0,3.0,999,1.0,0.6,0.6,0.7499999999999999
994,User_VAR_500_3,4.29,4.0,999,0.858,0.8,0.6864,0.8279855247285887
994,Sys_VAR_noexpert_1,4.65,3.85,999,0.93,0.77,0.7161000000000001,0.8424705882352941
994,Sys_VAR_noexpert_2,5.0,5.0,999,1.0,1.0,1.0,1.0
994,Sys_VAR_noexpert_3,5.0,5.0,999,1.0,1.0,1.0,1.0
996,User_VAR_500_1,5.0,4.0,999,1.0,0.8,0.8,0.888888888888889
996,User_VAR_500_2,5.0,3.0,999,1.0,0.6,0.6,0.7499999999999999
996,User_VAR_500_3,5.0,3.0,999,1.0,0.6,0.6,0.7499999999999999
996,Sys_VAR_noexpert_1,4.85,5.0,999,0.97,1.0,0.97,0.9847715736040609
996,Sys_VAR_noexpert_2,4.65,4.2,999,0.93,0.8400000000000001,0.7812000000000001,0.8827118644067797
996,Sys_VAR_noexpert_3,4.35,4.1,999,0.8699999999999999,0.82,0.7133999999999998,0.8442603550295856
997,User_VAR_500_1,0.0,1.0,999,0.0,0.2,0.0,0.0
997,User_VAR_500_2,1.67,1.0,999,0.33399999999999996,0.2,0.0668,0.250187265917603
997,User_VAR_500_3,1.67,3.0,999,0.33399999999999996,0.6,0.20039999999999997,0.42912205567451817
997,Sys_VAR_noexpert_1,0.12,3.85,999,0.024,0.77,0.01848,0.046549118387909316
997,Sys_VAR_noexpert_2,0.0,5.0,999,0.0,1.0,0.0,0.0
997,Sys_VAR_noexpert_3,0.0,5.0,999,0.0,1.0,0.0,0.0
