group,alignment_threshold,authenticity_threshold,probability
Sys_VAR_ref_400,0.0,0.0,1.0
Sys_VAR_ref_400,0.0,0.02,1.0
Sys_VAR_ref_400,0.0,0.04,1.0
Sys_VAR_ref_400,0.0,0.06,1.0
Sys_VAR_ref_400,0.0,0.08,1.0
Sys_VAR_ref_400,0.0,0.1,1.0
Sys_VAR_ref_400,0.0,0.12,0.9975
Sys_VAR_ref_400,0.0,0.14,0.9975
Sys_VAR_ref_400,0.0,0.16,0.9925
Sys_VAR_ref_400,0.0,0.18,0.99
Sys_VAR_ref_400,0.0,0.2,0.99
Sys_VAR_ref_400,0.0,0.22,0.985
Sys_VAR_ref_400,0.0,0.24,0.9825
Sys_VAR_ref_400,0.0,0.26,0.965
Sys_VAR_ref_400,0.0,0.28,0.9475
Sys_VAR_ref_400,0.0,0.3,0.925
Sys_VAR_ref_400,0.0,0.32,0.84
Sys_VAR_ref_400,0.0,0.34,0.8175
Sys_VAR_ref_400,0.0,0.36,0.8
Sys_VAR_ref_400,0.0,0.38,0.785
Sys_VAR_ref_400,0.0,0.4,0.755
Sys_VAR_ref_400,0.0,0.42,0.725
Sys_VAR_ref_400,0.0,0.44,0.705
Sys_VAR_ref_400,0.0,0.46,0.6775
Sys_VAR_ref_400,0.0,0.48,0.655
Sys_VAR_ref_400,0.0,0.5,0.645
Sys_VAR_ref_400,0.0,0.52,0.615
Sys_VAR_ref_400,0.0,0.54,0.5725
Sys_VAR_ref_400,0.0,0.56,0.545
Sys_VAR_ref_400,0.0,0.58,0.5125
Sys_VAR_ref_400,0.0,0.6,0.4825
Sys_VAR_ref_400,0.0,0.62,0.445
Sys_VAR_ref_400,0.0,0.64,0.4025
Sys_VAR_ref_400,0.0,0.66,0.385
Sys_VAR_ref_400,0.0,0.68,0.35
Sys_VAR_ref_400,0.0,0.7,0.3125
Sys_VAR_ref_400,0.0,0.72,0.28
Sys_VAR_ref_400,0.0,0.74,0.24
Sys_VAR_ref_400,0.0,0.76,0.185
Sys_VAR_ref_400,0.0,0.78,0.1575
Sys_VAR_ref_400,0.0,0.8,0.135
Sys_VAR_ref_400,0.0,0.82,0.1225
Sys_VAR_ref_400,0.0,0.84,0.085
Sys_VAR_ref_400,0.0,0.86,0.0675
Sys_VAR_ref_400,0.0,0.88,0.0625
Sys_VAR_ref_400,0.0,0.9,0.0475
Sys_VAR_ref_400,0.0,0.92,0.04
Sys_VAR_ref_400,0.0,0.94,0.0325
Sys_VAR_ref_400,0.0,0.96,0.0325
Sys_VAR_ref_400,0.0,0.98,0.015
Sys_VAR_ref_400,0.0,1.0,0.0025
Sys_VAR_ref_400,0.02,0.0,0.985
Sys_VAR_ref_400,0.02,0.02,0.985
Sys_VAR_ref_400,0.02,0.04,0.985
Sys_VAR_ref_400,0.02,0.06,0.985
Sys_VAR_ref_400,0.02,0.08,0.985
Sys_VAR_ref_400,0.02,0.1,0.985
Sys_VAR_ref_400,0.02,0.12,0.985
Sys_VAR_ref_400,0.02,0.14,0.985
Sys_VAR_ref_400,0.02,0.16,0.9825
Sys_VAR_ref_400,0.02,0.18,0.98
Sys_VAR_ref_400,0.02,0.2,0.98
Sys_VAR_ref_400,0.02,0.22,0.975
Sys_VAR_ref_400,0.02,0.24,0.9725
Sys_VAR_ref_400,0.02,0.26,0.9625
Sys_VAR_ref_400,0.02,0.28,0.945
Sys_VAR_ref_400,0.02,0.3,0.9225
Sys_VAR_ref_400,0.02,0.32,0.8375
Sys_VAR_ref_400,0.02,0.34,0.815
Sys_VAR_ref_400,0.02,0.36,0.7975
Sys_VAR_ref_400,0.02,0.38,0.7825
Sys_VAR_ref_400,0.02,0.4,0.7525
Sys_VAR_ref_400,0.02,0.42,0.7225
Sys_VAR_ref_400,0.02,0.44,0.7025
Sys_VAR_ref_400,0.02,0.46,0.675
Sys_VAR_ref_400,0.02,0.48,0.6525
Sys_VAR_ref_400,0.02,0.5,0.6425
Sys_VAR_ref_400,0.02,0.52,0.6125
Sys_VAR_ref_400,0.02,0.54,0.57
Sys_VAR_ref_400,0.02,0.56,0.5425
Sys_VAR_ref_400,0.02,0.58,0.51
Sys_VAR_ref_400,0.02,0.6,0.4825
Sys_VAR_ref_400,0.02,0.62,0.445
Sys_VAR_ref_400,0.02,0.64,0.4025
Sys_VAR_ref_400,0.02,0.66,0.385
Sys_VAR_ref_400,0.02,0.68,0.35
Sys_VAR_ref_400,0.02,0.7,0.3125
Sys_VAR_ref_400,0.02,0.72,0.28
Sys_VAR_ref_400,0.02,0.74,0.24
Sys_VAR_ref_400,0.02,0.76,0.185
Sys_VAR_ref_400,0.02,0.78,0.1575
Sys_VAR_ref_400,0.02,0.8,0.135
Sys_VAR_ref_400,0.02,0.82,0.1225
Sys_VAR_ref_400,0.02,0.84,0.085
Sys_VAR_ref_400,0.02,0.86,0.0675
Sys_VAR_ref_400,0.02,0.88,0.0625
Sys_VAR_ref_400,0.02,0.9,0.0475
Sys_VAR_ref_400,0.02,0.92,0.04
Sys_VAR_ref_400,0.02,0.94,0.0325
Sys_VAR_ref_400,0.02,0.96,0.0325
Sys_VAR_ref_400,0.02,0.98,0.015
Sys_VAR_ref_400,0.02,1.0,0.0025
Sys_VAR_ref_400,0.04,0.0,0.9825
Sys_VAR_ref_400,0.04,0.02,0.9825
Sys_VAR_ref_400,0.04,0.04,0.9825
Sys_VAR_ref_400,0.04,0.06,0.9825
Sys_VAR_ref_400,0.04,0.08,0.9825
Sys_VAR_ref_400,0.04,0.1,0.9825
Sys_VAR_ref_400,0.04,0.12,0.9825
Sys_VAR_ref_400,0.04,0.14,0.9825
Sys_VAR_ref_400,0.04,0.16,0.98
Sys_VAR_ref_400,0.04,0.18,0.9775
Sys_VAR_ref_400,0.04,0.2,0.9775
Sys_VAR_ref_400,0.04,0.22,0.9725
Sys_VAR_ref_400,0.04,0.24,0.97
Sys_VAR_ref_400,0.04,0.26,0.96
Sys_VAR_ref_400,0.04,0.28,0.945
Sys_VAR_ref_400,0.04,0.3,0.9225
Sys_VAR_ref_400,0.04,0.32,0.8375
Sys_VAR_ref_400,0.04,0.34,0.815
Sys_VAR_ref_400,0.04,0.36,0.7975
Sys_VAR_ref_400,0.04,0.38,0.7825
Sys_VAR_ref_400,0.04,0.4,0.7525
Sys_VAR_ref_400,0.04,0.42,0.7225
Sys_VAR_ref_400,0.04,0.44,0.7025
Sys_VAR_ref_400,0.04,0.46,0.675
Sys_VAR_ref_400,0.04,0.48,0.6525
Sys_VAR_ref_400,0.04,0.5,0.6425
Sys_VAR_ref_400,0.04,0.52,0.6125
Sys_VAR_ref_400,0.04,0.54,0.57
Sys_VAR_ref_400,0.04,0.56,0.5425
Sys_VAR_ref_400,0.04,0.58,0.51
Sys_VAR_ref_400,0.04,0.6,0.4825
Sys_VAR_ref_400,0.04,0.62,0.445
Sys_VAR_ref_400,0.04,0.64,0.4025
Sys_VAR_ref_400,0.04,0.66,0.385
Sys_VAR_ref_400,0.04,0.68,0.35
Sys_VAR_ref_400,0.04,0.7,0.3125
Sys_VAR_ref_400,0.04,0.72,0.28
Sys_VAR_ref_400,0.04,0.74,0.24
Sys_VAR_ref_400,0.04,0.76,0.185
Sys_VAR_ref_400,0.04,0.78,0.1575
Sys_VAR_ref_400,0.04,0.8,0.135
Sys_VAR_ref_400,0.04,0.82,0.1225
Sys_VAR_ref_400,0.04,0.84,0.085
Sys_VAR_ref_400,0.04,0.86,0.0675
Sys_VAR_ref_400,0.04,0.88,0.0625
Sys_VAR_ref_400,0.04,0.9,0.0475
Sys_VAR_ref_400,0.04,0.92,0.04
Sys_VAR_ref_400,0.04,0.94,0.0325
Sys_VAR_ref_400,0.04,0.96,0.0325
Sys_VAR_ref_400,0.04,0.98,0.015
Sys_VAR_ref_400,0.04,1.0,0.0025
Sys_VAR_ref_400,0.06,0.0,0.9825
Sys_VAR_ref_400,0.06,0.02,0.9825
Sys_VAR_ref_400,0.06,0.04,0.9825
Sys_VAR_ref_400,0.06,0.06,0.9825
Sys_VAR_ref_400,0.06,0.08,0.9825
Sys_VAR_ref_400,0.06,0.1,0.9825
Sys_VAR_ref_400,0.06,0.12,0.9825
Sys_VAR_ref_400,0.06,0.14,0.9825
Sys_VAR_ref_400,0.06,0.16,0.98
Sys_VAR_ref_400,0.06,0.18,0.9775
Sys_VAR_ref_400,0.06,0.2,0.9775
Sys_VAR_ref_400,0.06,0.22,0.9725
Sys_VAR_ref_400,0.06,0.24,0.97
Sys_VAR_ref_400,0.06,0.26,0.96
Sys_VAR_ref_400,0.06,0.28,0.945
Sys_VAR_ref_400,0.06,0.3,0.9225
Sys_VAR_ref_400,0.06,0.32,0.8375
Sys_VAR_ref_400,0.06,0.34,0.815
Sys_VAR_ref_400,0.06,0.36,0.7975
Sys_VAR_ref_400,0.06,0.38,0.7825
Sys_VAR_ref_400,0.06,0.4,0.7525
Sys_VAR_ref_400,0.06,0.42,0.7225
Sys_VAR_ref_400,0.06,0.44,0.7025
Sys_VAR_ref_400,0.06,0.46,0.675
Sys_VAR_ref_400,0.06,0.48,0.6525
Sys_VAR_ref_400,0.06,0.5,0.6425
Sys_VAR_ref_400,0.06,0.52,0.6125
Sys_VAR_ref_400,0.06,0.54,0.57
Sys_VAR_ref_400,0.06,0.56,0.5425
Sys_VAR_ref_400,0.06,0.58,0.51
Sys_VAR_ref_400,0.06,0.6,0.4825
Sys_VAR_ref_400,0.06,0.62,0.445
Sys_VAR_ref_400,0.06,0.64,0.4025
Sys_VAR_ref_400,0.06,0.66,0.385
Sys_VAR_ref_400,0.06,0.68,0.35
Sys_VAR_ref_400,0.06,0.7,0.3125
Sys_VAR_ref_400,0.06,0.72,0.28
Sys_VAR_ref_400,0.06,0.74,0.24
Sys_VAR_ref_400,0.06,0.76,0.185
Sys_VAR_ref_400,0.06,0.78,0.1575
Sys_VAR_ref_400,0.06,0.8,0.135
Sys_VAR_ref_400,0.06,0.82,0.1225
Sys_VAR_ref_400,0.06,0.84,0.085
Sys_VAR_ref_400,0.06,0.86,0.0675
Sys_VAR_ref_400,0.06,0.88,0.0625
Sys_VAR_ref_400,0.06,0.9,0.0475
Sys_VAR_ref_400,0.06,0.92,0.04
Sys_VAR_ref_400,0.06,0.94,0.0325
Sys_VAR_ref_400,0.06,0.96,0.0325
Sys_VAR_ref_400,0.06,0.98,0.015
Sys_VAR_ref_400,0.06,1.0,0.0025
Sys_VAR_ref_400,0.08,0.0,0.9775
Sys_VAR_ref_400,0.08,0.02,0.9775
Sys_VAR_ref_400,0.08,0.04,0.9775
Sys_VAR_ref_400,0.08,0.06,0.9775
Sys_VAR_ref_400,0.08,0.08,0.9775
Sys_VAR_ref_400,0.08,0.1,0.9775
Sys_VAR_ref_400,0.08,0.12,0.9775
Sys_VAR_ref_400,0.08,0.14,0.9775
Sys_VAR_ref_400,0.08,0.16,0.975
Sys_VAR_ref_400,0.08,0.18,0.9725
Sys_VAR_ref_400,0.08,0.2,0.9725
Sys_VAR_ref_400,0.08,0.22,0.9675
Sys_VAR_ref_400,0.08,0.24,0.965
Sys_VAR_ref_400,0.08,0.26,0.955
Sys_VAR_ref_400,0.08,0.28,0.94
Sys_VAR_ref_400,0.08,0.3,0.9175
Sys_VAR_ref_400,0.08,0.32,0.8325
Sys_VAR_ref_400,0.08,0.34,0.815
Sys_VAR_ref_400,0.08,0.36,0.7975
Sys_VAR_ref_400,0.08,0.38,0.7825
Sys_VAR_ref_400,0.08,0.4,0.7525
Sys_VAR_ref_400,0.08,0.42,0.7225
Sys_VAR_ref_400,0.08,0.44,0.7025
Sys_VAR_ref_400,0.08,0.46,0.675
Sys_VAR_ref_400,0.08,0.48,0.6525
Sys_VAR_ref_400,0.08,0.5,0.6425
Sys_VAR_ref_400,0.08,0.52,0.6125
Sys_VAR_ref_400,0.08,0.54,0.57
Sys_VAR_ref_400,0.08,0.56,0.5425
Sys_VAR_ref_400,0.08,0.58,0.51
Sys_VAR_ref_400,0.08,0.6,0.4825
Sys_VAR_ref_400,0.08,0.62,0.445
Sys_VAR_ref_400,0.08,0.64,0.4025
Sys_VAR_ref_400,0.08,0.66,0.385
Sys_VAR_ref_400,0.08,0.68,0.35
Sys_VAR_ref_400,0.08,0.7,0.3125
Sys_VAR_ref_400,0.08,0.72,0.28
Sys_VAR_ref_400,0.08,0.74,0.24
Sys_VAR_ref_400,0.08,0.76,0.185
Sys_VAR_ref_400,0.08,0.78,0.1575
Sys_VAR_ref_400,0.08,0.8,0.135
Sys_VAR_ref_400,0.08,0.82,0.1225
Sys_VAR_ref_400,0.08,0.84,0.085
Sys_VAR_ref_400,0.08,0.86,0.0675
Sys_VAR_ref_400,0.08,0.88,0.0625
Sys_VAR_ref_400,0.08,0.9,0.0475
Sys_VAR_ref_400,0.08,0.92,0.04
Sys_VAR_ref_400,0.08,0.94,0.0325
Sys_VAR_ref_400,0.08,0.96,0.0325
Sys_VAR_ref_400,0.08,0.98,0.015
Sys_VAR_ref_400,0.08,1.0,0.0025
Sys_VAR_ref_400,0.1,0.0,0.9725
Sys_VAR_ref_400,0.1,0.02,0.9725
Sys_VAR_ref_400,0.1,0.04,0.9725
Sys_VAR_ref_400,0.1,0.06,0.9725
Sys_VAR_ref_400,0.1,0.08,0.9725
Sys_VAR_ref_400,0.1,0.1,0.9725
Sys_VAR_ref_400,0.1,0.12,0.9725
Sys_VAR_ref_400,0.1,0.14,0.9725
Sys_VAR_ref_400,0.1,0.16,0.97
Sys_VAR_ref_400,0.1,0.18,0.97
Sys_VAR_ref_400,0.1,0.2,0.97
Sys_VAR_ref_400,0.1,0.22,0.965
Sys_VAR_ref_400,0.1,0.24,0.9625
Sys_VAR_ref_400,0.1,0.26,0.9525
Sys_VAR_ref_400,0.1,0.28,0.9375
Sys_VAR_ref_400,0.1,0.3,0.915
Sys_VAR_ref_400,0.1,0.32,0.83
Sys_VAR_ref_400,0.1,0.34,0.8125
Sys_VAR_ref_400,0.1,0.36,0.795
Sys_VAR_ref_400,0.1,0.38,0.78
Sys_VAR_ref_400,0.1,0.4,0.75
Sys_VAR_ref_400,0.1,0.42,0.72
Sys_VAR_ref_400,0.1,0.44,0.7
Sys_VAR_ref_400,0.1,0.46,0.6725
Sys_VAR_ref_400,0.1,0.48,0.65
Sys_VAR_ref_400,0.1,0.5,0.64
Sys_VAR_ref_400,0.1,0.52,0.61
Sys_VAR_ref_400,0.1,0.54,0.5675
Sys_VAR_ref_400,0.1,0.56,0.54
Sys_VAR_ref_400,0.1,0.58,0.5075
Sys_VAR_ref_400,0.1,0.6,0.48
Sys_VAR_ref_400,0.1,0.62,0.4425
Sys_VAR_ref_400,0.1,0.64,0.4
Sys_VAR_ref_400,0.1,0.66,0.3825
Sys_VAR_ref_400,0.1,0.68,0.35
Sys_VAR_ref_400,0.1,0.7,0.3125
Sys_VAR_ref_400,0.1,0.72,0.28
Sys_VAR_ref_400,0.1,0.74,0.24
Sys_VAR_ref_400,0.1,0.76,0.185
Sys_VAR_ref_400,0.1,0.78,0.1575
Sys_VAR_ref_400,0.1,0.8,0.135
Sys_VAR_ref_400,0.1,0.82,0.1225
Sys_VAR_ref_400,0.1,0.84,0.085
Sys_VAR_ref_400,0.1,0.86,0.0675
Sys_VAR_ref_400,0.1,0.88,0.0625
Sys_VAR_ref_400,0.1,0.9,0.0475
Sys_VAR_ref_400,0.1,0.92,0.04
Sys_VAR_ref_400,0.1,0.94,0.0325
Sys_VAR_ref_400,0.1,0.96,0.0325
Sys_VAR_ref_400,0.1,0.98,0.015
Sys_VAR_ref_400,0.1,1.0,0.0025
Sys_VAR_ref_400,0.12,0.0,0.9725
Sys_VAR_ref_400,0.12,0.02,0.9725
Sys_VAR_ref_400,0.12,0.04,0.9725
Sys_VAR_ref_400,0.12,0.06,0.9725
Sys_VAR_ref_400,0.12,0.08,0.9725
Sys_VAR_ref_400,0.12,0.1,0.9725
Sys_VAR_ref_400,0.12,0.12,0.9725
Sys_VAR_ref_400,0.12,0.14,0.9725
Sys_VAR_ref_400,0.12,0.16,0.97
Sys_VAR_ref_400,0.12,0.18,0.97
Sys_VAR_ref_400,0.12,0.2,0.97
Sys_VAR_ref_400,0.12,0.22,0.965
Sys_VAR_ref_400,0.12,0.24,0.9625
Sys_VAR_ref_400,0.12,0.26,0.9525
Sys_VAR_ref_400,0.12,0.28,0.9375
Sys_VAR_ref_400,0.12,0.3,0.915
Sys_VAR_ref_400,0.12,0.32,0.83
Sys_VAR_ref_400,0.12,0.34,0.8125
Sys_VAR_ref_400,0.12,0.36,0.795
Sys_VAR_ref_400,0.12,0.38,0.78
Sys_VAR_ref_400,0.12,0.4,0.75
Sys_VAR_ref_400,0.12,0.42,0.72
Sys_VAR_ref_400,0.12,0.44,0.7
Sys_VAR_ref_400,0.12,0.46,0.6725
Sys_VAR_ref_400,0.12,0.48,0.65
Sys_VAR_ref_400,0.12,0.5,0.64
Sys_VAR_ref_400,0.12,0.52,0.61
Sys_VAR_ref_400,0.12,0.54,0.5675
Sys_VAR_ref_400,0.12,0.56,0.54
Sys_VAR_ref_400,0.12,0.58,0.5075
Sys_VAR_ref_400,0.12,0.6,0.48
Sys_VAR_ref_400,0.12,0.62,0.4425
Sys_VAR_ref_400,0.12,0.64,0.4
Sys_VAR_ref_400,0.12,0.66,0.3825
Sys_VAR_ref_400,0.12,0.68,0.35
Sys_VAR_ref_400,0.12,0.7,0.3125
Sys_VAR_ref_400,0.12,0.72,0.28
Sys_VAR_ref_400,0.12,0.74,0.24
Sys_VAR_ref_400,0.12,0.76,0.185
Sys_VAR_ref_400,0.12,0.78,0.1575
Sys_VAR_ref_400,0.12,0.8,0.135
Sys_VAR_ref_400,0.12,0.82,0.1225
Sys_VAR_ref_400,0.12,0.84,0.085
Sys_VAR_ref_400,0.12,0.86,0.0675
Sys_VAR_ref_400,0.12,0.88,0.0625
Sys_VAR_ref_400,0.12,0.9,0.0475
Sys_VAR_ref_400,0.12,0.92,0.04
Sys_VAR_ref_400,0.12,0.94,0.0325
Sys_VAR_ref_400,0.12,0.96,0.0325
Sys_VAR_ref_400,0.12,0.98,0.015
Sys_VAR_ref_400,0.12,1.0,0.0025
Sys_VAR_ref_400,0.14,0.0,0.9725
Sys_VAR_ref_400,0.14,0.02,0.9725
Sys_VAR_ref_400,0.14,0.04,0.9725
Sys_VAR_ref_400,0.14,0.06,0.9725
Sys_VAR_ref_400,0.14,0.08,0.9725
Sys_VAR_ref_400,0.14,0.1,0.9725
Sys_VAR_ref_400,0.14,0.12,0.9725
Sys_VAR_ref_400,0.14,0.14,0.9725
Sys_VAR_ref_400,0.14,0.16,0.97
Sys_VAR_ref_400,0.14,0.18,0.97
Sys_VAR_ref_400,0.14,0.2,0.97
Sys_VAR_ref_400,0.14,0.22,0.965
Sys_VAR_ref_400,0.14,0.24,0.9625
Sys_VAR_ref_400,0.14,0.26,0.9525
Sys_VAR_ref_400,0.14,0.28,0.9375
Sys_VAR_ref_400,0.14,0.3,0.915
Sys_VAR_ref_400,0.14,0.32,0.83
Sys_VAR_ref_400,0.14,0.34,0.8125
Sys_VAR_ref_400,0.14,0.36,0.795
Sys_VAR_ref_400,0.14,0.38,0.78
Sys_VAR_ref_400,0.14,0.4,0.75
Sys_VAR_ref_400,0.14,0.42,0.72
Sys_VAR_ref_400,0.14,0.44,0.7
Sys_VAR_ref_400,0.14,0.46,0.6725
Sys_VAR_ref_400,0.14,0.48,0.65
Sys_VAR_ref_400,0.14,0.5,0.64
Sys_VAR_ref_400,0.14,0.52,0.61
Sys_VAR_ref_400,0.14,0.54,0.5675
Sys_VAR_ref_400,0.14,0.56,0.54
Sys_VAR_ref_400,0.14,0.58,0.5075
Sys_VAR_ref_400,0.14,0.6,0.48
Sys_VAR_ref_400,0.14,0.62,0.4425
Sys_VAR_ref_400,0.14,0.64,0.4
Sys_VAR_ref_400,0.14,0.66,0.3825
Sys_VAR_ref_400,0.14,0.68,0.35
Sys_VAR_ref_400,0.14,0.7,0.3125
Sys_VAR_ref_400,0.14,0.72,0.28
Sys_VAR_ref_400,0.14,0.74,0.24
Sys_VAR_ref_400,0.14,0.76,0.185
Sys_VAR_ref_400,0.14,0.78,0.1575
Sys_VAR_ref_400,0.14,0.8,0.135
Sys_VAR_ref_400,0.14,0.82,0.1225
Sys_VAR_ref_400,0.14,0.84,0.085
Sys_VAR_ref_400,0.14,0.86,0.0675
Sys_VAR_ref_400,0.14,0.88,0.0625
Sys_VAR_ref_400,0.14,0.9,0.0475
Sys_VAR_ref_400,0.14,0.92,0.04
Sys_VAR_ref_400,0.14,0.94,0.0325
Sys_VAR_ref_400,0.14,0.96,0.0325
Sys_VAR_ref_400,0.14,0.98,0.015
Sys_VAR_ref_400,0.14,1.0,0.0025
Sys_VAR_ref_400,0.16,0.0,0.9725
Sys_VAR_ref_400,0.16,0.02,0.9725
Sys_VAR_ref_400,0.16,0.04,0.9725
Sys_VAR_ref_400,0.16,0.06,0.9725
Sys_VAR_ref_400,0.16,0.08,0.9725
Sys_VAR_ref_400,0.16,0.1,0.9725
Sys_VAR_ref_400,0.16,0.12,0.9725
Sys_VAR_ref_400,0.16,0.14,0.9725
Sys_VAR_ref_400,0.16,0.16,0.97
Sys_VAR_ref_400,0.16,0.18,0.97
Sys_VAR_ref_400,0.16,0.2,0.97
Sys_VAR_ref_400,0.16,0.22,0.965
Sys_VAR_ref_400,0.16,0.24,0.9625
Sys_VAR_ref_400,0.16,0.26,0.9525
Sys_VAR_ref_400,0.16,0.28,0.9375
Sys_VAR_ref_400,0.16,0.3,0.915
Sys_VAR_ref_400,0.16,0.32,0.83
Sys_VAR_ref_400,0.16,0.34,0.8125
Sys_VAR_ref_400,0.16,0.36,0.795
Sys_VAR_ref_400,0.16,0.38,0.78
Sys_VAR_ref_400,0.16,0.4,0.75
Sys_VAR_ref_400,0.16,0.42,0.72
Sys_VAR_ref_400,0.16,0.44,0.7
Sys_VAR_ref_400,0.16,0.46,0.6725
Sys_VAR_ref_400,0.16,0.48,0.65
Sys_VAR_ref_400,0.16,0.5,0.64
Sys_VAR_ref_400,0.16,0.52,0.61
Sys_VAR_ref_400,0.16,0.54,0.5675
Sys_VAR_ref_400,0.16,0.56,0.54
Sys_VAR_ref_400,0.16,0.58,0.5075
Sys_VAR_ref_400,0.16,0.6,0.48
Sys_VAR_ref_400,0.16,0.62,0.4425
Sys_VAR_ref_400,0.16,0.64,0.4
Sys_VAR_ref_400,0.16,0.66,0.3825
Sys_VAR_ref_400,0.16,0.68,0.35
Sys_VAR_ref_400,0.16,0.7,0.3125
Sys_VAR_ref_400,0.16,0.72,0.28
Sys_VAR_ref_400,0.16,0.74,0.24
Sys_VAR_ref_400,0.16,0.76,0.185
Sys_VAR_ref_400,0.16,0.78,0.1575
Sys_VAR_ref_400,0.16,0.8,0.135
Sys_VAR_ref_400,0.16,0.82,0.1225
Sys_VAR_ref_400,0.16,0.84,0.085
Sys_VAR_ref_400,0.16,0.86,0.0675
Sys_VAR_ref_400,0.16,0.88,0.0625
Sys_VAR_ref_400,0.16,0.9,0.0475
Sys_VAR_ref_400,0.16,0.92,0.04
Sys_VAR_ref_400,0.16,0.94,0.0325
Sys_VAR_ref_400,0.16,0.96,0.0325
Sys_VAR_ref_400,0.16,0.98,0.015
Sys_VAR_ref_400,0.16,1.0,0.0025
Sys_VAR_ref_400,0.18,0.0,0.97
Sys_VAR_ref_400,0.18,0.02,0.97
Sys_VAR_ref_400,0.18,0.04,0.97
Sys_VAR_ref_400,0.18,0.06,0.97
Sys_VAR_ref_400,0.18,0.08,0.97
Sys_VAR_ref_400,0.18,0.1,0.97
Sys_VAR_ref_400,0.18,0.12,0.97
Sys_VAR_ref_400,0.18,0.14,0.97
Sys_VAR_ref_400,0.18,0.16,0.9675
Sys_VAR_ref_400,0.18,0.18,0.9675
Sys_VAR_ref_400,0.18,0.2,0.9675
Sys_VAR_ref_400,0.18,0.22,0.965
Sys_VAR_ref_400,0.18,0.24,0.9625
Sys_VAR_ref_400,0.18,0.26,0.9525
Sys_VAR_ref_400,0.18,0.28,0.9375
Sys_VAR_ref_400,0.18,0.3,0.915
Sys_VAR_ref_400,0.18,0.32,0.83
Sys_VAR_ref_400,0.18,0.34,0.8125
Sys_VAR_ref_400,0.18,0.36,0.795
Sys_VAR_ref_400,0.18,0.38,0.78
Sys_VAR_ref_400,0.18,0.4,0.75
Sys_VAR_ref_400,0.18,0.42,0.72
Sys_VAR_ref_400,0.18,0.44,0.7
Sys_VAR_ref_400,0.18,0.46,0.6725
Sys_VAR_ref_400,0.18,0.48,0.65
Sys_VAR_ref_400,0.18,0.5,0.64
Sys_VAR_ref_400,0.18,0.52,0.61
Sys_VAR_ref_400,0.18,0.54,0.5675
Sys_VAR_ref_400,0.18,0.56,0.54
Sys_VAR_ref_400,0.18,0.58,0.5075
Sys_VAR_ref_400,0.18,0.6,0.48
Sys_VAR_ref_400,0.18,0.62,0.4425
Sys_VAR_ref_400,0.18,0.64,0.4
Sys_VAR_ref_400,0.18,0.66,0.3825
Sys_VAR_ref_400,0.18,0.68,0.35
Sys_VAR_ref_400,0.18,0.7,0.3125
Sys_VAR_ref_400,0.18,0.72,0.28
Sys_VAR_ref_400,0.18,0.74,0.24
Sys_VAR_ref_400,0.18,0.76,0.185
Sys_VAR_ref_400,0.18,0.78,0.1575
Sys_VAR_ref_400,0.18,0.8,0.135
Sys_VAR_ref_400,0.18,0.82,0.1225
Sys_VAR_ref_400,0.18,0.84,0.085
Sys_VAR_ref_400,0.18,0.86,0.0675
Sys_VAR_ref_400,0.18,0.88,0.0625
Sys_VAR_ref_400,0.18,0.9,0.0475
Sys_VAR_ref_400,0.18,0.92,0.04
Sys_VAR_ref_400,0.18,0.94,0.0325
Sys_VAR_ref_400,0.18,0.96,0.0325
Sys_VAR_ref_400,0.18,0.98,0.015
Sys_VAR_ref_400,0.18,1.0,0.0025
Sys_VAR_ref_400,0.2,0.0,0.965
Sys_VAR_ref_400,0.2,0.02,0.965
Sys_VAR_ref_400,0.2,0.04,0.965
Sys_VAR_ref_400,0.2,0.06,0.965
Sys_VAR_ref_400,0.2,0.08,0.965
Sys_VAR_ref_400,0.2,0.1,0.965
Sys_VAR_ref_400,0.2,0.12,0.965
Sys_VAR_ref_400,0.2,0.14,0.965
Sys_VAR_ref_400,0.2,0.16,0.9625
Sys_VAR_ref_400,0.2,0.18,0.9625
Sys_VAR_ref_400,0.2,0.2,0.9625
Sys_VAR_ref_400,0.2,0.22,0.96
Sys_VAR_ref_400,0.2,0.24,0.9575
Sys_VAR_ref_400,0.2,0.26,0.9475
Sys_VAR_ref_400,0.2,0.28,0.9325
Sys_VAR_ref_400,0.2,0.3,0.9125
Sys_VAR_ref_400,0.2,0.32,0.83
Sys_VAR_ref_400,0.2,0.34,0.8125
Sys_VAR_ref_400,0.2,0.36,0.795
Sys_VAR_ref_400,0.2,0.38,0.78
Sys_VAR_ref_400,0.2,0.4,0.75
Sys_VAR_ref_400,0.2,0.42,0.72
Sys_VAR_ref_400,0.2,0.44,0.7
Sys_VAR_ref_400,0.2,0.46,0.6725
Sys_VAR_ref_400,0.2,0.48,0.65
Sys_VAR_ref_400,0.2,0.5,0.64
Sys_VAR_ref_400,0.2,0.52,0.61
Sys_VAR_ref_400,0.2,0.54,0.5675
Sys_VAR_ref_400,0.2,0.56,0.54
Sys_VAR_ref_400,0.2,0.58,0.5075
Sys_VAR_ref_400,0.2,0.6,0.48
Sys_VAR_ref_400,0.2,0.62,0.4425
Sys_VAR_ref_400,0.2,0.64,0.4
Sys_VAR_ref_400,0.2,0.66,0.3825
Sys_VAR_ref_400,0.2,0.68,0.35
Sys_VAR_ref_400,0.2,0.7,0.3125
Sys_VAR_ref_400,0.2,0.72,0.28
Sys_VAR_ref_400,0.2,0.74,0.24
Sys_VAR_ref_400,0.2,0.76,0.185
Sys_VAR_ref_400,0.2,0.78,0.1575
Sys_VAR_ref_400,0.2,0.8,0.135
Sys_VAR_ref_400,0.2,0.82,0.1225
Sys_VAR_ref_400,0.2,0.84,0.085
Sys_VAR_ref_400,0.2,0.86,0.0675
Sys_VAR_ref_400,0.2,0.88,0.0625
Sys_VAR_ref_400,0.2,0.9,0.0475
Sys_VAR_ref_400,0.2,0.92,0.04
Sys_VAR_ref_400,0.2,0.94,0.0325
Sys_VAR_ref_400,0.2,0.96,0.0325
Sys_VAR_ref_400,0.2,0.98,0.015
Sys_VAR_ref_400,0.2,1.0,0.0025
Sys_VAR_ref_400,0.22,0.0,0.9575
Sys_VAR_ref_400,0.22,0.02,0.9575
Sys_VAR_ref_400,0.22,0.04,0.9575
Sys_VAR_ref_400,0.22,0.06,0.9575
Sys_VAR_ref_400,0.22,0.08,0.9575
Sys_VAR_ref_400,0.22,0.1,0.9575
Sys_VAR_ref_400,0.22,0.12,0.9575
Sys_VAR_ref_400,0.22,0.14,0.9575
Sys_VAR_ref_400,0.22,0.16,0.9575
Sys_VAR_ref_400,0.22,0.18,0.9575
Sys_VAR_ref_400,0.22,0.2,0.9575
Sys_VAR_ref_400,0.22,0.22,0.955
Sys_VAR_ref_400,0.22,0.24,0.9525
Sys_VAR_ref_400,0.22,0.26,0.9425
Sys_VAR_ref_400,0.22,0.28,0.9275
Sys_VAR_ref_400,0.22,0.3,0.91
Sys_VAR_ref_400,0.22,0.32,0.8275
Sys_VAR_ref_400,0.22,0.34,0.81
Sys_VAR_ref_400,0.22,0.36,0.795
Sys_VAR_ref_400,0.22,0.38,0.78
Sys_VAR_ref_400,0.22,0.4,0.75
Sys_VAR_ref_400,0.22,0.42,0.72
Sys_VAR_ref_400,0.22,0.44,0.7
Sys_VAR_ref_400,0.22,0.46,0.6725
Sys_VAR_ref_400,0.22,0.48,0.65
Sys_VAR_ref_400,0.22,0.5,0.64
Sys_VAR_ref_400,0.22,0.52,0.61
Sys_VAR_ref_400,0.22,0.54,0.5675
Sys_VAR_ref_400,0.22,0.56,0.54
Sys_VAR_ref_400,0.22,0.58,0.5075
Sys_VAR_ref_400,0.22,0.6,0.48
Sys_VAR_ref_400,0.22,0.62,0.4425
Sys_VAR_ref_400,0.22,0.64,0.4
Sys_VAR_ref_400,0.22,0.66,0.3825
Sys_VAR_ref_400,0.22,0.68,0.35
Sys_VAR_ref_400,0.22,0.7,0.3125
Sys_VAR_ref_400,0.22,0.72,0.28
Sys_VAR_ref_400,0.22,0.74,0.24
Sys_VAR_ref_400,0.22,0.76,0.185
Sys_VAR_ref_400,0.22,0.78,0.1575
Sys_VAR_ref_400,0.22,0.8,0.135
Sys_VAR_ref_400,0.22,0.82,0.1225
Sys_VAR_ref_400,0.22,0.84,0.085
Sys_VAR_ref_400,0.22,0.86,0.0675
Sys_VAR_ref_400,0.22,0.88,0.0625
Sys_VAR_ref_400,0.22,0.9,0.0475
Sys_VAR_ref_400,0.22,0.92,0.04
Sys_VAR_ref_400,0.22,0.94,0.0325
Sys_VAR_ref_400,0.22,0.96,0.0325
Sys_VAR_ref_400,0.22,0.98,0.015
Sys_VAR_ref_400,0.22,1.0,0.0025
Sys_VAR_ref_400,0.24,0.0,0.945
Sys_VAR_ref_400,0.24,0.02,0.945
Sys_VAR_ref_400,0.24,0.04,0.945
Sys_VAR_ref_400,0.24,0.06,0.945
Sys_VAR_ref_400,0.24,0.08,0.945
Sys_VAR_ref_400,0.24,0.1,0.945
Sys_VAR_ref_400,0.24,0.12,0.945
Sys_VAR_ref_400,0.24,0.14,0.945
Sys_VAR_ref_400,0.24,0.16,0.945
Sys_VAR_ref_400,0.24,0.18,0.945
Sys_VAR_ref_400,0.24,0.2,0.945
Sys_VAR_ref_400,0.24,0.22,0.9425
Sys_VAR_ref_400,0.24,0.24,0.94
Sys_VAR_ref_400,0.24,0.26,0.93
Sys_VAR_ref_400,0.24,0.28,0.915
Sys_VAR_ref_400,0.24,0.3,0.8975
Sys_VAR_ref_400,0.24,0.32,0.815
Sys_VAR_ref_400,0.24,0.34,0.7975
Sys_VAR_ref_400,0.24,0.36,0.7825
Sys_VAR_ref_400,0.24,0.38,0.7675
Sys_VAR_ref_400,0.24,0.4,0.74
Sys_VAR_ref_400,0.24,0.42,0.7125
Sys_VAR_ref_400,0.24,0.44,0.6925
Sys_VAR_ref_400,0.24,0.46,0.665
Sys_VAR_ref_400,0.24,0.48,0.6425
Sys_VAR_ref_400,0.24,0.5,0.6325
Sys_VAR_ref_400,0.24,0.52,0.6025
Sys_VAR_ref_400,0.24,0.54,0.56
Sys_VAR_ref_400,0.24,0.56,0.535
Sys_VAR_ref_400,0.24,0.58,0.5025
Sys_VAR_ref_400,0.24,0.6,0.475
Sys_VAR_ref_400,0.24,0.62,0.44
Sys_VAR_ref_400,0.24,0.64,0.3975
Sys_VAR_ref_400,0.24,0.66,0.3825
Sys_VAR_ref_400,0.24,0.68,0.35
Sys_VAR_ref_400,0.24,0.7,0.3125
Sys_VAR_ref_400,0.24,0.72,0.28
Sys_VAR_ref_400,0.24,0.74,0.24
Sys_VAR_ref_400,0.24,0.76,0.185
Sys_VAR_ref_400,0.24,0.78,0.1575
Sys_VAR_ref_400,0.24,0.8,0.135
Sys_VAR_ref_400,0.24,0.82,0.1225
Sys_VAR_ref_400,0.24,0.84,0.085
Sys_VAR_ref_400,0.24,0.86,0.0675
Sys_VAR_ref_400,0.24,0.88,0.0625
Sys_VAR_ref_400,0.24,0.9,0.0475
Sys_VAR_ref_400,0.24,0.92,0.04
Sys_VAR_ref_400,0.24,0.94,0.0325
Sys_VAR_ref_400,0.24,0.96,0.0325
Sys_VAR_ref_400,0.24,0.98,0.015
Sys_VAR_ref_400,0.24,1.0,0.0025
Sys_VAR_ref_400,0.26,0.0,0.9375
Sys_VAR_ref_400,0.26,0.02,0.9375
Sys_VAR_ref_400,0.26,0.04,0.9375
Sys_VAR_ref_400,0.26,0.06,0.9375
Sys_VAR_ref_400,0.26,0.08,0.9375
Sys_VAR_ref_400,0.26,0.1,0.9375
Sys_VAR_ref_400,0.26,0.12,0.9375
Sys_VAR_ref_400,0.26,0.14,0.9375
Sys_VAR_ref_400,0.26,0.16,0.9375
Sys_VAR_ref_400,0.26,0.18,0.9375
Sys_VAR_ref_400,0.26,0.2,0.9375
Sys_VAR_ref_400,0.26,0.22,0.935
Sys_VAR_ref_400,0.26,0.24,0.9325
Sys_VAR_ref_400,0.26,0.26,0.9225
Sys_VAR_ref_400,0.26,0.28,0.9075
Sys_VAR_ref_400,0.26,0.3,0.89
Sys_VAR_ref_400,0.26,0.32,0.81
Sys_VAR_ref_400,0.26,0.34,0.7925
Sys_VAR_ref_400,0.26,0.36,0.7775
Sys_VAR_ref_400,0.26,0.38,0.7625
Sys_VAR_ref_400,0.26,0.4,0.7375
Sys_VAR_ref_400,0.26,0.42,0.71
Sys_VAR_ref_400,0.26,0.44,0.69
Sys_VAR_ref_400,0.26,0.46,0.6625
Sys_VAR_ref_400,0.26,0.48,0.64
Sys_VAR_ref_400,0.26,0.5,0.63
Sys_VAR_ref_400,0.26,0.52,0.6
Sys_VAR_ref_400,0.26,0.54,0.5575
Sys_VAR_ref_400,0.26,0.56,0.5325
Sys_VAR_ref_400,0.26,0.58,0.5
Sys_VAR_ref_400,0.26,0.6,0.4725
Sys_VAR_ref_400,0.26,0.62,0.4375
Sys_VAR_ref_400,0.26,0.64,0.395
Sys_VAR_ref_400,0.26,0.66,0.38
Sys_VAR_ref_400,0.26,0.68,0.35
Sys_VAR_ref_400,0.26,0.7,0.3125
Sys_VAR_ref_400,0.26,0.72,0.28
Sys_VAR_ref_400,0.26,0.74,0.24
Sys_VAR_ref_400,0.26,0.76,0.185
Sys_VAR_ref_400,0.26,0.78,0.1575
Sys_VAR_ref_400,0.26,0.8,0.135
Sys_VAR_ref_400,0.26,0.82,0.1225
Sys_VAR_ref_400,0.26,0.84,0.085
Sys_VAR_ref_400,0.26,0.86,0.0675
Sys_VAR_ref_400,0.26,0.88,0.0625
Sys_VAR_ref_400,0.26,0.9,0.0475
Sys_VAR_ref_400,0.26,0.92,0.04
Sys_VAR_ref_400,0.26,0.94,0.0325
Sys_VAR_ref_400,0.26,0.96,0.0325
Sys_VAR_ref_400,0.26,0.98,0.015
Sys_VAR_ref_400,0.26,1.0,0.0025
Sys_VAR_ref_400,0.28,0.0,0.9375
Sys_VAR_ref_400,0.28,0.02,0.9375
Sys_VAR_ref_400,0.28,0.04,0.9375
Sys_VAR_ref_400,0.28,0.06,0.9375
Sys_VAR_ref_400,0.28,0.08,0.9375
Sys_VAR_ref_400,0.28,0.1,0.9375
Sys_VAR_ref_400,0.28,0.12,0.9375
Sys_VAR_ref_400,0.28,0.14,0.9375
Sys_VAR_ref_400,0.28,0.16,0.9375
Sys_VAR_ref_400,0.28,0.18,0.9375
Sys_VAR_ref_400,0.28,0.2,0.9375
Sys_VAR_ref_400,0.28,0.22,0.935
Sys_VAR_ref_400,0.28,0.24,0.9325
Sys_VAR_ref_400,0.28,0.26,0.9225
Sys_VAR_ref_400,0.28,0.28,0.9075
Sys_VAR_ref_400,0.28,0.3,0.89
Sys_VAR_ref_400,0.28,0.32,0.81
Sys_VAR_ref_400,0.28,0.34,0.7925
Sys_VAR_ref_400,0.28,0.36,0.7775
Sys_VAR_ref_400,0.28,0.38,0.7625
Sys_VAR_ref_400,0.28,0.4,0.7375
Sys_VAR_ref_400,0.28,0.42,0.71
Sys_VAR_ref_400,0.28,0.44,0.69
Sys_VAR_ref_400,0.28,0.46,0.6625
Sys_VAR_ref_400,0.28,0.48,0.64
Sys_VAR_ref_400,0.28,0.5,0.63
Sys_VAR_ref_400,0.28,0.52,0.6
Sys_VAR_ref_400,0.28,0.54,0.5575
Sys_VAR_ref_400,0.28,0.56,0.5325
Sys_VAR_ref_400,0.28,0.58,0.5
Sys_VAR_ref_400,0.28,0.6,0.4725
Sys_VAR_ref_400,0.28,0.62,0.4375
Sys_VAR_ref_400,0.28,0.64,0.395
Sys_VAR_ref_400,0.28,0.66,0.38
Sys_VAR_ref_400,0.28,0.68,0.35
Sys_VAR_ref_400,0.28,0.7,0.3125
Sys_VAR_ref_400,0.28,0.72,0.28
Sys_VAR_ref_400,0.28,0.74,0.24
Sys_VAR_ref_400,0.28,0.76,0.185
Sys_VAR_ref_400,0.28,0.78,0.1575
Sys_VAR_ref_400,0.28,0.8,0.135
Sys_VAR_ref_400,0.28,0.82,0.1225
Sys_VAR_ref_400,0.28,0.84,0.085
Sys_VAR_ref_400,0.28,0.86,0.0675
Sys_VAR_ref_400,0.28,0.88,0.0625
Sys_VAR_ref_400,0.28,0.9,0.0475
Sys_VAR_ref_400,0.28,0.92,0.04
Sys_VAR_ref_400,0.28,0.94,0.0325
Sys_VAR_ref_400,0.28,0.96,0.0325
Sys_VAR_ref_400,0.28,0.98,0.015
Sys_VAR_ref_400,0.28,1.0,0.0025
Sys_VAR_ref_400,0.3,0.0,0.9275
Sys_VAR_ref_400,0.3,0.02,0.9275
Sys_VAR_ref_400,0.3,0.04,0.9275
Sys_VAR_ref_400,0.3,0.06,0.9275
Sys_VAR_ref_400,0.3,0.08,0.9275
Sys_VAR_ref_400,0.3,0.1,0.9275
Sys_VAR_ref_400,0.3,0.12,0.9275
Sys_VAR_ref_400,0.3,0.14,0.9275
Sys_VAR_ref_400,0.3,0.16,0.9275
Sys_VAR_ref_400,0.3,0.18,0.9275
Sys_VAR_ref_400,0.3,0.2,0.9275
Sys_VAR_ref_400,0.3,0.22,0.925
Sys_VAR_ref_400,0.3,0.24,0.9225
Sys_VAR_ref_400,0.3,0.26,0.9125
Sys_VAR_ref_400,0.3,0.28,0.8975
Sys_VAR_ref_400,0.3,0.3,0.88
Sys_VAR_ref_400,0.3,0.32,0.8025
Sys_VAR_ref_400,0.3,0.34,0.7875
Sys_VAR_ref_400,0.3,0.36,0.7725
Sys_VAR_ref_400,0.3,0.38,0.7575
Sys_VAR_ref_400,0.3,0.4,0.7325
Sys_VAR_ref_400,0.3,0.42,0.705
Sys_VAR_ref_400,0.3,0.44,0.685
Sys_VAR_ref_400,0.3,0.46,0.6575
Sys_VAR_ref_400,0.3,0.48,0.64
Sys_VAR_ref_400,0.3,0.5,0.63
Sys_VAR_ref_400,0.3,0.52,0.6
Sys_VAR_ref_400,0.3,0.54,0.5575
Sys_VAR_ref_400,0.3,0.56,0.5325
Sys_VAR_ref_400,0.3,0.58,0.5
Sys_VAR_ref_400,0.3,0.6,0.4725
Sys_VAR_ref_400,0.3,0.62,0.4375
Sys_VAR_ref_400,0.3,0.64,0.395
Sys_VAR_ref_400,0.3,0.66,0.38
Sys_VAR_ref_400,0.3,0.68,0.35
Sys_VAR_ref_400,0.3,0.7,0.3125
Sys_VAR_ref_400,0.3,0.72,0.28
Sys_VAR_ref_400,0.3,0.74,0.24
Sys_VAR_ref_400,0.3,0.76,0.185
Sys_VAR_ref_400,0.3,0.78,0.1575
Sys_VAR_ref_400,0.3,0.8,0.135
Sys_VAR_ref_400,0.3,0.82,0.1225
Sys_VAR_ref_400,0.3,0.84,0.085
Sys_VAR_ref_400,0.3,0.86,0.0675
Sys_VAR_ref_400,0.3,0.88,0.0625
Sys_VAR_ref_400,0.3,0.9,0.0475
Sys_VAR_ref_400,0.3,0.92,0.04
Sys_VAR_ref_400,0.3,0.94,0.0325
Sys_VAR_ref_400,0.3,0.96,0.0325
Sys_VAR_ref_400,0.3,0.98,0.015
Sys_VAR_ref_400,0.3,1.0,0.0025
Sys_VAR_ref_400,0.32,0.0,0.925
Sys_VAR_ref_400,0.32,0.02,0.925
Sys_VAR_ref_400,0.32,0.04,0.925
Sys_VAR_ref_400,0.32,0.06,0.925
Sys_VAR_ref_400,0.32,0.08,0.925
Sys_VAR_ref_400,0.32,0.1,0.925
Sys_VAR_ref_400,0.32,0.12,0.925
Sys_VAR_ref_400,0.32,0.14,0.925
Sys_VAR_ref_400,0.32,0.16,0.925
Sys_VAR_ref_400,0.32,0.18,0.925
Sys_VAR_ref_400,0.32,0.2,0.925
Sys_VAR_ref_400,0.32,0.22,0.9225
Sys_VAR_ref_400,0.32,0.24,0.92
Sys_VAR_ref_400,0.32,0.26,0.91
Sys_VAR_ref_400,0.32,0.28,0.895
Sys_VAR_ref_400,0.32,0.3,0.8775
Sys_VAR_ref_400,0.32,0.32,0.8
Sys_VAR_ref_400,0.32,0.34,0.785
Sys_VAR_ref_400,0.32,0.36,0.77
Sys_VAR_ref_400,0.32,0.38,0.755
Sys_VAR_ref_400,0.32,0.4,0.73
Sys_VAR_ref_400,0.32,0.42,0.705
Sys_VAR_ref_400,0.32,0.44,0.685
Sys_VAR_ref_400,0.32,0.46,0.6575
Sys_VAR_ref_400,0.32,0.48,0.64
Sys_VAR_ref_400,0.32,0.5,0.63
Sys_VAR_ref_400,0.32,0.52,0.6
Sys_VAR_ref_400,0.32,0.54,0.5575
Sys_VAR_ref_400,0.32,0.56,0.5325
Sys_VAR_ref_400,0.32,0.58,0.5
Sys_VAR_ref_400,0.32,0.6,0.4725
Sys_VAR_ref_400,0.32,0.62,0.4375
Sys_VAR_ref_400,0.32,0.64,0.395
Sys_VAR_ref_400,0.32,0.66,0.38
Sys_VAR_ref_400,0.32,0.68,0.35
Sys_VAR_ref_400,0.32,0.7,0.3125
Sys_VAR_ref_400,0.32,0.72,0.28
Sys_VAR_ref_400,0.32,0.74,0.24
Sys_VAR_ref_400,0.32,0.76,0.185
Sys_VAR_ref_400,0.32,0.78,0.1575
Sys_VAR_ref_400,0.32,0.8,0.135
Sys_VAR_ref_400,0.32,0.82,0.1225
Sys_VAR_ref_400,0.32,0.84,0.085
Sys_VAR_ref_400,0.32,0.86,0.0675
Sys_VAR_ref_400,0.32,0.88,0.0625
Sys_VAR_ref_400,0.32,0.9,0.0475
Sys_VAR_ref_400,0.32,0.92,0.04
Sys_VAR_ref_400,0.32,0.94,0.0325
Sys_VAR_ref_400,0.32,0.96,0.0325
Sys_VAR_ref_400,0.32,0.98,0.015
Sys_VAR_ref_400,0.32,1.0,0.0025
Sys_VAR_ref_400,0.34,0.0,0.915
Sys_VAR_ref_400,0.34,0.02,0.915
Sys_VAR_ref_400,0.34,0.04,0.915
Sys_VAR_ref_400,0.34,0.06,0.915
Sys_VAR_ref_400,0.34,0.08,0.915
Sys_VAR_ref_400,0.34,0.1,0.915
Sys_VAR_ref_400,0.34,0.12,0.915
Sys_VAR_ref_400,0.34,0.14,0.915
Sys_VAR_ref_400,0.34,0.16,0.915
Sys_VAR_ref_400,0.34,0.18,0.915
Sys_VAR_ref_400,0.34,0.2,0.915
Sys_VAR_ref_400,0.34,0.22,0.915
Sys_VAR_ref_400,0.34,0.24,0.9125
Sys_VAR_ref_400,0.34,0.26,0.9025
Sys_VAR_ref_400,0.34,0.28,0.8875
Sys_VAR_ref_400,0.34,0.3,0.8725
Sys_VAR_ref_400,0.34,0.32,0.795
Sys_VAR_ref_400,0.34,0.34,0.7825
Sys_VAR_ref_400,0.34,0.36,0.7675
Sys_VAR_ref_400,0.34,0.38,0.7525
Sys_VAR_ref_400,0.34,0.4,0.7275
Sys_VAR_ref_400,0.34,0.42,0.7025
Sys_VAR_ref_400,0.34,0.44,0.6825
Sys_VAR_ref_400,0.34,0.46,0.655
Sys_VAR_ref_400,0.34,0.48,0.6375
Sys_VAR_ref_400,0.34,0.5,0.6275
Sys_VAR_ref_400,0.34,0.52,0.5975
Sys_VAR_ref_400,0.34,0.54,0.555
Sys_VAR_ref_400,0.34,0.56,0.53
Sys_VAR_ref_400,0.34,0.58,0.4975
Sys_VAR_ref_400,0.34,0.6,0.47
Sys_VAR_ref_400,0.34,0.62,0.435
Sys_VAR_ref_400,0.34,0.64,0.3925
Sys_VAR_ref_400,0.34,0.66,0.3775
Sys_VAR_ref_400,0.34,0.68,0.3475
Sys_VAR_ref_400,0.34,0.7,0.3125
Sys_VAR_ref_400,0.34,0.72,0.28
Sys_VAR_ref_400,0.34,0.74,0.24
Sys_VAR_ref_400,0.34,0.76,0.185
Sys_VAR_ref_400,0.34,0.78,0.1575
Sys_VAR_ref_400,0.34,0.8,0.135
Sys_VAR_ref_400,0.34,0.82,0.1225
Sys_VAR_ref_400,0.34,0.84,0.085
Sys_VAR_ref_400,0.34,0.86,0.0675
Sys_VAR_ref_400,0.34,0.88,0.0625
Sys_VAR_ref_400,0.34,0.9,0.0475
Sys_VAR_ref_400,0.34,0.92,0.04
Sys_VAR_ref_400,0.34,0.94,0.0325
Sys_VAR_ref_400,0.34,0.96,0.0325
Sys_VAR_ref_400,0.34,0.98,0.015
Sys_VAR_ref_400,0.34,1.0,0.0025
Sys_VAR_ref_400,0.36,0.0,0.9075
Sys_VAR_ref_400,0.36,0.02,0.9075
Sys_VAR_ref_400,0.36,0.04,0.9075
Sys_VAR_ref_400,0.36,0.06,0.9075
Sys_VAR_ref_400,0.36,0.08,0.9075
Sys_VAR_ref_400,0.36,0.1,0.9075
Sys_VAR_ref_400,0.36,0.12,0.9075
Sys_VAR_ref_400,0.36,0.14,0.9075
Sys_VAR_ref_400,0.36,0.16,0.9075
Sys_VAR_ref_400,0.36,0.18,0.9075
Sys_VAR_ref_400,0.36,0.2,0.9075
Sys_VAR_ref_400,0.36,0.22,0.9075
Sys_VAR_ref_400,0.36,0.24,0.905
Sys_VAR_ref_400,0.36,0.26,0.895
Sys_VAR_ref_400,0.36,0.28,0.88
Sys_VAR_ref_400,0.36,0.3,0.865
Sys_VAR_ref_400,0.36,0.32,0.79
Sys_VAR_ref_400,0.36,0.34,0.78
Sys_VAR_ref_400,0.36,0.36,0.765
Sys_VAR_ref_400,0.36,0.38,0.75
Sys_VAR_ref_400,0.36,0.4,0.725
Sys_VAR_ref_400,0.36,0.42,0.7
Sys_VAR_ref_400,0.36,0.44,0.68
Sys_VAR_ref_400,0.36,0.46,0.6525
Sys_VAR_ref_400,0.36,0.48,0.635
Sys_VAR_ref_400,0.36,0.5,0.6275
Sys_VAR_ref_400,0.36,0.52,0.5975
Sys_VAR_ref_400,0.36,0.54,0.555
Sys_VAR_ref_400,0.36,0.56,0.53
Sys_VAR_ref_400,0.36,0.58,0.4975
Sys_VAR_ref_400,0.36,0.6,0.47
Sys_VAR_ref_400,0.36,0.62,0.435
Sys_VAR_ref_400,0.36,0.64,0.3925
Sys_VAR_ref_400,0.36,0.66,0.3775
Sys_VAR_ref_400,0.36,0.68,0.3475
Sys_VAR_ref_400,0.36,0.7,0.3125
Sys_VAR_ref_400,0.36,0.72,0.28
Sys_VAR_ref_400,0.36,0.74,0.24
Sys_VAR_ref_400,0.36,0.76,0.185
Sys_VAR_ref_400,0.36,0.78,0.1575
Sys_VAR_ref_400,0.36,0.8,0.135
Sys_VAR_ref_400,0.36,0.82,0.1225
Sys_VAR_ref_400,0.36,0.84,0.085
Sys_VAR_ref_400,0.36,0.86,0.0675
Sys_VAR_ref_400,0.36,0.88,0.0625
Sys_VAR_ref_400,0.36,0.9,0.0475
Sys_VAR_ref_400,0.36,0.92,0.04
Sys_VAR_ref_400,0.36,0.94,0.0325
Sys_VAR_ref_400,0.36,0.96,0.0325
Sys_VAR_ref_400,0.36,0.98,0.015
Sys_VAR_ref_400,0.36,1.0,0.0025
Sys_VAR_ref_400,0.38,0.0,0.8975
Sys_VAR_ref_400,0.38,0.02,0.8975
Sys_VAR_ref_400,0.38,0.04,0.8975
Sys_VAR_ref_400,0.38,0.06,0.8975
Sys_VAR_ref_400,0.38,0.08,0.8975
Sys_VAR_ref_400,0.38,0.1,0.8975
Sys_VAR_ref_400,0.38,0.12,0.8975
Sys_VAR_ref_400,0.38,0.14,0.8975
Sys_VAR_ref_400,0.38,0.16,0.8975
Sys_VAR_ref_400,0.38,0.18,0.8975
Sys_VAR_ref_400,0.38,0.2,0.8975
Sys_VAR_ref_400,0.38,0.22,0.8975
Sys_VAR_ref_400,0.38,0.24,0.895
Sys_VAR_ref_400,0.38,0.26,0.8875
Sys_VAR_ref_400,0.38,0.28,0.8725
Sys_VAR_ref_400,0.38,0.3,0.8575
Sys_VAR_ref_400,0.38,0.32,0.785
Sys_VAR_ref_400,0.38,0.34,0.775
Sys_VAR_ref_400,0.38,0.36,0.76
Sys_VAR_ref_400,0.38,0.38,0.745
Sys_VAR_ref_400,0.38,0.4,0.72
Sys_VAR_ref_400,0.38,0.42,0.695
Sys_VAR_ref_400,0.38,0.44,0.6775
Sys_VAR_ref_400,0.38,0.46,0.65
Sys_VAR_ref_400,0.38,0.48,0.6325
Sys_VAR_ref_400,0.38,0.5,0.6275
Sys_VAR_ref_400,0.38,0.52,0.5975
Sys_VAR_ref_400,0.38,0.54,0.555
Sys_VAR_ref_400,0.38,0.56,0.53
Sys_VAR_ref_400,0.38,0.58,0.4975
Sys_VAR_ref_400,0.38,0.6,0.47
Sys_VAR_ref_400,0.38,0.62,0.435
Sys_VAR_ref_400,0.38,0.64,0.3925
Sys_VAR_ref_400,0.38,0.66,0.3775
Sys_VAR_ref_400,0.38,0.68,0.3475
Sys_VAR_ref_400,0.38,0.7,0.3125
Sys_VAR_ref_400,0.38,0.72,0.28
Sys_VAR_ref_400,0.38,0.74,0.24
Sys_VAR_ref_400,0.38,0.76,0.185
Sys_VAR_ref_400,0.38,0.78,0.1575
Sys_VAR_ref_400,0.38,0.8,0.135
Sys_VAR_ref_400,0.38,0.82,0.1225
Sys_VAR_ref_400,0.38,0.84,0.085
Sys_VAR_ref_400,0.38,0.86,0.0675
Sys_VAR_ref_400,0.38,0.88,0.0625
Sys_VAR_ref_400,0.38,0.9,0.0475
Sys_VAR_ref_400,0.38,0.92,0.04
Sys_VAR_ref_400,0.38,0.94,0.0325
Sys_VAR_ref_400,0.38,0.96,0.0325
Sys_VAR_ref_400,0.38,0.98,0.015
Sys_VAR_ref_400,0.38,1.0,0.0025
Sys_VAR_ref_400,0.4,0.0,0.89
Sys_VAR_ref_400,0.4,0.02,0.89
Sys_VAR_ref_400,0.4,0.04,0.89
Sys_VAR_ref_400,0.4,0.06,0.89
Sys_VAR_ref_400,0.4,0.08,0.89
Sys_VAR_ref_400,0.4,0.1,0.89
Sys_VAR_ref_400,0.4,0.12,0.89
Sys_VAR_ref_400,0.4,0.14,0.89
Sys_VAR_ref_400,0.4,0.16,0.89
Sys_VAR_ref_400,0.4,0.18,0.89
Sys_VAR_ref_400,0.4,0.2,0.89
Sys_VAR_ref_400,0.4,0.22,0.89
Sys_VAR_ref_400,0.4,0.24,0.89
Sys_VAR_ref_400,0.4,0.26,0.8825
Sys_VAR_ref_400,0.4,0.28,0.8675
Sys_VAR_ref_400,0.4,0.3,0.855
Sys_VAR_ref_400,0.4,0.32,0.7825
Sys_VAR_ref_400,0.4,0.34,0.7725
Sys_VAR_ref_400,0.4,0.36,0.7575
Sys_VAR_ref_400,0.4,0.38,0.7425
Sys_VAR_ref_400,0.4,0.4,0.72
Sys_VAR_ref_400,0.4,0.42,0.695
Sys_VAR_ref_400,0.4,0.44,0.6775
Sys_VAR_ref_400,0.4,0.46,0.65
Sys_VAR_ref_400,0.4,0.48,0.6325
Sys_VAR_ref_400,0.4,0.5,0.6275
Sys_VAR_ref_400,0.4,0.52,0.5975
Sys_VAR_ref_400,0.4,0.54,0.555
Sys_VAR_ref_400,0.4,0.56,0.53
Sys_VAR_ref_400,0.4,0.58,0.4975
Sys_VAR_ref_400,0.4,0.6,0.47
Sys_VAR_ref_400,0.4,0.62,0.435
Sys_VAR_ref_400,0.4,0.64,0.3925
Sys_VAR_ref_400,0.4,0.66,0.3775
Sys_VAR_ref_400,0.4,0.68,0.3475
Sys_VAR_ref_400,0.4,0.7,0.3125
Sys_VAR_ref_400,0.4,0.72,0.28
Sys_VAR_ref_400,0.4,0.74,0.24
Sys_VAR_ref_400,0.4,0.76,0.185
Sys_VAR_ref_400,0.4,0.78,0.1575
Sys_VAR_ref_400,0.4,0.8,0.135
Sys_VAR_ref_400,0.4,0.82,0.1225
Sys_VAR_ref_400,0.4,0.84,0.085
Sys_VAR_ref_400,0.4,0.86,0.0675
Sys_VAR_ref_400,0.4,0.88,0.0625
Sys_VAR_ref_400,0.4,0.9,0.0475
Sys_VAR_ref_400,0.4,0.92,0.04
Sys_VAR_ref_400,0.4,0.94,0.0325
Sys_VAR_ref_400,0.4,0.96,0.0325
Sys_VAR_ref_400,0.4,0.98,0.015
Sys_VAR_ref_400,0.4,1.0,0.0025
Sys_VAR_ref_400,0.42,0.0,0.89
Sys_VAR_ref_400,0.42,0.02,0.89
Sys_VAR_ref_400,0.42,0.04,0.89
Sys_VAR_ref_400,0.42,0.06,0.89
Sys_VAR_ref_400,0.42,0.08,0.89
Sys_VAR_ref_400,0.42,0.1,0.89
Sys_VAR_ref_400,0.42,0.12,0.89
Sys_VAR_ref_400,0.42,0.14,0.89
Sys_VAR_ref_400,0.42,0.16,0.89
Sys_VAR_ref_400,0.42,0.18,0.89
Sys_VAR_ref_400,0.42,0.2,0.89
Sys_VAR_ref_400,0.42,0.22,0.89
Sys_VAR_ref_400,0.42,0.24,0.89
Sys_VAR_ref_400,0.42,0.26,0.8825
Sys_VAR_ref_400,0.42,0.28,0.8675
Sys_VAR_ref_400,0.42,0.3,0.855
Sys_VAR_ref_400,0.42,0.32,0.7825
Sys_VAR_ref_400,0.42,0.34,0.7725
Sys_VAR_ref_400,0.42,0.36,0.7575
Sys_VAR_ref_400,0.42,0.38,0.7425
Sys_VAR_ref_400,0.42,0.4,0.72
Sys_VAR_ref_400,0.42,0.42,0.695
Sys_VAR_ref_400,0.42,0.44,0.6775
Sys_VAR_ref_400,0.42,0.46,0.65
Sys_VAR_ref_400,0.42,0.48,0.6325
Sys_VAR_ref_400,0.42,0.5,0.6275
Sys_VAR_ref_400,0.42,0.52,0.5975
Sys_VAR_ref_400,0.42,0.54,0.555
Sys_VAR_ref_400,0.42,0.56,0.53
Sys_VAR_ref_400,0.42,0.58,0.4975
Sys_VAR_ref_400,0.42,0.6,0.47
Sys_VAR_ref_400,0.42,0.62,0.435
Sys_VAR_ref_400,0.42,0.64,0.3925
Sys_VAR_ref_400,0.42,0.66,0.3775
Sys_VAR_ref_400,0.42,0.68,0.3475
Sys_VAR_ref_400,0.42,0.7,0.3125
Sys_VAR_ref_400,0.42,0.72,0.28
Sys_VAR_ref_400,0.42,0.74,0.24
Sys_VAR_ref_400,0.42,0.76,0.185
Sys_VAR_ref_400,0.42,0.78,0.1575
Sys_VAR_ref_400,0.42,0.8,0.135
Sys_VAR_ref_400,0.42,0.82,0.1225
Sys_VAR_ref_400,0.42,0.84,0.085
Sys_VAR_ref_400,0.42,0.86,0.0675
Sys_VAR_ref_400,0.42,0.88,0.0625
Sys_VAR_ref_400,0.42,0.9,0.0475
Sys_VAR_ref_400,0.42,0.92,0.04
Sys_VAR_ref_400,0.42,0.94,0.0325
Sys_VAR_ref_400,0.42,0.96,0.0325
Sys_VAR_ref_400,0.42,0.98,0.015
Sys_VAR_ref_400,0.42,1.0,0.0025
Sys_VAR_ref_400,0.44,0.0,0.865
Sys_VAR_ref_400,0.44,0.02,0.865
Sys_VAR_ref_400,0.44,0.04,0.865
Sys_VAR_ref_400,0.44,0.06,0.865
Sys_VAR_ref_400,0.44,0.08,0.865
Sys_VAR_ref_400,0.44,0.1,0.865
Sys_VAR_ref_400,0.44,0.12,0.865
Sys_VAR_ref_400,0.44,0.14,0.865
Sys_VAR_ref_400,0.44,0.16,0.865
Sys_VAR_ref_400,0.44,0.18,0.865
Sys_VAR_ref_400,0.44,0.2,0.865
Sys_VAR_ref_400,0.44,0.22,0.865
Sys_VAR_ref_400,0.44,0.24,0.865
Sys_VAR_ref_400,0.44,0.26,0.86
Sys_VAR_ref_400,0.44,0.28,0.8475
Sys_VAR_ref_400,0.44,0.3,0.835
Sys_VAR_ref_400,0.44,0.32,0.765
Sys_VAR_ref_400,0.44,0.34,0.755
Sys_VAR_ref_400,0.44,0.36,0.74
Sys_VAR_ref_400,0.44,0.38,0.725
Sys_VAR_ref_400,0.44,0.4,0.705
Sys_VAR_ref_400,0.44,0.42,0.68
Sys_VAR_ref_400,0.44,0.44,0.665
Sys_VAR_ref_400,0.44,0.46,0.6375
Sys_VAR_ref_400,0.44,0.48,0.6225
Sys_VAR_ref_400,0.44,0.5,0.6175
Sys_VAR_ref_400,0.44,0.52,0.59
Sys_VAR_ref_400,0.44,0.54,0.5475
Sys_VAR_ref_400,0.44,0.56,0.5225
Sys_VAR_ref_400,0.44,0.58,0.49
Sys_VAR_ref_400,0.44,0.6,0.4625
Sys_VAR_ref_400,0.44,0.62,0.4275
Sys_VAR_ref_400,0.44,0.64,0.3875
Sys_VAR_ref_400,0.44,0.66,0.3725
Sys_VAR_ref_400,0.44,0.68,0.3425
Sys_VAR_ref_400,0.44,0.7,0.31
Sys_VAR_ref_400,0.44,0.72,0.2775
Sys_VAR_ref_400,0.44,0.74,0.2375
Sys_VAR_ref_400,0.44,0.76,0.1825
Sys_VAR_ref_400,0.44,0.78,0.155
Sys_VAR_ref_400,0.44,0.8,0.135
Sys_VAR_ref_400,0.44,0.82,0.1225
Sys_VAR_ref_400,0.44,0.84,0.085
Sys_VAR_ref_400,0.44,0.86,0.0675
Sys_VAR_ref_400,0.44,0.88,0.0625
Sys_VAR_ref_400,0.44,0.9,0.0475
Sys_VAR_ref_400,0.44,0.92,0.04
Sys_VAR_ref_400,0.44,0.94,0.0325
Sys_VAR_ref_400,0.44,0.96,0.0325
Sys_VAR_ref_400,0.44,0.98,0.015
Sys_VAR_ref_400,0.44,1.0,0.0025
Sys_VAR_ref_400,0.46,0.0,0.85
Sys_VAR_ref_400,0.46,0.02,0.85
Sys_VAR_ref_400,0.46,0.04,0.85
Sys_VAR_ref_400,0.46,0.06,0.85
Sys_VAR_ref_400,0.46,0.08,0.85
Sys_VAR_ref_400,0.46,0.1,0.85
Sys_VAR_ref_400,0.46,0.12,0.85
Sys_VAR_ref_400,0.46,0.14,0.85
Sys_VAR_ref_400,0.46,0.16,0.85
Sys_VAR_ref_400,0.46,0.18,0.85
Sys_VAR_ref_400,0.46,0.2,0.85
Sys_VAR_ref_400,0.46,0.22,0.85
Sys_VAR_ref_400,0.46,0.24,0.85
Sys_VAR_ref_400,0.46,0.26,0.845
Sys_VAR_ref_400,0.46,0.28,0.8325
Sys_VAR_ref_400,0.46,0.3,0.82
Sys_VAR_ref_400,0.46,0.32,0.755
Sys_VAR_ref_400,0.46,0.34,0.745
Sys_VAR_ref_400,0.46,0.36,0.73
Sys_VAR_ref_400,0.46,0.38,0.715
Sys_VAR_ref_400,0.46,0.4,0.6975
Sys_VAR_ref_400,0.46,0.42,0.6725
Sys_VAR_ref_400,0.46,0.44,0.6575
Sys_VAR_ref_400,0.46,0.46,0.635
Sys_VAR_ref_400,0.46,0.48,0.62
Sys_VAR_ref_400,0.46,0.5,0.615
Sys_VAR_ref_400,0.46,0.52,0.5875
Sys_VAR_ref_400,0.46,0.54,0.545
Sys_VAR_ref_400,0.46,0.56,0.52
Sys_VAR_ref_400,0.46,0.58,0.4875
Sys_VAR_ref_400,0.46,0.6,0.46
Sys_VAR_ref_400,0.46,0.62,0.4275
Sys_VAR_ref_400,0.46,0.64,0.3875
Sys_VAR_ref_400,0.46,0.66,0.3725
Sys_VAR_ref_400,0.46,0.68,0.3425
Sys_VAR_ref_400,0.46,0.7,0.31
Sys_VAR_ref_400,0.46,0.72,0.2775
Sys_VAR_ref_400,0.46,0.74,0.2375
Sys_VAR_ref_400,0.46,0.76,0.1825
Sys_VAR_ref_400,0.46,0.78,0.155
Sys_VAR_ref_400,0.46,0.8,0.135
Sys_VAR_ref_400,0.46,0.82,0.1225
Sys_VAR_ref_400,0.46,0.84,0.085
Sys_VAR_ref_400,0.46,0.86,0.0675
Sys_VAR_ref_400,0.46,0.88,0.0625
Sys_VAR_ref_400,0.46,0.9,0.0475
Sys_VAR_ref_400,0.46,0.92,0.04
Sys_VAR_ref_400,0.46,0.94,0.0325
Sys_VAR_ref_400,0.46,0.96,0.0325
Sys_VAR_ref_400,0.46,0.98,0.015
Sys_VAR_ref_400,0.46,1.0,0.0025
Sys_VAR_ref_400,0.48,0.0,0.845
Sys_VAR_ref_400,0.48,0.02,0.845
Sys_VAR_ref_400,0.48,0.04,0.845
Sys_VAR_ref_400,0.48,0.06,0.845
Sys_VAR_ref_400,0.48,0.08,0.845
Sys_VAR_ref_400,0.48,0.1,0.845
Sys_VAR_ref_400,0.48,0.12,0.845
Sys_VAR_ref_400,0.48,0.14,0.845
Sys_VAR_ref_400,0.48,0.16,0.845
Sys_VAR_ref_400,0.48,0.18,0.845
Sys_VAR_ref_400,0.48,0.2,0.845
Sys_VAR_ref_400,0.48,0.22,0.845
Sys_VAR_ref_400,0.48,0.24,0.845
Sys_VAR_ref_400,0.48,0.26,0.8425
Sys_VAR_ref_400,0.48,0.28,0.83
Sys_VAR_ref_400,0.48,0.3,0.8175
Sys_VAR_ref_400,0.48,0.32,0.7525
Sys_VAR_ref_400,0.48,0.34,0.7425
Sys_VAR_ref_400,0.48,0.36,0.7275
Sys_VAR_ref_400,0.48,0.38,0.7125
Sys_VAR_ref_400,0.48,0.4,0.695
Sys_VAR_ref_400,0.48,0.42,0.67
Sys_VAR_ref_400,0.48,0.44,0.655
Sys_VAR_ref_400,0.48,0.46,0.6325
Sys_VAR_ref_400,0.48,0.48,0.6175
Sys_VAR_ref_400,0.48,0.5,0.6125
Sys_VAR_ref_400,0.48,0.52,0.585
Sys_VAR_ref_400,0.48,0.54,0.545
Sys_VAR_ref_400,0.48,0.56,0.52
Sys_VAR_ref_400,0.48,0.58,0.4875
Sys_VAR_ref_400,0.48,0.6,0.46
Sys_VAR_ref_400,0.48,0.62,0.4275
Sys_VAR_ref_400,0.48,0.64,0.3875
Sys_VAR_ref_400,0.48,0.66,0.3725
Sys_VAR_ref_400,0.48,0.68,0.3425
Sys_VAR_ref_400,0.48,0.7,0.31
Sys_VAR_ref_400,0.48,0.72,0.2775
Sys_VAR_ref_400,0.48,0.74,0.2375
Sys_VAR_ref_400,0.48,0.76,0.1825
Sys_VAR_ref_400,0.48,0.78,0.155
Sys_VAR_ref_400,0.48,0.8,0.135
Sys_VAR_ref_400,0.48,0.82,0.1225
Sys_VAR_ref_400,0.48,0.84,0.085
Sys_VAR_ref_400,0.48,0.86,0.0675
Sys_VAR_ref_400,0.48,0.88,0.0625
Sys_VAR_ref_400,0.48,0.9,0.0475
Sys_VAR_ref_400,0.48,0.92,0.04
Sys_VAR_ref_400,0.48,0.94,0.0325
Sys_VAR_ref_400,0.48,0.96,0.0325
Sys_VAR_ref_400,0.48,0.98,0.015
Sys_VAR_ref_400,0.48,1.0,0.0025
Sys_VAR_ref_400,0.5,0.0,0.8425
Sys_VAR_ref_400,0.5,0.02,0.8425
Sys_VAR_ref_400,0.5,0.04,0.8425
Sys_VAR_ref_400,0.5,0.06,0.8425
Sys_VAR_ref_400,0.5,0.08,0.8425
Sys_VAR_ref_400,0.5,0.1,0.8425
Sys_VAR_ref_400,0.5,0.12,0.8425
Sys_VAR_ref_400,0.5,0.14,0.8425
Sys_VAR_ref_400,0.5,0.16,0.8425
Sys_VAR_ref_400,0.5,0.18,0.8425
Sys_VAR_ref_400,0.5,0.2,0.8425
Sys_VAR_ref_400,0.5,0.22,0.8425
Sys_VAR_ref_400,0.5,0.24,0.8425
Sys_VAR_ref_400,0.5,0.26,0.84
Sys_VAR_ref_400,0.5,0.28,0.8275
Sys_VAR_ref_400,0.5,0.3,0.815
Sys_VAR_ref_400,0.5,0.32,0.75
Sys_VAR_ref_400,0.5,0.34,0.74
Sys_VAR_ref_400,0.5,0.36,0.725
Sys_VAR_ref_400,0.5,0.38,0.71
Sys_VAR_ref_400,0.5,0.4,0.6925
Sys_VAR_ref_400,0.5,0.42,0.67
Sys_VAR_ref_400,0.5,0.44,0.655
Sys_VAR_ref_400,0.5,0.46,0.6325
Sys_VAR_ref_400,0.5,0.48,0.6175
Sys_VAR_ref_400,0.5,0.5,0.6125
Sys_VAR_ref_400,0.5,0.52,0.585
Sys_VAR_ref_400,0.5,0.54,0.545
Sys_VAR_ref_400,0.5,0.56,0.52
Sys_VAR_ref_400,0.5,0.58,0.4875
Sys_VAR_ref_400,0.5,0.6,0.46
Sys_VAR_ref_400,0.5,0.62,0.4275
Sys_VAR_ref_400,0.5,0.64,0.3875
Sys_VAR_ref_400,0.5,0.66,0.3725
Sys_VAR_ref_400,0.5,0.68,0.3425
Sys_VAR_ref_400,0.5,0.7,0.31
Sys_VAR_ref_400,0.5,0.72,0.2775
Sys_VAR_ref_400,0.5,0.74,0.2375
Sys_VAR_ref_400,0.5,0.76,0.1825
Sys_VAR_ref_400,0.5,0.78,0.155
Sys_VAR_ref_400,0.5,0.8,0.135
Sys_VAR_ref_400,0.5,0.82,0.1225
Sys_VAR_ref_400,0.5,0.84,0.085
Sys_VAR_ref_400,0.5,0.86,0.0675
Sys_VAR_ref_400,0.5,0.88,0.0625
Sys_VAR_ref_400,0.5,0.9,0.0475
Sys_VAR_ref_400,0.5,0.92,0.04
Sys_VAR_ref_400,0.5,0.94,0.0325
Sys_VAR_ref_400,0.5,0.96,0.0325
Sys_VAR_ref_400,0.5,0.98,0.015
Sys_VAR_ref_400,0.5,1.0,0.0025
Sys_VAR_ref_400,0.52,0.0,0.8325
Sys_VAR_ref_400,0.52,0.02,0.8325
Sys_VAR_ref_400,0.52,0.04,0.8325
Sys_VAR_ref_400,0.52,0.06,0.8325
Sys_VAR_ref_400,0.52,0.08,0.8325
Sys_VAR_ref_400,0.52,0.1,0.8325
Sys_VAR_ref_400,0.52,0.12,0.8325
Sys_VAR_ref_400,0.52,0.14,0.8325
Sys_VAR_ref_400,0.52,0.16,0.8325
Sys_VAR_ref_400,0.52,0.18,0.8325
Sys_VAR_ref_400,0.52,0.2,0.8325
Sys_VAR_ref_400,0.52,0.22,0.8325
Sys_VAR_ref_400,0.52,0.24,0.8325
Sys_VAR_ref_400,0.52,0.26,0.83
Sys_VAR_ref_400,0.52,0.28,0.8175
Sys_VAR_ref_400,0.52,0.3,0.805
Sys_VAR_ref_400,0.52,0.32,0.74
Sys_VAR_ref_400,0.52,0.34,0.73
Sys_VAR_ref_400,0.52,0.36,0.7175
Sys_VAR_ref_400,0.52,0.38,0.7025
Sys_VAR_ref_400,0.52,0.4,0.6875
Sys_VAR_ref_400,0.52,0.42,0.665
Sys_VAR_ref_400,0.52,0.44,0.65
Sys_VAR_ref_400,0.52,0.46,0.6275
Sys_VAR_ref_400,0.52,0.48,0.6125
Sys_VAR_ref_400,0.52,0.5,0.6075
Sys_VAR_ref_400,0.52,0.52,0.58
Sys_VAR_ref_400,0.52,0.54,0.54
Sys_VAR_ref_400,0.52,0.56,0.515
Sys_VAR_ref_400,0.52,0.58,0.4825
Sys_VAR_ref_400,0.52,0.6,0.455
Sys_VAR_ref_400,0.52,0.62,0.425
Sys_VAR_ref_400,0.52,0.64,0.385
Sys_VAR_ref_400,0.52,0.66,0.37
Sys_VAR_ref_400,0.52,0.68,0.34
Sys_VAR_ref_400,0.52,0.7,0.3075
Sys_VAR_ref_400,0.52,0.72,0.2775
Sys_VAR_ref_400,0.52,0.74,0.2375
Sys_VAR_ref_400,0.52,0.76,0.1825
Sys_VAR_ref_400,0.52,0.78,0.155
Sys_VAR_ref_400,0.52,0.8,0.135
Sys_VAR_ref_400,0.52,0.82,0.1225
Sys_VAR_ref_400,0.52,0.84,0.085
Sys_VAR_ref_400,0.52,0.86,0.0675
Sys_VAR_ref_400,0.52,0.88,0.0625
Sys_VAR_ref_400,0.52,0.9,0.0475
Sys_VAR_ref_400,0.52,0.92,0.04
Sys_VAR_ref_400,0.52,0.94,0.0325
Sys_VAR_ref_400,0.52,0.96,0.0325
Sys_VAR_ref_400,0.52,0.98,0.015
Sys_VAR_ref_400,0.52,1.0,0.0025
Sys_VAR_ref_400,0.54,0.0,0.8125
Sys_VAR_ref_400,0.54,0.02,0.8125
Sys_VAR_ref_400,0.54,0.04,0.8125
Sys_VAR_ref_400,0.54,0.06,0.8125
Sys_VAR_ref_400,0.54,0.08,0.8125
Sys_VAR_ref_400,0.54,0.1,0.8125
Sys_VAR_ref_400,0.54,0.12,0.8125
Sys_VAR_ref_400,0.54,0.14,0.8125
Sys_VAR_ref_400,0.54,0.16,0.8125
Sys_VAR_ref_400,0.54,0.18,0.8125
Sys_VAR_ref_400,0.54,0.2,0.8125
Sys_VAR_ref_400,0.54,0.22,0.8125
Sys_VAR_ref_400,0.54,0.24,0.8125
Sys_VAR_ref_400,0.54,0.26,0.81
Sys_VAR_ref_400,0.54,0.28,0.7975
Sys_VAR_ref_400,0.54,0.3,0.79
Sys_VAR_ref_400,0.54,0.32,0.725
Sys_VAR_ref_400,0.54,0.34,0.715
Sys_VAR_ref_400,0.54,0.36,0.705
Sys_VAR_ref_400,0.54,0.38,0.6975
Sys_VAR_ref_400,0.54,0.4,0.6825
Sys_VAR_ref_400,0.54,0.42,0.66
Sys_VAR_ref_400,0.54,0.44,0.645
Sys_VAR_ref_400,0.54,0.46,0.625
Sys_VAR_ref_400,0.54,0.48,0.61
Sys_VAR_ref_400,0.54,0.5,0.605
Sys_VAR_ref_400,0.54,0.52,0.58
Sys_VAR_ref_400,0.54,0.54,0.54
Sys_VAR_ref_400,0.54,0.56,0.515
Sys_VAR_ref_400,0.54,0.58,0.4825
Sys_VAR_ref_400,0.54,0.6,0.455
Sys_VAR_ref_400,0.54,0.62,0.425
Sys_VAR_ref_400,0.54,0.64,0.385
Sys_VAR_ref_400,0.54,0.66,0.37
Sys_VAR_ref_400,0.54,0.68,0.34
Sys_VAR_ref_400,0.54,0.7,0.3075
Sys_VAR_ref_400,0.54,0.72,0.2775
Sys_VAR_ref_400,0.54,0.74,0.2375
Sys_VAR_ref_400,0.54,0.76,0.1825
Sys_VAR_ref_400,0.54,0.78,0.155
Sys_VAR_ref_400,0.54,0.8,0.135
Sys_VAR_ref_400,0.54,0.82,0.1225
Sys_VAR_ref_400,0.54,0.84,0.085
Sys_VAR_ref_400,0.54,0.86,0.0675
Sys_VAR_ref_400,0.54,0.88,0.0625
Sys_VAR_ref_400,0.54,0.9,0.0475
Sys_VAR_ref_400,0.54,0.92,0.04
Sys_VAR_ref_400,0.54,0.94,0.0325
Sys_VAR_ref_400,0.54,0.96,0.0325
Sys_VAR_ref_400,0.54,0.98,0.015
Sys_VAR_ref_400,0.54,1.0,0.0025
Sys_VAR_ref_400,0.56,0.0,0.8025
Sys_VAR_ref_400,0.56,0.02,0.8025
Sys_VAR_ref_400,0.56,0.04,0.8025
Sys_VAR_ref_400,0.56,0.06,0.8025
Sys_VAR_ref_400,0.56,0.08,0.8025
Sys_VAR_ref_400,0.56,0.1,0.8025
Sys_VAR_ref_400,0.56,0.12,0.8025
Sys_VAR_ref_400,0.56,0.14,0.8025
Sys_VAR_ref_400,0.56,0.16,0.8025
Sys_VAR_ref_400,0.56,0.18,0.8025
Sys_VAR_ref_400,0.56,0.2,0.8025
Sys_VAR_ref_400,0.56,0.22,0.8025
Sys_VAR_ref_400,0.56,0.24,0.8025
Sys_VAR_ref_400,0.56,0.26,0.8
Sys_VAR_ref_400,0.56,0.28,0.7875
Sys_VAR_ref_400,0.56,0.3,0.78
Sys_VAR_ref_400,0.56,0.32,0.715
Sys_VAR_ref_400,0.56,0.34,0.705
Sys_VAR_ref_400,0.56,0.36,0.6975
Sys_VAR_ref_400,0.56,0.38,0.6925
Sys_VAR_ref_400,0.56,0.4,0.68
Sys_VAR_ref_400,0.56,0.42,0.6575
Sys_VAR_ref_400,0.56,0.44,0.6425
Sys_VAR_ref_400,0.56,0.46,0.6225
Sys_VAR_ref_400,0.56,0.48,0.6075
Sys_VAR_ref_400,0.56,0.5,0.6025
Sys_VAR_ref_400,0.56,0.52,0.5775
Sys_VAR_ref_400,0.56,0.54,0.5375
Sys_VAR_ref_400,0.56,0.56,0.5125
Sys_VAR_ref_400,0.56,0.58,0.48
Sys_VAR_ref_400,0.56,0.6,0.455
Sys_VAR_ref_400,0.56,0.62,0.425
Sys_VAR_ref_400,0.56,0.64,0.385
Sys_VAR_ref_400,0.56,0.66,0.37
Sys_VAR_ref_400,0.56,0.68,0.34
Sys_VAR_ref_400,0.56,0.7,0.3075
Sys_VAR_ref_400,0.56,0.72,0.2775
Sys_VAR_ref_400,0.56,0.74,0.2375
Sys_VAR_ref_400,0.56,0.76,0.1825
Sys_VAR_ref_400,0.56,0.78,0.155
Sys_VAR_ref_400,0.56,0.8,0.135
Sys_VAR_ref_400,0.56,0.82,0.1225
Sys_VAR_ref_400,0.56,0.84,0.085
Sys_VAR_ref_400,0.56,0.86,0.0675
Sys_VAR_ref_400,0.56,0.88,0.0625
Sys_VAR_ref_400,0.56,0.9,0.0475
Sys_VAR_ref_400,0.56,0.92,0.04
Sys_VAR_ref_400,0.56,0.94,0.0325
Sys_VAR_ref_400,0.56,0.96,0.0325
Sys_VAR_ref_400,0.56,0.98,0.015
Sys_VAR_ref_400,0.56,1.0,0.0025
Sys_VAR_ref_400,0.58,0.0,0.7825
Sys_VAR_ref_400,0.58,0.02,0.7825
Sys_VAR_ref_400,0.58,0.04,0.7825
Sys_VAR_ref_400,0.58,0.06,0.7825
Sys_VAR_ref_400,0.58,0.08,0.7825
Sys_VAR_ref_400,0.58,0.1,0.7825
Sys_VAR_ref_400,0.58,0.12,0.7825
Sys_VAR_ref_400,0.58,0.14,0.7825
Sys_VAR_ref_400,0.58,0.16,0.7825
Sys_VAR_ref_400,0.58,0.18,0.7825
Sys_VAR_ref_400,0.58,0.2,0.7825
Sys_VAR_ref_400,0.58,0.22,0.7825
Sys_VAR_ref_400,0.58,0.24,0.7825
Sys_VAR_ref_400,0.58,0.26,0.7825
Sys_VAR_ref_400,0.58,0.28,0.7725
Sys_VAR_ref_400,0.58,0.3,0.7675
Sys_VAR_ref_400,0.58,0.32,0.7025
Sys_VAR_ref_400,0.58,0.34,0.695
Sys_VAR_ref_400,0.58,0.36,0.6875
Sys_VAR_ref_400,0.58,0.38,0.6825
Sys_VAR_ref_400,0.58,0.4,0.67
Sys_VAR_ref_400,0.58,0.42,0.6475
Sys_VAR_ref_400,0.58,0.44,0.6325
Sys_VAR_ref_400,0.58,0.46,0.6125
Sys_VAR_ref_400,0.58,0.48,0.6
Sys_VAR_ref_400,0.58,0.5,0.595
Sys_VAR_ref_400,0.58,0.52,0.5725
Sys_VAR_ref_400,0.58,0.54,0.535
Sys_VAR_ref_400,0.58,0.56,0.51
Sys_VAR_ref_400,0.58,0.58,0.4775
Sys_VAR_ref_400,0.58,0.6,0.4525
Sys_VAR_ref_400,0.58,0.62,0.4225
Sys_VAR_ref_400,0.58,0.64,0.3825
Sys_VAR_ref_400,0.58,0.66,0.3675
Sys_VAR_ref_400,0.58,0.68,0.3375
Sys_VAR_ref_400,0.58,0.7,0.305
Sys_VAR_ref_400,0.58,0.72,0.275
Sys_VAR_ref_400,0.58,0.74,0.2375
Sys_VAR_ref_400,0.58,0.76,0.1825
Sys_VAR_ref_400,0.58,0.78,0.155
Sys_VAR_ref_400,0.58,0.8,0.135
Sys_VAR_ref_400,0.58,0.82,0.1225
Sys_VAR_ref_400,0.58,0.84,0.085
Sys_VAR_ref_400,0.58,0.86,0.0675
Sys_VAR_ref_400,0.58,0.88,0.0625
Sys_VAR_ref_400,0.58,0.9,0.0475
Sys_VAR_ref_400,0.58,0.92,0.04
Sys_VAR_ref_400,0.58,0.94,0.0325
Sys_VAR_ref_400,0.58,0.96,0.0325
Sys_VAR_ref_400,0.58,0.98,0.015
Sys_VAR_ref_400,0.58,1.0,0.0025
Sys_VAR_ref_400,0.6,0.0,0.7825
Sys_VAR_ref_400,0.6,0.02,0.7825
Sys_VAR_ref_400,0.6,0.04,0.7825
Sys_VAR_ref_400,0.6,0.06,0.7825
Sys_VAR_ref_400,0.6,0.08,0.7825
Sys_VAR_ref_400,0.6,0.1,0.7825
Sys_VAR_ref_400,0.6,0.12,0.7825
Sys_VAR_ref_400,0.6,0.14,0.7825
Sys_VAR_ref_400,0.6,0.16,0.7825
Sys_VAR_ref_400,0.6,0.18,0.7825
Sys_VAR_ref_400,0.6,0.2,0.7825
Sys_VAR_ref_400,0.6,0.22,0.7825
Sys_VAR_ref_400,0.6,0.24,0.7825
Sys_VAR_ref_400,0.6,0.26,0.7825
Sys_VAR_ref_400,0.6,0.28,0.7725
Sys_VAR_ref_400,0.6,0.3,0.7675
Sys_VAR_ref_400,0.6,0.32,0.7025
Sys_VAR_ref_400,0.6,0.34,0.695
Sys_VAR_ref_400,0.6,0.36,0.6875
Sys_VAR_ref_400,0.6,0.38,0.6825
Sys_VAR_ref_400,0.6,0.4,0.67
Sys_VAR_ref_400,0.6,0.42,0.6475
Sys_VAR_ref_400,0.6,0.44,0.6325
Sys_VAR_ref_400,0.6,0.46,0.6125
Sys_VAR_ref_400,0.6,0.48,0.6
Sys_VAR_ref_400,0.6,0.5,0.595
Sys_VAR_ref_400,0.6,0.52,0.5725
Sys_VAR_ref_400,0.6,0.54,0.535
Sys_VAR_ref_400,0.6,0.56,0.51
Sys_VAR_ref_400,0.6,0.58,0.4775
Sys_VAR_ref_400,0.6,0.6,0.4525
Sys_VAR_ref_400,0.6,0.62,0.4225
Sys_VAR_ref_400,0.6,0.64,0.3825
Sys_VAR_ref_400,0.6,0.66,0.3675
Sys_VAR_ref_400,0.6,0.68,0.3375
Sys_VAR_ref_400,0.6,0.7,0.305
Sys_VAR_ref_400,0.6,0.72,0.275
Sys_VAR_ref_400,0.6,0.74,0.2375
Sys_VAR_ref_400,0.6,0.76,0.1825
Sys_VAR_ref_400,0.6,0.78,0.155
Sys_VAR_ref_400,0.6,0.8,0.135
Sys_VAR_ref_400,0.6,0.82,0.1225
Sys_VAR_ref_400,0.6,0.84,0.085
Sys_VAR_ref_400,0.6,0.86,0.0675
Sys_VAR_ref_400,0.6,0.88,0.0625
Sys_VAR_ref_400,0.6,0.9,0.0475
Sys_VAR_ref_400,0.6,0.92,0.04
Sys_VAR_ref_400,0.6,0.94,0.0325
Sys_VAR_ref_400,0.6,0.96,0.0325
Sys_VAR_ref_400,0.6,0.98,0.015
Sys_VAR_ref_400,0.6,1.0,0.0025
Sys_VAR_ref_400,0.62,0.0,0.77
Sys_VAR_ref_400,0.62,0.02,0.77
Sys_VAR_ref_400,0.62,0.04,0.77
Sys_VAR_ref_400,0.62,0.06,0.77
Sys_VAR_ref_400,0.62,0.08,0.77
Sys_VAR_ref_400,0.62,0.1,0.77
Sys_VAR_ref_400,0.62,0.12,0.77
Sys_VAR_ref_400,0.62,0.14,0.77
Sys_VAR_ref_400,0.62,0.16,0.77
Sys_VAR_ref_400,0.62,0.18,0.77
Sys_VAR_ref_400,0.62,0.2,0.77
Sys_VAR_ref_400,0.62,0.22,0.77
Sys_VAR_ref_400,0.62,0.24,0.77
Sys_VAR_ref_400,0.62,0.26,0.77
Sys_VAR_ref_400,0.62,0.28,0.76
Sys_VAR_ref_400,0.62,0.3,0.755
Sys_VAR_ref_400,0.62,0.32,0.69
Sys_VAR_ref_400,0.62,0.34,0.6825
Sys_VAR_ref_400,0.62,0.36,0.6775
Sys_VAR_ref_400,0.62,0.38,0.6725
Sys_VAR_ref_400,0.62,0.4,0.66
Sys_VAR_ref_400,0.62,0.42,0.6375
Sys_VAR_ref_400,0.62,0.44,0.6225
Sys_VAR_ref_400,0.62,0.46,0.605
Sys_VAR_ref_400,0.62,0.48,0.5925
Sys_VAR_ref_400,0.62,0.5,0.5875
Sys_VAR_ref_400,0.62,0.52,0.565
Sys_VAR_ref_400,0.62,0.54,0.5275
Sys_VAR_ref_400,0.62,0.56,0.505
Sys_VAR_ref_400,0.62,0.58,0.4725
Sys_VAR_ref_400,0.62,0.6,0.45
Sys_VAR_ref_400,0.62,0.62,0.42
Sys_VAR_ref_400,0.62,0.64,0.38
Sys_VAR_ref_400,0.62,0.66,0.365
Sys_VAR_ref_400,0.62,0.68,0.335
Sys_VAR_ref_400,0.62,0.7,0.3025
Sys_VAR_ref_400,0.62,0.72,0.2725
Sys_VAR_ref_400,0.62,0.74,0.2375
Sys_VAR_ref_400,0.62,0.76,0.1825
Sys_VAR_ref_400,0.62,0.78,0.155
Sys_VAR_ref_400,0.62,0.8,0.135
Sys_VAR_ref_400,0.62,0.82,0.1225
Sys_VAR_ref_400,0.62,0.84,0.085
Sys_VAR_ref_400,0.62,0.86,0.0675
Sys_VAR_ref_400,0.62,0.88,0.0625
Sys_VAR_ref_400,0.62,0.9,0.0475
Sys_VAR_ref_400,0.62,0.92,0.04
Sys_VAR_ref_400,0.62,0.94,0.0325
Sys_VAR_ref_400,0.62,0.96,0.0325
Sys_VAR_ref_400,0.62,0.98,0.015
Sys_VAR_ref_400,0.62,1.0,0.0025
Sys_VAR_ref_400,0.64,0.0,0.7525
Sys_VAR_ref_400,0.64,0.02,0.7525
Sys_VAR_ref_400,0.64,0.04,0.7525
Sys_VAR_ref_400,0.64,0.06,0.7525
Sys_VAR_ref_400,0.64,0.08,0.7525
Sys_VAR_ref_400,0.64,0.1,0.7525
Sys_VAR_ref_400,0.64,0.12,0.7525
Sys_VAR_ref_400,0.64,0.14,0.7525
Sys_VAR_ref_400,0.64,0.16,0.7525
Sys_VAR_ref_400,0.64,0.18,0.7525
Sys_VAR_ref_400,0.64,0.2,0.7525
Sys_VAR_ref_400,0.64,0.22,0.7525
Sys_VAR_ref_400,0.64,0.24,0.7525
Sys_VAR_ref_400,0.64,0.26,0.7525
Sys_VAR_ref_400,0.64,0.28,0.7475
Sys_VAR_ref_400,0.64,0.3,0.745
Sys_VAR_ref_400,0.64,0.32,0.68
Sys_VAR_ref_400,0.64,0.34,0.6725
Sys_VAR_ref_400,0.64,0.36,0.6675
Sys_VAR_ref_400,0.64,0.38,0.6625
Sys_VAR_ref_400,0.64,0.4,0.65
Sys_VAR_ref_400,0.64,0.42,0.6275
Sys_VAR_ref_400,0.64,0.44,0.6125
Sys_VAR_ref_400,0.64,0.46,0.5975
Sys_VAR_ref_400,0.64,0.48,0.585
Sys_VAR_ref_400,0.64,0.5,0.58
Sys_VAR_ref_400,0.64,0.52,0.5575
Sys_VAR_ref_400,0.64,0.54,0.52
Sys_VAR_ref_400,0.64,0.56,0.5
Sys_VAR_ref_400,0.64,0.58,0.4675
Sys_VAR_ref_400,0.64,0.6,0.445
Sys_VAR_ref_400,0.64,0.62,0.415
Sys_VAR_ref_400,0.64,0.64,0.375
Sys_VAR_ref_400,0.64,0.66,0.3625
Sys_VAR_ref_400,0.64,0.68,0.3325
Sys_VAR_ref_400,0.64,0.7,0.3
Sys_VAR_ref_400,0.64,0.72,0.2725
Sys_VAR_ref_400,0.64,0.74,0.2375
Sys_VAR_ref_400,0.64,0.76,0.1825
Sys_VAR_ref_400,0.64,0.78,0.155
Sys_VAR_ref_400,0.64,0.8,0.135
Sys_VAR_ref_400,0.64,0.82,0.1225
Sys_VAR_ref_400,0.64,0.84,0.085
Sys_VAR_ref_400,0.64,0.86,0.0675
Sys_VAR_ref_400,0.64,0.88,0.0625
Sys_VAR_ref_400,0.64,0.9,0.0475
Sys_VAR_ref_400,0.64,0.92,0.04
Sys_VAR_ref_400,0.64,0.94,0.0325
Sys_VAR_ref_400,0.64,0.96,0.0325
Sys_VAR_ref_400,0.64,0.98,0.015
Sys_VAR_ref_400,0.64,1.0,0.0025
Sys_VAR_ref_400,0.66,0.0,0.745
Sys_VAR_ref_400,0.66,0.02,0.745
Sys_VAR_ref_400,0.66,0.04,0.745
Sys_VAR_ref_400,0.66,0.06,0.745
Sys_VAR_ref_400,0.66,0.08,0.745
Sys_VAR_ref_400,0.66,0.1,0.745
Sys_VAR_ref_400,0.66,0.12,0.745
Sys_VAR_ref_400,0.66,0.14,0.745
Sys_VAR_ref_400,0.66,0.16,0.745
Sys_VAR_ref_400,0.66,0.18,0.745
Sys_VAR_ref_400,0.66,0.2,0.745
Sys_VAR_ref_400,0.66,0.22,0.745
Sys_VAR_ref_400,0.66,0.24,0.745
Sys_VAR_ref_400,0.66,0.26,0.745
Sys_VAR_ref_400,0.66,0.28,0.74
Sys_VAR_ref_400,0.66,0.3,0.7375
Sys_VAR_ref_400,0.66,0.32,0.6725
Sys_VAR_ref_400,0.66,0.34,0.665
Sys_VAR_ref_400,0.66,0.36,0.66
Sys_VAR_ref_400,0.66,0.38,0.655
Sys_VAR_ref_400,0.66,0.4,0.6425
Sys_VAR_ref_400,0.66,0.42,0.62
Sys_VAR_ref_400,0.66,0.44,0.605
Sys_VAR_ref_400,0.66,0.46,0.59
Sys_VAR_ref_400,0.66,0.48,0.58
Sys_VAR_ref_400,0.66,0.5,0.575
Sys_VAR_ref_400,0.66,0.52,0.5525
Sys_VAR_ref_400,0.66,0.54,0.515
Sys_VAR_ref_400,0.66,0.56,0.495
Sys_VAR_ref_400,0.66,0.58,0.4625
Sys_VAR_ref_400,0.66,0.6,0.44
Sys_VAR_ref_400,0.66,0.62,0.41
Sys_VAR_ref_400,0.66,0.64,0.37
Sys_VAR_ref_400,0.66,0.66,0.3575
Sys_VAR_ref_400,0.66,0.68,0.33
Sys_VAR_ref_400,0.66,0.7,0.2975
Sys_VAR_ref_400,0.66,0.72,0.27
Sys_VAR_ref_400,0.66,0.74,0.2375
Sys_VAR_ref_400,0.66,0.76,0.1825
Sys_VAR_ref_400,0.66,0.78,0.155
Sys_VAR_ref_400,0.66,0.8,0.135
Sys_VAR_ref_400,0.66,0.82,0.1225
Sys_VAR_ref_400,0.66,0.84,0.085
Sys_VAR_ref_400,0.66,0.86,0.0675
Sys_VAR_ref_400,0.66,0.88,0.0625
Sys_VAR_ref_400,0.66,0.9,0.0475
Sys_VAR_ref_400,0.66,0.92,0.04
Sys_VAR_ref_400,0.66,0.94,0.0325
Sys_VAR_ref_400,0.66,0.96,0.0325
Sys_VAR_ref_400,0.66,0.98,0.015
Sys_VAR_ref_400,0.66,1.0,0.0025
Sys_VAR_ref_400,0.68,0.0,0.73
Sys_VAR_ref_400,0.68,0.02,0.73
Sys_VAR_ref_400,0.68,0.04,0.73
Sys_VAR_ref_400,0.68,0.06,0.73
Sys_VAR_ref_400,0.68,0.08,0.73
Sys_VAR_ref_400,0.68,0.1,0.73
Sys_VAR_ref_400,0.68,0.12,0.73
Sys_VAR_ref_400,0.68,0.14,0.73
Sys_VAR_ref_400,0.68,0.16,0.73
Sys_VAR_ref_400,0.68,0.18,0.73
Sys_VAR_ref_400,0.68,0.2,0.73
Sys_VAR_ref_400,0.68,0.22,0.73
Sys_VAR_ref_400,0.68,0.24,0.73
Sys_VAR_ref_400,0.68,0.26,0.73
Sys_VAR_ref_400,0.68,0.28,0.7275
Sys_VAR_ref_400,0.68,0.3,0.725
Sys_VAR_ref_400,0.68,0.32,0.6625
Sys_VAR_ref_400,0.68,0.34,0.655
Sys_VAR_ref_400,0.68,0.36,0.65
Sys_VAR_ref_400,0.68,0.38,0.645
Sys_VAR_ref_400,0.68,0.4,0.6325
Sys_VAR_ref_400,0.68,0.42,0.61
Sys_VAR_ref_400,0.68,0.44,0.5975
Sys_VAR_ref_400,0.68,0.46,0.585
Sys_VAR_ref_400,0.68,0.48,0.575
Sys_VAR_ref_400,0.68,0.5,0.5725
Sys_VAR_ref_400,0.68,0.52,0.55
Sys_VAR_ref_400,0.68,0.54,0.5125
Sys_VAR_ref_400,0.68,0.56,0.4925
Sys_VAR_ref_400,0.68,0.58,0.46
Sys_VAR_ref_400,0.68,0.6,0.4375
Sys_VAR_ref_400,0.68,0.62,0.4075
Sys_VAR_ref_400,0.68,0.64,0.3675
Sys_VAR_ref_400,0.68,0.66,0.355
Sys_VAR_ref_400,0.68,0.68,0.3275
Sys_VAR_ref_400,0.68,0.7,0.295
Sys_VAR_ref_400,0.68,0.72,0.2675
Sys_VAR_ref_400,0.68,0.74,0.2375
Sys_VAR_ref_400,0.68,0.76,0.1825
Sys_VAR_ref_400,0.68,0.78,0.155
Sys_VAR_ref_400,0.68,0.8,0.135
Sys_VAR_ref_400,0.68,0.82,0.1225
Sys_VAR_ref_400,0.68,0.84,0.085
Sys_VAR_ref_400,0.68,0.86,0.0675
Sys_VAR_ref_400,0.68,0.88,0.0625
Sys_VAR_ref_400,0.68,0.9,0.0475
Sys_VAR_ref_400,0.68,0.92,0.04
Sys_VAR_ref_400,0.68,0.94,0.0325
Sys_VAR_ref_400,0.68,0.96,0.0325
Sys_VAR_ref_400,0.68,0.98,0.015
Sys_VAR_ref_400,0.68,1.0,0.0025
Sys_VAR_ref_400,0.7,0.0,0.7175
Sys_VAR_ref_400,0.7,0.02,0.7175
Sys_VAR_ref_400,0.7,0.04,0.7175
Sys_VAR_ref_400,0.7,0.06,0.7175
Sys_VAR_ref_400,0.7,0.08,0.7175
Sys_VAR_ref_400,0.7,0.1,0.7175
Sys_VAR_ref_400,0.7,0.12,0.7175
Sys_VAR_ref_400,0.7,0.14,0.7175
Sys_VAR_ref_400,0.7,0.16,0.7175
Sys_VAR_ref_400,0.7,0.18,0.7175
Sys_VAR_ref_400,0.7,0.2,0.7175
Sys_VAR_ref_400,0.7,0.22,0.7175
Sys_VAR_ref_400,0.7,0.24,0.7175
Sys_VAR_ref_400,0.7,0.26,0.7175
Sys_VAR_ref_400,0.7,0.28,0.715
Sys_VAR_ref_400,0.7,0.3,0.7125
Sys_VAR_ref_400,0.7,0.32,0.655
Sys_VAR_ref_400,0.7,0.34,0.6475
Sys_VAR_ref_400,0.7,0.36,0.6425
Sys_VAR_ref_400,0.7,0.38,0.6375
Sys_VAR_ref_400,0.7,0.4,0.625
Sys_VAR_ref_400,0.7,0.42,0.6025
Sys_VAR_ref_400,0.7,0.44,0.59
Sys_VAR_ref_400,0.7,0.46,0.58
Sys_VAR_ref_400,0.7,0.48,0.57
Sys_VAR_ref_400,0.7,0.5,0.5675
Sys_VAR_ref_400,0.7,0.52,0.5475
Sys_VAR_ref_400,0.7,0.54,0.5125
Sys_VAR_ref_400,0.7,0.56,0.4925
Sys_VAR_ref_400,0.7,0.58,0.46
Sys_VAR_ref_400,0.7,0.6,0.4375
Sys_VAR_ref_400,0.7,0.62,0.4075
Sys_VAR_ref_400,0.7,0.64,0.3675
Sys_VAR_ref_400,0.7,0.66,0.355
Sys_VAR_ref_400,0.7,0.68,0.3275
Sys_VAR_ref_400,0.7,0.7,0.295
Sys_VAR_ref_400,0.7,0.72,0.2675
Sys_VAR_ref_400,0.7,0.74,0.2375
Sys_VAR_ref_400,0.7,0.76,0.1825
Sys_VAR_ref_400,0.7,0.78,0.155
Sys_VAR_ref_400,0.7,0.8,0.135
Sys_VAR_ref_400,0.7,0.82,0.1225
Sys_VAR_ref_400,0.7,0.84,0.085
Sys_VAR_ref_400,0.7,0.86,0.0675
Sys_VAR_ref_400,0.7,0.88,0.0625
Sys_VAR_ref_400,0.7,0.9,0.0475
Sys_VAR_ref_400,0.7,0.92,0.04
Sys_VAR_ref_400,0.7,0.94,0.0325
Sys_VAR_ref_400,0.7,0.96,0.0325
Sys_VAR_ref_400,0.7,0.98,0.015
Sys_VAR_ref_400,0.7,1.0,0.0025
Sys_VAR_ref_400,0.72,0.0,0.6925
Sys_VAR_ref_400,0.72,0.02,0.6925
Sys_VAR_ref_400,0.72,0.04,0.6925
Sys_VAR_ref_400,0.72,0.06,0.6925
Sys_VAR_ref_400,0.72,0.08,0.6925
Sys_VAR_ref_400,0.72,0.1,0.6925
Sys_VAR_ref_400,0.72,0.12,0.6925
Sys_VAR_ref_400,0.72,0.14,0.6925
Sys_VAR_ref_400,0.72,0.16,0.6925
Sys_VAR_ref_400,0.72,0.18,0.6925
Sys_VAR_ref_400,0.72,0.2,0.6925
Sys_VAR_ref_400,0.72,0.22,0.6925
Sys_VAR_ref_400,0.72,0.24,0.6925
Sys_VAR_ref_400,0.72,0.26,0.6925
Sys_VAR_ref_400,0.72,0.28,0.6925
Sys_VAR_ref_400,0.72,0.3,0.69
Sys_VAR_ref_400,0.72,0.32,0.635
Sys_VAR_ref_400,0.72,0.34,0.6275
Sys_VAR_ref_400,0.72,0.36,0.6225
Sys_VAR_ref_400,0.72,0.38,0.62
Sys_VAR_ref_400,0.72,0.4,0.6075
Sys_VAR_ref_400,0.72,0.42,0.585
Sys_VAR_ref_400,0.72,0.44,0.5725
Sys_VAR_ref_400,0.72,0.46,0.565
Sys_VAR_ref_400,0.72,0.48,0.555
Sys_VAR_ref_400,0.72,0.5,0.5525
Sys_VAR_ref_400,0.72,0.52,0.5325
Sys_VAR_ref_400,0.72,0.54,0.5
Sys_VAR_ref_400,0.72,0.56,0.485
Sys_VAR_ref_400,0.72,0.58,0.455
Sys_VAR_ref_400,0.72,0.6,0.4325
Sys_VAR_ref_400,0.72,0.62,0.405
Sys_VAR_ref_400,0.72,0.64,0.365
Sys_VAR_ref_400,0.72,0.66,0.3525
Sys_VAR_ref_400,0.72,0.68,0.325
Sys_VAR_ref_400,0.72,0.7,0.2925
Sys_VAR_ref_400,0.72,0.72,0.265
Sys_VAR_ref_400,0.72,0.74,0.235
Sys_VAR_ref_400,0.72,0.76,0.18
Sys_VAR_ref_400,0.72,0.78,0.1525
Sys_VAR_ref_400,0.72,0.8,0.1325
Sys_VAR_ref_400,0.72,0.82,0.12
Sys_VAR_ref_400,0.72,0.84,0.0825
Sys_VAR_ref_400,0.72,0.86,0.0675
Sys_VAR_ref_400,0.72,0.88,0.0625
Sys_VAR_ref_400,0.72,0.9,0.0475
Sys_VAR_ref_400,0.72,0.92,0.04
Sys_VAR_ref_400,0.72,0.94,0.0325
Sys_VAR_ref_400,0.72,0.96,0.0325
Sys_VAR_ref_400,0.72,0.98,0.015
Sys_VAR_ref_400,0.72,1.0,0.0025
Sys_VAR_ref_400,0.74,0.0,0.6725
Sys_VAR_ref_400,0.74,0.02,0.6725
Sys_VAR_ref_400,0.74,0.04,0.6725
Sys_VAR_ref_400,0.74,0.06,0.6725
Sys_VAR_ref_400,0.74,0.08,0.6725
Sys_VAR_ref_400,0.74,0.1,0.6725
Sys_VAR_ref_400,0.74,0.12,0.6725
Sys_VAR_ref_400,0.74,0.14,0.6725
Sys_VAR_ref_400,0.74,0.16,0.6725
Sys_VAR_ref_400,0.74,0.18,0.6725
Sys_VAR_ref_400,0.74,0.2,0.6725
Sys_VAR_ref_400,0.74,0.22,0.6725
Sys_VAR_ref_400,0.74,0.24,0.6725
Sys_VAR_ref_400,0.74,0.26,0.6725
Sys_VAR_ref_400,0.74,0.28,0.6725
Sys_VAR_ref_400,0.74,0.3,0.67
Sys_VAR_ref_400,0.74,0.32,0.615
Sys_VAR_ref_400,0.74,0.34,0.6075
Sys_VAR_ref_400,0.74,0.36,0.6025
Sys_VAR_ref_400,0.74,0.38,0.6
Sys_VAR_ref_400,0.74,0.4,0.5875
Sys_VAR_ref_400,0.74,0.42,0.565
Sys_VAR_ref_400,0.74,0.44,0.555
Sys_VAR_ref_400,0.74,0.46,0.5475
Sys_VAR_ref_400,0.74,0.48,0.5425
Sys_VAR_ref_400,0.74,0.5,0.54
Sys_VAR_ref_400,0.74,0.52,0.5275
Sys_VAR_ref_400,0.74,0.54,0.495
Sys_VAR_ref_400,0.74,0.56,0.48
Sys_VAR_ref_400,0.74,0.58,0.45
Sys_VAR_ref_400,0.74,0.6,0.4275
Sys_VAR_ref_400,0.74,0.62,0.4
Sys_VAR_ref_400,0.74,0.64,0.36
Sys_VAR_ref_400,0.74,0.66,0.35
Sys_VAR_ref_400,0.74,0.68,0.3225
Sys_VAR_ref_400,0.74,0.7,0.29
Sys_VAR_ref_400,0.74,0.72,0.2625
Sys_VAR_ref_400,0.74,0.74,0.2325
Sys_VAR_ref_400,0.74,0.76,0.1775
Sys_VAR_ref_400,0.74,0.78,0.15
Sys_VAR_ref_400,0.74,0.8,0.13
Sys_VAR_ref_400,0.74,0.82,0.1175
Sys_VAR_ref_400,0.74,0.84,0.0825
Sys_VAR_ref_400,0.74,0.86,0.0675
Sys_VAR_ref_400,0.74,0.88,0.0625
Sys_VAR_ref_400,0.74,0.9,0.0475
Sys_VAR_ref_400,0.74,0.92,0.04
Sys_VAR_ref_400,0.74,0.94,0.0325
Sys_VAR_ref_400,0.74,0.96,0.0325
Sys_VAR_ref_400,0.74,0.98,0.015
Sys_VAR_ref_400,0.74,1.0,0.0025
Sys_VAR_ref_400,0.76,0.0,0.655
Sys_VAR_ref_400,0.76,0.02,0.655
Sys_VAR_ref_400,0.76,0.04,0.655
Sys_VAR_ref_400,0.76,0.06,0.655
Sys_VAR_ref_400,0.76,0.08,0.655
Sys_VAR_ref_400,0.76,0.1,0.655
Sys_VAR_ref_400,0.76,0.12,0.655
Sys_VAR_ref_400,0.76,0.14,0.655
Sys_VAR_ref_400,0.76,0.16,0.655
Sys_VAR_ref_400,0.76,0.18,0.655
Sys_VAR_ref_400,0.76,0.2,0.655
Sys_VAR_ref_400,0.76,0.22,0.655
Sys_VAR_ref_400,0.76,0.24,0.655
Sys_VAR_ref_400,0.76,0.26,0.655
Sys_VAR_ref_400,0.76,0.28,0.655
Sys_VAR_ref_400,0.76,0.3,0.6525
Sys_VAR_ref_400,0.76,0.32,0.6
Sys_VAR_ref_400,0.76,0.34,0.595
Sys_VAR_ref_400,0.76,0.36,0.59
Sys_VAR_ref_400,0.76,0.38,0.5875
Sys_VAR_ref_400,0.76,0.4,0.575
Sys_VAR_ref_400,0.76,0.42,0.5525
Sys_VAR_ref_400,0.76,0.44,0.5425
Sys_VAR_ref_400,0.76,0.46,0.5375
Sys_VAR_ref_400,0.76,0.48,0.5325
Sys_VAR_ref_400,0.76,0.5,0.53
Sys_VAR_ref_400,0.76,0.52,0.5175
Sys_VAR_ref_400,0.76,0.54,0.4875
Sys_VAR_ref_400,0.76,0.56,0.4725
Sys_VAR_ref_400,0.76,0.58,0.4425
Sys_VAR_ref_400,0.76,0.6,0.42
Sys_VAR_ref_400,0.76,0.62,0.3925
Sys_VAR_ref_400,0.76,0.64,0.3525
Sys_VAR_ref_400,0.76,0.66,0.3425
Sys_VAR_ref_400,0.76,0.68,0.3175
Sys_VAR_ref_400,0.76,0.7,0.2875
Sys_VAR_ref_400,0.76,0.72,0.26
Sys_VAR_ref_400,0.76,0.74,0.23
Sys_VAR_ref_400,0.76,0.76,0.175
Sys_VAR_ref_400,0.76,0.78,0.1475
Sys_VAR_ref_400,0.76,0.8,0.1275
Sys_VAR_ref_400,0.76,0.82,0.115
Sys_VAR_ref_400,0.76,0.84,0.0825
Sys_VAR_ref_400,0.76,0.86,0.0675
Sys_VAR_ref_400,0.76,0.88,0.0625
Sys_VAR_ref_400,0.76,0.9,0.0475
Sys_VAR_ref_400,0.76,0.92,0.04
Sys_VAR_ref_400,0.76,0.94,0.0325
Sys_VAR_ref_400,0.76,0.96,0.0325
Sys_VAR_ref_400,0.76,0.98,0.015
Sys_VAR_ref_400,0.76,1.0,0.0025
Sys_VAR_ref_400,0.78,0.0,0.63
Sys_VAR_ref_400,0.78,0.02,0.63
Sys_VAR_ref_400,0.78,0.04,0.63
Sys_VAR_ref_400,0.78,0.06,0.63
Sys_VAR_ref_400,0.78,0.08,0.63
Sys_VAR_ref_400,0.78,0.1,0.63
Sys_VAR_ref_400,0.78,0.12,0.63
Sys_VAR_ref_400,0.78,0.14,0.63
Sys_VAR_ref_400,0.78,0.16,0.63
Sys_VAR_ref_400,0.78,0.18,0.63
Sys_VAR_ref_400,0.78,0.2,0.63
Sys_VAR_ref_400,0.78,0.22,0.63
Sys_VAR_ref_400,0.78,0.24,0.63
Sys_VAR_ref_400,0.78,0.26,0.63
Sys_VAR_ref_400,0.78,0.28,0.63
Sys_VAR_ref_400,0.78,0.3,0.63
Sys_VAR_ref_400,0.78,0.32,0.5775
Sys_VAR_ref_400,0.78,0.34,0.5725
Sys_VAR_ref_400,0.78,0.36,0.5675
Sys_VAR_ref_400,0.78,0.38,0.565
Sys_VAR_ref_400,0.78,0.4,0.5525
Sys_VAR_ref_400,0.78,0.42,0.53
Sys_VAR_ref_400,0.78,0.44,0.5225
Sys_VAR_ref_400,0.78,0.46,0.5175
Sys_VAR_ref_400,0.78,0.48,0.5125
Sys_VAR_ref_400,0.78,0.5,0.51
Sys_VAR_ref_400,0.78,0.52,0.5
Sys_VAR_ref_400,0.78,0.54,0.47
Sys_VAR_ref_400,0.78,0.56,0.46
Sys_VAR_ref_400,0.78,0.58,0.4325
Sys_VAR_ref_400,0.78,0.6,0.41
Sys_VAR_ref_400,0.78,0.62,0.3825
Sys_VAR_ref_400,0.78,0.64,0.3425
Sys_VAR_ref_400,0.78,0.66,0.3325
Sys_VAR_ref_400,0.78,0.68,0.31
Sys_VAR_ref_400,0.78,0.7,0.28
Sys_VAR_ref_400,0.78,0.72,0.2525
Sys_VAR_ref_400,0.78,0.74,0.225
Sys_VAR_ref_400,0.78,0.76,0.1725
Sys_VAR_ref_400,0.78,0.78,0.145
Sys_VAR_ref_400,0.78,0.8,0.125
Sys_VAR_ref_400,0.78,0.82,0.1125
Sys_VAR_ref_400,0.78,0.84,0.08
Sys_VAR_ref_400,0.78,0.86,0.065
Sys_VAR_ref_400,0.78,0.88,0.06
Sys_VAR_ref_400,0.78,0.9,0.045
Sys_VAR_ref_400,0.78,0.92,0.04
Sys_VAR_ref_400,0.78,0.94,0.0325
Sys_VAR_ref_400,0.78,0.96,0.0325
Sys_VAR_ref_400,0.78,0.98,0.015
Sys_VAR_ref_400,0.78,1.0,0.0025
Sys_VAR_ref_400,0.8,0.0,0.605
Sys_VAR_ref_400,0.8,0.02,0.605
Sys_VAR_ref_400,0.8,0.04,0.605
Sys_VAR_ref_400,0.8,0.06,0.605
Sys_VAR_ref_400,0.8,0.08,0.605
Sys_VAR_ref_400,0.8,0.1,0.605
Sys_VAR_ref_400,0.8,0.12,0.605
Sys_VAR_ref_400,0.8,0.14,0.605
Sys_VAR_ref_400,0.8,0.16,0.605
Sys_VAR_ref_400,0.8,0.18,0.605
Sys_VAR_ref_400,0.8,0.2,0.605
Sys_VAR_ref_400,0.8,0.22,0.605
Sys_VAR_ref_400,0.8,0.24,0.605
Sys_VAR_ref_400,0.8,0.26,0.605
Sys_VAR_ref_400,0.8,0.28,0.605
Sys_VAR_ref_400,0.8,0.3,0.605
Sys_VAR_ref_400,0.8,0.32,0.5575
Sys_VAR_ref_400,0.8,0.34,0.5525
Sys_VAR_ref_400,0.8,0.36,0.55
Sys_VAR_ref_400,0.8,0.38,0.5475
Sys_VAR_ref_400,0.8,0.4,0.54
Sys_VAR_ref_400,0.8,0.42,0.52
Sys_VAR_ref_400,0.8,0.44,0.515
Sys_VAR_ref_400,0.8,0.46,0.51
Sys_VAR_ref_400,0.8,0.48,0.505
Sys_VAR_ref_400,0.8,0.5,0.5025
Sys_VAR_ref_400,0.8,0.52,0.4925
Sys_VAR_ref_400,0.8,0.54,0.4625
Sys_VAR_ref_400,0.8,0.56,0.4575
Sys_VAR_ref_400,0.8,0.58,0.43
Sys_VAR_ref_400,0.8,0.6,0.4075
Sys_VAR_ref_400,0.8,0.62,0.38
Sys_VAR_ref_400,0.8,0.64,0.34
Sys_VAR_ref_400,0.8,0.66,0.33
Sys_VAR_ref_400,0.8,0.68,0.3075
Sys_VAR_ref_400,0.8,0.7,0.2775
Sys_VAR_ref_400,0.8,0.72,0.2525
Sys_VAR_ref_400,0.8,0.74,0.225
Sys_VAR_ref_400,0.8,0.76,0.1725
Sys_VAR_ref_400,0.8,0.78,0.145
Sys_VAR_ref_400,0.8,0.8,0.125
Sys_VAR_ref_400,0.8,0.82,0.1125
Sys_VAR_ref_400,0.8,0.84,0.08
Sys_VAR_ref_400,0.8,0.86,0.065
Sys_VAR_ref_400,0.8,0.88,0.06
Sys_VAR_ref_400,0.8,0.9,0.045
Sys_VAR_ref_400,0.8,0.92,0.04
Sys_VAR_ref_400,0.8,0.94,0.0325
Sys_VAR_ref_400,0.8,0.96,0.0325
Sys_VAR_ref_400,0.8,0.98,0.015
Sys_VAR_ref_400,0.8,1.0,0.0025
Sys_VAR_ref_400,0.82,0.0,0.5625
Sys_VAR_ref_400,0.82,0.02,0.5625
Sys_VAR_ref_400,0.82,0.04,0.5625
Sys_VAR_ref_400,0.82,0.06,0.5625
Sys_VAR_ref_400,0.82,0.08,0.5625
Sys_VAR_ref_400,0.82,0.1,0.5625
Sys_VAR_ref_400,0.82,0.12,0.5625
Sys_VAR_ref_400,0.82,0.14,0.5625
Sys_VAR_ref_400,0.82,0.16,0.5625
Sys_VAR_ref_400,0.82,0.18,0.5625
Sys_VAR_ref_400,0.82,0.2,0.5625
Sys_VAR_ref_400,0.82,0.22,0.5625
Sys_VAR_ref_400,0.82,0.24,0.5625
Sys_VAR_ref_400,0.82,0.26,0.5625
Sys_VAR_ref_400,0.82,0.28,0.5625
Sys_VAR_ref_400,0.82,0.3,0.5625
Sys_VAR_ref_400,0.82,0.32,0.5225
Sys_VAR_ref_400,0.82,0.34,0.52
Sys_VAR_ref_400,0.82,0.36,0.52
Sys_VAR_ref_400,0.82,0.38,0.5175
Sys_VAR_ref_400,0.82,0.4,0.5125
Sys_VAR_ref_400,0.82,0.42,0.4925
Sys_VAR_ref_400,0.82,0.44,0.4925
Sys_VAR_ref_400,0.82,0.46,0.4875
Sys_VAR_ref_400,0.82,0.48,0.4825
Sys_VAR_ref_400,0.82,0.5,0.48
Sys_VAR_ref_400,0.82,0.52,0.4725
Sys_VAR_ref_400,0.82,0.54,0.4475
Sys_VAR_ref_400,0.82,0.56,0.4425
Sys_VAR_ref_400,0.82,0.58,0.4175
Sys_VAR_ref_400,0.82,0.6,0.3975
Sys_VAR_ref_400,0.82,0.62,0.37
Sys_VAR_ref_400,0.82,0.64,0.33
Sys_VAR_ref_400,0.82,0.66,0.32
Sys_VAR_ref_400,0.82,0.68,0.2975
Sys_VAR_ref_400,0.82,0.7,0.27
Sys_VAR_ref_400,0.82,0.72,0.245
Sys_VAR_ref_400,0.82,0.74,0.2175
Sys_VAR_ref_400,0.82,0.76,0.1675
Sys_VAR_ref_400,0.82,0.78,0.14
Sys_VAR_ref_400,0.82,0.8,0.12
Sys_VAR_ref_400,0.82,0.82,0.1075
Sys_VAR_ref_400,0.82,0.84,0.075
Sys_VAR_ref_400,0.82,0.86,0.0625
Sys_VAR_ref_400,0.82,0.88,0.0575
Sys_VAR_ref_400,0.82,0.9,0.0425
Sys_VAR_ref_400,0.82,0.92,0.0375
Sys_VAR_ref_400,0.82,0.94,0.0325
Sys_VAR_ref_400,0.82,0.96,0.0325
Sys_VAR_ref_400,0.82,0.98,0.015
Sys_VAR_ref_400,0.82,1.0,0.0025
Sys_VAR_ref_400,0.84,0.0,0.52
Sys_VAR_ref_400,0.84,0.02,0.52
Sys_VAR_ref_400,0.84,0.04,0.52
Sys_VAR_ref_400,0.84,0.06,0.52
Sys_VAR_ref_400,0.84,0.08,0.52
Sys_VAR_ref_400,0.84,0.1,0.52
Sys_VAR_ref_400,0.84,0.12,0.52
Sys_VAR_ref_400,0.84,0.14,0.52
Sys_VAR_ref_400,0.84,0.16,0.52
Sys_VAR_ref_400,0.84,0.18,0.52
Sys_VAR_ref_400,0.84,0.2,0.52
Sys_VAR_ref_400,0.84,0.22,0.52
Sys_VAR_ref_400,0.84,0.24,0.52
Sys_VAR_ref_400,0.84,0.26,0.52
Sys_VAR_ref_400,0.84,0.28,0.52
Sys_VAR_ref_400,0.84,0.3,0.52
Sys_VAR_ref_400,0.84,0.32,0.49
Sys_VAR_ref_400,0.84,0.34,0.4875
Sys_VAR_ref_400,0.84,0.36,0.4875
Sys_VAR_ref_400,0.84,0.38,0.485
Sys_VAR_ref_400,0.84,0.4,0.48
Sys_VAR_ref_400,0.84,0.42,0.46
Sys_VAR_ref_400,0.84,0.44,0.46
Sys_VAR_ref_400,0.84,0.46,0.455
Sys_VAR_ref_400,0.84,0.48,0.4525
Sys_VAR_ref_400,0.84,0.5,0.45
Sys_VAR_ref_400,0.84,0.52,0.445
Sys_VAR_ref_400,0.84,0.54,0.42
Sys_VAR_ref_400,0.84,0.56,0.4175
Sys_VAR_ref_400,0.84,0.58,0.3925
Sys_VAR_ref_400,0.84,0.6,0.375
Sys_VAR_ref_400,0.84,0.62,0.35
Sys_VAR_ref_400,0.84,0.64,0.3125
Sys_VAR_ref_400,0.84,0.66,0.3025
Sys_VAR_ref_400,0.84,0.68,0.2825
Sys_VAR_ref_400,0.84,0.7,0.2575
Sys_VAR_ref_400,0.84,0.72,0.2375
Sys_VAR_ref_400,0.84,0.74,0.21
Sys_VAR_ref_400,0.84,0.76,0.1625
Sys_VAR_ref_400,0.84,0.78,0.135
Sys_VAR_ref_400,0.84,0.8,0.1175
Sys_VAR_ref_400,0.84,0.82,0.105
Sys_VAR_ref_400,0.84,0.84,0.075
Sys_VAR_ref_400,0.84,0.86,0.0625
Sys_VAR_ref_400,0.84,0.88,0.0575
Sys_VAR_ref_400,0.84,0.9,0.0425
Sys_VAR_ref_400,0.84,0.92,0.0375
Sys_VAR_ref_400,0.84,0.94,0.0325
Sys_VAR_ref_400,0.84,0.96,0.0325
Sys_VAR_ref_400,0.84,0.98,0.015
Sys_VAR_ref_400,0.84,1.0,0.0025
Sys_VAR_ref_400,0.86,0.0,0.4825
Sys_VAR_ref_400,0.86,0.02,0.4825
Sys_VAR_ref_400,0.86,0.04,0.4825
Sys_VAR_ref_400,0.86,0.06,0.4825
Sys_VAR_ref_400,0.86,0.08,0.4825
Sys_VAR_ref_400,0.86,0.1,0.4825
Sys_VAR_ref_400,0.86,0.12,0.4825
Sys_VAR_ref_400,0.86,0.14,0.4825
Sys_VAR_ref_400,0.86,0.16,0.4825
Sys_VAR_ref_400,0.86,0.18,0.4825
Sys_VAR_ref_400,0.86,0.2,0.4825
Sys_VAR_ref_400,0.86,0.22,0.4825
Sys_VAR_ref_400,0.86,0.24,0.4825
Sys_VAR_ref_400,0.86,0.26,0.4825
Sys_VAR_ref_400,0.86,0.28,0.4825
Sys_VAR_ref_400,0.86,0.3,0.4825
Sys_VAR_ref_400,0.86,0.32,0.4575
Sys_VAR_ref_400,0.86,0.34,0.455
Sys_VAR_ref_400,0.86,0.36,0.455
Sys_VAR_ref_400,0.86,0.38,0.4525
Sys_VAR_ref_400,0.86,0.4,0.4475
Sys_VAR_ref_400,0.86,0.42,0.4375
Sys_VAR_ref_400,0.86,0.44,0.4375
Sys_VAR_ref_400,0.86,0.46,0.4325
Sys_VAR_ref_400,0.86,0.48,0.43
Sys_VAR_ref_400,0.86,0.5,0.4275
Sys_VAR_ref_400,0.86,0.52,0.4225
Sys_VAR_ref_400,0.86,0.54,0.4
Sys_VAR_ref_400,0.86,0.56,0.3975
Sys_VAR_ref_400,0.86,0.58,0.3725
Sys_VAR_ref_400,0.86,0.6,0.3575
Sys_VAR_ref_400,0.86,0.62,0.3375
Sys_VAR_ref_400,0.86,0.64,0.3025
Sys_VAR_ref_400,0.86,0.66,0.2925
Sys_VAR_ref_400,0.86,0.68,0.2775
Sys_VAR_ref_400,0.86,0.7,0.2525
Sys_VAR_ref_400,0.86,0.72,0.2325
Sys_VAR_ref_400,0.86,0.74,0.205
Sys_VAR_ref_400,0.86,0.76,0.1625
Sys_VAR_ref_400,0.86,0.78,0.135
Sys_VAR_ref_400,0.86,0.8,0.1175
Sys_VAR_ref_400,0.86,0.82,0.105
Sys_VAR_ref_400,0.86,0.84,0.075
Sys_VAR_ref_400,0.86,0.86,0.0625
Sys_VAR_ref_400,0.86,0.88,0.0575
Sys_VAR_ref_400,0.86,0.9,0.0425
Sys_VAR_ref_400,0.86,0.92,0.0375
Sys_VAR_ref_400,0.86,0.94,0.0325
Sys_VAR_ref_400,0.86,0.96,0.0325
Sys_VAR_ref_400,0.86,0.98,0.015
Sys_VAR_ref_400,0.86,1.0,0.0025
Sys_VAR_ref_400,0.88,0.0,0.42
Sys_VAR_ref_400,0.88,0.02,0.42
Sys_VAR_ref_400,0.88,0.04,0.42
Sys_VAR_ref_400,0.88,0.06,0.42
Sys_VAR_ref_400,0.88,0.08,0.42
Sys_VAR_ref_400,0.88,0.1,0.42
Sys_VAR_ref_400,0.88,0.12,0.42
Sys_VAR_ref_400,0.88,0.14,0.42
Sys_VAR_ref_400,0.88,0.16,0.42
Sys_VAR_ref_400,0.88,0.18,0.42
Sys_VAR_ref_400,0.88,0.2,0.42
Sys_VAR_ref_400,0.88,0.22,0.42
Sys_VAR_ref_400,0.88,0.24,0.42
Sys_VAR_ref_400,0.88,0.26,0.42
Sys_VAR_ref_400,0.88,0.28,0.42
Sys_VAR_ref_400,0.88,0.3,0.42
Sys_VAR_ref_400,0.88,0.32,0.4
Sys_VAR_ref_400,0.88,0.34,0.3975
Sys_VAR_ref_400,0.88,0.36,0.3975
Sys_VAR_ref_400,0.88,0.38,0.395
Sys_VAR_ref_400,0.88,0.4,0.39
Sys_VAR_ref_400,0.88,0.42,0.3825
Sys_VAR_ref_400,0.88,0.44,0.3825
Sys_VAR_ref_400,0.88,0.46,0.3775
Sys_VAR_ref_400,0.88,0.48,0.375
Sys_VAR_ref_400,0.88,0.5,0.3725
Sys_VAR_ref_400,0.88,0.52,0.3675
Sys_VAR_ref_400,0.88,0.54,0.355
Sys_VAR_ref_400,0.88,0.56,0.3525
Sys_VAR_ref_400,0.88,0.58,0.33
Sys_VAR_ref_400,0.88,0.6,0.3175
Sys_VAR_ref_400,0.88,0.62,0.2975
Sys_VAR_ref_400,0.88,0.64,0.2725
Sys_VAR_ref_400,0.88,0.66,0.2625
Sys_VAR_ref_400,0.88,0.68,0.2525
Sys_VAR_ref_400,0.88,0.7,0.23
Sys_VAR_ref_400,0.88,0.72,0.215
Sys_VAR_ref_400,0.88,0.74,0.19
Sys_VAR_ref_400,0.88,0.76,0.1525
Sys_VAR_ref_400,0.88,0.78,0.125
Sys_VAR_ref_400,0.88,0.8,0.1125
Sys_VAR_ref_400,0.88,0.82,0.1
Sys_VAR_ref_400,0.88,0.84,0.0725
Sys_VAR_ref_400,0.88,0.86,0.0625
Sys_VAR_ref_400,0.88,0.88,0.0575
Sys_VAR_ref_400,0.88,0.9,0.0425
Sys_VAR_ref_400,0.88,0.92,0.0375
Sys_VAR_ref_400,0.88,0.94,0.0325
Sys_VAR_ref_400,0.88,0.96,0.0325
Sys_VAR_ref_400,0.88,0.98,0.015
Sys_VAR_ref_400,0.88,1.0,0.0025
Sys_VAR_ref_400,0.9,0.0,0.38
Sys_VAR_ref_400,0.9,0.02,0.38
Sys_VAR_ref_400,0.9,0.04,0.38
Sys_VAR_ref_400,0.9,0.06,0.38
Sys_VAR_ref_400,0.9,0.08,0.38
Sys_VAR_ref_400,0.9,0.1,0.38
Sys_VAR_ref_400,0.9,0.12,0.38
Sys_VAR_ref_400,0.9,0.14,0.38
Sys_VAR_ref_400,0.9,0.16,0.38
Sys_VAR_ref_400,0.9,0.18,0.38
Sys_VAR_ref_400,0.9,0.2,0.38
Sys_VAR_ref_400,0.9,0.22,0.38
Sys_VAR_ref_400,0.9,0.24,0.38
Sys_VAR_ref_400,0.9,0.26,0.38
Sys_VAR_ref_400,0.9,0.28,0.38
Sys_VAR_ref_400,0.9,0.3,0.38
Sys_VAR_ref_400,0.9,0.32,0.3625
Sys_VAR_ref_400,0.9,0.34,0.36
Sys_VAR_ref_400,0.9,0.36,0.36
Sys_VAR_ref_400,0.9,0.38,0.3575
Sys_VAR_ref_400,0.9,0.4,0.355
Sys_VAR_ref_400,0.9,0.42,0.35
Sys_VAR_ref_400,0.9,0.44,0.35
Sys_VAR_ref_400,0.9,0.46,0.3475
Sys_VAR_ref_400,0.9,0.48,0.345
Sys_VAR_ref_400,0.9,0.5,0.345
Sys_VAR_ref_400,0.9,0.52,0.3425
Sys_VAR_ref_400,0.9,0.54,0.33
Sys_VAR_ref_400,0.9,0.56,0.3275
Sys_VAR_ref_400,0.9,0.58,0.305
Sys_VAR_ref_400,0.9,0.6,0.295
Sys_VAR_ref_400,0.9,0.62,0.28
Sys_VAR_ref_400,0.9,0.64,0.2675
Sys_VAR_ref_400,0.9,0.66,0.26
Sys_VAR_ref_400,0.9,0.68,0.25
Sys_VAR_ref_400,0.9,0.7,0.2275
Sys_VAR_ref_400,0.9,0.72,0.215
Sys_VAR_ref_400,0.9,0.74,0.19
Sys_VAR_ref_400,0.9,0.76,0.1525
Sys_VAR_ref_400,0.9,0.78,0.125
Sys_VAR_ref_400,0.9,0.8,0.1125
Sys_VAR_ref_400,0.9,0.82,0.1
Sys_VAR_ref_400,0.9,0.84,0.0725
Sys_VAR_ref_400,0.9,0.86,0.0625
Sys_VAR_ref_400,0.9,0.88,0.0575
Sys_VAR_ref_400,0.9,0.9,0.0425
Sys_VAR_ref_400,0.9,0.92,0.0375
Sys_VAR_ref_400,0.9,0.94,0.0325
Sys_VAR_ref_400,0.9,0.96,0.0325
Sys_VAR_ref_400,0.9,0.98,0.015
Sys_VAR_ref_400,0.9,1.0,0.0025
Sys_VAR_ref_400,0.92,0.0,0.335
Sys_VAR_ref_400,0.92,0.02,0.335
Sys_VAR_ref_400,0.92,0.04,0.335
Sys_VAR_ref_400,0.92,0.06,0.335
Sys_VAR_ref_400,0.92,0.08,0.335
Sys_VAR_ref_400,0.92,0.1,0.335
Sys_VAR_ref_400,0.92,0.12,0.335
Sys_VAR_ref_400,0.92,0.14,0.335
Sys_VAR_ref_400,0.92,0.16,0.335
Sys_VAR_ref_400,0.92,0.18,0.335
Sys_VAR_ref_400,0.92,0.2,0.335
Sys_VAR_ref_400,0.92,0.22,0.335
Sys_VAR_ref_400,0.92,0.24,0.335
Sys_VAR_ref_400,0.92,0.26,0.335
Sys_VAR_ref_400,0.92,0.28,0.335
Sys_VAR_ref_400,0.92,0.3,0.335
Sys_VAR_ref_400,0.92,0.32,0.3225
Sys_VAR_ref_400,0.92,0.34,0.32
Sys_VAR_ref_400,0.92,0.36,0.32
Sys_VAR_ref_400,0.92,0.38,0.32
Sys_VAR_ref_400,0.92,0.4,0.32
Sys_VAR_ref_400,0.92,0.42,0.3175
Sys_VAR_ref_400,0.92,0.44,0.3175
Sys_VAR_ref_400,0.92,0.46,0.315
Sys_VAR_ref_400,0.92,0.48,0.3125
Sys_VAR_ref_400,0.92,0.5,0.3125
Sys_VAR_ref_400,0.92,0.52,0.3125
Sys_VAR_ref_400,0.92,0.54,0.305
Sys_VAR_ref_400,0.92,0.56,0.3025
Sys_VAR_ref_400,0.92,0.58,0.2825
Sys_VAR_ref_400,0.92,0.6,0.28
Sys_VAR_ref_400,0.92,0.62,0.265
Sys_VAR_ref_400,0.92,0.64,0.2525
Sys_VAR_ref_400,0.92,0.66,0.245
Sys_VAR_ref_400,0.92,0.68,0.235
Sys_VAR_ref_400,0.92,0.7,0.2175
Sys_VAR_ref_400,0.92,0.72,0.2075
Sys_VAR_ref_400,0.92,0.74,0.185
Sys_VAR_ref_400,0.92,0.76,0.15
Sys_VAR_ref_400,0.92,0.78,0.1225
Sys_VAR_ref_400,0.92,0.8,0.11
Sys_VAR_ref_400,0.92,0.82,0.0975
Sys_VAR_ref_400,0.92,0.84,0.0725
Sys_VAR_ref_400,0.92,0.86,0.0625
Sys_VAR_ref_400,0.92,0.88,0.0575
Sys_VAR_ref_400,0.92,0.9,0.0425
Sys_VAR_ref_400,0.92,0.92,0.0375
Sys_VAR_ref_400,0.92,0.94,0.0325
Sys_VAR_ref_400,0.92,0.96,0.0325
Sys_VAR_ref_400,0.92,0.98,0.015
Sys_VAR_ref_400,0.92,1.0,0.0025
Sys_VAR_ref_400,0.94,0.0,0.2525
Sys_VAR_ref_400,0.94,0.02,0.2525
Sys_VAR_ref_400,0.94,0.04,0.2525
Sys_VAR_ref_400,0.94,0.06,0.2525
Sys_VAR_ref_400,0.94,0.08,0.2525
Sys_VAR_ref_400,0.94,0.1,0.2525
Sys_VAR_ref_400,0.94,0.12,0.2525
Sys_VAR_ref_400,0.94,0.14,0.2525
Sys_VAR_ref_400,0.94,0.16,0.2525
Sys_VAR_ref_400,0.94,0.18,0.2525
Sys_VAR_ref_400,0.94,0.2,0.2525
Sys_VAR_ref_400,0.94,0.22,0.2525
Sys_VAR_ref_400,0.94,0.24,0.2525
Sys_VAR_ref_400,0.94,0.26,0.2525
Sys_VAR_ref_400,0.94,0.28,0.2525
Sys_VAR_ref_400,0.94,0.3,0.2525
Sys_VAR_ref_400,0.94,0.32,0.245
Sys_VAR_ref_400,0.94,0.34,0.245
Sys_VAR_ref_400,0.94,0.36,0.245
Sys_VAR_ref_400,0.94,0.38,0.245
Sys_VAR_ref_400,0.94,0.4,0.245
Sys_VAR_ref_400,0.94,0.42,0.245
Sys_VAR_ref_400,0.94,0.44,0.245
Sys_VAR_ref_400,0.94,0.46,0.2425
Sys_VAR_ref_400,0.94,0.48,0.24
Sys_VAR_ref_400,0.94,0.5,0.24
Sys_VAR_ref_400,0.94,0.52,0.24
Sys_VAR_ref_400,0.94,0.54,0.2325
Sys_VAR_ref_400,0.94,0.56,0.23
Sys_VAR_ref_400,0.94,0.58,0.2175
Sys_VAR_ref_400,0.94,0.6,0.2175
Sys_VAR_ref_400,0.94,0.62,0.2075
Sys_VAR_ref_400,0.94,0.64,0.205
Sys_VAR_ref_400,0.94,0.66,0.2
Sys_VAR_ref_400,0.94,0.68,0.19
Sys_VAR_ref_400,0.94,0.7,0.18
Sys_VAR_ref_400,0.94,0.72,0.175
Sys_VAR_ref_400,0.94,0.74,0.1525
Sys_VAR_ref_400,0.94,0.76,0.125
Sys_VAR_ref_400,0.94,0.78,0.1075
Sys_VAR_ref_400,0.94,0.8,0.095
Sys_VAR_ref_400,0.94,0.82,0.085
Sys_VAR_ref_400,0.94,0.84,0.065
Sys_VAR_ref_400,0.94,0.86,0.055
Sys_VAR_ref_400,0.94,0.88,0.05
Sys_VAR_ref_400,0.94,0.9,0.0425
Sys_VAR_ref_400,0.94,0.92,0.0375
Sys_VAR_ref_400,0.94,0.94,0.0325
Sys_VAR_ref_400,0.94,0.96,0.0325
Sys_VAR_ref_400,0.94,0.98,0.015
Sys_VAR_ref_400,0.94,1.0,0.0025
Sys_VAR_ref_400,0.96,0.0,0.1525
Sys_VAR_ref_400,0.96,0.02,0.1525
Sys_VAR_ref_400,0.96,0.04,0.1525
Sys_VAR_ref_400,0.96,0.06,0.1525
Sys_VAR_ref_400,0.96,0.08,0.1525
Sys_VAR_ref_400,0.96,0.1,0.1525
Sys_VAR_ref_400,0.96,0.12,0.1525
Sys_VAR_ref_400,0.96,0.14,0.1525
Sys_VAR_ref_400,0.96,0.16,0.1525
Sys_VAR_ref_400,0.96,0.18,0.1525
Sys_VAR_ref_400,0.96,0.2,0.1525
Sys_VAR_ref_400,0.96,0.22,0.1525
Sys_VAR_ref_400,0.96,0.24,0.1525
Sys_VAR_ref_400,0.96,0.26,0.1525
Sys_VAR_ref_400,0.96,0.28,0.1525
Sys_VAR_ref_400,0.96,0.3,0.1525
Sys_VAR_ref_400,0.96,0.32,0.1475
Sys_VAR_ref_400,0.96,0.34,0.1475
Sys_VAR_ref_400,0.96,0.36,0.1475
Sys_VAR_ref_400,0.96,0.38,0.1475
Sys_VAR_ref_400,0.96,0.4,0.1475
Sys_VAR_ref_400,0.96,0.42,0.1475
Sys_VAR_ref_400,0.96,0.44,0.1475
Sys_VAR_ref_400,0.96,0.46,0.1475
Sys_VAR_ref_400,0.96,0.48,0.145
Sys_VAR_ref_400,0.96,0.5,0.145
Sys_VAR_ref_400,0.96,0.52,0.145
Sys_VAR_ref_400,0.96,0.54,0.145
Sys_VAR_ref_400,0.96,0.56,0.1425
Sys_VAR_ref_400,0.96,0.58,0.135
Sys_VAR_ref_400,0.96,0.6,0.135
Sys_VAR_ref_400,0.96,0.62,0.1325
Sys_VAR_ref_400,0.96,0.64,0.13
Sys_VAR_ref_400,0.96,0.66,0.13
Sys_VAR_ref_400,0.96,0.68,0.1275
Sys_VAR_ref_400,0.96,0.7,0.125
Sys_VAR_ref_400,0.96,0.72,0.1225
Sys_VAR_ref_400,0.96,0.74,0.105
Sys_VAR_ref_400,0.96,0.76,0.0975
Sys_VAR_ref_400,0.96,0.78,0.0925
Sys_VAR_ref_400,0.96,0.8,0.0825
Sys_VAR_ref_400,0.96,0.82,0.075
Sys_VAR_ref_400,0.96,0.84,0.0625
Sys_VAR_ref_400,0.96,0.86,0.055
Sys_VAR_ref_400,0.96,0.88,0.05
Sys_VAR_ref_400,0.96,0.9,0.0425
Sys_VAR_ref_400,0.96,0.92,0.0375
Sys_VAR_ref_400,0.96,0.94,0.0325
Sys_VAR_ref_400,0.96,0.96,0.0325
Sys_VAR_ref_400,0.96,0.98,0.015
Sys_VAR_ref_400,0.96,1.0,0.0025
Sys_VAR_ref_400,0.98,0.0,0.0375
Sys_VAR_ref_400,0.98,0.02,0.0375
Sys_VAR_ref_400,0.98,0.04,0.0375
Sys_VAR_ref_400,0.98,0.06,0.0375
Sys_VAR_ref_400,0.98,0.08,0.0375
Sys_VAR_ref_400,0.98,0.1,0.0375
Sys_VAR_ref_400,0.98,0.12,0.0375
Sys_VAR_ref_400,0.98,0.14,0.0375
Sys_VAR_ref_400,0.98,0.16,0.0375
Sys_VAR_ref_400,0.98,0.18,0.0375
Sys_VAR_ref_400,0.98,0.2,0.0375
Sys_VAR_ref_400,0.98,0.22,0.0375
Sys_VAR_ref_400,0.98,0.24,0.0375
Sys_VAR_ref_400,0.98,0.26,0.0375
Sys_VAR_ref_400,0.98,0.28,0.0375
Sys_VAR_ref_400,0.98,0.3,0.0375
Sys_VAR_ref_400,0.98,0.32,0.0375
Sys_VAR_ref_400,0.98,0.34,0.0375
Sys_VAR_ref_400,0.98,0.36,0.0375
Sys_VAR_ref_400,0.98,0.38,0.0375
Sys_VAR_ref_400,0.98,0.4,0.0375
Sys_VAR_ref_400,0.98,0.42,0.0375
Sys_VAR_ref_400,0.98,0.44,0.0375
Sys_VAR_ref_400,0.98,0.46,0.0375
Sys_VAR_ref_400,0.98,0.48,0.0375
Sys_VAR_ref_400,0.98,0.5,0.0375
Sys_VAR_ref_400,0.98,0.52,0.0375
Sys_VAR_ref_400,0.98,0.54,0.0375
Sys_VAR_ref_400,0.98,0.56,0.0375
Sys_VAR_ref_400,0.98,0.58,0.0375
Sys_VAR_ref_400,0.98,0.6,0.0375
Sys_VAR_ref_400,0.98,0.62,0.0375
Sys_VAR_ref_400,0.98,0.64,0.0375
Sys_VAR_ref_400,0.98,0.66,0.0375
Sys_VAR_ref_400,0.98,0.68,0.0375
Sys_VAR_ref_400,0.98,0.7,0.0375
Sys_VAR_ref_400,0.98,0.72,0.0375
Sys_VAR_ref_400,0.98,0.74,0.035
Sys_VAR_ref_400,0.98,0.76,0.035
Sys_VAR_ref_400,0.98,0.78,0.035
Sys_VAR_ref_400,0.98,0.8,0.035
Sys_VAR_ref_400,0.98,0.82,0.035
Sys_VAR_ref_400,0.98,0.84,0.03
Sys_VAR_ref_400,0.98,0.86,0.03
Sys_VAR_ref_400,0.98,0.88,0.0275
Sys_VAR_ref_400,0.98,0.9,0.025
Sys_VAR_ref_400,0.98,0.92,0.025
Sys_VAR_ref_400,0.98,0.94,0.025
Sys_VAR_ref_400,0.98,0.96,0.025
Sys_VAR_ref_400,0.98,0.98,0.0125
Sys_VAR_ref_400,0.98,1.0,0.0025
Sys_VAR_ref_400,1.0,0.0,0.0025
Sys_VAR_ref_400,1.0,0.02,0.0025
Sys_VAR_ref_400,1.0,0.04,0.0025
Sys_VAR_ref_400,1.0,0.06,0.0025
Sys_VAR_ref_400,1.0,0.08,0.0025
Sys_VAR_ref_400,1.0,0.1,0.0025
Sys_VAR_ref_400,1.0,0.12,0.0025
Sys_VAR_ref_400,1.0,0.14,0.0025
Sys_VAR_ref_400,1.0,0.16,0.0025
Sys_VAR_ref_400,1.0,0.18,0.0025
Sys_VAR_ref_400,1.0,0.2,0.0025
Sys_VAR_ref_400,1.0,0.22,0.0025
Sys_VAR_ref_400,1.0,0.24,0.0025
Sys_VAR_ref_400,1.0,0.26,0.0025
Sys_VAR_ref_400,1.0,0.28,0.0025
Sys_VAR_ref_400,1.0,0.3,0.0025
Sys_VAR_ref_400,1.0,0.32,0.0025
Sys_VAR_ref_400,1.0,0.34,0.0025
Sys_VAR_ref_400,1.0,0.36,0.0025
Sys_VAR_ref_400,1.0,0.38,0.0025
Sys_VAR_ref_400,1.0,0.4,0.0025
Sys_VAR_ref_400,1.0,0.42,0.0025
Sys_VAR_ref_400,1.0,0.44,0.0025
Sys_VAR_ref_400,1.0,0.46,0.0025
Sys_VAR_ref_400,1.0,0.48,0.0025
Sys_VAR_ref_400,1.0,0.5,0.0025
Sys_VAR_ref_400,1.0,0.52,0.0025
Sys_VAR_ref_400,1.0,0.54,0.0025
Sys_VAR_ref_400,1.0,0.56,0.0025
Sys_VAR_ref_400,1.0,0.58,0.0025
Sys_VAR_ref_400,1.0,0.6,0.0025
Sys_VAR_ref_400,1.0,0.62,0.0025
Sys_VAR_ref_400,1.0,0.64,0.0025
Sys_VAR_ref_400,1.0,0.66,0.0025
Sys_VAR_ref_400,1.0,0.68,0.0025
Sys_VAR_ref_400,1.0,0.7,0.0025
Sys_VAR_ref_400,1.0,0.72,0.0025
Sys_VAR_ref_400,1.0,0.74,0.0025
Sys_VAR_ref_400,1.0,0.76,0.0025
Sys_VAR_ref_400,1.0,0.78,0.0025
Sys_VAR_ref_400,1.0,0.8,0.0025
Sys_VAR_ref_400,1.0,0.82,0.0025
Sys_VAR_ref_400,1.0,0.84,0.0025
Sys_VAR_ref_400,1.0,0.86,0.0025
Sys_VAR_ref_400,1.0,0.88,0.0025
Sys_VAR_ref_400,1.0,0.9,0.0025
Sys_VAR_ref_400,1.0,0.92,0.0025
Sys_VAR_ref_400,1.0,0.94,0.0025
Sys_VAR_ref_400,1.0,0.96,0.0025
Sys_VAR_ref_400,1.0,0.98,0.0025
Sys_VAR_ref_400,1.0,1.0,0.0025
Human_VAR_400,0.0,0.0,1.0
Human_VAR_400,0.0,0.02,1.0
Human_VAR_400,0.0,0.04,1.0
Human_VAR_400,0.0,0.06,1.0
Human_VAR_400,0.0,0.08,1.0
Human_VAR_400,0.0,0.1,1.0
Human_VAR_400,0.0,0.12,1.0
Human_VAR_400,0.0,0.14,0.9975
Human_VAR_400,0.0,0.16,0.9975
Human_VAR_400,0.0,0.18,0.9975
Human_VAR_400,0.0,0.2,0.9975
Human_VAR_400,0.0,0.22,0.9425
Human_VAR_400,0.0,0.24,0.9425
Human_VAR_400,0.0,0.26,0.9425
Human_VAR_400,0.0,0.28,0.9075
Human_VAR_400,0.0,0.3,0.9075
Human_VAR_400,0.0,0.32,0.9075
Human_VAR_400,0.0,0.34,0.88
Human_VAR_400,0.0,0.36,0.88
Human_VAR_400,0.0,0.38,0.88
Human_VAR_400,0.0,0.4,0.88
Human_VAR_400,0.0,0.42,0.7775
Human_VAR_400,0.0,0.44,0.7775
Human_VAR_400,0.0,0.46,0.7775
Human_VAR_400,0.0,0.48,0.6975
Human_VAR_400,0.0,0.5,0.6975
Human_VAR_400,0.0,0.52,0.6975
Human_VAR_400,0.0,0.54,0.61
Human_VAR_400,0.0,0.56,0.61
Human_VAR_400,0.0,0.58,0.61
Human_VAR_400,0.0,0.6,0.61
Human_VAR_400,0.0,0.62,0.485
Human_VAR_400,0.0,0.64,0.485
Human_VAR_400,0.0,0.66,0.485
Human_VAR_400,0.0,0.68,0.385
Human_VAR_400,0.0,0.7,0.385
Human_VAR_400,0.0,0.72,0.385
Human_VAR_400,0.0,0.74,0.3025
Human_VAR_400,0.0,0.76,0.3025
Human_VAR_400,0.0,0.78,0.3025
Human_VAR_400,0.0,0.8,0.2925
Human_VAR_400,0.0,0.82,0.11
Human_VAR_400,0.0,0.84,0.11
Human_VAR_400,0.0,0.86,0.11
Human_VAR_400,0.0,0.88,0.065
Human_VAR_400,0.0,0.9,0.065
Human_VAR_400,0.0,0.92,0.065
Human_VAR_400,0.0,0.94,0.0425
Human_VAR_400,0.0,0.96,0.0425
Human_VAR_400,0.0,0.98,0.0425
Human_VAR_400,0.0,1.0,0.0425
Human_VAR_400,0.02,0.0,0.9575
Human_VAR_400,0.02,0.02,0.9575
Human_VAR_400,0.02,0.04,0.9575
Human_VAR_400,0.02,0.06,0.9575
Human_VAR_400,0.02,0.08,0.9575
Human_VAR_400,0.02,0.1,0.9575
Human_VAR_400,0.02,0.12,0.9575
Human_VAR_400,0.02,0.14,0.9575
Human_VAR_400,0.02,0.16,0.9575
Human_VAR_400,0.02,0.18,0.9575
Human_VAR_400,0.02,0.2,0.9575
Human_VAR_400,0.02,0.22,0.91
Human_VAR_400,0.02,0.24,0.91
Human_VAR_400,0.02,0.26,0.91
Human_VAR_400,0.02,0.28,0.885
Human_VAR_400,0.02,0.3,0.885
Human_VAR_400,0.02,0.32,0.885
Human_VAR_400,0.02,0.34,0.86
Human_VAR_400,0.02,0.36,0.86
Human_VAR_400,0.02,0.38,0.86
Human_VAR_400,0.02,0.4,0.86
Human_VAR_400,0.02,0.42,0.7675
Human_VAR_400,0.02,0.44,0.7675
Human_VAR_400,0.02,0.46,0.7675
Human_VAR_400,0.02,0.48,0.6875
Human_VAR_400,0.02,0.5,0.6875
Human_VAR_400,0.02,0.52,0.6875
Human_VAR_400,0.02,0.54,0.6025
Human_VAR_400,0.02,0.56,0.6025
Human_VAR_400,0.02,0.58,0.6025
Human_VAR_400,0.02,0.6,0.6025
Human_VAR_400,0.02,0.62,0.48
Human_VAR_400,0.02,0.64,0.48
Human_VAR_400,0.02,0.66,0.48
Human_VAR_400,0.02,0.68,0.38
Human_VAR_400,0.02,0.7,0.38
Human_VAR_400,0.02,0.72,0.38
Human_VAR_400,0.02,0.74,0.3025
Human_VAR_400,0.02,0.76,0.3025
Human_VAR_400,0.02,0.78,0.3025
Human_VAR_400,0.02,0.8,0.2925
Human_VAR_400,0.02,0.82,0.11
Human_VAR_400,0.02,0.84,0.11
Human_VAR_400,0.02,0.86,0.11
Human_VAR_400,0.02,0.88,0.065
Human_VAR_400,0.02,0.9,0.065
Human_VAR_400,0.02,0.92,0.065
Human_VAR_400,0.02,0.94,0.0425
Human_VAR_400,0.02,0.96,0.0425
Human_VAR_400,0.02,0.98,0.0425
Human_VAR_400,0.02,1.0,0.0425
Human_VAR_400,0.04,0.0,0.9575
Human_VAR_400,0.04,0.02,0.9575
Human_VAR_400,0.04,0.04,0.9575
Human_VAR_400,0.04,0.06,0.9575
Human_VAR_400,0.04,0.08,0.9575
Human_VAR_400,0.04,0.1,0.9575
Human_VAR_400,0.04,0.12,0.9575
Human_VAR_400,0.04,0.14,0.9575
Human_VAR_400,0.04,0.16,0.9575
Human_VAR_400,0.04,0.18,0.9575
Human_VAR_400,0.04,0.2,0.9575
Human_VAR_400,0.04,0.22,0.91
Human_VAR_400,0.04,0.24,0.91
Human_VAR_400,0.04,0.26,0.91
Human_VAR_400,0.04,0.28,0.885
Human_VAR_400,0.04,0.3,0.885
Human_VAR_400,0.04,0.32,0.885
Human_VAR_400,0.04,0.34,0.86
Human_VAR_400,0.04,0.36,0.86
Human_VAR_400,0.04,0.38,0.86
Human_VAR_400,0.04,0.4,0.86
Human_VAR_400,0.04,0.42,0.7675
Human_VAR_400,0.04,0.44,0.7675
Human_VAR_400,0.04,0.46,0.7675
Human_VAR_400,0.04,0.48,0.6875
Human_VAR_400,0.04,0.5,0.6875
Human_VAR_400,0.04,0.52,0.6875
Human_VAR_400,0.04,0.54,0.6025
Human_VAR_400,0.04,0.56,0.6025
Human_VAR_400,0.04,0.58,0.6025
Human_VAR_400,0.04,0.6,0.6025
Human_VAR_400,0.04,0.62,0.48
Human_VAR_400,0.04,0.64,0.48
Human_VAR_400,0.04,0.66,0.48
Human_VAR_400,0.04,0.68,0.38
Human_VAR_400,0.04,0.7,0.38
Human_VAR_400,0.04,0.72,0.38
Human_VAR_400,0.04,0.74,0.3025
Human_VAR_400,0.04,0.76,0.3025
Human_VAR_400,0.04,0.78,0.3025
Human_VAR_400,0.04,0.8,0.2925
Human_VAR_400,0.04,0.82,0.11
Human_VAR_400,0.04,0.84,0.11
Human_VAR_400,0.04,0.86,0.11
Human_VAR_400,0.04,0.88,0.065
Human_VAR_400,0.04,0.9,0.065
Human_VAR_400,0.04,0.92,0.065
Human_VAR_400,0.04,0.94,0.0425
Human_VAR_400,0.04,0.96,0.0425
Human_VAR_400,0.04,0.98,0.0425
Human_VAR_400,0.04,1.0,0.0425
Human_VAR_400,0.06,0.0,0.9575
Human_VAR_400,0.06,0.02,0.9575
Human_VAR_400,0.06,0.04,0.9575
Human_VAR_400,0.06,0.06,0.9575
Human_VAR_400,0.06,0.08,0.9575
Human_VAR_400,0.06,0.1,0.9575
Human_VAR_400,0.06,0.12,0.9575
Human_VAR_400,0.06,0.14,0.9575
Human_VAR_400,0.06,0.16,0.9575
Human_VAR_400,0.06,0.18,0.9575
Human_VAR_400,0.06,0.2,0.9575
Human_VAR_400,0.06,0.22,0.91
Human_VAR_400,0.06,0.24,0.91
Human_VAR_400,0.06,0.26,0.91
Human_VAR_400,0.06,0.28,0.885
Human_VAR_400,0.06,0.3,0.885
Human_VAR_400,0.06,0.32,0.885
Human_VAR_400,0.06,0.34,0.86
Human_VAR_400,0.06,0.36,0.86
Human_VAR_400,0.06,0.38,0.86
Human_VAR_400,0.06,0.4,0.86
Human_VAR_400,0.06,0.42,0.7675
Human_VAR_400,0.06,0.44,0.7675
Human_VAR_400,0.06,0.46,0.7675
Human_VAR_400,0.06,0.48,0.6875
Human_VAR_400,0.06,0.5,0.6875
Human_VAR_400,0.06,0.52,0.6875
Human_VAR_400,0.06,0.54,0.6025
Human_VAR_400,0.06,0.56,0.6025
Human_VAR_400,0.06,0.58,0.6025
Human_VAR_400,0.06,0.6,0.6025
Human_VAR_400,0.06,0.62,0.48
Human_VAR_400,0.06,0.64,0.48
Human_VAR_400,0.06,0.66,0.48
Human_VAR_400,0.06,0.68,0.38
Human_VAR_400,0.06,0.7,0.38
Human_VAR_400,0.06,0.72,0.38
Human_VAR_400,0.06,0.74,0.3025
Human_VAR_400,0.06,0.76,0.3025
Human_VAR_400,0.06,0.78,0.3025
Human_VAR_400,0.06,0.8,0.2925
Human_VAR_400,0.06,0.82,0.11
Human_VAR_400,0.06,0.84,0.11
Human_VAR_400,0.06,0.86,0.11
Human_VAR_400,0.06,0.88,0.065
Human_VAR_400,0.06,0.9,0.065
Human_VAR_400,0.06,0.92,0.065
Human_VAR_400,0.06,0.94,0.0425
Human_VAR_400,0.06,0.96,0.0425
Human_VAR_400,0.06,0.98,0.0425
Human_VAR_400,0.06,1.0,0.0425
Human_VAR_400,0.08,0.0,0.9575
Human_VAR_400,0.08,0.02,0.9575
Human_VAR_400,0.08,0.04,0.9575
Human_VAR_400,0.08,0.06,0.9575
Human_VAR_400,0.08,0.08,0.9575
Human_VAR_400,0.08,0.1,0.9575
Human_VAR_400,0.08,0.12,0.9575
Human_VAR_400,0.08,0.14,0.9575
Human_VAR_400,0.08,0.16,0.9575
Human_VAR_400,0.08,0.18,0.9575
Human_VAR_400,0.08,0.2,0.9575
Human_VAR_400,0.08,0.22,0.91
Human_VAR_400,0.08,0.24,0.91
Human_VAR_400,0.08,0.26,0.91
Human_VAR_400,0.08,0.28,0.885
Human_VAR_400,0.08,0.3,0.885
Human_VAR_400,0.08,0.32,0.885
Human_VAR_400,0.08,0.34,0.86
Human_VAR_400,0.08,0.36,0.86
Human_VAR_400,0.08,0.38,0.86
Human_VAR_400,0.08,0.4,0.86
Human_VAR_400,0.08,0.42,0.7675
Human_VAR_400,0.08,0.44,0.7675
Human_VAR_400,0.08,0.46,0.7675
Human_VAR_400,0.08,0.48,0.6875
Human_VAR_400,0.08,0.5,0.6875
Human_VAR_400,0.08,0.52,0.6875
Human_VAR_400,0.08,0.54,0.6025
Human_VAR_400,0.08,0.56,0.6025
Human_VAR_400,0.08,0.58,0.6025
Human_VAR_400,0.08,0.6,0.6025
Human_VAR_400,0.08,0.62,0.48
Human_VAR_400,0.08,0.64,0.48
Human_VAR_400,0.08,0.66,0.48
Human_VAR_400,0.08,0.68,0.38
Human_VAR_400,0.08,0.7,0.38
Human_VAR_400,0.08,0.72,0.38
Human_VAR_400,0.08,0.74,0.3025
Human_VAR_400,0.08,0.76,0.3025
Human_VAR_400,0.08,0.78,0.3025
Human_VAR_400,0.08,0.8,0.2925
Human_VAR_400,0.08,0.82,0.11
Human_VAR_400,0.08,0.84,0.11
Human_VAR_400,0.08,0.86,0.11
Human_VAR_400,0.08,0.88,0.065
Human_VAR_400,0.08,0.9,0.065
Human_VAR_400,0.08,0.92,0.065
Human_VAR_400,0.08,0.94,0.0425
Human_VAR_400,0.08,0.96,0.0425
Human_VAR_400,0.08,0.98,0.0425
Human_VAR_400,0.08,1.0,0.0425
Human_VAR_400,0.1,0.0,0.9525
Human_VAR_400,0.1,0.02,0.9525
Human_VAR_400,0.1,0.04,0.9525
Human_VAR_400,0.1,0.06,0.9525
Human_VAR_400,0.1,0.08,0.9525
Human_VAR_400,0.1,0.1,0.9525
Human_VAR_400,0.1,0.12,0.9525
Human_VAR_400,0.1,0.14,0.9525
Human_VAR_400,0.1,0.16,0.9525
Human_VAR_400,0.1,0.18,0.9525
Human_VAR_400,0.1,0.2,0.9525
Human_VAR_400,0.1,0.22,0.9075
Human_VAR_400,0.1,0.24,0.9075
Human_VAR_400,0.1,0.26,0.9075
Human_VAR_400,0.1,0.28,0.8825
Human_VAR_400,0.1,0.3,0.8825
Human_VAR_400,0.1,0.32,0.8825
Human_VAR_400,0.1,0.34,0.8575
Human_VAR_400,0.1,0.36,0.8575
Human_VAR_400,0.1,0.38,0.8575
Human_VAR_400,0.1,0.4,0.8575
Human_VAR_400,0.1,0.42,0.765
Human_VAR_400,0.1,0.44,0.765
Human_VAR_400,0.1,0.46,0.765
Human_VAR_400,0.1,0.48,0.685
Human_VAR_400,0.1,0.5,0.685
Human_VAR_400,0.1,0.52,0.685
Human_VAR_400,0.1,0.54,0.6
Human_VAR_400,0.1,0.56,0.6
Human_VAR_400,0.1,0.58,0.6
Human_VAR_400,0.1,0.6,0.6
Human_VAR_400,0.1,0.62,0.48
Human_VAR_400,0.1,0.64,0.48
Human_VAR_400,0.1,0.66,0.48
Human_VAR_400,0.1,0.68,0.38
Human_VAR_400,0.1,0.7,0.38
Human_VAR_400,0.1,0.72,0.38
Human_VAR_400,0.1,0.74,0.3025
Human_VAR_400,0.1,0.76,0.3025
Human_VAR_400,0.1,0.78,0.3025
Human_VAR_400,0.1,0.8,0.2925
Human_VAR_400,0.1,0.82,0.11
Human_VAR_400,0.1,0.84,0.11
Human_VAR_400,0.1,0.86,0.11
Human_VAR_400,0.1,0.88,0.065
Human_VAR_400,0.1,0.9,0.065
Human_VAR_400,0.1,0.92,0.065
Human_VAR_400,0.1,0.94,0.0425
Human_VAR_400,0.1,0.96,0.0425
Human_VAR_400,0.1,0.98,0.0425
Human_VAR_400,0.1,1.0,0.0425
Human_VAR_400,0.12,0.0,0.95
Human_VAR_400,0.12,0.02,0.95
Human_VAR_400,0.12,0.04,0.95
Human_VAR_400,0.12,0.06,0.95
Human_VAR_400,0.12,0.08,0.95
Human_VAR_400,0.12,0.1,0.95
Human_VAR_400,0.12,0.12,0.95
Human_VAR_400,0.12,0.14,0.95
Human_VAR_400,0.12,0.16,0.95
Human_VAR_400,0.12,0.18,0.95
Human_VAR_400,0.12,0.2,0.95
Human_VAR_400,0.12,0.22,0.905
Human_VAR_400,0.12,0.24,0.905
Human_VAR_400,0.12,0.26,0.905
Human_VAR_400,0.12,0.28,0.8825
Human_VAR_400,0.12,0.3,0.8825
Human_VAR_400,0.12,0.32,0.8825
Human_VAR_400,0.12,0.34,0.8575
Human_VAR_400,0.12,0.36,0.8575
Human_VAR_400,0.12,0.38,0.8575
Human_VAR_400,0.12,0.4,0.8575
Human_VAR_400,0.12,0.42,0.765
Human_VAR_400,0.12,0.44,0.765
Human_VAR_400,0.12,0.46,0.765
Human_VAR_400,0.12,0.48,0.685
Human_VAR_400,0.12,0.5,0.685
Human_VAR_400,0.12,0.52,0.685
Human_VAR_400,0.12,0.54,0.6
Human_VAR_400,0.12,0.56,0.6
Human_VAR_400,0.12,0.58,0.6
Human_VAR_400,0.12,0.6,0.6
Human_VAR_400,0.12,0.62,0.48
Human_VAR_400,0.12,0.64,0.48
Human_VAR_400,0.12,0.66,0.48
Human_VAR_400,0.12,0.68,0.38
Human_VAR_400,0.12,0.7,0.38
Human_VAR_400,0.12,0.72,0.38
Human_VAR_400,0.12,0.74,0.3025
Human_VAR_400,0.12,0.76,0.3025
Human_VAR_400,0.12,0.78,0.3025
Human_VAR_400,0.12,0.8,0.2925
Human_VAR_400,0.12,0.82,0.11
Human_VAR_400,0.12,0.84,0.11
Human_VAR_400,0.12,0.86,0.11
Human_VAR_400,0.12,0.88,0.065
Human_VAR_400,0.12,0.9,0.065
Human_VAR_400,0.12,0.92,0.065
Human_VAR_400,0.12,0.94,0.0425
Human_VAR_400,0.12,0.96,0.0425
Human_VAR_400,0.12,0.98,0.0425
Human_VAR_400,0.12,1.0,0.0425
Human_VAR_400,0.14,0.0,0.9475
Human_VAR_400,0.14,0.02,0.9475
Human_VAR_400,0.14,0.04,0.9475
Human_VAR_400,0.14,0.06,0.9475
Human_VAR_400,0.14,0.08,0.9475
Human_VAR_400,0.14,0.1,0.9475
Human_VAR_400,0.14,0.12,0.9475
Human_VAR_400,0.14,0.14,0.9475
Human_VAR_400,0.14,0.16,0.9475
Human_VAR_400,0.14,0.18,0.9475
Human_VAR_400,0.14,0.2,0.9475
Human_VAR_400,0.14,0.22,0.905
Human_VAR_400,0.14,0.24,0.905
Human_VAR_400,0.14,0.26,0.905
Human_VAR_400,0.14,0.28,0.8825
Human_VAR_400,0.14,0.3,0.8825
Human_VAR_400,0.14,0.32,0.8825
Human_VAR_400,0.14,0.34,0.8575
Human_VAR_400,0.14,0.36,0.8575
Human_VAR_400,0.14,0.38,0.8575
Human_VAR_400,0.14,0.4,0.8575
Human_VAR_400,0.14,0.42,0.765
Human_VAR_400,0.14,0.44,0.765
Human_VAR_400,0.14,0.46,0.765
Human_VAR_400,0.14,0.48,0.685
Human_VAR_400,0.14,0.5,0.685
Human_VAR_400,0.14,0.52,0.685
Human_VAR_400,0.14,0.54,0.6
Human_VAR_400,0.14,0.56,0.6
Human_VAR_400,0.14,0.58,0.6
Human_VAR_400,0.14,0.6,0.6
Human_VAR_400,0.14,0.62,0.48
Human_VAR_400,0.14,0.64,0.48
Human_VAR_400,0.14,0.66,0.48
Human_VAR_400,0.14,0.68,0.38
Human_VAR_400,0.14,0.7,0.38
Human_VAR_400,0.14,0.72,0.38
Human_VAR_400,0.14,0.74,0.3025
Human_VAR_400,0.14,0.76,0.3025
Human_VAR_400,0.14,0.78,0.3025
Human_VAR_400,0.14,0.8,0.2925
Human_VAR_400,0.14,0.82,0.11
Human_VAR_400,0.14,0.84,0.11
Human_VAR_400,0.14,0.86,0.11
Human_VAR_400,0.14,0.88,0.065
Human_VAR_400,0.14,0.9,0.065
Human_VAR_400,0.14,0.92,0.065
Human_VAR_400,0.14,0.94,0.0425
Human_VAR_400,0.14,0.96,0.0425
Human_VAR_400,0.14,0.98,0.0425
Human_VAR_400,0.14,1.0,0.0425
Human_VAR_400,0.16,0.0,0.945
Human_VAR_400,0.16,0.02,0.945
Human_VAR_400,0.16,0.04,0.945
Human_VAR_400,0.16,0.06,0.945
Human_VAR_400,0.16,0.08,0.945
Human_VAR_400,0.16,0.1,0.945
Human_VAR_400,0.16,0.12,0.945
Human_VAR_400,0.16,0.14,0.945
Human_VAR_400,0.16,0.16,0.945
Human_VAR_400,0.16,0.18,0.945
Human_VAR_400,0.16,0.2,0.945
Human_VAR_400,0.16,0.22,0.9025
Human_VAR_400,0.16,0.24,0.9025
Human_VAR_400,0.16,0.26,0.9025
Human_VAR_400,0.16,0.28,0.88
Human_VAR_400,0.16,0.3,0.88
Human_VAR_400,0.16,0.32,0.88
Human_VAR_400,0.16,0.34,0.855
Human_VAR_400,0.16,0.36,0.855
Human_VAR_400,0.16,0.38,0.855
Human_VAR_400,0.16,0.4,0.855
Human_VAR_400,0.16,0.42,0.7625
Human_VAR_400,0.16,0.44,0.7625
Human_VAR_400,0.16,0.46,0.7625
Human_VAR_400,0.16,0.48,0.6825
Human_VAR_400,0.16,0.5,0.6825
Human_VAR_400,0.16,0.52,0.6825
Human_VAR_400,0.16,0.54,0.5975
Human_VAR_400,0.16,0.56,0.5975
Human_VAR_400,0.16,0.58,0.5975
Human_VAR_400,0.16,0.6,0.5975
Human_VAR_400,0.16,0.62,0.4775
Human_VAR_400,0.16,0.64,0.4775
Human_VAR_400,0.16,0.66,0.4775
Human_VAR_400,0.16,0.68,0.38
Human_VAR_400,0.16,0.7,0.38
Human_VAR_400,0.16,0.72,0.38
Human_VAR_400,0.16,0.74,0.3025
Human_VAR_400,0.16,0.76,0.3025
Human_VAR_400,0.16,0.78,0.3025
Human_VAR_400,0.16,0.8,0.2925
Human_VAR_400,0.16,0.82,0.11
Human_VAR_400,0.16,0.84,0.11
Human_VAR_400,0.16,0.86,0.11
Human_VAR_400,0.16,0.88,0.065
Human_VAR_400,0.16,0.9,0.065
Human_VAR_400,0.16,0.92,0.065
Human_VAR_400,0.16,0.94,0.0425
Human_VAR_400,0.16,0.96,0.0425
Human_VAR_400,0.16,0.98,0.0425
Human_VAR_400,0.16,1.0,0.0425
Human_VAR_400,0.18,0.0,0.945
Human_VAR_400,0.18,0.02,0.945
Human_VAR_400,0.18,0.04,0.945
Human_VAR_400,0.18,0.06,0.945
Human_VAR_400,0.18,0.08,0.945
Human_VAR_400,0.18,0.1,0.945
Human_VAR_400,0.18,0.12,0.945
Human_VAR_400,0.18,0.14,0.945
Human_VAR_400,0.18,0.16,0.945
Human_VAR_400,0.18,0.18,0.945
Human_VAR_400,0.18,0.2,0.945
Human_VAR_400,0.18,0.22,0.9025
Human_VAR_400,0.18,0.24,0.9025
Human_VAR_400,0.18,0.26,0.9025
Human_VAR_400,0.18,0.28,0.88
Human_VAR_400,0.18,0.3,0.88
Human_VAR_400,0.18,0.32,0.88
Human_VAR_400,0.18,0.34,0.855
Human_VAR_400,0.18,0.36,0.855
Human_VAR_400,0.18,0.38,0.855
Human_VAR_400,0.18,0.4,0.855
Human_VAR_400,0.18,0.42,0.7625
Human_VAR_400,0.18,0.44,0.7625
Human_VAR_400,0.18,0.46,0.7625
Human_VAR_400,0.18,0.48,0.6825
Human_VAR_400,0.18,0.5,0.6825
Human_VAR_400,0.18,0.52,0.6825
Human_VAR_400,0.18,0.54,0.5975
Human_VAR_400,0.18,0.56,0.5975
Human_VAR_400,0.18,0.58,0.5975
Human_VAR_400,0.18,0.6,0.5975
Human_VAR_400,0.18,0.62,0.4775
Human_VAR_400,0.18,0.64,0.4775
Human_VAR_400,0.18,0.66,0.4775
Human_VAR_400,0.18,0.68,0.38
Human_VAR_400,0.18,0.7,0.38
Human_VAR_400,0.18,0.72,0.38
Human_VAR_400,0.18,0.74,0.3025
Human_VAR_400,0.18,0.76,0.3025
Human_VAR_400,0.18,0.78,0.3025
Human_VAR_400,0.18,0.8,0.2925
Human_VAR_400,0.18,0.82,0.11
Human_VAR_400,0.18,0.84,0.11
Human_VAR_400,0.18,0.86,0.11
Human_VAR_400,0.18,0.88,0.065
Human_VAR_400,0.18,0.9,0.065
Human_VAR_400,0.18,0.92,0.065
Human_VAR_400,0.18,0.94,0.0425
Human_VAR_400,0.18,0.96,0.0425
Human_VAR_400,0.18,0.98,0.0425
Human_VAR_400,0.18,1.0,0.0425
Human_VAR_400,0.2,0.0,0.9425
Human_VAR_400,0.2,0.02,0.9425
Human_VAR_400,0.2,0.04,0.9425
Human_VAR_400,0.2,0.06,0.9425
Human_VAR_400,0.2,0.08,0.9425
Human_VAR_400,0.2,0.1,0.9425
Human_VAR_400,0.2,0.12,0.9425
Human_VAR_400,0.2,0.14,0.9425
Human_VAR_400,0.2,0.16,0.9425
Human_VAR_400,0.2,0.18,0.9425
Human_VAR_400,0.2,0.2,0.9425
Human_VAR_400,0.2,0.22,0.9
Human_VAR_400,0.2,0.24,0.9
Human_VAR_400,0.2,0.26,0.9
Human_VAR_400,0.2,0.28,0.8775
Human_VAR_400,0.2,0.3,0.8775
Human_VAR_400,0.2,0.32,0.8775
Human_VAR_400,0.2,0.34,0.8525
Human_VAR_400,0.2,0.36,0.8525
Human_VAR_400,0.2,0.38,0.8525
Human_VAR_400,0.2,0.4,0.8525
Human_VAR_400,0.2,0.42,0.7625
Human_VAR_400,0.2,0.44,0.7625
Human_VAR_400,0.2,0.46,0.7625
Human_VAR_400,0.2,0.48,0.6825
Human_VAR_400,0.2,0.5,0.6825
Human_VAR_400,0.2,0.52,0.6825
Human_VAR_400,0.2,0.54,0.5975
Human_VAR_400,0.2,0.56,0.5975
Human_VAR_400,0.2,0.58,0.5975
Human_VAR_400,0.2,0.6,0.5975
Human_VAR_400,0.2,0.62,0.4775
Human_VAR_400,0.2,0.64,0.4775
Human_VAR_400,0.2,0.66,0.4775
Human_VAR_400,0.2,0.68,0.38
Human_VAR_400,0.2,0.7,0.38
Human_VAR_400,0.2,0.72,0.38
Human_VAR_400,0.2,0.74,0.3025
Human_VAR_400,0.2,0.76,0.3025
Human_VAR_400,0.2,0.78,0.3025
Human_VAR_400,0.2,0.8,0.2925
Human_VAR_400,0.2,0.82,0.11
Human_VAR_400,0.2,0.84,0.11
Human_VAR_400,0.2,0.86,0.11
Human_VAR_400,0.2,0.88,0.065
Human_VAR_400,0.2,0.9,0.065
Human_VAR_400,0.2,0.92,0.065
Human_VAR_400,0.2,0.94,0.0425
Human_VAR_400,0.2,0.96,0.0425
Human_VAR_400,0.2,0.98,0.0425
Human_VAR_400,0.2,1.0,0.0425
Human_VAR_400,0.22,0.0,0.94
Human_VAR_400,0.22,0.02,0.94
Human_VAR_400,0.22,0.04,0.94
Human_VAR_400,0.22,0.06,0.94
Human_VAR_400,0.22,0.08,0.94
Human_VAR_400,0.22,0.1,0.94
Human_VAR_400,0.22,0.12,0.94
Human_VAR_400,0.22,0.14,0.94
Human_VAR_400,0.22,0.16,0.94
Human_VAR_400,0.22,0.18,0.94
Human_VAR_400,0.22,0.2,0.94
Human_VAR_400,0.22,0.22,0.8975
Human_VAR_400,0.22,0.24,0.8975
Human_VAR_400,0.22,0.26,0.8975
Human_VAR_400,0.22,0.28,0.875
Human_VAR_400,0.22,0.3,0.875
Human_VAR_400,0.22,0.32,0.875
Human_VAR_400,0.22,0.34,0.85
Human_VAR_400,0.22,0.36,0.85
Human_VAR_400,0.22,0.38,0.85
Human_VAR_400,0.22,0.4,0.85
Human_VAR_400,0.22,0.42,0.76
Human_VAR_400,0.22,0.44,0.76
Human_VAR_400,0.22,0.46,0.76
Human_VAR_400,0.22,0.48,0.68
Human_VAR_400,0.22,0.5,0.68
Human_VAR_400,0.22,0.52,0.68
Human_VAR_400,0.22,0.54,0.5975
Human_VAR_400,0.22,0.56,0.5975
Human_VAR_400,0.22,0.58,0.5975
Human_VAR_400,0.22,0.6,0.5975
Human_VAR_400,0.22,0.62,0.4775
Human_VAR_400,0.22,0.64,0.4775
Human_VAR_400,0.22,0.66,0.4775
Human_VAR_400,0.22,0.68,0.38
Human_VAR_400,0.22,0.7,0.38
Human_VAR_400,0.22,0.72,0.38
Human_VAR_400,0.22,0.74,0.3025
Human_VAR_400,0.22,0.76,0.3025
Human_VAR_400,0.22,0.78,0.3025
Human_VAR_400,0.22,0.8,0.2925
Human_VAR_400,0.22,0.82,0.11
Human_VAR_400,0.22,0.84,0.11
Human_VAR_400,0.22,0.86,0.11
Human_VAR_400,0.22,0.88,0.065
Human_VAR_400,0.22,0.9,0.065
Human_VAR_400,0.22,0.92,0.065
Human_VAR_400,0.22,0.94,0.0425
Human_VAR_400,0.22,0.96,0.0425
Human_VAR_400,0.22,0.98,0.0425
Human_VAR_400,0.22,1.0,0.0425
Human_VAR_400,0.24,0.0,0.935
Human_VAR_400,0.24,0.02,0.935
Human_VAR_400,0.24,0.04,0.935
Human_VAR_400,0.24,0.06,0.935
Human_VAR_400,0.24,0.08,0.935
Human_VAR_400,0.24,0.1,0.935
Human_VAR_400,0.24,0.12,0.935
Human_VAR_400,0.24,0.14,0.935
Human_VAR_400,0.24,0.16,0.935
Human_VAR_400,0.24,0.18,0.935
Human_VAR_400,0.24,0.2,0.935
Human_VAR_400,0.24,0.22,0.8925
Human_VAR_400,0.24,0.24,0.8925
Human_VAR_400,0.24,0.26,0.8925
Human_VAR_400,0.24,0.28,0.87
Human_VAR_400,0.24,0.3,0.87
Human_VAR_400,0.24,0.32,0.87
Human_VAR_400,0.24,0.34,0.845
Human_VAR_400,0.24,0.36,0.845
Human_VAR_400,0.24,0.38,0.845
Human_VAR_400,0.24,0.4,0.845
Human_VAR_400,0.24,0.42,0.7575
Human_VAR_400,0.24,0.44,0.7575
Human_VAR_400,0.24,0.46,0.7575
Human_VAR_400,0.24,0.48,0.6775
Human_VAR_400,0.24,0.5,0.6775
Human_VAR_400,0.24,0.52,0.6775
Human_VAR_400,0.24,0.54,0.595
Human_VAR_400,0.24,0.56,0.595
Human_VAR_400,0.24,0.58,0.595
Human_VAR_400,0.24,0.6,0.595
Human_VAR_400,0.24,0.62,0.475
Human_VAR_400,0.24,0.64,0.475
Human_VAR_400,0.24,0.66,0.475
Human_VAR_400,0.24,0.68,0.38
Human_VAR_400,0.24,0.7,0.38
Human_VAR_400,0.24,0.72,0.38
Human_VAR_400,0.24,0.74,0.3025
Human_VAR_400,0.24,0.76,0.3025
Human_VAR_400,0.24,0.78,0.3025
Human_VAR_400,0.24,0.8,0.2925
Human_VAR_400,0.24,0.82,0.11
Human_VAR_400,0.24,0.84,0.11
Human_VAR_400,0.24,0.86,0.11
Human_VAR_400,0.24,0.88,0.065
Human_VAR_400,0.24,0.9,0.065
Human_VAR_400,0.24,0.92,0.065
Human_VAR_400,0.24,0.94,0.0425
Human_VAR_400,0.24,0.96,0.0425
Human_VAR_400,0.24,0.98,0.0425
Human_VAR_400,0.24,1.0,0.0425
Human_VAR_400,0.26,0.0,0.925
Human_VAR_400,0.26,0.02,0.925
Human_VAR_400,0.26,0.04,0.925
Human_VAR_400,0.26,0.06,0.925
Human_VAR_400,0.26,0.08,0.925
Human_VAR_400,0.26,0.1,0.925
Human_VAR_400,0.26,0.12,0.925
Human_VAR_400,0.26,0.14,0.925
Human_VAR_400,0.26,0.16,0.925
Human_VAR_400,0.26,0.18,0.925
Human_VAR_400,0.26,0.2,0.925
Human_VAR_400,0.26,0.22,0.8825
Human_VAR_400,0.26,0.24,0.8825
Human_VAR_400,0.26,0.26,0.8825
Human_VAR_400,0.26,0.28,0.8625
Human_VAR_400,0.26,0.3,0.8625
Human_VAR_400,0.26,0.32,0.8625
Human_VAR_400,0.26,0.34,0.84
Human_VAR_400,0.26,0.36,0.84
Human_VAR_400,0.26,0.38,0.84
Human_VAR_400,0.26,0.4,0.84
Human_VAR_400,0.26,0.42,0.755
Human_VAR_400,0.26,0.44,0.755
Human_VAR_400,0.26,0.46,0.755
Human_VAR_400,0.26,0.48,0.6775
Human_VAR_400,0.26,0.5,0.6775
Human_VAR_400,0.26,0.52,0.6775
Human_VAR_400,0.26,0.54,0.595
Human_VAR_400,0.26,0.56,0.595
Human_VAR_400,0.26,0.58,0.595
Human_VAR_400,0.26,0.6,0.595
Human_VAR_400,0.26,0.62,0.475
Human_VAR_400,0.26,0.64,0.475
Human_VAR_400,0.26,0.66,0.475
Human_VAR_400,0.26,0.68,0.38
Human_VAR_400,0.26,0.7,0.38
Human_VAR_400,0.26,0.72,0.38
Human_VAR_400,0.26,0.74,0.3025
Human_VAR_400,0.26,0.76,0.3025
Human_VAR_400,0.26,0.78,0.3025
Human_VAR_400,0.26,0.8,0.2925
Human_VAR_400,0.26,0.82,0.11
Human_VAR_400,0.26,0.84,0.11
Human_VAR_400,0.26,0.86,0.11
Human_VAR_400,0.26,0.88,0.065
Human_VAR_400,0.26,0.9,0.065
Human_VAR_400,0.26,0.92,0.065
Human_VAR_400,0.26,0.94,0.0425
Human_VAR_400,0.26,0.96,0.0425
Human_VAR_400,0.26,0.98,0.0425
Human_VAR_400,0.26,1.0,0.0425
Human_VAR_400,0.28,0.0,0.9225
Human_VAR_400,0.28,0.02,0.9225
Human_VAR_400,0.28,0.04,0.9225
Human_VAR_400,0.28,0.06,0.9225
Human_VAR_400,0.28,0.08,0.9225
Human_VAR_400,0.28,0.1,0.9225
Human_VAR_400,0.28,0.12,0.9225
Human_VAR_400,0.28,0.14,0.9225
Human_VAR_400,0.28,0.16,0.9225
Human_VAR_400,0.28,0.18,0.9225
Human_VAR_400,0.28,0.2,0.9225
Human_VAR_400,0.28,0.22,0.88
Human_VAR_400,0.28,0.24,0.88
Human_VAR_400,0.28,0.26,0.88
Human_VAR_400,0.28,0.28,0.86
Human_VAR_400,0.28,0.3,0.86
Human_VAR_400,0.28,0.32,0.86
Human_VAR_400,0.28,0.34,0.8375
Human_VAR_400,0.28,0.36,0.8375
Human_VAR_400,0.28,0.38,0.8375
Human_VAR_400,0.28,0.4,0.8375
Human_VAR_400,0.28,0.42,0.755
Human_VAR_400,0.28,0.44,0.755
Human_VAR_400,0.28,0.46,0.755
Human_VAR_400,0.28,0.48,0.6775
Human_VAR_400,0.28,0.5,0.6775
Human_VAR_400,0.28,0.52,0.6775
Human_VAR_400,0.28,0.54,0.595
Human_VAR_400,0.28,0.56,0.595
Human_VAR_400,0.28,0.58,0.595
Human_VAR_400,0.28,0.6,0.595
Human_VAR_400,0.28,0.62,0.475
Human_VAR_400,0.28,0.64,0.475
Human_VAR_400,0.28,0.66,0.475
Human_VAR_400,0.28,0.68,0.38
Human_VAR_400,0.28,0.7,0.38
Human_VAR_400,0.28,0.72,0.38
Human_VAR_400,0.28,0.74,0.3025
Human_VAR_400,0.28,0.76,0.3025
Human_VAR_400,0.28,0.78,0.3025
Human_VAR_400,0.28,0.8,0.2925
Human_VAR_400,0.28,0.82,0.11
Human_VAR_400,0.28,0.84,0.11
Human_VAR_400,0.28,0.86,0.11
Human_VAR_400,0.28,0.88,0.065
Human_VAR_400,0.28,0.9,0.065
Human_VAR_400,0.28,0.92,0.065
Human_VAR_400,0.28,0.94,0.0425
Human_VAR_400,0.28,0.96,0.0425
Human_VAR_400,0.28,0.98,0.0425
Human_VAR_400,0.28,1.0,0.0425
Human_VAR_400,0.3,0.0,0.9125
Human_VAR_400,0.3,0.02,0.9125
Human_VAR_400,0.3,0.04,0.9125
Human_VAR_400,0.3,0.06,0.9125
Human_VAR_400,0.3,0.08,0.9125
Human_VAR_400,0.3,0.1,0.9125
Human_VAR_400,0.3,0.12,0.9125
Human_VAR_400,0.3,0.14,0.9125
Human_VAR_400,0.3,0.16,0.9125
Human_VAR_400,0.3,0.18,0.9125
Human_VAR_400,0.3,0.2,0.9125
Human_VAR_400,0.3,0.22,0.87
Human_VAR_400,0.3,0.24,0.87
Human_VAR_400,0.3,0.26,0.87
Human_VAR_400,0.3,0.28,0.85
Human_VAR_400,0.3,0.3,0.85
Human_VAR_400,0.3,0.32,0.85
Human_VAR_400,0.3,0.34,0.8275
Human_VAR_400,0.3,0.36,0.8275
Human_VAR_400,0.3,0.38,0.8275
Human_VAR_400,0.3,0.4,0.8275
Human_VAR_400,0.3,0.42,0.745
Human_VAR_400,0.3,0.44,0.745
Human_VAR_400,0.3,0.46,0.745
Human_VAR_400,0.3,0.48,0.67
Human_VAR_400,0.3,0.5,0.67
Human_VAR_400,0.3,0.52,0.67
Human_VAR_400,0.3,0.54,0.5875
Human_VAR_400,0.3,0.56,0.5875
Human_VAR_400,0.3,0.58,0.5875
Human_VAR_400,0.3,0.6,0.5875
Human_VAR_400,0.3,0.62,0.47
Human_VAR_400,0.3,0.64,0.47
Human_VAR_400,0.3,0.66,0.47
Human_VAR_400,0.3,0.68,0.3775
Human_VAR_400,0.3,0.7,0.3775
Human_VAR_400,0.3,0.72,0.3775
Human_VAR_400,0.3,0.74,0.3025
Human_VAR_400,0.3,0.76,0.3025
Human_VAR_400,0.3,0.78,0.3025
Human_VAR_400,0.3,0.8,0.2925
Human_VAR_400,0.3,0.82,0.11
Human_VAR_400,0.3,0.84,0.11
Human_VAR_400,0.3,0.86,0.11
Human_VAR_400,0.3,0.88,0.065
Human_VAR_400,0.3,0.9,0.065
Human_VAR_400,0.3,0.92,0.065
Human_VAR_400,0.3,0.94,0.0425
Human_VAR_400,0.3,0.96,0.0425
Human_VAR_400,0.3,0.98,0.0425
Human_VAR_400,0.3,1.0,0.0425
Human_VAR_400,0.32,0.0,0.91
Human_VAR_400,0.32,0.02,0.91
Human_VAR_400,0.32,0.04,0.91
Human_VAR_400,0.32,0.06,0.91
Human_VAR_400,0.32,0.08,0.91
Human_VAR_400,0.32,0.1,0.91
Human_VAR_400,0.32,0.12,0.91
Human_VAR_400,0.32,0.14,0.91
Human_VAR_400,0.32,0.16,0.91
Human_VAR_400,0.32,0.18,0.91
Human_VAR_400,0.32,0.2,0.91
Human_VAR_400,0.32,0.22,0.87
Human_VAR_400,0.32,0.24,0.87
Human_VAR_400,0.32,0.26,0.87
Human_VAR_400,0.32,0.28,0.85
Human_VAR_400,0.32,0.3,0.85
Human_VAR_400,0.32,0.32,0.85
Human_VAR_400,0.32,0.34,0.8275
Human_VAR_400,0.32,0.36,0.8275
Human_VAR_400,0.32,0.38,0.8275
Human_VAR_400,0.32,0.4,0.8275
Human_VAR_400,0.32,0.42,0.745
Human_VAR_400,0.32,0.44,0.745
Human_VAR_400,0.32,0.46,0.745
Human_VAR_400,0.32,0.48,0.67
Human_VAR_400,0.32,0.5,0.67
Human_VAR_400,0.32,0.52,0.67
Human_VAR_400,0.32,0.54,0.5875
Human_VAR_400,0.32,0.56,0.5875
Human_VAR_400,0.32,0.58,0.5875
Human_VAR_400,0.32,0.6,0.5875
Human_VAR_400,0.32,0.62,0.47
Human_VAR_400,0.32,0.64,0.47
Human_VAR_400,0.32,0.66,0.47
Human_VAR_400,0.32,0.68,0.3775
Human_VAR_400,0.32,0.7,0.3775
Human_VAR_400,0.32,0.72,0.3775
Human_VAR_400,0.32,0.74,0.3025
Human_VAR_400,0.32,0.76,0.3025
Human_VAR_400,0.32,0.78,0.3025
Human_VAR_400,0.32,0.8,0.2925
Human_VAR_400,0.32,0.82,0.11
Human_VAR_400,0.32,0.84,0.11
Human_VAR_400,0.32,0.86,0.11
Human_VAR_400,0.32,0.88,0.065
Human_VAR_400,0.32,0.9,0.065
Human_VAR_400,0.32,0.92,0.065
Human_VAR_400,0.32,0.94,0.0425
Human_VAR_400,0.32,0.96,0.0425
Human_VAR_400,0.32,0.98,0.0425
Human_VAR_400,0.32,1.0,0.0425
Human_VAR_400,0.34,0.0,0.9
Human_VAR_400,0.34,0.02,0.9
Human_VAR_400,0.34,0.04,0.9
Human_VAR_400,0.34,0.06,0.9
Human_VAR_400,0.34,0.08,0.9
Human_VAR_400,0.34,0.1,0.9
Human_VAR_400,0.34,0.12,0.9
Human_VAR_400,0.34,0.14,0.9
Human_VAR_400,0.34,0.16,0.9
Human_VAR_400,0.34,0.18,0.9
Human_VAR_400,0.34,0.2,0.9
Human_VAR_400,0.34,0.22,0.86
Human_VAR_400,0.34,0.24,0.86
Human_VAR_400,0.34,0.26,0.86
Human_VAR_400,0.34,0.28,0.845
Human_VAR_400,0.34,0.3,0.845
Human_VAR_400,0.34,0.32,0.845
Human_VAR_400,0.34,0.34,0.8225
Human_VAR_400,0.34,0.36,0.8225
Human_VAR_400,0.34,0.38,0.8225
Human_VAR_400,0.34,0.4,0.8225
Human_VAR_400,0.34,0.42,0.74
Human_VAR_400,0.34,0.44,0.74
Human_VAR_400,0.34,0.46,0.74
Human_VAR_400,0.34,0.48,0.665
Human_VAR_400,0.34,0.5,0.665
Human_VAR_400,0.34,0.52,0.665
Human_VAR_400,0.34,0.54,0.585
Human_VAR_400,0.34,0.56,0.585
Human_VAR_400,0.34,0.58,0.585
Human_VAR_400,0.34,0.6,0.585
Human_VAR_400,0.34,0.62,0.47
Human_VAR_400,0.34,0.64,0.47
Human_VAR_400,0.34,0.66,0.47
Human_VAR_400,0.34,0.68,0.3775
Human_VAR_400,0.34,0.7,0.3775
Human_VAR_400,0.34,0.72,0.3775
Human_VAR_400,0.34,0.74,0.3025
Human_VAR_400,0.34,0.76,0.3025
Human_VAR_400,0.34,0.78,0.3025
Human_VAR_400,0.34,0.8,0.2925
Human_VAR_400,0.34,0.82,0.11
Human_VAR_400,0.34,0.84,0.11
Human_VAR_400,0.34,0.86,0.11
Human_VAR_400,0.34,0.88,0.065
Human_VAR_400,0.34,0.9,0.065
Human_VAR_400,0.34,0.92,0.065
Human_VAR_400,0.34,0.94,0.0425
Human_VAR_400,0.34,0.96,0.0425
Human_VAR_400,0.34,0.98,0.0425
Human_VAR_400,0.34,1.0,0.0425
Human_VAR_400,0.36,0.0,0.9
Human_VAR_400,0.36,0.02,0.9
Human_VAR_400,0.36,0.04,0.9
Human_VAR_400,0.36,0.06,0.9
Human_VAR_400,0.36,0.08,0.9
Human_VAR_400,0.36,0.1,0.9
Human_VAR_400,0.36,0.12,0.9
Human_VAR_400,0.36,0.14,0.9
Human_VAR_400,0.36,0.16,0.9
Human_VAR_400,0.36,0.18,0.9
Human_VAR_400,0.36,0.2,0.9
Human_VAR_400,0.36,0.22,0.86
Human_VAR_400,0.36,0.24,0.86
Human_VAR_400,0.36,0.26,0.86
Human_VAR_400,0.36,0.28,0.845
Human_VAR_400,0.36,0.3,0.845
Human_VAR_400,0.36,0.32,0.845
Human_VAR_400,0.36,0.34,0.8225
Human_VAR_400,0.36,0.36,0.8225
Human_VAR_400,0.36,0.38,0.8225
Human_VAR_400,0.36,0.4,0.8225
Human_VAR_400,0.36,0.42,0.74
Human_VAR_400,0.36,0.44,0.74
Human_VAR_400,0.36,0.46,0.74
Human_VAR_400,0.36,0.48,0.665
Human_VAR_400,0.36,0.5,0.665
Human_VAR_400,0.36,0.52,0.665
Human_VAR_400,0.36,0.54,0.585
Human_VAR_400,0.36,0.56,0.585
Human_VAR_400,0.36,0.58,0.585
Human_VAR_400,0.36,0.6,0.585
Human_VAR_400,0.36,0.62,0.47
Human_VAR_400,0.36,0.64,0.47
Human_VAR_400,0.36,0.66,0.47
Human_VAR_400,0.36,0.68,0.3775
Human_VAR_400,0.36,0.7,0.3775
Human_VAR_400,0.36,0.72,0.3775
Human_VAR_400,0.36,0.74,0.3025
Human_VAR_400,0.36,0.76,0.3025
Human_VAR_400,0.36,0.78,0.3025
Human_VAR_400,0.36,0.8,0.2925
Human_VAR_400,0.36,0.82,0.11
Human_VAR_400,0.36,0.84,0.11
Human_VAR_400,0.36,0.86,0.11
Human_VAR_400,0.36,0.88,0.065
Human_VAR_400,0.36,0.9,0.065
Human_VAR_400,0.36,0.92,0.065
Human_VAR_400,0.36,0.94,0.0425
Human_VAR_400,0.36,0.96,0.0425
Human_VAR_400,0.36,0.98,0.0425
Human_VAR_400,0.36,1.0,0.0425
Human_VAR_400,0.38,0.0,0.895
Human_VAR_400,0.38,0.02,0.895
Human_VAR_400,0.38,0.04,0.895
Human_VAR_400,0.38,0.06,0.895
Human_VAR_400,0.38,0.08,0.895
Human_VAR_400,0.38,0.1,0.895
Human_VAR_400,0.38,0.12,0.895
Human_VAR_400,0.38,0.14,0.895
Human_VAR_400,0.38,0.16,0.895
Human_VAR_400,0.38,0.18,0.895
Human_VAR_400,0.38,0.2,0.895
Human_VAR_400,0.38,0.22,0.8575
Human_VAR_400,0.38,0.24,0.8575
Human_VAR_400,0.38,0.26,0.8575
Human_VAR_400,0.38,0.28,0.8425
Human_VAR_400,0.38,0.3,0.8425
Human_VAR_400,0.38,0.32,0.8425
Human_VAR_400,0.38,0.34,0.82
Human_VAR_400,0.38,0.36,0.82
Human_VAR_400,0.38,0.38,0.82
Human_VAR_400,0.38,0.4,0.82
Human_VAR_400,0.38,0.42,0.74
Human_VAR_400,0.38,0.44,0.74
Human_VAR_400,0.38,0.46,0.74
Human_VAR_400,0.38,0.48,0.665
Human_VAR_400,0.38,0.5,0.665
Human_VAR_400,0.38,0.52,0.665
Human_VAR_400,0.38,0.54,0.585
Human_VAR_400,0.38,0.56,0.585
Human_VAR_400,0.38,0.58,0.585
Human_VAR_400,0.38,0.6,0.585
Human_VAR_400,0.38,0.62,0.47
Human_VAR_400,0.38,0.64,0.47
Human_VAR_400,0.38,0.66,0.47
Human_VAR_400,0.38,0.68,0.3775
Human_VAR_400,0.38,0.7,0.3775
Human_VAR_400,0.38,0.72,0.3775
Human_VAR_400,0.38,0.74,0.3025
Human_VAR_400,0.38,0.76,0.3025
Human_VAR_400,0.38,0.78,0.3025
Human_VAR_400,0.38,0.8,0.2925
Human_VAR_400,0.38,0.82,0.11
Human_VAR_400,0.38,0.84,0.11
Human_VAR_400,0.38,0.86,0.11
Human_VAR_400,0.38,0.88,0.065
Human_VAR_400,0.38,0.9,0.065
Human_VAR_400,0.38,0.92,0.065
Human_VAR_400,0.38,0.94,0.0425
Human_VAR_400,0.38,0.96,0.0425
Human_VAR_400,0.38,0.98,0.0425
Human_VAR_400,0.38,1.0,0.0425
Human_VAR_400,0.4,0.0,0.8925
Human_VAR_400,0.4,0.02,0.8925
Human_VAR_400,0.4,0.04,0.8925
Human_VAR_400,0.4,0.06,0.8925
Human_VAR_400,0.4,0.08,0.8925
Human_VAR_400,0.4,0.1,0.8925
Human_VAR_400,0.4,0.12,0.8925
Human_VAR_400,0.4,0.14,0.8925
Human_VAR_400,0.4,0.16,0.8925
Human_VAR_400,0.4,0.18,0.8925
Human_VAR_400,0.4,0.2,0.8925
Human_VAR_400,0.4,0.22,0.8575
Human_VAR_400,0.4,0.24,0.8575
Human_VAR_400,0.4,0.26,0.8575
Human_VAR_400,0.4,0.28,0.8425
Human_VAR_400,0.4,0.3,0.8425
Human_VAR_400,0.4,0.32,0.8425
Human_VAR_400,0.4,0.34,0.82
Human_VAR_400,0.4,0.36,0.82
Human_VAR_400,0.4,0.38,0.82
Human_VAR_400,0.4,0.4,0.82
Human_VAR_400,0.4,0.42,0.74
Human_VAR_400,0.4,0.44,0.74
Human_VAR_400,0.4,0.46,0.74
Human_VAR_400,0.4,0.48,0.665
Human_VAR_400,0.4,0.5,0.665
Human_VAR_400,0.4,0.52,0.665
Human_VAR_400,0.4,0.54,0.585
Human_VAR_400,0.4,0.56,0.585
Human_VAR_400,0.4,0.58,0.585
Human_VAR_400,0.4,0.6,0.585
Human_VAR_400,0.4,0.62,0.47
Human_VAR_400,0.4,0.64,0.47
Human_VAR_400,0.4,0.66,0.47
Human_VAR_400,0.4,0.68,0.3775
Human_VAR_400,0.4,0.7,0.3775
Human_VAR_400,0.4,0.72,0.3775
Human_VAR_400,0.4,0.74,0.3025
Human_VAR_400,0.4,0.76,0.3025
Human_VAR_400,0.4,0.78,0.3025
Human_VAR_400,0.4,0.8,0.2925
Human_VAR_400,0.4,0.82,0.11
Human_VAR_400,0.4,0.84,0.11
Human_VAR_400,0.4,0.86,0.11
Human_VAR_400,0.4,0.88,0.065
Human_VAR_400,0.4,0.9,0.065
Human_VAR_400,0.4,0.92,0.065
Human_VAR_400,0.4,0.94,0.0425
Human_VAR_400,0.4,0.96,0.0425
Human_VAR_400,0.4,0.98,0.0425
Human_VAR_400,0.4,1.0,0.0425
Human_VAR_400,0.42,0.0,0.8825
Human_VAR_400,0.42,0.02,0.8825
Human_VAR_400,0.42,0.04,0.8825
Human_VAR_400,0.42,0.06,0.8825
Human_VAR_400,0.42,0.08,0.8825
Human_VAR_400,0.42,0.1,0.8825
Human_VAR_400,0.42,0.12,0.8825
Human_VAR_400,0.42,0.14,0.8825
Human_VAR_400,0.42,0.16,0.8825
Human_VAR_400,0.42,0.18,0.8825
Human_VAR_400,0.42,0.2,0.8825
Human_VAR_400,0.42,0.22,0.85
Human_VAR_400,0.42,0.24,0.85
Human_VAR_400,0.42,0.26,0.85
Human_VAR_400,0.42,0.28,0.835
Human_VAR_400,0.42,0.3,0.835
Human_VAR_400,0.42,0.32,0.835
Human_VAR_400,0.42,0.34,0.8125
Human_VAR_400,0.42,0.36,0.8125
Human_VAR_400,0.42,0.38,0.8125
Human_VAR_400,0.42,0.4,0.8125
Human_VAR_400,0.42,0.42,0.7375
Human_VAR_400,0.42,0.44,0.7375
Human_VAR_400,0.42,0.46,0.7375
Human_VAR_400,0.42,0.48,0.665
Human_VAR_400,0.42,0.5,0.665
Human_VAR_400,0.42,0.52,0.665
Human_VAR_400,0.42,0.54,0.585
Human_VAR_400,0.42,0.56,0.585
Human_VAR_400,0.42,0.58,0.585
Human_VAR_400,0.42,0.6,0.585
Human_VAR_400,0.42,0.62,0.47
Human_VAR_400,0.42,0.64,0.47
Human_VAR_400,0.42,0.66,0.47
Human_VAR_400,0.42,0.68,0.3775
Human_VAR_400,0.42,0.7,0.3775
Human_VAR_400,0.42,0.72,0.3775
Human_VAR_400,0.42,0.74,0.3025
Human_VAR_400,0.42,0.76,0.3025
Human_VAR_400,0.42,0.78,0.3025
Human_VAR_400,0.42,0.8,0.2925
Human_VAR_400,0.42,0.82,0.11
Human_VAR_400,0.42,0.84,0.11
Human_VAR_400,0.42,0.86,0.11
Human_VAR_400,0.42,0.88,0.065
Human_VAR_400,0.42,0.9,0.065
Human_VAR_400,0.42,0.92,0.065
Human_VAR_400,0.42,0.94,0.0425
Human_VAR_400,0.42,0.96,0.0425
Human_VAR_400,0.42,0.98,0.0425
Human_VAR_400,0.42,1.0,0.0425
Human_VAR_400,0.44,0.0,0.88
Human_VAR_400,0.44,0.02,0.88
Human_VAR_400,0.44,0.04,0.88
Human_VAR_400,0.44,0.06,0.88
Human_VAR_400,0.44,0.08,0.88
Human_VAR_400,0.44,0.1,0.88
Human_VAR_400,0.44,0.12,0.88
Human_VAR_400,0.44,0.14,0.88
Human_VAR_400,0.44,0.16,0.88
Human_VAR_400,0.44,0.18,0.88
Human_VAR_400,0.44,0.2,0.88
Human_VAR_400,0.44,0.22,0.8475
Human_VAR_400,0.44,0.24,0.8475
Human_VAR_400,0.44,0.26,0.8475
Human_VAR_400,0.44,0.28,0.8325
Human_VAR_400,0.44,0.3,0.8325
Human_VAR_400,0.44,0.32,0.8325
Human_VAR_400,0.44,0.34,0.8125
Human_VAR_400,0.44,0.36,0.8125
Human_VAR_400,0.44,0.38,0.8125
Human_VAR_400,0.44,0.4,0.8125
Human_VAR_400,0.44,0.42,0.7375
Human_VAR_400,0.44,0.44,0.7375
Human_VAR_400,0.44,0.46,0.7375
Human_VAR_400,0.44,0.48,0.665
Human_VAR_400,0.44,0.5,0.665
Human_VAR_400,0.44,0.52,0.665
Human_VAR_400,0.44,0.54,0.585
Human_VAR_400,0.44,0.56,0.585
Human_VAR_400,0.44,0.58,0.585
Human_VAR_400,0.44,0.6,0.585
Human_VAR_400,0.44,0.62,0.47
Human_VAR_400,0.44,0.64,0.47
Human_VAR_400,0.44,0.66,0.47
Human_VAR_400,0.44,0.68,0.3775
Human_VAR_400,0.44,0.7,0.3775
Human_VAR_400,0.44,0.72,0.3775
Human_VAR_400,0.44,0.74,0.3025
Human_VAR_400,0.44,0.76,0.3025
Human_VAR_400,0.44,0.78,0.3025
Human_VAR_400,0.44,0.8,0.2925
Human_VAR_400,0.44,0.82,0.11
Human_VAR_400,0.44,0.84,0.11
Human_VAR_400,0.44,0.86,0.11
Human_VAR_400,0.44,0.88,0.065
Human_VAR_400,0.44,0.9,0.065
Human_VAR_400,0.44,0.92,0.065
Human_VAR_400,0.44,0.94,0.0425
Human_VAR_400,0.44,0.96,0.0425
Human_VAR_400,0.44,0.98,0.0425
Human_VAR_400,0.44,1.0,0.0425
Human_VAR_400,0.46,0.0,0.865
Human_VAR_400,0.46,0.02,0.865
Human_VAR_400,0.46,0.04,0.865
Human_VAR_400,0.46,0.06,0.865
Human_VAR_400,0.46,0.08,0.865
Human_VAR_400,0.46,0.1,0.865
Human_VAR_400,0.46,0.12,0.865
Human_VAR_400,0.46,0.14,0.865
Human_VAR_400,0.46,0.16,0.865
Human_VAR_400,0.46,0.18,0.865
Human_VAR_400,0.46,0.2,0.865
Human_VAR_400,0.46,0.22,0.835
Human_VAR_400,0.46,0.24,0.835
Human_VAR_400,0.46,0.26,0.835
Human_VAR_400,0.46,0.28,0.82
Human_VAR_400,0.46,0.3,0.82
Human_VAR_400,0.46,0.32,0.82
Human_VAR_400,0.46,0.34,0.8
Human_VAR_400,0.46,0.36,0.8
Human_VAR_400,0.46,0.38,0.8
Human_VAR_400,0.46,0.4,0.8
Human_VAR_400,0.46,0.42,0.725
Human_VAR_400,0.46,0.44,0.725
Human_VAR_400,0.46,0.46,0.725
Human_VAR_400,0.46,0.48,0.6575
Human_VAR_400,0.46,0.5,0.6575
Human_VAR_400,0.46,0.52,0.6575
Human_VAR_400,0.46,0.54,0.5775
Human_VAR_400,0.46,0.56,0.5775
Human_VAR_400,0.46,0.58,0.5775
Human_VAR_400,0.46,0.6,0.5775
Human_VAR_400,0.46,0.62,0.4625
Human_VAR_400,0.46,0.64,0.4625
Human_VAR_400,0.46,0.66,0.4625
Human_VAR_400,0.46,0.68,0.375
Human_VAR_400,0.46,0.7,0.375
Human_VAR_400,0.46,0.72,0.375
Human_VAR_400,0.46,0.74,0.3
Human_VAR_400,0.46,0.76,0.3
Human_VAR_400,0.46,0.78,0.3
Human_VAR_400,0.46,0.8,0.29
Human_VAR_400,0.46,0.82,0.11
Human_VAR_400,0.46,0.84,0.11
Human_VAR_400,0.46,0.86,0.11
Human_VAR_400,0.46,0.88,0.065
Human_VAR_400,0.46,0.9,0.065
Human_VAR_400,0.46,0.92,0.065
Human_VAR_400,0.46,0.94,0.0425
Human_VAR_400,0.46,0.96,0.0425
Human_VAR_400,0.46,0.98,0.0425
Human_VAR_400,0.46,1.0,0.0425
Human_VAR_400,0.48,0.0,0.86
Human_VAR_400,0.48,0.02,0.86
Human_VAR_400,0.48,0.04,0.86
Human_VAR_400,0.48,0.06,0.86
Human_VAR_400,0.48,0.08,0.86
Human_VAR_400,0.48,0.1,0.86
Human_VAR_400,0.48,0.12,0.86
Human_VAR_400,0.48,0.14,0.86
Human_VAR_400,0.48,0.16,0.86
Human_VAR_400,0.48,0.18,0.86
Human_VAR_400,0.48,0.2,0.86
Human_VAR_400,0.48,0.22,0.83
Human_VAR_400,0.48,0.24,0.83
Human_VAR_400,0.48,0.26,0.83
Human_VAR_400,0.48,0.28,0.815
Human_VAR_400,0.48,0.3,0.815
Human_VAR_400,0.48,0.32,0.815
Human_VAR_400,0.48,0.34,0.7975
Human_VAR_400,0.48,0.36,0.7975
Human_VAR_400,0.48,0.38,0.7975
Human_VAR_400,0.48,0.4,0.7975
Human_VAR_400,0.48,0.42,0.7225
Human_VAR_400,0.48,0.44,0.7225
Human_VAR_400,0.48,0.46,0.7225
Human_VAR_400,0.48,0.48,0.6575
Human_VAR_400,0.48,0.5,0.6575
Human_VAR_400,0.48,0.52,0.6575
Human_VAR_400,0.48,0.54,0.5775
Human_VAR_400,0.48,0.56,0.5775
Human_VAR_400,0.48,0.58,0.5775
Human_VAR_400,0.48,0.6,0.5775
Human_VAR_400,0.48,0.62,0.4625
Human_VAR_400,0.48,0.64,0.4625
Human_VAR_400,0.48,0.66,0.4625
Human_VAR_400,0.48,0.68,0.375
Human_VAR_400,0.48,0.7,0.375
Human_VAR_400,0.48,0.72,0.375
Human_VAR_400,0.48,0.74,0.3
Human_VAR_400,0.48,0.76,0.3
Human_VAR_400,0.48,0.78,0.3
Human_VAR_400,0.48,0.8,0.29
Human_VAR_400,0.48,0.82,0.11
Human_VAR_400,0.48,0.84,0.11
Human_VAR_400,0.48,0.86,0.11
Human_VAR_400,0.48,0.88,0.065
Human_VAR_400,0.48,0.9,0.065
Human_VAR_400,0.48,0.92,0.065
Human_VAR_400,0.48,0.94,0.0425
Human_VAR_400,0.48,0.96,0.0425
Human_VAR_400,0.48,0.98,0.0425
Human_VAR_400,0.48,1.0,0.0425
Human_VAR_400,0.5,0.0,0.8525
Human_VAR_400,0.5,0.02,0.8525
Human_VAR_400,0.5,0.04,0.8525
Human_VAR_400,0.5,0.06,0.8525
Human_VAR_400,0.5,0.08,0.8525
Human_VAR_400,0.5,0.1,0.8525
Human_VAR_400,0.5,0.12,0.8525
Human_VAR_400,0.5,0.14,0.8525
Human_VAR_400,0.5,0.16,0.8525
Human_VAR_400,0.5,0.18,0.8525
Human_VAR_400,0.5,0.2,0.8525
Human_VAR_400,0.5,0.22,0.8275
Human_VAR_400,0.5,0.24,0.8275
Human_VAR_400,0.5,0.26,0.8275
Human_VAR_400,0.5,0.28,0.815
Human_VAR_400,0.5,0.3,0.815
Human_VAR_400,0.5,0.32,0.815
Human_VAR_400,0.5,0.34,0.7975
Human_VAR_400,0.5,0.36,0.7975
Human_VAR_400,0.5,0.38,0.7975
Human_VAR_400,0.5,0.4,0.7975
Human_VAR_400,0.5,0.42,0.7225
Human_VAR_400,0.5,0.44,0.7225
Human_VAR_400,0.5,0.46,0.7225
Human_VAR_400,0.5,0.48,0.6575
Human_VAR_400,0.5,0.5,0.6575
Human_VAR_400,0.5,0.52,0.6575
Human_VAR_400,0.5,0.54,0.5775
Human_VAR_400,0.5,0.56,0.5775
Human_VAR_400,0.5,0.58,0.5775
Human_VAR_400,0.5,0.6,0.5775
Human_VAR_400,0.5,0.62,0.4625
Human_VAR_400,0.5,0.64,0.4625
Human_VAR_400,0.5,0.66,0.4625
Human_VAR_400,0.5,0.68,0.375
Human_VAR_400,0.5,0.7,0.375
Human_VAR_400,0.5,0.72,0.375
Human_VAR_400,0.5,0.74,0.3
Human_VAR_400,0.5,0.76,0.3
Human_VAR_400,0.5,0.78,0.3
Human_VAR_400,0.5,0.8,0.29
Human_VAR_400,0.5,0.82,0.11
Human_VAR_400,0.5,0.84,0.11
Human_VAR_400,0.5,0.86,0.11
Human_VAR_400,0.5,0.88,0.065
Human_VAR_400,0.5,0.9,0.065
Human_VAR_400,0.5,0.92,0.065
Human_VAR_400,0.5,0.94,0.0425
Human_VAR_400,0.5,0.96,0.0425
Human_VAR_400,0.5,0.98,0.0425
Human_VAR_400,0.5,1.0,0.0425
Human_VAR_400,0.52,0.0,0.8325
Human_VAR_400,0.52,0.02,0.8325
Human_VAR_400,0.52,0.04,0.8325
Human_VAR_400,0.52,0.06,0.8325
Human_VAR_400,0.52,0.08,0.8325
Human_VAR_400,0.52,0.1,0.8325
Human_VAR_400,0.52,0.12,0.8325
Human_VAR_400,0.52,0.14,0.8325
Human_VAR_400,0.52,0.16,0.8325
Human_VAR_400,0.52,0.18,0.8325
Human_VAR_400,0.52,0.2,0.8325
Human_VAR_400,0.52,0.22,0.8125
Human_VAR_400,0.52,0.24,0.8125
Human_VAR_400,0.52,0.26,0.8125
Human_VAR_400,0.52,0.28,0.8
Human_VAR_400,0.52,0.3,0.8
Human_VAR_400,0.52,0.32,0.8
Human_VAR_400,0.52,0.34,0.7825
Human_VAR_400,0.52,0.36,0.7825
Human_VAR_400,0.52,0.38,0.7825
Human_VAR_400,0.52,0.4,0.7825
Human_VAR_400,0.52,0.42,0.7125
Human_VAR_400,0.52,0.44,0.7125
Human_VAR_400,0.52,0.46,0.7125
Human_VAR_400,0.52,0.48,0.6475
Human_VAR_400,0.52,0.5,0.6475
Human_VAR_400,0.52,0.52,0.6475
Human_VAR_400,0.52,0.54,0.57
Human_VAR_400,0.52,0.56,0.57
Human_VAR_400,0.52,0.58,0.57
Human_VAR_400,0.52,0.6,0.57
Human_VAR_400,0.52,0.62,0.455
Human_VAR_400,0.52,0.64,0.455
Human_VAR_400,0.52,0.66,0.455
Human_VAR_400,0.52,0.68,0.3675
Human_VAR_400,0.52,0.7,0.3675
Human_VAR_400,0.52,0.72,0.3675
Human_VAR_400,0.52,0.74,0.295
Human_VAR_400,0.52,0.76,0.295
Human_VAR_400,0.52,0.78,0.295
Human_VAR_400,0.52,0.8,0.285
Human_VAR_400,0.52,0.82,0.11
Human_VAR_400,0.52,0.84,0.11
Human_VAR_400,0.52,0.86,0.11
Human_VAR_400,0.52,0.88,0.065
Human_VAR_400,0.52,0.9,0.065
Human_VAR_400,0.52,0.92,0.065
Human_VAR_400,0.52,0.94,0.0425
Human_VAR_400,0.52,0.96,0.0425
Human_VAR_400,0.52,0.98,0.0425
Human_VAR_400,0.52,1.0,0.0425
Human_VAR_400,0.54,0.0,0.8275
Human_VAR_400,0.54,0.02,0.8275
Human_VAR_400,0.54,0.04,0.8275
Human_VAR_400,0.54,0.06,0.8275
Human_VAR_400,0.54,0.08,0.8275
Human_VAR_400,0.54,0.1,0.8275
Human_VAR_400,0.54,0.12,0.8275
Human_VAR_400,0.54,0.14,0.8275
Human_VAR_400,0.54,0.16,0.8275
Human_VAR_400,0.54,0.18,0.8275
Human_VAR_400,0.54,0.2,0.8275
Human_VAR_400,0.54,0.22,0.81
Human_VAR_400,0.54,0.24,0.81
Human_VAR_400,0.54,0.26,0.81
Human_VAR_400,0.54,0.28,0.7975
Human_VAR_400,0.54,0.3,0.7975
Human_VAR_400,0.54,0.32,0.7975
Human_VAR_400,0.54,0.34,0.78
Human_VAR_400,0.54,0.36,0.78
Human_VAR_400,0.54,0.38,0.78
Human_VAR_400,0.54,0.4,0.78
Human_VAR_400,0.54,0.42,0.7125
Human_VAR_400,0.54,0.44,0.7125
Human_VAR_400,0.54,0.46,0.7125
Human_VAR_400,0.54,0.48,0.6475
Human_VAR_400,0.54,0.5,0.6475
Human_VAR_400,0.54,0.52,0.6475
Human_VAR_400,0.54,0.54,0.57
Human_VAR_400,0.54,0.56,0.57
Human_VAR_400,0.54,0.58,0.57
Human_VAR_400,0.54,0.6,0.57
Human_VAR_400,0.54,0.62,0.455
Human_VAR_400,0.54,0.64,0.455
Human_VAR_400,0.54,0.66,0.455
Human_VAR_400,0.54,0.68,0.3675
Human_VAR_400,0.54,0.7,0.3675
Human_VAR_400,0.54,0.72,0.3675
Human_VAR_400,0.54,0.74,0.295
Human_VAR_400,0.54,0.76,0.295
Human_VAR_400,0.54,0.78,0.295
Human_VAR_400,0.54,0.8,0.285
Human_VAR_400,0.54,0.82,0.11
Human_VAR_400,0.54,0.84,0.11
Human_VAR_400,0.54,0.86,0.11
Human_VAR_400,0.54,0.88,0.065
Human_VAR_400,0.54,0.9,0.065
Human_VAR_400,0.54,0.92,0.065
Human_VAR_400,0.54,0.94,0.0425
Human_VAR_400,0.54,0.96,0.0425
Human_VAR_400,0.54,0.98,0.0425
Human_VAR_400,0.54,1.0,0.0425
Human_VAR_400,0.56,0.0,0.8175
Human_VAR_400,0.56,0.02,0.8175
Human_VAR_400,0.56,0.04,0.8175
Human_VAR_400,0.56,0.06,0.8175
Human_VAR_400,0.56,0.08,0.8175
Human_VAR_400,0.56,0.1,0.8175
Human_VAR_400,0.56,0.12,0.8175
Human_VAR_400,0.56,0.14,0.8175
Human_VAR_400,0.56,0.16,0.8175
Human_VAR_400,0.56,0.18,0.8175
Human_VAR_400,0.56,0.2,0.8175
Human_VAR_400,0.56,0.22,0.8025
Human_VAR_400,0.56,0.24,0.8025
Human_VAR_400,0.56,0.26,0.8025
Human_VAR_400,0.56,0.28,0.79
Human_VAR_400,0.56,0.3,0.79
Human_VAR_400,0.56,0.32,0.79
Human_VAR_400,0.56,0.34,0.7725
Human_VAR_400,0.56,0.36,0.7725
Human_VAR_400,0.56,0.38,0.7725
Human_VAR_400,0.56,0.4,0.7725
Human_VAR_400,0.56,0.42,0.7075
Human_VAR_400,0.56,0.44,0.7075
Human_VAR_400,0.56,0.46,0.7075
Human_VAR_400,0.56,0.48,0.6425
Human_VAR_400,0.56,0.5,0.6425
Human_VAR_400,0.56,0.52,0.6425
Human_VAR_400,0.56,0.54,0.565
Human_VAR_400,0.56,0.56,0.565
Human_VAR_400,0.56,0.58,0.565
Human_VAR_400,0.56,0.6,0.565
Human_VAR_400,0.56,0.62,0.45
Human_VAR_400,0.56,0.64,0.45
Human_VAR_400,0.56,0.66,0.45
Human_VAR_400,0.56,0.68,0.365
Human_VAR_400,0.56,0.7,0.365
Human_VAR_400,0.56,0.72,0.365
Human_VAR_400,0.56,0.74,0.295
Human_VAR_400,0.56,0.76,0.295
Human_VAR_400,0.56,0.78,0.295
Human_VAR_400,0.56,0.8,0.285
Human_VAR_400,0.56,0.82,0.11
Human_VAR_400,0.56,0.84,0.11
Human_VAR_400,0.56,0.86,0.11
Human_VAR_400,0.56,0.88,0.065
Human_VAR_400,0.56,0.9,0.065
Human_VAR_400,0.56,0.92,0.065
Human_VAR_400,0.56,0.94,0.0425
Human_VAR_400,0.56,0.96,0.0425
Human_VAR_400,0.56,0.98,0.0425
Human_VAR_400,0.56,1.0,0.0425
Human_VAR_400,0.58,0.0,0.8075
Human_VAR_400,0.58,0.02,0.8075
Human_VAR_400,0.58,0.04,0.8075
Human_VAR_400,0.58,0.06,0.8075
Human_VAR_400,0.58,0.08,0.8075
Human_VAR_400,0.58,0.1,0.8075
Human_VAR_400,0.58,0.12,0.8075
Human_VAR_400,0.58,0.14,0.8075
Human_VAR_400,0.58,0.16,0.8075
Human_VAR_400,0.58,0.18,0.8075
Human_VAR_400,0.58,0.2,0.8075
Human_VAR_400,0.58,0.22,0.7925
Human_VAR_400,0.58,0.24,0.7925
Human_VAR_400,0.58,0.26,0.7925
Human_VAR_400,0.58,0.28,0.78
Human_VAR_400,0.58,0.3,0.78
Human_VAR_400,0.58,0.32,0.78
Human_VAR_400,0.58,0.34,0.7625
Human_VAR_400,0.58,0.36,0.7625
Human_VAR_400,0.58,0.38,0.7625
Human_VAR_400,0.58,0.4,0.7625
Human_VAR_400,0.58,0.42,0.6975
Human_VAR_400,0.58,0.44,0.6975
Human_VAR_400,0.58,0.46,0.6975
Human_VAR_400,0.58,0.48,0.635
Human_VAR_400,0.58,0.5,0.635
Human_VAR_400,0.58,0.52,0.635
Human_VAR_400,0.58,0.54,0.56
Human_VAR_400,0.58,0.56,0.56
Human_VAR_400,0.58,0.58,0.56
Human_VAR_400,0.58,0.6,0.56
Human_VAR_400,0.58,0.62,0.445
Human_VAR_400,0.58,0.64,0.445
Human_VAR_400,0.58,0.66,0.445
Human_VAR_400,0.58,0.68,0.3625
Human_VAR_400,0.58,0.7,0.3625
Human_VAR_400,0.58,0.72,0.3625
Human_VAR_400,0.58,0.74,0.295
Human_VAR_400,0.58,0.76,0.295
Human_VAR_400,0.58,0.78,0.295
Human_VAR_400,0.58,0.8,0.285
Human_VAR_400,0.58,0.82,0.11
Human_VAR_400,0.58,0.84,0.11
Human_VAR_400,0.58,0.86,0.11
Human_VAR_400,0.58,0.88,0.065
Human_VAR_400,0.58,0.9,0.065
Human_VAR_400,0.58,0.92,0.065
Human_VAR_400,0.58,0.94,0.0425
Human_VAR_400,0.58,0.96,0.0425
Human_VAR_400,0.58,0.98,0.0425
Human_VAR_400,0.58,1.0,0.0425
Human_VAR_400,0.6,0.0,0.8
Human_VAR_400,0.6,0.02,0.8
Human_VAR_400,0.6,0.04,0.8
Human_VAR_400,0.6,0.06,0.8
Human_VAR_400,0.6,0.08,0.8
Human_VAR_400,0.6,0.1,0.8
Human_VAR_400,0.6,0.12,0.8
Human_VAR_400,0.6,0.14,0.8
Human_VAR_400,0.6,0.16,0.8
Human_VAR_400,0.6,0.18,0.8
Human_VAR_400,0.6,0.2,0.8
Human_VAR_400,0.6,0.22,0.785
Human_VAR_400,0.6,0.24,0.785
Human_VAR_400,0.6,0.26,0.785
Human_VAR_400,0.6,0.28,0.775
Human_VAR_400,0.6,0.3,0.775
Human_VAR_400,0.6,0.32,0.775
Human_VAR_400,0.6,0.34,0.7575
Human_VAR_400,0.6,0.36,0.7575
Human_VAR_400,0.6,0.38,0.7575
Human_VAR_400,0.6,0.4,0.7575
Human_VAR_400,0.6,0.42,0.6975
Human_VAR_400,0.6,0.44,0.6975
Human_VAR_400,0.6,0.46,0.6975
Human_VAR_400,0.6,0.48,0.635
Human_VAR_400,0.6,0.5,0.635
Human_VAR_400,0.6,0.52,0.635
Human_VAR_400,0.6,0.54,0.56
Human_VAR_400,0.6,0.56,0.56
Human_VAR_400,0.6,0.58,0.56
Human_VAR_400,0.6,0.6,0.56
Human_VAR_400,0.6,0.62,0.445
Human_VAR_400,0.6,0.64,0.445
Human_VAR_400,0.6,0.66,0.445
Human_VAR_400,0.6,0.68,0.3625
Human_VAR_400,0.6,0.7,0.3625
Human_VAR_400,0.6,0.72,0.3625
Human_VAR_400,0.6,0.74,0.295
Human_VAR_400,0.6,0.76,0.295
Human_VAR_400,0.6,0.78,0.295
Human_VAR_400,0.6,0.8,0.285
Human_VAR_400,0.6,0.82,0.11
Human_VAR_400,0.6,0.84,0.11
Human_VAR_400,0.6,0.86,0.11
Human_VAR_400,0.6,0.88,0.065
Human_VAR_400,0.6,0.9,0.065
Human_VAR_400,0.6,0.92,0.065
Human_VAR_400,0.6,0.94,0.0425
Human_VAR_400,0.6,0.96,0.0425
Human_VAR_400,0.6,0.98,0.0425
Human_VAR_400,0.6,1.0,0.0425
Human_VAR_400,0.62,0.0,0.7875
Human_VAR_400,0.62,0.02,0.7875
Human_VAR_400,0.62,0.04,0.7875
Human_VAR_400,0.62,0.06,0.7875
Human_VAR_400,0.62,0.08,0.7875
Human_VAR_400,0.62,0.1,0.7875
Human_VAR_400,0.62,0.12,0.7875
Human_VAR_400,0.62,0.14,0.7875
Human_VAR_400,0.62,0.16,0.7875
Human_VAR_400,0.62,0.18,0.7875
Human_VAR_400,0.62,0.2,0.7875
Human_VAR_400,0.62,0.22,0.7725
Human_VAR_400,0.62,0.24,0.7725
Human_VAR_400,0.62,0.26,0.7725
Human_VAR_400,0.62,0.28,0.7625
Human_VAR_400,0.62,0.3,0.7625
Human_VAR_400,0.62,0.32,0.7625
Human_VAR_400,0.62,0.34,0.745
Human_VAR_400,0.62,0.36,0.745
Human_VAR_400,0.62,0.38,0.745
Human_VAR_400,0.62,0.4,0.745
Human_VAR_400,0.62,0.42,0.6875
Human_VAR_400,0.62,0.44,0.6875
Human_VAR_400,0.62,0.46,0.6875
Human_VAR_400,0.62,0.48,0.625
Human_VAR_400,0.62,0.5,0.625
Human_VAR_400,0.62,0.52,0.625
Human_VAR_400,0.62,0.54,0.55
Human_VAR_400,0.62,0.56,0.55
Human_VAR_400,0.62,0.58,0.55
Human_VAR_400,0.62,0.6,0.55
Human_VAR_400,0.62,0.62,0.435
Human_VAR_400,0.62,0.64,0.435
Human_VAR_400,0.62,0.66,0.435
Human_VAR_400,0.62,0.68,0.355
Human_VAR_400,0.62,0.7,0.355
Human_VAR_400,0.62,0.72,0.355
Human_VAR_400,0.62,0.74,0.2875
Human_VAR_400,0.62,0.76,0.2875
Human_VAR_400,0.62,0.78,0.2875
Human_VAR_400,0.62,0.8,0.2775
Human_VAR_400,0.62,0.82,0.105
Human_VAR_400,0.62,0.84,0.105
Human_VAR_400,0.62,0.86,0.105
Human_VAR_400,0.62,0.88,0.06
Human_VAR_400,0.62,0.9,0.06
Human_VAR_400,0.62,0.92,0.06
Human_VAR_400,0.62,0.94,0.0425
Human_VAR_400,0.62,0.96,0.0425
Human_VAR_400,0.62,0.98,0.0425
Human_VAR_400,0.62,1.0,0.0425
Human_VAR_400,0.64,0.0,0.7575
Human_VAR_400,0.64,0.02,0.7575
Human_VAR_400,0.64,0.04,0.7575
Human_VAR_400,0.64,0.06,0.7575
Human_VAR_400,0.64,0.08,0.7575
Human_VAR_400,0.64,0.1,0.7575
Human_VAR_400,0.64,0.12,0.7575
Human_VAR_400,0.64,0.14,0.7575
Human_VAR_400,0.64,0.16,0.7575
Human_VAR_400,0.64,0.18,0.7575
Human_VAR_400,0.64,0.2,0.7575
Human_VAR_400,0.64,0.22,0.7475
Human_VAR_400,0.64,0.24,0.7475
Human_VAR_400,0.64,0.26,0.7475
Human_VAR_400,0.64,0.28,0.7375
Human_VAR_400,0.64,0.3,0.7375
Human_VAR_400,0.64,0.32,0.7375
Human_VAR_400,0.64,0.34,0.725
Human_VAR_400,0.64,0.36,0.725
Human_VAR_400,0.64,0.38,0.725
Human_VAR_400,0.64,0.4,0.725
Human_VAR_400,0.64,0.42,0.6725
Human_VAR_400,0.64,0.44,0.6725
Human_VAR_400,0.64,0.46,0.6725
Human_VAR_400,0.64,0.48,0.6125
Human_VAR_400,0.64,0.5,0.6125
Human_VAR_400,0.64,0.52,0.6125
Human_VAR_400,0.64,0.54,0.54
Human_VAR_400,0.64,0.56,0.54
Human_VAR_400,0.64,0.58,0.54
Human_VAR_400,0.64,0.6,0.54
Human_VAR_400,0.64,0.62,0.43
Human_VAR_400,0.64,0.64,0.43
Human_VAR_400,0.64,0.66,0.43
Human_VAR_400,0.64,0.68,0.3525
Human_VAR_400,0.64,0.7,0.3525
Human_VAR_400,0.64,0.72,0.3525
Human_VAR_400,0.64,0.74,0.2875
Human_VAR_400,0.64,0.76,0.2875
Human_VAR_400,0.64,0.78,0.2875
Human_VAR_400,0.64,0.8,0.2775
Human_VAR_400,0.64,0.82,0.105
Human_VAR_400,0.64,0.84,0.105
Human_VAR_400,0.64,0.86,0.105
Human_VAR_400,0.64,0.88,0.06
Human_VAR_400,0.64,0.9,0.06
Human_VAR_400,0.64,0.92,0.06
Human_VAR_400,0.64,0.94,0.0425
Human_VAR_400,0.64,0.96,0.0425
Human_VAR_400,0.64,0.98,0.0425
Human_VAR_400,0.64,1.0,0.0425
Human_VAR_400,0.66,0.0,0.7525
Human_VAR_400,0.66,0.02,0.7525
Human_VAR_400,0.66,0.04,0.7525
Human_VAR_400,0.66,0.06,0.7525
Human_VAR_400,0.66,0.08,0.7525
Human_VAR_400,0.66,0.1,0.7525
Human_VAR_400,0.66,0.12,0.7525
Human_VAR_400,0.66,0.14,0.7525
Human_VAR_400,0.66,0.16,0.7525
Human_VAR_400,0.66,0.18,0.7525
Human_VAR_400,0.66,0.2,0.7525
Human_VAR_400,0.66,0.22,0.7425
Human_VAR_400,0.66,0.24,0.7425
Human_VAR_400,0.66,0.26,0.7425
Human_VAR_400,0.66,0.28,0.7325
Human_VAR_400,0.66,0.3,0.7325
Human_VAR_400,0.66,0.32,0.7325
Human_VAR_400,0.66,0.34,0.72
Human_VAR_400,0.66,0.36,0.72
Human_VAR_400,0.66,0.38,0.72
Human_VAR_400,0.66,0.4,0.72
Human_VAR_400,0.66,0.42,0.67
Human_VAR_400,0.66,0.44,0.67
Human_VAR_400,0.66,0.46,0.67
Human_VAR_400,0.66,0.48,0.61
Human_VAR_400,0.66,0.5,0.61
Human_VAR_400,0.66,0.52,0.61
Human_VAR_400,0.66,0.54,0.5375
Human_VAR_400,0.66,0.56,0.5375
Human_VAR_400,0.66,0.58,0.5375
Human_VAR_400,0.66,0.6,0.5375
Human_VAR_400,0.66,0.62,0.43
Human_VAR_400,0.66,0.64,0.43
Human_VAR_400,0.66,0.66,0.43
Human_VAR_400,0.66,0.68,0.3525
Human_VAR_400,0.66,0.7,0.3525
Human_VAR_400,0.66,0.72,0.3525
Human_VAR_400,0.66,0.74,0.2875
Human_VAR_400,0.66,0.76,0.2875
Human_VAR_400,0.66,0.78,0.2875
Human_VAR_400,0.66,0.8,0.2775
Human_VAR_400,0.66,0.82,0.105
Human_VAR_400,0.66,0.84,0.105
Human_VAR_400,0.66,0.86,0.105
Human_VAR_400,0.66,0.88,0.06
Human_VAR_400,0.66,0.9,0.06
Human_VAR_400,0.66,0.92,0.06
Human_VAR_400,0.66,0.94,0.0425
Human_VAR_400,0.66,0.96,0.0425
Human_VAR_400,0.66,0.98,0.0425
Human_VAR_400,0.66,1.0,0.0425
Human_VAR_400,0.68,0.0,0.72
Human_VAR_400,0.68,0.02,0.72
Human_VAR_400,0.68,0.04,0.72
Human_VAR_400,0.68,0.06,0.72
Human_VAR_400,0.68,0.08,0.72
Human_VAR_400,0.68,0.1,0.72
Human_VAR_400,0.68,0.12,0.72
Human_VAR_400,0.68,0.14,0.72
Human_VAR_400,0.68,0.16,0.72
Human_VAR_400,0.68,0.18,0.72
Human_VAR_400,0.68,0.2,0.72
Human_VAR_400,0.68,0.22,0.7125
Human_VAR_400,0.68,0.24,0.7125
Human_VAR_400,0.68,0.26,0.7125
Human_VAR_400,0.68,0.28,0.7025
Human_VAR_400,0.68,0.3,0.7025
Human_VAR_400,0.68,0.32,0.7025
Human_VAR_400,0.68,0.34,0.695
Human_VAR_400,0.68,0.36,0.695
Human_VAR_400,0.68,0.38,0.695
Human_VAR_400,0.68,0.4,0.695
Human_VAR_400,0.68,0.42,0.6475
Human_VAR_400,0.68,0.44,0.6475
Human_VAR_400,0.68,0.46,0.6475
Human_VAR_400,0.68,0.48,0.595
Human_VAR_400,0.68,0.5,0.595
Human_VAR_400,0.68,0.52,0.595
Human_VAR_400,0.68,0.54,0.5225
Human_VAR_400,0.68,0.56,0.5225
Human_VAR_400,0.68,0.58,0.5225
Human_VAR_400,0.68,0.6,0.5225
Human_VAR_400,0.68,0.62,0.4225
Human_VAR_400,0.68,0.64,0.4225
Human_VAR_400,0.68,0.66,0.4225
Human_VAR_400,0.68,0.68,0.3475
Human_VAR_400,0.68,0.7,0.3475
Human_VAR_400,0.68,0.72,0.3475
Human_VAR_400,0.68,0.74,0.2825
Human_VAR_400,0.68,0.76,0.2825
Human_VAR_400,0.68,0.78,0.2825
Human_VAR_400,0.68,0.8,0.2725
Human_VAR_400,0.68,0.82,0.105
Human_VAR_400,0.68,0.84,0.105
Human_VAR_400,0.68,0.86,0.105
Human_VAR_400,0.68,0.88,0.06
Human_VAR_400,0.68,0.9,0.06
Human_VAR_400,0.68,0.92,0.06
Human_VAR_400,0.68,0.94,0.0425
Human_VAR_400,0.68,0.96,0.0425
Human_VAR_400,0.68,0.98,0.0425
Human_VAR_400,0.68,1.0,0.0425
Human_VAR_400,0.7,0.0,0.72
Human_VAR_400,0.7,0.02,0.72
Human_VAR_400,0.7,0.04,0.72
Human_VAR_400,0.7,0.06,0.72
Human_VAR_400,0.7,0.08,0.72
Human_VAR_400,0.7,0.1,0.72
Human_VAR_400,0.7,0.12,0.72
Human_VAR_400,0.7,0.14,0.72
Human_VAR_400,0.7,0.16,0.72
Human_VAR_400,0.7,0.18,0.72
Human_VAR_400,0.7,0.2,0.72
Human_VAR_400,0.7,0.22,0.7125
Human_VAR_400,0.7,0.24,0.7125
Human_VAR_400,0.7,0.26,0.7125
Human_VAR_400,0.7,0.28,0.7025
Human_VAR_400,0.7,0.3,0.7025
Human_VAR_400,0.7,0.32,0.7025
Human_VAR_400,0.7,0.34,0.695
Human_VAR_400,0.7,0.36,0.695
Human_VAR_400,0.7,0.38,0.695
Human_VAR_400,0.7,0.4,0.695
Human_VAR_400,0.7,0.42,0.6475
Human_VAR_400,0.7,0.44,0.6475
Human_VAR_400,0.7,0.46,0.6475
Human_VAR_400,0.7,0.48,0.595
Human_VAR_400,0.7,0.5,0.595
Human_VAR_400,0.7,0.52,0.595
Human_VAR_400,0.7,0.54,0.5225
Human_VAR_400,0.7,0.56,0.5225
Human_VAR_400,0.7,0.58,0.5225
Human_VAR_400,0.7,0.6,0.5225
Human_VAR_400,0.7,0.62,0.4225
Human_VAR_400,0.7,0.64,0.4225
Human_VAR_400,0.7,0.66,0.4225
Human_VAR_400,0.7,0.68,0.3475
Human_VAR_400,0.7,0.7,0.3475
Human_VAR_400,0.7,0.72,0.3475
Human_VAR_400,0.7,0.74,0.2825
Human_VAR_400,0.7,0.76,0.2825
Human_VAR_400,0.7,0.78,0.2825
Human_VAR_400,0.7,0.8,0.2725
Human_VAR_400,0.7,0.82,0.105
Human_VAR_400,0.7,0.84,0.105
Human_VAR_400,0.7,0.86,0.105
Human_VAR_400,0.7,0.88,0.06
Human_VAR_400,0.7,0.9,0.06
Human_VAR_400,0.7,0.92,0.06
Human_VAR_400,0.7,0.94,0.0425
Human_VAR_400,0.7,0.96,0.0425
Human_VAR_400,0.7,0.98,0.0425
Human_VAR_400,0.7,1.0,0.0425
Human_VAR_400,0.72,0.0,0.6925
Human_VAR_400,0.72,0.02,0.6925
Human_VAR_400,0.72,0.04,0.6925
Human_VAR_400,0.72,0.06,0.6925
Human_VAR_400,0.72,0.08,0.6925
Human_VAR_400,0.72,0.1,0.6925
Human_VAR_400,0.72,0.12,0.6925
Human_VAR_400,0.72,0.14,0.6925
Human_VAR_400,0.72,0.16,0.6925
Human_VAR_400,0.72,0.18,0.6925
Human_VAR_400,0.72,0.2,0.6925
Human_VAR_400,0.72,0.22,0.685
Human_VAR_400,0.72,0.24,0.685
Human_VAR_400,0.72,0.26,0.685
Human_VAR_400,0.72,0.28,0.675
Human_VAR_400,0.72,0.3,0.675
Human_VAR_400,0.72,0.32,0.675
Human_VAR_400,0.72,0.34,0.6675
Human_VAR_400,0.72,0.36,0.6675
Human_VAR_400,0.72,0.38,0.6675
Human_VAR_400,0.72,0.4,0.6675
Human_VAR_400,0.72,0.42,0.625
Human_VAR_400,0.72,0.44,0.625
Human_VAR_400,0.72,0.46,0.625
Human_VAR_400,0.72,0.48,0.58
Human_VAR_400,0.72,0.5,0.58
Human_VAR_400,0.72,0.52,0.58
Human_VAR_400,0.72,0.54,0.515
Human_VAR_400,0.72,0.56,0.515
Human_VAR_400,0.72,0.58,0.515
Human_VAR_400,0.72,0.6,0.515
Human_VAR_400,0.72,0.62,0.415
Human_VAR_400,0.72,0.64,0.415
Human_VAR_400,0.72,0.66,0.415
Human_VAR_400,0.72,0.68,0.345
Human_VAR_400,0.72,0.7,0.345
Human_VAR_400,0.72,0.72,0.345
Human_VAR_400,0.72,0.74,0.2825
Human_VAR_400,0.72,0.76,0.2825
Human_VAR_400,0.72,0.78,0.2825
Human_VAR_400,0.72,0.8,0.2725
Human_VAR_400,0.72,0.82,0.105
Human_VAR_400,0.72,0.84,0.105
Human_VAR_400,0.72,0.86,0.105
Human_VAR_400,0.72,0.88,0.06
Human_VAR_400,0.72,0.9,0.06
Human_VAR_400,0.72,0.92,0.06
Human_VAR_400,0.72,0.94,0.0425
Human_VAR_400,0.72,0.96,0.0425
Human_VAR_400,0.72,0.98,0.0425
Human_VAR_400,0.72,1.0,0.0425
Human_VAR_400,0.74,0.0,0.6875
Human_VAR_400,0.74,0.02,0.6875
Human_VAR_400,0.74,0.04,0.6875
Human_VAR_400,0.74,0.06,0.6875
Human_VAR_400,0.74,0.08,0.6875
Human_VAR_400,0.74,0.1,0.6875
Human_VAR_400,0.74,0.12,0.6875
Human_VAR_400,0.74,0.14,0.6875
Human_VAR_400,0.74,0.16,0.6875
Human_VAR_400,0.74,0.18,0.6875
Human_VAR_400,0.74,0.2,0.6875
Human_VAR_400,0.74,0.22,0.68
Human_VAR_400,0.74,0.24,0.68
Human_VAR_400,0.74,0.26,0.68
Human_VAR_400,0.74,0.28,0.67
Human_VAR_400,0.74,0.3,0.67
Human_VAR_400,0.74,0.32,0.67
Human_VAR_400,0.74,0.34,0.6625
Human_VAR_400,0.74,0.36,0.6625
Human_VAR_400,0.74,0.38,0.6625
Human_VAR_400,0.74,0.4,0.6625
Human_VAR_400,0.74,0.42,0.6225
Human_VAR_400,0.74,0.44,0.6225
Human_VAR_400,0.74,0.46,0.6225
Human_VAR_400,0.74,0.48,0.5775
Human_VAR_400,0.74,0.5,0.5775
Human_VAR_400,0.74,0.52,0.5775
Human_VAR_400,0.74,0.54,0.5125
Human_VAR_400,0.74,0.56,0.5125
Human_VAR_400,0.74,0.58,0.5125
Human_VAR_400,0.74,0.6,0.5125
Human_VAR_400,0.74,0.62,0.4125
Human_VAR_400,0.74,0.64,0.4125
Human_VAR_400,0.74,0.66,0.4125
Human_VAR_400,0.74,0.68,0.3425
Human_VAR_400,0.74,0.7,0.3425
Human_VAR_400,0.74,0.72,0.3425
Human_VAR_400,0.74,0.74,0.28
Human_VAR_400,0.74,0.76,0.28
Human_VAR_400,0.74,0.78,0.28
Human_VAR_400,0.74,0.8,0.27
Human_VAR_400,0.74,0.82,0.105
Human_VAR_400,0.74,0.84,0.105
Human_VAR_400,0.74,0.86,0.105
Human_VAR_400,0.74,0.88,0.06
Human_VAR_400,0.74,0.9,0.06
Human_VAR_400,0.74,0.92,0.06
Human_VAR_400,0.74,0.94,0.0425
Human_VAR_400,0.74,0.96,0.0425
Human_VAR_400,0.74,0.98,0.0425
Human_VAR_400,0.74,1.0,0.0425
Human_VAR_400,0.76,0.0,0.665
Human_VAR_400,0.76,0.02,0.665
Human_VAR_400,0.76,0.04,0.665
Human_VAR_400,0.76,0.06,0.665
Human_VAR_400,0.76,0.08,0.665
Human_VAR_400,0.76,0.1,0.665
Human_VAR_400,0.76,0.12,0.665
Human_VAR_400,0.76,0.14,0.665
Human_VAR_400,0.76,0.16,0.665
Human_VAR_400,0.76,0.18,0.665
Human_VAR_400,0.76,0.2,0.665
Human_VAR_400,0.76,0.22,0.6575
Human_VAR_400,0.76,0.24,0.6575
Human_VAR_400,0.76,0.26,0.6575
Human_VAR_400,0.76,0.28,0.65
Human_VAR_400,0.76,0.3,0.65
Human_VAR_400,0.76,0.32,0.65
Human_VAR_400,0.76,0.34,0.6425
Human_VAR_400,0.76,0.36,0.6425
Human_VAR_400,0.76,0.38,0.6425
Human_VAR_400,0.76,0.4,0.6425
Human_VAR_400,0.76,0.42,0.605
Human_VAR_400,0.76,0.44,0.605
Human_VAR_400,0.76,0.46,0.605
Human_VAR_400,0.76,0.48,0.5625
Human_VAR_400,0.76,0.5,0.5625
Human_VAR_400,0.76,0.52,0.5625
Human_VAR_400,0.76,0.54,0.4975
Human_VAR_400,0.76,0.56,0.4975
Human_VAR_400,0.76,0.58,0.4975
Human_VAR_400,0.76,0.6,0.4975
Human_VAR_400,0.76,0.62,0.4025
Human_VAR_400,0.76,0.64,0.4025
Human_VAR_400,0.76,0.66,0.4025
Human_VAR_400,0.76,0.68,0.3375
Human_VAR_400,0.76,0.7,0.3375
Human_VAR_400,0.76,0.72,0.3375
Human_VAR_400,0.76,0.74,0.2775
Human_VAR_400,0.76,0.76,0.2775
Human_VAR_400,0.76,0.78,0.2775
Human_VAR_400,0.76,0.8,0.2675
Human_VAR_400,0.76,0.82,0.105
Human_VAR_400,0.76,0.84,0.105
Human_VAR_400,0.76,0.86,0.105
Human_VAR_400,0.76,0.88,0.06
Human_VAR_400,0.76,0.9,0.06
Human_VAR_400,0.76,0.92,0.06
Human_VAR_400,0.76,0.94,0.0425
Human_VAR_400,0.76,0.96,0.0425
Human_VAR_400,0.76,0.98,0.0425
Human_VAR_400,0.76,1.0,0.0425
Human_VAR_400,0.78,0.0,0.6425
Human_VAR_400,0.78,0.02,0.6425
Human_VAR_400,0.78,0.04,0.6425
Human_VAR_400,0.78,0.06,0.6425
Human_VAR_400,0.78,0.08,0.6425
Human_VAR_400,0.78,0.1,0.6425
Human_VAR_400,0.78,0.12,0.6425
Human_VAR_400,0.78,0.14,0.6425
Human_VAR_400,0.78,0.16,0.6425
Human_VAR_400,0.78,0.18,0.6425
Human_VAR_400,0.78,0.2,0.6425
Human_VAR_400,0.78,0.22,0.635
Human_VAR_400,0.78,0.24,0.635
Human_VAR_400,0.78,0.26,0.635
Human_VAR_400,0.78,0.28,0.6275
Human_VAR_400,0.78,0.3,0.6275
Human_VAR_400,0.78,0.32,0.6275
Human_VAR_400,0.78,0.34,0.62
Human_VAR_400,0.78,0.36,0.62
Human_VAR_400,0.78,0.38,0.62
Human_VAR_400,0.78,0.4,0.62
Human_VAR_400,0.78,0.42,0.59
Human_VAR_400,0.78,0.44,0.59
Human_VAR_400,0.78,0.46,0.59
Human_VAR_400,0.78,0.48,0.55
Human_VAR_400,0.78,0.5,0.55
Human_VAR_400,0.78,0.52,0.55
Human_VAR_400,0.78,0.54,0.4875
Human_VAR_400,0.78,0.56,0.4875
Human_VAR_400,0.78,0.58,0.4875
Human_VAR_400,0.78,0.6,0.4875
Human_VAR_400,0.78,0.62,0.3975
Human_VAR_400,0.78,0.64,0.3975
Human_VAR_400,0.78,0.66,0.3975
Human_VAR_400,0.78,0.68,0.3325
Human_VAR_400,0.78,0.7,0.3325
Human_VAR_400,0.78,0.72,0.3325
Human_VAR_400,0.78,0.74,0.2725
Human_VAR_400,0.78,0.76,0.2725
Human_VAR_400,0.78,0.78,0.2725
Human_VAR_400,0.78,0.8,0.2625
Human_VAR_400,0.78,0.82,0.105
Human_VAR_400,0.78,0.84,0.105
Human_VAR_400,0.78,0.86,0.105
Human_VAR_400,0.78,0.88,0.06
Human_VAR_400,0.78,0.9,0.06
Human_VAR_400,0.78,0.92,0.06
Human_VAR_400,0.78,0.94,0.0425
Human_VAR_400,0.78,0.96,0.0425
Human_VAR_400,0.78,0.98,0.0425
Human_VAR_400,0.78,1.0,0.0425
Human_VAR_400,0.8,0.0,0.6425
Human_VAR_400,0.8,0.02,0.6425
Human_VAR_400,0.8,0.04,0.6425
Human_VAR_400,0.8,0.06,0.6425
Human_VAR_400,0.8,0.08,0.6425
Human_VAR_400,0.8,0.1,0.6425
Human_VAR_400,0.8,0.12,0.6425
Human_VAR_400,0.8,0.14,0.6425
Human_VAR_400,0.8,0.16,0.6425
Human_VAR_400,0.8,0.18,0.6425
Human_VAR_400,0.8,0.2,0.6425
Human_VAR_400,0.8,0.22,0.635
Human_VAR_400,0.8,0.24,0.635
Human_VAR_400,0.8,0.26,0.635
Human_VAR_400,0.8,0.28,0.6275
Human_VAR_400,0.8,0.3,0.6275
Human_VAR_400,0.8,0.32,0.6275
Human_VAR_400,0.8,0.34,0.62
Human_VAR_400,0.8,0.36,0.62
Human_VAR_400,0.8,0.38,0.62
Human_VAR_400,0.8,0.4,0.62
Human_VAR_400,0.8,0.42,0.59
Human_VAR_400,0.8,0.44,0.59
Human_VAR_400,0.8,0.46,0.59
Human_VAR_400,0.8,0.48,0.55
Human_VAR_400,0.8,0.5,0.55
Human_VAR_400,0.8,0.52,0.55
Human_VAR_400,0.8,0.54,0.4875
Human_VAR_400,0.8,0.56,0.4875
Human_VAR_400,0.8,0.58,0.4875
Human_VAR_400,0.8,0.6,0.4875
Human_VAR_400,0.8,0.62,0.3975
Human_VAR_400,0.8,0.64,0.3975
Human_VAR_400,0.8,0.66,0.3975
Human_VAR_400,0.8,0.68,0.3325
Human_VAR_400,0.8,0.7,0.3325
Human_VAR_400,0.8,0.72,0.3325
Human_VAR_400,0.8,0.74,0.2725
Human_VAR_400,0.8,0.76,0.2725
Human_VAR_400,0.8,0.78,0.2725
Human_VAR_400,0.8,0.8,0.2625
Human_VAR_400,0.8,0.82,0.105
Human_VAR_400,0.8,0.84,0.105
Human_VAR_400,0.8,0.86,0.105
Human_VAR_400,0.8,0.88,0.06
Human_VAR_400,0.8,0.9,0.06
Human_VAR_400,0.8,0.92,0.06
Human_VAR_400,0.8,0.94,0.0425
Human_VAR_400,0.8,0.96,0.0425
Human_VAR_400,0.8,0.98,0.0425
Human_VAR_400,0.8,1.0,0.0425
Human_VAR_400,0.82,0.0,0.6075
Human_VAR_400,0.82,0.02,0.6075
Human_VAR_400,0.82,0.04,0.6075
Human_VAR_400,0.82,0.06,0.6075
Human_VAR_400,0.82,0.08,0.6075
Human_VAR_400,0.82,0.1,0.6075
Human_VAR_400,0.82,0.12,0.6075
Human_VAR_400,0.82,0.14,0.6075
Human_VAR_400,0.82,0.16,0.6075
Human_VAR_400,0.82,0.18,0.6075
Human_VAR_400,0.82,0.2,0.6075
Human_VAR_400,0.82,0.22,0.6025
Human_VAR_400,0.82,0.24,0.6025
Human_VAR_400,0.82,0.26,0.6025
Human_VAR_400,0.82,0.28,0.5975
Human_VAR_400,0.82,0.3,0.5975
Human_VAR_400,0.82,0.32,0.5975
Human_VAR_400,0.82,0.34,0.59
Human_VAR_400,0.82,0.36,0.59
Human_VAR_400,0.82,0.38,0.59
Human_VAR_400,0.82,0.4,0.59
Human_VAR_400,0.82,0.42,0.565
Human_VAR_400,0.82,0.44,0.565
Human_VAR_400,0.82,0.46,0.565
Human_VAR_400,0.82,0.48,0.5275
Human_VAR_400,0.82,0.5,0.5275
Human_VAR_400,0.82,0.52,0.5275
Human_VAR_400,0.82,0.54,0.4675
Human_VAR_400,0.82,0.56,0.4675
Human_VAR_400,0.82,0.58,0.4675
Human_VAR_400,0.82,0.6,0.4675
Human_VAR_400,0.82,0.62,0.3825
Human_VAR_400,0.82,0.64,0.3825
Human_VAR_400,0.82,0.66,0.3825
Human_VAR_400,0.82,0.68,0.3225
Human_VAR_400,0.82,0.7,0.3225
Human_VAR_400,0.82,0.72,0.3225
Human_VAR_400,0.82,0.74,0.2675
Human_VAR_400,0.82,0.76,0.2675
Human_VAR_400,0.82,0.78,0.2675
Human_VAR_400,0.82,0.8,0.2575
Human_VAR_400,0.82,0.82,0.1
Human_VAR_400,0.82,0.84,0.1
Human_VAR_400,0.82,0.86,0.1
Human_VAR_400,0.82,0.88,0.0575
Human_VAR_400,0.82,0.9,0.0575
Human_VAR_400,0.82,0.92,0.0575
Human_VAR_400,0.82,0.94,0.04
Human_VAR_400,0.82,0.96,0.04
Human_VAR_400,0.82,0.98,0.04
Human_VAR_400,0.82,1.0,0.04
Human_VAR_400,0.84,0.0,0.5725
Human_VAR_400,0.84,0.02,0.5725
Human_VAR_400,0.84,0.04,0.5725
Human_VAR_400,0.84,0.06,0.5725
Human_VAR_400,0.84,0.08,0.5725
Human_VAR_400,0.84,0.1,0.5725
Human_VAR_400,0.84,0.12,0.5725
Human_VAR_400,0.84,0.14,0.5725
Human_VAR_400,0.84,0.16,0.5725
Human_VAR_400,0.84,0.18,0.5725
Human_VAR_400,0.84,0.2,0.5725
Human_VAR_400,0.84,0.22,0.5675
Human_VAR_400,0.84,0.24,0.5675
Human_VAR_400,0.84,0.26,0.5675
Human_VAR_400,0.84,0.28,0.565
Human_VAR_400,0.84,0.3,0.565
Human_VAR_400,0.84,0.32,0.565
Human_VAR_400,0.84,0.34,0.5575
Human_VAR_400,0.84,0.36,0.5575
Human_VAR_400,0.84,0.38,0.5575
Human_VAR_400,0.84,0.4,0.5575
Human_VAR_400,0.84,0.42,0.5375
Human_VAR_400,0.84,0.44,0.5375
Human_VAR_400,0.84,0.46,0.5375
Human_VAR_400,0.84,0.48,0.505
Human_VAR_400,0.84,0.5,0.505
Human_VAR_400,0.84,0.52,0.505
Human_VAR_400,0.84,0.54,0.4475
Human_VAR_400,0.84,0.56,0.4475
Human_VAR_400,0.84,0.58,0.4475
Human_VAR_400,0.84,0.6,0.4475
Human_VAR_400,0.84,0.62,0.365
Human_VAR_400,0.84,0.64,0.365
Human_VAR_400,0.84,0.66,0.365
Human_VAR_400,0.84,0.68,0.3075
Human_VAR_400,0.84,0.7,0.3075
Human_VAR_400,0.84,0.72,0.3075
Human_VAR_400,0.84,0.74,0.255
Human_VAR_400,0.84,0.76,0.255
Human_VAR_400,0.84,0.78,0.255
Human_VAR_400,0.84,0.8,0.245
Human_VAR_400,0.84,0.82,0.0975
Human_VAR_400,0.84,0.84,0.0975
Human_VAR_400,0.84,0.86,0.0975
Human_VAR_400,0.84,0.88,0.0575
Human_VAR_400,0.84,0.9,0.0575
Human_VAR_400,0.84,0.92,0.0575
Human_VAR_400,0.84,0.94,0.04
Human_VAR_400,0.84,0.96,0.04
Human_VAR_400,0.84,0.98,0.04
Human_VAR_400,0.84,1.0,0.04
Human_VAR_400,0.86,0.0,0.53
Human_VAR_400,0.86,0.02,0.53
Human_VAR_400,0.86,0.04,0.53
Human_VAR_400,0.86,0.06,0.53
Human_VAR_400,0.86,0.08,0.53
Human_VAR_400,0.86,0.1,0.53
Human_VAR_400,0.86,0.12,0.53
Human_VAR_400,0.86,0.14,0.53
Human_VAR_400,0.86,0.16,0.53
Human_VAR_400,0.86,0.18,0.53
Human_VAR_400,0.86,0.2,0.53
Human_VAR_400,0.86,0.22,0.525
Human_VAR_400,0.86,0.24,0.525
Human_VAR_400,0.86,0.26,0.525
Human_VAR_400,0.86,0.28,0.5225
Human_VAR_400,0.86,0.3,0.5225
Human_VAR_400,0.86,0.32,0.5225
Human_VAR_400,0.86,0.34,0.515
Human_VAR_400,0.86,0.36,0.515
Human_VAR_400,0.86,0.38,0.515
Human_VAR_400,0.86,0.4,0.515
Human_VAR_400,0.86,0.42,0.495
Human_VAR_400,0.86,0.44,0.495
Human_VAR_400,0.86,0.46,0.495
Human_VAR_400,0.86,0.48,0.465
Human_VAR_400,0.86,0.5,0.465
Human_VAR_400,0.86,0.52,0.465
Human_VAR_400,0.86,0.54,0.415
Human_VAR_400,0.86,0.56,0.415
Human_VAR_400,0.86,0.58,0.415
Human_VAR_400,0.86,0.6,0.415
Human_VAR_400,0.86,0.62,0.3425
Human_VAR_400,0.86,0.64,0.3425
Human_VAR_400,0.86,0.66,0.3425
Human_VAR_400,0.86,0.68,0.2875
Human_VAR_400,0.86,0.7,0.2875
Human_VAR_400,0.86,0.72,0.2875
Human_VAR_400,0.86,0.74,0.2375
Human_VAR_400,0.86,0.76,0.2375
Human_VAR_400,0.86,0.78,0.2375
Human_VAR_400,0.86,0.8,0.2275
Human_VAR_400,0.86,0.82,0.095
Human_VAR_400,0.86,0.84,0.095
Human_VAR_400,0.86,0.86,0.095
Human_VAR_400,0.86,0.88,0.0575
Human_VAR_400,0.86,0.9,0.0575
Human_VAR_400,0.86,0.92,0.0575
Human_VAR_400,0.86,0.94,0.04
Human_VAR_400,0.86,0.96,0.04
Human_VAR_400,0.86,0.98,0.04
Human_VAR_400,0.86,1.0,0.04
Human_VAR_400,0.88,0.0,0.48
Human_VAR_400,0.88,0.02,0.48
Human_VAR_400,0.88,0.04,0.48
Human_VAR_400,0.88,0.06,0.48
Human_VAR_400,0.88,0.08,0.48
Human_VAR_400,0.88,0.1,0.48
Human_VAR_400,0.88,0.12,0.48
Human_VAR_400,0.88,0.14,0.48
Human_VAR_400,0.88,0.16,0.48
Human_VAR_400,0.88,0.18,0.48
Human_VAR_400,0.88,0.2,0.48
Human_VAR_400,0.88,0.22,0.475
Human_VAR_400,0.88,0.24,0.475
Human_VAR_400,0.88,0.26,0.475
Human_VAR_400,0.88,0.28,0.4725
Human_VAR_400,0.88,0.3,0.4725
Human_VAR_400,0.88,0.32,0.4725
Human_VAR_400,0.88,0.34,0.4675
Human_VAR_400,0.88,0.36,0.4675
Human_VAR_400,0.88,0.38,0.4675
Human_VAR_400,0.88,0.4,0.4675
Human_VAR_400,0.88,0.42,0.4475
Human_VAR_400,0.88,0.44,0.4475
Human_VAR_400,0.88,0.46,0.4475
Human_VAR_400,0.88,0.48,0.42
Human_VAR_400,0.88,0.5,0.42
Human_VAR_400,0.88,0.52,0.42
Human_VAR_400,0.88,0.54,0.38
Human_VAR_400,0.88,0.56,0.38
Human_VAR_400,0.88,0.58,0.38
Human_VAR_400,0.88,0.6,0.38
Human_VAR_400,0.88,0.62,0.315
Human_VAR_400,0.88,0.64,0.315
Human_VAR_400,0.88,0.66,0.315
Human_VAR_400,0.88,0.68,0.2625
Human_VAR_400,0.88,0.7,0.2625
Human_VAR_400,0.88,0.72,0.2625
Human_VAR_400,0.88,0.74,0.2225
Human_VAR_400,0.88,0.76,0.2225
Human_VAR_400,0.88,0.78,0.2225
Human_VAR_400,0.88,0.8,0.215
Human_VAR_400,0.88,0.82,0.0925
Human_VAR_400,0.88,0.84,0.0925
Human_VAR_400,0.88,0.86,0.0925
Human_VAR_400,0.88,0.88,0.055
Human_VAR_400,0.88,0.9,0.055
Human_VAR_400,0.88,0.92,0.055
Human_VAR_400,0.88,0.94,0.0375
Human_VAR_400,0.88,0.96,0.0375
Human_VAR_400,0.88,0.98,0.0375
Human_VAR_400,0.88,1.0,0.0375
Human_VAR_400,0.9,0.0,0.4575
Human_VAR_400,0.9,0.02,0.4575
Human_VAR_400,0.9,0.04,0.4575
Human_VAR_400,0.9,0.06,0.4575
Human_VAR_400,0.9,0.08,0.4575
Human_VAR_400,0.9,0.1,0.4575
Human_VAR_400,0.9,0.12,0.4575
Human_VAR_400,0.9,0.14,0.4575
Human_VAR_400,0.9,0.16,0.4575
Human_VAR_400,0.9,0.18,0.4575
Human_VAR_400,0.9,0.2,0.4575
Human_VAR_400,0.9,0.22,0.4525
Human_VAR_400,0.9,0.24,0.4525
Human_VAR_400,0.9,0.26,0.4525
Human_VAR_400,0.9,0.28,0.45
Human_VAR_400,0.9,0.3,0.45
Human_VAR_400,0.9,0.32,0.45
Human_VAR_400,0.9,0.34,0.445
Human_VAR_400,0.9,0.36,0.445
Human_VAR_400,0.9,0.38,0.445
Human_VAR_400,0.9,0.4,0.445
Human_VAR_400,0.9,0.42,0.425
Human_VAR_400,0.9,0.44,0.425
Human_VAR_400,0.9,0.46,0.425
Human_VAR_400,0.9,0.48,0.3975
Human_VAR_400,0.9,0.5,0.3975
Human_VAR_400,0.9,0.52,0.3975
Human_VAR_400,0.9,0.54,0.36
Human_VAR_400,0.9,0.56,0.36
Human_VAR_400,0.9,0.58,0.36
Human_VAR_400,0.9,0.6,0.36
Human_VAR_400,0.9,0.62,0.3
Human_VAR_400,0.9,0.64,0.3
Human_VAR_400,0.9,0.66,0.3
Human_VAR_400,0.9,0.68,0.2475
Human_VAR_400,0.9,0.7,0.2475
Human_VAR_400,0.9,0.72,0.2475
Human_VAR_400,0.9,0.74,0.21
Human_VAR_400,0.9,0.76,0.21
Human_VAR_400,0.9,0.78,0.21
Human_VAR_400,0.9,0.8,0.2025
Human_VAR_400,0.9,0.82,0.0875
Human_VAR_400,0.9,0.84,0.0875
Human_VAR_400,0.9,0.86,0.0875
Human_VAR_400,0.9,0.88,0.055
Human_VAR_400,0.9,0.9,0.055
Human_VAR_400,0.9,0.92,0.055
Human_VAR_400,0.9,0.94,0.0375
Human_VAR_400,0.9,0.96,0.0375
Human_VAR_400,0.9,0.98,0.0375
Human_VAR_400,0.9,1.0,0.0375
Human_VAR_400,0.92,0.0,0.4075
Human_VAR_400,0.92,0.02,0.4075
Human_VAR_400,0.92,0.04,0.4075
Human_VAR_400,0.92,0.06,0.4075
Human_VAR_400,0.92,0.08,0.4075
Human_VAR_400,0.92,0.1,0.4075
Human_VAR_400,0.92,0.12,0.4075
Human_VAR_400,0.92,0.14,0.4075
Human_VAR_400,0.92,0.16,0.4075
Human_VAR_400,0.92,0.18,0.4075
Human_VAR_400,0.92,0.2,0.4075
Human_VAR_400,0.92,0.22,0.4025
Human_VAR_400,0.92,0.24,0.4025
Human_VAR_400,0.92,0.26,0.4025
Human_VAR_400,0.92,0.28,0.4
Human_VAR_400,0.92,0.3,0.4
Human_VAR_400,0.92,0.32,0.4
Human_VAR_400,0.92,0.34,0.395
Human_VAR_400,0.92,0.36,0.395
Human_VAR_400,0.92,0.38,0.395
Human_VAR_400,0.92,0.4,0.395
Human_VAR_400,0.92,0.42,0.375
Human_VAR_400,0.92,0.44,0.375
Human_VAR_400,0.92,0.46,0.375
Human_VAR_400,0.92,0.48,0.3525
Human_VAR_400,0.92,0.5,0.3525
Human_VAR_400,0.92,0.52,0.3525
Human_VAR_400,0.92,0.54,0.325
Human_VAR_400,0.92,0.56,0.325
Human_VAR_400,0.92,0.58,0.325
Human_VAR_400,0.92,0.6,0.325
Human_VAR_400,0.92,0.62,0.2725
Human_VAR_400,0.92,0.64,0.2725
Human_VAR_400,0.92,0.66,0.2725
Human_VAR_400,0.92,0.68,0.225
Human_VAR_400,0.92,0.7,0.225
Human_VAR_400,0.92,0.72,0.225
Human_VAR_400,0.92,0.74,0.1875
Human_VAR_400,0.92,0.76,0.1875
Human_VAR_400,0.92,0.78,0.1875
Human_VAR_400,0.92,0.8,0.18
Human_VAR_400,0.92,0.82,0.08
Human_VAR_400,0.92,0.84,0.08
Human_VAR_400,0.92,0.86,0.08
Human_VAR_400,0.92,0.88,0.05
Human_VAR_400,0.92,0.9,0.05
Human_VAR_400,0.92,0.92,0.05
Human_VAR_400,0.92,0.94,0.0325
Human_VAR_400,0.92,0.96,0.0325
Human_VAR_400,0.92,0.98,0.0325
Human_VAR_400,0.92,1.0,0.0325
Human_VAR_400,0.94,0.0,0.385
Human_VAR_400,0.94,0.02,0.385
Human_VAR_400,0.94,0.04,0.385
Human_VAR_400,0.94,0.06,0.385
Human_VAR_400,0.94,0.08,0.385
Human_VAR_400,0.94,0.1,0.385
Human_VAR_400,0.94,0.12,0.385
Human_VAR_400,0.94,0.14,0.385
Human_VAR_400,0.94,0.16,0.385
Human_VAR_400,0.94,0.18,0.385
Human_VAR_400,0.94,0.2,0.385
Human_VAR_400,0.94,0.22,0.385
Human_VAR_400,0.94,0.24,0.385
Human_VAR_400,0.94,0.26,0.385
Human_VAR_400,0.94,0.28,0.3825
Human_VAR_400,0.94,0.3,0.3825
Human_VAR_400,0.94,0.32,0.3825
Human_VAR_400,0.94,0.34,0.38
Human_VAR_400,0.94,0.36,0.38
Human_VAR_400,0.94,0.38,0.38
Human_VAR_400,0.94,0.4,0.38
Human_VAR_400,0.94,0.42,0.3625
Human_VAR_400,0.94,0.44,0.3625
Human_VAR_400,0.94,0.46,0.3625
Human_VAR_400,0.94,0.48,0.3425
Human_VAR_400,0.94,0.5,0.3425
Human_VAR_400,0.94,0.52,0.3425
Human_VAR_400,0.94,0.54,0.3175
Human_VAR_400,0.94,0.56,0.3175
Human_VAR_400,0.94,0.58,0.3175
Human_VAR_400,0.94,0.6,0.3175
Human_VAR_400,0.94,0.62,0.265
Human_VAR_400,0.94,0.64,0.265
Human_VAR_400,0.94,0.66,0.265
Human_VAR_400,0.94,0.68,0.22
Human_VAR_400,0.94,0.7,0.22
Human_VAR_400,0.94,0.72,0.22
Human_VAR_400,0.94,0.74,0.1825
Human_VAR_400,0.94,0.76,0.1825
Human_VAR_400,0.94,0.78,0.1825
Human_VAR_400,0.94,0.8,0.175
Human_VAR_400,0.94,0.82,0.0775
Human_VAR_400,0.94,0.84,0.0775
Human_VAR_400,0.94,0.86,0.0775
Human_VAR_400,0.94,0.88,0.0475
Human_VAR_400,0.94,0.9,0.0475
Human_VAR_400,0.94,0.92,0.0475
Human_VAR_400,0.94,0.94,0.0325
Human_VAR_400,0.94,0.96,0.0325
Human_VAR_400,0.94,0.98,0.0325
Human_VAR_400,0.94,1.0,0.0325
Human_VAR_400,0.96,0.0,0.33
Human_VAR_400,0.96,0.02,0.33
Human_VAR_400,0.96,0.04,0.33
Human_VAR_400,0.96,0.06,0.33
Human_VAR_400,0.96,0.08,0.33
Human_VAR_400,0.96,0.1,0.33
Human_VAR_400,0.96,0.12,0.33
Human_VAR_400,0.96,0.14,0.33
Human_VAR_400,0.96,0.16,0.33
Human_VAR_400,0.96,0.18,0.33
Human_VAR_400,0.96,0.2,0.33
Human_VAR_400,0.96,0.22,0.33
Human_VAR_400,0.96,0.24,0.33
Human_VAR_400,0.96,0.26,0.33
Human_VAR_400,0.96,0.28,0.33
Human_VAR_400,0.96,0.3,0.33
Human_VAR_400,0.96,0.32,0.33
Human_VAR_400,0.96,0.34,0.3275
Human_VAR_400,0.96,0.36,0.3275
Human_VAR_400,0.96,0.38,0.3275
Human_VAR_400,0.96,0.4,0.3275
Human_VAR_400,0.96,0.42,0.3175
Human_VAR_400,0.96,0.44,0.3175
Human_VAR_400,0.96,0.46,0.3175
Human_VAR_400,0.96,0.48,0.3025
Human_VAR_400,0.96,0.5,0.3025
Human_VAR_400,0.96,0.52,0.3025
Human_VAR_400,0.96,0.54,0.28
Human_VAR_400,0.96,0.56,0.28
Human_VAR_400,0.96,0.58,0.28
Human_VAR_400,0.96,0.6,0.28
Human_VAR_400,0.96,0.62,0.2325
Human_VAR_400,0.96,0.64,0.2325
Human_VAR_400,0.96,0.66,0.2325
Human_VAR_400,0.96,0.68,0.1925
Human_VAR_400,0.96,0.7,0.1925
Human_VAR_400,0.96,0.72,0.1925
Human_VAR_400,0.96,0.74,0.1625
Human_VAR_400,0.96,0.76,0.1625
Human_VAR_400,0.96,0.78,0.1625
Human_VAR_400,0.96,0.8,0.1575
Human_VAR_400,0.96,0.82,0.075
Human_VAR_400,0.96,0.84,0.075
Human_VAR_400,0.96,0.86,0.075
Human_VAR_400,0.96,0.88,0.0475
Human_VAR_400,0.96,0.9,0.0475
Human_VAR_400,0.96,0.92,0.0475
Human_VAR_400,0.96,0.94,0.0325
Human_VAR_400,0.96,0.96,0.0325
Human_VAR_400,0.96,0.98,0.0325
Human_VAR_400,0.96,1.0,0.0325
Human_VAR_400,0.98,0.0,0.315
Human_VAR_400,0.98,0.02,0.315
Human_VAR_400,0.98,0.04,0.315
Human_VAR_400,0.98,0.06,0.315
Human_VAR_400,0.98,0.08,0.315
Human_VAR_400,0.98,0.1,0.315
Human_VAR_400,0.98,0.12,0.315
Human_VAR_400,0.98,0.14,0.315
Human_VAR_400,0.98,0.16,0.315
Human_VAR_400,0.98,0.18,0.315
Human_VAR_400,0.98,0.2,0.315
Human_VAR_400,0.98,0.22,0.315
Human_VAR_400,0.98,0.24,0.315
Human_VAR_400,0.98,0.26,0.315
Human_VAR_400,0.98,0.28,0.315
Human_VAR_400,0.98,0.3,0.315
Human_VAR_400,0.98,0.32,0.315
Human_VAR_400,0.98,0.34,0.3125
Human_VAR_400,0.98,0.36,0.3125
Human_VAR_400,0.98,0.38,0.3125
Human_VAR_400,0.98,0.4,0.3125
Human_VAR_400,0.98,0.42,0.3025
Human_VAR_400,0.98,0.44,0.3025
Human_VAR_400,0.98,0.46,0.3025
Human_VAR_400,0.98,0.48,0.2875
Human_VAR_400,0.98,0.5,0.2875
Human_VAR_400,0.98,0.52,0.2875
Human_VAR_400,0.98,0.54,0.265
Human_VAR_400,0.98,0.56,0.265
Human_VAR_400,0.98,0.58,0.265
Human_VAR_400,0.98,0.6,0.265
Human_VAR_400,0.98,0.62,0.2225
Human_VAR_400,0.98,0.64,0.2225
Human_VAR_400,0.98,0.66,0.2225
Human_VAR_400,0.98,0.68,0.185
Human_VAR_400,0.98,0.7,0.185
Human_VAR_400,0.98,0.72,0.185
Human_VAR_400,0.98,0.74,0.1575
Human_VAR_400,0.98,0.76,0.1575
Human_VAR_400,0.98,0.78,0.1575
Human_VAR_400,0.98,0.8,0.1525
Human_VAR_400,0.98,0.82,0.0725
Human_VAR_400,0.98,0.84,0.0725
Human_VAR_400,0.98,0.86,0.0725
Human_VAR_400,0.98,0.88,0.0475
Human_VAR_400,0.98,0.9,0.0475
Human_VAR_400,0.98,0.92,0.0475
Human_VAR_400,0.98,0.94,0.0325
Human_VAR_400,0.98,0.96,0.0325
Human_VAR_400,0.98,0.98,0.0325
Human_VAR_400,0.98,1.0,0.0325
Human_VAR_400,1.0,0.0,0.315
Human_VAR_400,1.0,0.02,0.315
Human_VAR_400,1.0,0.04,0.315
Human_VAR_400,1.0,0.06,0.315
Human_VAR_400,1.0,0.08,0.315
Human_VAR_400,1.0,0.1,0.315
Human_VAR_400,1.0,0.12,0.315
Human_VAR_400,1.0,0.14,0.315
Human_VAR_400,1.0,0.16,0.315
Human_VAR_400,1.0,0.18,0.315
Human_VAR_400,1.0,0.2,0.315
Human_VAR_400,1.0,0.22,0.315
Human_VAR_400,1.0,0.24,0.315
Human_VAR_400,1.0,0.26,0.315
Human_VAR_400,1.0,0.28,0.315
Human_VAR_400,1.0,0.3,0.315
Human_VAR_400,1.0,0.32,0.315
Human_VAR_400,1.0,0.34,0.3125
Human_VAR_400,1.0,0.36,0.3125
Human_VAR_400,1.0,0.38,0.3125
Human_VAR_400,1.0,0.4,0.3125
Human_VAR_400,1.0,0.42,0.3025
Human_VAR_400,1.0,0.44,0.3025
Human_VAR_400,1.0,0.46,0.3025
Human_VAR_400,1.0,0.48,0.2875
Human_VAR_400,1.0,0.5,0.2875
Human_VAR_400,1.0,0.52,0.2875
Human_VAR_400,1.0,0.54,0.265
Human_VAR_400,1.0,0.56,0.265
Human_VAR_400,1.0,0.58,0.265
Human_VAR_400,1.0,0.6,0.265
Human_VAR_400,1.0,0.62,0.2225
Human_VAR_400,1.0,0.64,0.2225
Human_VAR_400,1.0,0.66,0.2225
Human_VAR_400,1.0,0.68,0.185
Human_VAR_400,1.0,0.7,0.185
Human_VAR_400,1.0,0.72,0.185
Human_VAR_400,1.0,0.74,0.1575
Human_VAR_400,1.0,0.76,0.1575
Human_VAR_400,1.0,0.78,0.1575
Human_VAR_400,1.0,0.8,0.1525
Human_VAR_400,1.0,0.82,0.0725
Human_VAR_400,1.0,0.84,0.0725
Human_VAR_400,1.0,0.86,0.0725
Human_VAR_400,1.0,0.88,0.0475
Human_VAR_400,1.0,0.9,0.0475
Human_VAR_400,1.0,0.92,0.0475
Human_VAR_400,1.0,0.94,0.0325
Human_VAR_400,1.0,0.96,0.0325
Human_VAR_400,1.0,0.98,0.0325
Human_VAR_400,1.0,1.0,0.0325
