image_id,source,alignment_score,artifact_score
0,Sys_VAR_ref_1,4.85,4.2
0,Sys_VAR_ref_2,4.62,3.85
0,Sys_VAR_ref_3,4.85,4.72
0,User_VAR_1,5.0,3.0
0,User_VAR_2,4.44,3.0
0,User_VAR_3,5.0,3.0
1,Sys_VAR_ref_1,4.65,1.82
1,Sys_VAR_ref_2,4.65,3.82
1,Sys_VAR_ref_3,4.62,2.85
1,User_VAR_1,5.0,3.0
1,User_VAR_2,4.44,3.0
1,User_VAR_3,5.0,3.0
2,Sys_VAR_ref_1,4.15,2.85
2,Sys_VAR_ref_2,4.12,2.85
2,Sys_VAR_ref_3,4.12,2.85
2,User_VAR_1,5.0,2.0
2,User_VAR_2,5.0,2.0
2,User_VAR_3,5.0,2.0
3,Sys_VAR_ref_1,4.12,2.85
3,Sys_VAR_ref_2,4.12,2.85
3,Sys_VAR_ref_3,4.65,2.85
3,User_VAR_1,5.0,3.0
3,User_VAR_2,5.0,2.0
3,User_VAR_3,5.0,3.0
4,Sys_VAR_ref_1,4.65,3.85
4,Sys_VAR_ref_2,4.68,3.85
4,Sys_VAR_ref_3,4.85,4.62
4,User_VAR_1,5.0,3.0
4,User_VAR_2,5.0,3.0
4,User_VAR_3,5.0,3.0
5,Sys_VAR_ref_1,4.85,3.92
5,Sys_VAR_ref_2,4.78,4.15
5,Sys_VAR_ref_3,4.85,3.65
5,User_VAR_1,5.0,5.0
5,User_VAR_2,5.0,4.0
5,User_VAR_3,5.0,5.0
6,Sys_VAR_ref_1,3.85,1.42
6,Sys_VAR_ref_2,4.35,2.85
6,Sys_VAR_ref_3,4.65,3.85
6,User_VAR_1,5.0,3.0
6,User_VAR_2,5.0,3.0
6,User_VAR_3,4.29,3.0
7,Sys_VAR_ref_1,4.82,3.65
7,Sys_VAR_ref_2,4.65,3.85
7,Sys_VAR_ref_3,4.85,3.62
7,User_VAR_1,5.0,4.0
7,User_VAR_2,5.0,3.0
7,User_VAR_3,5.0,3.0
8,Sys_VAR_ref_1,4.12,3.65
8,Sys_VAR_ref_2,4.85,3.6
8,Sys_VAR_ref_3,4.85,3.65
8,User_VAR_1,5.0,4.0
8,User_VAR_2,5.0,4.0
8,User_VAR_3,5.0,4.0
9,Sys_VAR_ref_1,3.85,2.15
9,Sys_VAR_ref_2,4.65,2.85
9,Sys_VAR_ref_3,4.65,2.85
9,User_VAR_1,5.0,3.0
9,User_VAR_2,5.0,2.0
9,User_VAR_3,4.38,2.0
10,Sys_VAR_ref_1,4.68,1.5
10,Sys_VAR_ref_2,4.65,1.5
10,Sys_VAR_ref_3,4.62,1.5
10,User_VAR_1,5.0,2.0
10,User_VAR_2,5.0,3.0
10,User_VAR_3,5.0,3.0
11,Sys_VAR_ref_1,4.15,3.65
11,Sys_VAR_ref_2,4.15,3.85
11,Sys_VAR_ref_3,4.12,3.85
11,User_VAR_1,4.17,3.0
11,User_VAR_2,4.17,4.0
11,User_VAR_3,4.17,4.0
12,Sys_VAR_ref_1,3.85,1.5
12,Sys_VAR_ref_2,3.85,2.15
12,Sys_VAR_ref_3,4.12,1.5
12,User_VAR_1,5.0,2.0
12,User_VAR_2,4.09,3.0
12,User_VAR_3,4.09,3.0
13,Sys_VAR_ref_1,4.82,4.15
13,Sys_VAR_ref_2,4.85,3.65
13,Sys_VAR_ref_3,4.82,3.65
13,User_VAR_1,5.0,4.0
13,User_VAR_2,5.0,4.0
13,User_VAR_3,5.0,5.0
14,Sys_VAR_ref_1,4.12,1.5
14,Sys_VAR_ref_2,4.82,1.5
14,Sys_VAR_ref_3,4.12,1.5
14,User_VAR_1,5.0,3.0
14,User_VAR_2,5.0,2.0
14,User_VAR_3,5.0,2.0
15,Sys_VAR_ref_1,3.65,1.5
15,Sys_VAR_ref_2,3.65,1.5
15,Sys_VAR_ref_3,4.92,1.5
15,User_VAR_1,4.5,4.0
15,User_VAR_2,4.09,3.0
15,User_VAR_3,4.09,2.0
16,Sys_VAR_ref_1,4.85,4.92
16,Sys_VAR_ref_2,4.85,4.92
16,Sys_VAR_ref_3,4.65,4.82
16,User_VAR_1,5.0,5.0
16,User_VAR_2,5.0,5.0
16,User_VAR_3,4.17,4.0
17,Sys_VAR_ref_1,4.15,1.5
17,Sys_VAR_ref_2,3.85,1.5
17,Sys_VAR_ref_3,3.85,1.5
17,User_VAR_1,3.64,3.0
17,User_VAR_2,3.64,4.0
17,User_VAR_3,5.0,3.0
18,Sys_VAR_ref_1,3.85,3.92
18,Sys_VAR_ref_2,3.45,2.8
18,Sys_VAR_ref_3,3.42,2.85
18,User_VAR_1,3.33,3.0
18,User_VAR_2,3.33,3.0
18,User_VAR_3,3.33,3.0
19,Sys_VAR_ref_1,4.12,1.5
19,Sys_VAR_ref_2,3.85,1.5
19,Sys_VAR_ref_3,3.85,1.5
19,User_VAR_1,4.09,3.0
19,User_VAR_2,4.09,3.0
19,User_VAR_3,5.0,3.0
20,Sys_VAR_ref_1,3.42,2.15
20,Sys_VAR_ref_2,4.85,4.15
20,Sys_VAR_ref_3,4.85,4.75
20,User_VAR_1,5.0,3.0
20,User_VAR_2,5.0,5.0
20,User_VAR_3,3.75,4.0
21,Sys_VAR_ref_1,3.42,2.85
21,Sys_VAR_ref_2,3.42,2.85
21,Sys_VAR_ref_3,3.65,1.85
21,User_VAR_1,4.44,2.0
21,User_VAR_2,4.38,3.0
21,User_VAR_3,4.38,3.0
22,Sys_VAR_ref_1,4.65,4.98
22,Sys_VAR_ref_2,4.85,4.92
22,Sys_VAR_ref_3,4.15,4.92
22,User_VAR_1,4.38,4.0
22,User_VAR_2,4.44,4.0
22,User_VAR_3,4.44,4.0
23,Sys_VAR_ref_1,4.82,1.5
23,Sys_VAR_ref_2,4.92,4.85
23,Sys_VAR_ref_3,4.82,3.65
23,User_VAR_1,5.0,5.0
23,User_VAR_2,4.0,5.0
23,User_VAR_3,4.0,5.0
24,Sys_VAR_ref_1,3.42,3.85
24,Sys_VAR_ref_2,3.85,2.4
24,Sys_VAR_ref_3,3.85,4.92
24,User_VAR_1,2.22,2.0
24,User_VAR_2,2.22,3.0
24,User_VAR_3,2.5,3.0
25,Sys_VAR_ref_1,3.65,3.8
25,Sys_VAR_ref_2,3.65,3.2
25,Sys_VAR_ref_3,3.82,4.15
25,User_VAR_1,3.75,4.0
25,User_VAR_2,4.17,2.0
26,Sys_VAR_ref_1,4.92,4.85
26,Sys_VAR_ref_2,4.82,4.65
26,Sys_VAR_ref_3,4.92,4.95
26,User_VAR_1,4.0,5.0
26,User_VAR_2,4.0,5.0
26,User_VAR_3,4.0,5.0
27,Sys_VAR_ref_1,4.85,1.5
27,Sys_VAR_ref_2,4.12,1.5
27,Sys_VAR_ref_3,3.85,1.5
27,User_VAR_1,3.33,4.0
27,User_VAR_2,3.33,4.0
27,User_VAR_3,5.0,4.0
28,Sys_VAR_ref_1,2.85,1.5
28,Sys_VAR_ref_2,3.42,2.85
28,Sys_VAR_ref_3,3.85,2.15
28,User_VAR_1,3.89,2.0
28,User_VAR_2,2.78,3.0
28,User_VAR_3,3.89,3.0
29,Sys_VAR_ref_1,3.85,1.5
29,Sys_VAR_ref_2,3.15,1.5
29,Sys_VAR_ref_3,3.42,1.5
29,User_VAR_1,3.89,5.0
29,User_VAR_2,4.0,2.0
29,User_VAR_3,4.38,2.0
30,Sys_VAR_ref_1,1.25,1.5
30,Sys_VAR_ref_2,4.12,3.65
30,Sys_VAR_ref_3,3.85,3.6
30,User_VAR_1,4.0,3.0
30,User_VAR_2,4.0,4.0
30,User_VAR_3,4.0,4.0
31,Sys_VAR_ref_1,3.85,4.72
31,Sys_VAR_ref_2,3.65,4.15
31,Sys_VAR_ref_3,4.15,4.82
31,User_VAR_1,5.0,4.0
31,User_VAR_2,5.0,3.0
31,User_VAR_3,5.0,4.0
32,Sys_VAR_ref_1,3.85,3.2
32,Sys_VAR_ref_2,4.65,2.0
32,Sys_VAR_ref_3,3.85,3.2
32,User_VAR_1,0.0,4.0
32,User_VAR_2,3.33,4.0
32,User_VAR_3,0.0,4.0
33,Sys_VAR_ref_1,4.72,3.85
33,Sys_VAR_ref_2,4.65,3.85
33,Sys_VAR_ref_3,4.72,1.5
33,User_VAR_1,4.29,4.0
33,User_VAR_2,4.29,4.0
33,User_VAR_3,4.29,4.0
34,Sys_VAR_ref_1,4.85,4.92
34,Sys_VAR_ref_2,4.65,3.82
34,Sys_VAR_ref_3,4.62,3.85
34,User_VAR_1,5.0,5.0
34,User_VAR_2,5.0,4.0
34,User_VAR_3,5.0,4.0
35,Sys_VAR_ref_1,4.85,4.92
35,Sys_VAR_ref_2,4.85,1.5
35,Sys_VAR_ref_3,4.85,4.92
35,User_VAR_1,5.0,2.0
35,User_VAR_2,5.0,2.0
35,User_VAR_3,5.0,5.0
36,Sys_VAR_ref_1,4.65,2.0
36,Sys_VAR_ref_2,4.85,4.75
36,Sys_VAR_ref_3,3.85,2.0
36,User_VAR_1,3.57,4.0
36,User_VAR_2,4.29,3.0
36,User_VAR_3,3.57,3.0
37,Sys_VAR_ref_1,4.85,4.72
37,Sys_VAR_ref_2,4.65,3.85
37,Sys_VAR_ref_3,4.15,2.85
37,User_VAR_1,5.0,4.0
37,User_VAR_2,5.0,4.0
37,User_VAR_3,5.0,4.0
38,Sys_VAR_ref_1,4.12,2.0
38,Sys_VAR_ref_2,4.82,2.0
38,Sys_VAR_ref_3,4.85,4.92
38,User_VAR_1,5.0,5.0
38,User_VAR_2,5.0,4.0
38,User_VAR_3,5.0,4.0
39,Sys_VAR_ref_1,3.45,1.5
39,Sys_VAR_ref_2,3.85,3.92
39,Sys_VAR_ref_3,3.65,1.5
39,User_VAR_1,3.57,3.0
39,User_VAR_2,3.33,3.0
39,User_VAR_3,3.57,3.0
40,Sys_VAR_ref_1,4.62,4.15
40,Sys_VAR_ref_2,3.68,3.45
40,Sys_VAR_ref_3,3.85,3.6
40,User_VAR_1,5.0,4.0
40,User_VAR_2,4.0,4.0
40,User_VAR_3,5.0,4.0
41,Sys_VAR_ref_1,4.65,4.2
41,Sys_VAR_ref_2,4.65,3.82
41,Sys_VAR_ref_3,4.12,3.65
41,User_VAR_1,4.0,3.0
41,User_VAR_2,5.0,3.0
41,User_VAR_3,4.0,3.0
42,Sys_VAR_ref_1,2.35,1.5
42,Sys_VAR_ref_2,2.15,1.5
42,Sys_VAR_ref_3,1.85,1.5
42,User_VAR_1,3.75,3.0
42,User_VAR_2,3.75,3.0
42,User_VAR_3,3.75,3.0
43,Sys_VAR_ref_1,4.12,3.65
43,Sys_VAR_ref_2,3.42,2.85
43,Sys_VAR_ref_3,4.15,3.65
43,User_VAR_1,3.75,4.0
43,User_VAR_2,4.0,4.0
43,User_VAR_3,3.75,4.0
44,Sys_VAR_ref_1,3.45,2.15
44,Sys_VAR_ref_2,2.85,1.9
44,Sys_VAR_ref_3,3.42,1.85
44,User_VAR_1,4.0,2.0
44,User_VAR_2,4.0,2.0
44,User_VAR_3,4.0,2.0
45,Sys_VAR_ref_1,0.85,1.5
45,Sys_VAR_ref_2,1.25,3.85
45,Sys_VAR_ref_3,1.25,3.85
45,User_VAR_1,0.0,4.0
45,User_VAR_2,0.0,3.0
45,User_VAR_3,0.0,4.0
46,Sys_VAR_ref_1,2.85,2.1
46,Sys_VAR_ref_2,3.82,2.65
46,Sys_VAR_ref_3,2.15,2.85
46,User_VAR_1,5.0,3.0
46,User_VAR_2,5.0,3.0
46,User_VAR_3,5.0,2.0
47,Sys_VAR_ref_1,4.35,2.85
47,Sys_VAR_ref_2,4.12,3.85
47,Sys_VAR_ref_3,4.85,4.72
47,User_VAR_1,5.0,4.0
47,User_VAR_2,4.17,4.0
47,User_VAR_3,4.17,4.0
48,Sys_VAR_ref_1,4.15,2.85
48,Sys_VAR_ref_2,4.12,3.65
48,Sys_VAR_ref_3,2.85,3.6
48,User_VAR_1,4.0,4.0
48,User_VAR_2,4.0,3.0
48,User_VAR_3,4.0,3.0
49,Sys_VAR_ref_1,3.85,1.5
49,Sys_VAR_ref_2,4.35,2.85
49,Sys_VAR_ref_3,4.85,3.65
49,User_VAR_1,5.0,4.0
49,User_VAR_2,4.0,3.0
49,User_VAR_3,4.0,3.0
50,Sys_VAR_ref_1,4.85,4.92
50,Sys_VAR_ref_2,4.12,2.85
50,Sys_VAR_ref_3,4.92,5.0
50,User_VAR_1,5.0,5.0
50,User_VAR_2,5.0,3.0
50,User_VAR_3,5.0,3.0
51,Sys_VAR_ref_1,2.85,1.5
51,Sys_VAR_ref_2,2.85,1.5
51,Sys_VAR_ref_3,2.85,1.5
51,User_VAR_1,4.29,2.0
51,User_VAR_2,4.29,3.0
51,User_VAR_3,3.89,2.0
52,Sys_VAR_ref_1,4.92,4.85
52,Sys_VAR_ref_2,4.85,4.75
52,Sys_VAR_ref_3,4.95,4.85
52,User_VAR_1,5.0,5.0
52,User_VAR_2,5.0,5.0
52,User_VAR_3,5.0,5.0
53,Sys_VAR_ref_1,4.85,4.92
53,Sys_VAR_ref_2,4.85,4.62
53,Sys_VAR_ref_3,4.85,4.92
53,User_VAR_1,4.29,5.0
53,User_VAR_2,4.29,5.0
53,User_VAR_3,5.0,5.0
54,Sys_VAR_ref_1,4.65,3.85
54,Sys_VAR_ref_2,4.65,3.85
54,Sys_VAR_ref_3,4.65,3.85
54,User_VAR_1,5.0,4.0
54,User_VAR_2,5.0,4.0
54,User_VAR_3,5.0,4.0
55,Sys_VAR_ref_1,3.42,1.5
55,Sys_VAR_ref_2,3.42,1.5
55,Sys_VAR_ref_3,3.85,2.8
55,User_VAR_1,4.29,4.0
55,User_VAR_2,4.29,5.0
55,User_VAR_3,5.0,4.0
56,Sys_VAR_ref_1,4.15,4.32
56,Sys_VAR_ref_2,4.15,4.85
56,Sys_VAR_ref_3,3.85,4.92
56,User_VAR_1,4.29,3.0
56,User_VAR_2,5.0,4.0
56,User_VAR_3,5.0,4.0
57,Sys_VAR_ref_1,4.12,4.35
57,Sys_VAR_ref_2,4.85,2.0
57,Sys_VAR_ref_3,3.42,2.0
57,User_VAR_1,4.44,2.0
57,User_VAR_2,5.0,2.0
57,User_VAR_3,4.44,3.0
58,Sys_VAR_ref_1,3.85,2.15
58,Sys_VAR_ref_2,4.12,2.85
58,Sys_VAR_ref_3,4.12,1.5
58,User_VAR_1,5.0,3.0
58,User_VAR_2,5.0,2.0
58,User_VAR_3,5.0,2.0
59,Sys_VAR_ref_1,3.85,1.5
59,Sys_VAR_ref_2,3.42,1.5
59,Sys_VAR_ref_3,3.42,1.5
59,User_VAR_1,4.29,3.0
59,User_VAR_2,3.57,3.0
59,User_VAR_3,3.57,3.0
60,Sys_VAR_ref_1,3.82,3.65
60,Sys_VAR_ref_2,3.85,3.62
60,Sys_VAR_ref_3,3.85,4.12
60,User_VAR_1,5.0,4.0
60,User_VAR_2,4.29,4.0
60,User_VAR_3,5.0,4.0
61,Sys_VAR_ref_1,3.42,2.85
61,Sys_VAR_ref_2,3.42,2.85
61,Sys_VAR_ref_3,3.85,3.62
61,User_VAR_1,5.0,2.0
61,User_VAR_2,5.0,2.0
61,User_VAR_3,5.0,4.0
62,Sys_VAR_ref_1,2.85,2.1
62,Sys_VAR_ref_2,2.85,3.12
62,Sys_VAR_ref_3,3.85,3.6
62,User_VAR_1,5.0,4.0
62,User_VAR_2,5.0,2.0
62,User_VAR_3,5.0,4.0
63,Sys_VAR_ref_1,2.15,3.8
63,Sys_VAR_ref_2,2.85,2.1
63,Sys_VAR_ref_3,2.85,3.15
63,User_VAR_1,5.0,2.0
63,User_VAR_2,5.0,2.0
63,User_VAR_3,5.0,2.0
64,Sys_VAR_ref_1,2.85,1.92
64,Sys_VAR_ref_2,3.85,3.2
64,Sys_VAR_ref_3,2.85,4.72
64,User_VAR_1,4.29,2.0
64,User_VAR_2,4.29,3.0
64,User_VAR_3,5.0,3.0
65,Sys_VAR_ref_1,2.85,2.0
65,Sys_VAR_ref_2,2.15,2.85
65,Sys_VAR_ref_3,2.45,2.1
65,User_VAR_1,3.12,3.0
65,User_VAR_2,5.0,2.0
65,User_VAR_3,5.0,2.0
66,Sys_VAR_ref_1,4.92,4.95
66,Sys_VAR_ref_2,4.12,3.25
66,Sys_VAR_ref_3,4.85,4.2
66,User_VAR_1,5.0,5.0
66,User_VAR_2,5.0,4.0
66,User_VAR_3,5.0,4.0
67,Sys_VAR_ref_1,3.85,3.6
67,Sys_VAR_ref_2,3.65,2.85
67,Sys_VAR_ref_3,4.12,3.65
67,User_VAR_1,5.0,3.0
67,User_VAR_2,5.0,3.0
67,User_VAR_3,5.0,5.0
68,Sys_VAR_ref_1,4.12,4.85
68,Sys_VAR_ref_2,2.85,3.2
68,Sys_VAR_ref_3,3.85,3.2
68,User_VAR_1,3.57,3.0
68,User_VAR_2,3.57,3.0
68,User_VAR_3,3.57,3.0
69,Sys_VAR_ref_1,4.82,3.65
69,Sys_VAR_ref_2,4.82,3.65
69,Sys_VAR_ref_3,4.85,4.92
69,User_VAR_1,5.0,4.0
69,User_VAR_2,5.0,4.0
69,User_VAR_3,5.0,4.0
70,Sys_VAR_ref_1,5.0,5.0
70,Sys_VAR_ref_2,4.12,2.85
70,Sys_VAR_ref_3,4.85,4.6
70,User_VAR_1,5.0,4.0
70,User_VAR_2,5.0,4.0
70,User_VAR_3,5.0,2.0
71,Sys_VAR_ref_1,2.85,1.92
71,Sys_VAR_ref_2,4.15,2.85
71,Sys_VAR_ref_3,3.85,2.65
71,User_VAR_1,2.86,2.0
71,User_VAR_2,4.0,3.0
71,User_VAR_3,4.0,2.0
72,Sys_VAR_ref_1,3.65,2.85
72,Sys_VAR_ref_2,4.65,3.82
72,Sys_VAR_ref_3,4.72,3.85
72,User_VAR_1,3.75,2.0
72,User_VAR_2,3.75,2.0
72,User_VAR_3,5.0,3.0
73,Sys_VAR_ref_1,3.45,2.15
73,Sys_VAR_ref_2,4.12,2.85
73,Sys_VAR_ref_3,3.42,2.15
73,User_VAR_1,4.17,5.0
73,User_VAR_2,5.0,4.0
73,User_VAR_3,5.0,4.0
74,Sys_VAR_ref_1,4.85,4.2
74,Sys_VAR_ref_2,1.85,0.92
74,Sys_VAR_ref_3,2.15,3.85
74,User_VAR_1,4.0,2.0
74,User_VAR_2,5.0,5.0
74,User_VAR_3,4.0,5.0
75,Sys_VAR_ref_1,4.92,3.85
75,Sys_VAR_ref_2,4.15,2.85
75,Sys_VAR_ref_3,4.15,3.85
75,User_VAR_1,4.38,3.0
75,User_VAR_2,5.0,4.0
75,User_VAR_3,4.38,3.0
76,Sys_VAR_ref_1,4.92,4.95
76,Sys_VAR_ref_2,5.0,5.0
76,Sys_VAR_ref_3,4.92,4.95
76,User_VAR_1,5.0,5.0
76,User_VAR_2,5.0,5.0
76,User_VAR_3,5.0,5.0
77,Sys_VAR_ref_1,4.85,3.65
77,Sys_VAR_ref_2,4.85,3.6
77,Sys_VAR_ref_3,4.85,3.2
77,User_VAR_1,5.0,5.0
77,User_VAR_2,5.0,5.0
77,User_VAR_3,5.0,5.0
78,Sys_VAR_ref_1,4.65,1.5
78,Sys_VAR_ref_2,4.65,3.85
78,Sys_VAR_ref_3,4.65,3.85
78,User_VAR_1,5.0,3.0
78,User_VAR_2,5.0,4.0
78,User_VAR_3,5.0,4.0
79,Sys_VAR_ref_1,4.92,4.85
79,Sys_VAR_ref_2,4.92,4.85
79,Sys_VAR_ref_3,4.92,4.85
79,User_VAR_1,5.0,5.0
79,User_VAR_2,5.0,5.0
79,User_VAR_3,5.0,5.0
80,Sys_VAR_ref_1,4.85,4.92
80,Sys_VAR_ref_2,4.92,4.95
80,Sys_VAR_ref_3,4.85,4.92
80,User_VAR_1,5.0,5.0
80,User_VAR_2,5.0,5.0
80,User_VAR_3,5.0,5.0
81,Sys_VAR_ref_1,4.68,3.85
81,Sys_VAR_ref_2,4.92,4.85
81,Sys_VAR_ref_3,4.65,3.85
81,User_VAR_1,5.0,4.0
81,User_VAR_2,5.0,5.0
81,User_VAR_3,5.0,5.0
82,Sys_VAR_ref_1,3.42,3.85
82,Sys_VAR_ref_2,3.85,4.92
82,Sys_VAR_ref_3,3.42,3.85
82,User_VAR_1,4.38,4.0
82,User_VAR_2,4.38,4.0
82,User_VAR_3,5.0,4.0
83,Sys_VAR_ref_1,4.12,2.85
83,Sys_VAR_ref_2,4.12,2.85
83,Sys_VAR_ref_3,4.65,3.82
83,User_VAR_1,5.0,3.0
83,User_VAR_2,5.0,3.0
83,User_VAR_3,5.0,3.0
84,Sys_VAR_ref_1,4.65,3.82
84,Sys_VAR_ref_2,4.65,3.85
84,Sys_VAR_ref_3,4.92,4.65
84,User_VAR_1,5.0,5.0
84,User_VAR_2,5.0,5.0
84,User_VAR_3,5.0,5.0
85,Sys_VAR_ref_1,3.45,3.82
85,Sys_VAR_ref_2,2.85,3.62
85,Sys_VAR_ref_3,2.85,3.42
85,User_VAR_1,4.17,4.0
85,User_VAR_2,4.29,4.0
85,User_VAR_3,4.17,4.0
86,Sys_VAR_ref_1,1.42,1.85
86,Sys_VAR_ref_2,1.85,1.2
86,Sys_VAR_ref_3,1.25,1.8
86,User_VAR_1,3.0,2.0
86,User_VAR_2,3.0,1.0
86,User_VAR_3,2.5,2.0
87,Sys_VAR_ref_1,4.85,4.92
87,Sys_VAR_ref_2,4.65,3.85
87,Sys_VAR_ref_3,4.65,3.85
87,User_VAR_1,5.0,4.0
87,User_VAR_2,5.0,5.0
87,User_VAR_3,5.0,4.0
88,Sys_VAR_ref_1,3.42,2.85
88,Sys_VAR_ref_2,3.42,2.85
88,Sys_VAR_ref_3,2.15,3.85
88,User_VAR_1,4.0,3.0
88,User_VAR_2,4.0,3.0
88,User_VAR_3,4.0,3.0
89,Sys_VAR_ref_1,4.92,4.85
89,Sys_VAR_ref_2,4.85,4.92
89,Sys_VAR_ref_3,4.92,4.95
89,User_VAR_1,5.0,5.0
89,User_VAR_2,5.0,5.0
89,User_VAR_3,5.0,5.0
90,Sys_VAR_ref_1,4.92,4.98
90,Sys_VAR_ref_2,4.65,4.2
90,Sys_VAR_ref_3,4.92,4.85
90,User_VAR_1,5.0,3.0
90,User_VAR_2,5.0,5.0
90,User_VAR_3,5.0,5.0
91,Sys_VAR_ref_1,2.85,1.65
91,Sys_VAR_ref_2,2.85,2.6
91,Sys_VAR_ref_3,2.85,3.6
91,User_VAR_1,3.57,3.0
91,User_VAR_2,2.86,4.0
91,User_VAR_3,2.14,4.0
92,Sys_VAR_ref_1,2.85,1.65
92,Sys_VAR_ref_2,2.85,1.2
92,Sys_VAR_ref_3,4.65,3.85
92,User_VAR_1,5.0,3.0
92,User_VAR_2,3.12,5.0
92,User_VAR_3,5.0,3.0
93,Sys_VAR_ref_1,4.85,4.72
93,Sys_VAR_ref_2,4.15,3.65
93,Sys_VAR_ref_3,4.15,2.85
93,User_VAR_1,5.0,5.0
93,User_VAR_2,5.0,4.0
93,User_VAR_3,4.29,4.0
94,Sys_VAR_ref_1,1.25,3.85
94,Sys_VAR_ref_2,1.85,3.62
94,Sys_VAR_ref_3,1.85,2.4
94,User_VAR_1,2.86,3.0
94,User_VAR_2,2.86,2.0
94,User_VAR_3,2.86,2.0
95,Sys_VAR_ref_1,4.92,4.95
95,Sys_VAR_ref_2,4.62,3.85
95,Sys_VAR_ref_3,4.85,4.92
95,User_VAR_1,5.0,5.0
95,User_VAR_2,5.0,5.0
95,User_VAR_3,5.0,4.0
96,Sys_VAR_ref_1,2.85,3.42
96,Sys_VAR_ref_2,2.15,3.42
96,Sys_VAR_ref_3,1.85,2.4
96,User_VAR_1,4.29,3.0
96,User_VAR_2,4.29,4.0
96,User_VAR_3,4.29,3.0
97,Sys_VAR_ref_1,4.35,2.85
97,Sys_VAR_ref_2,4.68,3.85
97,Sys_VAR_ref_3,4.65,3.85
97,User_VAR_1,5.0,5.0
97,User_VAR_2,5.0,3.0
97,User_VAR_3,5.0,2.0
98,Sys_VAR_ref_1,4.35,2.85
98,Sys_VAR_ref_2,4.65,3.12
98,Sys_VAR_ref_3,4.35,2.85
98,User_VAR_1,5.0,4.0
98,User_VAR_2,5.0,4.0
98,User_VAR_3,5.0,4.0
99,Sys_VAR_ref_1,2.85,2.6
99,Sys_VAR_ref_2,2.85,2.4
99,Sys_VAR_ref_3,2.45,3.85
99,User_VAR_1,2.5,4.0
99,User_VAR_2,2.5,4.0
99,User_VAR_3,2.5,4.0
100,Sys_VAR_ref_1,4.85,3.62
100,Sys_VAR_ref_2,4.65,1.5
100,Sys_VAR_ref_3,4.62,2.85
100,User_VAR_1,5.0,4.0
100,User_VAR_2,5.0,3.0
100,User_VAR_3,5.0,4.0
101,Sys_VAR_ref_1,4.12,1.5
101,Sys_VAR_ref_2,3.62,1.85
101,Sys_VAR_ref_3,3.82,1.47
101,User_VAR_1,5.0,2.0
101,User_VAR_2,5.0,3.0
101,User_VAR_3,5.0,3.0
102,Sys_VAR_ref_1,4.65,1.5
102,Sys_VAR_ref_2,4.65,1.5
102,Sys_VAR_ref_3,4.65,1.5
102,User_VAR_1,5.0,4.0
102,User_VAR_2,5.0,2.0
102,User_VAR_3,5.0,4.0
103,Sys_VAR_ref_1,3.42,1.5
103,Sys_VAR_ref_2,4.65,1.5
103,Sys_VAR_ref_3,3.42,1.5
103,User_VAR_1,5.0,2.0
103,User_VAR_2,3.57,2.0
103,User_VAR_3,5.0,2.0
104,Sys_VAR_ref_1,3.42,1.85
104,Sys_VAR_ref_2,4.12,1.85
104,Sys_VAR_ref_3,3.85,1.25
104,User_VAR_1,4.29,2.0
104,User_VAR_2,5.0,1.0
104,User_VAR_3,5.0,1.0
105,Sys_VAR_ref_1,4.15,2.0
105,Sys_VAR_ref_2,3.85,1.92
105,Sys_VAR_ref_3,3.85,2.0
105,User_VAR_1,4.29,3.0
105,User_VAR_2,4.29,3.0
105,User_VAR_3,4.29,3.0
106,Sys_VAR_ref_1,4.82,1.5
106,Sys_VAR_ref_2,4.85,3.65
106,Sys_VAR_ref_3,4.35,3.65
106,User_VAR_1,5.0,4.0
106,User_VAR_2,5.0,4.0
106,User_VAR_3,5.0,4.0
107,Sys_VAR_ref_1,4.65,1.5
107,Sys_VAR_ref_2,4.85,1.5
107,Sys_VAR_ref_3,4.85,1.5
107,User_VAR_1,5.0,3.0
107,User_VAR_2,5.0,2.0
107,User_VAR_3,5.0,4.0
108,Sys_VAR_ref_1,3.85,1.5
108,Sys_VAR_ref_2,4.62,1.5
108,Sys_VAR_ref_3,4.15,1.5
108,User_VAR_1,4.17,3.0
108,User_VAR_2,4.17,4.0
108,User_VAR_3,4.17,4.0
109,Sys_VAR_ref_1,4.65,1.5
109,Sys_VAR_ref_2,4.65,3.85
109,Sys_VAR_ref_3,4.85,3.65
109,User_VAR_1,5.0,4.0
109,User_VAR_2,5.0,4.0
109,User_VAR_3,5.0,4.0
110,Sys_VAR_ref_1,4.85,4.92
110,Sys_VAR_ref_2,4.82,4.65
110,Sys_VAR_ref_3,4.82,3.65
110,User_VAR_1,5.0,4.0
110,User_VAR_2,5.0,4.0
110,User_VAR_3,5.0,5.0
111,Sys_VAR_ref_1,4.72,3.85
111,Sys_VAR_ref_2,4.92,4.98
111,Sys_VAR_ref_3,4.92,4.95
111,User_VAR_1,5.0,4.0
111,User_VAR_2,5.0,4.0
111,User_VAR_3,5.0,4.0
112,Sys_VAR_ref_1,4.92,4.95
112,Sys_VAR_ref_2,4.85,3.62
112,Sys_VAR_ref_3,4.98,4.95
112,User_VAR_1,5.0,4.0
112,User_VAR_2,5.0,5.0
112,User_VAR_3,5.0,5.0
113,Sys_VAR_ref_1,2.85,3.62
113,Sys_VAR_ref_2,2.85,4.12
113,Sys_VAR_ref_3,1.85,3.0
113,User_VAR_1,2.5,4.0
113,User_VAR_2,2.5,4.0
113,User_VAR_3,2.5,3.0
114,Sys_VAR_ref_1,4.65,1.5
114,Sys_VAR_ref_2,4.85,1.5
114,Sys_VAR_ref_3,2.85,4.15
114,User_VAR_1,1.67,4.0
114,User_VAR_2,2.5,4.0
114,User_VAR_3,1.67,4.0
115,Sys_VAR_ref_1,4.85,1.5
115,Sys_VAR_ref_2,4.12,1.5
115,Sys_VAR_ref_3,4.82,1.5
115,User_VAR_1,5.0,2.0
115,User_VAR_2,5.0,2.0
115,User_VAR_3,5.0,2.0
116,Sys_VAR_ref_1,4.98,4.95
116,Sys_VAR_ref_2,4.98,4.95
116,Sys_VAR_ref_3,4.98,4.95
116,User_VAR_1,5.0,5.0
116,User_VAR_2,5.0,5.0
116,User_VAR_3,5.0,5.0
117,Sys_VAR_ref_1,4.65,3.85
117,Sys_VAR_ref_2,4.65,3.85
117,Sys_VAR_ref_3,4.65,3.82
117,User_VAR_1,5.0,4.0
117,User_VAR_2,5.0,4.0
117,User_VAR_3,5.0,4.0
118,Sys_VAR_ref_1,4.82,3.65
118,Sys_VAR_ref_2,4.82,3.65
118,Sys_VAR_ref_3,4.85,4.92
118,User_VAR_1,5.0,5.0
118,User_VAR_2,5.0,5.0
118,User_VAR_3,5.0,3.0
119,Sys_VAR_ref_1,4.65,1.5
119,Sys_VAR_ref_2,4.15,1.5
119,Sys_VAR_ref_3,3.45,1.5
119,User_VAR_1,3.33,3.0
119,User_VAR_2,3.33,3.0
119,User_VAR_3,3.33,3.0
120,Sys_VAR_ref_1,4.85,4.92
120,Sys_VAR_ref_2,4.85,3.2
120,Sys_VAR_ref_3,4.85,3.75
120,User_VAR_1,5.0,5.0
120,User_VAR_2,5.0,4.0
120,User_VAR_3,5.0,4.0
121,Sys_VAR_ref_1,4.65,2.85
121,Sys_VAR_ref_2,4.12,2.85
121,Sys_VAR_ref_3,4.65,3.85
121,User_VAR_1,5.0,5.0
121,User_VAR_2,5.0,4.0
121,User_VAR_3,5.0,4.0
122,Sys_VAR_ref_1,4.68,2.0
122,Sys_VAR_ref_2,4.12,2.0
122,Sys_VAR_ref_3,4.65,2.0
122,User_VAR_1,5.0,3.0
122,User_VAR_2,5.0,3.0
122,User_VAR_3,5.0,3.0
123,Sys_VAR_ref_1,4.12,2.85
123,Sys_VAR_ref_2,4.85,3.0
123,Sys_VAR_ref_3,4.62,3.0
123,User_VAR_1,5.0,3.0
123,User_VAR_2,5.0,3.0
123,User_VAR_3,5.0,3.0
124,Sys_VAR_ref_1,4.85,3.75
124,Sys_VAR_ref_2,4.92,4.85
124,Sys_VAR_ref_3,4.85,3.65
124,User_VAR_1,5.0,5.0
124,User_VAR_2,5.0,5.0
124,User_VAR_3,5.0,5.0
125,Sys_VAR_ref_1,4.92,4.85
125,Sys_VAR_ref_2,4.92,4.85
125,Sys_VAR_ref_3,4.92,4.85
125,User_VAR_1,5.0,5.0
125,User_VAR_2,5.0,4.0
125,User_VAR_3,5.0,4.0
126,Sys_VAR_ref_1,3.65,1.5
126,Sys_VAR_ref_2,4.65,1.5
126,Sys_VAR_ref_3,4.85,4.92
126,User_VAR_1,5.0,2.0
126,User_VAR_2,5.0,3.0
126,User_VAR_3,5.0,3.0
127,Sys_VAR_ref_1,4.85,3.65
127,Sys_VAR_ref_2,4.85,3.65
127,Sys_VAR_ref_3,4.85,3.72
127,User_VAR_1,5.0,4.0
127,User_VAR_2,5.0,4.0
127,User_VAR_3,5.0,4.0
128,Sys_VAR_ref_1,4.85,3.65
128,Sys_VAR_ref_2,4.92,4.65
128,Sys_VAR_ref_3,4.85,3.65
128,User_VAR_1,5.0,4.0
128,User_VAR_2,5.0,4.0
128,User_VAR_3,5.0,4.0
129,Sys_VAR_ref_1,4.85,1.5
129,Sys_VAR_ref_2,4.65,1.5
129,Sys_VAR_ref_3,4.85,4.92
129,User_VAR_1,5.0,5.0
129,User_VAR_2,5.0,4.0
129,User_VAR_3,5.0,4.0
130,Sys_VAR_ref_1,4.92,4.85
130,Sys_VAR_ref_2,4.12,3.65
130,Sys_VAR_ref_3,4.68,3.42
130,User_VAR_1,5.0,5.0
130,User_VAR_2,5.0,5.0
130,User_VAR_3,5.0,5.0
131,Sys_VAR_ref_1,4.62,2.85
131,Sys_VAR_ref_2,4.82,3.15
131,Sys_VAR_ref_3,4.62,2.85
131,User_VAR_1,5.0,4.0
131,User_VAR_2,5.0,4.0
131,User_VAR_3,5.0,4.0
132,Sys_VAR_ref_1,4.65,3.85
132,Sys_VAR_ref_2,4.85,4.6
132,Sys_VAR_ref_3,4.65,2.85
132,User_VAR_1,5.0,4.0
132,User_VAR_2,5.0,4.0
132,User_VAR_3,5.0,5.0
133,Sys_VAR_ref_1,4.68,3.42
133,Sys_VAR_ref_2,4.85,4.12
133,Sys_VAR_ref_3,4.85,3.65
133,User_VAR_1,5.0,4.0
133,User_VAR_2,5.0,4.0
133,User_VAR_3,5.0,4.0
134,Sys_VAR_ref_1,4.98,4.96
134,Sys_VAR_ref_2,4.92,4.95
134,Sys_VAR_ref_3,4.92,4.88
134,User_VAR_1,5.0,5.0
134,User_VAR_2,5.0,5.0
134,User_VAR_3,5.0,5.0
135,Sys_VAR_ref_1,4.15,3.6
135,Sys_VAR_ref_2,4.85,3.65
135,Sys_VAR_ref_3,4.85,4.15
135,User_VAR_1,5.0,4.0
135,User_VAR_2,5.0,4.0
135,User_VAR_3,4.29,4.0
136,Sys_VAR_ref_1,4.98,4.85
136,Sys_VAR_ref_2,4.98,4.95
136,Sys_VAR_ref_3,4.98,4.85
136,User_VAR_1,5.0,5.0
136,User_VAR_2,5.0,5.0
136,User_VAR_3,5.0,5.0
137,Sys_VAR_ref_1,4.85,2.65
137,Sys_VAR_ref_2,4.85,3.65
137,Sys_VAR_ref_3,4.65,2.85
137,User_VAR_1,5.0,3.0
137,User_VAR_2,5.0,2.0
137,User_VAR_3,5.0,2.0
138,Sys_VAR_ref_1,4.92,4.85
138,Sys_VAR_ref_2,4.98,4.95
138,Sys_VAR_ref_3,4.92,4.85
138,User_VAR_1,5.0,4.0
138,User_VAR_2,5.0,4.0
138,User_VAR_3,5.0,4.0
139,Sys_VAR_ref_1,4.98,4.85
139,Sys_VAR_ref_2,4.98,4.95
139,Sys_VAR_ref_3,4.92,4.85
139,User_VAR_1,5.0,5.0
139,User_VAR_2,5.0,5.0
139,User_VAR_3,5.0,5.0
140,Sys_VAR_ref_1,4.35,2.85
140,Sys_VAR_ref_2,4.12,2.85
140,Sys_VAR_ref_3,3.65,2.85
140,User_VAR_1,5.0,3.0
140,User_VAR_2,5.0,2.0
140,User_VAR_3,5.0,2.0
141,Sys_VAR_ref_1,1.85,1.42
141,Sys_VAR_ref_2,1.85,1.2
141,Sys_VAR_ref_3,2.85,1.42
141,User_VAR_1,4.17,2.0
141,User_VAR_2,3.33,2.0
141,User_VAR_3,4.0,2.0
142,Sys_VAR_ref_1,3.42,2.15
142,Sys_VAR_ref_2,3.85,2.65
142,Sys_VAR_ref_3,2.85,1.42
142,User_VAR_1,2.5,2.0
142,User_VAR_2,2.5,2.0
142,User_VAR_3,3.0,3.0
143,Sys_VAR_ref_1,0.12,0.85
143,Sys_VAR_ref_2,2.85,3.1
143,Sys_VAR_ref_3,3.85,2.65
143,User_VAR_1,5.0,3.0
143,User_VAR_2,5.0,3.0
143,User_VAR_3,0.0,3.0
144,Sys_VAR_ref_1,4.35,3.15
144,Sys_VAR_ref_2,4.12,2.85
144,Sys_VAR_ref_3,4.12,3.65
144,User_VAR_1,3.75,4.0
144,User_VAR_2,3.75,4.0
144,User_VAR_3,4.38,4.0
145,Sys_VAR_ref_1,3.85,2.65
145,Sys_VAR_ref_2,4.15,2.85
145,Sys_VAR_ref_3,3.85,2.65
145,User_VAR_1,3.33,2.0
145,User_VAR_2,3.12,2.0
145,User_VAR_3,3.12,3.0
146,Sys_VAR_ref_1,4.65,2.85
146,Sys_VAR_ref_2,2.15,1.2
146,Sys_VAR_ref_3,3.85,4.12
146,User_VAR_1,3.75,2.0
146,User_VAR_2,3.75,2.0
146,User_VAR_3,3.75,2.0
147,Sys_VAR_ref_1,3.85,2.65
147,Sys_VAR_ref_2,4.35,2.8
147,Sys_VAR_ref_3,2.85,1.42
147,User_VAR_1,2.5,2.0
147,User_VAR_2,5.0,4.0
147,User_VAR_3,5.0,4.0
148,Sys_VAR_ref_1,4.35,2.85
148,Sys_VAR_ref_2,4.82,3.65
148,Sys_VAR_ref_3,3.85,3.92
148,User_VAR_1,3.33,4.0
148,User_VAR_2,5.0,4.0
148,User_VAR_3,3.33,4.0
149,Sys_VAR_ref_1,1.85,1.45
149,Sys_VAR_ref_2,4.12,3.85
149,Sys_VAR_ref_3,4.35,3.82
149,User_VAR_1,4.29,4.0
149,User_VAR_2,1.67,2.0
149,User_VAR_3,4.38,2.0
150,Sys_VAR_ref_1,4.12,3.65
150,Sys_VAR_ref_2,4.12,3.65
150,Sys_VAR_ref_3,4.65,3.82
150,User_VAR_1,3.57,4.0
150,User_VAR_2,3.57,4.0
150,User_VAR_3,3.57,4.0
151,Sys_VAR_ref_1,4.12,2.85
151,Sys_VAR_ref_2,4.12,3.0
151,Sys_VAR_ref_3,4.12,2.85
151,User_VAR_1,3.57,3.0
151,User_VAR_2,3.57,3.0
151,User_VAR_3,3.57,4.0
152,Sys_VAR_ref_1,3.85,2.0
152,Sys_VAR_ref_2,4.12,2.0
152,Sys_VAR_ref_3,4.12,2.0
152,User_VAR_1,3.57,4.0
152,User_VAR_2,3.57,2.0
152,User_VAR_3,3.57,4.0
153,Sys_VAR_ref_1,3.85,1.5
153,Sys_VAR_ref_2,3.65,1.5
153,Sys_VAR_ref_3,4.65,1.5
153,User_VAR_1,3.33,2.0
153,User_VAR_2,3.33,2.0
153,User_VAR_3,3.33,3.0
154,Sys_VAR_ref_1,3.85,2.65
154,Sys_VAR_ref_2,4.85,3.6
154,Sys_VAR_ref_3,4.12,3.68
154,User_VAR_1,5.0,4.0
154,User_VAR_2,3.75,4.0
154,User_VAR_3,3.75,4.0
155,Sys_VAR_ref_1,4.65,3.85
155,Sys_VAR_ref_2,4.15,3.65
155,Sys_VAR_ref_3,4.12,1.5
155,User_VAR_1,5.0,4.0
155,User_VAR_2,3.33,4.0
155,User_VAR_3,5.0,4.0
156,Sys_VAR_ref_1,4.85,1.5
156,Sys_VAR_ref_2,4.85,1.5
156,Sys_VAR_ref_3,4.12,1.5
156,User_VAR_1,5.0,3.0
156,User_VAR_2,4.29,2.0
156,User_VAR_3,4.29,2.0
157,Sys_VAR_ref_1,4.12,1.5
157,Sys_VAR_ref_2,4.85,1.5
157,Sys_VAR_ref_3,3.65,1.5
157,User_VAR_1,0.0,2.0
157,User_VAR_2,3.57,2.0
157,User_VAR_3,3.57,3.0
158,Sys_VAR_ref_1,3.42,1.5
158,Sys_VAR_ref_2,3.85,1.5
158,Sys_VAR_ref_3,4.12,1.5
158,User_VAR_1,4.29,2.0
158,User_VAR_2,3.57,3.0
158,User_VAR_3,4.29,3.0
159,Sys_VAR_ref_1,3.42,1.5
159,Sys_VAR_ref_2,3.42,1.5
159,Sys_VAR_ref_3,3.85,1.5
159,User_VAR_1,3.33,2.0
159,User_VAR_2,2.78,2.0
159,User_VAR_3,3.33,2.0
160,Sys_VAR_ref_1,4.15,2.85
160,Sys_VAR_ref_2,4.68,3.42
160,Sys_VAR_ref_3,4.12,3.65
160,User_VAR_1,4.29,3.0
160,User_VAR_2,4.29,3.0
160,User_VAR_3,4.29,4.0
161,Sys_VAR_ref_1,4.65,2.0
161,Sys_VAR_ref_2,4.12,2.0
161,Sys_VAR_ref_3,4.12,2.0
161,User_VAR_1,4.29,4.0
161,User_VAR_2,4.29,4.0
161,User_VAR_3,4.29,4.0
162,Sys_VAR_ref_1,4.65,2.0
162,Sys_VAR_ref_2,4.12,2.0
162,Sys_VAR_ref_3,4.85,2.0
162,User_VAR_1,5.0,4.0
162,User_VAR_2,3.75,2.0
162,User_VAR_3,3.75,4.0
163,Sys_VAR_ref_1,4.12,1.5
163,Sys_VAR_ref_2,4.62,2.85
163,Sys_VAR_ref_3,4.82,3.65
163,User_VAR_1,5.0,3.0
163,User_VAR_2,5.0,3.0
163,User_VAR_3,5.0,3.0
164,Sys_VAR_ref_1,4.12,1.5
164,Sys_VAR_ref_2,4.65,1.5
164,Sys_VAR_ref_3,4.65,3.85
164,User_VAR_1,4.0,2.0
164,User_VAR_2,4.0,4.0
164,User_VAR_3,4.0,4.0
165,Sys_VAR_ref_1,2.85,1.5
165,Sys_VAR_ref_2,2.85,1.5
165,Sys_VAR_ref_3,2.85,1.5
165,User_VAR_1,3.89,2.0
165,User_VAR_2,3.89,3.0
165,User_VAR_3,3.89,2.0
166,Sys_VAR_ref_1,3.82,3.65
166,Sys_VAR_ref_2,2.85,3.62
166,Sys_VAR_ref_3,2.85,3.42
166,User_VAR_1,4.38,4.0
166,User_VAR_2,4.29,4.0
166,User_VAR_3,4.38,3.0
167,Sys_VAR_ref_1,4.72,1.5
167,Sys_VAR_ref_2,4.12,1.5
167,Sys_VAR_ref_3,4.12,1.5
167,User_VAR_1,4.44,2.0
167,User_VAR_2,5.0,3.0
167,User_VAR_3,5.0,3.0
168,Sys_VAR_ref_1,4.35,1.5
168,Sys_VAR_ref_2,4.15,1.5
168,Sys_VAR_ref_3,4.15,1.5
168,User_VAR_1,5.0,2.0
168,User_VAR_2,5.0,3.0
168,User_VAR_3,4.44,3.0
169,Sys_VAR_ref_1,4.85,3.65
169,Sys_VAR_ref_2,4.35,2.85
169,Sys_VAR_ref_3,4.65,3.85
169,User_VAR_1,5.0,5.0
169,User_VAR_2,5.0,4.0
169,User_VAR_3,5.0,5.0
170,Sys_VAR_ref_1,4.12,2.85
170,Sys_VAR_ref_2,4.85,3.65
170,Sys_VAR_ref_3,4.85,3.65
170,User_VAR_1,5.0,4.0
170,User_VAR_2,5.0,4.0
170,User_VAR_3,5.0,4.0
171,Sys_VAR_ref_1,4.85,3.72
171,Sys_VAR_ref_2,4.85,3.72
171,Sys_VAR_ref_3,4.85,3.72
171,User_VAR_1,5.0,2.0
171,User_VAR_2,5.0,2.0
171,User_VAR_3,5.0,4.0
172,Sys_VAR_ref_1,4.82,3.65
172,Sys_VAR_ref_2,4.82,3.65
172,Sys_VAR_ref_3,4.85,3.65
172,User_VAR_1,5.0,4.0
172,User_VAR_2,5.0,4.0
172,User_VAR_3,5.0,4.0
173,Sys_VAR_ref_1,4.85,3.65
173,Sys_VAR_ref_2,4.62,3.85
173,Sys_VAR_ref_3,4.85,3.65
173,User_VAR_1,5.0,4.0
173,User_VAR_2,5.0,4.0
173,User_VAR_3,5.0,4.0
174,Sys_VAR_ref_1,4.82,3.65
174,Sys_VAR_ref_2,4.15,2.85
174,Sys_VAR_ref_3,4.85,3.62
174,User_VAR_1,5.0,4.0
174,User_VAR_2,5.0,4.0
174,User_VAR_3,5.0,4.0
175,Sys_VAR_ref_1,4.85,4.62
175,Sys_VAR_ref_2,4.85,3.65
175,Sys_VAR_ref_3,4.65,3.15
175,User_VAR_1,5.0,4.0
175,User_VAR_2,5.0,4.0
175,User_VAR_3,5.0,4.0
176,Sys_VAR_ref_1,4.15,2.85
176,Sys_VAR_ref_2,3.85,2.15
176,Sys_VAR_ref_3,4.85,2.9
176,User_VAR_1,5.0,2.0
176,User_VAR_2,5.0,3.0
176,User_VAR_3,5.0,2.0
177,Sys_VAR_ref_1,4.12,3.68
177,Sys_VAR_ref_2,3.85,2.75
177,Sys_VAR_ref_3,3.85,2.65
177,User_VAR_1,5.0,3.0
177,User_VAR_2,5.0,2.0
177,User_VAR_3,5.0,3.0
178,Sys_VAR_ref_1,4.85,3.65
178,Sys_VAR_ref_2,4.85,3.65
178,Sys_VAR_ref_3,4.85,4.62
178,User_VAR_1,5.0,4.0
178,User_VAR_2,5.0,4.0
178,User_VAR_3,5.0,4.0
179,Sys_VAR_ref_1,2.85,1.92
179,Sys_VAR_ref_2,4.12,2.35
179,Sys_VAR_ref_3,4.85,2.3
179,User_VAR_1,5.0,3.0
179,User_VAR_2,2.5,2.0
179,User_VAR_3,2.5,2.0
180,Sys_VAR_ref_1,4.12,2.0
180,Sys_VAR_ref_2,4.12,2.0
180,Sys_VAR_ref_3,4.85,2.0
180,User_VAR_1,3.75,4.0
180,User_VAR_2,3.75,4.0
180,User_VAR_3,3.89,4.0
181,Sys_VAR_ref_1,4.12,2.0
181,Sys_VAR_ref_2,4.12,2.0
181,Sys_VAR_ref_3,4.62,2.0
181,User_VAR_1,3.89,3.0
181,User_VAR_2,3.89,3.0
181,User_VAR_3,3.57,3.0
182,Sys_VAR_ref_1,3.85,2.65
182,Sys_VAR_ref_2,4.12,1.5
182,Sys_VAR_ref_3,4.15,1.5
182,User_VAR_1,4.17,2.0
182,User_VAR_2,5.0,3.0
182,User_VAR_3,4.17,3.0
183,Sys_VAR_ref_1,4.12,1.5
183,Sys_VAR_ref_2,4.65,1.5
183,Sys_VAR_ref_3,4.12,1.5
183,User_VAR_1,5.0,2.0
183,User_VAR_2,5.0,3.0
183,User_VAR_3,5.0,4.0
184,Sys_VAR_ref_1,4.68,3.0
184,Sys_VAR_ref_2,4.68,3.0
184,Sys_VAR_ref_3,4.68,3.0
184,User_VAR_1,3.75,3.0
184,User_VAR_2,3.75,3.0
184,User_VAR_3,3.75,4.0
185,Sys_VAR_ref_1,4.12,1.5
185,Sys_VAR_ref_2,4.12,1.5
185,Sys_VAR_ref_3,4.12,1.5
185,User_VAR_1,3.75,2.0
185,User_VAR_2,3.89,2.0
185,User_VAR_3,3.89,2.0
186,Sys_VAR_ref_1,4.62,3.85
186,Sys_VAR_ref_2,4.12,3.85
186,Sys_VAR_ref_3,4.15,3.25
186,User_VAR_1,5.0,4.0
186,User_VAR_2,5.0,4.0
186,User_VAR_3,5.0,5.0
187,Sys_VAR_ref_1,3.42,2.0
187,Sys_VAR_ref_2,2.85,1.92
187,Sys_VAR_ref_3,4.35,2.0
187,User_VAR_1,4.38,2.0
187,User_VAR_2,3.12,3.0
187,User_VAR_3,1.67,2.0
188,Sys_VAR_ref_1,4.35,2.0
188,Sys_VAR_ref_2,4.35,2.0
188,Sys_VAR_ref_3,4.35,2.0
188,User_VAR_1,4.29,2.0
188,User_VAR_2,4.29,3.0
188,User_VAR_3,5.0,4.0
189,Sys_VAR_ref_1,4.15,1.5
189,Sys_VAR_ref_2,4.68,1.5
189,Sys_VAR_ref_3,4.12,1.5
189,User_VAR_1,5.0,2.0
189,User_VAR_2,5.0,2.0
189,User_VAR_3,5.0,3.0
190,Sys_VAR_ref_1,4.65,2.0
190,Sys_VAR_ref_2,4.68,2.0
190,Sys_VAR_ref_3,4.68,2.0
190,User_VAR_1,5.0,3.0
190,User_VAR_2,5.0,2.0
190,User_VAR_3,5.0,3.0
191,Sys_VAR_ref_1,4.65,2.0
191,Sys_VAR_ref_2,4.62,2.0
191,Sys_VAR_ref_3,4.62,2.0
191,User_VAR_1,5.0,3.0
191,User_VAR_2,5.0,2.0
191,User_VAR_3,5.0,3.0
192,Sys_VAR_ref_1,4.85,3.8
192,Sys_VAR_ref_2,4.85,3.65
192,Sys_VAR_ref_3,4.85,3.8
192,User_VAR_1,5.0,4.0
192,User_VAR_2,5.0,4.0
192,User_VAR_3,5.0,4.0
193,Sys_VAR_ref_1,4.82,1.5
193,Sys_VAR_ref_2,4.82,1.5
193,Sys_VAR_ref_3,4.82,1.5
193,User_VAR_1,5.0,2.0
193,User_VAR_2,5.0,2.0
193,User_VAR_3,5.0,4.0
194,Sys_VAR_ref_1,4.12,1.5
194,Sys_VAR_ref_2,4.82,1.5
194,Sys_VAR_ref_3,4.82,1.5
194,User_VAR_1,5.0,3.0
194,User_VAR_2,5.0,2.0
194,User_VAR_3,5.0,3.0
195,Sys_VAR_ref_1,4.62,3.45
195,Sys_VAR_ref_2,4.62,3.85
195,Sys_VAR_ref_3,4.35,3.85
195,User_VAR_1,5.0,4.0
195,User_VAR_2,5.0,4.0
195,User_VAR_3,5.0,4.0
196,Sys_VAR_ref_1,4.12,1.5
196,Sys_VAR_ref_3,4.12,1.5
196,User_VAR_1,5.0,3.0
196,User_VAR_2,5.0,4.0
196,User_VAR_3,5.0,4.0
197,Sys_VAR_ref_1,4.62,2.0
197,Sys_VAR_ref_2,4.68,2.0
197,Sys_VAR_ref_3,4.62,2.0
197,User_VAR_1,5.0,4.0
197,User_VAR_2,5.0,3.0
197,User_VAR_3,5.0,3.0
198,Sys_VAR_ref_1,4.65,1.5
198,Sys_VAR_ref_2,4.12,1.5
198,Sys_VAR_ref_3,4.35,1.5
198,User_VAR_1,5.0,2.0
198,User_VAR_2,5.0,3.0
198,User_VAR_3,5.0,4.0
199,Sys_VAR_ref_1,4.12,2.0
199,Sys_VAR_ref_2,4.15,2.0
199,Sys_VAR_ref_3,4.12,2.0
199,User_VAR_1,5.0,3.0
199,User_VAR_2,4.29,2.0
199,User_VAR_3,5.0,2.0
200,Sys_VAR_ref_1,3.65,2.0
200,Sys_VAR_ref_2,3.42,1.85
200,Sys_VAR_ref_3,2.85,2.0
200,User_VAR_1,4.29,3.0
200,User_VAR_2,4.29,2.0
200,User_VAR_3,4.29,1.0
201,Sys_VAR_ref_1,3.85,1.5
201,Sys_VAR_ref_2,3.85,1.5
201,Sys_VAR_ref_3,3.85,1.5
201,User_VAR_1,5.0,3.0
201,User_VAR_2,5.0,2.0
201,User_VAR_3,4.17,3.0
202,Sys_VAR_ref_1,3.42,1.5
202,Sys_VAR_ref_2,4.35,1.5
202,Sys_VAR_ref_3,3.45,1.5
202,User_VAR_1,5.0,2.0
202,User_VAR_2,4.29,2.0
202,User_VAR_3,4.29,2.0
203,Sys_VAR_ref_1,2.85,1.5
203,Sys_VAR_ref_2,2.85,1.5
203,Sys_VAR_ref_3,3.45,1.5
203,User_VAR_1,5.0,2.0
203,User_VAR_2,5.0,3.0
203,User_VAR_3,5.0,2.0
204,Sys_VAR_ref_1,4.82,3.65
204,Sys_VAR_ref_2,4.12,3.85
204,Sys_VAR_ref_3,4.15,3.85
204,User_VAR_1,5.0,4.0
204,User_VAR_2,5.0,4.0
204,User_VAR_3,5.0,4.0
205,Sys_VAR_ref_1,3.42,1.85
205,Sys_VAR_ref_2,4.35,2.0
205,Sys_VAR_ref_3,4.35,2.0
205,User_VAR_1,5.0,2.0
205,User_VAR_2,4.0,2.0
205,User_VAR_3,5.0,2.0
206,Sys_VAR_ref_1,3.42,2.85
206,Sys_VAR_ref_2,1.45,1.5
206,Sys_VAR_ref_3,3.42,1.5
206,User_VAR_1,2.5,2.0
206,User_VAR_2,2.5,3.0
206,User_VAR_3,2.5,3.0
207,Sys_VAR_ref_1,3.82,1.5
207,Sys_VAR_ref_2,3.85,1.5
207,Sys_VAR_ref_3,2.85,1.2
207,User_VAR_1,4.17,1.0
207,User_VAR_2,4.17,1.0
207,User_VAR_3,4.17,2.0
208,Sys_VAR_ref_1,4.12,1.5
208,Sys_VAR_ref_2,3.42,1.5
208,Sys_VAR_ref_3,4.12,1.5
208,User_VAR_1,5.0,2.0
208,User_VAR_2,5.0,4.0
208,User_VAR_3,5.0,4.0
209,Sys_VAR_ref_1,3.82,2.0
209,Sys_VAR_ref_2,3.82,2.0
209,Sys_VAR_ref_3,3.82,2.0
209,User_VAR_1,5.0,2.0
209,User_VAR_2,5.0,3.0
209,User_VAR_3,5.0,3.0
210,Sys_VAR_ref_1,3.65,1.5
210,Sys_VAR_ref_2,3.85,1.5
210,Sys_VAR_ref_3,3.85,1.5
210,User_VAR_1,5.0,4.0
210,User_VAR_2,5.0,2.0
210,User_VAR_3,4.0,4.0
211,Sys_VAR_ref_1,4.82,1.5
211,Sys_VAR_ref_2,4.15,1.5
211,Sys_VAR_ref_3,4.82,1.5
211,User_VAR_1,5.0,2.0
211,User_VAR_2,5.0,5.0
211,User_VAR_3,4.38,5.0
212,Sys_VAR_ref_1,4.12,1.5
212,Sys_VAR_ref_2,4.12,1.5
212,Sys_VAR_ref_3,4.85,4.92
212,User_VAR_1,5.0,4.0
212,User_VAR_2,4.0,3.0
212,User_VAR_3,5.0,2.0
213,Sys_VAR_ref_1,4.12,1.5
213,Sys_VAR_ref_2,4.12,1.5
213,Sys_VAR_ref_3,3.85,1.5
213,User_VAR_1,5.0,3.0
213,User_VAR_2,5.0,3.0
213,User_VAR_3,5.0,3.0
214,Sys_VAR_ref_1,4.12,1.5
214,Sys_VAR_ref_2,4.65,1.5
214,Sys_VAR_ref_3,4.65,1.5
214,User_VAR_1,5.0,2.0
214,User_VAR_2,5.0,4.0
214,User_VAR_3,5.0,4.0
215,Sys_VAR_ref_1,4.85,1.5
215,Sys_VAR_ref_2,4.65,1.5
215,Sys_VAR_ref_3,4.85,1.5
215,User_VAR_1,5.0,2.0
215,User_VAR_2,5.0,4.0
215,User_VAR_3,5.0,4.0
216,Sys_VAR_ref_1,4.85,1.5
216,Sys_VAR_ref_2,4.85,1.5
216,Sys_VAR_ref_3,4.72,1.5
216,User_VAR_1,5.0,2.0
216,User_VAR_2,5.0,4.0
216,User_VAR_3,5.0,3.0
217,Sys_VAR_ref_1,4.12,1.5
217,Sys_VAR_ref_2,4.65,1.5
217,Sys_VAR_ref_3,4.85,1.5
217,User_VAR_1,5.0,2.0
217,User_VAR_2,5.0,3.0
217,User_VAR_3,5.0,3.0
218,Sys_VAR_ref_1,1.85,0.92
218,Sys_VAR_ref_2,3.85,1.5
218,Sys_VAR_ref_3,3.85,1.5
218,User_VAR_1,5.0,2.0
218,User_VAR_2,5.0,3.0
218,User_VAR_3,5.0,2.0
219,Sys_VAR_ref_1,4.12,1.5
219,Sys_VAR_ref_2,3.85,1.25
219,Sys_VAR_ref_3,3.82,1.45
219,User_VAR_1,3.75,2.0
219,User_VAR_2,5.0,2.0
219,User_VAR_3,3.75,2.0
220,Sys_VAR_ref_1,4.85,3.62
220,Sys_VAR_ref_2,4.15,3.2
220,Sys_VAR_ref_3,4.92,3.85
220,User_VAR_1,4.38,4.0
220,User_VAR_2,5.0,4.0
220,User_VAR_3,5.0,5.0
221,Sys_VAR_ref_1,4.98,4.95
221,Sys_VAR_ref_2,4.98,4.95
221,Sys_VAR_ref_3,4.98,4.95
221,User_VAR_1,5.0,5.0
221,User_VAR_2,5.0,5.0
221,User_VAR_3,5.0,5.0
222,Sys_VAR_ref_1,2.85,1.2
222,Sys_VAR_ref_2,4.12,2.85
222,Sys_VAR_ref_3,3.65,2.85
222,User_VAR_1,3.75,3.0
222,User_VAR_2,3.75,3.0
222,User_VAR_3,3.75,3.0
223,Sys_VAR_ref_1,4.95,4.92
223,Sys_VAR_ref_2,5.0,5.0
223,Sys_VAR_ref_3,5.0,5.0
223,User_VAR_1,5.0,5.0
223,User_VAR_2,5.0,5.0
223,User_VAR_3,5.0,5.0
224,Sys_VAR_ref_1,2.85,1.2
224,Sys_VAR_ref_2,2.85,1.2
224,Sys_VAR_ref_3,2.85,1.2
224,User_VAR_1,2.5,1.0
224,User_VAR_2,2.5,1.0
224,User_VAR_3,0.0,1.0
225,Sys_VAR_ref_1,4.92,4.15
225,Sys_VAR_ref_2,3.45,2.85
225,Sys_VAR_ref_3,4.15,3.85
225,User_VAR_1,5.0,3.0
225,User_VAR_2,3.75,4.0
225,User_VAR_3,3.75,2.0
226,Sys_VAR_ref_1,2.85,1.2
226,Sys_VAR_ref_2,2.85,2.6
226,Sys_VAR_ref_3,2.15,1.85
226,User_VAR_1,0.0,1.0
226,User_VAR_2,0.0,1.0
226,User_VAR_3,0.0,2.0
227,Sys_VAR_ref_1,4.12,3.85
227,Sys_VAR_ref_2,5.0,5.0
227,Sys_VAR_ref_3,4.65,4.2
227,User_VAR_1,4.38,4.0
227,User_VAR_2,4.38,5.0
227,User_VAR_3,5.0,4.0
228,Sys_VAR_ref_1,4.92,4.85
228,Sys_VAR_ref_2,4.65,4.12
228,Sys_VAR_ref_3,4.92,4.85
228,User_VAR_1,4.38,5.0
228,User_VAR_2,4.38,5.0
228,User_VAR_3,5.0,4.0
229,Sys_VAR_ref_1,4.98,4.95
229,Sys_VAR_ref_2,4.98,4.96
229,Sys_VAR_ref_3,4.98,4.95
229,User_VAR_1,5.0,5.0
229,User_VAR_2,5.0,5.0
229,User_VAR_3,5.0,5.0
230,Sys_VAR_ref_1,4.92,4.95
230,Sys_VAR_ref_2,4.92,4.95
230,Sys_VAR_ref_3,5.0,5.0
230,User_VAR_1,5.0,5.0
230,User_VAR_2,5.0,5.0
230,User_VAR_3,5.0,5.0
231,Sys_VAR_ref_1,4.63,2.85
231,Sys_VAR_ref_2,4.62,2.85
231,Sys_VAR_ref_3,4.65,3.85
231,User_VAR_1,5.0,4.0
231,User_VAR_2,5.0,4.0
231,User_VAR_3,5.0,4.0
232,Sys_VAR_ref_1,4.65,3.85
232,Sys_VAR_ref_2,4.15,1.5
232,Sys_VAR_ref_3,4.65,3.85
232,User_VAR_1,4.29,4.0
232,User_VAR_2,4.29,4.0
232,User_VAR_3,4.29,4.0
233,Sys_VAR_ref_1,4.92,4.95
233,Sys_VAR_ref_2,4.65,3.82
233,Sys_VAR_ref_3,4.35,3.85
233,User_VAR_1,4.29,4.0
233,User_VAR_2,4.29,4.0
233,User_VAR_3,4.29,4.0
234,Sys_VAR_ref_1,1.15,1.5
234,Sys_VAR_ref_2,1.45,1.5
234,Sys_VAR_ref_3,1.25,2.85
234,User_VAR_1,1.43,4.0
234,User_VAR_2,1.43,4.0
234,User_VAR_3,1.43,3.0
235,Sys_VAR_ref_1,4.92,4.85
235,Sys_VAR_ref_2,4.65,3.85
235,Sys_VAR_ref_3,4.85,3.75
235,User_VAR_1,4.29,5.0
235,User_VAR_2,4.29,5.0
235,User_VAR_3,5.0,5.0
236,Sys_VAR_ref_1,4.65,3.8
236,Sys_VAR_ref_2,4.85,3.65
236,Sys_VAR_ref_3,4.65,2.85
236,User_VAR_1,5.0,3.0
236,User_VAR_2,5.0,3.0
236,User_VAR_3,5.0,3.0
237,Sys_VAR_ref_1,4.85,4.75
237,Sys_VAR_ref_2,4.72,2.85
237,Sys_VAR_ref_3,4.85,3.65
237,User_VAR_1,5.0,4.0
237,User_VAR_2,5.0,4.0
237,User_VAR_3,5.0,5.0
238,Sys_VAR_ref_1,4.92,4.85
238,Sys_VAR_ref_2,4.96,4.92
238,Sys_VAR_ref_3,4.92,4.85
238,User_VAR_1,5.0,5.0
238,User_VAR_2,5.0,5.0
238,User_VAR_3,5.0,5.0
239,Sys_VAR_ref_1,4.92,4.95
239,Sys_VAR_ref_2,4.92,4.85
239,Sys_VAR_ref_3,4.92,4.85
239,User_VAR_1,5.0,5.0
239,User_VAR_2,5.0,5.0
239,User_VAR_3,5.0,5.0
240,Sys_VAR_ref_1,4.12,3.0
240,Sys_VAR_ref_2,4.65,3.0
240,Sys_VAR_ref_3,4.85,3.0
240,User_VAR_1,5.0,3.0
240,User_VAR_2,5.0,5.0
240,User_VAR_3,5.0,5.0
241,Sys_VAR_ref_1,3.45,1.5
241,Sys_VAR_ref_2,3.42,1.5
241,Sys_VAR_ref_3,3.42,1.5
241,User_VAR_1,4.17,2.0
241,User_VAR_2,4.0,2.0
241,User_VAR_3,4.0,3.0
242,Sys_VAR_ref_1,3.82,2.15
242,Sys_VAR_ref_2,3.65,2.85
242,Sys_VAR_ref_3,3.65,2.85
242,User_VAR_1,4.0,3.0
242,User_VAR_2,3.33,3.0
242,User_VAR_3,3.33,3.0
243,Sys_VAR_ref_1,3.85,2.9
243,Sys_VAR_ref_2,3.65,2.85
243,Sys_VAR_ref_3,3.42,3.85
243,User_VAR_1,4.17,4.0
243,User_VAR_2,3.57,4.0
243,User_VAR_3,3.57,4.0
244,Sys_VAR_ref_1,4.72,3.0
244,Sys_VAR_ref_2,4.35,3.0
244,Sys_VAR_ref_3,4.35,2.85
244,User_VAR_1,4.29,2.0
244,User_VAR_2,5.0,2.0
244,User_VAR_3,5.0,2.0
245,Sys_VAR_ref_1,4.92,3.0
245,Sys_VAR_ref_2,4.85,3.0
245,Sys_VAR_ref_3,3.65,2.85
245,User_VAR_1,4.29,4.0
245,User_VAR_2,5.0,5.0
245,User_VAR_3,5.0,3.0
246,Sys_VAR_ref_1,3.85,2.75
246,Sys_VAR_ref_2,3.42,3.85
246,Sys_VAR_ref_3,3.45,2.85
246,User_VAR_1,3.57,2.0
246,User_VAR_2,3.57,3.0
246,User_VAR_3,3.57,2.0
247,Sys_VAR_ref_1,4.82,1.5
247,Sys_VAR_ref_2,4.12,1.5
247,Sys_VAR_ref_3,4.12,1.5
247,User_VAR_1,5.0,4.0
247,User_VAR_2,5.0,2.0
247,User_VAR_3,5.0,4.0
248,Sys_VAR_ref_1,3.82,1.5
248,Sys_VAR_ref_2,4.12,1.5
248,Sys_VAR_ref_3,3.85,1.5
248,User_VAR_1,5.0,4.0
248,User_VAR_2,5.0,4.0
248,User_VAR_3,5.0,4.0
249,Sys_VAR_ref_1,4.92,4.95
249,Sys_VAR_ref_2,4.82,3.65
249,Sys_VAR_ref_3,4.85,4.62
249,User_VAR_1,4.17,3.0
249,User_VAR_2,5.0,5.0
249,User_VAR_3,4.17,5.0
250,Sys_VAR_ref_1,2.85,1.65
250,Sys_VAR_ref_2,3.82,1.47
250,Sys_VAR_ref_3,2.85,1.65
250,User_VAR_1,3.0,2.0
250,User_VAR_2,4.0,1.0
250,User_VAR_3,4.0,2.0
251,Sys_VAR_ref_1,1.65,0.85
251,Sys_VAR_ref_2,1.85,1.42
251,Sys_VAR_ref_3,3.42,1.5
251,User_VAR_1,2.0,2.0
251,User_VAR_2,2.0,2.0
251,User_VAR_3,2.0,2.0
252,Sys_VAR_ref_1,4.72,2.0
252,Sys_VAR_ref_2,4.85,2.0
252,Sys_VAR_ref_3,4.65,3.82
252,User_VAR_1,5.0,4.0
252,User_VAR_2,5.0,4.0
252,User_VAR_3,5.0,4.0
253,Sys_VAR_ref_1,2.15,1.5
253,Sys_VAR_ref_2,3.82,1.5
253,Sys_VAR_ref_3,2.85,1.5
253,User_VAR_1,4.17,2.0
253,User_VAR_2,5.0,1.0
253,User_VAR_3,4.17,1.0
254,Sys_VAR_ref_1,2.15,1.5
254,Sys_VAR_ref_2,1.85,1.5
254,Sys_VAR_ref_3,2.85,1.45
254,User_VAR_1,3.75,3.0
254,User_VAR_2,2.5,2.0
254,User_VAR_3,2.5,3.0
255,Sys_VAR_ref_1,2.15,1.5
255,Sys_VAR_ref_2,1.85,1.5
255,Sys_VAR_ref_3,2.15,1.5
255,User_VAR_1,1.67,2.0
255,User_VAR_2,1.67,2.0
255,User_VAR_3,1.67,2.0
256,Sys_VAR_ref_1,4.65,2.85
256,Sys_VAR_ref_2,4.65,1.5
256,Sys_VAR_ref_3,4.15,1.5
256,User_VAR_1,5.0,4.0
256,User_VAR_2,5.0,4.0
256,User_VAR_3,5.0,4.0
257,Sys_VAR_ref_1,3.42,1.5
257,Sys_VAR_ref_2,3.42,1.5
257,Sys_VAR_ref_3,3.42,1.5
257,User_VAR_1,4.17,3.0
257,User_VAR_2,4.17,2.0
257,User_VAR_3,4.17,2.0
258,Sys_VAR_ref_1,4.65,1.5
258,Sys_VAR_ref_2,4.65,3.82
258,Sys_VAR_ref_3,4.85,4.92
258,User_VAR_1,5.0,3.0
258,User_VAR_2,5.0,4.0
258,User_VAR_3,5.0,3.0
259,Sys_VAR_ref_1,3.45,1.5
259,Sys_VAR_ref_2,3.45,1.5
259,Sys_VAR_ref_3,3.45,1.5
259,User_VAR_1,5.0,2.0
259,User_VAR_2,5.0,3.0
259,User_VAR_3,5.0,3.0
260,Sys_VAR_ref_1,3.65,1.5
260,Sys_VAR_ref_2,3.42,1.5
260,Sys_VAR_ref_3,4.15,1.5
260,User_VAR_1,3.75,3.0
260,User_VAR_2,1.67,2.0
260,User_VAR_3,1.67,2.0
261,Sys_VAR_ref_1,4.12,2.0
261,Sys_VAR_ref_2,4.12,2.0
261,Sys_VAR_ref_3,4.72,2.0
261,User_VAR_1,5.0,3.0
261,User_VAR_2,4.29,2.0
261,User_VAR_3,4.29,3.0
262,Sys_VAR_ref_1,4.15,2.85
262,Sys_VAR_ref_2,4.85,2.15
262,Sys_VAR_ref_3,4.65,3.85
262,User_VAR_1,5.0,3.0
262,User_VAR_2,5.0,4.0
262,User_VAR_3,5.0,3.0
263,Sys_VAR_ref_1,2.85,1.92
263,Sys_VAR_ref_2,2.85,1.92
263,Sys_VAR_ref_3,2.15,1.85
263,User_VAR_1,1.25,2.0
263,User_VAR_2,1.25,2.0
263,User_VAR_3,1.25,2.0
264,Sys_VAR_ref_1,1.85,0.92
264,Sys_VAR_ref_2,1.85,1.2
264,Sys_VAR_ref_3,1.25,1.1
264,User_VAR_1,1.67,1.0
264,User_VAR_2,2.5,1.0
264,User_VAR_3,1.67,1.0
265,Sys_VAR_ref_1,4.65,3.85
265,Sys_VAR_ref_2,4.92,4.15
265,Sys_VAR_ref_3,4.98,4.85
265,User_VAR_1,5.0,4.0
265,User_VAR_2,5.0,4.0
265,User_VAR_3,5.0,4.0
266,Sys_VAR_ref_1,2.85,1.9
266,Sys_VAR_ref_2,4.12,3.0
266,Sys_VAR_ref_3,4.92,3.0
266,User_VAR_1,5.0,4.0
266,User_VAR_2,5.0,3.0
266,User_VAR_3,5.0,4.0
267,Sys_VAR_ref_1,3.65,1.5
267,Sys_VAR_ref_2,4.65,1.5
267,Sys_VAR_ref_3,4.12,1.5
267,User_VAR_1,4.29,2.0
267,User_VAR_2,4.17,3.0
267,User_VAR_3,4.29,3.0
268,Sys_VAR_ref_1,4.15,3.85
268,Sys_VAR_ref_2,4.85,3.92
268,Sys_VAR_ref_3,4.65,3.85
268,User_VAR_1,4.38,2.0
268,User_VAR_2,5.0,3.0
268,User_VAR_3,4.38,3.0
269,Sys_VAR_ref_1,4.85,2.0
269,Sys_VAR_ref_2,4.85,2.0
269,Sys_VAR_ref_3,4.85,2.0
269,User_VAR_1,5.0,5.0
269,User_VAR_2,5.0,5.0
269,User_VAR_3,5.0,2.0
270,Sys_VAR_ref_1,4.92,4.35
270,Sys_VAR_ref_2,4.92,4.35
270,Sys_VAR_ref_3,4.92,3.85
270,User_VAR_1,5.0,4.0
270,User_VAR_2,5.0,4.0
270,User_VAR_3,5.0,4.0
271,Sys_VAR_ref_1,4.85,3.6
271,Sys_VAR_ref_2,4.85,1.5
271,Sys_VAR_ref_3,4.92,4.95
271,User_VAR_1,5.0,2.0
271,User_VAR_2,5.0,4.0
271,User_VAR_3,5.0,4.0
272,Sys_VAR_ref_1,4.85,1.5
272,Sys_VAR_ref_2,4.65,3.85
272,Sys_VAR_ref_3,4.65,1.5
272,User_VAR_1,5.0,3.0
272,User_VAR_2,5.0,4.0
272,User_VAR_3,5.0,4.0
273,Sys_VAR_ref_1,4.92,4.88
273,Sys_VAR_ref_2,4.98,4.97
273,Sys_VAR_ref_3,5.0,5.0
273,User_VAR_1,5.0,5.0
273,User_VAR_2,5.0,5.0
273,User_VAR_3,5.0,5.0
274,Sys_VAR_ref_1,4.15,4.62
274,Sys_VAR_ref_2,4.12,3.0
274,Sys_VAR_ref_3,4.12,3.0
274,User_VAR_1,5.0,4.0
274,User_VAR_2,5.0,3.0
274,User_VAR_3,5.0,5.0
275,Sys_VAR_ref_1,2.15,2.85
275,Sys_VAR_ref_2,2.85,2.1
275,Sys_VAR_ref_3,2.15,3.0
275,User_VAR_1,5.0,3.0
275,User_VAR_2,3.33,3.0
275,User_VAR_3,3.33,3.0
276,Sys_VAR_ref_1,4.62,3.0
276,Sys_VAR_ref_2,4.82,3.0
276,Sys_VAR_ref_3,4.68,2.85
276,User_VAR_1,5.0,3.0
276,User_VAR_2,5.0,4.0
276,User_VAR_3,5.0,4.0
277,Sys_VAR_ref_1,4.85,1.5
277,Sys_VAR_ref_2,4.65,1.5
277,Sys_VAR_ref_3,4.85,1.5
277,User_VAR_1,5.0,4.0
277,User_VAR_2,5.0,2.0
277,User_VAR_3,5.0,2.0
278,Sys_VAR_ref_1,4.85,3.65
278,Sys_VAR_ref_2,4.82,3.65
278,Sys_VAR_ref_3,4.68,2.85
278,User_VAR_1,5.0,5.0
278,User_VAR_2,5.0,5.0
278,User_VAR_3,5.0,5.0
279,Sys_VAR_ref_1,4.98,4.95
279,Sys_VAR_ref_2,4.65,2.85
279,Sys_VAR_ref_3,4.92,4.85
279,User_VAR_1,5.0,4.0
279,User_VAR_2,5.0,3.0
279,User_VAR_3,5.0,4.0
280,Sys_VAR_ref_1,4.82,1.5
280,Sys_VAR_ref_2,4.85,1.5
280,Sys_VAR_ref_3,4.12,1.5
280,User_VAR_1,4.29,2.0
280,User_VAR_2,4.29,3.0
280,User_VAR_3,4.29,3.0
281,Sys_VAR_ref_1,4.12,2.0
281,Sys_VAR_ref_2,4.12,2.0
281,Sys_VAR_ref_3,3.85,2.0
281,User_VAR_1,4.29,2.0
281,User_VAR_2,4.29,4.0
281,User_VAR_3,4.29,3.0
282,Sys_VAR_ref_1,4.65,2.0
282,Sys_VAR_ref_2,4.35,2.0
282,Sys_VAR_ref_3,4.65,2.0
282,User_VAR_1,5.0,4.0
282,User_VAR_2,5.0,4.0
282,User_VAR_3,5.0,4.0
283,Sys_VAR_ref_1,4.95,4.98
283,Sys_VAR_ref_2,4.85,4.92
283,Sys_VAR_ref_3,4.85,4.92
283,User_VAR_1,5.0,4.0
283,User_VAR_2,5.0,4.0
283,User_VAR_3,5.0,4.0
284,Sys_VAR_ref_1,4.85,3.0
284,Sys_VAR_ref_2,4.85,3.0
284,Sys_VAR_ref_3,4.85,3.0
284,User_VAR_1,5.0,3.0
284,User_VAR_2,5.0,5.0
284,User_VAR_3,5.0,3.0
285,Sys_VAR_ref_1,3.65,1.5
285,Sys_VAR_ref_2,4.12,1.5
285,Sys_VAR_ref_3,3.65,1.5
285,User_VAR_1,4.29,2.0
285,User_VAR_2,4.29,2.0
285,User_VAR_3,4.29,3.0
286,Sys_VAR_ref_1,4.62,3.85
286,Sys_VAR_ref_2,4.85,3.65
286,Sys_VAR_ref_3,4.85,3.65
286,User_VAR_1,5.0,3.0
286,User_VAR_2,4.44,4.0
286,User_VAR_3,5.0,4.0
287,Sys_VAR_ref_1,4.65,2.85
287,Sys_VAR_ref_2,4.62,3.85
287,Sys_VAR_ref_3,4.85,2.75
287,User_VAR_1,5.0,5.0
287,User_VAR_2,5.0,5.0
287,User_VAR_3,5.0,4.0
288,Sys_VAR_ref_1,4.12,2.0
288,Sys_VAR_ref_2,4.15,2.0
288,Sys_VAR_ref_3,4.62,2.0
288,User_VAR_1,4.29,2.0
288,User_VAR_2,4.29,4.0
288,User_VAR_3,4.29,2.0
289,Sys_VAR_ref_1,4.35,3.0
289,Sys_VAR_ref_2,4.15,3.0
289,Sys_VAR_ref_3,4.85,3.0
289,User_VAR_1,5.0,3.0
289,User_VAR_2,5.0,4.0
289,User_VAR_3,5.0,3.0
290,Sys_VAR_ref_1,4.62,2.85
290,Sys_VAR_ref_2,4.65,2.85
290,Sys_VAR_ref_3,4.65,2.8
290,User_VAR_1,5.0,3.0
290,User_VAR_2,5.0,3.0
290,User_VAR_3,5.0,3.0
291,Sys_VAR_ref_1,4.82,3.65
291,Sys_VAR_ref_2,3.85,3.65
291,Sys_VAR_ref_3,4.15,3.85
291,User_VAR_1,5.0,4.0
291,User_VAR_2,5.0,2.0
291,User_VAR_3,5.0,2.0
292,Sys_VAR_ref_1,4.65,1.5
292,Sys_VAR_ref_2,4.12,1.5
292,Sys_VAR_ref_3,4.12,1.5
292,User_VAR_1,4.17,4.0
292,User_VAR_2,4.17,4.0
292,User_VAR_3,4.17,4.0
293,Sys_VAR_ref_1,4.12,2.0
293,Sys_VAR_ref_2,4.12,2.0
293,Sys_VAR_ref_3,4.65,2.0
293,User_VAR_1,4.17,2.0
293,User_VAR_2,4.38,2.0
293,User_VAR_3,5.0,3.0
294,Sys_VAR_ref_1,4.12,1.5
294,Sys_VAR_ref_2,4.12,1.5
294,Sys_VAR_ref_3,4.65,1.5
294,User_VAR_1,5.0,2.0
294,User_VAR_2,5.0,4.0
294,User_VAR_3,5.0,4.0
295,Sys_VAR_ref_1,4.12,1.5
295,Sys_VAR_ref_2,4.15,1.5
295,Sys_VAR_ref_3,4.85,1.5
295,User_VAR_1,5.0,3.0
295,User_VAR_2,5.0,4.0
295,User_VAR_3,5.0,3.0
296,Sys_VAR_ref_1,4.12,1.5
296,Sys_VAR_ref_2,4.12,1.5
296,Sys_VAR_ref_3,4.12,1.5
296,User_VAR_1,5.0,3.0
296,User_VAR_2,5.0,3.0
296,User_VAR_3,5.0,3.0
297,Sys_VAR_ref_1,1.25,1.5
297,Sys_VAR_ref_2,1.45,1.5
297,Sys_VAR_ref_3,0.15,1.5
297,User_VAR_1,1.88,2.0
297,User_VAR_2,3.0,2.0
297,User_VAR_3,3.0,2.0
298,Sys_VAR_ref_1,4.12,1.5
298,Sys_VAR_ref_2,4.12,1.5
298,Sys_VAR_ref_3,4.12,1.5
298,User_VAR_1,4.0,2.0
298,User_VAR_2,4.0,3.0
298,User_VAR_3,4.0,3.0
299,Sys_VAR_ref_1,4.65,2.0
299,Sys_VAR_ref_2,4.15,2.0
299,Sys_VAR_ref_3,4.65,2.0
299,User_VAR_1,4.29,2.0
299,User_VAR_2,4.38,4.0
299,User_VAR_3,4.38,4.0
300,Sys_VAR_ref_1,3.85,1.5
300,Sys_VAR_ref_2,4.12,1.85
300,Sys_VAR_ref_3,4.12,1.85
300,User_VAR_1,5.0,3.0
300,User_VAR_2,5.0,3.0
300,User_VAR_3,5.0,2.0
301,Sys_VAR_ref_1,4.68,3.42
301,Sys_VAR_ref_2,4.62,3.85
301,Sys_VAR_ref_3,4.65,3.2
301,User_VAR_1,5.0,4.0
301,User_VAR_2,5.0,3.0
301,User_VAR_3,5.0,3.0
302,Sys_VAR_ref_1,4.62,3.0
302,Sys_VAR_ref_2,4.68,3.0
302,Sys_VAR_ref_3,4.92,3.0
302,User_VAR_1,5.0,3.0
302,User_VAR_2,5.0,4.0
302,User_VAR_3,5.0,5.0
303,Sys_VAR_ref_1,3.82,2.65
303,Sys_VAR_ref_2,2.85,1.5
303,Sys_VAR_ref_3,3.45,1.5
303,User_VAR_1,4.0,2.0
303,User_VAR_2,3.0,3.0
303,User_VAR_3,4.0,2.0
304,Sys_VAR_ref_1,4.65,3.0
304,Sys_VAR_ref_2,4.62,3.0
304,Sys_VAR_ref_3,4.62,3.0
304,User_VAR_1,5.0,3.0
304,User_VAR_2,5.0,3.0
304,User_VAR_3,5.0,4.0
305,Sys_VAR_ref_1,4.82,1.5
305,Sys_VAR_ref_2,4.35,1.5
305,Sys_VAR_ref_3,4.35,1.5
305,User_VAR_1,5.0,2.0
305,User_VAR_2,5.0,2.0
305,User_VAR_3,5.0,3.0
306,Sys_VAR_ref_1,3.85,2.0
306,Sys_VAR_ref_2,4.15,2.0
306,Sys_VAR_ref_3,4.12,2.0
306,User_VAR_1,5.0,2.0
306,User_VAR_2,5.0,4.0
306,User_VAR_3,5.0,2.0
307,Sys_VAR_ref_1,3.42,1.5
307,Sys_VAR_ref_2,3.65,2.85
307,Sys_VAR_ref_3,3.42,4.15
307,User_VAR_1,5.0,2.0
307,User_VAR_2,5.0,4.0
307,User_VAR_3,5.0,3.0
308,Sys_VAR_ref_1,4.92,1.5
308,Sys_VAR_ref_2,4.85,1.5
308,Sys_VAR_ref_3,4.92,1.5
308,User_VAR_1,5.0,5.0
308,User_VAR_2,5.0,2.0
308,User_VAR_3,5.0,5.0
309,Sys_VAR_ref_1,4.68,1.5
309,Sys_VAR_ref_2,4.65,1.5
309,Sys_VAR_ref_3,4.65,1.5
309,User_VAR_1,5.0,2.0
309,User_VAR_2,5.0,2.0
309,User_VAR_3,5.0,4.0
310,Sys_VAR_ref_1,1.85,2.4
310,Sys_VAR_ref_2,1.25,1.5
310,Sys_VAR_ref_3,1.15,1.5
310,User_VAR_1,1.67,3.0
310,User_VAR_2,2.22,2.0
310,User_VAR_3,1.67,2.0
311,Sys_VAR_ref_1,1.25,1.8
311,Sys_VAR_ref_2,1.85,2.0
311,Sys_VAR_ref_3,1.85,1.2
311,User_VAR_1,1.67,3.0
311,User_VAR_2,1.11,3.0
311,User_VAR_3,1.67,3.0
312,Sys_VAR_ref_1,1.25,2.0
312,Sys_VAR_ref_2,1.42,2.0
312,Sys_VAR_ref_3,1.85,2.0
312,User_VAR_1,2.14,4.0
312,User_VAR_2,1.11,3.0
312,User_VAR_3,1.11,3.0
313,Sys_VAR_ref_1,1.42,1.5
313,Sys_VAR_ref_2,1.85,1.5
313,Sys_VAR_ref_3,1.85,1.5
313,User_VAR_1,2.22,2.0
313,User_VAR_2,1.67,2.0
313,User_VAR_3,2.22,3.0
314,Sys_VAR_ref_1,4.12,3.85
314,Sys_VAR_ref_2,2.85,3.62
314,Sys_VAR_ref_3,2.85,2.1
314,User_VAR_1,3.33,3.0
314,User_VAR_2,3.89,3.0
314,User_VAR_3,3.89,2.0
315,Sys_VAR_ref_1,0.15,3.0
315,Sys_VAR_ref_2,0.05,3.0
315,Sys_VAR_ref_3,1.85,2.1
315,User_VAR_1,0.0,4.0
315,User_VAR_2,0.0,3.0
315,User_VAR_3,2.22,3.0
316,Sys_VAR_ref_1,1.85,2.45
316,Sys_VAR_ref_2,1.85,2.0
316,Sys_VAR_ref_3,1.42,2.85
316,User_VAR_1,2.22,2.0
316,User_VAR_2,1.67,2.0
316,User_VAR_3,2.22,2.0
317,Sys_VAR_ref_1,1.85,2.0
317,Sys_VAR_ref_2,1.42,2.0
317,Sys_VAR_ref_3,1.15,2.0
317,User_VAR_1,1.67,2.0
317,User_VAR_2,1.67,5.0
317,User_VAR_3,1.11,5.0
318,Sys_VAR_ref_1,1.85,1.5
318,Sys_VAR_ref_2,4.12,1.5
318,Sys_VAR_ref_3,1.42,1.5
318,User_VAR_1,1.67,3.0
318,User_VAR_2,1.67,2.0
318,User_VAR_3,1.67,2.0
319,Sys_VAR_ref_1,1.85,1.42
319,Sys_VAR_ref_2,1.15,1.5
319,Sys_VAR_ref_3,1.25,1.5
319,User_VAR_1,1.11,2.0
319,User_VAR_2,1.67,2.0
319,User_VAR_3,1.11,2.0
320,Sys_VAR_ref_1,1.85,2.1
320,Sys_VAR_ref_2,1.85,2.9
320,Sys_VAR_ref_3,1.85,3.42
320,User_VAR_1,3.0,4.0
320,User_VAR_2,3.33,4.0
320,User_VAR_3,3.33,4.0
321,Sys_VAR_ref_2,1.85,2.4
321,Sys_VAR_ref_3,1.85,2.1
321,User_VAR_1,2.14,2.0
321,User_VAR_2,2.14,2.0
321,User_VAR_3,2.14,2.0
322,Sys_VAR_ref_1,2.85,1.95
322,Sys_VAR_ref_2,2.85,1.92
322,Sys_VAR_ref_3,2.85,1.65
322,User_VAR_1,2.14,3.0
322,User_VAR_2,2.14,2.0
322,User_VAR_3,2.86,2.0
323,Sys_VAR_ref_1,4.65,3.82
323,Sys_VAR_ref_2,4.65,2.85
323,Sys_VAR_ref_3,4.15,3.2
323,User_VAR_1,4.29,3.0
323,User_VAR_2,4.29,3.0
323,User_VAR_3,4.29,3.0
324,Sys_VAR_ref_1,1.85,2.92
324,Sys_VAR_ref_2,2.85,2.15
324,Sys_VAR_ref_3,2.15,2.85
324,User_VAR_1,3.57,4.0
324,User_VAR_2,3.57,3.0
324,User_VAR_3,3.57,4.0
325,Sys_VAR_ref_1,4.72,3.85
325,Sys_VAR_ref_2,4.72,2.85
325,Sys_VAR_ref_3,4.12,3.85
325,User_VAR_1,5.0,4.0
325,User_VAR_2,5.0,3.0
325,User_VAR_3,5.0,3.0
326,Sys_VAR_ref_1,4.85,3.72
326,Sys_VAR_ref_2,4.72,2.85
326,Sys_VAR_ref_3,4.72,3.85
326,User_VAR_1,5.0,4.0
326,User_VAR_2,5.0,2.0
326,User_VAR_3,5.0,2.0
327,Sys_VAR_ref_1,4.65,3.82
327,Sys_VAR_ref_2,4.85,2.8
327,Sys_VAR_ref_3,4.85,3.62
327,User_VAR_1,5.0,4.0
327,User_VAR_2,4.29,3.0
327,User_VAR_3,5.0,4.0
328,Sys_VAR_ref_1,1.85,2.1
328,Sys_VAR_ref_2,2.15,1.2
328,Sys_VAR_ref_3,2.85,1.2
328,User_VAR_1,2.14,1.0
328,User_VAR_2,2.14,2.0
328,User_VAR_3,2.14,2.0
329,Sys_VAR_ref_1,4.85,3.65
329,Sys_VAR_ref_2,4.85,3.65
329,Sys_VAR_ref_3,4.85,4.12
329,User_VAR_1,5.0,4.0
329,User_VAR_2,5.0,4.0
329,User_VAR_3,5.0,4.0
330,Sys_VAR_ref_1,1.85,1.2
330,Sys_VAR_ref_2,3.15,1.85
330,Sys_VAR_ref_3,1.85,1.65
330,User_VAR_1,1.67,2.0
330,User_VAR_2,3.75,1.0
330,User_VAR_3,1.67,2.0
331,Sys_VAR_ref_1,4.85,4.72
331,Sys_VAR_ref_2,4.85,3.92
331,Sys_VAR_ref_3,4.12,3.85
331,User_VAR_1,5.0,4.0
331,User_VAR_2,5.0,5.0
331,User_VAR_3,5.0,4.0
332,Sys_VAR_ref_1,4.72,3.65
332,Sys_VAR_ref_2,4.65,2.85
332,Sys_VAR_ref_3,4.65,2.15
332,User_VAR_1,4.17,2.0
332,User_VAR_2,5.0,2.0
332,User_VAR_3,4.17,2.0
333,Sys_VAR_ref_1,4.65,2.85
333,Sys_VAR_ref_2,4.98,4.95
333,Sys_VAR_ref_3,4.72,2.85
333,User_VAR_1,5.0,5.0
333,User_VAR_2,5.0,5.0
333,User_VAR_3,5.0,5.0
334,Sys_VAR_ref_1,4.12,1.85
334,Sys_VAR_ref_2,3.42,1.85
334,Sys_VAR_ref_3,2.85,2.15
334,User_VAR_1,3.57,2.0
334,User_VAR_2,5.0,2.0
334,User_VAR_3,5.0,2.0
335,Sys_VAR_ref_1,4.85,4.92
335,Sys_VAR_ref_2,4.72,2.0
335,Sys_VAR_ref_3,4.85,4.92
335,User_VAR_1,5.0,2.0
335,User_VAR_2,5.0,2.0
335,User_VAR_3,5.0,5.0
336,Sys_VAR_ref_1,4.62,2.85
336,Sys_VAR_ref_2,4.12,2.85
336,Sys_VAR_ref_3,4.65,2.85
336,User_VAR_1,5.0,3.0
336,User_VAR_2,5.0,3.0
336,User_VAR_3,5.0,3.0
337,Sys_VAR_ref_1,4.85,2.15
337,Sys_VAR_ref_2,4.12,2.85
337,Sys_VAR_ref_3,2.85,2.1
337,User_VAR_1,4.17,4.0
337,User_VAR_2,2.5,3.0
337,User_VAR_3,2.5,3.0
338,Sys_VAR_ref_1,4.85,3.6
338,Sys_VAR_ref_2,4.85,2.1
338,Sys_VAR_ref_3,4.85,2.65
338,User_VAR_1,5.0,4.0
338,User_VAR_2,5.0,4.0
338,User_VAR_3,5.0,4.0
339,Sys_VAR_ref_1,4.65,4.82
339,Sys_VAR_ref_2,4.12,2.85
339,Sys_VAR_ref_3,4.12,3.85
339,User_VAR_1,4.17,3.0
339,User_VAR_2,4.17,5.0
339,User_VAR_3,5.0,2.0
340,Sys_VAR_ref_1,4.72,3.85
340,Sys_VAR_ref_2,4.35,2.85
340,Sys_VAR_ref_3,4.82,3.65
340,User_VAR_1,4.29,2.0
340,User_VAR_2,4.29,3.0
340,User_VAR_3,4.29,3.0
341,Sys_VAR_ref_1,4.35,3.65
341,Sys_VAR_ref_2,4.65,3.85
341,Sys_VAR_ref_3,4.82,3.65
341,User_VAR_1,5.0,3.0
341,User_VAR_2,5.0,4.0
341,User_VAR_3,5.0,3.0
342,Sys_VAR_ref_1,4.82,3.65
342,Sys_VAR_ref_2,4.85,4.2
342,Sys_VAR_ref_3,4.72,3.85
342,User_VAR_1,5.0,3.0
342,User_VAR_2,5.0,4.0
342,User_VAR_3,5.0,3.0
343,Sys_VAR_ref_1,4.85,3.65
343,Sys_VAR_ref_2,4.72,3.65
343,Sys_VAR_ref_3,4.72,3.85
343,User_VAR_1,5.0,4.0
343,User_VAR_2,5.0,4.0
343,User_VAR_3,5.0,4.0
344,Sys_VAR_ref_1,4.72,3.85
344,Sys_VAR_ref_2,4.15,2.85
344,Sys_VAR_ref_3,4.35,2.65
344,User_VAR_1,3.57,3.0
344,User_VAR_2,3.57,3.0
344,User_VAR_3,4.17,4.0
345,Sys_VAR_ref_1,4.72,3.85
345,Sys_VAR_ref_2,4.72,3.85
345,Sys_VAR_ref_3,4.72,3.85
345,User_VAR_1,5.0,3.0
345,User_VAR_2,5.0,4.0
345,User_VAR_3,5.0,3.0
346,Sys_VAR_ref_1,4.35,3.82
346,Sys_VAR_ref_2,4.72,3.85
346,Sys_VAR_ref_3,4.72,3.85
346,User_VAR_1,5.0,4.0
346,User_VAR_2,5.0,4.0
346,User_VAR_3,5.0,4.0
347,Sys_VAR_ref_1,4.72,3.85
347,Sys_VAR_ref_2,4.92,4.88
347,Sys_VAR_ref_3,4.72,3.85
347,User_VAR_1,5.0,5.0
347,User_VAR_2,5.0,4.0
347,User_VAR_3,5.0,4.0
348,Sys_VAR_ref_1,4.35,2.85
348,Sys_VAR_ref_2,4.82,3.65
348,Sys_VAR_ref_3,3.82,3.45
348,User_VAR_1,5.0,3.0
348,User_VAR_2,5.0,3.0
348,User_VAR_3,5.0,3.0
349,Sys_VAR_ref_1,4.92,4.85
349,Sys_VAR_ref_2,4.92,4.95
349,Sys_VAR_ref_3,4.82,3.65
349,User_VAR_1,5.0,4.0
349,User_VAR_2,5.0,4.0
349,User_VAR_3,5.0,4.0
350,Sys_VAR_ref_1,4.85,1.5
350,Sys_VAR_ref_2,4.85,1.5
350,Sys_VAR_ref_3,4.25,1.5
350,User_VAR_1,5.0,2.0
350,User_VAR_2,5.0,3.0
350,User_VAR_3,5.0,3.0
351,Sys_VAR_ref_1,4.12,3.65
351,Sys_VAR_ref_2,4.85,3.72
351,Sys_VAR_ref_3,4.15,3.25
351,User_VAR_1,5.0,2.0
351,User_VAR_2,5.0,4.0
351,User_VAR_3,5.0,4.0
352,Sys_VAR_ref_1,4.65,1.5
352,Sys_VAR_ref_2,4.85,3.65
352,Sys_VAR_ref_3,4.85,1.5
352,User_VAR_1,5.0,3.0
352,User_VAR_2,4.44,3.0
352,User_VAR_3,4.44,2.0
353,Sys_VAR_ref_1,4.15,1.5
353,Sys_VAR_ref_2,3.85,3.6
353,Sys_VAR_ref_3,4.85,3.6
353,User_VAR_1,5.0,3.0
353,User_VAR_2,3.75,2.0
353,User_VAR_3,5.0,3.0
354,Sys_VAR_ref_1,4.12,1.5
354,Sys_VAR_ref_2,3.45,1.5
354,Sys_VAR_ref_3,4.85,1.5
354,User_VAR_1,5.0,4.0
354,User_VAR_2,5.0,3.0
354,User_VAR_3,5.0,3.0
355,Sys_VAR_ref_1,3.85,1.2
355,Sys_VAR_ref_2,4.82,1.15
355,Sys_VAR_ref_3,3.82,1.47
355,User_VAR_1,5.0,1.0
355,User_VAR_2,5.0,0.0
355,User_VAR_3,5.0,0.0
356,Sys_VAR_ref_1,4.85,4.92
356,Sys_VAR_ref_2,4.85,4.92
356,Sys_VAR_ref_3,4.85,4.2
356,User_VAR_1,5.0,5.0
356,User_VAR_2,5.0,5.0
356,User_VAR_3,5.0,5.0
357,Sys_VAR_ref_1,4.12,1.5
357,Sys_VAR_ref_2,3.65,1.5
357,Sys_VAR_ref_3,4.12,1.5
357,User_VAR_1,3.0,2.0
357,User_VAR_2,5.0,2.0
357,User_VAR_3,3.0,2.0
358,Sys_VAR_ref_1,4.65,1.5
358,Sys_VAR_ref_2,2.85,2.1
358,Sys_VAR_ref_3,4.85,1.5
358,User_VAR_1,5.0,3.0
358,User_VAR_2,2.22,3.0
358,User_VAR_3,5.0,2.0
359,Sys_VAR_ref_1,4.85,3.75
359,Sys_VAR_ref_2,4.85,3.6
359,Sys_VAR_ref_3,4.12,1.5
359,User_VAR_1,5.0,4.0
359,User_VAR_2,5.0,4.0
359,User_VAR_3,5.0,4.0
360,Sys_VAR_ref_1,2.15,2.85
360,Sys_VAR_ref_2,2.15,3.4
360,Sys_VAR_ref_3,3.42,2.85
360,User_VAR_1,3.0,2.0
360,User_VAR_2,2.78,3.0
360,User_VAR_3,2.78,2.0
361,Sys_VAR_ref_1,3.85,2.15
361,Sys_VAR_ref_2,4.12,2.85
361,Sys_VAR_ref_3,4.15,2.85
361,User_VAR_1,3.12,2.0
361,User_VAR_2,3.75,2.0
361,User_VAR_3,3.75,2.0
362,Sys_VAR_ref_1,0.85,1.2
362,Sys_VAR_ref_2,1.25,1.8
362,Sys_VAR_ref_3,1.42,2.85
362,User_VAR_1,1.11,2.0
362,User_VAR_2,1.11,2.0
362,User_VAR_3,1.11,2.0
363,Sys_VAR_ref_1,4.12,2.85
363,Sys_VAR_ref_2,4.85,2.1
363,Sys_VAR_ref_3,3.85,2.1
363,User_VAR_1,4.44,3.0
363,User_VAR_2,4.44,2.0
363,User_VAR_3,2.78,2.0
364,Sys_VAR_ref_1,3.82,2.45
364,Sys_VAR_ref_2,4.85,3.72
364,Sys_VAR_ref_3,4.15,2.85
364,User_VAR_1,5.0,4.0
364,User_VAR_2,4.0,4.0
364,User_VAR_3,5.0,2.0
365,Sys_VAR_ref_1,3.15,1.85
365,Sys_VAR_ref_2,3.15,1.85
365,Sys_VAR_ref_3,3.85,1.42
365,User_VAR_1,3.89,2.0
365,User_VAR_2,3.89,2.0
365,User_VAR_3,2.78,2.0
366,Sys_VAR_ref_1,3.85,2.15
366,Sys_VAR_ref_2,4.85,1.5
366,Sys_VAR_ref_3,4.85,2.65
366,User_VAR_1,5.0,2.0
366,User_VAR_2,5.0,2.0
366,User_VAR_3,5.0,2.0
367,Sys_VAR_ref_1,4.12,2.85
367,Sys_VAR_ref_2,4.12,1.85
367,Sys_VAR_ref_3,2.85,1.42
367,User_VAR_1,3.0,3.0
367,User_VAR_2,5.0,1.0
367,User_VAR_3,3.0,3.0
368,Sys_VAR_ref_1,2.85,2.15
368,Sys_VAR_ref_2,2.85,2.6
368,Sys_VAR_ref_3,2.85,2.4
368,User_VAR_1,2.22,3.0
368,User_VAR_2,2.22,3.0
368,User_VAR_3,2.22,4.0
369,Sys_VAR_ref_1,4.85,3.92
369,Sys_VAR_ref_2,4.85,3.92
369,Sys_VAR_ref_3,4.85,3.65
369,User_VAR_1,5.0,4.0
369,User_VAR_2,5.0,5.0
369,User_VAR_3,5.0,4.0
370,Sys_VAR_ref_1,4.85,2.15
370,Sys_VAR_ref_2,3.85,2.15
370,Sys_VAR_ref_3,4.12,2.35
370,User_VAR_1,5.0,3.0
370,User_VAR_2,5.0,2.0
370,User_VAR_3,5.0,2.0
371,Sys_VAR_ref_1,1.85,2.92
371,Sys_VAR_ref_2,1.85,2.4
371,Sys_VAR_ref_3,1.85,2.1
371,User_VAR_1,3.33,2.0
371,User_VAR_2,3.75,2.0
371,User_VAR_3,2.5,4.0
372,Sys_VAR_ref_1,4.85,3.72
372,Sys_VAR_ref_2,4.85,2.65
372,Sys_VAR_ref_3,5.0,4.95
372,User_VAR_1,5.0,2.0
372,User_VAR_2,5.0,4.0
372,User_VAR_3,5.0,2.0
373,Sys_VAR_ref_1,4.12,3.85
373,Sys_VAR_ref_2,4.15,4.62
373,Sys_VAR_ref_3,4.72,4.15
373,User_VAR_1,5.0,4.0
373,User_VAR_2,4.44,4.0
373,User_VAR_3,5.0,5.0
374,Sys_VAR_ref_1,4.65,2.85
374,Sys_VAR_ref_2,4.65,2.85
374,Sys_VAR_ref_3,4.12,1.85
374,User_VAR_1,4.44,3.0
374,User_VAR_2,4.44,3.0
374,User_VAR_3,4.44,3.0
375,Sys_VAR_ref_1,2.85,2.15
375,Sys_VAR_ref_2,2.85,2.15
375,Sys_VAR_ref_3,2.85,1.92
375,User_VAR_1,3.75,3.0
375,User_VAR_2,3.0,3.0
375,User_VAR_3,5.0,2.0
376,Sys_VAR_ref_1,2.85,2.4
376,Sys_VAR_ref_2,2.15,2.85
376,Sys_VAR_ref_3,4.65,3.82
376,User_VAR_1,2.22,2.0
376,User_VAR_2,5.0,2.0
376,User_VAR_3,2.86,4.0
377,Sys_VAR_ref_1,4.85,3.7
377,Sys_VAR_ref_2,4.85,3.6
377,Sys_VAR_ref_3,4.15,2.65
377,User_VAR_1,0.0,4.0
377,User_VAR_2,0.0,4.0
377,User_VAR_3,4.29,4.0
378,Sys_VAR_ref_1,3.85,2.75
378,Sys_VAR_ref_2,3.42,2.85
378,Sys_VAR_ref_3,3.85,3.2
378,User_VAR_1,3.33,2.0
378,User_VAR_2,3.33,4.0
378,User_VAR_3,3.0,3.0
379,Sys_VAR_ref_1,4.85,4.2
379,Sys_VAR_ref_2,4.82,3.65
379,Sys_VAR_ref_3,4.85,4.92
379,User_VAR_1,5.0,5.0
379,User_VAR_2,5.0,4.0
379,User_VAR_3,5.0,5.0
380,Sys_VAR_ref_1,4.85,3.2
380,Sys_VAR_ref_2,5.0,5.0
380,Sys_VAR_ref_3,5.0,5.0
380,User_VAR_1,5.0,3.0
380,User_VAR_2,5.0,3.0
380,User_VAR_3,5.0,3.0
381,Sys_VAR_ref_1,4.65,3.82
381,Sys_VAR_ref_2,3.85,2.15
381,Sys_VAR_ref_3,4.25,4.1
381,User_VAR_1,4.29,3.0
381,User_VAR_2,3.57,4.0
381,User_VAR_3,4.38,4.0
382,Sys_VAR_ref_1,3.85,2.0
382,Sys_VAR_ref_2,4.65,2.0
382,Sys_VAR_ref_3,4.85,2.0
382,User_VAR_1,3.12,2.0
382,User_VAR_2,3.12,2.0
382,User_VAR_3,3.12,3.0
383,Sys_VAR_ref_1,4.85,1.5
383,Sys_VAR_ref_2,4.72,3.85
383,Sys_VAR_ref_3,4.15,1.5
383,User_VAR_1,5.0,3.0
383,User_VAR_2,5.0,4.0
383,User_VAR_3,5.0,3.0
384,Sys_VAR_ref_1,4.65,2.85
384,Sys_VAR_ref_2,4.15,2.85
384,Sys_VAR_ref_3,4.65,3.82
384,User_VAR_1,5.0,4.0
384,User_VAR_2,5.0,3.0
384,User_VAR_3,4.29,3.0
385,Sys_VAR_ref_1,2.15,1.85
385,Sys_VAR_ref_2,3.45,2.85
385,Sys_VAR_ref_3,3.82,2.15
385,User_VAR_1,3.33,2.0
385,User_VAR_2,3.33,3.0
385,User_VAR_3,3.89,2.0
386,Sys_VAR_ref_1,4.12,1.5
386,Sys_VAR_ref_2,4.65,1.5
386,Sys_VAR_ref_3,4.65,1.5
386,User_VAR_1,5.0,3.0
386,User_VAR_2,5.0,3.0
386,User_VAR_3,5.0,3.0
387,Sys_VAR_ref_1,1.85,4.12
387,Sys_VAR_ref_2,4.85,3.2
387,Sys_VAR_ref_3,1.85,0.92
387,User_VAR_1,5.0,2.0
387,User_VAR_2,0.0,2.0
387,User_VAR_3,0.0,2.0
388,Sys_VAR_ref_1,4.12,1.5
388,Sys_VAR_ref_2,3.42,1.5
388,Sys_VAR_ref_3,4.65,3.82
388,User_VAR_1,4.38,3.0
388,User_VAR_2,3.75,3.0
388,User_VAR_3,3.75,3.0
389,Sys_VAR_ref_1,3.82,1.47
389,Sys_VAR_ref_2,4.15,1.5
389,Sys_VAR_ref_3,4.65,1.5
389,User_VAR_1,0.0,2.0
389,User_VAR_2,3.89,3.0
389,User_VAR_3,5.0,3.0
390,Sys_VAR_ref_1,3.82,1.47
390,Sys_VAR_ref_2,3.82,1.47
390,Sys_VAR_ref_3,3.82,1.47
390,User_VAR_1,4.0,1.0
390,User_VAR_2,5.0,1.0
390,User_VAR_3,5.0,1.0
391,Sys_VAR_ref_1,3.85,1.92
391,Sys_VAR_ref_2,4.12,2.85
391,Sys_VAR_ref_3,4.15,2.85
391,User_VAR_1,5.0,3.0
391,User_VAR_2,3.89,3.0
391,User_VAR_3,3.89,3.0
392,Sys_VAR_ref_1,4.25,2.85
392,Sys_VAR_ref_2,4.85,2.15
392,Sys_VAR_ref_3,4.85,2.15
392,User_VAR_1,5.0,2.0
392,User_VAR_2,4.17,4.0
392,User_VAR_3,5.0,2.0
393,Sys_VAR_ref_1,0.15,2.85
393,Sys_VAR_ref_2,0.42,1.85
393,Sys_VAR_ref_3,1.85,2.1
393,User_VAR_1,0.62,3.0
393,User_VAR_2,1.67,3.0
393,User_VAR_3,0.62,3.0
394,Sys_VAR_ref_1,1.25,2.1
394,Sys_VAR_ref_2,1.25,2.85
394,Sys_VAR_ref_3,1.25,2.85
394,User_VAR_1,1.25,3.0
394,User_VAR_2,1.25,3.0
394,User_VAR_3,1.25,3.0
395,Sys_VAR_ref_1,1.85,3.62
395,Sys_VAR_ref_2,1.85,2.65
395,Sys_VAR_ref_3,0.0,3.85
395,User_VAR_1,0.0,4.0
395,User_VAR_2,1.67,3.0
395,User_VAR_3,1.67,3.0
396,Sys_VAR_ref_1,1.85,3.42
396,Sys_VAR_ref_2,1.85,2.1
396,Sys_VAR_ref_3,1.85,2.4
396,User_VAR_1,1.67,5.0
396,User_VAR_2,1.67,3.0
396,User_VAR_3,1.67,3.0
397,Sys_VAR_ref_1,1.25,2.85
397,Sys_VAR_ref_2,1.25,1.85
397,Sys_VAR_ref_3,0.85,1.42
397,User_VAR_1,5.0,2.0
397,User_VAR_2,0.56,4.0
397,User_VAR_3,1.11,4.0
398,Sys_VAR_ref_1,4.85,3.65
398,Sys_VAR_ref_2,4.12,2.85
398,Sys_VAR_ref_3,3.85,3.62
398,User_VAR_1,3.57,2.0
398,User_VAR_2,3.57,3.0
398,User_VAR_3,3.57,2.0
399,Sys_VAR_ref_1,0.12,4.35
399,Sys_VAR_ref_2,0.12,3.85
399,Sys_VAR_ref_3,0.85,3.72
399,User_VAR_1,0.56,3.0
399,User_VAR_2,0.56,3.0
399,User_VAR_3,0.56,4.0
400,Sys_VAR_ref_1,1.25,2.8
400,Sys_VAR_ref_2,1.85,2.1
400,Sys_VAR_ref_3,1.25,2.1
400,User_VAR_1,3.57,2.0
400,User_VAR_2,3.57,3.0
400,User_VAR_3,3.57,3.0
401,Sys_VAR_ref_1,4.25,1.5
401,Sys_VAR_ref_2,4.25,1.5
401,Sys_VAR_ref_3,4.85,1.5
401,User_VAR_1,5.0,2.0
401,User_VAR_2,3.89,2.0
401,User_VAR_3,3.89,2.0
402,Sys_VAR_ref_1,4.25,3.85
402,Sys_VAR_ref_2,4.85,3.72
402,Sys_VAR_ref_3,4.85,4.2
402,User_VAR_1,5.0,4.0
402,User_VAR_2,3.75,4.0
402,User_VAR_3,5.0,5.0
403,Sys_VAR_ref_1,4.85,3.65
403,Sys_VAR_ref_2,4.25,3.8
403,Sys_VAR_ref_3,4.85,3.75
403,User_VAR_1,4.38,4.0
403,User_VAR_2,4.38,4.0
403,User_VAR_3,4.38,2.0
404,Sys_VAR_ref_1,4.65,3.82
404,Sys_VAR_ref_2,4.85,4.2
404,Sys_VAR_ref_3,4.85,3.75
404,User_VAR_1,5.0,4.0
404,User_VAR_2,5.0,4.0
404,User_VAR_3,5.0,4.0
405,Sys_VAR_ref_1,4.65,2.85
405,Sys_VAR_ref_2,4.12,1.5
405,Sys_VAR_ref_3,4.85,1.2
405,User_VAR_1,5.0,1.0
405,User_VAR_2,5.0,3.0
405,User_VAR_3,0.0,1.0
406,Sys_VAR_ref_1,2.85,2.1
406,Sys_VAR_ref_2,2.85,1.92
406,Sys_VAR_ref_3,2.15,1.85
406,User_VAR_1,2.22,1.0
406,User_VAR_2,2.78,2.0
406,User_VAR_3,3.75,2.0
407,Sys_VAR_ref_1,4.85,2.15
407,Sys_VAR_ref_2,4.15,3.62
407,Sys_VAR_ref_3,4.85,3.62
407,User_VAR_1,5.0,4.0
407,User_VAR_2,5.0,4.0
407,User_VAR_3,4.17,4.0
408,Sys_VAR_ref_1,4.85,4.12
408,Sys_VAR_ref_2,4.85,4.2
408,Sys_VAR_ref_3,4.85,2.15
408,User_VAR_1,4.29,4.0
408,User_VAR_2,4.29,4.0
408,User_VAR_3,5.0,4.0
409,Sys_VAR_ref_1,0.0,0.0
409,Sys_VAR_ref_2,0.0,4.85
409,Sys_VAR_ref_3,0.0,1.0
409,User_VAR_1,0.0,5.0
409,User_VAR_2,0.0,5.0
409,User_VAR_3,0.0,5.0
410,Sys_VAR_ref_1,2.85,1.2
410,Sys_VAR_ref_2,4.62,1.85
410,Sys_VAR_ref_3,3.42,1.65
410,User_VAR_1,5.0,3.0
410,User_VAR_2,2.78,2.0
410,User_VAR_3,5.0,3.0
411,Sys_VAR_ref_1,2.85,1.92
411,Sys_VAR_ref_2,1.85,2.1
411,Sys_VAR_ref_3,2.15,1.85
411,User_VAR_1,2.78,1.0
411,User_VAR_2,2.78,1.0
411,User_VAR_3,3.33,2.0
412,Sys_VAR_ref_1,3.45,2.85
412,Sys_VAR_ref_2,4.92,4.35
412,Sys_VAR_ref_3,3.45,2.85
412,User_VAR_1,5.0,4.0
412,User_VAR_2,3.33,4.0
412,User_VAR_3,3.33,3.0
413,Sys_VAR_ref_1,3.45,2.85
413,Sys_VAR_ref_2,2.78,3.42
413,Sys_VAR_ref_3,2.85,2.1
413,User_VAR_1,3.12,4.0
413,User_VAR_2,2.78,2.0
413,User_VAR_3,2.78,2.0
414,Sys_VAR_ref_1,1.85,2.1
414,Sys_VAR_ref_2,1.85,2.4
414,Sys_VAR_ref_3,1.85,2.1
414,User_VAR_1,4.38,2.0
414,User_VAR_2,5.0,2.0
414,User_VAR_3,5.0,2.0
415,Sys_VAR_ref_1,2.85,2.4
415,Sys_VAR_ref_2,3.45,2.85
415,Sys_VAR_ref_3,2.85,1.5
415,User_VAR_1,3.33,3.0
415,User_VAR_2,3.33,2.0
415,User_VAR_3,3.33,2.0
416,Sys_VAR_ref_1,4.12,2.85
416,Sys_VAR_ref_2,3.45,3.82
416,Sys_VAR_ref_3,3.42,2.85
416,User_VAR_1,3.33,4.0
416,User_VAR_2,5.0,3.0
416,User_VAR_3,3.33,3.0
417,Sys_VAR_ref_1,3.82,3.65
417,Sys_VAR_ref_2,4.12,3.65
417,Sys_VAR_ref_3,3.85,2.9
417,User_VAR_1,3.89,4.0
417,User_VAR_2,3.89,4.0
417,User_VAR_3,3.89,4.0
418,Sys_VAR_ref_1,2.15,1.85
418,Sys_VAR_ref_2,3.85,3.62
418,Sys_VAR_ref_3,3.82,1.47
418,User_VAR_1,5.0,3.0
418,User_VAR_2,5.0,1.0
418,User_VAR_3,3.89,1.0
419,Sys_VAR_ref_1,4.65,2.85
419,Sys_VAR_ref_2,4.85,4.2
419,Sys_VAR_ref_3,4.85,3.2
419,User_VAR_1,4.44,4.0
419,User_VAR_2,4.44,4.0
419,User_VAR_3,4.44,4.0
420,Sys_VAR_ref_1,0.85,2.4
420,Sys_VAR_ref_2,2.15,1.85
420,Sys_VAR_ref_3,1.85,2.4
420,User_VAR_1,3.12,2.0
420,User_VAR_2,1.67,2.0
420,User_VAR_3,3.12,2.0
421,Sys_VAR_ref_1,2.85,1.65
421,Sys_VAR_ref_2,2.85,1.65
421,Sys_VAR_ref_3,2.15,1.85
421,User_VAR_1,2.5,2.0
421,User_VAR_2,2.5,2.0
421,User_VAR_3,2.5,2.0
422,Sys_VAR_ref_1,3.85,1.2
422,Sys_VAR_ref_2,1.85,1.2
422,Sys_VAR_ref_3,2.85,1.65
422,User_VAR_1,3.75,1.0
422,User_VAR_2,3.12,2.0
422,User_VAR_3,3.12,2.0
423,Sys_VAR_ref_1,2.85,1.65
423,Sys_VAR_ref_2,3.85,1.92
423,Sys_VAR_ref_3,2.85,1.45
423,User_VAR_1,3.12,2.0
423,User_VAR_2,3.12,2.0
423,User_VAR_3,3.12,2.0
424,Sys_VAR_ref_1,1.85,1.2
424,Sys_VAR_ref_2,2.85,1.92
424,Sys_VAR_ref_3,2.85,1.2
424,User_VAR_1,3.12,2.0
424,User_VAR_2,3.75,1.0
424,User_VAR_3,3.75,2.0
425,Sys_VAR_ref_1,2.85,1.9
425,Sys_VAR_ref_2,2.85,1.65
425,Sys_VAR_ref_3,2.85,1.92
425,User_VAR_1,3.12,2.0
425,User_VAR_2,3.12,2.0
425,User_VAR_3,2.5,1.0
426,Sys_VAR_ref_1,3.85,2.15
426,Sys_VAR_ref_2,4.65,2.85
426,Sys_VAR_ref_3,4.65,3.82
426,User_VAR_1,3.75,4.0
426,User_VAR_2,3.75,4.0
426,User_VAR_3,3.75,4.0
427,Sys_VAR_ref_1,2.85,1.65
427,Sys_VAR_ref_2,2.15,1.85
427,Sys_VAR_ref_3,3.15,1.82
427,User_VAR_1,2.5,2.0
427,User_VAR_2,2.5,2.0
427,User_VAR_3,2.5,2.0
428,Sys_VAR_ref_1,2.85,1.5
428,Sys_VAR_ref_2,2.85,1.45
428,Sys_VAR_ref_3,2.15,1.5
428,User_VAR_1,3.12,2.0
428,User_VAR_2,3.12,1.0
428,User_VAR_3,3.12,2.0
429,Sys_VAR_ref_1,2.85,2.4
429,Sys_VAR_ref_2,2.85,2.4
429,Sys_VAR_ref_3,2.15,2.8
429,User_VAR_1,3.12,1.0
429,User_VAR_2,3.12,3.0
429,User_VAR_3,3.12,1.0
430,Sys_VAR_ref_1,0.0,0.85
430,Sys_VAR_ref_2,1.85,1.5
430,Sys_VAR_ref_3,0.0,1.5
430,User_VAR_1,0.0,2.0
430,User_VAR_2,3.33,2.0
430,User_VAR_3,0.0,2.0
431,Sys_VAR_ref_1,3.85,3.6
431,Sys_VAR_ref_2,3.85,2.9
431,Sys_VAR_ref_3,4.65,3.82
431,User_VAR_1,3.75,5.0
431,User_VAR_2,3.75,5.0
431,User_VAR_3,2.5,5.0
432,Sys_VAR_ref_1,2.85,2.15
432,Sys_VAR_ref_2,1.85,1.42
432,Sys_VAR_ref_3,1.85,2.4
432,User_VAR_1,1.25,3.0
432,User_VAR_2,1.88,2.0
432,User_VAR_3,1.88,3.0
433,Sys_VAR_ref_1,2.85,2.1
433,Sys_VAR_ref_2,1.85,1.92
433,Sys_VAR_ref_3,0.85,2.1
433,User_VAR_1,3.75,2.0
433,User_VAR_2,3.75,2.0
433,User_VAR_3,3.75,2.0
434,Sys_VAR_ref_1,0.12,1.35
434,Sys_VAR_ref_2,0.15,1.5
434,Sys_VAR_ref_3,0.12,1.35
434,User_VAR_1,0.0,1.0
434,User_VAR_2,0.0,2.0
434,User_VAR_3,0.0,2.0
435,Sys_VAR_ref_1,0.15,0.85
435,Sys_VAR_ref_2,0.12,0.85
435,Sys_VAR_ref_3,0.42,1.15
435,User_VAR_1,0.0,1.0
435,User_VAR_2,0.0,1.0
435,User_VAR_3,0.0,2.0
436,Sys_VAR_ref_1,4.85,3.6
436,Sys_VAR_ref_2,4.85,4.7
436,Sys_VAR_ref_3,4.85,4.92
436,User_VAR_1,5.0,5.0
436,User_VAR_2,5.0,5.0
436,User_VAR_3,5.0,5.0
437,Sys_VAR_ref_1,4.15,3.85
437,Sys_VAR_ref_2,4.85,3.62
437,Sys_VAR_ref_3,4.85,3.72
437,User_VAR_1,4.38,3.0
437,User_VAR_2,3.75,5.0
437,User_VAR_3,4.38,5.0
438,Sys_VAR_ref_1,3.42,2.15
438,Sys_VAR_ref_2,2.85,1.5
438,Sys_VAR_ref_3,2.85,1.45
438,User_VAR_1,3.12,2.0
438,User_VAR_2,3.12,2.0
438,User_VAR_3,3.12,2.0
439,Sys_VAR_ref_1,4.98,4.95
439,Sys_VAR_ref_2,4.92,4.85
439,Sys_VAR_ref_3,4.92,4.85
439,User_VAR_1,5.0,5.0
439,User_VAR_2,5.0,5.0
439,User_VAR_3,5.0,5.0
440,Sys_VAR_ref_1,4.85,1.5
440,Sys_VAR_ref_2,4.85,1.2
440,Sys_VAR_ref_3,4.85,1.5
440,User_VAR_1,5.0,1.0
440,User_VAR_2,5.0,2.0
440,User_VAR_3,5.0,1.0
441,Sys_VAR_ref_1,1.25,1.8
441,Sys_VAR_ref_2,0.15,0.85
441,Sys_VAR_ref_3,0.12,0.85
441,User_VAR_1,0.0,0.0
441,User_VAR_2,0.0,0.0
441,User_VAR_3,0.0,1.0
442,Sys_VAR_ref_1,4.85,1.5
442,Sys_VAR_ref_2,4.65,1.5
442,Sys_VAR_ref_3,4.85,1.5
442,User_VAR_1,5.0,2.0
442,User_VAR_2,5.0,2.0
442,User_VAR_3,5.0,2.0
443,Sys_VAR_ref_1,4.85,3.62
443,Sys_VAR_ref_2,4.65,2.85
443,Sys_VAR_ref_3,4.85,1.5
443,User_VAR_1,5.0,4.0
443,User_VAR_2,5.0,4.0
443,User_VAR_3,5.0,4.0
444,Sys_VAR_ref_1,4.85,3.75
444,Sys_VAR_ref_2,4.85,3.75
444,Sys_VAR_ref_3,5.0,5.0
444,User_VAR_1,5.0,4.0
444,User_VAR_2,5.0,2.0
444,User_VAR_3,5.0,3.0
445,Sys_VAR_ref_1,4.12,2.85
445,Sys_VAR_ref_2,4.65,2.85
445,Sys_VAR_ref_3,4.12,2.85
445,User_VAR_1,5.0,2.0
445,User_VAR_2,5.0,2.0
445,User_VAR_3,5.0,3.0
446,Sys_VAR_ref_1,4.85,1.5
446,Sys_VAR_ref_2,4.92,4.85
446,Sys_VAR_ref_3,4.85,3.75
446,User_VAR_1,5.0,2.0
446,User_VAR_2,5.0,3.0
446,User_VAR_3,5.0,5.0
447,Sys_VAR_ref_1,4.85,1.5
447,Sys_VAR_ref_2,3.85,1.5
447,Sys_VAR_ref_3,4.12,1.5
447,User_VAR_1,4.38,2.0
447,User_VAR_2,4.29,2.0
447,User_VAR_3,4.38,2.0
448,Sys_VAR_ref_1,3.85,1.92
448,Sys_VAR_ref_2,2.85,1.9
448,Sys_VAR_ref_3,1.25,1.83
448,User_VAR_1,3.12,2.0
448,User_VAR_2,3.12,2.0
448,User_VAR_3,3.12,1.0
449,Sys_VAR_ref_1,4.65,3.82
449,Sys_VAR_ref_2,4.85,3.72
449,Sys_VAR_ref_3,3.65,1.5
449,User_VAR_1,5.0,4.0
449,User_VAR_2,5.0,4.0
449,User_VAR_3,5.0,5.0
450,Sys_VAR_ref_1,5.0,5.0
450,Sys_VAR_ref_2,5.0,5.0
450,Sys_VAR_ref_3,4.65,3.82
450,User_VAR_1,5.0,4.0
450,User_VAR_2,5.0,3.0
450,User_VAR_3,5.0,4.0
451,Sys_VAR_ref_1,4.85,4.92
451,Sys_VAR_ref_2,4.85,4.72
451,Sys_VAR_ref_3,4.95,4.92
451,User_VAR_1,5.0,4.0
451,User_VAR_2,5.0,4.0
451,User_VAR_3,0.0,4.0
452,Sys_VAR_ref_1,4.85,1.65
452,Sys_VAR_ref_2,4.65,2.85
452,Sys_VAR_ref_3,4.65,1.85
452,User_VAR_1,5.0,3.0
452,User_VAR_2,5.0,2.0
452,User_VAR_3,5.0,3.0
453,Sys_VAR_ref_1,1.25,3.8
453,Sys_VAR_ref_2,0.85,3.2
453,Sys_VAR_ref_3,1.25,2.85
453,User_VAR_1,1.67,3.0
453,User_VAR_2,1.67,3.0
453,User_VAR_3,1.67,3.0
454,Sys_VAR_ref_1,4.65,3.85
454,Sys_VAR_ref_2,3.85,4.12
454,Sys_VAR_ref_3,4.65,3.85
454,User_VAR_1,5.0,3.0
454,User_VAR_2,5.0,4.0
454,User_VAR_3,5.0,3.0
455,Sys_VAR_ref_1,4.12,2.85
455,Sys_VAR_ref_2,4.25,3.65
455,Sys_VAR_ref_3,4.65,2.85
455,User_VAR_1,5.0,3.0
455,User_VAR_2,5.0,2.0
455,User_VAR_3,4.38,3.0
456,Sys_VAR_ref_1,4.25,3.8
456,Sys_VAR_ref_2,5.0,5.0
456,Sys_VAR_ref_3,4.85,3.75
456,User_VAR_1,4.38,4.0
456,User_VAR_2,4.38,4.0
456,User_VAR_3,4.38,4.0
457,Sys_VAR_ref_1,5.0,5.0
457,Sys_VAR_ref_2,4.85,4.92
457,Sys_VAR_ref_3,2.15,1.85
457,User_VAR_1,3.89,2.0
457,User_VAR_2,3.89,3.0
457,User_VAR_3,2.78,5.0
458,Sys_VAR_ref_1,4.65,2.15
458,Sys_VAR_ref_2,2.85,1.42
458,Sys_VAR_ref_3,4.25,1.85
458,User_VAR_1,5.0,2.0
458,User_VAR_2,4.38,3.0
458,User_VAR_3,3.33,3.0
459,Sys_VAR_ref_1,4.85,3.72
459,Sys_VAR_ref_2,4.65,2.85
459,Sys_VAR_ref_3,4.85,4.2
459,User_VAR_1,5.0,4.0
459,User_VAR_2,4.38,4.0
459,User_VAR_3,4.38,4.0
460,Sys_VAR_ref_1,0.85,1.2
460,Sys_VAR_ref_2,3.85,2.15
460,Sys_VAR_ref_3,3.45,2.15
460,User_VAR_1,5.0,2.0
460,User_VAR_2,5.0,2.0
460,User_VAR_3,0.62,2.0
461,Sys_VAR_ref_1,4.85,2.3
461,Sys_VAR_ref_2,4.85,3.65
461,Sys_VAR_ref_3,4.25,2.85
461,User_VAR_1,5.0,2.0
461,User_VAR_2,4.17,2.0
461,User_VAR_3,5.0,4.0
462,Sys_VAR_ref_1,2.85,2.6
462,Sys_VAR_ref_2,2.15,2.85
462,Sys_VAR_ref_3,3.85,3.62
462,User_VAR_1,4.38,3.0
462,User_VAR_2,4.38,2.0
462,User_VAR_3,4.38,3.0
463,Sys_VAR_ref_1,3.85,2.15
463,Sys_VAR_ref_2,3.85,2.4
463,Sys_VAR_ref_3,3.85,2.15
463,User_VAR_1,5.0,3.0
463,User_VAR_2,5.0,3.0
463,User_VAR_3,5.0,2.0
464,Sys_VAR_ref_1,4.85,2.15
464,Sys_VAR_ref_2,2.45,2.8
464,Sys_VAR_ref_3,1.25,1.8
464,User_VAR_1,5.0,2.0
464,User_VAR_2,2.5,1.0
464,User_VAR_3,2.5,1.0
465,Sys_VAR_ref_1,4.12,3.65
465,Sys_VAR_ref_2,4.35,3.62
465,Sys_VAR_ref_3,4.25,1.85
465,User_VAR_1,3.89,3.0
465,User_VAR_2,4.38,3.0
465,User_VAR_3,3.89,3.0
466,Sys_VAR_ref_1,4.65,2.85
466,Sys_VAR_ref_2,4.65,2.85
466,Sys_VAR_ref_3,4.65,2.85
466,User_VAR_1,4.38,3.0
466,User_VAR_2,4.38,4.0
466,User_VAR_3,5.0,4.0
467,Sys_VAR_ref_1,1.15,3.85
467,Sys_VAR_ref_2,0.12,3.45
467,Sys_VAR_ref_3,0.15,2.85
467,User_VAR_1,0.56,3.0
467,User_VAR_2,0.56,2.0
467,User_VAR_3,1.11,5.0
468,Sys_VAR_ref_1,4.25,2.85
468,Sys_VAR_ref_2,3.82,2.15
468,Sys_VAR_ref_3,2.85,1.42
468,User_VAR_1,4.29,2.0
468,User_VAR_2,5.0,2.0
468,User_VAR_3,5.0,2.0
469,Sys_VAR_ref_1,4.65,3.82
469,Sys_VAR_ref_2,4.25,2.85
469,Sys_VAR_ref_3,4.65,2.85
469,User_VAR_1,4.38,3.0
469,User_VAR_2,3.89,3.0
469,User_VAR_3,3.89,3.0
470,Sys_VAR_ref_1,3.82,1.47
470,Sys_VAR_ref_2,3.85,1.2
470,Sys_VAR_ref_3,4.25,3.85
470,User_VAR_1,5.0,2.0
470,User_VAR_2,4.38,2.0
470,User_VAR_3,3.75,2.0
471,Sys_VAR_ref_1,4.65,3.85
471,Sys_VAR_ref_2,4.65,2.85
471,Sys_VAR_ref_3,4.65,2.85
471,User_VAR_1,4.38,2.0
471,User_VAR_2,4.38,3.0
471,User_VAR_3,5.0,3.0
472,Sys_VAR_ref_1,4.85,2.35
472,Sys_VAR_ref_2,4.85,2.65
472,Sys_VAR_ref_3,4.85,3.62
472,User_VAR_1,5.0,3.0
472,User_VAR_2,5.0,2.0
472,User_VAR_3,5.0,2.0
473,Sys_VAR_ref_1,4.85,2.3
473,Sys_VAR_ref_2,4.85,3.6
473,Sys_VAR_ref_3,4.85,2.75
473,User_VAR_1,5.0,3.0
473,User_VAR_2,4.17,3.0
473,User_VAR_3,5.0,3.0
474,Sys_VAR_ref_1,4.12,2.35
474,Sys_VAR_ref_2,4.12,2.85
474,Sys_VAR_ref_3,4.85,2.6
474,User_VAR_1,4.0,2.0
474,User_VAR_2,4.0,2.0
474,User_VAR_3,4.0,3.0
475,Sys_VAR_ref_1,4.85,3.65
475,Sys_VAR_ref_2,4.12,2.85
475,Sys_VAR_ref_3,4.85,2.15
475,User_VAR_1,3.75,2.0
475,User_VAR_2,3.75,3.0
475,User_VAR_3,3.75,2.0
476,Sys_VAR_ref_1,4.65,3.82
476,Sys_VAR_ref_2,4.85,4.2
476,Sys_VAR_ref_3,4.15,3.62
476,User_VAR_1,4.17,4.0
476,User_VAR_2,5.0,4.0
476,User_VAR_3,5.0,2.0
477,Sys_VAR_ref_1,4.12,2.85
477,Sys_VAR_ref_2,4.12,2.85
477,Sys_VAR_ref_3,4.65,2.85
477,User_VAR_1,3.75,3.0
477,User_VAR_2,3.75,2.0
477,User_VAR_3,3.75,3.0
478,Sys_VAR_ref_1,4.12,2.85
478,Sys_VAR_ref_2,3.85,1.92
478,Sys_VAR_ref_3,4.15,2.85
478,User_VAR_1,3.75,2.0
478,User_VAR_2,2.86,2.0
478,User_VAR_3,2.86,2.0
479,Sys_VAR_ref_1,4.85,2.75
479,Sys_VAR_ref_2,4.12,2.85
479,Sys_VAR_ref_3,3.85,2.4
479,User_VAR_1,2.86,3.0
479,User_VAR_2,3.33,3.0
479,User_VAR_3,3.33,3.0
480,Sys_VAR_ref_1,1.85,1.42
480,Sys_VAR_ref_2,1.15,2.85
480,Sys_VAR_ref_3,1.42,2.85
480,User_VAR_1,1.11,2.0
480,User_VAR_2,1.67,2.0
480,User_VAR_3,1.11,3.0
481,Sys_VAR_ref_1,1.85,3.62
481,Sys_VAR_ref_2,1.85,3.62
481,Sys_VAR_ref_3,1.85,3.62
481,User_VAR_1,2.22,5.0
481,User_VAR_2,2.22,5.0
481,User_VAR_3,2.22,5.0
482,Sys_VAR_ref_1,3.45,2.85
482,Sys_VAR_ref_2,3.85,2.15
482,Sys_VAR_ref_3,4.15,3.85
482,User_VAR_1,2.78,4.0
482,User_VAR_2,2.78,4.0
482,User_VAR_3,2.78,3.0
483,Sys_VAR_ref_1,3.85,3.72
483,Sys_VAR_ref_2,3.85,4.2
483,Sys_VAR_ref_3,3.45,4.62
483,User_VAR_1,3.33,4.0
483,User_VAR_2,3.33,4.0
483,User_VAR_3,3.33,4.0
484,Sys_VAR_ref_1,2.85,3.6
484,Sys_VAR_ref_2,4.15,3.85
484,Sys_VAR_ref_3,2.85,3.65
484,User_VAR_1,2.22,4.0
484,User_VAR_2,3.33,4.0
484,User_VAR_3,2.22,4.0
485,Sys_VAR_ref_1,4.65,1.5
485,Sys_VAR_ref_2,3.15,1.5
485,Sys_VAR_ref_3,4.65,3.85
485,User_VAR_1,4.44,4.0
485,User_VAR_2,3.33,4.0
485,User_VAR_3,3.33,4.0
486,Sys_VAR_ref_1,5.0,5.0
486,Sys_VAR_ref_2,4.85,4.6
486,Sys_VAR_ref_3,4.65,3.85
486,User_VAR_1,4.38,4.0
486,User_VAR_2,5.0,5.0
486,User_VAR_3,5.0,4.0
487,Sys_VAR_ref_1,5.0,5.0
487,Sys_VAR_ref_2,5.0,5.0
487,Sys_VAR_ref_3,5.0,5.0
487,User_VAR_1,5.0,5.0
487,User_VAR_2,5.0,5.0
487,User_VAR_3,5.0,5.0
488,Sys_VAR_ref_1,4.65,3.85
488,Sys_VAR_ref_2,4.65,3.82
488,Sys_VAR_ref_3,3.85,2.65
488,User_VAR_1,4.44,5.0
488,User_VAR_2,4.44,4.0
488,User_VAR_3,3.33,4.0
489,Sys_VAR_ref_1,0.12,1.35
489,Sys_VAR_ref_2,0.12,0.85
489,Sys_VAR_ref_3,1.25,1.85
489,User_VAR_1,1.11,1.0
489,User_VAR_2,1.11,1.0
489,User_VAR_3,1.11,1.0
490,Sys_VAR_ref_1,3.82,3.65
490,Sys_VAR_ref_2,4.15,2.85
490,Sys_VAR_ref_3,4.15,2.35
490,User_VAR_1,3.89,3.0
490,User_VAR_2,3.89,2.0
490,User_VAR_3,3.89,2.0
491,Sys_VAR_ref_1,2.85,1.92
491,Sys_VAR_ref_2,2.85,1.65
491,Sys_VAR_ref_3,2.85,1.42
491,User_VAR_1,2.78,2.0
491,User_VAR_2,2.78,2.0
491,User_VAR_3,2.78,2.0
492,Sys_VAR_ref_1,4.15,2.85
492,Sys_VAR_ref_2,3.45,2.15
492,Sys_VAR_ref_3,3.45,2.15
492,User_VAR_1,3.33,2.0
492,User_VAR_2,0.0,1.0
492,User_VAR_3,3.33,4.0
493,Sys_VAR_ref_1,2.15,2.85
493,Sys_VAR_ref_2,3.45,2.85
493,Sys_VAR_ref_3,3.85,2.4
493,User_VAR_1,2.22,2.0
493,User_VAR_2,2.22,3.0
493,User_VAR_3,2.22,2.0
494,Sys_VAR_ref_1,1.85,2.4
494,Sys_VAR_ref_2,1.85,2.4
494,Sys_VAR_ref_3,1.85,3.6
494,User_VAR_1,2.22,2.0
494,User_VAR_2,2.22,2.0
494,User_VAR_3,2.22,4.0
495,Sys_VAR_ref_1,1.85,2.4
495,Sys_VAR_ref_2,1.15,1.85
495,Sys_VAR_ref_3,2.85,1.65
495,User_VAR_1,3.33,2.0
495,User_VAR_2,3.33,2.0
495,User_VAR_3,2.22,2.0
496,Sys_VAR_ref_1,2.85,2.1
496,Sys_VAR_ref_2,3.85,2.75
496,Sys_VAR_ref_3,3.45,2.85
496,User_VAR_1,0.0,3.0
496,User_VAR_2,3.33,2.0
496,User_VAR_3,3.33,2.0
497,Sys_VAR_ref_1,1.85,1.2
497,Sys_VAR_ref_2,2.15,1.2
497,Sys_VAR_ref_3,1.85,1.2
497,User_VAR_1,0.0,1.0
497,User_VAR_2,2.5,2.0
497,User_VAR_3,2.5,1.0
498,Sys_VAR_ref_1,1.85,2.4
498,Sys_VAR_ref_2,1.85,2.4
498,Sys_VAR_ref_3,1.85,2.4
498,User_VAR_1,2.78,2.0
498,User_VAR_2,2.78,2.0
498,User_VAR_3,2.22,2.0
499,Sys_VAR_ref_1,4.65,1.85
499,Sys_VAR_ref_2,3.85,1.2
499,Sys_VAR_ref_3,4.12,2.85
499,User_VAR_1,3.89,2.0
499,User_VAR_2,0.0,1.0
499,User_VAR_3,0.0,1.0
500,Sys_VAR_ref_1,4.65,3.85
500,Sys_VAR_ref_2,4.85,4.62
500,Sys_VAR_ref_3,4.65,3.85
500,User_VAR_1,4.44,4.0
500,User_VAR_2,4.44,4.0
500,User_VAR_3,4.44,5.0
501,Sys_VAR_ref_1,5.0,5.0
501,Sys_VAR_ref_2,5.0,5.0
501,Sys_VAR_ref_3,5.0,5.0
501,User_VAR_1,5.0,5.0
501,User_VAR_2,5.0,5.0
501,User_VAR_3,5.0,5.0
502,Sys_VAR_ref_1,4.12,2.85
502,Sys_VAR_ref_2,4.15,3.62
502,Sys_VAR_ref_3,4.85,3.72
502,User_VAR_1,3.89,4.0
502,User_VAR_2,3.89,3.0
502,User_VAR_3,3.89,3.0
503,Sys_VAR_ref_1,4.85,3.72
503,Sys_VAR_ref_2,4.85,3.72
503,Sys_VAR_ref_3,4.15,2.85
503,User_VAR_1,2.78,4.0
503,User_VAR_2,2.78,3.0
503,User_VAR_3,2.78,4.0
504,Sys_VAR_ref_1,4.12,2.85
504,Sys_VAR_ref_2,4.65,2.85
504,Sys_VAR_ref_3,1.15,2.85
504,User_VAR_1,1.25,2.0
504,User_VAR_2,5.0,2.0
504,User_VAR_3,5.0,1.0
505,Sys_VAR_ref_1,4.12,3.85
505,Sys_VAR_ref_2,4.92,4.95
505,Sys_VAR_ref_3,4.92,4.98
505,User_VAR_1,5.0,4.0
505,User_VAR_2,3.75,5.0
505,User_VAR_3,0.0,4.0
506,Sys_VAR_ref_1,4.85,3.6
506,Sys_VAR_ref_2,4.85,3.62
506,Sys_VAR_ref_3,5.0,5.0
506,User_VAR_1,5.0,4.0
506,User_VAR_2,5.0,4.0
506,User_VAR_3,5.0,4.0
507,Sys_VAR_ref_1,4.72,3.85
507,Sys_VAR_ref_2,4.15,3.85
507,Sys_VAR_ref_3,4.65,3.75
507,User_VAR_1,3.89,4.0
507,User_VAR_2,3.33,3.0
507,User_VAR_3,3.89,4.0
508,Sys_VAR_ref_1,3.85,1.65
508,Sys_VAR_ref_2,4.85,3.75
508,Sys_VAR_ref_3,4.85,3.75
508,User_VAR_1,3.89,2.0
508,User_VAR_2,3.89,4.0
508,User_VAR_3,5.0,4.0
509,Sys_VAR_ref_1,4.85,3.72
509,Sys_VAR_ref_2,4.85,3.6
509,Sys_VAR_ref_3,4.85,3.62
509,User_VAR_1,5.0,4.0
509,User_VAR_2,5.0,4.0
509,User_VAR_3,5.0,4.0
510,Sys_VAR_ref_1,4.65,2.85
510,Sys_VAR_ref_2,1.85,1.92
510,Sys_VAR_ref_3,4.65,2.85
510,User_VAR_1,2.22,3.0
510,User_VAR_2,3.75,2.0
510,User_VAR_3,3.75,2.0
511,Sys_VAR_ref_1,0.85,1.2
511,Sys_VAR_ref_2,4.65,3.82
511,Sys_VAR_ref_3,1.85,1.2
511,User_VAR_1,1.67,1.0
511,User_VAR_2,0.56,2.0
511,User_VAR_3,1.67,2.0
512,Sys_VAR_ref_1,3.85,2.15
512,Sys_VAR_ref_2,1.85,1.92
512,Sys_VAR_ref_3,1.85,1.2
512,User_VAR_1,1.67,1.0
512,User_VAR_2,3.89,2.0
512,User_VAR_3,1.67,1.0
513,Sys_VAR_ref_1,1.85,2.4
513,Sys_VAR_ref_2,4.12,2.85
513,Sys_VAR_ref_3,1.85,2.4
513,User_VAR_1,3.75,2.0
513,User_VAR_2,3.33,2.0
513,User_VAR_3,3.75,2.0
514,Sys_VAR_ref_1,4.12,1.85
514,Sys_VAR_ref_2,3.15,1.85
514,Sys_VAR_ref_3,3.85,2.65
514,User_VAR_1,3.75,2.0
514,User_VAR_2,3.75,3.0
514,User_VAR_3,3.75,2.0
515,Sys_VAR_ref_1,4.65,2.85
515,Sys_VAR_ref_2,4.65,2.85
515,Sys_VAR_ref_3,4.65,3.82
515,User_VAR_1,4.38,3.0
515,User_VAR_2,5.0,3.0
515,User_VAR_3,5.0,3.0
516,Sys_VAR_ref_1,4.12,2.85
516,Sys_VAR_ref_2,3.65,1.82
516,Sys_VAR_ref_3,3.82,1.47
516,User_VAR_1,4.29,2.0
516,User_VAR_2,4.29,2.0
516,User_VAR_3,4.29,2.0
517,Sys_VAR_ref_1,3.85,1.92
517,Sys_VAR_ref_2,3.45,1.82
517,Sys_VAR_ref_3,3.85,2.15
517,User_VAR_1,4.0,1.0
517,User_VAR_2,4.0,2.0
517,User_VAR_3,4.17,2.0
518,Sys_VAR_ref_1,0.12,0.85
518,Sys_VAR_ref_2,0.82,1.15
518,Sys_VAR_ref_3,0.85,1.2
518,User_VAR_1,0.56,1.0
518,User_VAR_2,0.56,1.0
518,User_VAR_3,0.0,1.0
519,Sys_VAR_ref_1,4.85,3.6
519,Sys_VAR_ref_2,4.85,3.62
519,Sys_VAR_ref_3,4.65,2.85
519,User_VAR_1,5.0,4.0
519,User_VAR_2,5.0,4.0
519,User_VAR_3,5.0,4.0
520,Sys_VAR_ref_1,3.85,2.15
520,Sys_VAR_ref_2,3.65,2.85
520,Sys_VAR_ref_3,2.85,2.1
520,User_VAR_1,4.29,2.0
520,User_VAR_2,5.0,2.0
520,User_VAR_3,5.0,2.0
521,Sys_VAR_ref_1,4.85,3.75
521,Sys_VAR_ref_2,4.98,4.97
521,Sys_VAR_ref_3,4.85,3.6
521,User_VAR_1,4.38,4.0
521,User_VAR_2,4.38,4.0
521,User_VAR_3,4.38,4.0
522,Sys_VAR_ref_1,4.85,3.75
522,Sys_VAR_ref_2,4.85,3.72
522,Sys_VAR_ref_3,4.85,3.72
522,User_VAR_1,5.0,4.0
522,User_VAR_2,5.0,3.0
522,User_VAR_3,5.0,3.0
523,Sys_VAR_ref_1,4.85,3.65
523,Sys_VAR_ref_2,4.85,3.72
523,Sys_VAR_ref_3,4.25,3.85
523,User_VAR_1,4.38,4.0
523,User_VAR_2,5.0,4.0
523,User_VAR_3,5.0,4.0
524,Sys_VAR_ref_1,5.0,5.0
524,Sys_VAR_ref_2,5.0,5.0
524,Sys_VAR_ref_3,5.0,5.0
524,User_VAR_1,5.0,4.0
524,User_VAR_2,5.0,4.0
524,User_VAR_3,5.0,4.0
525,Sys_VAR_ref_1,4.85,3.65
525,Sys_VAR_ref_2,4.82,4.65
525,Sys_VAR_ref_3,4.85,4.2
525,User_VAR_1,5.0,4.0
525,User_VAR_2,5.0,4.0
525,User_VAR_3,5.0,4.0
526,Sys_VAR_ref_1,1.85,1.2
526,Sys_VAR_ref_2,3.85,3.6
526,Sys_VAR_ref_3,1.85,2.1
526,User_VAR_1,5.0,1.0
526,User_VAR_2,2.86,2.0
526,User_VAR_3,0.0,2.0
527,Sys_VAR_ref_1,2.85,3.62
527,Sys_VAR_ref_2,3.85,2.15
527,Sys_VAR_ref_3,3.85,2.9
527,User_VAR_1,4.38,3.0
527,User_VAR_2,0.0,4.0
527,User_VAR_3,5.0,3.0
528,Sys_VAR_ref_1,3.85,3.42
528,Sys_VAR_ref_2,2.15,3.42
528,Sys_VAR_ref_3,2.85,3.6
528,User_VAR_1,5.0,3.0
528,User_VAR_2,5.0,4.0
528,User_VAR_3,5.0,4.0
529,Sys_VAR_ref_1,4.15,2.85
529,Sys_VAR_ref_2,4.85,3.75
529,Sys_VAR_ref_3,4.65,2.85
529,User_VAR_1,5.0,3.0
529,User_VAR_2,5.0,2.0
529,User_VAR_3,5.0,3.0
530,Sys_VAR_ref_1,3.85,2.9
530,Sys_VAR_ref_2,1.85,2.9
530,Sys_VAR_ref_3,3.85,2.75
530,User_VAR_1,0.71,3.0
530,User_VAR_2,0.71,4.0
530,User_VAR_3,0.71,3.0
531,Sys_VAR_ref_1,3.85,3.6
531,Sys_VAR_ref_2,4.15,3.2
531,Sys_VAR_ref_3,4.12,1.85
531,User_VAR_1,3.89,3.0
531,User_VAR_2,3.89,3.0
531,User_VAR_3,3.89,4.0
532,Sys_VAR_ref_1,2.85,2.1
532,Sys_VAR_ref_2,1.85,3.2
532,Sys_VAR_ref_3,1.85,2.1
532,User_VAR_1,4.29,2.0
532,User_VAR_2,4.17,2.0
532,User_VAR_3,4.17,2.0
533,Sys_VAR_ref_1,0.0,0.0
533,Sys_VAR_ref_2,0.0,1.2
533,Sys_VAR_ref_3,0.0,1.0
533,User_VAR_1,0.0,2.0
533,User_VAR_2,0.0,2.0
533,User_VAR_3,0.0,1.0
534,Sys_VAR_ref_1,0.12,1.35
534,Sys_VAR_ref_2,0.12,1.35
534,Sys_VAR_ref_3,0.12,1.85
534,User_VAR_1,0.56,1.0
534,User_VAR_2,0.56,1.0
534,User_VAR_3,0.56,1.0
535,Sys_VAR_ref_1,4.85,4.6
535,Sys_VAR_ref_2,4.85,3.65
535,Sys_VAR_ref_3,4.85,3.62
535,User_VAR_1,5.0,5.0
535,User_VAR_2,5.0,5.0
535,User_VAR_3,5.0,5.0
536,Sys_VAR_ref_1,0.15,1.2
536,Sys_VAR_ref_2,0.85,1.92
536,Sys_VAR_ref_3,0.12,1.85
536,User_VAR_1,1.67,1.0
536,User_VAR_2,1.67,2.0
536,User_VAR_3,1.67,1.0
537,Sys_VAR_ref_1,3.85,2.15
537,Sys_VAR_ref_2,2.15,2.8
537,Sys_VAR_ref_3,4.12,2.35
537,User_VAR_1,5.0,3.0
537,User_VAR_2,3.12,2.0
537,User_VAR_3,3.12,4.0
538,Sys_VAR_ref_1,4.85,2.15
538,Sys_VAR_ref_2,4.85,1.2
538,Sys_VAR_ref_3,4.65,1.5
538,User_VAR_1,5.0,2.0
538,User_VAR_2,5.0,3.0
538,User_VAR_3,5.0,3.0
539,Sys_VAR_ref_1,4.85,2.6
539,Sys_VAR_ref_2,3.85,1.75
539,Sys_VAR_ref_3,4.85,4.2
539,User_VAR_1,5.0,4.0
539,User_VAR_2,5.0,3.0
539,User_VAR_3,5.0,3.0
540,Sys_VAR_ref_1,4.12,2.85
540,Sys_VAR_ref_2,4.12,3.65
540,Sys_VAR_ref_3,4.25,3.8
540,User_VAR_1,4.17,4.0
540,User_VAR_2,4.29,4.0
540,User_VAR_3,4.38,4.0
541,Sys_VAR_ref_1,1.25,1.5
541,Sys_VAR_ref_2,0.0,1.25
541,Sys_VAR_ref_3,0.05,1.25
541,User_VAR_1,0.0,1.0
541,User_VAR_2,0.0,1.0
541,User_VAR_3,0.0,1.0
542,Sys_VAR_ref_1,4.65,2.85
542,Sys_VAR_ref_2,4.85,3.72
542,Sys_VAR_ref_3,4.85,3.2
542,User_VAR_1,4.38,4.0
542,User_VAR_2,4.38,3.0
542,User_VAR_3,4.38,3.0
543,Sys_VAR_ref_1,3.85,3.2
543,Sys_VAR_ref_2,4.62,3.85
543,Sys_VAR_ref_3,4.12,2.85
543,User_VAR_1,4.29,4.0
543,User_VAR_2,4.0,4.0
543,User_VAR_3,4.29,4.0
544,Sys_VAR_ref_1,1.25,1.1
544,Sys_VAR_ref_2,1.82,0.95
544,Sys_VAR_ref_3,1.25,0.85
544,User_VAR_1,1.67,1.0
544,User_VAR_2,1.67,1.0
544,User_VAR_3,1.67,1.0
545,Sys_VAR_ref_1,4.85,1.5
545,Sys_VAR_ref_2,4.12,1.5
545,Sys_VAR_ref_3,3.65,1.5
545,User_VAR_1,4.29,2.0
545,User_VAR_2,4.29,2.0
545,User_VAR_3,4.29,3.0
546,Sys_VAR_ref_1,4.85,1.5
546,Sys_VAR_ref_2,4.12,1.5
546,Sys_VAR_ref_3,4.15,1.5
546,User_VAR_1,4.29,2.0
546,User_VAR_2,4.29,3.0
546,User_VAR_3,4.29,2.0
547,Sys_VAR_ref_1,4.12,2.85
547,Sys_VAR_ref_2,4.12,2.85
547,Sys_VAR_ref_3,3.85,1.92
547,User_VAR_1,4.29,3.0
547,User_VAR_2,4.29,3.0
547,User_VAR_3,4.29,3.0
548,Sys_VAR_ref_1,4.85,3.75
548,Sys_VAR_ref_2,4.25,3.85
548,Sys_VAR_ref_3,4.12,2.85
548,User_VAR_1,3.75,4.0
548,User_VAR_2,3.75,3.0
548,User_VAR_3,3.75,4.0
549,Sys_VAR_ref_1,4.12,2.85
549,Sys_VAR_ref_2,3.85,1.92
549,Sys_VAR_ref_3,4.12,1.5
549,User_VAR_1,4.29,2.0
549,User_VAR_2,4.17,1.0
549,User_VAR_3,4.29,2.0
550,Sys_VAR_ref_1,4.15,2.85
550,Sys_VAR_ref_2,4.25,2.85
550,Sys_VAR_ref_3,4.85,2.65
550,User_VAR_1,3.89,3.0
550,User_VAR_2,4.29,3.0
550,User_VAR_3,4.38,3.0
551,Sys_VAR_ref_1,3.65,2.85
551,Sys_VAR_ref_2,4.85,4.92
551,Sys_VAR_ref_3,4.65,4.2
551,User_VAR_1,4.17,4.0
551,User_VAR_2,4.29,5.0
551,User_VAR_3,4.29,4.0
552,Sys_VAR_ref_1,4.65,3.82
552,Sys_VAR_ref_2,4.85,3.65
552,Sys_VAR_ref_3,4.85,3.75
552,User_VAR_1,5.0,4.0
552,User_VAR_2,4.38,2.0
552,User_VAR_3,4.38,4.0
553,Sys_VAR_ref_1,4.65,3.85
553,Sys_VAR_ref_2,4.65,3.85
553,Sys_VAR_ref_3,4.65,3.85
553,User_VAR_1,4.44,4.0
553,User_VAR_2,4.44,4.0
553,User_VAR_3,4.44,4.0
554,Sys_VAR_ref_1,3.85,2.75
554,Sys_VAR_ref_2,3.85,2.15
554,Sys_VAR_ref_3,3.85,2.4
554,User_VAR_1,2.78,1.0
554,User_VAR_2,2.78,2.0
554,User_VAR_3,2.78,1.0
555,Sys_VAR_ref_1,4.65,3.82
555,Sys_VAR_ref_2,4.15,3.85
555,Sys_VAR_ref_3,4.85,4.72
555,User_VAR_1,3.0,4.0
555,User_VAR_2,3.0,5.0
555,User_VAR_3,3.0,5.0
556,Sys_VAR_ref_1,3.82,2.75
556,Sys_VAR_ref_2,4.15,3.82
556,Sys_VAR_ref_3,4.12,3.85
556,User_VAR_1,4.29,4.0
556,User_VAR_2,4.17,4.0
556,User_VAR_3,4.29,4.0
557,Sys_VAR_ref_1,2.85,1.92
557,Sys_VAR_ref_2,3.45,2.15
557,Sys_VAR_ref_3,3.65,2.8
557,User_VAR_1,3.33,1.0
557,User_VAR_2,3.33,2.0
557,User_VAR_3,3.75,1.0
558,Sys_VAR_ref_1,4.12,2.85
558,Sys_VAR_ref_2,4.25,3.65
558,Sys_VAR_ref_3,4.85,3.62
558,User_VAR_1,4.29,3.0
558,User_VAR_2,4.29,3.0
558,User_VAR_3,4.29,4.0
559,Sys_VAR_ref_1,4.15,3.85
559,Sys_VAR_ref_2,5.0,5.0
559,Sys_VAR_ref_3,4.65,3.85
559,User_VAR_1,4.44,5.0
559,User_VAR_2,3.89,5.0
559,User_VAR_3,3.33,5.0
560,Sys_VAR_ref_1,4.65,2.85
560,Sys_VAR_ref_2,3.85,1.2
560,Sys_VAR_ref_3,5.0,1.85
560,User_VAR_1,0.0,1.0
560,User_VAR_2,0.0,2.0
560,User_VAR_3,0.0,1.0
561,Sys_VAR_ref_1,4.85,2.15
561,Sys_VAR_ref_2,4.85,1.92
561,Sys_VAR_ref_3,4.15,1.85
561,User_VAR_1,0.0,2.0
561,User_VAR_2,0.0,2.0
561,User_VAR_3,0.0,2.0
562,Sys_VAR_ref_1,4.92,1.85
562,Sys_VAR_ref_2,4.92,1.85
562,Sys_VAR_ref_3,4.85,1.75
562,User_VAR_1,0.0,2.0
562,User_VAR_2,0.0,2.0
562,User_VAR_3,0.0,2.0
563,Sys_VAR_ref_1,4.85,2.65
563,Sys_VAR_ref_2,4.85,1.65
563,Sys_VAR_ref_3,4.85,1.65
563,User_VAR_1,0.0,2.0
563,User_VAR_2,0.0,2.0
563,User_VAR_3,0.0,2.0
564,Sys_VAR_ref_1,4.85,1.65
564,Sys_VAR_ref_2,4.85,1.65
564,Sys_VAR_ref_3,4.85,1.65
564,User_VAR_1,0.0,1.0
564,User_VAR_2,0.0,1.0
564,User_VAR_3,0.0,1.0
565,Sys_VAR_ref_1,4.85,3.62
565,Sys_VAR_ref_2,3.85,1.92
565,Sys_VAR_ref_3,4.85,2.15
565,User_VAR_1,0.0,2.0
565,User_VAR_2,0.0,2.0
565,User_VAR_3,0.0,4.0
566,Sys_VAR_ref_1,4.82,1.95
566,Sys_VAR_ref_2,4.2,1.8
566,Sys_VAR_ref_3,4.85,1.2
566,User_VAR_1,0.0,1.0
566,User_VAR_2,0.0,1.0
566,User_VAR_3,0.0,2.0
567,Sys_VAR_ref_1,4.85,3.62
567,Sys_VAR_ref_2,5.0,3.65
567,Sys_VAR_ref_3,4.85,3.62
567,User_VAR_1,0.0,4.0
567,User_VAR_2,0.0,3.0
567,User_VAR_3,0.0,4.0
568,Sys_VAR_ref_1,2.85,1.65
568,Sys_VAR_ref_2,1.85,1.2
568,Sys_VAR_ref_3,4.15,2.85
568,User_VAR_1,0.0,3.0
568,User_VAR_2,0.0,4.0
568,User_VAR_3,0.0,3.0
569,Sys_VAR_ref_1,4.85,2.65
569,Sys_VAR_ref_2,4.85,2.15
569,Sys_VAR_ref_3,4.85,2.15
569,User_VAR_1,2.5,2.0
569,User_VAR_2,2.5,1.0
569,User_VAR_3,2.5,2.0
570,Sys_VAR_ref_1,4.85,3.6
570,Sys_VAR_ref_2,4.65,3.2
570,Sys_VAR_ref_3,4.85,3.62
570,User_VAR_1,4.17,2.0
570,User_VAR_2,4.17,4.0
570,User_VAR_3,4.17,4.0
571,Sys_VAR_ref_1,4.65,3.85
571,Sys_VAR_ref_2,4.15,3.65
571,Sys_VAR_ref_3,4.15,1.85
571,User_VAR_1,4.38,3.0
571,User_VAR_2,4.38,2.0
571,User_VAR_3,4.38,3.0
572,Sys_VAR_ref_1,2.15,1.85
572,Sys_VAR_ref_2,2.85,1.42
572,Sys_VAR_ref_3,3.85,2.1
572,User_VAR_1,5.0,2.0
572,User_VAR_2,3.12,2.0
572,User_VAR_3,5.0,2.0
573,Sys_VAR_ref_1,2.15,1.2
573,Sys_VAR_ref_2,2.85,2.6
573,Sys_VAR_ref_3,2.85,2.1
573,User_VAR_1,3.75,3.0
573,User_VAR_2,3.12,2.0
573,User_VAR_3,3.12,2.0
574,Sys_VAR_ref_1,4.25,2.8
574,Sys_VAR_ref_2,4.25,3.85
574,Sys_VAR_ref_3,4.25,3.15
574,User_VAR_1,4.38,3.0
574,User_VAR_2,4.38,3.0
574,User_VAR_3,4.38,3.0
575,Sys_VAR_ref_1,4.85,4.2
575,Sys_VAR_ref_2,4.82,3.65
575,Sys_VAR_ref_3,4.82,4.65
575,User_VAR_1,5.0,4.0
575,User_VAR_2,5.0,4.0
575,User_VAR_3,5.0,4.0
576,Sys_VAR_ref_1,4.15,4.3
576,Sys_VAR_ref_2,4.85,4.2
576,Sys_VAR_ref_3,4.12,3.85
576,User_VAR_1,5.0,4.0
576,User_VAR_2,5.0,4.0
576,User_VAR_3,5.0,3.0
577,Sys_VAR_ref_1,4.65,2.85
577,Sys_VAR_ref_2,4.85,2.15
577,Sys_VAR_ref_3,4.65,2.85
577,User_VAR_1,5.0,2.0
577,User_VAR_2,5.0,2.0
577,User_VAR_3,5.0,2.0
578,Sys_VAR_ref_1,3.82,1.47
578,Sys_VAR_ref_2,4.85,1.2
578,Sys_VAR_ref_3,3.85,1.65
578,User_VAR_1,5.0,2.0
578,User_VAR_2,5.0,2.0
578,User_VAR_3,5.0,1.0
579,Sys_VAR_ref_1,4.85,1.92
579,Sys_VAR_ref_2,4.15,2.85
579,Sys_VAR_ref_3,4.25,2.85
579,User_VAR_1,4.38,3.0
579,User_VAR_2,4.38,3.0
579,User_VAR_3,4.38,3.0
580,Sys_VAR_ref_1,4.85,3.2
580,Sys_VAR_ref_2,4.65,2.85
580,Sys_VAR_ref_3,4.85,2.35
580,User_VAR_1,5.0,2.0
580,User_VAR_2,5.0,3.0
580,User_VAR_3,5.0,2.0
581,Sys_VAR_ref_1,4.65,3.85
581,Sys_VAR_ref_2,4.15,3.85
581,Sys_VAR_ref_3,4.12,2.85
581,User_VAR_1,4.38,4.0
581,User_VAR_2,5.0,4.0
581,User_VAR_3,4.38,4.0
582,Sys_VAR_ref_1,1.85,1.2
582,Sys_VAR_ref_2,4.85,1.2
582,Sys_VAR_ref_3,4.12,1.85
582,User_VAR_1,4.29,1.0
582,User_VAR_2,2.14,1.0
582,User_VAR_3,5.0,1.0
583,Sys_VAR_ref_1,3.82,1.47
583,Sys_VAR_ref_2,3.85,1.92
583,Sys_VAR_ref_3,4.12,2.85
583,User_VAR_1,4.38,1.0
583,User_VAR_2,4.38,4.0
583,User_VAR_3,4.38,3.0
584,Sys_VAR_ref_1,4.65,2.85
584,Sys_VAR_ref_2,4.85,2.15
584,Sys_VAR_ref_3,4.85,3.62
584,User_VAR_1,5.0,4.0
584,User_VAR_2,5.0,4.0
584,User_VAR_3,5.0,4.0
585,Sys_VAR_ref_1,3.85,1.5
585,Sys_VAR_ref_2,4.12,1.5
585,Sys_VAR_ref_3,3.82,1.5
585,User_VAR_1,4.17,2.0
585,User_VAR_2,5.0,2.0
585,User_VAR_3,5.0,2.0
586,Sys_VAR_ref_1,4.25,2.85
586,Sys_VAR_ref_2,4.65,2.85
586,Sys_VAR_ref_3,4.85,3.2
586,User_VAR_1,4.38,3.0
586,User_VAR_2,4.38,3.0
586,User_VAR_3,4.38,4.0
587,Sys_VAR_ref_1,4.85,1.5
587,Sys_VAR_ref_2,4.12,1.5
587,Sys_VAR_ref_3,4.65,1.5
587,User_VAR_1,5.0,3.0
587,User_VAR_2,5.0,2.0
587,User_VAR_3,5.0,3.0
588,Sys_VAR_ref_1,4.65,3.85
588,Sys_VAR_ref_2,4.85,3.75
588,Sys_VAR_ref_3,4.65,3.82
588,User_VAR_1,0.0,3.0
588,User_VAR_2,5.0,3.0
588,User_VAR_3,5.0,3.0
589,Sys_VAR_ref_1,4.25,1.5
589,Sys_VAR_ref_2,4.12,1.5
589,Sys_VAR_ref_3,4.85,1.5
589,User_VAR_1,5.0,2.0
589,User_VAR_2,5.0,2.0
589,User_VAR_3,5.0,2.0
590,Sys_VAR_ref_1,4.15,3.82
590,Sys_VAR_ref_2,4.12,2.0
590,Sys_VAR_ref_3,4.85,4.62
590,User_VAR_1,5.0,2.0
590,User_VAR_2,5.0,3.0
590,User_VAR_3,5.0,2.0
591,Sys_VAR_ref_1,2.15,1.85
591,Sys_VAR_ref_2,0.85,1.2
591,Sys_VAR_ref_3,1.25,1.8
591,User_VAR_1,0.0,2.0
591,User_VAR_2,2.86,2.0
591,User_VAR_3,0.0,2.0
592,Sys_VAR_ref_1,0.15,1.2
592,Sys_VAR_ref_2,1.85,1.2
592,Sys_VAR_ref_3,0.12,0.85
592,User_VAR_1,3.75,2.0
592,User_VAR_2,0.0,1.0
592,User_VAR_3,0.0,2.0
593,Sys_VAR_ref_1,3.82,1.47
593,Sys_VAR_ref_2,2.85,1.5
593,Sys_VAR_ref_3,2.85,1.5
593,User_VAR_1,3.33,1.0
593,User_VAR_2,5.0,1.0
593,User_VAR_3,3.75,1.0
594,Sys_VAR_ref_1,1.85,2.1
594,Sys_VAR_ref_2,1.85,1.42
594,Sys_VAR_ref_3,1.25,1.8
594,User_VAR_1,1.43,1.0
594,User_VAR_2,1.43,1.0
594,User_VAR_3,1.67,2.0
595,Sys_VAR_ref_1,1.85,1.2
595,Sys_VAR_ref_2,0.85,1.2
595,Sys_VAR_ref_3,1.85,1.2
595,User_VAR_1,3.75,1.0
595,User_VAR_2,3.75,1.0
595,User_VAR_3,2.14,1.0
596,Sys_VAR_ref_1,1.85,2.1
596,Sys_VAR_ref_2,0.85,1.2
596,Sys_VAR_ref_3,1.15,1.82
596,User_VAR_1,1.43,2.0
596,User_VAR_2,1.43,2.0
596,User_VAR_3,1.43,1.0
597,Sys_VAR_ref_1,0.0,1.25
597,Sys_VAR_ref_2,0.0,1.25
597,Sys_VAR_ref_3,0.0,1.25
597,User_VAR_1,0.0,1.0
597,User_VAR_2,0.0,1.0
597,User_VAR_3,0.0,1.0
598,Sys_VAR_ref_1,4.12,2.85
598,Sys_VAR_ref_2,4.85,2.15
598,Sys_VAR_ref_3,3.45,2.15
598,User_VAR_1,4.0,3.0
598,User_VAR_2,4.17,3.0
598,User_VAR_3,4.17,3.0
599,Sys_VAR_ref_1,0.12,0.05
599,Sys_VAR_ref_2,1.85,1.2
599,Sys_VAR_ref_3,1.25,1.5
599,User_VAR_1,1.43,1.0
599,User_VAR_2,3.57,1.0
599,User_VAR_3,1.43,1.0
600,Sys_VAR_ref_1,4.12,2.85
600,Sys_VAR_ref_2,4.85,2.15
600,Sys_VAR_ref_3,4.85,3.2
600,User_VAR_1,5.0,3.0
600,User_VAR_2,5.0,3.0
600,User_VAR_3,5.0,3.0
601,Sys_VAR_ref_1,4.65,2.85
601,Sys_VAR_ref_2,4.15,2.85
601,Sys_VAR_ref_3,4.65,3.82
601,User_VAR_1,3.0,3.0
601,User_VAR_2,3.0,3.0
601,User_VAR_3,5.0,3.0
602,Sys_VAR_ref_1,4.12,2.85
602,Sys_VAR_ref_2,4.25,3.85
602,Sys_VAR_ref_3,4.85,2.75
602,User_VAR_1,4.0,3.0
602,User_VAR_2,4.0,3.0
602,User_VAR_3,4.0,3.0
603,Sys_VAR_ref_1,1.85,2.1
603,Sys_VAR_ref_2,0.12,1.15
603,Sys_VAR_ref_3,1.25,1.1
603,User_VAR_1,1.0,1.0
603,User_VAR_2,1.0,1.0
603,User_VAR_3,2.5,1.0
604,Sys_VAR_ref_1,4.12,2.85
604,Sys_VAR_ref_2,4.82,3.65
604,Sys_VAR_ref_3,3.45,2.85
604,User_VAR_1,5.0,3.0
604,User_VAR_2,4.0,3.0
604,User_VAR_3,4.0,3.0
605,Sys_VAR_ref_1,4.85,3.2
605,Sys_VAR_ref_2,2.85,3.42
605,Sys_VAR_ref_3,4.35,2.85
605,User_VAR_1,5.0,4.0
605,User_VAR_2,5.0,3.0
605,User_VAR_3,5.0,4.0
606,Sys_VAR_ref_1,4.12,1.5
606,Sys_VAR_ref_2,4.62,2.85
606,Sys_VAR_ref_3,4.65,2.85
606,User_VAR_1,4.29,3.0
606,User_VAR_2,4.29,3.0
606,User_VAR_3,5.0,3.0
607,Sys_VAR_ref_1,2.85,1.92
607,Sys_VAR_ref_2,3.42,1.85
607,Sys_VAR_ref_3,4.15,2.85
607,User_VAR_1,4.0,2.0
607,User_VAR_2,4.0,2.0
607,User_VAR_3,4.0,2.0
608,Sys_VAR_ref_1,0.85,1.2
608,Sys_VAR_ref_2,0.15,0.85
608,Sys_VAR_ref_3,0.85,1.2
608,User_VAR_1,0.0,1.0
608,User_VAR_2,0.0,1.0
608,User_VAR_3,0.0,1.0
609,Sys_VAR_ref_1,4.65,3.85
609,Sys_VAR_ref_2,4.85,3.72
609,Sys_VAR_ref_3,3.85,2.15
609,User_VAR_1,5.0,3.0
609,User_VAR_2,5.0,3.0
609,User_VAR_3,3.75,4.0
610,Sys_VAR_ref_1,0.0,1.2
610,Sys_VAR_ref_2,0.12,1.35
610,Sys_VAR_ref_3,0.12,1.85
610,User_VAR_1,0.0,1.0
610,User_VAR_2,0.0,2.0
610,User_VAR_3,0.0,1.0
611,Sys_VAR_ref_1,4.35,3.82
611,Sys_VAR_ref_2,4.25,3.65
611,Sys_VAR_ref_3,4.25,3.85
611,User_VAR_1,4.38,4.0
611,User_VAR_2,4.38,4.0
611,User_VAR_3,4.38,4.0
612,Sys_VAR_ref_1,4.85,3.92
612,Sys_VAR_ref_2,4.85,4.2
612,Sys_VAR_ref_3,4.25,3.85
612,User_VAR_1,3.57,4.0
612,User_VAR_2,3.57,4.0
612,User_VAR_3,3.57,4.0
613,Sys_VAR_ref_1,4.25,3.6
613,Sys_VAR_ref_2,4.65,3.85
613,Sys_VAR_ref_3,4.85,3.72
613,User_VAR_1,4.29,2.0
613,User_VAR_2,4.29,4.0
613,User_VAR_3,4.38,3.0
614,Sys_VAR_ref_1,4.25,3.65
614,Sys_VAR_ref_2,3.65,2.1
614,Sys_VAR_ref_3,4.25,2.85
614,User_VAR_1,4.38,3.0
614,User_VAR_2,4.29,3.0
614,User_VAR_3,4.29,3.0
615,Sys_VAR_ref_1,4.12,2.35
615,Sys_VAR_ref_2,1.85,1.2
615,Sys_VAR_ref_3,1.85,1.65
615,User_VAR_1,2.5,2.0
615,User_VAR_2,0.71,1.0
615,User_VAR_3,0.71,1.0
616,Sys_VAR_ref_1,4.85,2.15
616,Sys_VAR_ref_2,4.65,2.75
616,Sys_VAR_ref_3,4.85,3.75
616,User_VAR_1,5.0,3.0
616,User_VAR_2,5.0,4.0
616,User_VAR_3,5.0,4.0
617,Sys_VAR_ref_1,4.12,3.85
617,Sys_VAR_ref_2,2.85,1.92
617,Sys_VAR_ref_3,3.42,2.15
617,User_VAR_1,3.57,1.0
617,User_VAR_2,4.29,2.0
617,User_VAR_3,3.75,3.0
618,Sys_VAR_ref_1,4.65,2.85
618,Sys_VAR_ref_2,4.65,2.85
618,Sys_VAR_ref_3,4.65,3.82
618,User_VAR_1,4.38,4.0
618,User_VAR_2,4.29,4.0
618,User_VAR_3,5.0,3.0
619,Sys_VAR_ref_1,0.15,2.85
619,Sys_VAR_ref_2,1.25,2.85
619,Sys_VAR_ref_3,1.25,2.85
619,User_VAR_1,1.88,3.0
619,User_VAR_2,1.88,3.0
619,User_VAR_3,1.88,1.0
620,Sys_VAR_ref_1,4.85,3.75
620,Sys_VAR_ref_2,4.82,1.65
620,Sys_VAR_ref_3,4.85,3.6
620,User_VAR_1,5.0,3.0
620,User_VAR_2,5.0,3.0
620,User_VAR_3,5.0,3.0
621,Sys_VAR_ref_1,4.65,3.82
621,Sys_VAR_ref_2,4.15,2.85
621,Sys_VAR_ref_3,2.85,1.92
621,User_VAR_1,4.17,4.0
621,User_VAR_2,4.44,4.0
621,User_VAR_3,4.44,3.0
622,Sys_VAR_ref_1,4.15,1.85
622,Sys_VAR_ref_2,4.15,2.85
622,Sys_VAR_ref_3,4.85,3.8
622,User_VAR_1,5.0,4.0
622,User_VAR_2,4.44,4.0
622,User_VAR_3,5.0,2.0
623,Sys_VAR_ref_1,3.85,1.2
623,Sys_VAR_ref_2,3.82,1.5
623,Sys_VAR_ref_3,4.85,2.15
623,User_VAR_1,5.0,2.0
623,User_VAR_2,4.38,3.0
623,User_VAR_3,4.38,2.0
624,Sys_VAR_ref_1,3.85,2.15
624,Sys_VAR_ref_2,1.85,2.4
624,Sys_VAR_ref_3,3.85,2.4
624,User_VAR_1,3.89,3.0
624,User_VAR_2,3.89,2.0
624,User_VAR_3,3.89,2.0
625,Sys_VAR_ref_1,0.0,1.25
625,Sys_VAR_ref_2,0.0,1.2
625,Sys_VAR_ref_3,0.0,1.2
625,User_VAR_1,0.0,1.0
625,User_VAR_2,0.0,1.0
625,User_VAR_3,0.0,1.0
626,Sys_VAR_ref_1,4.85,2.15
626,Sys_VAR_ref_2,4.85,3.75
626,Sys_VAR_ref_3,4.85,3.75
626,User_VAR_1,5.0,2.0
626,User_VAR_2,5.0,4.0
626,User_VAR_3,5.0,4.0
627,Sys_VAR_ref_1,1.85,2.4
627,Sys_VAR_ref_2,2.15,1.5
627,Sys_VAR_ref_3,1.85,2.1
627,User_VAR_1,4.17,2.0
627,User_VAR_2,4.17,2.0
627,User_VAR_3,3.75,1.0
628,Sys_VAR_ref_1,4.85,3.2
628,Sys_VAR_ref_2,4.65,2.85
628,Sys_VAR_ref_3,4.15,2.85
628,User_VAR_1,4.44,4.0
628,User_VAR_2,5.0,3.0
628,User_VAR_3,5.0,3.0
629,Sys_VAR_ref_1,2.85,1.9
629,Sys_VAR_ref_2,2.85,1.92
629,Sys_VAR_ref_3,2.85,1.92
629,User_VAR_1,3.33,2.0
629,User_VAR_2,3.33,2.0
629,User_VAR_3,3.75,2.0
630,Sys_VAR_ref_1,3.85,2.65
630,Sys_VAR_ref_2,3.82,2.15
630,Sys_VAR_ref_3,3.42,2.85
630,User_VAR_1,5.0,3.0
630,User_VAR_2,5.0,3.0
630,User_VAR_3,5.0,4.0
631,Sys_VAR_ref_1,4.65,2.15
631,Sys_VAR_ref_2,4.65,3.85
631,Sys_VAR_ref_3,4.65,2.85
631,User_VAR_1,3.75,4.0
631,User_VAR_2,5.0,4.0
631,User_VAR_3,3.75,4.0
632,Sys_VAR_ref_1,4.12,1.85
632,Sys_VAR_ref_2,4.12,1.85
632,Sys_VAR_ref_3,4.12,2.85
632,User_VAR_1,5.0,2.0
632,User_VAR_2,5.0,1.0
632,User_VAR_3,5.0,1.0
633,Sys_VAR_ref_1,2.85,1.65
633,Sys_VAR_ref_2,4.85,3.75
633,Sys_VAR_ref_3,1.85,1.2
633,User_VAR_1,1.88,3.0
633,User_VAR_2,3.12,3.0
633,User_VAR_3,5.0,3.0
634,Sys_VAR_ref_1,4.92,1.85
634,Sys_VAR_ref_2,4.85,2.15
634,Sys_VAR_ref_3,4.85,1.2
634,User_VAR_1,4.38,2.0
634,User_VAR_2,5.0,2.0
634,User_VAR_3,5.0,2.0
635,Sys_VAR_ref_1,1.25,1.15
635,Sys_VAR_ref_2,1.85,1.92
635,Sys_VAR_ref_3,1.85,2.4
635,User_VAR_1,5.0,2.0
635,User_VAR_2,0.62,2.0
635,User_VAR_3,5.0,2.0
636,Sys_VAR_ref_1,4.85,3.65
636,Sys_VAR_ref_2,4.85,3.62
636,Sys_VAR_ref_3,4.85,3.6
636,User_VAR_1,5.0,4.0
636,User_VAR_2,5.0,4.0
636,User_VAR_3,5.0,4.0
637,Sys_VAR_ref_1,2.85,2.4
637,Sys_VAR_ref_2,2.85,1.92
637,Sys_VAR_ref_3,2.85,2.4
637,User_VAR_1,5.0,3.0
637,User_VAR_2,3.75,2.0
637,User_VAR_3,5.0,3.0
638,Sys_VAR_ref_1,0.12,1.85
638,Sys_VAR_ref_2,0.85,1.92
638,Sys_VAR_ref_3,0.0,1.25
638,User_VAR_1,0.0,2.0
638,User_VAR_2,0.0,2.0
638,User_VAR_3,0.0,2.0
639,Sys_VAR_ref_1,4.85,3.72
639,Sys_VAR_ref_2,4.65,3.85
639,Sys_VAR_ref_3,4.65,3.82
639,User_VAR_1,5.0,4.0
639,User_VAR_2,5.0,4.0
639,User_VAR_3,5.0,4.0
640,Sys_VAR_ref_1,4.65,2.85
640,Sys_VAR_ref_2,4.85,3.62
640,Sys_VAR_ref_3,4.65,2.85
640,User_VAR_1,5.0,3.0
640,User_VAR_2,5.0,3.0
640,User_VAR_3,5.0,3.0
641,Sys_VAR_ref_1,2.85,1.92
641,Sys_VAR_ref_2,2.15,2.85
641,Sys_VAR_ref_3,2.85,1.65
641,User_VAR_1,3.75,2.0
641,User_VAR_2,4.38,2.0
641,User_VAR_3,2.5,2.0
642,Sys_VAR_ref_1,4.85,3.65
642,Sys_VAR_ref_2,4.25,2.85
642,Sys_VAR_ref_3,4.65,3.85
642,User_VAR_1,5.0,4.0
642,User_VAR_2,5.0,4.0
642,User_VAR_3,4.38,4.0
643,Sys_VAR_ref_1,2.85,1.42
643,Sys_VAR_ref_2,0.0,1.85
643,Sys_VAR_ref_3,0.15,1.85
643,User_VAR_1,0.0,1.0
643,User_VAR_2,0.0,2.0
643,User_VAR_3,0.0,1.0
644,Sys_VAR_ref_1,2.85,2.15
644,Sys_VAR_ref_2,1.85,1.2
644,Sys_VAR_ref_3,0.85,1.2
644,User_VAR_1,0.71,2.0
644,User_VAR_2,0.71,2.0
644,User_VAR_3,2.86,1.0
645,Sys_VAR_ref_1,4.85,3.75
645,Sys_VAR_ref_2,4.85,3.75
645,Sys_VAR_ref_3,4.85,3.65
645,User_VAR_1,4.38,4.0
645,User_VAR_2,4.38,4.0
645,User_VAR_3,4.38,3.0
646,Sys_VAR_ref_1,4.85,2.9
646,Sys_VAR_ref_2,4.85,3.72
646,Sys_VAR_ref_3,4.85,3.75
646,User_VAR_1,4.38,2.0
646,User_VAR_2,4.38,3.0
646,User_VAR_3,4.38,3.0
647,Sys_VAR_ref_1,4.85,2.75
647,Sys_VAR_ref_2,4.13,2.85
647,Sys_VAR_ref_3,4.15,3.85
647,User_VAR_1,4.38,2.0
647,User_VAR_2,4.38,4.0
647,User_VAR_3,5.0,4.0
648,Sys_VAR_ref_1,4.65,3.82
648,Sys_VAR_ref_2,4.85,3.75
648,Sys_VAR_ref_3,4.85,3.65
648,User_VAR_1,5.0,4.0
648,User_VAR_2,5.0,4.0
648,User_VAR_3,4.29,4.0
649,Sys_VAR_ref_1,4.85,3.6
649,Sys_VAR_ref_2,3.42,2.15
649,Sys_VAR_ref_3,4.65,2.85
649,User_VAR_1,5.0,2.0
649,User_VAR_2,5.0,3.0
649,User_VAR_3,5.0,2.0
650,Sys_VAR_ref_1,1.85,1.2
650,Sys_VAR_ref_2,4.25,1.85
650,Sys_VAR_ref_3,1.85,1.2
650,User_VAR_1,4.38,1.0
650,User_VAR_2,1.67,1.0
650,User_VAR_3,1.25,1.0
651,Sys_VAR_ref_1,2.85,2.1
651,Sys_VAR_ref_2,3.85,1.92
651,Sys_VAR_ref_3,2.85,1.65
651,User_VAR_1,3.33,2.0
651,User_VAR_2,5.0,2.0
651,User_VAR_3,3.33,3.0
652,Sys_VAR_ref_1,2.85,2.15
652,Sys_VAR_ref_2,2.15,3.42
652,Sys_VAR_ref_3,3.85,3.2
652,User_VAR_1,4.0,3.0
652,User_VAR_2,3.33,2.0
652,User_VAR_3,3.33,3.0
653,Sys_VAR_ref_1,2.15,1.85
653,Sys_VAR_ref_2,1.25,1.85
653,Sys_VAR_ref_3,1.85,1.2
653,User_VAR_1,1.25,1.0
653,User_VAR_2,3.12,1.0
653,User_VAR_3,3.12,1.0
654,Sys_VAR_ref_1,4.85,1.2
654,Sys_VAR_ref_2,2.85,1.65
654,Sys_VAR_ref_3,4.12,1.85
654,User_VAR_1,3.75,2.0
654,User_VAR_2,5.0,2.0
654,User_VAR_3,5.0,2.0
655,Sys_VAR_ref_1,4.85,1.65
655,Sys_VAR_ref_2,4.85,3.2
655,Sys_VAR_ref_3,4.85,3.2
655,User_VAR_1,5.0,4.0
655,User_VAR_2,5.0,3.0
655,User_VAR_3,5.0,4.0
656,Sys_VAR_ref_1,3.85,3.6
656,Sys_VAR_ref_2,3.85,3.62
656,Sys_VAR_ref_3,2.35,3.82
656,User_VAR_1,2.78,4.0
656,User_VAR_2,2.78,3.0
656,User_VAR_3,2.78,3.0
657,Sys_VAR_ref_1,3.85,1.65
657,Sys_VAR_ref_2,4.12,2.85
657,Sys_VAR_ref_3,3.45,1.85
657,User_VAR_1,3.33,4.0
657,User_VAR_2,3.89,2.0
657,User_VAR_3,3.33,2.0
658,Sys_VAR_ref_1,4.12,2.85
658,Sys_VAR_ref_2,4.65,3.85
658,Sys_VAR_ref_3,4.25,3.85
658,User_VAR_1,5.0,3.0
658,User_VAR_2,4.17,3.0
658,User_VAR_3,5.0,4.0
659,Sys_VAR_ref_1,4.65,3.82
659,Sys_VAR_ref_2,4.65,3.82
659,Sys_VAR_ref_3,4.85,3.92
659,User_VAR_1,4.38,4.0
659,User_VAR_2,5.0,4.0
659,User_VAR_3,4.38,4.0
660,Sys_VAR_ref_1,1.15,1.5
660,Sys_VAR_ref_2,1.85,1.5
660,Sys_VAR_ref_3,1.25,1.5
660,User_VAR_1,0.56,2.0
660,User_VAR_2,0.56,1.0
660,User_VAR_3,0.56,1.0
661,Sys_VAR_ref_1,3.85,1.5
661,Sys_VAR_ref_2,3.85,2.75
661,Sys_VAR_ref_3,4.12,2.85
661,User_VAR_1,3.12,2.0
661,User_VAR_2,3.12,2.0
661,User_VAR_3,3.12,2.0
662,Sys_VAR_ref_1,4.65,3.82
662,Sys_VAR_ref_2,4.15,2.85
662,Sys_VAR_ref_3,2.85,1.65
662,User_VAR_1,2.14,2.0
662,User_VAR_2,5.0,2.0
662,User_VAR_3,5.0,2.0
663,Sys_VAR_ref_1,0.85,2.15
663,Sys_VAR_ref_2,1.85,3.42
663,Sys_VAR_ref_3,0.85,2.65
663,User_VAR_1,0.0,2.0
663,User_VAR_2,0.0,2.0
663,User_VAR_3,0.0,2.0
664,Sys_VAR_ref_1,1.85,2.1
664,Sys_VAR_ref_2,4.85,3.62
664,Sys_VAR_ref_3,1.85,1.2
664,User_VAR_1,5.0,4.0
664,User_VAR_2,2.5,2.0
664,User_VAR_3,1.11,2.0
665,Sys_VAR_ref_1,4.12,2.85
665,Sys_VAR_ref_2,4.85,3.92
665,Sys_VAR_ref_3,4.85,3.62
665,User_VAR_1,3.75,4.0
665,User_VAR_2,4.0,4.0
665,User_VAR_3,3.0,4.0
666,Sys_VAR_ref_1,2.85,1.65
666,Sys_VAR_ref_2,2.15,2.8
666,Sys_VAR_ref_3,1.85,2.4
666,User_VAR_1,1.67,1.0
666,User_VAR_2,1.88,1.0
666,User_VAR_3,1.88,1.0
667,Sys_VAR_ref_1,3.85,2.15
667,Sys_VAR_ref_2,4.12,2.85
667,Sys_VAR_ref_3,3.82,2.15
667,User_VAR_1,2.5,2.0
667,User_VAR_2,3.0,2.0
667,User_VAR_3,3.0,2.0
668,Sys_VAR_ref_1,2.85,3.42
668,Sys_VAR_ref_2,2.85,3.42
668,Sys_VAR_ref_3,3.85,2.65
668,User_VAR_1,3.75,3.0
668,User_VAR_2,3.0,3.0
668,User_VAR_3,3.75,3.0
669,Sys_VAR_ref_1,2.85,1.92
669,Sys_VAR_ref_2,1.85,1.42
669,Sys_VAR_ref_3,2.15,1.85
669,User_VAR_1,0.0,2.0
669,User_VAR_2,2.22,2.0
669,User_VAR_3,1.67,2.0
670,Sys_VAR_ref_1,4.65,3.85
670,Sys_VAR_ref_2,4.15,2.85
670,Sys_VAR_ref_3,3.85,3.62
670,User_VAR_1,2.86,3.0
670,User_VAR_2,4.29,3.0
670,User_VAR_3,2.86,3.0
671,Sys_VAR_ref_1,4.15,3.25
671,Sys_VAR_ref_2,4.35,3.82
671,Sys_VAR_ref_3,4.85,3.72
671,User_VAR_1,5.0,3.0
671,User_VAR_2,3.33,3.0
671,User_VAR_3,2.5,3.0
672,Sys_VAR_ref_1,4.65,3.85
672,Sys_VAR_ref_2,4.65,3.85
672,Sys_VAR_ref_3,4.65,2.85
672,User_VAR_1,4.29,3.0
672,User_VAR_2,4.38,2.0
672,User_VAR_3,4.29,4.0
673,Sys_VAR_ref_1,4.65,1.5
673,Sys_VAR_ref_2,4.85,1.5
673,Sys_VAR_ref_3,4.15,1.5
673,User_VAR_1,4.38,3.0
673,User_VAR_2,4.38,3.0
673,User_VAR_3,5.0,2.0
674,Sys_VAR_ref_1,4.35,1.5
674,Sys_VAR_ref_2,4.85,1.5
674,Sys_VAR_ref_3,4.65,1.5
674,User_VAR_1,5.0,2.0
674,User_VAR_2,5.0,2.0
674,User_VAR_3,5.0,2.0
675,Sys_VAR_ref_1,4.35,1.5
675,Sys_VAR_ref_2,3.42,1.5
675,Sys_VAR_ref_3,3.85,1.5
675,User_VAR_1,5.0,2.0
675,User_VAR_2,5.0,2.0
675,User_VAR_3,5.0,3.0
676,Sys_VAR_ref_1,2.85,1.5
676,Sys_VAR_ref_2,4.65,1.5
676,Sys_VAR_ref_3,3.85,1.5
676,User_VAR_1,4.29,2.0
676,User_VAR_2,0.0,2.0
676,User_VAR_3,0.0,2.0
677,Sys_VAR_ref_1,4.15,1.5
677,Sys_VAR_ref_2,4.15,1.5
677,Sys_VAR_ref_3,4.15,1.5
677,User_VAR_1,4.38,2.0
677,User_VAR_2,3.89,2.0
677,User_VAR_3,3.89,3.0
678,Sys_VAR_ref_1,2.85,3.62
678,Sys_VAR_ref_2,2.85,3.6
678,Sys_VAR_ref_3,2.85,4.12
678,User_VAR_1,3.75,4.0
678,User_VAR_2,3.75,4.0
678,User_VAR_3,3.12,2.0
679,Sys_VAR_ref_1,4.65,1.5
679,Sys_VAR_ref_2,4.15,1.5
679,Sys_VAR_ref_3,4.65,1.5
679,User_VAR_1,5.0,2.0
679,User_VAR_2,5.0,2.0
679,User_VAR_3,5.0,2.0
680,Sys_VAR_ref_1,4.65,2.8
680,Sys_VAR_ref_2,4.85,3.65
680,Sys_VAR_ref_3,4.65,2.85
680,User_VAR_1,5.0,4.0
680,User_VAR_2,5.0,4.0
680,User_VAR_3,5.0,3.0
681,Sys_VAR_ref_1,4.85,3.6
681,Sys_VAR_ref_2,4.85,3.2
681,Sys_VAR_ref_3,4.65,2.85
681,User_VAR_1,4.38,4.0
681,User_VAR_2,5.0,3.0
681,User_VAR_3,4.38,3.0
682,Sys_VAR_ref_1,2.85,2.4
682,Sys_VAR_ref_2,3.85,3.42
682,Sys_VAR_ref_3,3.85,3.2
682,User_VAR_1,5.0,2.0
682,User_VAR_2,4.29,2.0
682,User_VAR_3,5.0,2.0
683,Sys_VAR_ref_1,4.65,2.85
683,Sys_VAR_ref_2,4.85,3.62
683,Sys_VAR_ref_3,4.85,2.15
683,User_VAR_1,5.0,3.0
683,User_VAR_2,5.0,3.0
683,User_VAR_3,5.0,3.0
684,Sys_VAR_ref_1,4.65,3.82
684,Sys_VAR_ref_2,4.65,3.82
684,Sys_VAR_ref_3,4.65,3.82
684,User_VAR_1,4.38,4.0
684,User_VAR_2,5.0,2.0
684,User_VAR_3,4.38,2.0
685,Sys_VAR_ref_1,4.65,2.15
685,Sys_VAR_ref_2,4.65,2.85
685,Sys_VAR_ref_3,4.65,2.15
685,User_VAR_1,5.0,3.0
685,User_VAR_2,5.0,3.0
685,User_VAR_3,4.38,3.0
686,Sys_VAR_ref_1,4.12,2.85
686,Sys_VAR_ref_2,1.85,2.15
686,Sys_VAR_ref_3,4.85,2.15
686,User_VAR_1,1.43,2.0
686,User_VAR_2,1.43,2.0
686,User_VAR_3,1.43,2.0
687,Sys_VAR_ref_1,4.85,2.15
687,Sys_VAR_ref_2,4.65,2.85
687,Sys_VAR_ref_3,4.65,2.85
687,User_VAR_1,5.0,3.0
687,User_VAR_2,5.0,2.0
687,User_VAR_3,5.0,3.0
688,Sys_VAR_ref_1,4.85,3.2
688,Sys_VAR_ref_2,4.85,3.72
688,Sys_VAR_ref_3,4.85,3.6
688,User_VAR_1,5.0,5.0
688,User_VAR_2,5.0,4.0
688,User_VAR_3,5.0,5.0
689,Sys_VAR_ref_1,4.85,2.35
689,Sys_VAR_ref_2,4.85,3.72
689,Sys_VAR_ref_3,4.85,2.65
689,User_VAR_1,5.0,4.0
689,User_VAR_2,5.0,3.0
689,User_VAR_3,5.0,4.0
690,Sys_VAR_ref_1,1.85,2.4
690,Sys_VAR_ref_2,2.85,1.92
690,Sys_VAR_ref_3,1.84,2.65
690,User_VAR_1,2.86,2.0
690,User_VAR_2,2.14,3.0
690,User_VAR_3,2.14,2.0
691,Sys_VAR_ref_1,4.65,3.85
691,Sys_VAR_ref_2,4.12,3.65
691,Sys_VAR_ref_3,4.65,3.2
691,User_VAR_1,4.29,4.0
691,User_VAR_2,4.29,4.0
691,User_VAR_3,4.29,3.0
692,Sys_VAR_ref_1,4.85,3.72
692,Sys_VAR_ref_2,4.85,4.72
692,Sys_VAR_ref_3,4.85,3.6
692,User_VAR_1,3.33,4.0
692,User_VAR_2,3.57,4.0
692,User_VAR_3,3.57,4.0
693,Sys_VAR_ref_1,4.85,3.6
693,Sys_VAR_ref_2,4.85,3.72
693,Sys_VAR_ref_3,4.85,3.72
693,User_VAR_1,2.86,3.0
693,User_VAR_2,3.57,4.0
693,User_VAR_3,2.86,3.0
694,Sys_VAR_ref_1,4.12,3.65
694,Sys_VAR_ref_2,4.85,4.92
694,Sys_VAR_ref_3,4.85,4.92
694,User_VAR_1,4.29,3.0
694,User_VAR_2,4.29,5.0
694,User_VAR_3,4.29,3.0
695,Sys_VAR_ref_1,4.65,3.85
695,Sys_VAR_ref_2,4.85,3.6
695,Sys_VAR_ref_3,4.65,3.2
695,User_VAR_1,3.75,4.0
695,User_VAR_2,3.75,4.0
695,User_VAR_3,3.75,4.0
696,Sys_VAR_ref_1,4.85,3.65
696,Sys_VAR_ref_2,4.85,3.65
696,Sys_VAR_ref_3,4.65,3.85
696,User_VAR_1,5.0,4.0
696,User_VAR_2,4.38,4.0
696,User_VAR_3,4.38,4.0
697,Sys_VAR_ref_1,4.12,3.65
697,Sys_VAR_ref_2,4.85,3.2
697,Sys_VAR_ref_3,4.12,2.85
697,User_VAR_1,4.29,4.0
697,User_VAR_2,4.17,4.0
697,User_VAR_3,3.57,4.0
698,Sys_VAR_ref_1,3.85,2.15
698,Sys_VAR_ref_2,3.85,2.15
698,Sys_VAR_ref_3,3.45,2.85
698,User_VAR_1,3.12,4.0
698,User_VAR_2,3.12,4.0
698,User_VAR_3,3.12,3.0
699,Sys_VAR_ref_1,3.85,2.75
699,Sys_VAR_ref_2,4.12,2.85
699,Sys_VAR_ref_3,3.85,2.75
699,User_VAR_1,1.88,4.0
699,User_VAR_2,2.5,4.0
699,User_VAR_3,2.5,4.0
700,Sys_VAR_ref_1,4.85,3.6
700,Sys_VAR_ref_2,4.85,3.72
700,Sys_VAR_ref_3,5.0,5.0
700,User_VAR_1,5.0,5.0
700,User_VAR_2,5.0,5.0
700,User_VAR_3,5.0,4.0
701,Sys_VAR_ref_1,4.85,3.72
701,Sys_VAR_ref_2,4.85,4.2
701,Sys_VAR_ref_3,4.85,3.72
701,User_VAR_1,5.0,4.0
701,User_VAR_2,5.0,4.0
701,User_VAR_3,5.0,4.0
702,Sys_VAR_ref_1,4.35,3.82
702,Sys_VAR_ref_2,4.85,2.15
702,Sys_VAR_ref_3,4.85,3.72
702,User_VAR_1,5.0,4.0
702,User_VAR_2,5.0,3.0
702,User_VAR_3,5.0,4.0
703,Sys_VAR_ref_1,4.12,3.65
703,Sys_VAR_ref_2,4.75,4.2
703,Sys_VAR_ref_3,4.85,4.62
703,User_VAR_1,5.0,5.0
703,User_VAR_2,5.0,5.0
703,User_VAR_3,5.0,5.0
704,Sys_VAR_ref_1,4.85,2.75
704,Sys_VAR_ref_2,4.85,3.6
704,Sys_VAR_ref_3,4.85,3.65
704,User_VAR_1,5.0,4.0
704,User_VAR_2,5.0,4.0
704,User_VAR_3,5.0,4.0
705,Sys_VAR_ref_1,4.85,3.75
705,Sys_VAR_ref_2,3.82,2.65
705,Sys_VAR_ref_3,3.85,2.75
705,User_VAR_1,5.0,3.0
705,User_VAR_2,3.75,5.0
705,User_VAR_3,5.0,5.0
706,Sys_VAR_ref_1,4.12,2.85
706,Sys_VAR_ref_2,4.85,3.2
706,Sys_VAR_ref_3,4.85,3.2
706,User_VAR_1,5.0,4.0
706,User_VAR_2,5.0,4.0
706,User_VAR_3,5.0,3.0
707,Sys_VAR_ref_1,4.85,3.75
707,Sys_VAR_ref_2,5.0,5.0
707,Sys_VAR_ref_3,5.0,5.0
707,User_VAR_1,5.0,4.0
707,User_VAR_2,5.0,4.0
707,User_VAR_3,5.0,4.0
708,Sys_VAR_ref_1,4.85,2.1
708,Sys_VAR_ref_2,4.12,2.85
708,Sys_VAR_ref_3,4.12,2.85
708,User_VAR_1,5.0,4.0
708,User_VAR_2,5.0,3.0
708,User_VAR_3,5.0,4.0
709,Sys_VAR_ref_1,4.85,4.2
709,Sys_VAR_ref_2,3.85,2.4
709,Sys_VAR_ref_3,4.85,3.6
709,User_VAR_1,5.0,5.0
709,User_VAR_2,3.0,2.0
709,User_VAR_3,5.0,5.0
710,Sys_VAR_ref_1,1.85,2.4
710,Sys_VAR_ref_2,2.85,1.92
710,Sys_VAR_ref_3,1.85,2.1
710,User_VAR_1,2.5,3.0
710,User_VAR_2,2.5,1.0
710,User_VAR_3,1.88,3.0
711,Sys_VAR_ref_1,4.85,3.75
711,Sys_VAR_ref_2,4.65,3.82
711,Sys_VAR_ref_3,4.15,3.85
711,User_VAR_1,3.33,4.0
711,User_VAR_2,4.44,3.0
711,User_VAR_3,3.33,3.0
712,Sys_VAR_ref_1,4.85,2.15
712,Sys_VAR_ref_2,4.85,3.62
712,Sys_VAR_ref_3,4.65,2.85
712,User_VAR_1,5.0,4.0
712,User_VAR_2,0.0,4.0
712,User_VAR_3,5.0,4.0
713,Sys_VAR_ref_1,4.85,3.2
713,Sys_VAR_ref_2,4.85,3.72
713,Sys_VAR_ref_3,4.85,2.15
713,User_VAR_1,3.89,3.0
713,User_VAR_2,3.89,3.0
713,User_VAR_3,5.0,3.0
714,Sys_VAR_ref_1,4.12,1.5
714,Sys_VAR_ref_2,2.85,1.2
714,Sys_VAR_ref_3,0.15,1.2
714,User_VAR_1,2.78,1.0
714,User_VAR_2,2.78,1.0
714,User_VAR_3,2.78,1.0
715,Sys_VAR_ref_1,3.85,2.75
715,Sys_VAR_ref_2,3.82,4.15
715,Sys_VAR_ref_3,4.85,3.72
715,User_VAR_1,3.89,2.0
715,User_VAR_2,3.89,4.0
715,User_VAR_3,5.0,2.0
716,Sys_VAR_ref_1,2.85,1.5
716,Sys_VAR_ref_2,3.82,1.5
716,Sys_VAR_ref_3,2.85,1.5
716,User_VAR_1,3.0,2.0
716,User_VAR_2,5.0,2.0
716,User_VAR_3,3.0,2.0
717,Sys_VAR_ref_1,0.12,0.85
717,Sys_VAR_ref_2,0.0,0.0
717,Sys_VAR_ref_3,0.12,0.85
717,User_VAR_1,0.0,1.0
717,User_VAR_2,0.0,0.0
717,User_VAR_3,0.0,1.0
718,Sys_VAR_ref_1,2.15,2.85
718,Sys_VAR_ref_2,4.85,2.75
718,Sys_VAR_ref_3,4.15,1.85
718,User_VAR_1,3.33,2.0
718,User_VAR_2,3.33,2.0
718,User_VAR_3,2.5,2.0
719,Sys_VAR_ref_1,3.85,3.6
719,Sys_VAR_ref_2,2.85,1.65
719,Sys_VAR_ref_3,4.65,2.85
719,User_VAR_1,3.33,2.0
719,User_VAR_2,3.33,2.0
719,User_VAR_3,3.33,2.0
720,Sys_VAR_ref_1,4.85,2.15
720,Sys_VAR_ref_2,4.85,2.75
720,Sys_VAR_ref_3,4.85,2.15
720,User_VAR_1,0.0,2.0
720,User_VAR_2,0.0,2.0
720,User_VAR_3,0.0,2.0
721,Sys_VAR_ref_1,4.85,2.15
721,Sys_VAR_ref_2,4.85,3.62
721,Sys_VAR_ref_3,4.85,2.65
721,User_VAR_1,5.0,4.0
721,User_VAR_2,5.0,4.0
721,User_VAR_3,5.0,4.0
722,Sys_VAR_ref_1,1.85,2.1
722,Sys_VAR_ref_2,1.85,2.4
722,Sys_VAR_ref_3,2.85,3.12
722,User_VAR_1,3.0,3.0
722,User_VAR_2,3.75,3.0
722,User_VAR_3,3.0,3.0
723,Sys_VAR_ref_1,4.12,2.85
723,Sys_VAR_ref_2,4.85,1.92
723,Sys_VAR_ref_3,4.85,2.65
723,User_VAR_1,5.0,2.0
723,User_VAR_2,3.75,4.0
723,User_VAR_3,5.0,2.0
724,Sys_VAR_ref_1,4.85,3.72
724,Sys_VAR_ref_2,4.85,3.72
724,Sys_VAR_ref_3,4.85,3.72
724,User_VAR_1,5.0,4.0
724,User_VAR_2,5.0,4.0
724,User_VAR_3,5.0,4.0
725,Sys_VAR_ref_1,3.85,4.12
725,Sys_VAR_ref_2,3.82,4.15
725,Sys_VAR_ref_3,3.85,3.6
725,User_VAR_1,5.0,3.0
725,User_VAR_2,5.0,3.0
725,User_VAR_3,5.0,3.0
726,Sys_VAR_ref_1,4.85,3.62
726,Sys_VAR_ref_2,4.85,4.72
726,Sys_VAR_ref_3,4.85,4.2
726,User_VAR_1,5.0,4.0
726,User_VAR_2,5.0,4.0
726,User_VAR_3,5.0,4.0
727,Sys_VAR_ref_1,4.85,3.6
727,Sys_VAR_ref_2,3.85,2.15
727,Sys_VAR_ref_3,4.85,3.75
727,User_VAR_1,5.0,4.0
727,User_VAR_2,3.75,4.0
727,User_VAR_3,5.0,4.0
728,Sys_VAR_ref_1,2.85,3.42
728,Sys_VAR_ref_2,1.85,2.4
728,Sys_VAR_ref_3,1.85,3.62
728,User_VAR_1,5.0,3.0
728,User_VAR_2,3.33,3.0
728,User_VAR_3,3.33,3.0
729,Sys_VAR_ref_1,4.85,3.65
729,Sys_VAR_ref_2,4.85,2.65
729,Sys_VAR_ref_3,4.85,3.6
729,User_VAR_1,5.0,4.0
729,User_VAR_2,5.0,4.0
729,User_VAR_3,5.0,4.0
730,Sys_VAR_ref_1,4.85,1.5
730,Sys_VAR_ref_2,4.15,3.85
730,Sys_VAR_ref_3,4.85,3.92
730,User_VAR_1,5.0,2.0
730,User_VAR_2,5.0,3.0
730,User_VAR_3,5.0,3.0
731,Sys_VAR_ref_1,4.25,3.85
731,Sys_VAR_ref_2,4.65,3.82
731,Sys_VAR_ref_3,3.45,2.85
731,User_VAR_1,4.29,2.0
731,User_VAR_2,3.57,3.0
731,User_VAR_3,3.57,3.0
732,Sys_VAR_ref_1,4.65,3.85
732,Sys_VAR_ref_2,4.65,3.85
732,Sys_VAR_ref_3,4.65,3.82
732,User_VAR_1,5.0,4.0
732,User_VAR_2,5.0,4.0
732,User_VAR_3,4.29,4.0
733,Sys_VAR_ref_1,4.82,2.15
733,Sys_VAR_ref_2,3.15,1.5
733,Sys_VAR_ref_3,4.15,2.85
733,User_VAR_1,4.0,2.0
733,User_VAR_2,4.0,1.0
733,User_VAR_3,5.0,2.0
734,Sys_VAR_ref_1,3.85,1.2
734,Sys_VAR_ref_2,4.85,1.2
734,Sys_VAR_ref_3,3.85,1.2
734,User_VAR_1,4.29,4.0
734,User_VAR_2,4.29,1.0
734,User_VAR_3,4.29,1.0
735,Sys_VAR_ref_1,0.05,2.0
735,Sys_VAR_ref_2,4.85,2.15
735,Sys_VAR_ref_3,4.85,3.2
735,User_VAR_1,5.0,2.0
735,User_VAR_2,5.0,2.0
735,User_VAR_3,5.0,2.0
736,Sys_VAR_ref_1,4.15,3.85
736,Sys_VAR_ref_2,4.12,2.85
736,Sys_VAR_ref_3,3.25,2.8
736,User_VAR_1,3.57,3.0
736,User_VAR_2,4.29,2.0
736,User_VAR_3,4.29,2.0
737,Sys_VAR_ref_1,0.15,1.25
737,Sys_VAR_ref_2,0.12,1.35
737,Sys_VAR_ref_3,0.12,1.35
737,User_VAR_1,0.62,1.0
737,User_VAR_2,1.25,1.0
737,User_VAR_3,5.0,1.0
738,Sys_VAR_ref_1,0.0,1.5
738,Sys_VAR_ref_2,0.15,1.5
738,Sys_VAR_ref_3,0.0,1.5
738,User_VAR_1,5.0,2.0
738,User_VAR_2,5.0,2.0
738,User_VAR_3,5.0,2.0
739,Sys_VAR_ref_1,1.85,1.5
739,Sys_VAR_ref_2,4.65,3.85
739,Sys_VAR_ref_3,4.85,1.5
739,User_VAR_1,5.0,2.0
739,User_VAR_2,3.33,2.0
739,User_VAR_3,3.33,2.0
740,Sys_VAR_ref_1,4.15,2.85
740,Sys_VAR_ref_2,4.12,2.85
740,Sys_VAR_ref_3,4.85,3.75
740,User_VAR_1,4.38,3.0
740,User_VAR_2,4.38,3.0
740,User_VAR_3,5.0,3.0
741,Sys_VAR_ref_1,3.85,2.65
741,Sys_VAR_ref_2,4.12,2.85
741,Sys_VAR_ref_3,3.85,2.65
741,User_VAR_1,5.0,4.0
741,User_VAR_2,5.0,2.0
741,User_VAR_3,5.0,2.0
742,Sys_VAR_ref_1,4.72,3.85
742,Sys_VAR_ref_2,4.65,2.85
742,Sys_VAR_ref_3,4.85,4.2
742,User_VAR_1,5.0,3.0
742,User_VAR_2,5.0,5.0
742,User_VAR_3,5.0,5.0
743,Sys_VAR_ref_1,4.65,3.85
743,Sys_VAR_ref_2,4.85,3.62
743,Sys_VAR_ref_3,4.65,3.85
743,User_VAR_1,4.38,4.0
743,User_VAR_2,4.38,4.0
743,User_VAR_3,5.0,4.0
744,Sys_VAR_ref_1,4.65,3.85
744,Sys_VAR_ref_2,4.85,3.72
744,Sys_VAR_ref_3,4.65,3.82
744,User_VAR_1,5.0,3.0
744,User_VAR_2,0.0,4.0
744,User_VAR_3,5.0,3.0
745,Sys_VAR_ref_1,4.12,3.65
745,Sys_VAR_ref_2,4.85,4.2
745,Sys_VAR_ref_3,4.15,3.65
745,User_VAR_1,4.0,3.0
745,User_VAR_2,4.0,3.0
745,User_VAR_3,5.0,3.0
746,Sys_VAR_ref_1,4.65,3.85
746,Sys_VAR_ref_2,4.12,2.85
746,Sys_VAR_ref_3,4.12,3.65
746,User_VAR_1,5.0,3.0
746,User_VAR_2,5.0,4.0
746,User_VAR_3,5.0,4.0
747,Sys_VAR_ref_1,4.85,3.65
747,Sys_VAR_ref_2,4.65,3.85
747,Sys_VAR_ref_3,4.85,2.75
747,User_VAR_1,5.0,4.0
747,User_VAR_2,5.0,3.0
747,User_VAR_3,5.0,2.0
748,Sys_VAR_ref_1,2.85,3.72
748,Sys_VAR_ref_2,3.42,3.85
748,Sys_VAR_ref_3,2.85,3.42
748,User_VAR_1,3.33,4.0
748,User_VAR_2,4.38,3.0
748,User_VAR_3,3.75,3.0
749,Sys_VAR_ref_1,4.15,3.85
749,Sys_VAR_ref_2,4.12,2.85
749,Sys_VAR_ref_3,3.85,2.15
749,User_VAR_1,3.75,2.0
749,User_VAR_2,3.75,3.0
749,User_VAR_3,3.75,2.0
750,Sys_VAR_ref_1,3.45,3.82
750,Sys_VAR_ref_2,3.45,2.85
750,Sys_VAR_ref_3,3.85,2.6
750,User_VAR_1,3.12,2.0
750,User_VAR_2,3.12,4.0
750,User_VAR_3,3.12,4.0
751,Sys_VAR_ref_1,4.15,3.65
751,Sys_VAR_ref_2,4.65,3.85
751,Sys_VAR_ref_3,4.35,3.85
751,User_VAR_1,5.0,4.0
751,User_VAR_2,5.0,4.0
751,User_VAR_3,5.0,4.0
752,Sys_VAR_ref_1,4.12,3.65
752,Sys_VAR_ref_2,4.65,2.85
752,Sys_VAR_ref_3,4.65,2.85
752,User_VAR_1,4.44,4.0
752,User_VAR_2,3.33,3.0
752,User_VAR_3,3.57,4.0
753,Sys_VAR_ref_1,3.85,4.12
753,Sys_VAR_ref_2,3.85,4.12
753,Sys_VAR_ref_3,2.85,3.65
753,User_VAR_1,3.57,4.0
753,User_VAR_2,3.33,4.0
753,User_VAR_3,3.33,4.0
754,Sys_VAR_ref_1,4.15,1.5
754,Sys_VAR_ref_2,3.42,1.85
754,Sys_VAR_ref_3,4.85,2.65
754,User_VAR_1,5.0,2.0
754,User_VAR_2,3.0,2.0
754,User_VAR_3,5.0,1.0
755,Sys_VAR_ref_1,4.12,2.85
755,Sys_VAR_ref_2,3.42,2.68
755,Sys_VAR_ref_3,4.15,2.85
755,User_VAR_1,4.29,3.0
755,User_VAR_2,4.29,3.0
755,User_VAR_3,4.29,2.0
756,Sys_VAR_ref_1,4.15,2.65
756,Sys_VAR_ref_2,4.65,3.85
756,Sys_VAR_ref_3,4.15,3.65
756,User_VAR_1,4.17,4.0
756,User_VAR_2,4.38,4.0
756,User_VAR_3,5.0,4.0
757,Sys_VAR_ref_1,4.85,3.75
757,Sys_VAR_ref_2,4.85,3.6
757,Sys_VAR_ref_3,4.65,3.2
757,User_VAR_1,5.0,4.0
757,User_VAR_2,4.5,4.0
757,User_VAR_3,4.5,4.0
758,Sys_VAR_ref_1,3.85,1.42
758,Sys_VAR_ref_2,2.85,1.42
758,Sys_VAR_ref_3,2.85,1.45
758,User_VAR_1,0.0,2.0
758,User_VAR_2,2.78,1.0
758,User_VAR_3,0.0,1.0
759,Sys_VAR_ref_1,4.85,3.65
759,Sys_VAR_ref_2,4.65,3.85
759,Sys_VAR_ref_3,4.15,3.65
759,User_VAR_1,5.0,4.0
759,User_VAR_2,5.0,3.0
759,User_VAR_3,5.0,3.0
760,Sys_VAR_ref_1,4.92,4.95
760,Sys_VAR_ref_2,4.85,4.2
760,Sys_VAR_ref_3,4.65,3.85
760,User_VAR_1,4.38,4.0
760,User_VAR_2,4.38,4.0
760,User_VAR_3,5.0,4.0
761,Sys_VAR_ref_1,4.95,4.92
761,Sys_VAR_ref_2,5.0,5.0
761,Sys_VAR_ref_3,5.0,5.0
761,User_VAR_1,5.0,5.0
761,User_VAR_2,5.0,4.0
761,User_VAR_3,5.0,5.0
762,Sys_VAR_ref_1,4.85,3.72
762,Sys_VAR_ref_2,4.92,4.95
762,Sys_VAR_ref_3,4.85,4.72
762,User_VAR_1,5.0,5.0
762,User_VAR_2,5.0,5.0
762,User_VAR_3,5.0,4.0
763,Sys_VAR_ref_1,4.65,4.2
763,Sys_VAR_ref_2,3.85,1.5
763,Sys_VAR_ref_3,4.65,3.82
763,User_VAR_1,4.38,4.0
763,User_VAR_2,4.38,4.0
763,User_VAR_3,4.38,4.0
764,Sys_VAR_ref_1,4.85,4.92
764,Sys_VAR_ref_2,5.0,5.0
764,Sys_VAR_ref_3,4.85,4.72
764,User_VAR_1,5.0,5.0
764,User_VAR_2,5.0,5.0
764,User_VAR_3,5.0,5.0
765,Sys_VAR_ref_1,4.85,4.62
765,Sys_VAR_ref_2,5.0,5.0
765,Sys_VAR_ref_3,4.85,4.92
765,User_VAR_1,4.44,5.0
765,User_VAR_2,5.0,5.0
765,User_VAR_3,4.44,4.0
766,Sys_VAR_ref_1,4.82,4.65
766,Sys_VAR_ref_2,4.12,3.85
766,Sys_VAR_ref_3,4.25,3.85
766,User_VAR_1,4.38,4.0
766,User_VAR_2,4.29,4.0
766,User_VAR_3,4.29,4.0
767,Sys_VAR_ref_1,4.25,2.85
767,Sys_VAR_ref_2,3.85,2.75
767,Sys_VAR_ref_3,4.15,3.85
767,User_VAR_1,4.38,4.0
767,User_VAR_2,4.38,4.0
767,User_VAR_3,4.38,4.0
768,Sys_VAR_ref_1,4.85,3.62
768,Sys_VAR_ref_2,4.85,4.2
768,Sys_VAR_ref_3,4.85,3.72
768,User_VAR_1,5.0,4.0
768,User_VAR_2,5.0,4.0
768,User_VAR_3,5.0,4.0
769,Sys_VAR_ref_1,4.65,3.85
769,Sys_VAR_ref_2,4.65,3.85
769,Sys_VAR_ref_3,4.65,3.85
769,User_VAR_1,4.44,4.0
769,User_VAR_2,4.44,3.0
769,User_VAR_3,4.38,4.0
770,Sys_VAR_ref_1,4.12,3.65
770,Sys_VAR_ref_2,3.85,3.6
770,Sys_VAR_ref_3,3.85,2.4
770,User_VAR_1,3.75,3.0
770,User_VAR_2,4.38,3.0
770,User_VAR_3,3.75,4.0
771,Sys_VAR_ref_1,4.95,4.65
771,Sys_VAR_ref_2,4.92,4.65
771,Sys_VAR_ref_3,4.95,4.85
771,User_VAR_1,5.0,4.0
771,User_VAR_2,5.0,3.0
771,User_VAR_3,5.0,4.0
772,Sys_VAR_ref_1,0.15,1.2
772,Sys_VAR_ref_2,3.85,2.65
772,Sys_VAR_ref_3,4.65,3.85
772,User_VAR_1,3.75,3.0
772,User_VAR_2,3.75,3.0
772,User_VAR_3,1.88,3.0
773,Sys_VAR_ref_1,4.25,2.15
773,Sys_VAR_ref_2,4.65,4.12
773,Sys_VAR_ref_3,4.85,4.72
773,User_VAR_1,4.38,4.0
773,User_VAR_2,4.38,3.0
773,User_VAR_3,4.38,4.0
774,Sys_VAR_ref_1,3.65,2.85
774,Sys_VAR_ref_2,4.25,2.85
774,Sys_VAR_ref_3,2.85,2.1
774,User_VAR_1,3.75,3.0
774,User_VAR_2,3.75,2.0
774,User_VAR_3,3.75,2.0
775,Sys_VAR_ref_1,1.25,0.85
775,Sys_VAR_ref_2,0.0,0.5
775,Sys_VAR_ref_3,0.0,0.5
775,User_VAR_1,0.0,1.0
775,User_VAR_2,0.0,1.0
775,User_VAR_3,0.0,1.0
776,Sys_VAR_ref_1,0.0,1.2
776,Sys_VAR_ref_2,0.0,1.2
776,Sys_VAR_ref_3,2.85,1.92
776,User_VAR_1,3.75,1.0
776,User_VAR_2,0.0,2.0
776,User_VAR_3,0.0,1.0
777,Sys_VAR_ref_1,4.15,3.85
777,Sys_VAR_ref_2,3.85,2.15
777,Sys_VAR_ref_3,4.65,2.85
777,User_VAR_1,3.12,3.0
777,User_VAR_2,3.12,3.0
777,User_VAR_3,3.75,3.0
778,Sys_VAR_ref_1,1.85,2.4
778,Sys_VAR_ref_2,2.85,2.15
778,Sys_VAR_ref_3,2.85,3.42
778,User_VAR_1,5.0,2.0
778,User_VAR_2,5.0,2.0
778,User_VAR_3,3.12,1.0
779,Sys_VAR_ref_1,4.65,2.85
779,Sys_VAR_ref_2,4.65,2.85
779,Sys_VAR_ref_3,4.65,3.2
779,User_VAR_1,4.38,5.0
779,User_VAR_2,5.0,5.0
779,User_VAR_3,4.38,5.0
780,Sys_VAR_ref_1,3.42,2.85
780,Sys_VAR_ref_2,1.25,1.85
780,Sys_VAR_ref_3,3.42,2.0
780,User_VAR_1,1.0,3.0
780,User_VAR_2,1.0,2.0
780,User_VAR_3,1.0,3.0
781,Sys_VAR_ref_1,4.12,1.5
781,Sys_VAR_ref_2,4.12,3.68
781,Sys_VAR_ref_3,4.85,2.65
781,User_VAR_1,5.0,3.0
781,User_VAR_2,5.0,2.0
781,User_VAR_3,5.0,3.0
782,Sys_VAR_ref_1,4.15,1.5
782,Sys_VAR_ref_2,4.12,1.5
782,Sys_VAR_ref_3,4.35,1.5
782,User_VAR_1,5.0,2.0
782,User_VAR_2,5.0,2.0
782,User_VAR_3,5.0,2.0
783,Sys_VAR_ref_1,1.85,2.4
783,Sys_VAR_ref_2,1.85,2.4
783,Sys_VAR_ref_3,1.85,1.5
783,User_VAR_1,0.0,2.0
783,User_VAR_2,0.0,2.0
783,User_VAR_3,0.0,2.0
784,Sys_VAR_ref_1,3.15,1.5
784,Sys_VAR_ref_2,3.45,1.5
784,Sys_VAR_ref_3,4.15,2.85
784,User_VAR_1,5.0,2.0
784,User_VAR_2,5.0,2.0
784,User_VAR_3,5.0,2.0
785,Sys_VAR_ref_1,3.65,1.5
785,Sys_VAR_ref_2,4.12,2.85
785,Sys_VAR_ref_3,4.15,1.5
785,User_VAR_1,4.17,2.0
785,User_VAR_2,4.17,3.0
785,User_VAR_3,4.17,3.0
786,Sys_VAR_ref_1,4.85,2.15
786,Sys_VAR_ref_2,4.15,2.0
786,Sys_VAR_ref_3,4.65,2.85
786,User_VAR_1,5.0,4.0
786,User_VAR_2,5.0,2.0
786,User_VAR_3,4.29,4.0
787,Sys_VAR_ref_1,1.85,2.4
787,Sys_VAR_ref_2,1.25,2.1
787,Sys_VAR_ref_3,0.85,2.4
787,User_VAR_1,0.0,2.0
787,User_VAR_2,0.0,2.0
787,User_VAR_3,0.0,2.0
788,Sys_VAR_ref_1,4.12,2.85
788,Sys_VAR_ref_2,4.85,2.15
788,Sys_VAR_ref_3,4.85,3.75
788,User_VAR_1,5.0,3.0
788,User_VAR_2,5.0,3.0
788,User_VAR_3,5.0,3.0
789,Sys_VAR_ref_1,1.85,2.4
789,Sys_VAR_ref_2,3.85,3.6
789,Sys_VAR_ref_3,1.25,1.5
789,User_VAR_1,5.0,3.0
789,User_VAR_2,0.0,3.0
789,User_VAR_3,0.0,3.0
790,Sys_VAR_ref_1,0.85,1.5
790,Sys_VAR_ref_2,0.0,2.85
790,Sys_VAR_ref_3,0.15,2.85
790,User_VAR_1,0.71,2.0
790,User_VAR_2,0.83,3.0
790,User_VAR_3,0.0,3.0
791,Sys_VAR_ref_1,0.0,1.25
791,Sys_VAR_ref_2,0.0,1.25
791,Sys_VAR_ref_3,0.0,1.25
791,User_VAR_1,0.0,1.0
791,User_VAR_2,0.0,1.0
791,User_VAR_3,0.0,1.0
792,Sys_VAR_ref_1,1.85,3.65
792,Sys_VAR_ref_2,0.0,2.85
792,Sys_VAR_ref_3,4.85,3.6
792,User_VAR_1,0.0,4.0
792,User_VAR_2,0.0,4.0
792,User_VAR_3,1.25,4.0
793,Sys_VAR_ref_1,0.0,1.5
793,Sys_VAR_ref_2,0.0,1.25
793,Sys_VAR_ref_3,0.0,1.25
793,User_VAR_1,0.0,2.0
793,User_VAR_2,0.0,1.0
793,User_VAR_3,0.0,1.0
794,Sys_VAR_ref_1,4.85,3.65
794,Sys_VAR_ref_2,0.0,3.2
794,Sys_VAR_ref_3,0.15,3.62
794,User_VAR_1,0.0,3.0
794,User_VAR_2,0.71,3.0
794,User_VAR_3,0.71,3.0
795,Sys_VAR_ref_1,0.0,2.85
795,Sys_VAR_ref_2,4.85,3.62
795,Sys_VAR_ref_3,1.25,3.65
795,User_VAR_1,0.56,3.0
795,User_VAR_2,0.0,3.0
795,User_VAR_3,0.0,4.0
796,Sys_VAR_ref_1,0.0,2.85
796,Sys_VAR_ref_2,4.85,1.5
796,Sys_VAR_ref_3,0.0,1.85
796,User_VAR_1,0.0,3.0
796,User_VAR_2,0.0,2.0
796,User_VAR_3,0.0,2.0
797,Sys_VAR_ref_1,4.85,3.62
797,Sys_VAR_ref_2,0.15,2.85
797,Sys_VAR_ref_3,0.85,2.4
797,User_VAR_1,0.56,3.0
797,User_VAR_2,0.56,4.0
797,User_VAR_3,0.56,3.0
798,Sys_VAR_ref_1,0.85,3.62
798,Sys_VAR_ref_2,4.85,3.2
798,Sys_VAR_ref_3,0.85,3.62
798,User_VAR_1,1.43,2.0
798,User_VAR_2,1.43,3.0
798,User_VAR_3,1.43,2.0
799,Sys_VAR_ref_1,0.0,3.25
799,Sys_VAR_ref_2,0.0,2.85
799,Sys_VAR_ref_3,0.0,2.85
799,User_VAR_1,0.0,2.0
799,User_VAR_2,0.0,3.0
799,User_VAR_3,0.0,4.0
800,Sys_VAR_ref_1,2.85,1.5
800,Sys_VAR_ref_2,2.15,1.2
800,Sys_VAR_ref_3,2.15,1.25
800,User_VAR_1,2.5,1.0
800,User_VAR_2,2.5,1.0
800,User_VAR_3,2.5,1.0
801,Sys_VAR_ref_1,3.85,3.62
801,Sys_VAR_ref_2,2.85,1.92
801,Sys_VAR_ref_3,3.85,2.65
801,User_VAR_1,2.86,4.0
801,User_VAR_2,2.86,4.0
801,User_VAR_3,2.86,2.0
802,Sys_VAR_ref_1,2.85,1.92
802,Sys_VAR_ref_2,3.85,2.15
802,Sys_VAR_ref_3,4.12,2.85
802,User_VAR_1,3.57,2.0
802,User_VAR_2,3.57,2.0
802,User_VAR_3,3.57,3.0
803,Sys_VAR_ref_1,2.15,1.5
803,Sys_VAR_ref_2,3.42,1.5
803,Sys_VAR_ref_3,4.35,3.82
803,User_VAR_1,5.0,2.0
803,User_VAR_2,3.57,2.0
803,User_VAR_3,3.57,2.0
804,Sys_VAR_ref_1,1.85,1.42
804,Sys_VAR_ref_2,1.25,1.8
804,Sys_VAR_ref_3,1.85,1.2
804,User_VAR_1,0.0,1.0
804,User_VAR_2,2.5,1.0
804,User_VAR_3,2.5,2.0
805,Sys_VAR_ref_1,1.85,2.4
805,Sys_VAR_ref_2,3.85,4.12
805,Sys_VAR_ref_3,4.15,1.85
805,User_VAR_1,5.0,2.0
805,User_VAR_2,3.75,3.0
805,User_VAR_3,3.33,2.0
806,Sys_VAR_ref_1,2.85,1.92
806,Sys_VAR_ref_2,1.85,1.2
806,Sys_VAR_ref_3,1.85,1.5
806,User_VAR_1,3.57,1.0
806,User_VAR_2,2.86,1.0
806,User_VAR_3,3.57,2.0
807,Sys_VAR_ref_1,3.85,4.92
807,Sys_VAR_ref_2,3.42,2.85
807,Sys_VAR_ref_3,4.65,2.8
807,User_VAR_1,4.0,3.0
807,User_VAR_2,4.0,3.0
807,User_VAR_3,3.57,3.0
808,Sys_VAR_ref_1,4.85,3.75
808,Sys_VAR_ref_2,4.15,2.85
808,Sys_VAR_ref_3,4.72,3.85
808,User_VAR_1,3.57,1.0
808,User_VAR_2,5.0,1.0
808,User_VAR_3,3.57,4.0
810,Sys_VAR_ref_1,2.85,1.92
810,Sys_VAR_ref_2,4.65,2.85
810,Sys_VAR_ref_3,3.85,2.4
810,User_VAR_1,4.29,2.0
810,User_VAR_2,2.86,3.0
810,User_VAR_3,5.0,2.0
811,Sys_VAR_ref_1,2.85,1.42
811,Sys_VAR_ref_2,3.85,1.92
811,Sys_VAR_ref_3,3.85,2.15
811,User_VAR_1,4.0,2.0
811,User_VAR_2,0.0,2.0
811,User_VAR_3,0.0,2.0
812,Sys_VAR_ref_1,4.12,2.85
812,Sys_VAR_ref_2,4.12,2.85
812,Sys_VAR_ref_3,4.12,1.85
812,User_VAR_1,4.0,2.0
812,User_VAR_2,4.0,1.0
812,User_VAR_3,4.0,1.0
813,Sys_VAR_ref_1,4.25,2.85
813,Sys_VAR_ref_2,4.12,2.35
813,Sys_VAR_ref_3,3.85,2.65
813,User_VAR_1,4.17,2.0
813,User_VAR_2,4.17,2.0
813,User_VAR_3,4.17,2.0
814,Sys_VAR_ref_1,4.12,2.85
814,Sys_VAR_ref_2,4.12,2.85
814,Sys_VAR_ref_3,4.65,2.8
814,User_VAR_1,5.0,2.0
814,User_VAR_2,5.0,3.0
814,User_VAR_3,5.0,2.0
815,Sys_VAR_ref_1,2.85,1.92
815,Sys_VAR_ref_2,3.85,1.92
815,Sys_VAR_ref_3,4.12,3.85
815,User_VAR_1,5.0,3.0
815,User_VAR_2,5.0,2.0
815,User_VAR_3,4.29,2.0
816,Sys_VAR_ref_1,4.12,2.85
816,Sys_VAR_ref_2,4.12,2.85
816,Sys_VAR_ref_3,4.12,2.85
816,User_VAR_1,5.0,2.0
816,User_VAR_2,4.17,1.0
816,User_VAR_3,5.0,1.0
817,Sys_VAR_ref_1,3.85,2.15
817,Sys_VAR_ref_2,2.15,1.8
817,Sys_VAR_ref_3,1.85,1.2
817,User_VAR_1,3.0,1.0
817,User_VAR_2,3.0,2.0
817,User_VAR_3,3.0,2.0
818,Sys_VAR_ref_1,3.85,2.15
818,Sys_VAR_ref_2,3.85,1.2
818,Sys_VAR_ref_3,3.85,1.65
818,User_VAR_1,0.0,3.0
818,User_VAR_2,3.75,3.0
818,User_VAR_3,0.0,3.0
819,Sys_VAR_ref_1,3.85,1.92
819,Sys_VAR_ref_2,4.65,2.85
819,Sys_VAR_ref_3,4.12,2.85
819,User_VAR_1,5.0,3.0
819,User_VAR_2,5.0,2.0
819,User_VAR_3,4.38,3.0
820,Sys_VAR_ref_1,1.85,1.2
820,Sys_VAR_ref_2,1.85,1.2
820,Sys_VAR_ref_3,1.85,1.2
820,User_VAR_1,2.22,1.0
820,User_VAR_2,2.22,1.0
820,User_VAR_3,2.22,1.0
821,Sys_VAR_ref_1,2.85,1.45
821,Sys_VAR_ref_2,1.85,1.2
821,Sys_VAR_ref_3,1.85,1.2
821,User_VAR_1,1.88,1.0
821,User_VAR_2,2.5,1.0
821,User_VAR_3,3.12,1.0
822,Sys_VAR_ref_1,1.85,1.2
822,Sys_VAR_ref_2,1.85,1.2
822,Sys_VAR_ref_3,1.85,1.2
822,User_VAR_1,2.5,1.0
822,User_VAR_2,2.5,1.0
822,User_VAR_3,2.5,1.0
823,Sys_VAR_ref_1,2.85,1.92
823,Sys_VAR_ref_2,2.85,1.92
823,Sys_VAR_ref_3,3.15,2.2
823,User_VAR_1,3.12,2.0
823,User_VAR_2,2.5,1.0
823,User_VAR_3,2.78,1.0
824,Sys_VAR_ref_1,2.15,1.2
824,Sys_VAR_ref_2,1.85,0.92
824,Sys_VAR_ref_3,1.85,1.2
824,User_VAR_1,3.12,1.0
824,User_VAR_2,3.12,1.0
824,User_VAR_3,3.12,1.0
825,Sys_VAR_ref_1,1.25,2.1
825,Sys_VAR_ref_2,1.85,2.4
825,Sys_VAR_ref_3,0.12,1.85
825,User_VAR_1,0.71,2.0
825,User_VAR_2,1.25,1.0
825,User_VAR_3,0.71,1.0
826,Sys_VAR_ref_1,1.85,1.2
826,Sys_VAR_ref_2,2.15,1.85
826,Sys_VAR_ref_3,1.85,1.65
826,User_VAR_1,2.5,1.0
826,User_VAR_2,2.5,1.0
826,User_VAR_3,2.5,1.0
827,Sys_VAR_ref_1,2.15,1.85
827,Sys_VAR_ref_2,1.85,1.2
827,Sys_VAR_ref_3,1.85,1.2
827,User_VAR_1,2.5,1.0
827,User_VAR_2,2.5,1.0
827,User_VAR_3,2.5,1.0
828,Sys_VAR_ref_1,1.85,1.2
828,Sys_VAR_ref_2,1.85,1.2
828,Sys_VAR_ref_3,2.85,1.2
828,User_VAR_1,2.5,1.0
828,User_VAR_2,2.5,1.0
828,User_VAR_3,3.12,1.0
829,Sys_VAR_ref_1,1.25,1.85
829,Sys_VAR_ref_2,1.85,1.2
829,Sys_VAR_ref_3,1.25,1.8
829,User_VAR_1,1.67,2.0
829,User_VAR_2,1.67,2.0
829,User_VAR_3,1.11,3.0
830,Sys_VAR_ref_1,4.15,2.85
830,Sys_VAR_ref_2,5.0,4.6
830,Sys_VAR_ref_3,4.85,2.1
830,User_VAR_1,5.0,4.0
830,User_VAR_2,5.0,3.0
830,User_VAR_3,4.38,3.0
831,Sys_VAR_ref_1,4.65,3.85
831,Sys_VAR_ref_2,4.65,3.82
831,Sys_VAR_ref_3,4.65,3.82
831,User_VAR_1,5.0,4.0
831,User_VAR_2,5.0,3.0
831,User_VAR_3,5.0,3.0
832,Sys_VAR_ref_1,2.85,4.12
832,Sys_VAR_ref_2,2.85,3.62
832,Sys_VAR_ref_3,2.85,3.6
832,User_VAR_1,3.33,4.0
832,User_VAR_2,3.33,2.0
832,User_VAR_3,3.33,2.0
833,Sys_VAR_ref_1,4.65,2.85
833,Sys_VAR_ref_2,4.85,3.2
833,Sys_VAR_ref_3,4.85,3.6
833,User_VAR_1,5.0,4.0
833,User_VAR_2,5.0,2.0
833,User_VAR_3,5.0,4.0
834,Sys_VAR_ref_1,4.85,3.62
834,Sys_VAR_ref_2,4.85,3.72
834,Sys_VAR_ref_3,4.65,3.82
834,User_VAR_1,5.0,3.0
834,User_VAR_2,5.0,3.0
834,User_VAR_3,5.0,3.0
835,Sys_VAR_ref_1,3.45,3.82
835,Sys_VAR_ref_2,4.15,3.62
835,Sys_VAR_ref_3,3.85,3.6
835,User_VAR_1,3.33,3.0
835,User_VAR_2,3.33,3.0
835,User_VAR_3,3.33,3.0
836,Sys_VAR_ref_1,4.85,2.75
836,Sys_VAR_ref_2,4.65,2.85
836,Sys_VAR_ref_3,4.15,2.85
836,User_VAR_1,5.0,3.0
836,User_VAR_2,5.0,3.0
836,User_VAR_3,5.0,3.0
837,Sys_VAR_ref_1,4.98,4.95
837,Sys_VAR_ref_2,4.65,2.85
837,Sys_VAR_ref_3,5.0,5.0
837,User_VAR_1,5.0,4.0
837,User_VAR_2,4.38,5.0
837,User_VAR_3,4.38,3.0
838,Sys_VAR_ref_1,4.85,2.3
838,Sys_VAR_ref_2,4.85,3.62
838,Sys_VAR_ref_3,4.85,3.65
838,User_VAR_1,5.0,4.0
838,User_VAR_2,5.0,4.0
838,User_VAR_3,5.0,4.0
839,Sys_VAR_ref_1,2.85,2.6
839,Sys_VAR_ref_2,3.45,3.82
839,Sys_VAR_ref_3,2.85,2.65
839,User_VAR_1,4.0,4.0
839,User_VAR_2,3.33,2.0
839,User_VAR_3,4.0,4.0
840,Sys_VAR_ref_1,0.85,0.92
840,Sys_VAR_ref_2,0.45,0.85
840,Sys_VAR_ref_3,0.15,0.85
840,User_VAR_1,0.62,1.0
840,User_VAR_2,0.71,1.0
840,User_VAR_3,0.71,1.0
841,Sys_VAR_ref_1,2.85,2.6
841,Sys_VAR_ref_2,0.85,0.92
841,Sys_VAR_ref_3,1.85,1.2
841,User_VAR_1,1.25,1.0
841,User_VAR_2,0.0,1.0
841,User_VAR_3,0.0,1.0
842,Sys_VAR_ref_1,0.42,1.15
842,Sys_VAR_ref_2,1.85,1.2
842,Sys_VAR_ref_3,0.42,0.85
842,User_VAR_1,0.0,1.0
842,User_VAR_2,3.12,1.0
842,User_VAR_3,3.12,1.0
843,Sys_VAR_ref_1,0.45,1.2
843,Sys_VAR_ref_2,0.85,1.2
843,Sys_VAR_ref_3,0.15,0.85
843,User_VAR_1,0.56,1.0
843,User_VAR_2,0.56,1.0
843,User_VAR_3,0.71,1.0
844,Sys_VAR_ref_1,2.85,1.2
844,Sys_VAR_ref_2,4.15,2.85
844,Sys_VAR_ref_3,3.85,2.9
844,User_VAR_1,4.29,2.0
844,User_VAR_2,4.29,2.0
844,User_VAR_3,3.89,2.0
845,Sys_VAR_ref_1,0.0,1.25
845,Sys_VAR_ref_2,0.0,1.2
845,Sys_VAR_ref_3,0.0,1.25
845,User_VAR_1,0.0,1.0
845,User_VAR_2,0.0,1.0
845,User_VAR_3,0.56,1.0
846,Sys_VAR_ref_1,0.85,1.2
846,Sys_VAR_ref_2,1.25,0.85
846,Sys_VAR_ref_3,1.85,0.92
846,User_VAR_1,2.22,1.0
846,User_VAR_2,0.0,1.0
846,User_VAR_3,0.83,1.0
847,Sys_VAR_ref_1,1.85,0.92
847,Sys_VAR_ref_2,1.85,0.5
847,Sys_VAR_ref_3,1.85,0.92
847,User_VAR_1,0.0,1.0
847,User_VAR_2,2.78,1.0
847,User_VAR_3,2.78,1.0
848,Sys_VAR_ref_1,1.85,1.2
848,Sys_VAR_ref_2,1.85,0.95
848,Sys_VAR_ref_3,3.85,2.15
848,User_VAR_1,3.89,3.0
848,User_VAR_2,1.88,2.0
848,User_VAR_3,0.71,3.0
849,Sys_VAR_ref_1,2.15,1.85
849,Sys_VAR_ref_2,2.15,1.85
849,Sys_VAR_ref_3,1.85,1.2
849,User_VAR_1,3.89,2.0
849,User_VAR_2,3.89,1.0
849,User_VAR_3,3.33,1.0
850,Sys_VAR_ref_1,4.15,3.2
850,Sys_VAR_ref_2,4.15,3.2
850,Sys_VAR_ref_3,4.85,3.65
850,User_VAR_1,5.0,4.0
850,User_VAR_2,4.38,4.0
850,User_VAR_3,4.38,4.0
851,Sys_VAR_ref_1,4.65,3.85
851,Sys_VAR_ref_2,4.65,2.85
851,Sys_VAR_ref_3,4.65,2.85
851,User_VAR_1,5.0,4.0
851,User_VAR_2,5.0,3.0
851,User_VAR_3,5.0,4.0
852,Sys_VAR_ref_1,4.65,3.85
852,Sys_VAR_ref_2,4.65,3.85
852,Sys_VAR_ref_3,4.65,2.85
852,User_VAR_1,5.0,3.0
852,User_VAR_2,5.0,3.0
852,User_VAR_3,5.0,4.0
853,Sys_VAR_ref_1,1.85,3.6
853,Sys_VAR_ref_2,1.42,2.65
853,Sys_VAR_ref_3,1.42,3.65
853,User_VAR_1,1.11,3.0
853,User_VAR_2,1.67,3.0
853,User_VAR_3,1.11,3.0
854,Sys_VAR_ref_1,4.15,2.85
854,Sys_VAR_ref_2,3.85,2.65
854,Sys_VAR_ref_3,4.15,3.2
854,User_VAR_1,3.75,4.0
854,User_VAR_2,3.75,4.0
854,User_VAR_3,3.75,4.0
855,Sys_VAR_ref_1,4.25,2.85
855,Sys_VAR_ref_2,4.65,2.85
855,Sys_VAR_ref_3,4.65,3.85
855,User_VAR_1,4.44,2.0
855,User_VAR_2,5.0,2.0
855,User_VAR_3,5.0,2.0
856,Sys_VAR_ref_1,3.42,3.85
856,Sys_VAR_ref_2,3.42,2.85
856,Sys_VAR_ref_3,4.65,3.82
856,User_VAR_1,4.38,4.0
856,User_VAR_2,4.38,4.0
856,User_VAR_3,4.38,4.0
857,Sys_VAR_ref_1,4.85,3.65
857,Sys_VAR_ref_2,4.85,3.6
857,Sys_VAR_ref_3,4.85,3.65
857,User_VAR_1,5.0,4.0
857,User_VAR_2,5.0,4.0
857,User_VAR_3,5.0,5.0
858,Sys_VAR_ref_1,4.65,2.85
858,Sys_VAR_ref_2,4.65,2.85
858,Sys_VAR_ref_3,4.65,2.85
858,User_VAR_1,5.0,3.0
858,User_VAR_2,5.0,3.0
858,User_VAR_3,5.0,3.0
859,Sys_VAR_ref_1,4.85,3.65
859,Sys_VAR_ref_2,4.65,3.85
859,Sys_VAR_ref_3,4.15,3.85
859,User_VAR_1,4.38,4.0
859,User_VAR_2,5.0,4.0
859,User_VAR_3,5.0,4.0
860,Sys_VAR_ref_1,4.12,2.85
860,Sys_VAR_ref_2,4.65,2.85
860,Sys_VAR_ref_3,3.85,2.65
860,User_VAR_1,4.44,2.0
860,User_VAR_2,3.75,3.0
860,User_VAR_3,5.0,3.0
861,Sys_VAR_ref_1,4.85,4.2
861,Sys_VAR_ref_2,4.85,3.62
861,Sys_VAR_ref_3,4.85,3.65
861,User_VAR_1,5.0,4.0
861,User_VAR_2,5.0,4.0
861,User_VAR_3,5.0,5.0
862,Sys_VAR_ref_1,4.85,3.72
862,Sys_VAR_ref_2,4.85,2.75
862,Sys_VAR_ref_3,4.85,3.72
862,User_VAR_1,5.0,4.0
862,User_VAR_2,5.0,3.0
862,User_VAR_3,5.0,3.0
863,Sys_VAR_ref_1,4.85,3.92
863,Sys_VAR_ref_2,2.85,3.42
863,Sys_VAR_ref_3,2.15,2.8
863,User_VAR_1,4.38,4.0
863,User_VAR_2,5.0,4.0
863,User_VAR_3,5.0,3.0
864,Sys_VAR_ref_1,4.92,3.85
864,Sys_VAR_ref_2,4.92,4.15
864,Sys_VAR_ref_3,5.0,5.0
864,User_VAR_1,5.0,4.0
864,User_VAR_2,4.38,4.0
864,User_VAR_3,5.0,4.0
865,Sys_VAR_ref_1,4.85,3.62
865,Sys_VAR_ref_2,4.85,3.6
865,Sys_VAR_ref_3,4.85,3.65
865,User_VAR_1,5.0,5.0
865,User_VAR_2,5.0,4.0
865,User_VAR_3,5.0,5.0
866,Sys_VAR_ref_1,4.85,2.1
866,Sys_VAR_ref_2,4.65,2.85
866,Sys_VAR_ref_3,4.85,3.2
866,User_VAR_1,5.0,2.0
866,User_VAR_2,3.75,4.0
866,User_VAR_3,3.75,2.0
867,Sys_VAR_ref_1,1.85,3.62
867,Sys_VAR_ref_2,3.85,2.65
867,Sys_VAR_ref_3,2.85,3.12
867,User_VAR_1,3.75,3.0
867,User_VAR_2,3.75,3.0
867,User_VAR_3,3.75,3.0
868,Sys_VAR_ref_1,4.85,3.62
868,Sys_VAR_ref_2,4.85,3.65
868,Sys_VAR_ref_3,4.85,3.65
868,User_VAR_1,5.0,4.0
868,User_VAR_2,5.0,4.0
868,User_VAR_3,5.0,4.0
869,Sys_VAR_ref_1,4.12,2.85
869,Sys_VAR_ref_2,3.82,2.15
869,Sys_VAR_ref_3,3.85,2.15
869,User_VAR_1,4.29,2.0
869,User_VAR_2,4.29,1.0
869,User_VAR_3,5.0,3.0
870,Sys_VAR_ref_1,3.85,4.12
870,Sys_VAR_ref_2,2.85,2.9
870,Sys_VAR_ref_3,2.85,3.42
870,User_VAR_1,3.0,3.0
870,User_VAR_2,2.78,4.0
870,User_VAR_3,2.78,4.0
871,Sys_VAR_ref_1,4.65,3.85
871,Sys_VAR_ref_2,4.85,4.2
871,Sys_VAR_ref_3,4.85,3.65
871,User_VAR_1,4.0,4.0
871,User_VAR_2,4.0,4.0
871,User_VAR_3,4.0,4.0
872,Sys_VAR_ref_1,4.65,2.85
872,Sys_VAR_ref_2,4.85,3.65
872,Sys_VAR_ref_3,4.85,3.65
872,User_VAR_1,4.44,4.0
872,User_VAR_2,4.44,4.0
872,User_VAR_3,4.44,4.0
873,Sys_VAR_ref_1,4.85,4.2
873,Sys_VAR_ref_2,4.85,4.2
873,Sys_VAR_ref_3,4.85,3.6
873,User_VAR_1,5.0,4.0
873,User_VAR_2,5.0,4.0
873,User_VAR_3,5.0,4.0
874,Sys_VAR_ref_1,4.65,3.82
874,Sys_VAR_ref_2,4.85,3.65
874,Sys_VAR_ref_3,4.65,4.82
874,User_VAR_1,5.0,4.0
874,User_VAR_2,4.0,4.0
874,User_VAR_3,4.0,4.0
875,Sys_VAR_ref_1,4.65,3.85
875,Sys_VAR_ref_2,4.85,3.72
875,Sys_VAR_ref_3,4.85,3.6
875,User_VAR_1,5.0,4.0
875,User_VAR_2,3.89,3.0
875,User_VAR_3,5.0,3.0
876,Sys_VAR_ref_1,4.65,2.85
876,Sys_VAR_ref_2,4.85,3.62
876,Sys_VAR_ref_3,4.85,3.65
876,User_VAR_1,5.0,4.0
876,User_VAR_2,4.0,4.0
876,User_VAR_3,4.0,4.0
877,Sys_VAR_ref_1,3.85,3.6
877,Sys_VAR_ref_2,3.85,3.2
877,Sys_VAR_ref_3,4.12,3.85
877,User_VAR_1,3.0,4.0
877,User_VAR_2,3.0,4.0
877,User_VAR_3,3.0,4.0
878,Sys_VAR_ref_1,3.85,4.95
878,Sys_VAR_ref_2,3.45,2.85
878,Sys_VAR_ref_3,4.85,4.92
878,User_VAR_1,4.0,3.0
878,User_VAR_2,4.0,4.0
878,User_VAR_3,4.0,4.0
879,Sys_VAR_ref_1,4.92,4.15
879,Sys_VAR_ref_2,4.85,3.65
879,Sys_VAR_ref_3,4.68,3.45
879,User_VAR_1,5.0,4.0
879,User_VAR_2,5.0,4.0
879,User_VAR_3,5.0,4.0
880,Sys_VAR_ref_1,4.85,4.92
880,Sys_VAR_ref_2,4.85,4.2
880,Sys_VAR_ref_3,4.92,4.95
880,User_VAR_1,5.0,5.0
880,User_VAR_2,5.0,5.0
880,User_VAR_3,5.0,5.0
881,Sys_VAR_ref_1,4.85,4.2
881,Sys_VAR_ref_2,4.68,3.85
881,Sys_VAR_ref_3,4.85,3.65
881,User_VAR_1,5.0,3.0
881,User_VAR_2,5.0,4.0
881,User_VAR_3,5.0,4.0
882,Sys_VAR_ref_1,4.92,4.65
882,Sys_VAR_ref_2,4.92,4.85
882,Sys_VAR_ref_3,4.85,3.82
882,User_VAR_1,5.0,3.0
882,User_VAR_2,5.0,4.0
882,User_VAR_3,5.0,4.0
883,Sys_VAR_ref_1,4.85,4.2
883,Sys_VAR_ref_2,4.85,4.2
883,Sys_VAR_ref_3,4.85,3.65
883,User_VAR_1,5.0,4.0
883,User_VAR_2,5.0,5.0
883,User_VAR_3,5.0,5.0
884,Sys_VAR_ref_1,0.05,4.82
884,Sys_VAR_ref_2,3.85,2.9
884,Sys_VAR_ref_3,0.05,4.82
884,User_VAR_1,0.0,4.0
884,User_VAR_2,0.0,5.0
884,User_VAR_3,0.0,5.0
885,Sys_VAR_ref_1,4.85,3.62
885,Sys_VAR_ref_2,4.85,3.65
885,Sys_VAR_ref_3,4.85,3.6
885,User_VAR_1,5.0,4.0
885,User_VAR_2,5.0,4.0
885,User_VAR_3,5.0,4.0
886,Sys_VAR_ref_1,4.85,4.62
886,Sys_VAR_ref_2,4.95,4.98
886,Sys_VAR_ref_3,4.15,3.65
886,User_VAR_1,5.0,4.0
886,User_VAR_2,5.0,4.0
886,User_VAR_3,5.0,4.0
887,Sys_VAR_ref_1,4.85,3.65
887,Sys_VAR_ref_2,4.85,3.6
887,Sys_VAR_ref_3,4.85,4.72
887,User_VAR_1,5.0,4.0
887,User_VAR_2,5.0,4.0
887,User_VAR_3,5.0,5.0
888,Sys_VAR_ref_1,4.98,5.0
888,Sys_VAR_ref_2,4.98,4.95
888,Sys_VAR_ref_3,4.98,4.95
888,User_VAR_1,5.0,5.0
888,User_VAR_2,5.0,5.0
888,User_VAR_3,5.0,5.0
889,Sys_VAR_ref_1,4.85,3.65
889,Sys_VAR_ref_2,4.92,4.85
889,Sys_VAR_ref_3,4.92,4.85
889,User_VAR_1,5.0,5.0
889,User_VAR_2,5.0,5.0
889,User_VAR_3,5.0,5.0
890,Sys_VAR_ref_1,4.65,3.85
890,Sys_VAR_ref_2,4.85,3.62
890,Sys_VAR_ref_3,4.65,3.85
890,User_VAR_1,5.0,3.0
890,User_VAR_2,5.0,4.0
890,User_VAR_3,5.0,4.0
891,Sys_VAR_ref_1,4.65,2.85
891,Sys_VAR_ref_2,4.85,3.2
891,Sys_VAR_ref_3,4.65,3.82
891,User_VAR_1,5.0,3.0
891,User_VAR_2,5.0,3.0
891,User_VAR_3,5.0,3.0
892,Sys_VAR_ref_1,3.42,2.15
892,Sys_VAR_ref_2,2.15,1.8
892,Sys_VAR_ref_3,2.15,1.85
892,User_VAR_1,1.88,2.0
892,User_VAR_2,1.88,2.0
892,User_VAR_3,5.0,2.0
893,Sys_VAR_ref_1,4.65,2.85
893,Sys_VAR_ref_2,4.85,3.62
893,Sys_VAR_ref_3,4.65,2.85
893,User_VAR_1,5.0,4.0
893,User_VAR_2,5.0,4.0
893,User_VAR_3,5.0,4.0
894,Sys_VAR_ref_1,4.65,3.85
894,Sys_VAR_ref_2,4.85,3.2
894,Sys_VAR_ref_3,4.85,4.2
894,User_VAR_1,5.0,4.0
894,User_VAR_2,5.0,4.0
894,User_VAR_3,5.0,4.0
895,Sys_VAR_ref_1,4.85,3.75
895,Sys_VAR_ref_2,4.85,3.72
895,Sys_VAR_ref_3,4.85,3.75
895,User_VAR_1,5.0,4.0
895,User_VAR_2,5.0,4.0
895,User_VAR_3,5.0,4.0
896,Sys_VAR_ref_1,4.65,2.85
896,Sys_VAR_ref_2,4.85,3.2
896,Sys_VAR_ref_3,4.65,3.82
896,User_VAR_1,5.0,4.0
896,User_VAR_2,5.0,4.0
896,User_VAR_3,5.0,4.0
897,Sys_VAR_ref_1,4.85,3.6
897,Sys_VAR_ref_2,4.85,2.9
897,Sys_VAR_ref_3,4.65,3.82
897,User_VAR_1,5.0,4.0
897,User_VAR_2,5.0,4.0
897,User_VAR_3,5.0,4.0
898,Sys_VAR_ref_1,4.65,3.8
898,Sys_VAR_ref_2,4.85,3.75
898,Sys_VAR_ref_3,4.65,3.85
898,User_VAR_1,5.0,3.0
898,User_VAR_2,5.0,4.0
898,User_VAR_3,5.0,4.0
899,Sys_VAR_ref_1,4.85,3.65
899,Sys_VAR_ref_2,4.65,3.85
899,Sys_VAR_ref_3,4.65,3.82
899,User_VAR_1,5.0,4.0
899,User_VAR_2,4.29,4.0
899,User_VAR_3,4.29,4.0
900,Sys_VAR_ref_1,2.85,3.4
900,Sys_VAR_ref_2,2.85,2.1
900,Sys_VAR_ref_3,2.85,2.1
900,User_VAR_1,3.75,2.0
900,User_VAR_2,4.38,3.0
900,User_VAR_3,4.38,2.0
901,Sys_VAR_ref_1,4.85,3.72
901,Sys_VAR_ref_2,4.15,3.85
901,Sys_VAR_ref_3,4.85,4.62
901,User_VAR_1,4.44,4.0
901,User_VAR_2,5.0,4.0
901,User_VAR_3,4.44,4.0
902,Sys_VAR_ref_1,4.65,3.85
902,Sys_VAR_ref_2,4.85,2.15
902,Sys_VAR_ref_3,4.85,3.2
902,User_VAR_1,5.0,4.0
902,User_VAR_2,5.0,4.0
902,User_VAR_3,5.0,4.0
903,Sys_VAR_ref_1,4.95,4.85
903,Sys_VAR_ref_2,4.65,3.85
903,Sys_VAR_ref_3,4.85,3.75
903,User_VAR_1,5.0,5.0
903,User_VAR_2,5.0,4.0
903,User_VAR_3,5.0,4.0
904,Sys_VAR_ref_1,4.85,3.62
904,Sys_VAR_ref_2,4.65,3.82
904,Sys_VAR_ref_3,4.85,3.65
904,User_VAR_1,5.0,4.0
904,User_VAR_2,5.0,4.0
904,User_VAR_3,5.0,4.0
905,Sys_VAR_ref_1,4.12,3.85
905,Sys_VAR_ref_2,4.35,3.82
905,Sys_VAR_ref_3,3.85,4.12
905,User_VAR_1,5.0,4.0
905,User_VAR_2,5.0,4.0
905,User_VAR_3,3.75,4.0
906,Sys_VAR_ref_1,4.85,3.65
906,Sys_VAR_ref_2,4.85,3.62
906,Sys_VAR_ref_3,4.92,4.85
906,User_VAR_1,5.0,4.0
906,User_VAR_2,5.0,4.0
906,User_VAR_3,5.0,4.0
907,Sys_VAR_ref_1,4.85,3.6
907,Sys_VAR_ref_2,4.85,3.62
907,Sys_VAR_ref_3,4.65,3.85
907,User_VAR_1,5.0,4.0
907,User_VAR_2,5.0,4.0
907,User_VAR_3,5.0,4.0
908,Sys_VAR_ref_1,2.85,3.42
908,Sys_VAR_ref_2,2.35,2.8
908,Sys_VAR_ref_3,2.15,2.8
908,User_VAR_1,3.57,2.0
908,User_VAR_2,4.29,3.0
908,User_VAR_3,4.29,3.0
909,Sys_VAR_ref_1,4.15,3.85
909,Sys_VAR_ref_2,4.85,4.62
909,Sys_VAR_ref_3,3.42,3.85
909,User_VAR_1,3.33,4.0
909,User_VAR_2,3.75,4.0
909,User_VAR_3,3.75,4.0
910,Sys_VAR_ref_1,3.85,1.42
910,Sys_VAR_ref_2,4.85,1.5
910,Sys_VAR_ref_3,4.12,1.5
910,User_VAR_1,5.0,2.0
910,User_VAR_2,5.0,2.0
910,User_VAR_3,5.0,2.0
911,Sys_VAR_ref_1,4.85,3.6
911,Sys_VAR_ref_2,4.85,4.92
911,Sys_VAR_ref_3,4.35,4.82
911,User_VAR_1,5.0,5.0
911,User_VAR_2,5.0,5.0
911,User_VAR_3,5.0,5.0
912,Sys_VAR_ref_1,4.65,3.85
912,Sys_VAR_ref_2,4.65,3.85
912,Sys_VAR_ref_3,4.85,3.72
912,User_VAR_1,5.0,4.0
912,User_VAR_2,4.17,3.0
912,User_VAR_3,4.17,4.0
913,Sys_VAR_ref_1,3.85,3.6
913,Sys_VAR_ref_2,1.85,1.2
913,Sys_VAR_ref_3,3.85,2.9
913,User_VAR_1,3.57,3.0
913,User_VAR_2,5.0,4.0
913,User_VAR_3,2.14,4.0
914,Sys_VAR_ref_1,4.15,3.85
914,Sys_VAR_ref_2,4.82,3.65
914,Sys_VAR_ref_3,3.85,3.62
914,User_VAR_1,4.17,4.0
914,User_VAR_2,4.29,4.0
914,User_VAR_3,4.29,4.0
915,Sys_VAR_ref_1,2.85,3.65
915,Sys_VAR_ref_2,2.85,3.65
915,Sys_VAR_ref_3,3.85,4.15
915,User_VAR_1,2.5,3.0
915,User_VAR_2,2.5,4.0
915,User_VAR_3,2.5,3.0
916,Sys_VAR_ref_1,4.85,3.72
916,Sys_VAR_ref_2,4.65,3.85
916,Sys_VAR_ref_3,4.85,3.75
916,User_VAR_1,5.0,3.0
916,User_VAR_2,5.0,3.0
916,User_VAR_3,5.0,4.0
917,Sys_VAR_ref_1,4.65,2.85
917,Sys_VAR_ref_2,4.85,3.6
917,Sys_VAR_ref_3,4.85,3.6
917,User_VAR_1,5.0,4.0
917,User_VAR_2,5.0,4.0
917,User_VAR_3,5.0,4.0
918,Sys_VAR_ref_1,4.65,3.85
918,Sys_VAR_ref_2,4.85,3.62
918,Sys_VAR_ref_3,4.85,3.2
918,User_VAR_1,5.0,4.0
918,User_VAR_2,5.0,4.0
918,User_VAR_3,5.0,4.0
919,Sys_VAR_ref_1,4.85,3.65
919,Sys_VAR_ref_2,4.85,4.2
919,Sys_VAR_ref_3,4.85,3.65
919,User_VAR_1,5.0,4.0
919,User_VAR_2,5.0,4.0
919,User_VAR_3,5.0,4.0
920,Sys_VAR_ref_1,3.45,2.15
920,Sys_VAR_ref_2,3.85,2.65
920,Sys_VAR_ref_3,3.45,2.1
920,User_VAR_1,4.38,2.0
920,User_VAR_2,4.29,3.0
920,User_VAR_3,4.29,2.0
921,Sys_VAR_ref_1,4.25,2.85
921,Sys_VAR_ref_2,4.15,2.85
921,Sys_VAR_ref_3,3.85,2.15
921,User_VAR_1,4.38,3.0
921,User_VAR_2,4.38,3.0
921,User_VAR_3,4.38,3.0
922,Sys_VAR_ref_1,4.98,4.95
922,Sys_VAR_ref_2,4.92,4.85
922,Sys_VAR_ref_3,4.85,4.62
922,User_VAR_1,5.0,5.0
922,User_VAR_2,5.0,5.0
922,User_VAR_3,5.0,5.0
923,Sys_VAR_ref_1,4.85,2.15
923,Sys_VAR_ref_2,4.85,2.15
923,Sys_VAR_ref_3,4.65,2.85
923,User_VAR_1,5.0,2.0
923,User_VAR_2,5.0,3.0
923,User_VAR_3,5.0,3.0
924,Sys_VAR_ref_1,4.15,2.85
924,Sys_VAR_ref_2,3.85,2.15
924,Sys_VAR_ref_3,3.85,1.65
924,User_VAR_1,4.38,4.0
924,User_VAR_2,4.38,2.0
924,User_VAR_3,4.38,4.0
925,Sys_VAR_ref_1,3.85,1.2
925,Sys_VAR_ref_2,2.85,1.42
925,Sys_VAR_ref_3,1.85,1.2
925,User_VAR_1,1.88,2.0
925,User_VAR_2,3.75,2.0
925,User_VAR_3,3.75,2.0
926,Sys_VAR_ref_1,4.92,4.85
926,Sys_VAR_ref_2,4.85,3.65
926,Sys_VAR_ref_3,4.82,3.65
926,User_VAR_1,5.0,4.0
926,User_VAR_2,5.0,5.0
926,User_VAR_3,5.0,4.0
927,Sys_VAR_ref_1,1.15,0.85
927,Sys_VAR_ref_2,0.85,1.2
927,Sys_VAR_ref_3,2.15,1.5
927,User_VAR_1,2.86,2.0
927,User_VAR_2,0.62,1.0
927,User_VAR_3,2.86,1.0
928,Sys_VAR_ref_1,4.65,2.85
928,Sys_VAR_ref_2,4.85,3.2
928,Sys_VAR_ref_3,4.85,3.65
928,User_VAR_1,5.0,2.0
928,User_VAR_2,5.0,2.0
928,User_VAR_3,5.0,2.0
929,Sys_VAR_ref_1,4.65,2.85
929,Sys_VAR_ref_2,4.65,2.85
929,Sys_VAR_ref_3,4.35,2.85
929,User_VAR_1,5.0,3.0
929,User_VAR_2,5.0,3.0
929,User_VAR_3,5.0,3.0
930,Sys_VAR_ref_1,3.45,4.12
930,Sys_VAR_ref_2,3.85,4.2
930,Sys_VAR_ref_3,3.65,4.2
930,User_VAR_1,2.78,2.0
930,User_VAR_2,3.33,4.0
930,User_VAR_3,3.33,5.0
931,Sys_VAR_ref_1,4.65,3.85
931,Sys_VAR_ref_2,4.85,3.7
931,Sys_VAR_ref_3,4.65,3.85
931,User_VAR_1,5.0,2.0
931,User_VAR_2,5.0,2.0
931,User_VAR_3,5.0,1.0
932,Sys_VAR_ref_1,3.42,2.65
932,Sys_VAR_ref_2,3.85,2.15
932,Sys_VAR_ref_3,3.65,2.85
932,User_VAR_1,3.75,4.0
932,User_VAR_2,3.12,2.0
932,User_VAR_3,3.75,4.0
933,Sys_VAR_ref_1,1.85,1.2
933,Sys_VAR_ref_2,2.85,1.5
933,Sys_VAR_ref_3,2.15,1.5
933,User_VAR_1,4.38,1.0
933,User_VAR_2,2.22,4.0
933,User_VAR_3,3.75,4.0
934,Sys_VAR_ref_1,4.65,3.85
934,Sys_VAR_ref_2,4.85,4.62
934,Sys_VAR_ref_3,4.85,3.92
934,User_VAR_1,5.0,3.0
934,User_VAR_2,5.0,4.0
934,User_VAR_3,5.0,4.0
935,Sys_VAR_ref_1,4.85,4.2
935,Sys_VAR_ref_2,4.85,4.2
935,Sys_VAR_ref_3,4.85,3.65
935,User_VAR_1,5.0,4.0
935,User_VAR_2,5.0,4.0
935,User_VAR_3,5.0,4.0
936,Sys_VAR_ref_1,4.12,1.85
936,Sys_VAR_ref_2,3.85,1.2
936,Sys_VAR_ref_3,4.15,1.85
936,User_VAR_1,5.0,1.0
936,User_VAR_2,4.44,1.0
936,User_VAR_3,4.38,1.0
937,Sys_VAR_ref_1,4.65,1.5
937,Sys_VAR_ref_2,4.12,1.5
937,Sys_VAR_ref_3,4.85,1.5
937,User_VAR_1,4.38,3.0
937,User_VAR_2,5.0,2.0
937,User_VAR_3,5.0,2.0
938,Sys_VAR_ref_1,4.65,3.85
938,Sys_VAR_ref_2,4.85,3.2
938,Sys_VAR_ref_3,4.65,3.85
938,User_VAR_1,5.0,4.0
938,User_VAR_2,4.44,4.0
938,User_VAR_3,5.0,4.0
939,Sys_VAR_ref_1,4.85,1.2
939,Sys_VAR_ref_2,3.85,1.5
939,Sys_VAR_ref_3,4.85,1.5
939,User_VAR_1,5.0,2.0
939,User_VAR_2,5.0,2.0
939,User_VAR_3,5.0,2.0
940,Sys_VAR_ref_1,3.42,1.5
940,Sys_VAR_ref_2,3.42,1.5
940,Sys_VAR_ref_3,3.85,1.5
940,User_VAR_1,4.29,2.0
940,User_VAR_2,4.29,2.0
940,User_VAR_3,4.29,2.0
941,Sys_VAR_ref_1,2.85,1.4
941,Sys_VAR_ref_2,4.15,2.85
941,Sys_VAR_ref_3,3.82,2.15
941,User_VAR_1,3.33,3.0
941,User_VAR_2,3.33,3.0
941,User_VAR_3,3.33,3.0
942,Sys_VAR_ref_1,4.12,1.5
942,Sys_VAR_ref_2,4.12,1.5
942,Sys_VAR_ref_3,4.12,1.5
942,User_VAR_1,5.0,2.0
942,User_VAR_2,0.0,2.0
942,User_VAR_3,4.29,2.0
943,Sys_VAR_ref_1,3.65,1.25
943,Sys_VAR_ref_2,3.42,1.5
943,Sys_VAR_ref_3,2.85,1.2
943,User_VAR_1,2.86,2.0
943,User_VAR_2,3.57,2.0
943,User_VAR_3,4.29,2.0
944,Sys_VAR_ref_1,4.12,2.0
944,Sys_VAR_ref_2,3.82,2.0
944,Sys_VAR_ref_3,3.85,2.0
944,User_VAR_1,3.33,2.0
944,User_VAR_2,3.33,2.0
944,User_VAR_3,5.0,2.0
945,Sys_VAR_ref_1,4.12,1.5
945,Sys_VAR_ref_2,4.12,1.5
945,Sys_VAR_ref_3,4.12,1.5
945,User_VAR_1,4.29,4.0
945,User_VAR_2,5.0,4.0
945,User_VAR_3,5.0,4.0
946,Sys_VAR_ref_1,4.15,1.5
946,Sys_VAR_ref_2,3.65,1.5
946,Sys_VAR_ref_3,4.12,1.5
946,User_VAR_1,5.0,2.0
946,User_VAR_2,5.0,3.0
946,User_VAR_3,3.57,2.0
947,Sys_VAR_ref_1,4.12,1.5
947,Sys_VAR_ref_2,4.35,1.5
947,Sys_VAR_ref_3,4.65,1.5
947,User_VAR_1,5.0,2.0
947,User_VAR_2,5.0,2.0
947,User_VAR_3,5.0,2.0
948,Sys_VAR_ref_1,3.42,1.5
948,Sys_VAR_ref_2,3.85,1.5
948,Sys_VAR_ref_3,4.12,1.5
948,User_VAR_1,3.33,1.0
948,User_VAR_2,3.33,1.0
948,User_VAR_3,3.33,1.0
949,Sys_VAR_ref_1,3.82,1.5
949,Sys_VAR_ref_2,3.42,1.5
949,Sys_VAR_ref_3,2.85,1.5
949,User_VAR_1,2.14,2.0
949,User_VAR_2,3.12,2.0
949,User_VAR_3,4.17,3.0
950,Sys_VAR_ref_1,3.42,1.15
950,Sys_VAR_ref_2,3.85,1.5
950,Sys_VAR_ref_3,2.15,1.5
950,User_VAR_1,3.12,1.0
950,User_VAR_2,3.12,1.0
950,User_VAR_3,3.12,1.0
951,Sys_VAR_ref_1,4.15,1.5
951,Sys_VAR_ref_2,3.45,2.15
951,Sys_VAR_ref_3,4.15,2.85
951,User_VAR_1,5.0,3.0
951,User_VAR_2,5.0,2.0
951,User_VAR_3,5.0,3.0
952,Sys_VAR_ref_1,3.42,1.5
952,Sys_VAR_ref_2,3.85,2.15
952,Sys_VAR_ref_3,4.15,3.85
952,User_VAR_1,4.0,3.0
952,User_VAR_2,4.0,3.0
952,User_VAR_3,4.0,2.0
953,Sys_VAR_ref_1,2.85,2.1
953,Sys_VAR_ref_2,3.65,1.5
953,Sys_VAR_ref_3,2.85,1.42
953,User_VAR_1,2.86,2.0
953,User_VAR_2,3.57,2.0
953,User_VAR_3,2.86,2.0
954,Sys_VAR_ref_1,2.85,1.45
954,Sys_VAR_ref_2,2.85,1.5
954,Sys_VAR_ref_3,2.85,1.42
954,User_VAR_1,2.86,2.0
954,User_VAR_2,4.17,2.0
954,User_VAR_3,2.86,2.0
955,Sys_VAR_ref_1,2.85,1.5
955,Sys_VAR_ref_2,0.85,0.92
955,Sys_VAR_ref_3,1.85,1.2
955,User_VAR_1,0.0,1.0
955,User_VAR_2,2.5,1.0
955,User_VAR_3,2.5,1.0
956,Sys_VAR_ref_1,4.12,1.5
956,Sys_VAR_ref_2,4.12,1.5
956,Sys_VAR_ref_3,4.15,1.5
956,User_VAR_1,4.29,2.0
956,User_VAR_2,4.29,2.0
956,User_VAR_3,4.29,2.0
957,Sys_VAR_ref_1,0.42,0.15
957,Sys_VAR_ref_2,3.45,1.5
957,Sys_VAR_ref_3,2.85,1.5
957,User_VAR_1,3.57,2.0
957,User_VAR_2,0.0,2.0
957,User_VAR_3,0.0,2.0
958,Sys_VAR_ref_1,2.85,2.0
958,Sys_VAR_ref_2,1.85,2.0
958,Sys_VAR_ref_3,2.85,1.42
958,User_VAR_1,3.57,1.0
958,User_VAR_2,3.57,1.0
958,User_VAR_3,3.57,1.0
959,Sys_VAR_ref_1,1.25,1.5
959,Sys_VAR_ref_2,1.24,1.5
959,Sys_VAR_ref_3,1.25,1.5
959,User_VAR_1,1.88,2.0
959,User_VAR_2,1.88,2.0
959,User_VAR_3,1.88,2.0
960,Sys_VAR_ref_1,4.85,2.65
960,Sys_VAR_ref_2,4.12,2.35
960,Sys_VAR_ref_3,4.65,2.85
960,User_VAR_1,4.44,4.0
960,User_VAR_2,4.44,3.0
960,User_VAR_3,4.44,2.0
961,Sys_VAR_ref_1,4.12,3.85
961,Sys_VAR_ref_2,3.65,2.85
961,Sys_VAR_ref_3,4.85,3.92
961,User_VAR_1,5.0,4.0
961,User_VAR_2,0.0,3.0
961,User_VAR_3,5.0,4.0
962,Sys_VAR_ref_1,4.12,2.85
962,Sys_VAR_ref_2,3.82,2.15
962,Sys_VAR_ref_3,4.12,3.65
962,User_VAR_1,5.0,3.0
962,User_VAR_2,5.0,3.0
962,User_VAR_3,5.0,4.0
963,Sys_VAR_ref_1,3.45,1.5
963,Sys_VAR_ref_2,3.45,1.5
963,Sys_VAR_ref_3,3.85,1.5
963,User_VAR_1,5.0,2.0
963,User_VAR_2,5.0,1.0
963,User_VAR_3,5.0,2.0
964,Sys_VAR_ref_1,4.65,2.0
964,Sys_VAR_ref_2,3.65,2.85
964,Sys_VAR_ref_3,2.85,1.65
964,User_VAR_1,3.12,4.0
964,User_VAR_2,3.75,2.0
964,User_VAR_3,3.12,4.0
965,Sys_VAR_ref_1,4.12,1.5
965,Sys_VAR_ref_2,4.85,3.72
965,Sys_VAR_ref_3,4.35,3.82
965,User_VAR_1,5.0,2.0
965,User_VAR_2,5.0,3.0
965,User_VAR_3,5.0,3.0
966,Sys_VAR_ref_1,3.42,2.85
966,Sys_VAR_ref_2,4.65,3.82
966,Sys_VAR_ref_3,4.65,3.85
966,User_VAR_1,5.0,3.0
966,User_VAR_2,5.0,3.0
966,User_VAR_3,5.0,3.0
967,Sys_VAR_ref_1,4.65,1.5
967,Sys_VAR_ref_2,4.68,3.85
967,Sys_VAR_ref_3,4.62,3.85
967,User_VAR_1,5.0,4.0
967,User_VAR_2,5.0,4.0
967,User_VAR_3,5.0,4.0
968,Sys_VAR_ref_1,2.85,1.65
968,Sys_VAR_ref_2,3.42,1.5
968,Sys_VAR_ref_3,3.65,1.5
968,User_VAR_1,5.0,2.0
968,User_VAR_2,5.0,2.0
968,User_VAR_3,5.0,2.0
969,Sys_VAR_ref_1,4.65,3.0
969,Sys_VAR_ref_2,4.65,3.0
969,Sys_VAR_ref_3,4.85,3.0
969,User_VAR_1,5.0,4.0
969,User_VAR_2,5.0,3.0
969,User_VAR_3,5.0,4.0
970,Sys_VAR_ref_1,3.85,4.12
970,Sys_VAR_ref_2,2.85,3.65
970,Sys_VAR_ref_3,2.85,3.65
970,User_VAR_1,3.0,4.0
970,User_VAR_2,3.0,4.0
970,User_VAR_3,3.0,4.0
971,Sys_VAR_ref_1,4.85,3.62
971,Sys_VAR_ref_2,4.82,3.85
971,Sys_VAR_ref_3,4.85,3.65
971,User_VAR_1,5.0,5.0
971,User_VAR_2,5.0,4.0
971,User_VAR_3,5.0,5.0
972,Sys_VAR_ref_1,0.0,3.85
972,Sys_VAR_ref_2,0.15,3.85
972,Sys_VAR_ref_3,0.0,4.92
972,User_VAR_1,0.0,5.0
972,User_VAR_2,0.0,5.0
972,User_VAR_3,0.0,5.0
973,Sys_VAR_ref_1,4.92,4.95
973,Sys_VAR_ref_2,4.82,4.65
973,Sys_VAR_ref_3,4.12,3.85
973,User_VAR_1,5.0,5.0
973,User_VAR_2,5.0,5.0
973,User_VAR_3,3.0,5.0
974,Sys_VAR_ref_1,4.65,3.85
974,Sys_VAR_ref_2,4.85,3.65
974,Sys_VAR_ref_3,4.85,4.62
974,User_VAR_1,5.0,4.0
974,User_VAR_2,5.0,4.0
974,User_VAR_3,5.0,4.0
975,Sys_VAR_ref_1,2.85,3.6
975,Sys_VAR_ref_2,1.85,3.62
975,Sys_VAR_ref_3,1.85,4.62
975,User_VAR_1,3.57,3.0
975,User_VAR_2,3.57,3.0
975,User_VAR_3,3.57,5.0
976,Sys_VAR_ref_1,2.85,3.6
976,Sys_VAR_ref_2,2.85,3.62
976,Sys_VAR_ref_3,2.85,3.6
976,User_VAR_1,3.0,5.0
976,User_VAR_2,3.0,4.0
976,User_VAR_3,3.0,5.0
977,Sys_VAR_ref_1,4.85,4.92
977,Sys_VAR_ref_2,4.65,3.82
977,Sys_VAR_ref_3,4.92,4.85
977,User_VAR_1,5.0,5.0
977,User_VAR_2,5.0,4.0
977,User_VAR_3,5.0,5.0
978,Sys_VAR_ref_1,4.62,3.85
978,Sys_VAR_ref_2,4.85,4.92
978,Sys_VAR_ref_3,4.85,4.92
978,User_VAR_1,5.0,4.0
978,User_VAR_2,5.0,4.0
978,User_VAR_3,5.0,5.0
979,Sys_VAR_ref_1,4.85,3.65
979,Sys_VAR_ref_2,4.85,3.65
979,Sys_VAR_ref_3,4.85,3.65
979,User_VAR_1,5.0,4.0
979,User_VAR_2,5.0,4.0
979,User_VAR_3,5.0,4.0
980,Sys_VAR_ref_1,4.15,2.85
980,Sys_VAR_ref_2,4.92,4.85
980,Sys_VAR_ref_3,4.85,3.75
980,User_VAR_1,5.0,5.0
980,User_VAR_2,5.0,5.0
980,User_VAR_3,5.0,5.0
981,Sys_VAR_ref_1,4.65,4.12
981,Sys_VAR_ref_2,4.65,3.85
981,Sys_VAR_ref_3,4.65,4.12
981,User_VAR_1,4.44,4.0
981,User_VAR_2,4.44,4.0
981,User_VAR_3,4.44,4.0
982,Sys_VAR_ref_1,4.92,4.85
982,Sys_VAR_ref_2,4.92,4.85
982,Sys_VAR_ref_3,4.68,3.42
982,User_VAR_1,5.0,5.0
982,User_VAR_2,5.0,5.0
982,User_VAR_3,5.0,3.0
983,Sys_VAR_ref_1,4.35,2.85
983,Sys_VAR_ref_2,4.85,4.2
983,Sys_VAR_ref_3,4.85,4.72
983,User_VAR_1,5.0,4.0
983,User_VAR_2,5.0,4.0
983,User_VAR_3,5.0,4.0
984,Sys_VAR_ref_1,4.15,3.85
984,Sys_VAR_ref_2,4.65,4.72
984,Sys_VAR_ref_3,4.65,3.85
984,User_VAR_1,4.44,4.0
984,User_VAR_2,4.44,4.0
984,User_VAR_3,4.44,4.0
985,Sys_VAR_ref_1,0.42,1.85
985,Sys_VAR_ref_2,0.42,1.85
985,Sys_VAR_ref_3,2.85,2.1
985,User_VAR_1,5.0,2.0
985,User_VAR_2,0.56,3.0
985,User_VAR_3,0.56,3.0
986,Sys_VAR_ref_1,3.82,2.65
986,Sys_VAR_ref_2,4.12,3.85
986,Sys_VAR_ref_3,3.45,3.82
986,User_VAR_1,3.89,4.0
986,User_VAR_2,3.89,4.0
986,User_VAR_3,3.89,4.0
987,Sys_VAR_ref_1,4.85,2.8
987,Sys_VAR_ref_2,4.85,3.8
987,Sys_VAR_ref_3,4.85,3.2
987,User_VAR_1,5.0,4.0
987,User_VAR_2,5.0,4.0
987,User_VAR_3,5.0,4.0
988,Sys_VAR_ref_1,4.92,4.85
988,Sys_VAR_ref_2,4.65,3.85
988,Sys_VAR_ref_3,4.92,4.85
988,User_VAR_1,5.0,5.0
988,User_VAR_2,5.0,3.0
988,User_VAR_3,5.0,3.0
989,Sys_VAR_ref_1,4.85,3.2
989,Sys_VAR_ref_2,4.82,3.65
989,Sys_VAR_ref_3,4.82,4.35
989,User_VAR_1,5.0,5.0
989,User_VAR_2,5.0,5.0
989,User_VAR_3,5.0,5.0
990,Sys_VAR_ref_1,1.25,1.1
990,Sys_VAR_ref_2,0.15,0.2
990,Sys_VAR_ref_3,1.85,0.92
990,User_VAR_1,2.78,1.0
990,User_VAR_2,2.22,1.0
990,User_VAR_3,2.86,1.0
991,Sys_VAR_ref_1,2.85,1.92
991,Sys_VAR_ref_2,1.85,2.1
991,Sys_VAR_ref_3,0.15,1.2
991,User_VAR_1,4.29,1.0
991,User_VAR_2,4.29,1.0
991,User_VAR_3,1.11,1.0
992,Sys_VAR_ref_1,3.85,2.15
992,Sys_VAR_ref_2,4.65,2.85
992,Sys_VAR_ref_3,4.65,3.85
992,User_VAR_1,5.0,3.0
992,User_VAR_2,5.0,3.0
992,User_VAR_3,5.0,3.0
993,Sys_VAR_ref_1,4.85,4.92
993,Sys_VAR_ref_2,4.92,4.98
993,Sys_VAR_ref_3,4.85,4.6
993,User_VAR_1,5.0,3.0
993,User_VAR_2,5.0,3.0
993,User_VAR_3,5.0,5.0
994,Sys_VAR_ref_1,4.35,2.8
994,Sys_VAR_ref_2,4.65,3.85
994,Sys_VAR_ref_3,4.65,2.85
994,User_VAR_1,5.0,4.0
994,User_VAR_2,5.0,3.0
994,User_VAR_3,4.29,4.0
995,Sys_VAR_ref_1,4.65,2.1
995,Sys_VAR_ref_2,4.92,1.85
995,Sys_VAR_ref_3,4.65,3.82
995,User_VAR_1,5.0,3.0
995,User_VAR_2,5.0,2.0
995,User_VAR_3,5.0,3.0
996,Sys_VAR_ref_1,4.85,3.92
996,Sys_VAR_ref_2,4.85,3.6
996,Sys_VAR_ref_3,4.15,2.35
996,User_VAR_1,5.0,4.0
996,User_VAR_2,5.0,3.0
996,User_VAR_3,5.0,3.0
997,Sys_VAR_ref_1,0.15,1.5
997,Sys_VAR_ref_2,0.0,1.5
997,Sys_VAR_ref_3,1.25,1.5
997,User_VAR_1,0.0,1.0
997,User_VAR_2,1.67,1.0
997,User_VAR_3,1.67,3.0
998,Sys_VAR_ref_1,3.42,2.68
998,Sys_VAR_ref_2,3.42,2.85
998,Sys_VAR_ref_3,3.85,2.45
998,User_VAR_1,4.29,2.0
998,User_VAR_2,4.29,1.0
998,User_VAR_3,4.29,2.0
999,Sys_VAR_ref_1,1.85,1.5
999,Sys_VAR_ref_2,2.85,1.5
999,Sys_VAR_ref_3,1.85,1.5
999,User_VAR_1,3.57,2.0
999,User_VAR_2,3.57,1.0
999,User_VAR_3,4.17,1.0
