image_name,User_1_alignment,User_1_artifact,User_2_alignment,User_2_artifact,User_3_alignment,User_3_artifact,alignment_mean,alignment_var,alignment_std,alignment_range,artifact_mean,artifact_var,artifact_std,artifact_range
000000.png,2.5,4.0,2.5,4.0,1.5,3.0,2.1666666666666665,0.22222222222222224,0.4714045207910317,1.0,3.6666666666666665,0.22222222222222224,0.4714045207910317,1.0
000001.png,4.29,5.0,4.44,5.0,3.75,5.0,4.16,0.08780000000000006,0.2963106478005812,0.6900000000000004,5.0,0.0,0.0,0.0
000002.png,2.5,4.0,2.0,3.0,2.0,4.0,2.1666666666666665,0.05555555555555556,0.23570226039551584,0.5,3.6666666666666665,0.22222222222222224,0.4714045207910317,1.0
000003.png,3.12,4.0,1.5,3.0,5.0,4.0,3.206666666666667,2.045422222222222,1.4301825835263908,3.5,3.6666666666666665,0.22222222222222224,0.4714045207910317,1.0
000004.png,4.29,2.0,4.29,2.0,3.33,3.0,3.97,0.20479999999999998,0.4525483399593904,0.96,2.3333333333333335,0.22222222222222224,0.4714045207910317,1.0
000005.png,1.67,1.0,0.0,1.0,0.0,1.0,0.5566666666666666,0.6197555555555555,0.7872455497210229,1.67,1.0,0.0,0.0,0.0
000006.png,4.0,2.0,4.5,1.0,5.0,2.0,4.5,0.16666666666666666,0.408248290463863,1.0,1.6666666666666667,0.2222222222222222,0.4714045207910317,1.0
000007.png,5.0,5.0,4.44,5.0,5.0,4.0,4.8133333333333335,0.06968888888888879,0.26398653164297753,0.5599999999999996,4.666666666666667,0.22222222222222224,0.4714045207910317,1.0
000008.png,4.17,1.0,2.5,2.0,2.5,1.0,3.0566666666666666,0.6197555555555555,0.7872455497210229,1.67,1.3333333333333333,0.2222222222222222,0.4714045207910317,1.0
000009.png,3.12,3.0,2.5,3.0,3.12,3.0,2.9133333333333336,0.08542222222222225,0.29227080289043966,0.6200000000000001,3.0,0.0,0.0,0.0
000010.png,3.5,5.0,2.73,4.0,3.57,4.0,3.266666666666667,0.1448222222222222,0.3805551500403354,0.8399999999999999,4.333333333333333,0.22222222222222224,0.4714045207910317,1.0
000011.png,5.0,5.0,4.17,5.0,5.0,4.0,4.723333333333334,0.1530888888888889,0.39126575225655635,0.8300000000000001,4.666666666666667,0.22222222222222224,0.4714045207910317,1.0
000012.png,4.0,3.0,3.64,4.0,5.0,3.0,4.213333333333334,0.33102222222222216,0.5753453069437711,1.3599999999999999,3.3333333333333335,0.22222222222222224,0.4714045207910317,1.0
000013.png,5.0,5.0,5.0,4.0,5.0,4.0,5.0,0.0,0.0,0.0,4.333333333333333,0.22222222222222224,0.4714045207910317,1.0
000014.png,4.29,5.0,5.0,5.0,5.0,4.0,4.763333333333333,0.1120222222222222,0.3346972097616325,0.71,4.666666666666667,0.22222222222222224,0.4714045207910317,1.0
000015.png,3.18,4.0,2.73,3.0,3.0,3.0,2.97,0.03420000000000003,0.18493242008906938,0.4500000000000002,3.3333333333333335,0.22222222222222224,0.4714045207910317,1.0
000016.png,4.09,4.0,4.09,4.0,3.33,3.0,3.8366666666666664,0.12835555555555547,0.358267435801184,0.7599999999999998,3.6666666666666665,0.22222222222222224,0.4714045207910317,1.0
000017.png,2.73,4.0,2.0,4.0,2.5,4.0,2.41,0.09286666666666667,0.3047403266170506,0.73,4.0,0.0,0.0,0.0
000018.png,5.0,5.0,5.0,5.0,5.0,5.0,5.0,0.0,0.0,0.0,5.0,0.0,0.0,0.0
000019.png,5.0,4.0,5.0,4.0,5.0,3.0,5.0,0.0,0.0,0.0,3.6666666666666665,0.22222222222222224,0.4714045207910317,1.0
000020.png,4.0,5.0,5.0,5.0,4.38,5.0,4.46,0.16986666666666664,0.4121488404286328,1.0,5.0,0.0,0.0,0.0
000021.png,4.5,4.0,4.44,4.0,5.0,4.0,4.646666666666667,0.06302222222222216,0.25104227178350297,0.5599999999999996,4.0,0.0,0.0,0.0
000022.png,2.5,3.0,2.22,3.0,5.0,4.0,3.24,1.5618666666666667,1.2497466409903515,2.78,3.3333333333333335,0.22222222222222224,0.4714045207910317,1.0
000023.png,4.38,5.0,4.38,4.0,3.75,4.0,4.17,0.08819999999999999,0.29698484809834996,0.6299999999999999,4.333333333333333,0.22222222222222224,0.4714045207910317,1.0
000024.png,4.5,4.0,5.0,5.0,4.38,5.0,4.626666666666666,0.07208888888888891,0.26849374087469696,0.6200000000000001,4.666666666666667,0.22222222222222224,0.4714045207910317,1.0
000025.png,3.5,4.0,5.0,4.0,5.0,4.0,4.5,0.5,0.7071067811865476,1.5,4.0,0.0,0.0,0.0
000026.png,4.0,3.0,4.44,2.0,5.0,3.0,4.48,0.16746666666666665,0.4092269134192748,1.0,2.6666666666666665,0.22222222222222224,0.4714045207910317,1.0
000027.png,4.44,4.0,5.0,5.0,5.0,5.0,4.8133333333333335,0.06968888888888879,0.26398653164297753,0.5599999999999996,4.666666666666667,0.22222222222222224,0.4714045207910317,1.0
000028.png,4.44,2.0,4.44,2.0,3.57,2.0,4.15,0.1682000000000002,0.41012193308819783,0.8700000000000006,2.0,0.0,0.0,0.0
000029.png,3.5,4.0,2.5,4.0,3.89,4.0,3.296666666666667,0.342688888888889,0.5853963519606942,1.3900000000000001,4.0,0.0,0.0,0.0
000030.png,3.0,4.0,4.0,4.0,3.0,5.0,3.3333333333333335,0.22222222222222224,0.4714045207910317,1.0,4.333333333333333,0.22222222222222224,0.4714045207910317,1.0
000031.png,4.29,5.0,4.29,5.0,5.0,4.0,4.526666666666666,0.1120222222222222,0.3346972097616325,0.71,4.666666666666667,0.22222222222222224,0.4714045207910317,1.0
000032.png,4.0,4.0,5.0,5.0,4.0,5.0,4.333333333333333,0.22222222222222224,0.4714045207910317,1.0,4.666666666666667,0.22222222222222224,0.4714045207910317,1.0
000033.png,4.17,5.0,4.29,4.0,5.0,5.0,4.486666666666667,0.13415555555555556,0.3662725154247252,0.8300000000000001,4.666666666666667,0.22222222222222224,0.4714045207910317,1.0
000034.png,4.0,4.0,3.57,4.0,3.0,4.0,3.5233333333333334,0.16775555555555555,0.4095797304012438,1.0,4.0,0.0,0.0,0.0
000035.png,4.0,3.0,4.0,3.0,5.0,3.0,4.333333333333333,0.22222222222222224,0.4714045207910317,1.0,3.0,0.0,0.0,0.0
000036.png,3.33,4.0,3.33,4.0,5.0,4.0,3.8866666666666667,0.6197555555555555,0.7872455497210229,1.67,4.0,0.0,0.0,0.0
000037.png,2.86,3.0,2.14,2.0,3.75,3.0,2.9166666666666665,0.43362222222222213,0.6584999789082928,1.6099999999999999,2.6666666666666665,0.22222222222222224,0.4714045207910317,1.0
000038.png,4.17,5.0,4.29,4.0,4.29,5.0,4.25,0.0032000000000000054,0.05656854249492385,0.1200000000000001,4.666666666666667,0.22222222222222224,0.4714045207910317,1.0
000039.png,2.14,2.0,2.14,2.0,2.14,2.0,2.14,0.0,0.0,0.0,2.0,0.0,0.0,0.0
000040.png,4.17,4.0,4.0,4.0,4.17,5.0,4.113333333333333,0.006422222222222217,0.08013876853447535,0.16999999999999993,4.333333333333333,0.22222222222222224,0.4714045207910317,1.0
000041.png,5.0,3.0,4.17,3.0,4.0,3.0,4.39,0.19086666666666666,0.4368828981164937,1.0,3.0,0.0,0.0,0.0
000042.png,3.33,3.0,2.0,2.0,3.33,3.0,2.8866666666666667,0.3930888888888889,0.6269680126520721,1.33,2.6666666666666665,0.22222222222222224,0.4714045207910317,1.0
000043.png,5.0,4.0,5.0,5.0,4.29,4.0,4.763333333333333,0.1120222222222222,0.3346972097616325,0.71,4.333333333333333,0.22222222222222224,0.4714045207910317,1.0
000044.png,5.0,4.0,5.0,5.0,5.0,4.0,5.0,0.0,0.0,0.0,4.333333333333333,0.22222222222222224,0.4714045207910317,1.0
000045.png,5.0,4.0,5.0,5.0,4.0,5.0,4.666666666666667,0.22222222222222224,0.4714045207910317,1.0,4.666666666666667,0.22222222222222224,0.4714045207910317,1.0
000046.png,4.17,5.0,4.0,5.0,2.5,4.0,3.5566666666666666,0.5630888888888889,0.7503924898937148,1.67,4.666666666666667,0.22222222222222224,0.4714045207910317,1.0
000047.png,4.17,3.0,2.5,4.0,4.17,4.0,3.6133333333333333,0.6197555555555555,0.7872455497210229,1.67,3.6666666666666665,0.22222222222222224,0.4714045207910317,1.0
000048.png,4.0,4.0,5.0,4.0,4.29,3.0,4.43,0.17646666666666666,0.42007935758219145,1.0,3.6666666666666665,0.22222222222222224,0.4714045207910317,1.0
000049.png,4.38,3.0,3.57,3.0,3.33,2.0,3.76,0.20179999999999995,0.449221548904324,1.0499999999999998,2.6666666666666665,0.22222222222222224,0.4714045207910317,1.0
000050.png,3.75,4.0,5.0,4.0,4.38,5.0,4.376666666666666,0.2604222222222222,0.5103158063613376,1.25,4.333333333333333,0.22222222222222224,0.4714045207910317,1.0
000051.png,5.0,5.0,5.0,5.0,5.0,5.0,5.0,0.0,0.0,0.0,5.0,0.0,0.0,0.0
000052.png,4.29,2.0,4.29,3.0,4.29,4.0,4.29,0.0,0.0,0.0,3.0,0.6666666666666666,0.816496580927726,2.0
000053.png,5.0,4.0,1.88,3.0,4.0,4.0,3.6266666666666665,1.692088888888889,1.3008031706945093,3.12,3.6666666666666665,0.22222222222222224,0.4714045207910317,1.0
000054.png,4.29,3.0,1.25,2.0,5.0,3.0,3.513333333333333,2.6453555555555552,1.6264549042489789,3.75,2.6666666666666665,0.22222222222222224,0.4714045207910317,1.0
000055.png,2.22,3.0,2.78,3.0,3.33,3.0,2.776666666666667,0.2053555555555555,0.4531617322276402,1.1099999999999999,3.0,0.0,0.0,0.0
000056.png,5.0,3.0,3.33,3.0,5.0,4.0,4.443333333333333,0.6197555555555555,0.7872455497210229,1.67,3.3333333333333335,0.22222222222222224,0.4714045207910317,1.0
000057.png,5.0,5.0,5.0,5.0,5.0,5.0,5.0,0.0,0.0,0.0,5.0,0.0,0.0,0.0
000058.png,5.0,4.0,3.89,4.0,5.0,5.0,4.63,0.2737999999999999,0.5232590180780451,1.1099999999999999,4.333333333333333,0.22222222222222224,0.4714045207910317,1.0
000059.png,5.0,3.0,5.0,3.0,5.0,3.0,5.0,0.0,0.0,0.0,3.0,0.0,0.0,0.0
000060.png,4.17,5.0,3.0,4.0,3.0,5.0,3.39,0.30419999999999997,0.551543289325507,1.17,4.666666666666667,0.22222222222222224,0.4714045207910317,1.0
000061.png,5.0,5.0,3.75,4.0,5.0,5.0,4.583333333333333,0.34722222222222227,0.5892556509887896,1.25,4.666666666666667,0.22222222222222224,0.4714045207910317,1.0
000062.png,5.0,5.0,5.0,5.0,5.0,5.0,5.0,0.0,0.0,0.0,5.0,0.0,0.0,0.0
000063.png,4.38,4.0,4.29,4.0,2.5,4.0,3.723333333333333,0.7496222222222221,0.8658072662101087,1.88,4.0,0.0,0.0,0.0
000064.png,3.33,2.0,3.33,2.0,2.0,2.0,2.8866666666666667,0.393088888888889,0.6269680126520722,1.33,2.0,0.0,0.0,0.0
000065.png,1.0,2.0,0.0,1.0,0.0,0.0,0.3333333333333333,0.22222222222222224,0.4714045207910317,1.0,1.0,0.6666666666666666,0.816496580927726,2.0
000066.png,3.75,3.0,3.0,3.0,4.0,4.0,3.5833333333333335,0.18055555555555558,0.42491829279939874,1.0,3.3333333333333335,0.22222222222222224,0.4714045207910317,1.0
000067.png,4.44,4.0,3.89,5.0,3.5,5.0,3.9433333333333334,0.148688888888889,0.38560198247530963,0.9400000000000004,4.666666666666667,0.22222222222222224,0.4714045207910317,1.0
000068.png,4.38,3.0,3.0,4.0,2.78,3.0,3.3866666666666667,0.5014222222222222,0.7081117300413984,1.6,3.3333333333333335,0.22222222222222224,0.4714045207910317,1.0
000069.png,5.0,3.0,4.17,3.0,5.0,4.0,4.723333333333334,0.1530888888888889,0.39126575225655635,0.8300000000000001,3.3333333333333335,0.22222222222222224,0.4714045207910317,1.0
000070.png,4.0,3.0,2.14,3.0,2.5,3.0,2.8800000000000003,0.6487999999999999,0.8054812226240907,1.8599999999999999,3.0,0.0,0.0,0.0
000071.png,1.88,1.0,0.0,2.0,0.0,1.0,0.6266666666666666,0.7854222222222221,0.8862404990871395,1.88,1.3333333333333333,0.2222222222222222,0.4714045207910317,1.0
000072.png,3.75,4.0,5.0,5.0,5.0,4.0,4.583333333333333,0.34722222222222227,0.5892556509887896,1.25,4.333333333333333,0.22222222222222224,0.4714045207910317,1.0
000073.png,4.0,4.0,5.0,4.0,4.0,4.0,4.333333333333333,0.22222222222222224,0.4714045207910317,1.0,4.0,0.0,0.0,0.0
000074.png,3.75,5.0,5.0,5.0,5.0,4.0,4.583333333333333,0.34722222222222227,0.5892556509887896,1.25,4.666666666666667,0.22222222222222224,0.4714045207910317,1.0
000075.png,4.38,4.0,5.0,5.0,3.12,5.0,4.166666666666667,0.6118222222222222,0.7821906559287334,1.88,4.666666666666667,0.22222222222222224,0.4714045207910317,1.0
000076.png,3.57,4.0,3.57,4.0,5.0,4.0,4.046666666666667,0.45442222222222234,0.6741084647311754,1.4300000000000002,4.0,0.0,0.0,0.0
000077.png,4.29,4.0,5.0,4.0,4.29,4.0,4.526666666666666,0.1120222222222222,0.3346972097616325,0.71,4.0,0.0,0.0,0.0
000078.png,1.88,1.0,0.0,1.0,0.0,1.0,0.6266666666666666,0.7854222222222221,0.8862404990871395,1.88,1.0,0.0,0.0,0.0
000079.png,5.0,5.0,5.0,4.0,5.0,4.0,5.0,0.0,0.0,0.0,4.333333333333333,0.22222222222222224,0.4714045207910317,1.0
000080.png,4.17,4.0,5.0,4.0,5.0,5.0,4.723333333333334,0.1530888888888889,0.39126575225655635,0.8300000000000001,4.333333333333333,0.22222222222222224,0.4714045207910317,1.0
000081.png,3.57,4.0,4.29,5.0,4.0,4.0,3.953333333333333,0.08748888888888894,0.29578520735305364,0.7200000000000002,4.333333333333333,0.22222222222222224,0.4714045207910317,1.0
000082.png,0.71,1.0,0.0,1.0,0.0,0.0,0.23666666666666666,0.1120222222222222,0.3346972097616325,0.71,0.6666666666666666,0.22222222222222224,0.4714045207910317,1.0
000083.png,1.25,1.0,0.0,1.0,0.0,0.0,0.4166666666666667,0.34722222222222215,0.5892556509887895,1.25,0.6666666666666666,0.22222222222222224,0.4714045207910317,1.0
000084.png,3.75,4.0,3.12,4.0,5.0,4.0,3.956666666666667,0.6104222222222221,0.7812952209134663,1.88,4.0,0.0,0.0,0.0
000085.png,4.29,5.0,5.0,5.0,4.17,4.0,4.486666666666666,0.13415555555555556,0.3662725154247252,0.8300000000000001,4.666666666666667,0.22222222222222224,0.4714045207910317,1.0
000086.png,5.0,5.0,5.0,5.0,5.0,4.0,5.0,0.0,0.0,0.0,4.666666666666667,0.22222222222222224,0.4714045207910317,1.0
000087.png,4.29,4.0,5.0,4.0,5.0,4.0,4.763333333333333,0.1120222222222222,0.3346972097616325,0.71,4.0,0.0,0.0,0.0
000088.png,5.0,4.0,4.29,4.0,4.0,4.0,4.43,0.17646666666666666,0.42007935758219145,1.0,4.0,0.0,0.0,0.0
000089.png,3.33,1.0,3.12,1.0,1.88,1.0,2.776666666666667,0.40935555555555564,0.6398089992767808,1.4500000000000002,1.0,0.0,0.0,0.0
000090.png,4.29,4.0,5.0,4.0,5.0,3.0,4.763333333333333,0.1120222222222222,0.3346972097616325,0.71,3.6666666666666665,0.22222222222222224,0.4714045207910317,1.0
000091.png,5.0,5.0,5.0,5.0,5.0,5.0,5.0,0.0,0.0,0.0,5.0,0.0,0.0,0.0
000092.png,3.89,4.0,3.12,3.0,2.14,3.0,3.0500000000000003,0.5128666666666667,0.716147098483731,1.75,3.3333333333333335,0.22222222222222224,0.4714045207910317,1.0
000093.png,5.0,5.0,4.38,4.0,4.38,5.0,4.586666666666666,0.08542222222222225,0.29227080289043966,0.6200000000000001,4.666666666666667,0.22222222222222224,0.4714045207910317,1.0
000094.png,3.12,3.0,2.5,3.0,2.78,3.0,2.8000000000000003,0.0642666666666667,0.25350871122442065,0.6200000000000001,3.0,0.0,0.0,0.0
000095.png,5.0,5.0,4.38,4.0,3.33,5.0,4.236666666666666,0.47508888888888884,0.6892669213656556,1.67,4.666666666666667,0.22222222222222224,0.4714045207910317,1.0
000096.png,5.0,3.0,4.17,4.0,4.17,5.0,4.446666666666666,0.1530888888888889,0.39126575225655635,0.8300000000000001,4.0,0.6666666666666666,0.816496580927726,2.0
000097.png,5.0,5.0,4.38,4.0,4.38,4.0,4.586666666666666,0.08542222222222225,0.29227080289043966,0.6200000000000001,4.333333333333333,0.22222222222222224,0.4714045207910317,1.0
000098.png,5.0,4.0,5.0,3.0,4.0,4.0,4.666666666666667,0.22222222222222224,0.4714045207910317,1.0,3.6666666666666665,0.22222222222222224,0.4714045207910317,1.0
000099.png,5.0,5.0,5.0,5.0,3.33,5.0,4.443333333333333,0.6197555555555555,0.7872455497210229,1.67,5.0,0.0,0.0,0.0
000100.png,2.0,2.0,1.11,2.0,2.0,2.0,1.7033333333333334,0.1760222222222222,0.41955002350401815,0.8899999999999999,2.0,0.0,0.0,0.0
000101.png,3.89,4.0,2.5,3.0,2.14,4.0,2.8433333333333337,0.5693555555555556,0.7545565290656199,1.75,3.6666666666666665,0.22222222222222224,0.4714045207910317,1.0
000102.png,1.67,5.0,2.22,4.0,1.11,4.0,1.6666666666666667,0.2053555555555556,0.45316173222764033,1.11,4.333333333333333,0.22222222222222224,0.4714045207910317,1.0
000103.png,4.38,3.0,3.33,4.0,3.12,4.0,3.61,0.3037999999999999,0.5511805511808267,1.2599999999999998,3.6666666666666665,0.22222222222222224,0.4714045207910317,1.0
000104.png,3.33,5.0,1.67,5.0,3.33,4.0,2.776666666666667,0.6123555555555557,0.7825315045131127,1.6600000000000001,4.666666666666667,0.22222222222222224,0.4714045207910317,1.0
000105.png,4.38,3.0,4.44,4.0,3.57,4.0,4.13,0.15740000000000012,0.3967366884975476,0.8700000000000006,3.6666666666666665,0.22222222222222224,0.4714045207910317,1.0
000106.png,5.0,5.0,3.89,5.0,3.75,5.0,4.213333333333334,0.31268888888888885,0.5591859162111371,1.25,5.0,0.0,0.0,0.0
000107.png,3.33,4.0,1.67,4.0,2.14,3.0,2.3800000000000003,0.4880666666666667,0.6986176827612273,1.6600000000000001,3.6666666666666665,0.22222222222222224,0.4714045207910317,1.0
000108.png,5.0,5.0,4.44,5.0,5.0,5.0,4.8133333333333335,0.06968888888888879,0.26398653164297753,0.5599999999999996,5.0,0.0,0.0,0.0
000109.png,4.38,4.0,2.78,5.0,2.78,4.0,3.313333333333333,0.5688888888888889,0.7542472332656507,1.6,4.333333333333333,0.22222222222222224,0.4714045207910317,1.0
000110.png,3.33,3.0,4.17,3.0,3.33,2.0,3.61,0.15679999999999994,0.39597979746446654,0.8399999999999999,2.6666666666666665,0.22222222222222224,0.4714045207910317,1.0
000111.png,2.5,5.0,1.67,4.0,2.5,4.0,2.223333333333333,0.1530888888888889,0.39126575225655635,0.8300000000000001,4.333333333333333,0.22222222222222224,0.4714045207910317,1.0
000112.png,5.0,5.0,5.0,5.0,4.17,5.0,4.723333333333334,0.1530888888888889,0.39126575225655635,0.8300000000000001,5.0,0.0,0.0,0.0
000113.png,5.0,4.0,5.0,5.0,5.0,4.0,5.0,0.0,0.0,0.0,4.333333333333333,0.22222222222222224,0.4714045207910317,1.0
000114.png,5.0,4.0,5.0,4.0,5.0,5.0,5.0,0.0,0.0,0.0,4.333333333333333,0.22222222222222224,0.4714045207910317,1.0
000115.png,4.29,4.0,2.86,4.0,4.29,3.0,3.813333333333334,0.45442222222222234,0.6741084647311754,1.4300000000000002,3.6666666666666665,0.22222222222222224,0.4714045207910317,1.0
000116.png,5.0,4.0,5.0,4.0,4.0,5.0,4.666666666666667,0.22222222222222224,0.4714045207910317,1.0,4.333333333333333,0.22222222222222224,0.4714045207910317,1.0
000117.png,5.0,5.0,4.17,5.0,4.0,4.0,4.39,0.19086666666666666,0.4368828981164937,1.0,4.666666666666667,0.22222222222222224,0.4714045207910317,1.0
000118.png,5.0,4.0,4.17,5.0,5.0,5.0,4.723333333333334,0.1530888888888889,0.39126575225655635,0.8300000000000001,4.666666666666667,0.22222222222222224,0.4714045207910317,1.0
000119.png,5.0,5.0,5.0,4.0,5.0,5.0,5.0,0.0,0.0,0.0,4.666666666666667,0.22222222222222224,0.4714045207910317,1.0
000120.png,5.0,5.0,5.0,5.0,5.0,5.0,5.0,0.0,0.0,0.0,5.0,0.0,0.0,0.0
000121.png,4.38,5.0,4.38,4.0,4.38,4.0,4.38,0.0,0.0,0.0,4.333333333333333,0.22222222222222224,0.4714045207910317,1.0
000122.png,5.0,5.0,5.0,5.0,4.17,5.0,4.723333333333334,0.1530888888888889,0.39126575225655635,0.8300000000000001,5.0,0.0,0.0,0.0
000123.png,5.0,5.0,5.0,5.0,5.0,4.0,5.0,0.0,0.0,0.0,4.666666666666667,0.22222222222222224,0.4714045207910317,1.0
000124.png,0.0,5.0,0.0,5.0,0.0,4.0,0.0,0.0,0.0,0.0,4.666666666666667,0.22222222222222224,0.4714045207910317,1.0
000125.png,4.29,3.0,3.33,2.0,2.5,2.0,3.3733333333333335,0.5349555555555555,0.7314065596886287,1.79,2.3333333333333335,0.22222222222222224,0.4714045207910317,1.0
000126.png,4.38,3.0,4.38,4.0,3.75,3.0,4.17,0.08819999999999999,0.29698484809834996,0.6299999999999999,3.3333333333333335,0.22222222222222224,0.4714045207910317,1.0
000127.png,5.0,4.0,4.38,5.0,5.0,4.0,4.793333333333333,0.08542222222222225,0.29227080289043966,0.6200000000000001,4.333333333333333,0.22222222222222224,0.4714045207910317,1.0
000128.png,5.0,5.0,3.12,4.0,5.0,5.0,4.373333333333334,0.7854222222222221,0.8862404990871395,1.88,4.666666666666667,0.22222222222222224,0.4714045207910317,1.0
000129.png,5.0,4.0,4.44,4.0,3.75,4.0,4.396666666666667,0.26135555555555556,0.5112294548982439,1.25,4.0,0.0,0.0,0.0
000130.png,5.0,4.0,5.0,5.0,4.38,4.0,4.793333333333333,0.08542222222222225,0.29227080289043966,0.6200000000000001,4.333333333333333,0.22222222222222224,0.4714045207910317,1.0
000131.png,3.57,4.0,4.44,5.0,5.0,5.0,4.336666666666667,0.3461555555555556,0.5883498581248708,1.4300000000000002,4.666666666666667,0.22222222222222224,0.4714045207910317,1.0
000132.png,0.0,3.0,0.0,2.0,0.0,3.0,0.0,0.0,0.0,0.0,2.6666666666666665,0.22222222222222224,0.4714045207910317,1.0
000133.png,3.33,5.0,2.78,5.0,2.5,5.0,2.8699999999999997,0.11886666666666669,0.3447704550373577,0.8300000000000001,5.0,0.0,0.0,0.0
000134.png,5.0,4.0,5.0,5.0,5.0,4.0,5.0,0.0,0.0,0.0,4.333333333333333,0.22222222222222224,0.4714045207910317,1.0
000135.png,4.29,5.0,5.0,3.0,3.89,5.0,4.3933333333333335,0.21068888888888884,0.45900859348043677,1.1099999999999999,4.333333333333333,0.888888888888889,0.9428090415820634,2.0
000136.png,4.29,5.0,5.0,4.0,3.89,5.0,4.3933333333333335,0.21068888888888884,0.45900859348043677,1.1099999999999999,4.666666666666667,0.22222222222222224,0.4714045207910317,1.0
000137.png,0.0,4.0,0.0,5.0,0.0,5.0,0.0,0.0,0.0,0.0,4.666666666666667,0.22222222222222224,0.4714045207910317,1.0
000138.png,4.38,5.0,5.0,5.0,3.89,5.0,4.423333333333333,0.20628888888888885,0.454190366354119,1.1099999999999999,5.0,0.0,0.0,0.0
000139.png,4.29,4.0,4.44,3.0,2.78,4.0,3.8366666666666664,0.5620222222222225,0.7496814138167109,1.6600000000000006,3.6666666666666665,0.22222222222222224,0.4714045207910317,1.0
000140.png,4.44,5.0,4.44,5.0,2.78,4.0,3.8866666666666667,0.6123555555555561,0.7825315045131129,1.6600000000000006,4.666666666666667,0.22222222222222224,0.4714045207910317,1.0
000141.png,5.0,5.0,4.38,4.0,5.0,5.0,4.793333333333333,0.08542222222222225,0.29227080289043966,0.6200000000000001,4.666666666666667,0.22222222222222224,0.4714045207910317,1.0
000142.png,4.17,3.0,3.57,3.0,3.33,3.0,3.69,0.12479999999999998,0.35327043465311386,0.8399999999999999,3.0,0.0,0.0,0.0
000143.png,2.22,2.0,2.22,2.0,2.78,1.0,2.4066666666666667,0.06968888888888879,0.26398653164297753,0.5599999999999996,1.6666666666666667,0.2222222222222222,0.4714045207910317,1.0
000144.png,3.12,3.0,0.0,2.0,2.22,2.0,1.78,1.7192,1.311182672246701,3.12,2.3333333333333335,0.22222222222222224,0.4714045207910317,1.0
000145.png,5.0,5.0,5.0,5.0,5.0,4.0,5.0,0.0,0.0,0.0,4.666666666666667,0.22222222222222224,0.4714045207910317,1.0
000146.png,3.75,3.0,3.12,3.0,3.33,3.0,3.4,0.06859999999999998,0.26191601707417583,0.6299999999999999,3.0,0.0,0.0,0.0
000147.png,1.11,2.0,0.0,1.0,0.0,0.0,0.37000000000000005,0.2738,0.5232590180780452,1.11,1.0,0.6666666666666666,0.816496580927726,2.0
000148.png,3.75,4.0,3.12,3.0,3.89,2.0,3.5866666666666664,0.11215555555555556,0.3348963355361709,0.77,3.0,0.6666666666666666,0.816496580927726,2.0
000149.png,0.0,5.0,0.0,5.0,0.56,5.0,0.18666666666666668,0.06968888888888891,0.2639865316429778,0.56,5.0,0.0,0.0,0.0
000150.png,1.67,2.0,1.67,3.0,1.11,2.0,1.4833333333333334,0.06968888888888884,0.26398653164297764,0.5599999999999998,2.3333333333333335,0.22222222222222224,0.4714045207910317,1.0
000151.png,5.0,5.0,4.29,5.0,5.0,5.0,4.763333333333333,0.1120222222222222,0.3346972097616325,0.71,5.0,0.0,0.0,0.0
000152.png,3.75,3.0,2.86,3.0,3.75,3.0,3.453333333333333,0.17602222222222227,0.41955002350401827,0.8900000000000001,3.0,0.0,0.0,0.0
000153.png,4.29,3.0,4.29,4.0,2.22,4.0,3.6,0.9521999999999998,0.9758073580374355,2.07,3.6666666666666665,0.22222222222222224,0.4714045207910317,1.0
000154.png,3.89,4.0,2.78,4.0,3.89,5.0,3.52,0.2738000000000001,0.5232590180780453,1.1100000000000003,4.333333333333333,0.22222222222222224,0.4714045207910317,1.0
000155.png,4.38,5.0,4.29,5.0,2.78,5.0,3.8166666666666664,0.538688888888889,0.7339542825604937,1.6,5.0,0.0,0.0,0.0
000156.png,4.38,5.0,3.57,4.0,2.78,5.0,3.576666666666666,0.4266888888888889,0.6532142748661337,1.6,4.666666666666667,0.22222222222222224,0.4714045207910317,1.0
000157.png,5.0,5.0,5.0,5.0,4.0,5.0,4.666666666666667,0.22222222222222224,0.4714045207910317,1.0,5.0,0.0,0.0,0.0
000158.png,4.38,3.0,4.17,4.0,3.33,3.0,3.9600000000000004,0.2057999999999999,0.4536518488885501,1.0499999999999998,3.3333333333333335,0.22222222222222224,0.4714045207910317,1.0
000159.png,5.0,4.0,4.17,4.0,5.0,5.0,4.723333333333334,0.1530888888888889,0.39126575225655635,0.8300000000000001,4.333333333333333,0.22222222222222224,0.4714045207910317,1.0
000160.png,4.38,5.0,5.0,5.0,4.29,5.0,4.556666666666666,0.09962222222222222,0.3156298817004217,0.71,5.0,0.0,0.0,0.0
000161.png,4.44,4.0,3.89,4.0,3.33,3.0,3.8866666666666667,0.20535555555555565,0.4531617322276404,1.1100000000000003,3.6666666666666665,0.22222222222222224,0.4714045207910317,1.0
000162.png,3.57,3.0,1.11,3.0,3.57,3.0,2.75,1.3447999999999996,1.1596551211459378,2.46,3.0,0.0,0.0,0.0
000163.png,5.0,3.0,4.38,3.0,4.17,4.0,4.516666666666667,0.12415555555555557,0.35235714205271274,0.8300000000000001,3.3333333333333335,0.22222222222222224,0.4714045207910317,1.0
000164.png,4.38,4.0,2.22,3.0,3.57,3.0,3.39,0.7937999999999997,0.8909545442950497,2.1599999999999997,3.3333333333333335,0.22222222222222224,0.4714045207910317,1.0
000165.png,5.0,3.0,5.0,3.0,5.0,3.0,5.0,0.0,0.0,0.0,3.0,0.0,0.0,0.0
000166.png,4.44,4.0,3.33,3.0,4.44,4.0,4.07,0.2738000000000001,0.5232590180780453,1.1100000000000003,3.6666666666666665,0.22222222222222224,0.4714045207910317,1.0
000167.png,3.33,4.0,1.67,4.0,2.86,4.0,2.6199999999999997,0.4880666666666667,0.6986176827612273,1.6600000000000001,4.0,0.0,0.0,0.0
000168.png,1.67,4.0,1.11,4.0,1.11,3.0,1.2966666666666669,0.06968888888888884,0.26398653164297764,0.5599999999999998,3.6666666666666665,0.22222222222222224,0.4714045207910317,1.0
000169.png,4.38,5.0,2.78,4.0,4.38,3.0,3.8466666666666662,0.5688888888888889,0.7542472332656507,1.6,4.0,0.6666666666666666,0.816496580927726,2.0
000170.png,0.0,4.0,0.0,4.0,0.0,3.0,0.0,0.0,0.0,0.0,3.6666666666666665,0.22222222222222224,0.4714045207910317,1.0
000171.png,0.0,4.0,0.0,3.0,0.0,3.0,0.0,0.0,0.0,0.0,3.3333333333333335,0.22222222222222224,0.4714045207910317,1.0
000172.png,1.67,4.0,2.14,5.0,0.56,4.0,1.4566666666666668,0.4388222222222222,0.6624365797736582,1.58,4.333333333333333,0.22222222222222224,0.4714045207910317,1.0
000173.png,2.22,4.0,3.0,5.0,1.11,4.0,2.1100000000000003,0.6013999999999999,0.7754998388136518,1.89,4.333333333333333,0.22222222222222224,0.4714045207910317,1.0
000174.png,1.25,4.0,1.67,4.0,1.67,5.0,1.53,0.039199999999999985,0.19798989873223327,0.41999999999999993,4.333333333333333,0.22222222222222224,0.4714045207910317,1.0
000175.png,5.0,5.0,4.0,4.0,5.0,5.0,4.666666666666667,0.22222222222222224,0.4714045207910317,1.0,4.666666666666667,0.22222222222222224,0.4714045207910317,1.0
000176.png,5.0,5.0,3.75,4.0,1.67,5.0,3.473333333333333,1.8864222222222224,1.3734708668997033,3.33,4.666666666666667,0.22222222222222224,0.4714045207910317,1.0
000177.png,0.0,1.0,0.0,2.0,0.0,1.0,0.0,0.0,0.0,0.0,1.3333333333333333,0.2222222222222222,0.4714045207910317,1.0
000178.png,0.0,5.0,0.0,1.0,0.0,1.0,0.0,0.0,0.0,0.0,2.3333333333333335,3.555555555555556,1.8856180831641267,4.0
000179.png,3.75,4.0,3.33,5.0,3.75,5.0,3.61,0.039199999999999985,0.19798989873223327,0.41999999999999993,4.666666666666667,0.22222222222222224,0.4714045207910317,1.0
000180.png,0.0,2.0,0.0,1.0,0.0,1.0,0.0,0.0,0.0,0.0,1.3333333333333333,0.2222222222222222,0.4714045207910317,1.0
000181.png,5.0,5.0,4.29,5.0,3.12,5.0,4.136666666666667,0.6008222222222223,0.7751272296998876,1.88,5.0,0.0,0.0,0.0
000182.png,4.29,3.0,3.33,3.0,3.12,3.0,3.58,0.2594,0.5093132631298738,1.17,3.0,0.0,0.0,0.0
000183.png,3.12,2.0,1.67,3.0,3.12,4.0,2.6366666666666667,0.46722222222222237,0.6835365551469961,1.4500000000000002,3.0,0.6666666666666666,0.816496580927726,2.0
000184.png,0.0,4.0,0.0,4.0,0.0,4.0,0.0,0.0,0.0,0.0,4.0,0.0,0.0,0.0
000185.png,5.0,3.0,5.0,3.0,3.89,3.0,4.63,0.27379999999999993,0.5232590180780451,1.1099999999999999,3.0,0.0,0.0,0.0
000186.png,3.33,4.0,2.22,4.0,1.11,4.0,2.22,0.8214,0.9063112048297759,2.2199999999999998,4.0,0.0,0.0,0.0
000187.png,2.78,3.0,2.22,3.0,1.67,4.0,2.223333333333333,0.2053555555555555,0.4531617322276402,1.1099999999999999,3.3333333333333335,0.22222222222222224,0.4714045207910317,1.0
000188.png,4.38,3.0,4.38,3.0,3.33,3.0,4.03,0.2449999999999999,0.4949747468305832,1.0499999999999998,3.0,0.0,0.0,0.0
000189.png,0.0,2.0,0.0,2.0,0.0,2.0,0.0,0.0,0.0,0.0,2.0,0.0,0.0,0.0
000190.png,4.17,5.0,5.0,5.0,5.0,4.0,4.723333333333334,0.1530888888888889,0.39126575225655635,0.8300000000000001,4.666666666666667,0.22222222222222224,0.4714045207910317,1.0
000191.png,4.17,5.0,5.0,5.0,3.75,5.0,4.306666666666667,0.2697555555555556,0.5193799722318484,1.25,5.0,0.0,0.0,0.0
000192.png,3.57,5.0,5.0,5.0,3.12,5.0,3.896666666666667,0.6424222222222222,0.8015124591809052,1.88,5.0,0.0,0.0,0.0
000193.png,4.17,5.0,5.0,4.0,5.0,3.0,4.723333333333334,0.1530888888888889,0.39126575225655635,0.8300000000000001,4.0,0.6666666666666666,0.816496580927726,2.0
000194.png,4.17,5.0,5.0,5.0,5.0,5.0,4.723333333333334,0.1530888888888889,0.39126575225655635,0.8300000000000001,5.0,0.0,0.0,0.0
000195.png,3.89,4.0,4.44,5.0,4.44,4.0,4.256666666666667,0.0672222222222223,0.25927248643506756,0.5500000000000003,4.333333333333333,0.22222222222222224,0.4714045207910317,1.0
000196.png,3.75,4.0,3.75,4.0,3.0,4.0,3.5,0.125,0.3535533905932738,0.75,4.0,0.0,0.0,0.0
000197.png,1.88,3.0,1.25,3.0,0.0,3.0,1.0433333333333332,0.6104222222222222,0.7812952209134664,1.88,3.0,0.0,0.0,0.0
000198.png,4.17,4.0,3.12,4.0,1.11,3.0,2.8000000000000003,1.6118,1.2695668552699382,3.0599999999999996,3.6666666666666665,0.22222222222222224,0.4714045207910317,1.0
000199.png,3.89,4.0,5.0,4.0,4.44,5.0,4.443333333333334,0.20535555555555549,0.4531617322276402,1.1099999999999999,4.333333333333333,0.22222222222222224,0.4714045207910317,1.0
000200.png,5.0,4.0,3.75,4.0,4.0,5.0,4.25,0.2916666666666667,0.5400617248673217,1.25,4.333333333333333,0.22222222222222224,0.4714045207910317,1.0
000201.png,5.0,5.0,5.0,5.0,4.29,5.0,4.763333333333333,0.1120222222222222,0.3346972097616325,0.71,5.0,0.0,0.0,0.0
000202.png,5.0,5.0,5.0,5.0,4.29,5.0,4.763333333333333,0.1120222222222222,0.3346972097616325,0.71,5.0,0.0,0.0,0.0
000203.png,5.0,4.0,5.0,5.0,3.75,5.0,4.583333333333333,0.34722222222222227,0.5892556509887896,1.25,4.666666666666667,0.22222222222222224,0.4714045207910317,1.0
000204.png,5.0,5.0,5.0,5.0,5.0,5.0,5.0,0.0,0.0,0.0,5.0,0.0,0.0,0.0
000205.png,3.75,3.0,5.0,4.0,4.17,3.0,4.306666666666667,0.2697555555555556,0.5193799722318484,1.25,3.3333333333333335,0.22222222222222224,0.4714045207910317,1.0
000206.png,2.86,2.0,2.86,3.0,3.57,3.0,3.0966666666666662,0.1120222222222222,0.3346972097616325,0.71,2.6666666666666665,0.22222222222222224,0.4714045207910317,1.0
000207.png,5.0,3.0,3.89,4.0,4.0,5.0,4.296666666666667,0.24935555555555552,0.4993551397107629,1.1099999999999999,4.0,0.6666666666666666,0.816496580927726,2.0
000208.png,5.0,4.0,5.0,5.0,5.0,5.0,5.0,0.0,0.0,0.0,4.666666666666667,0.22222222222222224,0.4714045207910317,1.0
000209.png,1.67,2.0,1.67,2.0,0.0,2.0,1.1133333333333333,0.6197555555555555,0.7872455497210229,1.67,2.0,0.0,0.0,0.0
000210.png,5.0,4.0,5.0,4.0,3.57,3.0,4.523333333333333,0.45442222222222234,0.6741084647311754,1.4300000000000002,3.6666666666666665,0.22222222222222224,0.4714045207910317,1.0
000211.png,5.0,5.0,3.57,4.0,3.57,3.0,4.046666666666667,0.45442222222222234,0.6741084647311754,1.4300000000000002,4.0,0.6666666666666666,0.816496580927726,2.0
000212.png,5.0,5.0,5.0,5.0,3.12,4.0,4.373333333333334,0.7854222222222221,0.8862404990871395,1.88,4.666666666666667,0.22222222222222224,0.4714045207910317,1.0
000213.png,5.0,4.0,5.0,5.0,5.0,5.0,5.0,0.0,0.0,0.0,4.666666666666667,0.22222222222222224,0.4714045207910317,1.0
000214.png,5.0,4.0,3.33,4.0,4.29,4.0,4.206666666666667,0.4682888888888889,0.6843163660828878,1.67,4.0,0.0,0.0,0.0
000215.png,5.0,5.0,5.0,5.0,5.0,5.0,5.0,0.0,0.0,0.0,5.0,0.0,0.0,0.0
000216.png,5.0,4.0,5.0,5.0,3.57,4.0,4.523333333333333,0.45442222222222234,0.6741084647311754,1.4300000000000002,4.333333333333333,0.22222222222222224,0.4714045207910317,1.0
000217.png,4.17,2.0,4.17,3.0,2.86,3.0,3.733333333333333,0.3813555555555556,0.6175399222362515,1.31,2.6666666666666665,0.22222222222222224,0.4714045207910317,1.0
000218.png,5.0,3.0,5.0,4.0,3.75,3.0,4.583333333333333,0.34722222222222227,0.5892556509887896,1.25,3.3333333333333335,0.22222222222222224,0.4714045207910317,1.0
000219.png,1.88,5.0,3.57,5.0,2.5,4.0,2.65,0.48726666666666657,0.698044888718961,1.69,4.666666666666667,0.22222222222222224,0.4714045207910317,1.0
000220.png,1.88,2.0,0.0,2.0,0.0,2.0,0.6266666666666666,0.7854222222222221,0.8862404990871395,1.88,2.0,0.0,0.0,0.0
000221.png,4.17,4.0,3.75,5.0,4.17,5.0,4.03,0.039199999999999985,0.19798989873223327,0.41999999999999993,4.666666666666667,0.22222222222222224,0.4714045207910317,1.0
000222.png,5.0,5.0,5.0,5.0,4.38,5.0,4.793333333333333,0.08542222222222225,0.29227080289043966,0.6200000000000001,5.0,0.0,0.0,0.0
000223.png,4.29,5.0,3.12,4.0,3.75,5.0,3.72,0.22859999999999994,0.47812132351527675,1.17,4.666666666666667,0.22222222222222224,0.4714045207910317,1.0
000224.png,5.0,5.0,4.38,5.0,4.38,5.0,4.586666666666666,0.08542222222222225,0.29227080289043966,0.6200000000000001,5.0,0.0,0.0,0.0
000225.png,5.0,3.0,3.75,4.0,5.0,4.0,4.583333333333333,0.34722222222222227,0.5892556509887896,1.25,3.6666666666666665,0.22222222222222224,0.4714045207910317,1.0
000226.png,5.0,5.0,5.0,5.0,4.38,5.0,4.793333333333333,0.08542222222222225,0.29227080289043966,0.6200000000000001,5.0,0.0,0.0,0.0
000227.png,4.29,4.0,4.29,4.0,3.75,4.0,4.11,0.06480000000000001,0.25455844122715715,0.54,4.0,0.0,0.0,0.0
000228.png,4.29,3.0,3.57,4.0,3.75,3.0,3.8699999999999997,0.09360000000000003,0.30594117081556715,0.7200000000000002,3.3333333333333335,0.22222222222222224,0.4714045207910317,1.0
000229.png,5.0,5.0,3.75,4.0,3.75,4.0,4.166666666666667,0.34722222222222227,0.5892556509887896,1.25,4.333333333333333,0.22222222222222224,0.4714045207910317,1.0
000230.png,4.38,4.0,4.38,4.0,5.0,5.0,4.586666666666667,0.08542222222222225,0.29227080289043966,0.6200000000000001,4.333333333333333,0.22222222222222224,0.4714045207910317,1.0
000231.png,3.57,4.0,5.0,5.0,5.0,5.0,4.523333333333333,0.45442222222222234,0.6741084647311754,1.4300000000000002,4.666666666666667,0.22222222222222224,0.4714045207910317,1.0
000232.png,5.0,4.0,3.12,4.0,5.0,5.0,4.373333333333334,0.7854222222222221,0.8862404990871395,1.88,4.333333333333333,0.22222222222222224,0.4714045207910317,1.0
000233.png,3.75,5.0,3.57,4.0,4.17,5.0,3.83,0.06320000000000002,0.25139610179953076,0.6000000000000001,4.666666666666667,0.22222222222222224,0.4714045207910317,1.0
000234.png,4.38,5.0,3.75,5.0,3.75,5.0,3.9599999999999995,0.08819999999999996,0.2969848480983499,0.6299999999999999,5.0,0.0,0.0,0.0
000235.png,3.75,4.0,4.38,4.0,3.75,3.0,3.9599999999999995,0.08819999999999996,0.2969848480983499,0.6299999999999999,3.6666666666666665,0.22222222222222224,0.4714045207910317,1.0
000236.png,2.86,5.0,2.86,5.0,3.75,5.0,3.1566666666666663,0.17602222222222227,0.41955002350401827,0.8900000000000001,5.0,0.0,0.0,0.0
000237.png,4.38,4.0,5.0,5.0,5.0,4.0,4.793333333333333,0.08542222222222225,0.29227080289043966,0.6200000000000001,4.333333333333333,0.22222222222222224,0.4714045207910317,1.0
000238.png,5.0,4.0,3.75,4.0,5.0,4.0,4.583333333333333,0.34722222222222227,0.5892556509887896,1.25,4.0,0.0,0.0,0.0
000239.png,5.0,5.0,5.0,5.0,3.12,5.0,4.373333333333334,0.7854222222222221,0.8862404990871395,1.88,5.0,0.0,0.0,0.0
000240.png,4.17,5.0,5.0,5.0,5.0,4.0,4.723333333333334,0.1530888888888889,0.39126575225655635,0.8300000000000001,4.666666666666667,0.22222222222222224,0.4714045207910317,1.0
000241.png,0.0,0.0,0.0,0.0,0.0,0.0,0.0,0.0,0.0,0.0,0.0,0.0,0.0,0.0
000242.png,5.0,5.0,5.0,5.0,4.17,4.0,4.723333333333334,0.1530888888888889,0.39126575225655635,0.8300000000000001,4.666666666666667,0.22222222222222224,0.4714045207910317,1.0
000243.png,5.0,4.0,3.33,4.0,4.0,4.0,4.11,0.4708666666666666,0.6861972505531239,1.67,4.0,0.0,0.0,0.0
000244.png,3.57,3.0,4.29,3.0,4.38,4.0,4.079999999999999,0.13140000000000004,0.36249137920783725,0.81,3.3333333333333335,0.22222222222222224,0.4714045207910317,1.0
000245.png,3.57,3.0,2.5,4.0,3.12,3.0,3.063333333333334,0.1924222222222222,0.43865957441075215,1.0699999999999998,3.3333333333333335,0.22222222222222224,0.4714045207910317,1.0
000246.png,4.0,4.0,5.0,4.0,4.0,4.0,4.333333333333333,0.22222222222222224,0.4714045207910317,1.0,4.0,0.0,0.0,0.0
000247.png,3.0,3.0,2.5,3.0,1.88,2.0,2.46,0.20986666666666673,0.4581120678029195,1.12,2.6666666666666665,0.22222222222222224,0.4714045207910317,1.0
000248.png,3.75,3.0,4.38,4.0,4.38,4.0,4.169999999999999,0.08819999999999999,0.29698484809834996,0.6299999999999999,3.6666666666666665,0.22222222222222224,0.4714045207910317,1.0
000249.png,5.0,4.0,4.17,4.0,3.57,3.0,4.246666666666667,0.3437555555555556,0.5863067077524831,1.4300000000000002,3.6666666666666665,0.22222222222222224,0.4714045207910317,1.0
000250.png,0.0,3.0,0.0,2.0,0.0,2.0,0.0,0.0,0.0,0.0,2.3333333333333335,0.22222222222222224,0.4714045207910317,1.0
000251.png,5.0,4.0,5.0,4.0,4.0,4.0,4.666666666666667,0.22222222222222224,0.4714045207910317,1.0,4.0,0.0,0.0,0.0
000252.png,5.0,5.0,5.0,5.0,4.17,5.0,4.723333333333334,0.1530888888888889,0.39126575225655635,0.8300000000000001,5.0,0.0,0.0,0.0
000253.png,5.0,5.0,5.0,5.0,5.0,5.0,5.0,0.0,0.0,0.0,5.0,0.0,0.0,0.0
000254.png,5.0,5.0,5.0,5.0,3.33,5.0,4.443333333333333,0.6197555555555555,0.7872455497210229,1.67,5.0,0.0,0.0,0.0
000255.png,4.17,4.0,4.17,4.0,5.0,4.0,4.446666666666666,0.1530888888888889,0.39126575225655635,0.8300000000000001,4.0,0.0,0.0,0.0
000256.png,5.0,4.0,5.0,5.0,4.29,5.0,4.763333333333333,0.1120222222222222,0.3346972097616325,0.71,4.666666666666667,0.22222222222222224,0.4714045207910317,1.0
000257.png,4.0,5.0,4.0,4.0,3.33,3.0,3.776666666666667,0.09975555555555553,0.31584102892999116,0.6699999999999999,4.0,0.6666666666666666,0.816496580927726,2.0
000258.png,5.0,4.0,4.17,3.0,3.57,3.0,4.246666666666667,0.3437555555555556,0.5863067077524831,1.4300000000000002,3.3333333333333335,0.22222222222222224,0.4714045207910317,1.0
000259.png,5.0,4.0,5.0,3.0,4.29,4.0,4.763333333333333,0.1120222222222222,0.3346972097616325,0.71,3.6666666666666665,0.22222222222222224,0.4714045207910317,1.0
000260.png,3.33,5.0,5.0,5.0,3.75,4.0,4.026666666666666,0.5030888888888888,0.7092875925101811,1.67,4.666666666666667,0.22222222222222224,0.4714045207910317,1.0
000261.png,3.57,3.0,5.0,4.0,3.75,3.0,4.1066666666666665,0.40442222222222224,0.6359419959573532,1.4300000000000002,3.3333333333333335,0.22222222222222224,0.4714045207910317,1.0
000262.png,5.0,4.0,4.38,4.0,5.0,5.0,4.793333333333333,0.08542222222222225,0.29227080289043966,0.6200000000000001,4.333333333333333,0.22222222222222224,0.4714045207910317,1.0
000263.png,3.12,3.0,3.75,4.0,3.12,4.0,3.33,0.08819999999999996,0.2969848480983499,0.6299999999999999,3.6666666666666665,0.22222222222222224,0.4714045207910317,1.0
000264.png,5.0,5.0,4.17,4.0,4.17,4.0,4.446666666666666,0.1530888888888889,0.39126575225655635,0.8300000000000001,4.333333333333333,0.22222222222222224,0.4714045207910317,1.0
000265.png,5.0,5.0,5.0,4.0,5.0,5.0,5.0,0.0,0.0,0.0,4.666666666666667,0.22222222222222224,0.4714045207910317,1.0
000266.png,5.0,4.0,5.0,5.0,5.0,5.0,5.0,0.0,0.0,0.0,4.666666666666667,0.22222222222222224,0.4714045207910317,1.0
000267.png,5.0,4.0,3.75,4.0,3.12,3.0,3.956666666666667,0.6104222222222221,0.7812952209134663,1.88,3.6666666666666665,0.22222222222222224,0.4714045207910317,1.0
000268.png,5.0,4.0,5.0,5.0,3.33,4.0,4.443333333333333,0.6197555555555555,0.7872455497210229,1.67,4.333333333333333,0.22222222222222224,0.4714045207910317,1.0
000269.png,5.0,4.0,5.0,5.0,4.38,5.0,4.793333333333333,0.08542222222222225,0.29227080289043966,0.6200000000000001,4.666666666666667,0.22222222222222224,0.4714045207910317,1.0
000270.png,4.5,4.0,4.5,5.0,5.0,5.0,4.666666666666667,0.05555555555555555,0.23570226039551584,0.5,4.666666666666667,0.22222222222222224,0.4714045207910317,1.0
000271.png,5.0,4.0,5.0,4.0,4.0,4.0,4.666666666666667,0.22222222222222224,0.4714045207910317,1.0,4.0,0.0,0.0,0.0
000272.png,5.0,4.0,5.0,5.0,3.5,5.0,4.5,0.5,0.7071067811865476,1.5,4.666666666666667,0.22222222222222224,0.4714045207910317,1.0
000273.png,5.0,3.0,3.75,4.0,3.57,3.0,4.1066666666666665,0.40442222222222224,0.6359419959573532,1.4300000000000002,3.3333333333333335,0.22222222222222224,0.4714045207910317,1.0
000274.png,5.0,3.0,3.12,4.0,3.57,3.0,3.896666666666667,0.6424222222222222,0.8015124591809052,1.88,3.3333333333333335,0.22222222222222224,0.4714045207910317,1.0
000275.png,5.0,4.0,3.89,4.0,3.75,4.0,4.213333333333334,0.31268888888888885,0.5591859162111371,1.25,4.0,0.0,0.0,0.0
000276.png,5.0,3.0,4.44,4.0,5.0,4.0,4.8133333333333335,0.06968888888888879,0.26398653164297753,0.5599999999999996,3.6666666666666665,0.22222222222222224,0.4714045207910317,1.0
000277.png,0.83,4.0,1.88,3.0,0.0,3.0,0.9033333333333333,0.5917555555555555,0.7692564952963059,1.88,3.3333333333333335,0.22222222222222224,0.4714045207910317,1.0
000278.png,5.0,5.0,3.89,4.0,4.44,3.0,4.443333333333334,0.20535555555555549,0.4531617322276402,1.1099999999999999,4.0,0.6666666666666666,0.816496580927726,2.0
000279.png,1.5,2.0,0.0,2.0,0.0,2.0,0.5,0.5,0.7071067811865476,1.5,2.0,0.0,0.0,0.0
000280.png,5.0,4.0,5.0,3.0,5.0,4.0,5.0,0.0,0.0,0.0,3.6666666666666665,0.22222222222222224,0.4714045207910317,1.0
000281.png,3.33,3.0,3.33,3.0,3.33,3.0,3.33,0.0,0.0,0.0,3.0,0.0,0.0,0.0
000282.png,5.0,5.0,4.44,4.0,3.33,5.0,4.256666666666667,0.4816222222222222,0.6939900735761443,1.67,4.666666666666667,0.22222222222222224,0.4714045207910317,1.0
000283.png,4.44,5.0,5.0,4.0,3.33,4.0,4.256666666666667,0.4816222222222222,0.6939900735761443,1.67,4.333333333333333,0.22222222222222224,0.4714045207910317,1.0
000284.png,5.0,5.0,5.0,5.0,3.33,4.0,4.443333333333333,0.6197555555555555,0.7872455497210229,1.67,4.666666666666667,0.22222222222222224,0.4714045207910317,1.0
000285.png,1.67,4.0,1.25,2.0,0.0,1.0,0.9733333333333333,0.5030888888888888,0.7092875925101811,1.67,2.3333333333333335,1.5555555555555554,1.247219128924647,3.0
000286.png,2.5,2.0,2.14,2.0,2.22,1.0,2.286666666666667,0.023822222222222203,0.15434449203720293,0.3599999999999999,1.6666666666666667,0.2222222222222222,0.4714045207910317,1.0
000287.png,5.0,5.0,5.0,5.0,4.44,5.0,4.8133333333333335,0.06968888888888879,0.26398653164297753,0.5599999999999996,5.0,0.0,0.0,0.0
000288.png,4.0,4.0,4.0,3.0,2.5,3.0,3.5,0.5,0.7071067811865476,1.5,3.3333333333333335,0.22222222222222224,0.4714045207910317,1.0
000289.png,4.38,4.0,4.29,3.0,3.33,3.0,4.0,0.22579999999999992,0.47518417482066877,1.0499999999999998,3.3333333333333335,0.22222222222222224,0.4714045207910317,1.0
000290.png,3.33,4.0,3.12,3.0,3.33,2.0,3.2600000000000002,0.009799999999999996,0.09899494936611664,0.20999999999999996,3.0,0.6666666666666666,0.816496580927726,2.0
000291.png,2.78,3.0,1.11,4.0,1.67,4.0,1.8533333333333333,0.481622222222222,0.6939900735761442,1.6699999999999997,3.6666666666666665,0.22222222222222224,0.4714045207910317,1.0
000292.png,3.0,3.0,2.0,4.0,3.75,4.0,2.9166666666666665,0.5138888888888888,0.7168604389202189,1.75,3.6666666666666665,0.22222222222222224,0.4714045207910317,1.0
000293.png,5.0,4.0,3.75,5.0,3.0,5.0,3.9166666666666665,0.6805555555555555,0.8249579113843054,2.0,4.666666666666667,0.22222222222222224,0.4714045207910317,1.0
000294.png,4.17,4.0,4.38,4.0,2.86,4.0,3.8033333333333332,0.4522888888888889,0.6725242663940751,1.52,4.0,0.0,0.0,0.0
000295.png,3.75,4.0,3.0,3.0,3.75,4.0,3.5,0.125,0.3535533905932738,0.75,3.6666666666666665,0.22222222222222224,0.4714045207910317,1.0
000296.png,2.14,3.0,2.5,4.0,2.22,3.0,2.286666666666667,0.023822222222222203,0.15434449203720293,0.3599999999999999,3.3333333333333335,0.22222222222222224,0.4714045207910317,1.0
000297.png,3.33,4.0,5.0,4.0,5.0,3.0,4.443333333333333,0.6197555555555555,0.7872455497210229,1.67,3.6666666666666665,0.22222222222222224,0.4714045207910317,1.0
000298.png,5.0,5.0,3.75,5.0,3.33,5.0,4.026666666666666,0.5030888888888888,0.7092875925101811,1.67,5.0,0.0,0.0,0.0
000299.png,5.0,5.0,4.0,5.0,3.33,5.0,4.11,0.4708666666666666,0.6861972505531239,1.67,5.0,0.0,0.0,0.0
000300.png,5.0,4.0,5.0,5.0,5.0,5.0,5.0,0.0,0.0,0.0,4.666666666666667,0.22222222222222224,0.4714045207910317,1.0
000301.png,3.75,3.0,3.33,4.0,2.86,3.0,3.313333333333333,0.1321555555555556,0.363532055746884,0.8900000000000001,3.3333333333333335,0.22222222222222224,0.4714045207910317,1.0
000302.png,4.38,4.0,4.38,5.0,3.5,4.0,4.086666666666667,0.17208888888888885,0.41483597829610785,0.8799999999999999,4.333333333333333,0.22222222222222224,0.4714045207910317,1.0
000303.png,4.5,4.0,4.38,4.0,3.5,5.0,4.126666666666666,0.19875555555555555,0.44582009326134636,1.0,4.333333333333333,0.22222222222222224,0.4714045207910317,1.0
000304.png,2.78,3.0,1.25,4.0,1.0,3.0,1.6766666666666665,0.6190888888888887,0.7868220185587644,1.7799999999999998,3.3333333333333335,0.22222222222222224,0.4714045207910317,1.0
000305.png,4.38,5.0,4.17,4.0,4.17,4.0,4.24,0.009799999999999996,0.09899494936611664,0.20999999999999996,4.333333333333333,0.22222222222222224,0.4714045207910317,1.0
000306.png,5.0,5.0,3.5,4.0,2.0,5.0,3.5,1.5,1.224744871391589,3.0,4.666666666666667,0.22222222222222224,0.4714045207910317,1.0
000307.png,4.17,4.0,4.0,4.0,5.0,4.0,4.39,0.19086666666666666,0.4368828981164937,1.0,4.0,0.0,0.0,0.0
000308.png,4.44,3.0,4.44,4.0,3.0,4.0,3.9600000000000004,0.46080000000000026,0.6788225099390858,1.4400000000000004,3.6666666666666665,0.22222222222222224,0.4714045207910317,1.0
000309.png,5.0,4.0,5.0,5.0,4.29,5.0,4.763333333333333,0.1120222222222222,0.3346972097616325,0.71,4.666666666666667,0.22222222222222224,0.4714045207910317,1.0
000310.png,4.44,5.0,4.44,5.0,4.44,4.0,4.44,0.0,0.0,0.0,4.666666666666667,0.22222222222222224,0.4714045207910317,1.0
000311.png,2.5,2.0,1.67,3.0,1.25,3.0,1.8066666666666666,0.2697555555555556,0.5193799722318484,1.25,2.6666666666666665,0.22222222222222224,0.4714045207910317,1.0
000312.png,4.44,5.0,3.89,5.0,3.33,5.0,3.8866666666666667,0.20535555555555565,0.4531617322276404,1.1100000000000003,5.0,0.0,0.0,0.0
000313.png,0.0,1.0,0.0,0.0,0.0,0.0,0.0,0.0,0.0,0.0,0.3333333333333333,0.22222222222222224,0.4714045207910317,1.0
000314.png,4.44,4.0,4.44,5.0,2.78,5.0,3.8866666666666667,0.6123555555555561,0.7825315045131129,1.6600000000000006,4.666666666666667,0.22222222222222224,0.4714045207910317,1.0
000315.png,5.0,5.0,3.89,5.0,2.78,5.0,3.89,0.8214000000000001,0.906311204829776,2.22,5.0,0.0,0.0,0.0
000316.png,3.89,5.0,3.33,5.0,3.33,4.0,3.516666666666667,0.0696888888888889,0.26398653164297775,0.56,4.666666666666667,0.22222222222222224,0.4714045207910317,1.0
000317.png,4.0,4.0,4.0,4.0,5.0,3.0,4.333333333333333,0.22222222222222224,0.4714045207910317,1.0,3.6666666666666665,0.22222222222222224,0.4714045207910317,1.0
000318.png,3.33,3.0,2.5,4.0,1.88,3.0,2.57,0.3528666666666667,0.5940258131316069,1.4500000000000002,3.3333333333333335,0.22222222222222224,0.4714045207910317,1.0
000319.png,3.12,2.0,3.12,2.0,3.12,2.0,3.1199999999999997,1.9721522630525295e-31,4.440892098500626e-16,0.0,2.0,0.0,0.0,0.0
000320.png,2.14,3.0,2.86,4.0,2.0,4.0,2.3333333333333335,0.1419555555555555,0.37676989735852773,0.8599999999999999,3.6666666666666665,0.22222222222222224,0.4714045207910317,1.0
000321.png,2.86,4.0,2.86,5.0,2.86,5.0,2.86,0.0,0.0,0.0,4.666666666666667,0.22222222222222224,0.4714045207910317,1.0
000322.png,2.86,4.0,2.86,5.0,2.86,5.0,2.86,0.0,0.0,0.0,4.666666666666667,0.22222222222222224,0.4714045207910317,1.0
000323.png,2.14,2.0,2.86,3.0,1.43,3.0,2.143333333333333,0.34082222222222214,0.5837998134825174,1.43,2.6666666666666665,0.22222222222222224,0.4714045207910317,1.0
000324.png,3.57,4.0,5.0,5.0,3.57,5.0,4.046666666666667,0.45442222222222234,0.6741084647311754,1.4300000000000002,4.666666666666667,0.22222222222222224,0.4714045207910317,1.0
000325.png,3.0,4.0,4.0,4.0,2.14,3.0,3.046666666666667,0.5776888888888888,0.7600584772824317,1.8599999999999999,3.6666666666666665,0.22222222222222224,0.4714045207910317,1.0
000326.png,1.0,1.0,0.0,0.0,1.43,1.0,0.8099999999999999,0.35886666666666667,0.5990548110704618,1.43,0.6666666666666666,0.22222222222222224,0.4714045207910317,1.0
000327.png,3.75,4.0,3.75,5.0,2.86,4.0,3.453333333333333,0.17602222222222227,0.41955002350401827,0.8900000000000001,4.333333333333333,0.22222222222222224,0.4714045207910317,1.0
000328.png,3.57,4.0,5.0,5.0,4.29,5.0,4.286666666666666,0.3408222222222223,0.5837998134825175,1.4300000000000002,4.666666666666667,0.22222222222222224,0.4714045207910317,1.0
000329.png,2.86,2.0,2.14,3.0,1.43,3.0,2.143333333333333,0.34082222222222214,0.5837998134825174,1.43,2.6666666666666665,0.22222222222222224,0.4714045207910317,1.0
000330.png,2.86,2.0,2.86,2.0,2.14,2.0,2.6199999999999997,0.11519999999999991,0.33941125496954266,0.7199999999999998,2.0,0.0,0.0,0.0
000331.png,3.57,5.0,3.57,5.0,2.86,4.0,3.3333333333333335,0.1120222222222222,0.3346972097616325,0.71,4.666666666666667,0.22222222222222224,0.4714045207910317,1.0
000332.png,3.33,2.0,1.43,3.0,1.43,2.0,2.063333333333333,0.8022222222222224,0.8956685895029602,1.9000000000000001,2.3333333333333335,0.22222222222222224,0.4714045207910317,1.0
000333.png,3.33,2.0,3.0,2.0,1.43,2.0,2.5866666666666664,0.687088888888889,0.8289082511888086,1.9000000000000001,2.0,0.0,0.0,0.0
000334.png,0.0,2.0,0.0,1.0,0.0,0.0,0.0,0.0,0.0,0.0,1.0,0.6666666666666666,0.816496580927726,2.0
000335.png,3.57,5.0,5.0,5.0,3.57,4.0,4.046666666666667,0.45442222222222234,0.6741084647311754,1.4300000000000002,4.666666666666667,0.22222222222222224,0.4714045207910317,1.0
000336.png,4.29,4.0,4.29,5.0,3.57,4.0,4.05,0.11520000000000007,0.3394112549695429,0.7200000000000002,4.333333333333333,0.22222222222222224,0.4714045207910317,1.0
000337.png,0.0,2.0,0.0,1.0,0.0,0.0,0.0,0.0,0.0,0.0,1.0,0.6666666666666666,0.816496580927726,2.0
000338.png,3.0,4.0,3.33,4.0,3.0,4.0,3.11,0.02420000000000001,0.1555634918610405,0.33000000000000007,4.0,0.0,0.0,0.0
000339.png,2.86,5.0,3.75,5.0,2.86,4.0,3.1566666666666663,0.17602222222222227,0.41955002350401827,0.8900000000000001,4.666666666666667,0.22222222222222224,0.4714045207910317,1.0
000340.png,4.29,3.0,3.57,3.0,4.29,4.0,4.05,0.11520000000000007,0.3394112549695429,0.7200000000000002,3.3333333333333335,0.22222222222222224,0.4714045207910317,1.0
000341.png,5.0,5.0,5.0,5.0,4.29,4.0,4.763333333333333,0.1120222222222222,0.3346972097616325,0.71,4.666666666666667,0.22222222222222224,0.4714045207910317,1.0
000342.png,4.29,3.0,4.29,3.0,4.29,3.0,4.29,0.0,0.0,0.0,3.0,0.0,0.0,0.0
000343.png,5.0,5.0,5.0,5.0,4.29,4.0,4.763333333333333,0.1120222222222222,0.3346972097616325,0.71,4.666666666666667,0.22222222222222224,0.4714045207910317,1.0
000344.png,5.0,5.0,5.0,5.0,4.29,5.0,4.763333333333333,0.1120222222222222,0.3346972097616325,0.71,5.0,0.0,0.0,0.0
000345.png,5.0,5.0,5.0,5.0,5.0,5.0,5.0,0.0,0.0,0.0,5.0,0.0,0.0,0.0
000346.png,4.29,3.0,3.57,3.0,3.57,4.0,3.81,0.11520000000000007,0.3394112549695429,0.7200000000000002,3.3333333333333335,0.22222222222222224,0.4714045207910317,1.0
000347.png,3.0,4.0,2.14,4.0,2.14,4.0,2.426666666666667,0.1643555555555555,0.4054078878802872,0.8599999999999999,4.0,0.0,0.0,0.0
000348.png,0.0,1.0,0.0,0.0,0.0,1.0,0.0,0.0,0.0,0.0,0.6666666666666666,0.22222222222222224,0.4714045207910317,1.0
000349.png,5.0,5.0,3.57,4.0,5.0,5.0,4.523333333333333,0.45442222222222234,0.6741084647311754,1.4300000000000002,4.666666666666667,0.22222222222222224,0.4714045207910317,1.0
000350.png,4.38,5.0,5.0,5.0,4.44,5.0,4.6066666666666665,0.07795555555555554,0.2792052212182923,0.6200000000000001,5.0,0.0,0.0,0.0
000351.png,3.89,4.0,5.0,5.0,4.44,5.0,4.443333333333334,0.20535555555555549,0.4531617322276402,1.1099999999999999,4.666666666666667,0.22222222222222224,0.4714045207910317,1.0
000352.png,4.17,2.0,5.0,2.0,4.17,1.0,4.446666666666666,0.1530888888888889,0.39126575225655635,0.8300000000000001,1.6666666666666667,0.2222222222222222,0.4714045207910317,1.0
000353.png,5.0,2.0,4.38,3.0,5.0,3.0,4.793333333333333,0.08542222222222225,0.29227080289043966,0.6200000000000001,2.6666666666666665,0.22222222222222224,0.4714045207910317,1.0
000354.png,3.89,5.0,5.0,5.0,3.89,5.0,4.260000000000001,0.2738,0.5232590180780452,1.1099999999999999,5.0,0.0,0.0,0.0
000355.png,1.43,1.0,0.0,1.0,0.0,0.0,0.4766666666666666,0.4544222222222222,0.6741084647311754,1.43,0.6666666666666666,0.22222222222222224,0.4714045207910317,1.0
000356.png,2.78,5.0,2.78,5.0,3.89,5.0,3.15,0.27380000000000015,0.5232590180780453,1.1100000000000003,5.0,0.0,0.0,0.0
000357.png,3.33,1.0,3.33,1.0,3.33,1.0,3.33,0.0,0.0,0.0,1.0,0.0,0.0,0.0
000358.png,0.0,1.0,0.0,1.0,0.0,0.0,0.0,0.0,0.0,0.0,0.6666666666666666,0.22222222222222224,0.4714045207910317,1.0
000359.png,3.75,5.0,5.0,4.0,3.33,4.0,4.026666666666666,0.5030888888888888,0.7092875925101811,1.67,4.333333333333333,0.22222222222222224,0.4714045207910317,1.0
000360.png,4.38,5.0,5.0,5.0,4.44,5.0,4.6066666666666665,0.07795555555555554,0.2792052212182923,0.6200000000000001,5.0,0.0,0.0,0.0
000361.png,4.38,3.0,2.78,4.0,3.33,4.0,3.4966666666666666,0.4405555555555556,0.6637435917246626,1.6,3.6666666666666665,0.22222222222222224,0.4714045207910317,1.0
000362.png,1.25,3.0,1.67,3.0,0.0,2.0,0.9733333333333333,0.5030888888888888,0.7092875925101811,1.67,2.6666666666666665,0.22222222222222224,0.4714045207910317,1.0
000363.png,4.44,3.0,3.75,4.0,4.44,3.0,4.210000000000001,0.10580000000000012,0.32526911934581204,0.6900000000000004,3.3333333333333335,0.22222222222222224,0.4714045207910317,1.0
000364.png,3.75,3.0,3.89,4.0,4.44,4.0,4.026666666666667,0.088688888888889,0.2978067979225609,0.6900000000000004,3.6666666666666665,0.22222222222222224,0.4714045207910317,1.0
000365.png,3.89,3.0,2.86,4.0,3.89,4.0,3.546666666666667,0.2357555555555557,0.48554665641476275,1.0300000000000002,3.6666666666666665,0.22222222222222224,0.4714045207910317,1.0
000366.png,4.38,4.0,5.0,4.0,3.89,4.0,4.423333333333333,0.20628888888888885,0.454190366354119,1.1099999999999999,4.0,0.0,0.0,0.0
000367.png,3.57,4.0,4.44,4.0,2.78,4.0,3.5966666666666662,0.45962222222222254,0.6779544396360441,1.6600000000000006,4.0,0.0,0.0,0.0
000368.png,4.38,5.0,4.38,5.0,5.0,5.0,4.586666666666667,0.08542222222222225,0.29227080289043966,0.6200000000000001,5.0,0.0,0.0,0.0
000369.png,4.0,4.0,3.75,4.0,3.0,4.0,3.5833333333333335,0.18055555555555558,0.42491829279939874,1.0,4.0,0.0,0.0,0.0
000370.png,3.33,4.0,3.75,4.0,2.78,4.0,3.2866666666666666,0.15775555555555562,0.39718453589679903,0.9700000000000002,4.0,0.0,0.0,0.0
000371.png,2.86,5.0,2.5,5.0,1.67,5.0,2.3433333333333333,0.24828888888888886,0.49828595092465616,1.19,5.0,0.0,0.0,0.0
000372.png,5.0,4.0,5.0,4.0,5.0,5.0,5.0,0.0,0.0,0.0,4.333333333333333,0.22222222222222224,0.4714045207910317,1.0
000373.png,3.33,3.0,1.88,3.0,2.78,3.0,2.6633333333333336,0.35722222222222233,0.5976807025680371,1.4500000000000002,3.0,0.0,0.0,0.0
000374.png,3.33,4.0,1.88,4.0,3.33,3.0,2.8466666666666662,0.46722222222222237,0.6835365551469961,1.4500000000000002,3.6666666666666665,0.22222222222222224,0.4714045207910317,1.0
000375.png,5.0,4.0,3.75,4.0,3.89,5.0,4.213333333333334,0.31268888888888885,0.5591859162111371,1.25,4.333333333333333,0.22222222222222224,0.4714045207910317,1.0
000376.png,3.89,4.0,3.12,3.0,2.78,4.0,3.263333333333333,0.2156222222222223,0.4643513995049679,1.1100000000000003,3.6666666666666665,0.22222222222222224,0.4714045207910317,1.0
000377.png,4.29,4.0,3.75,4.0,2.78,4.0,3.606666666666666,0.3902888888888891,0.6247310532452257,1.5100000000000002,4.0,0.0,0.0,0.0
000378.png,5.0,4.0,3.75,5.0,3.89,5.0,4.213333333333334,0.31268888888888885,0.5591859162111371,1.25,4.666666666666667,0.22222222222222224,0.4714045207910317,1.0
000379.png,5.0,4.0,2.22,3.0,1.11,3.0,2.776666666666667,2.6769555555555553,1.636140444936056,3.8899999999999997,3.3333333333333335,0.22222222222222224,0.4714045207910317,1.0
000380.png,3.33,4.0,2.22,4.0,3.33,5.0,2.9600000000000004,0.2738,0.5232590180780452,1.1099999999999999,4.333333333333333,0.22222222222222224,0.4714045207910317,1.0
000381.png,1.88,2.0,1.88,3.0,1.67,3.0,1.8099999999999998,0.009799999999999996,0.09899494936611664,0.20999999999999996,2.6666666666666665,0.22222222222222224,0.4714045207910317,1.0
000382.png,5.0,3.0,5.0,3.0,4.44,4.0,4.8133333333333335,0.06968888888888879,0.26398653164297753,0.5599999999999996,3.3333333333333335,0.22222222222222224,0.4714045207910317,1.0
000383.png,3.33,2.0,3.57,3.0,1.67,3.0,2.856666666666667,0.7136888888888889,0.8448010942753856,1.9,2.6666666666666665,0.22222222222222224,0.4714045207910317,1.0
000384.png,0.0,4.0,3.33,4.0,3.33,4.0,2.22,2.4642000000000004,1.5697770542341356,3.33,4.0,0.0,0.0,0.0
000385.png,5.0,3.0,4.29,4.0,5.0,4.0,4.763333333333333,0.1120222222222222,0.3346972097616325,0.71,3.6666666666666665,0.22222222222222224,0.4714045207910317,1.0
000386.png,2.78,3.0,1.43,3.0,2.5,3.0,2.236666666666667,0.3384222222222222,0.5817406829698454,1.3499999999999999,3.0,0.0,0.0,0.0
000387.png,4.44,3.0,5.0,4.0,3.33,5.0,4.256666666666667,0.4816222222222222,0.6939900735761443,1.67,4.0,0.6666666666666666,0.816496580927726,2.0
000388.png,3.89,4.0,3.89,4.0,2.78,4.0,3.52,0.27380000000000015,0.5232590180780453,1.1100000000000003,4.0,0.0,0.0,0.0
000389.png,3.57,4.0,2.14,4.0,2.5,5.0,2.736666666666667,0.3688222222222221,0.6073073539997866,1.4299999999999997,4.333333333333333,0.22222222222222224,0.4714045207910317,1.0
000390.png,5.0,4.0,4.29,4.0,3.89,5.0,4.3933333333333335,0.21068888888888884,0.45900859348043677,1.1099999999999999,4.333333333333333,0.22222222222222224,0.4714045207910317,1.0
000391.png,2.5,3.0,2.5,4.0,2.78,4.0,2.5933333333333333,0.017422222222222197,0.13199326582148876,0.2799999999999998,3.6666666666666665,0.22222222222222224,0.4714045207910317,1.0
000392.png,4.0,4.0,2.5,3.0,2.78,4.0,3.0933333333333333,0.42408888888888896,0.651221075280038,1.5,3.6666666666666665,0.22222222222222224,0.4714045207910317,1.0
000393.png,2.78,4.0,2.78,4.0,2.22,3.0,2.5933333333333333,0.06968888888888879,0.26398653164297753,0.5599999999999996,3.6666666666666665,0.22222222222222224,0.4714045207910317,1.0
000394.png,3.0,3.0,1.67,3.0,1.67,3.0,2.1133333333333333,0.3930888888888889,0.6269680126520721,1.33,3.0,0.0,0.0,0.0
000395.png,4.44,4.0,4.44,4.0,4.44,5.0,4.44,0.0,0.0,0.0,4.333333333333333,0.22222222222222224,0.4714045207910317,1.0
000396.png,3.0,3.0,1.11,3.0,1.11,4.0,1.7400000000000002,0.7938,0.8909545442950498,1.89,3.3333333333333335,0.22222222222222224,0.4714045207910317,1.0
000397.png,2.14,4.0,0.56,5.0,0.0,4.0,0.9,0.8210666666666668,0.9061272905429274,2.14,4.333333333333333,0.22222222222222224,0.4714045207910317,1.0
000398.png,1.67,4.0,0.0,5.0,0.0,5.0,0.5566666666666666,0.6197555555555555,0.7872455497210229,1.67,4.666666666666667,0.22222222222222224,0.4714045207910317,1.0
000399.png,3.89,4.0,2.78,3.0,2.78,4.0,3.15,0.2738000000000001,0.5232590180780453,1.1100000000000003,3.6666666666666665,0.22222222222222224,0.4714045207910317,1.0
000400.png,0.0,3.0,0.0,2.0,0.0,3.0,0.0,0.0,0.0,0.0,2.6666666666666665,0.22222222222222224,0.4714045207910317,1.0
000401.png,4.38,5.0,5.0,5.0,5.0,4.0,4.793333333333333,0.08542222222222225,0.29227080289043966,0.6200000000000001,4.666666666666667,0.22222222222222224,0.4714045207910317,1.0
000402.png,0.0,2.0,0.0,3.0,0.0,2.0,0.0,0.0,0.0,0.0,2.3333333333333335,0.22222222222222224,0.4714045207910317,1.0
000403.png,0.0,2.0,0.0,3.0,0.0,2.0,0.0,0.0,0.0,0.0,2.3333333333333335,0.22222222222222224,0.4714045207910317,1.0
000404.png,3.75,5.0,5.0,4.0,3.89,5.0,4.213333333333334,0.31268888888888885,0.5591859162111371,1.25,4.666666666666667,0.22222222222222224,0.4714045207910317,1.0
000405.png,3.89,5.0,5.0,5.0,3.33,5.0,4.073333333333333,0.4816222222222222,0.6939900735761443,1.67,5.0,0.0,0.0,0.0
000406.png,0.0,3.0,0.0,3.0,0.0,3.0,0.0,0.0,0.0,0.0,3.0,0.0,0.0,0.0
000407.png,0.0,1.0,0.0,1.0,0.0,0.0,0.0,0.0,0.0,0.0,0.6666666666666666,0.22222222222222224,0.4714045207910317,1.0
000408.png,4.17,4.0,5.0,5.0,3.33,4.0,4.166666666666667,0.4648222222222222,0.6817787193967132,1.67,4.333333333333333,0.22222222222222224,0.4714045207910317,1.0
000409.png,4.0,4.0,5.0,4.0,4.17,4.0,4.39,0.19086666666666666,0.4368828981164937,1.0,4.0,0.0,0.0,0.0
000410.png,5.0,5.0,5.0,4.0,4.44,5.0,4.8133333333333335,0.06968888888888879,0.26398653164297753,0.5599999999999996,4.666666666666667,0.22222222222222224,0.4714045207910317,1.0
000411.png,5.0,5.0,5.0,5.0,4.44,5.0,4.8133333333333335,0.06968888888888879,0.26398653164297753,0.5599999999999996,5.0,0.0,0.0,0.0
000412.png,0.0,1.0,0.0,2.0,0.0,2.0,0.0,0.0,0.0,0.0,1.6666666666666667,0.2222222222222222,0.4714045207910317,1.0
000413.png,3.12,3.0,3.33,3.0,2.22,3.0,2.89,0.23179999999999992,0.4814561246884288,1.1099999999999999,3.0,0.0,0.0,0.0
000414.png,0.0,2.0,0.0,2.0,0.0,2.0,0.0,0.0,0.0,0.0,2.0,0.0,0.0,0.0
000415.png,5.0,5.0,5.0,5.0,4.44,5.0,4.8133333333333335,0.06968888888888879,0.26398653164297753,0.5599999999999996,5.0,0.0,0.0,0.0
000416.png,1.25,1.0,1.11,2.0,0.0,1.0,0.7866666666666667,0.3126888888888889,0.5591859162111371,1.25,1.3333333333333333,0.2222222222222222,0.4714045207910317,1.0
000417.png,5.0,4.0,5.0,5.0,4.44,5.0,4.8133333333333335,0.06968888888888879,0.26398653164297753,0.5599999999999996,4.666666666666667,0.22222222222222224,0.4714045207910317,1.0
000418.png,4.29,5.0,5.0,5.0,3.89,5.0,4.3933333333333335,0.21068888888888884,0.45900859348043677,1.1099999999999999,5.0,0.0,0.0,0.0
000419.png,0.0,3.0,0.0,2.0,0.0,3.0,0.0,0.0,0.0,0.0,2.6666666666666665,0.22222222222222224,0.4714045207910317,1.0
000420.png,4.38,5.0,5.0,5.0,3.89,4.0,4.423333333333333,0.20628888888888885,0.454190366354119,1.1099999999999999,4.666666666666667,0.22222222222222224,0.4714045207910317,1.0
000421.png,4.38,5.0,3.33,5.0,4.44,4.0,4.05,0.2598000000000001,0.5097057974949865,1.1100000000000003,4.666666666666667,0.22222222222222224,0.4714045207910317,1.0
000422.png,4.38,5.0,5.0,5.0,3.89,4.0,4.423333333333333,0.20628888888888885,0.454190366354119,1.1099999999999999,4.666666666666667,0.22222222222222224,0.4714045207910317,1.0
000423.png,1.11,4.0,0.62,3.0,1.67,3.0,1.1333333333333333,0.1840222222222222,0.4289781139198388,1.0499999999999998,3.3333333333333335,0.22222222222222224,0.4714045207910317,1.0
000424.png,1.67,3.0,1.88,4.0,1.11,3.0,1.5533333333333335,0.10562222222222217,0.32499572646762936,0.7699999999999998,3.3333333333333335,0.22222222222222224,0.4714045207910317,1.0
000425.png,2.5,2.0,1.25,3.0,1.11,2.0,1.62,0.3904666666666667,0.6248733204951757,1.39,2.3333333333333335,0.22222222222222224,0.4714045207910317,1.0
000426.png,4.38,5.0,5.0,5.0,3.89,4.0,4.423333333333333,0.20628888888888885,0.454190366354119,1.1099999999999999,4.666666666666667,0.22222222222222224,0.4714045207910317,1.0
000427.png,4.38,5.0,5.0,5.0,3.89,4.0,4.423333333333333,0.20628888888888885,0.454190366354119,1.1099999999999999,4.666666666666667,0.22222222222222224,0.4714045207910317,1.0
000428.png,2.5,3.0,1.88,4.0,1.11,3.0,1.83,0.32326666666666665,0.568565446247542,1.39,3.3333333333333335,0.22222222222222224,0.4714045207910317,1.0
000429.png,2.5,3.0,1.88,4.0,1.67,3.0,2.0166666666666666,0.12415555555555557,0.35235714205271274,0.8300000000000001,3.3333333333333335,0.22222222222222224,0.4714045207910317,1.0
000430.png,5.0,3.0,5.0,4.0,3.89,5.0,4.63,0.27379999999999993,0.5232590180780451,1.1099999999999999,4.0,0.6666666666666666,0.816496580927726,2.0
000431.png,5.0,5.0,5.0,5.0,4.44,5.0,4.8133333333333335,0.06968888888888879,0.26398653164297753,0.5599999999999996,5.0,0.0,0.0,0.0
000432.png,5.0,3.0,5.0,4.0,3.89,5.0,4.63,0.27379999999999993,0.5232590180780451,1.1099999999999999,4.0,0.6666666666666666,0.816496580927726,2.0
000433.png,5.0,5.0,4.38,5.0,3.89,5.0,4.423333333333333,0.20628888888888885,0.454190366354119,1.1099999999999999,5.0,0.0,0.0,0.0
000434.png,3.12,4.0,3.89,5.0,2.22,4.0,3.0766666666666667,0.4657555555555555,0.6824628602023377,1.67,4.333333333333333,0.22222222222222224,0.4714045207910317,1.0
000435.png,0.0,1.0,0.0,1.0,0.0,0.0,0.0,0.0,0.0,0.0,0.6666666666666666,0.22222222222222224,0.4714045207910317,1.0
000436.png,0.0,4.0,1.11,5.0,1.11,4.0,0.7400000000000001,0.2738000000000001,0.5232590180780453,1.11,4.333333333333333,0.22222222222222224,0.4714045207910317,1.0
000437.png,3.12,4.0,3.33,4.0,1.67,5.0,2.706666666666667,0.544688888888889,0.7380304118997326,1.6600000000000001,4.333333333333333,0.22222222222222224,0.4714045207910317,1.0
000438.png,0.0,4.0,1.67,4.0,0.56,5.0,0.7433333333333333,0.4816222222222222,0.6939900735761443,1.67,4.333333333333333,0.22222222222222224,0.4714045207910317,1.0
000439.png,2.0,3.0,1.25,3.0,2.5,3.0,1.9166666666666667,0.2638888888888889,0.5137011669140814,1.25,3.0,0.0,0.0,0.0
000440.png,5.0,4.0,3.89,4.0,4.44,4.0,4.443333333333334,0.20535555555555549,0.4531617322276402,1.1099999999999999,4.0,0.0,0.0,0.0
000441.png,0.56,1.0,0.0,2.0,0.0,2.0,0.18666666666666668,0.06968888888888891,0.2639865316429778,0.56,1.6666666666666667,0.2222222222222222,0.4714045207910317,1.0
000442.png,5.0,4.0,5.0,4.0,5.0,5.0,5.0,0.0,0.0,0.0,4.333333333333333,0.22222222222222224,0.4714045207910317,1.0
000443.png,0.0,2.0,0.0,2.0,0.0,2.0,0.0,0.0,0.0,0.0,2.0,0.0,0.0,0.0
000444.png,4.38,3.0,4.38,3.0,3.33,3.0,4.03,0.2449999999999999,0.4949747468305832,1.0499999999999998,3.0,0.0,0.0,0.0
000445.png,3.33,4.0,3.75,4.0,3.33,5.0,3.47,0.039199999999999985,0.19798989873223327,0.41999999999999993,4.333333333333333,0.22222222222222224,0.4714045207910317,1.0
000446.png,1.67,2.0,1.88,3.0,0.0,3.0,1.1833333333333333,0.7074888888888888,0.841123587167123,1.88,2.6666666666666665,0.22222222222222224,0.4714045207910317,1.0
000447.png,4.29,5.0,3.75,5.0,3.33,5.0,3.7899999999999996,0.1544,0.39293765408777004,0.96,5.0,0.0,0.0,0.0
000448.png,5.0,4.0,5.0,4.0,5.0,4.0,5.0,0.0,0.0,0.0,4.0,0.0,0.0,0.0
000449.png,1.43,2.0,0.62,3.0,0.0,3.0,0.6833333333333332,0.3428222222222222,0.5855102238409011,1.43,2.6666666666666665,0.22222222222222224,0.4714045207910317,1.0
000450.png,4.44,5.0,5.0,5.0,5.0,5.0,4.8133333333333335,0.06968888888888879,0.26398653164297753,0.5599999999999996,5.0,0.0,0.0,0.0
000451.png,4.38,5.0,5.0,5.0,5.0,5.0,4.793333333333333,0.08542222222222225,0.29227080289043966,0.6200000000000001,5.0,0.0,0.0,0.0
000452.png,5.0,5.0,5.0,5.0,3.33,5.0,4.443333333333333,0.6197555555555555,0.7872455497210229,1.67,5.0,0.0,0.0,0.0
000453.png,0.0,3.0,0.0,3.0,0.0,3.0,0.0,0.0,0.0,0.0,3.0,0.0,0.0,0.0
000454.png,4.44,5.0,5.0,5.0,3.33,5.0,4.256666666666667,0.4816222222222222,0.6939900735761443,1.67,5.0,0.0,0.0,0.0
000455.png,4.44,5.0,5.0,5.0,3.33,5.0,4.256666666666667,0.4816222222222222,0.6939900735761443,1.67,5.0,0.0,0.0,0.0
000456.png,3.89,3.0,5.0,4.0,3.33,4.0,4.073333333333333,0.4816222222222222,0.6939900735761443,1.67,3.6666666666666665,0.22222222222222224,0.4714045207910317,1.0
000457.png,4.38,3.0,5.0,4.0,3.89,5.0,4.423333333333333,0.20628888888888885,0.454190366354119,1.1099999999999999,4.0,0.6666666666666666,0.816496580927726,2.0
000458.png,1.25,3.0,1.11,2.0,0.0,3.0,0.7866666666666667,0.3126888888888889,0.5591859162111371,1.25,2.6666666666666665,0.22222222222222224,0.4714045207910317,1.0
000459.png,4.44,3.0,4.44,4.0,3.89,5.0,4.256666666666667,0.0672222222222223,0.25927248643506756,0.5500000000000003,4.0,0.6666666666666666,0.816496580927726,2.0
000460.png,3.12,3.0,2.5,4.0,2.78,4.0,2.8000000000000003,0.0642666666666667,0.25350871122442065,0.6200000000000001,3.6666666666666665,0.22222222222222224,0.4714045207910317,1.0
000461.png,5.0,4.0,5.0,5.0,5.0,5.0,5.0,0.0,0.0,0.0,4.666666666666667,0.22222222222222224,0.4714045207910317,1.0
000462.png,3.89,3.0,3.89,3.0,3.89,4.0,3.89,0.0,0.0,0.0,3.3333333333333335,0.22222222222222224,0.4714045207910317,1.0
000463.png,2.86,5.0,2.86,5.0,3.89,5.0,3.203333333333333,0.2357555555555557,0.48554665641476275,1.0300000000000002,5.0,0.0,0.0,0.0
000464.png,0.0,1.0,1.88,1.0,0.0,0.0,0.6266666666666666,0.7854222222222221,0.8862404990871395,1.88,0.6666666666666666,0.22222222222222224,0.4714045207910317,1.0
000465.png,3.89,5.0,3.89,4.0,2.22,4.0,3.3333333333333335,0.6197555555555555,0.7872455497210229,1.67,4.333333333333333,0.22222222222222224,0.4714045207910317,1.0
000466.png,4.29,5.0,5.0,5.0,3.89,5.0,4.3933333333333335,0.21068888888888884,0.45900859348043677,1.1099999999999999,5.0,0.0,0.0,0.0
000467.png,2.14,4.0,2.5,4.0,3.89,3.0,2.8433333333333337,0.5693555555555556,0.7545565290656199,1.75,3.6666666666666665,0.22222222222222224,0.4714045207910317,1.0
000468.png,0.0,3.0,0.0,2.0,1.67,3.0,0.5566666666666666,0.6197555555555555,0.7872455497210229,1.67,2.6666666666666665,0.22222222222222224,0.4714045207910317,1.0
000469.png,3.75,5.0,3.75,5.0,3.75,4.0,3.75,0.0,0.0,0.0,4.666666666666667,0.22222222222222224,0.4714045207910317,1.0
000470.png,3.33,4.0,3.12,4.0,3.33,4.0,3.2600000000000002,0.009799999999999996,0.09899494936611664,0.20999999999999996,4.0,0.0,0.0,0.0
000471.png,3.89,3.0,3.33,4.0,2.78,5.0,3.3333333333333335,0.20535555555555565,0.4531617322276404,1.1100000000000003,4.0,0.6666666666666666,0.816496580927726,2.0
000472.png,3.89,5.0,4.29,5.0,3.89,5.0,4.023333333333333,0.03555555555555554,0.18856180831641264,0.3999999999999999,5.0,0.0,0.0,0.0
000473.png,2.22,4.0,2.78,5.0,3.33,5.0,2.776666666666667,0.2053555555555555,0.4531617322276402,1.1099999999999999,4.666666666666667,0.22222222222222224,0.4714045207910317,1.0
000474.png,3.89,3.0,3.33,3.0,3.89,3.0,3.7033333333333336,0.0696888888888889,0.26398653164297775,0.56,3.0,0.0,0.0,0.0
000475.png,2.78,5.0,2.78,5.0,1.67,4.0,2.4099999999999997,0.27379999999999993,0.5232590180780451,1.1099999999999999,4.666666666666667,0.22222222222222224,0.4714045207910317,1.0
000476.png,3.89,3.0,3.75,3.0,2.78,4.0,3.473333333333333,0.24362222222222232,0.4935810189039104,1.1100000000000003,3.3333333333333335,0.22222222222222224,0.4714045207910317,1.0
000477.png,3.33,5.0,4.29,5.0,2.78,4.0,3.466666666666667,0.3893555555555557,0.6239836180185788,1.5100000000000002,4.666666666666667,0.22222222222222224,0.4714045207910317,1.0
000478.png,3.33,5.0,4.29,5.0,2.78,5.0,3.466666666666667,0.3893555555555557,0.6239836180185788,1.5100000000000002,5.0,0.0,0.0,0.0
000479.png,3.33,5.0,3.57,5.0,2.22,4.0,3.0400000000000005,0.34579999999999983,0.5880476171195661,1.3499999999999996,4.666666666666667,0.22222222222222224,0.4714045207910317,1.0
000480.png,5.0,4.0,3.89,3.0,4.44,4.0,4.443333333333334,0.20535555555555549,0.4531617322276402,1.1099999999999999,3.6666666666666665,0.22222222222222224,0.4714045207910317,1.0
000481.png,5.0,5.0,5.0,5.0,3.75,4.0,4.583333333333333,0.34722222222222227,0.5892556509887896,1.25,4.666666666666667,0.22222222222222224,0.4714045207910317,1.0
000482.png,5.0,5.0,4.44,5.0,5.0,5.0,4.8133333333333335,0.06968888888888879,0.26398653164297753,0.5599999999999996,5.0,0.0,0.0,0.0
000483.png,0.0,3.0,1.11,3.0,0.0,4.0,0.37000000000000005,0.2738,0.5232590180780452,1.11,3.3333333333333335,0.22222222222222224,0.4714045207910317,1.0
000484.png,3.89,5.0,2.78,4.0,3.89,5.0,3.52,0.2738000000000001,0.5232590180780453,1.1100000000000003,4.666666666666667,0.22222222222222224,0.4714045207910317,1.0
000485.png,4.29,5.0,3.33,5.0,3.89,4.0,3.8366666666666664,0.15502222222222223,0.39372861493955735,0.96,4.666666666666667,0.22222222222222224,0.4714045207910317,1.0
000486.png,0.0,3.0,0.0,3.0,0.0,4.0,0.0,0.0,0.0,0.0,3.3333333333333335,0.22222222222222224,0.4714045207910317,1.0
000487.png,2.78,5.0,2.78,4.0,2.22,5.0,2.5933333333333333,0.06968888888888879,0.26398653164297753,0.5599999999999996,4.666666666666667,0.22222222222222224,0.4714045207910317,1.0
000488.png,2.78,3.0,2.22,3.0,3.33,4.0,2.776666666666667,0.2053555555555555,0.4531617322276402,1.1099999999999999,3.3333333333333335,0.22222222222222224,0.4714045207910317,1.0
000489.png,2.78,5.0,2.78,5.0,2.78,5.0,2.78,0.0,0.0,0.0,5.0,0.0,0.0,0.0
000490.png,2.78,3.0,2.22,3.0,3.89,3.0,2.9633333333333334,0.4816222222222222,0.6939900735761443,1.67,3.0,0.0,0.0,0.0
000491.png,0.0,5.0,0.56,5.0,0.56,5.0,0.37333333333333335,0.0696888888888889,0.26398653164297775,0.56,5.0,0.0,0.0,0.0
000492.png,3.33,4.0,3.89,5.0,3.89,4.0,3.7033333333333336,0.0696888888888889,0.26398653164297775,0.56,4.333333333333333,0.22222222222222224,0.4714045207910317,1.0
000493.png,3.75,3.0,3.89,4.0,2.78,5.0,3.473333333333333,0.24362222222222232,0.4935810189039104,1.1100000000000003,4.0,0.6666666666666666,0.816496580927726,2.0
000494.png,4.38,3.0,5.0,4.0,4.44,5.0,4.6066666666666665,0.07795555555555554,0.2792052212182923,0.6200000000000001,4.0,0.6666666666666666,0.816496580927726,2.0
000495.png,4.38,3.0,4.44,3.0,4.44,4.0,4.420000000000001,0.0008000000000000133,0.028284271247462134,0.0600000000000005,3.3333333333333335,0.22222222222222224,0.4714045207910317,1.0
000496.png,4.38,4.0,3.33,4.0,4.44,4.0,4.05,0.2598000000000001,0.5097057974949865,1.1100000000000003,4.0,0.0,0.0,0.0
000497.png,3.57,4.0,2.78,3.0,3.89,4.0,3.4133333333333336,0.2176222222222223,0.4664999702274613,1.1100000000000003,3.6666666666666665,0.22222222222222224,0.4714045207910317,1.0
000498.png,4.38,4.0,3.89,4.0,5.0,5.0,4.423333333333333,0.20628888888888885,0.454190366354119,1.1099999999999999,4.333333333333333,0.22222222222222224,0.4714045207910317,1.0
000499.png,3.12,4.0,4.44,5.0,4.44,4.0,4.0,0.3872000000000002,0.622253967444162,1.3200000000000003,4.333333333333333,0.22222222222222224,0.4714045207910317,1.0
000500.png,3.89,4.0,5.0,5.0,3.33,5.0,4.073333333333333,0.4816222222222222,0.6939900735761443,1.67,4.666666666666667,0.22222222222222224,0.4714045207910317,1.0
000501.png,4.44,4.0,3.75,4.0,4.44,5.0,4.210000000000001,0.10580000000000012,0.32526911934581204,0.6900000000000004,4.333333333333333,0.22222222222222224,0.4714045207910317,1.0
000502.png,2.78,4.0,3.12,4.0,2.78,4.0,2.893333333333333,0.025688888888888938,0.16027753706895093,0.3400000000000003,4.0,0.0,0.0,0.0
000503.png,4.44,3.0,4.38,3.0,4.44,3.0,4.420000000000001,0.0008000000000000133,0.028284271247462134,0.0600000000000005,3.0,0.0,0.0,0.0
000504.png,3.89,3.0,3.12,3.0,3.33,3.0,3.4466666666666668,0.10562222222222223,0.3249957264676295,0.77,3.0,0.0,0.0,0.0
000505.png,3.12,4.0,2.5,4.0,1.67,5.0,2.43,0.3528666666666667,0.5940258131316069,1.4500000000000002,4.333333333333333,0.22222222222222224,0.4714045207910317,1.0
000506.png,4.44,3.0,4.38,3.0,3.89,3.0,4.236666666666667,0.0606888888888889,0.24635114955869172,0.5500000000000003,3.0,0.0,0.0,0.0
000507.png,3.89,3.0,4.38,3.0,3.89,3.0,4.053333333333334,0.05335555555555551,0.23098821518760543,0.48999999999999977,3.0,0.0,0.0,0.0
000508.png,2.78,4.0,3.12,3.0,2.78,4.0,2.893333333333333,0.025688888888888938,0.16027753706895093,0.3400000000000003,3.6666666666666665,0.22222222222222224,0.4714045207910317,1.0
000509.png,4.44,4.0,5.0,5.0,4.44,5.0,4.626666666666668,0.06968888888888879,0.26398653164297753,0.5599999999999996,4.666666666666667,0.22222222222222224,0.4714045207910317,1.0
000510.png,3.33,4.0,4.38,5.0,2.78,4.0,3.4966666666666666,0.4405555555555556,0.6637435917246626,1.6,4.333333333333333,0.22222222222222224,0.4714045207910317,1.0
000511.png,0.0,4.0,0.56,4.0,1.67,5.0,0.7433333333333333,0.4816222222222222,0.6939900735761443,1.67,4.333333333333333,0.22222222222222224,0.4714045207910317,1.0
000512.png,3.12,4.0,2.5,4.0,3.75,5.0,3.1233333333333335,0.2604222222222223,0.5103158063613377,1.25,4.333333333333333,0.22222222222222224,0.4714045207910317,1.0
000513.png,0.0,3.0,1.25,2.0,0.0,1.0,0.4166666666666667,0.34722222222222215,0.5892556509887895,1.25,2.0,0.6666666666666666,0.816496580927726,2.0
000514.png,4.44,5.0,4.29,4.0,3.89,5.0,4.206666666666667,0.05388888888888893,0.2321398046197354,0.5500000000000003,4.666666666666667,0.22222222222222224,0.4714045207910317,1.0
000515.png,3.33,4.0,3.33,3.0,3.89,4.0,3.516666666666667,0.0696888888888889,0.26398653164297775,0.56,3.6666666666666665,0.22222222222222224,0.4714045207910317,1.0
000516.png,1.43,3.0,2.5,4.0,1.43,5.0,1.7866666666666664,0.2544222222222222,0.5044028372464039,1.07,4.0,0.6666666666666666,0.816496580927726,2.0
000517.png,2.86,4.0,1.25,3.0,5.0,4.0,3.0366666666666666,2.3593555555555557,1.5360193864517322,3.75,3.6666666666666665,0.22222222222222224,0.4714045207910317,1.0
000518.png,2.0,4.0,2.5,4.0,2.22,4.0,2.24,0.04186666666666666,0.2046134567096374,0.5,4.0,0.0,0.0,0.0
000519.png,2.22,4.0,2.78,5.0,2.22,5.0,2.4066666666666667,0.06968888888888879,0.26398653164297753,0.5599999999999996,4.666666666666667,0.22222222222222224,0.4714045207910317,1.0
000520.png,2.5,3.0,2.5,3.0,2.22,4.0,2.4066666666666667,0.017422222222222197,0.13199326582148876,0.2799999999999998,3.3333333333333335,0.22222222222222224,0.4714045207910317,1.0
000521.png,4.44,5.0,5.0,5.0,3.89,5.0,4.443333333333334,0.2053555555555555,0.4531617322276402,1.1099999999999999,5.0,0.0,0.0,0.0
000522.png,1.67,5.0,0.56,5.0,1.67,5.0,1.3,0.27379999999999993,0.5232590180780451,1.1099999999999999,5.0,0.0,0.0,0.0
000523.png,1.25,3.0,0.0,2.0,0.0,2.0,0.4166666666666667,0.34722222222222215,0.5892556509887895,1.25,2.3333333333333335,0.22222222222222224,0.4714045207910317,1.0
000524.png,2.22,4.0,2.78,5.0,3.89,5.0,2.9633333333333334,0.4816222222222222,0.6939900735761443,1.67,4.666666666666667,0.22222222222222224,0.4714045207910317,1.0
000525.png,1.67,5.0,0.56,5.0,0.56,5.0,0.93,0.2738,0.5232590180780452,1.1099999999999999,5.0,0.0,0.0,0.0
000526.png,0.0,3.0,0.0,2.0,0.0,2.0,0.0,0.0,0.0,0.0,2.3333333333333335,0.22222222222222224,0.4714045207910317,1.0
000527.png,2.78,3.0,1.67,3.0,2.78,3.0,2.4099999999999997,0.2737999999999999,0.5232590180780451,1.1099999999999999,3.0,0.0,0.0,0.0
000528.png,3.89,5.0,2.78,5.0,2.22,4.0,2.9633333333333334,0.4816222222222222,0.6939900735761443,1.67,4.666666666666667,0.22222222222222224,0.4714045207910317,1.0
000529.png,0.0,1.0,0.0,2.0,0.0,2.0,0.0,0.0,0.0,0.0,1.6666666666666667,0.2222222222222222,0.4714045207910317,1.0
000530.png,5.0,4.0,5.0,3.0,5.0,4.0,5.0,0.0,0.0,0.0,3.6666666666666665,0.22222222222222224,0.4714045207910317,1.0
000531.png,4.44,4.0,4.44,5.0,5.0,4.0,4.626666666666667,0.06968888888888879,0.26398653164297753,0.5599999999999996,4.333333333333333,0.22222222222222224,0.4714045207910317,1.0
000532.png,0.0,5.0,0.0,5.0,0.0,5.0,0.0,0.0,0.0,0.0,5.0,0.0,0.0,0.0
000533.png,3.57,4.0,3.89,4.0,4.44,4.0,3.966666666666667,0.12908888888888906,0.35928942217784404,0.8700000000000006,4.0,0.0,0.0,0.0
000534.png,0.0,0.0,0.0,0.0,0.0,0.0,0.0,0.0,0.0,0.0,0.0,0.0,0.0,0.0
000535.png,3.12,3.0,1.67,3.0,3.89,4.0,2.893333333333333,0.847088888888889,0.9203743199855638,2.22,3.3333333333333335,0.22222222222222224,0.4714045207910317,1.0
000536.png,5.0,5.0,5.0,5.0,5.0,5.0,5.0,0.0,0.0,0.0,5.0,0.0,0.0,0.0
000537.png,4.38,3.0,4.44,4.0,4.44,5.0,4.420000000000001,0.0008000000000000133,0.028284271247462134,0.0600000000000005,4.0,0.6666666666666666,0.816496580927726,2.0
000538.png,0.0,3.0,1.11,3.0,1.11,3.0,0.7400000000000001,0.2738000000000001,0.5232590180780453,1.11,3.0,0.0,0.0,0.0
000539.png,5.0,5.0,5.0,5.0,5.0,4.0,5.0,0.0,0.0,0.0,4.666666666666667,0.22222222222222224,0.4714045207910317,1.0
000540.png,4.17,4.0,4.44,4.0,3.33,4.0,3.98,0.22340000000000007,0.472652091923859,1.1100000000000003,4.0,0.0,0.0,0.0
000541.png,0.0,5.0,0.0,5.0,0.0,5.0,0.0,0.0,0.0,0.0,5.0,0.0,0.0,0.0
000542.png,4.17,5.0,5.0,5.0,4.17,4.0,4.446666666666666,0.1530888888888889,0.39126575225655635,0.8300000000000001,4.666666666666667,0.22222222222222224,0.4714045207910317,1.0
000543.png,4.17,4.0,5.0,5.0,3.33,5.0,4.166666666666667,0.4648222222222222,0.6817787193967132,1.67,4.666666666666667,0.22222222222222224,0.4714045207910317,1.0
000544.png,2.5,4.0,1.43,3.0,1.11,4.0,1.68,0.3532666666666666,0.5943624034767564,1.39,3.6666666666666665,0.22222222222222224,0.4714045207910317,1.0
000545.png,4.17,4.0,3.89,4.0,3.33,5.0,3.796666666666667,0.12195555555555553,0.34922135609890115,0.8399999999999999,4.333333333333333,0.22222222222222224,0.4714045207910317,1.0
000546.png,2.5,3.0,1.11,3.0,2.5,4.0,2.0366666666666666,0.4293555555555555,0.6552522838995339,1.39,3.3333333333333335,0.22222222222222224,0.4714045207910317,1.0
000547.png,4.17,5.0,4.44,5.0,4.17,5.0,4.26,0.016200000000000058,0.12727922061357877,0.27000000000000046,5.0,0.0,0.0,0.0
000548.png,4.17,5.0,2.78,4.0,3.89,5.0,3.6133333333333333,0.36028888888888894,0.6002406924633559,1.3900000000000001,4.666666666666667,0.22222222222222224,0.4714045207910317,1.0
000549.png,3.0,3.0,3.0,3.0,3.0,3.0,3.0,0.0,0.0,0.0,3.0,0.0,0.0,0.0
000550.png,2.22,3.0,1.11,2.0,1.67,3.0,1.6666666666666667,0.2053555555555556,0.45316173222764033,1.11,2.6666666666666665,0.22222222222222224,0.4714045207910317,1.0
000551.png,3.75,3.0,2.22,3.0,3.33,3.0,3.1,0.4165999999999999,0.6454455825241969,1.5299999999999998,3.0,0.0,0.0,0.0
000552.png,4.29,3.0,4.29,3.0,3.33,4.0,3.97,0.20479999999999998,0.4525483399593904,0.96,3.3333333333333335,0.22222222222222224,0.4714045207910317,1.0
000553.png,3.33,3.0,1.67,3.0,1.67,4.0,2.223333333333333,0.6123555555555557,0.7825315045131127,1.6600000000000001,3.3333333333333335,0.22222222222222224,0.4714045207910317,1.0
000554.png,4.29,5.0,5.0,5.0,3.89,5.0,4.3933333333333335,0.21068888888888884,0.45900859348043677,1.1099999999999999,5.0,0.0,0.0,0.0
000555.png,4.29,4.0,3.89,4.0,2.78,5.0,3.653333333333333,0.40802222222222234,0.6387661717891941,1.5100000000000002,4.333333333333333,0.22222222222222224,0.4714045207910317,1.0
000556.png,4.29,3.0,2.78,3.0,3.33,4.0,3.466666666666667,0.3893555555555557,0.6239836180185788,1.5100000000000002,3.3333333333333335,0.22222222222222224,0.4714045207910317,1.0
000557.png,4.29,4.0,5.0,5.0,5.0,5.0,4.763333333333333,0.1120222222222222,0.3346972097616325,0.71,4.666666666666667,0.22222222222222224,0.4714045207910317,1.0
000558.png,1.43,4.0,1.11,4.0,2.22,5.0,1.5866666666666667,0.2176222222222223,0.4664999702274613,1.11,4.333333333333333,0.22222222222222224,0.4714045207910317,1.0
000559.png,4.17,5.0,4.17,5.0,0.0,5.0,2.78,3.8642,1.9657568516986021,4.17,5.0,0.0,0.0,0.0
000560.png,5.0,5.0,5.0,5.0,5.0,5.0,5.0,0.0,0.0,0.0,5.0,0.0,0.0,0.0
000561.png,5.0,4.0,5.0,4.0,5.0,5.0,5.0,0.0,0.0,0.0,4.333333333333333,0.22222222222222224,0.4714045207910317,1.0
000562.png,3.75,5.0,5.0,5.0,3.89,5.0,4.213333333333334,0.31268888888888885,0.5591859162111371,1.25,5.0,0.0,0.0,0.0
000563.png,3.75,4.0,2.5,4.0,3.75,4.0,3.3333333333333335,0.34722222222222215,0.5892556509887895,1.25,4.0,0.0,0.0,0.0
000564.png,5.0,4.0,3.33,4.0,3.33,5.0,3.8866666666666667,0.6197555555555555,0.7872455497210229,1.67,4.333333333333333,0.22222222222222224,0.4714045207910317,1.0
000565.png,5.0,4.0,5.0,4.0,5.0,4.0,5.0,0.0,0.0,0.0,4.0,0.0,0.0,0.0
000566.png,0.0,3.0,0.0,2.0,0.0,3.0,0.0,0.0,0.0,0.0,2.6666666666666665,0.22222222222222224,0.4714045207910317,1.0
000567.png,3.33,4.0,2.5,4.0,2.78,5.0,2.8699999999999997,0.11886666666666672,0.34477045503735776,0.8300000000000001,4.333333333333333,0.22222222222222224,0.4714045207910317,1.0
000568.png,3.75,3.0,2.5,3.0,3.33,4.0,3.1933333333333334,0.2697555555555556,0.5193799722318484,1.25,3.3333333333333335,0.22222222222222224,0.4714045207910317,1.0
000569.png,3.33,4.0,5.0,5.0,4.44,5.0,4.256666666666667,0.48162222222222223,0.6939900735761443,1.67,4.666666666666667,0.22222222222222224,0.4714045207910317,1.0
000570.png,5.0,4.0,5.0,5.0,5.0,5.0,5.0,0.0,0.0,0.0,4.666666666666667,0.22222222222222224,0.4714045207910317,1.0
000571.png,5.0,5.0,5.0,5.0,4.44,5.0,4.8133333333333335,0.06968888888888879,0.26398653164297753,0.5599999999999996,5.0,0.0,0.0,0.0
000572.png,2.22,3.0,1.67,4.0,1.67,5.0,1.8533333333333335,0.0672222222222223,0.25927248643506756,0.5500000000000003,4.0,0.6666666666666666,0.816496580927726,2.0
000573.png,5.0,4.0,3.33,4.0,4.44,5.0,4.256666666666667,0.48162222222222223,0.6939900735761443,1.67,4.333333333333333,0.22222222222222224,0.4714045207910317,1.0
000574.png,5.0,4.0,5.0,5.0,5.0,5.0,5.0,0.0,0.0,0.0,4.666666666666667,0.22222222222222224,0.4714045207910317,1.0
000575.png,5.0,4.0,5.0,4.0,4.17,5.0,4.723333333333334,0.1530888888888889,0.39126575225655635,0.8300000000000001,4.333333333333333,0.22222222222222224,0.4714045207910317,1.0
000576.png,5.0,5.0,5.0,5.0,4.44,5.0,4.8133333333333335,0.06968888888888879,0.26398653164297753,0.5599999999999996,5.0,0.0,0.0,0.0
000577.png,5.0,4.0,5.0,5.0,5.0,5.0,5.0,0.0,0.0,0.0,4.666666666666667,0.22222222222222224,0.4714045207910317,1.0
000578.png,5.0,3.0,5.0,4.0,5.0,4.0,5.0,0.0,0.0,0.0,3.6666666666666665,0.22222222222222224,0.4714045207910317,1.0
000579.png,4.44,4.0,4.38,4.0,4.29,5.0,4.37,0.0038000000000000156,0.06164414002968989,0.15000000000000036,4.333333333333333,0.22222222222222224,0.4714045207910317,1.0
000580.png,5.0,4.0,5.0,5.0,3.33,5.0,4.443333333333333,0.6197555555555555,0.7872455497210229,1.67,4.666666666666667,0.22222222222222224,0.4714045207910317,1.0
000581.png,5.0,2.0,5.0,3.0,5.0,3.0,5.0,0.0,0.0,0.0,2.6666666666666665,0.22222222222222224,0.4714045207910317,1.0
000582.png,5.0,4.0,5.0,4.0,3.89,5.0,4.63,0.27379999999999993,0.5232590180780451,1.1099999999999999,4.333333333333333,0.22222222222222224,0.4714045207910317,1.0
000583.png,3.75,2.0,4.17,3.0,3.33,2.0,3.75,0.11759999999999997,0.3429285639896449,0.8399999999999999,2.3333333333333335,0.22222222222222224,0.4714045207910317,1.0
000584.png,5.0,4.0,3.89,4.0,4.44,5.0,4.443333333333334,0.20535555555555549,0.4531617322276402,1.1099999999999999,4.333333333333333,0.22222222222222224,0.4714045207910317,1.0
000585.png,5.0,4.0,5.0,5.0,3.89,5.0,4.63,0.27379999999999993,0.5232590180780451,1.1099999999999999,4.666666666666667,0.22222222222222224,0.4714045207910317,1.0
000586.png,5.0,3.0,3.75,4.0,4.44,4.0,4.396666666666667,0.26135555555555556,0.5112294548982439,1.25,3.6666666666666665,0.22222222222222224,0.4714045207910317,1.0
000587.png,5.0,4.0,5.0,5.0,4.44,5.0,4.8133333333333335,0.06968888888888879,0.26398653164297753,0.5599999999999996,4.666666666666667,0.22222222222222224,0.4714045207910317,1.0
000588.png,3.33,3.0,1.88,2.0,2.78,2.0,2.6633333333333336,0.35722222222222233,0.5976807025680371,1.4500000000000002,2.3333333333333335,0.22222222222222224,0.4714045207910317,1.0
000589.png,4.38,4.0,5.0,5.0,3.89,5.0,4.423333333333333,0.20628888888888885,0.454190366354119,1.1099999999999999,4.666666666666667,0.22222222222222224,0.4714045207910317,1.0
000590.png,5.0,4.0,3.75,5.0,3.33,5.0,4.026666666666666,0.5030888888888888,0.7092875925101811,1.67,4.666666666666667,0.22222222222222224,0.4714045207910317,1.0
000591.png,2.14,4.0,2.78,5.0,1.67,4.0,2.1966666666666668,0.20695555555555548,0.4549236810230431,1.1099999999999999,4.333333333333333,0.22222222222222224,0.4714045207910317,1.0
000592.png,0.0,2.0,0.0,1.0,0.0,2.0,0.0,0.0,0.0,0.0,1.6666666666666667,0.2222222222222222,0.4714045207910317,1.0
000593.png,0.83,5.0,0.83,5.0,0.56,5.0,0.7399999999999999,0.01619999999999999,0.12727922061357852,0.2699999999999999,5.0,0.0,0.0,0.0
000594.png,3.57,4.0,3.57,5.0,2.78,4.0,3.3066666666666666,0.1386888888888889,0.37240957142491504,0.79,4.333333333333333,0.22222222222222224,0.4714045207910317,1.0
000595.png,0.0,1.0,0.0,1.0,0.0,0.0,0.0,0.0,0.0,0.0,0.6666666666666666,0.22222222222222224,0.4714045207910317,1.0
000596.png,0.0,1.0,0.0,1.0,0.0,0.0,0.0,0.0,0.0,0.0,0.6666666666666666,0.22222222222222224,0.4714045207910317,1.0
000597.png,0.0,2.0,0.0,3.0,0.0,2.0,0.0,0.0,0.0,0.0,2.3333333333333335,0.22222222222222224,0.4714045207910317,1.0
000598.png,0.0,0.0,0.0,1.0,0.0,0.0,0.0,0.0,0.0,0.0,0.3333333333333333,0.22222222222222224,0.4714045207910317,1.0
000599.png,4.38,4.0,4.17,5.0,3.89,5.0,4.146666666666667,0.04028888888888885,0.2007209228976612,0.48999999999999977,4.666666666666667,0.22222222222222224,0.4714045207910317,1.0
000600.png,5.0,4.0,4.38,5.0,3.33,5.0,4.236666666666666,0.47508888888888884,0.6892669213656556,1.67,4.666666666666667,0.22222222222222224,0.4714045207910317,1.0
000601.png,3.57,5.0,4.29,5.0,3.89,5.0,3.9166666666666665,0.0867555555555556,0.294542960458327,0.7200000000000002,5.0,0.0,0.0,0.0
000602.png,2.78,4.0,2.14,4.0,2.78,4.0,2.5666666666666664,0.09102222222222213,0.3016988933062601,0.6399999999999997,4.0,0.0,0.0,0.0
000603.png,3.33,4.0,2.86,4.0,3.33,5.0,3.1733333333333333,0.04908888888888893,0.221560124771785,0.4700000000000002,4.333333333333333,0.22222222222222224,0.4714045207910317,1.0
000604.png,0.0,2.0,0.0,3.0,0.0,3.0,0.0,0.0,0.0,0.0,2.6666666666666665,0.22222222222222224,0.4714045207910317,1.0
000605.png,3.57,4.0,4.29,5.0,3.33,4.0,3.73,0.16640000000000002,0.40792156108742283,0.96,4.333333333333333,0.22222222222222224,0.4714045207910317,1.0
000606.png,4.29,4.0,4.29,4.0,3.33,5.0,3.97,0.20479999999999998,0.4525483399593904,0.96,4.333333333333333,0.22222222222222224,0.4714045207910317,1.0
000607.png,0.0,1.0,1.88,1.0,0.0,0.0,0.6266666666666666,0.7854222222222221,0.8862404990871395,1.88,0.6666666666666666,0.22222222222222224,0.4714045207910317,1.0
000608.png,4.29,3.0,3.12,3.0,3.89,4.0,3.766666666666667,0.23575555555555552,0.4855466564147626,1.17,3.3333333333333335,0.22222222222222224,0.4714045207910317,1.0
000609.png,4.29,3.0,4.29,2.0,2.22,3.0,3.6,0.9521999999999998,0.9758073580374355,2.07,2.6666666666666665,0.22222222222222224,0.4714045207910317,1.0
000610.png,3.33,3.0,2.22,3.0,3.89,4.0,3.146666666666667,0.4816222222222222,0.6939900735761443,1.67,3.3333333333333335,0.22222222222222224,0.4714045207910317,1.0
000611.png,5.0,4.0,5.0,5.0,5.0,5.0,5.0,0.0,0.0,0.0,4.666666666666667,0.22222222222222224,0.4714045207910317,1.0
000612.png,5.0,5.0,5.0,5.0,4.44,5.0,4.8133333333333335,0.06968888888888879,0.26398653164297753,0.5599999999999996,5.0,0.0,0.0,0.0
000613.png,4.44,4.0,3.89,3.0,5.0,4.0,4.443333333333333,0.2053555555555555,0.4531617322276402,1.1099999999999999,3.6666666666666665,0.22222222222222224,0.4714045207910317,1.0
000614.png,4.38,5.0,3.89,5.0,4.44,4.0,4.236666666666667,0.0606888888888889,0.24635114955869172,0.5500000000000003,4.666666666666667,0.22222222222222224,0.4714045207910317,1.0
000615.png,3.33,4.0,2.78,4.0,3.89,5.0,3.3333333333333335,0.20535555555555565,0.4531617322276404,1.1100000000000003,4.333333333333333,0.22222222222222224,0.4714045207910317,1.0
000616.png,0.0,3.0,0.0,2.0,0.0,3.0,0.0,0.0,0.0,0.0,2.6666666666666665,0.22222222222222224,0.4714045207910317,1.0
000617.png,2.86,2.0,1.11,2.0,2.78,2.0,2.25,0.6508666666666665,0.8067630796377996,1.7499999999999998,2.0,0.0,0.0,0.0
000618.png,5.0,4.0,5.0,5.0,4.44,5.0,4.8133333333333335,0.06968888888888879,0.26398653164297753,0.5599999999999996,4.666666666666667,0.22222222222222224,0.4714045207910317,1.0
000619.png,3.33,3.0,3.33,3.0,3.33,3.0,3.33,0.0,0.0,0.0,3.0,0.0,0.0,0.0
000620.png,3.0,3.0,2.14,3.0,1.5,3.0,2.2133333333333334,0.3776888888888889,0.614563982746214,1.5,3.0,0.0,0.0,0.0
000621.png,5.0,4.0,5.0,5.0,4.0,5.0,4.666666666666667,0.22222222222222224,0.4714045207910317,1.0,4.666666666666667,0.22222222222222224,0.4714045207910317,1.0
000622.png,5.0,4.0,5.0,5.0,4.5,5.0,4.833333333333333,0.05555555555555555,0.23570226039551584,0.5,4.666666666666667,0.22222222222222224,0.4714045207910317,1.0
000623.png,4.38,4.0,4.29,4.0,3.5,5.0,4.056666666666667,0.15628888888888887,0.3953338954464806,0.8799999999999999,4.333333333333333,0.22222222222222224,0.4714045207910317,1.0
000624.png,0.0,2.0,0.0,1.0,0.0,2.0,0.0,0.0,0.0,0.0,1.6666666666666667,0.2222222222222222,0.4714045207910317,1.0
000625.png,4.38,4.0,4.5,5.0,4.0,5.0,4.293333333333333,0.04542222222222222,0.21312489817527708,0.5,4.666666666666667,0.22222222222222224,0.4714045207910317,1.0
000626.png,1.25,4.0,1.5,4.0,0.5,4.0,1.0833333333333333,0.18055555555555555,0.42491829279939874,1.0,4.0,0.0,0.0,0.0
000627.png,3.5,2.0,2.22,3.0,3.0,4.0,2.9066666666666667,0.2774222222222222,0.5267088590694314,1.2799999999999998,3.0,0.6666666666666666,0.816496580927726,2.0
000628.png,4.38,2.0,3.5,2.0,3.0,3.0,3.6266666666666665,0.32542222222222217,0.5704579057408374,1.38,2.3333333333333335,0.22222222222222224,0.4714045207910317,1.0
000629.png,5.0,4.0,5.0,4.0,4.0,5.0,4.666666666666667,0.22222222222222224,0.4714045207910317,1.0,4.333333333333333,0.22222222222222224,0.4714045207910317,1.0
000630.png,3.0,4.0,5.0,4.0,5.0,5.0,4.333333333333333,0.888888888888889,0.9428090415820634,2.0,4.333333333333333,0.22222222222222224,0.4714045207910317,1.0
000631.png,0.0,3.0,0.0,3.0,0.0,4.0,0.0,0.0,0.0,0.0,3.3333333333333335,0.22222222222222224,0.4714045207910317,1.0
000632.png,5.0,4.0,3.89,3.0,4.44,3.0,4.443333333333334,0.20535555555555549,0.4531617322276402,1.1099999999999999,3.3333333333333335,0.22222222222222224,0.4714045207910317,1.0
000633.png,5.0,5.0,5.0,5.0,5.0,5.0,5.0,0.0,0.0,0.0,5.0,0.0,0.0,0.0
000634.png,0.0,2.0,1.43,2.0,0.0,2.0,0.4766666666666666,0.4544222222222222,0.6741084647311754,1.43,2.0,0.0,0.0,0.0
000635.png,5.0,5.0,5.0,4.0,5.0,5.0,5.0,0.0,0.0,0.0,4.666666666666667,0.22222222222222224,0.4714045207910317,1.0
000636.png,0.0,2.0,0.0,2.0,0.0,3.0,0.0,0.0,0.0,0.0,2.3333333333333335,0.22222222222222224,0.4714045207910317,1.0
000637.png,5.0,5.0,5.0,5.0,5.0,5.0,5.0,0.0,0.0,0.0,5.0,0.0,0.0,0.0
000638.png,2.22,3.0,1.43,4.0,2.22,5.0,1.956666666666667,0.13868888888888897,0.37240957142491515,0.7900000000000003,4.0,0.6666666666666666,0.816496580927726,2.0
000639.png,5.0,4.0,5.0,5.0,3.89,5.0,4.63,0.27379999999999993,0.5232590180780451,1.1099999999999999,4.666666666666667,0.22222222222222224,0.4714045207910317,1.0
000640.png,3.57,2.0,1.88,3.0,2.78,4.0,2.7433333333333327,0.4766888888888888,0.6904265992043533,1.69,3.0,0.6666666666666666,0.816496580927726,2.0
000641.png,5.0,3.0,4.38,4.0,3.33,4.0,4.236666666666666,0.47508888888888884,0.6892669213656556,1.67,3.6666666666666665,0.22222222222222224,0.4714045207910317,1.0
000642.png,3.89,4.0,2.5,3.0,2.78,4.0,3.0566666666666666,0.36028888888888894,0.6002406924633559,1.3900000000000001,3.6666666666666665,0.22222222222222224,0.4714045207910317,1.0
000643.png,3.75,5.0,4.38,4.0,3.33,5.0,3.82,0.18619999999999992,0.43150898020782824,1.0499999999999998,4.666666666666667,0.22222222222222224,0.4714045207910317,1.0
000644.png,3.89,4.0,2.5,4.0,2.78,4.0,3.0566666666666666,0.36028888888888894,0.6002406924633559,1.3900000000000001,4.0,0.0,0.0,0.0
000645.png,0.0,2.0,0.0,1.0,0.0,0.0,0.0,0.0,0.0,0.0,1.0,0.6666666666666666,0.816496580927726,2.0
000646.png,4.29,3.0,3.75,4.0,2.78,5.0,3.606666666666666,0.3902888888888891,0.6247310532452257,1.5100000000000002,4.0,0.6666666666666666,0.816496580927726,2.0
000647.png,5.0,5.0,5.0,5.0,5.0,4.0,5.0,0.0,0.0,0.0,4.666666666666667,0.22222222222222224,0.4714045207910317,1.0
000648.png,4.38,4.0,4.44,4.0,2.78,4.0,3.8666666666666667,0.5910222222222224,0.7687796968067135,1.6600000000000006,4.0,0.0,0.0,0.0
000649.png,2.78,2.0,2.22,3.0,2.78,4.0,2.5933333333333333,0.06968888888888879,0.26398653164297753,0.5599999999999996,3.0,0.6666666666666666,0.816496580927726,2.0
000650.png,3.33,4.0,5.0,4.0,4.0,5.0,4.11,0.4708666666666666,0.6861972505531239,1.67,4.333333333333333,0.22222222222222224,0.4714045207910317,1.0
000651.png,3.57,4.0,3.57,5.0,2.78,5.0,3.3066666666666666,0.1386888888888889,0.37240957142491504,0.79,4.666666666666667,0.22222222222222224,0.4714045207910317,1.0
000652.png,4.44,5.0,5.0,5.0,4.44,5.0,4.626666666666668,0.06968888888888879,0.26398653164297753,0.5599999999999996,5.0,0.0,0.0,0.0
000653.png,1.43,1.0,0.0,0.0,0.0,0.0,0.4766666666666666,0.4544222222222222,0.6741084647311754,1.43,0.3333333333333333,0.22222222222222224,0.4714045207910317,1.0
000654.png,4.29,3.0,3.57,4.0,3.33,4.0,3.73,0.16640000000000002,0.40792156108742283,0.96,3.6666666666666665,0.22222222222222224,0.4714045207910317,1.0
000655.png,3.33,4.0,3.33,4.0,4.44,5.0,3.7000000000000006,0.27380000000000015,0.5232590180780453,1.1100000000000003,4.333333333333333,0.22222222222222224,0.4714045207910317,1.0
000656.png,3.75,5.0,5.0,5.0,3.33,5.0,4.026666666666666,0.5030888888888888,0.7092875925101811,1.67,5.0,0.0,0.0,0.0
000657.png,0.0,3.0,0.0,3.0,0.0,4.0,0.0,0.0,0.0,0.0,3.3333333333333335,0.22222222222222224,0.4714045207910317,1.0
000658.png,0.0,1.0,0.0,1.0,0.0,0.0,0.0,0.0,0.0,0.0,0.6666666666666666,0.22222222222222224,0.4714045207910317,1.0
000659.png,0.0,1.0,0.0,1.0,0.0,0.0,0.0,0.0,0.0,0.0,0.6666666666666666,0.22222222222222224,0.4714045207910317,1.0
000660.png,2.22,4.0,1.67,3.0,1.11,2.0,1.6666666666666667,0.2053555555555556,0.45316173222764033,1.11,3.0,0.6666666666666666,0.816496580927726,2.0
000661.png,2.14,4.0,1.67,4.0,1.67,5.0,1.8266666666666669,0.04908888888888893,0.221560124771785,0.4700000000000002,4.333333333333333,0.22222222222222224,0.4714045207910317,1.0
000662.png,2.22,3.0,1.67,3.0,1.11,3.0,1.6666666666666667,0.2053555555555556,0.45316173222764033,1.11,3.0,0.0,0.0,0.0
000663.png,1.25,4.0,1.67,5.0,1.11,5.0,1.3433333333333335,0.05662222222222219,0.23795424396766324,0.5599999999999998,4.666666666666667,0.22222222222222224,0.4714045207910317,1.0
000664.png,2.5,3.0,2.5,3.0,1.43,4.0,2.143333333333333,0.25442222222222227,0.504402837246404,1.07,3.3333333333333335,0.22222222222222224,0.4714045207910317,1.0
000665.png,3.33,4.0,3.33,5.0,2.22,5.0,2.9600000000000004,0.27379999999999993,0.5232590180780451,1.1099999999999999,4.666666666666667,0.22222222222222224,0.4714045207910317,1.0
000666.png,2.5,3.0,1.11,3.0,2.78,3.0,2.1300000000000003,0.5332666666666666,0.7302510983673126,1.6699999999999997,3.0,0.0,0.0,0.0
000667.png,1.67,5.0,1.67,4.0,2.78,4.0,2.0399999999999996,0.27379999999999993,0.5232590180780451,1.1099999999999999,4.333333333333333,0.22222222222222224,0.4714045207910317,1.0
000668.png,4.29,5.0,3.89,5.0,2.78,5.0,3.653333333333333,0.40802222222222234,0.6387661717891941,1.5100000000000002,5.0,0.0,0.0,0.0
000669.png,0.0,2.0,0.0,3.0,1.67,3.0,0.5566666666666666,0.6197555555555555,0.7872455497210229,1.67,2.6666666666666665,0.22222222222222224,0.4714045207910317,1.0
000670.png,5.0,2.0,4.44,2.0,3.89,2.0,4.443333333333334,0.2053555555555555,0.4531617322276402,1.1099999999999999,2.0,0.0,0.0,0.0
000671.png,2.5,1.0,1.67,2.0,3.33,2.0,2.5,0.4592666666666667,0.6776921621700126,1.6600000000000001,1.6666666666666667,0.2222222222222222,0.4714045207910317,1.0
000672.png,5.0,4.0,5.0,5.0,3.89,5.0,4.63,0.27379999999999993,0.5232590180780451,1.1099999999999999,4.666666666666667,0.22222222222222224,0.4714045207910317,1.0
000673.png,0.0,3.0,0.0,3.0,0.0,2.0,0.0,0.0,0.0,0.0,2.6666666666666665,0.22222222222222224,0.4714045207910317,1.0
000674.png,3.12,1.0,4.38,2.0,3.75,2.0,3.75,0.2645999999999999,0.5143928459844673,1.2599999999999998,1.6666666666666667,0.2222222222222222,0.4714045207910317,1.0
000675.png,4.17,4.0,5.0,5.0,3.33,5.0,4.166666666666667,0.4648222222222222,0.6817787193967132,1.67,4.666666666666667,0.22222222222222224,0.4714045207910317,1.0
000676.png,5.0,4.0,5.0,5.0,5.0,4.0,5.0,0.0,0.0,0.0,4.333333333333333,0.22222222222222224,0.4714045207910317,1.0
000677.png,5.0,2.0,3.89,2.0,3.33,2.0,4.073333333333333,0.4816222222222222,0.6939900735761443,1.67,2.0,0.0,0.0,0.0
000678.png,3.89,4.0,3.89,5.0,2.86,5.0,3.546666666666667,0.2357555555555557,0.48554665641476275,1.0300000000000002,4.666666666666667,0.22222222222222224,0.4714045207910317,1.0
000679.png,5.0,3.0,4.44,3.0,3.33,4.0,4.256666666666667,0.4816222222222222,0.6939900735761443,1.67,3.3333333333333335,0.22222222222222224,0.4714045207910317,1.0
000680.png,3.57,4.0,4.38,4.0,2.78,5.0,3.576666666666666,0.4266888888888889,0.6532142748661337,1.6,4.333333333333333,0.22222222222222224,0.4714045207910317,1.0
000681.png,5.0,5.0,5.0,5.0,5.0,5.0,5.0,0.0,0.0,0.0,5.0,0.0,0.0,0.0
000682.png,5.0,5.0,5.0,5.0,3.33,5.0,4.443333333333333,0.6197555555555555,0.7872455497210229,1.67,5.0,0.0,0.0,0.0
000683.png,5.0,4.0,5.0,5.0,3.33,5.0,4.443333333333333,0.6197555555555555,0.7872455497210229,1.67,4.666666666666667,0.22222222222222224,0.4714045207910317,1.0
000684.png,4.17,4.0,2.5,4.0,3.33,4.0,3.3333333333333335,0.4648222222222222,0.6817787193967132,1.67,4.0,0.0,0.0,0.0
000685.png,4.29,3.0,3.75,3.0,1.11,4.0,3.0499999999999994,1.9304,1.3893883546366725,3.1799999999999997,3.3333333333333335,0.22222222222222224,0.4714045207910317,1.0
000686.png,3.33,3.0,2.5,3.0,2.78,4.0,2.8699999999999997,0.11886666666666672,0.34477045503735776,0.8300000000000001,3.3333333333333335,0.22222222222222224,0.4714045207910317,1.0
000687.png,3.33,4.0,3.12,3.0,1.67,3.0,2.706666666666667,0.544688888888889,0.7380304118997326,1.6600000000000001,3.3333333333333335,0.22222222222222224,0.4714045207910317,1.0
000688.png,5.0,5.0,4.38,4.0,3.75,5.0,4.376666666666666,0.2604222222222223,0.5103158063613377,1.25,4.666666666666667,0.22222222222222224,0.4714045207910317,1.0
000689.png,3.89,4.0,2.78,3.0,2.22,5.0,2.9633333333333334,0.4816222222222222,0.6939900735761443,1.67,4.0,0.6666666666666666,0.816496580927726,2.0
000690.png,4.38,4.0,3.12,3.0,2.86,3.0,3.453333333333333,0.44062222222222225,0.6637938100210202,1.52,3.3333333333333335,0.22222222222222224,0.4714045207910317,1.0
000691.png,4.44,5.0,5.0,5.0,4.38,4.0,4.6066666666666665,0.07795555555555554,0.2792052212182923,0.6200000000000001,4.666666666666667,0.22222222222222224,0.4714045207910317,1.0
000692.png,3.33,4.0,3.33,3.0,3.75,4.0,3.47,0.039199999999999985,0.19798989873223327,0.41999999999999993,3.6666666666666665,0.22222222222222224,0.4714045207910317,1.0
000693.png,2.78,4.0,2.22,5.0,2.5,5.0,2.5,0.05226666666666659,0.22861904265976313,0.5599999999999996,4.666666666666667,0.22222222222222224,0.4714045207910317,1.0
000694.png,4.38,3.0,3.33,3.0,2.78,4.0,3.4966666666666666,0.4405555555555556,0.6637435917246626,1.6,3.3333333333333335,0.22222222222222224,0.4714045207910317,1.0
000695.png,3.33,3.0,2.78,3.0,2.22,4.0,2.776666666666667,0.2053555555555555,0.4531617322276402,1.1099999999999999,3.3333333333333335,0.22222222222222224,0.4714045207910317,1.0
000696.png,3.75,5.0,3.33,5.0,3.12,5.0,3.4,0.06859999999999998,0.26191601707417583,0.6299999999999999,5.0,0.0,0.0,0.0
000697.png,3.12,4.0,1.88,4.0,2.78,5.0,2.5933333333333333,0.2736888888888889,0.5231528351150254,1.2400000000000002,4.333333333333333,0.22222222222222224,0.4714045207910317,1.0
000698.png,4.29,5.0,4.38,5.0,3.12,5.0,3.9299999999999997,0.3293999999999999,0.5739337940912697,1.2599999999999998,5.0,0.0,0.0,0.0
000699.png,3.12,4.0,2.5,4.0,1.67,5.0,2.43,0.3528666666666667,0.5940258131316069,1.4500000000000002,4.333333333333333,0.22222222222222224,0.4714045207910317,1.0
000700.png,2.78,4.0,1.11,4.0,2.78,5.0,2.223333333333333,0.6197555555555553,0.7872455497210228,1.6699999999999997,4.333333333333333,0.22222222222222224,0.4714045207910317,1.0
000701.png,3.33,3.0,2.78,3.0,2.78,3.0,2.963333333333333,0.06722222222222228,0.25927248643506756,0.5500000000000003,3.0,0.0,0.0,0.0
000702.png,0.71,5.0,1.11,5.0,0.0,5.0,0.6066666666666667,0.21068888888888893,0.4590085934804368,1.11,5.0,0.0,0.0,0.0
000703.png,4.29,4.0,2.22,4.0,2.78,5.0,3.0966666666666662,0.7642888888888888,0.8742361745483247,2.07,4.333333333333333,0.22222222222222224,0.4714045207910317,1.0
000704.png,3.33,4.0,2.22,4.0,2.22,4.0,2.5900000000000003,0.2737999999999999,0.5232590180780451,1.1099999999999999,4.0,0.0,0.0,0.0
000705.png,5.0,4.0,3.33,5.0,3.33,5.0,3.8866666666666667,0.6197555555555555,0.7872455497210229,1.67,4.666666666666667,0.22222222222222224,0.4714045207910317,1.0
000706.png,2.78,4.0,1.67,4.0,2.78,4.0,2.4099999999999997,0.2737999999999999,0.5232590180780451,1.1099999999999999,4.0,0.0,0.0,0.0
000707.png,1.67,4.0,1.67,4.0,0.0,5.0,1.1133333333333333,0.6197555555555555,0.7872455497210229,1.67,4.333333333333333,0.22222222222222224,0.4714045207910317,1.0
000708.png,5.0,4.0,4.29,4.0,4.44,5.0,4.576666666666667,0.09335555555555551,0.3055414138141596,0.71,4.333333333333333,0.22222222222222224,0.4714045207910317,1.0
000709.png,5.0,3.0,3.89,3.0,3.33,5.0,4.073333333333333,0.4816222222222222,0.6939900735761443,1.67,3.6666666666666665,0.8888888888888888,0.9428090415820634,2.0
000710.png,2.22,4.0,1.67,3.0,2.22,3.0,2.0366666666666666,0.0672222222222223,0.25927248643506756,0.5500000000000003,3.3333333333333335,0.22222222222222224,0.4714045207910317,1.0
000711.png,2.5,4.0,2.22,4.0,3.75,5.0,2.8233333333333337,0.4424222222222221,0.6651482708556207,1.5299999999999998,4.333333333333333,0.22222222222222224,0.4714045207910317,1.0
000712.png,0.0,3.0,0.0,2.0,0.0,2.0,0.0,0.0,0.0,0.0,2.3333333333333335,0.22222222222222224,0.4714045207910317,1.0
000713.png,5.0,4.0,5.0,5.0,5.0,5.0,5.0,0.0,0.0,0.0,4.666666666666667,0.22222222222222224,0.4714045207910317,1.0
000714.png,5.0,5.0,5.0,5.0,5.0,5.0,5.0,0.0,0.0,0.0,5.0,0.0,0.0,0.0
000715.png,5.0,4.0,0.0,4.0,3.0,5.0,2.6666666666666665,4.222222222222222,2.0548046676563256,5.0,4.333333333333333,0.22222222222222224,0.4714045207910317,1.0
000716.png,2.5,3.0,2.22,2.0,2.5,3.0,2.4066666666666667,0.017422222222222197,0.13199326582148876,0.2799999999999998,2.6666666666666665,0.22222222222222224,0.4714045207910317,1.0
000717.png,1.88,2.0,1.11,3.0,2.5,4.0,1.83,0.3232666666666666,0.568565446247542,1.39,3.0,0.6666666666666666,0.816496580927726,2.0
000718.png,0.0,2.0,0.0,2.0,0.0,2.0,0.0,0.0,0.0,0.0,2.0,0.0,0.0,0.0
000719.png,5.0,4.0,3.89,4.0,3.12,5.0,4.003333333333334,0.5954888888888888,0.7716792655558972,1.88,4.333333333333333,0.22222222222222224,0.4714045207910317,1.0
000720.png,4.0,5.0,4.5,4.0,4.0,4.0,4.166666666666667,0.05555555555555555,0.23570226039551584,0.5,4.333333333333333,0.22222222222222224,0.4714045207910317,1.0
000721.png,5.0,4.0,5.0,5.0,5.0,5.0,5.0,0.0,0.0,0.0,4.666666666666667,0.22222222222222224,0.4714045207910317,1.0
000722.png,5.0,5.0,4.0,4.0,3.75,5.0,4.25,0.2916666666666667,0.5400617248673217,1.25,4.666666666666667,0.22222222222222224,0.4714045207910317,1.0
000723.png,3.5,4.0,3.5,5.0,3.57,5.0,3.5233333333333334,0.001088888888888884,0.03299831645537214,0.06999999999999984,4.666666666666667,0.22222222222222224,0.4714045207910317,1.0
000724.png,1.67,4.0,1.0,2.0,2.5,4.0,1.7233333333333334,0.3764222222222222,0.6135325763333371,1.5,3.3333333333333335,0.8888888888888888,0.9428090415820634,2.0
000725.png,5.0,4.0,2.0,4.0,2.86,5.0,3.2866666666666666,1.5910222222222223,1.2613572936413466,3.0,4.333333333333333,0.22222222222222224,0.4714045207910317,1.0
000726.png,2.5,2.0,1.0,2.0,5.0,2.0,2.8333333333333335,2.722222222222222,1.6499158227686108,4.0,2.0,0.0,0.0,0.0
000727.png,0.0,1.0,0.0,1.0,0.0,0.0,0.0,0.0,0.0,0.0,0.6666666666666666,0.22222222222222224,0.4714045207910317,1.0
000728.png,0.0,3.0,1.0,3.0,0.0,3.0,0.3333333333333333,0.22222222222222224,0.4714045207910317,1.0,3.0,0.0,0.0,0.0
000729.png,3.33,2.0,3.0,2.0,4.38,3.0,3.5700000000000003,0.3461999999999999,0.5883876273342259,1.38,2.3333333333333335,0.22222222222222224,0.4714045207910317,1.0
000730.png,4.44,4.0,3.57,4.0,3.33,5.0,3.78,0.22740000000000016,0.4768647607026547,1.1100000000000003,4.333333333333333,0.22222222222222224,0.4714045207910317,1.0
000731.png,4.44,4.0,3.89,5.0,3.89,4.0,4.073333333333333,0.06722222222222228,0.25927248643506756,0.5500000000000003,4.333333333333333,0.22222222222222224,0.4714045207910317,1.0
000732.png,2.78,5.0,2.22,5.0,2.22,5.0,2.4066666666666667,0.06968888888888879,0.26398653164297753,0.5599999999999996,5.0,0.0,0.0,0.0
000733.png,5.0,3.0,5.0,3.0,5.0,4.0,5.0,0.0,0.0,0.0,3.3333333333333335,0.22222222222222224,0.4714045207910317,1.0
000734.png,0.0,1.0,0.0,2.0,0.0,3.0,0.0,0.0,0.0,0.0,2.0,0.6666666666666666,0.816496580927726,2.0
000735.png,3.33,5.0,3.89,4.0,2.78,5.0,3.3333333333333335,0.20535555555555565,0.4531617322276404,1.1100000000000003,4.666666666666667,0.22222222222222224,0.4714045207910317,1.0
000736.png,0.0,3.0,1.11,4.0,2.22,3.0,1.11,0.8214000000000001,0.906311204829776,2.22,3.3333333333333335,0.22222222222222224,0.4714045207910317,1.0
000737.png,0.0,3.0,0.0,3.0,0.0,2.0,0.0,0.0,0.0,0.0,2.6666666666666665,0.22222222222222224,0.4714045207910317,1.0
000738.png,1.0,1.0,1.11,2.0,2.22,2.0,1.4433333333333334,0.3036222222222223,0.5510192575783739,1.2200000000000002,1.6666666666666667,0.2222222222222222,0.4714045207910317,1.0
000739.png,3.33,3.0,1.67,3.0,1.67,4.0,2.223333333333333,0.6123555555555557,0.7825315045131127,1.6600000000000001,3.3333333333333335,0.22222222222222224,0.4714045207910317,1.0
000740.png,5.0,4.0,4.38,4.0,4.5,5.0,4.626666666666666,0.0720888888888889,0.2684937408746969,0.6200000000000001,4.333333333333333,0.22222222222222224,0.4714045207910317,1.0
000741.png,5.0,5.0,5.0,5.0,2.5,5.0,4.166666666666667,1.3888888888888886,1.178511301977579,2.5,5.0,0.0,0.0,0.0
000742.png,5.0,5.0,4.5,5.0,5.0,5.0,4.833333333333333,0.05555555555555555,0.23570226039551584,0.5,5.0,0.0,0.0,0.0
000743.png,5.0,4.0,5.0,3.0,5.0,2.0,5.0,0.0,0.0,0.0,3.0,0.6666666666666666,0.816496580927726,2.0
000744.png,5.0,4.0,5.0,3.0,4.0,2.0,4.666666666666667,0.22222222222222224,0.4714045207910317,1.0,3.0,0.6666666666666666,0.816496580927726,2.0
000745.png,0.0,3.0,0.0,2.0,0.0,1.0,0.0,0.0,0.0,0.0,2.0,0.6666666666666666,0.816496580927726,2.0
000746.png,5.0,4.0,3.33,4.0,4.5,5.0,4.276666666666666,0.4897555555555555,0.6998253750440573,1.67,4.333333333333333,0.22222222222222224,0.4714045207910317,1.0
000747.png,0.71,3.0,1.0,3.0,0.0,3.0,0.57,0.17646666666666666,0.42007935758219145,1.0,3.0,0.0,0.0,0.0
000748.png,5.0,5.0,5.0,5.0,5.0,4.0,5.0,0.0,0.0,0.0,4.666666666666667,0.22222222222222224,0.4714045207910317,1.0
000749.png,5.0,5.0,5.0,4.0,4.5,5.0,4.833333333333333,0.05555555555555555,0.23570226039551584,0.5,4.666666666666667,0.22222222222222224,0.4714045207910317,1.0
000750.png,5.0,4.0,3.57,4.0,3.0,4.0,3.856666666666667,0.7077555555555556,0.8412820903570666,2.0,4.0,0.0,0.0,0.0
000751.png,4.29,5.0,5.0,5.0,3.5,5.0,4.263333333333333,0.3753555555555555,0.6126626768096417,1.5,5.0,0.0,0.0,0.0
000752.png,4.38,5.0,5.0,5.0,3.5,5.0,4.293333333333333,0.37875555555555557,0.6154311948183612,1.5,5.0,0.0,0.0,0.0
000753.png,3.75,5.0,2.86,5.0,3.33,5.0,3.313333333333333,0.1321555555555556,0.363532055746884,0.8900000000000001,5.0,0.0,0.0,0.0
000754.png,4.44,5.0,5.0,5.0,4.0,4.0,4.48,0.16746666666666665,0.4092269134192748,1.0,4.666666666666667,0.22222222222222224,0.4714045207910317,1.0
000755.png,3.89,5.0,3.89,5.0,3.5,5.0,3.7600000000000002,0.03380000000000002,0.1838477631085024,0.3900000000000001,5.0,0.0,0.0,0.0
000756.png,4.17,4.0,4.17,4.0,3.0,4.0,3.78,0.30419999999999997,0.551543289325507,1.17,4.0,0.0,0.0,0.0
000757.png,5.0,4.0,4.29,4.0,3.5,4.0,4.263333333333333,0.3753555555555555,0.6126626768096417,1.5,4.0,0.0,0.0,0.0
000758.png,4.29,3.0,3.75,3.0,3.0,3.0,3.6799999999999997,0.2798,0.5289612462175277,1.29,3.0,0.0,0.0,0.0
000759.png,0.0,3.0,1.5,3.0,0.0,5.0,0.5,0.5,0.7071067811865476,1.5,3.6666666666666665,0.8888888888888888,0.9428090415820634,2.0
000760.png,5.0,5.0,4.44,5.0,5.0,5.0,4.8133333333333335,0.06968888888888879,0.26398653164297753,0.5599999999999996,5.0,0.0,0.0,0.0
000761.png,4.44,4.0,4.44,5.0,3.89,5.0,4.256666666666667,0.0672222222222223,0.25927248643506756,0.5500000000000003,4.666666666666667,0.22222222222222224,0.4714045207910317,1.0
000762.png,5.0,4.0,5.0,4.0,4.44,4.0,4.8133333333333335,0.06968888888888879,0.26398653164297753,0.5599999999999996,4.0,0.0,0.0,0.0
000763.png,5.0,2.0,3.89,2.0,3.89,3.0,4.260000000000001,0.2738,0.5232590180780452,1.1099999999999999,2.3333333333333335,0.22222222222222224,0.4714045207910317,1.0
000764.png,5.0,5.0,5.0,5.0,5.0,5.0,5.0,0.0,0.0,0.0,5.0,0.0,0.0,0.0
000765.png,5.0,5.0,4.44,5.0,5.0,5.0,4.8133333333333335,0.06968888888888879,0.26398653164297753,0.5599999999999996,5.0,0.0,0.0,0.0
000766.png,5.0,4.0,4.44,5.0,5.0,5.0,4.8133333333333335,0.06968888888888879,0.26398653164297753,0.5599999999999996,4.666666666666667,0.22222222222222224,0.4714045207910317,1.0
000767.png,4.29,3.0,4.44,2.0,4.44,3.0,4.390000000000001,0.005000000000000023,0.07071067811865492,0.15000000000000036,2.6666666666666665,0.22222222222222224,0.4714045207910317,1.0
000768.png,5.0,4.0,5.0,5.0,3.89,5.0,4.63,0.27379999999999993,0.5232590180780451,1.1099999999999999,4.666666666666667,0.22222222222222224,0.4714045207910317,1.0
000769.png,5.0,2.0,3.89,3.0,4.44,3.0,4.443333333333334,0.20535555555555549,0.4531617322276402,1.1099999999999999,2.6666666666666665,0.22222222222222224,0.4714045207910317,1.0
000770.png,5.0,5.0,5.0,4.0,4.44,4.0,4.8133333333333335,0.06968888888888879,0.26398653164297753,0.5599999999999996,4.333333333333333,0.22222222222222224,0.4714045207910317,1.0
000771.png,3.33,3.0,3.89,3.0,3.33,4.0,3.516666666666667,0.0696888888888889,0.26398653164297775,0.56,3.3333333333333335,0.22222222222222224,0.4714045207910317,1.0
000772.png,0.0,2.0,0.0,2.0,0.0,3.0,0.0,0.0,0.0,0.0,2.3333333333333335,0.22222222222222224,0.4714045207910317,1.0
000773.png,5.0,4.0,5.0,4.0,4.44,4.0,4.8133333333333335,0.06968888888888879,0.26398653164297753,0.5599999999999996,4.0,0.0,0.0,0.0
000774.png,3.12,3.0,1.67,3.0,2.78,4.0,2.5233333333333334,0.3833555555555556,0.619157133170212,1.4500000000000002,3.3333333333333335,0.22222222222222224,0.4714045207910317,1.0
000775.png,0.0,1.0,0.0,1.0,0.0,0.0,0.0,0.0,0.0,0.0,0.6666666666666666,0.22222222222222224,0.4714045207910317,1.0
000776.png,5.0,5.0,5.0,5.0,4.44,5.0,4.8133333333333335,0.06968888888888879,0.26398653164297753,0.5599999999999996,5.0,0.0,0.0,0.0
000777.png,5.0,5.0,5.0,5.0,4.44,5.0,4.8133333333333335,0.06968888888888879,0.26398653164297753,0.5599999999999996,5.0,0.0,0.0,0.0
000778.png,4.38,5.0,5.0,5.0,4.44,4.0,4.6066666666666665,0.07795555555555554,0.2792052212182923,0.6200000000000001,4.666666666666667,0.22222222222222224,0.4714045207910317,1.0
000779.png,3.33,4.0,1.67,3.0,3.33,4.0,2.776666666666667,0.6123555555555557,0.7825315045131127,1.6600000000000001,3.6666666666666665,0.22222222222222224,0.4714045207910317,1.0
000780.png,2.78,2.0,2.22,3.0,1.67,3.0,2.223333333333333,0.2053555555555555,0.4531617322276402,1.1099999999999999,2.6666666666666665,0.22222222222222224,0.4714045207910317,1.0
000781.png,5.0,5.0,4.44,5.0,3.33,5.0,4.256666666666667,0.4816222222222222,0.6939900735761443,1.67,5.0,0.0,0.0,0.0
000782.png,2.86,4.0,2.78,4.0,2.86,4.0,2.8333333333333335,0.0014222222222222247,0.03771236166328257,0.08000000000000007,4.0,0.0,0.0,0.0
000783.png,4.17,4.0,1.11,3.0,1.67,4.0,2.316666666666667,1.7696888888888889,1.3302965417112416,3.0599999999999996,3.6666666666666665,0.22222222222222224,0.4714045207910317,1.0
000784.png,5.0,5.0,5.0,5.0,5.0,5.0,5.0,0.0,0.0,0.0,5.0,0.0,0.0,0.0
000785.png,5.0,4.0,3.12,5.0,2.78,5.0,3.6333333333333333,0.9531555555555556,0.976296858314906,2.22,4.666666666666667,0.22222222222222224,0.4714045207910317,1.0
000786.png,5.0,5.0,4.29,4.0,5.0,5.0,4.763333333333333,0.1120222222222222,0.3346972097616325,0.71,4.666666666666667,0.22222222222222224,0.4714045207910317,1.0
000787.png,1.0,2.0,1.11,2.0,0.56,3.0,0.8900000000000001,0.05646666666666667,0.23762715894162156,0.55,2.3333333333333335,0.22222222222222224,0.4714045207910317,1.0
000788.png,2.78,2.0,1.67,2.0,1.11,3.0,1.8533333333333333,0.481622222222222,0.6939900735761442,1.6699999999999997,2.3333333333333335,0.22222222222222224,0.4714045207910317,1.0
000789.png,0.0,1.0,0.0,1.0,0.0,2.0,0.0,0.0,0.0,0.0,1.3333333333333333,0.2222222222222222,0.4714045207910317,1.0
000790.png,5.0,5.0,4.29,5.0,5.0,5.0,4.763333333333333,0.1120222222222222,0.3346972097616325,0.71,5.0,0.0,0.0,0.0
000791.png,5.0,3.0,4.17,3.0,5.0,3.0,4.723333333333334,0.1530888888888889,0.39126575225655635,0.8300000000000001,3.0,0.0,0.0,0.0
000792.png,0.0,1.0,0.0,1.0,0.0,1.0,0.0,0.0,0.0,0.0,1.0,0.0,0.0,0.0
000793.png,5.0,5.0,5.0,5.0,5.0,5.0,5.0,0.0,0.0,0.0,5.0,0.0,0.0,0.0
000794.png,5.0,5.0,5.0,4.0,5.0,4.0,5.0,0.0,0.0,0.0,4.333333333333333,0.22222222222222224,0.4714045207910317,1.0
000795.png,5.0,4.0,5.0,4.0,5.0,4.0,5.0,0.0,0.0,0.0,4.0,0.0,0.0,0.0
000796.png,5.0,5.0,5.0,5.0,5.0,5.0,5.0,0.0,0.0,0.0,5.0,0.0,0.0,0.0
000797.png,2.22,3.0,2.86,3.0,1.11,2.0,2.0633333333333335,0.5226888888888888,0.7229722601102263,1.7499999999999998,2.6666666666666665,0.22222222222222224,0.4714045207910317,1.0
000798.png,5.0,4.0,2.14,3.0,1.11,2.0,2.75,2.708066666666666,1.6456204503671756,3.8899999999999997,3.0,0.6666666666666666,0.816496580927726,2.0
000799.png,5.0,5.0,5.0,5.0,5.0,5.0,5.0,0.0,0.0,0.0,5.0,0.0,0.0,0.0
000800.png,3.33,4.0,2.78,3.0,3.33,3.0,3.1466666666666665,0.0672222222222223,0.25927248643506756,0.5500000000000003,3.3333333333333335,0.22222222222222224,0.4714045207910317,1.0
000801.png,2.5,3.0,1.11,3.0,2.78,4.0,2.1300000000000003,0.5332666666666666,0.7302510983673126,1.6699999999999997,3.3333333333333335,0.22222222222222224,0.4714045207910317,1.0
000802.png,3.33,4.0,2.22,4.0,1.67,5.0,2.4066666666666667,0.47668888888888894,0.6904265992043535,1.6600000000000001,4.333333333333333,0.22222222222222224,0.4714045207910317,1.0
000803.png,5.0,5.0,4.44,5.0,5.0,4.0,4.8133333333333335,0.06968888888888879,0.26398653164297753,0.5599999999999996,4.666666666666667,0.22222222222222224,0.4714045207910317,1.0
000804.png,5.0,5.0,5.0,5.0,2.78,5.0,4.26,1.0952000000000002,1.0465180361560904,2.22,5.0,0.0,0.0,0.0
000805.png,5.0,5.0,5.0,5.0,5.0,5.0,5.0,0.0,0.0,0.0,5.0,0.0,0.0,0.0
000806.png,3.33,4.0,1.67,4.0,3.33,3.0,2.776666666666667,0.6123555555555557,0.7825315045131127,1.6600000000000001,3.6666666666666665,0.22222222222222224,0.4714045207910317,1.0
000807.png,5.0,2.0,5.0,2.0,4.29,2.0,4.763333333333333,0.1120222222222222,0.3346972097616325,0.71,2.0,0.0,0.0,0.0
000808.png,1.67,2.0,1.67,3.0,2.22,2.0,1.8533333333333335,0.0672222222222223,0.25927248643506756,0.5500000000000003,2.3333333333333335,0.22222222222222224,0.4714045207910317,1.0
000809.png,5.0,4.0,4.44,4.0,3.89,4.0,4.443333333333334,0.2053555555555555,0.4531617322276402,1.1099999999999999,4.0,0.0,0.0,0.0
000810.png,1.43,3.0,1.11,3.0,1.11,3.0,1.2166666666666668,0.022755555555555532,0.15084944665313005,0.31999999999999984,3.0,0.0,0.0,0.0
000811.png,2.78,4.0,1.67,4.0,2.78,3.0,2.4099999999999997,0.2737999999999999,0.5232590180780451,1.1099999999999999,3.6666666666666665,0.22222222222222224,0.4714045207910317,1.0
000812.png,5.0,5.0,4.38,5.0,3.33,5.0,4.236666666666666,0.47508888888888884,0.6892669213656556,1.67,5.0,0.0,0.0,0.0
000813.png,2.22,4.0,1.11,4.0,1.67,4.0,1.6666666666666667,0.2053555555555556,0.45316173222764033,1.11,4.0,0.0,0.0,0.0
000814.png,0.56,2.0,0.56,2.0,0.56,1.0,0.56,0.0,0.0,0.0,1.6666666666666667,0.2222222222222222,0.4714045207910317,1.0
000815.png,5.0,5.0,4.38,4.0,5.0,5.0,4.793333333333333,0.08542222222222225,0.29227080289043966,0.6200000000000001,4.666666666666667,0.22222222222222224,0.4714045207910317,1.0
000816.png,2.22,4.0,1.11,3.0,2.78,4.0,2.0366666666666666,0.481622222222222,0.6939900735761442,1.6699999999999997,3.6666666666666665,0.22222222222222224,0.4714045207910317,1.0
000817.png,5.0,5.0,4.44,5.0,2.22,5.0,3.886666666666667,1.4411555555555555,1.2004813849267115,2.78,5.0,0.0,0.0,0.0
000818.png,4.17,1.0,3.75,1.0,5.0,1.0,4.306666666666667,0.2697555555555556,0.5193799722318484,1.25,1.0,0.0,0.0,0.0
000819.png,2.5,4.0,3.57,5.0,2.22,5.0,2.7633333333333336,0.3384222222222221,0.5817406829698454,1.3499999999999996,4.666666666666667,0.22222222222222224,0.4714045207910317,1.0
000820.png,2.5,4.0,2.22,3.0,2.78,3.0,2.5,0.05226666666666659,0.22861904265976313,0.5599999999999996,3.3333333333333335,0.22222222222222224,0.4714045207910317,1.0
000821.png,3.33,4.0,3.33,5.0,2.78,5.0,3.1466666666666665,0.0672222222222223,0.25927248643506756,0.5500000000000003,4.666666666666667,0.22222222222222224,0.4714045207910317,1.0
000822.png,3.89,4.0,2.22,4.0,2.22,5.0,2.776666666666667,0.6197555555555555,0.7872455497210229,1.67,4.333333333333333,0.22222222222222224,0.4714045207910317,1.0
000823.png,3.12,4.0,2.22,3.0,2.78,3.0,2.7066666666666666,0.13768888888888883,0.3710645346686865,0.8999999999999999,3.3333333333333335,0.22222222222222224,0.4714045207910317,1.0
000824.png,5.0,5.0,3.89,5.0,3.89,5.0,4.260000000000001,0.2738,0.5232590180780452,1.1099999999999999,5.0,0.0,0.0,0.0
000825.png,4.44,4.0,5.0,5.0,5.0,4.0,4.8133333333333335,0.06968888888888879,0.26398653164297753,0.5599999999999996,4.333333333333333,0.22222222222222224,0.4714045207910317,1.0
000826.png,5.0,5.0,5.0,5.0,5.0,5.0,5.0,0.0,0.0,0.0,5.0,0.0,0.0,0.0
000827.png,1.67,4.0,1.67,3.0,1.67,2.0,1.67,0.0,0.0,0.0,3.0,0.6666666666666666,0.816496580927726,2.0
000828.png,0.0,4.0,1.67,4.0,1.11,3.0,0.9266666666666667,0.4816222222222222,0.6939900735761443,1.67,3.6666666666666665,0.22222222222222224,0.4714045207910317,1.0
000829.png,5.0,5.0,5.0,5.0,5.0,5.0,5.0,0.0,0.0,0.0,5.0,0.0,0.0,0.0
000830.png,5.0,4.0,3.75,4.0,5.0,5.0,4.583333333333333,0.34722222222222227,0.5892556509887896,1.25,4.333333333333333,0.22222222222222224,0.4714045207910317,1.0
000831.png,3.12,5.0,2.78,4.0,2.22,4.0,2.706666666666667,0.13768888888888886,0.3710645346686865,0.8999999999999999,4.333333333333333,0.22222222222222224,0.4714045207910317,1.0
000832.png,4.44,5.0,3.89,5.0,2.78,4.0,3.703333333333333,0.4766888888888892,0.6904265992043537,1.6600000000000006,4.666666666666667,0.22222222222222224,0.4714045207910317,1.0
000833.png,5.0,3.0,2.22,3.0,2.78,3.0,3.3333333333333335,1.4411555555555555,1.2004813849267115,2.78,3.0,0.0,0.0,0.0
000834.png,4.38,5.0,4.38,5.0,3.33,5.0,4.03,0.2449999999999999,0.4949747468305832,1.0499999999999998,5.0,0.0,0.0,0.0
000835.png,0.56,1.0,0.56,1.0,0.0,0.0,0.37333333333333335,0.0696888888888889,0.26398653164297775,0.56,0.6666666666666666,0.22222222222222224,0.4714045207910317,1.0
000836.png,1.25,4.0,1.67,3.0,0.0,4.0,0.9733333333333333,0.5030888888888888,0.7092875925101811,1.67,3.6666666666666665,0.22222222222222224,0.4714045207910317,1.0
000837.png,5.0,2.0,3.33,3.0,0.0,3.0,2.776666666666667,4.319755555555555,2.0784021640566954,5.0,2.6666666666666665,0.22222222222222224,0.4714045207910317,1.0
000838.png,0.62,4.0,0.56,3.0,0.0,4.0,0.39333333333333337,0.07795555555555556,0.27920522121829233,0.62,3.6666666666666665,0.22222222222222224,0.4714045207910317,1.0
000839.png,3.57,4.0,2.78,4.0,3.89,5.0,3.4133333333333336,0.2176222222222223,0.4664999702274613,1.1100000000000003,4.333333333333333,0.22222222222222224,0.4714045207910317,1.0
000840.png,5.0,4.0,5.0,5.0,5.0,4.0,5.0,0.0,0.0,0.0,4.333333333333333,0.22222222222222224,0.4714045207910317,1.0
000841.png,1.67,2.0,1.11,3.0,0.56,4.0,1.1133333333333335,0.2053555555555555,0.4531617322276402,1.1099999999999999,3.0,0.6666666666666666,0.816496580927726,2.0
000842.png,1.11,4.0,1.67,4.0,1.11,4.0,1.2966666666666669,0.06968888888888884,0.26398653164297764,0.5599999999999998,4.0,0.0,0.0,0.0
000843.png,2.22,5.0,1.11,5.0,0.56,5.0,1.2966666666666666,0.47668888888888894,0.6904265992043535,1.6600000000000001,5.0,0.0,0.0,0.0
000844.png,5.0,5.0,4.44,5.0,5.0,5.0,4.8133333333333335,0.06968888888888879,0.26398653164297753,0.5599999999999996,5.0,0.0,0.0,0.0
000845.png,3.89,5.0,3.89,5.0,4.44,5.0,4.073333333333333,0.06722222222222228,0.25927248643506756,0.5500000000000003,5.0,0.0,0.0,0.0
000846.png,3.89,4.0,2.78,4.0,0.56,4.0,2.41,1.9166,1.3844132331063583,3.33,4.0,0.0,0.0,0.0
000847.png,2.5,4.0,2.78,4.0,2.78,4.0,2.686666666666666,0.017422222222222197,0.13199326582148876,0.2799999999999998,4.0,0.0,0.0,0.0
000848.png,3.33,4.0,2.22,3.0,2.0,3.0,2.516666666666667,0.3388222222222222,0.5820843772360002,1.33,3.3333333333333335,0.22222222222222224,0.4714045207910317,1.0
000849.png,5.0,4.0,3.33,4.0,4.44,5.0,4.256666666666667,0.48162222222222223,0.6939900735761443,1.67,4.333333333333333,0.22222222222222224,0.4714045207910317,1.0
000850.png,5.0,4.0,4.44,5.0,5.0,4.0,4.8133333333333335,0.06968888888888879,0.26398653164297753,0.5599999999999996,4.333333333333333,0.22222222222222224,0.4714045207910317,1.0
000851.png,2.5,4.0,3.33,4.0,1.67,4.0,2.5,0.4592666666666667,0.6776921621700126,1.6600000000000001,4.0,0.0,0.0,0.0
000852.png,5.0,4.0,3.89,5.0,3.33,5.0,4.073333333333333,0.4816222222222222,0.6939900735761443,1.67,4.666666666666667,0.22222222222222224,0.4714045207910317,1.0
000853.png,5.0,4.0,3.75,4.0,5.0,4.0,4.583333333333333,0.34722222222222227,0.5892556509887896,1.25,4.0,0.0,0.0,0.0
000854.png,5.0,5.0,5.0,5.0,5.0,5.0,5.0,0.0,0.0,0.0,5.0,0.0,0.0,0.0
000855.png,5.0,5.0,5.0,5.0,5.0,5.0,5.0,0.0,0.0,0.0,5.0,0.0,0.0,0.0
000856.png,5.0,5.0,5.0,5.0,3.33,5.0,4.443333333333333,0.6197555555555555,0.7872455497210229,1.67,5.0,0.0,0.0,0.0
000857.png,4.44,4.0,5.0,4.0,0.0,4.0,3.146666666666667,5.0030222222222225,2.2367436648445485,5.0,4.0,0.0,0.0,0.0
000858.png,5.0,5.0,5.0,5.0,3.33,5.0,4.443333333333333,0.6197555555555555,0.7872455497210229,1.67,5.0,0.0,0.0,0.0
000859.png,0.0,4.0,1.11,4.0,0.0,3.0,0.37000000000000005,0.2738,0.5232590180780452,1.11,3.6666666666666665,0.22222222222222224,0.4714045207910317,1.0
000860.png,5.0,5.0,5.0,5.0,5.0,5.0,5.0,0.0,0.0,0.0,5.0,0.0,0.0,0.0
000861.png,4.38,5.0,5.0,4.0,5.0,5.0,4.793333333333333,0.08542222222222225,0.29227080289043966,0.6200000000000001,4.666666666666667,0.22222222222222224,0.4714045207910317,1.0
000862.png,5.0,5.0,5.0,5.0,5.0,5.0,5.0,0.0,0.0,0.0,5.0,0.0,0.0,0.0
000863.png,0.0,4.0,0.0,3.0,0.0,4.0,0.0,0.0,0.0,0.0,3.6666666666666665,0.22222222222222224,0.4714045207910317,1.0
000864.png,4.38,4.0,4.29,4.0,4.44,4.0,4.37,0.0038000000000000156,0.06164414002968989,0.15000000000000036,4.0,0.0,0.0,0.0
000865.png,5.0,5.0,5.0,5.0,4.44,5.0,4.8133333333333335,0.06968888888888879,0.26398653164297753,0.5599999999999996,5.0,0.0,0.0,0.0
000866.png,5.0,5.0,5.0,5.0,3.33,5.0,4.443333333333333,0.6197555555555555,0.7872455497210229,1.67,5.0,0.0,0.0,0.0
000867.png,4.44,5.0,5.0,5.0,4.44,4.0,4.626666666666668,0.06968888888888879,0.26398653164297753,0.5599999999999996,4.666666666666667,0.22222222222222224,0.4714045207910317,1.0
000868.png,4.38,4.0,4.38,4.0,4.38,3.0,4.38,0.0,0.0,0.0,3.6666666666666665,0.22222222222222224,0.4714045207910317,1.0
000869.png,5.0,4.0,4.38,4.0,4.38,5.0,4.586666666666666,0.08542222222222225,0.29227080289043966,0.6200000000000001,4.333333333333333,0.22222222222222224,0.4714045207910317,1.0
000870.png,5.0,4.0,1.11,4.0,1.67,4.0,2.5933333333333333,2.948288888888889,1.717058207775406,3.8899999999999997,4.0,0.0,0.0,0.0
000871.png,5.0,3.0,4.0,4.0,5.0,3.0,4.666666666666667,0.22222222222222224,0.4714045207910317,1.0,3.3333333333333335,0.22222222222222224,0.4714045207910317,1.0
000872.png,5.0,5.0,4.0,5.0,5.0,5.0,4.666666666666667,0.22222222222222224,0.4714045207910317,1.0,5.0,0.0,0.0,0.0
000873.png,5.0,4.0,5.0,3.0,5.0,2.0,5.0,0.0,0.0,0.0,3.0,0.6666666666666666,0.816496580927726,2.0
000874.png,1.88,4.0,2.5,3.0,0.56,4.0,1.6466666666666665,0.6544888888888888,0.8090048756891943,1.94,3.6666666666666665,0.22222222222222224,0.4714045207910317,1.0
000875.png,5.0,5.0,5.0,5.0,5.0,5.0,5.0,0.0,0.0,0.0,5.0,0.0,0.0,0.0
000876.png,5.0,4.0,5.0,4.0,5.0,5.0,5.0,0.0,0.0,0.0,4.333333333333333,0.22222222222222224,0.4714045207910317,1.0
000877.png,3.0,5.0,2.0,4.0,3.0,5.0,2.6666666666666665,0.22222222222222224,0.4714045207910317,1.0,4.666666666666667,0.22222222222222224,0.4714045207910317,1.0
000878.png,2.0,4.0,1.0,4.0,1.67,5.0,1.5566666666666666,0.17308888888888888,0.41603952803656635,1.0,4.333333333333333,0.22222222222222224,0.4714045207910317,1.0
000879.png,5.0,5.0,5.0,5.0,5.0,5.0,5.0,0.0,0.0,0.0,5.0,0.0,0.0,0.0
000880.png,5.0,5.0,5.0,5.0,3.33,4.0,4.443333333333333,0.6197555555555555,0.7872455497210229,1.67,4.666666666666667,0.22222222222222224,0.4714045207910317,1.0
000881.png,5.0,5.0,5.0,5.0,4.44,5.0,4.8133333333333335,0.06968888888888879,0.26398653164297753,0.5599999999999996,5.0,0.0,0.0,0.0
000882.png,5.0,4.0,4.29,4.0,5.0,5.0,4.763333333333333,0.1120222222222222,0.3346972097616325,0.71,4.333333333333333,0.22222222222222224,0.4714045207910317,1.0
000883.png,5.0,5.0,5.0,5.0,5.0,5.0,5.0,0.0,0.0,0.0,5.0,0.0,0.0,0.0
000884.png,1.67,3.0,2.22,3.0,0.56,4.0,1.4833333333333334,0.47668888888888894,0.6904265992043535,1.6600000000000001,3.3333333333333335,0.22222222222222224,0.4714045207910317,1.0
000885.png,5.0,5.0,5.0,5.0,3.33,5.0,4.443333333333333,0.6197555555555555,0.7872455497210229,1.67,5.0,0.0,0.0,0.0
000886.png,5.0,5.0,5.0,4.0,3.33,5.0,4.443333333333333,0.6197555555555555,0.7872455497210229,1.67,4.666666666666667,0.22222222222222224,0.4714045207910317,1.0
000887.png,5.0,5.0,5.0,5.0,3.33,5.0,4.443333333333333,0.6197555555555555,0.7872455497210229,1.67,5.0,0.0,0.0,0.0
000888.png,1.88,4.0,0.83,3.0,0.0,2.0,0.9033333333333333,0.5917555555555555,0.7692564952963059,1.88,3.0,0.6666666666666666,0.816496580927726,2.0
000889.png,2.0,5.0,2.5,5.0,3.33,4.0,2.61,0.3008666666666667,0.5485131417447231,1.33,4.666666666666667,0.22222222222222224,0.4714045207910317,1.0
000890.png,5.0,5.0,5.0,5.0,5.0,5.0,5.0,0.0,0.0,0.0,5.0,0.0,0.0,0.0
000891.png,5.0,5.0,5.0,5.0,5.0,5.0,5.0,0.0,0.0,0.0,5.0,0.0,0.0,0.0
000892.png,5.0,4.0,4.44,4.0,5.0,4.0,4.8133333333333335,0.06968888888888879,0.26398653164297753,0.5599999999999996,4.0,0.0,0.0,0.0
000893.png,5.0,5.0,5.0,4.0,5.0,3.0,5.0,0.0,0.0,0.0,4.0,0.6666666666666666,0.816496580927726,2.0
000894.png,0.71,5.0,0.56,5.0,0.56,5.0,0.61,0.004999999999999994,0.07071067811865471,0.1499999999999999,5.0,0.0,0.0,0.0
000895.png,5.0,5.0,3.89,5.0,5.0,4.0,4.63,0.2737999999999999,0.5232590180780451,1.1099999999999999,4.666666666666667,0.22222222222222224,0.4714045207910317,1.0
000896.png,5.0,4.0,5.0,4.0,4.44,3.0,4.8133333333333335,0.06968888888888879,0.26398653164297753,0.5599999999999996,3.6666666666666665,0.22222222222222224,0.4714045207910317,1.0
000897.png,5.0,5.0,5.0,5.0,5.0,4.0,5.0,0.0,0.0,0.0,4.666666666666667,0.22222222222222224,0.4714045207910317,1.0
000898.png,5.0,4.0,5.0,5.0,4.44,5.0,4.8133333333333335,0.06968888888888879,0.26398653164297753,0.5599999999999996,4.666666666666667,0.22222222222222224,0.4714045207910317,1.0
000899.png,5.0,5.0,3.89,5.0,5.0,4.0,4.63,0.2737999999999999,0.5232590180780451,1.1099999999999999,4.666666666666667,0.22222222222222224,0.4714045207910317,1.0
000900.png,5.0,5.0,3.75,4.0,5.0,5.0,4.583333333333333,0.34722222222222227,0.5892556509887896,1.25,4.666666666666667,0.22222222222222224,0.4714045207910317,1.0
000901.png,5.0,5.0,3.33,5.0,5.0,5.0,4.443333333333333,0.6197555555555555,0.7872455497210229,1.67,5.0,0.0,0.0,0.0
000902.png,0.0,5.0,0.0,5.0,0.0,5.0,0.0,0.0,0.0,0.0,5.0,0.0,0.0,0.0
000903.png,5.0,4.0,4.38,4.0,3.89,4.0,4.423333333333333,0.20628888888888885,0.454190366354119,1.1099999999999999,4.0,0.0,0.0,0.0
000904.png,5.0,4.0,4.38,5.0,4.29,4.0,4.556666666666666,0.09962222222222222,0.3156298817004217,0.71,4.333333333333333,0.22222222222222224,0.4714045207910317,1.0
000905.png,0.0,4.0,1.88,5.0,0.0,4.0,0.6266666666666666,0.7854222222222221,0.8862404990871395,1.88,4.333333333333333,0.22222222222222224,0.4714045207910317,1.0
000906.png,0.0,5.0,0.56,4.0,0.0,4.0,0.18666666666666668,0.06968888888888891,0.2639865316429778,0.56,4.333333333333333,0.22222222222222224,0.4714045207910317,1.0
000907.png,5.0,5.0,3.33,4.0,3.57,4.0,3.966666666666667,0.5434888888888889,0.7372169890126576,1.67,4.333333333333333,0.22222222222222224,0.4714045207910317,1.0
000908.png,5.0,5.0,3.33,4.0,4.38,4.0,4.236666666666667,0.47508888888888884,0.6892669213656556,1.67,4.333333333333333,0.22222222222222224,0.4714045207910317,1.0
000909.png,5.0,5.0,4.44,4.0,5.0,4.0,4.8133333333333335,0.06968888888888879,0.26398653164297753,0.5599999999999996,4.333333333333333,0.22222222222222224,0.4714045207910317,1.0
000910.png,5.0,5.0,5.0,5.0,5.0,5.0,5.0,0.0,0.0,0.0,5.0,0.0,0.0,0.0
000911.png,5.0,5.0,5.0,5.0,5.0,5.0,5.0,0.0,0.0,0.0,5.0,0.0,0.0,0.0
000912.png,5.0,5.0,5.0,5.0,5.0,5.0,5.0,0.0,0.0,0.0,5.0,0.0,0.0,0.0
000913.png,3.33,5.0,3.33,5.0,3.33,5.0,3.33,0.0,0.0,0.0,5.0,0.0,0.0,0.0
000914.png,5.0,5.0,5.0,5.0,5.0,5.0,5.0,0.0,0.0,0.0,5.0,0.0,0.0,0.0
000915.png,4.0,3.0,4.0,3.0,4.0,3.0,4.0,0.0,0.0,0.0,3.0,0.0,0.0,0.0
000916.png,2.5,2.0,2.5,2.0,2.5,2.0,2.5,0.0,0.0,0.0,2.0,0.0,0.0,0.0
000917.png,3.33,3.0,3.33,3.0,3.33,3.0,3.33,0.0,0.0,0.0,3.0,0.0,0.0,0.0
000918.png,5.0,4.0,5.0,4.0,5.0,4.0,5.0,0.0,0.0,0.0,4.0,0.0,0.0,0.0
000919.png,5.0,5.0,5.0,5.0,5.0,5.0,5.0,0.0,0.0,0.0,5.0,0.0,0.0,0.0
000920.png,5.0,5.0,5.0,5.0,5.0,5.0,5.0,0.0,0.0,0.0,5.0,0.0,0.0,0.0
000921.png,4.44,3.0,4.44,3.0,5.0,2.0,4.626666666666667,0.06968888888888879,0.26398653164297753,0.5599999999999996,2.6666666666666665,0.22222222222222224,0.4714045207910317,1.0
000922.png,4.44,4.0,4.38,4.0,5.0,4.0,4.6066666666666665,0.07795555555555553,0.2792052212182923,0.6200000000000001,4.0,0.0,0.0,0.0
000923.png,5.0,5.0,5.0,5.0,5.0,4.0,5.0,0.0,0.0,0.0,4.666666666666667,0.22222222222222224,0.4714045207910317,1.0
000924.png,0.56,4.0,0.56,4.0,0.0,4.0,0.37333333333333335,0.0696888888888889,0.26398653164297775,0.56,4.0,0.0,0.0,0.0
000925.png,5.0,5.0,5.0,5.0,5.0,5.0,5.0,0.0,0.0,0.0,5.0,0.0,0.0,0.0
000926.png,5.0,5.0,5.0,5.0,5.0,5.0,5.0,0.0,0.0,0.0,5.0,0.0,0.0,0.0
000927.png,5.0,2.0,3.89,2.0,3.89,1.0,4.260000000000001,0.2738,0.5232590180780452,1.1099999999999999,1.6666666666666667,0.2222222222222222,0.4714045207910317,1.0
000928.png,5.0,5.0,5.0,5.0,5.0,5.0,5.0,0.0,0.0,0.0,5.0,0.0,0.0,0.0
000929.png,5.0,5.0,5.0,5.0,5.0,4.0,5.0,0.0,0.0,0.0,4.666666666666667,0.22222222222222224,0.4714045207910317,1.0
000930.png,5.0,5.0,4.0,4.0,5.0,4.0,4.666666666666667,0.22222222222222224,0.4714045207910317,1.0,4.333333333333333,0.22222222222222224,0.4714045207910317,1.0
000931.png,3.12,5.0,3.89,5.0,3.12,5.0,3.3766666666666665,0.13175555555555557,0.36298148100909444,0.77,5.0,0.0,0.0,0.0
000932.png,5.0,5.0,5.0,5.0,5.0,4.0,5.0,0.0,0.0,0.0,4.666666666666667,0.22222222222222224,0.4714045207910317,1.0
000933.png,5.0,5.0,3.33,5.0,5.0,4.0,4.443333333333333,0.6197555555555555,0.7872455497210229,1.67,4.666666666666667,0.22222222222222224,0.4714045207910317,1.0
000934.png,5.0,3.0,5.0,3.0,5.0,3.0,5.0,0.0,0.0,0.0,3.0,0.0,0.0,0.0
000935.png,1.67,5.0,2.78,5.0,2.22,5.0,2.223333333333333,0.20535555555555549,0.4531617322276402,1.1099999999999999,5.0,0.0,0.0,0.0
000936.png,5.0,5.0,3.89,5.0,4.38,4.0,4.423333333333333,0.20628888888888885,0.454190366354119,1.1099999999999999,4.666666666666667,0.22222222222222224,0.4714045207910317,1.0
000937.png,3.33,5.0,2.22,4.0,1.88,3.0,2.476666666666667,0.3833555555555556,0.619157133170212,1.4500000000000002,4.0,0.6666666666666666,0.816496580927726,2.0
000938.png,5.0,4.0,3.33,4.0,3.89,4.0,4.073333333333333,0.4816222222222222,0.6939900735761443,1.67,4.0,0.0,0.0,0.0
000939.png,5.0,5.0,3.33,5.0,4.38,4.0,4.236666666666667,0.47508888888888884,0.6892669213656556,1.67,4.666666666666667,0.22222222222222224,0.4714045207910317,1.0
000940.png,2.14,1.0,0.62,2.0,0.56,2.0,1.1066666666666667,0.5344888888888889,0.7310874700669469,1.58,1.6666666666666667,0.2222222222222222,0.4714045207910317,1.0
000941.png,4.44,5.0,3.75,5.0,3.75,4.0,3.9800000000000004,0.10580000000000012,0.32526911934581204,0.6900000000000004,4.666666666666667,0.22222222222222224,0.4714045207910317,1.0
000942.png,4.29,5.0,4.17,5.0,4.17,4.0,4.21,0.0032000000000000054,0.05656854249492385,0.1200000000000001,4.666666666666667,0.22222222222222224,0.4714045207910317,1.0
000943.png,3.33,2.0,2.22,2.0,2.14,2.0,2.563333333333334,0.29495555555555547,0.5430981085913994,1.19,2.0,0.0,0.0,0.0
000944.png,5.0,4.0,5.0,5.0,3.75,4.0,4.583333333333333,0.34722222222222227,0.5892556509887896,1.25,4.333333333333333,0.22222222222222224,0.4714045207910317,1.0
000945.png,5.0,5.0,4.38,5.0,3.75,4.0,4.376666666666666,0.2604222222222223,0.5103158063613377,1.25,4.666666666666667,0.22222222222222224,0.4714045207910317,1.0
000946.png,0.62,3.0,0.56,2.0,0.56,1.0,0.5800000000000001,0.0007999999999999985,0.028284271247461874,0.05999999999999994,2.0,0.6666666666666666,0.816496580927726,2.0
000947.png,0.56,2.0,0.56,2.0,0.0,1.0,0.37333333333333335,0.0696888888888889,0.26398653164297775,0.56,1.6666666666666667,0.2222222222222222,0.4714045207910317,1.0
000948.png,1.25,3.0,1.67,3.0,1.88,3.0,1.5999999999999999,0.06859999999999998,0.26191601707417583,0.6299999999999999,3.0,0.0,0.0,0.0
000949.png,5.0,4.0,3.75,5.0,3.75,4.0,4.166666666666667,0.34722222222222227,0.5892556509887896,1.25,4.333333333333333,0.22222222222222224,0.4714045207910317,1.0
000950.png,5.0,5.0,5.0,5.0,3.12,5.0,4.373333333333334,0.7854222222222221,0.8862404990871395,1.88,5.0,0.0,0.0,0.0
000951.png,0.0,2.0,0.0,3.0,0.0,1.0,0.0,0.0,0.0,0.0,2.0,0.6666666666666666,0.816496580927726,2.0
000952.png,5.0,5.0,5.0,5.0,4.38,4.0,4.793333333333333,0.08542222222222225,0.29227080289043966,0.6200000000000001,4.666666666666667,0.22222222222222224,0.4714045207910317,1.0
000953.png,5.0,2.0,1.11,3.0,2.5,2.0,2.8699999999999997,2.5904666666666665,1.6094926736915165,3.8899999999999997,2.3333333333333335,0.22222222222222224,0.4714045207910317,1.0
000954.png,1.67,3.0,1.11,3.0,1.67,1.0,1.4833333333333334,0.06968888888888884,0.26398653164297764,0.5599999999999998,2.3333333333333335,0.8888888888888888,0.9428090415820634,2.0
000955.png,5.0,5.0,4.17,4.0,3.75,4.0,4.306666666666667,0.2697555555555556,0.5193799722318484,1.25,4.333333333333333,0.22222222222222224,0.4714045207910317,1.0
000956.png,4.29,2.0,2.5,3.0,3.33,3.0,3.3733333333333335,0.5349555555555556,0.7314065596886288,1.79,2.6666666666666665,0.22222222222222224,0.4714045207910317,1.0
000957.png,2.5,2.0,1.25,3.0,4.38,1.0,2.7099999999999995,1.6548666666666663,1.2864162105114605,3.13,2.0,0.6666666666666666,0.816496580927726,2.0
000958.png,1.11,5.0,2.86,5.0,2.5,4.0,2.1566666666666667,0.5693555555555555,0.7545565290656198,1.7499999999999998,4.666666666666667,0.22222222222222224,0.4714045207910317,1.0
000959.png,5.0,5.0,5.0,5.0,4.38,5.0,4.793333333333333,0.08542222222222225,0.29227080289043966,0.6200000000000001,5.0,0.0,0.0,0.0
000960.png,5.0,5.0,3.12,4.0,5.0,3.0,4.373333333333334,0.7854222222222221,0.8862404990871395,1.88,4.0,0.6666666666666666,0.816496580927726,2.0
000961.png,5.0,5.0,5.0,5.0,4.29,5.0,4.763333333333333,0.1120222222222222,0.3346972097616325,0.71,5.0,0.0,0.0,0.0
000962.png,5.0,4.0,5.0,3.0,4.38,4.0,4.793333333333333,0.08542222222222225,0.29227080289043966,0.6200000000000001,3.6666666666666665,0.22222222222222224,0.4714045207910317,1.0
000963.png,4.29,5.0,4.29,5.0,3.12,5.0,3.9,0.30419999999999997,0.551543289325507,1.17,5.0,0.0,0.0,0.0
000964.png,1.67,5.0,1.11,5.0,0.0,5.0,0.9266666666666667,0.4816222222222222,0.6939900735761443,1.67,5.0,0.0,0.0,0.0
000965.png,5.0,4.0,4.0,3.0,4.29,4.0,4.43,0.17646666666666666,0.42007935758219145,1.0,3.6666666666666665,0.22222222222222224,0.4714045207910317,1.0
000966.png,4.38,4.0,4.38,5.0,5.0,4.0,4.586666666666667,0.08542222222222225,0.29227080289043966,0.6200000000000001,4.333333333333333,0.22222222222222224,0.4714045207910317,1.0
000967.png,5.0,5.0,3.89,5.0,5.0,4.0,4.63,0.2737999999999999,0.5232590180780451,1.1099999999999999,4.666666666666667,0.22222222222222224,0.4714045207910317,1.0
000968.png,5.0,3.0,5.0,3.0,5.0,4.0,5.0,0.0,0.0,0.0,3.3333333333333335,0.22222222222222224,0.4714045207910317,1.0
000969.png,0.0,1.0,0.0,1.0,0.0,0.0,0.0,0.0,0.0,0.0,0.6666666666666666,0.22222222222222224,0.4714045207910317,1.0
000970.png,5.0,5.0,5.0,5.0,5.0,5.0,5.0,0.0,0.0,0.0,5.0,0.0,0.0,0.0
000971.png,5.0,5.0,4.44,5.0,5.0,5.0,4.8133333333333335,0.06968888888888879,0.26398653164297753,0.5599999999999996,5.0,0.0,0.0,0.0
000972.png,3.33,5.0,3.89,5.0,2.86,4.0,3.36,0.17726666666666677,0.42103048187354175,1.0300000000000002,4.666666666666667,0.22222222222222224,0.4714045207910317,1.0
000973.png,5.0,5.0,5.0,5.0,5.0,5.0,5.0,0.0,0.0,0.0,5.0,0.0,0.0,0.0
000974.png,2.0,5.0,3.0,5.0,3.57,5.0,2.856666666666667,0.42108888888888885,0.6489136220552693,1.5699999999999998,5.0,0.0,0.0,0.0
000975.png,0.0,5.0,0.0,5.0,2.5,5.0,0.8333333333333334,1.3888888888888886,1.178511301977579,2.5,5.0,0.0,0.0,0.0
000976.png,5.0,5.0,5.0,5.0,5.0,5.0,5.0,0.0,0.0,0.0,5.0,0.0,0.0,0.0
000977.png,2.0,5.0,3.0,4.0,3.12,4.0,2.706666666666667,0.2520888888888889,0.5020845435670062,1.12,4.333333333333333,0.22222222222222224,0.4714045207910317,1.0
000978.png,5.0,5.0,5.0,4.0,5.0,5.0,5.0,0.0,0.0,0.0,4.666666666666667,0.22222222222222224,0.4714045207910317,1.0
000979.png,5.0,5.0,5.0,5.0,3.57,5.0,4.523333333333333,0.45442222222222234,0.6741084647311754,1.4300000000000002,5.0,0.0,0.0,0.0
000980.png,5.0,5.0,3.89,4.0,5.0,5.0,4.63,0.2737999999999999,0.5232590180780451,1.1099999999999999,4.666666666666667,0.22222222222222224,0.4714045207910317,1.0
000981.png,1.25,4.0,1.67,3.0,0.0,4.0,0.9733333333333333,0.5030888888888888,0.7092875925101811,1.67,3.6666666666666665,0.22222222222222224,0.4714045207910317,1.0
000982.png,5.0,5.0,2.22,5.0,4.44,4.0,3.8866666666666667,1.4411555555555555,1.2004813849267115,2.78,4.666666666666667,0.22222222222222224,0.4714045207910317,1.0
000983.png,5.0,5.0,3.89,4.0,5.0,5.0,4.63,0.2737999999999999,0.5232590180780451,1.1099999999999999,4.666666666666667,0.22222222222222224,0.4714045207910317,1.0
000984.png,4.44,5.0,5.0,5.0,5.0,5.0,4.8133333333333335,0.06968888888888879,0.26398653164297753,0.5599999999999996,5.0,0.0,0.0,0.0
000985.png,5.0,5.0,5.0,5.0,5.0,5.0,5.0,0.0,0.0,0.0,5.0,0.0,0.0,0.0
000986.png,4.44,5.0,3.89,5.0,5.0,4.0,4.443333333333333,0.2053555555555555,0.4531617322276402,1.1099999999999999,4.666666666666667,0.22222222222222224,0.4714045207910317,1.0
000987.png,5.0,5.0,5.0,5.0,5.0,5.0,5.0,0.0,0.0,0.0,5.0,0.0,0.0,0.0
000988.png,5.0,5.0,5.0,5.0,5.0,5.0,5.0,0.0,0.0,0.0,5.0,0.0,0.0,0.0
000989.png,5.0,5.0,4.44,5.0,5.0,5.0,4.8133333333333335,0.06968888888888879,0.26398653164297753,0.5599999999999996,5.0,0.0,0.0,0.0
000990.png,1.67,1.0,0.0,2.0,0.0,1.0,0.5566666666666666,0.6197555555555555,0.7872455497210229,1.67,1.3333333333333333,0.2222222222222222,0.4714045207910317,1.0
000991.png,0.0,2.0,0.0,2.0,0.0,1.0,0.0,0.0,0.0,0.0,1.6666666666666667,0.2222222222222222,0.4714045207910317,1.0
000992.png,2.5,4.0,2.22,3.0,2.22,3.0,2.313333333333334,0.017422222222222197,0.13199326582148876,0.2799999999999998,3.3333333333333335,0.22222222222222224,0.4714045207910317,1.0
000993.png,2.78,5.0,1.67,5.0,1.11,5.0,1.8533333333333333,0.481622222222222,0.6939900735761442,1.6699999999999997,5.0,0.0,0.0,0.0
000994.png,5.0,5.0,3.33,5.0,4.44,5.0,4.256666666666667,0.48162222222222223,0.6939900735761443,1.67,5.0,0.0,0.0,0.0
000995.png,1.67,4.0,0.0,5.0,0.0,4.0,0.5566666666666666,0.6197555555555555,0.7872455497210229,1.67,4.333333333333333,0.22222222222222224,0.4714045207910317,1.0
000996.png,4.29,5.0,4.29,5.0,4.44,5.0,4.34,0.0050000000000000235,0.07071067811865492,0.15000000000000036,5.0,0.0,0.0,0.0
000997.png,5.0,5.0,3.33,4.0,5.0,5.0,4.443333333333333,0.6197555555555555,0.7872455497210229,1.67,4.666666666666667,0.22222222222222224,0.4714045207910317,1.0
000998.png,5.0,5.0,5.0,5.0,4.44,4.0,4.8133333333333335,0.06968888888888879,0.26398653164297753,0.5599999999999996,4.666666666666667,0.22222222222222224,0.4714045207910317,1.0
000999.png,5.0,4.0,3.57,5.0,3.89,3.0,4.153333333333333,0.375488888888889,0.612771481784922,1.4300000000000002,4.0,0.6666666666666666,0.816496580927726,2.0
