image_id,source,alignment_score,artifact_score,class_id,alignment_norm,artifact_norm,composite_product,composite_harmonic
0,Sys_IMFfdloss_ref_1,4.62,3.85,4,0.924,0.77,0.71148,0.8400000000000001
0,Sys_IMFfdloss_ref_2,4.62,3.85,4,0.924,0.77,0.71148,0.8400000000000001
0,Sys_IMFfdloss_ref_3,4.62,3.85,4,0.924,0.77,0.71148,0.8400000000000001
0,User_IMFfdloss_1,5.0,4.0,4,1.0,0.8,0.8,0.888888888888889
0,User_IMFfdloss_2,5.0,2.0,4,1.0,0.4,0.4,0.5714285714285715
0,User_IMFfdloss_3,5.0,4.0,4,1.0,0.8,0.8,0.888888888888889
1,Sys_IMFfdloss_ref_1,4.65,3.85,4,0.93,0.77,0.7161000000000001,0.8424705882352941
1,Sys_IMFfdloss_ref_2,4.65,3.82,4,0.93,0.764,0.71052,0.8388665879574971
1,Sys_IMFfdloss_ref_3,4.65,2.85,4,0.93,0.5700000000000001,0.5301000000000001,0.7068000000000002
1,User_IMFfdloss_1,5.0,5.0,4,1.0,1.0,1.0,1.0
1,User_IMFfdloss_2,5.0,3.0,4,1.0,0.6,0.6,0.7499999999999999
1,User_IMFfdloss_3,5.0,3.0,4,1.0,0.6,0.6,0.7499999999999999
4,Sys_IMFfdloss_ref_1,4.85,3.65,4,0.97,0.73,0.7081,0.8330588235294117
4,Sys_IMFfdloss_ref_2,4.65,3.85,4,0.93,0.77,0.7161000000000001,0.8424705882352941
4,Sys_IMFfdloss_ref_3,4.65,3.85,4,0.93,0.77,0.7161000000000001,0.8424705882352941
4,User_IMFfdloss_1,5.0,4.0,4,1.0,0.8,0.8,0.888888888888889
4,User_IMFfdloss_2,5.0,4.0,4,1.0,0.8,0.8,0.888888888888889
4,User_IMFfdloss_3,5.0,4.0,4,1.0,0.8,0.8,0.888888888888889
6,Sys_IMFfdloss_ref_1,4.12,2.85,4,0.8240000000000001,0.5700000000000001,0.4696800000000001,0.6738593974175037
6,Sys_IMFfdloss_ref_2,4.15,2.85,4,0.8300000000000001,0.5700000000000001,0.4731000000000001,0.6758571428571429
6,Sys_IMFfdloss_ref_3,4.15,2.85,4,0.8300000000000001,0.5700000000000001,0.4731000000000001,0.6758571428571429
6,User_IMFfdloss_1,5.0,3.0,4,1.0,0.6,0.6,0.7499999999999999
6,User_IMFfdloss_2,5.0,3.0,4,1.0,0.6,0.6,0.7499999999999999
6,User_IMFfdloss_3,5.0,3.0,4,1.0,0.6,0.6,0.7499999999999999
9,Sys_IMFfdloss_ref_1,4.65,3.85,4,0.93,0.77,0.7161000000000001,0.8424705882352941
9,Sys_IMFfdloss_ref_2,4.65,3.85,4,0.93,0.77,0.7161000000000001,0.8424705882352941
9,Sys_IMFfdloss_ref_3,4.85,3.65,4,0.97,0.73,0.7081,0.8330588235294117
9,User_IMFfdloss_1,5.0,4.0,4,1.0,0.8,0.8,0.888888888888889
9,User_IMFfdloss_2,5.0,4.0,4,1.0,0.8,0.8,0.888888888888889
9,User_IMFfdloss_3,5.0,4.0,4,1.0,0.8,0.8,0.888888888888889
11,Sys_IMFfdloss_ref_1,4.65,1.5,7,0.93,0.3,0.279,0.4536585365853659
11,Sys_IMFfdloss_ref_2,4.62,1.5,7,0.924,0.3,0.2772,0.45294117647058824
11,Sys_IMFfdloss_ref_3,3.85,1.5,7,0.77,0.3,0.23099999999999998,0.4317757009345794
11,User_IMFfdloss_1,4.55,3.0,7,0.9099999999999999,0.6,0.5459999999999999,0.7231788079470198
11,User_IMFfdloss_2,4.55,3.0,7,0.9099999999999999,0.6,0.5459999999999999,0.7231788079470198
11,User_IMFfdloss_3,4.55,3.0,7,0.9099999999999999,0.6,0.5459999999999999,0.7231788079470198
12,Sys_IMFfdloss_ref_1,3.42,3.85,7,0.6839999999999999,0.77,0.5266799999999999,0.7244566712517193
12,Sys_IMFfdloss_ref_2,4.12,3.85,7,0.8240000000000001,0.77,0.63448,0.7960853199498118
12,Sys_IMFfdloss_ref_3,3.42,2.85,7,0.6839999999999999,0.5700000000000001,0.38988,0.6218181818181818
12,User_IMFfdloss_1,4.17,4.0,7,0.834,0.8,0.6672,0.8166462668298654
12,User_IMFfdloss_2,4.0,4.0,7,0.8,0.8,0.6400000000000001,0.8000000000000002
12,User_IMFfdloss_3,3.33,4.0,7,0.666,0.8,0.5328,0.7268758526603001
13,Sys_IMFfdloss_ref_1,3.85,1.5,7,0.77,0.3,0.23099999999999998,0.4317757009345794
13,Sys_IMFfdloss_ref_2,4.12,1.5,7,0.8240000000000001,0.3,0.2472,0.43985765124555154
13,Sys_IMFfdloss_ref_3,4.12,1.5,7,0.8240000000000001,0.3,0.2472,0.43985765124555154
13,User_IMFfdloss_1,4.09,3.0,7,0.818,0.6,0.49079999999999996,0.6922425952045134
13,User_IMFfdloss_2,4.55,3.0,7,0.9099999999999999,0.6,0.5459999999999999,0.7231788079470198
13,User_IMFfdloss_3,4.09,2.0,7,0.818,0.4,0.3272,0.5372742200328408
14,Sys_IMFfdloss_ref_1,3.42,1.5,7,0.6839999999999999,0.3,0.20519999999999997,0.41707317073170724
14,Sys_IMFfdloss_ref_2,4.62,1.5,7,0.924,0.3,0.2772,0.45294117647058824
14,Sys_IMFfdloss_ref_3,4.15,1.5,7,0.8300000000000001,0.3,0.249,0.44070796460176986
14,User_IMFfdloss_1,4.55,2.0,7,0.9099999999999999,0.4,0.364,0.5557251908396946
14,User_IMFfdloss_2,4.55,3.0,7,0.9099999999999999,0.6,0.5459999999999999,0.7231788079470198
14,User_IMFfdloss_3,4.09,2.0,7,0.818,0.4,0.3272,0.5372742200328408
18,Sys_IMFfdloss_ref_1,4.68,3.85,7,0.9359999999999999,0.77,0.72072,0.8449237983587339
18,Sys_IMFfdloss_ref_2,4.85,4.92,7,0.97,0.984,0.95448,0.976949846468782
18,Sys_IMFfdloss_ref_3,4.68,3.85,7,0.9359999999999999,0.77,0.72072,0.8449237983587339
18,User_IMFfdloss_1,5.0,4.0,7,1.0,0.8,0.8,0.888888888888889
18,User_IMFfdloss_2,5.0,4.0,7,1.0,0.8,0.8,0.888888888888889
18,User_IMFfdloss_3,5.0,4.0,7,1.0,0.8,0.8,0.888888888888889
20,Sys_IMFfdloss_ref_1,4.85,4.15,10,0.97,0.8300000000000001,0.8051,0.8945555555555555
20,Sys_IMFfdloss_ref_2,4.92,4.85,10,0.984,0.97,0.95448,0.976949846468782
20,Sys_IMFfdloss_ref_3,4.85,4.92,10,0.97,0.984,0.95448,0.976949846468782
20,User_IMFfdloss_1,4.0,5.0,10,0.8,1.0,0.8,0.888888888888889
20,User_IMFfdloss_2,4.0,5.0,10,0.8,1.0,0.8,0.888888888888889
20,User_IMFfdloss_3,4.0,5.0,10,0.8,1.0,0.8,0.888888888888889
21,Sys_IMFfdloss_ref_1,2.85,1.5,10,0.5700000000000001,0.3,0.171,0.3931034482758621
21,Sys_IMFfdloss_ref_2,4.35,4.12,10,0.8699999999999999,0.8240000000000001,0.71688,0.846375442739079
21,Sys_IMFfdloss_ref_3,4.12,3.85,10,0.8240000000000001,0.77,0.63448,0.7960853199498118
21,User_IMFfdloss_1,4.44,4.0,10,0.8880000000000001,0.8,0.7104000000000001,0.8417061611374408
21,User_IMFfdloss_2,4.44,2.0,10,0.8880000000000001,0.4,0.35520000000000007,0.5515527950310559
21,User_IMFfdloss_3,4.44,4.0,10,0.8880000000000001,0.8,0.7104000000000001,0.8417061611374408
26,Sys_IMFfdloss_ref_1,4.82,3.65,10,0.9640000000000001,0.73,0.70372,0.8308382526564345
26,Sys_IMFfdloss_ref_2,4.85,4.92,10,0.97,0.984,0.95448,0.976949846468782
26,Sys_IMFfdloss_ref_3,4.82,3.65,10,0.9640000000000001,0.73,0.70372,0.8308382526564345
26,User_IMFfdloss_1,3.89,4.0,10,0.778,0.8,0.6224000000000001,0.7888466413181242
26,User_IMFfdloss_2,3.89,4.0,10,0.778,0.8,0.6224000000000001,0.7888466413181242
26,User_IMFfdloss_3,3.89,4.0,10,0.778,0.8,0.6224000000000001,0.7888466413181242
27,Sys_IMFfdloss_ref_1,4.68,2.0,10,0.9359999999999999,0.4,0.3744,0.5604790419161677
27,Sys_IMFfdloss_ref_2,4.82,2.0,10,0.9640000000000001,0.4,0.38560000000000005,0.5653958944281525
27,Sys_IMFfdloss_ref_3,4.85,2.0,10,0.97,0.4,0.388,0.5664233576642336
27,User_IMFfdloss_1,4.0,4.0,10,0.8,0.8,0.6400000000000001,0.8000000000000002
27,User_IMFfdloss_2,5.0,4.0,10,1.0,0.8,0.8,0.888888888888889
27,User_IMFfdloss_3,3.89,4.0,10,0.778,0.8,0.6224000000000001,0.7888466413181242
29,Sys_IMFfdloss_ref_1,5.0,5.0,10,1.0,1.0,1.0,1.0
29,Sys_IMFfdloss_ref_2,3.82,3.65,10,0.764,0.73,0.55772,0.7466131191432396
29,Sys_IMFfdloss_ref_3,4.92,4.85,10,0.984,0.97,0.95448,0.976949846468782
29,User_IMFfdloss_1,3.33,5.0,10,0.666,1.0,0.666,0.7995198079231693
29,User_IMFfdloss_2,4.0,5.0,10,0.8,1.0,0.8,0.888888888888889
29,User_IMFfdloss_3,3.33,5.0,10,0.666,1.0,0.666,0.7995198079231693
30,Sys_IMFfdloss_ref_1,3.65,1.5,25,0.73,0.3,0.219,0.42524271844660194
30,Sys_IMFfdloss_ref_2,4.82,4.75,25,0.9640000000000001,0.95,0.9158000000000001,0.9569487983281086
30,Sys_IMFfdloss_ref_3,4.65,3.85,25,0.93,0.77,0.7161000000000001,0.8424705882352941
30,User_IMFfdloss_1,4.17,4.0,25,0.834,0.8,0.6672,0.8166462668298654
30,User_IMFfdloss_2,4.17,2.0,25,0.834,0.4,0.3336,0.5406807131280389
30,User_IMFfdloss_3,4.17,4.0,25,0.834,0.8,0.6672,0.8166462668298654
33,Sys_IMFfdloss_ref_1,2.85,3.6,25,0.5700000000000001,0.72,0.41040000000000004,0.6362790697674419
33,Sys_IMFfdloss_ref_2,2.85,2.9,25,0.5700000000000001,0.58,0.3306,0.5749565217391305
33,Sys_IMFfdloss_ref_3,4.65,3.85,25,0.93,0.77,0.7161000000000001,0.8424705882352941
33,User_IMFfdloss_1,4.0,3.0,25,0.8,0.6,0.48,0.6857142857142857
33,User_IMFfdloss_2,3.0,3.0,25,0.6,0.6,0.36,0.6
33,User_IMFfdloss_3,2.5,4.0,25,0.5,0.8,0.4,0.6153846153846154
35,Sys_IMFfdloss_ref_1,3.82,2.15,25,0.764,0.43,0.32852,0.550284757118928
35,Sys_IMFfdloss_ref_2,4.85,3.2,25,0.97,0.64,0.6208,0.7711801242236026
35,Sys_IMFfdloss_ref_3,3.85,2.15,25,0.77,0.43,0.3311,0.5518333333333334
35,User_IMFfdloss_1,5.0,4.0,25,1.0,0.8,0.8,0.888888888888889
35,User_IMFfdloss_2,4.0,2.0,25,0.8,0.4,0.32000000000000006,0.5333333333333333
35,User_IMFfdloss_3,4.0,3.0,25,0.8,0.6,0.48,0.6857142857142857
36,Sys_IMFfdloss_ref_1,4.65,3.85,25,0.93,0.77,0.7161000000000001,0.8424705882352941
36,Sys_IMFfdloss_ref_2,4.82,1.5,25,0.9640000000000001,0.3,0.2892,0.45759493670886076
36,Sys_IMFfdloss_ref_3,4.15,2.85,25,0.8300000000000001,0.5700000000000001,0.4731000000000001,0.6758571428571429
36,User_IMFfdloss_1,5.0,2.0,25,1.0,0.4,0.4,0.5714285714285715
36,User_IMFfdloss_2,5.0,2.0,25,1.0,0.4,0.4,0.5714285714285715
36,User_IMFfdloss_3,5.0,4.0,25,1.0,0.8,0.8,0.888888888888889
38,Sys_IMFfdloss_ref_1,4.12,1.5,25,0.8240000000000001,0.3,0.2472,0.43985765124555154
38,Sys_IMFfdloss_ref_2,4.12,1.5,25,0.8240000000000001,0.3,0.2472,0.43985765124555154
38,Sys_IMFfdloss_ref_3,3.65,1.5,25,0.73,0.3,0.219,0.42524271844660194
38,User_IMFfdloss_1,5.0,2.0,25,1.0,0.4,0.4,0.5714285714285715
38,User_IMFfdloss_2,4.17,2.0,25,0.834,0.4,0.3336,0.5406807131280389
38,User_IMFfdloss_3,5.0,3.0,25,1.0,0.6,0.6,0.7499999999999999
43,Sys_IMFfdloss_ref_1,4.65,3.85,35,0.93,0.77,0.7161000000000001,0.8424705882352941
43,Sys_IMFfdloss_ref_2,4.12,2.85,35,0.8240000000000001,0.5700000000000001,0.4696800000000001,0.6738593974175037
43,Sys_IMFfdloss_ref_3,4.12,2.85,35,0.8240000000000001,0.5700000000000001,0.4696800000000001,0.6738593974175037
43,User_IMFfdloss_1,4.0,4.0,35,0.8,0.8,0.6400000000000001,0.8000000000000002
43,User_IMFfdloss_2,4.0,4.0,35,0.8,0.8,0.6400000000000001,0.8000000000000002
43,User_IMFfdloss_3,4.0,3.0,35,0.8,0.6,0.48,0.6857142857142857
44,Sys_IMFfdloss_ref_1,1.85,2.9,35,0.37,0.58,0.21459999999999999,0.4517894736842105
44,Sys_IMFfdloss_ref_2,2.85,3.65,35,0.5700000000000001,0.73,0.4161,0.6401538461538462
44,Sys_IMFfdloss_ref_3,2.15,2.85,35,0.43,0.5700000000000001,0.2451,0.4902
44,User_IMFfdloss_1,5.0,4.0,35,1.0,0.8,0.8,0.888888888888889
44,User_IMFfdloss_2,3.0,2.0,35,0.6,0.4,0.24,0.48
44,User_IMFfdloss_3,3.0,2.0,35,0.6,0.4,0.24,0.48
46,Sys_IMFfdloss_ref_1,4.12,2.85,35,0.8240000000000001,0.5700000000000001,0.4696800000000001,0.6738593974175037
46,Sys_IMFfdloss_ref_2,4.12,3.85,35,0.8240000000000001,0.77,0.63448,0.7960853199498118
46,Sys_IMFfdloss_ref_3,3.42,2.0,35,0.6839999999999999,0.4,0.2736,0.5047970479704796
46,User_IMFfdloss_1,5.0,4.0,35,1.0,0.8,0.8,0.888888888888889
46,User_IMFfdloss_2,5.0,4.0,35,1.0,0.8,0.8,0.888888888888889
46,User_IMFfdloss_3,5.0,4.0,35,1.0,0.8,0.8,0.888888888888889
47,Sys_IMFfdloss_ref_1,3.62,3.85,35,0.724,0.77,0.55748,0.7462918340026774
47,Sys_IMFfdloss_ref_2,3.85,3.6,35,0.77,0.72,0.5544,0.7441610738255033
47,Sys_IMFfdloss_ref_3,3.65,3.85,35,0.73,0.77,0.5621,0.7494666666666667
47,User_IMFfdloss_1,5.0,3.0,35,1.0,0.6,0.6,0.7499999999999999
47,User_IMFfdloss_2,5.0,4.0,35,1.0,0.8,0.8,0.888888888888889
47,User_IMFfdloss_3,5.0,3.0,35,1.0,0.6,0.6,0.7499999999999999
48,Sys_IMFfdloss_ref_1,4.15,2.0,35,0.8300000000000001,0.4,0.3320000000000001,0.5398373983739838
48,Sys_IMFfdloss_ref_2,4.15,2.0,35,0.8300000000000001,0.4,0.3320000000000001,0.5398373983739838
48,Sys_IMFfdloss_ref_3,4.12,2.0,35,0.8240000000000001,0.4,0.32960000000000006,0.538562091503268
48,User_IMFfdloss_1,5.0,4.0,35,1.0,0.8,0.8,0.888888888888889
48,User_IMFfdloss_2,5.0,3.0,35,1.0,0.6,0.6,0.7499999999999999
48,User_IMFfdloss_3,5.0,3.0,35,1.0,0.6,0.6,0.7499999999999999
50,Sys_IMFfdloss_ref_1,4.92,4.85,39,0.984,0.97,0.95448,0.976949846468782
50,Sys_IMFfdloss_ref_2,4.92,4.85,39,0.984,0.97,0.95448,0.976949846468782
50,Sys_IMFfdloss_ref_3,4.85,4.92,39,0.97,0.984,0.95448,0.976949846468782
50,User_IMFfdloss_1,5.0,5.0,39,1.0,1.0,1.0,1.0
50,User_IMFfdloss_2,5.0,5.0,39,1.0,1.0,1.0,1.0
50,User_IMFfdloss_3,5.0,5.0,39,1.0,1.0,1.0,1.0
52,Sys_IMFfdloss_ref_1,4.12,3.65,39,0.8240000000000001,0.73,0.60152,0.7741570141570142
52,Sys_IMFfdloss_ref_2,4.12,2.85,39,0.8240000000000001,0.5700000000000001,0.4696800000000001,0.6738593974175037
52,Sys_IMFfdloss_ref_3,4.15,3.62,39,0.8300000000000001,0.724,0.60092,0.7733848133848134
52,User_IMFfdloss_1,5.0,4.0,39,1.0,0.8,0.8,0.888888888888889
52,User_IMFfdloss_2,4.17,4.0,39,0.834,0.8,0.6672,0.8166462668298654
52,User_IMFfdloss_3,4.17,4.0,39,0.834,0.8,0.6672,0.8166462668298654
53,Sys_IMFfdloss_ref_1,4.85,1.5,39,0.97,0.3,0.291,0.458267716535433
53,Sys_IMFfdloss_ref_2,4.98,4.95,39,0.9960000000000001,0.99,0.9860400000000001,0.9929909365558913
53,Sys_IMFfdloss_ref_3,4.15,4.92,39,0.8300000000000001,0.984,0.8167200000000001,0.9004630650496142
53,User_IMFfdloss_1,4.38,5.0,39,0.876,1.0,0.876,0.933901918976546
53,User_IMFfdloss_2,4.38,5.0,39,0.876,1.0,0.876,0.933901918976546
53,User_IMFfdloss_3,5.0,5.0,39,1.0,1.0,1.0,1.0
54,Sys_IMFfdloss_ref_1,3.42,1.5,39,0.6839999999999999,0.3,0.20519999999999997,0.41707317073170724
54,Sys_IMFfdloss_ref_2,3.85,1.5,39,0.77,0.3,0.23099999999999998,0.4317757009345794
54,Sys_IMFfdloss_ref_3,4.15,3.85,39,0.8300000000000001,0.77,0.6391000000000001,0.7988750000000001
54,User_IMFfdloss_1,3.89,2.0,39,0.778,0.4,0.31120000000000003,0.5283531409168082
54,User_IMFfdloss_2,5.0,4.0,39,1.0,0.8,0.8,0.888888888888889
54,User_IMFfdloss_3,3.89,2.0,39,0.778,0.4,0.31120000000000003,0.5283531409168082
55,Sys_IMFfdloss_ref_1,3.85,1.5,39,0.77,0.3,0.23099999999999998,0.4317757009345794
55,Sys_IMFfdloss_ref_2,3.85,4.12,39,0.77,0.8240000000000001,0.63448,0.7960853199498118
55,Sys_IMFfdloss_ref_3,3.85,1.5,39,0.77,0.3,0.23099999999999998,0.4317757009345794
55,User_IMFfdloss_1,4.17,3.0,39,0.834,0.6,0.5004,0.697907949790795
55,User_IMFfdloss_2,4.38,4.0,39,0.876,0.8,0.7008000000000001,0.8362768496420048
55,User_IMFfdloss_3,5.0,2.0,39,1.0,0.4,0.4,0.5714285714285715
61,Sys_IMFfdloss_ref_1,4.12,1.85,49,0.8240000000000001,0.37,0.30488000000000004,0.5106867671691793
61,Sys_IMFfdloss_ref_2,3.42,1.5,49,0.6839999999999999,0.3,0.20519999999999997,0.41707317073170724
61,Sys_IMFfdloss_ref_3,2.85,1.2,49,0.5700000000000001,0.24,0.1368,0.3377777777777778
61,User_IMFfdloss_1,5.0,3.0,49,1.0,0.6,0.6,0.7499999999999999
61,User_IMFfdloss_2,5.0,2.0,49,1.0,0.4,0.4,0.5714285714285715
61,User_IMFfdloss_3,5.0,1.0,49,1.0,0.2,0.2,0.33333333333333337
62,Sys_IMFfdloss_ref_1,4.12,3.65,49,0.8240000000000001,0.73,0.60152,0.7741570141570142
62,Sys_IMFfdloss_ref_2,4.82,3.65,49,0.9640000000000001,0.73,0.70372,0.8308382526564345
62,Sys_IMFfdloss_ref_3,4.82,3.65,49,0.9640000000000001,0.73,0.70372,0.8308382526564345
62,User_IMFfdloss_1,5.0,3.0,49,1.0,0.6,0.6,0.7499999999999999
62,User_IMFfdloss_2,5.0,4.0,49,1.0,0.8,0.8,0.888888888888889
62,User_IMFfdloss_3,5.0,3.0,49,1.0,0.6,0.6,0.7499999999999999
64,Sys_IMFfdloss_ref_1,4.12,2.85,49,0.8240000000000001,0.5700000000000001,0.4696800000000001,0.6738593974175037
64,Sys_IMFfdloss_ref_2,4.85,3.2,49,0.97,0.64,0.6208,0.7711801242236026
64,Sys_IMFfdloss_ref_3,4.65,3.85,49,0.93,0.77,0.7161000000000001,0.8424705882352941
64,User_IMFfdloss_1,5.0,4.0,49,1.0,0.8,0.8,0.888888888888889
64,User_IMFfdloss_2,5.0,3.0,49,1.0,0.6,0.6,0.7499999999999999
64,User_IMFfdloss_3,5.0,3.0,49,1.0,0.6,0.6,0.7499999999999999
65,Sys_IMFfdloss_ref_1,4.62,3.85,49,0.924,0.77,0.71148,0.8400000000000001
65,Sys_IMFfdloss_ref_2,4.62,3.85,49,0.924,0.77,0.71148,0.8400000000000001
65,Sys_IMFfdloss_ref_3,4.65,3.8,49,0.93,0.76,0.7068000000000001,0.8364497041420119
65,User_IMFfdloss_1,5.0,4.0,49,1.0,0.8,0.8,0.888888888888889
65,User_IMFfdloss_2,5.0,4.0,49,1.0,0.8,0.8,0.888888888888889
65,User_IMFfdloss_3,5.0,4.0,49,1.0,0.8,0.8,0.888888888888889
67,Sys_IMFfdloss_ref_1,4.85,3.65,49,0.97,0.73,0.7081,0.8330588235294117
67,Sys_IMFfdloss_ref_2,4.82,3.65,49,0.9640000000000001,0.73,0.70372,0.8308382526564345
67,Sys_IMFfdloss_ref_3,4.35,3.82,49,0.8699999999999999,0.764,0.6646799999999999,0.8135618115055079
67,User_IMFfdloss_1,5.0,4.0,49,1.0,0.8,0.8,0.888888888888889
67,User_IMFfdloss_2,5.0,4.0,49,1.0,0.8,0.8,0.888888888888889
67,User_IMFfdloss_3,5.0,4.0,49,1.0,0.8,0.8,0.888888888888889
70,Sys_IMFfdloss_ref_1,4.95,4.98,51,0.99,0.9960000000000001,0.9860400000000001,0.9929909365558913
70,Sys_IMFfdloss_ref_2,4.85,4.62,51,0.97,0.924,0.89628,0.9464413938753959
70,Sys_IMFfdloss_ref_3,4.85,3.65,51,0.97,0.73,0.7081,0.8330588235294117
70,User_IMFfdloss_1,5.0,5.0,51,1.0,1.0,1.0,1.0
70,User_IMFfdloss_2,5.0,5.0,51,1.0,1.0,1.0,1.0
70,User_IMFfdloss_3,5.0,4.0,51,1.0,0.8,0.8,0.888888888888889
71,Sys_IMFfdloss_ref_1,4.15,2.85,51,0.8300000000000001,0.5700000000000001,0.4731000000000001,0.6758571428571429
71,Sys_IMFfdloss_ref_2,2.85,1.92,51,0.5700000000000001,0.384,0.21888000000000002,0.4588679245283019
71,Sys_IMFfdloss_ref_3,2.15,1.85,51,0.43,0.37,0.1591,0.39774999999999994
71,User_IMFfdloss_1,3.75,3.0,51,0.75,0.6,0.44999999999999996,0.6666666666666665
71,User_IMFfdloss_2,3.75,4.0,51,0.75,0.8,0.6000000000000001,0.7741935483870969
71,User_IMFfdloss_3,3.75,2.0,51,0.75,0.4,0.30000000000000004,0.5217391304347827
72,Sys_IMFfdloss_ref_1,4.92,4.85,51,0.984,0.97,0.95448,0.976949846468782
72,Sys_IMFfdloss_ref_2,4.92,4.85,51,0.984,0.97,0.95448,0.976949846468782
72,Sys_IMFfdloss_ref_3,5.0,5.0,51,1.0,1.0,1.0,1.0
72,User_IMFfdloss_1,5.0,5.0,51,1.0,1.0,1.0,1.0
72,User_IMFfdloss_2,5.0,5.0,51,1.0,1.0,1.0,1.0
72,User_IMFfdloss_3,5.0,5.0,51,1.0,1.0,1.0,1.0
76,Sys_IMFfdloss_ref_1,4.95,4.98,51,0.99,0.9960000000000001,0.9860400000000001,0.9929909365558913
76,Sys_IMFfdloss_ref_2,4.92,4.88,51,0.984,0.976,0.960384,0.9799836734693878
76,Sys_IMFfdloss_ref_3,4.92,4.85,51,0.984,0.97,0.95448,0.976949846468782
76,User_IMFfdloss_1,5.0,5.0,51,1.0,1.0,1.0,1.0
76,User_IMFfdloss_2,5.0,4.0,51,1.0,0.8,0.8,0.888888888888889
76,User_IMFfdloss_3,5.0,5.0,51,1.0,1.0,1.0,1.0
79,Sys_IMFfdloss_ref_1,4.85,2.1,51,0.97,0.42000000000000004,0.40740000000000004,0.5861870503597122
79,Sys_IMFfdloss_ref_2,4.65,2.85,51,0.93,0.5700000000000001,0.5301000000000001,0.7068000000000002
79,Sys_IMFfdloss_ref_3,4.15,1.85,51,0.8300000000000001,0.37,0.30710000000000004,0.5118333333333334
79,User_IMFfdloss_1,4.38,4.0,51,0.876,0.8,0.7008000000000001,0.8362768496420048
79,User_IMFfdloss_2,4.38,1.0,51,0.876,0.2,0.17520000000000002,0.32565055762081785
79,User_IMFfdloss_3,4.38,2.0,51,0.876,0.4,0.35040000000000004,0.5492163009404389
80,Sys_IMFfdloss_ref_1,3.65,2.85,52,0.73,0.5700000000000001,0.4161,0.6401538461538462
80,Sys_IMFfdloss_ref_2,3.65,3.82,52,0.73,0.764,0.55772,0.7466131191432396
80,Sys_IMFfdloss_ref_3,3.65,3.82,52,0.73,0.764,0.55772,0.7466131191432396
80,User_IMFfdloss_1,4.38,4.0,52,0.876,0.8,0.7008000000000001,0.8362768496420048
80,User_IMFfdloss_2,4.38,3.0,52,0.876,0.6,0.5256,0.7121951219512195
80,User_IMFfdloss_3,4.38,3.0,52,0.876,0.6,0.5256,0.7121951219512195
83,Sys_IMFfdloss_ref_1,4.82,4.35,52,0.9640000000000001,0.8699999999999999,0.83868,0.9145910577971647
83,Sys_IMFfdloss_ref_2,4.82,3.65,52,0.9640000000000001,0.73,0.70372,0.8308382526564345
83,Sys_IMFfdloss_ref_3,4.85,4.92,52,0.97,0.984,0.95448,0.976949846468782
83,User_IMFfdloss_1,5.0,4.0,52,1.0,0.8,0.8,0.888888888888889
83,User_IMFfdloss_2,5.0,5.0,52,1.0,1.0,1.0,1.0
83,User_IMFfdloss_3,5.0,4.0,52,1.0,0.8,0.8,0.888888888888889
84,Sys_IMFfdloss_ref_1,4.92,4.95,52,0.984,0.99,0.97416,0.9869908814589666
84,Sys_IMFfdloss_ref_2,4.35,2.85,52,0.8699999999999999,0.5700000000000001,0.4959,0.6887500000000001
84,Sys_IMFfdloss_ref_3,4.72,2.85,52,0.944,0.5700000000000001,0.53808,0.7108058124174372
84,User_IMFfdloss_1,5.0,4.0,52,1.0,0.8,0.8,0.888888888888889
84,User_IMFfdloss_2,5.0,4.0,52,1.0,0.8,0.8,0.888888888888889
84,User_IMFfdloss_3,5.0,5.0,52,1.0,1.0,1.0,1.0
85,Sys_IMFfdloss_ref_1,3.85,4.12,52,0.77,0.8240000000000001,0.63448,0.7960853199498118
85,Sys_IMFfdloss_ref_2,4.92,4.95,52,0.984,0.99,0.97416,0.9869908814589666
85,Sys_IMFfdloss_ref_3,4.15,3.85,52,0.8300000000000001,0.77,0.6391000000000001,0.7988750000000001
85,User_IMFfdloss_1,4.38,4.0,52,0.876,0.8,0.7008000000000001,0.8362768496420048
85,User_IMFfdloss_2,5.0,5.0,52,1.0,1.0,1.0,1.0
85,User_IMFfdloss_3,5.0,5.0,52,1.0,1.0,1.0,1.0
89,Sys_IMFfdloss_ref_1,1.85,3.92,52,0.37,0.784,0.29008,0.502738301559792
89,Sys_IMFfdloss_ref_2,1.85,3.92,52,0.37,0.784,0.29008,0.502738301559792
89,Sys_IMFfdloss_ref_3,1.92,3.85,52,0.384,0.77,0.29568,0.5124436741767765
89,User_IMFfdloss_1,1.88,4.0,52,0.376,0.8,0.3008,0.5115646258503401
89,User_IMFfdloss_2,1.88,4.0,52,0.376,0.8,0.3008,0.5115646258503401
89,User_IMFfdloss_3,1.88,4.0,52,0.376,0.8,0.3008,0.5115646258503401
90,Sys_IMFfdloss_ref_1,3.65,3.12,64,0.73,0.624,0.45552,0.6728508124076809
90,Sys_IMFfdloss_ref_2,2.85,2.6,64,0.5700000000000001,0.52,0.29640000000000005,0.5438532110091744
90,Sys_IMFfdloss_ref_3,3.85,3.62,64,0.77,0.724,0.55748,0.7462918340026774
90,User_IMFfdloss_1,4.38,3.0,64,0.876,0.6,0.5256,0.7121951219512195
90,User_IMFfdloss_2,4.38,3.0,64,0.876,0.6,0.5256,0.7121951219512195
90,User_IMFfdloss_3,4.38,3.0,64,0.876,0.6,0.5256,0.7121951219512195
91,Sys_IMFfdloss_ref_1,1.85,1.4,64,0.37,0.27999999999999997,0.10359999999999998,0.31876923076923075
91,Sys_IMFfdloss_ref_2,1.85,1.4,64,0.37,0.27999999999999997,0.10359999999999998,0.31876923076923075
91,User_IMFfdloss_1,1.67,2.0,64,0.33399999999999996,0.4,0.1336,0.3640326975476839
91,User_IMFfdloss_2,1.67,2.0,64,0.33399999999999996,0.4,0.1336,0.3640326975476839
91,User_IMFfdloss_3,1.67,3.0,64,0.33399999999999996,0.6,0.20039999999999997,0.42912205567451817
94,Sys_IMFfdloss_ref_1,2.85,3.6,64,0.5700000000000001,0.72,0.41040000000000004,0.6362790697674419
94,Sys_IMFfdloss_ref_2,2.85,3.6,64,0.5700000000000001,0.72,0.41040000000000004,0.6362790697674419
94,User_IMFfdloss_1,2.5,4.0,64,0.5,0.8,0.4,0.6153846153846154
94,User_IMFfdloss_2,2.5,4.0,64,0.5,0.8,0.4,0.6153846153846154
94,User_IMFfdloss_3,2.86,5.0,64,0.572,1.0,0.572,0.727735368956743
96,Sys_IMFfdloss_ref_1,4.65,3.85,64,0.93,0.77,0.7161000000000001,0.8424705882352941
96,Sys_IMFfdloss_ref_2,4.65,4.92,64,0.93,0.984,0.91512,0.9562382445141066
96,User_IMFfdloss_1,5.0,4.0,64,1.0,0.8,0.8,0.888888888888889
96,User_IMFfdloss_2,5.0,4.0,64,1.0,0.8,0.8,0.888888888888889
96,User_IMFfdloss_3,5.0,4.0,64,1.0,0.8,0.8,0.888888888888889
98,Sys_IMFfdloss_ref_1,3.85,3.62,64,0.77,0.724,0.55748,0.7462918340026774
98,Sys_IMFfdloss_ref_2,3.85,2.65,64,0.77,0.53,0.4081,0.6278461538461538
98,User_IMFfdloss_1,4.44,3.0,64,0.8880000000000001,0.6,0.5328,0.7161290322580646
98,User_IMFfdloss_2,4.44,3.0,64,0.8880000000000001,0.6,0.5328,0.7161290322580646
98,User_IMFfdloss_3,4.44,4.0,64,0.8880000000000001,0.8,0.7104000000000001,0.8417061611374408
100,Sys_IMFfdloss_ref_1,4.65,1.5,80,0.93,0.3,0.279,0.4536585365853659
100,Sys_IMFfdloss_ref_2,4.12,1.5,80,0.8240000000000001,0.3,0.2472,0.43985765124555154
100,User_IMFfdloss_1,5.0,3.0,80,1.0,0.6,0.6,0.7499999999999999
100,User_IMFfdloss_2,4.38,4.0,80,0.876,0.8,0.7008000000000001,0.8362768496420048
100,User_IMFfdloss_3,5.0,2.0,80,1.0,0.4,0.4,0.5714285714285715
103,Sys_IMFfdloss_ref_1,4.68,3.85,80,0.9359999999999999,0.77,0.72072,0.8449237983587339
103,Sys_IMFfdloss_ref_2,4.12,2.0,80,0.8240000000000001,0.4,0.32960000000000006,0.538562091503268
103,User_IMFfdloss_1,2.78,3.0,80,0.5559999999999999,0.6,0.33359999999999995,0.5771626297577854
103,User_IMFfdloss_2,4.38,4.0,80,0.876,0.8,0.7008000000000001,0.8362768496420048
103,User_IMFfdloss_3,3.12,3.0,80,0.624,0.6,0.3744,0.611764705882353
104,Sys_IMFfdloss_ref_1,4.65,3.0,80,0.93,0.6,0.558,0.7294117647058824
104,Sys_IMFfdloss_ref_2,4.62,3.0,80,0.924,0.6,0.5544,0.7275590551181103
104,User_IMFfdloss_1,4.17,4.0,80,0.834,0.8,0.6672,0.8166462668298654
104,User_IMFfdloss_2,4.17,4.0,80,0.834,0.8,0.6672,0.8166462668298654
104,User_IMFfdloss_3,4.17,4.0,80,0.834,0.8,0.6672,0.8166462668298654
105,Sys_IMFfdloss_ref_1,2.85,1.5,80,0.5700000000000001,0.3,0.171,0.3931034482758621
105,Sys_IMFfdloss_ref_2,2.15,1.5,80,0.43,0.3,0.129,0.35342465753424657
105,User_IMFfdloss_1,2.5,2.0,80,0.5,0.4,0.2,0.4444444444444445
105,User_IMFfdloss_2,2.5,2.0,80,0.5,0.4,0.2,0.4444444444444445
105,User_IMFfdloss_3,2.5,3.0,80,0.5,0.6,0.3,0.5454545454545454
108,Sys_IMFfdloss_ref_1,4.65,1.5,80,0.93,0.3,0.279,0.4536585365853659
108,Sys_IMFfdloss_ref_2,3.85,1.5,80,0.77,0.3,0.23099999999999998,0.4317757009345794
108,User_IMFfdloss_1,5.0,3.0,80,1.0,0.6,0.6,0.7499999999999999
108,User_IMFfdloss_2,5.0,3.0,80,1.0,0.6,0.6,0.7499999999999999
108,User_IMFfdloss_3,4.38,2.0,80,0.876,0.4,0.35040000000000004,0.5492163009404389
110,Sys_IMFfdloss_ref_1,4.85,4.92,97,0.97,0.984,0.95448,0.976949846468782
110,Sys_IMFfdloss_ref_2,4.82,4.65,97,0.9640000000000001,0.93,0.8965200000000001,0.9466948257655755
110,User_IMFfdloss_1,5.0,5.0,97,1.0,1.0,1.0,1.0
110,User_IMFfdloss_2,5.0,5.0,97,1.0,1.0,1.0,1.0
110,User_IMFfdloss_3,5.0,5.0,97,1.0,1.0,1.0,1.0
111,Sys_IMFfdloss_ref_1,4.15,1.5,97,0.8300000000000001,0.3,0.249,0.44070796460176986
111,Sys_IMFfdloss_ref_2,4.15,1.5,97,0.8300000000000001,0.3,0.249,0.44070796460176986
111,User_IMFfdloss_1,3.57,4.0,97,0.714,0.8,0.5712,0.7545574636723911
111,User_IMFfdloss_2,3.57,3.0,97,0.714,0.6,0.42839999999999995,0.6520547945205478
111,User_IMFfdloss_3,3.57,2.0,97,0.714,0.4,0.2856,0.5127468581687613
113,Sys_IMFfdloss_ref_1,3.65,1.5,97,0.73,0.3,0.219,0.42524271844660194
113,Sys_IMFfdloss_ref_2,4.92,1.5,97,0.984,0.3,0.29519999999999996,0.45981308411214944
113,User_IMFfdloss_1,4.29,2.0,97,0.858,0.4,0.3432,0.5456279809220985
113,User_IMFfdloss_2,4.29,3.0,97,0.858,0.6,0.5147999999999999,0.7061728395061727
113,User_IMFfdloss_3,5.0,4.0,97,1.0,0.8,0.8,0.888888888888889
114,Sys_IMFfdloss_ref_1,3.85,1.5,97,0.77,0.3,0.23099999999999998,0.4317757009345794
114,Sys_IMFfdloss_ref_2,4.85,1.5,97,0.97,0.3,0.291,0.458267716535433
114,User_IMFfdloss_1,2.5,5.0,97,0.5,1.0,0.5,0.6666666666666666
114,User_IMFfdloss_2,5.0,4.0,97,1.0,0.8,0.8,0.888888888888889
114,User_IMFfdloss_3,2.5,5.0,97,0.5,1.0,0.5,0.6666666666666666
119,Sys_IMFfdloss_ref_1,4.85,1.5,97,0.97,0.3,0.291,0.458267716535433
119,Sys_IMFfdloss_ref_2,4.92,1.5,97,0.984,0.3,0.29519999999999996,0.45981308411214944
119,User_IMFfdloss_1,5.0,3.0,97,1.0,0.6,0.6,0.7499999999999999
119,User_IMFfdloss_2,5.0,2.0,97,1.0,0.4,0.4,0.5714285714285715
119,User_IMFfdloss_3,5.0,2.0,97,1.0,0.4,0.4,0.5714285714285715
121,Sys_IMFfdloss_ref_1,4.62,2.0,106,0.924,0.4,0.36960000000000004,0.5583081570996979
121,Sys_IMFfdloss_ref_2,4.85,2.0,106,0.97,0.4,0.388,0.5664233576642336
121,User_IMFfdloss_1,5.0,3.0,106,1.0,0.6,0.6,0.7499999999999999
121,User_IMFfdloss_2,5.0,2.0,106,1.0,0.4,0.4,0.5714285714285715
121,User_IMFfdloss_3,5.0,5.0,106,1.0,1.0,1.0,1.0
123,Sys_IMFfdloss_ref_1,4.85,3.6,106,0.97,0.72,0.6983999999999999,0.8265088757396449
123,Sys_IMFfdloss_ref_2,4.85,3.92,106,0.97,0.784,0.76048,0.8671379703534778
123,Sys_IMFfdloss_ref_3,4.85,3.65,106,0.97,0.73,0.7081,0.8330588235294117
123,User_IMFfdloss_1,5.0,4.0,106,1.0,0.8,0.8,0.888888888888889
123,User_IMFfdloss_2,5.0,4.0,106,1.0,0.8,0.8,0.888888888888889
123,User_IMFfdloss_3,5.0,4.0,106,1.0,0.8,0.8,0.888888888888889
124,Sys_IMFfdloss_ref_1,4.62,2.0,106,0.924,0.4,0.36960000000000004,0.5583081570996979
124,Sys_IMFfdloss_ref_2,4.82,2.0,106,0.9640000000000001,0.4,0.38560000000000005,0.5653958944281525
124,Sys_IMFfdloss_ref_3,4.12,2.0,106,0.8240000000000001,0.4,0.32960000000000006,0.538562091503268
124,User_IMFfdloss_1,5.0,3.0,106,1.0,0.6,0.6,0.7499999999999999
124,User_IMFfdloss_2,5.0,2.0,106,1.0,0.4,0.4,0.5714285714285715
124,User_IMFfdloss_3,5.0,5.0,106,1.0,1.0,1.0,1.0
125,Sys_IMFfdloss_ref_1,2.85,3.1,106,0.5700000000000001,0.62,0.35340000000000005,0.5939495798319329
125,Sys_IMFfdloss_ref_2,2.85,3.2,106,0.5700000000000001,0.64,0.36480000000000007,0.6029752066115703
125,Sys_IMFfdloss_ref_3,3.82,2.45,106,0.764,0.49000000000000005,0.37436,0.5970653907496013
125,User_IMFfdloss_1,4.44,3.0,106,0.8880000000000001,0.6,0.5328,0.7161290322580646
125,User_IMFfdloss_2,5.0,3.0,106,1.0,0.6,0.6,0.7499999999999999
125,User_IMFfdloss_3,5.0,3.0,106,1.0,0.6,0.6,0.7499999999999999
126,Sys_IMFfdloss_ref_1,4.65,1.5,106,0.93,0.3,0.279,0.4536585365853659
126,Sys_IMFfdloss_ref_2,4.85,3.2,106,0.97,0.64,0.6208,0.7711801242236026
126,Sys_IMFfdloss_ref_3,4.35,3.65,106,0.8699999999999999,0.73,0.6350999999999999,0.7938749999999999
126,User_IMFfdloss_1,5.0,3.0,106,1.0,0.6,0.6,0.7499999999999999
126,User_IMFfdloss_2,5.0,2.0,106,1.0,0.4,0.4,0.5714285714285715
126,User_IMFfdloss_3,5.0,3.0,106,1.0,0.6,0.6,0.7499999999999999
131,Sys_IMFfdloss_ref_1,4.92,4.95,116,0.984,0.99,0.97416,0.9869908814589666
131,Sys_IMFfdloss_ref_2,4.92,4.95,116,0.984,0.99,0.97416,0.9869908814589666
131,Sys_IMFfdloss_ref_3,4.98,4.96,116,0.9960000000000001,0.992,0.9880320000000001,0.9939959758551309
131,User_IMFfdloss_1,5.0,5.0,116,1.0,1.0,1.0,1.0
131,User_IMFfdloss_2,5.0,5.0,116,1.0,1.0,1.0,1.0
131,User_IMFfdloss_3,5.0,5.0,116,1.0,1.0,1.0,1.0
132,Sys_IMFfdloss_ref_1,3.85,3.6,116,0.77,0.72,0.5544,0.7441610738255033
132,Sys_IMFfdloss_ref_2,3.65,3.42,116,0.73,0.6839999999999999,0.49931999999999993,0.7062517680339462
132,Sys_IMFfdloss_ref_3,4.65,4.2,116,0.93,0.8400000000000001,0.7812000000000001,0.8827118644067797
132,User_IMFfdloss_1,5.0,4.0,116,1.0,0.8,0.8,0.888888888888889
132,User_IMFfdloss_2,5.0,4.0,116,1.0,0.8,0.8,0.888888888888889
132,User_IMFfdloss_3,4.29,4.0,116,0.858,0.8,0.6864,0.8279855247285887
135,Sys_IMFfdloss_ref_1,4.12,2.65,116,0.8240000000000001,0.53,0.43672000000000005,0.6450812407680946
135,Sys_IMFfdloss_ref_2,4.65,3.85,116,0.93,0.77,0.7161000000000001,0.8424705882352941
135,Sys_IMFfdloss_ref_3,4.85,4.62,116,0.97,0.924,0.89628,0.9464413938753959
135,User_IMFfdloss_1,5.0,5.0,116,1.0,1.0,1.0,1.0
135,User_IMFfdloss_2,5.0,3.0,116,1.0,0.6,0.6,0.7499999999999999
135,User_IMFfdloss_3,5.0,4.0,116,1.0,0.8,0.8,0.888888888888889
138,Sys_IMFfdloss_ref_1,4.92,4.85,116,0.984,0.97,0.95448,0.976949846468782
138,Sys_IMFfdloss_ref_2,4.98,4.95,116,0.9960000000000001,0.99,0.9860400000000001,0.9929909365558913
138,Sys_IMFfdloss_ref_3,4.92,4.85,116,0.984,0.97,0.95448,0.976949846468782
138,User_IMFfdloss_1,5.0,5.0,116,1.0,1.0,1.0,1.0
138,User_IMFfdloss_2,5.0,5.0,116,1.0,1.0,1.0,1.0
138,User_IMFfdloss_3,5.0,5.0,116,1.0,1.0,1.0,1.0
139,Sys_IMFfdloss_ref_1,3.65,2.15,116,0.73,0.43,0.3139,0.5412068965517242
139,Sys_IMFfdloss_ref_2,3.65,2.15,116,0.73,0.43,0.3139,0.5412068965517242
139,Sys_IMFfdloss_ref_3,3.15,1.85,116,0.63,0.37,0.2331,0.4662
139,User_IMFfdloss_1,4.29,2.0,116,0.858,0.4,0.3432,0.5456279809220985
139,User_IMFfdloss_2,4.29,2.0,116,0.858,0.4,0.3432,0.5456279809220985
139,User_IMFfdloss_3,4.29,1.0,116,0.858,0.2,0.1716,0.3243856332703213
141,Sys_IMFfdloss_ref_1,4.85,3.2,118,0.97,0.64,0.6208,0.7711801242236026
141,Sys_IMFfdloss_ref_2,4.85,3.65,118,0.97,0.73,0.7081,0.8330588235294117
141,Sys_IMFfdloss_ref_3,4.85,3.65,118,0.97,0.73,0.7081,0.8330588235294117
141,User_IMFfdloss_1,5.0,4.0,118,1.0,0.8,0.8,0.888888888888889
141,User_IMFfdloss_2,5.0,4.0,118,1.0,0.8,0.8,0.888888888888889
141,User_IMFfdloss_3,5.0,3.0,118,1.0,0.6,0.6,0.7499999999999999
142,Sys_IMFfdloss_ref_1,3.85,4.12,118,0.77,0.8240000000000001,0.63448,0.7960853199498118
142,Sys_IMFfdloss_ref_2,4.15,4.32,118,0.8300000000000001,0.8640000000000001,0.7171200000000001,0.8466587957497048
142,Sys_IMFfdloss_ref_3,4.85,3.65,118,0.97,0.73,0.7081,0.8330588235294117
142,User_IMFfdloss_1,5.0,4.0,118,1.0,0.8,0.8,0.888888888888889
142,User_IMFfdloss_2,4.38,4.0,118,0.876,0.8,0.7008000000000001,0.8362768496420048
142,User_IMFfdloss_3,4.38,4.0,118,0.876,0.8,0.7008000000000001,0.8362768496420048
144,Sys_IMFfdloss_ref_1,4.12,3.68,118,0.8240000000000001,0.736,0.606464,0.7775179487179487
144,Sys_IMFfdloss_ref_2,3.85,2.15,118,0.77,0.43,0.3311,0.5518333333333334
144,Sys_IMFfdloss_ref_3,3.65,2.85,118,0.73,0.5700000000000001,0.4161,0.6401538461538462
144,User_IMFfdloss_1,5.0,2.0,118,1.0,0.4,0.4,0.5714285714285715
144,User_IMFfdloss_2,5.0,4.0,118,1.0,0.8,0.8,0.888888888888889
144,User_IMFfdloss_3,5.0,4.0,118,1.0,0.8,0.8,0.888888888888889
145,Sys_IMFfdloss_ref_1,2.85,1.92,118,0.5700000000000001,0.384,0.21888000000000002,0.4588679245283019
145,Sys_IMFfdloss_ref_2,1.85,2.1,118,0.37,0.42000000000000004,0.1554,0.39341772151898735
145,Sys_IMFfdloss_ref_3,2.85,1.45,118,0.5700000000000001,0.29,0.1653,0.38441860465116273
145,User_IMFfdloss_1,5.0,2.0,118,1.0,0.4,0.4,0.5714285714285715
145,User_IMFfdloss_2,5.0,1.0,118,1.0,0.2,0.2,0.33333333333333337
145,User_IMFfdloss_3,5.0,2.0,118,1.0,0.4,0.4,0.5714285714285715
149,Sys_IMFfdloss_ref_1,3.65,3.8,118,0.73,0.76,0.5548,0.7446979865771811
149,Sys_IMFfdloss_ref_2,3.42,2.68,118,0.6839999999999999,0.536,0.366624,0.6010229508196722
149,Sys_IMFfdloss_ref_3,4.15,3.85,118,0.8300000000000001,0.77,0.6391000000000001,0.7988750000000001
149,User_IMFfdloss_1,5.0,4.0,118,1.0,0.8,0.8,0.888888888888889
149,User_IMFfdloss_2,5.0,3.0,118,1.0,0.6,0.6,0.7499999999999999
149,User_IMFfdloss_3,5.0,3.0,118,1.0,0.6,0.6,0.7499999999999999
152,Sys_IMFfdloss_ref_1,4.12,2.0,129,0.8240000000000001,0.4,0.32960000000000006,0.538562091503268
152,Sys_IMFfdloss_ref_2,4.12,2.0,129,0.8240000000000001,0.4,0.32960000000000006,0.538562091503268
152,Sys_IMFfdloss_ref_3,4.12,2.0,129,0.8240000000000001,0.4,0.32960000000000006,0.538562091503268
152,User_IMFfdloss_1,4.29,4.0,129,0.858,0.8,0.6864,0.8279855247285887
152,User_IMFfdloss_2,4.29,4.0,129,0.858,0.8,0.6864,0.8279855247285887
152,User_IMFfdloss_3,4.29,3.0,129,0.858,0.6,0.5147999999999999,0.7061728395061727
153,Sys_IMFfdloss_ref_1,4.12,1.5,129,0.8240000000000001,0.3,0.2472,0.43985765124555154
153,Sys_IMFfdloss_ref_2,4.85,1.5,129,0.97,0.3,0.291,0.458267716535433
153,Sys_IMFfdloss_ref_3,4.12,1.5,129,0.8240000000000001,0.3,0.2472,0.43985765124555154
153,User_IMFfdloss_1,3.89,4.0,129,0.778,0.8,0.6224000000000001,0.7888466413181242
153,User_IMFfdloss_2,3.89,2.0,129,0.778,0.4,0.31120000000000003,0.5283531409168082
153,User_IMFfdloss_3,3.89,2.0,129,0.778,0.4,0.31120000000000003,0.5283531409168082
157,Sys_IMFfdloss_ref_1,4.15,2.0,129,0.8300000000000001,0.4,0.3320000000000001,0.5398373983739838
157,Sys_IMFfdloss_ref_2,3.42,2.0,129,0.6839999999999999,0.4,0.2736,0.5047970479704796
157,Sys_IMFfdloss_ref_3,4.12,2.0,129,0.8240000000000001,0.4,0.32960000000000006,0.538562091503268
157,User_IMFfdloss_1,3.75,2.0,129,0.75,0.4,0.30000000000000004,0.5217391304347827
157,User_IMFfdloss_2,3.75,2.0,129,0.75,0.4,0.30000000000000004,0.5217391304347827
157,User_IMFfdloss_3,3.75,2.0,129,0.75,0.4,0.30000000000000004,0.5217391304347827
158,Sys_IMFfdloss_ref_1,4.15,3.62,129,0.8300000000000001,0.724,0.60092,0.7733848133848134
158,Sys_IMFfdloss_ref_2,4.65,3.82,129,0.93,0.764,0.71052,0.8388665879574971
158,Sys_IMFfdloss_ref_3,4.12,3.65,129,0.8240000000000001,0.73,0.60152,0.7741570141570142
158,User_IMFfdloss_1,4.17,4.0,129,0.834,0.8,0.6672,0.8166462668298654
158,User_IMFfdloss_2,4.17,4.0,129,0.834,0.8,0.6672,0.8166462668298654
158,User_IMFfdloss_3,4.17,3.0,129,0.834,0.6,0.5004,0.697907949790795
159,Sys_IMFfdloss_ref_1,3.85,1.5,129,0.77,0.3,0.23099999999999998,0.4317757009345794
159,Sys_IMFfdloss_ref_2,4.35,1.5,129,0.8699999999999999,0.3,0.26099999999999995,0.4461538461538461
159,Sys_IMFfdloss_ref_3,4.65,1.5,129,0.93,0.3,0.279,0.4536585365853659
159,User_IMFfdloss_1,3.57,3.0,129,0.714,0.6,0.42839999999999995,0.6520547945205478
159,User_IMFfdloss_2,3.57,4.0,129,0.714,0.8,0.5712,0.7545574636723911
159,User_IMFfdloss_3,4.29,4.0,129,0.858,0.8,0.6864,0.8279855247285887
160,Sys_IMFfdloss_ref_1,4.15,1.5,144,0.8300000000000001,0.3,0.249,0.44070796460176986
160,Sys_IMFfdloss_ref_2,1.85,1.5,144,0.37,0.3,0.111,0.3313432835820896
160,Sys_IMFfdloss_ref_3,4.15,1.5,144,0.8300000000000001,0.3,0.249,0.44070796460176986
160,User_IMFfdloss_1,5.0,2.0,144,1.0,0.4,0.4,0.5714285714285715
160,User_IMFfdloss_2,5.0,3.0,144,1.0,0.6,0.6,0.7499999999999999
160,User_IMFfdloss_3,5.0,2.0,144,1.0,0.4,0.4,0.5714285714285715
163,Sys_IMFfdloss_ref_1,4.12,1.5,144,0.8240000000000001,0.3,0.2472,0.43985765124555154
163,Sys_IMFfdloss_ref_2,4.12,1.5,144,0.8240000000000001,0.3,0.2472,0.43985765124555154
163,Sys_IMFfdloss_ref_3,4.62,1.5,144,0.924,0.3,0.2772,0.45294117647058824
163,User_IMFfdloss_1,4.44,5.0,144,0.8880000000000001,1.0,0.8880000000000001,0.940677966101695
163,User_IMFfdloss_2,3.89,2.0,144,0.778,0.4,0.31120000000000003,0.5283531409168082
163,User_IMFfdloss_3,3.89,2.0,144,0.778,0.4,0.31120000000000003,0.5283531409168082
165,Sys_IMFfdloss_ref_1,3.45,1.5,144,0.6900000000000001,0.3,0.20700000000000002,0.4181818181818182
165,Sys_IMFfdloss_ref_2,3.42,1.5,144,0.6839999999999999,0.3,0.20519999999999997,0.41707317073170724
165,Sys_IMFfdloss_ref_3,3.42,1.5,144,0.6839999999999999,0.3,0.20519999999999997,0.41707317073170724
165,User_IMFfdloss_1,4.0,2.0,144,0.8,0.4,0.32000000000000006,0.5333333333333333
165,User_IMFfdloss_2,3.57,2.0,144,0.714,0.4,0.2856,0.5127468581687613
165,User_IMFfdloss_3,4.0,2.0,144,0.8,0.4,0.32000000000000006,0.5333333333333333
166,Sys_IMFfdloss_ref_1,4.85,4.92,144,0.97,0.984,0.95448,0.976949846468782
166,Sys_IMFfdloss_ref_2,4.98,4.95,144,0.9960000000000001,0.99,0.9860400000000001,0.9929909365558913
166,Sys_IMFfdloss_ref_3,4.85,4.92,144,0.97,0.984,0.95448,0.976949846468782
166,User_IMFfdloss_1,4.38,5.0,144,0.876,1.0,0.876,0.933901918976546
166,User_IMFfdloss_2,4.38,4.0,144,0.876,0.8,0.7008000000000001,0.8362768496420048
166,User_IMFfdloss_3,5.0,5.0,144,1.0,1.0,1.0,1.0
168,Sys_IMFfdloss_ref_1,4.85,3.75,144,0.97,0.75,0.7275,0.8459302325581396
168,Sys_IMFfdloss_ref_2,4.65,3.85,144,0.93,0.77,0.7161000000000001,0.8424705882352941
168,Sys_IMFfdloss_ref_3,4.85,3.8,144,0.97,0.76,0.7372,0.8522543352601156
168,User_IMFfdloss_1,5.0,4.0,144,1.0,0.8,0.8,0.888888888888889
168,User_IMFfdloss_2,5.0,4.0,144,1.0,0.8,0.8,0.888888888888889
168,User_IMFfdloss_3,5.0,4.0,144,1.0,0.8,0.8,0.888888888888889
170,Sys_IMFfdloss_ref_1,4.82,3.95,147,0.9640000000000001,0.79,0.7615600000000001,0.868369441277081
170,Sys_IMFfdloss_ref_2,4.85,3.92,147,0.97,0.784,0.76048,0.8671379703534778
170,Sys_IMFfdloss_ref_3,4.85,3.92,147,0.97,0.784,0.76048,0.8671379703534778
170,User_IMFfdloss_1,5.0,4.0,147,1.0,0.8,0.8,0.888888888888889
170,User_IMFfdloss_2,5.0,4.0,147,1.0,0.8,0.8,0.888888888888889
170,User_IMFfdloss_3,5.0,5.0,147,1.0,1.0,1.0,1.0
172,Sys_IMFfdloss_ref_1,4.15,3.85,147,0.8300000000000001,0.77,0.6391000000000001,0.7988750000000001
172,Sys_IMFfdloss_ref_2,3.85,2.9,147,0.77,0.58,0.4466,0.6616296296296296
172,Sys_IMFfdloss_ref_3,4.85,4.6,147,0.97,0.9199999999999999,0.8923999999999999,0.9443386243386243
172,User_IMFfdloss_1,5.0,4.0,147,1.0,0.8,0.8,0.888888888888889
172,User_IMFfdloss_2,5.0,4.0,147,1.0,0.8,0.8,0.888888888888889
172,User_IMFfdloss_3,5.0,3.0,147,1.0,0.6,0.6,0.7499999999999999
173,Sys_IMFfdloss_ref_1,4.15,2.85,147,0.8300000000000001,0.5700000000000001,0.4731000000000001,0.6758571428571429
173,Sys_IMFfdloss_ref_2,4.65,2.85,147,0.93,0.5700000000000001,0.5301000000000001,0.7068000000000002
173,Sys_IMFfdloss_ref_3,4.15,2.85,147,0.8300000000000001,0.5700000000000001,0.4731000000000001,0.6758571428571429
173,User_IMFfdloss_1,5.0,2.0,147,1.0,0.4,0.4,0.5714285714285715
173,User_IMFfdloss_2,5.0,2.0,147,1.0,0.4,0.4,0.5714285714285715
173,User_IMFfdloss_3,5.0,2.0,147,1.0,0.4,0.4,0.5714285714285715
175,Sys_IMFfdloss_ref_1,4.85,4.72,147,0.97,0.944,0.9156799999999999,0.9568234064785789
175,Sys_IMFfdloss_ref_2,4.85,3.62,147,0.97,0.724,0.7022799999999999,0.8291381345926799
175,Sys_IMFfdloss_ref_3,4.82,3.65,147,0.9640000000000001,0.73,0.70372,0.8308382526564345
175,User_IMFfdloss_1,5.0,5.0,147,1.0,1.0,1.0,1.0
175,User_IMFfdloss_2,5.0,4.0,147,1.0,0.8,0.8,0.888888888888889
175,User_IMFfdloss_3,5.0,5.0,147,1.0,1.0,1.0,1.0
179,Sys_IMFfdloss_ref_1,4.85,2.1,147,0.97,0.42000000000000004,0.40740000000000004,0.5861870503597122
179,Sys_IMFfdloss_ref_2,4.82,2.15,147,0.9640000000000001,0.43,0.41452000000000006,0.5947202295552367
179,Sys_IMFfdloss_ref_3,4.82,2.65,147,0.9640000000000001,0.53,0.51092,0.683962516733601
179,User_IMFfdloss_1,5.0,2.0,147,1.0,0.4,0.4,0.5714285714285715
179,User_IMFfdloss_2,5.0,4.0,147,1.0,0.8,0.8,0.888888888888889
179,User_IMFfdloss_3,5.0,5.0,147,1.0,1.0,1.0,1.0
181,Sys_IMFfdloss_ref_1,4.15,3.0,150,0.8300000000000001,0.6,0.498,0.6965034965034964
181,Sys_IMFfdloss_ref_2,4.82,3.0,150,0.9640000000000001,0.6,0.5784,0.7396419437340154
181,Sys_IMFfdloss_ref_3,4.82,3.0,150,0.9640000000000001,0.6,0.5784,0.7396419437340154
181,User_IMFfdloss_1,3.89,3.0,150,0.778,0.6,0.4668,0.6775036284470246
181,User_IMFfdloss_2,3.89,3.0,150,0.778,0.6,0.4668,0.6775036284470246
181,User_IMFfdloss_3,3.89,3.0,150,0.778,0.6,0.4668,0.6775036284470246
183,Sys_IMFfdloss_ref_1,3.65,1.5,150,0.73,0.3,0.219,0.42524271844660194
183,Sys_IMFfdloss_ref_2,4.12,1.5,150,0.8240000000000001,0.3,0.2472,0.43985765124555154
183,Sys_IMFfdloss_ref_3,3.65,1.5,150,0.73,0.3,0.219,0.42524271844660194
183,User_IMFfdloss_1,3.75,3.0,150,0.75,0.6,0.44999999999999996,0.6666666666666665
183,User_IMFfdloss_2,3.57,3.0,150,0.714,0.6,0.42839999999999995,0.6520547945205478
183,User_IMFfdloss_3,3.57,3.0,150,0.714,0.6,0.42839999999999995,0.6520547945205478
185,Sys_IMFfdloss_ref_1,2.15,1.5,150,0.43,0.3,0.129,0.35342465753424657
185,Sys_IMFfdloss_ref_2,2.85,1.5,150,0.5700000000000001,0.3,0.171,0.3931034482758621
185,Sys_IMFfdloss_ref_3,2.85,1.5,150,0.5700000000000001,0.3,0.171,0.3931034482758621
185,User_IMFfdloss_1,3.33,2.0,150,0.666,0.4,0.2664,0.499812382739212
185,User_IMFfdloss_2,5.0,2.0,150,1.0,0.4,0.4,0.5714285714285715
185,User_IMFfdloss_3,3.0,2.0,150,0.6,0.4,0.24,0.48
187,Sys_IMFfdloss_ref_1,2.85,1.5,150,0.5700000000000001,0.3,0.171,0.3931034482758621
187,Sys_IMFfdloss_ref_2,2.85,1.5,150,0.5700000000000001,0.3,0.171,0.3931034482758621
187,Sys_IMFfdloss_ref_3,3.42,1.5,150,0.6839999999999999,0.3,0.20519999999999997,0.41707317073170724
187,User_IMFfdloss_1,3.33,2.0,150,0.666,0.4,0.2664,0.499812382739212
187,User_IMFfdloss_2,4.29,2.0,150,0.858,0.4,0.3432,0.5456279809220985
187,User_IMFfdloss_3,3.89,2.0,150,0.778,0.4,0.31120000000000003,0.5283531409168082
189,Sys_IMFfdloss_ref_1,4.72,3.85,150,0.944,0.77,0.72688,0.8481680280046674
189,Sys_IMFfdloss_ref_2,4.72,3.85,150,0.944,0.77,0.72688,0.8481680280046674
189,Sys_IMFfdloss_ref_3,4.65,4.12,150,0.93,0.8240000000000001,0.7663200000000001,0.8737970353477766
189,User_IMFfdloss_1,3.89,4.0,150,0.778,0.8,0.6224000000000001,0.7888466413181242
189,User_IMFfdloss_2,3.89,4.0,150,0.778,0.8,0.6224000000000001,0.7888466413181242
189,User_IMFfdloss_3,3.33,4.0,150,0.666,0.8,0.5328,0.7268758526603001
191,Sys_IMFfdloss_ref_1,4.85,1.5,156,0.97,0.3,0.291,0.458267716535433
191,Sys_IMFfdloss_ref_2,4.82,1.5,156,0.9640000000000001,0.3,0.2892,0.45759493670886076
191,Sys_IMFfdloss_ref_3,4.82,1.5,156,0.9640000000000001,0.3,0.2892,0.45759493670886076
191,User_IMFfdloss_1,5.0,4.0,156,1.0,0.8,0.8,0.888888888888889
191,User_IMFfdloss_2,5.0,3.0,156,1.0,0.6,0.6,0.7499999999999999
191,User_IMFfdloss_3,5.0,4.0,156,1.0,0.8,0.8,0.888888888888889
192,Sys_IMFfdloss_ref_1,4.82,1.5,156,0.9640000000000001,0.3,0.2892,0.45759493670886076
192,Sys_IMFfdloss_ref_2,4.85,1.5,156,0.97,0.3,0.291,0.458267716535433
192,Sys_IMFfdloss_ref_3,4.85,1.5,156,0.97,0.3,0.291,0.458267716535433
192,User_IMFfdloss_1,5.0,2.0,156,1.0,0.4,0.4,0.5714285714285715
192,User_IMFfdloss_2,5.0,2.0,156,1.0,0.4,0.4,0.5714285714285715
192,User_IMFfdloss_3,5.0,2.0,156,1.0,0.4,0.4,0.5714285714285715
196,Sys_IMFfdloss_ref_1,3.42,1.5,156,0.6839999999999999,0.3,0.20519999999999997,0.41707317073170724
196,Sys_IMFfdloss_ref_2,3.85,1.5,156,0.77,0.3,0.23099999999999998,0.4317757009345794
196,Sys_IMFfdloss_ref_3,4.12,1.5,156,0.8240000000000001,0.3,0.2472,0.43985765124555154
196,User_IMFfdloss_1,5.0,3.0,156,1.0,0.6,0.6,0.7499999999999999
196,User_IMFfdloss_2,5.0,2.0,156,1.0,0.4,0.4,0.5714285714285715
196,User_IMFfdloss_3,5.0,3.0,156,1.0,0.6,0.6,0.7499999999999999
197,Sys_IMFfdloss_ref_1,4.12,1.5,156,0.8240000000000001,0.3,0.2472,0.43985765124555154
197,Sys_IMFfdloss_ref_2,4.12,1.5,156,0.8240000000000001,0.3,0.2472,0.43985765124555154
197,Sys_IMFfdloss_ref_3,4.12,1.5,156,0.8240000000000001,0.3,0.2472,0.43985765124555154
197,User_IMFfdloss_1,5.0,2.0,156,1.0,0.4,0.4,0.5714285714285715
197,User_IMFfdloss_2,5.0,2.0,156,1.0,0.4,0.4,0.5714285714285715
197,User_IMFfdloss_3,5.0,2.0,156,1.0,0.4,0.4,0.5714285714285715
199,Sys_IMFfdloss_ref_1,4.65,1.5,156,0.93,0.3,0.279,0.4536585365853659
199,Sys_IMFfdloss_ref_2,4.35,1.5,156,0.8699999999999999,0.3,0.26099999999999995,0.4461538461538461
199,Sys_IMFfdloss_ref_3,3.85,1.5,156,0.77,0.3,0.23099999999999998,0.4317757009345794
199,User_IMFfdloss_1,5.0,3.0,156,1.0,0.6,0.6,0.7499999999999999
199,User_IMFfdloss_2,5.0,2.0,156,1.0,0.4,0.4,0.5714285714285715
199,User_IMFfdloss_3,5.0,2.0,156,1.0,0.4,0.4,0.5714285714285715
202,Sys_IMFfdloss_ref_1,4.85,2.15,159,0.97,0.43,0.41709999999999997,0.5958571428571429
202,Sys_IMFfdloss_ref_2,4.85,4.75,159,0.97,0.95,0.9215,0.9598958333333334
202,Sys_IMFfdloss_ref_3,4.62,3.85,159,0.924,0.77,0.71148,0.8400000000000001
202,User_IMFfdloss_1,5.0,4.0,159,1.0,0.8,0.8,0.888888888888889
202,User_IMFfdloss_2,5.0,4.0,159,1.0,0.8,0.8,0.888888888888889
203,Sys_IMFfdloss_ref_1,4.62,3.0,159,0.924,0.6,0.5544,0.7275590551181103
203,Sys_IMFfdloss_ref_2,4.85,3.0,159,0.97,0.6,0.582,0.7414012738853504
203,Sys_IMFfdloss_ref_3,4.35,2.85,159,0.8699999999999999,0.5700000000000001,0.4959,0.6887500000000001
203,User_IMFfdloss_1,5.0,4.0,159,1.0,0.8,0.8,0.888888888888889
203,User_IMFfdloss_2,5.0,4.0,159,1.0,0.8,0.8,0.888888888888889
203,User_IMFfdloss_3,5.0,4.0,159,1.0,0.8,0.8,0.888888888888889
204,Sys_IMFfdloss_ref_1,0.85,1.2,159,0.16999999999999998,0.24,0.040799999999999996,0.19902439024390242
204,Sys_IMFfdloss_ref_2,1.85,1.2,159,0.37,0.24,0.08879999999999999,0.2911475409836065
204,Sys_IMFfdloss_ref_3,1.25,1.1,159,0.25,0.22000000000000003,0.05500000000000001,0.23404255319148937
204,User_IMFfdloss_1,0.0,1.0,159,0.0,0.2,0.0,0.0
204,User_IMFfdloss_2,0.0,1.0,159,0.0,0.2,0.0,0.0
204,User_IMFfdloss_3,0.0,1.0,159,0.0,0.2,0.0,0.0
205,Sys_IMFfdloss_ref_1,4.12,2.85,159,0.8240000000000001,0.5700000000000001,0.4696800000000001,0.6738593974175037
205,Sys_IMFfdloss_ref_2,4.35,3.0,159,0.8699999999999999,0.6,0.5219999999999999,0.710204081632653
205,Sys_IMFfdloss_ref_3,3.85,2.15,159,0.77,0.43,0.3311,0.5518333333333334
205,User_IMFfdloss_1,5.0,4.0,159,1.0,0.8,0.8,0.888888888888889
205,User_IMFfdloss_2,5.0,3.0,159,1.0,0.6,0.6,0.7499999999999999
205,User_IMFfdloss_3,5.0,2.0,159,1.0,0.4,0.4,0.5714285714285715
207,Sys_IMFfdloss_ref_1,4.12,2.0,159,0.8240000000000001,0.4,0.32960000000000006,0.538562091503268
207,Sys_IMFfdloss_ref_2,3.85,2.0,159,0.77,0.4,0.30800000000000005,0.5264957264957266
207,Sys_IMFfdloss_ref_3,4.12,2.0,159,0.8240000000000001,0.4,0.32960000000000006,0.538562091503268
207,User_IMFfdloss_1,5.0,2.0,159,1.0,0.4,0.4,0.5714285714285715
207,User_IMFfdloss_2,5.0,2.0,159,1.0,0.4,0.4,0.5714285714285715
207,User_IMFfdloss_3,5.0,3.0,159,1.0,0.6,0.6,0.7499999999999999
211,Sys_IMFfdloss_ref_1,4.65,1.5,281,0.93,0.3,0.279,0.4536585365853659
211,Sys_IMFfdloss_ref_2,4.85,1.5,281,0.97,0.3,0.291,0.458267716535433
211,Sys_IMFfdloss_ref_3,4.85,1.5,281,0.97,0.3,0.291,0.458267716535433
211,User_IMFfdloss_1,5.0,2.0,281,1.0,0.4,0.4,0.5714285714285715
211,User_IMFfdloss_2,5.0,2.0,281,1.0,0.4,0.4,0.5714285714285715
211,User_IMFfdloss_3,5.0,4.0,281,1.0,0.8,0.8,0.888888888888889
215,Sys_IMFfdloss_ref_1,4.82,1.5,281,0.9640000000000001,0.3,0.2892,0.45759493670886076
215,Sys_IMFfdloss_ref_2,4.65,1.5,281,0.93,0.3,0.279,0.4536585365853659
215,Sys_IMFfdloss_ref_3,4.85,1.5,281,0.97,0.3,0.291,0.458267716535433
215,User_IMFfdloss_1,5.0,3.0,281,1.0,0.6,0.6,0.7499999999999999
215,User_IMFfdloss_2,5.0,3.0,281,1.0,0.6,0.6,0.7499999999999999
215,User_IMFfdloss_3,5.0,3.0,281,1.0,0.6,0.6,0.7499999999999999
216,Sys_IMFfdloss_ref_1,4.12,2.85,281,0.8240000000000001,0.5700000000000001,0.4696800000000001,0.6738593974175037
216,Sys_IMFfdloss_ref_2,4.65,3.85,281,0.93,0.77,0.7161000000000001,0.8424705882352941
216,Sys_IMFfdloss_ref_3,4.12,3.65,281,0.8240000000000001,0.73,0.60152,0.7741570141570142
216,User_IMFfdloss_1,5.0,3.0,281,1.0,0.6,0.6,0.7499999999999999
216,User_IMFfdloss_2,4.17,3.0,281,0.834,0.6,0.5004,0.697907949790795
216,User_IMFfdloss_3,4.17,3.0,281,0.834,0.6,0.5004,0.697907949790795
218,Sys_IMFfdloss_ref_1,4.15,1.5,281,0.8300000000000001,0.3,0.249,0.44070796460176986
218,Sys_IMFfdloss_ref_2,4.85,1.5,281,0.97,0.3,0.291,0.458267716535433
218,Sys_IMFfdloss_ref_3,4.75,1.5,281,0.95,0.3,0.285,0.45599999999999996
218,User_IMFfdloss_1,5.0,5.0,281,1.0,1.0,1.0,1.0
218,User_IMFfdloss_2,5.0,5.0,281,1.0,1.0,1.0,1.0
218,User_IMFfdloss_3,5.0,2.0,281,1.0,0.4,0.4,0.5714285714285715
219,Sys_IMFfdloss_ref_1,4.85,1.5,281,0.97,0.3,0.291,0.458267716535433
219,Sys_IMFfdloss_ref_2,4.85,1.5,281,0.97,0.3,0.291,0.458267716535433
219,Sys_IMFfdloss_ref_3,4.85,1.5,281,0.97,0.3,0.291,0.458267716535433
219,User_IMFfdloss_1,5.0,2.0,281,1.0,0.4,0.4,0.5714285714285715
219,User_IMFfdloss_2,5.0,3.0,281,1.0,0.6,0.6,0.7499999999999999
219,User_IMFfdloss_3,5.0,3.0,281,1.0,0.6,0.6,0.7499999999999999
220,Sys_IMFfdloss_ref_1,4.85,4.2,300,0.97,0.8400000000000001,0.8148000000000001,0.9003314917127072
220,Sys_IMFfdloss_ref_2,4.92,4.15,300,0.984,0.8300000000000001,0.8167200000000001,0.9004630650496142
220,Sys_IMFfdloss_ref_3,4.15,2.85,300,0.8300000000000001,0.5700000000000001,0.4731000000000001,0.6758571428571429
220,User_IMFfdloss_1,4.38,4.0,300,0.876,0.8,0.7008000000000001,0.8362768496420048
220,User_IMFfdloss_2,4.38,4.0,300,0.876,0.8,0.7008000000000001,0.8362768496420048
220,User_IMFfdloss_3,5.0,3.0,300,1.0,0.6,0.6,0.7499999999999999
221,Sys_IMFfdloss_ref_1,4.65,2.85,300,0.93,0.5700000000000001,0.5301000000000001,0.7068000000000002
221,Sys_IMFfdloss_ref_2,4.65,3.82,300,0.93,0.764,0.71052,0.8388665879574971
221,Sys_IMFfdloss_ref_3,4.65,3.82,300,0.93,0.764,0.71052,0.8388665879574971
221,User_IMFfdloss_1,4.38,4.0,300,0.876,0.8,0.7008000000000001,0.8362768496420048
221,User_IMFfdloss_2,4.38,4.0,300,0.876,0.8,0.7008000000000001,0.8362768496420048
221,User_IMFfdloss_3,4.38,4.0,300,0.876,0.8,0.7008000000000001,0.8362768496420048
226,Sys_IMFfdloss_ref_1,4.15,3.65,300,0.8300000000000001,0.73,0.6059,0.7767948717948717
226,Sys_IMFfdloss_ref_2,4.15,3.85,300,0.8300000000000001,0.77,0.6391000000000001,0.7988750000000001
226,Sys_IMFfdloss_ref_3,3.85,3.6,300,0.77,0.72,0.5544,0.7441610738255033
226,User_IMFfdloss_1,3.75,4.0,300,0.75,0.8,0.6000000000000001,0.7741935483870969
226,User_IMFfdloss_2,3.75,4.0,300,0.75,0.8,0.6000000000000001,0.7741935483870969
226,User_IMFfdloss_3,3.75,3.0,300,0.75,0.6,0.44999999999999996,0.6666666666666665
227,Sys_IMFfdloss_ref_1,5.0,5.0,300,1.0,1.0,1.0,1.0
227,Sys_IMFfdloss_ref_2,5.0,5.0,300,1.0,1.0,1.0,1.0
227,Sys_IMFfdloss_ref_3,5.0,5.0,300,1.0,1.0,1.0,1.0
227,User_IMFfdloss_1,5.0,5.0,300,1.0,1.0,1.0,1.0
227,User_IMFfdloss_2,5.0,5.0,300,1.0,1.0,1.0,1.0
227,User_IMFfdloss_3,5.0,5.0,300,1.0,1.0,1.0,1.0
228,Sys_IMFfdloss_ref_1,4.85,4.92,300,0.97,0.984,0.95448,0.976949846468782
228,Sys_IMFfdloss_ref_2,2.85,4.12,300,0.5700000000000001,0.8240000000000001,0.4696800000000001,0.6738593974175037
228,Sys_IMFfdloss_ref_3,3.85,4.92,300,0.77,0.984,0.75768,0.863945267958951
228,User_IMFfdloss_1,5.0,5.0,300,1.0,1.0,1.0,1.0
228,User_IMFfdloss_2,5.0,5.0,300,1.0,1.0,1.0,1.0
228,User_IMFfdloss_3,5.0,5.0,300,1.0,1.0,1.0,1.0
231,Sys_IMFfdloss_ref_1,4.92,4.95,322,0.984,0.99,0.97416,0.9869908814589666
231,Sys_IMFfdloss_ref_2,4.65,3.85,322,0.93,0.77,0.7161000000000001,0.8424705882352941
231,Sys_IMFfdloss_ref_3,4.92,4.85,322,0.984,0.97,0.95448,0.976949846468782
231,User_IMFfdloss_1,5.0,5.0,322,1.0,1.0,1.0,1.0
231,User_IMFfdloss_2,5.0,3.0,322,1.0,0.6,0.6,0.7499999999999999
231,User_IMFfdloss_3,5.0,5.0,322,1.0,1.0,1.0,1.0
232,Sys_IMFfdloss_ref_1,4.15,3.85,322,0.8300000000000001,0.77,0.6391000000000001,0.7988750000000001
232,Sys_IMFfdloss_ref_2,3.85,2.8,322,0.77,0.5599999999999999,0.43119999999999997,0.6484210526315789
232,Sys_IMFfdloss_ref_3,3.45,4.12,322,0.6900000000000001,0.8240000000000001,0.5685600000000001,0.7510700132100396
232,User_IMFfdloss_1,4.29,3.0,322,0.858,0.6,0.5147999999999999,0.7061728395061727
232,User_IMFfdloss_2,3.57,3.0,322,0.714,0.6,0.42839999999999995,0.6520547945205478
232,User_IMFfdloss_3,3.57,3.0,322,0.714,0.6,0.42839999999999995,0.6520547945205478
235,Sys_IMFfdloss_ref_1,4.15,2.85,322,0.8300000000000001,0.5700000000000001,0.4731000000000001,0.6758571428571429
235,Sys_IMFfdloss_ref_2,4.65,3.85,322,0.93,0.77,0.7161000000000001,0.8424705882352941
235,Sys_IMFfdloss_ref_3,4.85,3.62,322,0.97,0.724,0.7022799999999999,0.8291381345926799
235,User_IMFfdloss_1,5.0,4.0,322,1.0,0.8,0.8,0.888888888888889
235,User_IMFfdloss_2,4.29,4.0,322,0.858,0.8,0.6864,0.8279855247285887
235,User_IMFfdloss_3,5.0,3.0,322,1.0,0.6,0.6,0.7499999999999999
236,Sys_IMFfdloss_ref_1,3.65,3.8,322,0.73,0.76,0.5548,0.7446979865771811
236,Sys_IMFfdloss_ref_2,2.15,3.85,322,0.43,0.77,0.3311,0.5518333333333334
236,Sys_IMFfdloss_ref_3,2.15,2.85,322,0.43,0.5700000000000001,0.2451,0.4902
236,User_IMFfdloss_1,3.57,4.0,322,0.714,0.8,0.5712,0.7545574636723911
236,User_IMFfdloss_2,3.57,4.0,322,0.714,0.8,0.5712,0.7545574636723911
236,User_IMFfdloss_3,3.57,4.0,322,0.714,0.8,0.5712,0.7545574636723911
238,Sys_IMFfdloss_ref_1,2.15,3.85,322,0.43,0.77,0.3311,0.5518333333333334
238,Sys_IMFfdloss_ref_2,1.85,3.62,322,0.37,0.724,0.26788,0.48972577696526515
238,Sys_IMFfdloss_ref_3,2.15,3.85,322,0.43,0.77,0.3311,0.5518333333333334
238,User_IMFfdloss_1,2.86,4.0,322,0.572,0.8,0.4576,0.6670553935860059
238,User_IMFfdloss_2,2.86,4.0,322,0.572,0.8,0.4576,0.6670553935860059
238,User_IMFfdloss_3,2.86,4.0,322,0.572,0.8,0.4576,0.6670553935860059
241,Sys_IMFfdloss_ref_1,2.85,1.5,330,0.5700000000000001,0.3,0.171,0.3931034482758621
241,Sys_IMFfdloss_ref_2,3.42,1.5,330,0.6839999999999999,0.3,0.20519999999999997,0.41707317073170724
241,Sys_IMFfdloss_ref_3,2.85,1.5,330,0.5700000000000001,0.3,0.171,0.3931034482758621
241,User_IMFfdloss_1,3.33,2.0,330,0.666,0.4,0.2664,0.499812382739212
241,User_IMFfdloss_2,3.33,2.0,330,0.666,0.4,0.2664,0.499812382739212
241,User_IMFfdloss_3,3.33,2.0,330,0.666,0.4,0.2664,0.499812382739212
243,Sys_IMFfdloss_ref_1,4.15,3.85,330,0.8300000000000001,0.77,0.6391000000000001,0.7988750000000001
243,Sys_IMFfdloss_ref_2,4.12,3.85,330,0.8240000000000001,0.77,0.63448,0.7960853199498118
243,Sys_IMFfdloss_ref_3,3.85,2.75,330,0.77,0.55,0.42350000000000004,0.6416666666666667
243,User_IMFfdloss_1,4.29,3.0,330,0.858,0.6,0.5147999999999999,0.7061728395061727
243,User_IMFfdloss_2,4.29,4.0,330,0.858,0.8,0.6864,0.8279855247285887
243,User_IMFfdloss_3,4.29,3.0,330,0.858,0.6,0.5147999999999999,0.7061728395061727
244,Sys_IMFfdloss_ref_1,3.42,1.85,330,0.6839999999999999,0.37,0.25307999999999997,0.4802277039848198
244,Sys_IMFfdloss_ref_2,3.42,2.15,330,0.6839999999999999,0.43,0.29412,0.5280430879712747
244,Sys_IMFfdloss_ref_3,3.42,3.0,330,0.6839999999999999,0.6,0.41039999999999993,0.6392523364485981
244,User_IMFfdloss_1,3.75,5.0,330,0.75,1.0,0.75,0.8571428571428571
244,User_IMFfdloss_2,3.33,4.0,330,0.666,0.8,0.5328,0.7268758526603001
244,User_IMFfdloss_3,3.75,5.0,330,0.75,1.0,0.75,0.8571428571428571
246,Sys_IMFfdloss_ref_1,3.42,2.85,330,0.6839999999999999,0.5700000000000001,0.38988,0.6218181818181818
246,Sys_IMFfdloss_ref_2,3.42,2.85,330,0.6839999999999999,0.5700000000000001,0.38988,0.6218181818181818
246,Sys_IMFfdloss_ref_3,2.85,3.15,330,0.5700000000000001,0.63,0.35910000000000003,0.5984999999999999
246,User_IMFfdloss_1,3.75,4.0,330,0.75,0.8,0.6000000000000001,0.7741935483870969
246,User_IMFfdloss_2,3.75,3.0,330,0.75,0.6,0.44999999999999996,0.6666666666666665
246,User_IMFfdloss_3,3.75,4.0,330,0.75,0.8,0.6000000000000001,0.7741935483870969
249,Sys_IMFfdloss_ref_1,4.15,3.0,330,0.8300000000000001,0.6,0.498,0.6965034965034964
249,Sys_IMFfdloss_ref_2,3.82,3.0,330,0.764,0.6,0.4584,0.6721407624633431
249,Sys_IMFfdloss_ref_3,3.42,3.0,330,0.6839999999999999,0.6,0.41039999999999993,0.6392523364485981
249,User_IMFfdloss_1,4.17,4.0,330,0.834,0.8,0.6672,0.8166462668298654
249,User_IMFfdloss_2,3.33,4.0,330,0.666,0.8,0.5328,0.7268758526603001
249,User_IMFfdloss_3,3.33,3.0,330,0.666,0.6,0.3996,0.6312796208530805
250,Sys_IMFfdloss_ref_1,3.82,1.5,333,0.764,0.3,0.2292,0.4308270676691729
250,Sys_IMFfdloss_ref_2,4.12,1.5,333,0.8240000000000001,0.3,0.2472,0.43985765124555154
250,Sys_IMFfdloss_ref_3,4.12,1.5,333,0.8240000000000001,0.3,0.2472,0.43985765124555154
250,User_IMFfdloss_1,4.17,3.0,333,0.834,0.6,0.5004,0.697907949790795
250,User_IMFfdloss_2,4.17,3.0,333,0.834,0.6,0.5004,0.697907949790795
250,User_IMFfdloss_3,4.17,3.0,333,0.834,0.6,0.5004,0.697907949790795
254,Sys_IMFfdloss_ref_1,4.15,2.85,333,0.8300000000000001,0.5700000000000001,0.4731000000000001,0.6758571428571429
254,Sys_IMFfdloss_ref_2,4.15,1.5,333,0.8300000000000001,0.3,0.249,0.44070796460176986
254,Sys_IMFfdloss_ref_3,4.65,3.85,333,0.93,0.77,0.7161000000000001,0.8424705882352941
254,User_IMFfdloss_1,5.0,4.0,333,1.0,0.8,0.8,0.888888888888889
254,User_IMFfdloss_2,5.0,4.0,333,1.0,0.8,0.8,0.888888888888889
254,User_IMFfdloss_3,5.0,2.0,333,1.0,0.4,0.4,0.5714285714285715
257,Sys_IMFfdloss_ref_1,3.85,1.5,333,0.77,0.3,0.23099999999999998,0.4317757009345794
257,Sys_IMFfdloss_ref_2,4.82,1.5,333,0.9640000000000001,0.3,0.2892,0.45759493670886076
257,Sys_IMFfdloss_ref_3,4.12,1.5,333,0.8240000000000001,0.3,0.2472,0.43985765124555154
257,User_IMFfdloss_1,5.0,3.0,333,1.0,0.6,0.6,0.7499999999999999
257,User_IMFfdloss_2,4.17,3.0,333,0.834,0.6,0.5004,0.697907949790795
257,User_IMFfdloss_3,5.0,2.0,333,1.0,0.4,0.4,0.5714285714285715
258,Sys_IMFfdloss_ref_1,4.35,1.5,333,0.8699999999999999,0.3,0.26099999999999995,0.4461538461538461
258,Sys_IMFfdloss_ref_2,4.65,1.5,333,0.93,0.3,0.279,0.4536585365853659
258,Sys_IMFfdloss_ref_3,4.15,1.5,333,0.8300000000000001,0.3,0.249,0.44070796460176986
258,User_IMFfdloss_1,5.0,3.0,333,1.0,0.6,0.6,0.7499999999999999
258,User_IMFfdloss_2,5.0,4.0,333,1.0,0.8,0.8,0.888888888888889
258,User_IMFfdloss_3,5.0,2.0,333,1.0,0.4,0.4,0.5714285714285715
259,Sys_IMFfdloss_ref_1,4.15,2.0,333,0.8300000000000001,0.4,0.3320000000000001,0.5398373983739838
259,Sys_IMFfdloss_ref_2,4.12,2.0,333,0.8240000000000001,0.4,0.32960000000000006,0.538562091503268
259,Sys_IMFfdloss_ref_3,4.15,2.0,333,0.8300000000000001,0.4,0.3320000000000001,0.5398373983739838
259,User_IMFfdloss_1,4.17,3.0,333,0.834,0.6,0.5004,0.697907949790795
259,User_IMFfdloss_2,4.17,2.0,333,0.834,0.4,0.3336,0.5406807131280389
259,User_IMFfdloss_3,4.17,3.0,333,0.834,0.6,0.5004,0.697907949790795
261,Sys_IMFfdloss_ref_1,3.45,2.85,339,0.6900000000000001,0.5700000000000001,0.3933000000000001,0.6242857142857143
261,Sys_IMFfdloss_ref_2,1.85,1.2,339,0.37,0.24,0.08879999999999999,0.2911475409836065
261,Sys_IMFfdloss_ref_3,2.15,1.85,339,0.43,0.37,0.1591,0.39774999999999994
261,User_IMFfdloss_1,2.14,2.0,339,0.42800000000000005,0.4,0.17120000000000002,0.41352657004830917
261,User_IMFfdloss_2,3.12,3.0,339,0.624,0.6,0.3744,0.611764705882353
261,User_IMFfdloss_3,3.12,2.0,339,0.624,0.4,0.24960000000000002,0.48750000000000004
264,Sys_IMFfdloss_ref_1,4.85,3.2,339,0.97,0.64,0.6208,0.7711801242236026
264,Sys_IMFfdloss_ref_2,4.85,3.65,339,0.97,0.73,0.7081,0.8330588235294117
264,Sys_IMFfdloss_ref_3,2.85,3.6,339,0.5700000000000001,0.72,0.41040000000000004,0.6362790697674419
264,User_IMFfdloss_1,4.38,4.0,339,0.876,0.8,0.7008000000000001,0.8362768496420048
264,User_IMFfdloss_2,5.0,4.0,339,1.0,0.8,0.8,0.888888888888889
264,User_IMFfdloss_3,5.0,4.0,339,1.0,0.8,0.8,0.888888888888889
265,Sys_IMFfdloss_ref_1,4.85,3.2,339,0.97,0.64,0.6208,0.7711801242236026
265,Sys_IMFfdloss_ref_2,4.12,2.85,339,0.8240000000000001,0.5700000000000001,0.4696800000000001,0.6738593974175037
265,Sys_IMFfdloss_ref_3,4.65,3.85,339,0.93,0.77,0.7161000000000001,0.8424705882352941
265,User_IMFfdloss_1,4.38,2.0,339,0.876,0.4,0.35040000000000004,0.5492163009404389
265,User_IMFfdloss_2,4.38,4.0,339,0.876,0.8,0.7008000000000001,0.8362768496420048
265,User_IMFfdloss_3,4.38,4.0,339,0.876,0.8,0.7008000000000001,0.8362768496420048
266,Sys_IMFfdloss_ref_1,4.12,2.85,339,0.8240000000000001,0.5700000000000001,0.4696800000000001,0.6738593974175037
266,Sys_IMFfdloss_ref_2,4.65,3.85,339,0.93,0.77,0.7161000000000001,0.8424705882352941
266,Sys_IMFfdloss_ref_3,4.65,3.85,339,0.93,0.77,0.7161000000000001,0.8424705882352941
266,User_IMFfdloss_1,5.0,4.0,339,1.0,0.8,0.8,0.888888888888889
266,User_IMFfdloss_2,5.0,4.0,339,1.0,0.8,0.8,0.888888888888889
266,User_IMFfdloss_3,5.0,4.0,339,1.0,0.8,0.8,0.888888888888889
268,Sys_IMFfdloss_ref_1,4.15,2.0,339,0.8300000000000001,0.4,0.3320000000000001,0.5398373983739838
268,Sys_IMFfdloss_ref_2,4.12,2.0,339,0.8240000000000001,0.4,0.32960000000000006,0.538562091503268
268,Sys_IMFfdloss_ref_3,4.85,2.0,339,0.97,0.4,0.388,0.5664233576642336
268,User_IMFfdloss_1,4.38,4.0,339,0.876,0.8,0.7008000000000001,0.8362768496420048
268,User_IMFfdloss_2,4.38,2.0,339,0.876,0.4,0.35040000000000004,0.5492163009404389
268,User_IMFfdloss_3,4.38,3.0,339,0.876,0.6,0.5256,0.7121951219512195
271,Sys_IMFfdloss_ref_1,3.15,1.5,347,0.63,0.3,0.189,0.40645161290322585
271,Sys_IMFfdloss_ref_2,3.62,1.5,347,0.724,0.3,0.21719999999999998,0.4242187499999999
271,Sys_IMFfdloss_ref_3,4.12,1.5,347,0.8240000000000001,0.3,0.2472,0.43985765124555154
271,User_IMFfdloss_1,4.38,3.0,347,0.876,0.6,0.5256,0.7121951219512195
271,User_IMFfdloss_2,4.44,3.0,347,0.8880000000000001,0.6,0.5328,0.7161290322580646
271,User_IMFfdloss_3,4.38,3.0,347,0.876,0.6,0.5256,0.7121951219512195
273,Sys_IMFfdloss_ref_1,4.82,2.0,347,0.9640000000000001,0.4,0.38560000000000005,0.5653958944281525
273,Sys_IMFfdloss_ref_2,4.82,2.0,347,0.9640000000000001,0.4,0.38560000000000005,0.5653958944281525
273,Sys_IMFfdloss_ref_3,4.62,2.0,347,0.924,0.4,0.36960000000000004,0.5583081570996979
273,User_IMFfdloss_1,5.0,5.0,347,1.0,1.0,1.0,1.0
273,User_IMFfdloss_2,5.0,2.0,347,1.0,0.4,0.4,0.5714285714285715
273,User_IMFfdloss_3,5.0,5.0,347,1.0,1.0,1.0,1.0
274,Sys_IMFfdloss_ref_1,5.0,5.0,347,1.0,1.0,1.0,1.0
274,Sys_IMFfdloss_ref_2,4.98,4.97,347,0.9960000000000001,0.994,0.9900240000000001,0.9949989949748744
274,Sys_IMFfdloss_ref_3,5.0,5.0,347,1.0,1.0,1.0,1.0
274,User_IMFfdloss_1,5.0,5.0,347,1.0,1.0,1.0,1.0
274,User_IMFfdloss_2,5.0,5.0,347,1.0,1.0,1.0,1.0
274,User_IMFfdloss_3,5.0,5.0,347,1.0,1.0,1.0,1.0
275,Sys_IMFfdloss_ref_1,4.62,2.0,347,0.924,0.4,0.36960000000000004,0.5583081570996979
275,Sys_IMFfdloss_ref_2,4.85,2.0,347,0.97,0.4,0.388,0.5664233576642336
275,Sys_IMFfdloss_ref_3,4.12,2.0,347,0.8240000000000001,0.4,0.32960000000000006,0.538562091503268
275,User_IMFfdloss_1,5.0,4.0,347,1.0,0.8,0.8,0.888888888888889
275,User_IMFfdloss_2,5.0,4.0,347,1.0,0.8,0.8,0.888888888888889
275,User_IMFfdloss_3,5.0,4.0,347,1.0,0.8,0.8,0.888888888888889
278,Sys_IMFfdloss_ref_1,4.82,3.65,347,0.9640000000000001,0.73,0.70372,0.8308382526564345
278,Sys_IMFfdloss_ref_2,4.82,3.65,347,0.9640000000000001,0.73,0.70372,0.8308382526564345
278,Sys_IMFfdloss_ref_3,4.92,4.85,347,0.984,0.97,0.95448,0.976949846468782
278,User_IMFfdloss_1,5.0,5.0,347,1.0,1.0,1.0,1.0
278,User_IMFfdloss_2,5.0,4.0,347,1.0,0.8,0.8,0.888888888888889
278,User_IMFfdloss_3,5.0,5.0,347,1.0,1.0,1.0,1.0
280,Sys_IMFfdloss_ref_1,4.92,4.98,356,0.984,0.9960000000000001,0.980064,0.9899636363636364
280,Sys_IMFfdloss_ref_2,4.15,4.32,356,0.8300000000000001,0.8640000000000001,0.7171200000000001,0.8466587957497048
280,Sys_IMFfdloss_ref_3,4.15,4.28,356,0.8300000000000001,0.8560000000000001,0.7104800000000001,0.8427995255041519
280,User_IMFfdloss_1,4.17,5.0,356,0.834,1.0,0.834,0.9094874591057797
280,User_IMFfdloss_2,5.0,5.0,356,1.0,1.0,1.0,1.0
280,User_IMFfdloss_3,4.17,5.0,356,0.834,1.0,0.834,0.9094874591057797
281,Sys_IMFfdloss_ref_1,4.62,3.0,356,0.924,0.6,0.5544,0.7275590551181103
281,Sys_IMFfdloss_ref_2,4.65,3.0,356,0.93,0.6,0.558,0.7294117647058824
281,Sys_IMFfdloss_ref_3,4.85,3.0,356,0.97,0.6,0.582,0.7414012738853504
281,User_IMFfdloss_1,5.0,3.0,356,1.0,0.6,0.6,0.7499999999999999
281,User_IMFfdloss_2,4.44,4.0,356,0.8880000000000001,0.8,0.7104000000000001,0.8417061611374408
281,User_IMFfdloss_3,5.0,5.0,356,1.0,1.0,1.0,1.0
284,Sys_IMFfdloss_ref_1,4.85,3.92,356,0.97,0.784,0.76048,0.8671379703534778
284,Sys_IMFfdloss_ref_2,4.12,3.85,356,0.8240000000000001,0.77,0.63448,0.7960853199498118
284,Sys_IMFfdloss_ref_3,4.82,3.65,356,0.9640000000000001,0.73,0.70372,0.8308382526564345
284,User_IMFfdloss_1,4.29,4.0,356,0.858,0.8,0.6864,0.8279855247285887
284,User_IMFfdloss_2,4.29,4.0,356,0.858,0.8,0.6864,0.8279855247285887
284,User_IMFfdloss_3,4.29,4.0,356,0.858,0.8,0.6864,0.8279855247285887
287,Sys_IMFfdloss_ref_1,2.15,1.5,356,0.43,0.3,0.129,0.35342465753424657
287,Sys_IMFfdloss_ref_2,1.85,1.5,356,0.37,0.3,0.111,0.3313432835820896
287,Sys_IMFfdloss_ref_3,2.85,1.5,356,0.5700000000000001,0.3,0.171,0.3931034482758621
287,User_IMFfdloss_1,2.5,2.0,356,0.5,0.4,0.2,0.4444444444444445
287,User_IMFfdloss_2,2.0,2.0,356,0.4,0.4,0.16000000000000003,0.4000000000000001
287,User_IMFfdloss_3,2.5,2.0,356,0.5,0.4,0.2,0.4444444444444445
289,Sys_IMFfdloss_ref_1,4.85,4.92,356,0.97,0.984,0.95448,0.976949846468782
289,Sys_IMFfdloss_ref_2,4.85,3.6,356,0.97,0.72,0.6983999999999999,0.8265088757396449
289,Sys_IMFfdloss_ref_3,4.62,3.45,356,0.924,0.6900000000000001,0.6375600000000001,0.7900371747211897
289,User_IMFfdloss_1,5.0,4.0,356,1.0,0.8,0.8,0.888888888888889
289,User_IMFfdloss_2,4.44,4.0,356,0.8880000000000001,0.8,0.7104000000000001,0.8417061611374408
289,User_IMFfdloss_3,5.0,4.0,356,1.0,0.8,0.8,0.888888888888889
291,Sys_IMFfdloss_ref_1,4.62,2.85,365,0.924,0.5700000000000001,0.52668,0.7050602409638553
291,Sys_IMFfdloss_ref_2,4.62,3.85,365,0.924,0.77,0.71148,0.8400000000000001
291,Sys_IMFfdloss_ref_3,4.12,3.65,365,0.8240000000000001,0.73,0.60152,0.7741570141570142
291,User_IMFfdloss_1,5.0,3.0,365,1.0,0.6,0.6,0.7499999999999999
291,User_IMFfdloss_2,5.0,3.0,365,1.0,0.6,0.6,0.7499999999999999
291,User_IMFfdloss_3,5.0,3.0,365,1.0,0.6,0.6,0.7499999999999999
294,Sys_IMFfdloss_ref_1,4.62,1.5,365,0.924,0.3,0.2772,0.45294117647058824
294,Sys_IMFfdloss_ref_2,4.12,1.5,365,0.8240000000000001,0.3,0.2472,0.43985765124555154
294,Sys_IMFfdloss_ref_3,4.82,1.5,365,0.9640000000000001,0.3,0.2892,0.45759493670886076
294,User_IMFfdloss_1,4.29,2.0,365,0.858,0.4,0.3432,0.5456279809220985
294,User_IMFfdloss_2,4.29,2.0,365,0.858,0.4,0.3432,0.5456279809220985
294,User_IMFfdloss_3,4.29,4.0,365,0.858,0.8,0.6864,0.8279855247285887
295,Sys_IMFfdloss_ref_1,4.65,3.0,365,0.93,0.6,0.558,0.7294117647058824
295,Sys_IMFfdloss_ref_2,4.12,2.85,365,0.8240000000000001,0.5700000000000001,0.4696800000000001,0.6738593974175037
295,Sys_IMFfdloss_ref_3,4.65,3.0,365,0.93,0.6,0.558,0.7294117647058824
295,User_IMFfdloss_1,5.0,3.0,365,1.0,0.6,0.6,0.7499999999999999
295,User_IMFfdloss_2,5.0,4.0,365,1.0,0.8,0.8,0.888888888888889
295,User_IMFfdloss_3,4.38,3.0,365,0.876,0.6,0.5256,0.7121951219512195
296,Sys_IMFfdloss_ref_1,4.62,1.5,365,0.924,0.3,0.2772,0.45294117647058824
296,Sys_IMFfdloss_ref_2,4.65,1.5,365,0.93,0.3,0.279,0.4536585365853659
296,Sys_IMFfdloss_ref_3,4.12,1.5,365,0.8240000000000001,0.3,0.2472,0.43985765124555154
296,User_IMFfdloss_1,5.0,2.0,365,1.0,0.4,0.4,0.5714285714285715
296,User_IMFfdloss_2,5.0,5.0,365,1.0,1.0,1.0,1.0
296,User_IMFfdloss_3,5.0,4.0,365,1.0,0.8,0.8,0.888888888888889
298,Sys_IMFfdloss_ref_1,4.15,1.5,365,0.8300000000000001,0.3,0.249,0.44070796460176986
298,Sys_IMFfdloss_ref_2,4.65,1.5,365,0.93,0.3,0.279,0.4536585365853659
298,Sys_IMFfdloss_ref_3,4.65,1.5,365,0.93,0.3,0.279,0.4536585365853659
298,User_IMFfdloss_1,4.0,2.0,365,0.8,0.4,0.32000000000000006,0.5333333333333333
298,User_IMFfdloss_2,4.0,4.0,365,0.8,0.8,0.6400000000000001,0.8000000000000002
298,User_IMFfdloss_3,4.0,2.0,365,0.8,0.4,0.32000000000000006,0.5333333333333333
301,Sys_IMFfdloss_ref_1,5.0,5.0,370,1.0,1.0,1.0,1.0
301,Sys_IMFfdloss_ref_2,4.82,1.5,370,0.9640000000000001,0.3,0.2892,0.45759493670886076
301,Sys_IMFfdloss_ref_3,4.98,4.99,370,0.9960000000000001,0.998,0.9940080000000001,0.9969989969909729
301,User_IMFfdloss_1,5.0,5.0,370,1.0,1.0,1.0,1.0
301,User_IMFfdloss_2,5.0,5.0,370,1.0,1.0,1.0,1.0
301,User_IMFfdloss_3,5.0,5.0,370,1.0,1.0,1.0,1.0
302,Sys_IMFfdloss_ref_1,4.62,3.85,370,0.924,0.77,0.71148,0.8400000000000001
302,Sys_IMFfdloss_ref_2,4.12,2.0,370,0.8240000000000001,0.4,0.32960000000000006,0.538562091503268
302,Sys_IMFfdloss_ref_3,4.12,2.0,370,0.8240000000000001,0.4,0.32960000000000006,0.538562091503268
302,User_IMFfdloss_1,5.0,4.0,370,1.0,0.8,0.8,0.888888888888889
302,User_IMFfdloss_2,5.0,4.0,370,1.0,0.8,0.8,0.888888888888889
302,User_IMFfdloss_3,5.0,4.0,370,1.0,0.8,0.8,0.888888888888889
303,Sys_IMFfdloss_ref_1,4.65,3.82,370,0.93,0.764,0.71052,0.8388665879574971
303,Sys_IMFfdloss_ref_2,4.92,3.85,370,0.984,0.77,0.75768,0.863945267958951
303,Sys_IMFfdloss_ref_3,4.12,3.85,370,0.8240000000000001,0.77,0.63448,0.7960853199498118
303,User_IMFfdloss_1,5.0,4.0,370,1.0,0.8,0.8,0.888888888888889
303,User_IMFfdloss_2,4.44,4.0,370,0.8880000000000001,0.8,0.7104000000000001,0.8417061611374408
303,User_IMFfdloss_3,4.38,4.0,370,0.876,0.8,0.7008000000000001,0.8362768496420048
307,Sys_IMFfdloss_ref_1,4.98,4.85,370,0.9960000000000001,0.97,0.9661200000000001,0.9828280773143439
307,Sys_IMFfdloss_ref_2,4.98,4.95,370,0.9960000000000001,0.99,0.9860400000000001,0.9929909365558913
307,Sys_IMFfdloss_ref_3,4.98,4.95,370,0.9960000000000001,0.99,0.9860400000000001,0.9929909365558913
307,User_IMFfdloss_1,5.0,5.0,370,1.0,1.0,1.0,1.0
307,User_IMFfdloss_2,5.0,5.0,370,1.0,1.0,1.0,1.0
307,User_IMFfdloss_3,5.0,3.0,370,1.0,0.6,0.6,0.7499999999999999
308,Sys_IMFfdloss_ref_1,4.85,4.92,370,0.97,0.984,0.95448,0.976949846468782
308,Sys_IMFfdloss_ref_2,4.85,1.5,370,0.97,0.3,0.291,0.458267716535433
308,Sys_IMFfdloss_ref_3,4.85,1.5,370,0.97,0.3,0.291,0.458267716535433
308,User_IMFfdloss_1,5.0,5.0,370,1.0,1.0,1.0,1.0
308,User_IMFfdloss_2,5.0,5.0,370,1.0,1.0,1.0,1.0
308,User_IMFfdloss_3,5.0,5.0,370,1.0,1.0,1.0,1.0
310,Sys_IMFfdloss_ref_1,1.45,2.85,389,0.29,0.5700000000000001,0.1653,0.38441860465116273
310,Sys_IMFfdloss_ref_2,1.85,3.42,389,0.37,0.6839999999999999,0.25307999999999997,0.4802277039848198
310,Sys_IMFfdloss_ref_3,1.15,2.85,389,0.22999999999999998,0.5700000000000001,0.1311,0.32775
310,User_IMFfdloss_1,1.67,3.0,389,0.33399999999999996,0.6,0.20039999999999997,0.42912205567451817
310,User_IMFfdloss_2,1.11,3.0,389,0.22200000000000003,0.6,0.1332,0.32408759124087594
310,User_IMFfdloss_3,1.67,3.0,389,0.33399999999999996,0.6,0.20039999999999997,0.42912205567451817
312,Sys_IMFfdloss_ref_1,1.85,2.6,389,0.37,0.52,0.19240000000000002,0.43235955056179776
312,Sys_IMFfdloss_ref_2,1.85,2.4,389,0.37,0.48,0.17759999999999998,0.4178823529411764
312,Sys_IMFfdloss_ref_3,0.85,3.2,389,0.16999999999999998,0.64,0.1088,0.2686419753086419
312,User_IMFfdloss_1,2.22,2.0,389,0.44400000000000006,0.4,0.17760000000000004,0.4208530805687204
312,User_IMFfdloss_2,1.67,2.0,389,0.33399999999999996,0.4,0.1336,0.3640326975476839
312,User_IMFfdloss_3,2.22,2.0,389,0.44400000000000006,0.4,0.17760000000000004,0.4208530805687204
314,Sys_IMFfdloss_ref_1,1.85,1.5,389,0.37,0.3,0.111,0.3313432835820896
314,Sys_IMFfdloss_ref_2,1.15,1.5,389,0.22999999999999998,0.3,0.06899999999999999,0.260377358490566
314,Sys_IMFfdloss_ref_3,1.85,1.5,389,0.37,0.3,0.111,0.3313432835820896
314,User_IMFfdloss_1,1.67,2.0,389,0.33399999999999996,0.4,0.1336,0.3640326975476839
314,User_IMFfdloss_2,1.11,2.0,389,0.22200000000000003,0.4,0.08880000000000002,0.28553054662379423
314,User_IMFfdloss_3,1.67,2.0,389,0.33399999999999996,0.4,0.1336,0.3640326975476839
318,Sys_IMFfdloss_ref_1,1.25,1.5,389,0.25,0.3,0.075,0.2727272727272727
318,Sys_IMFfdloss_ref_2,1.25,1.5,389,0.25,0.3,0.075,0.2727272727272727
318,Sys_IMFfdloss_ref_3,0.85,1.5,389,0.16999999999999998,0.3,0.051,0.2170212765957447
318,User_IMFfdloss_1,2.22,3.0,389,0.44400000000000006,0.6,0.2664,0.5103448275862069
318,User_IMFfdloss_2,2.22,3.0,389,0.44400000000000006,0.6,0.2664,0.5103448275862069
318,User_IMFfdloss_3,1.11,4.0,389,0.22200000000000003,0.8,0.17760000000000004,0.3475538160469668
319,Sys_IMFfdloss_ref_1,1.85,3.42,389,0.37,0.6839999999999999,0.25307999999999997,0.4802277039848198
319,Sys_IMFfdloss_ref_2,1.45,1.5,389,0.29,0.3,0.087,0.29491525423728815
319,Sys_IMFfdloss_ref_3,1.85,4.12,389,0.37,0.8240000000000001,0.30488000000000004,0.5106867671691793
319,User_IMFfdloss_1,2.22,3.0,389,0.44400000000000006,0.6,0.2664,0.5103448275862069
319,User_IMFfdloss_2,1.88,3.0,389,0.376,0.6,0.2256,0.46229508196721314
319,User_IMFfdloss_3,2.22,2.0,389,0.44400000000000006,0.4,0.17760000000000004,0.4208530805687204
320,Sys_IMFfdloss_ref_1,4.65,3.85,392,0.93,0.77,0.7161000000000001,0.8424705882352941
320,Sys_IMFfdloss_ref_2,4.85,3.75,392,0.97,0.75,0.7275,0.8459302325581396
320,Sys_IMFfdloss_ref_3,4.15,2.85,392,0.8300000000000001,0.5700000000000001,0.4731000000000001,0.6758571428571429
320,User_IMFfdloss_1,4.29,4.0,392,0.858,0.8,0.6864,0.8279855247285887
320,User_IMFfdloss_2,4.29,3.0,392,0.858,0.6,0.5147999999999999,0.7061728395061727
320,User_IMFfdloss_3,4.29,4.0,392,0.858,0.8,0.6864,0.8279855247285887
321,Sys_IMFfdloss_ref_1,1.25,2.85,392,0.25,0.5700000000000001,0.14250000000000002,0.34756097560975613
321,Sys_IMFfdloss_ref_2,0.85,3.42,392,0.16999999999999998,0.6839999999999999,0.11627999999999998,0.2723185011709602
321,Sys_IMFfdloss_ref_3,1.25,3.8,392,0.25,0.76,0.19,0.37623762376237624
321,User_IMFfdloss_1,3.57,4.0,392,0.714,0.8,0.5712,0.7545574636723911
321,User_IMFfdloss_2,3.57,4.0,392,0.714,0.8,0.5712,0.7545574636723911
321,User_IMFfdloss_3,3.57,3.0,392,0.714,0.6,0.42839999999999995,0.6520547945205478
322,Sys_IMFfdloss_ref_1,3.42,2.15,392,0.6839999999999999,0.43,0.29412,0.5280430879712747
322,Sys_IMFfdloss_ref_2,3.15,2.85,392,0.63,0.5700000000000001,0.35910000000000003,0.5984999999999999
322,Sys_IMFfdloss_ref_3,4.65,2.85,392,0.93,0.5700000000000001,0.5301000000000001,0.7068000000000002
322,User_IMFfdloss_1,3.75,3.0,392,0.75,0.6,0.44999999999999996,0.6666666666666665
322,User_IMFfdloss_2,4.29,3.0,392,0.858,0.6,0.5147999999999999,0.7061728395061727
322,User_IMFfdloss_3,2.86,3.0,392,0.572,0.6,0.34319999999999995,0.5856655290102388
326,Sys_IMFfdloss_ref_1,4.35,2.85,392,0.8699999999999999,0.5700000000000001,0.4959,0.6887500000000001
326,Sys_IMFfdloss_ref_2,4.65,3.82,392,0.93,0.764,0.71052,0.8388665879574971
326,Sys_IMFfdloss_ref_3,3.45,2.85,392,0.6900000000000001,0.5700000000000001,0.3933000000000001,0.6242857142857143
326,User_IMFfdloss_1,4.29,4.0,392,0.858,0.8,0.6864,0.8279855247285887
326,User_IMFfdloss_2,2.14,3.0,392,0.42800000000000005,0.6,0.25680000000000003,0.4996108949416343
326,User_IMFfdloss_3,4.29,4.0,392,0.858,0.8,0.6864,0.8279855247285887
327,Sys_IMFfdloss_ref_1,4.15,2.85,392,0.8300000000000001,0.5700000000000001,0.4731000000000001,0.6758571428571429
327,Sys_IMFfdloss_ref_2,4.65,2.85,392,0.93,0.5700000000000001,0.5301000000000001,0.7068000000000002
327,Sys_IMFfdloss_ref_3,3.85,2.65,392,0.77,0.53,0.4081,0.6278461538461538
327,User_IMFfdloss_1,4.29,3.0,392,0.858,0.6,0.5147999999999999,0.7061728395061727
327,User_IMFfdloss_2,2.86,3.0,392,0.572,0.6,0.34319999999999995,0.5856655290102388
327,User_IMFfdloss_3,4.29,3.0,392,0.858,0.6,0.5147999999999999,0.7061728395061727
330,Sys_IMFfdloss_ref_1,4.12,2.85,394,0.8240000000000001,0.5700000000000001,0.4696800000000001,0.6738593974175037
330,Sys_IMFfdloss_ref_2,2.45,2.8,394,0.49000000000000005,0.5599999999999999,0.2744,0.5226666666666666
330,Sys_IMFfdloss_ref_3,3.65,2.85,394,0.73,0.5700000000000001,0.4161,0.6401538461538462
330,User_IMFfdloss_1,4.0,4.0,394,0.8,0.8,0.6400000000000001,0.8000000000000002
330,User_IMFfdloss_2,4.0,3.0,394,0.8,0.6,0.48,0.6857142857142857
330,User_IMFfdloss_3,2.5,3.0,394,0.5,0.6,0.3,0.5454545454545454
333,Sys_IMFfdloss_ref_1,2.15,1.85,394,0.43,0.37,0.1591,0.39774999999999994
333,Sys_IMFfdloss_ref_2,1.85,2.1,394,0.37,0.42000000000000004,0.1554,0.39341772151898735
333,Sys_IMFfdloss_ref_3,1.85,2.1,394,0.37,0.42000000000000004,0.1554,0.39341772151898735
333,User_IMFfdloss_1,1.43,2.0,394,0.286,0.4,0.1144,0.3335276967930029
333,User_IMFfdloss_2,1.43,3.0,394,0.286,0.6,0.17159999999999997,0.3873589164785553
333,User_IMFfdloss_3,2.14,2.0,394,0.42800000000000005,0.4,0.17120000000000002,0.41352657004830917
334,Sys_IMFfdloss_ref_1,4.85,2.15,394,0.97,0.43,0.41709999999999997,0.5958571428571429
334,Sys_IMFfdloss_ref_2,4.92,2.85,394,0.984,0.5700000000000001,0.56088,0.7218532818532819
334,Sys_IMFfdloss_ref_3,4.85,2.65,394,0.97,0.53,0.5141,0.6854666666666667
334,User_IMFfdloss_1,5.0,2.0,394,1.0,0.4,0.4,0.5714285714285715
334,User_IMFfdloss_2,5.0,2.0,394,1.0,0.4,0.4,0.5714285714285715
334,User_IMFfdloss_3,5.0,2.0,394,1.0,0.4,0.4,0.5714285714285715
338,Sys_IMFfdloss_ref_1,4.65,3.82,394,0.93,0.764,0.71052,0.8388665879574971
338,Sys_IMFfdloss_ref_2,3.85,2.9,394,0.77,0.58,0.4466,0.6616296296296296
338,Sys_IMFfdloss_ref_3,4.15,3.85,394,0.8300000000000001,0.77,0.6391000000000001,0.7988750000000001
338,User_IMFfdloss_1,3.75,4.0,394,0.75,0.8,0.6000000000000001,0.7741935483870969
338,User_IMFfdloss_2,5.0,3.0,394,1.0,0.6,0.6,0.7499999999999999
338,User_IMFfdloss_3,5.0,3.0,394,1.0,0.6,0.6,0.7499999999999999
339,Sys_IMFfdloss_ref_1,4.15,2.85,394,0.8300000000000001,0.5700000000000001,0.4731000000000001,0.6758571428571429
339,Sys_IMFfdloss_ref_2,3.85,2.65,394,0.77,0.53,0.4081,0.6278461538461538
339,Sys_IMFfdloss_ref_3,4.12,1.5,394,0.8240000000000001,0.3,0.2472,0.43985765124555154
339,User_IMFfdloss_1,3.0,3.0,394,0.6,0.6,0.36,0.6
339,User_IMFfdloss_2,4.17,4.0,394,0.834,0.8,0.6672,0.8166462668298654
339,User_IMFfdloss_3,5.0,4.0,394,1.0,0.8,0.8,0.888888888888889
341,Sys_IMFfdloss_ref_1,4.85,4.72,396,0.97,0.944,0.9156799999999999,0.9568234064785789
341,Sys_IMFfdloss_ref_2,4.85,3.65,396,0.97,0.73,0.7081,0.8330588235294117
341,Sys_IMFfdloss_ref_3,4.85,3.65,396,0.97,0.73,0.7081,0.8330588235294117
341,User_IMFfdloss_1,5.0,2.0,396,1.0,0.4,0.4,0.5714285714285715
341,User_IMFfdloss_2,5.0,2.0,396,1.0,0.4,0.4,0.5714285714285715
341,User_IMFfdloss_3,5.0,5.0,396,1.0,1.0,1.0,1.0
344,Sys_IMFfdloss_ref_1,1.85,1.2,396,0.37,0.24,0.08879999999999999,0.2911475409836065
344,Sys_IMFfdloss_ref_2,2.85,2.6,396,0.5700000000000001,0.52,0.29640000000000005,0.5438532110091744
344,Sys_IMFfdloss_ref_3,1.85,1.4,396,0.37,0.27999999999999997,0.10359999999999998,0.31876923076923075
344,User_IMFfdloss_1,1.43,3.0,396,0.286,0.6,0.17159999999999997,0.3873589164785553
344,User_IMFfdloss_2,1.43,1.0,396,0.286,0.2,0.0572,0.23539094650205764
344,User_IMFfdloss_3,2.5,3.0,396,0.5,0.6,0.3,0.5454545454545454
346,Sys_IMFfdloss_ref_1,4.72,3.85,396,0.944,0.77,0.72688,0.8481680280046674
346,Sys_IMFfdloss_ref_2,4.85,4.6,396,0.97,0.9199999999999999,0.8923999999999999,0.9443386243386243
346,Sys_IMFfdloss_ref_3,4.82,3.65,396,0.9640000000000001,0.73,0.70372,0.8308382526564345
346,User_IMFfdloss_1,5.0,5.0,396,1.0,1.0,1.0,1.0
346,User_IMFfdloss_2,5.0,4.0,396,1.0,0.8,0.8,0.888888888888889
346,User_IMFfdloss_3,5.0,4.0,396,1.0,0.8,0.8,0.888888888888889
347,Sys_IMFfdloss_ref_1,2.85,3.6,396,0.5700000000000001,0.72,0.41040000000000004,0.6362790697674419
347,Sys_IMFfdloss_ref_2,3.85,3.62,396,0.77,0.724,0.55748,0.7462918340026774
347,Sys_IMFfdloss_ref_3,3.82,3.65,396,0.764,0.73,0.55772,0.7466131191432396
347,User_IMFfdloss_1,5.0,4.0,396,1.0,0.8,0.8,0.888888888888889
347,User_IMFfdloss_2,4.29,3.0,396,0.858,0.6,0.5147999999999999,0.7061728395061727
347,User_IMFfdloss_3,4.29,4.0,396,0.858,0.8,0.6864,0.8279855247285887
349,Sys_IMFfdloss_ref_1,4.72,3.85,396,0.944,0.77,0.72688,0.8481680280046674
349,Sys_IMFfdloss_ref_2,4.72,3.85,396,0.944,0.77,0.72688,0.8481680280046674
349,Sys_IMFfdloss_ref_3,3.82,4.15,396,0.764,0.8300000000000001,0.63412,0.795633626097867
349,User_IMFfdloss_1,5.0,3.0,396,1.0,0.6,0.6,0.7499999999999999
349,User_IMFfdloss_2,5.0,4.0,396,1.0,0.8,0.8,0.888888888888889
349,User_IMFfdloss_3,4.17,4.0,396,0.834,0.8,0.6672,0.8166462668298654
351,Sys_IMFfdloss_ref_1,4.85,4.92,400,0.97,0.984,0.95448,0.976949846468782
351,Sys_IMFfdloss_ref_2,3.85,1.5,400,0.77,0.3,0.23099999999999998,0.4317757009345794
351,Sys_IMFfdloss_ref_3,4.85,3.65,400,0.97,0.73,0.7081,0.8330588235294117
351,User_IMFfdloss_1,4.38,4.0,400,0.876,0.8,0.7008000000000001,0.8362768496420048
351,User_IMFfdloss_2,5.0,3.0,400,1.0,0.6,0.6,0.7499999999999999
351,User_IMFfdloss_3,3.75,3.0,400,0.75,0.6,0.44999999999999996,0.6666666666666665
352,Sys_IMFfdloss_ref_1,3.65,3.82,400,0.73,0.764,0.55772,0.7466131191432396
352,Sys_IMFfdloss_ref_2,4.92,1.5,400,0.984,0.3,0.29519999999999996,0.45981308411214944
352,Sys_IMFfdloss_ref_3,4.85,3.75,400,0.97,0.75,0.7275,0.8459302325581396
352,User_IMFfdloss_1,3.33,4.0,400,0.666,0.8,0.5328,0.7268758526603001
352,User_IMFfdloss_2,3.33,5.0,400,0.666,1.0,0.666,0.7995198079231693
352,User_IMFfdloss_3,5.0,4.0,400,1.0,0.8,0.8,0.888888888888889
354,Sys_IMFfdloss_ref_1,1.85,1.5,400,0.37,0.3,0.111,0.3313432835820896
354,Sys_IMFfdloss_ref_2,4.12,1.5,400,0.8240000000000001,0.3,0.2472,0.43985765124555154
354,Sys_IMFfdloss_ref_3,4.85,1.5,400,0.97,0.3,0.291,0.458267716535433
354,User_IMFfdloss_1,2.22,2.0,400,0.44400000000000006,0.4,0.17760000000000004,0.4208530805687204
354,User_IMFfdloss_2,2.22,2.0,400,0.44400000000000006,0.4,0.17760000000000004,0.4208530805687204
354,User_IMFfdloss_3,2.22,1.0,400,0.44400000000000006,0.2,0.08880000000000002,0.27577639751552796
357,Sys_IMFfdloss_ref_1,4.15,2.0,400,0.8300000000000001,0.4,0.3320000000000001,0.5398373983739838
357,Sys_IMFfdloss_ref_2,4.85,2.0,400,0.97,0.4,0.388,0.5664233576642336
357,Sys_IMFfdloss_ref_3,2.85,2.65,400,0.5700000000000001,0.53,0.30210000000000004,0.5492727272727272
357,User_IMFfdloss_1,5.0,3.0,400,1.0,0.6,0.6,0.7499999999999999
357,User_IMFfdloss_2,5.0,3.0,400,1.0,0.6,0.6,0.7499999999999999
357,User_IMFfdloss_3,5.0,3.0,400,1.0,0.6,0.6,0.7499999999999999
359,Sys_IMFfdloss_ref_1,4.65,2.85,400,0.93,0.5700000000000001,0.5301000000000001,0.7068000000000002
359,Sys_IMFfdloss_ref_2,3.85,2.75,400,0.77,0.55,0.42350000000000004,0.6416666666666667
359,Sys_IMFfdloss_ref_3,4.65,2.85,400,0.93,0.5700000000000001,0.5301000000000001,0.7068000000000002
359,User_IMFfdloss_1,0.0,2.0,400,0.0,0.4,0.0,0.0
359,User_IMFfdloss_2,3.33,3.0,400,0.666,0.6,0.3996,0.6312796208530805
359,User_IMFfdloss_3,0.0,3.0,400,0.0,0.6,0.0,0.0
361,Sys_IMFfdloss_ref_1,2.85,2.1,405,0.5700000000000001,0.42000000000000004,0.23940000000000006,0.4836363636363637
361,Sys_IMFfdloss_ref_2,1.25,1.85,405,0.25,0.37,0.0925,0.29838709677419356
361,Sys_IMFfdloss_ref_3,2.15,1.85,405,0.43,0.37,0.1591,0.39774999999999994
361,User_IMFfdloss_1,2.78,4.0,405,0.5559999999999999,0.8,0.4448,0.656047197640118
361,User_IMFfdloss_2,2.78,3.0,405,0.5559999999999999,0.6,0.33359999999999995,0.5771626297577854
361,User_IMFfdloss_3,2.78,2.0,405,0.5559999999999999,0.4,0.2224,0.46527196652719666
364,Sys_IMFfdloss_ref_1,2.85,2.4,405,0.5700000000000001,0.48,0.2736,0.5211428571428571
364,Sys_IMFfdloss_ref_2,4.12,2.85,405,0.8240000000000001,0.5700000000000001,0.4696800000000001,0.6738593974175037
364,Sys_IMFfdloss_ref_3,4.12,2.85,405,0.8240000000000001,0.5700000000000001,0.4696800000000001,0.6738593974175037
364,User_IMFfdloss_1,5.0,3.0,405,1.0,0.6,0.6,0.7499999999999999
364,User_IMFfdloss_2,3.0,2.0,405,0.6,0.4,0.24,0.48
364,User_IMFfdloss_3,3.0,3.0,405,0.6,0.6,0.36,0.6
366,Sys_IMFfdloss_ref_1,4.85,3.72,405,0.97,0.744,0.72168,0.842100350058343
366,Sys_IMFfdloss_ref_2,4.12,3.85,405,0.8240000000000001,0.77,0.63448,0.7960853199498118
366,Sys_IMFfdloss_ref_3,4.12,2.85,405,0.8240000000000001,0.5700000000000001,0.4696800000000001,0.6738593974175037
366,User_IMFfdloss_1,5.0,4.0,405,1.0,0.8,0.8,0.888888888888889
366,User_IMFfdloss_2,5.0,4.0,405,1.0,0.8,0.8,0.888888888888889
366,User_IMFfdloss_3,5.0,3.0,405,1.0,0.6,0.6,0.7499999999999999
368,Sys_IMFfdloss_ref_1,1.85,2.15,405,0.37,0.43,0.1591,0.39774999999999994
368,Sys_IMFfdloss_ref_2,1.85,2.4,405,0.37,0.48,0.17759999999999998,0.4178823529411764
368,Sys_IMFfdloss_ref_3,1.85,2.4,405,0.37,0.48,0.17759999999999998,0.4178823529411764
368,User_IMFfdloss_1,1.11,3.0,405,0.22200000000000003,0.6,0.1332,0.32408759124087594
368,User_IMFfdloss_2,1.67,3.0,405,0.33399999999999996,0.6,0.20039999999999997,0.42912205567451817
368,User_IMFfdloss_3,1.11,2.0,405,0.22200000000000003,0.4,0.08880000000000002,0.28553054662379423
369,Sys_IMFfdloss_ref_1,4.85,3.6,405,0.97,0.72,0.6983999999999999,0.8265088757396449
369,Sys_IMFfdloss_ref_2,3.45,1.85,405,0.6900000000000001,0.37,0.2553,0.4816981132075472
369,Sys_IMFfdloss_ref_3,3.85,2.15,405,0.77,0.43,0.3311,0.5518333333333334
369,User_IMFfdloss_1,2.78,2.0,405,0.5559999999999999,0.4,0.2224,0.46527196652719666
369,User_IMFfdloss_2,3.33,3.0,405,0.666,0.6,0.3996,0.6312796208530805
369,User_IMFfdloss_3,5.0,2.0,405,1.0,0.4,0.4,0.5714285714285715
373,Sys_IMFfdloss_ref_1,4.85,2.15,406,0.97,0.43,0.41709999999999997,0.5958571428571429
373,Sys_IMFfdloss_ref_2,4.15,3.62,406,0.8300000000000001,0.724,0.60092,0.7733848133848134
373,Sys_IMFfdloss_ref_3,4.65,3.85,406,0.93,0.77,0.7161000000000001,0.8424705882352941
373,User_IMFfdloss_1,4.44,4.0,406,0.8880000000000001,0.8,0.7104000000000001,0.8417061611374408
373,User_IMFfdloss_2,4.29,4.0,406,0.858,0.8,0.6864,0.8279855247285887
373,User_IMFfdloss_3,5.0,4.0,406,1.0,0.8,0.8,0.888888888888889
374,Sys_IMFfdloss_ref_1,2.85,1.65,406,0.5700000000000001,0.32999999999999996,0.1881,0.418
374,Sys_IMFfdloss_ref_2,4.65,1.85,406,0.93,0.37,0.3441,0.5293846153846153
374,Sys_IMFfdloss_ref_3,4.65,2.85,406,0.93,0.5700000000000001,0.5301000000000001,0.7068000000000002
374,User_IMFfdloss_1,5.0,3.0,406,1.0,0.6,0.6,0.7499999999999999
374,User_IMFfdloss_2,5.0,3.0,406,1.0,0.6,0.6,0.7499999999999999
374,User_IMFfdloss_3,3.33,2.0,406,0.666,0.4,0.2664,0.499812382739212
375,Sys_IMFfdloss_ref_1,4.85,3.6,406,0.97,0.72,0.6983999999999999,0.8265088757396449
375,Sys_IMFfdloss_ref_2,4.85,3.6,406,0.97,0.72,0.6983999999999999,0.8265088757396449
375,Sys_IMFfdloss_ref_3,4.85,2.65,406,0.97,0.53,0.5141,0.6854666666666667
375,User_IMFfdloss_1,5.0,3.0,406,1.0,0.6,0.6,0.7499999999999999
375,User_IMFfdloss_2,5.0,3.0,406,1.0,0.6,0.6,0.7499999999999999
375,User_IMFfdloss_3,5.0,3.0,406,1.0,0.6,0.6,0.7499999999999999
376,Sys_IMFfdloss_ref_1,2.85,3.42,406,0.5700000000000001,0.6839999999999999,0.38988,0.6218181818181818
376,Sys_IMFfdloss_ref_2,2.85,3.62,406,0.5700000000000001,0.724,0.41268000000000005,0.6378361669242659
376,Sys_IMFfdloss_ref_3,3.85,3.62,406,0.77,0.724,0.55748,0.7462918340026774
376,User_IMFfdloss_1,2.22,4.0,406,0.44400000000000006,0.8,0.35520000000000007,0.5710610932475885
376,User_IMFfdloss_2,2.22,4.0,406,0.44400000000000006,0.8,0.35520000000000007,0.5710610932475885
376,User_IMFfdloss_3,2.22,3.0,406,0.44400000000000006,0.6,0.2664,0.5103448275862069
377,Sys_IMFfdloss_ref_1,4.85,2.75,406,0.97,0.55,0.5335,0.7019736842105263
377,Sys_IMFfdloss_ref_2,4.85,3.62,406,0.97,0.724,0.7022799999999999,0.8291381345926799
377,Sys_IMFfdloss_ref_3,5.0,4.85,406,1.0,0.97,0.97,0.9847715736040609
377,User_IMFfdloss_1,5.0,3.0,406,1.0,0.6,0.6,0.7499999999999999
377,User_IMFfdloss_2,5.0,4.0,406,1.0,0.8,0.8,0.888888888888889
377,User_IMFfdloss_3,5.0,4.0,406,1.0,0.8,0.8,0.888888888888889
380,Sys_IMFfdloss_ref_1,4.85,3.72,413,0.97,0.744,0.72168,0.842100350058343
380,Sys_IMFfdloss_ref_2,3.85,2.75,413,0.77,0.55,0.42350000000000004,0.6416666666666667
380,Sys_IMFfdloss_ref_3,4.65,3.85,413,0.93,0.77,0.7161000000000001,0.8424705882352941
380,User_IMFfdloss_1,4.29,3.0,413,0.858,0.6,0.5147999999999999,0.7061728395061727
380,User_IMFfdloss_2,5.0,4.0,413,1.0,0.8,0.8,0.888888888888889
380,User_IMFfdloss_3,5.0,4.0,413,1.0,0.8,0.8,0.888888888888889
381,Sys_IMFfdloss_ref_1,3.15,1.82,413,0.63,0.364,0.22932,0.46140845070422537
381,Sys_IMFfdloss_ref_2,3.85,1.92,413,0.77,0.384,0.29568,0.5124436741767765
381,Sys_IMFfdloss_ref_3,4.15,2.85,413,0.8300000000000001,0.5700000000000001,0.4731000000000001,0.6758571428571429
381,User_IMFfdloss_1,5.0,3.0,413,1.0,0.6,0.6,0.7499999999999999
381,User_IMFfdloss_2,5.0,3.0,413,1.0,0.6,0.6,0.7499999999999999
381,User_IMFfdloss_3,5.0,4.0,413,1.0,0.8,0.8,0.888888888888889
385,Sys_IMFfdloss_ref_1,5.0,4.85,413,1.0,0.97,0.97,0.9847715736040609
385,Sys_IMFfdloss_ref_2,4.85,1.5,413,0.97,0.3,0.291,0.458267716535433
385,Sys_IMFfdloss_ref_3,4.85,3.65,413,0.97,0.73,0.7081,0.8330588235294117
385,User_IMFfdloss_1,5.0,3.0,413,1.0,0.6,0.6,0.7499999999999999
385,User_IMFfdloss_2,5.0,3.0,413,1.0,0.6,0.6,0.7499999999999999
385,User_IMFfdloss_3,5.0,2.0,413,1.0,0.4,0.4,0.5714285714285715
387,Sys_IMFfdloss_ref_1,1.25,1.1,413,0.25,0.22000000000000003,0.05500000000000001,0.23404255319148937
387,Sys_IMFfdloss_ref_2,3.82,2.15,413,0.764,0.43,0.32852,0.550284757118928
387,Sys_IMFfdloss_ref_3,4.15,1.5,413,0.8300000000000001,0.3,0.249,0.44070796460176986
387,User_IMFfdloss_1,0.56,2.0,413,0.11200000000000002,0.4,0.044800000000000006,0.17500000000000002
387,User_IMFfdloss_2,3.33,2.0,413,0.666,0.4,0.2664,0.499812382739212
387,User_IMFfdloss_3,4.38,1.0,413,0.876,0.2,0.17520000000000002,0.32565055762081785
388,Sys_IMFfdloss_ref_1,4.65,3.85,413,0.93,0.77,0.7161000000000001,0.8424705882352941
388,Sys_IMFfdloss_ref_2,4.65,3.85,413,0.93,0.77,0.7161000000000001,0.8424705882352941
388,Sys_IMFfdloss_ref_3,4.65,3.82,413,0.93,0.764,0.71052,0.8388665879574971
388,User_IMFfdloss_1,4.44,4.0,413,0.8880000000000001,0.8,0.7104000000000001,0.8417061611374408
388,User_IMFfdloss_2,3.89,4.0,413,0.778,0.8,0.6224000000000001,0.7888466413181242
388,User_IMFfdloss_3,4.44,4.0,413,0.8880000000000001,0.8,0.7104000000000001,0.8417061611374408
390,Sys_IMFfdloss_ref_1,4.85,1.5,415,0.97,0.3,0.291,0.458267716535433
390,Sys_IMFfdloss_ref_2,4.85,2.1,415,0.97,0.42000000000000004,0.40740000000000004,0.5861870503597122
390,Sys_IMFfdloss_ref_3,3.85,1.5,415,0.77,0.3,0.23099999999999998,0.4317757009345794
390,User_IMFfdloss_1,4.17,2.0,415,0.834,0.4,0.3336,0.5406807131280389
390,User_IMFfdloss_2,3.57,2.0,415,0.714,0.4,0.2856,0.5127468581687613
390,User_IMFfdloss_3,3.57,2.0,415,0.714,0.4,0.2856,0.5127468581687613
391,Sys_IMFfdloss_ref_1,0.0,2.85,415,0.0,0.5700000000000001,0.0,0.0
391,Sys_IMFfdloss_ref_2,0.0,1.2,415,0.0,0.24,0.0,0.0
391,Sys_IMFfdloss_ref_3,0.0,0.85,415,0.0,0.16999999999999998,0.0,0.0
391,User_IMFfdloss_1,0.0,1.0,415,0.0,0.2,0.0,0.0
391,User_IMFfdloss_2,0.0,1.0,415,0.0,0.2,0.0,0.0
391,User_IMFfdloss_3,0.0,1.0,415,0.0,0.2,0.0,0.0
393,Sys_IMFfdloss_ref_1,0.62,3.45,415,0.124,0.6900000000000001,0.08556000000000001,0.21022113022113023
393,Sys_IMFfdloss_ref_2,0.45,3.85,415,0.09,0.77,0.0693,0.16116279069767442
393,Sys_IMFfdloss_ref_3,0.65,2.85,415,0.13,0.5700000000000001,0.07410000000000001,0.21171428571428574
393,User_IMFfdloss_1,0.56,3.0,415,0.11200000000000002,0.6,0.06720000000000001,0.18876404494382026
393,User_IMFfdloss_2,0.56,4.0,415,0.11200000000000002,0.8,0.08960000000000001,0.19649122807017547
393,User_IMFfdloss_3,0.56,4.0,415,0.11200000000000002,0.8,0.08960000000000001,0.19649122807017547
394,Sys_IMFfdloss_ref_1,4.85,2.75,415,0.97,0.55,0.5335,0.7019736842105263
394,Sys_IMFfdloss_ref_2,4.85,3.6,415,0.97,0.72,0.6983999999999999,0.8265088757396449
394,Sys_IMFfdloss_ref_3,4.85,3.72,415,0.97,0.744,0.72168,0.842100350058343
394,User_IMFfdloss_1,5.0,4.0,415,1.0,0.8,0.8,0.888888888888889
394,User_IMFfdloss_2,5.0,3.0,415,1.0,0.6,0.6,0.7499999999999999
394,User_IMFfdloss_3,5.0,4.0,415,1.0,0.8,0.8,0.888888888888889
395,Sys_IMFfdloss_ref_1,4.85,3.65,415,0.97,0.73,0.7081,0.8330588235294117
395,Sys_IMFfdloss_ref_2,4.85,3.65,415,0.97,0.73,0.7081,0.8330588235294117
395,Sys_IMFfdloss_ref_3,4.85,3.72,415,0.97,0.744,0.72168,0.842100350058343
395,User_IMFfdloss_1,4.17,4.0,415,0.834,0.8,0.6672,0.8166462668298654
395,User_IMFfdloss_2,4.17,4.0,415,0.834,0.8,0.6672,0.8166462668298654
395,User_IMFfdloss_3,4.17,4.0,415,0.834,0.8,0.6672,0.8166462668298654
400,Sys_IMFfdloss_ref_1,4.85,1.5,419,0.97,0.3,0.291,0.458267716535433
400,Sys_IMFfdloss_ref_2,4.82,1.5,419,0.9640000000000001,0.3,0.2892,0.45759493670886076
400,Sys_IMFfdloss_ref_3,4.85,2.15,419,0.97,0.43,0.41709999999999997,0.5958571428571429
400,User_IMFfdloss_1,5.0,2.0,419,1.0,0.4,0.4,0.5714285714285715
400,User_IMFfdloss_2,4.38,2.0,419,0.876,0.4,0.35040000000000004,0.5492163009404389
400,User_IMFfdloss_3,5.0,2.0,419,1.0,0.4,0.4,0.5714285714285715
403,Sys_IMFfdloss_ref_1,4.65,2.85,419,0.93,0.5700000000000001,0.5301000000000001,0.7068000000000002
403,Sys_IMFfdloss_ref_2,4.25,1.5,419,0.85,0.3,0.255,0.44347826086956527
403,Sys_IMFfdloss_ref_3,4.25,1.5,419,0.85,0.3,0.255,0.44347826086956527
403,User_IMFfdloss_1,4.29,2.0,419,0.858,0.4,0.3432,0.5456279809220985
403,User_IMFfdloss_2,4.29,2.0,419,0.858,0.4,0.3432,0.5456279809220985
403,User_IMFfdloss_3,5.0,2.0,419,1.0,0.4,0.4,0.5714285714285715
406,Sys_IMFfdloss_ref_1,4.65,3.82,419,0.93,0.764,0.71052,0.8388665879574971
406,Sys_IMFfdloss_ref_2,4.12,1.5,419,0.8240000000000001,0.3,0.2472,0.43985765124555154
406,Sys_IMFfdloss_ref_3,4.65,2.85,419,0.93,0.5700000000000001,0.5301000000000001,0.7068000000000002
406,User_IMFfdloss_1,5.0,2.0,419,1.0,0.4,0.4,0.5714285714285715
406,User_IMFfdloss_2,5.0,3.0,419,1.0,0.6,0.6,0.7499999999999999
406,User_IMFfdloss_3,5.0,3.0,419,1.0,0.6,0.6,0.7499999999999999
408,Sys_IMFfdloss_ref_1,4.85,1.5,419,0.97,0.3,0.291,0.458267716535433
408,Sys_IMFfdloss_ref_2,4.85,1.5,419,0.97,0.3,0.291,0.458267716535433
408,Sys_IMFfdloss_ref_3,4.85,1.5,419,0.97,0.3,0.291,0.458267716535433
408,User_IMFfdloss_1,5.0,2.0,419,1.0,0.4,0.4,0.5714285714285715
408,User_IMFfdloss_2,4.38,2.0,419,0.876,0.4,0.35040000000000004,0.5492163009404389
408,User_IMFfdloss_3,4.38,3.0,419,0.876,0.6,0.5256,0.7121951219512195
409,Sys_IMFfdloss_ref_1,4.15,1.5,419,0.8300000000000001,0.3,0.249,0.44070796460176986
409,Sys_IMFfdloss_ref_2,4.85,1.5,419,0.97,0.3,0.291,0.458267716535433
409,Sys_IMFfdloss_ref_3,4.85,3.65,419,0.97,0.73,0.7081,0.8330588235294117
409,User_IMFfdloss_1,5.0,4.0,419,1.0,0.8,0.8,0.888888888888889
409,User_IMFfdloss_2,4.0,2.0,419,0.8,0.4,0.32000000000000006,0.5333333333333333
409,User_IMFfdloss_3,5.0,2.0,419,1.0,0.4,0.4,0.5714285714285715
410,Sys_IMFfdloss_ref_1,3.85,3.2,421,0.77,0.64,0.4928,0.6990070921985815
410,Sys_IMFfdloss_ref_2,3.85,2.9,421,0.77,0.58,0.4466,0.6616296296296296
410,Sys_IMFfdloss_ref_3,3.42,2.85,421,0.6839999999999999,0.5700000000000001,0.38988,0.6218181818181818
410,User_IMFfdloss_1,5.0,2.0,421,1.0,0.4,0.4,0.5714285714285715
410,User_IMFfdloss_2,5.0,3.0,421,1.0,0.6,0.6,0.7499999999999999
410,User_IMFfdloss_3,5.0,3.0,421,1.0,0.6,0.6,0.7499999999999999
411,Sys_IMFfdloss_ref_1,2.85,2.1,421,0.5700000000000001,0.42000000000000004,0.23940000000000006,0.4836363636363637
411,Sys_IMFfdloss_ref_2,3.82,1.5,421,0.764,0.3,0.2292,0.4308270676691729
411,Sys_IMFfdloss_ref_3,3.42,1.5,421,0.6839999999999999,0.3,0.20519999999999997,0.41707317073170724
411,User_IMFfdloss_1,3.89,2.0,421,0.778,0.4,0.31120000000000003,0.5283531409168082
411,User_IMFfdloss_2,5.0,2.0,421,1.0,0.4,0.4,0.5714285714285715
411,User_IMFfdloss_3,3.89,2.0,421,0.778,0.4,0.31120000000000003,0.5283531409168082
412,Sys_IMFfdloss_ref_1,4.15,3.65,421,0.8300000000000001,0.73,0.6059,0.7767948717948717
412,Sys_IMFfdloss_ref_2,4.15,2.85,421,0.8300000000000001,0.5700000000000001,0.4731000000000001,0.6758571428571429
412,Sys_IMFfdloss_ref_3,4.65,3.82,421,0.93,0.764,0.71052,0.8388665879574971
412,User_IMFfdloss_1,4.44,4.0,421,0.8880000000000001,0.8,0.7104000000000001,0.8417061611374408
412,User_IMFfdloss_2,3.89,3.0,421,0.778,0.6,0.4668,0.6775036284470246
412,User_IMFfdloss_3,3.89,3.0,421,0.778,0.6,0.4668,0.6775036284470246
413,Sys_IMFfdloss_ref_1,5.0,4.85,421,1.0,0.97,0.97,0.9847715736040609
413,Sys_IMFfdloss_ref_2,4.92,3.85,421,0.984,0.77,0.75768,0.863945267958951
413,Sys_IMFfdloss_ref_3,4.65,2.85,421,0.93,0.5700000000000001,0.5301000000000001,0.7068000000000002
413,User_IMFfdloss_1,5.0,4.0,421,1.0,0.8,0.8,0.888888888888889
413,User_IMFfdloss_2,5.0,5.0,421,1.0,1.0,1.0,1.0
413,User_IMFfdloss_3,5.0,4.0,421,1.0,0.8,0.8,0.888888888888889
419,Sys_IMFfdloss_ref_1,0.15,3.85,421,0.03,0.77,0.0231,0.057749999999999996
419,Sys_IMFfdloss_ref_2,3.85,2.65,421,0.77,0.53,0.4081,0.6278461538461538
419,Sys_IMFfdloss_ref_3,1.85,1.92,421,0.37,0.384,0.14208,0.37687002652519896
419,User_IMFfdloss_1,1.11,2.0,421,0.22200000000000003,0.4,0.08880000000000002,0.28553054662379423
419,User_IMFfdloss_2,5.0,2.0,421,1.0,0.4,0.4,0.5714285714285715
419,User_IMFfdloss_3,1.11,2.0,421,0.22200000000000003,0.4,0.08880000000000002,0.28553054662379423
421,Sys_IMFfdloss_ref_1,1.85,2.1,426,0.37,0.42000000000000004,0.1554,0.39341772151898735
421,Sys_IMFfdloss_ref_2,1.25,1.8,426,0.25,0.36,0.09,0.29508196721311475
421,Sys_IMFfdloss_ref_3,1.25,1.8,426,0.25,0.36,0.09,0.29508196721311475
421,User_IMFfdloss_1,1.67,1.0,426,0.33399999999999996,0.2,0.0668,0.250187265917603
421,User_IMFfdloss_2,1.67,2.0,426,0.33399999999999996,0.4,0.1336,0.3640326975476839
421,User_IMFfdloss_3,1.67,1.0,426,0.33399999999999996,0.2,0.0668,0.250187265917603
422,Sys_IMFfdloss_ref_1,2.85,1.65,426,0.5700000000000001,0.32999999999999996,0.1881,0.418
422,Sys_IMFfdloss_ref_2,2.85,1.65,426,0.5700000000000001,0.32999999999999996,0.1881,0.418
422,Sys_IMFfdloss_ref_3,2.85,1.65,426,0.5700000000000001,0.32999999999999996,0.1881,0.418
422,User_IMFfdloss_1,3.12,2.0,426,0.624,0.4,0.24960000000000002,0.48750000000000004
422,User_IMFfdloss_2,2.5,2.0,426,0.5,0.4,0.2,0.4444444444444445
422,User_IMFfdloss_3,3.12,2.0,426,0.624,0.4,0.24960000000000002,0.48750000000000004
423,Sys_IMFfdloss_ref_1,1.85,2.1,426,0.37,0.42000000000000004,0.1554,0.39341772151898735
423,Sys_IMFfdloss_ref_2,2.85,2.1,426,0.5700000000000001,0.42000000000000004,0.23940000000000006,0.4836363636363637
423,Sys_IMFfdloss_ref_3,2.85,2.4,426,0.5700000000000001,0.48,0.2736,0.5211428571428571
423,User_IMFfdloss_1,3.12,2.0,426,0.624,0.4,0.24960000000000002,0.48750000000000004
423,User_IMFfdloss_2,3.12,2.0,426,0.624,0.4,0.24960000000000002,0.48750000000000004
423,User_IMFfdloss_3,3.12,2.0,426,0.624,0.4,0.24960000000000002,0.48750000000000004
425,Sys_IMFfdloss_ref_1,1.85,1.2,426,0.37,0.24,0.08879999999999999,0.2911475409836065
425,Sys_IMFfdloss_ref_2,1.85,1.2,426,0.37,0.24,0.08879999999999999,0.2911475409836065
425,Sys_IMFfdloss_ref_3,1.82,1.45,426,0.364,0.29,0.10555999999999999,0.32281345565749237
425,User_IMFfdloss_1,1.67,1.0,426,0.33399999999999996,0.2,0.0668,0.250187265917603
425,User_IMFfdloss_2,1.67,1.0,426,0.33399999999999996,0.2,0.0668,0.250187265917603
425,User_IMFfdloss_3,1.88,1.0,426,0.376,0.2,0.0752,0.26111111111111107
428,Sys_IMFfdloss_ref_1,2.85,2.6,426,0.5700000000000001,0.52,0.29640000000000005,0.5438532110091744
428,Sys_IMFfdloss_ref_2,3.45,2.8,426,0.6900000000000001,0.5599999999999999,0.38639999999999997,0.6182399999999999
428,Sys_IMFfdloss_ref_3,1.85,2.1,426,0.37,0.42000000000000004,0.1554,0.39341772151898735
428,User_IMFfdloss_1,3.12,2.0,426,0.624,0.4,0.24960000000000002,0.48750000000000004
428,User_IMFfdloss_2,3.33,2.0,426,0.666,0.4,0.2664,0.499812382739212
428,User_IMFfdloss_3,2.22,2.0,426,0.44400000000000006,0.4,0.17760000000000004,0.4208530805687204
432,Sys_IMFfdloss_ref_1,4.65,3.2,429,0.93,0.64,0.5952000000000001,0.7582165605095542
432,Sys_IMFfdloss_ref_2,4.85,3.2,429,0.97,0.64,0.6208,0.7711801242236026
432,Sys_IMFfdloss_ref_3,4.85,3.2,429,0.97,0.64,0.6208,0.7711801242236026
432,User_IMFfdloss_1,5.0,4.0,429,1.0,0.8,0.8,0.888888888888889
432,User_IMFfdloss_2,5.0,3.0,429,1.0,0.6,0.6,0.7499999999999999
432,User_IMFfdloss_3,5.0,4.0,429,1.0,0.8,0.8,0.888888888888889
433,Sys_IMFfdloss_ref_1,3.42,2.85,429,0.6839999999999999,0.5700000000000001,0.38988,0.6218181818181818
433,Sys_IMFfdloss_ref_2,2.45,3.6,429,0.49000000000000005,0.72,0.3528,0.5831404958677686
433,Sys_IMFfdloss_ref_3,2.85,3.6,429,0.5700000000000001,0.72,0.41040000000000004,0.6362790697674419
433,User_IMFfdloss_1,2.5,4.0,429,0.5,0.8,0.4,0.6153846153846154
433,User_IMFfdloss_2,3.12,3.0,429,0.624,0.6,0.3744,0.611764705882353
433,User_IMFfdloss_3,3.12,3.0,429,0.624,0.6,0.3744,0.611764705882353
434,Sys_IMFfdloss_ref_1,4.85,3.75,429,0.97,0.75,0.7275,0.8459302325581396
434,Sys_IMFfdloss_ref_2,4.85,4.2,429,0.97,0.8400000000000001,0.8148000000000001,0.9003314917127072
434,Sys_IMFfdloss_ref_3,5.0,5.0,429,1.0,1.0,1.0,1.0
434,User_IMFfdloss_1,5.0,5.0,429,1.0,1.0,1.0,1.0
434,User_IMFfdloss_2,5.0,4.0,429,1.0,0.8,0.8,0.888888888888889
434,User_IMFfdloss_3,5.0,5.0,429,1.0,1.0,1.0,1.0
435,Sys_IMFfdloss_ref_1,1.85,1.2,429,0.37,0.24,0.08879999999999999,0.2911475409836065
435,Sys_IMFfdloss_ref_2,1.85,1.2,429,0.37,0.24,0.08879999999999999,0.2911475409836065
435,Sys_IMFfdloss_ref_3,1.85,1.2,429,0.37,0.24,0.08879999999999999,0.2911475409836065
435,User_IMFfdloss_1,2.5,1.0,429,0.5,0.2,0.1,0.28571428571428575
435,User_IMFfdloss_2,2.5,1.0,429,0.5,0.2,0.1,0.28571428571428575
435,User_IMFfdloss_3,2.5,1.0,429,0.5,0.2,0.1,0.28571428571428575
437,Sys_IMFfdloss_ref_1,3.85,4.92,429,0.77,0.984,0.75768,0.863945267958951
437,Sys_IMFfdloss_ref_2,3.85,4.12,429,0.77,0.8240000000000001,0.63448,0.7960853199498118
437,Sys_IMFfdloss_ref_3,2.15,4.1,429,0.43,0.82,0.35259999999999997,0.56416
437,User_IMFfdloss_1,4.38,4.0,429,0.876,0.8,0.7008000000000001,0.8362768496420048
437,User_IMFfdloss_2,4.38,5.0,429,0.876,1.0,0.876,0.933901918976546
437,User_IMFfdloss_3,4.38,5.0,429,0.876,1.0,0.876,0.933901918976546
443,Sys_IMFfdloss_ref_1,4.85,3.2,432,0.97,0.64,0.6208,0.7711801242236026
443,Sys_IMFfdloss_ref_2,4.85,2.15,432,0.97,0.43,0.41709999999999997,0.5958571428571429
443,Sys_IMFfdloss_ref_3,4.15,2.85,432,0.8300000000000001,0.5700000000000001,0.4731000000000001,0.6758571428571429
443,User_IMFfdloss_1,4.29,3.0,432,0.858,0.6,0.5147999999999999,0.7061728395061727
443,User_IMFfdloss_2,5.0,2.0,432,1.0,0.4,0.4,0.5714285714285715
443,User_IMFfdloss_3,4.29,3.0,432,0.858,0.6,0.5147999999999999,0.7061728395061727
446,Sys_IMFfdloss_ref_1,3.42,2.65,432,0.6839999999999999,0.53,0.36252,0.5972322899505766
446,Sys_IMFfdloss_ref_2,4.85,3.92,432,0.97,0.784,0.76048,0.8671379703534778
446,Sys_IMFfdloss_ref_3,4.85,4.72,432,0.97,0.944,0.9156799999999999,0.9568234064785789
446,User_IMFfdloss_1,5.0,5.0,432,1.0,1.0,1.0,1.0
446,User_IMFfdloss_2,4.38,2.0,432,0.876,0.4,0.35040000000000004,0.5492163009404389
446,User_IMFfdloss_3,5.0,2.0,432,1.0,0.4,0.4,0.5714285714285715
447,Sys_IMFfdloss_ref_1,4.65,2.85,432,0.93,0.5700000000000001,0.5301000000000001,0.7068000000000002
447,Sys_IMFfdloss_ref_2,4.85,1.92,432,0.97,0.384,0.37248,0.5501920236336779
447,Sys_IMFfdloss_ref_3,2.85,1.92,432,0.5700000000000001,0.384,0.21888000000000002,0.4588679245283019
447,User_IMFfdloss_1,5.0,2.0,432,1.0,0.4,0.4,0.5714285714285715
447,User_IMFfdloss_2,3.12,2.0,432,0.624,0.4,0.24960000000000002,0.48750000000000004
447,User_IMFfdloss_3,5.0,2.0,432,1.0,0.4,0.4,0.5714285714285715
448,Sys_IMFfdloss_ref_1,4.85,3.2,432,0.97,0.64,0.6208,0.7711801242236026
448,Sys_IMFfdloss_ref_2,4.85,4.92,432,0.97,0.984,0.95448,0.976949846468782
448,Sys_IMFfdloss_ref_3,4.85,4.92,432,0.97,0.984,0.95448,0.976949846468782
448,User_IMFfdloss_1,5.0,5.0,432,1.0,1.0,1.0,1.0
448,User_IMFfdloss_2,5.0,3.0,432,1.0,0.6,0.6,0.7499999999999999
448,User_IMFfdloss_3,5.0,5.0,432,1.0,1.0,1.0,1.0
449,Sys_IMFfdloss_ref_1,4.65,2.85,432,0.93,0.5700000000000001,0.5301000000000001,0.7068000000000002
449,Sys_IMFfdloss_ref_2,4.65,2.85,432,0.93,0.5700000000000001,0.5301000000000001,0.7068000000000002
449,Sys_IMFfdloss_ref_3,4.65,2.85,432,0.93,0.5700000000000001,0.5301000000000001,0.7068000000000002
449,User_IMFfdloss_1,5.0,3.0,432,1.0,0.6,0.6,0.7499999999999999
449,User_IMFfdloss_2,5.0,3.0,432,1.0,0.6,0.6,0.7499999999999999
449,User_IMFfdloss_3,5.0,3.0,432,1.0,0.6,0.6,0.7499999999999999
450,Sys_IMFfdloss_ref_1,4.92,4.15,443,0.984,0.8300000000000001,0.8167200000000001,0.9004630650496142
450,Sys_IMFfdloss_ref_2,4.85,4.2,443,0.97,0.8400000000000001,0.8148000000000001,0.9003314917127072
450,Sys_IMFfdloss_ref_3,4.92,3.85,443,0.984,0.77,0.75768,0.863945267958951
450,User_IMFfdloss_1,4.44,4.0,443,0.8880000000000001,0.8,0.7104000000000001,0.8417061611374408
450,User_IMFfdloss_2,4.44,4.0,443,0.8880000000000001,0.8,0.7104000000000001,0.8417061611374408
450,User_IMFfdloss_3,4.44,4.0,443,0.8880000000000001,0.8,0.7104000000000001,0.8417061611374408
451,Sys_IMFfdloss_ref_1,4.85,3.65,443,0.97,0.73,0.7081,0.8330588235294117
451,Sys_IMFfdloss_ref_2,4.85,3.2,443,0.97,0.64,0.6208,0.7711801242236026
451,Sys_IMFfdloss_ref_3,4.85,3.2,443,0.97,0.64,0.6208,0.7711801242236026
451,User_IMFfdloss_1,0.0,4.0,443,0.0,0.8,0.0,0.0
451,User_IMFfdloss_2,5.0,4.0,443,1.0,0.8,0.8,0.888888888888889
451,User_IMFfdloss_3,5.0,4.0,443,1.0,0.8,0.8,0.888888888888889
453,Sys_IMFfdloss_ref_1,4.65,2.85,443,0.93,0.5700000000000001,0.5301000000000001,0.7068000000000002
453,Sys_IMFfdloss_ref_2,4.85,3.65,443,0.97,0.73,0.7081,0.8330588235294117
453,Sys_IMFfdloss_ref_3,5.0,5.0,443,1.0,1.0,1.0,1.0
453,User_IMFfdloss_1,4.44,5.0,443,0.8880000000000001,1.0,0.8880000000000001,0.940677966101695
453,User_IMFfdloss_2,3.89,5.0,443,0.778,1.0,0.778,0.875140607424072
453,User_IMFfdloss_3,4.44,4.0,443,0.8880000000000001,0.8,0.7104000000000001,0.8417061611374408
455,Sys_IMFfdloss_ref_1,4.85,3.62,443,0.97,0.724,0.7022799999999999,0.8291381345926799
455,Sys_IMFfdloss_ref_2,4.85,3.65,443,0.97,0.73,0.7081,0.8330588235294117
455,Sys_IMFfdloss_ref_3,4.85,3.62,443,0.97,0.724,0.7022799999999999,0.8291381345926799
455,User_IMFfdloss_1,5.0,4.0,443,1.0,0.8,0.8,0.888888888888889
455,User_IMFfdloss_2,0.0,4.0,443,0.0,0.8,0.0,0.0
455,User_IMFfdloss_3,5.0,4.0,443,1.0,0.8,0.8,0.888888888888889
456,Sys_IMFfdloss_ref_1,4.85,3.6,443,0.97,0.72,0.6983999999999999,0.8265088757396449
456,Sys_IMFfdloss_ref_2,4.65,3.85,443,0.93,0.77,0.7161000000000001,0.8424705882352941
456,Sys_IMFfdloss_ref_3,5.0,5.0,443,1.0,1.0,1.0,1.0
456,User_IMFfdloss_1,5.0,5.0,443,1.0,1.0,1.0,1.0
456,User_IMFfdloss_2,5.0,4.0,443,1.0,0.8,0.8,0.888888888888889
456,User_IMFfdloss_3,4.44,4.0,443,0.8880000000000001,0.8,0.7104000000000001,0.8417061611374408
463,Sys_IMFfdloss_ref_1,3.45,1.85,446,0.6900000000000001,0.37,0.2553,0.4816981132075472
463,Sys_IMFfdloss_ref_2,4.15,2.85,446,0.8300000000000001,0.5700000000000001,0.4731000000000001,0.6758571428571429
463,Sys_IMFfdloss_ref_3,3.45,1.85,446,0.6900000000000001,0.37,0.2553,0.4816981132075472
463,User_IMFfdloss_1,3.33,2.0,446,0.666,0.4,0.2664,0.499812382739212
463,User_IMFfdloss_2,3.33,2.0,446,0.666,0.4,0.2664,0.499812382739212
463,User_IMFfdloss_3,4.38,3.0,446,0.876,0.6,0.5256,0.7121951219512195
465,Sys_IMFfdloss_ref_1,4.12,2.85,446,0.8240000000000001,0.5700000000000001,0.4696800000000001,0.6738593974175037
465,Sys_IMFfdloss_ref_2,3.42,2.18,446,0.6839999999999999,0.43600000000000005,0.298224,0.5325428571428571
465,Sys_IMFfdloss_ref_3,4.15,2.85,446,0.8300000000000001,0.5700000000000001,0.4731000000000001,0.6758571428571429
465,User_IMFfdloss_1,3.89,4.0,446,0.778,0.8,0.6224000000000001,0.7888466413181242
465,User_IMFfdloss_2,3.75,3.0,446,0.75,0.6,0.44999999999999996,0.6666666666666665
465,User_IMFfdloss_3,3.75,3.0,446,0.75,0.6,0.44999999999999996,0.6666666666666665
466,Sys_IMFfdloss_ref_1,4.85,3.75,446,0.97,0.75,0.7275,0.8459302325581396
466,Sys_IMFfdloss_ref_2,4.85,3.75,446,0.97,0.75,0.7275,0.8459302325581396
466,Sys_IMFfdloss_ref_3,4.85,2.95,446,0.97,0.5900000000000001,0.5723,0.7337179487179487
466,User_IMFfdloss_1,4.29,3.0,446,0.858,0.6,0.5147999999999999,0.7061728395061727
466,User_IMFfdloss_2,4.29,4.0,446,0.858,0.8,0.6864,0.8279855247285887
466,User_IMFfdloss_3,4.29,4.0,446,0.858,0.8,0.6864,0.8279855247285887
467,Sys_IMFfdloss_ref_1,4.85,3.72,446,0.97,0.744,0.72168,0.842100350058343
467,Sys_IMFfdloss_ref_2,4.15,2.85,446,0.8300000000000001,0.5700000000000001,0.4731000000000001,0.6758571428571429
467,Sys_IMFfdloss_ref_3,4.85,2.1,446,0.97,0.42000000000000004,0.40740000000000004,0.5861870503597122
467,User_IMFfdloss_1,4.29,3.0,446,0.858,0.6,0.5147999999999999,0.7061728395061727
467,User_IMFfdloss_2,4.29,3.0,446,0.858,0.6,0.5147999999999999,0.7061728395061727
467,User_IMFfdloss_3,4.29,4.0,446,0.858,0.8,0.6864,0.8279855247285887
469,Sys_IMFfdloss_ref_1,3.85,2.65,446,0.77,0.53,0.4081,0.6278461538461538
469,Sys_IMFfdloss_ref_2,3.85,2.65,446,0.77,0.53,0.4081,0.6278461538461538
469,Sys_IMFfdloss_ref_3,4.85,3.65,446,0.97,0.73,0.7081,0.8330588235294117
469,User_IMFfdloss_1,5.0,2.0,446,1.0,0.4,0.4,0.5714285714285715
469,User_IMFfdloss_2,5.0,3.0,446,1.0,0.6,0.6,0.7499999999999999
469,User_IMFfdloss_3,5.0,4.0,446,1.0,0.8,0.8,0.888888888888889
470,Sys_IMFfdloss_ref_1,4.85,3.72,453,0.97,0.744,0.72168,0.842100350058343
470,Sys_IMFfdloss_ref_2,4.85,3.75,453,0.97,0.75,0.7275,0.8459302325581396
470,Sys_IMFfdloss_ref_3,4.85,3.65,453,0.97,0.73,0.7081,0.8330588235294117
470,User_IMFfdloss_1,3.75,4.0,453,0.75,0.8,0.6000000000000001,0.7741935483870969
470,User_IMFfdloss_2,3.75,3.0,453,0.75,0.6,0.44999999999999996,0.6666666666666665
470,User_IMFfdloss_3,3.75,4.0,453,0.75,0.8,0.6000000000000001,0.7741935483870969
471,Sys_IMFfdloss_ref_1,3.85,2.65,453,0.77,0.53,0.4081,0.6278461538461538
471,Sys_IMFfdloss_ref_2,3.85,3.92,453,0.77,0.784,0.60368,0.7769369369369369
471,Sys_IMFfdloss_ref_3,3.82,2.65,453,0.764,0.53,0.40492,0.6258423493044822
471,User_IMFfdloss_1,4.38,3.0,453,0.876,0.6,0.5256,0.7121951219512195
471,User_IMFfdloss_2,4.38,3.0,453,0.876,0.6,0.5256,0.7121951219512195
471,User_IMFfdloss_3,4.38,4.0,453,0.876,0.8,0.7008000000000001,0.8362768496420048
473,Sys_IMFfdloss_ref_1,4.85,3.72,453,0.97,0.744,0.72168,0.842100350058343
473,Sys_IMFfdloss_ref_2,4.85,3.75,453,0.97,0.75,0.7275,0.8459302325581396
473,Sys_IMFfdloss_ref_3,4.85,2.75,453,0.97,0.55,0.5335,0.7019736842105263
473,User_IMFfdloss_1,5.0,3.0,453,1.0,0.6,0.6,0.7499999999999999
473,User_IMFfdloss_2,5.0,4.0,453,1.0,0.8,0.8,0.888888888888889
473,User_IMFfdloss_3,5.0,3.0,453,1.0,0.6,0.6,0.7499999999999999
475,Sys_IMFfdloss_ref_1,4.85,2.75,453,0.97,0.55,0.5335,0.7019736842105263
475,Sys_IMFfdloss_ref_2,4.85,2.35,453,0.97,0.47000000000000003,0.4559,0.6331944444444445
475,Sys_IMFfdloss_ref_3,4.85,3.6,453,0.97,0.72,0.6983999999999999,0.8265088757396449
475,User_IMFfdloss_1,3.75,4.0,453,0.75,0.8,0.6000000000000001,0.7741935483870969
475,User_IMFfdloss_2,3.75,2.0,453,0.75,0.4,0.30000000000000004,0.5217391304347827
475,User_IMFfdloss_3,4.29,2.0,453,0.858,0.4,0.3432,0.5456279809220985
479,Sys_IMFfdloss_ref_1,4.85,3.6,453,0.97,0.72,0.6983999999999999,0.8265088757396449
479,Sys_IMFfdloss_ref_2,4.85,2.65,453,0.97,0.53,0.5141,0.6854666666666667
479,Sys_IMFfdloss_ref_3,4.85,1.5,453,0.97,0.3,0.291,0.458267716535433
479,User_IMFfdloss_1,3.75,4.0,453,0.75,0.8,0.6000000000000001,0.7741935483870969
479,User_IMFfdloss_2,3.12,2.0,453,0.624,0.4,0.24960000000000002,0.48750000000000004
479,User_IMFfdloss_3,5.0,3.0,453,1.0,0.6,0.6,0.7499999999999999
481,Sys_IMFfdloss_ref_1,3.85,3.62,461,0.77,0.724,0.55748,0.7462918340026774
481,Sys_IMFfdloss_ref_2,3.65,3.82,461,0.73,0.764,0.55772,0.7466131191432396
481,Sys_IMFfdloss_ref_3,4.25,3.85,461,0.85,0.77,0.6545,0.8080246913580246
481,User_IMFfdloss_1,3.33,4.0,461,0.666,0.8,0.5328,0.7268758526603001
481,User_IMFfdloss_2,3.89,4.0,461,0.778,0.8,0.6224000000000001,0.7888466413181242
481,User_IMFfdloss_3,3.33,4.0,461,0.666,0.8,0.5328,0.7268758526603001
483,Sys_IMFfdloss_ref_1,4.92,3.85,461,0.984,0.77,0.75768,0.863945267958951
483,Sys_IMFfdloss_ref_2,5.0,5.0,461,1.0,1.0,1.0,1.0
483,Sys_IMFfdloss_ref_3,5.0,5.0,461,1.0,1.0,1.0,1.0
483,User_IMFfdloss_1,5.0,5.0,461,1.0,1.0,1.0,1.0
483,User_IMFfdloss_2,5.0,4.0,461,1.0,0.8,0.8,0.888888888888889
483,User_IMFfdloss_3,5.0,5.0,461,1.0,1.0,1.0,1.0
485,Sys_IMFfdloss_ref_1,4.85,3.2,461,0.97,0.64,0.6208,0.7711801242236026
485,Sys_IMFfdloss_ref_2,4.85,3.75,461,0.97,0.75,0.7275,0.8459302325581396
485,Sys_IMFfdloss_ref_3,4.85,3.72,461,0.97,0.744,0.72168,0.842100350058343
485,User_IMFfdloss_1,4.44,1.0,461,0.8880000000000001,0.2,0.17760000000000004,0.3264705882352942
485,User_IMFfdloss_2,5.0,1.0,461,1.0,0.2,0.2,0.33333333333333337
485,User_IMFfdloss_3,5.0,1.0,461,1.0,0.2,0.2,0.33333333333333337
486,Sys_IMFfdloss_ref_1,4.65,3.85,461,0.93,0.77,0.7161000000000001,0.8424705882352941
486,Sys_IMFfdloss_ref_2,3.85,4.12,461,0.77,0.8240000000000001,0.63448,0.7960853199498118
486,Sys_IMFfdloss_ref_3,3.45,3.82,461,0.6900000000000001,0.764,0.5271600000000001,0.7251169188445667
486,User_IMFfdloss_1,4.44,4.0,461,0.8880000000000001,0.8,0.7104000000000001,0.8417061611374408
486,User_IMFfdloss_2,3.33,4.0,461,0.666,0.8,0.5328,0.7268758526603001
486,User_IMFfdloss_3,3.33,4.0,461,0.666,0.8,0.5328,0.7268758526603001
488,Sys_IMFfdloss_ref_1,4.65,3.85,461,0.93,0.77,0.7161000000000001,0.8424705882352941
488,Sys_IMFfdloss_ref_2,4.85,3.75,461,0.97,0.75,0.7275,0.8459302325581396
488,Sys_IMFfdloss_ref_3,4.85,3.75,461,0.97,0.75,0.7275,0.8459302325581396
488,User_IMFfdloss_1,4.44,4.0,461,0.8880000000000001,0.8,0.7104000000000001,0.8417061611374408
488,User_IMFfdloss_2,4.44,4.0,461,0.8880000000000001,0.8,0.7104000000000001,0.8417061611374408
488,User_IMFfdloss_3,4.44,4.0,461,0.8880000000000001,0.8,0.7104000000000001,0.8417061611374408
491,Sys_IMFfdloss_ref_1,1.85,2.4,477,0.37,0.48,0.17759999999999998,0.4178823529411764
491,Sys_IMFfdloss_ref_2,1.25,2.85,477,0.25,0.5700000000000001,0.14250000000000002,0.34756097560975613
491,Sys_IMFfdloss_ref_3,4.12,2.35,477,0.8240000000000001,0.47000000000000003,0.38728000000000007,0.5985780525502319
491,User_IMFfdloss_1,3.33,2.0,477,0.666,0.4,0.2664,0.499812382739212
491,User_IMFfdloss_2,4.17,2.0,477,0.834,0.4,0.3336,0.5406807131280389
491,User_IMFfdloss_3,4.17,2.0,477,0.834,0.4,0.3336,0.5406807131280389
492,Sys_IMFfdloss_ref_1,4.12,2.35,477,0.8240000000000001,0.47000000000000003,0.38728000000000007,0.5985780525502319
492,Sys_IMFfdloss_ref_2,2.85,2.9,477,0.5700000000000001,0.58,0.3306,0.5749565217391305
492,Sys_IMFfdloss_ref_3,4.15,2.85,477,0.8300000000000001,0.5700000000000001,0.4731000000000001,0.6758571428571429
492,User_IMFfdloss_1,3.89,2.0,477,0.778,0.4,0.31120000000000003,0.5283531409168082
492,User_IMFfdloss_2,3.89,2.0,477,0.778,0.4,0.31120000000000003,0.5283531409168082
492,User_IMFfdloss_3,3.89,2.0,477,0.778,0.4,0.31120000000000003,0.5283531409168082
493,Sys_IMFfdloss_ref_1,2.15,2.8,477,0.43,0.5599999999999999,0.24079999999999996,0.4864646464646464
493,Sys_IMFfdloss_ref_2,3.45,2.15,477,0.6900000000000001,0.43,0.2967,0.5298214285714286
493,Sys_IMFfdloss_ref_3,3.85,2.15,477,0.77,0.43,0.3311,0.5518333333333334
493,User_IMFfdloss_1,2.22,2.0,477,0.44400000000000006,0.4,0.17760000000000004,0.4208530805687204
493,User_IMFfdloss_2,2.22,3.0,477,0.44400000000000006,0.6,0.2664,0.5103448275862069
493,User_IMFfdloss_3,3.33,3.0,477,0.666,0.6,0.3996,0.6312796208530805
497,Sys_IMFfdloss_ref_1,4.85,3.75,477,0.97,0.75,0.7275,0.8459302325581396
497,Sys_IMFfdloss_ref_2,4.12,3.85,477,0.8240000000000001,0.77,0.63448,0.7960853199498118
497,Sys_IMFfdloss_ref_3,4.15,3.85,477,0.8300000000000001,0.77,0.6391000000000001,0.7988750000000001
497,User_IMFfdloss_1,4.17,4.0,477,0.834,0.8,0.6672,0.8166462668298654
497,User_IMFfdloss_2,4.17,4.0,477,0.834,0.8,0.6672,0.8166462668298654
497,User_IMFfdloss_3,4.17,4.0,477,0.834,0.8,0.6672,0.8166462668298654
498,Sys_IMFfdloss_ref_1,0.0,2.85,477,0.0,0.5700000000000001,0.0,0.0
498,Sys_IMFfdloss_ref_2,0.15,2.85,477,0.03,0.5700000000000001,0.0171,0.056999999999999995
498,Sys_IMFfdloss_ref_3,0.0,1.85,477,0.0,0.37,0.0,0.0
498,User_IMFfdloss_1,0.0,3.0,477,0.0,0.6,0.0,0.0
498,User_IMFfdloss_2,0.0,3.0,477,0.0,0.6,0.0,0.0
498,User_IMFfdloss_3,0.0,3.0,477,0.0,0.6,0.0,0.0
500,Sys_IMFfdloss_ref_1,0.12,0.85,479,0.024,0.16999999999999998,0.004079999999999999,0.04206185567010309
500,Sys_IMFfdloss_ref_2,1.25,1.1,479,0.25,0.22000000000000003,0.05500000000000001,0.23404255319148937
500,Sys_IMFfdloss_ref_3,0.12,0.85,479,0.024,0.16999999999999998,0.004079999999999999,0.04206185567010309
500,User_IMFfdloss_1,0.0,1.0,479,0.0,0.2,0.0,0.0
500,User_IMFfdloss_2,0.0,1.0,479,0.0,0.2,0.0,0.0
500,User_IMFfdloss_3,0.0,1.0,479,0.0,0.2,0.0,0.0
503,Sys_IMFfdloss_ref_1,4.12,2.85,479,0.8240000000000001,0.5700000000000001,0.4696800000000001,0.6738593974175037
503,Sys_IMFfdloss_ref_2,4.85,3.75,479,0.97,0.75,0.7275,0.8459302325581396
503,Sys_IMFfdloss_ref_3,4.85,3.75,479,0.97,0.75,0.7275,0.8459302325581396
503,User_IMFfdloss_1,5.0,4.0,479,1.0,0.8,0.8,0.888888888888889
503,User_IMFfdloss_2,5.0,3.0,479,1.0,0.6,0.6,0.7499999999999999
503,User_IMFfdloss_3,5.0,4.0,479,1.0,0.8,0.8,0.888888888888889
504,Sys_IMFfdloss_ref_1,0.85,1.2,479,0.16999999999999998,0.24,0.040799999999999996,0.19902439024390242
504,Sys_IMFfdloss_ref_2,1.25,1.1,479,0.25,0.22000000000000003,0.05500000000000001,0.23404255319148937
504,Sys_IMFfdloss_ref_3,1.25,1.85,479,0.25,0.37,0.0925,0.29838709677419356
504,User_IMFfdloss_1,1.11,2.0,479,0.22200000000000003,0.4,0.08880000000000002,0.28553054662379423
504,User_IMFfdloss_2,1.11,2.0,479,0.22200000000000003,0.4,0.08880000000000002,0.28553054662379423
504,User_IMFfdloss_3,1.11,2.0,479,0.22200000000000003,0.4,0.08880000000000002,0.28553054662379423
506,Sys_IMFfdloss_ref_1,5.0,5.0,479,1.0,1.0,1.0,1.0
506,Sys_IMFfdloss_ref_2,5.0,5.0,479,1.0,1.0,1.0,1.0
506,Sys_IMFfdloss_ref_3,4.85,4.92,479,0.97,0.984,0.95448,0.976949846468782
506,User_IMFfdloss_1,5.0,5.0,479,1.0,1.0,1.0,1.0
506,User_IMFfdloss_2,5.0,5.0,479,1.0,1.0,1.0,1.0
506,User_IMFfdloss_3,5.0,5.0,479,1.0,1.0,1.0,1.0
507,Sys_IMFfdloss_ref_1,3.85,4.12,479,0.77,0.8240000000000001,0.63448,0.7960853199498118
507,Sys_IMFfdloss_ref_2,4.85,3.92,479,0.97,0.784,0.76048,0.8671379703534778
507,Sys_IMFfdloss_ref_3,3.85,3.62,479,0.77,0.724,0.55748,0.7462918340026774
507,User_IMFfdloss_1,3.33,4.0,479,0.666,0.8,0.5328,0.7268758526603001
507,User_IMFfdloss_2,3.75,4.0,479,0.75,0.8,0.6000000000000001,0.7741935483870969
507,User_IMFfdloss_3,3.75,4.0,479,0.75,0.8,0.6000000000000001,0.7741935483870969
510,Sys_IMFfdloss_ref_1,3.15,1.85,481,0.63,0.37,0.2331,0.4662
510,Sys_IMFfdloss_ref_2,3.85,1.92,481,0.77,0.384,0.29568,0.5124436741767765
510,Sys_IMFfdloss_ref_3,4.15,2.85,481,0.8300000000000001,0.5700000000000001,0.4731000000000001,0.6758571428571429
510,User_IMFfdloss_1,3.89,2.0,481,0.778,0.4,0.31120000000000003,0.5283531409168082
510,User_IMFfdloss_2,3.89,2.0,481,0.778,0.4,0.31120000000000003,0.5283531409168082
510,User_IMFfdloss_3,4.44,2.0,481,0.8880000000000001,0.4,0.35520000000000007,0.5515527950310559
511,Sys_IMFfdloss_ref_1,4.12,2.85,481,0.8240000000000001,0.5700000000000001,0.4696800000000001,0.6738593974175037
511,Sys_IMFfdloss_ref_2,3.85,2.15,481,0.77,0.43,0.3311,0.5518333333333334
511,Sys_IMFfdloss_ref_3,3.85,2.15,481,0.77,0.43,0.3311,0.5518333333333334
511,User_IMFfdloss_1,3.57,2.0,481,0.714,0.4,0.2856,0.5127468581687613
511,User_IMFfdloss_2,4.17,2.0,481,0.834,0.4,0.3336,0.5406807131280389
511,User_IMFfdloss_3,3.57,2.0,481,0.714,0.4,0.2856,0.5127468581687613
515,Sys_IMFfdloss_ref_1,3.85,1.85,481,0.77,0.37,0.2849,0.49982456140350867
515,Sys_IMFfdloss_ref_2,4.15,2.85,481,0.8300000000000001,0.5700000000000001,0.4731000000000001,0.6758571428571429
515,Sys_IMFfdloss_ref_3,3.45,2.85,481,0.6900000000000001,0.5700000000000001,0.3933000000000001,0.6242857142857143
515,User_IMFfdloss_1,3.89,1.0,481,0.778,0.2,0.15560000000000002,0.31820040899795504
515,User_IMFfdloss_2,3.89,3.0,481,0.778,0.6,0.4668,0.6775036284470246
515,User_IMFfdloss_3,3.89,3.0,481,0.778,0.6,0.4668,0.6775036284470246
517,Sys_IMFfdloss_ref_1,4.15,2.85,481,0.8300000000000001,0.5700000000000001,0.4731000000000001,0.6758571428571429
517,Sys_IMFfdloss_ref_2,3.65,1.85,481,0.73,0.37,0.2701,0.4910909090909091
517,Sys_IMFfdloss_ref_3,3.45,1.82,481,0.6900000000000001,0.364,0.25116,0.47658444022770396
517,User_IMFfdloss_1,4.38,2.0,481,0.876,0.4,0.35040000000000004,0.5492163009404389
517,User_IMFfdloss_2,4.38,2.0,481,0.876,0.4,0.35040000000000004,0.5492163009404389
517,User_IMFfdloss_3,4.38,2.0,481,0.876,0.4,0.35040000000000004,0.5492163009404389
518,Sys_IMFfdloss_ref_1,2.85,1.92,481,0.5700000000000001,0.384,0.21888000000000002,0.4588679245283019
518,Sys_IMFfdloss_ref_2,4.12,2.85,481,0.8240000000000001,0.5700000000000001,0.4696800000000001,0.6738593974175037
518,Sys_IMFfdloss_ref_3,3.85,2.65,481,0.77,0.53,0.4081,0.6278461538461538
518,User_IMFfdloss_1,4.38,2.0,481,0.876,0.4,0.35040000000000004,0.5492163009404389
518,User_IMFfdloss_2,4.38,4.0,481,0.876,0.8,0.7008000000000001,0.8362768496420048
518,User_IMFfdloss_3,4.38,2.0,481,0.876,0.4,0.35040000000000004,0.5492163009404389
520,Sys_IMFfdloss_ref_1,3.85,3.42,488,0.77,0.6839999999999999,0.5266799999999999,0.7244566712517193
520,Sys_IMFfdloss_ref_2,2.85,3.62,488,0.5700000000000001,0.724,0.41268000000000005,0.6378361669242659
520,Sys_IMFfdloss_ref_3,1.85,2.9,488,0.37,0.58,0.21459999999999999,0.4517894736842105
520,User_IMFfdloss_1,1.67,3.0,488,0.33399999999999996,0.6,0.20039999999999997,0.42912205567451817
520,User_IMFfdloss_2,1.67,3.0,488,0.33399999999999996,0.6,0.20039999999999997,0.42912205567451817
520,User_IMFfdloss_3,1.67,3.0,488,0.33399999999999996,0.6,0.20039999999999997,0.42912205567451817
521,Sys_IMFfdloss_ref_1,3.85,3.62,488,0.77,0.724,0.55748,0.7462918340026774
521,Sys_IMFfdloss_ref_2,4.65,3.82,488,0.93,0.764,0.71052,0.8388665879574971
521,Sys_IMFfdloss_ref_3,3.85,2.1,488,0.77,0.42000000000000004,0.3234,0.5435294117647059
521,User_IMFfdloss_1,4.38,3.0,488,0.876,0.6,0.5256,0.7121951219512195
521,User_IMFfdloss_2,4.38,3.0,488,0.876,0.6,0.5256,0.7121951219512195
521,User_IMFfdloss_3,4.38,4.0,488,0.876,0.8,0.7008000000000001,0.8362768496420048
526,Sys_IMFfdloss_ref_1,4.85,3.75,488,0.97,0.75,0.7275,0.8459302325581396
526,Sys_IMFfdloss_ref_2,4.85,4.2,488,0.97,0.8400000000000001,0.8148000000000001,0.9003314917127072
526,Sys_IMFfdloss_ref_3,4.85,4.2,488,0.97,0.8400000000000001,0.8148000000000001,0.9003314917127072
526,User_IMFfdloss_1,5.0,4.0,488,1.0,0.8,0.8,0.888888888888889
526,User_IMFfdloss_2,5.0,5.0,488,1.0,1.0,1.0,1.0
526,User_IMFfdloss_3,5.0,4.0,488,1.0,0.8,0.8,0.888888888888889
527,Sys_IMFfdloss_ref_1,4.85,2.75,488,0.97,0.55,0.5335,0.7019736842105263
527,Sys_IMFfdloss_ref_2,4.92,4.35,488,0.984,0.8699999999999999,0.8560799999999998,0.9234951456310678
527,Sys_IMFfdloss_ref_3,4.85,3.72,488,0.97,0.744,0.72168,0.842100350058343
527,User_IMFfdloss_1,5.0,4.0,488,1.0,0.8,0.8,0.888888888888889
527,User_IMFfdloss_2,5.0,4.0,488,1.0,0.8,0.8,0.888888888888889
527,User_IMFfdloss_3,5.0,4.0,488,1.0,0.8,0.8,0.888888888888889
528,Sys_IMFfdloss_ref_1,4.85,3.62,488,0.97,0.724,0.7022799999999999,0.8291381345926799
528,Sys_IMFfdloss_ref_2,4.65,3.85,488,0.93,0.77,0.7161000000000001,0.8424705882352941
528,Sys_IMFfdloss_ref_3,4.65,2.35,488,0.93,0.47000000000000003,0.43710000000000004,0.6244285714285714
528,User_IMFfdloss_1,5.0,4.0,488,1.0,0.8,0.8,0.888888888888889
528,User_IMFfdloss_2,5.0,3.0,488,1.0,0.6,0.6,0.7499999999999999
528,User_IMFfdloss_3,5.0,3.0,488,1.0,0.6,0.6,0.7499999999999999
531,Sys_IMFfdloss_ref_1,5.0,3.8,499,1.0,0.76,0.76,0.8636363636363636
531,Sys_IMFfdloss_ref_2,4.92,3.85,499,0.984,0.77,0.75768,0.863945267958951
531,Sys_IMFfdloss_ref_3,4.85,3.72,499,0.97,0.744,0.72168,0.842100350058343
531,User_IMFfdloss_1,5.0,4.0,499,1.0,0.8,0.8,0.888888888888889
531,User_IMFfdloss_2,5.0,4.0,499,1.0,0.8,0.8,0.888888888888889
531,User_IMFfdloss_3,5.0,4.0,499,1.0,0.8,0.8,0.888888888888889
532,Sys_IMFfdloss_ref_1,3.85,4.12,499,0.77,0.8240000000000001,0.63448,0.7960853199498118
532,Sys_IMFfdloss_ref_2,4.85,3.75,499,0.97,0.75,0.7275,0.8459302325581396
532,Sys_IMFfdloss_ref_3,3.85,1.2,499,0.77,0.24,0.1848,0.36594059405940593
532,User_IMFfdloss_1,3.75,2.0,499,0.75,0.4,0.30000000000000004,0.5217391304347827
532,User_IMFfdloss_2,5.0,1.0,499,1.0,0.2,0.2,0.33333333333333337
532,User_IMFfdloss_3,5.0,1.0,499,1.0,0.2,0.2,0.33333333333333337
533,Sys_IMFfdloss_ref_1,4.85,3.65,499,0.97,0.73,0.7081,0.8330588235294117
533,Sys_IMFfdloss_ref_2,4.85,4.2,499,0.97,0.8400000000000001,0.8148000000000001,0.9003314917127072
533,Sys_IMFfdloss_ref_3,4.65,4.2,499,0.93,0.8400000000000001,0.7812000000000001,0.8827118644067797
533,User_IMFfdloss_1,3.89,4.0,499,0.778,0.8,0.6224000000000001,0.7888466413181242
533,User_IMFfdloss_2,5.0,4.0,499,1.0,0.8,0.8,0.888888888888889
533,User_IMFfdloss_3,5.0,4.0,499,1.0,0.8,0.8,0.888888888888889
536,Sys_IMFfdloss_ref_1,1.85,1.2,499,0.37,0.24,0.08879999999999999,0.2911475409836065
536,Sys_IMFfdloss_ref_2,1.85,2.1,499,0.37,0.42000000000000004,0.1554,0.39341772151898735
536,Sys_IMFfdloss_ref_3,2.85,2.6,499,0.5700000000000001,0.52,0.29640000000000005,0.5438532110091744
536,User_IMFfdloss_1,4.29,2.0,499,0.858,0.4,0.3432,0.5456279809220985
536,User_IMFfdloss_2,4.29,3.0,499,0.858,0.6,0.5147999999999999,0.7061728395061727
536,User_IMFfdloss_3,4.29,2.0,499,0.858,0.4,0.3432,0.5456279809220985
537,Sys_IMFfdloss_ref_1,2.85,2.6,499,0.5700000000000001,0.52,0.29640000000000005,0.5438532110091744
537,Sys_IMFfdloss_ref_2,1.85,2.9,499,0.37,0.58,0.21459999999999999,0.4517894736842105
537,Sys_IMFfdloss_ref_3,3.85,2.9,499,0.77,0.58,0.4466,0.6616296296296296
537,User_IMFfdloss_1,5.0,3.0,499,1.0,0.6,0.6,0.7499999999999999
537,User_IMFfdloss_2,4.44,3.0,499,0.8880000000000001,0.6,0.5328,0.7161290322580646
537,User_IMFfdloss_3,4.44,3.0,499,0.8880000000000001,0.6,0.5328,0.7161290322580646
540,Sys_IMFfdloss_ref_1,4.85,3.75,529,0.97,0.75,0.7275,0.8459302325581396
540,Sys_IMFfdloss_ref_2,4.85,3.2,529,0.97,0.64,0.6208,0.7711801242236026
540,Sys_IMFfdloss_ref_3,4.85,2.6,529,0.97,0.52,0.5044,0.6770469798657718
540,User_IMFfdloss_1,4.17,4.0,529,0.834,0.8,0.6672,0.8166462668298654
540,User_IMFfdloss_2,4.17,3.0,529,0.834,0.6,0.5004,0.697907949790795
540,User_IMFfdloss_3,4.17,3.0,529,0.834,0.6,0.5004,0.697907949790795
542,Sys_IMFfdloss_ref_1,0.85,1.5,529,0.16999999999999998,0.3,0.051,0.2170212765957447
542,Sys_IMFfdloss_ref_2,0.85,1.5,529,0.16999999999999998,0.3,0.051,0.2170212765957447
542,Sys_IMFfdloss_ref_3,0.0,1.5,529,0.0,0.3,0.0,0.0
542,User_IMFfdloss_1,0.0,2.0,529,0.0,0.4,0.0,0.0
542,User_IMFfdloss_2,0.0,3.0,529,0.0,0.6,0.0,0.0
542,User_IMFfdloss_3,0.0,2.0,529,0.0,0.4,0.0,0.0
543,Sys_IMFfdloss_ref_1,4.85,3.0,529,0.97,0.6,0.582,0.7414012738853504
543,Sys_IMFfdloss_ref_2,4.85,3.0,529,0.97,0.6,0.582,0.7414012738853504
543,Sys_IMFfdloss_ref_3,4.85,3.0,529,0.97,0.6,0.582,0.7414012738853504
543,User_IMFfdloss_1,5.0,5.0,529,1.0,1.0,1.0,1.0
543,User_IMFfdloss_2,5.0,3.0,529,1.0,0.6,0.6,0.7499999999999999
543,User_IMFfdloss_3,4.29,2.0,529,0.858,0.4,0.3432,0.5456279809220985
546,Sys_IMFfdloss_ref_1,4.85,3.0,529,0.97,0.6,0.582,0.7414012738853504
546,Sys_IMFfdloss_ref_2,4.85,3.0,529,0.97,0.6,0.582,0.7414012738853504
546,Sys_IMFfdloss_ref_3,4.85,3.0,529,0.97,0.6,0.582,0.7414012738853504
546,User_IMFfdloss_1,5.0,5.0,529,1.0,1.0,1.0,1.0
546,User_IMFfdloss_2,5.0,4.0,529,1.0,0.8,0.8,0.888888888888889
546,User_IMFfdloss_3,5.0,3.0,529,1.0,0.6,0.6,0.7499999999999999
548,Sys_IMFfdloss_ref_1,1.25,0.85,529,0.25,0.16999999999999998,0.042499999999999996,0.20238095238095238
548,Sys_IMFfdloss_ref_2,4.12,2.85,529,0.8240000000000001,0.5700000000000001,0.4696800000000001,0.6738593974175037
548,Sys_IMFfdloss_ref_3,4.12,2.85,529,0.8240000000000001,0.5700000000000001,0.4696800000000001,0.6738593974175037
548,User_IMFfdloss_1,4.29,2.0,529,0.858,0.4,0.3432,0.5456279809220985
548,User_IMFfdloss_2,3.57,3.0,529,0.714,0.6,0.42839999999999995,0.6520547945205478
548,User_IMFfdloss_3,4.29,3.0,529,0.858,0.6,0.5147999999999999,0.7061728395061727
552,Sys_IMFfdloss_ref_1,2.78,2.25,535,0.5559999999999999,0.45,0.2502,0.49741550695825043
552,Sys_IMFfdloss_ref_2,3.85,2.15,535,0.77,0.43,0.3311,0.5518333333333334
552,Sys_IMFfdloss_ref_3,2.85,2.6,535,0.5700000000000001,0.52,0.29640000000000005,0.5438532110091744
552,User_IMFfdloss_1,2.78,3.0,535,0.5559999999999999,0.6,0.33359999999999995,0.5771626297577854
552,User_IMFfdloss_2,2.78,2.0,535,0.5559999999999999,0.4,0.2224,0.46527196652719666
552,User_IMFfdloss_3,2.78,3.0,535,0.5559999999999999,0.6,0.33359999999999995,0.5771626297577854
553,Sys_IMFfdloss_ref_1,4.65,3.82,535,0.93,0.764,0.71052,0.8388665879574971
553,Sys_IMFfdloss_ref_2,4.65,3.82,535,0.93,0.764,0.71052,0.8388665879574971
553,Sys_IMFfdloss_ref_3,4.15,3.82,535,0.8300000000000001,0.764,0.63412,0.795633626097867
553,User_IMFfdloss_1,2.78,4.0,535,0.5559999999999999,0.8,0.4448,0.656047197640118
553,User_IMFfdloss_2,4.38,4.0,535,0.876,0.8,0.7008000000000001,0.8362768496420048
553,User_IMFfdloss_3,2.78,4.0,535,0.5559999999999999,0.8,0.4448,0.656047197640118
554,Sys_IMFfdloss_ref_1,4.85,3.65,535,0.97,0.73,0.7081,0.8330588235294117
554,Sys_IMFfdloss_ref_2,4.15,3.85,535,0.8300000000000001,0.77,0.6391000000000001,0.7988750000000001
554,Sys_IMFfdloss_ref_3,4.15,2.85,535,0.8300000000000001,0.5700000000000001,0.4731000000000001,0.6758571428571429
554,User_IMFfdloss_1,3.89,4.0,535,0.778,0.8,0.6224000000000001,0.7888466413181242
554,User_IMFfdloss_2,3.33,4.0,535,0.666,0.8,0.5328,0.7268758526603001
554,User_IMFfdloss_3,3.33,4.0,535,0.666,0.8,0.5328,0.7268758526603001
556,Sys_IMFfdloss_ref_1,3.42,2.85,535,0.6839999999999999,0.5700000000000001,0.38988,0.6218181818181818
556,Sys_IMFfdloss_ref_2,3.85,3.72,535,0.77,0.744,0.5728800000000001,0.756776750330251
556,Sys_IMFfdloss_ref_3,3.85,2.65,535,0.77,0.53,0.4081,0.6278461538461538
556,User_IMFfdloss_1,2.78,3.0,535,0.5559999999999999,0.6,0.33359999999999995,0.5771626297577854
556,User_IMFfdloss_2,2.78,4.0,535,0.5559999999999999,0.8,0.4448,0.656047197640118
556,User_IMFfdloss_3,2.78,3.0,535,0.5559999999999999,0.6,0.33359999999999995,0.5771626297577854
557,Sys_IMFfdloss_ref_1,5.0,5.0,535,1.0,1.0,1.0,1.0
557,Sys_IMFfdloss_ref_2,4.12,2.85,535,0.8240000000000001,0.5700000000000001,0.4696800000000001,0.6738593974175037
557,Sys_IMFfdloss_ref_3,4.12,3.68,535,0.8240000000000001,0.736,0.606464,0.7775179487179487
557,User_IMFfdloss_1,5.0,3.0,535,1.0,0.6,0.6,0.7499999999999999
557,User_IMFfdloss_2,4.29,3.0,535,0.858,0.6,0.5147999999999999,0.7061728395061727
557,User_IMFfdloss_3,4.29,5.0,535,0.858,1.0,0.858,0.9235737351991388
561,Sys_IMFfdloss_ref_1,4.85,2.15,554,0.97,0.43,0.41709999999999997,0.5958571428571429
561,Sys_IMFfdloss_ref_2,4.85,3.62,554,0.97,0.724,0.7022799999999999,0.8291381345926799
561,Sys_IMFfdloss_ref_3,4.85,3.75,554,0.97,0.75,0.7275,0.8459302325581396
561,User_IMFfdloss_1,0.0,1.0,554,0.0,0.2,0.0,0.0
561,User_IMFfdloss_2,0.0,4.0,554,0.0,0.8,0.0,0.0
561,User_IMFfdloss_3,0.0,4.0,554,0.0,0.8,0.0,0.0
562,Sys_IMFfdloss_ref_1,4.85,2.6,554,0.97,0.52,0.5044,0.6770469798657718
562,Sys_IMFfdloss_ref_2,4.85,3.2,554,0.97,0.64,0.6208,0.7711801242236026
562,Sys_IMFfdloss_ref_3,4.85,3.62,554,0.97,0.724,0.7022799999999999,0.8291381345926799
562,User_IMFfdloss_1,0.0,4.0,554,0.0,0.8,0.0,0.0
562,User_IMFfdloss_2,0.0,3.0,554,0.0,0.6,0.0,0.0
562,User_IMFfdloss_3,0.0,4.0,554,0.0,0.8,0.0,0.0
567,Sys_IMFfdloss_ref_1,4.65,2.85,554,0.93,0.5700000000000001,0.5301000000000001,0.7068000000000002
567,Sys_IMFfdloss_ref_2,4.85,2.15,554,0.97,0.43,0.41709999999999997,0.5958571428571429
567,Sys_IMFfdloss_ref_3,4.12,2.85,554,0.8240000000000001,0.5700000000000001,0.4696800000000001,0.6738593974175037
567,User_IMFfdloss_1,0.0,2.0,554,0.0,0.4,0.0,0.0
567,User_IMFfdloss_2,0.0,2.0,554,0.0,0.4,0.0,0.0
567,User_IMFfdloss_3,0.0,3.0,554,0.0,0.6,0.0,0.0
568,Sys_IMFfdloss_ref_1,5.0,3.85,554,1.0,0.77,0.77,0.8700564971751412
568,Sys_IMFfdloss_ref_2,4.85,2.95,554,0.97,0.5900000000000001,0.5723,0.7337179487179487
568,Sys_IMFfdloss_ref_3,4.85,3.6,554,0.97,0.72,0.6983999999999999,0.8265088757396449
568,User_IMFfdloss_1,0.0,4.0,554,0.0,0.8,0.0,0.0
568,User_IMFfdloss_2,0.0,3.0,554,0.0,0.6,0.0,0.0
568,User_IMFfdloss_3,0.0,4.0,554,0.0,0.8,0.0,0.0
569,Sys_IMFfdloss_ref_1,4.85,3.62,554,0.97,0.724,0.7022799999999999,0.8291381345926799
569,Sys_IMFfdloss_ref_2,3.85,2.15,554,0.77,0.43,0.3311,0.5518333333333334
569,Sys_IMFfdloss_ref_3,4.85,3.62,554,0.97,0.724,0.7022799999999999,0.8291381345926799
569,User_IMFfdloss_1,0.0,2.0,554,0.0,0.4,0.0,0.0
569,User_IMFfdloss_2,0.0,2.0,554,0.0,0.4,0.0,0.0
569,User_IMFfdloss_3,0.0,2.0,554,0.0,0.4,0.0,0.0
570,Sys_IMFfdloss_ref_1,4.12,3.65,567,0.8240000000000001,0.73,0.60152,0.7741570141570142
570,Sys_IMFfdloss_ref_2,4.85,3.72,567,0.97,0.744,0.72168,0.842100350058343
570,Sys_IMFfdloss_ref_3,4.75,3.85,567,0.95,0.77,0.7314999999999999,0.8505813953488371
570,User_IMFfdloss_1,5.0,4.0,567,1.0,0.8,0.8,0.888888888888889
570,User_IMFfdloss_2,5.0,4.0,567,1.0,0.8,0.8,0.888888888888889
570,User_IMFfdloss_3,5.0,3.0,567,1.0,0.6,0.6,0.7499999999999999
572,Sys_IMFfdloss_ref_1,3.45,3.82,567,0.6900000000000001,0.764,0.5271600000000001,0.7251169188445667
572,Sys_IMFfdloss_ref_2,3.82,3.65,567,0.764,0.73,0.55772,0.7466131191432396
572,Sys_IMFfdloss_ref_3,2.85,3.42,567,0.5700000000000001,0.6839999999999999,0.38988,0.6218181818181818
572,User_IMFfdloss_1,5.0,3.0,567,1.0,0.6,0.6,0.7499999999999999
572,User_IMFfdloss_2,5.0,4.0,567,1.0,0.8,0.8,0.888888888888889
572,User_IMFfdloss_3,5.0,4.0,567,1.0,0.8,0.8,0.888888888888889
573,Sys_IMFfdloss_ref_1,4.85,2.3,567,0.97,0.45999999999999996,0.44619999999999993,0.624055944055944
573,Sys_IMFfdloss_ref_2,4.12,2.85,567,0.8240000000000001,0.5700000000000001,0.4696800000000001,0.6738593974175037
573,Sys_IMFfdloss_ref_3,4.25,2.85,567,0.85,0.5700000000000001,0.48450000000000004,0.6823943661971832
573,User_IMFfdloss_1,5.0,2.0,567,1.0,0.4,0.4,0.5714285714285715
573,User_IMFfdloss_2,5.0,3.0,567,1.0,0.6,0.6,0.7499999999999999
573,User_IMFfdloss_3,5.0,3.0,567,1.0,0.6,0.6,0.7499999999999999
575,Sys_IMFfdloss_ref_1,4.85,3.65,567,0.97,0.73,0.7081,0.8330588235294117
575,Sys_IMFfdloss_ref_2,4.85,3.72,567,0.97,0.744,0.72168,0.842100350058343
575,Sys_IMFfdloss_ref_3,3.82,2.65,567,0.764,0.53,0.40492,0.6258423493044822
575,User_IMFfdloss_1,5.0,4.0,567,1.0,0.8,0.8,0.888888888888889
575,User_IMFfdloss_2,5.0,4.0,567,1.0,0.8,0.8,0.888888888888889
575,User_IMFfdloss_3,5.0,4.0,567,1.0,0.8,0.8,0.888888888888889
578,Sys_IMFfdloss_ref_1,3.82,1.65,567,0.764,0.32999999999999996,0.25211999999999996,0.4609140767824497
578,Sys_IMFfdloss_ref_2,4.12,2.85,567,0.8240000000000001,0.5700000000000001,0.4696800000000001,0.6738593974175037
578,Sys_IMFfdloss_ref_3,4.25,1.85,567,0.85,0.37,0.3145,0.5155737704918033
578,User_IMFfdloss_1,5.0,3.0,567,1.0,0.6,0.6,0.7499999999999999
578,User_IMFfdloss_2,4.29,2.0,567,0.858,0.4,0.3432,0.5456279809220985
578,User_IMFfdloss_3,5.0,2.0,567,1.0,0.4,0.4,0.5714285714285715
580,Sys_IMFfdloss_ref_1,4.12,2.85,575,0.8240000000000001,0.5700000000000001,0.4696800000000001,0.6738593974175037
580,Sys_IMFfdloss_ref_2,4.65,2.85,575,0.93,0.5700000000000001,0.5301000000000001,0.7068000000000002
580,Sys_IMFfdloss_ref_3,4.12,2.85,575,0.8240000000000001,0.5700000000000001,0.4696800000000001,0.6738593974175037
580,User_IMFfdloss_1,4.29,3.0,575,0.858,0.6,0.5147999999999999,0.7061728395061727
580,User_IMFfdloss_2,4.29,2.0,575,0.858,0.4,0.3432,0.5456279809220985
580,User_IMFfdloss_3,4.29,3.0,575,0.858,0.6,0.5147999999999999,0.7061728395061727
584,Sys_IMFfdloss_ref_1,4.12,1.5,575,0.8240000000000001,0.3,0.2472,0.43985765124555154
584,Sys_IMFfdloss_ref_2,3.85,1.5,575,0.77,0.3,0.23099999999999998,0.4317757009345794
584,Sys_IMFfdloss_ref_3,3.85,1.5,575,0.77,0.3,0.23099999999999998,0.4317757009345794
584,User_IMFfdloss_1,5.0,3.0,575,1.0,0.6,0.6,0.7499999999999999
584,User_IMFfdloss_2,5.0,3.0,575,1.0,0.6,0.6,0.7499999999999999
584,User_IMFfdloss_3,3.75,2.0,575,0.75,0.4,0.30000000000000004,0.5217391304347827
586,Sys_IMFfdloss_ref_1,3.85,1.2,575,0.77,0.24,0.1848,0.36594059405940593
586,Sys_IMFfdloss_ref_2,4.15,1.5,575,0.8300000000000001,0.3,0.249,0.44070796460176986
586,Sys_IMFfdloss_ref_3,4.15,1.85,575,0.8300000000000001,0.37,0.30710000000000004,0.5118333333333334
586,User_IMFfdloss_1,3.75,2.0,575,0.75,0.4,0.30000000000000004,0.5217391304347827
586,User_IMFfdloss_2,3.57,1.0,575,0.714,0.2,0.1428,0.31247264770240707
586,User_IMFfdloss_3,3.57,3.0,575,0.714,0.6,0.42839999999999995,0.6520547945205478
587,Sys_IMFfdloss_ref_1,4.12,2.85,575,0.8240000000000001,0.5700000000000001,0.4696800000000001,0.6738593974175037
587,Sys_IMFfdloss_ref_2,4.85,3.0,575,0.97,0.6,0.582,0.7414012738853504
587,Sys_IMFfdloss_ref_3,4.85,2.75,575,0.97,0.55,0.5335,0.7019736842105263
587,User_IMFfdloss_1,5.0,3.0,575,1.0,0.6,0.6,0.7499999999999999
587,User_IMFfdloss_2,5.0,3.0,575,1.0,0.6,0.6,0.7499999999999999
587,User_IMFfdloss_3,5.0,4.0,575,1.0,0.8,0.8,0.888888888888889
589,Sys_IMFfdloss_ref_1,4.85,3.65,575,0.97,0.73,0.7081,0.8330588235294117
589,Sys_IMFfdloss_ref_2,4.65,1.5,575,0.93,0.3,0.279,0.4536585365853659
589,Sys_IMFfdloss_ref_3,4.85,3.65,575,0.97,0.73,0.7081,0.8330588235294117
589,User_IMFfdloss_1,5.0,2.0,575,1.0,0.4,0.4,0.5714285714285715
589,User_IMFfdloss_2,5.0,3.0,575,1.0,0.6,0.6,0.7499999999999999
589,User_IMFfdloss_3,5.0,2.0,575,1.0,0.4,0.4,0.5714285714285715
590,Sys_IMFfdloss_ref_1,3.45,2.15,585,0.6900000000000001,0.43,0.2967,0.5298214285714286
590,Sys_IMFfdloss_ref_2,3.85,2.9,585,0.77,0.58,0.4466,0.6616296296296296
590,Sys_IMFfdloss_ref_3,3.42,2.85,585,0.6839999999999999,0.5700000000000001,0.38988,0.6218181818181818
590,User_IMFfdloss_1,3.57,2.0,585,0.714,0.4,0.2856,0.5127468581687613
590,User_IMFfdloss_2,3.57,2.0,585,0.714,0.4,0.2856,0.5127468581687613
590,User_IMFfdloss_3,3.57,3.0,585,0.714,0.6,0.42839999999999995,0.6520547945205478
591,Sys_IMFfdloss_ref_1,0.85,1.2,585,0.16999999999999998,0.24,0.040799999999999996,0.19902439024390242
591,Sys_IMFfdloss_ref_2,1.85,2.4,585,0.37,0.48,0.17759999999999998,0.4178823529411764
591,Sys_IMFfdloss_ref_3,1.25,2.1,585,0.25,0.42000000000000004,0.10500000000000001,0.31343283582089554
591,User_IMFfdloss_1,1.43,2.0,585,0.286,0.4,0.1144,0.3335276967930029
591,User_IMFfdloss_2,1.43,2.0,585,0.286,0.4,0.1144,0.3335276967930029
591,User_IMFfdloss_3,2.14,3.0,585,0.42800000000000005,0.6,0.25680000000000003,0.4996108949416343
592,Sys_IMFfdloss_ref_1,4.12,1.85,585,0.8240000000000001,0.37,0.30488000000000004,0.5106867671691793
592,Sys_IMFfdloss_ref_2,3.82,1.47,585,0.764,0.294,0.22461599999999998,0.4246049149338374
592,Sys_IMFfdloss_ref_3,2.85,1.42,585,0.5700000000000001,0.284,0.16188,0.3791100702576112
592,User_IMFfdloss_1,3.75,1.0,585,0.75,0.2,0.15000000000000002,0.31578947368421056
592,User_IMFfdloss_2,5.0,2.0,585,1.0,0.4,0.4,0.5714285714285715
592,User_IMFfdloss_3,5.0,1.0,585,1.0,0.2,0.2,0.33333333333333337
596,Sys_IMFfdloss_ref_1,3.85,2.15,585,0.77,0.43,0.3311,0.5518333333333334
596,Sys_IMFfdloss_ref_2,2.85,1.92,585,0.5700000000000001,0.384,0.21888000000000002,0.4588679245283019
596,Sys_IMFfdloss_ref_3,4.12,2.85,585,0.8240000000000001,0.5700000000000001,0.4696800000000001,0.6738593974175037
596,User_IMFfdloss_1,2.14,3.0,585,0.42800000000000005,0.6,0.25680000000000003,0.4996108949416343
596,User_IMFfdloss_2,4.17,2.0,585,0.834,0.4,0.3336,0.5406807131280389
596,User_IMFfdloss_3,4.17,2.0,585,0.834,0.4,0.3336,0.5406807131280389
597,Sys_IMFfdloss_ref_1,3.42,2.85,585,0.6839999999999999,0.5700000000000001,0.38988,0.6218181818181818
597,Sys_IMFfdloss_ref_2,2.85,1.5,585,0.5700000000000001,0.3,0.171,0.3931034482758621
597,Sys_IMFfdloss_ref_3,4.15,1.5,585,0.8300000000000001,0.3,0.249,0.44070796460176986
597,User_IMFfdloss_1,4.0,3.0,585,0.8,0.6,0.48,0.6857142857142857
597,User_IMFfdloss_2,4.0,4.0,585,0.8,0.8,0.6400000000000001,0.8000000000000002
597,User_IMFfdloss_3,4.0,4.0,585,0.8,0.8,0.6400000000000001,0.8000000000000002
600,Sys_IMFfdloss_ref_1,4.12,1.5,590,0.8240000000000001,0.3,0.2472,0.43985765124555154
600,Sys_IMFfdloss_ref_2,4.15,3.85,590,0.8300000000000001,0.77,0.6391000000000001,0.7988750000000001
600,Sys_IMFfdloss_ref_3,3.85,2.4,590,0.77,0.48,0.3696,0.59136
600,User_IMFfdloss_1,4.29,4.0,590,0.858,0.8,0.6864,0.8279855247285887
600,User_IMFfdloss_2,4.29,2.0,590,0.858,0.4,0.3432,0.5456279809220985
600,User_IMFfdloss_3,4.29,2.0,590,0.858,0.4,0.3432,0.5456279809220985
601,Sys_IMFfdloss_ref_1,3.82,1.45,590,0.764,0.29,0.22155999999999998,0.4204174573055028
601,Sys_IMFfdloss_ref_2,2.85,1.92,590,0.5700000000000001,0.384,0.21888000000000002,0.4588679245283019
601,Sys_IMFfdloss_ref_3,2.85,1.42,590,0.5700000000000001,0.284,0.16188,0.3791100702576112
601,User_IMFfdloss_1,3.57,2.0,590,0.714,0.4,0.2856,0.5127468581687613
601,User_IMFfdloss_2,4.17,2.0,590,0.834,0.4,0.3336,0.5406807131280389
601,User_IMFfdloss_3,3.57,2.0,590,0.714,0.4,0.2856,0.5127468581687613
603,Sys_IMFfdloss_ref_1,3.85,3.62,590,0.77,0.724,0.55748,0.7462918340026774
603,Sys_IMFfdloss_ref_2,2.85,2.1,590,0.5700000000000001,0.42000000000000004,0.23940000000000006,0.4836363636363637
603,Sys_IMFfdloss_ref_3,3.85,2.9,590,0.77,0.58,0.4466,0.6616296296296296
603,User_IMFfdloss_1,4.0,2.0,590,0.8,0.4,0.32000000000000006,0.5333333333333333
603,User_IMFfdloss_2,4.0,3.0,590,0.8,0.6,0.48,0.6857142857142857
603,User_IMFfdloss_3,4.0,2.0,590,0.8,0.4,0.32000000000000006,0.5333333333333333
607,Sys_IMFfdloss_ref_1,4.65,2.85,590,0.93,0.5700000000000001,0.5301000000000001,0.7068000000000002
607,Sys_IMFfdloss_ref_2,4.12,3.65,590,0.8240000000000001,0.73,0.60152,0.7741570141570142
607,Sys_IMFfdloss_ref_3,3.85,2.65,590,0.77,0.53,0.4081,0.6278461538461538
607,User_IMFfdloss_1,4.17,3.0,590,0.834,0.6,0.5004,0.697907949790795
607,User_IMFfdloss_2,4.17,3.0,590,0.834,0.6,0.5004,0.697907949790795
607,User_IMFfdloss_3,4.17,4.0,590,0.834,0.8,0.6672,0.8166462668298654
609,Sys_IMFfdloss_ref_1,4.85,3.62,590,0.97,0.724,0.7022799999999999,0.8291381345926799
609,Sys_IMFfdloss_ref_2,3.85,2.4,590,0.77,0.48,0.3696,0.59136
609,Sys_IMFfdloss_ref_3,3.85,3.6,590,0.77,0.72,0.5544,0.7441610738255033
609,User_IMFfdloss_1,3.0,4.0,590,0.6,0.8,0.48,0.6857142857142857
609,User_IMFfdloss_2,3.0,4.0,590,0.6,0.8,0.48,0.6857142857142857
609,User_IMFfdloss_3,4.0,4.0,590,0.8,0.8,0.6400000000000001,0.8000000000000002
610,Sys_IMFfdloss_ref_1,2.85,3.42,605,0.5700000000000001,0.6839999999999999,0.38988,0.6218181818181818
610,Sys_IMFfdloss_ref_2,3.85,3.6,605,0.77,0.72,0.5544,0.7441610738255033
610,Sys_IMFfdloss_ref_3,3.85,2.4,605,0.77,0.48,0.3696,0.59136
610,User_IMFfdloss_1,2.14,4.0,605,0.42800000000000005,0.8,0.34240000000000004,0.5576547231270358
610,User_IMFfdloss_2,3.57,4.0,605,0.714,0.8,0.5712,0.7545574636723911
610,User_IMFfdloss_3,3.75,2.0,605,0.75,0.4,0.30000000000000004,0.5217391304347827
613,Sys_IMFfdloss_ref_1,4.15,2.85,605,0.8300000000000001,0.5700000000000001,0.4731000000000001,0.6758571428571429
613,Sys_IMFfdloss_ref_2,4.15,3.65,605,0.8300000000000001,0.73,0.6059,0.7767948717948717
613,Sys_IMFfdloss_ref_3,4.15,3.65,605,0.8300000000000001,0.73,0.6059,0.7767948717948717
613,User_IMFfdloss_1,4.29,3.0,605,0.858,0.6,0.5147999999999999,0.7061728395061727
613,User_IMFfdloss_2,4.29,4.0,605,0.858,0.8,0.6864,0.8279855247285887
613,User_IMFfdloss_3,4.29,4.0,605,0.858,0.8,0.6864,0.8279855247285887
614,Sys_IMFfdloss_ref_1,4.65,2.85,605,0.93,0.5700000000000001,0.5301000000000001,0.7068000000000002
614,Sys_IMFfdloss_ref_2,4.25,2.85,605,0.85,0.5700000000000001,0.48450000000000004,0.6823943661971832
614,Sys_IMFfdloss_ref_3,4.15,3.85,605,0.8300000000000001,0.77,0.6391000000000001,0.7988750000000001
614,User_IMFfdloss_1,4.38,4.0,605,0.876,0.8,0.7008000000000001,0.8362768496420048
614,User_IMFfdloss_2,4.38,3.0,605,0.876,0.6,0.5256,0.7121951219512195
614,User_IMFfdloss_3,4.38,3.0,605,0.876,0.6,0.5256,0.7121951219512195
617,Sys_IMFfdloss_ref_1,1.25,1.8,605,0.25,0.36,0.09,0.29508196721311475
617,Sys_IMFfdloss_ref_2,3.85,1.2,605,0.77,0.24,0.1848,0.36594059405940593
617,Sys_IMFfdloss_ref_3,3.85,1.92,605,0.77,0.384,0.29568,0.5124436741767765
617,User_IMFfdloss_1,0.62,2.0,605,0.124,0.4,0.049600000000000005,0.18931297709923664
617,User_IMFfdloss_2,3.12,2.0,605,0.624,0.4,0.24960000000000002,0.48750000000000004
617,User_IMFfdloss_3,0.62,2.0,605,0.124,0.4,0.049600000000000005,0.18931297709923664
619,Sys_IMFfdloss_ref_1,4.85,3.72,605,0.97,0.744,0.72168,0.842100350058343
619,Sys_IMFfdloss_ref_2,4.15,3.85,605,0.8300000000000001,0.77,0.6391000000000001,0.7988750000000001
619,Sys_IMFfdloss_ref_3,4.65,3.8,605,0.93,0.76,0.7068000000000001,0.8364497041420119
619,User_IMFfdloss_1,4.38,4.0,605,0.876,0.8,0.7008000000000001,0.8362768496420048
619,User_IMFfdloss_2,5.0,4.0,605,1.0,0.8,0.8,0.888888888888889
619,User_IMFfdloss_3,5.0,4.0,605,1.0,0.8,0.8,0.888888888888889
621,Sys_IMFfdloss_ref_1,1.85,1.2,606,0.37,0.24,0.08879999999999999,0.2911475409836065
621,Sys_IMFfdloss_ref_2,1.85,2.6,606,0.37,0.52,0.19240000000000002,0.43235955056179776
621,Sys_IMFfdloss_ref_3,3.85,3.2,606,0.77,0.64,0.4928,0.6990070921985815
621,User_IMFfdloss_1,3.0,3.0,606,0.6,0.6,0.36,0.6
621,User_IMFfdloss_2,3.89,1.0,606,0.778,0.2,0.15560000000000002,0.31820040899795504
621,User_IMFfdloss_3,3.89,1.0,606,0.778,0.2,0.15560000000000002,0.31820040899795504
622,Sys_IMFfdloss_ref_1,4.12,2.35,606,0.8240000000000001,0.47000000000000003,0.38728000000000007,0.5985780525502319
622,Sys_IMFfdloss_ref_2,3.85,2.45,606,0.77,0.49000000000000005,0.3773,0.5988888888888889
622,Sys_IMFfdloss_ref_3,4.85,2.1,606,0.97,0.42000000000000004,0.40740000000000004,0.5861870503597122
622,User_IMFfdloss_1,5.0,4.0,606,1.0,0.8,0.8,0.888888888888889
622,User_IMFfdloss_2,3.89,4.0,606,0.778,0.8,0.6224000000000001,0.7888466413181242
622,User_IMFfdloss_3,5.0,5.0,606,1.0,1.0,1.0,1.0
625,Sys_IMFfdloss_ref_1,4.15,2.85,606,0.8300000000000001,0.5700000000000001,0.4731000000000001,0.6758571428571429
625,Sys_IMFfdloss_ref_2,4.85,1.2,606,0.97,0.24,0.23279999999999998,0.384793388429752
625,Sys_IMFfdloss_ref_3,4.15,1.85,606,0.8300000000000001,0.37,0.30710000000000004,0.5118333333333334
625,User_IMFfdloss_1,5.0,3.0,606,1.0,0.6,0.6,0.7499999999999999
625,User_IMFfdloss_2,5.0,2.0,606,1.0,0.4,0.4,0.5714285714285715
625,User_IMFfdloss_3,5.0,2.0,606,1.0,0.4,0.4,0.5714285714285715
626,Sys_IMFfdloss_ref_1,3.85,2.9,606,0.77,0.58,0.4466,0.6616296296296296
626,Sys_IMFfdloss_ref_2,4.35,3.82,606,0.8699999999999999,0.764,0.6646799999999999,0.8135618115055079
626,Sys_IMFfdloss_ref_3,4.85,4.2,606,0.97,0.8400000000000001,0.8148000000000001,0.9003314917127072
626,User_IMFfdloss_1,4.29,4.0,606,0.858,0.8,0.6864,0.8279855247285887
626,User_IMFfdloss_2,4.44,4.0,606,0.8880000000000001,0.8,0.7104000000000001,0.8417061611374408
626,User_IMFfdloss_3,4.44,3.0,606,0.8880000000000001,0.6,0.5328,0.7161290322580646
628,Sys_IMFfdloss_ref_1,3.85,2.15,606,0.77,0.43,0.3311,0.5518333333333334
628,Sys_IMFfdloss_ref_2,4.85,3.6,606,0.97,0.72,0.6983999999999999,0.8265088757396449
628,Sys_IMFfdloss_ref_3,1.85,1.2,606,0.37,0.24,0.08879999999999999,0.2911475409836065
628,User_IMFfdloss_1,4.0,4.0,606,0.8,0.8,0.6400000000000001,0.8000000000000002
628,User_IMFfdloss_2,2.5,2.0,606,0.5,0.4,0.2,0.4444444444444445
628,User_IMFfdloss_3,5.0,2.0,606,1.0,0.4,0.4,0.5714285714285715
631,Sys_IMFfdloss_ref_1,0.0,3.85,626,0.0,0.77,0.0,0.0
631,Sys_IMFfdloss_ref_2,1.85,3.42,626,0.37,0.6839999999999999,0.25307999999999997,0.4802277039848198
631,Sys_IMFfdloss_ref_3,1.85,2.9,626,0.37,0.58,0.21459999999999999,0.4517894736842105
631,User_IMFfdloss_1,5.0,2.0,626,1.0,0.4,0.4,0.5714285714285715
631,User_IMFfdloss_2,0.0,3.0,626,0.0,0.6,0.0,0.0
631,User_IMFfdloss_3,2.5,4.0,626,0.5,0.8,0.4,0.6153846153846154
633,Sys_IMFfdloss_ref_1,4.85,3.72,626,0.97,0.744,0.72168,0.842100350058343
633,Sys_IMFfdloss_ref_2,4.85,3.62,626,0.97,0.724,0.7022799999999999,0.8291381345926799
633,Sys_IMFfdloss_ref_3,4.12,3.85,626,0.8240000000000001,0.77,0.63448,0.7960853199498118
633,User_IMFfdloss_1,5.0,4.0,626,1.0,0.8,0.8,0.888888888888889
633,User_IMFfdloss_2,5.0,4.0,626,1.0,0.8,0.8,0.888888888888889
633,User_IMFfdloss_3,5.0,4.0,626,1.0,0.8,0.8,0.888888888888889
634,Sys_IMFfdloss_ref_1,3.85,2.15,626,0.77,0.43,0.3311,0.5518333333333334
634,Sys_IMFfdloss_ref_2,3.85,2.15,626,0.77,0.43,0.3311,0.5518333333333334
634,Sys_IMFfdloss_ref_3,2.85,1.65,626,0.5700000000000001,0.32999999999999996,0.1881,0.418
634,User_IMFfdloss_1,5.0,2.0,626,1.0,0.4,0.4,0.5714285714285715
634,User_IMFfdloss_2,4.29,2.0,626,0.858,0.4,0.3432,0.5456279809220985
634,User_IMFfdloss_3,4.29,2.0,626,0.858,0.4,0.3432,0.5456279809220985
635,Sys_IMFfdloss_ref_1,0.85,1.2,626,0.16999999999999998,0.24,0.040799999999999996,0.19902439024390242
635,Sys_IMFfdloss_ref_2,1.25,1.85,626,0.25,0.37,0.0925,0.29838709677419356
635,Sys_IMFfdloss_ref_3,0.85,1.2,626,0.16999999999999998,0.24,0.040799999999999996,0.19902439024390242
635,User_IMFfdloss_1,1.25,2.0,626,0.25,0.4,0.1,0.3076923076923077
635,User_IMFfdloss_2,0.71,2.0,626,0.142,0.4,0.056799999999999996,0.20959409594095937
635,User_IMFfdloss_3,1.25,1.0,626,0.25,0.2,0.05,0.22222222222222224
638,Sys_IMFfdloss_ref_1,4.12,2.85,626,0.8240000000000001,0.5700000000000001,0.4696800000000001,0.6738593974175037
638,Sys_IMFfdloss_ref_2,4.85,2.15,626,0.97,0.43,0.41709999999999997,0.5958571428571429
638,Sys_IMFfdloss_ref_3,4.12,2.35,626,0.8240000000000001,0.47000000000000003,0.38728000000000007,0.5985780525502319
638,User_IMFfdloss_1,5.0,4.0,626,1.0,0.8,0.8,0.888888888888889
638,User_IMFfdloss_2,4.29,4.0,626,0.858,0.8,0.6864,0.8279855247285887
638,User_IMFfdloss_3,5.0,3.0,626,1.0,0.6,0.6,0.7499999999999999
640,Sys_IMFfdloss_ref_1,1.85,2.4,632,0.37,0.48,0.17759999999999998,0.4178823529411764
640,Sys_IMFfdloss_ref_2,1.85,2.65,632,0.37,0.53,0.1961,0.43577777777777776
640,Sys_IMFfdloss_ref_3,3.45,2.85,632,0.6900000000000001,0.5700000000000001,0.3933000000000001,0.6242857142857143
640,User_IMFfdloss_1,2.14,4.0,632,0.42800000000000005,0.8,0.34240000000000004,0.5576547231270358
640,User_IMFfdloss_2,2.14,4.0,632,0.42800000000000005,0.8,0.34240000000000004,0.5576547231270358
640,User_IMFfdloss_3,5.0,3.0,632,1.0,0.6,0.6,0.7499999999999999
644,Sys_IMFfdloss_ref_1,4.85,3.72,632,0.97,0.744,0.72168,0.842100350058343
644,Sys_IMFfdloss_ref_2,4.82,3.65,632,0.9640000000000001,0.73,0.70372,0.8308382526564345
644,Sys_IMFfdloss_ref_3,4.85,3.72,632,0.97,0.744,0.72168,0.842100350058343
644,User_IMFfdloss_1,4.0,4.0,632,0.8,0.8,0.6400000000000001,0.8000000000000002
644,User_IMFfdloss_2,4.0,4.0,632,0.8,0.8,0.6400000000000001,0.8000000000000002
644,User_IMFfdloss_3,4.17,4.0,632,0.834,0.8,0.6672,0.8166462668298654
645,Sys_IMFfdloss_ref_1,4.85,3.2,632,0.97,0.64,0.6208,0.7711801242236026
645,Sys_IMFfdloss_ref_2,4.85,2.9,632,0.97,0.58,0.5626,0.7259354838709678
645,Sys_IMFfdloss_ref_3,4.85,3.2,632,0.97,0.64,0.6208,0.7711801242236026
645,User_IMFfdloss_1,5.0,3.0,632,1.0,0.6,0.6,0.7499999999999999
645,User_IMFfdloss_2,5.0,4.0,632,1.0,0.8,0.8,0.888888888888889
645,User_IMFfdloss_3,5.0,4.0,632,1.0,0.8,0.8,0.888888888888889
646,Sys_IMFfdloss_ref_1,0.0,3.85,632,0.0,0.77,0.0,0.0
646,Sys_IMFfdloss_ref_2,0.0,3.42,632,0.0,0.6839999999999999,0.0,0.0
646,Sys_IMFfdloss_ref_3,0.0,1.85,632,0.0,0.37,0.0,0.0
646,User_IMFfdloss_1,0.0,3.0,632,0.0,0.6,0.0,0.0
646,User_IMFfdloss_2,0.0,2.0,632,0.0,0.4,0.0,0.0
646,User_IMFfdloss_3,0.0,3.0,632,0.0,0.6,0.0,0.0
647,Sys_IMFfdloss_ref_1,4.15,3.85,632,0.8300000000000001,0.77,0.6391000000000001,0.7988750000000001
647,Sys_IMFfdloss_ref_2,4.65,3.2,632,0.93,0.64,0.5952000000000001,0.7582165605095542
647,Sys_IMFfdloss_ref_3,4.65,3.75,632,0.93,0.75,0.6975,0.8303571428571428
647,User_IMFfdloss_1,5.0,3.0,632,1.0,0.6,0.6,0.7499999999999999
647,User_IMFfdloss_2,3.75,3.0,632,0.75,0.6,0.44999999999999996,0.6666666666666665
647,User_IMFfdloss_3,3.75,3.0,632,0.75,0.6,0.44999999999999996,0.6666666666666665
650,Sys_IMFfdloss_ref_1,4.85,3.72,633,0.97,0.744,0.72168,0.842100350058343
650,Sys_IMFfdloss_ref_2,4.85,3.75,633,0.97,0.75,0.7275,0.8459302325581396
650,Sys_IMFfdloss_ref_3,4.85,3.75,633,0.97,0.75,0.7275,0.8459302325581396
650,User_IMFfdloss_1,5.0,4.0,633,1.0,0.8,0.8,0.888888888888889
650,User_IMFfdloss_2,5.0,4.0,633,1.0,0.8,0.8,0.888888888888889
650,User_IMFfdloss_3,5.0,4.0,633,1.0,0.8,0.8,0.888888888888889
651,Sys_IMFfdloss_ref_1,1.85,1.2,633,0.37,0.24,0.08879999999999999,0.2911475409836065
651,Sys_IMFfdloss_ref_2,4.15,1.85,633,0.8300000000000001,0.37,0.30710000000000004,0.5118333333333334
651,Sys_IMFfdloss_ref_3,2.85,1.2,633,0.5700000000000001,0.24,0.1368,0.3377777777777778
651,User_IMFfdloss_1,4.38,1.0,633,0.876,0.2,0.17520000000000002,0.32565055762081785
651,User_IMFfdloss_2,1.88,1.0,633,0.376,0.2,0.0752,0.26111111111111107
651,User_IMFfdloss_3,4.38,1.0,633,0.876,0.2,0.17520000000000002,0.32565055762081785
654,Sys_IMFfdloss_ref_1,1.85,3.42,633,0.37,0.6839999999999999,0.25307999999999997,0.4802277039848198
654,Sys_IMFfdloss_ref_2,2.15,3.68,633,0.43,0.736,0.31648,0.5428473413379074
654,Sys_IMFfdloss_ref_3,2.85,3.62,633,0.5700000000000001,0.724,0.41268000000000005,0.6378361669242659
654,User_IMFfdloss_1,2.5,4.0,633,0.5,0.8,0.4,0.6153846153846154
654,User_IMFfdloss_2,2.86,4.0,633,0.572,0.8,0.4576,0.6670553935860059
654,User_IMFfdloss_3,2.86,4.0,633,0.572,0.8,0.4576,0.6670553935860059
657,Sys_IMFfdloss_ref_1,4.25,1.85,633,0.85,0.37,0.3145,0.5155737704918033
657,Sys_IMFfdloss_ref_2,4.65,2.85,633,0.93,0.5700000000000001,0.5301000000000001,0.7068000000000002
657,Sys_IMFfdloss_ref_3,4.85,1.2,633,0.97,0.24,0.23279999999999998,0.384793388429752
657,User_IMFfdloss_1,4.38,2.0,633,0.876,0.4,0.35040000000000004,0.5492163009404389
657,User_IMFfdloss_2,4.38,2.0,633,0.876,0.4,0.35040000000000004,0.5492163009404389
657,User_IMFfdloss_3,4.38,3.0,633,0.876,0.6,0.5256,0.7121951219512195
659,Sys_IMFfdloss_ref_1,4.65,3.82,633,0.93,0.764,0.71052,0.8388665879574971
659,Sys_IMFfdloss_ref_2,4.85,3.72,633,0.97,0.744,0.72168,0.842100350058343
659,Sys_IMFfdloss_ref_3,4.85,3.75,633,0.97,0.75,0.7275,0.8459302325581396
659,User_IMFfdloss_1,5.0,4.0,633,1.0,0.8,0.8,0.888888888888889
659,User_IMFfdloss_2,5.0,4.0,633,1.0,0.8,0.8,0.888888888888889
659,User_IMFfdloss_3,5.0,4.0,633,1.0,0.8,0.8,0.888888888888889
661,Sys_IMFfdloss_ref_1,2.85,2.4,634,0.5700000000000001,0.48,0.2736,0.5211428571428571
661,Sys_IMFfdloss_ref_2,3.45,3.62,634,0.6900000000000001,0.724,0.49956,0.7065912305516265
661,Sys_IMFfdloss_ref_3,1.85,2.4,634,0.37,0.48,0.17759999999999998,0.4178823529411764
661,User_IMFfdloss_1,1.67,2.0,634,0.33399999999999996,0.4,0.1336,0.3640326975476839
661,User_IMFfdloss_2,1.67,2.0,634,0.33399999999999996,0.4,0.1336,0.3640326975476839
661,User_IMFfdloss_3,1.67,4.0,634,0.33399999999999996,0.8,0.2672,0.47125220458553796
662,Sys_IMFfdloss_ref_1,4.85,1.5,634,0.97,0.3,0.291,0.458267716535433
662,Sys_IMFfdloss_ref_2,4.15,1.5,634,0.8300000000000001,0.3,0.249,0.44070796460176986
662,Sys_IMFfdloss_ref_3,3.85,1.5,634,0.77,0.3,0.23099999999999998,0.4317757009345794
662,User_IMFfdloss_1,5.0,2.0,634,1.0,0.4,0.4,0.5714285714285715
662,User_IMFfdloss_2,3.33,3.0,634,0.666,0.6,0.3996,0.6312796208530805
662,User_IMFfdloss_3,3.33,2.0,634,0.666,0.4,0.2664,0.499812382739212
663,Sys_IMFfdloss_ref_1,4.85,3.72,634,0.97,0.744,0.72168,0.842100350058343
663,Sys_IMFfdloss_ref_2,3.85,2.15,634,0.77,0.43,0.3311,0.5518333333333334
663,Sys_IMFfdloss_ref_3,4.25,3.85,634,0.85,0.77,0.6545,0.8080246913580246
663,User_IMFfdloss_1,1.67,4.0,634,0.33399999999999996,0.8,0.2672,0.47125220458553796
663,User_IMFfdloss_2,3.33,4.0,634,0.666,0.8,0.5328,0.7268758526603001
663,User_IMFfdloss_3,3.33,4.0,634,0.666,0.8,0.5328,0.7268758526603001
664,Sys_IMFfdloss_ref_1,4.85,1.5,634,0.97,0.3,0.291,0.458267716535433
664,Sys_IMFfdloss_ref_2,3.85,1.5,634,0.77,0.3,0.23099999999999998,0.4317757009345794
664,Sys_IMFfdloss_ref_3,2.85,1.5,634,0.5700000000000001,0.3,0.171,0.3931034482758621
664,User_IMFfdloss_1,2.86,2.0,634,0.572,0.4,0.2288,0.47078189300411527
664,User_IMFfdloss_2,3.75,2.0,634,0.75,0.4,0.30000000000000004,0.5217391304347827
664,User_IMFfdloss_3,2.5,2.0,634,0.5,0.4,0.2,0.4444444444444445
668,Sys_IMFfdloss_ref_1,2.15,1.5,634,0.43,0.3,0.129,0.35342465753424657
668,Sys_IMFfdloss_ref_2,2.85,1.5,634,0.5700000000000001,0.3,0.171,0.3931034482758621
668,Sys_IMFfdloss_ref_3,2.85,2.4,634,0.5700000000000001,0.48,0.2736,0.5211428571428571
668,User_IMFfdloss_1,2.22,2.0,634,0.44400000000000006,0.4,0.17760000000000004,0.4208530805687204
668,User_IMFfdloss_2,2.22,2.0,634,0.44400000000000006,0.4,0.17760000000000004,0.4208530805687204
668,User_IMFfdloss_3,1.67,2.0,634,0.33399999999999996,0.4,0.1336,0.3640326975476839
671,Sys_IMFfdloss_ref_1,2.85,1.5,645,0.5700000000000001,0.3,0.171,0.3931034482758621
671,Sys_IMFfdloss_ref_2,2.15,1.5,645,0.43,0.3,0.129,0.35342465753424657
671,Sys_IMFfdloss_ref_3,2.85,1.2,645,0.5700000000000001,0.24,0.1368,0.3377777777777778
671,User_IMFfdloss_1,3.75,1.0,645,0.75,0.2,0.15000000000000002,0.31578947368421056
671,User_IMFfdloss_2,3.75,2.0,645,0.75,0.4,0.30000000000000004,0.5217391304347827
671,User_IMFfdloss_3,3.75,2.0,645,0.75,0.4,0.30000000000000004,0.5217391304347827
672,Sys_IMFfdloss_ref_1,4.15,1.5,645,0.8300000000000001,0.3,0.249,0.44070796460176986
672,Sys_IMFfdloss_ref_2,4.12,1.5,645,0.8240000000000001,0.3,0.2472,0.43985765124555154
672,Sys_IMFfdloss_ref_3,4.12,1.5,645,0.8240000000000001,0.3,0.2472,0.43985765124555154
672,User_IMFfdloss_1,4.44,3.0,645,0.8880000000000001,0.6,0.5328,0.7161290322580646
672,User_IMFfdloss_2,4.44,2.0,645,0.8880000000000001,0.4,0.35520000000000007,0.5515527950310559
672,User_IMFfdloss_3,4.44,3.0,645,0.8880000000000001,0.6,0.5328,0.7161290322580646
673,Sys_IMFfdloss_ref_1,4.12,1.5,645,0.8240000000000001,0.3,0.2472,0.43985765124555154
673,Sys_IMFfdloss_ref_2,3.65,1.5,645,0.73,0.3,0.219,0.42524271844660194
673,Sys_IMFfdloss_ref_3,3.82,1.47,645,0.764,0.294,0.22461599999999998,0.4246049149338374
673,User_IMFfdloss_1,5.0,2.0,645,1.0,0.4,0.4,0.5714285714285715
673,User_IMFfdloss_2,5.0,4.0,645,1.0,0.8,0.8,0.888888888888889
673,User_IMFfdloss_3,5.0,4.0,645,1.0,0.8,0.8,0.888888888888889
675,Sys_IMFfdloss_ref_1,4.12,1.5,645,0.8240000000000001,0.3,0.2472,0.43985765124555154
675,Sys_IMFfdloss_ref_2,4.65,2.85,645,0.93,0.5700000000000001,0.5301000000000001,0.7068000000000002
675,Sys_IMFfdloss_ref_3,4.85,1.5,645,0.97,0.3,0.291,0.458267716535433
675,User_IMFfdloss_1,5.0,2.0,645,1.0,0.4,0.4,0.5714285714285715
675,User_IMFfdloss_2,5.0,2.0,645,1.0,0.4,0.4,0.5714285714285715
675,User_IMFfdloss_3,5.0,2.0,645,1.0,0.4,0.4,0.5714285714285715
679,Sys_IMFfdloss_ref_1,4.85,1.5,645,0.97,0.3,0.291,0.458267716535433
679,Sys_IMFfdloss_ref_2,3.85,1.5,645,0.77,0.3,0.23099999999999998,0.4317757009345794
679,User_IMFfdloss_1,4.44,2.0,645,0.8880000000000001,0.4,0.35520000000000007,0.5515527950310559
679,User_IMFfdloss_2,4.44,3.0,645,0.8880000000000001,0.6,0.5328,0.7161290322580646
679,User_IMFfdloss_3,3.89,2.0,645,0.778,0.4,0.31120000000000003,0.5283531409168082
684,Sys_IMFfdloss_ref_1,4.15,2.85,654,0.8300000000000001,0.5700000000000001,0.4731000000000001,0.6758571428571429
684,Sys_IMFfdloss_ref_2,4.12,3.65,654,0.8240000000000001,0.73,0.60152,0.7741570141570142
684,User_IMFfdloss_1,5.0,4.0,654,1.0,0.8,0.8,0.888888888888889
684,User_IMFfdloss_2,4.38,3.0,654,0.876,0.6,0.5256,0.7121951219512195
684,User_IMFfdloss_3,5.0,3.0,654,1.0,0.6,0.6,0.7499999999999999
685,Sys_IMFfdloss_ref_1,4.85,3.2,654,0.97,0.64,0.6208,0.7711801242236026
685,Sys_IMFfdloss_ref_2,4.85,3.62,654,0.97,0.724,0.7022799999999999,0.8291381345926799
685,User_IMFfdloss_1,5.0,2.0,654,1.0,0.4,0.4,0.5714285714285715
685,User_IMFfdloss_2,5.0,3.0,654,1.0,0.6,0.6,0.7499999999999999
685,User_IMFfdloss_3,5.0,4.0,654,1.0,0.8,0.8,0.888888888888889
687,Sys_IMFfdloss_ref_1,1.25,1.5,654,0.25,0.3,0.075,0.2727272727272727
687,Sys_IMFfdloss_ref_2,2.85,1.42,654,0.5700000000000001,0.284,0.16188,0.3791100702576112
687,User_IMFfdloss_1,3.57,2.0,654,0.714,0.4,0.2856,0.5127468581687613
687,User_IMFfdloss_2,1.25,2.0,654,0.25,0.4,0.1,0.3076923076923077
687,User_IMFfdloss_3,5.0,2.0,654,1.0,0.4,0.4,0.5714285714285715
688,Sys_IMFfdloss_ref_1,4.85,3.2,654,0.97,0.64,0.6208,0.7711801242236026
688,Sys_IMFfdloss_ref_2,4.85,3.6,654,0.97,0.72,0.6983999999999999,0.8265088757396449
688,User_IMFfdloss_1,5.0,3.0,654,1.0,0.6,0.6,0.7499999999999999
688,User_IMFfdloss_2,5.0,3.0,654,1.0,0.6,0.6,0.7499999999999999
688,User_IMFfdloss_3,5.0,3.0,654,1.0,0.6,0.6,0.7499999999999999
689,Sys_IMFfdloss_ref_1,4.85,3.62,654,0.97,0.724,0.7022799999999999,0.8291381345926799
689,Sys_IMFfdloss_ref_2,4.85,3.62,654,0.97,0.724,0.7022799999999999,0.8291381345926799
689,User_IMFfdloss_1,5.0,4.0,654,1.0,0.8,0.8,0.888888888888889
689,User_IMFfdloss_2,5.0,4.0,654,1.0,0.8,0.8,0.888888888888889
689,User_IMFfdloss_3,5.0,4.0,654,1.0,0.8,0.8,0.888888888888889
690,Sys_IMFfdloss_ref_1,4.65,3.85,679,0.93,0.77,0.7161000000000001,0.8424705882352941
690,Sys_IMFfdloss_ref_2,4.85,3.62,679,0.97,0.724,0.7022799999999999,0.8291381345926799
690,User_IMFfdloss_1,3.12,4.0,679,0.624,0.8,0.49920000000000003,0.7011235955056181
690,User_IMFfdloss_2,3.12,4.0,679,0.624,0.8,0.49920000000000003,0.7011235955056181
690,User_IMFfdloss_3,3.12,4.0,679,0.624,0.8,0.49920000000000003,0.7011235955056181
694,Sys_IMFfdloss_ref_1,4.72,3.85,679,0.944,0.77,0.72688,0.8481680280046674
694,Sys_IMFfdloss_ref_2,4.65,3.85,679,0.93,0.77,0.7161000000000001,0.8424705882352941
694,User_IMFfdloss_1,3.75,4.0,679,0.75,0.8,0.6000000000000001,0.7741935483870969
694,User_IMFfdloss_2,3.12,4.0,679,0.624,0.8,0.49920000000000003,0.7011235955056181
694,User_IMFfdloss_3,4.38,4.0,679,0.876,0.8,0.7008000000000001,0.8362768496420048
695,Sys_IMFfdloss_ref_1,2.15,2.8,679,0.43,0.5599999999999999,0.24079999999999996,0.4864646464646464
695,Sys_IMFfdloss_ref_2,2.15,2.85,679,0.43,0.5700000000000001,0.2451,0.4902
695,User_IMFfdloss_1,3.89,3.0,679,0.778,0.6,0.4668,0.6775036284470246
695,User_IMFfdloss_2,4.38,3.0,679,0.876,0.6,0.5256,0.7121951219512195
695,User_IMFfdloss_3,4.38,4.0,679,0.876,0.8,0.7008000000000001,0.8362768496420048
698,Sys_IMFfdloss_ref_1,1.85,2.4,679,0.37,0.48,0.17759999999999998,0.4178823529411764
698,Sys_IMFfdloss_ref_2,3.82,2.15,679,0.764,0.43,0.32852,0.550284757118928
698,User_IMFfdloss_1,4.29,3.0,679,0.858,0.6,0.5147999999999999,0.7061728395061727
698,User_IMFfdloss_2,4.17,2.0,679,0.834,0.4,0.3336,0.5406807131280389
698,User_IMFfdloss_3,4.29,2.0,679,0.858,0.4,0.3432,0.5456279809220985
699,Sys_IMFfdloss_ref_1,4.85,3.75,679,0.97,0.75,0.7275,0.8459302325581396
699,Sys_IMFfdloss_ref_2,4.85,3.62,679,0.97,0.724,0.7022799999999999,0.8291381345926799
699,User_IMFfdloss_1,4.29,4.0,679,0.858,0.8,0.6864,0.8279855247285887
699,User_IMFfdloss_2,3.75,4.0,679,0.75,0.8,0.6000000000000001,0.7741935483870969
699,User_IMFfdloss_3,4.29,4.0,679,0.858,0.8,0.6864,0.8279855247285887
700,Sys_IMFfdloss_ref_1,4.65,3.85,687,0.93,0.77,0.7161000000000001,0.8424705882352941
700,Sys_IMFfdloss_ref_2,4.85,3.75,687,0.97,0.75,0.7275,0.8459302325581396
700,User_IMFfdloss_1,5.0,4.0,687,1.0,0.8,0.8,0.888888888888889
700,User_IMFfdloss_2,5.0,4.0,687,1.0,0.8,0.8,0.888888888888889
700,User_IMFfdloss_3,5.0,4.0,687,1.0,0.8,0.8,0.888888888888889
701,Sys_IMFfdloss_ref_1,5.0,4.95,687,1.0,0.99,0.99,0.9949748743718593
701,Sys_IMFfdloss_ref_2,5.0,4.9,687,1.0,0.9800000000000001,0.9800000000000001,0.9898989898989901
701,Sys_IMFfdloss_ref_3,5.0,4.9,687,1.0,0.9800000000000001,0.9800000000000001,0.9898989898989901
701,User_IMFfdloss_1,5.0,5.0,687,1.0,1.0,1.0,1.0
701,User_IMFfdloss_2,5.0,5.0,687,1.0,1.0,1.0,1.0
701,User_IMFfdloss_3,5.0,5.0,687,1.0,1.0,1.0,1.0
702,Sys_IMFfdloss_ref_1,5.0,5.0,687,1.0,1.0,1.0,1.0
702,Sys_IMFfdloss_ref_2,4.85,3.65,687,0.97,0.73,0.7081,0.8330588235294117
702,User_IMFfdloss_1,5.0,4.0,687,1.0,0.8,0.8,0.888888888888889
702,User_IMFfdloss_2,5.0,5.0,687,1.0,1.0,1.0,1.0
702,User_IMFfdloss_3,5.0,4.0,687,1.0,0.8,0.8,0.888888888888889
704,Sys_IMFfdloss_ref_1,4.85,4.6,687,0.97,0.9199999999999999,0.8923999999999999,0.9443386243386243
704,Sys_IMFfdloss_ref_2,4.92,4.85,687,0.984,0.97,0.95448,0.976949846468782
704,User_IMFfdloss_1,5.0,5.0,687,1.0,1.0,1.0,1.0
704,User_IMFfdloss_2,5.0,5.0,687,1.0,1.0,1.0,1.0
704,User_IMFfdloss_3,5.0,5.0,687,1.0,1.0,1.0,1.0
705,Sys_IMFfdloss_ref_1,4.85,3.6,687,0.97,0.72,0.6983999999999999,0.8265088757396449
705,Sys_IMFfdloss_ref_2,4.12,3.68,687,0.8240000000000001,0.736,0.606464,0.7775179487179487
705,User_IMFfdloss_1,5.0,4.0,687,1.0,0.8,0.8,0.888888888888889
705,User_IMFfdloss_2,5.0,4.0,687,1.0,0.8,0.8,0.888888888888889
705,User_IMFfdloss_3,5.0,4.0,687,1.0,0.8,0.8,0.888888888888889
712,Sys_IMFfdloss_ref_1,4.65,3.82,730,0.93,0.764,0.71052,0.8388665879574971
712,Sys_IMFfdloss_ref_2,3.85,3.62,730,0.77,0.724,0.55748,0.7462918340026774
712,User_IMFfdloss_1,2.78,4.0,730,0.5559999999999999,0.8,0.4448,0.656047197640118
712,User_IMFfdloss_2,2.78,4.0,730,0.5559999999999999,0.8,0.4448,0.656047197640118
712,User_IMFfdloss_3,2.78,4.0,730,0.5559999999999999,0.8,0.4448,0.656047197640118
714,Sys_IMFfdloss_ref_1,1.25,2.85,730,0.25,0.5700000000000001,0.14250000000000002,0.34756097560975613
714,Sys_IMFfdloss_ref_2,1.25,2.85,730,0.25,0.5700000000000001,0.14250000000000002,0.34756097560975613
714,User_IMFfdloss_1,2.0,3.0,730,0.4,0.6,0.24,0.48
714,User_IMFfdloss_2,1.67,3.0,730,0.33399999999999996,0.6,0.20039999999999997,0.42912205567451817
714,User_IMFfdloss_3,2.0,3.0,730,0.4,0.6,0.24,0.48
717,Sys_IMFfdloss_ref_1,2.85,3.12,730,0.5700000000000001,0.624,0.35568000000000005,0.5957788944723619
717,Sys_IMFfdloss_ref_2,1.85,2.1,730,0.37,0.42000000000000004,0.1554,0.39341772151898735
717,User_IMFfdloss_1,4.44,4.0,730,0.8880000000000001,0.8,0.7104000000000001,0.8417061611374408
717,User_IMFfdloss_2,4.44,2.0,730,0.8880000000000001,0.4,0.35520000000000007,0.5515527950310559
717,User_IMFfdloss_3,4.44,4.0,730,0.8880000000000001,0.8,0.7104000000000001,0.8417061611374408
718,Sys_IMFfdloss_ref_1,3.85,2.65,730,0.77,0.53,0.4081,0.6278461538461538
718,Sys_IMFfdloss_ref_2,4.85,3.6,730,0.97,0.72,0.6983999999999999,0.8265088757396449
718,User_IMFfdloss_1,3.33,4.0,730,0.666,0.8,0.5328,0.7268758526603001
718,User_IMFfdloss_2,3.33,2.0,730,0.666,0.4,0.2664,0.499812382739212
718,User_IMFfdloss_3,3.33,4.0,730,0.666,0.8,0.5328,0.7268758526603001
719,Sys_IMFfdloss_ref_1,4.85,3.75,730,0.97,0.75,0.7275,0.8459302325581396
719,Sys_IMFfdloss_ref_2,4.85,3.72,730,0.97,0.744,0.72168,0.842100350058343
719,User_IMFfdloss_1,3.89,4.0,730,0.778,0.8,0.6224000000000001,0.7888466413181242
719,User_IMFfdloss_2,3.89,2.0,730,0.778,0.4,0.31120000000000003,0.5283531409168082
719,User_IMFfdloss_3,3.89,4.0,730,0.778,0.8,0.6224000000000001,0.7888466413181242
723,Sys_IMFfdloss_ref_1,1.85,2.4,743,0.37,0.48,0.17759999999999998,0.4178823529411764
723,Sys_IMFfdloss_ref_2,2.15,2.85,743,0.43,0.5700000000000001,0.2451,0.4902
723,User_IMFfdloss_1,3.75,3.0,743,0.75,0.6,0.44999999999999996,0.6666666666666665
723,User_IMFfdloss_2,1.25,2.0,743,0.25,0.4,0.1,0.3076923076923077
723,User_IMFfdloss_3,0.0,3.0,743,0.0,0.6,0.0,0.0
725,Sys_IMFfdloss_ref_1,3.85,1.5,743,0.77,0.3,0.23099999999999998,0.4317757009345794
725,Sys_IMFfdloss_ref_2,4.85,3.72,743,0.97,0.744,0.72168,0.842100350058343
725,User_IMFfdloss_1,2.5,4.0,743,0.5,0.8,0.4,0.6153846153846154
725,User_IMFfdloss_2,0.0,4.0,743,0.0,0.8,0.0,0.0
725,User_IMFfdloss_3,2.5,2.0,743,0.5,0.4,0.2,0.4444444444444445
726,Sys_IMFfdloss_ref_1,0.82,2.15,743,0.16399999999999998,0.43,0.07051999999999999,0.2374410774410774
726,Sys_IMFfdloss_ref_2,4.85,2.65,743,0.97,0.53,0.5141,0.6854666666666667
726,Sys_IMFfdloss_ref_3,3.85,2.15,743,0.77,0.43,0.3311,0.5518333333333334
726,User_IMFfdloss_1,5.0,2.0,743,1.0,0.4,0.4,0.5714285714285715
726,User_IMFfdloss_2,5.0,2.0,743,1.0,0.4,0.4,0.5714285714285715
726,User_IMFfdloss_3,0.5,2.0,743,0.1,0.4,0.04000000000000001,0.16000000000000003
728,Sys_IMFfdloss_ref_1,4.85,3.2,743,0.97,0.64,0.6208,0.7711801242236026
728,Sys_IMFfdloss_ref_2,4.85,2.65,743,0.97,0.53,0.5141,0.6854666666666667
728,Sys_IMFfdloss_ref_3,4.15,2.85,743,0.8300000000000001,0.5700000000000001,0.4731000000000001,0.6758571428571429
728,User_IMFfdloss_1,5.0,3.0,743,1.0,0.6,0.6,0.7499999999999999
728,User_IMFfdloss_2,5.0,3.0,743,1.0,0.6,0.6,0.7499999999999999
728,User_IMFfdloss_3,5.0,3.0,743,1.0,0.6,0.6,0.7499999999999999
729,Sys_IMFfdloss_ref_1,2.85,3.62,743,0.5700000000000001,0.724,0.41268000000000005,0.6378361669242659
729,Sys_IMFfdloss_ref_2,4.82,3.65,743,0.9640000000000001,0.73,0.70372,0.8308382526564345
729,User_IMFfdloss_1,2.5,3.0,743,0.5,0.6,0.3,0.5454545454545454
729,User_IMFfdloss_2,3.89,4.0,743,0.778,0.8,0.6224000000000001,0.7888466413181242
729,User_IMFfdloss_3,3.33,3.0,743,0.666,0.6,0.3996,0.6312796208530805
730,Sys_IMFfdloss_ref_1,4.85,3.72,746,0.97,0.744,0.72168,0.842100350058343
730,Sys_IMFfdloss_ref_2,4.12,2.85,746,0.8240000000000001,0.5700000000000001,0.4696800000000001,0.6738593974175037
730,User_IMFfdloss_1,5.0,3.0,746,1.0,0.6,0.6,0.7499999999999999
730,User_IMFfdloss_2,5.0,4.0,746,1.0,0.8,0.8,0.888888888888889
730,User_IMFfdloss_3,5.0,3.0,746,1.0,0.6,0.6,0.7499999999999999
732,Sys_IMFfdloss_ref_1,4.85,3.75,746,0.97,0.75,0.7275,0.8459302325581396
732,Sys_IMFfdloss_ref_2,4.12,2.85,746,0.8240000000000001,0.5700000000000001,0.4696800000000001,0.6738593974175037
732,User_IMFfdloss_1,5.0,3.0,746,1.0,0.6,0.6,0.7499999999999999
732,User_IMFfdloss_2,5.0,3.0,746,1.0,0.6,0.6,0.7499999999999999
732,User_IMFfdloss_3,5.0,3.0,746,1.0,0.6,0.6,0.7499999999999999
734,Sys_IMFfdloss_ref_1,2.85,1.9,746,0.5700000000000001,0.38,0.21660000000000001,0.456
734,Sys_IMFfdloss_ref_2,2.85,1.42,746,0.5700000000000001,0.284,0.16188,0.3791100702576112
734,User_IMFfdloss_1,4.17,2.0,746,0.834,0.4,0.3336,0.5406807131280389
734,User_IMFfdloss_2,4.17,1.0,746,0.834,0.2,0.1668,0.3226305609284333
734,User_IMFfdloss_3,2.86,2.0,746,0.572,0.4,0.2288,0.47078189300411527
737,Sys_IMFfdloss_ref_1,2.15,1.2,746,0.43,0.24,0.1032,0.30805970149253736
737,Sys_IMFfdloss_ref_2,3.85,1.25,746,0.77,0.25,0.1925,0.37745098039215685
737,User_IMFfdloss_1,4.17,1.0,746,0.834,0.2,0.1668,0.3226305609284333
737,User_IMFfdloss_2,4.17,1.0,746,0.834,0.2,0.1668,0.3226305609284333
737,User_IMFfdloss_3,4.17,2.0,746,0.834,0.4,0.3336,0.5406807131280389
738,Sys_IMFfdloss_ref_1,1.85,1.2,746,0.37,0.24,0.08879999999999999,0.2911475409836065
738,Sys_IMFfdloss_ref_2,1.85,1.2,746,0.37,0.24,0.08879999999999999,0.2911475409836065
738,User_IMFfdloss_1,2.86,1.0,746,0.572,0.2,0.1144,0.29637305699481864
738,User_IMFfdloss_2,3.57,1.0,746,0.714,0.2,0.1428,0.31247264770240707
738,User_IMFfdloss_3,4.29,1.0,746,0.858,0.2,0.1716,0.3243856332703213
740,Sys_IMFfdloss_ref_1,4.65,3.85,755,0.93,0.77,0.7161000000000001,0.8424705882352941
740,Sys_IMFfdloss_ref_2,4.65,3.82,755,0.93,0.764,0.71052,0.8388665879574971
740,User_IMFfdloss_1,5.0,3.0,755,1.0,0.6,0.6,0.7499999999999999
740,User_IMFfdloss_2,5.0,3.0,755,1.0,0.6,0.6,0.7499999999999999
740,User_IMFfdloss_3,5.0,3.0,755,1.0,0.6,0.6,0.7499999999999999
741,Sys_IMFfdloss_ref_1,4.85,3.75,755,0.97,0.75,0.7275,0.8459302325581396
741,Sys_IMFfdloss_ref_2,5.0,5.0,755,1.0,1.0,1.0,1.0
741,Sys_IMFfdloss_ref_3,4.92,4.85,755,0.984,0.97,0.95448,0.976949846468782
741,User_IMFfdloss_1,5.0,5.0,755,1.0,1.0,1.0,1.0
741,User_IMFfdloss_2,5.0,4.0,755,1.0,0.8,0.8,0.888888888888889
741,User_IMFfdloss_3,5.0,5.0,755,1.0,1.0,1.0,1.0
744,Sys_IMFfdloss_ref_1,4.65,3.85,755,0.93,0.77,0.7161000000000001,0.8424705882352941
744,Sys_IMFfdloss_ref_2,4.85,3.72,755,0.97,0.744,0.72168,0.842100350058343
744,User_IMFfdloss_1,4.38,4.0,755,0.876,0.8,0.7008000000000001,0.8362768496420048
744,User_IMFfdloss_2,5.0,4.0,755,1.0,0.8,0.8,0.888888888888889
744,User_IMFfdloss_3,5.0,4.0,755,1.0,0.8,0.8,0.888888888888889
746,Sys_IMFfdloss_ref_1,4.65,2.75,755,0.93,0.55,0.5115000000000001,0.6912162162162163
746,Sys_IMFfdloss_ref_2,4.92,4.85,755,0.984,0.97,0.95448,0.976949846468782
746,Sys_IMFfdloss_ref_3,4.85,3.2,755,0.97,0.64,0.6208,0.7711801242236026
746,User_IMFfdloss_1,5.0,5.0,755,1.0,1.0,1.0,1.0
746,User_IMFfdloss_2,5.0,3.0,755,1.0,0.6,0.6,0.7499999999999999
746,User_IMFfdloss_3,5.0,5.0,755,1.0,1.0,1.0,1.0
748,Sys_IMFfdloss_ref_1,4.65,3.85,755,0.93,0.77,0.7161000000000001,0.8424705882352941
748,Sys_IMFfdloss_ref_2,4.85,3.65,755,0.97,0.73,0.7081,0.8330588235294117
748,User_IMFfdloss_1,5.0,5.0,755,1.0,1.0,1.0,1.0
748,User_IMFfdloss_2,5.0,5.0,755,1.0,1.0,1.0,1.0
748,User_IMFfdloss_3,5.0,5.0,755,1.0,1.0,1.0,1.0
751,Sys_IMFfdloss_ref_1,4.15,2.3,756,0.8300000000000001,0.45999999999999996,0.38180000000000003,0.591937984496124
751,Sys_IMFfdloss_ref_2,3.85,2.15,756,0.77,0.43,0.3311,0.5518333333333334
751,User_IMFfdloss_1,3.89,2.0,756,0.778,0.4,0.31120000000000003,0.5283531409168082
751,User_IMFfdloss_2,5.0,2.0,756,1.0,0.4,0.4,0.5714285714285715
751,User_IMFfdloss_3,5.0,2.0,756,1.0,0.4,0.4,0.5714285714285715
752,Sys_IMFfdloss_ref_1,0.0,1.0,756,0.0,0.2,0.0,0.0
752,Sys_IMFfdloss_ref_2,0.12,1.85,756,0.024,0.37,0.00888,0.0450761421319797
752,User_IMFfdloss_1,0.5,0.0,756,0.1,0.0,0.0,0.0
752,User_IMFfdloss_2,0.5,1.0,756,0.1,0.2,0.020000000000000004,0.13333333333333333
752,User_IMFfdloss_3,0.5,1.0,756,0.1,0.2,0.020000000000000004,0.13333333333333333
754,Sys_IMFfdloss_ref_1,4.65,2.85,756,0.93,0.5700000000000001,0.5301000000000001,0.7068000000000002
754,Sys_IMFfdloss_ref_2,4.65,3.85,756,0.93,0.77,0.7161000000000001,0.8424705882352941
754,User_IMFfdloss_1,4.44,3.0,756,0.8880000000000001,0.6,0.5328,0.7161290322580646
754,User_IMFfdloss_2,4.44,3.0,756,0.8880000000000001,0.6,0.5328,0.7161290322580646
754,User_IMFfdloss_3,5.0,4.0,756,1.0,0.8,0.8,0.888888888888889
755,Sys_IMFfdloss_ref_1,3.45,1.5,756,0.6900000000000001,0.3,0.20700000000000002,0.4181818181818182
755,Sys_IMFfdloss_ref_2,4.85,1.5,756,0.97,0.3,0.291,0.458267716535433
755,Sys_IMFfdloss_ref_3,3.85,1.5,756,0.77,0.3,0.23099999999999998,0.4317757009345794
755,User_IMFfdloss_1,5.0,2.0,756,1.0,0.4,0.4,0.5714285714285715
755,User_IMFfdloss_2,3.89,2.0,756,0.778,0.4,0.31120000000000003,0.5283531409168082
755,User_IMFfdloss_3,5.0,2.0,756,1.0,0.4,0.4,0.5714285714285715
759,Sys_IMFfdloss_ref_1,4.92,4.15,756,0.984,0.8300000000000001,0.8167200000000001,0.9004630650496142
759,Sys_IMFfdloss_ref_2,3.45,3.82,756,0.6900000000000001,0.764,0.5271600000000001,0.7251169188445667
759,User_IMFfdloss_1,3.75,3.0,756,0.75,0.6,0.44999999999999996,0.6666666666666665
759,User_IMFfdloss_2,3.75,3.0,756,0.75,0.6,0.44999999999999996,0.6666666666666665
759,User_IMFfdloss_3,3.75,3.0,756,0.75,0.6,0.44999999999999996,0.6666666666666665
760,Sys_IMFfdloss_ref_1,4.12,3.65,806,0.8240000000000001,0.73,0.60152,0.7741570141570142
760,Sys_IMFfdloss_ref_2,4.85,3.6,806,0.97,0.72,0.6983999999999999,0.8265088757396449
760,Sys_IMFfdloss_ref_3,4.65,3.85,806,0.93,0.77,0.7161000000000001,0.8424705882352941
760,User_IMFfdloss_1,4.29,4.0,806,0.858,0.8,0.6864,0.8279855247285887
760,User_IMFfdloss_2,4.29,4.0,806,0.858,0.8,0.6864,0.8279855247285887
760,User_IMFfdloss_3,4.29,4.0,806,0.858,0.8,0.6864,0.8279855247285887
764,Sys_IMFfdloss_ref_1,4.85,3.75,806,0.97,0.75,0.7275,0.8459302325581396
764,Sys_IMFfdloss_ref_2,4.85,4.2,806,0.97,0.8400000000000001,0.8148000000000001,0.9003314917127072
764,User_IMFfdloss_1,4.17,5.0,806,0.834,1.0,0.834,0.9094874591057797
764,User_IMFfdloss_2,4.17,5.0,806,0.834,1.0,0.834,0.9094874591057797
764,User_IMFfdloss_3,4.17,4.0,806,0.834,0.8,0.6672,0.8166462668298654
766,Sys_IMFfdloss_ref_1,4.85,3.65,806,0.97,0.73,0.7081,0.8330588235294117
766,Sys_IMFfdloss_ref_2,4.85,4.72,806,0.97,0.944,0.9156799999999999,0.9568234064785789
766,User_IMFfdloss_1,5.0,4.0,806,1.0,0.8,0.8,0.888888888888889
766,User_IMFfdloss_2,5.0,5.0,806,1.0,1.0,1.0,1.0
766,User_IMFfdloss_3,4.29,5.0,806,0.858,1.0,0.858,0.9235737351991388
767,Sys_IMFfdloss_ref_1,4.95,4.98,806,0.99,0.9960000000000001,0.9860400000000001,0.9929909365558913
767,Sys_IMFfdloss_ref_2,4.85,3.72,806,0.97,0.744,0.72168,0.842100350058343
767,User_IMFfdloss_1,5.0,5.0,806,1.0,1.0,1.0,1.0
767,User_IMFfdloss_2,5.0,5.0,806,1.0,1.0,1.0,1.0
767,User_IMFfdloss_3,5.0,5.0,806,1.0,1.0,1.0,1.0
768,Sys_IMFfdloss_ref_1,4.85,3.2,806,0.97,0.64,0.6208,0.7711801242236026
768,Sys_IMFfdloss_ref_2,4.85,3.2,806,0.97,0.64,0.6208,0.7711801242236026
768,User_IMFfdloss_1,5.0,4.0,806,1.0,0.8,0.8,0.888888888888889
768,User_IMFfdloss_2,5.0,4.0,806,1.0,0.8,0.8,0.888888888888889
768,User_IMFfdloss_3,5.0,3.0,806,1.0,0.6,0.6,0.7499999999999999
770,Sys_IMFfdloss_ref_1,4.85,1.25,810,0.97,0.25,0.2425,0.3975409836065574
770,Sys_IMFfdloss_ref_2,3.82,1.47,810,0.764,0.294,0.22461599999999998,0.4246049149338374
770,User_IMFfdloss_1,5.0,2.0,810,1.0,0.4,0.4,0.5714285714285715
770,User_IMFfdloss_2,5.0,2.0,810,1.0,0.4,0.4,0.5714285714285715
770,User_IMFfdloss_3,5.0,1.0,810,1.0,0.2,0.2,0.33333333333333337
771,Sys_IMFfdloss_ref_1,3.85,2.4,810,0.77,0.48,0.3696,0.59136
771,Sys_IMFfdloss_ref_2,4.15,3.6,810,0.8300000000000001,0.72,0.5976,0.7710967741935484
771,User_IMFfdloss_1,3.75,4.0,810,0.75,0.8,0.6000000000000001,0.7741935483870969
771,User_IMFfdloss_2,3.75,2.0,810,0.75,0.4,0.30000000000000004,0.5217391304347827
771,User_IMFfdloss_3,3.75,2.0,810,0.75,0.4,0.30000000000000004,0.5217391304347827
772,Sys_IMFfdloss_ref_1,4.65,2.85,810,0.93,0.5700000000000001,0.5301000000000001,0.7068000000000002
772,Sys_IMFfdloss_ref_2,4.15,2.85,810,0.8300000000000001,0.5700000000000001,0.4731000000000001,0.6758571428571429
772,User_IMFfdloss_1,4.38,3.0,810,0.876,0.6,0.5256,0.7121951219512195
772,User_IMFfdloss_2,4.38,2.0,810,0.876,0.4,0.35040000000000004,0.5492163009404389
772,User_IMFfdloss_3,3.75,3.0,810,0.75,0.6,0.44999999999999996,0.6666666666666665
774,Sys_IMFfdloss_ref_1,4.95,4.85,810,0.99,0.97,0.9602999999999999,0.9798979591836734
774,Sys_IMFfdloss_ref_2,4.85,2.15,810,0.97,0.43,0.41709999999999997,0.5958571428571429
774,User_IMFfdloss_1,5.0,4.0,810,1.0,0.8,0.8,0.888888888888889
774,User_IMFfdloss_2,5.0,2.0,810,1.0,0.4,0.4,0.5714285714285715
774,User_IMFfdloss_3,5.0,4.0,810,1.0,0.8,0.8,0.888888888888889
779,Sys_IMFfdloss_ref_1,2.15,1.85,810,0.43,0.37,0.1591,0.39774999999999994
779,Sys_IMFfdloss_ref_2,0.15,2.85,810,0.03,0.5700000000000001,0.0171,0.056999999999999995
779,User_IMFfdloss_1,1.88,2.0,810,0.376,0.4,0.1504,0.38762886597938145
779,User_IMFfdloss_2,1.0,2.0,810,0.2,0.4,0.08000000000000002,0.26666666666666666
779,User_IMFfdloss_3,3.75,1.0,810,0.75,0.2,0.15000000000000002,0.31578947368421056
781,Sys_IMFfdloss_ref_1,3.85,1.92,819,0.77,0.384,0.29568,0.5124436741767765
781,Sys_IMFfdloss_ref_2,4.12,2.35,819,0.8240000000000001,0.47000000000000003,0.38728000000000007,0.5985780525502319
781,User_IMFfdloss_1,4.0,2.0,819,0.8,0.4,0.32000000000000006,0.5333333333333333
781,User_IMFfdloss_2,5.0,2.0,819,1.0,0.4,0.4,0.5714285714285715
781,User_IMFfdloss_3,4.0,3.0,819,0.8,0.6,0.48,0.6857142857142857
782,Sys_IMFfdloss_ref_1,3.82,1.47,819,0.764,0.294,0.22461599999999998,0.4246049149338374
782,Sys_IMFfdloss_ref_2,3.12,1.5,819,0.624,0.3,0.1872,0.4051948051948052
782,User_IMFfdloss_1,4.17,2.0,819,0.834,0.4,0.3336,0.5406807131280389
782,User_IMFfdloss_2,5.0,1.0,819,1.0,0.2,0.2,0.33333333333333337
782,User_IMFfdloss_3,5.0,2.0,819,1.0,0.4,0.4,0.5714285714285715
783,Sys_IMFfdloss_ref_1,1.25,1.8,819,0.25,0.36,0.09,0.29508196721311475
783,Sys_IMFfdloss_ref_2,0.12,1.35,819,0.024,0.27,0.0064800000000000005,0.04408163265306122
783,User_IMFfdloss_1,0.0,1.0,819,0.0,0.2,0.0,0.0
783,User_IMFfdloss_2,0.0,1.0,819,0.0,0.2,0.0,0.0
783,User_IMFfdloss_3,0.0,1.0,819,0.0,0.2,0.0,0.0
785,Sys_IMFfdloss_ref_1,3.85,1.92,819,0.77,0.384,0.29568,0.5124436741767765
785,Sys_IMFfdloss_ref_2,4.85,2.9,819,0.97,0.58,0.5626,0.7259354838709678
785,Sys_IMFfdloss_ref_3,3.82,2.15,819,0.764,0.43,0.32852,0.550284757118928
785,User_IMFfdloss_1,4.0,2.0,819,0.8,0.4,0.32000000000000006,0.5333333333333333
785,User_IMFfdloss_2,4.0,2.0,819,0.8,0.4,0.32000000000000006,0.5333333333333333
785,User_IMFfdloss_3,4.0,2.0,819,0.8,0.4,0.32000000000000006,0.5333333333333333
788,Sys_IMFfdloss_ref_1,2.85,2.1,819,0.5700000000000001,0.42000000000000004,0.23940000000000006,0.4836363636363637
788,Sys_IMFfdloss_ref_2,2.85,3.0,819,0.5700000000000001,0.6,0.342,0.5846153846153846
788,User_IMFfdloss_1,5.0,2.0,819,1.0,0.4,0.4,0.5714285714285715
788,User_IMFfdloss_2,5.0,3.0,819,1.0,0.6,0.6,0.7499999999999999
788,User_IMFfdloss_3,5.0,3.0,819,1.0,0.6,0.6,0.7499999999999999
790,Sys_IMFfdloss_ref_1,0.85,3.65,836,0.16999999999999998,0.73,0.12409999999999999,0.2757777777777778
790,Sys_IMFfdloss_ref_2,0.0,3.85,836,0.0,0.77,0.0,0.0
790,User_IMFfdloss_1,0.56,4.0,836,0.11200000000000002,0.8,0.08960000000000001,0.19649122807017547
790,User_IMFfdloss_2,0.71,1.0,836,0.142,0.2,0.028399999999999998,0.16608187134502925
790,User_IMFfdloss_3,0.71,1.0,836,0.142,0.2,0.028399999999999998,0.16608187134502925
794,Sys_IMFfdloss_ref_1,1.85,2.4,836,0.37,0.48,0.17759999999999998,0.4178823529411764
794,Sys_IMFfdloss_ref_2,0.15,2.85,836,0.03,0.5700000000000001,0.0171,0.056999999999999995
794,User_IMFfdloss_1,0.56,3.0,836,0.11200000000000002,0.6,0.06720000000000001,0.18876404494382026
794,User_IMFfdloss_2,0.0,2.0,836,0.0,0.4,0.0,0.0
794,User_IMFfdloss_3,0.71,2.0,836,0.142,0.4,0.056799999999999996,0.20959409594095937
795,Sys_IMFfdloss_ref_1,0.85,1.2,836,0.16999999999999998,0.24,0.040799999999999996,0.19902439024390242
795,Sys_IMFfdloss_ref_2,0.85,1.2,836,0.16999999999999998,0.24,0.040799999999999996,0.19902439024390242
795,User_IMFfdloss_1,0.0,1.0,836,0.0,0.2,0.0,0.0
795,User_IMFfdloss_2,0.0,0.0,836,0.0,0.0,0.0,0.0
795,User_IMFfdloss_3,0.0,0.0,836,0.0,0.0,0.0,0.0
796,Sys_IMFfdloss_ref_1,0.0,4.15,836,0.0,0.8300000000000001,0.0,0.0
796,Sys_IMFfdloss_ref_2,0.0,3.85,836,0.0,0.77,0.0,0.0
796,User_IMFfdloss_1,0.0,4.0,836,0.0,0.8,0.0,0.0
796,User_IMFfdloss_2,0.0,2.0,836,0.0,0.4,0.0,0.0
796,User_IMFfdloss_3,0.0,2.0,836,0.0,0.4,0.0,0.0
799,Sys_IMFfdloss_ref_1,0.0,2.85,836,0.0,0.5700000000000001,0.0,0.0
799,Sys_IMFfdloss_ref_2,0.0,1.5,836,0.0,0.3,0.0,0.0
799,User_IMFfdloss_1,0.0,3.0,836,0.0,0.6,0.0,0.0
799,User_IMFfdloss_2,0.0,3.0,836,0.0,0.6,0.0,0.0
799,User_IMFfdloss_3,0.0,3.0,836,0.0,0.6,0.0,0.0
800,Sys_IMFfdloss_ref_1,4.85,3.72,903,0.97,0.744,0.72168,0.842100350058343
800,Sys_IMFfdloss_ref_2,2.85,2.1,903,0.5700000000000001,0.42000000000000004,0.23940000000000006,0.4836363636363637
800,Sys_IMFfdloss_ref_3,3.42,2.15,903,0.6839999999999999,0.43,0.29412,0.5280430879712747
800,User_IMFfdloss_1,3.57,2.0,903,0.714,0.4,0.2856,0.5127468581687613
800,User_IMFfdloss_2,0.0,2.0,903,0.0,0.4,0.0,0.0
800,User_IMFfdloss_3,5.0,2.0,903,1.0,0.4,0.4,0.5714285714285715
803,Sys_IMFfdloss_ref_1,1.85,1.2,903,0.37,0.24,0.08879999999999999,0.2911475409836065
803,Sys_IMFfdloss_ref_2,2.85,1.9,903,0.5700000000000001,0.38,0.21660000000000001,0.456
803,User_IMFfdloss_1,5.0,2.0,903,1.0,0.4,0.4,0.5714285714285715
803,User_IMFfdloss_2,2.86,4.0,903,0.572,0.8,0.4576,0.6670553935860059
803,User_IMFfdloss_3,0.0,4.0,903,0.0,0.8,0.0,0.0
805,Sys_IMFfdloss_ref_1,4.35,3.82,903,0.8699999999999999,0.764,0.6646799999999999,0.8135618115055079
805,Sys_IMFfdloss_ref_2,4.65,3.85,903,0.93,0.77,0.7161000000000001,0.8424705882352941
805,User_IMFfdloss_1,5.0,5.0,903,1.0,1.0,1.0,1.0
805,User_IMFfdloss_2,0.0,5.0,903,0.0,1.0,0.0,0.0
805,User_IMFfdloss_3,5.0,4.0,903,1.0,0.8,0.8,0.888888888888889
808,Sys_IMFfdloss_ref_1,4.85,3.75,903,0.97,0.75,0.7275,0.8459302325581396
808,Sys_IMFfdloss_ref_2,4.85,3.75,903,0.97,0.75,0.7275,0.8459302325581396
808,User_IMFfdloss_1,5.0,4.0,903,1.0,0.8,0.8,0.888888888888889
808,User_IMFfdloss_2,5.0,4.0,903,1.0,0.8,0.8,0.888888888888889
808,User_IMFfdloss_3,5.0,4.0,903,1.0,0.8,0.8,0.888888888888889
809,Sys_IMFfdloss_ref_1,3.85,2.15,903,0.77,0.43,0.3311,0.5518333333333334
809,Sys_IMFfdloss_ref_2,3.85,3.62,903,0.77,0.724,0.55748,0.7462918340026774
809,User_IMFfdloss_1,2.86,3.0,903,0.572,0.6,0.34319999999999995,0.5856655290102388
809,User_IMFfdloss_2,2.86,4.0,903,0.572,0.8,0.4576,0.6670553935860059
809,User_IMFfdloss_3,2.86,4.0,903,0.572,0.8,0.4576,0.6670553935860059
814,Sys_IMFfdloss_ref_1,2.85,1.5,917,0.5700000000000001,0.3,0.171,0.3931034482758621
814,Sys_IMFfdloss_ref_2,2.85,1.5,917,0.5700000000000001,0.3,0.171,0.3931034482758621
814,User_IMFfdloss_1,3.0,2.0,917,0.6,0.4,0.24,0.48
814,User_IMFfdloss_2,4.0,2.0,917,0.8,0.4,0.32000000000000006,0.5333333333333333
814,User_IMFfdloss_3,3.0,2.0,917,0.6,0.4,0.24,0.48
815,Sys_IMFfdloss_ref_1,3.85,2.15,917,0.77,0.43,0.3311,0.5518333333333334
815,Sys_IMFfdloss_ref_2,3.85,2.65,917,0.77,0.53,0.4081,0.6278461538461538
815,User_IMFfdloss_1,4.29,2.0,917,0.858,0.4,0.3432,0.5456279809220985
815,User_IMFfdloss_2,5.0,2.0,917,1.0,0.4,0.4,0.5714285714285715
815,User_IMFfdloss_3,4.17,3.0,917,0.834,0.6,0.5004,0.697907949790795
816,Sys_IMFfdloss_ref_1,2.85,1.92,917,0.5700000000000001,0.384,0.21888000000000002,0.4588679245283019
816,Sys_IMFfdloss_ref_2,3.85,1.92,917,0.77,0.384,0.29568,0.5124436741767765
816,User_IMFfdloss_1,2.86,2.0,917,0.572,0.4,0.2288,0.47078189300411527
816,User_IMFfdloss_2,0.0,2.0,917,0.0,0.4,0.0,0.0
816,User_IMFfdloss_3,2.86,2.0,917,0.572,0.4,0.2288,0.47078189300411527
818,Sys_IMFfdloss_ref_1,2.85,1.92,917,0.5700000000000001,0.384,0.21888000000000002,0.4588679245283019
818,Sys_IMFfdloss_ref_2,2.85,1.92,917,0.5700000000000001,0.384,0.21888000000000002,0.4588679245283019
818,Sys_IMFfdloss_ref_3,2.15,1.85,917,0.43,0.37,0.1591,0.39774999999999994
818,User_IMFfdloss_1,2.14,2.0,917,0.42800000000000005,0.4,0.17120000000000002,0.41352657004830917
818,User_IMFfdloss_2,2.14,1.0,917,0.42800000000000005,0.2,0.08560000000000001,0.27261146496815286
818,User_IMFfdloss_3,2.5,1.0,917,0.5,0.2,0.1,0.28571428571428575
819,Sys_IMFfdloss_ref_1,3.42,2.18,917,0.6839999999999999,0.43600000000000005,0.298224,0.5325428571428571
819,Sys_IMFfdloss_ref_2,2.85,1.5,917,0.5700000000000001,0.3,0.171,0.3931034482758621
819,User_IMFfdloss_1,4.29,3.0,917,0.858,0.6,0.5147999999999999,0.7061728395061727
819,User_IMFfdloss_2,3.57,3.0,917,0.714,0.6,0.42839999999999995,0.6520547945205478
819,User_IMFfdloss_3,3.57,2.0,917,0.714,0.4,0.2856,0.5127468581687613
821,Sys_IMFfdloss_ref_1,1.85,2.1,919,0.37,0.42000000000000004,0.1554,0.39341772151898735
821,Sys_IMFfdloss_ref_2,1.85,0.92,919,0.37,0.184,0.06808,0.24577617328519855
821,User_IMFfdloss_1,3.12,1.0,919,0.624,0.2,0.12480000000000001,0.3029126213592233
821,User_IMFfdloss_2,3.12,2.0,919,0.624,0.4,0.24960000000000002,0.48750000000000004
821,User_IMFfdloss_3,3.12,1.0,919,0.624,0.2,0.12480000000000001,0.3029126213592233
822,Sys_IMFfdloss_ref_1,3.15,2.8,919,0.63,0.5599999999999999,0.35279999999999995,0.5929411764705882
822,Sys_IMFfdloss_ref_2,1.25,0.85,919,0.25,0.16999999999999998,0.042499999999999996,0.20238095238095238
822,User_IMFfdloss_1,1.67,1.0,919,0.33399999999999996,0.2,0.0668,0.250187265917603
822,User_IMFfdloss_2,4.38,2.0,919,0.876,0.4,0.35040000000000004,0.5492163009404389
822,User_IMFfdloss_3,3.75,2.0,919,0.75,0.4,0.30000000000000004,0.5217391304347827
823,Sys_IMFfdloss_ref_1,1.85,1.2,919,0.37,0.24,0.08879999999999999,0.2911475409836065
823,Sys_IMFfdloss_ref_2,1.85,1.2,919,0.37,0.24,0.08879999999999999,0.2911475409836065
823,User_IMFfdloss_1,2.5,1.0,919,0.5,0.2,0.1,0.28571428571428575
823,User_IMFfdloss_2,2.5,1.0,919,0.5,0.2,0.1,0.28571428571428575
823,User_IMFfdloss_3,2.5,1.0,919,0.5,0.2,0.1,0.28571428571428575
826,Sys_IMFfdloss_ref_1,2.85,2.1,919,0.5700000000000001,0.42000000000000004,0.23940000000000006,0.4836363636363637
826,Sys_IMFfdloss_ref_2,2.85,1.2,919,0.5700000000000001,0.24,0.1368,0.3377777777777778
826,User_IMFfdloss_1,3.12,1.0,919,0.624,0.2,0.12480000000000001,0.3029126213592233
826,User_IMFfdloss_2,3.12,2.0,919,0.624,0.4,0.24960000000000002,0.48750000000000004
826,User_IMFfdloss_3,3.12,1.0,919,0.624,0.2,0.12480000000000001,0.3029126213592233
829,Sys_IMFfdloss_ref_1,2.15,1.85,919,0.43,0.37,0.1591,0.39774999999999994
829,Sys_IMFfdloss_ref_2,3.82,1.65,919,0.764,0.32999999999999996,0.25211999999999996,0.4609140767824497
829,User_IMFfdloss_1,2.14,2.0,919,0.42800000000000005,0.4,0.17120000000000002,0.41352657004830917
829,User_IMFfdloss_2,3.33,2.0,919,0.666,0.4,0.2664,0.499812382739212
829,User_IMFfdloss_3,3.33,2.0,919,0.666,0.4,0.2664,0.499812382739212
830,Sys_IMFfdloss_ref_1,4.15,4.82,920,0.8300000000000001,0.9640000000000001,0.8001200000000002,0.891995540691193
830,Sys_IMFfdloss_ref_2,3.85,2.4,920,0.77,0.48,0.3696,0.59136
830,User_IMFfdloss_1,5.0,2.0,920,1.0,0.4,0.4,0.5714285714285715
830,User_IMFfdloss_2,5.0,3.0,920,1.0,0.6,0.6,0.7499999999999999
830,User_IMFfdloss_3,5.0,3.0,920,1.0,0.6,0.6,0.7499999999999999
832,Sys_IMFfdloss_ref_1,4.85,3.2,920,0.97,0.64,0.6208,0.7711801242236026
832,Sys_IMFfdloss_ref_2,4.85,2.75,920,0.97,0.55,0.5335,0.7019736842105263
832,Sys_IMFfdloss_ref_3,4.65,3.85,920,0.93,0.77,0.7161000000000001,0.8424705882352941
832,User_IMFfdloss_1,5.0,1.0,920,1.0,0.2,0.2,0.33333333333333337
832,User_IMFfdloss_2,5.0,3.0,920,1.0,0.6,0.6,0.7499999999999999
832,User_IMFfdloss_3,5.0,3.0,920,1.0,0.6,0.6,0.7499999999999999
835,Sys_IMFfdloss_ref_1,4.15,3.85,920,0.8300000000000001,0.77,0.6391000000000001,0.7988750000000001
835,Sys_IMFfdloss_ref_2,4.65,3.85,920,0.93,0.77,0.7161000000000001,0.8424705882352941
835,User_IMFfdloss_1,4.38,4.0,920,0.876,0.8,0.7008000000000001,0.8362768496420048
835,User_IMFfdloss_2,4.38,4.0,920,0.876,0.8,0.7008000000000001,0.8362768496420048
835,User_IMFfdloss_3,4.38,4.0,920,0.876,0.8,0.7008000000000001,0.8362768496420048
836,Sys_IMFfdloss_ref_1,1.85,1.92,920,0.37,0.384,0.14208,0.37687002652519896
836,Sys_IMFfdloss_ref_2,1.85,1.2,920,0.37,0.24,0.08879999999999999,0.2911475409836065
836,User_IMFfdloss_1,2.5,1.0,920,0.5,0.2,0.1,0.28571428571428575
836,User_IMFfdloss_2,1.67,1.0,920,0.33399999999999996,0.2,0.0668,0.250187265917603
836,User_IMFfdloss_3,1.67,1.0,920,0.33399999999999996,0.2,0.0668,0.250187265917603
837,Sys_IMFfdloss_ref_1,3.42,2.85,920,0.6839999999999999,0.5700000000000001,0.38988,0.6218181818181818
837,Sys_IMFfdloss_ref_2,3.42,2.85,920,0.6839999999999999,0.5700000000000001,0.38988,0.6218181818181818
837,User_IMFfdloss_1,3.89,2.0,920,0.778,0.4,0.31120000000000003,0.5283531409168082
837,User_IMFfdloss_2,3.89,2.0,920,0.778,0.4,0.31120000000000003,0.5283531409168082
837,User_IMFfdloss_3,3.89,2.0,920,0.778,0.4,0.31120000000000003,0.5283531409168082
841,Sys_IMFfdloss_ref_1,3.45,2.15,922,0.6900000000000001,0.43,0.2967,0.5298214285714286
841,Sys_IMFfdloss_ref_2,1.85,1.2,922,0.37,0.24,0.08879999999999999,0.2911475409836065
841,User_IMFfdloss_1,4.29,3.0,922,0.858,0.6,0.5147999999999999,0.7061728395061727
841,User_IMFfdloss_2,4.29,3.0,922,0.858,0.6,0.5147999999999999,0.7061728395061727
841,User_IMFfdloss_3,1.67,2.0,922,0.33399999999999996,0.4,0.1336,0.3640326975476839
843,Sys_IMFfdloss_ref_1,1.85,0.92,922,0.37,0.184,0.06808,0.24577617328519855
843,Sys_IMFfdloss_ref_2,2.85,1.2,922,0.5700000000000001,0.24,0.1368,0.3377777777777778
843,User_IMFfdloss_1,3.33,1.0,922,0.666,0.2,0.1332,0.30762124711316396
843,User_IMFfdloss_2,3.33,1.0,922,0.666,0.2,0.1332,0.30762124711316396
843,User_IMFfdloss_3,0.0,1.0,922,0.0,0.2,0.0,0.0
844,Sys_IMFfdloss_ref_1,3.82,1.47,922,0.764,0.294,0.22461599999999998,0.4246049149338374
844,Sys_IMFfdloss_ref_2,2.85,1.65,922,0.5700000000000001,0.32999999999999996,0.1881,0.418
844,User_IMFfdloss_1,4.29,1.0,922,0.858,0.2,0.1716,0.3243856332703213
844,User_IMFfdloss_2,4.29,1.0,922,0.858,0.2,0.1716,0.3243856332703213
844,User_IMFfdloss_3,3.89,1.0,922,0.778,0.2,0.15560000000000002,0.31820040899795504
845,Sys_IMFfdloss_ref_1,1.85,0.92,922,0.37,0.184,0.06808,0.24577617328519855
845,Sys_IMFfdloss_ref_2,1.85,1.2,922,0.37,0.24,0.08879999999999999,0.2911475409836065
845,User_IMFfdloss_1,2.22,1.0,922,0.44400000000000006,0.2,0.08880000000000002,0.27577639751552796
845,User_IMFfdloss_2,0.71,1.0,922,0.142,0.2,0.028399999999999998,0.16608187134502925
845,User_IMFfdloss_3,2.22,1.0,922,0.44400000000000006,0.2,0.08880000000000002,0.27577639751552796
846,Sys_IMFfdloss_ref_1,0.85,0.92,922,0.16999999999999998,0.184,0.031279999999999995,0.1767231638418079
846,Sys_IMFfdloss_ref_2,0.15,0.85,922,0.03,0.16999999999999998,0.0050999999999999995,0.051
846,User_IMFfdloss_1,0.0,1.0,922,0.0,0.2,0.0,0.0
846,User_IMFfdloss_2,1.67,1.0,922,0.33399999999999996,0.2,0.0668,0.250187265917603
846,User_IMFfdloss_3,1.67,1.0,922,0.33399999999999996,0.2,0.0668,0.250187265917603
850,Sys_IMFfdloss_ref_1,1.85,2.1,928,0.37,0.42000000000000004,0.1554,0.39341772151898735
850,Sys_IMFfdloss_ref_2,3.42,1.85,928,0.6839999999999999,0.37,0.25307999999999997,0.4802277039848198
850,User_IMFfdloss_1,1.25,2.0,928,0.25,0.4,0.1,0.3076923076923077
850,User_IMFfdloss_2,3.33,2.0,928,0.666,0.4,0.2664,0.499812382739212
850,User_IMFfdloss_3,1.25,2.0,928,0.25,0.4,0.1,0.3076923076923077
851,Sys_IMFfdloss_ref_1,0.85,1.42,928,0.16999999999999998,0.284,0.04827999999999999,0.2126872246696035
851,Sys_IMFfdloss_ref_2,0.82,1.45,928,0.16399999999999998,0.29,0.04755999999999999,0.20951541850220262
851,User_IMFfdloss_1,0.62,1.0,928,0.124,0.2,0.024800000000000003,0.15308641975308643
851,User_IMFfdloss_2,3.89,1.0,928,0.778,0.2,0.15560000000000002,0.31820040899795504
851,User_IMFfdloss_3,0.62,2.0,928,0.124,0.4,0.049600000000000005,0.18931297709923664
853,Sys_IMFfdloss_ref_1,4.65,3.85,928,0.93,0.77,0.7161000000000001,0.8424705882352941
853,Sys_IMFfdloss_ref_2,3.45,2.85,928,0.6900000000000001,0.5700000000000001,0.3933000000000001,0.6242857142857143
853,User_IMFfdloss_1,0.0,2.0,928,0.0,0.4,0.0,0.0
853,User_IMFfdloss_2,3.89,3.0,928,0.778,0.6,0.4668,0.6775036284470246
853,User_IMFfdloss_3,5.0,3.0,928,1.0,0.6,0.6,0.7499999999999999
856,Sys_IMFfdloss_ref_1,4.65,3.85,928,0.93,0.77,0.7161000000000001,0.8424705882352941
856,Sys_IMFfdloss_ref_2,4.15,3.2,928,0.8300000000000001,0.64,0.5312,0.7227210884353741
856,User_IMFfdloss_1,4.44,3.0,928,0.8880000000000001,0.6,0.5328,0.7161290322580646
856,User_IMFfdloss_2,4.44,4.0,928,0.8880000000000001,0.8,0.7104000000000001,0.8417061611374408
856,User_IMFfdloss_3,4.44,4.0,928,0.8880000000000001,0.8,0.7104000000000001,0.8417061611374408
858,Sys_IMFfdloss_ref_1,2.85,3.42,928,0.5700000000000001,0.6839999999999999,0.38988,0.6218181818181818
858,Sys_IMFfdloss_ref_2,3.42,2.85,928,0.6839999999999999,0.5700000000000001,0.38988,0.6218181818181818
858,User_IMFfdloss_1,3.75,2.0,928,0.75,0.4,0.30000000000000004,0.5217391304347827
858,User_IMFfdloss_2,4.44,2.0,928,0.8880000000000001,0.4,0.35520000000000007,0.5515527950310559
858,User_IMFfdloss_3,4.38,2.0,928,0.876,0.4,0.35040000000000004,0.5492163009404389
862,Sys_IMFfdloss_ref_1,4.85,3.65,931,0.97,0.73,0.7081,0.8330588235294117
862,Sys_IMFfdloss_ref_2,4.85,3.62,931,0.97,0.724,0.7022799999999999,0.8291381345926799
862,User_IMFfdloss_1,5.0,3.0,931,1.0,0.6,0.6,0.7499999999999999
862,User_IMFfdloss_2,5.0,4.0,931,1.0,0.8,0.8,0.888888888888889
862,User_IMFfdloss_3,5.0,4.0,931,1.0,0.8,0.8,0.888888888888889
863,Sys_IMFfdloss_ref_1,4.75,3.85,931,0.95,0.77,0.7314999999999999,0.8505813953488371
863,Sys_IMFfdloss_ref_2,4.15,2.85,931,0.8300000000000001,0.5700000000000001,0.4731000000000001,0.6758571428571429
863,User_IMFfdloss_1,5.0,4.0,931,1.0,0.8,0.8,0.888888888888889
863,User_IMFfdloss_2,5.0,4.0,931,1.0,0.8,0.8,0.888888888888889
863,User_IMFfdloss_3,3.75,4.0,931,0.75,0.8,0.6000000000000001,0.7741935483870969
866,Sys_IMFfdloss_ref_1,4.65,3.85,931,0.93,0.77,0.7161000000000001,0.8424705882352941
866,Sys_IMFfdloss_ref_2,4.65,3.82,931,0.93,0.764,0.71052,0.8388665879574971
866,User_IMFfdloss_1,5.0,4.0,931,1.0,0.8,0.8,0.888888888888889
866,User_IMFfdloss_2,5.0,4.0,931,1.0,0.8,0.8,0.888888888888889
866,User_IMFfdloss_3,5.0,4.0,931,1.0,0.8,0.8,0.888888888888889
867,Sys_IMFfdloss_ref_1,4.85,3.65,931,0.97,0.73,0.7081,0.8330588235294117
867,Sys_IMFfdloss_ref_2,4.85,3.42,931,0.97,0.6839999999999999,0.66348,0.802273276904474
867,User_IMFfdloss_1,4.44,4.0,931,0.8880000000000001,0.8,0.7104000000000001,0.8417061611374408
867,User_IMFfdloss_2,4.44,4.0,931,0.8880000000000001,0.8,0.7104000000000001,0.8417061611374408
867,User_IMFfdloss_3,5.0,4.0,931,1.0,0.8,0.8,0.888888888888889
869,Sys_IMFfdloss_ref_1,4.85,4.2,931,0.97,0.8400000000000001,0.8148000000000001,0.9003314917127072
869,Sys_IMFfdloss_ref_2,4.85,4.2,931,0.97,0.8400000000000001,0.8148000000000001,0.9003314917127072
869,User_IMFfdloss_1,5.0,4.0,931,1.0,0.8,0.8,0.888888888888889
869,User_IMFfdloss_2,5.0,4.0,931,1.0,0.8,0.8,0.888888888888889
869,User_IMFfdloss_3,5.0,4.0,931,1.0,0.8,0.8,0.888888888888889
870,Sys_IMFfdloss_ref_1,4.15,3.85,943,0.8300000000000001,0.77,0.6391000000000001,0.7988750000000001
870,Sys_IMFfdloss_ref_2,4.65,3.85,943,0.93,0.77,0.7161000000000001,0.8424705882352941
870,User_IMFfdloss_1,4.0,4.0,943,0.8,0.8,0.6400000000000001,0.8000000000000002
870,User_IMFfdloss_2,4.0,4.0,943,0.8,0.8,0.6400000000000001,0.8000000000000002
870,User_IMFfdloss_3,4.0,4.0,943,0.8,0.8,0.6400000000000001,0.8000000000000002
871,Sys_IMFfdloss_ref_1,4.92,4.85,943,0.984,0.97,0.95448,0.976949846468782
871,Sys_IMFfdloss_ref_2,4.85,4.72,943,0.97,0.944,0.9156799999999999,0.9568234064785789
871,Sys_IMFfdloss_ref_3,4.85,4.62,943,0.97,0.924,0.89628,0.9464413938753959
871,User_IMFfdloss_1,5.0,5.0,943,1.0,1.0,1.0,1.0
871,User_IMFfdloss_2,5.0,5.0,943,1.0,1.0,1.0,1.0
871,User_IMFfdloss_3,5.0,5.0,943,1.0,1.0,1.0,1.0
873,Sys_IMFfdloss_ref_1,3.85,2.65,943,0.77,0.53,0.4081,0.6278461538461538
873,Sys_IMFfdloss_ref_2,3.42,3.85,943,0.6839999999999999,0.77,0.5266799999999999,0.7244566712517193
873,User_IMFfdloss_1,5.0,3.0,943,1.0,0.6,0.6,0.7499999999999999
873,User_IMFfdloss_2,5.0,4.0,943,1.0,0.8,0.8,0.888888888888889
873,User_IMFfdloss_3,5.0,4.0,943,1.0,0.8,0.8,0.888888888888889
875,Sys_IMFfdloss_ref_1,0.05,1.85,943,0.01,0.37,0.0037,0.019473684210526317
875,Sys_IMFfdloss_ref_2,0.05,3.82,943,0.01,0.764,0.00764,0.01974160206718346
875,User_IMFfdloss_1,0.0,3.0,943,0.0,0.6,0.0,0.0
875,User_IMFfdloss_2,0.0,3.0,943,0.0,0.6,0.0,0.0
875,User_IMFfdloss_3,0.0,4.0,943,0.0,0.8,0.0,0.0
879,Sys_IMFfdloss_ref_1,4.85,3.65,943,0.97,0.73,0.7081,0.8330588235294117
879,Sys_IMFfdloss_ref_2,4.92,4.95,943,0.984,0.99,0.97416,0.9869908814589666
879,User_IMFfdloss_1,5.0,4.0,943,1.0,0.8,0.8,0.888888888888889
879,User_IMFfdloss_2,5.0,5.0,943,1.0,1.0,1.0,1.0
879,User_IMFfdloss_3,5.0,4.0,943,1.0,0.8,0.8,0.888888888888889
880,Sys_IMFfdloss_ref_1,4.85,4.2,952,0.97,0.8400000000000001,0.8148000000000001,0.9003314917127072
880,Sys_IMFfdloss_ref_2,4.12,2.85,952,0.8240000000000001,0.5700000000000001,0.4696800000000001,0.6738593974175037
880,User_IMFfdloss_1,5.0,4.0,952,1.0,0.8,0.8,0.888888888888889
880,User_IMFfdloss_2,4.44,4.0,952,0.8880000000000001,0.8,0.7104000000000001,0.8417061611374408
880,User_IMFfdloss_3,5.0,5.0,952,1.0,1.0,1.0,1.0
884,Sys_IMFfdloss_ref_1,4.85,4.92,952,0.97,0.984,0.95448,0.976949846468782
884,Sys_IMFfdloss_ref_2,4.85,4.92,952,0.97,0.984,0.95448,0.976949846468782
884,User_IMFfdloss_1,3.0,5.0,952,0.6,1.0,0.6,0.7499999999999999
884,User_IMFfdloss_2,4.0,4.0,952,0.8,0.8,0.6400000000000001,0.8000000000000002
884,User_IMFfdloss_3,3.0,5.0,952,0.6,1.0,0.6,0.7499999999999999
885,Sys_IMFfdloss_ref_1,4.85,4.7,952,0.97,0.9400000000000001,0.9118,0.9547643979057592
885,Sys_IMFfdloss_ref_2,4.95,4.85,952,0.99,0.97,0.9602999999999999,0.9798979591836734
885,User_IMFfdloss_1,5.0,5.0,952,1.0,1.0,1.0,1.0
885,User_IMFfdloss_2,5.0,5.0,952,1.0,1.0,1.0,1.0
885,User_IMFfdloss_3,5.0,5.0,952,1.0,1.0,1.0,1.0
886,Sys_IMFfdloss_ref_1,3.85,1.9,952,0.77,0.38,0.2926,0.5088695652173914
886,Sys_IMFfdloss_ref_2,3.85,1.2,952,0.77,0.24,0.1848,0.36594059405940593
886,User_IMFfdloss_1,5.0,1.0,952,1.0,0.2,0.2,0.33333333333333337
886,User_IMFfdloss_2,5.0,2.0,952,1.0,0.4,0.4,0.5714285714285715
886,User_IMFfdloss_3,5.0,2.0,952,1.0,0.4,0.4,0.5714285714285715
889,Sys_IMFfdloss_ref_1,3.65,2.85,952,0.73,0.5700000000000001,0.4161,0.6401538461538462
889,Sys_IMFfdloss_ref_2,3.85,3.6,952,0.77,0.72,0.5544,0.7441610738255033
889,User_IMFfdloss_1,4.0,4.0,952,0.8,0.8,0.6400000000000001,0.8000000000000002
889,User_IMFfdloss_2,5.0,4.0,952,1.0,0.8,0.8,0.888888888888889
889,User_IMFfdloss_3,4.0,4.0,952,0.8,0.8,0.6400000000000001,0.8000000000000002
894,Sys_IMFfdloss_ref_1,4.85,3.65,960,0.97,0.73,0.7081,0.8330588235294117
894,Sys_IMFfdloss_ref_2,4.85,3.65,960,0.97,0.73,0.7081,0.8330588235294117
894,User_IMFfdloss_1,5.0,4.0,960,1.0,0.8,0.8,0.888888888888889
894,User_IMFfdloss_2,5.0,4.0,960,1.0,0.8,0.8,0.888888888888889
894,User_IMFfdloss_3,5.0,4.0,960,1.0,0.8,0.8,0.888888888888889
895,Sys_IMFfdloss_ref_1,4.85,3.65,960,0.97,0.73,0.7081,0.8330588235294117
895,Sys_IMFfdloss_ref_2,4.65,2.85,960,0.93,0.5700000000000001,0.5301000000000001,0.7068000000000002
895,User_IMFfdloss_1,5.0,3.0,960,1.0,0.6,0.6,0.7499999999999999
895,User_IMFfdloss_2,5.0,4.0,960,1.0,0.8,0.8,0.888888888888889
895,User_IMFfdloss_3,5.0,3.0,960,1.0,0.6,0.6,0.7499999999999999
896,Sys_IMFfdloss_ref_1,4.85,3.72,960,0.97,0.744,0.72168,0.842100350058343
896,Sys_IMFfdloss_ref_2,4.85,4.72,960,0.97,0.944,0.9156799999999999,0.9568234064785789
896,User_IMFfdloss_1,5.0,4.0,960,1.0,0.8,0.8,0.888888888888889
896,User_IMFfdloss_2,5.0,4.0,960,1.0,0.8,0.8,0.888888888888889
896,User_IMFfdloss_3,5.0,3.0,960,1.0,0.6,0.6,0.7499999999999999
898,Sys_IMFfdloss_ref_1,2.85,3.42,960,0.5700000000000001,0.6839999999999999,0.38988,0.6218181818181818
898,Sys_IMFfdloss_ref_2,2.85,3.42,960,0.5700000000000001,0.6839999999999999,0.38988,0.6218181818181818
898,User_IMFfdloss_1,5.0,3.0,960,1.0,0.6,0.6,0.7499999999999999
898,User_IMFfdloss_2,5.0,3.0,960,1.0,0.6,0.6,0.7499999999999999
898,User_IMFfdloss_3,5.0,3.0,960,1.0,0.6,0.6,0.7499999999999999
899,Sys_IMFfdloss_ref_1,4.85,3.75,960,0.97,0.75,0.7275,0.8459302325581396
899,Sys_IMFfdloss_ref_2,4.85,2.75,960,0.97,0.55,0.5335,0.7019736842105263
899,User_IMFfdloss_1,5.0,4.0,960,1.0,0.8,0.8,0.888888888888889
899,User_IMFfdloss_2,5.0,4.0,960,1.0,0.8,0.8,0.888888888888889
899,User_IMFfdloss_3,5.0,4.0,960,1.0,0.8,0.8,0.888888888888889
900,Sys_IMFfdloss_ref_1,4.85,4.2,962,0.97,0.8400000000000001,0.8148000000000001,0.9003314917127072
900,Sys_IMFfdloss_ref_2,4.85,3.62,962,0.97,0.724,0.7022799999999999,0.8291381345926799
900,User_IMFfdloss_1,5.0,4.0,962,1.0,0.8,0.8,0.888888888888889
900,User_IMFfdloss_2,5.0,4.0,962,1.0,0.8,0.8,0.888888888888889
900,User_IMFfdloss_3,5.0,4.0,962,1.0,0.8,0.8,0.888888888888889
901,Sys_IMFfdloss_ref_1,4.92,4.78,962,0.984,0.9560000000000001,0.9407040000000001,0.96979793814433
901,Sys_IMFfdloss_ref_2,4.92,3.85,962,0.984,0.77,0.75768,0.863945267958951
901,User_IMFfdloss_1,5.0,4.0,962,1.0,0.8,0.8,0.888888888888889
901,User_IMFfdloss_2,5.0,4.0,962,1.0,0.8,0.8,0.888888888888889
901,User_IMFfdloss_3,5.0,4.0,962,1.0,0.8,0.8,0.888888888888889
902,Sys_IMFfdloss_ref_1,4.65,3.85,962,0.93,0.77,0.7161000000000001,0.8424705882352941
902,Sys_IMFfdloss_ref_2,4.85,3.72,962,0.97,0.744,0.72168,0.842100350058343
902,User_IMFfdloss_1,3.89,4.0,962,0.778,0.8,0.6224000000000001,0.7888466413181242
902,User_IMFfdloss_2,4.38,4.0,962,0.876,0.8,0.7008000000000001,0.8362768496420048
902,User_IMFfdloss_3,3.89,4.0,962,0.778,0.8,0.6224000000000001,0.7888466413181242
905,Sys_IMFfdloss_ref_1,4.65,3.82,962,0.93,0.764,0.71052,0.8388665879574971
905,Sys_IMFfdloss_ref_2,4.65,3.82,962,0.93,0.764,0.71052,0.8388665879574971
905,User_IMFfdloss_1,5.0,4.0,962,1.0,0.8,0.8,0.888888888888889
905,User_IMFfdloss_2,5.0,4.0,962,1.0,0.8,0.8,0.888888888888889
905,User_IMFfdloss_3,5.0,4.0,962,1.0,0.8,0.8,0.888888888888889
907,Sys_IMFfdloss_ref_1,1.85,3.42,962,0.37,0.6839999999999999,0.25307999999999997,0.4802277039848198
907,Sys_IMFfdloss_ref_2,1.85,3.65,962,0.37,0.73,0.2701,0.4910909090909091
907,User_IMFfdloss_1,1.88,4.0,962,0.376,0.8,0.3008,0.5115646258503401
907,User_IMFfdloss_2,1.88,2.0,962,0.376,0.4,0.1504,0.38762886597938145
907,User_IMFfdloss_3,1.88,3.0,962,0.376,0.6,0.2256,0.46229508196721314
910,Sys_IMFfdloss_ref_1,4.65,3.85,968,0.93,0.77,0.7161000000000001,0.8424705882352941
910,Sys_IMFfdloss_ref_2,3.85,2.15,968,0.77,0.43,0.3311,0.5518333333333334
910,User_IMFfdloss_1,5.0,4.0,968,1.0,0.8,0.8,0.888888888888889
910,User_IMFfdloss_2,5.0,5.0,968,1.0,1.0,1.0,1.0
910,User_IMFfdloss_3,3.75,5.0,968,0.75,1.0,0.75,0.8571428571428571
914,Sys_IMFfdloss_ref_1,4.85,3.72,968,0.97,0.744,0.72168,0.842100350058343
914,Sys_IMFfdloss_ref_2,4.65,3.85,968,0.93,0.77,0.7161000000000001,0.8424705882352941
914,User_IMFfdloss_1,5.0,3.0,968,1.0,0.6,0.6,0.7499999999999999
914,User_IMFfdloss_2,5.0,4.0,968,1.0,0.8,0.8,0.888888888888889
914,User_IMFfdloss_3,5.0,3.0,968,1.0,0.6,0.6,0.7499999999999999
917,Sys_IMFfdloss_ref_1,1.85,1.2,968,0.37,0.24,0.08879999999999999,0.2911475409836065
917,Sys_IMFfdloss_ref_2,2.85,2.1,968,0.5700000000000001,0.42000000000000004,0.23940000000000006,0.4836363636363637
917,User_IMFfdloss_1,4.0,2.0,968,0.8,0.4,0.32000000000000006,0.5333333333333333
917,User_IMFfdloss_2,3.75,2.0,968,0.75,0.4,0.30000000000000004,0.5217391304347827
917,User_IMFfdloss_3,3.75,2.0,968,0.75,0.4,0.30000000000000004,0.5217391304347827
918,Sys_IMFfdloss_ref_1,5.0,5.0,968,1.0,1.0,1.0,1.0
918,Sys_IMFfdloss_ref_2,4.85,3.65,968,0.97,0.73,0.7081,0.8330588235294117
918,User_IMFfdloss_1,5.0,5.0,968,1.0,1.0,1.0,1.0
918,User_IMFfdloss_2,5.0,4.0,968,1.0,0.8,0.8,0.888888888888889
918,User_IMFfdloss_3,5.0,5.0,968,1.0,1.0,1.0,1.0
919,Sys_IMFfdloss_ref_1,3.85,2.15,968,0.77,0.43,0.3311,0.5518333333333334
919,Sys_IMFfdloss_ref_2,3.82,2.15,968,0.764,0.43,0.32852,0.550284757118928
919,User_IMFfdloss_1,4.17,2.0,968,0.834,0.4,0.3336,0.5406807131280389
919,User_IMFfdloss_2,4.17,3.0,968,0.834,0.6,0.5004,0.697907949790795
919,User_IMFfdloss_3,4.17,3.0,968,0.834,0.6,0.5004,0.697907949790795
923,Sys_IMFfdloss_ref_1,5.0,5.0,971,1.0,1.0,1.0,1.0
923,Sys_IMFfdloss_ref_2,4.92,4.85,971,0.984,0.97,0.95448,0.976949846468782
923,User_IMFfdloss_1,5.0,5.0,971,1.0,1.0,1.0,1.0
923,User_IMFfdloss_2,5.0,5.0,971,1.0,1.0,1.0,1.0
923,User_IMFfdloss_3,5.0,4.0,971,1.0,0.8,0.8,0.888888888888889
924,Sys_IMFfdloss_ref_1,4.15,2.3,971,0.8300000000000001,0.45999999999999996,0.38180000000000003,0.591937984496124
924,Sys_IMFfdloss_ref_2,4.65,2.85,971,0.93,0.5700000000000001,0.5301000000000001,0.7068000000000002
924,User_IMFfdloss_1,5.0,3.0,971,1.0,0.6,0.6,0.7499999999999999
924,User_IMFfdloss_2,5.0,3.0,971,1.0,0.6,0.6,0.7499999999999999
924,User_IMFfdloss_3,5.0,3.0,971,1.0,0.6,0.6,0.7499999999999999
925,Sys_IMFfdloss_ref_1,4.92,4.85,971,0.984,0.97,0.95448,0.976949846468782
925,Sys_IMFfdloss_ref_2,4.92,4.85,971,0.984,0.97,0.95448,0.976949846468782
925,User_IMFfdloss_1,5.0,5.0,971,1.0,1.0,1.0,1.0
925,User_IMFfdloss_2,5.0,5.0,971,1.0,1.0,1.0,1.0
925,User_IMFfdloss_3,5.0,5.0,971,1.0,1.0,1.0,1.0
926,Sys_IMFfdloss_ref_1,4.65,2.85,971,0.93,0.5700000000000001,0.5301000000000001,0.7068000000000002
926,Sys_IMFfdloss_ref_2,4.65,2.85,971,0.93,0.5700000000000001,0.5301000000000001,0.7068000000000002
926,User_IMFfdloss_1,5.0,4.0,971,1.0,0.8,0.8,0.888888888888889
926,User_IMFfdloss_2,5.0,3.0,971,1.0,0.6,0.6,0.7499999999999999
926,User_IMFfdloss_3,5.0,3.0,971,1.0,0.6,0.6,0.7499999999999999
928,Sys_IMFfdloss_ref_1,4.65,2.85,971,0.93,0.5700000000000001,0.5301000000000001,0.7068000000000002
928,Sys_IMFfdloss_ref_2,4.65,2.85,971,0.93,0.5700000000000001,0.5301000000000001,0.7068000000000002
928,User_IMFfdloss_1,5.0,3.0,971,1.0,0.6,0.6,0.7499999999999999
928,User_IMFfdloss_2,5.0,3.0,971,1.0,0.6,0.6,0.7499999999999999
928,User_IMFfdloss_3,5.0,3.0,971,1.0,0.6,0.6,0.7499999999999999
931,Sys_IMFfdloss_ref_1,4.12,2.85,972,0.8240000000000001,0.5700000000000001,0.4696800000000001,0.6738593974175037
931,Sys_IMFfdloss_ref_2,4.15,2.35,972,0.8300000000000001,0.47000000000000003,0.39010000000000006,0.6001538461538463
931,User_IMFfdloss_1,4.44,4.0,972,0.8880000000000001,0.8,0.7104000000000001,0.8417061611374408
931,User_IMFfdloss_2,4.44,2.0,972,0.8880000000000001,0.4,0.35520000000000007,0.5515527950310559
931,User_IMFfdloss_3,4.44,4.0,972,0.8880000000000001,0.8,0.7104000000000001,0.8417061611374408
934,Sys_IMFfdloss_ref_1,4.65,2.35,972,0.93,0.47000000000000003,0.43710000000000004,0.6244285714285714
934,Sys_IMFfdloss_ref_2,4.85,4.6,972,0.97,0.9199999999999999,0.8923999999999999,0.9443386243386243
934,User_IMFfdloss_1,5.0,5.0,972,1.0,1.0,1.0,1.0
934,User_IMFfdloss_2,5.0,5.0,972,1.0,1.0,1.0,1.0
934,User_IMFfdloss_3,5.0,5.0,972,1.0,1.0,1.0,1.0
936,Sys_IMFfdloss_ref_1,3.85,1.2,972,0.77,0.24,0.1848,0.36594059405940593
936,Sys_IMFfdloss_ref_2,3.85,1.2,972,0.77,0.24,0.1848,0.36594059405940593
936,User_IMFfdloss_1,4.38,1.0,972,0.876,0.2,0.17520000000000002,0.32565055762081785
936,User_IMFfdloss_2,4.38,1.0,972,0.876,0.2,0.17520000000000002,0.32565055762081785
936,User_IMFfdloss_3,4.38,1.0,972,0.876,0.2,0.17520000000000002,0.32565055762081785
938,Sys_IMFfdloss_ref_1,3.85,2.92,972,0.77,0.584,0.44967999999999997,0.6642245199409157
938,Sys_IMFfdloss_ref_2,2.85,1.92,972,0.5700000000000001,0.384,0.21888000000000002,0.4588679245283019
938,User_IMFfdloss_1,4.38,2.0,972,0.876,0.4,0.35040000000000004,0.5492163009404389
938,User_IMFfdloss_2,5.0,2.0,972,1.0,0.4,0.4,0.5714285714285715
938,User_IMFfdloss_3,5.0,2.0,972,1.0,0.4,0.4,0.5714285714285715
939,Sys_IMFfdloss_ref_1,5.0,4.85,972,1.0,0.97,0.97,0.9847715736040609
939,Sys_IMFfdloss_ref_2,4.85,4.2,972,0.97,0.8400000000000001,0.8148000000000001,0.9003314917127072
939,User_IMFfdloss_1,5.0,4.0,972,1.0,0.8,0.8,0.888888888888889
939,User_IMFfdloss_2,4.38,5.0,972,0.876,1.0,0.876,0.933901918976546
939,User_IMFfdloss_3,5.0,4.0,972,1.0,0.8,0.8,0.888888888888889
940,Sys_IMFfdloss_ref_1,2.15,1.5,981,0.43,0.3,0.129,0.35342465753424657
940,Sys_IMFfdloss_ref_2,2.15,1.5,981,0.43,0.3,0.129,0.35342465753424657
940,User_IMFfdloss_1,0.0,2.0,981,0.0,0.4,0.0,0.0
940,User_IMFfdloss_2,0.0,2.0,981,0.0,0.4,0.0,0.0
940,User_IMFfdloss_3,3.33,2.0,981,0.666,0.4,0.2664,0.499812382739212
944,Sys_IMFfdloss_ref_1,4.12,1.5,981,0.8240000000000001,0.3,0.2472,0.43985765124555154
944,Sys_IMFfdloss_ref_2,3.82,1.5,981,0.764,0.3,0.2292,0.4308270676691729
944,User_IMFfdloss_1,4.29,3.0,981,0.858,0.6,0.5147999999999999,0.7061728395061727
944,User_IMFfdloss_2,4.29,2.0,981,0.858,0.4,0.3432,0.5456279809220985
944,User_IMFfdloss_3,4.29,2.0,981,0.858,0.4,0.3432,0.5456279809220985
946,Sys_IMFfdloss_ref_1,3.85,1.5,981,0.77,0.3,0.23099999999999998,0.4317757009345794
946,Sys_IMFfdloss_ref_2,3.65,1.5,981,0.73,0.3,0.219,0.42524271844660194
946,User_IMFfdloss_1,4.38,2.0,981,0.876,0.4,0.35040000000000004,0.5492163009404389
946,User_IMFfdloss_2,4.38,2.0,981,0.876,0.4,0.35040000000000004,0.5492163009404389
946,User_IMFfdloss_3,3.75,2.0,981,0.75,0.4,0.30000000000000004,0.5217391304347827
948,Sys_IMFfdloss_ref_1,3.85,2.75,981,0.77,0.55,0.42350000000000004,0.6416666666666667
948,Sys_IMFfdloss_ref_2,3.85,3.62,981,0.77,0.724,0.55748,0.7462918340026774
948,User_IMFfdloss_1,3.75,3.0,981,0.75,0.6,0.44999999999999996,0.6666666666666665
948,User_IMFfdloss_2,4.0,2.0,981,0.8,0.4,0.32000000000000006,0.5333333333333333
948,User_IMFfdloss_3,3.0,3.0,981,0.6,0.6,0.36,0.6
949,Sys_IMFfdloss_ref_1,3.45,2.0,981,0.6900000000000001,0.4,0.276,0.5064220183486239
949,Sys_IMFfdloss_ref_2,3.65,2.0,981,0.73,0.4,0.292,0.5168141592920354
949,User_IMFfdloss_1,3.33,3.0,981,0.666,0.6,0.3996,0.6312796208530805
949,User_IMFfdloss_2,3.89,2.0,981,0.778,0.4,0.31120000000000003,0.5283531409168082
949,User_IMFfdloss_3,3.33,2.0,981,0.666,0.4,0.2664,0.499812382739212
950,Sys_IMFfdloss_ref_1,4.85,3.65,982,0.97,0.73,0.7081,0.8330588235294117
950,Sys_IMFfdloss_ref_2,4.35,3.82,982,0.8699999999999999,0.764,0.6646799999999999,0.8135618115055079
950,User_IMFfdloss_1,5.0,4.0,982,1.0,0.8,0.8,0.888888888888889
950,User_IMFfdloss_2,5.0,4.0,982,1.0,0.8,0.8,0.888888888888889
950,User_IMFfdloss_3,5.0,4.0,982,1.0,0.8,0.8,0.888888888888889
953,Sys_IMFfdloss_ref_1,4.15,2.85,982,0.8300000000000001,0.5700000000000001,0.4731000000000001,0.6758571428571429
953,Sys_IMFfdloss_ref_2,4.12,2.85,982,0.8240000000000001,0.5700000000000001,0.4696800000000001,0.6738593974175037
953,User_IMFfdloss_1,4.29,3.0,982,0.858,0.6,0.5147999999999999,0.7061728395061727
953,User_IMFfdloss_2,4.38,3.0,982,0.876,0.6,0.5256,0.7121951219512195
953,User_IMFfdloss_3,4.29,2.0,982,0.858,0.4,0.3432,0.5456279809220985
955,Sys_IMFfdloss_ref_1,1.15,0.85,982,0.22999999999999998,0.16999999999999998,0.039099999999999996,0.1955
955,Sys_IMFfdloss_ref_2,1.25,0.85,982,0.25,0.16999999999999998,0.042499999999999996,0.20238095238095238
955,User_IMFfdloss_1,1.43,1.0,982,0.286,0.2,0.0572,0.23539094650205764
955,User_IMFfdloss_2,1.11,1.0,982,0.22200000000000003,0.2,0.04440000000000001,0.2104265402843602
955,User_IMFfdloss_3,1.43,1.0,982,0.286,0.2,0.0572,0.23539094650205764
958,Sys_IMFfdloss_ref_1,4.65,1.5,982,0.93,0.3,0.279,0.4536585365853659
958,Sys_IMFfdloss_ref_2,4.65,1.5,982,0.93,0.3,0.279,0.4536585365853659
958,User_IMFfdloss_1,5.0,3.0,982,1.0,0.6,0.6,0.7499999999999999
958,User_IMFfdloss_2,5.0,2.0,982,1.0,0.4,0.4,0.5714285714285715
958,User_IMFfdloss_3,5.0,2.0,982,1.0,0.4,0.4,0.5714285714285715
959,Sys_IMFfdloss_ref_1,2.15,1.85,982,0.43,0.37,0.1591,0.39774999999999994
959,Sys_IMFfdloss_ref_2,2.85,1.92,982,0.5700000000000001,0.384,0.21888000000000002,0.4588679245283019
959,User_IMFfdloss_1,2.14,2.0,982,0.42800000000000005,0.4,0.17120000000000002,0.41352657004830917
959,User_IMFfdloss_2,2.14,3.0,982,0.42800000000000005,0.6,0.25680000000000003,0.4996108949416343
959,User_IMFfdloss_3,2.14,2.0,982,0.42800000000000005,0.4,0.17120000000000002,0.41352657004830917
961,Sys_IMFfdloss_ref_1,3.65,2.85,983,0.73,0.5700000000000001,0.4161,0.6401538461538462
961,Sys_IMFfdloss_ref_2,3.65,1.85,983,0.73,0.37,0.2701,0.4910909090909091
961,User_IMFfdloss_1,3.57,2.0,983,0.714,0.4,0.2856,0.5127468581687613
961,User_IMFfdloss_2,3.75,2.0,983,0.75,0.4,0.30000000000000004,0.5217391304347827
961,User_IMFfdloss_3,3.75,2.0,983,0.75,0.4,0.30000000000000004,0.5217391304347827
962,Sys_IMFfdloss_ref_1,4.85,3.92,983,0.97,0.784,0.76048,0.8671379703534778
962,Sys_IMFfdloss_ref_2,4.65,2.0,983,0.93,0.4,0.37200000000000005,0.5593984962406016
962,User_IMFfdloss_1,5.0,3.0,983,1.0,0.6,0.6,0.7499999999999999
962,User_IMFfdloss_2,5.0,4.0,983,1.0,0.8,0.8,0.888888888888889
962,User_IMFfdloss_3,5.0,4.0,983,1.0,0.8,0.8,0.888888888888889
965,Sys_IMFfdloss_ref_1,4.65,2.85,983,0.93,0.5700000000000001,0.5301000000000001,0.7068000000000002
965,Sys_IMFfdloss_ref_2,4.35,2.85,983,0.8699999999999999,0.5700000000000001,0.4959,0.6887500000000001
965,User_IMFfdloss_1,5.0,3.0,983,1.0,0.6,0.6,0.7499999999999999
965,User_IMFfdloss_2,5.0,2.0,983,1.0,0.4,0.4,0.5714285714285715
965,User_IMFfdloss_3,4.44,3.0,983,0.8880000000000001,0.6,0.5328,0.7161290322580646
968,Sys_IMFfdloss_ref_1,2.85,1.2,983,0.5700000000000001,0.24,0.1368,0.3377777777777778
968,Sys_IMFfdloss_ref_2,1.85,0.92,983,0.37,0.184,0.06808,0.24577617328519855
968,User_IMFfdloss_1,2.5,1.0,983,0.5,0.2,0.1,0.28571428571428575
968,User_IMFfdloss_2,2.5,1.0,983,0.5,0.2,0.1,0.28571428571428575
968,User_IMFfdloss_3,2.5,1.0,983,0.5,0.2,0.1,0.28571428571428575
969,Sys_IMFfdloss_ref_1,4.65,1.5,983,0.93,0.3,0.279,0.4536585365853659
969,Sys_IMFfdloss_ref_2,4.15,1.5,983,0.8300000000000001,0.3,0.249,0.44070796460176986
969,User_IMFfdloss_1,4.38,1.0,983,0.876,0.2,0.17520000000000002,0.32565055762081785
969,User_IMFfdloss_2,5.0,1.0,983,1.0,0.2,0.2,0.33333333333333337
969,User_IMFfdloss_3,5.0,1.0,983,1.0,0.2,0.2,0.33333333333333337
972,Sys_IMFfdloss_ref_1,4.92,4.98,985,0.984,0.9960000000000001,0.980064,0.9899636363636364
972,Sys_IMFfdloss_ref_2,4.85,4.62,985,0.97,0.924,0.89628,0.9464413938753959
972,Sys_IMFfdloss_ref_3,4.98,4.99,985,0.9960000000000001,0.998,0.9940080000000001,0.9969989969909729
972,User_IMFfdloss_1,5.0,5.0,985,1.0,1.0,1.0,1.0
972,User_IMFfdloss_2,5.0,5.0,985,1.0,1.0,1.0,1.0
972,User_IMFfdloss_3,5.0,5.0,985,1.0,1.0,1.0,1.0
973,Sys_IMFfdloss_ref_1,5.0,5.0,985,1.0,1.0,1.0,1.0
973,Sys_IMFfdloss_ref_2,5.0,5.0,985,1.0,1.0,1.0,1.0
973,User_IMFfdloss_1,5.0,5.0,985,1.0,1.0,1.0,1.0
973,User_IMFfdloss_2,5.0,5.0,985,1.0,1.0,1.0,1.0
973,User_IMFfdloss_3,5.0,5.0,985,1.0,1.0,1.0,1.0
974,Sys_IMFfdloss_ref_1,1.85,3.62,985,0.37,0.724,0.26788,0.48972577696526515
974,Sys_IMFfdloss_ref_2,2.85,3.6,985,0.5700000000000001,0.72,0.41040000000000004,0.6362790697674419
974,User_IMFfdloss_1,1.0,3.0,985,0.2,0.6,0.12,0.3
974,User_IMFfdloss_2,1.0,4.0,985,0.2,0.8,0.16000000000000003,0.32000000000000006
974,User_IMFfdloss_3,1.0,4.0,985,0.2,0.8,0.16000000000000003,0.32000000000000006
976,Sys_IMFfdloss_ref_1,4.92,4.85,985,0.984,0.97,0.95448,0.976949846468782
976,Sys_IMFfdloss_ref_2,4.98,4.95,985,0.9960000000000001,0.99,0.9860400000000001,0.9929909365558913
976,User_IMFfdloss_1,5.0,5.0,985,1.0,1.0,1.0,1.0
976,User_IMFfdloss_2,5.0,5.0,985,1.0,1.0,1.0,1.0
976,User_IMFfdloss_3,5.0,5.0,985,1.0,1.0,1.0,1.0
978,Sys_IMFfdloss_ref_1,2.85,3.6,985,0.5700000000000001,0.72,0.41040000000000004,0.6362790697674419
978,Sys_IMFfdloss_ref_2,2.85,3.65,985,0.5700000000000001,0.73,0.4161,0.6401538461538462
978,User_IMFfdloss_1,2.0,3.0,985,0.4,0.6,0.24,0.48
978,User_IMFfdloss_2,2.0,3.0,985,0.4,0.6,0.24,0.48
978,User_IMFfdloss_3,2.0,4.0,985,0.4,0.8,0.32000000000000006,0.5333333333333333
981,Sys_IMFfdloss_ref_1,4.98,4.95,991,0.9960000000000001,0.99,0.9860400000000001,0.9929909365558913
981,Sys_IMFfdloss_ref_2,4.92,4.85,991,0.984,0.97,0.95448,0.976949846468782
981,User_IMFfdloss_1,5.0,4.0,991,1.0,0.8,0.8,0.888888888888889
981,User_IMFfdloss_2,4.44,4.0,991,0.8880000000000001,0.8,0.7104000000000001,0.8417061611374408
981,User_IMFfdloss_3,5.0,5.0,991,1.0,1.0,1.0,1.0
982,Sys_IMFfdloss_ref_1,4.98,4.95,991,0.9960000000000001,0.99,0.9860400000000001,0.9929909365558913
982,Sys_IMFfdloss_ref_2,4.98,4.95,991,0.9960000000000001,0.99,0.9860400000000001,0.9929909365558913
982,User_IMFfdloss_1,5.0,5.0,991,1.0,1.0,1.0,1.0
982,User_IMFfdloss_2,5.0,3.0,991,1.0,0.6,0.6,0.7499999999999999
982,User_IMFfdloss_3,5.0,5.0,991,1.0,1.0,1.0,1.0
983,Sys_IMFfdloss_ref_1,4.98,4.95,991,0.9960000000000001,0.99,0.9860400000000001,0.9929909365558913
983,Sys_IMFfdloss_ref_2,4.92,4.85,991,0.984,0.97,0.95448,0.976949846468782
983,User_IMFfdloss_1,5.0,5.0,991,1.0,1.0,1.0,1.0
983,User_IMFfdloss_2,5.0,5.0,991,1.0,1.0,1.0,1.0
983,User_IMFfdloss_3,5.0,5.0,991,1.0,1.0,1.0,1.0
984,Sys_IMFfdloss_ref_1,3.45,3.82,991,0.6900000000000001,0.764,0.5271600000000001,0.7251169188445667
984,Sys_IMFfdloss_ref_2,4.12,3.85,991,0.8240000000000001,0.77,0.63448,0.7960853199498118
984,User_IMFfdloss_1,3.33,4.0,991,0.666,0.8,0.5328,0.7268758526603001
984,User_IMFfdloss_2,3.33,4.0,991,0.666,0.8,0.5328,0.7268758526603001
984,User_IMFfdloss_3,3.33,3.0,991,0.666,0.6,0.3996,0.6312796208530805
988,Sys_IMFfdloss_ref_1,5.0,4.95,991,1.0,0.99,0.99,0.9949748743718593
988,Sys_IMFfdloss_ref_2,4.98,4.95,991,0.9960000000000001,0.99,0.9860400000000001,0.9929909365558913
988,User_IMFfdloss_1,5.0,5.0,991,1.0,1.0,1.0,1.0
988,User_IMFfdloss_2,5.0,3.0,991,1.0,0.6,0.6,0.7499999999999999
988,User_IMFfdloss_3,5.0,3.0,991,1.0,0.6,0.6,0.7499999999999999
992,Sys_IMFfdloss_ref_1,4.85,3.65,999,0.97,0.73,0.7081,0.8330588235294117
992,Sys_IMFfdloss_ref_2,4.85,3.72,999,0.97,0.744,0.72168,0.842100350058343
992,User_IMFfdloss_1,5.0,4.0,999,1.0,0.8,0.8,0.888888888888889
992,User_IMFfdloss_2,5.0,2.0,999,1.0,0.4,0.4,0.5714285714285715
992,User_IMFfdloss_3,5.0,2.0,999,1.0,0.4,0.4,0.5714285714285715
993,Sys_IMFfdloss_ref_1,2.85,1.65,999,0.5700000000000001,0.32999999999999996,0.1881,0.418
993,Sys_IMFfdloss_ref_2,1.85,1.2,999,0.37,0.24,0.08879999999999999,0.2911475409836065
993,User_IMFfdloss_1,1.25,2.0,999,0.25,0.4,0.1,0.3076923076923077
993,User_IMFfdloss_2,5.0,3.0,999,1.0,0.6,0.6,0.7499999999999999
993,User_IMFfdloss_3,1.25,3.0,999,0.25,0.6,0.15,0.35294117647058826
994,Sys_IMFfdloss_ref_1,4.72,3.85,999,0.944,0.77,0.72688,0.8481680280046674
994,Sys_IMFfdloss_ref_2,4.12,2.85,999,0.8240000000000001,0.5700000000000001,0.4696800000000001,0.6738593974175037
994,User_IMFfdloss_1,5.0,3.0,999,1.0,0.6,0.6,0.7499999999999999
994,User_IMFfdloss_2,5.0,4.0,999,1.0,0.8,0.8,0.888888888888889
994,User_IMFfdloss_3,5.0,4.0,999,1.0,0.8,0.8,0.888888888888889
996,Sys_IMFfdloss_ref_1,1.25,1.5,999,0.25,0.3,0.075,0.2727272727272727
996,Sys_IMFfdloss_ref_2,1.85,1.42,999,0.37,0.284,0.10507999999999999,0.3213455657492355
996,User_IMFfdloss_1,2.14,2.0,999,0.42800000000000005,0.4,0.17120000000000002,0.41352657004830917
996,User_IMFfdloss_2,1.11,2.0,999,0.22200000000000003,0.4,0.08880000000000002,0.28553054662379423
996,User_IMFfdloss_3,2.14,2.0,999,0.42800000000000005,0.4,0.17120000000000002,0.41352657004830917
997,Sys_IMFfdloss_ref_1,4.92,4.88,999,0.984,0.976,0.960384,0.9799836734693878
997,Sys_IMFfdloss_ref_2,4.92,4.85,999,0.984,0.97,0.95448,0.976949846468782
997,User_IMFfdloss_1,5.0,4.0,999,1.0,0.8,0.8,0.888888888888889
997,User_IMFfdloss_2,5.0,4.0,999,1.0,0.8,0.8,0.888888888888889
997,User_IMFfdloss_3,5.0,3.0,999,1.0,0.6,0.6,0.7499999999999999
