image_id,output_DiT_val_1_alignment_score,output_DiT_val_1_artifact_score,output_DiT_val_2_alignment_score,output_DiT_val_2_artifact_score,output_DiT_val_3_alignment_score,output_DiT_val_3_artifact_score,alignment_score_mean,alignment_score_std,alignment_score_range,alignment_score_min,alignment_score_max,artifact_score_mean,artifact_score_std,artifact_score_range,artifact_score_min,artifact_score_max
000000,4.12,2.87,4.12,2.38,3.85,2.15,4.03,0.12727922061357858,0.27,3.85,4.12,2.466666666666667,0.3002591473303613,0.7200000000000002,2.15,2.87
000001,4.32,3.15,4.12,2.35,4.35,2.65,4.263333333333334,0.10208928554075693,0.22999999999999954,4.12,4.35,2.716666666666667,0.3299831645537221,0.7999999999999998,2.35,3.15
000002,4.35,3.82,4.32,2.18,4.35,3.12,4.34,0.014142135623730649,0.02999999999999936,4.32,4.35,3.0400000000000005,0.6719126927411526,1.6399999999999997,2.18,3.82
000003,4.65,3.85,4.35,1.5,4.25,2.15,4.416666666666667,0.1699673171197597,0.40000000000000036,4.25,4.65,2.5,0.9907909298467901,2.35,1.5,3.85
000004,3.85,1.42,3.2,2.1,3.2,1.1,3.4166666666666665,0.30641293851417056,0.6499999999999999,3.2,3.85,1.54,0.41697322056298375,1.0,1.1,2.1
000005,4.25,2.85,4.35,3.12,4.35,3.85,4.316666666666666,0.047140452079103,0.09999999999999964,4.25,4.35,3.2733333333333334,0.4224005471376928,1.0,2.85,3.85
000006,3.82,1.5,4.2,1.5,3.82,1.5,3.9466666666666668,0.1791337179005922,0.38000000000000034,3.82,4.2,1.5,0.0,0.0,1.5,1.5
000007,4.65,1.85,4.2,1.5,4.2,1.5,4.3500000000000005,0.21213203435596434,0.4500000000000002,4.2,4.65,1.6166666666666665,0.16499158227686114,0.3500000000000001,1.5,1.85
000008,4.15,2.85,4.2,2.1,4.2,2.8,4.183333333333334,0.0235702260395515,0.04999999999999982,4.15,4.2,2.5833333333333335,0.34237730973623554,0.75,2.1,2.85
000009,4.2,1.5,4.25,1.5,4.2,1.5,4.216666666666666,0.0235702260395515,0.04999999999999982,4.2,4.25,1.5,0.0,0.0,1.5,1.5
000010,3.82,1.5,3.85,1.5,4.2,1.5,3.956666666666667,0.17249798710580824,0.38000000000000034,3.82,4.2,1.5,0.0,0.0,1.5,1.5
000011,4.25,1.5,3.85,1.5,4.15,1.5,4.083333333333333,0.16996731711975951,0.3999999999999999,3.85,4.25,1.5,0.0,0.0,1.5,1.5
000012,3.82,1.5,3.82,1.5,4.2,1.5,3.9466666666666668,0.17913371790059218,0.38000000000000034,3.82,4.2,1.5,0.0,0.0,1.5,1.5
000013,3.85,3.2,3.65,2.85,3.75,2.85,3.75,0.08164965809277268,0.20000000000000018,3.65,3.85,2.966666666666667,0.16499158227686112,0.3500000000000001,2.85,3.2
000014,4.72,4.15,4.12,3.85,4.12,3.65,4.32,0.28284271247461884,0.5999999999999996,4.12,4.72,3.8833333333333333,0.20548046676563272,0.5000000000000004,3.65,4.15
000015,2.73,1.25,1.85,2.1,1.25,2.85,1.9433333333333334,0.6078011370688791,1.48,1.25,2.73,2.066666666666667,0.653622385037586,1.6,1.25,2.85
000016,3.85,1.5,3.82,1.5,3.82,1.5,3.83,0.014142135623731067,0.03000000000000025,3.82,3.85,1.5,0.0,0.0,1.5,1.5
000017,3.42,1.5,3.82,1.5,3.45,1.5,3.563333333333334,0.18190351532856328,0.3999999999999999,3.42,3.82,1.5,0.0,0.0,1.5,1.5
000018,3.82,1.5,3.25,1.5,3.82,2.55,3.6300000000000003,0.26870057685088794,0.5699999999999998,3.25,3.82,1.8499999999999999,0.4949747468305832,1.0499999999999998,1.5,2.55
000019,3.85,1.5,3.82,1.5,4.25,1.5,3.973333333333333,0.1960158723731888,0.43000000000000016,3.82,4.25,1.5,0.0,0.0,1.5,1.5
000020,4.12,1.5,4.2,1.5,4.25,1.5,4.19,0.05354126134736334,0.1299999999999999,4.12,4.25,1.5,0.0,0.0,1.5,1.5
000021,4.12,1.5,4.12,1.5,3.45,1.5,3.896666666666667,0.31584102892999116,0.6699999999999999,3.45,4.12,1.5,0.0,0.0,1.5,1.5
000022,4.12,1.5,3.85,1.5,4.2,1.5,4.0566666666666675,0.1497405163014414,0.3500000000000001,3.85,4.2,1.5,0.0,0.0,1.5,1.5
000023,2.15,3.42,1.85,2.15,2.85,3.12,2.283333333333333,0.41899350299921784,1.0,1.85,2.85,2.896666666666667,0.5419922098661156,1.27,2.15,3.42
000024,4.12,1.5,4.25,1.5,3.82,1.5,4.0633333333333335,0.18006171781426014,0.43000000000000016,3.82,4.25,1.5,0.0,0.0,1.5,1.5
000025,4.12,2.85,4.35,3.85,4.65,3.82,4.373333333333333,0.21699974398346403,0.5300000000000002,4.12,4.65,3.5066666666666664,0.4644949467492144,1.0,2.85,3.85
000026,4.2,1.5,4.12,1.5,4.25,1.5,4.19,0.05354126134736334,0.1299999999999999,4.12,4.25,1.5,0.0,0.0,1.5,1.5
000027,3.75,2.65,4.25,1.5,4.12,1.5,4.04,0.2118175315375634,0.5,3.75,4.25,1.8833333333333335,0.5421151989096864,1.15,1.5,2.65
000028,3.45,1.5,3.45,1.5,3.85,1.5,3.5833333333333335,0.18856180831641264,0.3999999999999999,3.45,3.85,1.5,0.0,0.0,1.5,1.5
000029,4.65,1.5,3.45,1.5,4.25,1.5,4.116666666666667,0.4988876515698589,1.2000000000000002,3.45,4.65,1.5,0.0,0.0,1.5,1.5
000030,4.25,3.0,4.25,3.0,4.25,3.0,4.25,0.0,0.0,4.25,4.25,3.0,0.0,0.0,3.0,3.0
000031,4.72,2.0,4.75,2.0,4.85,2.0,4.7733333333333325,0.05557777333511014,0.1299999999999999,4.72,4.85,2.0,0.0,0.0,2.0,2.0
000032,3.82,1.5,3.85,1.5,4.52,2.35,4.0633333333333335,0.3231442746239242,0.6999999999999997,3.82,4.52,1.7833333333333332,0.40069384267237695,0.8500000000000001,1.5,2.35
000033,4.25,2.75,4.75,3.0,4.25,3.0,4.416666666666667,0.23570226039551584,0.5,4.25,4.75,2.9166666666666665,0.11785113019775792,0.25,2.75,3.0
000034,3.25,1.5,4.12,2.85,3.25,1.5,3.5400000000000005,0.4101219330881976,0.8700000000000001,3.25,4.12,1.95,0.6363961030678927,1.35,1.5,2.85
000035,2.85,3.42,2.15,1.5,2.85,1.5,2.6166666666666667,0.32998316455372223,0.7000000000000002,2.15,2.85,2.14,0.9050966799187808,1.92,1.5,3.42
000036,4.2,1.5,3.2,1.5,4.2,1.5,3.866666666666667,0.4714045207910317,1.0,3.2,4.2,1.5,0.0,0.0,1.5,1.5
000037,3.82,1.5,3.82,1.5,3.82,1.5,3.82,0.0,0.0,3.82,3.82,1.5,0.0,0.0,1.5,1.5
000038,4.85,4.72,4.92,4.85,5.0,5.0,4.923333333333333,0.061282587702834256,0.15000000000000036,4.85,5.0,4.8566666666666665,0.11440668201153686,0.28000000000000025,4.72,5.0
000039,3.42,2.0,3.82,2.0,4.25,2.0,3.83,0.3389198528659345,0.8300000000000001,3.42,4.25,2.0,0.0,0.0,2.0,2.0
000040,3.85,2.0,3.82,2.0,4.15,2.85,3.94,0.14899664425751358,0.3300000000000005,3.82,4.15,2.283333333333333,0.40069384267237695,0.8500000000000001,2.0,2.85
000041,3.82,2.55,3.82,2.47,3.82,2.35,3.82,0.0,0.0,3.82,3.82,2.4566666666666666,0.08219218670625292,0.19999999999999973,2.35,2.55
000042,3.12,1.5,3.85,3.15,3.82,3.65,3.596666666666667,0.33727667508375897,0.73,3.12,3.85,2.766666666666667,0.9186342519680446,2.15,1.5,3.65
000043,2.15,1.5,1.23,1.5,1.25,1.5,1.5433333333333332,0.42905581092544226,0.9199999999999999,1.23,2.15,1.5,0.0,0.0,1.5,1.5
000044,1.85,2.1,1.85,3.75,1.85,1.2,1.8500000000000003,2.220446049250313e-16,0.0,1.85,1.85,2.35,1.0559356040971437,2.55,1.2,3.75
000045,3.85,1.5,3.85,1.5,3.85,1.5,3.85,0.0,0.0,3.85,3.85,1.5,0.0,0.0,1.5,1.5
000046,4.12,2.85,3.82,2.7,3.82,2.7,3.92,0.14142135623730964,0.30000000000000027,3.82,4.12,2.75,0.07071067811865471,0.1499999999999999,2.7,2.85
000047,3.82,1.5,3.82,1.5,3.25,1.5,3.6300000000000003,0.268700576850888,0.5699999999999998,3.25,3.82,1.5,0.0,0.0,1.5,1.5
000048,2.15,2.85,1.85,2.1,2.15,1.85,2.0500000000000003,0.14142135623730942,0.2999999999999998,1.85,2.15,2.266666666666667,0.42491829279939874,1.0,1.85,2.85
000049,3.82,3.65,3.65,3.1,3.42,3.85,3.6300000000000003,0.16391054470858993,0.3999999999999999,3.42,3.82,3.533333333333333,0.3171049598406741,0.75,3.1,3.85
000050,4.35,1.5,4.25,1.5,4.18,1.5,4.26,0.06976149845485445,0.16999999999999993,4.18,4.35,1.5,0.0,0.0,1.5,1.5
000051,4.25,4.1,4.12,3.85,4.12,3.85,4.163333333333334,0.06128258770283406,0.1299999999999999,4.12,4.25,3.933333333333333,0.11785113019775771,0.24999999999999956,3.85,4.1
000052,3.82,1.5,3.82,1.5,3.82,1.5,3.82,0.0,0.0,3.82,3.82,1.5,0.0,0.0,1.5,1.5
000053,3.82,3.65,3.82,2.73,4.25,3.85,3.9633333333333334,0.20270394394014368,0.43000000000000016,3.82,4.25,3.41,0.4877157642179169,1.12,2.73,3.85
000054,4.15,1.5,3.82,1.5,4.25,1.5,4.073333333333333,0.18372685039360906,0.43000000000000016,3.82,4.25,1.5,0.0,0.0,1.5,1.5
000055,3.85,2.75,3.82,2.15,3.82,2.73,3.83,0.014142135623731067,0.03000000000000025,3.82,3.85,2.5433333333333334,0.27824849006278946,0.6000000000000001,2.15,2.75
000056,4.35,3.82,4.35,2.85,4.35,2.65,4.35,0.0,0.0,4.35,4.35,3.106666666666667,0.5109685791600975,1.17,2.65,3.82
000057,4.32,3.85,4.35,3.85,4.32,3.85,4.33,0.014142135623730649,0.02999999999999936,4.32,4.35,3.85,0.0,0.0,3.85,3.85
000058,4.95,4.98,4.85,4.72,4.85,4.72,4.883333333333334,0.047140452079103425,0.10000000000000053,4.85,4.95,4.806666666666666,0.12256517540566855,0.2600000000000007,4.72,4.98
000059,4.12,3.68,3.82,2.55,4.65,3.85,4.196666666666666,0.3431552936434985,0.8300000000000005,3.82,4.65,3.36,0.5769459824512749,1.3000000000000003,2.55,3.85
000060,4.15,3.85,3.85,4.12,3.85,3.65,3.9499999999999997,0.14142135623730964,0.30000000000000027,3.85,4.15,3.8733333333333335,0.1925847576753906,0.4700000000000002,3.65,4.12
000061,2.85,3.12,1.85,2.1,2.85,2.15,2.516666666666667,0.4714045207910317,1.0,1.85,2.85,2.456666666666667,0.46949145063805187,1.02,2.1,3.12
000062,4.15,3.85,4.65,3.85,3.85,2.75,4.216666666666667,0.3299831645537223,0.8000000000000003,3.85,4.65,3.483333333333333,0.5185449728701349,1.1,2.75,3.85
000063,3.82,1.5,3.45,1.5,3.45,1.5,3.573333333333333,0.17441967269268158,0.36999999999999966,3.45,3.82,1.5,0.0,0.0,1.5,1.5
000064,3.82,3.45,3.45,2.15,3.82,2.15,3.6966666666666668,0.17441967269268158,0.36999999999999966,3.45,3.82,2.5833333333333335,0.6128258770283413,1.3000000000000003,2.15,3.45
000065,3.82,2.45,3.75,2.35,3.82,2.4,3.796666666666667,0.03299831645537214,0.06999999999999984,3.75,3.82,2.4000000000000004,0.04082482904638634,0.10000000000000009,2.35,2.45
000066,3.82,3.65,3.85,3.42,3.85,2.75,3.84,0.014142135623731067,0.03000000000000025,3.82,3.85,3.2733333333333334,0.3817794593159191,0.8999999999999999,2.75,3.65
000067,2.85,2.75,2.85,1.5,2.85,3.12,2.85,0.0,0.0,2.85,2.85,2.4566666666666666,0.6931249686905113,1.62,1.5,3.12
000068,3.65,2.0,4.25,3.85,3.42,2.18,3.7733333333333334,0.34988887124660345,0.8300000000000001,3.42,4.25,2.6766666666666663,0.8329198974424585,1.85,2.0,3.85
000069,4.12,2.35,4.15,4.85,4.15,3.05,4.14,0.014142135623731067,0.03000000000000025,4.12,4.15,3.4166666666666665,1.0530379332620874,2.4999999999999996,2.35,4.85
000070,4.12,1.5,4.12,1.5,4.12,1.5,4.12,0.0,0.0,4.12,4.12,1.5,0.0,0.0,1.5,1.5
000071,4.15,1.5,4.52,2.38,4.15,3.85,4.273333333333333,0.17441967269268135,0.3699999999999992,4.15,4.52,2.5766666666666667,0.9694099006898762,2.35,1.5,3.85
000072,4.75,4.62,4.75,3.85,4.25,3.12,4.583333333333333,0.23570226039551584,0.5,4.25,4.75,3.8633333333333333,0.6124450088692771,1.5,3.12,4.62
000073,4.15,2.35,4.12,2.38,4.12,2.38,4.13,0.014142135623731067,0.03000000000000025,4.12,4.15,2.37,0.014142135623730857,0.029999999999999805,2.35,2.38
000074,4.25,4.1,4.85,4.95,4.75,4.2,4.616666666666666,0.26246692913372693,0.5999999999999996,4.25,4.85,4.416666666666667,0.37932688922470154,0.8500000000000005,4.1,4.95
000075,4.38,2.55,4.25,2.85,4.65,2.85,4.426666666666667,0.16659998666133083,0.40000000000000036,4.25,4.65,2.75,0.14142135623730964,0.30000000000000027,2.55,2.85
000076,4.25,4.85,4.85,5.0,4.75,3.85,4.616666666666666,0.26246692913372693,0.5999999999999996,4.25,4.85,4.566666666666666,0.5104464277037851,1.15,3.85,5.0
000077,4.25,1.5,4.65,1.5,4.25,1.5,4.383333333333334,0.18856180831641287,0.40000000000000036,4.25,4.65,1.5,0.0,0.0,1.5,1.5
000078,4.52,3.78,4.85,4.8,4.85,4.92,4.739999999999999,0.1555634918610405,0.33000000000000007,4.52,4.85,4.5,0.511468474101777,1.1400000000000001,3.78,4.92
000079,3.85,2.75,3.82,2.47,3.82,2.47,3.83,0.014142135623731067,0.03000000000000025,3.82,3.85,2.563333333333334,0.13199326582148876,0.2799999999999998,2.47,2.75
000080,4.25,3.15,2.85,3.72,3.75,2.85,3.6166666666666667,0.5792715732327589,1.4,2.85,4.25,3.24,0.3608323710533744,0.8700000000000001,2.85,3.72
000081,4.15,3.85,4.15,3.85,4.15,3.85,4.15,0.0,0.0,4.15,4.15,3.85,0.0,0.0,3.85,3.85
000082,4.85,3.15,4.85,3.85,4.75,3.85,4.816666666666666,0.047140452079103,0.09999999999999964,4.75,4.85,3.6166666666666667,0.32998316455372223,0.7000000000000002,3.15,3.85
000083,4.75,4.92,4.35,3.62,3.65,1.42,4.25,0.45460605656619524,1.1,3.65,4.75,3.32,1.4445299120013635,3.5,1.42,4.92
000084,2.85,1.65,2.45,1.82,1.88,2.75,2.3933333333333335,0.3980228915806505,0.9700000000000002,1.88,2.85,2.0733333333333333,0.4834827355299831,1.1,1.65,2.75
000085,3.25,4.1,3.75,4.2,3.75,3.2,3.5833333333333335,0.23570226039551584,0.5,3.25,3.75,3.8333333333333335,0.44969125210773464,1.0,3.2,4.2
000086,2.15,1.85,2.85,3.72,2.68,2.55,2.56,0.29810512687081836,0.7000000000000002,2.15,2.85,2.706666666666667,0.7714200469840597,1.87,1.85,3.72
000087,4.72,3.65,4.75,3.85,4.72,3.65,4.7299999999999995,0.014142135623731067,0.03000000000000025,4.72,4.75,3.716666666666667,0.09428090415820643,0.20000000000000018,3.65,3.85
000088,4.85,4.7,4.75,4.2,4.85,4.2,4.816666666666666,0.047140452079103,0.09999999999999964,4.75,4.85,4.366666666666667,0.23570226039551584,0.5,4.2,4.7
000089,2.15,2.85,2.15,2.87,1.25,4.15,1.8499999999999999,0.42426406871192845,0.8999999999999999,1.25,2.15,3.2900000000000005,0.6081666438293594,1.3000000000000003,2.85,4.15
000090,4.65,2.85,4.35,2.65,4.65,2.85,4.55,0.14142135623730984,0.3000000000000007,4.35,4.65,2.783333333333333,0.09428090415820643,0.20000000000000018,2.65,2.85
000091,4.25,3.15,4.12,3.85,4.25,3.85,4.206666666666667,0.06128258770283406,0.1299999999999999,4.12,4.25,3.6166666666666667,0.32998316455372223,0.7000000000000002,3.15,3.85
000092,4.15,3.65,2.85,1.65,3.85,4.72,3.6166666666666667,0.5557777333511024,1.3000000000000003,2.85,4.15,3.34,1.2723469128609015,3.07,1.65,4.72
000093,4.25,3.85,4.85,4.2,4.85,4.2,4.6499999999999995,0.28284271247461884,0.5999999999999996,4.25,4.85,4.083333333333333,0.16499158227686114,0.3500000000000001,3.85,4.2
000094,4.65,3.85,4.2,2.1,4.75,3.85,4.533333333333334,0.23921166824012202,0.5499999999999998,4.2,4.75,3.266666666666667,0.8249579113843055,1.75,2.1,3.85
000095,4.15,3.82,4.2,3.8,3.85,3.62,4.066666666666667,0.1545603082582618,0.3500000000000001,3.85,4.2,3.746666666666666,0.08993825042154682,0.19999999999999973,3.62,3.82
000096,4.25,3.15,4.12,3.25,4.25,3.1,4.206666666666667,0.06128258770283406,0.1299999999999999,4.12,4.25,3.1666666666666665,0.06236095644623234,0.1499999999999999,3.1,3.25
000097,4.75,4.2,4.85,3.72,4.85,4.2,4.816666666666666,0.047140452079103,0.09999999999999964,4.75,4.85,4.04,0.2262741699796952,0.48,3.72,4.2
000098,4.65,3.85,4.65,3.85,4.35,2.85,4.55,0.14142135623730984,0.3000000000000007,4.35,4.65,3.516666666666667,0.4714045207910317,1.0,2.85,3.85
000099,3.82,3.65,4.35,3.85,4.35,3.82,4.173333333333333,0.2498443960192467,0.5299999999999998,3.82,4.35,3.7733333333333334,0.08806563209081943,0.20000000000000018,3.65,3.85
000100,3.82,1.5,3.42,1.5,4.2,1.5,3.813333333333334,0.3184685576665651,0.7800000000000002,3.42,4.2,1.5,0.0,0.0,1.5,1.5
000101,4.65,1.5,4.2,1.5,4.2,1.5,4.3500000000000005,0.21213203435596434,0.4500000000000002,4.2,4.65,1.5,0.0,0.0,1.5,1.5
000102,3.85,1.5,3.65,1.5,3.85,1.5,3.783333333333333,0.09428090415820643,0.20000000000000018,3.65,3.85,1.5,0.0,0.0,1.5,1.5
000103,4.65,3.0,4.35,3.0,4.65,3.0,4.55,0.14142135623730984,0.3000000000000007,4.35,4.65,3.0,0.0,0.0,3.0,3.0
000104,3.45,1.5,4.12,1.5,3.82,1.5,3.796666666666667,0.2740235188608614,0.6699999999999999,3.45,4.12,1.5,0.0,0.0,1.5,1.5
000105,4.85,3.65,4.65,3.1,4.65,3.85,4.716666666666667,0.094280904158206,0.1999999999999993,4.65,4.85,3.533333333333333,0.3171049598406741,0.75,3.1,3.85
000106,4.65,3.85,4.85,3.65,4.65,3.85,4.716666666666667,0.094280904158206,0.1999999999999993,4.65,4.85,3.783333333333333,0.09428090415820643,0.20000000000000018,3.65,3.85
000107,3.67,1.43,3.75,1.5,3.85,1.5,3.7566666666666664,0.07363574011458181,0.18000000000000016,3.67,3.85,1.4766666666666666,0.03299831645537225,0.07000000000000006,1.43,1.5
000108,4.35,1.5,4.35,1.5,4.65,1.5,4.45,0.14142135623730984,0.3000000000000007,4.35,4.65,1.5,0.0,0.0,1.5,1.5
000109,4.35,2.0,4.65,2.0,4.65,2.0,4.55,0.14142135623730984,0.3000000000000007,4.35,4.65,2.0,0.0,0.0,2.0,2.0
000110,4.2,1.5,4.2,1.5,3.82,1.5,4.073333333333333,0.17913371790059218,0.38000000000000034,3.82,4.2,1.5,0.0,0.0,1.5,1.5
000111,2.15,1.5,2.85,1.5,2.15,1.5,2.3833333333333333,0.32998316455372223,0.7000000000000002,2.15,2.85,1.5,0.0,0.0,1.5,1.5
000112,3.25,1.5,2.85,1.5,3.25,1.5,3.1166666666666667,0.18856180831641264,0.3999999999999999,2.85,3.25,1.5,0.0,0.0,1.5,1.5
000113,2.85,1.5,2.85,1.5,2.85,1.5,2.85,0.0,0.0,2.85,2.85,1.5,0.0,0.0,1.5,1.5
000114,4.12,1.5,4.12,1.5,4.25,1.5,4.163333333333333,0.06128258770283406,0.1299999999999999,4.12,4.25,1.5,0.0,0.0,1.5,1.5
000115,4.85,1.5,4.85,1.5,4.72,1.5,4.806666666666666,0.06128258770283407,0.1299999999999999,4.72,4.85,1.5,0.0,0.0,1.5,1.5
000116,4.72,2.0,4.72,2.0,4.52,2.0,4.653333333333333,0.09428090415820642,0.20000000000000018,4.52,4.72,2.0,0.0,0.0,2.0,2.0
000117,3.42,1.5,2.85,1.5,2.85,1.5,3.0399999999999996,0.26870057685088794,0.5699999999999998,2.85,3.42,1.5,0.0,0.0,1.5,1.5
000118,4.72,1.5,4.12,1.5,4.25,1.5,4.363333333333333,0.2577250904010359,0.5999999999999996,4.12,4.72,1.5,0.0,0.0,1.5,1.5
000119,4.12,3.65,4.12,3.45,4.75,4.2,4.33,0.29698484809834996,0.6299999999999999,4.12,4.75,3.766666666666667,0.31710495984067416,0.75,3.45,4.2
000120,4.35,3.85,4.65,4.2,4.32,3.85,4.44,0.14899664425751355,0.33000000000000007,4.32,4.65,3.966666666666667,0.16499158227686112,0.3500000000000001,3.85,4.2
000121,4.75,3.0,4.75,3.0,4.85,3.0,4.783333333333333,0.047140452079103,0.09999999999999964,4.75,4.85,3.0,0.0,0.0,3.0,3.0
000122,4.2,1.5,4.2,1.5,4.12,1.5,4.173333333333333,0.03771236166328257,0.08000000000000007,4.12,4.2,1.5,0.0,0.0,1.5,1.5
000123,4.12,1.5,4.12,1.5,4.12,1.5,4.12,0.0,0.0,4.12,4.12,1.5,0.0,0.0,1.5,1.5
000124,0.56,0.0,0.56,0.4,0.62,1.15,0.5800000000000001,0.028284271247461874,0.05999999999999994,0.56,0.62,0.5166666666666666,0.47667832153583634,1.15,0.0,1.15
000125,4.85,3.65,4.85,3.75,4.75,3.2,4.816666666666666,0.047140452079103,0.09999999999999964,4.75,4.85,3.5333333333333337,0.23921166824012197,0.5499999999999998,3.2,3.75
000126,4.35,2.0,4.65,2.0,4.35,2.0,4.45,0.14142135623730984,0.3000000000000007,4.35,4.65,2.0,0.0,0.0,2.0,2.0
000127,4.25,1.5,4.25,1.5,4.25,1.5,4.25,0.0,0.0,4.25,4.25,1.5,0.0,0.0,1.5,1.5
000128,3.82,3.0,1.25,0.85,2.85,1.72,2.64,1.0596540315908143,2.57,1.25,3.82,1.8566666666666667,0.8830376863733256,2.15,0.85,3.0
000129,4.85,3.0,4.65,3.0,4.85,3.0,4.783333333333333,0.094280904158206,0.1999999999999993,4.65,4.85,3.0,0.0,0.0,3.0,3.0
000130,3.82,2.15,2.85,3.12,2.15,1.85,2.94,0.6847383928674269,1.67,2.15,3.82,2.373333333333333,0.5419922098661156,1.27,1.85,3.12
000131,4.32,3.15,4.35,3.1,4.65,3.45,4.44,0.14899664425751355,0.33000000000000007,4.32,4.65,3.233333333333333,0.1545603082582618,0.3500000000000001,3.1,3.45
000132,4.62,2.38,4.65,3.85,4.35,3.1,4.54,0.1349073756323207,0.3000000000000007,4.35,4.65,3.11,0.6001666435249464,1.4700000000000002,2.38,3.85
000133,4.62,2.38,4.25,3.15,4.65,3.85,4.506666666666667,0.1819035153285635,0.40000000000000036,4.25,4.65,3.1266666666666665,0.6003517487458685,1.4700000000000002,2.38,3.85
000134,4.85,4.92,4.35,3.85,4.72,4.15,4.64,0.2118175315375634,0.5,4.35,4.85,4.306666666666667,0.4506538459714826,1.0699999999999998,3.85,4.92
000135,4.65,3.85,4.65,4.1,4.35,3.15,4.55,0.14142135623730984,0.3000000000000007,4.35,4.65,3.6999999999999997,0.4020779360604939,0.9499999999999997,3.15,4.1
000136,4.65,3.85,4.32,3.15,4.35,3.12,4.44,0.14899664425751355,0.33000000000000007,4.32,4.65,3.3733333333333335,0.3372766750837591,0.73,3.12,3.85
000137,3.82,2.15,3.82,3.15,2.15,4.25,3.263333333333333,0.7872455497210229,1.67,2.15,3.82,3.1833333333333336,0.8576453553512405,2.1,2.15,4.25
000138,4.85,4.92,4.85,4.92,4.85,4.92,4.85,0.0,0.0,4.85,4.85,4.92,0.0,0.0,4.92,4.92
000139,2.15,4.2,3.82,4.15,2.85,3.45,2.94,0.6847383928674269,1.67,2.15,3.82,3.9333333333333336,0.34237730973623565,0.75,3.45,4.2
000140,2.85,1.15,2.15,2.35,2.85,2.65,2.6166666666666667,0.32998316455372223,0.7000000000000002,2.15,2.85,2.0500000000000003,0.648074069840786,1.5,1.15,2.65
000141,3.25,2.15,3.82,2.15,2.15,1.5,3.0733333333333337,0.6931249686905112,1.67,2.15,3.82,1.9333333333333333,0.30641293851417056,0.6499999999999999,1.5,2.15
000142,3.82,2.47,3.65,2.35,3.82,2.73,3.763333333333333,0.08013876853447535,0.16999999999999993,3.65,3.82,2.516666666666667,0.15860503004493753,0.3799999999999999,2.35,2.73
000143,3.85,1.5,3.2,1.5,3.2,1.8,3.4166666666666665,0.30641293851417056,0.6499999999999999,3.2,3.85,1.5999999999999999,0.14142135623730953,0.30000000000000004,1.5,1.8
000144,3.2,2.3,3.82,1.47,3.2,2.8,3.4066666666666663,0.2922708028904395,0.6199999999999997,3.2,3.82,2.19,0.548513141744723,1.3299999999999998,1.47,2.8
000145,4.85,3.0,4.85,4.75,3.82,3.0,4.506666666666667,0.4855466564147625,1.0299999999999998,3.82,4.85,3.5833333333333335,0.8249579113843054,1.75,3.0,4.75
000146,4.35,2.85,4.35,2.65,3.82,1.5,4.173333333333333,0.2498443960192467,0.5299999999999998,3.82,4.35,2.3333333333333335,0.5948856099191582,1.35,1.5,2.85
000147,4.12,2.65,4.12,4.35,3.65,2.25,3.9633333333333334,0.221560124771785,0.4700000000000002,3.65,4.12,3.0833333333333335,0.9104333522498441,2.0999999999999996,2.25,4.35
000148,3.85,1.5,4.65,3.85,4.25,2.35,4.25,0.3265986323710905,0.8000000000000003,3.85,4.65,2.5666666666666664,0.9715394427859781,2.35,1.5,3.85
000149,3.82,3.45,3.45,3.12,3.2,2.8,3.4899999999999998,0.2546893532652407,0.6199999999999997,3.2,3.82,3.1233333333333335,0.2653718564999354,0.6500000000000004,2.8,3.45
000150,3.75,1.5,2.85,1.42,3.65,1.5,3.4166666666666665,0.40276819911981904,0.8999999999999999,2.85,3.75,1.4733333333333334,0.03771236166328257,0.08000000000000007,1.42,1.5
000151,3.82,2.65,3.82,2.47,4.12,3.28,3.92,0.14142135623730964,0.30000000000000027,3.82,4.12,2.8000000000000003,0.3472751070837066,0.8099999999999996,2.47,3.28
000152,3.42,1.5,3.42,1.5,3.42,1.5,3.42,0.0,0.0,3.42,3.42,1.5,0.0,0.0,1.5,1.5
000153,3.45,1.5,3.65,1.5,3.45,1.5,3.516666666666667,0.09428090415820621,0.19999999999999973,3.45,3.65,1.5,0.0,0.0,1.5,1.5
000154,4.12,2.35,3.2,2.8,3.85,2.15,3.723333333333333,0.3861203036475664,0.9199999999999999,3.2,4.12,2.4333333333333336,0.2718251071716681,0.6499999999999999,2.15,2.8
000155,3.82,2.73,3.82,2.65,3.82,2.47,3.82,0.0,0.0,3.82,3.82,2.6166666666666667,0.10873004286866716,0.2599999999999998,2.47,2.73
000156,3.82,1.5,3.85,1.5,3.82,1.5,3.83,0.014142135623731067,0.03000000000000025,3.82,3.85,1.5,0.0,0.0,1.5,1.5
000157,3.82,1.5,3.82,1.5,3.82,1.5,3.82,0.0,0.0,3.82,3.82,1.5,0.0,0.0,1.5,1.5
000158,3.45,1.5,3.45,1.5,3.82,1.5,3.5733333333333337,0.17441967269268158,0.36999999999999966,3.45,3.82,1.5,0.0,0.0,1.5,1.5
000159,4.12,1.5,4.62,1.5,4.32,1.5,4.3533333333333335,0.20548046676563253,0.5,4.12,4.62,1.5,0.0,0.0,1.5,1.5
000160,4.65,1.5,4.65,1.5,4.2,1.5,4.5,0.21213203435596434,0.4500000000000002,4.2,4.65,1.5,0.0,0.0,1.5,1.5
000161,3.82,1.47,3.82,1.5,4.65,1.5,4.096666666666667,0.3912657522565565,0.8300000000000005,3.82,4.65,1.49,0.014142135623730963,0.030000000000000027,1.47,1.5
000162,4.25,1.5,3.82,1.5,4.25,1.5,4.1066666666666665,0.20270394394014368,0.43000000000000016,3.82,4.25,1.5,0.0,0.0,1.5,1.5
000163,3.65,1.5,3.65,1.5,4.25,1.5,3.85,0.28284271247461906,0.6000000000000001,3.65,4.25,1.5,0.0,0.0,1.5,1.5
000164,4.65,1.5,4.25,1.5,4.65,1.5,4.516666666666667,0.18856180831641287,0.40000000000000036,4.25,4.65,1.5,0.0,0.0,1.5,1.5
000165,3.85,2.75,4.75,3.85,4.12,3.65,4.239999999999999,0.37709415269929597,0.8999999999999999,3.85,4.75,3.4166666666666665,0.47842333648024415,1.1,2.75,3.85
000166,4.85,1.5,4.2,1.5,4.85,1.5,4.633333333333334,0.30641293851417034,0.6499999999999995,4.2,4.85,1.5,0.0,0.0,1.5,1.5
000167,3.85,1.5,4.15,1.5,4.35,1.5,4.116666666666666,0.2054804667656324,0.49999999999999956,3.85,4.35,1.5,0.0,0.0,1.5,1.5
000168,4.25,4.1,4.12,3.85,4.25,4.1,4.206666666666667,0.06128258770283406,0.1299999999999999,4.12,4.25,4.016666666666667,0.11785113019775771,0.24999999999999956,3.85,4.1
000169,4.85,3.0,4.75,3.0,4.25,3.0,4.616666666666666,0.26246692913372693,0.5999999999999996,4.25,4.85,3.0,0.0,0.0,3.0,3.0
000170,4.12,3.28,4.35,2.25,4.23,2.87,4.233333333333333,0.09392668535736894,0.22999999999999954,4.12,4.35,2.7999999999999994,0.4233989450467096,1.0299999999999998,2.25,3.28
000171,3.85,3.65,4.12,3.85,4.15,3.85,4.04,0.13490737563232047,0.30000000000000027,3.85,4.15,3.783333333333333,0.09428090415820643,0.20000000000000018,3.65,3.85
000172,4.25,4.1,4.12,3.65,4.85,4.2,4.406666666666667,0.31794478905761103,0.7299999999999995,4.12,4.85,3.983333333333333,0.2392116682401221,0.5500000000000003,3.65,4.2
000173,3.75,3.2,3.85,4.12,4.12,3.85,3.9066666666666663,0.15627610892974728,0.3700000000000001,3.75,4.12,3.723333333333333,0.3861203036475664,0.9199999999999999,3.2,4.12
000174,4.12,4.35,4.25,3.75,3.85,3.65,4.073333333333333,0.16659998666133063,0.3999999999999999,3.85,4.25,3.9166666666666665,0.3091206165165233,0.6999999999999997,3.65,4.35
000175,4.12,3.85,3.75,2.35,3.85,3.65,3.9066666666666667,0.15627610892974728,0.3700000000000001,3.75,4.12,3.283333333333333,0.6649979114420002,1.5,2.35,3.85
000176,4.12,3.85,4.12,3.85,4.12,3.85,4.12,0.0,0.0,4.12,4.12,3.85,0.0,0.0,3.85,3.85
000177,2.85,2.65,1.25,3.15,3.25,2.15,2.4499999999999997,0.8640987597877147,2.0,1.25,3.25,2.65,0.408248290463863,1.0,2.15,3.15
000178,3.45,3.82,2.85,2.15,3.45,2.15,3.25,0.28284271247461906,0.6000000000000001,2.85,3.45,2.7066666666666666,0.7872455497210229,1.67,2.15,3.82
000179,3.82,3.45,4.12,3.85,4.75,4.2,4.2299999999999995,0.38755644750152207,0.9300000000000002,3.82,4.75,3.8333333333333335,0.3064129385141706,0.75,3.45,4.2
000180,3.65,1.5,3.82,1.5,3.65,1.5,3.7066666666666666,0.08013876853447535,0.16999999999999993,3.65,3.82,1.5,0.0,0.0,1.5,1.5
000181,3.45,1.5,3.42,1.5,4.25,1.5,3.706666666666667,0.38438984840335666,0.8300000000000001,3.42,4.25,1.5,0.0,0.0,1.5,1.5
000182,3.82,1.5,3.82,1.5,3.82,1.5,3.82,0.0,0.0,3.82,3.82,1.5,0.0,0.0,1.5,1.5
000183,2.85,2.65,2.15,2.35,3.2,2.8,2.733333333333333,0.43652669512362663,1.0500000000000003,2.15,3.2,2.6,0.18708286933869697,0.44999999999999973,2.35,2.8
000184,2.85,1.5,2.85,1.5,3.82,1.5,3.1733333333333333,0.4572623851673006,0.9699999999999998,2.85,3.82,1.5,0.0,0.0,1.5,1.5
000185,4.12,2.35,4.25,3.85,4.25,3.85,4.206666666666667,0.06128258770283406,0.1299999999999999,4.12,4.25,3.35,0.7071067811865476,1.5,2.35,3.85
000186,3.42,3.85,4.12,3.65,2.85,3.2,3.4633333333333334,0.5193799722318484,1.27,2.85,4.12,3.5666666666666664,0.2718251071716681,0.6499999999999999,3.2,3.85
000187,1.85,1.23,1.23,1.5,1.85,1.5,1.6433333333333333,0.29227080289043966,0.6200000000000001,1.23,1.85,1.4100000000000001,0.12727922061357858,0.27,1.23,1.5
000188,4.13,3.0,4.25,2.35,4.25,3.0,4.21,0.05656854249492385,0.1200000000000001,4.13,4.25,2.783333333333333,0.30641293851417056,0.6499999999999999,2.35,3.0
000189,2.15,1.5,1.85,1.23,2.15,1.5,2.0500000000000003,0.14142135623730942,0.2999999999999998,1.85,2.15,1.4100000000000001,0.12727922061357858,0.27,1.23,1.5
000190,4.12,1.5,3.82,1.5,4.25,1.5,4.0633333333333335,0.18006171781426014,0.43000000000000016,3.82,4.25,1.5,0.0,0.0,1.5,1.5
000191,4.85,4.92,4.85,4.92,4.95,4.98,4.883333333333333,0.04714045207910342,0.10000000000000053,4.85,4.95,4.94,0.028284271247462134,0.0600000000000005,4.92,4.98
000192,4.2,1.5,4.15,1.5,4.25,1.5,4.2,0.04082482904638616,0.09999999999999964,4.15,4.25,1.5,0.0,0.0,1.5,1.5
000193,4.2,3.0,4.35,3.0,4.25,3.0,4.266666666666667,0.06236095644623214,0.14999999999999947,4.2,4.35,3.0,0.0,0.0,3.0,3.0
000194,4.12,1.5,4.12,1.5,4.72,1.5,4.32,0.28284271247461884,0.5999999999999996,4.12,4.72,1.5,0.0,0.0,1.5,1.5
000195,3.85,3.2,4.25,3.85,4.13,2.2,4.076666666666667,0.16759740119968708,0.3999999999999999,3.85,4.25,3.0833333333333335,0.6786424357167444,1.65,2.2,3.85
000196,3.45,1.5,3.25,1.5,3.65,1.5,3.4499999999999997,0.16329931618554516,0.3999999999999999,3.25,3.65,1.5,0.0,0.0,1.5,1.5
000197,4.25,3.0,3.82,2.15,4.25,2.85,4.1066666666666665,0.20270394394014368,0.43000000000000016,3.82,4.25,2.6666666666666665,0.3704351795148812,0.8500000000000001,2.15,3.0
000198,4.65,3.85,4.35,3.85,4.35,2.85,4.45,0.14142135623730984,0.3000000000000007,4.35,4.65,3.516666666666667,0.4714045207910317,1.0,2.85,3.85
000199,4.21,2.87,4.44,1.75,4.12,2.85,4.256666666666667,0.13474255287605172,0.3200000000000003,4.12,4.44,2.49,0.5233227175144097,1.12,1.75,2.87
000200,3.85,1.5,3.45,1.5,3.85,1.5,3.716666666666667,0.18856180831641264,0.3999999999999999,3.45,3.85,1.5,0.0,0.0,1.5,1.5
000201,3.85,2.0,3.82,2.0,3.82,2.0,3.83,0.014142135623731067,0.03000000000000025,3.82,3.85,2.0,0.0,0.0,2.0,2.0
000202,3.85,1.5,3.82,1.5,3.82,1.5,3.83,0.014142135623731067,0.03000000000000025,3.82,3.85,1.5,0.0,0.0,1.5,1.5
000203,3.82,2.0,4.12,2.0,4.25,2.0,4.0633333333333335,0.18006171781426014,0.43000000000000016,3.82,4.25,2.0,0.0,0.0,2.0,2.0
000204,3.82,2.15,2.85,3.12,1.85,2.6,2.84,0.8042802165083177,1.9699999999999998,1.85,3.82,2.623333333333333,0.3963444069100621,0.9700000000000002,2.15,3.12
000205,3.42,1.5,3.2,1.5,3.25,1.5,3.2900000000000005,0.09416297927883681,0.21999999999999975,3.2,3.42,1.5,0.0,0.0,1.5,1.5
000206,3.25,1.5,3.42,1.5,2.85,1.5,3.1733333333333333,0.23893281249943227,0.5699999999999998,2.85,3.42,1.5,0.0,0.0,1.5,1.5
000207,4.85,3.72,4.85,4.2,4.85,3.75,4.85,0.0,0.0,4.85,4.85,3.89,0.21954498400100153,0.48,3.72,4.2
000208,3.2,2.8,3.25,2.15,1.25,5.0,2.566666666666667,0.9312476696465997,2.0,1.25,3.25,3.3166666666666664,1.2195172086617811,2.85,2.15,5.0
000209,3.42,2.0,4.2,2.0,3.85,2.0,3.8233333333333337,0.31899146627387326,0.7800000000000002,3.42,4.2,2.0,0.0,0.0,2.0,2.0
000210,4.12,1.5,4.25,1.5,3.85,1.5,4.073333333333333,0.16659998666133063,0.3999999999999999,3.85,4.25,1.5,0.0,0.0,1.5,1.5
000211,4.25,1.5,4.2,1.5,4.2,1.5,4.216666666666666,0.0235702260395515,0.04999999999999982,4.2,4.25,1.5,0.0,0.0,1.5,1.5
000212,4.85,4.9,4.35,3.82,4.72,3.85,4.64,0.2118175315375634,0.5,4.35,4.85,4.19,0.502195181179589,1.0800000000000005,3.82,4.9
000213,1.25,1.5,0.85,1.5,1.25,1.5,1.1166666666666667,0.18856180831641267,0.4,0.85,1.25,1.5,0.0,0.0,1.5,1.5
000214,4.2,1.5,4.2,1.5,3.85,1.5,4.083333333333333,0.16499158227686112,0.3500000000000001,3.85,4.2,1.5,0.0,0.0,1.5,1.5
000215,4.92,4.35,4.85,3.65,4.92,4.85,4.8966666666666665,0.03299831645537235,0.07000000000000028,4.85,4.92,4.283333333333333,0.4921607686744466,1.1999999999999997,3.65,4.85
000216,4.25,1.5,4.25,1.5,4.12,1.5,4.206666666666667,0.06128258770283406,0.1299999999999999,4.12,4.25,1.5,0.0,0.0,1.5,1.5
000217,4.2,1.5,3.85,1.5,4.12,1.5,4.0566666666666675,0.1497405163014414,0.3500000000000001,3.85,4.2,1.5,0.0,0.0,1.5,1.5
000218,4.25,2.0,4.65,2.0,4.72,2.0,4.54,0.20704266871026045,0.46999999999999975,4.25,4.72,2.0,0.0,0.0,2.0,2.0
000219,1.85,1.5,1.25,1.5,1.85,1.5,1.6500000000000001,0.28284271247461906,0.6000000000000001,1.25,1.85,1.5,0.0,0.0,1.5,1.5
000220,4.65,2.75,4.25,1.5,4.2,1.5,4.366666666666667,0.20138409955990966,0.4500000000000002,4.2,4.65,1.9166666666666667,0.5892556509887895,1.25,1.5,2.75
000221,4.25,3.85,3.82,3.45,3.82,2.15,3.9633333333333334,0.20270394394014368,0.43000000000000016,3.82,4.25,3.1500000000000004,0.7257180352359082,1.7000000000000002,2.15,3.85
000222,4.85,3.65,4.85,3.8,4.75,3.85,4.816666666666666,0.047140452079103,0.09999999999999964,4.75,4.85,3.766666666666666,0.08498365855987979,0.20000000000000018,3.65,3.85
000223,4.85,4.2,4.85,3.65,4.92,4.15,4.873333333333333,0.03299831645537235,0.07000000000000028,4.85,4.92,4.0,0.24832774042918918,0.5500000000000003,3.65,4.2
000224,4.12,3.45,4.92,4.65,4.35,3.85,4.463333333333333,0.336286914537109,0.7999999999999998,4.12,4.92,3.983333333333334,0.4988876515698589,1.2000000000000002,3.45,4.65
000225,4.75,3.85,4.92,3.85,4.75,3.2,4.806666666666667,0.08013876853447535,0.16999999999999993,4.75,4.92,3.6333333333333333,0.30641293851417056,0.6499999999999999,3.2,3.85
000226,4.85,3.65,4.95,4.92,4.92,4.15,4.906666666666667,0.041899350299922,0.10000000000000053,4.85,4.95,4.24,0.5223664103545199,1.27,3.65,4.92
000227,4.85,3.65,4.85,3.75,4.85,3.75,4.85,0.0,0.0,4.85,4.85,3.716666666666667,0.047140452079103216,0.10000000000000009,3.65,3.75
000228,4.25,2.8,3.42,2.68,4.38,2.55,4.016666666666667,0.4252319628417203,0.96,3.42,4.38,2.676666666666667,0.10208928554075702,0.25,2.55,2.8
000229,4.85,3.65,4.75,3.85,4.85,3.65,4.816666666666666,0.047140452079103,0.09999999999999964,4.75,4.85,3.716666666666667,0.09428090415820643,0.20000000000000018,3.65,3.85
000230,4.95,4.98,4.85,3.75,4.85,4.2,4.883333333333334,0.047140452079103425,0.10000000000000053,4.85,4.95,4.31,0.5081338406365001,1.2300000000000004,3.75,4.98
000231,3.85,3.6,3.85,2.65,3.25,2.8,3.65,0.28284271247461906,0.6000000000000001,3.25,3.85,3.016666666666667,0.4169998667732269,0.9500000000000002,2.65,3.6
000232,4.75,4.2,4.75,3.15,4.25,3.85,4.583333333333333,0.23570226039551584,0.5,4.25,4.75,3.733333333333333,0.43652669512362663,1.0500000000000003,3.15,4.2
000233,3.82,1.47,4.85,4.2,4.75,3.85,4.473333333333334,0.4637767662236746,1.0299999999999998,3.82,4.85,3.1733333333333333,1.2128845323809225,2.7300000000000004,1.47,4.2
000234,1.25,1.5,2.85,3.45,2.85,3.72,2.3166666666666664,0.7542472332656507,1.6,1.25,2.85,2.89,0.9890399385262458,2.22,1.5,3.72
000235,4.85,4.92,4.85,4.2,4.75,4.9,4.816666666666666,0.047140452079103,0.09999999999999964,4.75,4.85,4.673333333333334,0.3347967874530592,0.7199999999999998,4.2,4.92
000236,4.15,3.85,4.85,4.95,4.85,4.95,4.616666666666666,0.32998316455372184,0.6999999999999993,4.15,4.85,4.583333333333333,0.5185449728701349,1.1,3.85,4.95
000237,4.95,4.98,4.92,4.85,4.95,4.98,4.94,0.014142135623731067,0.03000000000000025,4.92,4.95,4.9366666666666665,0.061282587702834485,0.13000000000000078,4.85,4.98
000238,4.92,4.85,4.75,4.25,4.75,4.85,4.806666666666667,0.08013876853447535,0.16999999999999993,4.75,4.92,4.6499999999999995,0.28284271247461884,0.5999999999999996,4.25,4.85
000239,4.62,3.85,4.25,3.85,4.62,3.85,4.496666666666667,0.17441967269268177,0.3700000000000001,4.25,4.62,3.85,0.0,0.0,3.85,3.85
000240,3.82,2.15,4.15,2.65,4.85,3.75,4.273333333333333,0.42944408509399934,1.0299999999999998,3.82,4.85,2.85,0.6683312551921141,1.6,2.15,3.75
000241,3.2,2.0,3.82,2.0,2.85,2.0,3.2899999999999996,0.40108187027920694,0.9699999999999998,2.85,3.82,2.0,0.0,0.0,2.0,2.0
000242,4.65,4.2,4.25,3.85,4.25,3.85,4.383333333333334,0.18856180831641287,0.40000000000000036,4.25,4.65,3.966666666666667,0.16499158227686112,0.3500000000000001,3.85,4.2
000243,4.2,3.8,4.25,3.85,4.25,3.15,4.233333333333333,0.0235702260395515,0.04999999999999982,4.2,4.25,3.6,0.3188521078284832,0.7000000000000002,3.15,3.85
000244,4.15,3.82,4.15,2.35,4.25,3.85,4.183333333333334,0.047140452079103,0.09999999999999964,4.15,4.25,3.34,0.7001428425685718,1.5,2.35,3.85
000245,4.15,2.85,4.72,3.0,4.65,1.35,4.506666666666667,0.2538153309440195,0.5699999999999994,4.15,4.72,2.4,0.744983221287567,1.65,1.35,3.0
000246,3.82,1.47,4.25,2.15,4.12,2.85,4.0633333333333335,0.18006171781426014,0.43000000000000016,3.82,4.25,2.1566666666666667,0.563402362634576,1.3800000000000001,1.47,2.85
000247,3.75,2.85,4.15,3.0,3.82,2.47,3.9066666666666667,0.1744196726926819,0.40000000000000036,3.75,4.15,2.7733333333333334,0.22305953365762135,0.5299999999999998,2.47,3.0
000248,4.85,3.8,4.85,3.65,4.65,3.85,4.783333333333333,0.094280904158206,0.1999999999999993,4.65,4.85,3.766666666666666,0.08498365855987979,0.20000000000000018,3.65,3.85
000249,4.15,2.85,4.75,1.65,4.25,3.0,4.383333333333334,0.26246692913372693,0.5999999999999996,4.15,4.75,2.5,0.6041522986797286,1.35,1.65,3.0
000250,2.85,1.5,3.85,1.5,2.85,1.5,3.1833333333333336,0.4714045207910317,1.0,2.85,3.85,1.5,0.0,0.0,1.5,1.5
000251,4.15,1.5,4.15,1.5,4.15,1.5,4.15,0.0,0.0,4.15,4.15,1.5,0.0,0.0,1.5,1.5
000252,4.25,2.0,4.25,2.0,4.25,2.0,4.25,0.0,0.0,4.25,4.25,2.0,0.0,0.0,2.0,2.0
000253,4.12,2.0,4.32,2.0,4.15,2.0,4.196666666666667,0.08806563209081943,0.20000000000000018,4.12,4.32,2.0,0.0,0.0,2.0,2.0
000254,4.12,1.5,4.35,1.5,4.2,1.5,4.223333333333333,0.09533566430716707,0.22999999999999954,4.12,4.35,1.5,0.0,0.0,1.5,1.5
000255,4.2,1.5,4.2,1.5,4.2,1.5,4.2,0.0,0.0,4.2,4.2,1.5,0.0,0.0,1.5,1.5
000256,4.75,2.0,4.25,2.0,3.82,2.0,4.273333333333333,0.38002923864121596,0.9300000000000002,3.82,4.75,2.0,0.0,0.0,2.0,2.0
000257,3.82,1.5,3.2,1.5,3.65,1.5,3.5566666666666666,0.26157641755751254,0.6199999999999997,3.2,3.82,1.5,0.0,0.0,1.5,1.5
000258,4.2,1.5,4.12,1.5,3.25,1.5,3.856666666666667,0.43021958217739104,0.9500000000000002,3.25,4.2,1.5,0.0,0.0,1.5,1.5
000259,3.85,1.5,3.82,1.5,4.25,1.5,3.973333333333333,0.1960158723731888,0.43000000000000016,3.82,4.25,1.5,0.0,0.0,1.5,1.5
000260,3.65,1.5,4.12,1.5,3.82,1.5,3.8633333333333333,0.19430788855719572,0.4700000000000002,3.65,4.12,1.5,0.0,0.0,1.5,1.5
000261,3.2,2.1,3.82,1.47,3.85,1.25,3.623333333333333,0.2995923155816175,0.6499999999999999,3.2,3.85,1.6066666666666667,0.3602159845919606,0.8500000000000001,1.25,2.1
000262,4.38,3.7,4.92,4.75,4.25,3.85,4.516666666666667,0.2900957696271277,0.6699999999999999,4.25,4.92,4.1,0.4636809247747851,1.0499999999999998,3.7,4.75
000263,3.25,3.0,3.82,2.4,3.42,2.18,3.4966666666666666,0.23893281249943227,0.5699999999999998,3.25,3.82,2.526666666666667,0.34653843782312066,0.8199999999999998,2.18,3.0
000264,4.85,3.2,4.85,3.65,4.25,3.1,4.6499999999999995,0.28284271247461884,0.5999999999999996,4.25,4.85,3.3166666666666664,0.23921166824012197,0.5499999999999998,3.1,3.65
000265,4.25,2.0,4.25,2.0,4.12,2.0,4.206666666666667,0.06128258770283406,0.1299999999999999,4.12,4.25,2.0,0.0,0.0,2.0,2.0
000266,4.25,1.5,4.2,1.5,4.2,1.5,4.216666666666666,0.0235702260395515,0.04999999999999982,4.2,4.25,1.5,0.0,0.0,1.5,1.5
000267,4.65,3.82,4.25,3.15,4.12,2.85,4.34,0.22553639765383043,0.5300000000000002,4.12,4.65,3.2733333333333334,0.40549010126293117,0.9699999999999998,2.85,3.82
000268,3.82,1.5,3.85,1.5,4.12,1.5,3.9299999999999997,0.13490737563232047,0.30000000000000027,3.82,4.12,1.5,0.0,0.0,1.5,1.5
000269,4.65,4.12,4.65,4.2,4.65,3.82,4.65,0.0,0.0,4.65,4.65,4.046666666666667,0.16357125528513744,0.38000000000000034,3.82,4.2
000270,4.85,4.2,4.85,3.65,4.85,4.2,4.85,0.0,0.0,4.85,4.85,4.016666666666667,0.25927248643506756,0.5500000000000003,3.65,4.2
000271,4.12,1.5,4.25,1.5,3.82,1.5,4.0633333333333335,0.18006171781426014,0.43000000000000016,3.82,4.25,1.5,0.0,0.0,1.5,1.5
000272,4.75,2.0,4.12,2.0,4.75,2.0,4.54,0.2969848480983499,0.6299999999999999,4.12,4.75,2.0,0.0,0.0,2.0,2.0
000273,4.12,2.0,4.85,2.0,4.25,2.0,4.406666666666666,0.31794478905761103,0.7299999999999995,4.12,4.85,2.0,0.0,0.0,2.0,2.0
000274,4.85,4.2,4.85,3.75,4.85,3.75,4.85,0.0,0.0,4.85,4.85,3.9,0.21213203435596434,0.4500000000000002,3.75,4.2
000275,4.2,3.1,4.92,4.15,4.35,2.85,4.49,0.3101612483854164,0.7199999999999998,4.2,4.92,3.3666666666666667,0.5632248416238601,1.3000000000000003,2.85,4.15
000276,4.95,4.85,4.92,3.85,5.0,4.0,4.956666666666667,0.03299831645537223,0.08000000000000007,4.92,5.0,4.233333333333333,0.44032816045409673,0.9999999999999996,3.85,4.85
000277,3.82,3.45,4.2,3.8,3.82,3.45,3.9466666666666668,0.1791337179005922,0.38000000000000034,3.82,4.2,3.5666666666666664,0.16499158227686092,0.34999999999999964,3.45,3.8
000278,4.85,3.72,4.85,3.75,4.75,3.85,4.816666666666666,0.047140452079103,0.09999999999999964,4.75,4.85,3.7733333333333334,0.0555777733351102,0.1299999999999999,3.72,3.85
000279,4.35,3.0,4.65,3.0,4.12,3.0,4.373333333333334,0.21699974398346403,0.5300000000000002,4.12,4.65,3.0,0.0,0.0,3.0,3.0
000280,4.65,2.0,3.82,2.0,3.82,2.0,4.096666666666667,0.3912657522565565,0.8300000000000005,3.82,4.65,2.0,0.0,0.0,2.0,2.0
000281,3.25,1.5,3.25,1.5,3.25,1.5,3.25,0.0,0.0,3.25,3.25,1.5,0.0,0.0,1.5,1.5
000282,4.85,3.0,4.85,3.0,4.65,3.0,4.783333333333333,0.094280904158206,0.1999999999999993,4.65,4.85,3.0,0.0,0.0,3.0,3.0
000283,1.25,1.5,2.15,1.5,1.25,1.5,1.55,0.42426406871192845,0.8999999999999999,1.25,2.15,1.5,0.0,0.0,1.5,1.5
000284,4.65,2.85,4.85,2.15,4.85,2.15,4.783333333333333,0.094280904158206,0.1999999999999993,4.65,4.85,2.3833333333333333,0.32998316455372223,0.7000000000000002,2.15,2.85
000285,3.82,1.5,3.82,1.5,3.82,1.5,3.82,0.0,0.0,3.82,3.82,1.5,0.0,0.0,1.5,1.5
000286,4.65,3.0,4.25,3.0,4.65,2.15,4.516666666666667,0.18856180831641287,0.40000000000000036,4.25,4.65,2.716666666666667,0.40069384267237695,0.8500000000000001,2.15,3.0
000287,4.85,3.65,4.85,3.65,4.85,4.2,4.85,0.0,0.0,4.85,4.85,3.8333333333333335,0.25927248643506756,0.5500000000000003,3.65,4.2
000288,3.75,1.5,3.2,1.5,4.25,1.5,3.733333333333333,0.42882267767562016,1.0499999999999998,3.2,4.25,1.5,0.0,0.0,1.5,1.5
000289,4.65,2.85,4.35,3.0,4.65,2.85,4.55,0.14142135623730984,0.3000000000000007,4.35,4.65,2.9,0.07071067811865471,0.1499999999999999,2.85,3.0
000290,4.25,2.15,4.25,2.85,4.25,3.0,4.25,0.0,0.0,4.25,4.25,2.6666666666666665,0.3704351795148812,0.8500000000000001,2.15,3.0
000291,4.35,2.0,4.35,2.0,4.35,2.0,4.35,0.0,0.0,4.35,4.35,2.0,0.0,0.0,2.0,2.0
000292,3.85,1.5,3.45,1.5,3.82,1.5,3.706666666666667,0.18190351532856328,0.3999999999999999,3.45,3.85,1.5,0.0,0.0,1.5,1.5
000293,3.45,1.5,3.42,1.5,3.42,1.5,3.4299999999999997,0.014142135623731067,0.03000000000000025,3.42,3.45,1.5,0.0,0.0,1.5,1.5
000294,3.85,1.5,3.85,1.5,4.25,1.5,3.983333333333333,0.18856180831641264,0.3999999999999999,3.85,4.25,1.5,0.0,0.0,1.5,1.5
000295,4.12,1.85,3.65,1.5,3.42,1.5,3.73,0.2913188402192119,0.7000000000000002,3.42,4.12,1.6166666666666665,0.16499158227686114,0.3500000000000001,1.5,1.85
000296,3.45,1.5,3.82,1.5,3.82,1.5,3.6966666666666668,0.17441967269268158,0.36999999999999966,3.45,3.82,1.5,0.0,0.0,1.5,1.5
000297,3.82,1.47,3.25,1.5,3.42,1.5,3.4966666666666666,0.23893281249943227,0.5699999999999998,3.25,3.82,1.49,0.014142135623730963,0.030000000000000027,1.47,1.5
000298,3.85,1.5,3.85,1.5,3.25,1.5,3.65,0.28284271247461906,0.6000000000000001,3.25,3.85,1.5,0.0,0.0,1.5,1.5
000299,4.35,2.0,3.82,2.0,4.12,2.0,4.096666666666667,0.2169997439834639,0.5299999999999998,3.82,4.35,2.0,0.0,0.0,2.0,2.0
000300,4.2,3.0,4.72,3.0,4.23,2.87,4.383333333333334,0.23837412238374808,0.5199999999999996,4.2,4.72,2.956666666666667,0.06128258770283406,0.1299999999999999,2.87,3.0
000301,4.12,1.5,4.12,1.5,4.2,1.5,4.146666666666667,0.03771236166328257,0.08000000000000007,4.12,4.2,1.5,0.0,0.0,1.5,1.5
000302,4.65,2.35,4.65,2.35,4.85,3.0,4.716666666666667,0.094280904158206,0.1999999999999993,4.65,4.85,2.566666666666667,0.30641293851417056,0.6499999999999999,2.35,3.0
000303,4.72,3.85,4.25,2.75,4.65,3.42,4.54,0.20704266871026045,0.46999999999999975,4.25,4.72,3.34,0.452621990922521,1.1,2.75,3.85
000304,4.15,2.0,4.25,2.0,3.82,2.0,4.073333333333333,0.18372685039360906,0.43000000000000016,3.82,4.25,2.0,0.0,0.0,2.0,2.0
000305,4.12,1.5,4.12,1.5,4.2,1.5,4.146666666666667,0.03771236166328257,0.08000000000000007,4.12,4.2,1.5,0.0,0.0,1.5,1.5
000306,3.82,2.47,3.82,2.15,4.2,2.8,3.9466666666666668,0.17913371790059218,0.38000000000000034,3.82,4.2,2.473333333333333,0.2653718564999352,0.6499999999999999,2.15,2.8
000307,4.25,1.5,3.25,1.5,4.25,1.5,3.9166666666666665,0.4714045207910317,1.0,3.25,4.25,1.5,0.0,0.0,1.5,1.5
000308,4.65,2.0,4.75,2.0,4.23,2.0,4.543333333333334,0.2252899366495439,0.5199999999999996,4.23,4.75,2.0,0.0,0.0,2.0,2.0
000309,4.25,1.5,4.25,1.5,4.12,1.5,4.206666666666667,0.06128258770283406,0.1299999999999999,4.12,4.25,1.5,0.0,0.0,1.5,1.5
000310,4.75,1.5,4.85,1.5,4.72,1.5,4.773333333333333,0.05557777333511014,0.1299999999999999,4.72,4.85,1.5,0.0,0.0,1.5,1.5
000311,4.75,3.82,4.25,3.1,1.85,2.65,3.6166666666666667,1.2657891697365016,2.9,1.85,4.75,3.19,0.4818713521262703,1.17,2.65,3.82
000312,2.78,3.5,1.25,4.15,1.85,1.2,1.9599999999999997,0.6294441992742486,1.5299999999999998,1.25,2.78,2.9499999999999997,1.2655697004379753,2.95,1.2,4.15
000313,2.85,1.92,2.15,2.3,1.85,2.0,2.283333333333333,0.41899350299921784,1.0,1.85,2.85,2.0733333333333333,0.16357125528513722,0.3799999999999999,1.92,2.3
000314,2.78,2.35,3.45,2.15,3.33,1.1,3.186666666666667,0.2916999980954559,0.6700000000000004,2.78,3.45,1.8666666666666665,0.5482294734466175,1.25,1.1,2.35
000315,3.82,2.15,1.85,2.75,1.85,2.35,2.5066666666666664,0.9286669059583323,1.9699999999999998,1.85,3.82,2.4166666666666665,0.24944382578492946,0.6000000000000001,2.15,2.75
000316,4.44,5.0,4.12,3.85,4.65,3.85,4.403333333333333,0.21791945504908214,0.5300000000000002,4.12,4.65,4.233333333333333,0.5421151989096864,1.15,3.85,5.0
000317,1.25,2.15,3.75,1.5,2.15,0.45,2.3833333333333333,1.0338708279513882,2.5,1.25,3.75,1.3666666666666665,0.7003967129816897,1.7,0.45,2.15
000318,1.25,2.85,1.11,1.1,0.56,1.25,0.9733333333333335,0.29780679792256065,0.69,0.56,1.25,1.7333333333333334,0.7919736247011148,1.75,1.1,2.85
000319,3.82,1.5,3.75,1.5,3.82,2.18,3.796666666666667,0.03299831645537214,0.06999999999999984,3.75,3.82,1.7266666666666666,0.32055507413790163,0.6800000000000002,1.5,2.18
000320,3.42,2.18,4.25,3.15,3.82,2.15,3.83,0.33891985286593446,0.8300000000000001,3.42,4.25,2.4933333333333336,0.4644949467492144,1.0,2.15,3.15
000321,2.85,3.42,1.85,3.42,2.15,3.85,2.283333333333333,0.41899350299921784,1.0,1.85,2.85,3.563333333333333,0.20270394394014368,0.43000000000000016,3.42,3.85
000322,2.85,3.2,2.85,3.12,2.15,2.85,2.6166666666666667,0.32998316455372223,0.7000000000000002,2.15,2.85,3.0566666666666666,0.1497405163014414,0.3500000000000001,2.85,3.2
000323,4.15,1.5,4.29,0.1,4.29,0.1,4.243333333333333,0.06599663291074429,0.13999999999999968,4.15,4.29,0.5666666666666668,0.6599663291074443,1.4,0.1,1.5
000324,4.85,3.2,4.75,3.85,4.65,3.2,4.75,0.08164965809277232,0.1999999999999993,4.65,4.85,3.4166666666666665,0.30641293851417056,0.6499999999999999,3.2,3.85
000325,4.85,2.1,3.82,2.15,2.15,3.85,3.606666666666667,1.1125446308151217,2.6999999999999997,2.15,4.85,2.6999999999999997,0.8134289561274953,1.75,2.1,3.85
000326,3.82,1.47,3.65,1.55,3.82,1.47,3.763333333333333,0.08013876853447535,0.16999999999999993,3.65,3.82,1.4966666666666668,0.03771236166328257,0.08000000000000007,1.47,1.55
000327,4.65,3.85,4.65,4.2,2.85,1.42,4.05,0.8485281374238571,1.8000000000000003,2.85,4.65,3.1566666666666667,1.2362937443108828,2.7800000000000002,1.42,4.2
000328,4.25,3.85,4.2,3.1,2.15,3.2,3.533333333333333,0.9783773414292781,2.1,2.15,4.25,3.3833333333333333,0.332498955721,0.75,3.1,3.85
000329,2.45,2.15,3.42,2.85,3.42,2.15,3.0966666666666662,0.4572623851673006,0.9699999999999998,2.45,3.42,2.3833333333333333,0.32998316455372223,0.7000000000000002,2.15,2.85
000330,4.35,1.5,3.82,1.5,4.65,1.5,4.273333333333333,0.3431552936434985,0.8300000000000005,3.82,4.65,1.5,0.0,0.0,1.5,1.5
000331,5.0,5.0,5.0,5.0,4.85,1.5,4.95,0.07071067811865492,0.15000000000000036,4.85,5.0,3.8333333333333335,1.649915822768611,3.5,1.5,5.0
000332,4.15,1.5,4.85,2.15,4.75,3.82,4.583333333333333,0.3091206165165232,0.6999999999999993,4.15,4.85,2.4899999999999998,0.9771727926352977,2.32,1.5,3.82
000333,3.85,1.5,4.85,1.5,4.29,3.7,4.329999999999999,0.40922691341927464,0.9999999999999996,3.85,4.85,2.2333333333333334,1.0370899457402698,2.2,1.5,3.7
000334,4.25,3.15,4.2,3.8,4.2,2.8,4.216666666666666,0.0235702260395515,0.04999999999999982,4.2,4.25,3.25,0.4143267631552018,1.0,2.8,3.8
000335,5.0,5.0,4.92,4.85,4.85,2.15,4.923333333333333,0.061282587702834256,0.15000000000000036,4.85,5.0,4.0,1.3095800853708794,2.85,2.15,5.0
000336,4.85,3.75,4.92,4.15,4.85,4.9,4.873333333333333,0.03299831645537235,0.07000000000000028,4.85,4.92,4.266666666666667,0.4766783215358365,1.1500000000000004,3.75,4.9
000337,3.82,2.47,4.52,2.38,4.23,2.87,4.19,0.28717010057919784,0.6999999999999997,3.82,4.52,2.5733333333333333,0.21296843793284387,0.4900000000000002,2.38,2.87
000338,4.52,3.18,3.82,2.47,4.75,2.25,4.363333333333333,0.3955024933198554,0.9300000000000002,3.82,4.75,2.6333333333333333,0.39684869772860404,0.9300000000000002,2.25,3.18
000339,4.92,4.85,4.85,3.2,4.25,1.5,4.673333333333333,0.3007028803025042,0.6699999999999999,4.25,4.92,3.1833333333333336,1.3676825492619094,3.3499999999999996,1.5,4.85
000340,4.35,3.82,4.72,3.85,4.2,2.8,4.423333333333333,0.21853044537445004,0.5199999999999996,4.2,4.72,3.4899999999999998,0.48805737367649726,1.0500000000000003,2.8,3.85
000341,4.85,3.75,4.32,3.78,4.85,3.8,4.673333333333333,0.2498443960192465,0.5299999999999994,4.32,4.85,3.776666666666666,0.020548046676563177,0.04999999999999982,3.75,3.8
000342,4.72,2.65,4.64,2.25,4.85,3.65,4.736666666666666,0.08653836657164778,0.20999999999999996,4.64,4.85,2.85,0.5887840577551897,1.4,2.25,3.65
000343,4.72,3.85,4.65,2.85,4.12,3.28,4.496666666666667,0.26787227470485914,0.5999999999999996,4.12,4.72,3.3266666666666667,0.40957973040124385,1.0,2.85,3.85
000344,4.25,2.85,4.65,2.15,4.2,1.5,4.366666666666667,0.20138409955990966,0.4500000000000002,4.2,4.65,2.1666666666666665,0.5512611802847076,1.35,1.5,2.85
000345,4.32,2.85,4.65,3.2,4.65,2.85,4.54,0.1555634918610405,0.33000000000000007,4.32,4.65,2.966666666666667,0.16499158227686112,0.3500000000000001,2.85,3.2
000346,3.42,2.85,3.82,2.15,4.2,3.8,3.813333333333334,0.3184685576665651,0.7800000000000002,3.42,4.2,2.9333333333333336,0.6761820925033598,1.65,2.15,3.8
000347,4.65,3.82,4.72,2.35,4.12,2.85,4.496666666666667,0.26787227470485914,0.5999999999999996,4.12,4.72,3.0066666666666664,0.610264059422003,1.4699999999999998,2.35,3.82
000348,1.25,1.83,0.15,1.25,0.15,0.25,0.5166666666666666,0.5185449728701349,1.1,0.15,1.25,1.11,0.652584604987481,1.58,0.25,1.83
000349,4.72,3.85,4.32,2.18,4.32,2.87,4.453333333333333,0.18856180831641242,0.39999999999999947,4.32,4.72,2.966666666666667,0.6851925925525529,1.67,2.18,3.85
000350,4.65,1.5,4.85,1.5,4.65,1.5,4.716666666666667,0.094280904158206,0.1999999999999993,4.65,4.85,1.5,0.0,0.0,1.5,1.5
000351,4.25,1.5,4.65,1.5,4.85,1.5,4.583333333333333,0.24944382578492935,0.5999999999999996,4.25,4.85,1.5,0.0,0.0,1.5,1.5
000352,3.28,1.5,4.35,2.15,3.65,1.5,3.76,0.44369659303026726,1.0699999999999998,3.28,4.35,1.7166666666666668,0.30641293851417056,0.6499999999999999,1.5,2.15
000353,3.75,2.3,2.85,1.5,3.82,2.47,3.473333333333333,0.44168867869675904,0.9699999999999998,2.85,3.82,2.09,0.4229263135188761,0.9700000000000002,1.5,2.47
000354,4.75,1.5,4.25,1.5,3.82,1.5,4.273333333333333,0.38002923864121596,0.9300000000000002,3.82,4.75,1.5,0.0,0.0,1.5,1.5
000355,4.25,1.5,4.25,3.15,4.85,2.15,4.45,0.28284271247461884,0.5999999999999996,4.25,4.85,2.266666666666667,0.6786424357167444,1.65,1.5,3.15
000356,4.67,3.0,4.65,3.0,4.85,3.0,4.723333333333334,0.08993825042154668,0.1999999999999993,4.65,4.85,3.0,0.0,0.0,3.0,3.0
000357,4.85,3.72,4.85,3.2,4.85,3.72,4.85,0.0,0.0,4.85,4.85,3.546666666666667,0.2451303508113365,0.52,3.2,3.72
000358,4.25,2.15,4.35,3.85,4.12,1.5,4.239999999999999,0.09416297927883671,0.22999999999999954,4.12,4.35,2.5,0.9907909298467901,2.35,1.5,3.85
000359,4.85,3.0,4.85,3.0,4.85,3.0,4.85,0.0,0.0,4.85,4.85,3.0,0.0,0.0,3.0,3.0
000360,4.65,4.2,4.65,3.82,4.2,2.8,4.5,0.21213203435596434,0.4500000000000002,4.2,4.65,3.606666666666667,0.5911194652709572,1.4000000000000004,2.8,4.2
000361,4.65,3.85,4.12,2.85,4.75,3.85,4.506666666666667,0.2764456948882044,0.6299999999999999,4.12,4.75,3.516666666666667,0.4714045207910317,1.0,2.85,3.85
000362,4.2,1.8,4.2,1.8,2.15,1.25,3.516666666666667,0.9663792676216151,2.0500000000000003,2.15,4.2,1.6166666666666665,0.25927248643506745,0.55,1.25,1.8
000363,4.12,2.85,3.85,2.15,4.12,2.85,4.03,0.12727922061357858,0.27,3.85,4.12,2.6166666666666667,0.32998316455372223,0.7000000000000002,2.15,2.85
000364,4.12,3.78,4.12,3.78,4.25,3.85,4.163333333333333,0.06128258770283406,0.1299999999999999,4.12,4.25,3.8033333333333332,0.03299831645537235,0.07000000000000028,3.78,3.85
000365,1.25,1.15,1.85,1.25,3.25,2.85,2.1166666666666667,0.8379870059984357,2.0,1.25,3.25,1.75,0.7788880963698616,1.7000000000000002,1.15,2.85
000366,4.95,4.85,4.85,4.6,4.75,3.85,4.8500000000000005,0.08164965809277268,0.20000000000000018,4.75,4.95,4.433333333333333,0.4249182927993985,0.9999999999999996,3.85,4.85
000368,4.35,3.82,4.35,3.85,4.65,3.85,4.45,0.14142135623730984,0.3000000000000007,4.35,4.65,3.84,0.014142135623731067,0.03000000000000025,3.82,3.85
000369,4.12,2.85,4.65,3.82,4.12,2.87,4.296666666666667,0.2498443960192469,0.5300000000000002,4.12,4.65,3.1799999999999997,0.45262199092252087,0.9699999999999998,2.85,3.82
000370,3.65,2.85,4.65,2.85,3.85,2.15,4.05,0.43204937989385755,1.0000000000000004,3.65,4.65,2.6166666666666667,0.32998316455372223,0.7000000000000002,2.15,2.85
000371,3.82,1.47,1.85,1.2,3.82,2.47,3.1633333333333336,0.9286669059583323,1.9699999999999998,1.85,3.82,1.7133333333333336,0.546280351305282,1.2700000000000002,1.2,2.47
000372,4.65,3.85,4.35,3.12,4.65,3.85,4.55,0.14142135623730984,0.3000000000000007,4.35,4.65,3.606666666666667,0.34412530017745313,0.73,3.12,3.85
000373,4.65,3.82,4.35,2.15,4.65,3.12,4.55,0.14142135623730984,0.3000000000000007,4.35,4.65,3.03,0.6847383928674269,1.67,2.15,3.82
000374,4.44,1.75,3.82,2.15,4.12,2.35,4.126666666666666,0.25315783394730057,0.6200000000000006,3.82,4.44,2.0833333333333335,0.24944382578492946,0.6000000000000001,1.75,2.35
000375,4.23,3.17,3.82,3.45,3.82,2.15,3.956666666666667,0.19327585352432328,0.4100000000000006,3.82,4.23,2.9233333333333333,0.5586491644036434,1.3000000000000003,2.15,3.45
000376,4.85,3.75,4.75,3.85,4.85,3.75,4.816666666666666,0.047140452079103,0.09999999999999964,4.75,4.85,3.783333333333333,0.047140452079103216,0.10000000000000009,3.75,3.85
000377,4.67,3.85,4.35,3.1,4.75,3.85,4.59,0.1728197519575431,0.40000000000000036,4.35,4.75,3.6,0.3535533905932738,0.75,3.1,3.85
000378,4.12,2.85,4.2,3.5,4.35,2.65,4.223333333333334,0.09533566430716706,0.22999999999999954,4.12,4.35,3.0,0.362859017617954,0.8500000000000001,2.65,3.5
000379,4.35,2.45,4.12,1.35,4.65,3.85,4.373333333333333,0.21699974398346403,0.5300000000000002,4.12,4.65,2.5500000000000003,1.023067283548187,2.5,1.35,3.85
000380,4.75,1.5,3.82,1.5,3.82,1.47,4.13,0.4384062043356595,0.9300000000000002,3.82,4.75,1.49,0.014142135623730965,0.030000000000000027,1.47,1.5
000381,3.85,2.15,4.2,2.8,4.25,1.85,4.1000000000000005,0.17795130420052185,0.3999999999999999,3.85,4.25,2.266666666666666,0.39651257511234383,0.9499999999999997,1.85,2.8
000382,2.45,1.85,4.2,3.1,4.23,2.87,3.626666666666667,0.8321191154048934,1.7800000000000002,2.45,4.23,2.606666666666667,0.5432208472517314,1.25,1.85,3.1
000383,1.85,0.15,2.85,1.2,2.15,0.85,2.283333333333333,0.41899350299921784,1.0,1.85,2.85,0.7333333333333333,0.4365266951236265,1.05,0.15,1.2
000384,1.25,1.8,0.62,0.45,0.56,0.4,0.81,0.3120897306865447,0.69,0.56,1.25,0.8833333333333333,0.6485025486114573,1.4,0.4,1.8
000385,4.25,1.85,3.82,2.15,3.25,1.85,3.7733333333333334,0.4095797304012438,1.0,3.25,4.25,1.95,0.14142135623730942,0.2999999999999998,1.85,2.15
000386,4.25,2.85,4.12,2.38,4.12,3.45,4.163333333333334,0.06128258770283406,0.1299999999999999,4.12,4.25,2.893333333333333,0.4378990243829685,1.0700000000000003,2.38,3.45
000387,2.85,2.15,2.85,3.72,2.15,3.2,2.6166666666666667,0.32998316455372223,0.7000000000000002,2.15,2.85,3.0233333333333334,0.6530101241345515,1.5700000000000003,2.15,3.72
000388,4.72,1.5,2.15,1.5,4.85,1.5,3.9066666666666663,1.2432841813340807,2.6999999999999997,2.15,4.85,1.5,0.0,0.0,1.5,1.5
000389,4.12,2.85,4.2,2.8,4.35,2.75,4.223333333333334,0.09533566430716706,0.22999999999999954,4.12,4.35,2.8000000000000003,0.04082482904638634,0.10000000000000009,2.75,2.85
000390,3.25,2.15,3.42,2.85,2.85,1.75,3.1733333333333333,0.23893281249943227,0.5699999999999998,2.85,3.42,2.25,0.45460605656619524,1.1,1.75,2.85
000391,3.25,2.15,3.25,2.75,3.82,2.15,3.44,0.268700576850888,0.5699999999999998,3.25,3.82,2.35,0.28284271247461906,0.6000000000000001,2.15,2.75
000392,3.75,2.65,2.85,2.15,2.15,1.85,2.9166666666666665,0.6548960901462834,1.6,2.15,3.75,2.216666666666667,0.3299831645537221,0.7999999999999998,1.85,2.65
000393,3.75,2.85,4.12,3.68,4.12,3.85,3.9966666666666666,0.17441967269268177,0.3700000000000001,3.75,4.12,3.4600000000000004,0.4368828981164937,1.0,2.85,3.85
000394,3.25,2.85,3.25,2.15,3.82,2.15,3.44,0.268700576850888,0.5699999999999998,3.25,3.82,2.3833333333333333,0.32998316455372223,0.7000000000000002,2.15,2.85
000395,4.85,4.92,4.85,3.65,3.67,3.85,4.456666666666666,0.5562573345334172,1.1799999999999997,3.67,4.85,4.14,0.5575541827182957,1.27,3.65,4.92
000396,2.15,2.85,3.25,2.85,3.25,2.15,2.8833333333333333,0.5185449728701349,1.1,2.15,3.25,2.6166666666666667,0.32998316455372223,0.7000000000000002,2.15,2.85
000397,0.0,5.0,0.0,5.0,0.0,5.0,0.0,0.0,0.0,0.0,0.0,5.0,0.0,0.0,5.0,5.0
000398,0.56,2.55,0.0,5.0,0.65,4.2,0.4033333333333333,0.28755675768252936,0.65,0.0,0.65,3.9166666666666665,1.0200762498732905,2.45,2.55,5.0
000399,3.82,2.73,4.12,3.85,3.82,3.15,3.92,0.14142135623730964,0.30000000000000027,3.82,4.12,3.2433333333333336,0.46197643037521113,1.12,2.73,3.85
000400,4.65,2.85,4.2,3.1,4.35,2.15,4.4,0.1870828693386972,0.4500000000000002,4.2,4.65,2.6999999999999997,0.402077936060494,0.9500000000000002,2.15,3.1
000401,4.25,3.85,4.25,2.35,4.25,3.15,4.25,0.0,0.0,4.25,4.25,3.1166666666666667,0.6128258770283412,1.5,2.35,3.85
000402,1.25,0.85,0.85,1.25,1.25,2.15,1.1166666666666667,0.18856180831641267,0.4,0.85,1.25,1.4166666666666667,0.5436502143433363,1.2999999999999998,0.85,2.15
000403,0.0,1.2,0.0,0.5,0.0,0.85,0.0,0.0,0.0,0.0,0.0,0.85,0.2857738033247041,0.7,0.5,1.2
000404,4.25,3.9,4.25,3.75,4.85,4.72,4.45,0.28284271247461884,0.5999999999999996,4.25,4.85,4.123333333333334,0.42632799058419263,0.9699999999999998,3.75,4.72
000405,4.85,3.75,4.25,2.85,4.85,2.15,4.6499999999999995,0.28284271247461884,0.5999999999999996,4.25,4.85,2.9166666666666665,0.6548960901462834,1.6,2.15,3.75
000406,0.56,1.23,0.56,0.4,0.85,1.23,0.6566666666666667,0.13670731102939915,0.2899999999999999,0.56,0.85,0.9533333333333333,0.39126575225655624,0.83,0.4,1.23
000407,2.85,2.1,2.85,1.65,3.85,2.75,3.1833333333333336,0.4714045207910317,1.0,2.85,3.85,2.1666666666666665,0.45154057280480225,1.1,1.65,2.75
000408,3.65,1.5,3.42,1.5,4.12,3.85,3.7300000000000004,0.2913188402192119,0.7000000000000002,3.42,4.12,2.283333333333333,1.1078006238589244,2.35,1.5,3.85
000409,3.82,1.5,3.2,1.5,4.25,1.5,3.7566666666666664,0.4309936838928797,1.0499999999999998,3.2,4.25,1.5,0.0,0.0,1.5,1.5
000410,5.0,5.0,5.0,5.0,5.0,5.0,5.0,0.0,0.0,5.0,5.0,5.0,0.0,0.0,5.0,5.0
000411,4.85,3.72,4.85,3.72,4.85,3.72,4.85,0.0,0.0,4.85,4.85,3.72,0.0,0.0,3.72,3.72
000412,1.85,1.23,1.25,0.85,2.85,3.15,1.9833333333333334,0.6599663291074445,1.6,1.25,2.85,1.7433333333333334,1.0066887414798191,2.3,0.85,3.15
000413,3.82,1.47,4.44,0.1,4.44,0.1,4.233333333333333,0.29227080289043994,0.6200000000000006,3.82,4.44,0.5566666666666668,0.6458241934837133,1.3699999999999999,0.1,1.47
000415,4.85,3.2,4.65,3.85,4.65,4.2,4.716666666666667,0.094280904158206,0.1999999999999993,4.65,4.85,3.75,0.4143267631552018,1.0,3.2,4.2
000416,4.12,2.85,4.2,2.8,4.12,2.85,4.146666666666667,0.03771236166328257,0.08000000000000007,4.12,4.2,2.8333333333333335,0.023570226039551712,0.050000000000000266,2.8,2.85
000417,4.65,3.2,4.65,3.82,4.85,3.2,4.716666666666667,0.094280904158206,0.1999999999999993,4.65,4.85,3.4066666666666663,0.2922708028904395,0.6199999999999997,3.2,3.82
000418,4.44,2.55,4.35,4.12,2.78,3.85,3.856666666666666,0.7622044053635191,1.6600000000000006,2.78,4.44,3.5066666666666664,0.6853871574194804,1.5700000000000003,2.55,4.12
000419,0.56,0.1,0.56,0.1,1.25,2.15,0.79,0.3252691193458118,0.69,0.56,1.25,0.7833333333333333,0.966379267621615,2.05,0.1,2.15
000420,4.35,3.82,4.25,2.85,4.65,2.85,4.416666666666667,0.1699673171197597,0.40000000000000036,4.25,4.65,3.1733333333333333,0.45726238516730056,0.9699999999999998,2.85,3.82
000421,3.65,2.15,3.75,2.65,4.12,2.85,3.84,0.20215505600075082,0.4700000000000002,3.65,4.12,2.5500000000000003,0.29439202887759497,0.7000000000000002,2.15,2.85
000422,4.35,2.85,4.35,2.15,4.35,2.85,4.35,0.0,0.0,4.35,4.35,2.6166666666666667,0.32998316455372223,0.7000000000000002,2.15,2.85
000423,3.82,2.15,3.82,1.47,3.82,2.15,3.82,0.0,0.0,3.82,3.82,1.9233333333333331,0.3205550741379015,0.6799999999999999,1.47,2.15
000424,4.25,3.15,4.25,3.85,4.12,3.85,4.206666666666667,0.06128258770283406,0.1299999999999999,4.12,4.25,3.6166666666666667,0.32998316455372223,0.7000000000000002,3.15,3.85
000425,2.85,1.23,2.85,1.25,4.2,2.8,3.3000000000000003,0.6363961030678927,1.35,2.85,4.2,1.7599999999999998,0.7354363783949408,1.5699999999999998,1.23,2.8
000426,4.65,3.25,4.35,3.2,4.65,3.28,4.55,0.14142135623730984,0.3000000000000007,4.35,4.65,3.2433333333333336,0.032998316455372066,0.07999999999999963,3.2,3.28
000427,3.75,2.15,4.12,2.85,4.25,2.15,4.04,0.2118175315375634,0.5,3.75,4.25,2.3833333333333333,0.32998316455372223,0.7000000000000002,2.15,2.85
000428,3.25,2.1,3.25,2.15,2.85,1.65,3.1166666666666667,0.18856180831641264,0.3999999999999999,2.85,3.25,1.9666666666666668,0.2248456260538674,0.5,1.65,2.15
000429,4.15,2.85,3.42,2.15,3.45,2.15,3.6733333333333333,0.3372766750837592,0.7300000000000004,3.42,4.15,2.3833333333333333,0.32998316455372223,0.7000000000000002,2.15,2.85
000430,3.82,3.15,3.82,3.45,3.82,3.45,3.82,0.0,0.0,3.82,3.82,3.35,0.14142135623730964,0.30000000000000027,3.15,3.45
000431,4.25,3.85,3.82,2.47,4.25,3.85,4.1066666666666665,0.20270394394014368,0.43000000000000016,3.82,4.25,3.39,0.6505382386916237,1.38,2.47,3.85
000432,4.85,4.2,4.85,4.2,4.95,4.85,4.883333333333333,0.04714045207910342,0.10000000000000053,4.85,4.95,4.416666666666667,0.30641293851417034,0.6499999999999995,4.2,4.85
000433,4.65,1.5,4.25,1.5,4.12,1.5,4.34,0.22553639765383043,0.5300000000000002,4.12,4.65,1.5,0.0,0.0,1.5,1.5
000434,4.25,2.85,3.85,2.15,3.85,2.75,3.983333333333333,0.18856180831641264,0.3999999999999999,3.85,4.25,2.5833333333333335,0.30912061651652356,0.7000000000000002,2.15,2.85
000435,0.0,1.2,1.85,1.23,3.45,1.5,1.7666666666666668,1.409688696919367,3.45,0.0,3.45,1.3099999999999998,0.13490737563232044,0.30000000000000004,1.2,1.5
000436,1.25,4.15,1.25,1.8,1.25,0.6,1.25,0.0,0.0,1.25,1.25,2.183333333333333,1.4744113703064317,3.5500000000000003,0.6,4.15
000437,3.25,2.85,3.25,3.1,3.42,3.15,3.3066666666666666,0.08013876853447535,0.16999999999999993,3.25,3.42,3.033333333333333,0.13123346456686347,0.2999999999999998,2.85,3.15
000438,0.15,1.2,0.0,0.0,0.0,0.0,0.049999999999999996,0.07071067811865475,0.15,0.0,0.15,0.39999999999999997,0.565685424949238,1.2,0.0,1.2
000439,0.0,0.1,1.25,0.85,2.15,2.3,1.1333333333333333,0.8816020770292128,2.15,0.0,2.15,1.0833333333333333,0.9131751687868482,2.1999999999999997,0.1,2.3
000440,4.75,1.5,4.12,1.5,4.85,1.5,4.573333333333333,0.3231442746239242,0.7299999999999995,4.12,4.85,1.5,0.0,0.0,1.5,1.5
000441,1.62,3.45,2.85,2.15,2.85,2.15,2.44,0.5798275605729689,1.23,1.62,2.85,2.5833333333333335,0.6128258770283413,1.3000000000000003,2.15,3.45
000442,4.65,1.5,4.65,1.5,4.65,1.5,4.65,0.0,0.0,4.65,4.65,1.5,0.0,0.0,1.5,1.5
000443,2.85,1.23,2.15,1.23,1.85,1.23,2.283333333333333,0.41899350299921784,1.0,1.85,2.85,1.23,0.0,0.0,1.23,1.23
000444,3.85,1.5,4.65,2.8,3.82,1.47,4.1066666666666665,0.3843898484033569,0.8300000000000005,3.82,4.65,1.9233333333333331,0.6200179208879548,1.3299999999999998,1.47,2.8
000445,3.85,2.15,3.85,1.5,3.75,2.35,3.8166666666666664,0.04714045207910321,0.10000000000000009,3.75,3.85,2.0,0.362859017617954,0.8500000000000001,1.5,2.35
000446,4.65,2.85,4.65,2.85,4.85,3.2,4.716666666666667,0.094280904158206,0.1999999999999993,4.65,4.85,2.966666666666667,0.16499158227686112,0.3500000000000001,2.85,3.2
000447,2.15,3.2,2.85,1.5,3.42,2.85,2.8066666666666666,0.5193799722318484,1.27,2.15,3.42,2.516666666666667,0.7329544475765342,1.7000000000000002,1.5,3.2
000448,4.35,3.12,4.65,2.85,4.65,2.85,4.55,0.14142135623730984,0.3000000000000007,4.35,4.65,2.94,0.12727922061357858,0.27,2.85,3.12
000449,4.12,2.0,4.12,2.0,4.12,1.35,4.12,0.0,0.0,4.12,4.12,1.7833333333333332,0.30641293851417056,0.6499999999999999,1.35,2.0
000450,4.12,3.85,4.12,3.45,4.25,3.8,4.163333333333333,0.06128258770283406,0.1299999999999999,4.12,4.25,3.7000000000000006,0.17795130420052177,0.3999999999999999,3.45,3.85
000451,4.12,2.85,4.25,3.15,4.25,2.65,4.206666666666667,0.06128258770283406,0.1299999999999999,4.12,4.25,2.8833333333333333,0.20548046676563253,0.5,2.65,3.15
000452,4.85,4.92,4.89,4.95,4.85,4.92,4.863333333333332,0.018856180831641284,0.040000000000000036,4.85,4.89,4.930000000000001,0.014142135623731067,0.03000000000000025,4.92,4.95
000453,4.25,2.35,4.25,2.35,4.2,2.3,4.233333333333333,0.0235702260395515,0.04999999999999982,4.2,4.25,2.3333333333333335,0.02357022603955171,0.050000000000000266,2.3,2.35
000454,4.85,4.95,4.85,4.95,4.89,4.95,4.863333333333333,0.018856180831641284,0.040000000000000036,4.85,4.89,4.95,0.0,0.0,4.95,4.95
000455,4.65,3.45,4.85,4.95,4.85,4.92,4.783333333333333,0.094280904158206,0.1999999999999993,4.65,4.85,4.44,0.7001428425685718,1.5,3.45,4.95
000456,4.67,3.85,4.67,2.35,4.25,3.15,4.53,0.19798989873223327,0.41999999999999993,4.25,4.67,3.1166666666666667,0.6128258770283412,1.5,2.35,3.85
000457,4.2,2.8,4.35,3.85,4.35,2.15,4.3,0.0707106781186545,0.14999999999999947,4.2,4.35,2.9333333333333336,0.7003967129816899,1.7000000000000002,2.15,3.85
000458,4.65,3.2,4.65,2.85,4.65,3.85,4.65,0.0,0.0,4.65,4.65,3.3000000000000003,0.4143267631552018,1.0,2.85,3.85
000459,4.44,2.55,4.67,3.82,4.35,2.85,4.486666666666666,0.1347425528760516,0.3200000000000003,4.35,4.67,3.073333333333333,0.5419922098661156,1.27,2.55,3.82
000460,4.2,2.8,3.65,1.85,3.82,1.47,3.89,0.22992752481307394,0.5500000000000003,3.65,4.2,2.04,0.5593448548674302,1.3299999999999998,1.47,2.8
000461,3.82,2.45,3.85,2.75,4.25,3.15,3.973333333333333,0.1960158723731888,0.43000000000000016,3.82,4.25,2.783333333333333,0.28674417556808746,0.6999999999999997,2.45,3.15
000462,4.12,3.25,4.25,2.15,4.25,3.15,4.206666666666667,0.06128258770283406,0.1299999999999999,4.12,4.25,2.85,0.496655480858378,1.1,2.15,3.25
000463,3.82,2.15,4.25,3.85,4.25,3.85,4.1066666666666665,0.20270394394014368,0.43000000000000016,3.82,4.25,3.283333333333333,0.8013876853447539,1.7000000000000002,2.15,3.85
000464,4.25,2.15,4.12,1.85,4.2,1.8,4.19,0.05354126134736334,0.1299999999999999,4.12,4.25,1.9333333333333333,0.15456030825826164,0.34999999999999987,1.8,2.15
000465,3.85,2.75,2.85,2.4,3.65,3.82,3.4499999999999997,0.43204937989385733,1.0,2.85,3.85,2.99,0.604041941148681,1.42,2.4,3.82
000466,4.65,2.85,4.85,2.75,4.2,3.5,4.566666666666666,0.271825107171668,0.6499999999999995,4.2,4.85,3.033333333333333,0.332498955721,0.75,2.75,3.5
000467,4.25,3.85,3.2,2.8,3.82,2.15,3.7566666666666664,0.4309936838928796,1.0499999999999998,3.2,4.25,2.9333333333333336,0.7003967129816899,1.7000000000000002,2.15,3.85
000468,3.82,1.47,3.2,1.8,3.65,1.85,3.5566666666666666,0.26157641755751254,0.6199999999999997,3.2,3.82,1.7066666666666668,0.16858891488535727,0.3800000000000001,1.47,1.85
000469,3.25,2.15,2.85,1.42,3.15,1.45,3.0833333333333335,0.16996731711975943,0.3999999999999999,2.85,3.25,1.6733333333333331,0.337276675083759,0.73,1.42,2.15
000470,4.12,3.25,3.72,2.15,4.25,2.85,4.03,0.22553639765383024,0.5299999999999998,3.72,4.25,2.75,0.45460605656619524,1.1,2.15,3.25
000471,4.25,2.15,4.25,2.85,4.65,3.82,4.383333333333334,0.18856180831641284,0.40000000000000036,4.25,4.65,2.94,0.6847383928674269,1.67,2.15,3.82
000472,4.5,2.8,4.25,2.85,4.25,3.85,4.333333333333333,0.11785113019775792,0.25,4.25,4.5,3.1666666666666665,0.483620604284897,1.0500000000000003,2.8,3.85
000473,2.85,1.2,3.45,3.82,2.85,1.92,3.0500000000000003,0.28284271247461906,0.6000000000000001,2.85,3.45,2.313333333333333,1.1051797239463914,2.62,1.2,3.82
000474,4.65,2.35,4.65,2.35,4.65,2.35,4.65,0.0,0.0,4.65,4.65,2.35,0.0,0.0,2.35,2.35
000475,3.12,4.25,4.2,4.5,4.25,4.65,3.856666666666667,0.5213017893270226,1.13,3.12,4.25,4.466666666666667,0.16499158227686123,0.40000000000000036,4.25,4.65
000476,4.85,4.72,4.65,4.2,4.65,3.85,4.716666666666667,0.094280904158206,0.1999999999999993,4.65,4.85,4.256666666666667,0.3574290916469383,0.8699999999999997,3.85,4.72
000477,4.25,3.85,4.25,3.15,4.25,3.85,4.25,0.0,0.0,4.25,4.25,3.6166666666666667,0.32998316455372223,0.7000000000000002,3.15,3.85
000478,3.42,3.15,3.85,4.15,3.82,3.45,3.6966666666666668,0.1960158723731888,0.43000000000000016,3.42,3.85,3.5833333333333335,0.418993502999218,1.0000000000000004,3.15,4.15
000479,4.25,3.85,4.2,4.5,4.25,3.85,4.233333333333333,0.0235702260395515,0.04999999999999982,4.2,4.25,4.066666666666666,0.30641293851417056,0.6499999999999999,3.85,4.5
000480,4.12,2.85,4.75,3.85,4.44,2.15,4.436666666666667,0.25720722298480564,0.6299999999999999,4.12,4.75,2.9499999999999997,0.6976149845485451,1.7000000000000002,2.15,3.85
000481,4.85,3.75,4.25,1.5,4.85,3.75,4.6499999999999995,0.28284271247461884,0.5999999999999996,4.25,4.85,3.0,1.0606601717798212,2.25,1.5,3.75
000482,4.85,4.75,4.95,3.0,4.95,4.85,4.916666666666667,0.047140452079103425,0.10000000000000053,4.85,4.95,4.2,0.8495096624916438,1.8499999999999996,3.0,4.85
000483,4.85,3.75,4.85,3.75,4.85,3.2,4.85,0.0,0.0,4.85,4.85,3.5666666666666664,0.25927248643506734,0.5499999999999998,3.2,3.75
000484,4.67,3.85,4.44,4.2,4.92,4.88,4.676666666666667,0.19601587237318854,0.47999999999999954,4.44,4.92,4.31,0.4276291227999639,1.0299999999999998,3.85,4.88
000485,4.67,3.82,4.67,3.82,4.2,3.8,4.513333333333333,0.22156012477178477,0.46999999999999975,4.2,4.67,3.813333333333333,0.009428090415820642,0.020000000000000018,3.8,3.82
000486,4.65,2.85,4.12,2.85,4.85,3.2,4.54,0.3080043289739068,0.7299999999999995,4.12,4.85,2.966666666666667,0.16499158227686112,0.3500000000000001,2.85,3.2
000487,3.12,2.85,3.45,3.72,3.45,3.72,3.34,0.1555634918610405,0.33000000000000007,3.12,3.45,3.43,0.4101219330881976,0.8700000000000001,2.85,3.72
000488,4.12,3.65,4.35,3.12,4.25,2.85,4.239999999999999,0.09416297927883671,0.22999999999999954,4.12,4.35,3.2066666666666666,0.33229839334884265,0.7999999999999998,2.85,3.65
000489,4.25,3.85,4.72,4.91,3.33,5.0,4.1,0.5772925312756666,1.3899999999999997,3.33,4.72,4.586666666666667,0.5221962168465881,1.15,3.85,5.0
000491,0.56,2.7,0.85,0.95,0.56,2.7,0.6566666666666667,0.13670731102939915,0.2899999999999999,0.56,0.85,2.1166666666666667,0.8249579113843056,1.7500000000000002,0.95,2.7
000492,2.15,1.85,2.15,1.85,2.15,1.85,2.15,0.0,0.0,2.15,2.15,1.8500000000000003,2.220446049250313e-16,0.0,1.85,1.85
000493,3.82,1.75,3.65,2.15,3.45,2.65,3.64,0.15121728296284995,0.36999999999999966,3.45,3.82,2.183333333333333,0.36817870057290863,0.8999999999999999,1.75,2.65
000494,4.12,3.65,4.25,3.15,4.12,2.85,4.163333333333334,0.06128258770283406,0.1299999999999999,4.12,4.25,3.216666666666667,0.3299831645537221,0.7999999999999998,2.85,3.65
000495,4.2,3.8,4.2,2.8,4.35,2.15,4.25,0.0707106781186545,0.14999999999999947,4.2,4.35,2.9166666666666665,0.6786424357167444,1.65,2.15,3.8
000496,3.45,3.15,3.45,2.85,3.45,2.35,3.4500000000000006,4.440892098500626e-16,0.0,3.45,3.45,2.783333333333333,0.3299831645537221,0.7999999999999998,2.35,3.15
000497,2.15,2.65,1.85,2.35,2.15,1.35,2.0500000000000003,0.14142135623730942,0.2999999999999998,1.85,2.15,2.1166666666666667,0.5557777333511021,1.2999999999999998,1.35,2.65
000498,2.85,2.25,3.2,2.8,3.45,2.15,3.1666666666666665,0.2460803843372234,0.6000000000000001,2.85,3.45,2.4,0.28577380332470403,0.6499999999999999,2.15,2.8
000499,2.22,3.05,3.45,3.85,2.78,3.5,2.8166666666666664,0.5028143019268866,1.23,2.22,3.45,3.466666666666667,0.3274480450731418,0.8000000000000003,3.05,3.85
000500,3.75,1.82,3.2,3.8,4.25,3.15,3.733333333333333,0.42882267767562016,1.0499999999999998,3.2,4.25,2.9233333333333333,0.824068497692327,1.9799999999999998,1.82,3.8
000501,4.12,3.85,4.85,2.65,4.65,2.85,4.54,0.3080043289739068,0.7299999999999995,4.12,4.85,3.1166666666666667,0.5249338582674541,1.2000000000000002,2.65,3.85
000502,4.65,3.2,4.65,2.85,3.82,2.15,4.373333333333334,0.3912657522565565,0.8300000000000005,3.82,4.65,2.733333333333334,0.43652669512362663,1.0500000000000003,2.15,3.2
000503,4.75,3.85,4.85,3.65,4.75,3.85,4.783333333333333,0.047140452079103,0.09999999999999964,4.75,4.85,3.783333333333333,0.09428090415820643,0.20000000000000018,3.65,3.85
000504,3.75,3.85,3.65,2.15,4.25,3.85,3.8833333333333333,0.26246692913372704,0.6000000000000001,3.65,4.25,3.283333333333333,0.8013876853447539,1.7000000000000002,2.15,3.85
000505,3.2,2.8,4.25,3.85,3.82,2.15,3.7566666666666664,0.4309936838928796,1.0499999999999998,3.2,4.25,2.9333333333333336,0.7003967129816899,1.7000000000000002,2.15,3.85
000506,4.85,3.75,4.75,3.85,4.25,3.85,4.616666666666666,0.26246692913372693,0.5999999999999996,4.25,4.85,3.8166666666666664,0.047140452079103216,0.10000000000000009,3.75,3.85
000507,4.35,2.65,4.65,3.25,4.35,2.85,4.45,0.14142135623730984,0.3000000000000007,4.35,4.65,2.9166666666666665,0.24944382578492946,0.6000000000000001,2.65,3.25
000508,4.35,1.65,4.25,3.15,4.2,3.1,4.266666666666667,0.06236095644623214,0.14999999999999947,4.2,4.35,2.6333333333333333,0.6956212251569737,1.5,1.65,3.15
000509,4.2,1.8,3.75,1.2,3.82,2.15,3.9233333333333333,0.19770910168449232,0.4500000000000002,3.75,4.2,1.7166666666666668,0.392286743197994,0.95,1.2,2.15
000510,4.75,3.85,4.85,3.72,4.72,3.15,4.773333333333333,0.05557777333511014,0.1299999999999999,4.72,4.85,3.5733333333333337,0.3040102337458762,0.7000000000000002,3.15,3.85
000511,4.25,2.85,4.25,3.15,3.85,2.15,4.116666666666666,0.18856180831641264,0.3999999999999999,3.85,4.25,2.716666666666667,0.41899350299921784,1.0,2.15,3.15
000512,3.82,2.15,4.2,3.1,3.82,2.47,3.9466666666666668,0.1791337179005922,0.38000000000000034,3.82,4.2,2.5733333333333337,0.3946587837050578,0.9500000000000002,2.15,3.1
000513,0.0,0.5,0.0,0.85,0.15,0.85,0.049999999999999996,0.07071067811865475,0.15,0.0,0.15,0.7333333333333334,0.1649915822768611,0.35,0.5,0.85
000514,4.92,4.85,4.95,4.85,4.85,3.75,4.906666666666667,0.041899350299922,0.10000000000000053,4.85,4.95,4.483333333333333,0.5185449728701347,1.0999999999999996,3.75,4.85
000515,3.82,2.15,4.35,2.65,4.2,2.8,4.123333333333334,0.22305953365762143,0.5299999999999998,3.82,4.35,2.533333333333333,0.27788886667555107,0.6499999999999999,2.15,2.8
000516,4.2,3.8,4.25,2.85,3.82,2.15,4.09,0.19200694431886234,0.43000000000000016,3.82,4.25,2.9333333333333336,0.6761820925033598,1.65,2.15,3.8
000517,3.85,2.15,4.85,2.75,4.85,3.75,4.516666666666667,0.47140452079103146,0.9999999999999996,3.85,4.85,2.8833333333333333,0.6599663291074445,1.6,2.15,3.75
000518,0.0,4.8,3.82,2.47,2.15,2.85,1.99,1.5636069412312887,3.82,0.0,3.82,3.373333333333333,1.0206642717150216,2.3299999999999996,2.47,4.8
000519,3.25,2.15,3.42,2.15,3.85,2.15,3.5066666666666664,0.2524986248587417,0.6000000000000001,3.25,3.85,2.15,0.0,0.0,2.15,2.15
000520,3.45,2.38,2.15,2.85,3.82,2.15,3.14,0.716147098483731,1.67,2.15,3.82,2.4600000000000004,0.2913188402192119,0.7000000000000002,2.15,2.85
000521,4.25,3.85,4.65,3.82,4.25,3.85,4.383333333333334,0.18856180831641287,0.40000000000000036,4.25,4.65,3.84,0.014142135623731067,0.03000000000000025,3.82,3.85
000522,0.0,0.0,0.0,5.0,0.0,0.0,0.0,0.0,0.0,0.0,0.0,1.6666666666666667,2.357022603955158,5.0,0.0,5.0
000523,3.85,2.75,3.82,1.47,3.82,2.73,3.83,0.014142135623731067,0.03000000000000025,3.82,3.85,2.3166666666666664,0.5987394165151388,1.28,1.47,2.75
000524,2.15,1.85,3.25,2.15,4.12,1.85,3.1733333333333333,0.8060741625654279,1.9700000000000002,2.15,4.12,1.95,0.14142135623730942,0.2999999999999998,1.85,2.15
000525,0.0,1.1,0.0,0.0,0.0,0.0,0.0,0.0,0.0,0.0,0.0,0.3666666666666667,0.5185449728701349,1.1,0.0,1.1
000526,3.2,1.8,4.2,2.8,3.82,2.15,3.74,0.4121488404286328,1.0,3.2,4.2,2.25,0.4143267631552017,0.9999999999999998,1.8,2.8
000527,4.2,2.3,3.65,1.85,4.35,2.15,4.066666666666666,0.3009245014211298,0.6999999999999997,3.65,4.35,2.1,0.18708286933869697,0.44999999999999973,1.85,2.3
000528,4.35,3.1,3.85,2.75,4.25,2.85,4.1499999999999995,0.21602468994692853,0.49999999999999956,3.85,4.35,2.9,0.14719601443879748,0.3500000000000001,2.75,3.1
000529,1.85,2.3,2.85,2.15,1.85,2.15,2.1833333333333336,0.4714045207910317,1.0,1.85,2.85,2.1999999999999997,0.07071067811865471,0.1499999999999999,2.15,2.3
000530,4.35,2.85,4.12,2.35,4.2,2.8,4.223333333333333,0.09533566430716707,0.22999999999999954,4.12,4.35,2.6666666666666665,0.22484562605386732,0.5,2.35,2.85
000531,2.85,2.15,1.25,2.85,3.89,0.05,2.6633333333333336,1.0858278971467912,2.64,1.25,3.89,1.6833333333333333,1.1897712198383166,2.8000000000000003,0.05,2.85
000532,1.25,0.5,0.0,0.0,1.25,4.72,0.8333333333333334,0.5892556509887896,1.25,0.0,1.25,1.74,2.117041961479901,4.72,0.0,4.72
000533,4.75,2.85,4.25,2.15,4.2,2.8,4.3999999999999995,0.24832774042918895,0.5499999999999998,4.2,4.75,2.6,0.3188521078284832,0.7000000000000002,2.15,2.85
000534,0.0,0.0,2.5,0.5,0.0,0.0,0.8333333333333334,1.178511301977579,2.5,0.0,2.5,0.16666666666666666,0.23570226039551584,0.5,0.0,0.5
000535,4.25,3.15,4.2,2.8,3.82,2.73,4.09,0.19200694431886234,0.43000000000000016,3.82,4.25,2.893333333333333,0.18372685039360892,0.41999999999999993,2.73,3.15
000536,4.75,3.82,4.87,4.12,4.72,3.85,4.78,0.06480740698407873,0.15000000000000036,4.72,4.87,3.9299999999999997,0.13490737563232047,0.30000000000000027,3.82,4.12
000537,4.85,4.2,4.92,4.15,4.95,4.7,4.906666666666666,0.041899350299922,0.10000000000000053,4.85,4.95,4.3500000000000005,0.24832774042918895,0.5499999999999998,4.15,4.7
000538,3.82,1.47,2.15,1.85,1.85,1.2,2.606666666666667,0.8666538460590183,1.9699999999999998,1.85,3.82,1.5066666666666668,0.266624996744283,0.6500000000000001,1.2,1.85
000539,4.85,2.35,4.95,3.85,4.85,3.2,4.883333333333334,0.047140452079103425,0.10000000000000053,4.85,4.95,3.1333333333333333,0.6141841924229426,1.5,2.35,3.85
000540,3.65,1.25,3.45,2.18,3.65,2.1,3.5833333333333335,0.09428090415820621,0.19999999999999973,3.45,3.65,1.8433333333333335,0.42081930669693485,0.9300000000000002,1.25,2.18
000541,0.12,4.95,0.12,4.95,0.63,4.85,0.29,0.24041630560342614,0.51,0.12,0.63,4.916666666666667,0.04714045207910342,0.10000000000000053,4.85,4.95
000542,4.2,3.0,3.82,3.0,4.12,3.0,4.046666666666667,0.16357125528513744,0.38000000000000034,3.82,4.2,3.0,0.0,0.0,3.0,3.0
000543,0.0,5.0,3.15,2.28,3.45,2.0,2.1999999999999997,1.5604486534327235,3.45,0.0,3.45,3.0933333333333333,1.3530541583970523,3.0,2.0,5.0
000544,3.65,1.5,3.25,1.5,3.81,1.4,3.5700000000000003,0.2355136231020759,0.56,3.25,3.81,1.4666666666666668,0.04714045207910321,0.10000000000000009,1.4,1.5
000545,3.25,1.5,3.45,2.15,3.25,1.5,3.3166666666666664,0.09428090415820643,0.20000000000000018,3.25,3.45,1.7166666666666668,0.30641293851417056,0.6499999999999999,1.5,2.15
000546,4.25,4.1,3.82,2.45,3.65,3.82,3.9066666666666667,0.2524986248587417,0.6000000000000001,3.65,4.25,3.4566666666666666,0.7209407434425905,1.6499999999999995,2.45,4.1
000547,4.12,1.5,3.45,1.5,3.25,1.5,3.606666666666667,0.37205137040766595,0.8700000000000001,3.25,4.12,1.5,0.0,0.0,1.5,1.5
000548,4.12,3.85,3.75,2.45,4.25,3.85,4.04,0.2118175315375634,0.5,3.75,4.25,3.3833333333333333,0.6599663291074443,1.4,2.45,3.85
000549,3.65,1.5,3.45,1.5,3.82,1.47,3.64,0.15121728296284995,0.36999999999999966,3.45,3.82,1.49,0.014142135623730965,0.030000000000000027,1.47,1.5
000550,2.45,1.85,3.2,2.8,3.25,2.15,2.966666666666667,0.3659083066683358,0.7999999999999998,2.45,3.25,2.266666666666667,0.3965125751123439,0.9499999999999997,1.85,2.8
000551,3.45,2.78,3.82,3.45,3.85,3.72,3.7066666666666666,0.18190351532856328,0.3999999999999999,3.45,3.85,3.316666666666667,0.3951652256405612,0.9400000000000004,2.78,3.72
000552,3.45,1.85,4.2,2.8,4.12,2.85,3.9233333333333333,0.336286914537109,0.75,3.45,4.2,2.5,0.4600724580614086,1.0,1.85,2.85
000553,4.32,3.15,4.44,2.55,4.72,3.85,4.493333333333333,0.16759740119968689,0.39999999999999947,4.32,4.72,3.183333333333333,0.5312459150169744,1.3000000000000003,2.55,3.85
000554,3.82,4.63,3.25,4.12,3.85,3.2,3.64,0.2760434748368452,0.6000000000000001,3.25,3.85,3.983333333333333,0.5917394321452267,1.4299999999999997,3.2,4.63
000555,4.78,4.85,4.25,4.1,4.12,3.85,4.383333333333334,0.2854625875467553,0.6600000000000001,4.12,4.78,4.266666666666667,0.4249182927993986,0.9999999999999996,3.85,4.85
000556,3.82,3.45,3.85,4.72,3.85,3.2,3.84,0.014142135623731067,0.03000000000000025,3.82,3.85,3.7900000000000005,0.6654822812567337,1.5199999999999996,3.2,4.72
000557,4.8,4.9,4.85,4.92,4.65,4.82,4.766666666666667,0.08498365855987945,0.1999999999999993,4.65,4.85,4.88,0.043204937989385635,0.09999999999999964,4.82,4.92
000558,3.15,2.85,3.25,1.65,3.75,1.5,3.3833333333333333,0.26246692913372704,0.6000000000000001,3.15,3.75,2.0,0.6041522986797286,1.35,1.5,2.85
000559,4.25,3.85,3.65,2.75,4.25,4.35,4.05,0.28284271247461906,0.6000000000000001,3.65,4.25,3.65,0.6683312551921139,1.5999999999999996,2.75,4.35
000560,4.85,2.15,4.12,2.85,4.25,3.15,4.406666666666666,0.31794478905761103,0.7299999999999995,4.12,4.85,2.716666666666667,0.41899350299921784,1.0,2.15,3.15
000561,4.85,2.35,4.12,2.35,3.72,1.85,4.2299999999999995,0.4678318786344796,1.1299999999999994,3.72,4.85,2.1833333333333336,0.23570226039551584,0.5,1.85,2.35
000562,4.85,2.75,4.35,1.75,4.85,4.2,4.683333333333333,0.23570226039551584,0.5,4.35,4.85,2.9,1.0058164179743074,2.45,1.75,4.2
000563,4.12,3.65,3.82,3.65,4.25,3.15,4.0633333333333335,0.18006171781426014,0.43000000000000016,3.82,4.25,3.483333333333333,0.23570226039551584,0.5,3.15,3.65
000564,3.85,2.15,3.65,1.82,4.25,2.15,3.9166666666666665,0.24944382578492946,0.6000000000000001,3.65,4.25,2.0399999999999996,0.15556349186104038,0.32999999999999985,1.82,2.15
000565,4.85,2.15,4.12,1.5,4.2,2.8,4.39,0.3269046751985455,0.7299999999999995,4.12,4.85,2.15,0.5307227776030218,1.2999999999999998,1.5,2.8
000566,0.15,4.85,0.0,1.2,0.0,1.8,0.049999999999999996,0.07071067811865475,0.15,0.0,0.15,2.6166666666666667,1.5980891367157493,3.6499999999999995,1.2,4.85
000567,4.29,1.75,3.85,1.25,3.82,1.47,3.986666666666667,0.21483844059096027,0.4700000000000002,3.82,4.29,1.49,0.20461345670963743,0.5,1.25,1.75
000568,4.85,1.25,4.85,1.65,3.85,1.25,4.516666666666667,0.47140452079103146,0.9999999999999996,3.85,4.85,1.3833333333333335,0.18856180831641264,0.3999999999999999,1.25,1.65
000569,4.85,3.42,4.85,2.15,4.12,2.87,4.6066666666666665,0.3441253001774529,0.7299999999999995,4.12,4.85,2.813333333333334,0.520021367082375,1.27,2.15,3.42
000570,4.25,3.85,4.12,3.78,4.12,3.85,4.163333333333334,0.06128258770283406,0.1299999999999999,4.12,4.25,3.8266666666666667,0.03299831645537235,0.07000000000000028,3.78,3.85
000571,4.65,2.85,4.35,2.15,4.85,4.2,4.616666666666666,0.20548046676563259,0.5,4.35,4.85,3.0666666666666664,0.8508166012066815,2.0500000000000003,2.15,4.2
000572,2.85,2.65,2.36,1.1,1.25,0.85,2.1533333333333333,0.6693446214187594,1.6,1.25,2.85,1.5333333333333332,0.7961713941664124,1.7999999999999998,0.85,2.65
000573,4.25,3.85,4.25,3.85,4.25,3.85,4.25,0.0,0.0,4.25,4.25,3.85,0.0,0.0,3.85,3.85
000574,4.12,3.85,3.75,3.1,4.12,3.85,3.9966666666666666,0.17441967269268177,0.3700000000000001,3.75,4.12,3.6,0.3535533905932738,0.75,3.1,3.85
000575,4.75,3.85,4.65,2.85,4.65,2.35,4.683333333333334,0.047140452079103,0.09999999999999964,4.65,4.75,3.016666666666667,0.6236095644623235,1.5,2.35,3.85
000576,4.65,3.85,4.2,2.8,3.82,2.65,4.223333333333334,0.3392475333571182,0.8300000000000005,3.82,4.65,3.1,0.5338539126015657,1.2000000000000002,2.65,3.85
000577,4.12,3.65,4.12,3.65,4.12,3.85,4.12,0.0,0.0,4.12,4.12,3.716666666666667,0.09428090415820642,0.20000000000000018,3.65,3.85
000578,4.12,2.35,3.75,3.8,3.82,2.47,3.8966666666666665,0.16048537489614303,0.3700000000000001,3.75,4.12,2.8733333333333335,0.6570810875040883,1.4499999999999997,2.35,3.8
000579,4.65,2.85,4.35,3.12,4.65,2.85,4.55,0.14142135623730984,0.3000000000000007,4.35,4.65,2.94,0.12727922061357858,0.27,2.85,3.12
000580,4.85,4.92,4.65,3.85,4.65,2.85,4.716666666666667,0.094280904158206,0.1999999999999993,4.65,4.85,3.873333333333333,0.8452350100547316,2.07,2.85,4.92
000581,4.25,1.5,4.65,1.5,4.72,1.25,4.54,0.20704266871026045,0.46999999999999975,4.25,4.72,1.4166666666666667,0.11785113019775792,0.25,1.25,1.5
000582,3.82,1.47,3.85,1.5,3.82,1.5,3.83,0.014142135623731067,0.03000000000000025,3.82,3.85,1.49,0.014142135623730963,0.030000000000000027,1.47,1.5
000583,3.25,1.45,4.25,2.85,2.85,1.42,3.4499999999999997,0.5887840577551898,1.4,2.85,4.25,1.9066666666666665,0.6671498249185778,1.4300000000000002,1.42,2.85
000584,4.2,3.5,4.25,3.15,4.25,2.15,4.233333333333333,0.0235702260395515,0.04999999999999982,4.2,4.25,2.9333333333333336,0.5720334100576838,1.35,2.15,3.5
000585,4.25,2.15,4.25,3.85,3.85,2.75,4.116666666666666,0.18856180831641264,0.3999999999999999,3.85,4.25,2.9166666666666665,0.7039570693980959,1.7000000000000002,2.15,3.85
000586,4.35,3.12,4.35,3.82,4.35,2.85,4.35,0.0,0.0,4.35,4.35,3.263333333333333,0.40876507787345145,0.9699999999999998,2.85,3.82
000587,4.85,3.65,4.35,2.0,4.65,2.0,4.616666666666666,0.2054804667656326,0.5,4.35,4.85,2.5500000000000003,0.7778174593052022,1.65,2.0,3.65
000588,4.35,2.15,4.35,2.15,4.65,3.12,4.45,0.14142135623730984,0.3000000000000007,4.35,4.65,2.473333333333333,0.45726238516730083,0.9700000000000002,2.15,3.12
000589,3.85,2.0,4.2,2.0,4.25,2.0,4.1000000000000005,0.17795130420052185,0.3999999999999999,3.85,4.25,2.0,0.0,0.0,2.0,2.0
000590,3.85,2.15,3.42,2.15,3.82,2.47,3.6966666666666668,0.1960158723731888,0.43000000000000016,3.42,3.85,2.2566666666666664,0.15084944665313027,0.3200000000000003,2.15,2.47
000591,3.45,1.5,2.15,1.25,2.85,1.42,2.8166666666666664,0.5312459150169744,1.3000000000000003,2.15,3.45,1.39,0.10424330514074592,0.25,1.25,1.5
000592,0.0,0.0,0.0,0.5,0.0,0.0,0.0,0.0,0.0,0.0,0.0,0.16666666666666666,0.23570226039551584,0.5,0.0,0.5
000593,4.12,3.85,3.85,3.65,3.75,3.45,3.9066666666666667,0.15627610892974728,0.3700000000000001,3.75,4.12,3.65,0.16329931618554516,0.3999999999999999,3.45,3.85
000594,4.12,2.35,4.12,2.35,4.25,2.85,4.163333333333333,0.06128258770283406,0.1299999999999999,4.12,4.25,2.516666666666667,0.23570226039551584,0.5,2.35,2.85
000595,2.15,1.5,3.2,2.8,1.85,1.2,2.4,0.5787918451395114,1.35,1.85,3.2,1.8333333333333333,0.6944222218666553,1.5999999999999999,1.2,2.8
000596,2.15,1.85,2.15,2.35,1.85,1.2,2.0500000000000003,0.14142135623730942,0.2999999999999998,1.85,2.15,1.8,0.4708148963941845,1.1500000000000001,1.2,2.35
000597,0.0,1.15,0.0,1.2,0.0,1.5,0.0,0.0,0.0,0.0,0.0,1.2833333333333332,0.15456030825826178,0.3500000000000001,1.15,1.5
000598,0.15,0.2,0.0,0.0,0.12,0.85,0.09000000000000001,0.0648074069840786,0.15,0.0,0.15,0.35000000000000003,0.362859017617954,0.85,0.0,0.85
000599,1.27,0.0,1.25,4.85,1.27,5.0,1.2633333333333334,0.009428090415820642,0.020000000000000018,1.25,1.27,3.283333333333333,2.322474733746072,5.0,0.0,5.0
000600,4.65,3.85,4.12,3.65,4.12,3.65,4.296666666666667,0.2498443960192469,0.5300000000000002,4.12,4.65,3.716666666666667,0.09428090415820643,0.20000000000000018,3.65,3.85
000601,4.25,2.85,4.35,3.15,3.85,2.65,4.1499999999999995,0.21602468994692853,0.49999999999999956,3.85,4.35,2.8833333333333333,0.20548046676563253,0.5,2.65,3.15
000602,2.85,3.72,3.2,2.8,1.85,2.75,2.6333333333333333,0.5720334100576838,1.35,1.85,3.2,3.09,0.4459446901429221,0.9700000000000002,2.75,3.72
000603,3.85,2.15,3.65,1.42,3.65,2.15,3.716666666666667,0.09428090415820643,0.20000000000000018,3.65,3.85,1.9066666666666665,0.34412530017745313,0.73,1.42,2.15
000604,2.85,1.25,1.85,1.2,1.85,2.15,2.1833333333333336,0.4714045207910317,1.0,1.85,2.85,1.5333333333333332,0.43652669512362646,0.95,1.2,2.15
000605,1.85,3.2,2.15,4.92,1.27,0.25,1.7566666666666666,0.3652700675147393,0.8799999999999999,1.27,2.15,2.7900000000000005,1.9284363268375408,4.67,0.25,4.92
000606,4.12,2.85,4.25,2.85,4.25,2.85,4.206666666666667,0.06128258770283406,0.1299999999999999,4.12,4.25,2.85,0.0,0.0,2.85,2.85
000607,3.25,1.85,3.25,1.85,3.25,1.85,3.25,0.0,0.0,3.25,3.25,1.8500000000000003,2.220446049250313e-16,0.0,1.85,1.85
000608,3.2,2.8,3.75,2.65,3.2,2.8,3.3833333333333333,0.25927248643506734,0.5499999999999998,3.2,3.75,2.75,0.07071067811865471,0.1499999999999999,2.65,2.8
000609,3.42,2.15,3.25,2.15,3.75,2.85,3.473333333333333,0.2075786330258702,0.5,3.25,3.75,2.3833333333333333,0.32998316455372223,0.7000000000000002,2.15,2.85
000610,0.85,1.2,1.25,0.85,3.85,2.15,1.9833333333333334,1.3299958228840003,3.0,0.85,3.85,1.3999999999999997,0.549241901776136,1.2999999999999998,0.85,2.15
000611,1.85,0.65,2.85,1.45,2.85,1.15,2.516666666666667,0.4714045207910317,1.0,1.85,2.85,1.0833333333333333,0.3299831645537222,0.7999999999999999,0.65,1.45
000612,3.82,3.45,4.25,4.1,4.85,4.2,4.306666666666667,0.4224005471376927,1.0299999999999998,3.82,4.85,3.9166666666666665,0.33249895572099997,0.75,3.45,4.2
000613,4.25,2.8,3.82,2.15,3.42,2.68,3.83,0.3389198528659345,0.8300000000000001,3.42,4.25,2.543333333333333,0.28241026106633516,0.6499999999999999,2.15,2.8
000614,4.25,3.85,4.25,2.85,4.25,3.85,4.25,0.0,0.0,4.25,4.25,3.516666666666667,0.4714045207910317,1.0,2.85,3.85
000615,4.85,3.2,3.85,1.25,4.65,2.85,4.45,0.4320493798938572,0.9999999999999996,3.85,4.85,2.4333333333333336,0.8488554385497896,1.9500000000000002,1.25,3.2
000616,3.82,1.47,3.82,1.47,1.85,0.3,3.1633333333333336,0.9286669059583322,1.9699999999999998,1.85,3.82,1.0799999999999998,0.551543289325507,1.17,0.3,1.47
000617,4.13,1.25,3.65,1.42,2.45,0.52,3.41,0.7065408693062276,1.6799999999999997,2.45,4.13,1.0633333333333332,0.3904128868547018,0.8999999999999999,0.52,1.42
000618,4.65,4.2,4.35,3.85,4.65,2.85,4.55,0.14142135623730984,0.3000000000000007,4.35,4.65,3.6333333333333333,0.5720334100576838,1.35,2.85,4.2
000619,3.65,2.45,3.85,2.65,4.13,2.4,3.8766666666666665,0.19686430746977865,0.48,3.65,4.13,2.5,0.1080123449734643,0.25,2.4,2.65
000620,3.85,2.15,3.85,2.75,2.15,1.65,3.283333333333333,0.8013876853447539,1.7000000000000002,2.15,3.85,2.1833333333333336,0.4496912521077347,1.1,1.65,2.75
000621,4.65,2.35,4.2,2.8,4.65,2.85,4.500000000000001,0.21213203435596434,0.4500000000000002,4.2,4.65,2.6666666666666665,0.2248456260538673,0.5,2.35,2.85
000622,2.85,1.5,3.82,1.5,3.82,1.5,3.4966666666666666,0.45726238516730056,0.9699999999999998,2.85,3.82,1.5,0.0,0.0,1.5,1.5
000623,3.82,2.15,4.35,2.15,4.15,2.65,4.1066666666666665,0.21853044537445016,0.5299999999999998,3.82,4.35,2.3166666666666664,0.23570226039551584,0.5,2.15,2.65
000624,3.2,2.8,2.85,3.12,2.85,2.15,2.966666666666667,0.16499158227686112,0.3500000000000001,2.85,3.2,2.69,0.40356742518031197,0.9700000000000002,2.15,3.12
000625,4.35,3.8,4.75,3.85,4.75,3.85,4.616666666666666,0.18856180831641287,0.40000000000000036,4.35,4.75,3.8333333333333335,0.023570226039551712,0.050000000000000266,3.8,3.85
000626,3.82,1.47,3.2,1.8,3.2,1.8,3.4066666666666663,0.2922708028904395,0.6199999999999997,3.2,3.82,1.6900000000000002,0.1555634918610405,0.33000000000000007,1.47,1.8
000627,4.65,2.15,4.2,2.8,4.2,2.8,4.3500000000000005,0.21213203435596434,0.4500000000000002,4.2,4.65,2.583333333333333,0.30641293851417056,0.6499999999999999,2.15,2.8
000628,4.65,2.35,4.65,2.85,4.85,2.45,4.716666666666667,0.094280904158206,0.1999999999999993,4.65,4.85,2.5500000000000003,0.21602468994692867,0.5,2.35,2.85
000629,4.12,2.35,4.65,1.25,4.65,2.35,4.473333333333334,0.2498443960192469,0.5300000000000002,4.12,4.65,1.9833333333333334,0.5185449728701349,1.1,1.25,2.35
000630,4.25,2.85,4.85,4.72,4.17,1.25,4.423333333333333,0.30346151137976096,0.6799999999999997,4.17,4.85,2.94,1.4180503047024342,3.4699999999999998,1.25,4.72
000631,2.85,1.75,3.82,2.15,1.25,1.85,2.64,1.0596540315908145,2.57,1.25,3.82,1.9166666666666667,0.16996731711975943,0.3999999999999999,1.75,2.15
000632,4.65,2.35,3.75,2.85,4.15,2.85,4.183333333333334,0.36817870057290886,0.9000000000000004,3.75,4.65,2.6833333333333336,0.23570226039551584,0.5,2.35,2.85
000633,4.35,3.82,4.25,2.15,4.25,2.15,4.283333333333333,0.047140452079103,0.09999999999999964,4.25,4.35,2.7066666666666666,0.7872455497210229,1.67,2.15,3.82
000634,4.65,2.4,4.35,2.15,4.2,2.8,4.3999999999999995,0.1870828693386972,0.4500000000000002,4.2,4.65,2.4499999999999997,0.26770630673681683,0.6499999999999999,2.15,2.8
000635,4.12,3.85,4.85,3.65,4.85,2.15,4.6066666666666665,0.3441253001774529,0.7299999999999995,4.12,4.85,3.216666666666667,0.758653778449403,1.7000000000000002,2.15,3.85
000636,4.12,2.38,4.25,3.85,3.82,1.47,4.0633333333333335,0.18006171781426014,0.43000000000000016,3.82,4.25,2.566666666666667,0.9805553981743658,2.38,1.47,3.85
000637,4.35,3.82,3.82,2.15,4.23,3.15,4.133333333333334,0.22691163233490014,0.5299999999999998,3.82,4.35,3.0399999999999996,0.6861972505531239,1.67,2.15,3.82
000638,4.65,1.82,4.65,2.15,4.85,2.15,4.716666666666667,0.094280904158206,0.1999999999999993,4.65,4.85,2.0399999999999996,0.15556349186104038,0.32999999999999985,1.82,2.15
000639,4.65,1.5,4.65,3.85,4.35,1.5,4.55,0.14142135623730984,0.3000000000000007,4.35,4.65,2.283333333333333,1.1078006238589244,2.35,1.5,3.85
000640,2.45,1.35,2.15,0.35,3.82,2.73,2.8066666666666666,0.7269265590293301,1.67,2.15,3.82,1.4766666666666666,0.9757504234633408,2.38,0.35,2.73
000641,3.42,2.65,3.82,4.15,3.25,1.35,3.4966666666666666,0.23893281249943227,0.5699999999999998,3.25,3.82,2.716666666666667,1.1440668201153676,2.8000000000000003,1.35,4.15
000642,4.65,2.38,4.72,1.25,4.65,3.12,4.673333333333334,0.032998316455371934,0.0699999999999994,4.65,4.72,2.25,0.7689386624865905,1.87,1.25,3.12
000643,3.82,2.73,4.25,2.75,4.13,2.55,4.066666666666666,0.18116904322268262,0.43000000000000016,3.82,4.25,2.676666666666667,0.08993825042154702,0.20000000000000018,2.55,2.75
000644,3.85,2.75,4.13,2.4,4.25,2.85,4.076666666666667,0.16759740119968708,0.3999999999999999,3.85,4.25,2.6666666666666665,0.19293061504650383,0.4500000000000002,2.4,2.85
000645,0.0,0.0,1.25,0.85,0.12,0.08,0.4566666666666667,0.5631064631922537,1.25,0.0,1.25,0.31,0.38323187063012737,0.85,0.0,0.85
000646,4.85,3.65,4.85,3.65,4.85,4.12,4.85,0.0,0.0,4.85,4.85,3.8066666666666666,0.221560124771785,0.4700000000000002,3.65,4.12
000647,4.25,4.1,4.25,4.1,3.65,2.75,4.05,0.28284271247461906,0.6000000000000001,3.65,4.25,3.65,0.6363961030678926,1.3499999999999996,2.75,4.1
000648,4.25,3.15,4.25,3.85,4.25,2.35,4.25,0.0,0.0,4.25,4.25,3.1166666666666667,0.6128258770283412,1.5,2.35,3.85
000649,4.25,3.15,3.42,1.68,3.45,2.18,3.706666666666667,0.3843898484033567,0.8300000000000001,3.42,4.25,2.3366666666666664,0.6102640594220031,1.47,1.68,3.15
000650,4.35,2.85,4.25,3.85,4.25,3.15,4.283333333333333,0.047140452079103,0.09999999999999964,4.25,4.35,3.283333333333333,0.41899350299921784,1.0,2.85,3.85
000651,4.12,2.85,4.25,2.35,4.25,2.85,4.206666666666667,0.06128258770283406,0.1299999999999999,4.12,4.25,2.6833333333333336,0.23570226039551584,0.5,2.35,2.85
000652,4.35,3.1,4.65,3.85,4.44,3.2,4.48,0.1256980508997656,0.3000000000000007,4.35,4.65,3.3833333333333333,0.332498955721,0.75,3.1,3.85
000653,3.82,2.73,3.65,2.25,2.85,2.6,3.44,0.422926313518876,0.9699999999999998,2.85,3.82,2.526666666666667,0.20270394394014363,0.48,2.25,2.73
000654,1.11,5.0,1.25,2.15,2.85,3.72,1.736666666666667,0.7893175674101155,1.74,1.11,2.85,3.6233333333333335,1.165513716016342,2.85,2.15,5.0
000655,4.44,1.25,4.65,1.85,4.35,1.65,4.4799999999999995,0.1256980508997656,0.3000000000000007,4.35,4.65,1.5833333333333333,0.24944382578492946,0.6000000000000001,1.25,1.85
000656,4.12,3.78,4.25,3.85,4.12,3.65,4.163333333333334,0.06128258770283406,0.1299999999999999,4.12,4.25,3.76,0.08286535263104042,0.20000000000000018,3.65,3.85
000657,1.85,3.65,0.56,1.25,1.25,2.85,1.22,0.5270673581241775,1.29,0.56,1.85,2.5833333333333335,0.9977753031397177,2.4,1.25,3.65
000658,4.2,2.8,3.42,2.85,3.85,2.15,3.8233333333333337,0.31899146627387326,0.7800000000000002,3.42,4.2,2.6,0.3188521078284832,0.7000000000000002,2.15,2.85
000659,3.85,2.75,4.2,2.8,2.85,1.2,3.6333333333333333,0.5720334100576838,1.35,2.85,4.2,2.25,0.7427426651719063,1.5999999999999999,1.2,2.8
000660,1.11,1.5,2.85,1.42,1.85,1.2,1.9366666666666668,0.7129905718560068,1.74,1.11,2.85,1.3733333333333333,0.12684198393626966,0.30000000000000004,1.2,1.5
000661,0.56,5.0,0.56,5.0,0.62,2.35,0.5800000000000001,0.028284271247461874,0.05999999999999994,0.56,0.62,4.116666666666666,1.2492219800962339,2.65,2.35,5.0
000662,3.85,2.65,3.42,2.15,3.82,2.15,3.6966666666666668,0.1960158723731888,0.43000000000000016,3.42,3.85,2.3166666666666664,0.23570226039551584,0.5,2.15,2.65
000663,2.15,2.35,1.85,2.75,1.85,2.75,1.95,0.14142135623730942,0.2999999999999998,1.85,2.15,2.6166666666666667,0.18856180831641264,0.3999999999999999,2.35,2.75
000664,2.85,2.15,1.85,1.25,1.11,2.85,1.9366666666666668,0.7129905718560068,1.74,1.11,2.85,2.0833333333333335,0.6548960901462834,1.6,1.25,2.85
000665,3.82,3.45,1.25,5.0,2.15,2.85,2.4066666666666667,1.0647795807375138,2.57,1.25,3.82,3.766666666666666,0.9058452161134127,2.15,2.85,5.0
000666,1.25,1.15,0.85,2.35,1.85,4.72,1.3166666666666667,0.41096093353126517,1.0,0.85,1.85,2.7399999999999998,1.483307115873176,3.57,1.15,4.72
000667,3.82,2.15,2.85,2.15,2.15,2.85,2.94,0.6847383928674269,1.67,2.15,3.82,2.3833333333333333,0.32998316455372223,0.7000000000000002,2.15,2.85
000668,2.78,1.85,3.45,3.1,3.45,2.65,3.2266666666666666,0.3158410289299914,0.6700000000000004,2.78,3.45,2.533333333333333,0.5169354139756941,1.25,1.85,3.1
000669,1.25,1.85,1.85,2.75,0.56,1.85,1.22,0.5270673581241775,1.29,0.56,1.85,2.15,0.42426406871192845,0.8999999999999999,1.85,2.75
000670,4.25,2.0,3.82,2.0,4.65,2.0,4.24,0.3389198528659347,0.8300000000000005,3.82,4.65,2.0,0.0,0.0,2.0,2.0
000671,4.85,1.5,4.35,1.5,4.65,1.35,4.616666666666666,0.2054804667656326,0.5,4.35,4.85,1.45,0.07071067811865471,0.1499999999999999,1.35,1.5
000672,3.75,1.5,4.12,1.5,3.42,1.5,3.763333333333333,0.2859292841867646,0.7000000000000002,3.42,4.12,1.5,0.0,0.0,1.5,1.5
000673,4.44,1.5,0.15,1.25,0.0,0.5,1.5300000000000002,2.058591751659372,4.44,0.0,4.44,1.0833333333333333,0.42491829279939874,1.0,0.5,1.5
000674,3.82,1.5,3.82,1.47,3.65,2.85,3.763333333333333,0.08013876853447535,0.16999999999999993,3.65,3.82,1.9400000000000002,0.6435837163881635,1.3800000000000001,1.47,2.85
000675,4.12,2.35,4.12,3.45,4.12,2.87,4.12,0.0,0.0,4.12,4.12,2.8900000000000006,0.44929574521317994,1.1,2.35,3.45
000676,4.25,2.85,3.45,2.85,4.25,3.85,3.983333333333333,0.3771236166328253,0.7999999999999998,3.45,4.25,3.1833333333333336,0.4714045207910317,1.0,2.85,3.85
000677,4.12,1.5,4.2,1.5,4.2,1.5,4.173333333333333,0.03771236166328257,0.08000000000000007,4.12,4.2,1.5,0.0,0.0,1.5,1.5
000678,3.75,1.25,3.75,2.85,4.12,3.85,3.8733333333333335,0.17441967269268177,0.3700000000000001,3.75,4.12,2.65,1.0708252269472673,2.6,1.25,3.85
000679,2.85,1.5,3.45,1.5,3.45,1.5,3.25,0.28284271247461906,0.6000000000000001,2.85,3.45,1.5,0.0,0.0,1.5,1.5
000680,4.2,3.8,4.75,3.85,4.65,3.82,4.533333333333333,0.23921166824012202,0.5499999999999998,4.2,4.75,3.8233333333333337,0.020548046676563368,0.050000000000000266,3.8,3.85
000681,4.85,4.92,4.65,2.85,4.85,4.92,4.783333333333333,0.094280904158206,0.1999999999999993,4.65,4.85,4.2299999999999995,0.9758073580374356,2.07,2.85,4.92
000682,4.65,4.95,4.85,3.75,4.85,4.2,4.783333333333333,0.094280904158206,0.1999999999999993,4.65,4.85,4.3,0.49497474683058335,1.2000000000000002,3.75,4.95
000683,4.85,4.2,4.65,3.1,4.65,2.85,4.716666666666667,0.094280904158206,0.1999999999999993,4.65,4.85,3.3833333333333333,0.5864204028586394,1.35,2.85,4.2
000684,4.85,3.2,4.92,3.85,4.65,2.85,4.806666666666667,0.11440668201153653,0.2699999999999996,4.65,4.92,3.3000000000000003,0.4143267631552018,1.0,2.85,3.85
000685,4.65,2.15,4.65,2.35,4.35,2.15,4.55,0.14142135623730984,0.3000000000000007,4.35,4.65,2.216666666666667,0.09428090415820643,0.20000000000000018,2.15,2.35
000686,4.75,3.85,4.35,3.82,4.65,2.35,4.583333333333333,0.1699673171197597,0.40000000000000036,4.35,4.75,3.34,0.7001428425685718,1.5,2.35,3.85
000687,4.25,3.15,4.35,3.82,4.65,2.38,4.416666666666667,0.1699673171197597,0.40000000000000036,4.25,4.65,3.1166666666666667,0.5883498581248707,1.44,2.38,3.82
000688,4.95,4.98,4.95,4.9,4.2,3.8,4.7,0.3535533905932738,0.75,4.2,4.95,4.56,0.5383926695885327,1.1800000000000006,3.8,4.98
000689,4.2,2.8,4.65,2.85,4.25,3.15,4.366666666666667,0.20138409955990966,0.4500000000000002,4.2,4.65,2.9333333333333336,0.15456030825826172,0.3500000000000001,2.8,3.15
000690,2.85,1.23,2.85,1.25,3.82,2.15,3.1733333333333333,0.4572623851673006,0.9699999999999998,2.85,3.82,1.5433333333333332,0.42905581092544226,0.9199999999999999,1.23,2.15
000691,4.65,3.85,4.65,3.85,4.65,3.85,4.65,0.0,0.0,4.65,4.65,3.85,0.0,0.0,3.85,3.85
000692,3.82,2.15,3.82,2.15,3.82,1.47,3.82,0.0,0.0,3.82,3.82,1.9233333333333331,0.3205550741379015,0.6799999999999999,1.47,2.15
000693,3.82,4.15,2.15,2.85,2.15,2.85,2.7066666666666666,0.7872455497210229,1.67,2.15,3.82,3.283333333333333,0.6128258770283413,1.3000000000000003,2.85,4.15
000694,2.85,2.15,3.82,2.15,3.25,2.15,3.3066666666666666,0.39802289158065035,0.9699999999999998,2.85,3.82,2.15,0.0,0.0,2.15,2.15
000695,3.2,2.8,3.42,2.68,3.75,2.85,3.456666666666667,0.2260285134421957,0.5499999999999998,3.2,3.75,2.776666666666667,0.07133644853010893,0.16999999999999993,2.68,2.85
000696,3.25,3.1,3.85,2.75,3.45,2.85,3.516666666666667,0.24944382578492946,0.6000000000000001,3.25,3.85,2.9,0.14719601443879748,0.3500000000000001,2.75,3.1
000697,3.82,2.65,4.12,3.25,3.42,2.68,3.7866666666666666,0.2867441755680876,0.7000000000000002,3.42,4.12,2.86,0.2760434748368452,0.6000000000000001,2.65,3.25
000698,4.25,2.15,4.25,3.85,3.82,3.15,4.1066666666666665,0.20270394394014368,0.43000000000000016,3.82,4.25,3.0500000000000003,0.6976149845485451,1.7000000000000002,2.15,3.85
000699,3.82,2.75,2.35,2.15,4.25,3.85,3.473333333333333,0.8134835926775386,1.9,2.35,4.25,2.9166666666666665,0.7039570693980959,1.7000000000000002,2.15,3.85
000700,4.65,3.85,4.35,3.85,4.35,3.65,4.45,0.14142135623730984,0.3000000000000007,4.35,4.65,3.783333333333333,0.09428090415820642,0.20000000000000018,3.65,3.85
000701,4.12,3.85,3.65,1.82,4.65,3.82,4.14,0.408493165997507,1.0000000000000004,3.65,4.65,3.1633333333333336,0.9499590634454845,2.0300000000000002,1.82,3.85
000702,4.25,4.1,4.25,4.6,4.15,4.32,4.216666666666667,0.047140452079103,0.09999999999999964,4.15,4.25,4.34,0.2046134567096374,0.5,4.1,4.6
000703,4.25,2.35,4.25,2.35,4.23,2.87,4.243333333333333,0.009428090415820432,0.019999999999999574,4.23,4.25,2.5233333333333334,0.2451303508113365,0.52,2.35,2.87
000704,4.65,2.15,4.25,1.35,4.35,2.15,4.416666666666667,0.1699673171197597,0.40000000000000036,4.25,4.65,1.8833333333333335,0.3771236166328253,0.7999999999999998,1.35,2.15
000705,4.35,3.82,4.85,4.72,4.25,3.85,4.483333333333333,0.26246692913372693,0.5999999999999996,4.25,4.85,4.13,0.41737273509418404,0.8999999999999999,3.82,4.72
000706,3.5,2.8,3.85,2.15,3.82,2.15,3.723333333333333,0.15839472494022294,0.3500000000000001,3.5,3.85,2.3666666666666667,0.30641293851417056,0.6499999999999999,2.15,2.8
000707,3.82,2.73,3.82,2.65,4.12,1.25,3.92,0.14142135623730964,0.30000000000000027,3.82,4.12,2.21,0.6796077299933151,1.48,1.25,2.73
000708,4.12,2.38,4.12,2.35,4.12,2.85,4.12,0.0,0.0,4.12,4.12,2.526666666666667,0.22895899681432533,0.5,2.35,2.85
000709,4.25,2.85,3.85,3.25,4.25,2.35,4.116666666666666,0.18856180831641264,0.3999999999999999,3.85,4.25,2.8166666666666664,0.3681787005729087,0.8999999999999999,2.35,3.25
000710,4.85,2.75,4.85,3.2,4.85,3.75,4.85,0.0,0.0,4.85,4.85,3.233333333333333,0.4089281382128432,1.0,2.75,3.75
000711,2.78,2.55,0.56,2.55,1.85,2.65,1.7299999999999998,0.9102746838180219,2.2199999999999998,0.56,2.78,2.5833333333333335,0.04714045207910321,0.10000000000000009,2.55,2.65
000712,0.0,0.85,0.0,0.85,0.0,0.85,0.0,0.0,0.0,0.0,0.0,0.85,0.0,0.0,0.85,0.85
000713,3.82,2.47,4.25,4.95,3.25,2.85,3.7733333333333334,0.4095797304012438,1.0,3.25,4.25,3.4233333333333333,1.090606355300675,2.48,2.47,4.95
000714,4.2,4.1,3.82,2.65,4.12,3.65,4.046666666666667,0.16357125528513744,0.38000000000000034,3.82,4.2,3.466666666666667,0.605988632089928,1.4499999999999997,2.65,4.1
000715,4.2,2.8,3.25,3.85,4.65,3.82,4.033333333333334,0.5835713800003867,1.4000000000000004,3.25,4.65,3.49,0.48805737367649726,1.0500000000000003,2.8,3.85
000716,4.72,2.85,4.2,2.8,4.65,2.35,4.523333333333333,0.2304102621171393,0.5199999999999996,4.2,4.72,2.6666666666666665,0.22484562605386732,0.5,2.35,2.85
000717,2.78,2.55,1.67,2.4,2.15,2.85,2.1999999999999997,0.45453272709454046,1.1099999999999999,1.67,2.78,2.5999999999999996,0.18708286933869714,0.4500000000000002,2.4,2.85
000718,3.82,2.47,4.25,2.85,4.2,3.1,4.09,0.19200694431886234,0.43000000000000016,3.82,4.25,2.8066666666666666,0.2590152290674988,0.6299999999999999,2.47,3.1
000719,4.75,3.82,4.72,3.85,4.75,2.85,4.739999999999999,0.014142135623731067,0.03000000000000025,4.72,4.75,3.5066666666666664,0.4644949467492144,1.0,2.85,3.85
000720,0.56,3.2,2.85,3.65,2.85,2.6,2.0866666666666664,1.0795163526114626,2.29,0.56,2.85,3.15,0.43011626335213127,1.0499999999999998,2.6,3.65
000721,3.2,2.1,2.85,2.15,3.82,3.65,3.2900000000000005,0.40108187027920694,0.9699999999999998,2.85,3.82,2.6333333333333333,0.7191816336797139,1.5499999999999998,2.1,3.65
000722,3.65,2.85,4.25,3.85,2.15,2.85,3.35,0.8831760866327847,2.1,2.15,4.25,3.1833333333333336,0.4714045207910317,1.0,2.85,3.85
000723,1.85,1.23,3.82,1.5,3.65,2.35,3.106666666666667,0.8913036644276865,1.9699999999999998,1.85,3.82,1.6933333333333334,0.47723742053149565,1.12,1.23,2.35
000724,4.25,3.15,3.85,2.75,4.25,3.15,4.116666666666666,0.18856180831641264,0.3999999999999999,3.85,4.25,3.016666666666667,0.18856180831641264,0.3999999999999999,2.75,3.15
000725,3.42,2.18,3.42,3.15,3.42,2.68,3.42,0.0,0.0,3.42,3.42,2.67,0.3960639678974428,0.9699999999999998,2.18,3.15
000726,0.0,0.5,2.85,1.75,1.85,2.15,1.5666666666666667,1.1806307165616559,2.85,0.0,2.85,1.4666666666666668,0.7027722880769338,1.65,0.5,2.15
000727,1.85,2.42,1.25,2.15,2.15,1.85,1.75,0.3741657386773941,0.8999999999999999,1.25,2.15,2.14,0.23280893453645624,0.5699999999999998,1.85,2.42
000728,2.85,1.25,2.15,3.25,1.25,3.85,2.0833333333333335,0.6548960901462834,1.6,1.25,2.85,2.783333333333333,1.1115554667022045,2.6,1.25,3.85
000729,2.15,2.85,2.85,1.75,2.85,3.12,2.6166666666666667,0.32998316455372223,0.7000000000000002,2.15,2.85,2.5733333333333333,0.5925275427259807,1.37,1.75,3.12
000730,3.25,2.15,3.82,2.15,3.82,2.15,3.6300000000000003,0.26870057685088794,0.5699999999999998,3.25,3.82,2.15,0.0,0.0,2.15,2.15
000731,3.82,2.15,4.65,3.85,4.25,3.15,4.24,0.3389198528659347,0.8300000000000005,3.82,4.65,3.0500000000000003,0.6976149845485451,1.7000000000000002,2.15,3.85
000732,4.25,3.15,1.25,2.15,3.82,3.15,3.106666666666667,1.3245460438286856,3.0,1.25,4.25,2.8166666666666664,0.4714045207910317,1.0,2.15,3.15
000733,3.25,1.85,3.65,1.25,3.25,2.1,3.3833333333333333,0.18856180831641264,0.3999999999999999,3.25,3.65,1.7333333333333334,0.356682242650545,0.8500000000000001,1.25,2.1
000734,0.85,1.5,1.25,1.5,1.11,1.5,1.07,0.16573070526208072,0.4,0.85,1.25,1.5,0.0,0.0,1.5,1.5
000735,4.25,4.1,4.75,4.2,3.75,2.85,4.25,0.408248290463863,1.0,3.75,4.75,3.716666666666667,0.6141841924229425,1.35,2.85,4.2
000736,3.85,1.5,3.45,1.5,4.12,1.5,3.806666666666667,0.2752372713779068,0.6699999999999999,3.45,4.12,1.5,0.0,0.0,1.5,1.5
000737,0.56,1.1,0.56,2.85,0.56,2.15,0.56,0.0,0.0,0.56,0.56,2.033333333333333,0.7191816336797139,1.75,1.1,2.85
000738,3.42,2.0,3.45,2.0,3.45,1.82,3.44,0.014142135623731067,0.03000000000000025,3.42,3.45,1.9400000000000002,0.08485281374238568,0.17999999999999994,1.82,2.0
000739,4.25,2.0,4.12,2.0,3.85,2.75,4.073333333333333,0.16659998666133063,0.3999999999999999,3.85,4.25,2.25,0.3535533905932738,0.75,2.0,2.75
000740,4.65,3.8,4.35,3.12,4.65,3.82,4.55,0.14142135623730984,0.3000000000000007,4.35,4.65,3.58,0.32537158245099795,0.6999999999999997,3.12,3.82
000741,4.75,3.85,3.82,2.47,4.12,3.28,4.23,0.38755644750152207,0.9300000000000002,3.82,4.75,3.1999999999999997,0.5662155066756825,1.38,2.47,3.85
000742,4.65,2.85,4.65,3.85,4.65,3.85,4.65,0.0,0.0,4.65,4.65,3.516666666666667,0.4714045207910317,1.0,2.85,3.85
000744,4.12,2.85,4.65,2.85,4.2,2.8,4.323333333333333,0.23328570942563598,0.5300000000000002,4.12,4.65,2.8333333333333335,0.02357022603955171,0.050000000000000266,2.8,2.85
000745,3.82,2.15,4.65,2.85,3.75,2.15,4.073333333333333,0.40876507787345173,0.9000000000000004,3.75,4.65,2.3833333333333333,0.32998316455372223,0.7000000000000002,2.15,2.85
000746,4.2,2.8,4.25,2.85,4.65,3.8,4.366666666666666,0.20138409955990966,0.4500000000000002,4.2,4.65,3.15,0.4600724580614086,1.0,2.8,3.8
000747,4.35,3.75,3.85,2.15,4.15,2.85,4.116666666666666,0.2054804667656324,0.49999999999999956,3.85,4.35,2.9166666666666665,0.6548960901462834,1.6,2.15,3.75
000748,4.85,3.72,4.85,3.72,4.85,3.72,4.85,0.0,0.0,4.85,4.85,3.72,0.0,0.0,3.72,3.72
000749,3.82,3.45,3.82,2.15,3.82,3.15,3.82,0.0,0.0,3.82,3.82,2.9166666666666665,0.5557777333511024,1.3000000000000003,2.15,3.45
000750,2.85,3.2,3.2,2.8,2.85,3.12,2.966666666666667,0.16499158227686112,0.3500000000000001,2.85,3.2,3.0400000000000005,0.1728197519575431,0.40000000000000036,2.8,3.2
000751,2.85,3.12,2.85,2.65,3.25,2.85,2.983333333333333,0.18856180831641264,0.3999999999999999,2.85,3.25,2.873333333333333,0.1925847576753906,0.4700000000000002,2.65,3.12
000752,4.2,3.8,4.25,4.1,4.25,3.85,4.233333333333333,0.0235702260395515,0.04999999999999982,4.2,4.25,3.9166666666666665,0.13123346456686338,0.2999999999999998,3.8,4.1
000753,3.85,3.72,3.82,2.73,3.82,4.15,3.83,0.014142135623731067,0.03000000000000025,3.82,3.85,3.5333333333333337,0.5945493157753098,1.4200000000000004,2.73,4.15
000754,4.25,3.85,3.82,2.55,4.2,3.8,4.09,0.19200694431886234,0.43000000000000016,3.82,4.25,3.4,0.6013872850889572,1.3000000000000003,2.55,3.85
000755,3.85,4.75,3.2,2.8,3.85,4.75,3.6333333333333333,0.30641293851417056,0.6499999999999999,3.2,3.85,4.1000000000000005,0.9192388155425119,1.9500000000000002,2.8,4.75
000756,3.82,2.47,4.2,4.0,3.82,3.65,3.9466666666666668,0.1791337179005922,0.38000000000000034,3.82,4.2,3.3733333333333335,0.6545397025560956,1.5299999999999998,2.47,4.0
000757,4.35,2.15,4.35,2.15,4.65,3.85,4.45,0.14142135623730984,0.3000000000000007,4.35,4.65,2.716666666666667,0.8013876853447539,1.7000000000000002,2.15,3.85
000758,4.12,3.85,3.82,2.73,4.12,3.65,4.02,0.14142135623730964,0.30000000000000027,3.82,4.12,3.41,0.48771576421791685,1.12,2.73,3.85
000759,2.15,3.25,1.25,0.75,1.85,2.75,1.75,0.3741657386773941,0.8999999999999999,1.25,2.15,2.25,1.0801234497346435,2.5,0.75,3.25
000760,4.65,3.82,4.25,3.85,4.65,3.85,4.516666666666667,0.18856180831641287,0.40000000000000036,4.25,4.65,3.84,0.014142135623731067,0.03000000000000025,3.82,3.85
000761,1.67,2.55,1.11,0.0,1.11,4.85,1.2966666666666669,0.26398653164297764,0.5599999999999998,1.11,1.67,2.4666666666666663,1.9808808366201356,4.85,0.0,4.85
000762,4.65,3.2,4.65,3.85,4.65,2.85,4.65,0.0,0.0,4.65,4.65,3.3000000000000003,0.4143267631552018,1.0,2.85,3.85
000763,4.44,2.55,4.65,3.82,4.12,2.85,4.403333333333333,0.21791945504908214,0.5300000000000002,4.12,4.65,3.073333333333333,0.5419922098661156,1.27,2.55,3.82
000764,4.75,3.2,3.82,2.45,4.92,4.15,4.496666666666667,0.4834827355299831,1.1,3.82,4.92,3.266666666666667,0.6956212251569737,1.7000000000000002,2.45,4.15
000765,4.25,3.85,4.35,3.25,4.12,3.85,4.239999999999999,0.09416297927883671,0.22999999999999954,4.12,4.35,3.65,0.28284271247461906,0.6000000000000001,3.25,3.85
000766,4.44,3.2,4.44,3.7,4.44,3.7,4.44,0.0,0.0,4.44,4.44,3.5333333333333337,0.23570226039551584,0.5,3.2,3.7
000767,4.25,2.75,4.25,3.85,3.82,2.15,4.1066666666666665,0.20270394394014368,0.43000000000000016,3.82,4.25,2.9166666666666665,0.7039570693980959,1.7000000000000002,2.15,3.85
000768,4.65,3.85,4.44,3.2,4.65,3.85,4.58,0.09899494936611664,0.20999999999999996,4.44,4.65,3.6333333333333333,0.30641293851417056,0.6499999999999999,3.2,3.85
000769,4.2,1.5,4.65,1.5,4.35,2.85,4.4,0.1870828693386972,0.4500000000000002,4.2,4.65,1.95,0.6363961030678928,1.35,1.5,2.85
000770,4.85,4.95,4.85,4.92,4.95,4.98,4.883333333333333,0.04714045207910342,0.10000000000000053,4.85,4.95,4.95,0.024494897427831983,0.0600000000000005,4.92,4.98
000771,4.85,3.8,4.85,4.2,4.35,2.85,4.683333333333333,0.23570226039551584,0.5,4.35,4.85,3.6166666666666667,0.566176258382101,1.35,2.85,4.2
000772,1.85,0.15,0.56,0.1,1.85,0.15,1.42,0.6081118318204309,1.29,0.56,1.85,0.13333333333333333,0.02357022603955158,0.04999999999999999,0.1,0.15
000773,1.25,2.45,2.85,2.72,4.65,3.85,2.9166666666666665,1.3888444437333107,3.4000000000000004,1.25,4.65,3.0066666666666664,0.6064285246882402,1.4,2.45,3.85
000774,4.13,1.1,3.65,1.25,3.65,1.25,3.81,0.2262741699796952,0.48,3.65,4.13,1.2,0.07071067811865471,0.1499999999999999,1.1,1.25
000775,4.25,2.15,1.25,0.85,1.25,1.85,2.25,1.4142135623730951,3.0,1.25,4.25,1.6166666666666665,0.5557777333511021,1.2999999999999998,0.85,2.15
000776,4.85,4.92,4.85,4.92,4.85,4.92,4.85,0.0,0.0,4.85,4.85,4.92,0.0,0.0,4.92,4.92
000777,4.85,4.95,4.2,4.9,4.95,4.98,4.666666666666667,0.33249895572099997,0.75,4.2,4.95,4.943333333333334,0.03299831645537223,0.08000000000000007,4.9,4.98
000778,4.85,4.92,4.85,3.72,4.85,4.92,4.85,0.0,0.0,4.85,4.85,4.5200000000000005,0.5656854249492379,1.1999999999999997,3.72,4.92
000779,4.65,2.75,4.72,2.55,4.85,3.72,4.74,0.08286535263104008,0.1999999999999993,4.65,4.85,3.0066666666666664,0.5109685791600976,1.1700000000000004,2.55,3.72
000780,4.2,2.8,4.35,2.65,4.12,2.87,4.223333333333334,0.09533566430716706,0.22999999999999954,4.12,4.35,2.7733333333333334,0.09177266598624143,0.2200000000000002,2.65,2.87
000781,3.65,2.25,3.82,2.15,3.82,2.45,3.763333333333333,0.08013876853447535,0.16999999999999993,3.65,3.82,2.2833333333333337,0.12472191289246481,0.30000000000000027,2.15,2.45
000782,2.85,1.23,1.85,1.23,2.15,1.23,2.283333333333333,0.41899350299921784,1.0,1.85,2.85,1.23,0.0,0.0,1.23,1.23
000783,4.12,2.85,4.25,2.15,4.12,2.35,4.163333333333334,0.06128258770283406,0.1299999999999999,4.12,4.25,2.4499999999999997,0.29439202887759497,0.7000000000000002,2.15,2.85
000784,4.35,2.15,4.65,3.82,4.12,2.87,4.373333333333334,0.21699974398346403,0.5300000000000002,4.12,4.65,2.9466666666666668,0.6839265717571993,1.67,2.15,3.82
000785,4.35,2.85,4.2,2.8,4.44,2.25,4.330000000000001,0.09899494936611669,0.2400000000000002,4.2,4.44,2.6333333333333333,0.27182510717166813,0.6000000000000001,2.25,2.85
000786,3.82,2.0,4.12,2.0,4.35,2.0,4.096666666666667,0.2169997439834639,0.5299999999999998,3.82,4.35,2.0,0.0,0.0,2.0,2.0
000787,3.82,2.15,3.82,1.47,4.12,1.35,3.92,0.14142135623730964,0.30000000000000027,3.82,4.12,1.656666666666667,0.3522625283632774,0.7999999999999998,1.35,2.15
000788,3.65,2.15,3.82,2.0,3.82,1.47,3.763333333333333,0.08013876853447535,0.16999999999999993,3.65,3.82,1.8733333333333333,0.2916999980954557,0.6799999999999999,1.47,2.15
000790,0.0,2.8,0.0,2.8,0.15,2.35,0.049999999999999996,0.07071067811865475,0.15,0.0,0.15,2.65,0.21213203435596414,0.44999999999999973,2.35,2.8
000791,0.15,3.2,0.15,1.85,4.85,2.15,1.7166666666666666,2.215601247717849,4.699999999999999,0.15,4.85,2.4000000000000004,0.5787918451395113,1.35,1.85,3.2
000792,0.0,1.2,0.15,2.85,0.0,1.85,0.049999999999999996,0.07071067811865475,0.15,0.0,0.15,1.9666666666666668,0.6786424357167444,1.6500000000000001,1.2,2.85
000793,0.0,1.5,0.12,1.85,0.0,2.3,0.04,0.0565685424949238,0.12,0.0,0.12,1.8833333333333335,0.3274480450731416,0.7999999999999998,1.5,2.3
000794,4.85,2.35,0.0,4.2,0.0,3.5,1.6166666666666665,2.2863119258365034,4.85,0.0,4.85,3.35,0.7626707459098366,1.85,2.35,4.2
000795,0.0,0.8,0.0,1.2,0.0,0.5,0.0,0.0,0.0,0.0,0.0,0.8333333333333334,0.2867441755680875,0.7,0.5,1.2
000796,0.12,1.5,0.15,1.5,0.0,1.5,0.09000000000000001,0.0648074069840786,0.15,0.0,0.15,1.5,0.0,0.0,1.5,1.5
000797,1.25,2.1,0.0,1.85,0.71,2.15,0.6533333333333333,0.5118810625743271,1.25,0.0,1.25,2.033333333333333,0.13123346456686347,0.2999999999999998,1.85,2.15
000798,0.0,2.8,4.85,3.72,1.25,4.15,2.033333333333333,2.0560209683323323,4.85,0.0,4.85,3.5566666666666666,0.5631064631922539,1.3500000000000005,2.8,4.15
000799,1.27,2.55,2.15,3.25,1.25,3.1,1.5566666666666666,0.41962946618283237,0.8999999999999999,1.25,2.15,2.966666666666667,0.3009245014211299,0.7000000000000002,2.55,3.25
000800,4.25,2.35,4.25,3.1,4.35,2.65,4.283333333333333,0.047140452079103,0.09999999999999964,4.25,4.35,2.6999999999999997,0.3082207001484488,0.75,2.35,3.1
000801,3.45,1.25,3.65,2.85,3.82,2.15,3.64,0.15121728296284995,0.36999999999999966,3.45,3.82,2.0833333333333335,0.6548960901462834,1.6,1.25,2.85
000802,1.85,2.15,2.15,2.85,2.15,2.85,2.0500000000000003,0.14142135623730942,0.2999999999999998,1.85,2.15,2.6166666666666667,0.32998316455372223,0.7000000000000002,2.15,2.85
000803,4.32,3.85,4.62,3.85,4.65,3.85,4.53,0.14899664425751338,0.33000000000000007,4.32,4.65,3.85,0.0,0.0,3.85,3.85
000804,3.82,2.73,4.35,1.5,4.12,2.35,4.096666666666667,0.2169997439834639,0.5299999999999998,3.82,4.35,2.1933333333333334,0.5142200134399888,1.23,1.5,2.73
000805,4.25,3.85,3.85,1.5,3.82,1.5,3.973333333333333,0.1960158723731888,0.43000000000000016,3.82,4.25,2.283333333333333,1.1078006238589244,2.35,1.5,3.85
000806,4.12,2.38,3.2,1.8,3.82,2.47,3.7133333333333334,0.38308687729489704,0.9199999999999999,3.2,4.12,2.216666666666667,0.2969100125552447,0.6700000000000002,1.8,2.47
000807,4.35,2.8,3.82,1.5,4.25,1.5,4.14,0.22992752481307377,0.5299999999999998,3.82,4.35,1.9333333333333333,0.6128258770283411,1.2999999999999998,1.5,2.8
000808,3.85,2.15,4.12,2.38,4.12,2.85,4.03,0.12727922061357858,0.27,3.85,4.12,2.4599999999999995,0.2913188402192119,0.7000000000000002,2.15,2.85
000809,4.62,4.15,4.85,4.72,4.25,2.85,4.573333333333333,0.24716166549222154,0.5999999999999996,4.25,4.85,3.9066666666666667,0.7825741001478531,1.8699999999999997,2.85,4.72
000810,0.56,2.15,1.11,2.25,1.25,2.85,0.9733333333333333,0.29780679792256065,0.69,0.56,1.25,2.4166666666666665,0.30912061651652356,0.7000000000000002,2.15,2.85
000811,3.25,2.15,3.85,1.42,3.42,1.85,3.5066666666666664,0.2524986248587417,0.6000000000000001,3.25,3.85,1.8066666666666666,0.29959231558161764,0.73,1.42,2.15
000812,4.25,2.85,3.82,2.15,4.12,2.85,4.0633333333333335,0.18006171781426014,0.43000000000000016,3.82,4.25,2.6166666666666667,0.32998316455372223,0.7000000000000002,2.15,2.85
000813,3.82,1.47,4.44,2.25,4.35,2.25,4.203333333333333,0.27353650985238204,0.6200000000000006,3.82,4.44,1.99,0.36769552621700474,0.78,1.47,2.25
000814,3.85,2.65,3.82,2.15,2.15,1.85,3.2733333333333334,0.7944110327084393,1.7000000000000002,2.15,3.85,2.216666666666667,0.3299831645537221,0.7999999999999998,1.85,2.65
000815,3.82,2.65,3.82,2.15,4.12,2.85,3.92,0.14142135623730964,0.30000000000000027,3.82,4.12,2.5500000000000003,0.29439202887759497,0.7000000000000002,2.15,2.85
000816,4.2,3.5,4.25,3.85,4.35,3.85,4.266666666666667,0.06236095644623214,0.14999999999999947,4.2,4.35,3.733333333333333,0.16499158227686114,0.3500000000000001,3.5,3.85
000817,3.82,2.47,3.42,2.15,3.42,2.18,3.5533333333333332,0.18856180831641264,0.3999999999999999,3.42,3.82,2.266666666666667,0.14429907214608917,0.3200000000000003,2.15,2.47
000818,2.85,3.72,2.85,2.15,3.42,2.68,3.0400000000000005,0.268700576850888,0.5699999999999998,2.85,3.42,2.85,0.6521247324451565,1.5700000000000003,2.15,3.72
000819,2.45,1.85,2.15,1.82,2.45,1.82,2.35,0.14142135623730964,0.30000000000000027,2.15,2.45,1.83,0.014142135623730963,0.030000000000000027,1.82,1.85
000820,3.85,2.75,4.2,2.8,3.82,2.15,3.956666666666667,0.17249798710580824,0.38000000000000034,3.82,4.2,2.5666666666666664,0.2953340857778225,0.6499999999999999,2.15,2.8
000821,0.56,2.4,1.25,2.15,0.56,1.1,0.79,0.3252691193458119,0.69,0.56,1.25,1.8833333333333335,0.56322484162386,1.2999999999999998,1.1,2.4
000822,3.82,2.47,3.65,1.35,3.2,2.1,3.5566666666666666,0.26157641755751254,0.6199999999999997,3.2,3.82,1.9733333333333334,0.46592798680578196,1.12,1.35,2.47
000823,3.2,1.8,3.82,1.47,3.2,1.8,3.4066666666666663,0.2922708028904395,0.6199999999999997,3.2,3.82,1.6900000000000002,0.1555634918610405,0.33000000000000007,1.47,1.8
000824,2.78,2.4,3.25,3.8,2.85,2.6,2.9599999999999995,0.2070426687102605,0.4700000000000002,2.78,3.25,2.933333333333333,0.6182412330330469,1.4,2.4,3.8
000825,4.2,2.8,4.2,2.8,4.12,2.85,4.173333333333333,0.03771236166328257,0.08000000000000007,4.12,4.2,2.8166666666666664,0.02357022603955171,0.050000000000000266,2.8,2.85
000826,4.85,4.7,4.35,4.12,4.85,4.92,4.683333333333333,0.23570226039551584,0.5,4.35,4.85,4.58,0.337441352929167,0.7999999999999998,4.12,4.92
000827,3.25,1.85,3.25,1.85,2.15,1.85,2.8833333333333333,0.5185449728701349,1.1,2.15,3.25,1.8500000000000003,2.220446049250313e-16,0.0,1.85,1.85
000828,1.25,1.83,1.25,0.85,2.15,1.85,1.55,0.42426406871192845,0.8999999999999999,1.25,2.15,1.51,0.4667618950457146,1.0,0.85,1.85
000829,4.85,3.2,4.85,4.2,4.85,4.2,4.85,0.0,0.0,4.85,4.85,3.866666666666667,0.4714045207910317,1.0,3.2,4.2
000830,4.85,3.75,4.75,2.85,4.85,2.15,4.816666666666666,0.047140452079103,0.09999999999999964,4.75,4.85,2.9166666666666665,0.6548960901462834,1.6,2.15,3.75
000831,4.75,3.2,4.85,3.72,4.65,3.82,4.75,0.08164965809277232,0.1999999999999993,4.65,4.85,3.58,0.27178422814186004,0.6199999999999997,3.2,3.82
000832,4.65,3.85,4.85,4.2,4.35,2.85,4.616666666666666,0.20548046676563259,0.5,4.35,4.85,3.6333333333333333,0.5720334100576838,1.35,2.85,4.2
000833,4.25,3.85,4.25,1.85,1.25,2.85,3.25,1.4142135623730951,3.0,1.25,4.25,2.85,0.816496580927726,2.0,1.85,3.85
000834,3.82,1.47,3.85,2.15,4.13,3.2,3.9333333333333336,0.13960261060914614,0.31000000000000005,3.82,4.13,2.2733333333333334,0.7116334886879779,1.7300000000000002,1.47,3.2
000835,0.0,0.0,1.25,2.15,0.56,0.0,0.6033333333333334,0.5112294548982438,1.25,0.0,1.25,0.7166666666666667,1.013519719700718,2.15,0.0,2.15
000836,3.42,2.15,4.35,3.12,3.85,2.15,3.873333333333333,0.3800292386412158,0.9299999999999997,3.42,4.35,2.473333333333333,0.45726238516730083,0.9700000000000002,2.15,3.12
000837,4.2,1.5,3.25,1.85,3.85,2.75,3.766666666666667,0.39228674319799406,0.9500000000000002,3.25,4.2,2.033333333333333,0.5265189666310438,1.25,1.5,2.75
000838,3.82,2.47,3.82,2.45,4.2,3.5,3.9466666666666668,0.17913371790059218,0.38000000000000034,3.82,4.2,2.8066666666666666,0.490328687945364,1.0499999999999998,2.45,3.5
000839,4.85,2.15,3.85,2.15,4.2,1.5,4.3,0.41432676315520156,0.9999999999999996,3.85,4.85,1.9333333333333333,0.30641293851417056,0.6499999999999999,1.5,2.15
000840,3.25,2.15,4.85,2.75,4.75,2.85,4.283333333333333,0.7318166133366716,1.5999999999999996,3.25,4.85,2.5833333333333335,0.30912061651652356,0.7000000000000002,2.15,2.85
000841,2.85,1.25,2.85,1.2,2.45,1.35,2.716666666666667,0.18856180831641264,0.3999999999999999,2.45,2.85,1.2666666666666668,0.06236095644623241,0.15000000000000013,1.2,1.35
000842,3.85,1.25,3.85,1.25,2.85,1.2,3.516666666666667,0.4714045207910317,1.0,2.85,3.85,1.2333333333333334,0.023570226039551605,0.050000000000000044,1.2,1.25
000843,0.0,0.25,0.0,0.35,0.0,0.8,0.0,0.0,0.0,0.0,0.0,0.4666666666666666,0.23921166824012208,0.55,0.25,0.8
000844,4.85,2.75,4.85,4.72,4.92,4.85,4.873333333333333,0.03299831645537235,0.07000000000000028,4.85,4.92,4.1066666666666665,0.9607751500163233,2.0999999999999996,2.75,4.85
000845,3.82,2.47,4.2,3.1,3.25,2.15,3.7566666666666664,0.3904128868547019,0.9500000000000002,3.25,4.2,2.5733333333333337,0.3946587837050578,0.9500000000000002,2.15,3.1
000846,3.25,3.15,4.2,2.8,2.85,1.92,3.4333333333333336,0.5661762583821011,1.35,2.85,4.2,2.623333333333333,0.5174510175422941,1.23,1.92,3.15
000847,2.85,1.23,4.75,2.85,3.82,2.15,3.8066666666666666,0.7757290477709053,1.9,2.85,4.75,2.0766666666666667,0.6633919572084733,1.62,1.23,2.85
000848,0.62,0.85,1.25,2.87,0.62,1.15,0.8300000000000001,0.29698484809834996,0.63,0.62,1.25,1.6233333333333333,0.889993757780856,2.02,0.85,2.87
000849,3.85,2.75,3.82,2.47,3.85,3.2,3.84,0.014142135623731067,0.03000000000000025,3.82,3.85,2.806666666666667,0.3007028803025043,0.73,2.47,3.2
000850,4.85,3.65,4.25,3.15,4.25,3.8,4.45,0.28284271247461884,0.5999999999999996,4.25,4.85,3.533333333333333,0.27788886667555107,0.6499999999999999,3.15,3.8
000851,4.65,3.85,4.65,3.85,4.65,3.82,4.65,0.0,0.0,4.65,4.65,3.84,0.014142135623731067,0.03000000000000025,3.82,3.85
000852,3.82,2.15,3.82,2.47,4.2,2.8,3.9466666666666668,0.17913371790059218,0.38000000000000034,3.82,4.2,2.473333333333333,0.2653718564999352,0.6499999999999999,2.15,2.8
000853,0.85,1.2,0.62,1.15,1.11,1.33,0.86,0.20016659728003244,0.4900000000000001,0.62,1.11,1.2266666666666666,0.07586537784494035,0.18000000000000016,1.15,1.33
000854,4.73,4.12,4.25,3.15,4.12,3.65,4.366666666666667,0.26233989826601345,0.6100000000000003,4.12,4.73,3.64,0.39606396789744297,0.9700000000000002,3.15,4.12
000855,4.2,3.8,3.82,4.15,4.12,3.45,4.046666666666667,0.16357125528513744,0.38000000000000034,3.82,4.2,3.8000000000000003,0.2857738033247042,0.7000000000000002,3.45,4.15
000856,4.25,3.15,3.72,2.85,4.25,3.85,4.073333333333333,0.2498443960192467,0.5299999999999998,3.72,4.25,3.283333333333333,0.41899350299921784,1.0,2.85,3.85
000857,4.12,2.85,4.65,3.85,3.42,2.18,4.0633333333333335,0.5037415563119204,1.2300000000000004,3.42,4.65,2.9600000000000004,0.6861972505531239,1.67,2.18,3.85
000858,4.65,3.85,4.75,3.85,4.72,3.85,4.706666666666667,0.041899350299921596,0.09999999999999964,4.65,4.75,3.85,0.0,0.0,3.85,3.85
000859,3.45,2.15,4.65,3.82,3.65,2.1,3.9166666666666674,0.5249338582674542,1.2000000000000002,3.45,4.65,2.69,0.7992913528036361,1.7199999999999998,2.1,3.82
000860,3.85,4.12,3.85,3.2,4.65,3.85,4.116666666666667,0.3771236166328255,0.8000000000000003,3.85,4.65,3.723333333333333,0.3861203036475664,0.9199999999999999,3.2,4.12
000861,4.25,4.1,4.65,3.85,4.25,2.15,4.383333333333334,0.18856180831641287,0.40000000000000036,4.25,4.65,3.3666666666666667,0.8663460945578018,1.9499999999999997,2.15,4.1
000862,4.85,4.2,4.85,4.2,4.85,4.2,4.85,0.0,0.0,4.85,4.85,4.2,0.0,0.0,4.2,4.2
000863,0.0,0.2,0.0,0.0,0.0,0.0,0.0,0.0,0.0,0.0,0.0,0.06666666666666667,0.09428090415820635,0.2,0.0,0.2
000864,4.35,3.82,4.12,3.68,4.65,3.82,4.373333333333333,0.21699974398346403,0.5300000000000002,4.12,4.65,3.7733333333333334,0.06599663291074429,0.13999999999999968,3.68,3.82
000865,4.85,4.7,4.85,4.7,4.65,3.82,4.783333333333333,0.094280904158206,0.1999999999999993,4.65,4.85,4.406666666666667,0.4148359782961081,0.8800000000000003,3.82,4.7
000866,4.85,4.72,4.65,3.85,4.65,3.85,4.716666666666667,0.094280904158206,0.1999999999999993,4.65,4.85,4.14,0.4101219330881974,0.8699999999999997,3.85,4.72
000867,4.65,3.85,4.35,2.15,4.44,3.2,4.48,0.1256980508997656,0.3000000000000007,4.35,4.65,3.0666666666666664,0.7003967129816899,1.7000000000000002,2.15,3.85
000868,3.82,2.15,4.2,3.1,3.82,2.15,3.9466666666666668,0.1791337179005922,0.38000000000000034,3.82,4.2,2.466666666666667,0.4478342947514802,0.9500000000000002,2.15,3.1
000869,4.65,2.35,4.65,3.85,4.75,2.25,4.683333333333334,0.047140452079103,0.09999999999999964,4.65,4.75,2.8166666666666664,0.7318166133366716,1.6,2.25,3.85
000870,4.35,3.1,3.82,2.15,4.2,2.3,4.123333333333334,0.22305953365762143,0.5299999999999998,3.82,4.35,2.5166666666666666,0.4169998667732269,0.9500000000000002,2.15,3.1
000871,4.25,1.5,4.75,1.5,4.12,4.35,4.373333333333334,0.271579740694249,0.6299999999999999,4.12,4.75,2.4499999999999997,1.34350288425444,2.8499999999999996,1.5,4.35
000872,4.25,3.85,3.45,2.85,3.85,2.75,3.85,0.3265986323710903,0.7999999999999998,3.45,4.25,3.15,0.496655480858378,1.1,2.75,3.85
000873,4.75,3.85,4.75,2.85,4.67,3.82,4.723333333333334,0.03771236166328257,0.08000000000000007,4.67,4.75,3.5066666666666664,0.4644949467492144,1.0,2.85,3.85
000875,3.45,3.82,3.75,2.65,3.65,3.82,3.6166666666666667,0.12472191289246463,0.2999999999999998,3.45,3.75,3.4299999999999997,0.551543289325507,1.17,2.65,3.82
000876,3.45,1.82,3.25,1.15,3.45,2.15,3.3833333333333333,0.09428090415820643,0.20000000000000018,3.25,3.45,1.7066666666666663,0.4160395280365664,1.0,1.15,2.15
000877,1.25,3.85,1.25,3.85,1.85,3.2,1.45,0.28284271247461906,0.6000000000000001,1.25,1.85,3.6333333333333333,0.30641293851417056,0.6499999999999999,3.2,3.85
000878,4.85,4.2,4.85,4.2,4.65,3.75,4.783333333333333,0.094280904158206,0.1999999999999993,4.65,4.85,4.05,0.21213203435596434,0.4500000000000002,3.75,4.2
000879,4.85,4.2,4.25,4.1,4.85,4.7,4.6499999999999995,0.28284271247461884,0.5999999999999996,4.25,4.85,4.333333333333333,0.26246692913372716,0.6000000000000005,4.1,4.7
000880,4.35,3.85,4.35,3.85,4.35,3.85,4.35,0.0,0.0,4.35,4.35,3.85,0.0,0.0,3.85,3.85
000881,4.85,3.65,4.75,3.85,4.85,3.65,4.816666666666666,0.047140452079103,0.09999999999999964,4.75,4.85,3.716666666666667,0.09428090415820643,0.20000000000000018,3.65,3.85
000882,4.35,2.85,4.25,3.15,4.12,2.35,4.239999999999999,0.09416297927883671,0.22999999999999954,4.12,4.35,2.783333333333333,0.3299831645537221,0.7999999999999998,2.35,3.15
000883,4.65,3.1,4.85,3.8,4.85,4.92,4.783333333333333,0.094280904158206,0.1999999999999993,4.65,4.85,3.94,0.7495776588630871,1.8199999999999998,3.1,4.92
000884,4.75,3.85,4.75,3.2,4.85,4.9,4.783333333333333,0.047140452079103,0.09999999999999964,4.75,4.85,3.983333333333334,0.7003967129816899,1.7000000000000002,3.2,4.9
000885,4.25,3.1,3.82,3.45,3.25,4.15,3.7733333333333334,0.4095797304012438,1.0,3.25,4.25,3.566666666666667,0.43652669512362663,1.0500000000000003,3.1,4.15
000886,4.25,3.85,4.35,3.25,4.12,3.85,4.239999999999999,0.09416297927883671,0.22999999999999954,4.12,4.35,3.65,0.28284271247461906,0.6000000000000001,3.25,3.85
000887,3.45,3.12,4.72,4.15,4.12,3.45,4.096666666666667,0.5187377843273889,1.2699999999999996,3.45,4.72,3.5733333333333337,0.4294440850939995,1.0300000000000002,3.12,4.15
000888,4.65,3.82,4.18,3.27,4.25,2.85,4.36,0.20704266871026072,0.47000000000000064,4.18,4.65,3.313333333333333,0.39718453589679886,0.9699999999999998,2.85,3.82
000889,1.25,2.35,1.11,2.4,1.85,2.75,1.4033333333333335,0.32097074979228596,0.74,1.11,1.85,2.5,0.17795130420052185,0.3999999999999999,2.35,2.75
000890,4.65,2.15,4.65,2.85,4.65,2.85,4.65,0.0,0.0,4.65,4.65,2.6166666666666667,0.32998316455372223,0.7000000000000002,2.15,2.85
000891,4.65,3.2,4.65,3.85,4.65,4.2,4.65,0.0,0.0,4.65,4.65,3.75,0.4143267631552018,1.0,3.2,4.2
000892,4.25,2.15,4.65,2.85,4.75,3.85,4.55,0.21602468994692872,0.5,4.25,4.75,2.9499999999999997,0.6976149845485451,1.7000000000000002,2.15,3.85
000893,4.72,3.85,3.75,2.1,4.25,3.15,4.239999999999999,0.39606396789744275,0.9699999999999998,3.75,4.72,3.033333333333333,0.7191816336797139,1.75,2.1,3.85
000894,4.12,2.85,3.85,2.15,4.12,2.85,4.03,0.12727922061357858,0.27,3.85,4.12,2.6166666666666667,0.32998316455372223,0.7000000000000002,2.15,2.85
000895,0.0,1.2,1.65,2.25,1.25,2.85,0.9666666666666667,0.7027722880769338,1.65,0.0,1.65,2.1,0.6819090848492928,1.6500000000000001,1.2,2.85
000896,4.12,2.38,4.65,1.55,4.65,2.35,4.473333333333334,0.2498443960192469,0.5300000000000002,4.12,4.65,2.0933333333333333,0.38438984840335666,0.8299999999999998,1.55,2.38
000897,3.82,3.15,2.85,3.12,3.82,2.45,3.4966666666666666,0.45726238516730056,0.9699999999999998,2.85,3.82,2.9066666666666663,0.32314427462392425,0.6999999999999997,2.45,3.15
000898,4.65,3.1,4.65,3.2,4.65,3.85,4.65,0.0,0.0,4.65,4.65,3.3833333333333333,0.332498955721,0.75,3.1,3.85
000899,4.85,2.15,4.65,2.35,4.65,2.35,4.716666666666667,0.094280904158206,0.1999999999999993,4.65,4.85,2.283333333333333,0.09428090415820643,0.20000000000000018,2.15,2.35
000900,4.12,3.65,4.65,3.82,4.35,2.85,4.373333333333333,0.21699974398346408,0.5300000000000002,4.12,4.65,3.44,0.422926313518876,0.9699999999999998,2.85,3.82
000901,4.12,4.35,3.85,3.75,4.12,3.85,4.03,0.12727922061357858,0.27,3.85,4.12,3.983333333333333,0.2624669291337268,0.5999999999999996,3.75,4.35
000902,3.75,4.12,3.45,3.82,4.25,4.85,3.8166666666666664,0.3299831645537221,0.7999999999999998,3.45,4.25,4.263333333333333,0.4325377311736963,1.0299999999999998,3.82,4.85
000903,4.65,3.15,4.25,2.85,4.85,3.75,4.583333333333333,0.24944382578492935,0.5999999999999996,4.25,4.85,3.25,0.3741657386773941,0.8999999999999999,2.85,3.75
000904,4.2,2.8,4.35,3.85,4.44,3.05,4.330000000000001,0.09899494936611669,0.2400000000000002,4.2,4.44,3.233333333333333,0.44783429475148023,1.0500000000000003,2.8,3.85
000905,2.15,2.45,3.85,4.12,2.85,2.65,2.9499999999999997,0.6976149845485451,1.7000000000000002,2.15,3.85,3.0733333333333337,0.7445953412573989,1.67,2.45,4.12
000906,0.0,0.0,0.0,0.0,0.15,2.35,0.049999999999999996,0.07071067811865475,0.15,0.0,0.15,0.7833333333333333,1.1078006238589246,2.35,0.0,2.35
000907,3.75,2.65,3.65,2.25,2.85,2.1,3.4166666666666665,0.40276819911981904,0.8999999999999999,2.85,3.75,2.3333333333333335,0.23213980461973524,0.5499999999999998,2.1,2.65
000908,4.65,3.85,3.65,2.35,4.15,2.65,4.15,0.4082482904638632,1.0000000000000004,3.65,4.65,2.9499999999999997,0.648074069840786,1.5,2.35,3.85
000909,2.85,2.15,3.85,2.6,4.12,2.85,3.606666666666667,0.5462803513052819,1.27,2.85,4.12,2.533333333333333,0.28963578661637956,0.7000000000000002,2.15,2.85
000910,4.85,3.65,4.65,3.85,4.85,3.8,4.783333333333333,0.094280904158206,0.1999999999999993,4.65,4.85,3.766666666666667,0.0849836585598798,0.20000000000000018,3.65,3.85
000911,3.33,2.55,3.33,2.3,3.33,2.55,3.33,0.0,0.0,3.33,3.33,2.4666666666666663,0.11785113019775792,0.25,2.3,2.55
000912,4.85,3.75,4.65,3.82,4.65,3.85,4.716666666666667,0.094280904158206,0.1999999999999993,4.65,4.85,3.8066666666666666,0.0418993502999218,0.10000000000000009,3.75,3.85
000913,1.25,2.85,1.67,2.35,1.67,3.2,1.53,0.19798989873223327,0.41999999999999993,1.25,1.67,2.8000000000000003,0.34880749227427255,0.8500000000000001,2.35,3.2
000914,4.65,2.85,4.65,2.15,4.65,2.15,4.65,0.0,0.0,4.65,4.65,2.3833333333333333,0.32998316455372223,0.7000000000000002,2.15,2.85
000915,4.65,3.85,4.35,2.85,4.25,2.85,4.416666666666667,0.1699673171197597,0.40000000000000036,4.25,4.65,3.1833333333333336,0.4714045207910317,1.0,2.85,3.85
000916,3.25,2.15,2.85,2.15,4.35,2.87,3.483333333333333,0.6342099196813481,1.4999999999999996,2.85,4.35,2.39,0.3394112549695429,0.7200000000000002,2.15,2.87
000917,3.17,0.4,2.85,1.65,2.85,1.2,2.9566666666666666,0.15084944665313005,0.31999999999999984,2.85,3.17,1.0833333333333333,0.5169354139756941,1.25,0.4,1.65
000918,4.65,2.35,4.25,2.85,4.65,3.85,4.516666666666667,0.18856180831641287,0.40000000000000036,4.25,4.65,3.016666666666667,0.6236095644623235,1.5,2.35,3.85
000919,4.65,3.82,3.85,4.12,4.35,4.12,4.283333333333333,0.32998316455372223,0.8000000000000003,3.85,4.65,4.02,0.14142135623730964,0.30000000000000027,3.82,4.12
000920,4.25,3.15,4.85,4.6,4.65,3.85,4.583333333333333,0.24944382578492935,0.5999999999999996,4.25,4.85,3.8666666666666667,0.5920773222777203,1.4499999999999997,3.15,4.6
000921,4.13,2.55,4.13,2.4,3.85,2.15,4.036666666666666,0.13199326582148876,0.2799999999999998,3.85,4.13,2.3666666666666667,0.16499158227686106,0.3999999999999999,2.15,2.55
000922,4.35,2.18,4.65,2.85,4.35,2.15,4.45,0.14142135623730984,0.3000000000000007,4.35,4.65,2.393333333333333,0.32314427462392437,0.7000000000000002,2.15,2.85
000923,4.65,4.82,4.65,3.82,4.65,3.82,4.65,0.0,0.0,4.65,4.65,4.153333333333333,0.4714045207910319,1.0000000000000004,3.82,4.82
000924,1.25,2.85,0.56,1.25,0.56,1.4,0.79,0.3252691193458119,0.69,0.56,1.25,1.8333333333333333,0.7214953607304455,1.6,1.25,2.85
000925,4.65,2.35,4.75,3.85,4.85,3.75,4.75,0.08164965809277232,0.1999999999999993,4.65,4.85,3.3166666666666664,0.6847546194724713,1.5,2.35,3.85
000926,4.85,1.5,4.35,1.5,4.23,1.5,4.476666666666667,0.2684937408746967,0.6199999999999992,4.23,4.85,1.5,0.0,0.0,1.5,1.5
000927,3.82,1.5,3.82,1.47,4.65,1.5,4.096666666666667,0.3912657522565565,0.8300000000000005,3.82,4.65,1.49,0.014142135623730963,0.030000000000000027,1.47,1.5
000928,4.35,1.5,4.25,1.5,4.65,1.5,4.416666666666667,0.1699673171197597,0.40000000000000036,4.25,4.65,1.5,0.0,0.0,1.5,1.5
000929,4.85,3.2,4.65,3.82,4.85,3.2,4.783333333333333,0.094280904158206,0.1999999999999993,4.65,4.85,3.4066666666666663,0.2922708028904395,0.6199999999999997,3.2,3.82
000930,4.35,3.0,4.65,3.85,3.82,3.0,4.273333333333333,0.3431552936434985,0.8300000000000005,3.82,4.65,3.283333333333333,0.40069384267237695,0.8500000000000001,3.0,3.85
000931,1.25,2.35,1.25,2.6,1.25,2.6,1.25,0.0,0.0,1.25,1.25,2.516666666666667,0.11785113019775792,0.25,2.35,2.6
000932,4.25,3.85,4.35,2.65,4.12,2.85,4.239999999999999,0.09416297927883671,0.22999999999999954,4.12,4.35,3.1166666666666667,0.5249338582674541,1.2000000000000002,2.65,3.85
000933,4.25,3.85,4.44,2.4,4.12,3.25,4.2700000000000005,0.13140268896284693,0.3200000000000003,4.12,4.44,3.1666666666666665,0.5948856099191583,1.4500000000000002,2.4,3.85
000934,4.35,1.5,3.85,1.25,3.85,1.5,4.016666666666667,0.23570226039551564,0.49999999999999956,3.85,4.35,1.4166666666666667,0.11785113019775792,0.25,1.25,1.5
000935,1.85,2.35,4.35,2.42,4.85,3.65,3.683333333333333,1.312334645668635,2.9999999999999996,1.85,4.85,2.8066666666666666,0.5970110737852542,1.2999999999999998,2.35,3.65
000936,3.75,3.1,4.25,4.15,3.75,2.85,3.9166666666666665,0.23570226039551584,0.5,3.75,4.25,3.3666666666666667,0.5632248416238601,1.3000000000000003,2.85,4.15
000937,3.85,3.65,4.35,3.65,4.35,3.85,4.183333333333333,0.23570226039551564,0.49999999999999956,3.85,4.35,3.716666666666667,0.09428090415820642,0.20000000000000018,3.65,3.85
000938,3.82,1.47,3.2,2.1,3.82,1.47,3.6133333333333333,0.2922708028904395,0.6199999999999997,3.2,3.82,1.68,0.29698484809835,0.6300000000000001,1.47,2.1
000939,4.65,2.85,4.65,3.82,4.65,2.85,4.65,0.0,0.0,4.65,4.65,3.1733333333333333,0.45726238516730056,0.9699999999999998,2.85,3.82
000940,3.42,1.5,3.42,1.5,3.25,1.5,3.3633333333333333,0.08013876853447535,0.16999999999999993,3.25,3.42,1.5,0.0,0.0,1.5,1.5
000941,3.45,2.65,3.45,2.85,3.45,2.65,3.4500000000000006,4.440892098500626e-16,0.0,3.45,3.45,2.716666666666667,0.09428090415820643,0.20000000000000018,2.65,2.85
000942,3.82,1.5,2.85,1.5,3.82,1.47,3.4966666666666666,0.45726238516730056,0.9699999999999998,2.85,3.82,1.49,0.014142135623730965,0.030000000000000027,1.47,1.5
000943,4.12,3.0,3.65,2.85,4.12,2.85,3.9633333333333334,0.221560124771785,0.4700000000000002,3.65,4.12,2.9,0.07071067811865471,0.1499999999999999,2.85,3.0
000944,4.2,1.5,3.82,1.47,4.12,1.5,4.046666666666667,0.16357125528513744,0.38000000000000034,3.82,4.2,1.49,0.014142135623730963,0.030000000000000027,1.47,1.5
000945,4.2,1.5,4.5,1.5,3.82,1.5,4.173333333333333,0.2782484900627895,0.6800000000000002,3.82,4.5,1.5,0.0,0.0,1.5,1.5
000946,2.45,1.25,3.42,1.5,3.21,1.5,3.026666666666667,0.41667999978667336,0.9699999999999998,2.45,3.42,1.4166666666666667,0.11785113019775792,0.25,1.25,1.5
000947,4.35,2.0,4.35,2.0,4.65,2.0,4.45,0.14142135623730984,0.3000000000000007,4.35,4.65,2.0,0.0,0.0,2.0,2.0
000948,3.42,1.5,3.85,1.5,4.25,1.5,3.84,0.3389198528659345,0.8300000000000001,3.42,4.25,1.5,0.0,0.0,1.5,1.5
000949,4.65,3.0,4.65,2.85,4.35,3.0,4.55,0.14142135623730984,0.3000000000000007,4.35,4.65,2.9499999999999997,0.07071067811865471,0.1499999999999999,2.85,3.0
000950,3.45,1.5,2.85,1.5,4.12,1.5,3.473333333333334,0.5187377843273892,1.27,2.85,4.12,1.5,0.0,0.0,1.5,1.5
000951,1.25,1.5,1.25,1.5,0.0,1.2,0.8333333333333334,0.5892556509887896,1.25,0.0,1.25,1.4000000000000001,0.14142135623730953,0.30000000000000004,1.2,1.5
000952,3.82,1.5,3.82,1.5,3.82,1.5,3.82,0.0,0.0,3.82,3.82,1.5,0.0,0.0,1.5,1.5
000953,4.2,1.5,4.2,1.5,4.12,1.5,4.173333333333333,0.03771236166328257,0.08000000000000007,4.12,4.2,1.5,0.0,0.0,1.5,1.5
000954,3.45,1.5,3.65,1.5,2.15,1.5,3.0833333333333335,0.6649979114420002,1.5,2.15,3.65,1.5,0.0,0.0,1.5,1.5
000955,3.42,1.5,3.45,1.5,3.2,1.5,3.356666666666667,0.11145502331533653,0.25,3.2,3.45,1.5,0.0,0.0,1.5,1.5
000956,3.82,1.47,3.65,1.42,3.65,1.5,3.7066666666666666,0.08013876853447535,0.16999999999999993,3.65,3.82,1.4633333333333332,0.03299831645537225,0.08000000000000007,1.42,1.5
000957,3.82,1.47,3.45,1.5,2.15,1.25,3.14,0.716147098483731,1.67,2.15,3.82,1.4066666666666665,0.11145502331533659,0.25,1.25,1.5
000958,2.15,1.5,2.85,1.5,2.85,1.5,2.6166666666666667,0.32998316455372223,0.7000000000000002,2.15,2.85,1.5,0.0,0.0,1.5,1.5
000959,4.12,1.5,4.2,1.5,4.12,1.5,4.146666666666667,0.03771236166328257,0.08000000000000007,4.12,4.2,1.5,0.0,0.0,1.5,1.5
000960,3.85,1.5,4.12,1.5,3.42,1.5,3.796666666666667,0.28825143345504617,0.7000000000000002,3.42,4.12,1.5,0.0,0.0,1.5,1.5
000961,4.35,2.0,4.25,2.0,4.35,2.0,4.316666666666666,0.047140452079103,0.09999999999999964,4.25,4.35,2.0,0.0,0.0,2.0,2.0
000962,4.85,3.0,4.32,3.0,4.65,3.0,4.6066666666666665,0.21853044537444996,0.5299999999999994,4.32,4.85,3.0,0.0,0.0,3.0,3.0
000963,3.42,2.68,4.12,3.25,3.82,2.15,3.7866666666666666,0.2867441755680876,0.7000000000000002,3.42,4.12,2.6933333333333334,0.4491720778894828,1.1,2.15,3.25
000964,1.85,1.5,2.15,1.5,1.85,1.5,1.95,0.14142135623730942,0.2999999999999998,1.85,2.15,1.5,0.0,0.0,1.5,1.5
000965,4.25,2.85,4.13,2.25,4.25,2.85,4.21,0.05656854249492385,0.1200000000000001,4.13,4.25,2.65,0.28284271247461906,0.6000000000000001,2.25,2.85
000966,4.2,3.8,3.25,2.15,3.85,2.75,3.766666666666667,0.39228674319799406,0.9500000000000002,3.25,4.2,2.9,0.6819090848492927,1.65,2.15,3.8
000967,4.12,2.85,4.44,2.55,4.35,3.0,4.303333333333334,0.1347425528760516,0.3200000000000003,4.12,4.44,2.8000000000000003,0.18708286933869717,0.4500000000000002,2.55,3.0
000968,4.2,2.0,4.12,2.0,4.25,2.0,4.19,0.05354126134736334,0.1299999999999999,4.12,4.25,2.0,0.0,0.0,2.0,2.0
000969,2.85,1.45,2.85,1.75,3.85,2.15,3.1833333333333336,0.4714045207910317,1.0,2.85,3.85,1.7833333333333332,0.2867441755680875,0.7,1.45,2.15
000970,4.25,3.15,4.12,3.85,4.25,3.85,4.206666666666667,0.06128258770283406,0.1299999999999999,4.12,4.25,3.6166666666666667,0.32998316455372223,0.7000000000000002,3.15,3.85
000971,4.65,4.12,4.72,2.55,4.65,2.35,4.673333333333334,0.032998316455371934,0.0699999999999994,4.65,4.72,3.0066666666666664,0.7914683962245254,1.77,2.35,4.12
000972,2.85,4.12,1.85,3.92,2.15,3.2,2.283333333333333,0.41899350299921784,1.0,1.85,2.85,3.746666666666666,0.395080863734108,0.9199999999999999,3.2,4.12
000973,4.75,4.6,4.75,4.2,4.75,4.2,4.75,0.0,0.0,4.75,4.75,4.333333333333333,0.18856180831641242,0.39999999999999947,4.2,4.6
000974,1.85,3.65,2.85,3.15,2.15,3.35,2.283333333333333,0.41899350299921784,1.0,1.85,2.85,3.3833333333333333,0.20548046676563253,0.5,3.15,3.65
000975,1.25,2.8,1.25,3.15,0.0,5.0,0.8333333333333334,0.5892556509887896,1.25,0.0,1.25,3.65,0.965228815704684,2.2,2.8,5.0
000976,4.12,3.85,4.75,4.2,4.75,3.82,4.54,0.2969848480983499,0.6299999999999999,4.12,4.75,3.956666666666667,0.17249798710580824,0.38000000000000034,3.82,4.2
000977,2.85,4.15,2.85,1.65,2.85,4.15,2.85,0.0,0.0,2.85,2.85,3.316666666666667,1.1785113019775795,2.5000000000000004,1.65,4.15
000978,4.72,4.35,4.72,4.15,4.72,4.65,4.72,0.0,0.0,4.72,4.72,4.383333333333334,0.20548046676563259,0.5,4.15,4.65
000979,2.15,2.35,2.15,3.85,2.85,3.45,2.3833333333333333,0.32998316455372223,0.7000000000000002,2.15,2.85,3.216666666666667,0.6342099196813483,1.5,2.35,3.85
000980,3.82,2.15,4.12,3.25,3.82,2.15,3.92,0.14142135623730964,0.30000000000000027,3.82,4.12,2.516666666666667,0.5185449728701349,1.1,2.15,3.25
000981,4.65,2.35,4.35,3.25,3.82,2.15,4.273333333333333,0.3431552936434985,0.8300000000000005,3.82,4.65,2.5833333333333335,0.47842333648024415,1.1,2.15,3.25
000982,4.85,3.72,4.72,3.85,4.75,3.82,4.773333333333333,0.05557777333511014,0.1299999999999999,4.72,4.85,3.796666666666667,0.05557777333511014,0.1299999999999999,3.72,3.85
000983,4.85,4.2,4.85,4.2,4.92,4.35,4.873333333333333,0.03299831645537235,0.07000000000000028,4.85,4.92,4.25,0.0707106781186545,0.14999999999999947,4.2,4.35
000984,4.2,3.5,4.35,3.85,4.44,3.2,4.330000000000001,0.09899494936611669,0.2400000000000002,4.2,4.44,3.516666666666667,0.2656229575084871,0.6499999999999999,3.2,3.85
000985,3.82,3.45,3.82,4.15,3.82,3.45,3.82,0.0,0.0,3.82,3.82,3.6833333333333336,0.32998316455372223,0.7000000000000002,3.45,4.15
000986,3.42,2.18,3.42,2.18,3.75,2.85,3.53,0.1555634918610405,0.33000000000000007,3.42,3.75,2.4033333333333338,0.3158410289299912,0.6699999999999999,2.18,2.85
000987,4.65,2.35,4.85,2.35,4.75,3.85,4.75,0.08164965809277232,0.1999999999999993,4.65,4.85,2.85,0.7071067811865476,1.5,2.35,3.85
000988,3.65,3.85,4.2,3.8,4.65,3.85,4.166666666666667,0.40892813821284346,1.0000000000000004,3.65,4.65,3.8333333333333335,0.023570226039551712,0.050000000000000266,3.8,3.85
000989,4.12,2.85,4.65,2.85,4.12,3.65,4.296666666666667,0.2498443960192469,0.5300000000000002,4.12,4.65,3.1166666666666667,0.3771236166328253,0.7999999999999998,2.85,3.65
000990,2.85,3.12,2.15,3.28,2.15,2.85,2.3833333333333333,0.32998316455372223,0.7000000000000002,2.15,2.85,3.0833333333333335,0.17745108872274876,0.4299999999999997,2.85,3.28
000991,3.33,1.25,2.15,1.85,3.2,1.5,2.893333333333333,0.5282886416428892,1.1800000000000002,2.15,3.33,1.5333333333333332,0.2460803843372234,0.6000000000000001,1.25,1.85
000992,4.2,2.3,4.25,3.85,4.65,3.82,4.366666666666666,0.20138409955990966,0.4500000000000002,4.2,4.65,3.3233333333333337,0.7237095795659718,1.5500000000000003,2.3,3.85
000993,2.15,3.2,1.85,1.45,1.85,2.1,1.95,0.14142135623730942,0.2999999999999998,1.85,2.15,2.25,0.7222649560006819,1.7500000000000002,1.45,3.2
000994,4.35,2.85,4.35,2.85,4.35,2.65,4.35,0.0,0.0,4.35,4.35,2.783333333333333,0.09428090415820642,0.20000000000000018,2.65,2.85
000995,1.67,0.45,1.85,1.2,1.85,1.5,1.79,0.08485281374238578,0.18000000000000016,1.67,1.85,1.05,0.44158804331639234,1.05,0.45,1.5
000996,3.42,2.18,3.82,2.15,3.85,2.45,3.6966666666666668,0.1960158723731888,0.43000000000000016,3.42,3.85,2.2600000000000002,0.1349073756323205,0.30000000000000027,2.15,2.45
000997,3.82,2.55,3.82,2.75,3.2,2.8,3.6133333333333333,0.2922708028904395,0.6199999999999997,3.2,3.82,2.6999999999999997,0.10801234497346436,0.25,2.55,2.8
000998,3.42,1.5,3.42,1.28,3.25,1.5,3.3633333333333333,0.08013876853447535,0.16999999999999993,3.25,3.42,1.4266666666666667,0.10370899457402696,0.21999999999999997,1.28,1.5
000999,3.42,2.15,3.65,2.15,3.45,2.15,3.5066666666666664,0.10208928554075697,0.22999999999999998,3.42,3.65,2.15,0.0,0.0,2.15,2.15
