image_id,source,alignment_score,artifact_score,class_id,alignment_norm,artifact_norm,composite_product_perimage,composite_harmonic_perimage
0,Sys_DiT_ref_1,4.85,3.2,4,0.97,0.64,0.6208,0.7711801242236026
0,Sys_DiT_ref_2,4.85,3.2,4,0.97,0.64,0.6208,0.7711801242236026
0,Sys_DiT_ref_3,4.12,3.85,4,0.8240000000000001,0.77,0.63448,0.7960853199498118
0,User_DiT_1,5.0,4.0,4,1.0,0.8,0.8,0.888888888888889
0,User_DiT_2,5.0,4.0,4,1.0,0.8,0.8,0.888888888888889
0,User_DiT_3,5.0,5.0,4,1.0,1.0,1.0,1.0
1,Sys_DiT_ref_1,4.65,3.85,4,0.93,0.77,0.7161000000000001,0.8424705882352941
1,Sys_DiT_ref_2,4.65,3.85,4,0.93,0.77,0.7161000000000001,0.8424705882352941
1,Sys_DiT_ref_3,4.85,3.2,4,0.97,0.64,0.6208,0.7711801242236026
1,User_DiT_1,5.0,4.0,4,1.0,0.8,0.8,0.888888888888889
1,User_DiT_2,5.0,3.0,4,1.0,0.6,0.6,0.7499999999999999
1,User_DiT_3,5.0,4.0,4,1.0,0.8,0.8,0.888888888888889
2,Sys_DiT_ref_1,4.85,4.92,4,0.97,0.984,0.95448,0.976949846468782
2,Sys_DiT_ref_2,4.85,3.65,4,0.97,0.73,0.7081,0.8330588235294117
2,Sys_DiT_ref_3,4.85,3.92,4,0.97,0.784,0.76048,0.8671379703534778
2,User_DiT_1,5.0,5.0,4,1.0,1.0,1.0,1.0
2,User_DiT_2,5.0,4.0,4,1.0,0.8,0.8,0.888888888888889
2,User_DiT_3,5.0,4.0,4,1.0,0.8,0.8,0.888888888888889
3,Sys_DiT_ref_1,4.15,3.25,4,0.8300000000000001,0.65,0.5395000000000001,0.7290540540540542
3,Sys_DiT_ref_2,4.15,2.3,4,0.8300000000000001,0.45999999999999996,0.38180000000000003,0.591937984496124
3,Sys_DiT_ref_3,4.85,3.92,4,0.97,0.784,0.76048,0.8671379703534778
3,User_DiT_1,5.0,4.0,4,1.0,0.8,0.8,0.888888888888889
3,User_DiT_2,5.0,4.0,4,1.0,0.8,0.8,0.888888888888889
3,User_DiT_3,5.0,4.0,4,1.0,0.8,0.8,0.888888888888889
4,Sys_DiT_ref_1,4.65,3.85,4,0.93,0.77,0.7161000000000001,0.8424705882352941
4,Sys_DiT_ref_2,4.35,3.85,4,0.8699999999999999,0.77,0.6698999999999999,0.8169512195121951
4,Sys_DiT_ref_3,4.35,3.85,4,0.8699999999999999,0.77,0.6698999999999999,0.8169512195121951
4,User_DiT_1,5.0,3.0,4,1.0,0.6,0.6,0.7499999999999999
4,User_DiT_2,5.0,4.0,4,1.0,0.8,0.8,0.888888888888889
4,User_DiT_3,4.38,3.0,4,0.876,0.6,0.5256,0.7121951219512195
5,Sys_DiT_ref_1,3.85,2.0,7,0.77,0.4,0.30800000000000005,0.5264957264957266
5,Sys_DiT_ref_2,3.85,2.0,7,0.77,0.4,0.30800000000000005,0.5264957264957266
5,Sys_DiT_ref_3,4.35,2.0,7,0.8699999999999999,0.4,0.348,0.5480314960629921
5,User_DiT_1,4.44,4.0,7,0.8880000000000001,0.8,0.7104000000000001,0.8417061611374408
5,User_DiT_2,4.38,2.0,7,0.876,0.4,0.35040000000000004,0.5492163009404389
5,User_DiT_3,4.38,4.0,7,0.876,0.8,0.7008000000000001,0.8362768496420048
6,Sys_DiT_ref_1,4.85,1.5,7,0.97,0.3,0.291,0.458267716535433
6,Sys_DiT_ref_2,5.0,1.5,7,1.0,0.3,0.3,0.4615384615384615
6,Sys_DiT_ref_3,5.0,5.0,7,1.0,1.0,1.0,1.0
6,User_DiT_1,5.0,2.0,7,1.0,0.4,0.4,0.5714285714285715
6,User_DiT_2,5.0,5.0,7,1.0,1.0,1.0,1.0
6,User_DiT_3,5.0,5.0,7,1.0,1.0,1.0,1.0
7,Sys_DiT_ref_1,4.15,3.65,7,0.8300000000000001,0.73,0.6059,0.7767948717948717
7,Sys_DiT_ref_2,4.68,3.85,7,0.9359999999999999,0.77,0.72072,0.8449237983587339
7,Sys_DiT_ref_3,4.15,3.62,7,0.8300000000000001,0.724,0.60092,0.7733848133848134
7,User_DiT_1,4.44,4.0,7,0.8880000000000001,0.8,0.7104000000000001,0.8417061611374408
7,User_DiT_2,4.44,4.0,7,0.8880000000000001,0.8,0.7104000000000001,0.8417061611374408
7,User_DiT_3,4.44,4.0,7,0.8880000000000001,0.8,0.7104000000000001,0.8417061611374408
8,Sys_DiT_ref_1,4.15,3.85,7,0.8300000000000001,0.77,0.6391000000000001,0.7988750000000001
8,Sys_DiT_ref_2,4.12,2.35,7,0.8240000000000001,0.47000000000000003,0.38728000000000007,0.5985780525502319
8,Sys_DiT_ref_3,3.85,2.75,7,0.77,0.55,0.42350000000000004,0.6416666666666667
8,User_DiT_1,4.17,4.0,7,0.834,0.8,0.6672,0.8166462668298654
8,User_DiT_2,4.17,4.0,7,0.834,0.8,0.6672,0.8166462668298654
8,User_DiT_3,4.17,3.0,7,0.834,0.6,0.5004,0.697907949790795
9,Sys_DiT_ref_1,4.62,2.85,7,0.924,0.5700000000000001,0.52668,0.7050602409638553
9,Sys_DiT_ref_2,4.62,2.85,7,0.924,0.5700000000000001,0.52668,0.7050602409638553
9,Sys_DiT_ref_3,4.65,3.85,7,0.93,0.77,0.7161000000000001,0.8424705882352941
9,User_DiT_1,5.0,3.0,7,1.0,0.6,0.6,0.7499999999999999
9,User_DiT_2,5.0,3.0,7,1.0,0.6,0.6,0.7499999999999999
9,User_DiT_3,5.0,3.0,7,1.0,0.6,0.6,0.7499999999999999
10,Sys_DiT_ref_1,4.85,1.5,10,0.97,0.3,0.291,0.458267716535433
10,Sys_DiT_ref_2,4.82,1.5,10,0.9640000000000001,0.3,0.2892,0.45759493670886076
10,Sys_DiT_ref_3,3.45,3.82,10,0.6900000000000001,0.764,0.5271600000000001,0.7251169188445667
10,User_DiT_1,3.89,4.0,10,0.778,0.8,0.6224000000000001,0.7888466413181242
10,User_DiT_2,3.89,4.0,10,0.778,0.8,0.6224000000000001,0.7888466413181242
10,User_DiT_3,3.89,4.0,10,0.778,0.8,0.6224000000000001,0.7888466413181242
11,Sys_DiT_ref_1,4.85,4.92,10,0.97,0.984,0.95448,0.976949846468782
11,Sys_DiT_ref_2,4.62,1.5,10,0.924,0.3,0.2772,0.45294117647058824
11,Sys_DiT_ref_3,4.82,3.85,10,0.9640000000000001,0.77,0.74228,0.8561476355247982
11,User_DiT_1,4.0,5.0,10,0.8,1.0,0.8,0.888888888888889
11,User_DiT_2,4.0,5.0,10,0.8,1.0,0.8,0.888888888888889
11,User_DiT_3,4.0,5.0,10,0.8,1.0,0.8,0.888888888888889
12,Sys_DiT_ref_1,3.15,1.5,10,0.63,0.3,0.189,0.40645161290322585
12,Sys_DiT_ref_2,4.15,3.25,10,0.8300000000000001,0.65,0.5395000000000001,0.7290540540540542
12,Sys_DiT_ref_3,1.85,1.2,10,0.37,0.24,0.08879999999999999,0.2911475409836065
12,User_DiT_1,0.56,3.0,10,0.11200000000000002,0.6,0.06720000000000001,0.18876404494382026
12,User_DiT_2,3.57,3.0,10,0.714,0.6,0.42839999999999995,0.6520547945205478
12,User_DiT_3,0.56,2.0,10,0.11200000000000002,0.4,0.044800000000000006,0.17500000000000002
13,Sys_DiT_ref_1,4.85,1.5,10,0.97,0.3,0.291,0.458267716535433
13,Sys_DiT_ref_2,4.85,4.92,10,0.97,0.984,0.95448,0.976949846468782
13,Sys_DiT_ref_3,4.82,1.5,10,0.9640000000000001,0.3,0.2892,0.45759493670886076
13,User_DiT_1,4.0,3.0,10,0.8,0.6,0.48,0.6857142857142857
13,User_DiT_2,5.0,3.0,10,1.0,0.6,0.6,0.7499999999999999
13,User_DiT_3,4.0,2.0,10,0.8,0.4,0.32000000000000006,0.5333333333333333
14,Sys_DiT_ref_1,4.85,4.92,10,0.97,0.984,0.95448,0.976949846468782
14,Sys_DiT_ref_2,4.92,4.95,10,0.984,0.99,0.97416,0.9869908814589666
14,Sys_DiT_ref_3,4.85,4.92,10,0.97,0.984,0.95448,0.976949846468782
14,User_DiT_1,4.0,5.0,10,0.8,1.0,0.8,0.888888888888889
14,User_DiT_2,4.0,5.0,10,0.8,1.0,0.8,0.888888888888889
14,User_DiT_3,3.89,5.0,10,0.778,1.0,0.778,0.875140607424072
15,Sys_DiT_ref_1,4.15,2.85,25,0.8300000000000001,0.5700000000000001,0.4731000000000001,0.6758571428571429
15,Sys_DiT_ref_2,4.72,2.0,25,0.944,0.4,0.3776,0.5619047619047619
15,Sys_DiT_ref_3,4.15,2.0,25,0.8300000000000001,0.4,0.3320000000000001,0.5398373983739838
15,User_DiT_1,5.0,4.0,25,1.0,0.8,0.8,0.888888888888889
15,User_DiT_2,5.0,5.0,25,1.0,1.0,1.0,1.0
15,User_DiT_3,5.0,2.0,25,1.0,0.4,0.4,0.5714285714285715
16,Sys_DiT_ref_1,4.85,4.92,25,0.97,0.984,0.95448,0.976949846468782
16,Sys_DiT_ref_2,4.85,4.92,25,0.97,0.984,0.95448,0.976949846468782
16,Sys_DiT_ref_3,4.85,3.82,25,0.97,0.764,0.74108,0.8547635524798154
16,User_DiT_1,5.0,5.0,25,1.0,1.0,1.0,1.0
16,User_DiT_2,5.0,4.0,25,1.0,0.8,0.8,0.888888888888889
16,User_DiT_3,5.0,5.0,25,1.0,1.0,1.0,1.0
17,Sys_DiT_ref_1,4.35,2.85,25,0.8699999999999999,0.5700000000000001,0.4959,0.6887500000000001
17,Sys_DiT_ref_2,4.12,3.65,25,0.8240000000000001,0.73,0.60152,0.7741570141570142
17,Sys_DiT_ref_3,4.12,3.85,25,0.8240000000000001,0.77,0.63448,0.7960853199498118
17,User_DiT_1,5.0,4.0,25,1.0,0.8,0.8,0.888888888888889
17,User_DiT_2,5.0,3.0,25,1.0,0.6,0.6,0.7499999999999999
17,User_DiT_3,4.17,4.0,25,0.834,0.8,0.6672,0.8166462668298654
18,Sys_DiT_ref_1,4.68,3.85,25,0.9359999999999999,0.77,0.72072,0.8449237983587339
18,Sys_DiT_ref_2,4.85,3.65,25,0.97,0.73,0.7081,0.8330588235294117
18,Sys_DiT_ref_3,4.85,3.65,25,0.97,0.73,0.7081,0.8330588235294117
18,User_DiT_1,5.0,4.0,25,1.0,0.8,0.8,0.888888888888889
18,User_DiT_2,5.0,4.0,25,1.0,0.8,0.8,0.888888888888889
18,User_DiT_3,5.0,4.0,25,1.0,0.8,0.8,0.888888888888889
19,Sys_DiT_ref_1,4.15,2.85,25,0.8300000000000001,0.5700000000000001,0.4731000000000001,0.6758571428571429
19,Sys_DiT_ref_2,4.65,3.85,25,0.93,0.77,0.7161000000000001,0.8424705882352941
19,Sys_DiT_ref_3,4.15,2.85,25,0.8300000000000001,0.5700000000000001,0.4731000000000001,0.6758571428571429
19,User_DiT_1,3.33,2.0,25,0.666,0.4,0.2664,0.499812382739212
19,User_DiT_2,4.29,3.0,25,0.858,0.6,0.5147999999999999,0.7061728395061727
19,User_DiT_3,3.33,3.0,25,0.666,0.6,0.3996,0.6312796208530805
20,Sys_DiT_ref_1,4.85,3.8,35,0.97,0.76,0.7372,0.8522543352601156
20,Sys_DiT_ref_2,4.85,3.82,35,0.97,0.764,0.74108,0.8547635524798154
20,Sys_DiT_ref_3,4.12,3.85,35,0.8240000000000001,0.77,0.63448,0.7960853199498118
20,User_DiT_1,5.0,4.0,35,1.0,0.8,0.8,0.888888888888889
20,User_DiT_2,5.0,4.0,35,1.0,0.8,0.8,0.888888888888889
20,User_DiT_3,5.0,4.0,35,1.0,0.8,0.8,0.888888888888889
21,Sys_DiT_ref_1,3.42,2.85,35,0.6839999999999999,0.5700000000000001,0.38988,0.6218181818181818
21,Sys_DiT_ref_2,3.85,3.6,35,0.77,0.72,0.5544,0.7441610738255033
21,Sys_DiT_ref_3,2.85,2.6,35,0.5700000000000001,0.52,0.29640000000000005,0.5438532110091744
21,User_DiT_1,4.0,4.0,35,0.8,0.8,0.6400000000000001,0.8000000000000002
21,User_DiT_2,3.0,3.0,35,0.6,0.6,0.36,0.6
21,User_DiT_3,4.0,3.0,35,0.8,0.6,0.48,0.6857142857142857
22,Sys_DiT_ref_1,4.12,3.85,35,0.8240000000000001,0.77,0.63448,0.7960853199498118
22,Sys_DiT_ref_2,4.12,3.65,35,0.8240000000000001,0.73,0.60152,0.7741570141570142
22,Sys_DiT_ref_3,4.85,4.2,35,0.97,0.8400000000000001,0.8148000000000001,0.9003314917127072
22,User_DiT_1,5.0,4.0,35,1.0,0.8,0.8,0.888888888888889
22,User_DiT_2,4.0,4.0,35,0.8,0.8,0.6400000000000001,0.8000000000000002
22,User_DiT_3,4.0,5.0,35,0.8,1.0,0.8,0.888888888888889
23,Sys_DiT_ref_1,3.62,3.85,35,0.724,0.77,0.55748,0.7462918340026774
23,Sys_DiT_ref_2,4.12,3.85,35,0.8240000000000001,0.77,0.63448,0.7960853199498118
23,Sys_DiT_ref_3,3.42,2.85,35,0.6839999999999999,0.5700000000000001,0.38988,0.6218181818181818
23,User_DiT_1,5.0,4.0,35,1.0,0.8,0.8,0.888888888888889
23,User_DiT_2,5.0,4.0,35,1.0,0.8,0.8,0.888888888888889
23,User_DiT_3,5.0,4.0,35,1.0,0.8,0.8,0.888888888888889
24,Sys_DiT_ref_1,2.85,3.6,35,0.5700000000000001,0.72,0.41040000000000004,0.6362790697674419
24,Sys_DiT_ref_2,4.15,3.85,35,0.8300000000000001,0.77,0.6391000000000001,0.7988750000000001
24,Sys_DiT_ref_3,3.85,1.5,35,0.77,0.3,0.23099999999999998,0.4317757009345794
24,User_DiT_1,4.0,3.0,35,0.8,0.6,0.48,0.6857142857142857
24,User_DiT_2,4.0,3.0,35,0.8,0.6,0.48,0.6857142857142857
24,User_DiT_3,4.0,4.0,35,0.8,0.8,0.6400000000000001,0.8000000000000002
25,Sys_DiT_ref_1,4.68,3.85,39,0.9359999999999999,0.77,0.72072,0.8449237983587339
25,Sys_DiT_ref_2,4.68,3.0,39,0.9359999999999999,0.6,0.5616,0.73125
25,Sys_DiT_ref_3,4.15,2.85,39,0.8300000000000001,0.5700000000000001,0.4731000000000001,0.6758571428571429
25,User_DiT_1,5.0,4.0,39,1.0,0.8,0.8,0.888888888888889
25,User_DiT_2,5.0,3.0,39,1.0,0.6,0.6,0.7499999999999999
25,User_DiT_3,5.0,4.0,39,1.0,0.8,0.8,0.888888888888889
26,Sys_DiT_ref_1,2.15,1.5,39,0.43,0.3,0.129,0.35342465753424657
26,Sys_DiT_ref_2,3.45,1.5,39,0.6900000000000001,0.3,0.20700000000000002,0.4181818181818182
26,Sys_DiT_ref_3,2.85,1.5,39,0.5700000000000001,0.3,0.171,0.3931034482758621
26,User_DiT_1,3.75,3.0,39,0.75,0.6,0.44999999999999996,0.6666666666666665
26,User_DiT_2,3.89,2.0,39,0.778,0.4,0.31120000000000003,0.5283531409168082
26,User_DiT_3,3.89,2.0,39,0.778,0.4,0.31120000000000003,0.5283531409168082
27,Sys_DiT_ref_1,4.92,4.95,39,0.984,0.99,0.97416,0.9869908814589666
27,Sys_DiT_ref_2,4.15,4.62,39,0.8300000000000001,0.924,0.7669200000000002,0.8744811858608895
27,Sys_DiT_ref_3,2.85,2.1,39,0.5700000000000001,0.42000000000000004,0.23940000000000006,0.4836363636363637
27,User_DiT_1,5.0,5.0,39,1.0,1.0,1.0,1.0
27,User_DiT_2,3.57,3.0,39,0.714,0.6,0.42839999999999995,0.6520547945205478
27,User_DiT_3,3.57,2.0,39,0.714,0.4,0.2856,0.5127468581687613
28,Sys_DiT_ref_1,3.42,2.85,39,0.6839999999999999,0.5700000000000001,0.38988,0.6218181818181818
28,Sys_DiT_ref_2,2.85,2.1,39,0.5700000000000001,0.42000000000000004,0.23940000000000006,0.4836363636363637
28,Sys_DiT_ref_3,3.85,3.2,39,0.77,0.64,0.4928,0.6990070921985815
28,User_DiT_1,5.0,3.0,39,1.0,0.6,0.6,0.7499999999999999
28,User_DiT_2,4.17,2.0,39,0.834,0.4,0.3336,0.5406807131280389
28,User_DiT_3,5.0,3.0,39,1.0,0.6,0.6,0.7499999999999999
29,Sys_DiT_ref_1,3.85,4.12,39,0.77,0.8240000000000001,0.63448,0.7960853199498118
29,Sys_DiT_ref_2,3.85,4.92,39,0.77,0.984,0.75768,0.863945267958951
29,Sys_DiT_ref_3,4.85,4.92,39,0.97,0.984,0.95448,0.976949846468782
29,User_DiT_1,5.0,4.0,39,1.0,0.8,0.8,0.888888888888889
29,User_DiT_2,5.0,4.0,39,1.0,0.8,0.8,0.888888888888889
29,User_DiT_3,5.0,4.0,39,1.0,0.8,0.8,0.888888888888889
30,Sys_DiT_ref_1,4.82,3.65,49,0.9640000000000001,0.73,0.70372,0.8308382526564345
30,Sys_DiT_ref_2,4.85,3.65,49,0.97,0.73,0.7081,0.8330588235294117
30,Sys_DiT_ref_3,4.68,3.85,49,0.9359999999999999,0.77,0.72072,0.8449237983587339
30,User_DiT_1,5.0,4.0,49,1.0,0.8,0.8,0.888888888888889
30,User_DiT_2,5.0,4.0,49,1.0,0.8,0.8,0.888888888888889
30,User_DiT_3,5.0,4.0,49,1.0,0.8,0.8,0.888888888888889
31,Sys_DiT_ref_1,4.92,4.95,49,0.984,0.99,0.97416,0.9869908814589666
31,Sys_DiT_ref_2,4.92,4.98,49,0.984,0.9960000000000001,0.980064,0.9899636363636364
31,Sys_DiT_ref_3,4.92,4.95,49,0.984,0.99,0.97416,0.9869908814589666
31,User_DiT_1,5.0,5.0,49,1.0,1.0,1.0,1.0
31,User_DiT_2,5.0,5.0,49,1.0,1.0,1.0,1.0
31,User_DiT_3,5.0,5.0,49,1.0,1.0,1.0,1.0
32,Sys_DiT_ref_1,4.85,4.92,49,0.97,0.984,0.95448,0.976949846468782
32,Sys_DiT_ref_2,3.85,3.6,49,0.77,0.72,0.5544,0.7441610738255033
32,Sys_DiT_ref_3,4.85,3.65,49,0.97,0.73,0.7081,0.8330588235294117
32,User_DiT_1,5.0,5.0,49,1.0,1.0,1.0,1.0
32,User_DiT_2,5.0,5.0,49,1.0,1.0,1.0,1.0
32,User_DiT_3,5.0,4.0,49,1.0,0.8,0.8,0.888888888888889
33,Sys_DiT_ref_1,2.85,3.42,49,0.5700000000000001,0.6839999999999999,0.38988,0.6218181818181818
33,Sys_DiT_ref_2,3.42,2.85,49,0.6839999999999999,0.5700000000000001,0.38988,0.6218181818181818
33,Sys_DiT_ref_3,3.42,3.65,49,0.6839999999999999,0.73,0.49931999999999993,0.7062517680339462
33,User_DiT_1,5.0,3.0,49,1.0,0.6,0.6,0.7499999999999999
33,User_DiT_2,5.0,3.0,49,1.0,0.6,0.6,0.7499999999999999
33,User_DiT_3,5.0,3.0,49,1.0,0.6,0.6,0.7499999999999999
34,Sys_DiT_ref_1,2.85,3.2,49,0.5700000000000001,0.64,0.36480000000000007,0.6029752066115703
34,Sys_DiT_ref_2,3.42,3.85,49,0.6839999999999999,0.77,0.5266799999999999,0.7244566712517193
34,Sys_DiT_ref_3,3.42,2.85,49,0.6839999999999999,0.5700000000000001,0.38988,0.6218181818181818
34,User_DiT_1,5.0,4.0,49,1.0,0.8,0.8,0.888888888888889
34,User_DiT_2,4.38,4.0,49,0.876,0.8,0.7008000000000001,0.8362768496420048
34,User_DiT_3,4.38,4.0,49,0.876,0.8,0.7008000000000001,0.8362768496420048
35,Sys_DiT_ref_1,4.98,4.99,51,0.9960000000000001,0.998,0.9940080000000001,0.9969989969909729
35,Sys_DiT_ref_2,4.85,3.62,51,0.97,0.724,0.7022799999999999,0.8291381345926799
35,Sys_DiT_ref_3,4.85,4.92,51,0.97,0.984,0.95448,0.976949846468782
35,User_DiT_1,5.0,5.0,51,1.0,1.0,1.0,1.0
35,User_DiT_2,5.0,5.0,51,1.0,1.0,1.0,1.0
35,User_DiT_3,5.0,5.0,51,1.0,1.0,1.0,1.0
36,Sys_DiT_ref_1,0.85,1.2,51,0.16999999999999998,0.24,0.040799999999999996,0.19902439024390242
36,Sys_DiT_ref_2,0.85,1.92,51,0.16999999999999998,0.384,0.06527999999999999,0.23566787003610104
36,Sys_DiT_ref_3,1.85,2.9,51,0.37,0.58,0.21459999999999999,0.4517894736842105
36,User_DiT_1,0.0,1.0,51,0.0,0.2,0.0,0.0
36,User_DiT_2,0.0,1.0,51,0.0,0.2,0.0,0.0
36,User_DiT_3,0.0,1.0,51,0.0,0.2,0.0,0.0
37,Sys_DiT_ref_1,4.95,4.98,51,0.99,0.9960000000000001,0.9860400000000001,0.9929909365558913
37,Sys_DiT_ref_2,4.85,3.92,51,0.97,0.784,0.76048,0.8671379703534778
37,Sys_DiT_ref_3,4.85,3.92,51,0.97,0.784,0.76048,0.8671379703534778
37,User_DiT_1,5.0,4.0,51,1.0,0.8,0.8,0.888888888888889
37,User_DiT_2,5.0,4.0,51,1.0,0.8,0.8,0.888888888888889
37,User_DiT_3,5.0,5.0,51,1.0,1.0,1.0,1.0
38,Sys_DiT_ref_1,5.0,5.0,51,1.0,1.0,1.0,1.0
38,Sys_DiT_ref_2,4.92,4.85,51,0.984,0.97,0.95448,0.976949846468782
38,Sys_DiT_ref_3,4.82,4.15,51,0.9640000000000001,0.8300000000000001,0.8001200000000002,0.891995540691193
38,User_DiT_1,5.0,5.0,51,1.0,1.0,1.0,1.0
38,User_DiT_2,5.0,5.0,51,1.0,1.0,1.0,1.0
38,User_DiT_3,5.0,5.0,51,1.0,1.0,1.0,1.0
39,Sys_DiT_ref_1,4.85,4.72,51,0.97,0.944,0.9156799999999999,0.9568234064785789
39,Sys_DiT_ref_2,4.92,4.98,51,0.984,0.9960000000000001,0.980064,0.9899636363636364
39,Sys_DiT_ref_3,4.85,4.62,51,0.97,0.924,0.89628,0.9464413938753959
39,User_DiT_1,5.0,5.0,51,1.0,1.0,1.0,1.0
39,User_DiT_2,5.0,4.0,51,1.0,0.8,0.8,0.888888888888889
39,User_DiT_3,5.0,5.0,51,1.0,1.0,1.0,1.0
40,Sys_DiT_ref_1,4.15,4.85,52,0.8300000000000001,0.97,0.8051,0.8945555555555555
40,Sys_DiT_ref_2,4.15,4.85,52,0.8300000000000001,0.97,0.8051,0.8945555555555555
40,Sys_DiT_ref_3,4.15,4.85,52,0.8300000000000001,0.97,0.8051,0.8945555555555555
40,User_DiT_1,5.0,5.0,52,1.0,1.0,1.0,1.0
40,User_DiT_2,5.0,4.0,52,1.0,0.8,0.8,0.888888888888889
40,User_DiT_3,5.0,4.0,52,1.0,0.8,0.8,0.888888888888889
41,Sys_DiT_ref_1,4.92,4.95,52,0.984,0.99,0.97416,0.9869908814589666
41,Sys_DiT_ref_2,4.65,3.85,52,0.93,0.77,0.7161000000000001,0.8424705882352941
41,Sys_DiT_ref_3,4.65,3.85,52,0.93,0.77,0.7161000000000001,0.8424705882352941
41,User_DiT_1,5.0,4.0,52,1.0,0.8,0.8,0.888888888888889
41,User_DiT_2,4.17,5.0,52,0.834,1.0,0.834,0.9094874591057797
41,User_DiT_3,4.17,5.0,52,0.834,1.0,0.834,0.9094874591057797
42,Sys_DiT_ref_1,4.92,4.85,52,0.984,0.97,0.95448,0.976949846468782
42,Sys_DiT_ref_2,4.92,4.98,52,0.984,0.9960000000000001,0.980064,0.9899636363636364
42,Sys_DiT_ref_3,4.85,3.6,52,0.97,0.72,0.6983999999999999,0.8265088757396449
42,User_DiT_1,5.0,5.0,52,1.0,1.0,1.0,1.0
42,User_DiT_2,5.0,5.0,52,1.0,1.0,1.0,1.0
42,User_DiT_3,5.0,5.0,52,1.0,1.0,1.0,1.0
43,Sys_DiT_ref_1,4.85,3.62,52,0.97,0.724,0.7022799999999999,0.8291381345926799
43,Sys_DiT_ref_2,4.85,3.2,52,0.97,0.64,0.6208,0.7711801242236026
43,Sys_DiT_ref_3,4.65,2.85,52,0.93,0.5700000000000001,0.5301000000000001,0.7068000000000002
43,User_DiT_1,5.0,3.0,52,1.0,0.6,0.6,0.7499999999999999
43,User_DiT_2,5.0,3.0,52,1.0,0.6,0.6,0.7499999999999999
43,User_DiT_3,5.0,3.0,52,1.0,0.6,0.6,0.7499999999999999
44,Sys_DiT_ref_1,1.25,1.85,52,0.25,0.37,0.0925,0.29838709677419356
44,Sys_DiT_ref_2,1.42,1.85,52,0.284,0.37,0.10507999999999999,0.3213455657492355
44,Sys_DiT_ref_3,1.25,1.8,52,0.25,0.36,0.09,0.29508196721311475
44,User_DiT_1,1.43,2.0,52,0.286,0.4,0.1144,0.3335276967930029
44,User_DiT_2,0.71,2.0,52,0.142,0.4,0.056799999999999996,0.20959409594095937
44,User_DiT_3,1.43,3.0,52,0.286,0.6,0.17159999999999997,0.3873589164785553
45,Sys_DiT_ref_1,3.65,3.82,64,0.73,0.764,0.55772,0.7466131191432396
45,Sys_DiT_ref_2,4.12,3.85,64,0.8240000000000001,0.77,0.63448,0.7960853199498118
45,Sys_DiT_ref_3,4.92,4.98,64,0.984,0.9960000000000001,0.980064,0.9899636363636364
45,User_DiT_1,4.29,4.0,64,0.858,0.8,0.6864,0.8279855247285887
45,User_DiT_2,5.0,5.0,64,1.0,1.0,1.0,1.0
45,User_DiT_3,5.0,4.0,64,1.0,0.8,0.8,0.888888888888889
46,Sys_DiT_ref_1,3.82,2.45,64,0.764,0.49000000000000005,0.37436,0.5970653907496013
46,Sys_DiT_ref_2,2.85,1.65,64,0.5700000000000001,0.32999999999999996,0.1881,0.418
46,Sys_DiT_ref_3,3.42,2.68,64,0.6839999999999999,0.536,0.366624,0.6010229508196722
46,User_DiT_1,2.86,3.0,64,0.572,0.6,0.34319999999999995,0.5856655290102388
46,User_DiT_2,4.29,2.0,64,0.858,0.4,0.3432,0.5456279809220985
46,User_DiT_3,4.29,2.0,64,0.858,0.4,0.3432,0.5456279809220985
47,Sys_DiT_ref_1,4.92,4.95,64,0.984,0.99,0.97416,0.9869908814589666
47,Sys_DiT_ref_2,3.42,3.85,64,0.6839999999999999,0.77,0.5266799999999999,0.7244566712517193
47,Sys_DiT_ref_3,4.85,4.92,64,0.97,0.984,0.95448,0.976949846468782
47,User_DiT_1,4.29,3.0,64,0.858,0.6,0.5147999999999999,0.7061728395061727
47,User_DiT_2,5.0,5.0,64,1.0,1.0,1.0,1.0
47,User_DiT_3,4.29,3.0,64,0.858,0.6,0.5147999999999999,0.7061728395061727
48,Sys_DiT_ref_1,2.85,3.6,64,0.5700000000000001,0.72,0.41040000000000004,0.6362790697674419
48,Sys_DiT_ref_2,2.15,3.8,64,0.43,0.76,0.3268,0.5492436974789916
48,Sys_DiT_ref_3,1.85,1.2,64,0.37,0.24,0.08879999999999999,0.2911475409836065
48,User_DiT_1,3.75,4.0,64,0.75,0.8,0.6000000000000001,0.7741935483870969
48,User_DiT_2,2.5,1.0,64,0.5,0.2,0.1,0.28571428571428575
48,User_DiT_3,2.5,4.0,64,0.5,0.8,0.4,0.6153846153846154
49,Sys_DiT_ref_1,4.62,3.85,64,0.924,0.77,0.71148,0.8400000000000001
49,Sys_DiT_ref_2,2.85,3.42,64,0.5700000000000001,0.6839999999999999,0.38988,0.6218181818181818
49,Sys_DiT_ref_3,2.15,3.42,64,0.43,0.6839999999999999,0.29412,0.5280430879712747
49,User_DiT_1,2.86,4.0,64,0.572,0.8,0.4576,0.6670553935860059
49,User_DiT_2,2.86,4.0,64,0.572,0.8,0.4576,0.6670553935860059
49,User_DiT_3,5.0,4.0,64,1.0,0.8,0.8,0.888888888888889
50,Sys_DiT_ref_1,4.18,2.0,80,0.836,0.4,0.33440000000000003,0.5411003236245955
50,Sys_DiT_ref_2,4.68,2.85,80,0.9359999999999999,0.5700000000000001,0.53352,0.7085258964143426
50,Sys_DiT_ref_3,4.12,2.0,80,0.8240000000000001,0.4,0.32960000000000006,0.538562091503268
50,User_DiT_1,5.0,3.0,80,1.0,0.6,0.6,0.7499999999999999
50,User_DiT_2,5.0,2.0,80,1.0,0.4,0.4,0.5714285714285715
50,User_DiT_3,5.0,3.0,80,1.0,0.6,0.6,0.7499999999999999
51,Sys_DiT_ref_1,4.65,1.5,80,0.93,0.3,0.279,0.4536585365853659
51,Sys_DiT_ref_2,4.35,1.5,80,0.8699999999999999,0.3,0.26099999999999995,0.4461538461538461
51,Sys_DiT_ref_3,4.68,1.5,80,0.9359999999999999,0.3,0.2808,0.45436893203883494
51,User_DiT_1,5.0,2.0,80,1.0,0.4,0.4,0.5714285714285715
51,User_DiT_2,5.0,3.0,80,1.0,0.6,0.6,0.7499999999999999
51,User_DiT_3,5.0,2.0,80,1.0,0.4,0.4,0.5714285714285715
52,Sys_DiT_ref_1,2.85,1.92,80,0.5700000000000001,0.384,0.21888000000000002,0.4588679245283019
52,Sys_DiT_ref_2,1.85,1.2,80,0.37,0.24,0.08879999999999999,0.2911475409836065
52,Sys_DiT_ref_3,3.65,2.1,80,0.73,0.42000000000000004,0.30660000000000004,0.533217391304348
52,User_DiT_1,0.62,0.0,80,0.124,0.0,0.0,0.0
52,User_DiT_2,4.29,2.0,80,0.858,0.4,0.3432,0.5456279809220985
52,User_DiT_3,0.62,1.0,80,0.124,0.2,0.024800000000000003,0.15308641975308643
53,Sys_DiT_ref_1,4.62,3.85,80,0.924,0.77,0.71148,0.8400000000000001
53,Sys_DiT_ref_2,4.62,3.85,80,0.924,0.77,0.71148,0.8400000000000001
53,Sys_DiT_ref_3,4.12,2.85,80,0.8240000000000001,0.5700000000000001,0.4696800000000001,0.6738593974175037
53,User_DiT_1,5.0,4.0,80,1.0,0.8,0.8,0.888888888888889
53,User_DiT_2,5.0,3.0,80,1.0,0.6,0.6,0.7499999999999999
53,User_DiT_3,5.0,4.0,80,1.0,0.8,0.8,0.888888888888889
54,Sys_DiT_ref_1,4.65,3.85,80,0.93,0.77,0.7161000000000001,0.8424705882352941
54,Sys_DiT_ref_2,4.65,1.5,80,0.93,0.3,0.279,0.4536585365853659
54,Sys_DiT_ref_3,3.65,3.82,80,0.73,0.764,0.55772,0.7466131191432396
54,User_DiT_1,5.0,4.0,80,1.0,0.8,0.8,0.888888888888889
54,User_DiT_2,3.57,4.0,80,0.714,0.8,0.5712,0.7545574636723911
54,User_DiT_3,0.0,2.0,80,0.0,0.4,0.0,0.0
55,Sys_DiT_ref_1,4.92,4.95,97,0.984,0.99,0.97416,0.9869908814589666
55,Sys_DiT_ref_2,4.92,4.85,97,0.984,0.97,0.95448,0.976949846468782
55,Sys_DiT_ref_3,5.0,5.0,97,1.0,1.0,1.0,1.0
55,User_DiT_1,5.0,5.0,97,1.0,1.0,1.0,1.0
55,User_DiT_2,5.0,5.0,97,1.0,1.0,1.0,1.0
55,User_DiT_3,5.0,4.0,97,1.0,0.8,0.8,0.888888888888889
56,Sys_DiT_ref_1,4.98,4.95,97,0.9960000000000001,0.99,0.9860400000000001,0.9929909365558913
56,Sys_DiT_ref_2,4.98,4.95,97,0.9960000000000001,0.99,0.9860400000000001,0.9929909365558913
56,Sys_DiT_ref_3,4.98,4.95,97,0.9960000000000001,0.99,0.9860400000000001,0.9929909365558913
56,User_DiT_1,5.0,5.0,97,1.0,1.0,1.0,1.0
56,User_DiT_2,5.0,5.0,97,1.0,1.0,1.0,1.0
56,User_DiT_3,5.0,5.0,97,1.0,1.0,1.0,1.0
57,Sys_DiT_ref_1,4.72,1.5,97,0.944,0.3,0.28319999999999995,0.45530546623794205
57,Sys_DiT_ref_2,4.72,3.85,97,0.944,0.77,0.72688,0.8481680280046674
57,Sys_DiT_ref_3,4.72,2.85,97,0.944,0.5700000000000001,0.53808,0.7108058124174372
57,User_DiT_1,5.0,3.0,97,1.0,0.6,0.6,0.7499999999999999
57,User_DiT_2,5.0,3.0,97,1.0,0.6,0.6,0.7499999999999999
57,User_DiT_3,5.0,4.0,97,1.0,0.8,0.8,0.888888888888889
58,Sys_DiT_ref_1,4.72,3.85,97,0.944,0.77,0.72688,0.8481680280046674
58,Sys_DiT_ref_2,4.92,4.95,97,0.984,0.99,0.97416,0.9869908814589666
58,Sys_DiT_ref_3,4.82,4.65,97,0.9640000000000001,0.93,0.8965200000000001,0.9466948257655755
58,User_DiT_1,5.0,4.0,97,1.0,0.8,0.8,0.888888888888889
58,User_DiT_2,5.0,5.0,97,1.0,1.0,1.0,1.0
58,User_DiT_3,5.0,4.0,97,1.0,0.8,0.8,0.888888888888889
59,Sys_DiT_ref_1,4.92,4.95,97,0.984,0.99,0.97416,0.9869908814589666
59,Sys_DiT_ref_2,4.92,4.85,97,0.984,0.97,0.95448,0.976949846468782
59,Sys_DiT_ref_3,4.92,4.85,97,0.984,0.97,0.95448,0.976949846468782
59,User_DiT_1,5.0,5.0,97,1.0,1.0,1.0,1.0
59,User_DiT_2,5.0,5.0,97,1.0,1.0,1.0,1.0
59,User_DiT_3,5.0,5.0,97,1.0,1.0,1.0,1.0
60,Sys_DiT_ref_1,4.35,2.0,106,0.8699999999999999,0.4,0.348,0.5480314960629921
60,Sys_DiT_ref_2,4.82,2.0,106,0.9640000000000001,0.4,0.38560000000000005,0.5653958944281525
60,Sys_DiT_ref_3,4.12,2.0,106,0.8240000000000001,0.4,0.32960000000000006,0.538562091503268
60,User_DiT_1,5.0,4.0,106,1.0,0.8,0.8,0.888888888888889
60,User_DiT_2,5.0,4.0,106,1.0,0.8,0.8,0.888888888888889
60,User_DiT_3,5.0,2.0,106,1.0,0.4,0.4,0.5714285714285715
61,Sys_DiT_ref_1,4.85,3.0,106,0.97,0.6,0.582,0.7414012738853504
61,Sys_DiT_ref_2,4.82,3.0,106,0.9640000000000001,0.6,0.5784,0.7396419437340154
61,Sys_DiT_ref_3,4.85,3.0,106,0.97,0.6,0.582,0.7414012738853504
61,User_DiT_1,5.0,3.0,106,1.0,0.6,0.6,0.7499999999999999
61,User_DiT_2,5.0,4.0,106,1.0,0.8,0.8,0.888888888888889
61,User_DiT_3,5.0,4.0,106,1.0,0.8,0.8,0.888888888888889
62,Sys_DiT_ref_1,4.68,3.0,106,0.9359999999999999,0.6,0.5616,0.73125
62,Sys_DiT_ref_2,4.85,3.0,106,0.97,0.6,0.582,0.7414012738853504
62,Sys_DiT_ref_3,4.68,3.0,106,0.9359999999999999,0.6,0.5616,0.73125
62,User_DiT_1,5.0,3.0,106,1.0,0.6,0.6,0.7499999999999999
62,User_DiT_2,5.0,4.0,106,1.0,0.8,0.8,0.888888888888889
62,User_DiT_3,5.0,3.0,106,1.0,0.6,0.6,0.7499999999999999
63,Sys_DiT_ref_1,2.85,3.42,106,0.5700000000000001,0.6839999999999999,0.38988,0.6218181818181818
63,Sys_DiT_ref_2,2.85,3.42,106,0.5700000000000001,0.6839999999999999,0.38988,0.6218181818181818
63,Sys_DiT_ref_3,3.45,2.85,106,0.6900000000000001,0.5700000000000001,0.3933000000000001,0.6242857142857143
63,User_DiT_1,4.17,4.0,106,0.834,0.8,0.6672,0.8166462668298654
63,User_DiT_2,5.0,3.0,106,1.0,0.6,0.6,0.7499999999999999
63,User_DiT_3,4.17,4.0,106,0.834,0.8,0.6672,0.8166462668298654
64,Sys_DiT_ref_1,4.62,3.0,106,0.924,0.6,0.5544,0.7275590551181103
64,Sys_DiT_ref_2,4.85,3.0,106,0.97,0.6,0.582,0.7414012738853504
64,Sys_DiT_ref_3,4.85,3.0,106,0.97,0.6,0.582,0.7414012738853504
64,User_DiT_1,5.0,3.0,106,1.0,0.6,0.6,0.7499999999999999
64,User_DiT_2,5.0,3.0,106,1.0,0.6,0.6,0.7499999999999999
64,User_DiT_3,5.0,4.0,106,1.0,0.8,0.8,0.888888888888889
65,Sys_DiT_ref_1,3.65,4.12,116,0.73,0.8240000000000001,0.60152,0.7741570141570142
65,Sys_DiT_ref_2,3.65,4.12,116,0.73,0.8240000000000001,0.60152,0.7741570141570142
65,Sys_DiT_ref_3,3.82,3.65,116,0.764,0.73,0.55772,0.7466131191432396
65,User_DiT_1,5.0,4.0,116,1.0,0.8,0.8,0.888888888888889
65,User_DiT_2,5.0,4.0,116,1.0,0.8,0.8,0.888888888888889
65,User_DiT_3,5.0,4.0,116,1.0,0.8,0.8,0.888888888888889
66,Sys_DiT_ref_1,4.92,4.85,116,0.984,0.97,0.95448,0.976949846468782
66,Sys_DiT_ref_2,4.92,4.85,116,0.984,0.97,0.95448,0.976949846468782
66,Sys_DiT_ref_3,4.92,4.85,116,0.984,0.97,0.95448,0.976949846468782
66,User_DiT_1,5.0,5.0,116,1.0,1.0,1.0,1.0
66,User_DiT_2,5.0,5.0,116,1.0,1.0,1.0,1.0
66,User_DiT_3,5.0,5.0,116,1.0,1.0,1.0,1.0
67,Sys_DiT_ref_1,4.62,3.85,116,0.924,0.77,0.71148,0.8400000000000001
67,Sys_DiT_ref_2,4.82,3.65,116,0.9640000000000001,0.73,0.70372,0.8308382526564345
67,Sys_DiT_ref_3,4.85,3.62,116,0.97,0.724,0.7022799999999999,0.8291381345926799
67,User_DiT_1,5.0,4.0,116,1.0,0.8,0.8,0.888888888888889
67,User_DiT_2,5.0,3.0,116,1.0,0.6,0.6,0.7499999999999999
67,User_DiT_3,5.0,4.0,116,1.0,0.8,0.8,0.888888888888889
68,Sys_DiT_ref_1,4.15,3.65,116,0.8300000000000001,0.73,0.6059,0.7767948717948717
68,Sys_DiT_ref_2,4.82,3.65,116,0.9640000000000001,0.73,0.70372,0.8308382526564345
68,Sys_DiT_ref_3,4.92,3.85,116,0.984,0.77,0.75768,0.863945267958951
68,User_DiT_1,5.0,5.0,116,1.0,1.0,1.0,1.0
68,User_DiT_2,5.0,4.0,116,1.0,0.8,0.8,0.888888888888889
68,User_DiT_3,5.0,4.0,116,1.0,0.8,0.8,0.888888888888889
69,Sys_DiT_ref_1,3.42,2.85,116,0.6839999999999999,0.5700000000000001,0.38988,0.6218181818181818
69,Sys_DiT_ref_2,3.65,4.82,116,0.73,0.9640000000000001,0.70372,0.8308382526564345
69,Sys_DiT_ref_3,2.85,3.92,116,0.5700000000000001,0.784,0.44688000000000005,0.6600886262924668
69,User_DiT_1,5.0,4.0,116,1.0,0.8,0.8,0.888888888888889
69,User_DiT_2,5.0,4.0,116,1.0,0.8,0.8,0.888888888888889
69,User_DiT_3,5.0,4.0,116,1.0,0.8,0.8,0.888888888888889
70,Sys_DiT_ref_1,1.85,2.4,118,0.37,0.48,0.17759999999999998,0.4178823529411764
70,Sys_DiT_ref_2,1.85,1.42,118,0.37,0.284,0.10507999999999999,0.3213455657492355
70,Sys_DiT_ref_3,2.85,1.5,118,0.5700000000000001,0.3,0.171,0.3931034482758621
70,User_DiT_1,3.33,2.0,118,0.666,0.4,0.2664,0.499812382739212
70,User_DiT_2,4.29,3.0,118,0.858,0.6,0.5147999999999999,0.7061728395061727
70,User_DiT_3,3.57,3.0,118,0.714,0.6,0.42839999999999995,0.6520547945205478
71,Sys_DiT_ref_1,3.15,1.85,118,0.63,0.37,0.2331,0.4662
71,Sys_DiT_ref_2,3.92,2.85,118,0.784,0.5700000000000001,0.44688000000000005,0.6600886262924668
71,Sys_DiT_ref_3,2.85,1.42,118,0.5700000000000001,0.284,0.16188,0.3791100702576112
71,User_DiT_1,2.14,4.0,118,0.42800000000000005,0.8,0.34240000000000004,0.5576547231270358
71,User_DiT_2,2.86,3.0,118,0.572,0.6,0.34319999999999995,0.5856655290102388
71,User_DiT_3,2.14,3.0,118,0.42800000000000005,0.6,0.25680000000000003,0.4996108949416343
72,Sys_DiT_ref_1,2.85,2.1,118,0.5700000000000001,0.42000000000000004,0.23940000000000006,0.4836363636363637
72,Sys_DiT_ref_2,2.15,2.85,118,0.43,0.5700000000000001,0.2451,0.4902
72,Sys_DiT_ref_3,2.85,2.4,118,0.5700000000000001,0.48,0.2736,0.5211428571428571
72,User_DiT_1,2.5,2.0,118,0.5,0.4,0.2,0.4444444444444445
72,User_DiT_2,2.5,1.0,118,0.5,0.2,0.1,0.28571428571428575
72,User_DiT_3,2.5,2.0,118,0.5,0.4,0.2,0.4444444444444445
73,Sys_DiT_ref_1,4.85,4.72,118,0.97,0.944,0.9156799999999999,0.9568234064785789
73,Sys_DiT_ref_2,4.65,3.85,118,0.93,0.77,0.7161000000000001,0.8424705882352941
73,Sys_DiT_ref_3,4.12,2.85,118,0.8240000000000001,0.5700000000000001,0.4696800000000001,0.6738593974175037
73,User_DiT_1,5.0,4.0,118,1.0,0.8,0.8,0.888888888888889
73,User_DiT_2,5.0,4.0,118,1.0,0.8,0.8,0.888888888888889
73,User_DiT_3,5.0,5.0,118,1.0,1.0,1.0,1.0
74,Sys_DiT_ref_1,1.85,2.4,118,0.37,0.48,0.17759999999999998,0.4178823529411764
74,Sys_DiT_ref_2,2.15,4.85,118,0.43,0.97,0.41709999999999997,0.5958571428571429
74,Sys_DiT_ref_3,2.85,2.1,118,0.5700000000000001,0.42000000000000004,0.23940000000000006,0.4836363636363637
74,User_DiT_1,5.0,4.0,118,1.0,0.8,0.8,0.888888888888889
74,User_DiT_2,5.0,2.0,118,1.0,0.4,0.4,0.5714285714285715
74,User_DiT_3,5.0,4.0,118,1.0,0.8,0.8,0.888888888888889
75,Sys_DiT_ref_1,4.12,1.5,129,0.8240000000000001,0.3,0.2472,0.43985765124555154
75,Sys_DiT_ref_2,3.85,1.5,129,0.77,0.3,0.23099999999999998,0.4317757009345794
75,Sys_DiT_ref_3,3.82,1.5,129,0.764,0.3,0.2292,0.4308270676691729
75,User_DiT_1,3.57,2.0,129,0.714,0.4,0.2856,0.5127468581687613
75,User_DiT_2,3.57,2.0,129,0.714,0.4,0.2856,0.5127468581687613
75,User_DiT_3,3.57,2.0,129,0.714,0.4,0.2856,0.5127468581687613
76,Sys_DiT_ref_1,4.62,2.0,129,0.924,0.4,0.36960000000000004,0.5583081570996979
76,Sys_DiT_ref_2,4.65,2.0,129,0.93,0.4,0.37200000000000005,0.5593984962406016
76,Sys_DiT_ref_3,4.65,2.0,129,0.93,0.4,0.37200000000000005,0.5593984962406016
76,User_DiT_1,4.29,3.0,129,0.858,0.6,0.5147999999999999,0.7061728395061727
76,User_DiT_2,2.86,2.0,129,0.572,0.4,0.2288,0.47078189300411527
76,User_DiT_3,4.29,3.0,129,0.858,0.6,0.5147999999999999,0.7061728395061727
77,Sys_DiT_ref_1,4.85,4.12,129,0.97,0.8240000000000001,0.79928,0.8910590858416945
77,Sys_DiT_ref_2,4.15,2.85,129,0.8300000000000001,0.5700000000000001,0.4731000000000001,0.6758571428571429
77,Sys_DiT_ref_3,4.65,3.85,129,0.93,0.77,0.7161000000000001,0.8424705882352941
77,User_DiT_1,4.29,4.0,129,0.858,0.8,0.6864,0.8279855247285887
77,User_DiT_2,4.29,4.0,129,0.858,0.8,0.6864,0.8279855247285887
77,User_DiT_3,4.29,4.0,129,0.858,0.8,0.6864,0.8279855247285887
78,Sys_DiT_ref_1,4.15,1.5,129,0.8300000000000001,0.3,0.249,0.44070796460176986
78,Sys_DiT_ref_2,4.12,1.5,129,0.8240000000000001,0.3,0.2472,0.43985765124555154
78,Sys_DiT_ref_3,4.15,1.5,129,0.8300000000000001,0.3,0.249,0.44070796460176986
78,User_DiT_1,3.57,3.0,129,0.714,0.6,0.42839999999999995,0.6520547945205478
78,User_DiT_2,3.57,2.0,129,0.714,0.4,0.2856,0.5127468581687613
78,User_DiT_3,3.57,3.0,129,0.714,0.6,0.42839999999999995,0.6520547945205478
79,Sys_DiT_ref_1,4.12,2.0,129,0.8240000000000001,0.4,0.32960000000000006,0.538562091503268
79,Sys_DiT_ref_2,4.15,2.0,129,0.8300000000000001,0.4,0.3320000000000001,0.5398373983739838
79,Sys_DiT_ref_3,4.12,2.0,129,0.8240000000000001,0.4,0.32960000000000006,0.538562091503268
79,User_DiT_1,3.57,4.0,129,0.714,0.8,0.5712,0.7545574636723911
79,User_DiT_2,3.57,4.0,129,0.714,0.8,0.5712,0.7545574636723911
79,User_DiT_3,3.57,4.0,129,0.714,0.8,0.5712,0.7545574636723911
80,Sys_DiT_ref_1,4.15,1.5,144,0.8300000000000001,0.3,0.249,0.44070796460176986
80,Sys_DiT_ref_2,4.12,1.5,144,0.8240000000000001,0.3,0.2472,0.43985765124555154
80,Sys_DiT_ref_3,4.35,1.5,144,0.8699999999999999,0.3,0.26099999999999995,0.4461538461538461
80,User_DiT_1,4.44,3.0,144,0.8880000000000001,0.6,0.5328,0.7161290322580646
80,User_DiT_2,4.44,3.0,144,0.8880000000000001,0.6,0.5328,0.7161290322580646
80,User_DiT_3,4.44,2.0,144,0.8880000000000001,0.4,0.35520000000000007,0.5515527950310559
81,Sys_DiT_ref_1,4.65,3.85,144,0.93,0.77,0.7161000000000001,0.8424705882352941
81,Sys_DiT_ref_2,4.65,3.85,144,0.93,0.77,0.7161000000000001,0.8424705882352941
81,Sys_DiT_ref_3,4.65,3.85,144,0.93,0.77,0.7161000000000001,0.8424705882352941
81,User_DiT_1,5.0,4.0,144,1.0,0.8,0.8,0.888888888888889
81,User_DiT_2,5.0,4.0,144,1.0,0.8,0.8,0.888888888888889
81,User_DiT_3,5.0,3.0,144,1.0,0.6,0.6,0.7499999999999999
82,Sys_DiT_ref_1,4.65,1.5,144,0.93,0.3,0.279,0.4536585365853659
82,Sys_DiT_ref_2,4.35,1.5,144,0.8699999999999999,0.3,0.26099999999999995,0.4461538461538461
82,Sys_DiT_ref_3,4.62,1.5,144,0.924,0.3,0.2772,0.45294117647058824
82,User_DiT_1,4.44,3.0,144,0.8880000000000001,0.6,0.5328,0.7161290322580646
82,User_DiT_2,4.44,3.0,144,0.8880000000000001,0.6,0.5328,0.7161290322580646
82,User_DiT_3,4.38,2.0,144,0.876,0.4,0.35040000000000004,0.5492163009404389
83,Sys_DiT_ref_1,4.68,1.5,144,0.9359999999999999,0.3,0.2808,0.45436893203883494
83,Sys_DiT_ref_2,4.65,1.5,144,0.93,0.3,0.279,0.4536585365853659
83,Sys_DiT_ref_3,4.65,1.5,144,0.93,0.3,0.279,0.4536585365853659
83,User_DiT_1,5.0,2.0,144,1.0,0.4,0.4,0.5714285714285715
83,User_DiT_2,5.0,2.0,144,1.0,0.4,0.4,0.5714285714285715
83,User_DiT_3,5.0,3.0,144,1.0,0.6,0.6,0.7499999999999999
84,Sys_DiT_ref_1,4.65,1.5,144,0.93,0.3,0.279,0.4536585365853659
84,Sys_DiT_ref_2,4.15,1.5,144,0.8300000000000001,0.3,0.249,0.44070796460176986
84,Sys_DiT_ref_3,4.15,1.5,144,0.8300000000000001,0.3,0.249,0.44070796460176986
84,User_DiT_1,4.38,3.0,144,0.876,0.6,0.5256,0.7121951219512195
84,User_DiT_2,4.38,2.0,144,0.876,0.4,0.35040000000000004,0.5492163009404389
84,User_DiT_3,4.38,3.0,144,0.876,0.6,0.5256,0.7121951219512195
85,Sys_DiT_ref_1,3.45,2.15,147,0.6900000000000001,0.43,0.2967,0.5298214285714286
85,Sys_DiT_ref_2,4.12,2.85,147,0.8240000000000001,0.5700000000000001,0.4696800000000001,0.6738593974175037
85,Sys_DiT_ref_3,4.12,2.85,147,0.8240000000000001,0.5700000000000001,0.4696800000000001,0.6738593974175037
85,User_DiT_1,5.0,3.0,147,1.0,0.6,0.6,0.7499999999999999
85,User_DiT_2,5.0,3.0,147,1.0,0.6,0.6,0.7499999999999999
85,User_DiT_3,5.0,2.0,147,1.0,0.4,0.4,0.5714285714285715
86,Sys_DiT_ref_1,4.82,3.65,147,0.9640000000000001,0.73,0.70372,0.8308382526564345
86,Sys_DiT_ref_2,4.82,4.65,147,0.9640000000000001,0.93,0.8965200000000001,0.9466948257655755
86,Sys_DiT_ref_3,4.85,4.62,147,0.97,0.924,0.89628,0.9464413938753959
86,User_DiT_1,5.0,4.0,147,1.0,0.8,0.8,0.888888888888889
86,User_DiT_2,5.0,4.0,147,1.0,0.8,0.8,0.888888888888889
86,User_DiT_3,5.0,4.0,147,1.0,0.8,0.8,0.888888888888889
87,Sys_DiT_ref_1,4.82,4.15,147,0.9640000000000001,0.8300000000000001,0.8001200000000002,0.891995540691193
87,Sys_DiT_ref_2,4.85,4.2,147,0.97,0.8400000000000001,0.8148000000000001,0.9003314917127072
87,Sys_DiT_ref_3,4.65,2.85,147,0.93,0.5700000000000001,0.5301000000000001,0.7068000000000002
87,User_DiT_1,5.0,4.0,147,1.0,0.8,0.8,0.888888888888889
87,User_DiT_2,5.0,4.0,147,1.0,0.8,0.8,0.888888888888889
87,User_DiT_3,5.0,4.0,147,1.0,0.8,0.8,0.888888888888889
88,Sys_DiT_ref_1,4.85,3.62,147,0.97,0.724,0.7022799999999999,0.8291381345926799
88,Sys_DiT_ref_2,4.85,3.65,147,0.97,0.73,0.7081,0.8330588235294117
88,Sys_DiT_ref_3,4.85,3.92,147,0.97,0.784,0.76048,0.8671379703534778
88,User_DiT_1,5.0,4.0,147,1.0,0.8,0.8,0.888888888888889
88,User_DiT_2,5.0,4.0,147,1.0,0.8,0.8,0.888888888888889
88,User_DiT_3,5.0,5.0,147,1.0,1.0,1.0,1.0
89,Sys_DiT_ref_1,3.42,3.85,147,0.6839999999999999,0.77,0.5266799999999999,0.7244566712517193
89,Sys_DiT_ref_2,3.45,3.82,147,0.6900000000000001,0.764,0.5271600000000001,0.7251169188445667
89,Sys_DiT_ref_3,3.65,4.92,147,0.73,0.984,0.71832,0.8381796966161027
89,User_DiT_1,5.0,5.0,147,1.0,1.0,1.0,1.0
89,User_DiT_2,5.0,4.0,147,1.0,0.8,0.8,0.888888888888889
89,User_DiT_3,5.0,4.0,147,1.0,0.8,0.8,0.888888888888889
90,Sys_DiT_ref_1,4.12,3.0,150,0.8240000000000001,0.6,0.4944,0.6943820224719102
90,Sys_DiT_ref_2,4.12,3.0,150,0.8240000000000001,0.6,0.4944,0.6943820224719102
90,Sys_DiT_ref_3,3.85,2.15,150,0.77,0.43,0.3311,0.5518333333333334
90,User_DiT_1,5.0,3.0,150,1.0,0.6,0.6,0.7499999999999999
90,User_DiT_2,5.0,2.0,150,1.0,0.4,0.4,0.5714285714285715
90,User_DiT_3,5.0,3.0,150,1.0,0.6,0.6,0.7499999999999999
91,Sys_DiT_ref_1,4.35,1.5,150,0.8699999999999999,0.3,0.26099999999999995,0.4461538461538461
91,Sys_DiT_ref_2,4.12,1.5,150,0.8240000000000001,0.3,0.2472,0.43985765124555154
91,Sys_DiT_ref_3,4.65,1.5,150,0.93,0.3,0.279,0.4536585365853659
91,User_DiT_1,5.0,3.0,150,1.0,0.6,0.6,0.7499999999999999
91,User_DiT_2,5.0,2.0,150,1.0,0.4,0.4,0.5714285714285715
91,User_DiT_3,5.0,2.0,150,1.0,0.4,0.4,0.5714285714285715
92,Sys_DiT_ref_1,4.82,2.0,150,0.9640000000000001,0.4,0.38560000000000005,0.5653958944281525
92,Sys_DiT_ref_2,4.65,2.0,150,0.93,0.4,0.37200000000000005,0.5593984962406016
92,Sys_DiT_ref_3,4.12,2.0,150,0.8240000000000001,0.4,0.32960000000000006,0.538562091503268
92,User_DiT_1,3.57,4.0,150,0.714,0.8,0.5712,0.7545574636723911
92,User_DiT_2,3.57,4.0,150,0.714,0.8,0.5712,0.7545574636723911
92,User_DiT_3,3.57,4.0,150,0.714,0.8,0.5712,0.7545574636723911
93,Sys_DiT_ref_1,4.62,3.85,150,0.924,0.77,0.71148,0.8400000000000001
93,Sys_DiT_ref_2,4.85,3.92,150,0.97,0.784,0.76048,0.8671379703534778
93,Sys_DiT_ref_3,4.85,4.92,150,0.97,0.984,0.95448,0.976949846468782
93,User_DiT_1,4.17,5.0,150,0.834,1.0,0.834,0.9094874591057797
93,User_DiT_2,4.17,4.0,150,0.834,0.8,0.6672,0.8166462668298654
93,User_DiT_3,4.17,5.0,150,0.834,1.0,0.834,0.9094874591057797
94,Sys_DiT_ref_1,4.12,2.35,150,0.8240000000000001,0.47000000000000003,0.38728000000000007,0.5985780525502319
94,Sys_DiT_ref_2,4.65,2.85,150,0.93,0.5700000000000001,0.5301000000000001,0.7068000000000002
94,Sys_DiT_ref_3,4.62,3.0,150,0.924,0.6,0.5544,0.7275590551181103
94,User_DiT_1,4.38,4.0,150,0.876,0.8,0.7008000000000001,0.8362768496420048
94,User_DiT_2,4.38,2.0,150,0.876,0.4,0.35040000000000004,0.5492163009404389
94,User_DiT_3,4.38,3.0,150,0.876,0.6,0.5256,0.7121951219512195
95,Sys_DiT_ref_1,4.85,3.65,156,0.97,0.73,0.7081,0.8330588235294117
95,Sys_DiT_ref_2,4.62,3.85,156,0.924,0.77,0.71148,0.8400000000000001
95,Sys_DiT_ref_3,4.85,3.65,156,0.97,0.73,0.7081,0.8330588235294117
95,User_DiT_1,5.0,4.0,156,1.0,0.8,0.8,0.888888888888889
95,User_DiT_2,5.0,4.0,156,1.0,0.8,0.8,0.888888888888889
95,User_DiT_3,5.0,3.0,156,1.0,0.6,0.6,0.7499999999999999
96,Sys_DiT_ref_1,4.65,3.2,156,0.93,0.64,0.5952000000000001,0.7582165605095542
96,Sys_DiT_ref_2,4.85,3.65,156,0.97,0.73,0.7081,0.8330588235294117
96,Sys_DiT_ref_3,4.85,3.6,156,0.97,0.72,0.6983999999999999,0.8265088757396449
96,User_DiT_1,5.0,3.0,156,1.0,0.6,0.6,0.7499999999999999
96,User_DiT_2,5.0,3.0,156,1.0,0.6,0.6,0.7499999999999999
96,User_DiT_3,5.0,4.0,156,1.0,0.8,0.8,0.888888888888889
97,Sys_DiT_ref_1,4.82,1.5,156,0.9640000000000001,0.3,0.2892,0.45759493670886076
97,Sys_DiT_ref_2,4.85,1.5,156,0.97,0.3,0.291,0.458267716535433
97,Sys_DiT_ref_3,4.82,1.5,156,0.9640000000000001,0.3,0.2892,0.45759493670886076
97,User_DiT_1,5.0,2.0,156,1.0,0.4,0.4,0.5714285714285715
97,User_DiT_2,5.0,4.0,156,1.0,0.8,0.8,0.888888888888889
97,User_DiT_3,5.0,3.0,156,1.0,0.6,0.6,0.7499999999999999
98,Sys_DiT_ref_1,4.62,1.5,156,0.924,0.3,0.2772,0.45294117647058824
98,Sys_DiT_ref_2,4.65,1.5,156,0.93,0.3,0.279,0.4536585365853659
98,Sys_DiT_ref_3,4.65,1.5,156,0.93,0.3,0.279,0.4536585365853659
98,User_DiT_1,5.0,3.0,156,1.0,0.6,0.6,0.7499999999999999
98,User_DiT_2,5.0,2.0,156,1.0,0.4,0.4,0.5714285714285715
98,User_DiT_3,5.0,2.0,156,1.0,0.4,0.4,0.5714285714285715
99,Sys_DiT_ref_1,4.85,3.62,156,0.97,0.724,0.7022799999999999,0.8291381345926799
99,Sys_DiT_ref_2,4.85,3.65,156,0.97,0.73,0.7081,0.8330588235294117
99,Sys_DiT_ref_3,4.85,3.65,156,0.97,0.73,0.7081,0.8330588235294117
99,User_DiT_1,5.0,4.0,156,1.0,0.8,0.8,0.888888888888889
99,User_DiT_2,5.0,3.0,156,1.0,0.6,0.6,0.7499999999999999
99,User_DiT_3,5.0,4.0,156,1.0,0.8,0.8,0.888888888888889
100,Sys_DiT_ref_1,2.15,1.5,159,0.43,0.3,0.129,0.35342465753424657
100,Sys_DiT_ref_2,1.85,1.2,159,0.37,0.24,0.08879999999999999,0.2911475409836065
100,Sys_DiT_ref_3,1.85,0.92,159,0.37,0.184,0.06808,0.24577617328519855
100,User_DiT_1,2.0,3.0,159,0.4,0.6,0.24,0.48
100,User_DiT_2,2.0,1.0,159,0.4,0.2,0.08000000000000002,0.26666666666666666
100,User_DiT_3,2.0,1.0,159,0.4,0.2,0.08000000000000002,0.26666666666666666
101,Sys_DiT_ref_1,1.85,2.4,159,0.37,0.48,0.17759999999999998,0.4178823529411764
101,Sys_DiT_ref_2,1.85,2.4,159,0.37,0.48,0.17759999999999998,0.4178823529411764
101,Sys_DiT_ref_3,2.85,3.65,159,0.5700000000000001,0.73,0.4161,0.6401538461538462
101,User_DiT_1,3.12,2.0,159,0.624,0.4,0.24960000000000002,0.48750000000000004
101,User_DiT_2,3.12,4.0,159,0.624,0.8,0.49920000000000003,0.7011235955056181
101,User_DiT_3,3.12,2.0,159,0.624,0.4,0.24960000000000002,0.48750000000000004
102,Sys_DiT_ref_1,4.65,2.85,159,0.93,0.5700000000000001,0.5301000000000001,0.7068000000000002
102,Sys_DiT_ref_2,4.65,3.85,159,0.93,0.77,0.7161000000000001,0.8424705882352941
102,Sys_DiT_ref_3,4.65,2.85,159,0.93,0.5700000000000001,0.5301000000000001,0.7068000000000002
102,User_DiT_1,5.0,3.0,159,1.0,0.6,0.6,0.7499999999999999
102,User_DiT_2,5.0,4.0,159,1.0,0.8,0.8,0.888888888888889
102,User_DiT_3,5.0,3.0,159,1.0,0.6,0.6,0.7499999999999999
103,Sys_DiT_ref_1,1.85,1.2,159,0.37,0.24,0.08879999999999999,0.2911475409836065
103,Sys_DiT_ref_2,1.85,1.2,159,0.37,0.24,0.08879999999999999,0.2911475409836065
103,Sys_DiT_ref_3,1.85,1.2,159,0.37,0.24,0.08879999999999999,0.2911475409836065
103,User_DiT_1,0.0,1.0,159,0.0,0.2,0.0,0.0
103,User_DiT_2,0.0,1.0,159,0.0,0.2,0.0,0.0
103,User_DiT_3,0.83,1.0,159,0.16599999999999998,0.2,0.0332,0.1814207650273224
104,Sys_DiT_ref_1,1.85,1.2,159,0.37,0.24,0.08879999999999999,0.2911475409836065
104,Sys_DiT_ref_2,2.85,1.92,159,0.5700000000000001,0.384,0.21888000000000002,0.4588679245283019
104,Sys_DiT_ref_3,1.85,1.2,159,0.37,0.24,0.08879999999999999,0.2911475409836065
104,User_DiT_1,2.14,1.0,159,0.42800000000000005,0.2,0.08560000000000001,0.27261146496815286
104,User_DiT_2,2.14,2.0,159,0.42800000000000005,0.4,0.17120000000000002,0.41352657004830917
104,User_DiT_3,0.0,2.0,159,0.0,0.4,0.0,0.0
105,Sys_DiT_ref_1,4.35,1.5,281,0.8699999999999999,0.3,0.26099999999999995,0.4461538461538461
105,Sys_DiT_ref_2,4.12,1.5,281,0.8240000000000001,0.3,0.2472,0.43985765124555154
105,Sys_DiT_ref_3,4.85,1.5,281,0.97,0.3,0.291,0.458267716535433
105,User_DiT_1,5.0,2.0,281,1.0,0.4,0.4,0.5714285714285715
105,User_DiT_2,4.29,2.0,281,0.858,0.4,0.3432,0.5456279809220985
105,User_DiT_3,4.29,2.0,281,0.858,0.4,0.3432,0.5456279809220985
106,Sys_DiT_ref_1,4.85,1.5,281,0.97,0.3,0.291,0.458267716535433
106,Sys_DiT_ref_2,4.12,1.5,281,0.8240000000000001,0.3,0.2472,0.43985765124555154
106,Sys_DiT_ref_3,4.85,1.5,281,0.97,0.3,0.291,0.458267716535433
106,User_DiT_1,5.0,2.0,281,1.0,0.4,0.4,0.5714285714285715
106,User_DiT_2,5.0,3.0,281,1.0,0.6,0.6,0.7499999999999999
106,User_DiT_3,5.0,4.0,281,1.0,0.8,0.8,0.888888888888889
107,Sys_DiT_ref_1,4.85,1.5,281,0.97,0.3,0.291,0.458267716535433
107,Sys_DiT_ref_2,4.85,1.5,281,0.97,0.3,0.291,0.458267716535433
107,Sys_DiT_ref_3,4.72,1.5,281,0.944,0.3,0.28319999999999995,0.45530546623794205
107,User_DiT_1,5.0,2.0,281,1.0,0.4,0.4,0.5714285714285715
107,User_DiT_2,5.0,4.0,281,1.0,0.8,0.8,0.888888888888889
107,User_DiT_3,5.0,3.0,281,1.0,0.6,0.6,0.7499999999999999
108,Sys_DiT_ref_1,4.85,1.5,281,0.97,0.3,0.291,0.458267716535433
108,Sys_DiT_ref_2,4.15,1.5,281,0.8300000000000001,0.3,0.249,0.44070796460176986
108,Sys_DiT_ref_3,4.82,1.5,281,0.9640000000000001,0.3,0.2892,0.45759493670886076
108,User_DiT_1,5.0,2.0,281,1.0,0.4,0.4,0.5714285714285715
108,User_DiT_2,5.0,2.0,281,1.0,0.4,0.4,0.5714285714285715
108,User_DiT_3,5.0,4.0,281,1.0,0.8,0.8,0.888888888888889
109,Sys_DiT_ref_1,3.42,3.85,281,0.6839999999999999,0.77,0.5266799999999999,0.7244566712517193
109,Sys_DiT_ref_2,4.12,3.85,281,0.8240000000000001,0.77,0.63448,0.7960853199498118
109,Sys_DiT_ref_3,3.85,2.45,281,0.77,0.49000000000000005,0.3773,0.5988888888888889
109,User_DiT_1,5.0,3.0,281,1.0,0.6,0.6,0.7499999999999999
109,User_DiT_2,5.0,3.0,281,1.0,0.6,0.6,0.7499999999999999
109,User_DiT_3,5.0,3.0,281,1.0,0.6,0.6,0.7499999999999999
110,Sys_DiT_ref_1,5.0,5.0,300,1.0,1.0,1.0,1.0
110,Sys_DiT_ref_2,5.0,5.0,300,1.0,1.0,1.0,1.0
110,Sys_DiT_ref_3,5.0,5.0,300,1.0,1.0,1.0,1.0
110,User_DiT_1,5.0,5.0,300,1.0,1.0,1.0,1.0
110,User_DiT_2,5.0,5.0,300,1.0,1.0,1.0,1.0
110,User_DiT_3,5.0,5.0,300,1.0,1.0,1.0,1.0
111,Sys_DiT_ref_1,4.85,4.92,300,0.97,0.984,0.95448,0.976949846468782
111,Sys_DiT_ref_2,4.85,3.62,300,0.97,0.724,0.7022799999999999,0.8291381345926799
111,Sys_DiT_ref_3,4.85,4.92,300,0.97,0.984,0.95448,0.976949846468782
111,User_DiT_1,4.38,4.0,300,0.876,0.8,0.7008000000000001,0.8362768496420048
111,User_DiT_2,4.38,4.0,300,0.876,0.8,0.7008000000000001,0.8362768496420048
111,User_DiT_3,4.38,5.0,300,0.876,1.0,0.876,0.933901918976546
112,Sys_DiT_ref_1,4.98,4.95,300,0.9960000000000001,0.99,0.9860400000000001,0.9929909365558913
112,Sys_DiT_ref_2,5.0,5.0,300,1.0,1.0,1.0,1.0
112,Sys_DiT_ref_3,4.98,4.95,300,0.9960000000000001,0.99,0.9860400000000001,0.9929909365558913
112,User_DiT_1,5.0,5.0,300,1.0,1.0,1.0,1.0
112,User_DiT_2,5.0,5.0,300,1.0,1.0,1.0,1.0
112,User_DiT_3,5.0,5.0,300,1.0,1.0,1.0,1.0
113,Sys_DiT_ref_1,4.15,3.2,300,0.8300000000000001,0.64,0.5312,0.7227210884353741
113,Sys_DiT_ref_2,4.12,3.85,300,0.8240000000000001,0.77,0.63448,0.7960853199498118
113,Sys_DiT_ref_3,4.98,4.95,300,0.9960000000000001,0.99,0.9860400000000001,0.9929909365558913
113,User_DiT_1,4.38,5.0,300,0.876,1.0,0.876,0.933901918976546
113,User_DiT_2,5.0,2.0,300,1.0,0.4,0.4,0.5714285714285715
113,User_DiT_3,4.38,5.0,300,0.876,1.0,0.876,0.933901918976546
114,Sys_DiT_ref_1,4.15,3.85,300,0.8300000000000001,0.77,0.6391000000000001,0.7988750000000001
114,Sys_DiT_ref_2,3.65,3.8,300,0.73,0.76,0.5548,0.7446979865771811
114,Sys_DiT_ref_3,4.15,3.85,300,0.8300000000000001,0.77,0.6391000000000001,0.7988750000000001
114,User_DiT_1,4.38,4.0,300,0.876,0.8,0.7008000000000001,0.8362768496420048
114,User_DiT_2,4.38,4.0,300,0.876,0.8,0.7008000000000001,0.8362768496420048
114,User_DiT_3,4.38,4.0,300,0.876,0.8,0.7008000000000001,0.8362768496420048
115,Sys_DiT_ref_1,4.92,4.95,322,0.984,0.99,0.97416,0.9869908814589666
115,Sys_DiT_ref_2,4.72,3.85,322,0.944,0.77,0.72688,0.8481680280046674
115,Sys_DiT_ref_3,4.92,4.95,322,0.984,0.99,0.97416,0.9869908814589666
115,User_DiT_1,5.0,5.0,322,1.0,1.0,1.0,1.0
115,User_DiT_2,5.0,4.0,322,1.0,0.8,0.8,0.888888888888889
115,User_DiT_3,5.0,4.0,322,1.0,0.8,0.8,0.888888888888889
116,Sys_DiT_ref_1,4.92,4.95,322,0.984,0.99,0.97416,0.9869908814589666
116,Sys_DiT_ref_2,4.98,4.95,322,0.9960000000000001,0.99,0.9860400000000001,0.9929909365558913
116,Sys_DiT_ref_3,4.85,3.65,322,0.97,0.73,0.7081,0.8330588235294117
116,User_DiT_1,5.0,3.0,322,1.0,0.6,0.6,0.7499999999999999
116,User_DiT_2,5.0,5.0,322,1.0,1.0,1.0,1.0
116,User_DiT_3,5.0,5.0,322,1.0,1.0,1.0,1.0
117,Sys_DiT_ref_1,3.42,2.15,322,0.6839999999999999,0.43,0.29412,0.5280430879712747
117,Sys_DiT_ref_2,3.65,2.85,322,0.73,0.5700000000000001,0.4161,0.6401538461538462
117,Sys_DiT_ref_3,3.45,3.82,322,0.6900000000000001,0.764,0.5271600000000001,0.7251169188445667
117,User_DiT_1,3.57,3.0,322,0.714,0.6,0.42839999999999995,0.6520547945205478
117,User_DiT_2,3.57,2.0,322,0.714,0.4,0.2856,0.5127468581687613
117,User_DiT_3,4.17,2.0,322,0.834,0.4,0.3336,0.5406807131280389
118,Sys_DiT_ref_1,4.72,3.85,322,0.944,0.77,0.72688,0.8481680280046674
118,Sys_DiT_ref_2,4.35,3.85,322,0.8699999999999999,0.77,0.6698999999999999,0.8169512195121951
118,Sys_DiT_ref_3,4.15,3.2,322,0.8300000000000001,0.64,0.5312,0.7227210884353741
118,User_DiT_1,5.0,4.0,322,1.0,0.8,0.8,0.888888888888889
118,User_DiT_2,3.57,2.0,322,0.714,0.4,0.2856,0.5127468581687613
118,User_DiT_3,5.0,5.0,322,1.0,1.0,1.0,1.0
119,Sys_DiT_ref_1,4.85,4.92,322,0.97,0.984,0.95448,0.976949846468782
119,Sys_DiT_ref_2,4.98,4.95,322,0.9960000000000001,0.99,0.9860400000000001,0.9929909365558913
119,Sys_DiT_ref_3,4.92,4.85,322,0.984,0.97,0.95448,0.976949846468782
119,User_DiT_1,5.0,5.0,322,1.0,1.0,1.0,1.0
119,User_DiT_2,5.0,5.0,322,1.0,1.0,1.0,1.0
119,User_DiT_3,5.0,5.0,322,1.0,1.0,1.0,1.0
120,Sys_DiT_ref_1,3.65,1.5,330,0.73,0.3,0.219,0.42524271844660194
120,Sys_DiT_ref_2,4.12,1.5,330,0.8240000000000001,0.3,0.2472,0.43985765124555154
120,Sys_DiT_ref_3,4.62,1.5,330,0.924,0.3,0.2772,0.45294117647058824
120,User_DiT_1,3.75,4.0,330,0.75,0.8,0.6000000000000001,0.7741935483870969
120,User_DiT_2,3.75,2.0,330,0.75,0.4,0.30000000000000004,0.5217391304347827
120,User_DiT_3,3.75,3.0,330,0.75,0.6,0.44999999999999996,0.6666666666666665
121,Sys_DiT_ref_1,4.85,4.92,330,0.97,0.984,0.95448,0.976949846468782
121,Sys_DiT_ref_2,4.12,1.5,330,0.8240000000000001,0.3,0.2472,0.43985765124555154
121,Sys_DiT_ref_3,4.12,1.5,330,0.8240000000000001,0.3,0.2472,0.43985765124555154
121,User_DiT_1,5.0,5.0,330,1.0,1.0,1.0,1.0
121,User_DiT_2,5.0,5.0,330,1.0,1.0,1.0,1.0
121,User_DiT_3,5.0,5.0,330,1.0,1.0,1.0,1.0
122,Sys_DiT_ref_1,4.15,3.0,330,0.8300000000000001,0.6,0.498,0.6965034965034964
122,Sys_DiT_ref_2,4.82,3.0,330,0.9640000000000001,0.6,0.5784,0.7396419437340154
122,Sys_DiT_ref_3,4.72,3.0,330,0.944,0.6,0.5663999999999999,0.7336787564766838
122,User_DiT_1,5.0,3.0,330,1.0,0.6,0.6,0.7499999999999999
122,User_DiT_2,4.29,4.0,330,0.858,0.8,0.6864,0.8279855247285887
122,User_DiT_3,5.0,3.0,330,1.0,0.6,0.6,0.7499999999999999
123,Sys_DiT_ref_1,3.65,3.0,330,0.73,0.6,0.438,0.6586466165413534
123,Sys_DiT_ref_2,3.65,3.0,330,0.73,0.6,0.438,0.6586466165413534
123,Sys_DiT_ref_3,3.45,3.0,330,0.6900000000000001,0.6,0.41400000000000003,0.6418604651162791
123,User_DiT_1,4.0,3.0,330,0.8,0.6,0.48,0.6857142857142857
123,User_DiT_2,4.0,4.0,330,0.8,0.8,0.6400000000000001,0.8000000000000002
123,User_DiT_3,4.0,4.0,330,0.8,0.8,0.6400000000000001,0.8000000000000002
124,Sys_DiT_ref_1,4.92,4.95,330,0.984,0.99,0.97416,0.9869908814589666
124,Sys_DiT_ref_2,4.92,4.95,330,0.984,0.99,0.97416,0.9869908814589666
124,Sys_DiT_ref_3,4.85,4.92,330,0.97,0.984,0.95448,0.976949846468782
124,User_DiT_1,5.0,5.0,330,1.0,1.0,1.0,1.0
124,User_DiT_2,5.0,5.0,330,1.0,1.0,1.0,1.0
124,User_DiT_3,5.0,5.0,330,1.0,1.0,1.0,1.0
125,Sys_DiT_ref_1,4.85,3.62,333,0.97,0.724,0.7022799999999999,0.8291381345926799
125,Sys_DiT_ref_2,4.92,4.95,333,0.984,0.99,0.97416,0.9869908814589666
125,Sys_DiT_ref_3,4.85,3.65,333,0.97,0.73,0.7081,0.8330588235294117
125,User_DiT_1,5.0,4.0,333,1.0,0.8,0.8,0.888888888888889
125,User_DiT_2,5.0,4.0,333,1.0,0.8,0.8,0.888888888888889
125,User_DiT_3,5.0,4.0,333,1.0,0.8,0.8,0.888888888888889
126,Sys_DiT_ref_1,4.65,2.0,333,0.93,0.4,0.37200000000000005,0.5593984962406016
126,Sys_DiT_ref_2,4.65,2.0,333,0.93,0.4,0.37200000000000005,0.5593984962406016
126,Sys_DiT_ref_3,4.65,2.0,333,0.93,0.4,0.37200000000000005,0.5593984962406016
126,User_DiT_1,5.0,2.0,333,1.0,0.4,0.4,0.5714285714285715
126,User_DiT_2,5.0,4.0,333,1.0,0.8,0.8,0.888888888888889
126,User_DiT_3,5.0,2.0,333,1.0,0.4,0.4,0.5714285714285715
127,Sys_DiT_ref_1,4.82,1.5,333,0.9640000000000001,0.3,0.2892,0.45759493670886076
127,Sys_DiT_ref_2,4.65,1.5,333,0.93,0.3,0.279,0.4536585365853659
127,Sys_DiT_ref_3,3.85,1.5,333,0.77,0.3,0.23099999999999998,0.4317757009345794
127,User_DiT_1,5.0,2.0,333,1.0,0.4,0.4,0.5714285714285715
127,User_DiT_2,5.0,2.0,333,1.0,0.4,0.4,0.5714285714285715
127,User_DiT_3,5.0,4.0,333,1.0,0.8,0.8,0.888888888888889
128,Sys_DiT_ref_1,4.12,1.5,333,0.8240000000000001,0.3,0.2472,0.43985765124555154
128,Sys_DiT_ref_2,4.72,1.5,333,0.944,0.3,0.28319999999999995,0.45530546623794205
128,Sys_DiT_ref_3,4.65,1.5,333,0.93,0.3,0.279,0.4536585365853659
128,User_DiT_1,5.0,3.0,333,1.0,0.6,0.6,0.7499999999999999
128,User_DiT_2,5.0,3.0,333,1.0,0.6,0.6,0.7499999999999999
128,User_DiT_3,5.0,3.0,333,1.0,0.6,0.6,0.7499999999999999
129,Sys_DiT_ref_1,3.82,1.47,333,0.764,0.294,0.22461599999999998,0.4246049149338374
129,Sys_DiT_ref_2,4.65,2.15,333,0.93,0.43,0.39990000000000003,0.5880882352941177
129,Sys_DiT_ref_3,4.15,1.5,333,0.8300000000000001,0.3,0.249,0.44070796460176986
129,User_DiT_1,5.0,2.0,333,1.0,0.4,0.4,0.5714285714285715
129,User_DiT_2,4.17,1.0,333,0.834,0.2,0.1668,0.3226305609284333
129,User_DiT_3,4.17,2.0,333,0.834,0.4,0.3336,0.5406807131280389
130,Sys_DiT_ref_1,5.0,4.6,339,1.0,0.9199999999999999,0.9199999999999999,0.9583333333333333
130,Sys_DiT_ref_2,4.65,3.85,339,0.93,0.77,0.7161000000000001,0.8424705882352941
130,Sys_DiT_ref_3,4.92,3.85,339,0.984,0.77,0.75768,0.863945267958951
130,User_DiT_1,5.0,3.0,339,1.0,0.6,0.6,0.7499999999999999
130,User_DiT_2,5.0,4.0,339,1.0,0.8,0.8,0.888888888888889
130,User_DiT_3,4.38,5.0,339,0.876,1.0,0.876,0.933901918976546
131,Sys_DiT_ref_1,4.85,3.72,339,0.97,0.744,0.72168,0.842100350058343
131,Sys_DiT_ref_2,4.85,3.62,339,0.97,0.724,0.7022799999999999,0.8291381345926799
131,Sys_DiT_ref_3,2.85,3.62,339,0.5700000000000001,0.724,0.41268000000000005,0.6378361669242659
131,User_DiT_1,2.5,4.0,339,0.5,0.8,0.4,0.6153846153846154
131,User_DiT_2,4.38,4.0,339,0.876,0.8,0.7008000000000001,0.8362768496420048
131,User_DiT_3,2.5,4.0,339,0.5,0.8,0.4,0.6153846153846154
132,Sys_DiT_ref_1,4.85,1.5,339,0.97,0.3,0.291,0.458267716535433
132,Sys_DiT_ref_2,4.85,1.5,339,0.97,0.3,0.291,0.458267716535433
132,Sys_DiT_ref_3,4.15,1.5,339,0.8300000000000001,0.3,0.249,0.44070796460176986
132,User_DiT_1,5.0,4.0,339,1.0,0.8,0.8,0.888888888888889
132,User_DiT_2,5.0,2.0,339,1.0,0.4,0.4,0.5714285714285715
132,User_DiT_3,5.0,4.0,339,1.0,0.8,0.8,0.888888888888889
133,Sys_DiT_ref_1,4.85,3.65,339,0.97,0.73,0.7081,0.8330588235294117
133,Sys_DiT_ref_2,4.85,4.62,339,0.97,0.924,0.89628,0.9464413938753959
133,Sys_DiT_ref_3,4.15,3.85,339,0.8300000000000001,0.77,0.6391000000000001,0.7988750000000001
133,User_DiT_1,4.38,5.0,339,0.876,1.0,0.876,0.933901918976546
133,User_DiT_2,4.38,4.0,339,0.876,0.8,0.7008000000000001,0.8362768496420048
133,User_DiT_3,4.38,5.0,339,0.876,1.0,0.876,0.933901918976546
134,Sys_DiT_ref_1,4.92,4.65,339,0.984,0.93,0.91512,0.9562382445141066
134,Sys_DiT_ref_2,4.85,3.65,339,0.97,0.73,0.7081,0.8330588235294117
134,Sys_DiT_ref_3,4.85,3.6,339,0.97,0.72,0.6983999999999999,0.8265088757396449
134,User_DiT_1,5.0,5.0,339,1.0,1.0,1.0,1.0
134,User_DiT_2,5.0,4.0,339,1.0,0.8,0.8,0.888888888888889
134,User_DiT_3,5.0,4.0,339,1.0,0.8,0.8,0.888888888888889
135,Sys_DiT_ref_1,5.0,5.0,347,1.0,1.0,1.0,1.0
135,Sys_DiT_ref_2,4.92,4.95,347,0.984,0.99,0.97416,0.9869908814589666
135,Sys_DiT_ref_3,4.98,4.95,347,0.9960000000000001,0.99,0.9860400000000001,0.9929909365558913
135,User_DiT_1,5.0,5.0,347,1.0,1.0,1.0,1.0
135,User_DiT_2,5.0,5.0,347,1.0,1.0,1.0,1.0
135,User_DiT_3,5.0,5.0,347,1.0,1.0,1.0,1.0
136,Sys_DiT_ref_1,4.85,3.65,347,0.97,0.73,0.7081,0.8330588235294117
136,Sys_DiT_ref_2,4.85,3.2,347,0.97,0.64,0.6208,0.7711801242236026
136,Sys_DiT_ref_3,4.68,3.42,347,0.9359999999999999,0.6839999999999999,0.6402239999999999,0.7904
136,User_DiT_1,5.0,5.0,347,1.0,1.0,1.0,1.0
136,User_DiT_2,5.0,3.0,347,1.0,0.6,0.6,0.7499999999999999
136,User_DiT_3,5.0,5.0,347,1.0,1.0,1.0,1.0
137,Sys_DiT_ref_1,4.82,3.65,347,0.9640000000000001,0.73,0.70372,0.8308382526564345
137,Sys_DiT_ref_2,4.85,4.72,347,0.97,0.944,0.9156799999999999,0.9568234064785789
137,Sys_DiT_ref_3,4.85,4.7,347,0.97,0.9400000000000001,0.9118,0.9547643979057592
137,User_DiT_1,5.0,4.0,347,1.0,0.8,0.8,0.888888888888889
137,User_DiT_2,5.0,4.0,347,1.0,0.8,0.8,0.888888888888889
137,User_DiT_3,5.0,4.0,347,1.0,0.8,0.8,0.888888888888889
138,Sys_DiT_ref_1,4.62,3.0,347,0.924,0.6,0.5544,0.7275590551181103
138,Sys_DiT_ref_2,4.62,3.0,347,0.924,0.6,0.5544,0.7275590551181103
138,Sys_DiT_ref_3,4.68,3.0,347,0.9359999999999999,0.6,0.5616,0.73125
138,User_DiT_1,5.0,4.0,347,1.0,0.8,0.8,0.888888888888889
138,User_DiT_2,5.0,3.0,347,1.0,0.6,0.6,0.7499999999999999
138,User_DiT_3,5.0,3.0,347,1.0,0.6,0.6,0.7499999999999999
139,Sys_DiT_ref_1,4.15,1.5,347,0.8300000000000001,0.3,0.249,0.44070796460176986
139,Sys_DiT_ref_2,4.62,1.5,347,0.924,0.3,0.2772,0.45294117647058824
139,Sys_DiT_ref_3,4.65,1.5,347,0.93,0.3,0.279,0.4536585365853659
139,User_DiT_1,5.0,2.0,347,1.0,0.4,0.4,0.5714285714285715
139,User_DiT_2,5.0,2.0,347,1.0,0.4,0.4,0.5714285714285715
139,User_DiT_3,5.0,3.0,347,1.0,0.6,0.6,0.7499999999999999
140,Sys_DiT_ref_1,2.85,2.0,356,0.5700000000000001,0.4,0.22800000000000004,0.4701030927835052
140,Sys_DiT_ref_2,3.82,2.0,356,0.764,0.4,0.30560000000000004,0.525085910652921
140,Sys_DiT_ref_3,3.65,2.0,356,0.73,0.4,0.292,0.5168141592920354
140,User_DiT_1,4.38,2.0,356,0.876,0.4,0.35040000000000004,0.5492163009404389
140,User_DiT_2,4.38,2.0,356,0.876,0.4,0.35040000000000004,0.5492163009404389
140,User_DiT_3,4.44,2.0,356,0.8880000000000001,0.4,0.35520000000000007,0.5515527950310559
141,Sys_DiT_ref_1,3.82,1.5,356,0.764,0.3,0.2292,0.4308270676691729
141,Sys_DiT_ref_2,3.65,1.5,356,0.73,0.3,0.219,0.42524271844660194
141,Sys_DiT_ref_3,3.42,1.5,356,0.6839999999999999,0.3,0.20519999999999997,0.41707317073170724
141,User_DiT_1,4.17,3.0,356,0.834,0.6,0.5004,0.697907949790795
141,User_DiT_2,4.17,3.0,356,0.834,0.6,0.5004,0.697907949790795
141,User_DiT_3,4.17,2.0,356,0.834,0.4,0.3336,0.5406807131280389
142,Sys_DiT_ref_1,4.65,1.5,356,0.93,0.3,0.279,0.4536585365853659
142,Sys_DiT_ref_2,4.65,1.5,356,0.93,0.3,0.279,0.4536585365853659
142,Sys_DiT_ref_3,2.85,1.5,356,0.5700000000000001,0.3,0.171,0.3931034482758621
142,User_DiT_1,5.0,3.0,356,1.0,0.6,0.6,0.7499999999999999
142,User_DiT_2,5.0,2.0,356,1.0,0.4,0.4,0.5714285714285715
142,User_DiT_3,5.0,2.0,356,1.0,0.4,0.4,0.5714285714285715
143,Sys_DiT_ref_1,4.82,2.0,356,0.9640000000000001,0.4,0.38560000000000005,0.5653958944281525
143,Sys_DiT_ref_2,4.15,2.0,356,0.8300000000000001,0.4,0.3320000000000001,0.5398373983739838
143,Sys_DiT_ref_3,4.12,2.0,356,0.8240000000000001,0.4,0.32960000000000006,0.538562091503268
143,User_DiT_1,4.17,2.0,356,0.834,0.4,0.3336,0.5406807131280389
143,User_DiT_2,5.0,2.0,356,1.0,0.4,0.4,0.5714285714285715
143,User_DiT_3,5.0,4.0,356,1.0,0.8,0.8,0.888888888888889
144,Sys_DiT_ref_1,4.35,1.5,356,0.8699999999999999,0.3,0.26099999999999995,0.4461538461538461
144,Sys_DiT_ref_2,3.85,1.5,356,0.77,0.3,0.23099999999999998,0.4317757009345794
144,Sys_DiT_ref_3,4.35,1.5,356,0.8699999999999999,0.3,0.26099999999999995,0.4461538461538461
144,User_DiT_1,5.0,2.0,356,1.0,0.4,0.4,0.5714285714285715
144,User_DiT_2,5.0,2.0,356,1.0,0.4,0.4,0.5714285714285715
144,User_DiT_3,5.0,2.0,356,1.0,0.4,0.4,0.5714285714285715
145,Sys_DiT_ref_1,4.12,2.85,365,0.8240000000000001,0.5700000000000001,0.4696800000000001,0.6738593974175037
145,Sys_DiT_ref_2,4.12,2.85,365,0.8240000000000001,0.5700000000000001,0.4696800000000001,0.6738593974175037
145,Sys_DiT_ref_3,3.65,2.1,365,0.73,0.42000000000000004,0.30660000000000004,0.533217391304348
145,User_DiT_1,3.57,5.0,365,0.714,1.0,0.714,0.8331388564760793
145,User_DiT_2,3.57,5.0,365,0.714,1.0,0.714,0.8331388564760793
145,User_DiT_3,3.57,5.0,365,0.714,1.0,0.714,0.8331388564760793
146,Sys_DiT_ref_1,4.85,2.0,365,0.97,0.4,0.388,0.5664233576642336
146,Sys_DiT_ref_2,4.85,2.0,365,0.97,0.4,0.388,0.5664233576642336
146,Sys_DiT_ref_3,4.85,2.0,365,0.97,0.4,0.388,0.5664233576642336
146,User_DiT_1,5.0,4.0,365,1.0,0.8,0.8,0.888888888888889
146,User_DiT_2,5.0,2.0,365,1.0,0.4,0.4,0.5714285714285715
146,User_DiT_3,5.0,2.0,365,1.0,0.4,0.4,0.5714285714285715
147,Sys_DiT_ref_1,4.12,1.5,365,0.8240000000000001,0.3,0.2472,0.43985765124555154
147,Sys_DiT_ref_2,3.85,1.5,365,0.77,0.3,0.23099999999999998,0.4317757009345794
147,Sys_DiT_ref_3,4.12,1.5,365,0.8240000000000001,0.3,0.2472,0.43985765124555154
147,User_DiT_1,4.29,2.0,365,0.858,0.4,0.3432,0.5456279809220985
147,User_DiT_2,4.29,3.0,365,0.858,0.6,0.5147999999999999,0.7061728395061727
147,User_DiT_3,4.17,2.0,365,0.834,0.4,0.3336,0.5406807131280389
148,Sys_DiT_ref_1,4.82,1.5,365,0.9640000000000001,0.3,0.2892,0.45759493670886076
148,Sys_DiT_ref_2,4.15,1.5,365,0.8300000000000001,0.3,0.249,0.44070796460176986
148,Sys_DiT_ref_3,4.82,1.5,365,0.9640000000000001,0.3,0.2892,0.45759493670886076
148,User_DiT_1,3.33,4.0,365,0.666,0.8,0.5328,0.7268758526603001
148,User_DiT_2,3.33,4.0,365,0.666,0.8,0.5328,0.7268758526603001
148,User_DiT_3,3.75,3.0,365,0.75,0.6,0.44999999999999996,0.6666666666666665
149,Sys_DiT_ref_1,4.82,1.5,365,0.9640000000000001,0.3,0.2892,0.45759493670886076
149,Sys_DiT_ref_2,4.82,1.5,365,0.9640000000000001,0.3,0.2892,0.45759493670886076
149,Sys_DiT_ref_3,4.82,1.5,365,0.9640000000000001,0.3,0.2892,0.45759493670886076
149,User_DiT_1,5.0,4.0,365,1.0,0.8,0.8,0.888888888888889
149,User_DiT_2,5.0,3.0,365,1.0,0.6,0.6,0.7499999999999999
149,User_DiT_3,5.0,4.0,365,1.0,0.8,0.8,0.888888888888889
150,Sys_DiT_ref_1,4.65,2.0,370,0.93,0.4,0.37200000000000005,0.5593984962406016
150,Sys_DiT_ref_2,4.62,2.0,370,0.924,0.4,0.36960000000000004,0.5583081570996979
150,Sys_DiT_ref_3,4.62,2.0,370,0.924,0.4,0.36960000000000004,0.5583081570996979
150,User_DiT_1,5.0,3.0,370,1.0,0.6,0.6,0.7499999999999999
150,User_DiT_2,5.0,2.0,370,1.0,0.4,0.4,0.5714285714285715
150,User_DiT_3,5.0,2.0,370,1.0,0.4,0.4,0.5714285714285715
151,Sys_DiT_ref_1,4.65,1.5,370,0.93,0.3,0.279,0.4536585365853659
151,Sys_DiT_ref_2,4.85,1.5,370,0.97,0.3,0.291,0.458267716535433
151,Sys_DiT_ref_3,4.85,1.5,370,0.97,0.3,0.291,0.458267716535433
151,User_DiT_1,5.0,4.0,370,1.0,0.8,0.8,0.888888888888889
151,User_DiT_2,5.0,4.0,370,1.0,0.8,0.8,0.888888888888889
151,User_DiT_3,5.0,2.0,370,1.0,0.4,0.4,0.5714285714285715
152,Sys_DiT_ref_1,4.65,1.5,370,0.93,0.3,0.279,0.4536585365853659
152,Sys_DiT_ref_2,3.65,1.5,370,0.73,0.3,0.219,0.42524271844660194
152,Sys_DiT_ref_3,4.65,1.5,370,0.93,0.3,0.279,0.4536585365853659
152,User_DiT_1,4.17,2.0,370,0.834,0.4,0.3336,0.5406807131280389
152,User_DiT_2,4.17,2.0,370,0.834,0.4,0.3336,0.5406807131280389
152,User_DiT_3,5.0,2.0,370,1.0,0.4,0.4,0.5714285714285715
153,Sys_DiT_ref_1,4.92,1.5,370,0.984,0.3,0.29519999999999996,0.45981308411214944
153,Sys_DiT_ref_2,4.85,1.5,370,0.97,0.3,0.291,0.458267716535433
153,Sys_DiT_ref_3,4.92,1.5,370,0.984,0.3,0.29519999999999996,0.45981308411214944
153,User_DiT_1,5.0,5.0,370,1.0,1.0,1.0,1.0
153,User_DiT_2,5.0,5.0,370,1.0,1.0,1.0,1.0
153,User_DiT_3,5.0,5.0,370,1.0,1.0,1.0,1.0
154,Sys_DiT_ref_1,2.85,1.5,370,0.5700000000000001,0.3,0.171,0.3931034482758621
154,Sys_DiT_ref_2,2.85,1.5,370,0.5700000000000001,0.3,0.171,0.3931034482758621
154,Sys_DiT_ref_3,3.42,1.5,370,0.6839999999999999,0.3,0.20519999999999997,0.41707317073170724
154,User_DiT_1,5.0,2.0,370,1.0,0.4,0.4,0.5714285714285715
154,User_DiT_2,5.0,2.0,370,1.0,0.4,0.4,0.5714285714285715
154,User_DiT_3,5.0,2.0,370,1.0,0.4,0.4,0.5714285714285715
155,Sys_DiT_ref_1,1.45,2.85,389,0.29,0.5700000000000001,0.1653,0.38441860465116273
155,Sys_DiT_ref_2,1.85,1.5,389,0.37,0.3,0.111,0.3313432835820896
155,Sys_DiT_ref_3,1.15,1.5,389,0.22999999999999998,0.3,0.06899999999999999,0.260377358490566
155,User_DiT_1,1.67,3.0,389,0.33399999999999996,0.6,0.20039999999999997,0.42912205567451817
155,User_DiT_2,2.78,2.0,389,0.5559999999999999,0.4,0.2224,0.46527196652719666
155,User_DiT_3,1.67,2.0,389,0.33399999999999996,0.4,0.1336,0.3640326975476839
156,Sys_DiT_ref_1,1.85,2.4,389,0.37,0.48,0.17759999999999998,0.4178823529411764
156,Sys_DiT_ref_2,1.25,2.85,389,0.25,0.5700000000000001,0.14250000000000002,0.34756097560975613
156,Sys_DiT_ref_3,1.45,2.85,389,0.29,0.5700000000000001,0.1653,0.38441860465116273
156,User_DiT_1,2.78,3.0,389,0.5559999999999999,0.6,0.33359999999999995,0.5771626297577854
156,User_DiT_2,1.67,3.0,389,0.33399999999999996,0.6,0.20039999999999997,0.42912205567451817
156,User_DiT_3,1.67,3.0,389,0.33399999999999996,0.6,0.20039999999999997,0.42912205567451817
157,Sys_DiT_ref_1,1.85,1.5,389,0.37,0.3,0.111,0.3313432835820896
157,Sys_DiT_ref_2,1.45,1.5,389,0.29,0.3,0.087,0.29491525423728815
157,Sys_DiT_ref_3,1.45,1.5,389,0.29,0.3,0.087,0.29491525423728815
157,User_DiT_1,1.67,2.0,389,0.33399999999999996,0.4,0.1336,0.3640326975476839
157,User_DiT_2,1.67,4.0,389,0.33399999999999996,0.8,0.2672,0.47125220458553796
157,User_DiT_3,1.67,2.0,389,0.33399999999999996,0.4,0.1336,0.3640326975476839
158,Sys_DiT_ref_1,1.45,1.5,389,0.29,0.3,0.087,0.29491525423728815
158,Sys_DiT_ref_2,1.15,1.5,389,0.22999999999999998,0.3,0.06899999999999999,0.260377358490566
158,Sys_DiT_ref_3,1.15,1.5,389,0.22999999999999998,0.3,0.06899999999999999,0.260377358490566
158,User_DiT_1,1.11,2.0,389,0.22200000000000003,0.4,0.08880000000000002,0.28553054662379423
158,User_DiT_2,1.11,3.0,389,0.22200000000000003,0.6,0.1332,0.32408759124087594
158,User_DiT_3,1.67,3.0,389,0.33399999999999996,0.6,0.20039999999999997,0.42912205567451817
159,Sys_DiT_ref_1,1.42,1.85,389,0.284,0.37,0.10507999999999999,0.3213455657492355
159,Sys_DiT_ref_2,1.85,2.0,389,0.37,0.4,0.148,0.3844155844155844
159,Sys_DiT_ref_3,1.85,2.0,389,0.37,0.4,0.148,0.3844155844155844
159,User_DiT_1,2.78,1.0,389,0.5559999999999999,0.2,0.1112,0.29417989417989415
159,User_DiT_2,1.67,2.0,389,0.33399999999999996,0.4,0.1336,0.3640326975476839
159,User_DiT_3,2.22,3.0,389,0.44400000000000006,0.6,0.2664,0.5103448275862069
160,Sys_DiT_ref_1,4.65,3.85,392,0.93,0.77,0.7161000000000001,0.8424705882352941
160,Sys_DiT_ref_2,4.65,3.85,392,0.93,0.77,0.7161000000000001,0.8424705882352941
160,Sys_DiT_ref_3,4.85,4.62,392,0.97,0.924,0.89628,0.9464413938753959
160,User_DiT_1,5.0,5.0,392,1.0,1.0,1.0,1.0
160,User_DiT_2,5.0,5.0,392,1.0,1.0,1.0,1.0
160,User_DiT_3,5.0,4.0,392,1.0,0.8,0.8,0.888888888888889
161,Sys_DiT_ref_1,4.85,3.65,392,0.97,0.73,0.7081,0.8330588235294117
161,Sys_DiT_ref_2,4.85,2.75,392,0.97,0.55,0.5335,0.7019736842105263
161,Sys_DiT_ref_3,4.85,3.65,392,0.97,0.73,0.7081,0.8330588235294117
161,User_DiT_1,5.0,3.0,392,1.0,0.6,0.6,0.7499999999999999
161,User_DiT_2,5.0,4.0,392,1.0,0.8,0.8,0.888888888888889
161,User_DiT_3,5.0,4.0,392,1.0,0.8,0.8,0.888888888888889
162,Sys_DiT_ref_1,2.85,4.12,392,0.5700000000000001,0.8240000000000001,0.4696800000000001,0.6738593974175037
162,Sys_DiT_ref_2,2.15,3.82,392,0.43,0.764,0.32852,0.550284757118928
162,Sys_DiT_ref_3,1.85,3.62,392,0.37,0.724,0.26788,0.48972577696526515
162,User_DiT_1,3.57,4.0,392,0.714,0.8,0.5712,0.7545574636723911
162,User_DiT_2,3.57,2.0,392,0.714,0.4,0.2856,0.5127468581687613
162,User_DiT_3,4.29,3.0,392,0.858,0.6,0.5147999999999999,0.7061728395061727
163,Sys_DiT_ref_1,4.65,3.85,392,0.93,0.77,0.7161000000000001,0.8424705882352941
163,Sys_DiT_ref_2,3.42,3.85,392,0.6839999999999999,0.77,0.5266799999999999,0.7244566712517193
163,Sys_DiT_ref_3,4.65,3.85,392,0.93,0.77,0.7161000000000001,0.8424705882352941
163,User_DiT_1,4.29,3.0,392,0.858,0.6,0.5147999999999999,0.7061728395061727
163,User_DiT_2,4.29,4.0,392,0.858,0.8,0.6864,0.8279855247285887
163,User_DiT_3,4.29,4.0,392,0.858,0.8,0.6864,0.8279855247285887
164,Sys_DiT_ref_1,4.85,3.65,392,0.97,0.73,0.7081,0.8330588235294117
164,Sys_DiT_ref_2,4.85,3.92,392,0.97,0.784,0.76048,0.8671379703534778
164,Sys_DiT_ref_3,4.85,3.62,392,0.97,0.724,0.7022799999999999,0.8291381345926799
164,User_DiT_1,5.0,4.0,392,1.0,0.8,0.8,0.888888888888889
164,User_DiT_2,5.0,3.0,392,1.0,0.6,0.6,0.7499999999999999
164,User_DiT_3,5.0,3.0,392,1.0,0.6,0.6,0.7499999999999999
165,Sys_DiT_ref_1,2.85,1.92,394,0.5700000000000001,0.384,0.21888000000000002,0.4588679245283019
165,Sys_DiT_ref_2,2.85,1.92,394,0.5700000000000001,0.384,0.21888000000000002,0.4588679245283019
165,Sys_DiT_ref_3,1.85,1.2,394,0.37,0.24,0.08879999999999999,0.2911475409836065
165,User_DiT_1,5.0,2.0,394,1.0,0.4,0.4,0.5714285714285715
165,User_DiT_2,5.0,2.0,394,1.0,0.4,0.4,0.5714285714285715
165,User_DiT_3,5.0,2.0,394,1.0,0.4,0.4,0.5714285714285715
166,Sys_DiT_ref_1,4.85,3.2,394,0.97,0.64,0.6208,0.7711801242236026
166,Sys_DiT_ref_2,4.65,3.82,394,0.93,0.764,0.71052,0.8388665879574971
166,Sys_DiT_ref_3,4.65,3.82,394,0.93,0.764,0.71052,0.8388665879574971
166,User_DiT_1,5.0,4.0,394,1.0,0.8,0.8,0.888888888888889
166,User_DiT_2,5.0,3.0,394,1.0,0.6,0.6,0.7499999999999999
166,User_DiT_3,5.0,4.0,394,1.0,0.8,0.8,0.888888888888889
167,Sys_DiT_ref_1,4.65,3.82,394,0.93,0.764,0.71052,0.8388665879574971
167,Sys_DiT_ref_2,3.65,2.15,394,0.73,0.43,0.3139,0.5412068965517242
167,Sys_DiT_ref_3,4.65,3.85,394,0.93,0.77,0.7161000000000001,0.8424705882352941
167,User_DiT_1,5.0,4.0,394,1.0,0.8,0.8,0.888888888888889
167,User_DiT_2,5.0,4.0,394,1.0,0.8,0.8,0.888888888888889
167,User_DiT_3,4.0,3.0,394,0.8,0.6,0.48,0.6857142857142857
168,Sys_DiT_ref_1,4.75,3.85,394,0.95,0.77,0.7314999999999999,0.8505813953488371
168,Sys_DiT_ref_2,4.72,3.85,394,0.944,0.77,0.72688,0.8481680280046674
168,Sys_DiT_ref_3,4.72,2.85,394,0.944,0.5700000000000001,0.53808,0.7108058124174372
168,User_DiT_1,5.0,3.0,394,1.0,0.6,0.6,0.7499999999999999
168,User_DiT_2,5.0,3.0,394,1.0,0.6,0.6,0.7499999999999999
168,User_DiT_3,5.0,3.0,394,1.0,0.6,0.6,0.7499999999999999
169,Sys_DiT_ref_1,1.85,1.2,394,0.37,0.24,0.08879999999999999,0.2911475409836065
169,Sys_DiT_ref_2,2.15,1.2,394,0.43,0.24,0.1032,0.30805970149253736
169,Sys_DiT_ref_3,2.15,1.2,394,0.43,0.24,0.1032,0.30805970149253736
169,User_DiT_1,3.75,1.0,394,0.75,0.2,0.15000000000000002,0.31578947368421056
169,User_DiT_2,5.0,1.0,394,1.0,0.2,0.2,0.33333333333333337
169,User_DiT_3,3.0,1.0,394,0.6,0.2,0.12,0.3
170,Sys_DiT_ref_1,4.85,4.12,396,0.97,0.8240000000000001,0.79928,0.8910590858416945
170,Sys_DiT_ref_2,4.82,3.65,396,0.9640000000000001,0.73,0.70372,0.8308382526564345
170,Sys_DiT_ref_3,4.98,4.95,396,0.9960000000000001,0.99,0.9860400000000001,0.9929909365558913
170,User_DiT_1,5.0,4.0,396,1.0,0.8,0.8,0.888888888888889
170,User_DiT_2,5.0,4.0,396,1.0,0.8,0.8,0.888888888888889
170,User_DiT_3,5.0,5.0,396,1.0,1.0,1.0,1.0
171,Sys_DiT_ref_1,4.85,4.62,396,0.97,0.924,0.89628,0.9464413938753959
171,Sys_DiT_ref_2,4.72,3.85,396,0.944,0.77,0.72688,0.8481680280046674
171,Sys_DiT_ref_3,4.68,3.85,396,0.9359999999999999,0.77,0.72072,0.8449237983587339
171,User_DiT_1,5.0,4.0,396,1.0,0.8,0.8,0.888888888888889
171,User_DiT_2,5.0,4.0,396,1.0,0.8,0.8,0.888888888888889
171,User_DiT_3,5.0,5.0,396,1.0,1.0,1.0,1.0
172,Sys_DiT_ref_1,4.35,3.85,396,0.8699999999999999,0.77,0.6698999999999999,0.8169512195121951
172,Sys_DiT_ref_2,4.78,3.85,396,0.9560000000000001,0.77,0.7361200000000001,0.8529779837775204
172,Sys_DiT_ref_3,4.78,3.85,396,0.9560000000000001,0.77,0.7361200000000001,0.8529779837775204
172,User_DiT_1,4.29,4.0,396,0.858,0.8,0.6864,0.8279855247285887
172,User_DiT_2,5.0,4.0,396,1.0,0.8,0.8,0.888888888888889
172,User_DiT_3,5.0,4.0,396,1.0,0.8,0.8,0.888888888888889
173,Sys_DiT_ref_1,4.82,3.65,396,0.9640000000000001,0.73,0.70372,0.8308382526564345
173,Sys_DiT_ref_2,4.72,4.35,396,0.944,0.8699999999999999,0.8212799999999999,0.9054906284454245
173,Sys_DiT_ref_3,4.92,4.85,396,0.984,0.97,0.95448,0.976949846468782
173,User_DiT_1,5.0,4.0,396,1.0,0.8,0.8,0.888888888888889
173,User_DiT_2,5.0,4.0,396,1.0,0.8,0.8,0.888888888888889
173,User_DiT_3,5.0,5.0,396,1.0,1.0,1.0,1.0
174,Sys_DiT_ref_1,4.85,4.72,396,0.97,0.944,0.9156799999999999,0.9568234064785789
174,Sys_DiT_ref_2,4.72,2.85,396,0.944,0.5700000000000001,0.53808,0.7108058124174372
174,Sys_DiT_ref_3,4.85,4.6,396,0.97,0.9199999999999999,0.8923999999999999,0.9443386243386243
174,User_DiT_1,5.0,4.0,396,1.0,0.8,0.8,0.888888888888889
174,User_DiT_2,5.0,4.0,396,1.0,0.8,0.8,0.888888888888889
174,User_DiT_3,5.0,3.0,396,1.0,0.6,0.6,0.7499999999999999
175,Sys_DiT_ref_1,4.92,3.65,400,0.984,0.73,0.71832,0.8381796966161027
175,Sys_DiT_ref_2,4.85,3.6,400,0.97,0.72,0.6983999999999999,0.8265088757396449
175,Sys_DiT_ref_3,4.82,1.35,400,0.9640000000000001,0.27,0.26028,0.42184764991896273
175,User_DiT_1,5.0,1.0,400,1.0,0.2,0.2,0.33333333333333337
175,User_DiT_2,5.0,1.0,400,1.0,0.2,0.2,0.33333333333333337
175,User_DiT_3,5.0,1.0,400,1.0,0.2,0.2,0.33333333333333337
176,Sys_DiT_ref_1,4.85,1.2,400,0.97,0.24,0.23279999999999998,0.384793388429752
176,Sys_DiT_ref_2,3.85,1.2,400,0.77,0.24,0.1848,0.36594059405940593
176,Sys_DiT_ref_3,4.85,1.5,400,0.97,0.3,0.291,0.458267716535433
176,User_DiT_1,5.0,1.0,400,1.0,0.2,0.2,0.33333333333333337
176,User_DiT_2,5.0,2.0,400,1.0,0.4,0.4,0.5714285714285715
176,User_DiT_3,5.0,1.0,400,1.0,0.2,0.2,0.33333333333333337
177,Sys_DiT_ref_1,4.12,1.85,400,0.8240000000000001,0.37,0.30488000000000004,0.5106867671691793
177,Sys_DiT_ref_2,4.85,1.2,400,0.97,0.24,0.23279999999999998,0.384793388429752
177,Sys_DiT_ref_3,3.85,1.2,400,0.77,0.24,0.1848,0.36594059405940593
177,User_DiT_1,4.44,2.0,400,0.8880000000000001,0.4,0.35520000000000007,0.5515527950310559
177,User_DiT_2,5.0,1.0,400,1.0,0.2,0.2,0.33333333333333337
177,User_DiT_3,5.0,2.0,400,1.0,0.4,0.4,0.5714285714285715
178,Sys_DiT_ref_1,4.85,3.65,400,0.97,0.73,0.7081,0.8330588235294117
178,Sys_DiT_ref_2,4.85,3.62,400,0.97,0.724,0.7022799999999999,0.8291381345926799
178,Sys_DiT_ref_3,4.85,3.2,400,0.97,0.64,0.6208,0.7711801242236026
178,User_DiT_1,5.0,4.0,400,1.0,0.8,0.8,0.888888888888889
178,User_DiT_2,0.0,4.0,400,0.0,0.8,0.0,0.0
178,User_DiT_3,5.0,3.0,400,1.0,0.6,0.6,0.7499999999999999
179,Sys_DiT_ref_1,1.85,1.2,400,0.37,0.24,0.08879999999999999,0.2911475409836065
179,Sys_DiT_ref_2,3.85,1.2,400,0.77,0.24,0.1848,0.36594059405940593
179,Sys_DiT_ref_3,4.65,1.5,400,0.93,0.3,0.279,0.4536585365853659
179,User_DiT_1,5.0,2.0,400,1.0,0.4,0.4,0.5714285714285715
179,User_DiT_2,5.0,1.0,400,1.0,0.2,0.2,0.33333333333333337
179,User_DiT_3,3.89,1.0,400,0.778,0.2,0.15560000000000002,0.31820040899795504
180,Sys_DiT_ref_1,4.15,2.85,405,0.8300000000000001,0.5700000000000001,0.4731000000000001,0.6758571428571429
180,Sys_DiT_ref_2,4.12,2.85,405,0.8240000000000001,0.5700000000000001,0.4696800000000001,0.6738593974175037
180,Sys_DiT_ref_3,4.65,3.82,405,0.93,0.764,0.71052,0.8388665879574971
180,User_DiT_1,0.0,3.0,405,0.0,0.6,0.0,0.0
180,User_DiT_2,3.89,4.0,405,0.778,0.8,0.6224000000000001,0.7888466413181242
180,User_DiT_3,4.44,3.0,405,0.8880000000000001,0.6,0.5328,0.7161290322580646
181,Sys_DiT_ref_1,4.12,2.85,405,0.8240000000000001,0.5700000000000001,0.4696800000000001,0.6738593974175037
181,Sys_DiT_ref_2,4.65,3.85,405,0.93,0.77,0.7161000000000001,0.8424705882352941
181,Sys_DiT_ref_3,4.15,2.85,405,0.8300000000000001,0.5700000000000001,0.4731000000000001,0.6758571428571429
181,User_DiT_1,4.44,4.0,405,0.8880000000000001,0.8,0.7104000000000001,0.8417061611374408
181,User_DiT_2,4.44,4.0,405,0.8880000000000001,0.8,0.7104000000000001,0.8417061611374408
181,User_DiT_3,4.44,4.0,405,0.8880000000000001,0.8,0.7104000000000001,0.8417061611374408
182,Sys_DiT_ref_1,4.12,2.85,405,0.8240000000000001,0.5700000000000001,0.4696800000000001,0.6738593974175037
182,Sys_DiT_ref_2,3.85,1.5,405,0.77,0.3,0.23099999999999998,0.4317757009345794
182,Sys_DiT_ref_3,4.12,2.85,405,0.8240000000000001,0.5700000000000001,0.4696800000000001,0.6738593974175037
182,User_DiT_1,5.0,2.0,405,1.0,0.4,0.4,0.5714285714285715
182,User_DiT_2,5.0,4.0,405,1.0,0.8,0.8,0.888888888888889
182,User_DiT_3,3.57,4.0,405,0.714,0.8,0.5712,0.7545574636723911
183,Sys_DiT_ref_1,1.25,2.1,405,0.25,0.42000000000000004,0.10500000000000001,0.31343283582089554
183,Sys_DiT_ref_2,2.85,1.92,405,0.5700000000000001,0.384,0.21888000000000002,0.4588679245283019
183,Sys_DiT_ref_3,2.15,1.8,405,0.43,0.36,0.1548,0.39189873417721516
183,User_DiT_1,2.78,2.0,405,0.5559999999999999,0.4,0.2224,0.46527196652719666
183,User_DiT_2,1.11,1.0,405,0.22200000000000003,0.2,0.04440000000000001,0.2104265402843602
183,User_DiT_3,1.11,2.0,405,0.22200000000000003,0.4,0.08880000000000002,0.28553054662379423
184,Sys_DiT_ref_1,3.85,1.92,405,0.77,0.384,0.29568,0.5124436741767765
184,Sys_DiT_ref_2,4.15,2.85,405,0.8300000000000001,0.5700000000000001,0.4731000000000001,0.6758571428571429
184,Sys_DiT_ref_3,3.15,1.85,405,0.63,0.37,0.2331,0.4662
184,User_DiT_1,4.44,2.0,405,0.8880000000000001,0.4,0.35520000000000007,0.5515527950310559
184,User_DiT_2,4.44,2.0,405,0.8880000000000001,0.4,0.35520000000000007,0.5515527950310559
184,User_DiT_3,3.33,2.0,405,0.666,0.4,0.2664,0.499812382739212
185,Sys_DiT_ref_1,4.15,3.25,406,0.8300000000000001,0.65,0.5395000000000001,0.7290540540540542
185,Sys_DiT_ref_2,4.65,3.85,406,0.93,0.77,0.7161000000000001,0.8424705882352941
185,Sys_DiT_ref_3,4.12,3.65,406,0.8240000000000001,0.73,0.60152,0.7741570141570142
185,User_DiT_1,5.0,3.0,406,1.0,0.6,0.6,0.7499999999999999
185,User_DiT_2,5.0,4.0,406,1.0,0.8,0.8,0.888888888888889
185,User_DiT_3,5.0,4.0,406,1.0,0.8,0.8,0.888888888888889
186,Sys_DiT_ref_1,4.85,3.65,406,0.97,0.73,0.7081,0.8330588235294117
186,Sys_DiT_ref_2,4.85,3.65,406,0.97,0.73,0.7081,0.8330588235294117
186,Sys_DiT_ref_3,4.85,3.65,406,0.97,0.73,0.7081,0.8330588235294117
186,User_DiT_1,5.0,4.0,406,1.0,0.8,0.8,0.888888888888889
186,User_DiT_2,5.0,4.0,406,1.0,0.8,0.8,0.888888888888889
186,User_DiT_3,5.0,3.0,406,1.0,0.6,0.6,0.7499999999999999
187,Sys_DiT_ref_1,4.85,4.62,406,0.97,0.924,0.89628,0.9464413938753959
187,Sys_DiT_ref_2,5.0,5.0,406,1.0,1.0,1.0,1.0
187,Sys_DiT_ref_3,3.85,3.62,406,0.77,0.724,0.55748,0.7462918340026774
187,User_DiT_1,3.33,5.0,406,0.666,1.0,0.666,0.7995198079231693
187,User_DiT_2,5.0,5.0,406,1.0,1.0,1.0,1.0
187,User_DiT_3,5.0,5.0,406,1.0,1.0,1.0,1.0
188,Sys_DiT_ref_1,4.82,4.15,406,0.9640000000000001,0.8300000000000001,0.8001200000000002,0.891995540691193
188,Sys_DiT_ref_2,4.85,3.2,406,0.97,0.64,0.6208,0.7711801242236026
188,Sys_DiT_ref_3,4.85,2.65,406,0.97,0.53,0.5141,0.6854666666666667
188,User_DiT_1,5.0,3.0,406,1.0,0.6,0.6,0.7499999999999999
188,User_DiT_2,5.0,3.0,406,1.0,0.6,0.6,0.7499999999999999
188,User_DiT_3,5.0,3.0,406,1.0,0.6,0.6,0.7499999999999999
189,Sys_DiT_ref_1,4.65,2.85,406,0.93,0.5700000000000001,0.5301000000000001,0.7068000000000002
189,Sys_DiT_ref_2,4.85,3.62,406,0.97,0.724,0.7022799999999999,0.8291381345926799
189,Sys_DiT_ref_3,4.85,2.65,406,0.97,0.53,0.5141,0.6854666666666667
189,User_DiT_1,5.0,3.0,406,1.0,0.6,0.6,0.7499999999999999
189,User_DiT_2,5.0,3.0,406,1.0,0.6,0.6,0.7499999999999999
189,User_DiT_3,5.0,3.0,406,1.0,0.6,0.6,0.7499999999999999
190,Sys_DiT_ref_1,3.85,2.65,413,0.77,0.53,0.4081,0.6278461538461538
190,Sys_DiT_ref_2,4.85,3.6,413,0.97,0.72,0.6983999999999999,0.8265088757396449
190,Sys_DiT_ref_3,3.45,2.85,413,0.6900000000000001,0.5700000000000001,0.3933000000000001,0.6242857142857143
190,User_DiT_1,3.33,3.0,413,0.666,0.6,0.3996,0.6312796208530805
190,User_DiT_2,3.33,3.0,413,0.666,0.6,0.3996,0.6312796208530805
190,User_DiT_3,3.33,4.0,413,0.666,0.8,0.5328,0.7268758526603001
191,Sys_DiT_ref_1,2.85,1.42,413,0.5700000000000001,0.284,0.16188,0.3791100702576112
191,Sys_DiT_ref_2,2.85,1.42,413,0.5700000000000001,0.284,0.16188,0.3791100702576112
191,Sys_DiT_ref_3,2.85,1.2,413,0.5700000000000001,0.24,0.1368,0.3377777777777778
191,User_DiT_1,3.12,1.0,413,0.624,0.2,0.12480000000000001,0.3029126213592233
191,User_DiT_2,3.57,1.0,413,0.714,0.2,0.1428,0.31247264770240707
191,User_DiT_3,3.57,1.0,413,0.714,0.2,0.1428,0.31247264770240707
192,Sys_DiT_ref_1,2.85,3.65,413,0.5700000000000001,0.73,0.4161,0.6401538461538462
192,Sys_DiT_ref_2,4.85,1.2,413,0.97,0.24,0.23279999999999998,0.384793388429752
192,Sys_DiT_ref_3,2.85,3.62,413,0.5700000000000001,0.724,0.41268000000000005,0.6378361669242659
192,User_DiT_1,2.78,4.0,413,0.5559999999999999,0.8,0.4448,0.656047197640118
192,User_DiT_2,5.0,4.0,413,1.0,0.8,0.8,0.888888888888889
192,User_DiT_3,5.0,3.0,413,1.0,0.6,0.6,0.7499999999999999
193,Sys_DiT_ref_1,4.85,2.15,413,0.97,0.43,0.41709999999999997,0.5958571428571429
193,Sys_DiT_ref_2,4.15,2.85,413,0.8300000000000001,0.5700000000000001,0.4731000000000001,0.6758571428571429
193,Sys_DiT_ref_3,4.85,2.15,413,0.97,0.43,0.41709999999999997,0.5958571428571429
193,User_DiT_1,5.0,3.0,413,1.0,0.6,0.6,0.7499999999999999
193,User_DiT_2,5.0,3.0,413,1.0,0.6,0.6,0.7499999999999999
193,User_DiT_3,5.0,3.0,413,1.0,0.6,0.6,0.7499999999999999
194,Sys_DiT_ref_1,0.15,1.2,413,0.03,0.24,0.0072,0.05333333333333333
194,Sys_DiT_ref_2,0.15,1.85,413,0.03,0.37,0.011099999999999999,0.055499999999999994
194,Sys_DiT_ref_3,0.82,1.15,413,0.16399999999999998,0.22999999999999998,0.03771999999999999,0.19147208121827408
194,User_DiT_1,0.0,2.0,413,0.0,0.4,0.0,0.0
194,User_DiT_2,0.0,1.0,413,0.0,0.2,0.0,0.0
194,User_DiT_3,0.56,2.0,413,0.11200000000000002,0.4,0.044800000000000006,0.17500000000000002
195,Sys_DiT_ref_1,2.85,1.92,415,0.5700000000000001,0.384,0.21888000000000002,0.4588679245283019
195,Sys_DiT_ref_2,3.85,1.5,415,0.77,0.3,0.23099999999999998,0.4317757009345794
195,Sys_DiT_ref_3,2.15,1.85,415,0.43,0.37,0.1591,0.39774999999999994
195,User_DiT_1,3.33,2.0,415,0.666,0.4,0.2664,0.499812382739212
195,User_DiT_2,1.67,2.0,415,0.33399999999999996,0.4,0.1336,0.3640326975476839
195,User_DiT_3,4.38,2.0,415,0.876,0.4,0.35040000000000004,0.5492163009404389
196,Sys_DiT_ref_1,4.15,2.85,415,0.8300000000000001,0.5700000000000001,0.4731000000000001,0.6758571428571429
196,Sys_DiT_ref_2,4.25,2.85,415,0.85,0.5700000000000001,0.48450000000000004,0.6823943661971832
196,Sys_DiT_ref_3,4.65,2.85,415,0.93,0.5700000000000001,0.5301000000000001,0.7068000000000002
196,User_DiT_1,3.89,3.0,415,0.778,0.6,0.4668,0.6775036284470246
196,User_DiT_2,3.89,3.0,415,0.778,0.6,0.4668,0.6775036284470246
196,User_DiT_3,3.89,3.0,415,0.778,0.6,0.4668,0.6775036284470246
197,Sys_DiT_ref_1,4.12,2.85,415,0.8240000000000001,0.5700000000000001,0.4696800000000001,0.6738593974175037
197,Sys_DiT_ref_2,3.85,2.45,415,0.77,0.49000000000000005,0.3773,0.5988888888888889
197,Sys_DiT_ref_3,2.85,1.92,415,0.5700000000000001,0.384,0.21888000000000002,0.4588679245283019
197,User_DiT_1,4.17,2.0,415,0.834,0.4,0.3336,0.5406807131280389
197,User_DiT_2,4.17,2.0,415,0.834,0.4,0.3336,0.5406807131280389
197,User_DiT_3,5.0,2.0,415,1.0,0.4,0.4,0.5714285714285715
198,Sys_DiT_ref_1,3.85,2.65,415,0.77,0.53,0.4081,0.6278461538461538
198,Sys_DiT_ref_2,3.85,2.65,415,0.77,0.53,0.4081,0.6278461538461538
198,Sys_DiT_ref_3,3.85,2.9,415,0.77,0.58,0.4466,0.6616296296296296
198,User_DiT_1,4.29,3.0,415,0.858,0.6,0.5147999999999999,0.7061728395061727
198,User_DiT_2,4.29,4.0,415,0.858,0.8,0.6864,0.8279855247285887
198,User_DiT_3,4.29,2.0,415,0.858,0.4,0.3432,0.5456279809220985
199,Sys_DiT_ref_1,1.25,2.85,415,0.25,0.5700000000000001,0.14250000000000002,0.34756097560975613
199,Sys_DiT_ref_2,1.85,2.4,415,0.37,0.48,0.17759999999999998,0.4178823529411764
199,Sys_DiT_ref_3,1.85,2.4,415,0.37,0.48,0.17759999999999998,0.4178823529411764
199,User_DiT_1,5.0,2.0,415,1.0,0.4,0.4,0.5714285714285715
199,User_DiT_2,1.67,2.0,415,0.33399999999999996,0.4,0.1336,0.3640326975476839
199,User_DiT_3,3.33,2.0,415,0.666,0.4,0.2664,0.499812382739212
200,Sys_DiT_ref_1,4.85,3.62,419,0.97,0.724,0.7022799999999999,0.8291381345926799
200,Sys_DiT_ref_2,4.85,3.75,419,0.97,0.75,0.7275,0.8459302325581396
200,Sys_DiT_ref_3,4.65,1.5,419,0.93,0.3,0.279,0.4536585365853659
200,User_DiT_1,5.0,4.0,419,1.0,0.8,0.8,0.888888888888889
200,User_DiT_2,5.0,4.0,419,1.0,0.8,0.8,0.888888888888889
200,User_DiT_3,5.0,2.0,419,1.0,0.4,0.4,0.5714285714285715
201,Sys_DiT_ref_1,3.82,2.15,419,0.764,0.43,0.32852,0.550284757118928
201,Sys_DiT_ref_2,3.85,2.15,419,0.77,0.43,0.3311,0.5518333333333334
201,Sys_DiT_ref_3,2.85,1.5,419,0.5700000000000001,0.3,0.171,0.3931034482758621
201,User_DiT_1,3.75,2.0,419,0.75,0.4,0.30000000000000004,0.5217391304347827
201,User_DiT_2,3.75,4.0,419,0.75,0.8,0.6000000000000001,0.7741935483870969
201,User_DiT_3,5.0,4.0,419,1.0,0.8,0.8,0.888888888888889
202,Sys_DiT_ref_1,1.25,1.85,419,0.25,0.37,0.0925,0.29838709677419356
202,Sys_DiT_ref_2,2.15,1.85,419,0.43,0.37,0.1591,0.39774999999999994
202,Sys_DiT_ref_3,0.15,0.85,419,0.03,0.16999999999999998,0.0050999999999999995,0.051
202,User_DiT_1,0.0,1.0,419,0.0,0.2,0.0,0.0
202,User_DiT_2,5.0,1.0,419,1.0,0.2,0.2,0.33333333333333337
202,User_DiT_3,0.0,2.0,419,0.0,0.4,0.0,0.0
203,Sys_DiT_ref_1,4.25,1.15,419,0.85,0.22999999999999998,0.19549999999999998,0.362037037037037
203,Sys_DiT_ref_2,2.15,1.2,419,0.43,0.24,0.1032,0.30805970149253736
203,Sys_DiT_ref_3,4.25,1.5,419,0.85,0.3,0.255,0.44347826086956527
203,User_DiT_1,2.86,1.0,419,0.572,0.2,0.1144,0.29637305699481864
203,User_DiT_2,5.0,2.0,419,1.0,0.4,0.4,0.5714285714285715
203,User_DiT_3,5.0,2.0,419,1.0,0.4,0.4,0.5714285714285715
204,Sys_DiT_ref_1,3.85,1.2,419,0.77,0.24,0.1848,0.36594059405940593
204,Sys_DiT_ref_2,4.85,3.72,419,0.97,0.744,0.72168,0.842100350058343
204,Sys_DiT_ref_3,4.85,4.2,419,0.97,0.8400000000000001,0.8148000000000001,0.9003314917127072
204,User_DiT_1,4.0,1.0,419,0.8,0.2,0.16000000000000003,0.32000000000000006
204,User_DiT_2,5.0,4.0,419,1.0,0.8,0.8,0.888888888888889
204,User_DiT_3,5.0,4.0,419,1.0,0.8,0.8,0.888888888888889
205,Sys_DiT_ref_1,3.85,1.2,421,0.77,0.24,0.1848,0.36594059405940593
205,Sys_DiT_ref_2,0.12,0.85,421,0.024,0.16999999999999998,0.004079999999999999,0.04206185567010309
205,Sys_DiT_ref_3,1.85,2.1,421,0.37,0.42000000000000004,0.1554,0.39341772151898735
205,User_DiT_1,2.78,2.0,421,0.5559999999999999,0.4,0.2224,0.46527196652719666
205,User_DiT_2,3.33,1.0,421,0.666,0.2,0.1332,0.30762124711316396
205,User_DiT_3,0.0,2.0,421,0.0,0.4,0.0,0.0
206,Sys_DiT_ref_1,4.85,3.62,421,0.97,0.724,0.7022799999999999,0.8291381345926799
206,Sys_DiT_ref_2,4.85,3.72,421,0.97,0.744,0.72168,0.842100350058343
206,Sys_DiT_ref_3,3.85,3.2,421,0.77,0.64,0.4928,0.6990070921985815
206,User_DiT_1,3.12,3.0,421,0.624,0.6,0.3744,0.611764705882353
206,User_DiT_2,3.12,2.0,421,0.624,0.4,0.24960000000000002,0.48750000000000004
206,User_DiT_3,5.0,3.0,421,1.0,0.6,0.6,0.7499999999999999
207,Sys_DiT_ref_1,3.85,2.15,421,0.77,0.43,0.3311,0.5518333333333334
207,Sys_DiT_ref_2,1.85,2.1,421,0.37,0.42000000000000004,0.1554,0.39341772151898735
207,Sys_DiT_ref_3,3.42,2.15,421,0.6839999999999999,0.43,0.29412,0.5280430879712747
207,User_DiT_1,3.12,3.0,421,0.624,0.6,0.3744,0.611764705882353
207,User_DiT_2,3.12,3.0,421,0.624,0.6,0.3744,0.611764705882353
207,User_DiT_3,5.0,3.0,421,1.0,0.6,0.6,0.7499999999999999
208,Sys_DiT_ref_1,4.85,2.1,421,0.97,0.42000000000000004,0.40740000000000004,0.5861870503597122
208,Sys_DiT_ref_2,4.65,2.85,421,0.93,0.5700000000000001,0.5301000000000001,0.7068000000000002
208,Sys_DiT_ref_3,4.65,2.85,421,0.93,0.5700000000000001,0.5301000000000001,0.7068000000000002
208,User_DiT_1,4.44,2.0,421,0.8880000000000001,0.4,0.35520000000000007,0.5515527950310559
208,User_DiT_2,5.0,2.0,421,1.0,0.4,0.4,0.5714285714285715
208,User_DiT_3,4.44,2.0,421,0.8880000000000001,0.4,0.35520000000000007,0.5515527950310559
209,Sys_DiT_ref_1,4.85,3.2,421,0.97,0.64,0.6208,0.7711801242236026
209,Sys_DiT_ref_2,3.42,2.15,421,0.6839999999999999,0.43,0.29412,0.5280430879712747
209,Sys_DiT_ref_3,4.85,3.6,421,0.97,0.72,0.6983999999999999,0.8265088757396449
209,User_DiT_1,5.0,4.0,421,1.0,0.8,0.8,0.888888888888889
209,User_DiT_2,5.0,3.0,421,1.0,0.6,0.6,0.7499999999999999
209,User_DiT_3,3.89,3.0,421,0.778,0.6,0.4668,0.6775036284470246
210,Sys_DiT_ref_1,3.85,2.65,426,0.77,0.53,0.4081,0.6278461538461538
210,Sys_DiT_ref_2,2.85,1.45,426,0.5700000000000001,0.29,0.1653,0.38441860465116273
210,Sys_DiT_ref_3,3.85,2.75,426,0.77,0.55,0.42350000000000004,0.6416666666666667
210,User_DiT_1,3.12,3.0,426,0.624,0.6,0.3744,0.611764705882353
210,User_DiT_2,3.75,3.0,426,0.75,0.6,0.44999999999999996,0.6666666666666665
210,User_DiT_3,3.75,2.0,426,0.75,0.4,0.30000000000000004,0.5217391304347827
211,Sys_DiT_ref_1,2.15,1.85,426,0.43,0.37,0.1591,0.39774999999999994
211,Sys_DiT_ref_2,2.85,1.65,426,0.5700000000000001,0.32999999999999996,0.1881,0.418
211,Sys_DiT_ref_3,2.85,1.42,426,0.5700000000000001,0.284,0.16188,0.3791100702576112
211,User_DiT_1,3.12,1.0,426,0.624,0.2,0.12480000000000001,0.3029126213592233
211,User_DiT_2,3.12,1.0,426,0.624,0.2,0.12480000000000001,0.3029126213592233
211,User_DiT_3,3.12,2.0,426,0.624,0.4,0.24960000000000002,0.48750000000000004
212,Sys_DiT_ref_1,3.15,2.85,426,0.63,0.5700000000000001,0.35910000000000003,0.5984999999999999
212,Sys_DiT_ref_2,3.15,2.85,426,0.63,0.5700000000000001,0.35910000000000003,0.5984999999999999
212,Sys_DiT_ref_3,2.85,1.92,426,0.5700000000000001,0.384,0.21888000000000002,0.4588679245283019
212,User_DiT_1,3.12,2.0,426,0.624,0.4,0.24960000000000002,0.48750000000000004
212,User_DiT_2,3.12,2.0,426,0.624,0.4,0.24960000000000002,0.48750000000000004
212,User_DiT_3,2.86,3.0,426,0.572,0.6,0.34319999999999995,0.5856655290102388
213,Sys_DiT_ref_1,2.85,1.65,426,0.5700000000000001,0.32999999999999996,0.1881,0.418
213,Sys_DiT_ref_2,2.85,1.65,426,0.5700000000000001,0.32999999999999996,0.1881,0.418
213,Sys_DiT_ref_3,3.45,3.82,426,0.6900000000000001,0.764,0.5271600000000001,0.7251169188445667
213,User_DiT_1,3.12,3.0,426,0.624,0.6,0.3744,0.611764705882353
213,User_DiT_2,3.12,3.0,426,0.624,0.6,0.3744,0.611764705882353
213,User_DiT_3,3.12,2.0,426,0.624,0.4,0.24960000000000002,0.48750000000000004
214,Sys_DiT_ref_1,2.15,1.85,426,0.43,0.37,0.1591,0.39774999999999994
214,Sys_DiT_ref_2,2.15,1.85,426,0.43,0.37,0.1591,0.39774999999999994
214,Sys_DiT_ref_3,2.85,1.2,426,0.5700000000000001,0.24,0.1368,0.3377777777777778
214,User_DiT_1,2.22,2.0,426,0.44400000000000006,0.4,0.17760000000000004,0.4208530805687204
214,User_DiT_2,2.22,1.0,426,0.44400000000000006,0.2,0.08880000000000002,0.27577639751552796
214,User_DiT_3,2.22,1.0,426,0.44400000000000006,0.2,0.08880000000000002,0.27577639751552796
215,Sys_DiT_ref_1,4.92,3.85,429,0.984,0.77,0.75768,0.863945267958951
215,Sys_DiT_ref_2,4.85,3.72,429,0.97,0.744,0.72168,0.842100350058343
215,Sys_DiT_ref_3,4.85,3.72,429,0.97,0.744,0.72168,0.842100350058343
215,User_DiT_1,5.0,4.0,429,1.0,0.8,0.8,0.888888888888889
215,User_DiT_2,5.0,4.0,429,1.0,0.8,0.8,0.888888888888889
215,User_DiT_3,5.0,4.0,429,1.0,0.8,0.8,0.888888888888889
216,Sys_DiT_ref_1,4.85,3.2,429,0.97,0.64,0.6208,0.7711801242236026
216,Sys_DiT_ref_2,5.0,5.0,429,1.0,1.0,1.0,1.0
216,Sys_DiT_ref_3,5.0,5.0,429,1.0,1.0,1.0,1.0
216,User_DiT_1,5.0,5.0,429,1.0,1.0,1.0,1.0
216,User_DiT_2,5.0,5.0,429,1.0,1.0,1.0,1.0
216,User_DiT_3,5.0,3.0,429,1.0,0.6,0.6,0.7499999999999999
217,Sys_DiT_ref_1,5.0,5.0,429,1.0,1.0,1.0,1.0
217,Sys_DiT_ref_2,5.0,5.0,429,1.0,1.0,1.0,1.0
217,Sys_DiT_ref_3,4.85,4.62,429,0.97,0.924,0.89628,0.9464413938753959
217,User_DiT_1,0.0,5.0,429,0.0,1.0,0.0,0.0
217,User_DiT_2,0.0,5.0,429,0.0,1.0,0.0,0.0
217,User_DiT_3,0.0,5.0,429,0.0,1.0,0.0,0.0
218,Sys_DiT_ref_1,4.85,4.92,429,0.97,0.984,0.95448,0.976949846468782
218,Sys_DiT_ref_2,4.65,1.5,429,0.93,0.3,0.279,0.4536585365853659
218,Sys_DiT_ref_3,5.0,4.95,429,1.0,0.99,0.99,0.9949748743718593
218,User_DiT_1,5.0,5.0,429,1.0,1.0,1.0,1.0
218,User_DiT_2,5.0,2.0,429,1.0,0.4,0.4,0.5714285714285715
218,User_DiT_3,5.0,5.0,429,1.0,1.0,1.0,1.0
219,Sys_DiT_ref_1,5.0,4.95,429,1.0,0.99,0.99,0.9949748743718593
219,Sys_DiT_ref_2,4.95,4.98,429,0.99,0.9960000000000001,0.9860400000000001,0.9929909365558913
219,Sys_DiT_ref_3,4.85,4.62,429,0.97,0.924,0.89628,0.9464413938753959
219,User_DiT_1,5.0,5.0,429,1.0,1.0,1.0,1.0
219,User_DiT_2,5.0,4.0,429,1.0,0.8,0.8,0.888888888888889
219,User_DiT_3,5.0,5.0,429,1.0,1.0,1.0,1.0
220,Sys_DiT_ref_1,4.85,1.2,432,0.97,0.24,0.23279999999999998,0.384793388429752
220,Sys_DiT_ref_2,4.65,1.5,432,0.93,0.3,0.279,0.4536585365853659
220,Sys_DiT_ref_3,3.85,2.15,432,0.77,0.43,0.3311,0.5518333333333334
220,User_DiT_1,5.0,1.0,432,1.0,0.2,0.2,0.33333333333333337
220,User_DiT_2,5.0,2.0,432,1.0,0.4,0.4,0.5714285714285715
220,User_DiT_3,4.38,2.0,432,0.876,0.4,0.35040000000000004,0.5492163009404389
221,Sys_DiT_ref_1,4.85,1.65,432,0.97,0.32999999999999996,0.32009999999999994,0.49246153846153845
221,Sys_DiT_ref_2,4.85,2.1,432,0.97,0.42000000000000004,0.40740000000000004,0.5861870503597122
221,Sys_DiT_ref_3,4.65,1.85,432,0.93,0.37,0.3441,0.5293846153846153
221,User_DiT_1,5.0,2.0,432,1.0,0.4,0.4,0.5714285714285715
221,User_DiT_2,5.0,3.0,432,1.0,0.6,0.6,0.7499999999999999
221,User_DiT_3,5.0,3.0,432,1.0,0.6,0.6,0.7499999999999999
222,Sys_DiT_ref_1,1.25,2.1,432,0.25,0.42000000000000004,0.10500000000000001,0.31343283582089554
222,Sys_DiT_ref_2,1.85,2.1,432,0.37,0.42000000000000004,0.1554,0.39341772151898735
222,Sys_DiT_ref_3,1.85,2.45,432,0.37,0.49000000000000005,0.18130000000000002,0.4216279069767442
222,User_DiT_1,4.38,3.0,432,0.876,0.6,0.5256,0.7121951219512195
222,User_DiT_2,4.38,2.0,432,0.876,0.4,0.35040000000000004,0.5492163009404389
222,User_DiT_3,4.38,2.0,432,0.876,0.4,0.35040000000000004,0.5492163009404389
223,Sys_DiT_ref_1,1.85,2.1,432,0.37,0.42000000000000004,0.1554,0.39341772151898735
223,Sys_DiT_ref_2,0.82,1.15,432,0.16399999999999998,0.22999999999999998,0.03771999999999999,0.19147208121827408
223,Sys_DiT_ref_3,0.85,1.2,432,0.16999999999999998,0.24,0.040799999999999996,0.19902439024390242
223,User_DiT_1,0.56,1.0,432,0.11200000000000002,0.2,0.022400000000000003,0.14358974358974358
223,User_DiT_2,0.56,1.0,432,0.11200000000000002,0.2,0.022400000000000003,0.14358974358974358
223,User_DiT_3,3.12,1.0,432,0.624,0.2,0.12480000000000001,0.3029126213592233
224,Sys_DiT_ref_1,4.12,1.5,432,0.8240000000000001,0.3,0.2472,0.43985765124555154
224,Sys_DiT_ref_2,4.85,2.15,432,0.97,0.43,0.41709999999999997,0.5958571428571429
224,Sys_DiT_ref_3,4.12,2.85,432,0.8240000000000001,0.5700000000000001,0.4696800000000001,0.6738593974175037
224,User_DiT_1,3.33,2.0,432,0.666,0.4,0.2664,0.499812382739212
224,User_DiT_2,4.29,2.0,432,0.858,0.4,0.3432,0.5456279809220985
224,User_DiT_3,3.33,3.0,432,0.666,0.6,0.3996,0.6312796208530805
225,Sys_DiT_ref_1,4.65,3.85,443,0.93,0.77,0.7161000000000001,0.8424705882352941
225,Sys_DiT_ref_2,4.85,3.6,443,0.97,0.72,0.6983999999999999,0.8265088757396449
225,Sys_DiT_ref_3,4.85,3.2,443,0.97,0.64,0.6208,0.7711801242236026
225,User_DiT_1,5.0,4.0,443,1.0,0.8,0.8,0.888888888888889
225,User_DiT_2,5.0,4.0,443,1.0,0.8,0.8,0.888888888888889
225,User_DiT_3,5.0,3.0,443,1.0,0.6,0.6,0.7499999999999999
226,Sys_DiT_ref_1,4.65,3.85,443,0.93,0.77,0.7161000000000001,0.8424705882352941
226,Sys_DiT_ref_2,4.65,3.85,443,0.93,0.77,0.7161000000000001,0.8424705882352941
226,Sys_DiT_ref_3,4.85,3.2,443,0.97,0.64,0.6208,0.7711801242236026
226,User_DiT_1,4.44,3.0,443,0.8880000000000001,0.6,0.5328,0.7161290322580646
226,User_DiT_2,4.44,4.0,443,0.8880000000000001,0.8,0.7104000000000001,0.8417061611374408
226,User_DiT_3,4.44,4.0,443,0.8880000000000001,0.8,0.7104000000000001,0.8417061611374408
227,Sys_DiT_ref_1,5.0,5.0,443,1.0,1.0,1.0,1.0
227,Sys_DiT_ref_2,5.0,5.0,443,1.0,1.0,1.0,1.0
227,Sys_DiT_ref_3,4.92,3.65,443,0.984,0.73,0.71832,0.8381796966161027
227,User_DiT_1,4.44,5.0,443,0.8880000000000001,1.0,0.8880000000000001,0.940677966101695
227,User_DiT_2,4.44,5.0,443,0.8880000000000001,1.0,0.8880000000000001,0.940677966101695
227,User_DiT_3,4.44,4.0,443,0.8880000000000001,0.8,0.7104000000000001,0.8417061611374408
228,Sys_DiT_ref_1,1.82,1.15,443,0.364,0.22999999999999998,0.08371999999999999,0.28188552188552185
228,Sys_DiT_ref_2,1.85,1.2,443,0.37,0.24,0.08879999999999999,0.2911475409836065
228,Sys_DiT_ref_3,1.85,1.2,443,0.37,0.24,0.08879999999999999,0.2911475409836065
228,User_DiT_1,1.67,1.0,443,0.33399999999999996,0.2,0.0668,0.250187265917603
228,User_DiT_2,1.67,1.0,443,0.33399999999999996,0.2,0.0668,0.250187265917603
228,User_DiT_3,1.67,1.0,443,0.33399999999999996,0.2,0.0668,0.250187265917603
229,Sys_DiT_ref_1,4.92,4.95,443,0.984,0.99,0.97416,0.9869908814589666
229,Sys_DiT_ref_2,4.15,2.85,443,0.8300000000000001,0.5700000000000001,0.4731000000000001,0.6758571428571429
229,Sys_DiT_ref_3,4.85,4.15,443,0.97,0.8300000000000001,0.8051,0.8945555555555555
229,User_DiT_1,0.0,4.0,443,0.0,0.8,0.0,0.0
229,User_DiT_2,4.38,5.0,443,0.876,1.0,0.876,0.933901918976546
229,User_DiT_3,4.38,4.0,443,0.876,0.8,0.7008000000000001,0.8362768496420048
230,Sys_DiT_ref_1,1.85,1.2,446,0.37,0.24,0.08879999999999999,0.2911475409836065
230,Sys_DiT_ref_2,4.15,2.85,446,0.8300000000000001,0.5700000000000001,0.4731000000000001,0.6758571428571429
230,Sys_DiT_ref_3,4.65,2.85,446,0.93,0.5700000000000001,0.5301000000000001,0.7068000000000002
230,User_DiT_1,3.12,3.0,446,0.624,0.6,0.3744,0.611764705882353
230,User_DiT_2,3.12,1.0,446,0.624,0.2,0.12480000000000001,0.3029126213592233
230,User_DiT_3,4.38,3.0,446,0.876,0.6,0.5256,0.7121951219512195
231,Sys_DiT_ref_1,3.82,2.15,446,0.764,0.43,0.32852,0.550284757118928
231,Sys_DiT_ref_2,4.12,2.85,446,0.8240000000000001,0.5700000000000001,0.4696800000000001,0.6738593974175037
231,Sys_DiT_ref_3,4.12,2.85,446,0.8240000000000001,0.5700000000000001,0.4696800000000001,0.6738593974175037
231,User_DiT_1,4.29,3.0,446,0.858,0.6,0.5147999999999999,0.7061728395061727
231,User_DiT_2,4.29,3.0,446,0.858,0.6,0.5147999999999999,0.7061728395061727
231,User_DiT_3,5.0,3.0,446,1.0,0.6,0.6,0.7499999999999999
232,Sys_DiT_ref_1,0.85,3.62,446,0.16999999999999998,0.724,0.12307999999999998,0.2753467561521253
232,Sys_DiT_ref_2,0.85,3.42,446,0.16999999999999998,0.6839999999999999,0.11627999999999998,0.2723185011709602
232,Sys_DiT_ref_3,0.15,2.85,446,0.03,0.5700000000000001,0.0171,0.056999999999999995
232,User_DiT_1,1.11,3.0,446,0.22200000000000003,0.6,0.1332,0.32408759124087594
232,User_DiT_2,1.11,4.0,446,0.22200000000000003,0.8,0.17760000000000004,0.3475538160469668
232,User_DiT_3,1.11,4.0,446,0.22200000000000003,0.8,0.17760000000000004,0.3475538160469668
233,Sys_DiT_ref_1,4.85,2.15,446,0.97,0.43,0.41709999999999997,0.5958571428571429
233,Sys_DiT_ref_2,4.85,3.2,446,0.97,0.64,0.6208,0.7711801242236026
233,Sys_DiT_ref_3,4.85,1.65,446,0.97,0.32999999999999996,0.32009999999999994,0.49246153846153845
233,User_DiT_1,5.0,3.0,446,1.0,0.6,0.6,0.7499999999999999
233,User_DiT_2,5.0,2.0,446,1.0,0.4,0.4,0.5714285714285715
233,User_DiT_3,5.0,2.0,446,1.0,0.4,0.4,0.5714285714285715
234,Sys_DiT_ref_1,4.85,3.72,446,0.97,0.744,0.72168,0.842100350058343
234,Sys_DiT_ref_2,4.15,1.85,446,0.8300000000000001,0.37,0.30710000000000004,0.5118333333333334
234,Sys_DiT_ref_3,3.85,1.65,446,0.77,0.32999999999999996,0.2541,0.46199999999999997
234,User_DiT_1,3.75,3.0,446,0.75,0.6,0.44999999999999996,0.6666666666666665
234,User_DiT_2,5.0,2.0,446,1.0,0.4,0.4,0.5714285714285715
234,User_DiT_3,5.0,3.0,446,1.0,0.6,0.6,0.7499999999999999
235,Sys_DiT_ref_1,2.85,1.42,453,0.5700000000000001,0.284,0.16188,0.3791100702576112
235,Sys_DiT_ref_2,1.85,1.65,453,0.37,0.32999999999999996,0.12209999999999999,0.34885714285714287
235,Sys_DiT_ref_3,1.85,2.4,453,0.37,0.48,0.17759999999999998,0.4178823529411764
235,User_DiT_1,1.88,2.0,453,0.376,0.4,0.1504,0.38762886597938145
235,User_DiT_2,2.5,2.0,453,0.5,0.4,0.2,0.4444444444444445
235,User_DiT_3,2.5,2.0,453,0.5,0.4,0.2,0.4444444444444445
236,Sys_DiT_ref_1,4.85,3.75,453,0.97,0.75,0.7275,0.8459302325581396
236,Sys_DiT_ref_2,4.85,2.15,453,0.97,0.43,0.41709999999999997,0.5958571428571429
236,Sys_DiT_ref_3,4.85,3.62,453,0.97,0.724,0.7022799999999999,0.8291381345926799
236,User_DiT_1,4.38,2.0,453,0.876,0.4,0.35040000000000004,0.5492163009404389
236,User_DiT_2,4.38,4.0,453,0.876,0.8,0.7008000000000001,0.8362768496420048
236,User_DiT_3,4.38,2.0,453,0.876,0.4,0.35040000000000004,0.5492163009404389
237,Sys_DiT_ref_1,4.65,3.82,453,0.93,0.764,0.71052,0.8388665879574971
237,Sys_DiT_ref_2,4.85,3.72,453,0.97,0.744,0.72168,0.842100350058343
237,Sys_DiT_ref_3,4.65,3.85,453,0.93,0.77,0.7161000000000001,0.8424705882352941
237,User_DiT_1,4.38,4.0,453,0.876,0.8,0.7008000000000001,0.8362768496420048
237,User_DiT_2,5.0,4.0,453,1.0,0.8,0.8,0.888888888888889
237,User_DiT_3,5.0,3.0,453,1.0,0.6,0.6,0.7499999999999999
238,Sys_DiT_ref_1,4.65,2.85,453,0.93,0.5700000000000001,0.5301000000000001,0.7068000000000002
238,Sys_DiT_ref_2,1.25,0.85,453,0.25,0.16999999999999998,0.042499999999999996,0.20238095238095238
238,Sys_DiT_ref_3,1.85,1.42,453,0.37,0.284,0.10507999999999999,0.3213455657492355
238,User_DiT_1,5.0,2.0,453,1.0,0.4,0.4,0.5714285714285715
238,User_DiT_2,1.25,2.0,453,0.25,0.4,0.1,0.3076923076923077
238,User_DiT_3,1.25,2.0,453,0.25,0.4,0.1,0.3076923076923077
239,Sys_DiT_ref_1,1.25,1.8,453,0.25,0.36,0.09,0.29508196721311475
239,Sys_DiT_ref_2,1.25,0.85,453,0.25,0.16999999999999998,0.042499999999999996,0.20238095238095238
239,Sys_DiT_ref_3,1.85,1.65,453,0.37,0.32999999999999996,0.12209999999999999,0.34885714285714287
239,User_DiT_1,1.25,1.0,453,0.25,0.2,0.05,0.22222222222222224
239,User_DiT_2,1.25,1.0,453,0.25,0.2,0.05,0.22222222222222224
239,User_DiT_3,0.62,2.0,453,0.124,0.4,0.049600000000000005,0.18931297709923664
240,Sys_DiT_ref_1,4.95,4.92,461,0.99,0.984,0.97416,0.9869908814589666
240,Sys_DiT_ref_2,5.0,5.0,461,1.0,1.0,1.0,1.0
240,Sys_DiT_ref_3,4.85,4.92,461,0.97,0.984,0.95448,0.976949846468782
240,User_DiT_1,5.0,5.0,461,1.0,1.0,1.0,1.0
240,User_DiT_2,5.0,5.0,461,1.0,1.0,1.0,1.0
240,User_DiT_3,5.0,5.0,461,1.0,1.0,1.0,1.0
241,Sys_DiT_ref_1,4.85,3.75,461,0.97,0.75,0.7275,0.8459302325581396
241,Sys_DiT_ref_2,4.85,3.65,461,0.97,0.73,0.7081,0.8330588235294117
241,Sys_DiT_ref_3,4.12,3.65,461,0.8240000000000001,0.73,0.60152,0.7741570141570142
241,User_DiT_1,4.44,4.0,461,0.8880000000000001,0.8,0.7104000000000001,0.8417061611374408
241,User_DiT_2,3.89,4.0,461,0.778,0.8,0.6224000000000001,0.7888466413181242
241,User_DiT_3,4.44,4.0,461,0.8880000000000001,0.8,0.7104000000000001,0.8417061611374408
242,Sys_DiT_ref_1,4.65,3.82,461,0.93,0.764,0.71052,0.8388665879574971
242,Sys_DiT_ref_2,4.65,3.85,461,0.93,0.77,0.7161000000000001,0.8424705882352941
242,Sys_DiT_ref_3,4.85,3.92,461,0.97,0.784,0.76048,0.8671379703534778
242,User_DiT_1,5.0,4.0,461,1.0,0.8,0.8,0.888888888888889
242,User_DiT_2,5.0,4.0,461,1.0,0.8,0.8,0.888888888888889
242,User_DiT_3,5.0,4.0,461,1.0,0.8,0.8,0.888888888888889
243,Sys_DiT_ref_1,4.85,4.92,461,0.97,0.984,0.95448,0.976949846468782
243,Sys_DiT_ref_2,4.85,4.72,461,0.97,0.944,0.9156799999999999,0.9568234064785789
243,Sys_DiT_ref_3,4.85,4.92,461,0.97,0.984,0.95448,0.976949846468782
243,User_DiT_1,4.44,5.0,461,0.8880000000000001,1.0,0.8880000000000001,0.940677966101695
243,User_DiT_2,4.44,4.0,461,0.8880000000000001,0.8,0.7104000000000001,0.8417061611374408
243,User_DiT_3,4.44,5.0,461,0.8880000000000001,1.0,0.8880000000000001,0.940677966101695
244,Sys_DiT_ref_1,4.65,3.85,461,0.93,0.77,0.7161000000000001,0.8424705882352941
244,Sys_DiT_ref_2,4.15,3.85,461,0.8300000000000001,0.77,0.6391000000000001,0.7988750000000001
244,Sys_DiT_ref_3,3.45,2.85,461,0.6900000000000001,0.5700000000000001,0.3933000000000001,0.6242857142857143
244,User_DiT_1,3.89,4.0,461,0.778,0.8,0.6224000000000001,0.7888466413181242
244,User_DiT_2,3.33,4.0,461,0.666,0.8,0.5328,0.7268758526603001
244,User_DiT_3,4.44,5.0,461,0.8880000000000001,1.0,0.8880000000000001,0.940677966101695
245,Sys_DiT_ref_1,3.85,2.15,477,0.77,0.43,0.3311,0.5518333333333334
245,Sys_DiT_ref_2,3.82,1.65,477,0.764,0.32999999999999996,0.25211999999999996,0.4609140767824497
245,Sys_DiT_ref_3,4.15,2.85,477,0.8300000000000001,0.5700000000000001,0.4731000000000001,0.6758571428571429
245,User_DiT_1,4.44,3.0,477,0.8880000000000001,0.6,0.5328,0.7161290322580646
245,User_DiT_2,4.44,3.0,477,0.8880000000000001,0.6,0.5328,0.7161290322580646
245,User_DiT_3,4.44,3.0,477,0.8880000000000001,0.6,0.5328,0.7161290322580646
246,Sys_DiT_ref_1,1.85,2.4,477,0.37,0.48,0.17759999999999998,0.4178823529411764
246,Sys_DiT_ref_2,0.85,2.15,477,0.16999999999999998,0.43,0.0731,0.24366666666666667
246,Sys_DiT_ref_3,1.85,2.9,477,0.37,0.58,0.21459999999999999,0.4517894736842105
246,User_DiT_1,0.0,3.0,477,0.0,0.6,0.0,0.0
246,User_DiT_2,1.67,2.0,477,0.33399999999999996,0.4,0.1336,0.3640326975476839
246,User_DiT_3,0.0,2.0,477,0.0,0.4,0.0,0.0
247,Sys_DiT_ref_1,1.85,2.4,477,0.37,0.48,0.17759999999999998,0.4178823529411764
247,Sys_DiT_ref_2,1.85,2.4,477,0.37,0.48,0.17759999999999998,0.4178823529411764
247,Sys_DiT_ref_3,0.85,1.2,477,0.16999999999999998,0.24,0.040799999999999996,0.19902439024390242
247,User_DiT_1,2.22,1.0,477,0.44400000000000006,0.2,0.08880000000000002,0.27577639751552796
247,User_DiT_2,2.22,1.0,477,0.44400000000000006,0.2,0.08880000000000002,0.27577639751552796
247,User_DiT_3,2.78,1.0,477,0.5559999999999999,0.2,0.1112,0.29417989417989415
248,Sys_DiT_ref_1,0.0,1.85,477,0.0,0.37,0.0,0.0
248,Sys_DiT_ref_2,0.0,2.85,477,0.0,0.5700000000000001,0.0,0.0
248,Sys_DiT_ref_3,0.12,2.85,477,0.024,0.5700000000000001,0.013680000000000001,0.04606060606060606
248,User_DiT_1,0.56,3.0,477,0.11200000000000002,0.6,0.06720000000000001,0.18876404494382026
248,User_DiT_2,0.0,2.0,477,0.0,0.4,0.0,0.0
248,User_DiT_3,0.56,2.0,477,0.11200000000000002,0.4,0.044800000000000006,0.17500000000000002
249,Sys_DiT_ref_1,1.85,3.62,477,0.37,0.724,0.26788,0.48972577696526515
249,Sys_DiT_ref_2,0.85,3.42,477,0.16999999999999998,0.6839999999999999,0.11627999999999998,0.2723185011709602
249,Sys_DiT_ref_3,0.85,2.1,477,0.16999999999999998,0.42000000000000004,0.0714,0.24203389830508473
249,User_DiT_1,1.88,4.0,477,0.376,0.8,0.3008,0.5115646258503401
249,User_DiT_2,1.88,4.0,477,0.376,0.8,0.3008,0.5115646258503401
249,User_DiT_3,1.88,2.0,477,0.376,0.4,0.1504,0.38762886597938145
250,Sys_DiT_ref_1,1.15,2.85,479,0.22999999999999998,0.5700000000000001,0.1311,0.32775
250,Sys_DiT_ref_2,1.85,2.1,479,0.37,0.42000000000000004,0.1554,0.39341772151898735
250,Sys_DiT_ref_3,1.85,1.2,479,0.37,0.24,0.08879999999999999,0.2911475409836065
250,User_DiT_1,1.11,2.0,479,0.22200000000000003,0.4,0.08880000000000002,0.28553054662379423
250,User_DiT_2,2.22,2.0,479,0.44400000000000006,0.4,0.17760000000000004,0.4208530805687204
250,User_DiT_3,2.22,1.0,479,0.44400000000000006,0.2,0.08880000000000002,0.27577639751552796
251,Sys_DiT_ref_1,4.12,2.85,479,0.8240000000000001,0.5700000000000001,0.4696800000000001,0.6738593974175037
251,Sys_DiT_ref_2,3.42,3.85,479,0.6839999999999999,0.77,0.5266799999999999,0.7244566712517193
251,Sys_DiT_ref_3,4.15,3.65,479,0.8300000000000001,0.73,0.6059,0.7767948717948717
251,User_DiT_1,3.12,4.0,479,0.624,0.8,0.49920000000000003,0.7011235955056181
251,User_DiT_2,3.75,2.0,479,0.75,0.4,0.30000000000000004,0.5217391304347827
251,User_DiT_3,3.12,3.0,479,0.624,0.6,0.3744,0.611764705882353
252,Sys_DiT_ref_1,0.0,0.0,479,0.0,0.0,0.0,0.0
252,Sys_DiT_ref_2,0.12,0.05,479,0.024,0.01,0.00024,0.014117647058823528
252,Sys_DiT_ref_3,0.0,0.0,479,0.0,0.0,0.0,0.0
252,User_DiT_1,0.56,0.0,479,0.11200000000000002,0.0,0.0,0.0
252,User_DiT_2,0.56,0.0,479,0.11200000000000002,0.0,0.0,0.0
252,User_DiT_3,0.0,1.0,479,0.0,0.2,0.0,0.0
253,Sys_DiT_ref_1,4.85,4.2,479,0.97,0.8400000000000001,0.8148000000000001,0.9003314917127072
253,Sys_DiT_ref_2,4.65,2.85,479,0.93,0.5700000000000001,0.5301000000000001,0.7068000000000002
253,Sys_DiT_ref_3,4.65,3.85,479,0.93,0.77,0.7161000000000001,0.8424705882352941
253,User_DiT_1,0.0,5.0,479,0.0,1.0,0.0,0.0
253,User_DiT_2,0.0,4.0,479,0.0,0.8,0.0,0.0
253,User_DiT_3,0.0,5.0,479,0.0,1.0,0.0,0.0
254,Sys_DiT_ref_1,4.15,3.85,479,0.8300000000000001,0.77,0.6391000000000001,0.7988750000000001
254,Sys_DiT_ref_2,4.85,3.65,479,0.97,0.73,0.7081,0.8330588235294117
254,Sys_DiT_ref_3,4.15,2.85,479,0.8300000000000001,0.5700000000000001,0.4731000000000001,0.6758571428571429
254,User_DiT_1,3.75,4.0,479,0.75,0.8,0.6000000000000001,0.7741935483870969
254,User_DiT_2,3.75,4.0,479,0.75,0.8,0.6000000000000001,0.7741935483870969
254,User_DiT_3,3.75,3.0,479,0.75,0.6,0.44999999999999996,0.6666666666666665
255,Sys_DiT_ref_1,0.0,0.0,481,0.0,0.0,0.0,0.0
255,Sys_DiT_ref_2,0.0,1.0,481,0.0,0.2,0.0,0.0
255,Sys_DiT_ref_3,0.0,1.0,481,0.0,0.2,0.0,0.0
255,User_DiT_1,0.0,1.0,481,0.0,0.2,0.0,0.0
255,User_DiT_2,0.0,1.0,481,0.0,0.2,0.0,0.0
255,User_DiT_3,0.0,1.0,481,0.0,0.2,0.0,0.0
256,Sys_DiT_ref_1,1.85,1.2,481,0.37,0.24,0.08879999999999999,0.2911475409836065
256,Sys_DiT_ref_2,2.15,1.85,481,0.43,0.37,0.1591,0.39774999999999994
256,Sys_DiT_ref_3,2.85,1.9,481,0.5700000000000001,0.38,0.21660000000000001,0.456
256,User_DiT_1,2.78,2.0,481,0.5559999999999999,0.4,0.2224,0.46527196652719666
256,User_DiT_2,1.67,2.0,481,0.33399999999999996,0.4,0.1336,0.3640326975476839
256,User_DiT_3,2.5,2.0,481,0.5,0.4,0.2,0.4444444444444445
257,Sys_DiT_ref_1,3.85,2.15,481,0.77,0.43,0.3311,0.5518333333333334
257,Sys_DiT_ref_2,3.85,1.92,481,0.77,0.384,0.29568,0.5124436741767765
257,Sys_DiT_ref_3,4.85,2.15,481,0.97,0.43,0.41709999999999997,0.5958571428571429
257,User_DiT_1,3.12,4.0,481,0.624,0.8,0.49920000000000003,0.7011235955056181
257,User_DiT_2,3.89,4.0,481,0.778,0.8,0.6224000000000001,0.7888466413181242
257,User_DiT_3,3.89,4.0,481,0.778,0.8,0.6224000000000001,0.7888466413181242
258,Sys_DiT_ref_1,0.82,0.95,481,0.16399999999999998,0.19,0.031159999999999997,0.17604519774011299
258,Sys_DiT_ref_2,0.85,1.2,481,0.16999999999999998,0.24,0.040799999999999996,0.19902439024390242
258,Sys_DiT_ref_3,1.85,1.2,481,0.37,0.24,0.08879999999999999,0.2911475409836065
258,User_DiT_1,1.67,1.0,481,0.33399999999999996,0.2,0.0668,0.250187265917603
258,User_DiT_2,1.67,1.0,481,0.33399999999999996,0.2,0.0668,0.250187265917603
258,User_DiT_3,0.56,1.0,481,0.11200000000000002,0.2,0.022400000000000003,0.14358974358974358
259,Sys_DiT_ref_1,4.12,2.85,481,0.8240000000000001,0.5700000000000001,0.4696800000000001,0.6738593974175037
259,Sys_DiT_ref_2,4.15,2.85,481,0.8300000000000001,0.5700000000000001,0.4731000000000001,0.6758571428571429
259,Sys_DiT_ref_3,4.35,3.82,481,0.8699999999999999,0.764,0.6646799999999999,0.8135618115055079
259,User_DiT_1,4.44,4.0,481,0.8880000000000001,0.8,0.7104000000000001,0.8417061611374408
259,User_DiT_2,4.44,3.0,481,0.8880000000000001,0.6,0.5328,0.7161290322580646
259,User_DiT_3,3.89,4.0,481,0.778,0.8,0.6224000000000001,0.7888466413181242
260,Sys_DiT_ref_1,4.92,4.85,488,0.984,0.97,0.95448,0.976949846468782
260,Sys_DiT_ref_2,4.92,4.85,488,0.984,0.97,0.95448,0.976949846468782
260,Sys_DiT_ref_3,4.12,2.85,488,0.8240000000000001,0.5700000000000001,0.4696800000000001,0.6738593974175037
260,User_DiT_1,5.0,5.0,488,1.0,1.0,1.0,1.0
260,User_DiT_2,4.29,3.0,488,0.858,0.6,0.5147999999999999,0.7061728395061727
260,User_DiT_3,5.0,4.0,488,1.0,0.8,0.8,0.888888888888889
261,Sys_DiT_ref_1,4.65,3.85,488,0.93,0.77,0.7161000000000001,0.8424705882352941
261,Sys_DiT_ref_2,4.65,3.85,488,0.93,0.77,0.7161000000000001,0.8424705882352941
261,Sys_DiT_ref_3,4.85,4.62,488,0.97,0.924,0.89628,0.9464413938753959
261,User_DiT_1,5.0,5.0,488,1.0,1.0,1.0,1.0
261,User_DiT_2,5.0,4.0,488,1.0,0.8,0.8,0.888888888888889
261,User_DiT_3,5.0,4.0,488,1.0,0.8,0.8,0.888888888888889
262,Sys_DiT_ref_1,4.98,4.95,488,0.9960000000000001,0.99,0.9860400000000001,0.9929909365558913
262,Sys_DiT_ref_2,4.85,3.75,488,0.97,0.75,0.7275,0.8459302325581396
262,Sys_DiT_ref_3,4.65,3.85,488,0.93,0.77,0.7161000000000001,0.8424705882352941
262,User_DiT_1,5.0,5.0,488,1.0,1.0,1.0,1.0
262,User_DiT_2,5.0,5.0,488,1.0,1.0,1.0,1.0
262,User_DiT_3,5.0,5.0,488,1.0,1.0,1.0,1.0
263,Sys_DiT_ref_1,4.72,3.85,488,0.944,0.77,0.72688,0.8481680280046674
263,Sys_DiT_ref_2,1.25,1.1,488,0.25,0.22000000000000003,0.05500000000000001,0.23404255319148937
263,Sys_DiT_ref_3,1.85,1.2,488,0.37,0.24,0.08879999999999999,0.2911475409836065
263,User_DiT_1,1.43,1.0,488,0.286,0.2,0.0572,0.23539094650205764
263,User_DiT_2,5.0,4.0,488,1.0,0.8,0.8,0.888888888888889
263,User_DiT_3,1.43,1.0,488,0.286,0.2,0.0572,0.23539094650205764
264,Sys_DiT_ref_1,4.25,3.85,488,0.85,0.77,0.6545,0.8080246913580246
264,Sys_DiT_ref_2,4.25,3.8,488,0.85,0.76,0.646,0.8024844720496895
264,Sys_DiT_ref_3,4.25,3.85,488,0.85,0.77,0.6545,0.8080246913580246
264,User_DiT_1,4.38,3.0,488,0.876,0.6,0.5256,0.7121951219512195
264,User_DiT_2,4.38,4.0,488,0.876,0.8,0.7008000000000001,0.8362768496420048
264,User_DiT_3,4.38,4.0,488,0.876,0.8,0.7008000000000001,0.8362768496420048
265,Sys_DiT_ref_1,2.85,2.4,499,0.5700000000000001,0.48,0.2736,0.5211428571428571
265,Sys_DiT_ref_2,1.85,1.2,499,0.37,0.24,0.08879999999999999,0.2911475409836065
265,Sys_DiT_ref_3,2.85,3.6,499,0.5700000000000001,0.72,0.41040000000000004,0.6362790697674419
265,User_DiT_1,0.0,4.0,499,0.0,0.8,0.0,0.0
265,User_DiT_2,3.57,4.0,499,0.714,0.8,0.5712,0.7545574636723911
265,User_DiT_3,0.0,2.0,499,0.0,0.4,0.0,0.0
266,Sys_DiT_ref_1,3.85,2.65,499,0.77,0.53,0.4081,0.6278461538461538
266,Sys_DiT_ref_2,3.85,2.4,499,0.77,0.48,0.3696,0.59136
266,Sys_DiT_ref_3,3.85,2.15,499,0.77,0.43,0.3311,0.5518333333333334
266,User_DiT_1,5.0,3.0,499,1.0,0.6,0.6,0.7499999999999999
266,User_DiT_2,5.0,3.0,499,1.0,0.6,0.6,0.7499999999999999
266,User_DiT_3,5.0,3.0,499,1.0,0.6,0.6,0.7499999999999999
267,Sys_DiT_ref_1,4.85,3.6,499,0.97,0.72,0.6983999999999999,0.8265088757396449
267,Sys_DiT_ref_2,4.12,3.85,499,0.8240000000000001,0.77,0.63448,0.7960853199498118
267,Sys_DiT_ref_3,4.92,3.85,499,0.984,0.77,0.75768,0.863945267958951
267,User_DiT_1,5.0,4.0,499,1.0,0.8,0.8,0.888888888888889
267,User_DiT_2,5.0,4.0,499,1.0,0.8,0.8,0.888888888888889
267,User_DiT_3,5.0,4.0,499,1.0,0.8,0.8,0.888888888888889
268,Sys_DiT_ref_1,4.82,2.15,499,0.9640000000000001,0.43,0.41452000000000006,0.5947202295552367
268,Sys_DiT_ref_2,3.85,2.15,499,0.77,0.43,0.3311,0.5518333333333334
268,Sys_DiT_ref_3,4.85,2.15,499,0.97,0.43,0.41709999999999997,0.5958571428571429
268,User_DiT_1,5.0,2.0,499,1.0,0.4,0.4,0.5714285714285715
268,User_DiT_2,5.0,2.0,499,1.0,0.4,0.4,0.5714285714285715
268,User_DiT_3,5.0,2.0,499,1.0,0.4,0.4,0.5714285714285715
269,Sys_DiT_ref_1,4.85,2.65,499,0.97,0.53,0.5141,0.6854666666666667
269,Sys_DiT_ref_2,4.85,2.1,499,0.97,0.42000000000000004,0.40740000000000004,0.5861870503597122
269,Sys_DiT_ref_3,4.85,2.15,499,0.97,0.43,0.41709999999999997,0.5958571428571429
269,User_DiT_1,5.0,2.0,499,1.0,0.4,0.4,0.5714285714285715
269,User_DiT_2,5.0,2.0,499,1.0,0.4,0.4,0.5714285714285715
269,User_DiT_3,5.0,2.0,499,1.0,0.4,0.4,0.5714285714285715
270,Sys_DiT_ref_1,4.85,2.1,529,0.97,0.42000000000000004,0.40740000000000004,0.5861870503597122
270,Sys_DiT_ref_2,4.12,2.35,529,0.8240000000000001,0.47000000000000003,0.38728000000000007,0.5985780525502319
270,Sys_DiT_ref_3,4.85,2.15,529,0.97,0.43,0.41709999999999997,0.5958571428571429
270,User_DiT_1,4.29,2.0,529,0.858,0.4,0.3432,0.5456279809220985
270,User_DiT_2,5.0,2.0,529,1.0,0.4,0.4,0.5714285714285715
270,User_DiT_3,4.29,2.0,529,0.858,0.4,0.3432,0.5456279809220985
271,Sys_DiT_ref_1,4.12,2.85,529,0.8240000000000001,0.5700000000000001,0.4696800000000001,0.6738593974175037
271,Sys_DiT_ref_2,4.12,2.85,529,0.8240000000000001,0.5700000000000001,0.4696800000000001,0.6738593974175037
271,Sys_DiT_ref_3,4.85,2.15,529,0.97,0.43,0.41709999999999997,0.5958571428571429
271,User_DiT_1,4.29,2.0,529,0.858,0.4,0.3432,0.5456279809220985
271,User_DiT_2,3.57,2.0,529,0.714,0.4,0.2856,0.5127468581687613
271,User_DiT_3,4.29,1.0,529,0.858,0.2,0.1716,0.3243856332703213
272,Sys_DiT_ref_1,4.65,3.85,529,0.93,0.77,0.7161000000000001,0.8424705882352941
272,Sys_DiT_ref_2,4.85,3.62,529,0.97,0.724,0.7022799999999999,0.8291381345926799
272,Sys_DiT_ref_3,4.85,3.65,529,0.97,0.73,0.7081,0.8330588235294117
272,User_DiT_1,4.29,4.0,529,0.858,0.8,0.6864,0.8279855247285887
272,User_DiT_2,4.17,4.0,529,0.834,0.8,0.6672,0.8166462668298654
272,User_DiT_3,4.17,4.0,529,0.834,0.8,0.6672,0.8166462668298654
273,Sys_DiT_ref_1,4.12,1.5,529,0.8240000000000001,0.3,0.2472,0.43985765124555154
273,Sys_DiT_ref_2,4.12,1.5,529,0.8240000000000001,0.3,0.2472,0.43985765124555154
273,Sys_DiT_ref_3,4.12,1.5,529,0.8240000000000001,0.3,0.2472,0.43985765124555154
273,User_DiT_1,5.0,2.0,529,1.0,0.4,0.4,0.5714285714285715
273,User_DiT_2,4.29,2.0,529,0.858,0.4,0.3432,0.5456279809220985
273,User_DiT_3,4.29,2.0,529,0.858,0.4,0.3432,0.5456279809220985
274,Sys_DiT_ref_1,1.25,0.85,529,0.25,0.16999999999999998,0.042499999999999996,0.20238095238095238
274,Sys_DiT_ref_2,1.25,0.85,529,0.25,0.16999999999999998,0.042499999999999996,0.20238095238095238
274,Sys_DiT_ref_3,3.82,1.47,529,0.764,0.294,0.22461599999999998,0.4246049149338374
274,User_DiT_1,3.33,1.0,529,0.666,0.2,0.1332,0.30762124711316396
274,User_DiT_2,4.17,1.0,529,0.834,0.2,0.1668,0.3226305609284333
274,User_DiT_3,3.33,1.0,529,0.666,0.2,0.1332,0.30762124711316396
275,Sys_DiT_ref_1,4.85,3.2,535,0.97,0.64,0.6208,0.7711801242236026
275,Sys_DiT_ref_2,4.25,2.85,535,0.85,0.5700000000000001,0.48450000000000004,0.6823943661971832
275,Sys_DiT_ref_3,4.15,2.85,535,0.8300000000000001,0.5700000000000001,0.4731000000000001,0.6758571428571429
275,User_DiT_1,4.38,3.0,535,0.876,0.6,0.5256,0.7121951219512195
275,User_DiT_2,3.75,3.0,535,0.75,0.6,0.44999999999999996,0.6666666666666665
275,User_DiT_3,3.75,3.0,535,0.75,0.6,0.44999999999999996,0.6666666666666665
276,Sys_DiT_ref_1,1.85,2.65,535,0.37,0.53,0.1961,0.43577777777777776
276,Sys_DiT_ref_2,1.85,2.4,535,0.37,0.48,0.17759999999999998,0.4178823529411764
276,Sys_DiT_ref_3,1.85,2.1,535,0.37,0.42000000000000004,0.1554,0.39341772151898735
276,User_DiT_1,4.29,2.0,535,0.858,0.4,0.3432,0.5456279809220985
276,User_DiT_2,4.38,2.0,535,0.876,0.4,0.35040000000000004,0.5492163009404389
276,User_DiT_3,4.38,3.0,535,0.876,0.6,0.5256,0.7121951219512195
277,Sys_DiT_ref_1,4.25,2.85,535,0.85,0.5700000000000001,0.48450000000000004,0.6823943661971832
277,Sys_DiT_ref_2,4.12,2.85,535,0.8240000000000001,0.5700000000000001,0.4696800000000001,0.6738593974175037
277,Sys_DiT_ref_3,4.15,2.85,535,0.8300000000000001,0.5700000000000001,0.4731000000000001,0.6758571428571429
277,User_DiT_1,4.38,3.0,535,0.876,0.6,0.5256,0.7121951219512195
277,User_DiT_2,4.38,3.0,535,0.876,0.6,0.5256,0.7121951219512195
277,User_DiT_3,4.38,2.0,535,0.876,0.4,0.35040000000000004,0.5492163009404389
278,Sys_DiT_ref_1,4.12,3.65,535,0.8240000000000001,0.73,0.60152,0.7741570141570142
278,Sys_DiT_ref_2,4.12,2.85,535,0.8240000000000001,0.5700000000000001,0.4696800000000001,0.6738593974175037
278,Sys_DiT_ref_3,4.15,3.25,535,0.8300000000000001,0.65,0.5395000000000001,0.7290540540540542
278,User_DiT_1,4.0,4.0,535,0.8,0.8,0.6400000000000001,0.8000000000000002
278,User_DiT_2,4.17,3.0,535,0.834,0.6,0.5004,0.697907949790795
278,User_DiT_3,4.17,4.0,535,0.834,0.8,0.6672,0.8166462668298654
279,Sys_DiT_ref_1,3.85,2.4,535,0.77,0.48,0.3696,0.59136
279,Sys_DiT_ref_2,3.42,2.85,535,0.6839999999999999,0.5700000000000001,0.38988,0.6218181818181818
279,Sys_DiT_ref_3,3.42,3.15,535,0.6839999999999999,0.63,0.43091999999999997,0.655890410958904
279,User_DiT_1,4.29,2.0,535,0.858,0.4,0.3432,0.5456279809220985
279,User_DiT_2,3.12,3.0,535,0.624,0.6,0.3744,0.611764705882353
279,User_DiT_3,3.12,3.0,535,0.624,0.6,0.3744,0.611764705882353
280,Sys_DiT_ref_1,2.15,1.85,554,0.43,0.37,0.1591,0.39774999999999994
280,Sys_DiT_ref_2,4.85,2.15,554,0.97,0.43,0.41709999999999997,0.5958571428571429
280,Sys_DiT_ref_3,2.85,1.2,554,0.5700000000000001,0.24,0.1368,0.3377777777777778
280,User_DiT_1,0.0,2.0,554,0.0,0.4,0.0,0.0
280,User_DiT_2,0.0,2.0,554,0.0,0.4,0.0,0.0
280,User_DiT_3,0.0,2.0,554,0.0,0.4,0.0,0.0
281,Sys_DiT_ref_1,4.85,1.92,554,0.97,0.384,0.37248,0.5501920236336779
281,Sys_DiT_ref_2,5.0,1.85,554,1.0,0.37,0.37,0.5401459854014599
281,Sys_DiT_ref_3,4.92,2.85,554,0.984,0.5700000000000001,0.56088,0.7218532818532819
281,User_DiT_1,0.0,4.0,554,0.0,0.8,0.0,0.0
281,User_DiT_2,0.0,2.0,554,0.0,0.4,0.0,0.0
281,User_DiT_3,0.0,4.0,554,0.0,0.8,0.0,0.0
282,Sys_DiT_ref_1,4.85,1.2,554,0.97,0.24,0.23279999999999998,0.384793388429752
282,Sys_DiT_ref_2,4.85,1.92,554,0.97,0.384,0.37248,0.5501920236336779
282,Sys_DiT_ref_3,4.85,2.15,554,0.97,0.43,0.41709999999999997,0.5958571428571429
282,User_DiT_1,0.0,2.0,554,0.0,0.4,0.0,0.0
282,User_DiT_2,0.0,2.0,554,0.0,0.4,0.0,0.0
282,User_DiT_3,0.0,3.0,554,0.0,0.6,0.0,0.0
283,Sys_DiT_ref_1,4.85,3.75,554,0.97,0.75,0.7275,0.8459302325581396
283,Sys_DiT_ref_2,4.85,3.6,554,0.97,0.72,0.6983999999999999,0.8265088757396449
283,Sys_DiT_ref_3,4.85,2.15,554,0.97,0.43,0.41709999999999997,0.5958571428571429
283,User_DiT_1,0.0,3.0,554,0.0,0.6,0.0,0.0
283,User_DiT_2,0.0,4.0,554,0.0,0.8,0.0,0.0
283,User_DiT_3,0.0,3.0,554,0.0,0.6,0.0,0.0
284,Sys_DiT_ref_1,4.85,1.65,554,0.97,0.32999999999999996,0.32009999999999994,0.49246153846153845
284,Sys_DiT_ref_2,3.82,1.47,554,0.764,0.294,0.22461599999999998,0.4246049149338374
284,Sys_DiT_ref_3,4.85,2.65,554,0.97,0.53,0.5141,0.6854666666666667
284,User_DiT_1,0.0,2.0,554,0.0,0.4,0.0,0.0
284,User_DiT_2,0.0,2.0,554,0.0,0.4,0.0,0.0
284,User_DiT_3,0.0,4.0,554,0.0,0.8,0.0,0.0
285,Sys_DiT_ref_1,4.85,3.62,567,0.97,0.724,0.7022799999999999,0.8291381345926799
285,Sys_DiT_ref_2,4.85,3.6,567,0.97,0.72,0.6983999999999999,0.8265088757396449
285,Sys_DiT_ref_3,4.85,3.62,567,0.97,0.724,0.7022799999999999,0.8291381345926799
285,User_DiT_1,5.0,3.0,567,1.0,0.6,0.6,0.7499999999999999
285,User_DiT_2,5.0,3.0,567,1.0,0.6,0.6,0.7499999999999999
285,User_DiT_3,5.0,4.0,567,1.0,0.8,0.8,0.888888888888889
286,Sys_DiT_ref_1,4.85,3.72,567,0.97,0.744,0.72168,0.842100350058343
286,Sys_DiT_ref_2,4.12,2.85,567,0.8240000000000001,0.5700000000000001,0.4696800000000001,0.6738593974175037
286,Sys_DiT_ref_3,4.65,3.8,567,0.93,0.76,0.7068000000000001,0.8364497041420119
286,User_DiT_1,4.38,3.0,567,0.876,0.6,0.5256,0.7121951219512195
286,User_DiT_2,5.0,4.0,567,1.0,0.8,0.8,0.888888888888889
286,User_DiT_3,5.0,3.0,567,1.0,0.6,0.6,0.7499999999999999
287,Sys_DiT_ref_1,4.12,2.85,567,0.8240000000000001,0.5700000000000001,0.4696800000000001,0.6738593974175037
287,Sys_DiT_ref_2,4.65,3.15,567,0.93,0.63,0.5859000000000001,0.7511538461538463
287,Sys_DiT_ref_3,4.12,2.35,567,0.8240000000000001,0.47000000000000003,0.38728000000000007,0.5985780525502319
287,User_DiT_1,4.29,3.0,567,0.858,0.6,0.5147999999999999,0.7061728395061727
287,User_DiT_2,5.0,3.0,567,1.0,0.6,0.6,0.7499999999999999
287,User_DiT_3,4.29,3.0,567,0.858,0.6,0.5147999999999999,0.7061728395061727
288,Sys_DiT_ref_1,4.85,3.72,567,0.97,0.744,0.72168,0.842100350058343
288,Sys_DiT_ref_2,4.85,1.5,567,0.97,0.3,0.291,0.458267716535433
288,Sys_DiT_ref_3,4.15,2.85,567,0.8300000000000001,0.5700000000000001,0.4731000000000001,0.6758571428571429
288,User_DiT_1,5.0,3.0,567,1.0,0.6,0.6,0.7499999999999999
288,User_DiT_2,5.0,3.0,567,1.0,0.6,0.6,0.7499999999999999
288,User_DiT_3,5.0,4.0,567,1.0,0.8,0.8,0.888888888888889
289,Sys_DiT_ref_1,2.85,2.1,567,0.5700000000000001,0.42000000000000004,0.23940000000000006,0.4836363636363637
289,Sys_DiT_ref_2,3.85,2.75,567,0.77,0.55,0.42350000000000004,0.6416666666666667
289,Sys_DiT_ref_3,1.25,1.8,567,0.25,0.36,0.09,0.29508196721311475
289,User_DiT_1,5.0,2.0,567,1.0,0.4,0.4,0.5714285714285715
289,User_DiT_2,1.88,2.0,567,0.376,0.4,0.1504,0.38762886597938145
289,User_DiT_3,4.29,2.0,567,0.858,0.4,0.3432,0.5456279809220985
290,Sys_DiT_ref_1,2.85,1.2,575,0.5700000000000001,0.24,0.1368,0.3377777777777778
290,Sys_DiT_ref_2,2.85,1.2,575,0.5700000000000001,0.24,0.1368,0.3377777777777778
290,Sys_DiT_ref_3,4.25,3.15,575,0.85,0.63,0.5355,0.7236486486486486
290,User_DiT_1,4.38,1.0,575,0.876,0.2,0.17520000000000002,0.32565055762081785
290,User_DiT_2,4.38,1.0,575,0.876,0.2,0.17520000000000002,0.32565055762081785
290,User_DiT_3,4.38,1.0,575,0.876,0.2,0.17520000000000002,0.32565055762081785
291,Sys_DiT_ref_1,3.85,1.92,575,0.77,0.384,0.29568,0.5124436741767765
291,Sys_DiT_ref_2,2.85,1.2,575,0.5700000000000001,0.24,0.1368,0.3377777777777778
291,Sys_DiT_ref_3,2.85,1.42,575,0.5700000000000001,0.284,0.16188,0.3791100702576112
291,User_DiT_1,4.38,3.0,575,0.876,0.6,0.5256,0.7121951219512195
291,User_DiT_2,4.29,3.0,575,0.858,0.6,0.5147999999999999,0.7061728395061727
291,User_DiT_3,4.29,3.0,575,0.858,0.6,0.5147999999999999,0.7061728395061727
292,Sys_DiT_ref_1,3.65,1.85,575,0.73,0.37,0.2701,0.4910909090909091
292,Sys_DiT_ref_2,2.85,1.45,575,0.5700000000000001,0.29,0.1653,0.38441860465116273
292,Sys_DiT_ref_3,3.85,1.2,575,0.77,0.24,0.1848,0.36594059405940593
292,User_DiT_1,4.17,1.0,575,0.834,0.2,0.1668,0.3226305609284333
292,User_DiT_2,3.57,2.0,575,0.714,0.4,0.2856,0.5127468581687613
292,User_DiT_3,3.57,2.0,575,0.714,0.4,0.2856,0.5127468581687613
293,Sys_DiT_ref_1,3.45,2.15,575,0.6900000000000001,0.43,0.2967,0.5298214285714286
293,Sys_DiT_ref_2,3.85,2.15,575,0.77,0.43,0.3311,0.5518333333333334
293,Sys_DiT_ref_3,3.42,1.85,575,0.6839999999999999,0.37,0.25307999999999997,0.4802277039848198
293,User_DiT_1,3.57,2.0,575,0.714,0.4,0.2856,0.5127468581687613
293,User_DiT_2,3.57,2.0,575,0.714,0.4,0.2856,0.5127468581687613
293,User_DiT_3,0.0,2.0,575,0.0,0.4,0.0,0.0
294,Sys_DiT_ref_1,3.82,2.15,575,0.764,0.43,0.32852,0.550284757118928
294,Sys_DiT_ref_2,2.85,2.1,575,0.5700000000000001,0.42000000000000004,0.23940000000000006,0.4836363636363637
294,Sys_DiT_ref_3,3.45,2.15,575,0.6900000000000001,0.43,0.2967,0.5298214285714286
294,User_DiT_1,4.17,2.0,575,0.834,0.4,0.3336,0.5406807131280389
294,User_DiT_2,5.0,2.0,575,1.0,0.4,0.4,0.5714285714285715
294,User_DiT_3,5.0,2.0,575,1.0,0.4,0.4,0.5714285714285715
295,Sys_DiT_ref_1,0.0,1.2,585,0.0,0.24,0.0,0.0
295,Sys_DiT_ref_2,0.0,1.2,585,0.0,0.24,0.0,0.0
295,Sys_DiT_ref_3,0.0,1.0,585,0.0,0.2,0.0,0.0
295,User_DiT_1,0.0,1.0,585,0.0,0.2,0.0,0.0
295,User_DiT_2,0.0,1.0,585,0.0,0.2,0.0,0.0
295,User_DiT_3,0.0,1.0,585,0.0,0.2,0.0,0.0
296,Sys_DiT_ref_1,0.85,1.2,585,0.16999999999999998,0.24,0.040799999999999996,0.19902439024390242
296,Sys_DiT_ref_2,0.12,0.85,585,0.024,0.16999999999999998,0.004079999999999999,0.04206185567010309
296,Sys_DiT_ref_3,0.85,0.92,585,0.16999999999999998,0.184,0.031279999999999995,0.1767231638418079
296,User_DiT_1,0.0,1.0,585,0.0,0.2,0.0,0.0
296,User_DiT_2,0.0,1.0,585,0.0,0.2,0.0,0.0
296,User_DiT_3,0.0,1.0,585,0.0,0.2,0.0,0.0
297,Sys_DiT_ref_1,3.82,2.15,585,0.764,0.43,0.32852,0.550284757118928
297,Sys_DiT_ref_2,2.15,1.85,585,0.43,0.37,0.1591,0.39774999999999994
297,Sys_DiT_ref_3,3.82,2.15,585,0.764,0.43,0.32852,0.550284757118928
297,User_DiT_1,5.0,2.0,585,1.0,0.4,0.4,0.5714285714285715
297,User_DiT_2,5.0,2.0,585,1.0,0.4,0.4,0.5714285714285715
297,User_DiT_3,5.0,2.0,585,1.0,0.4,0.4,0.5714285714285715
298,Sys_DiT_ref_1,1.85,2.1,585,0.37,0.42000000000000004,0.1554,0.39341772151898735
298,Sys_DiT_ref_2,1.85,1.2,585,0.37,0.24,0.08879999999999999,0.2911475409836065
298,Sys_DiT_ref_3,0.15,1.2,585,0.03,0.24,0.0072,0.05333333333333333
298,User_DiT_1,0.0,2.0,585,0.0,0.4,0.0,0.0
298,User_DiT_2,5.0,3.0,585,1.0,0.6,0.6,0.7499999999999999
298,User_DiT_3,2.5,3.0,585,0.5,0.6,0.3,0.5454545454545454
299,Sys_DiT_ref_1,4.12,2.85,585,0.8240000000000001,0.5700000000000001,0.4696800000000001,0.6738593974175037
299,Sys_DiT_ref_2,4.85,3.2,585,0.97,0.64,0.6208,0.7711801242236026
299,Sys_DiT_ref_3,4.85,3.62,585,0.97,0.724,0.7022799999999999,0.8291381345926799
299,User_DiT_1,4.17,3.0,585,0.834,0.6,0.5004,0.697907949790795
299,User_DiT_2,4.17,2.0,585,0.834,0.4,0.3336,0.5406807131280389
299,User_DiT_3,4.17,3.0,585,0.834,0.6,0.5004,0.697907949790795
300,Sys_DiT_ref_1,4.65,3.82,590,0.93,0.764,0.71052,0.8388665879574971
300,Sys_DiT_ref_2,4.15,2.85,590,0.8300000000000001,0.5700000000000001,0.4731000000000001,0.6758571428571429
300,Sys_DiT_ref_3,4.72,3.85,590,0.944,0.77,0.72688,0.8481680280046674
300,User_DiT_1,4.0,3.0,590,0.8,0.6,0.48,0.6857142857142857
300,User_DiT_2,4.0,4.0,590,0.8,0.8,0.6400000000000001,0.8000000000000002
300,User_DiT_3,4.0,4.0,590,0.8,0.8,0.6400000000000001,0.8000000000000002
301,Sys_DiT_ref_1,4.12,2.35,590,0.8240000000000001,0.47000000000000003,0.38728000000000007,0.5985780525502319
301,Sys_DiT_ref_2,4.12,2.85,590,0.8240000000000001,0.5700000000000001,0.4696800000000001,0.6738593974175037
301,Sys_DiT_ref_3,4.65,2.85,590,0.93,0.5700000000000001,0.5301000000000001,0.7068000000000002
301,User_DiT_1,4.29,4.0,590,0.858,0.8,0.6864,0.8279855247285887
301,User_DiT_2,4.29,3.0,590,0.858,0.6,0.5147999999999999,0.7061728395061727
301,User_DiT_3,4.29,3.0,590,0.858,0.6,0.5147999999999999,0.7061728395061727
302,Sys_DiT_ref_1,3.82,2.15,590,0.764,0.43,0.32852,0.550284757118928
302,Sys_DiT_ref_2,3.45,2.1,590,0.6900000000000001,0.42000000000000004,0.28980000000000006,0.5221621621621623
302,Sys_DiT_ref_3,3.82,2.15,590,0.764,0.43,0.32852,0.550284757118928
302,User_DiT_1,4.0,2.0,590,0.8,0.4,0.32000000000000006,0.5333333333333333
302,User_DiT_2,4.0,2.0,590,0.8,0.4,0.32000000000000006,0.5333333333333333
302,User_DiT_3,4.0,2.0,590,0.8,0.4,0.32000000000000006,0.5333333333333333
303,Sys_DiT_ref_1,4.85,2.65,590,0.97,0.53,0.5141,0.6854666666666667
303,Sys_DiT_ref_2,3.85,2.75,590,0.77,0.55,0.42350000000000004,0.6416666666666667
303,Sys_DiT_ref_3,4.85,2.65,590,0.97,0.53,0.5141,0.6854666666666667
303,User_DiT_1,5.0,4.0,590,1.0,0.8,0.8,0.888888888888889
303,User_DiT_2,5.0,4.0,590,1.0,0.8,0.8,0.888888888888889
303,User_DiT_3,5.0,3.0,590,1.0,0.6,0.6,0.7499999999999999
304,Sys_DiT_ref_1,2.85,1.65,590,0.5700000000000001,0.32999999999999996,0.1881,0.418
304,Sys_DiT_ref_2,2.85,1.92,590,0.5700000000000001,0.384,0.21888000000000002,0.4588679245283019
304,Sys_DiT_ref_3,3.65,1.85,590,0.73,0.37,0.2701,0.4910909090909091
304,User_DiT_1,3.57,2.0,590,0.714,0.4,0.2856,0.5127468581687613
304,User_DiT_2,4.29,2.0,590,0.858,0.4,0.3432,0.5456279809220985
304,User_DiT_3,4.29,2.0,590,0.858,0.4,0.3432,0.5456279809220985
305,Sys_DiT_ref_1,1.25,1.8,605,0.25,0.36,0.09,0.29508196721311475
305,Sys_DiT_ref_2,0.0,1.2,605,0.0,0.24,0.0,0.0
305,Sys_DiT_ref_3,0.85,1.92,605,0.16999999999999998,0.384,0.06527999999999999,0.23566787003610104
305,User_DiT_1,1.11,2.0,605,0.22200000000000003,0.4,0.08880000000000002,0.28553054662379423
305,User_DiT_2,1.11,3.0,605,0.22200000000000003,0.6,0.1332,0.32408759124087594
305,User_DiT_3,1.25,2.0,605,0.25,0.4,0.1,0.3076923076923077
306,Sys_DiT_ref_1,1.85,1.2,605,0.37,0.24,0.08879999999999999,0.2911475409836065
306,Sys_DiT_ref_2,1.85,1.2,605,0.37,0.24,0.08879999999999999,0.2911475409836065
306,Sys_DiT_ref_3,2.15,1.85,605,0.43,0.37,0.1591,0.39774999999999994
306,User_DiT_1,0.0,1.0,605,0.0,0.2,0.0,0.0
306,User_DiT_2,0.0,1.0,605,0.0,0.2,0.0,0.0
306,User_DiT_3,0.0,1.0,605,0.0,0.2,0.0,0.0
307,Sys_DiT_ref_1,1.15,1.85,605,0.22999999999999998,0.37,0.0851,0.2836666666666667
307,Sys_DiT_ref_2,1.85,1.92,605,0.37,0.384,0.14208,0.37687002652519896
307,Sys_DiT_ref_3,0.85,1.92,605,0.16999999999999998,0.384,0.06527999999999999,0.23566787003610104
307,User_DiT_1,2.5,1.0,605,0.5,0.2,0.1,0.28571428571428575
307,User_DiT_2,1.11,1.0,605,0.22200000000000003,0.2,0.04440000000000001,0.2104265402843602
307,User_DiT_3,2.5,2.0,605,0.5,0.4,0.2,0.4444444444444445
308,Sys_DiT_ref_1,4.12,1.85,605,0.8240000000000001,0.37,0.30488000000000004,0.5106867671691793
308,Sys_DiT_ref_2,4.15,2.85,605,0.8300000000000001,0.5700000000000001,0.4731000000000001,0.6758571428571429
308,Sys_DiT_ref_3,4.85,1.2,605,0.97,0.24,0.23279999999999998,0.384793388429752
308,User_DiT_1,5.0,4.0,605,1.0,0.8,0.8,0.888888888888889
308,User_DiT_2,5.0,3.0,605,1.0,0.6,0.6,0.7499999999999999
308,User_DiT_3,5.0,4.0,605,1.0,0.8,0.8,0.888888888888889
309,Sys_DiT_ref_1,3.85,2.45,605,0.77,0.49000000000000005,0.3773,0.5988888888888889
309,Sys_DiT_ref_2,3.85,2.75,605,0.77,0.55,0.42350000000000004,0.6416666666666667
309,Sys_DiT_ref_3,3.85,2.15,605,0.77,0.43,0.3311,0.5518333333333334
309,User_DiT_1,5.0,2.0,605,1.0,0.4,0.4,0.5714285714285715
309,User_DiT_2,5.0,2.0,605,1.0,0.4,0.4,0.5714285714285715
309,User_DiT_3,5.0,3.0,605,1.0,0.6,0.6,0.7499999999999999
310,Sys_DiT_ref_1,0.12,1.85,606,0.024,0.37,0.00888,0.0450761421319797
310,Sys_DiT_ref_2,0.12,1.85,606,0.024,0.37,0.00888,0.0450761421319797
310,Sys_DiT_ref_3,0.15,1.82,606,0.03,0.364,0.01092,0.05543147208121827
310,User_DiT_1,0.0,2.0,606,0.0,0.4,0.0,0.0
310,User_DiT_2,0.56,2.0,606,0.11200000000000002,0.4,0.044800000000000006,0.17500000000000002
310,User_DiT_3,0.0,2.0,606,0.0,0.4,0.0,0.0
311,Sys_DiT_ref_1,2.85,1.92,606,0.5700000000000001,0.384,0.21888000000000002,0.4588679245283019
311,Sys_DiT_ref_2,3.82,2.45,606,0.764,0.49000000000000005,0.37436,0.5970653907496013
311,Sys_DiT_ref_3,1.85,1.2,606,0.37,0.24,0.08879999999999999,0.2911475409836065
311,User_DiT_1,5.0,2.0,606,1.0,0.4,0.4,0.5714285714285715
311,User_DiT_2,1.67,2.0,606,0.33399999999999996,0.4,0.1336,0.3640326975476839
311,User_DiT_3,5.0,2.0,606,1.0,0.4,0.4,0.5714285714285715
312,Sys_DiT_ref_1,2.85,2.1,606,0.5700000000000001,0.42000000000000004,0.23940000000000006,0.4836363636363637
312,Sys_DiT_ref_2,0.85,1.2,606,0.16999999999999998,0.24,0.040799999999999996,0.19902439024390242
312,Sys_DiT_ref_3,0.85,1.2,606,0.16999999999999998,0.24,0.040799999999999996,0.19902439024390242
312,User_DiT_1,0.62,3.0,606,0.124,0.6,0.0744,0.20552486187845304
312,User_DiT_2,0.62,2.0,606,0.124,0.4,0.049600000000000005,0.18931297709923664
312,User_DiT_3,0.62,3.0,606,0.124,0.6,0.0744,0.20552486187845304
313,Sys_DiT_ref_1,4.15,3.2,606,0.8300000000000001,0.64,0.5312,0.7227210884353741
313,Sys_DiT_ref_2,4.15,2.85,606,0.8300000000000001,0.5700000000000001,0.4731000000000001,0.6758571428571429
313,Sys_DiT_ref_3,4.65,3.82,606,0.93,0.764,0.71052,0.8388665879574971
313,User_DiT_1,4.44,4.0,606,0.8880000000000001,0.8,0.7104000000000001,0.8417061611374408
313,User_DiT_2,4.44,3.0,606,0.8880000000000001,0.6,0.5328,0.7161290322580646
313,User_DiT_3,4.44,4.0,606,0.8880000000000001,0.8,0.7104000000000001,0.8417061611374408
314,Sys_DiT_ref_1,4.12,2.85,606,0.8240000000000001,0.5700000000000001,0.4696800000000001,0.6738593974175037
314,Sys_DiT_ref_2,4.15,2.85,606,0.8300000000000001,0.5700000000000001,0.4731000000000001,0.6758571428571429
314,Sys_DiT_ref_3,4.15,2.85,606,0.8300000000000001,0.5700000000000001,0.4731000000000001,0.6758571428571429
314,User_DiT_1,4.17,3.0,606,0.834,0.6,0.5004,0.697907949790795
314,User_DiT_2,4.17,2.0,606,0.834,0.4,0.3336,0.5406807131280389
314,User_DiT_3,4.17,3.0,606,0.834,0.6,0.5004,0.697907949790795
315,Sys_DiT_ref_1,0.12,1.85,626,0.024,0.37,0.00888,0.0450761421319797
315,Sys_DiT_ref_2,0.12,1.35,626,0.024,0.27,0.0064800000000000005,0.04408163265306122
315,Sys_DiT_ref_3,0.15,1.85,626,0.03,0.37,0.011099999999999999,0.055499999999999994
315,User_DiT_1,0.62,2.0,626,0.124,0.4,0.049600000000000005,0.18931297709923664
315,User_DiT_2,0.62,2.0,626,0.124,0.4,0.049600000000000005,0.18931297709923664
315,User_DiT_3,0.62,2.0,626,0.124,0.4,0.049600000000000005,0.18931297709923664
316,Sys_DiT_ref_1,4.65,3.82,626,0.93,0.764,0.71052,0.8388665879574971
316,Sys_DiT_ref_2,4.85,3.62,626,0.97,0.724,0.7022799999999999,0.8291381345926799
316,Sys_DiT_ref_3,4.65,2.85,626,0.93,0.5700000000000001,0.5301000000000001,0.7068000000000002
316,User_DiT_1,5.0,3.0,626,1.0,0.6,0.6,0.7499999999999999
316,User_DiT_2,5.0,4.0,626,1.0,0.8,0.8,0.888888888888889
316,User_DiT_3,5.0,4.0,626,1.0,0.8,0.8,0.888888888888889
317,Sys_DiT_ref_1,4.85,3.2,626,0.97,0.64,0.6208,0.7711801242236026
317,Sys_DiT_ref_2,3.85,2.15,626,0.77,0.43,0.3311,0.5518333333333334
317,Sys_DiT_ref_3,3.85,1.92,626,0.77,0.384,0.29568,0.5124436741767765
317,User_DiT_1,4.0,3.0,626,0.8,0.6,0.48,0.6857142857142857
317,User_DiT_2,5.0,3.0,626,1.0,0.6,0.6,0.7499999999999999
317,User_DiT_3,5.0,3.0,626,1.0,0.6,0.6,0.7499999999999999
318,Sys_DiT_ref_1,4.15,3.25,626,0.8300000000000001,0.65,0.5395000000000001,0.7290540540540542
318,Sys_DiT_ref_2,1.85,1.2,626,0.37,0.24,0.08879999999999999,0.2911475409836065
318,Sys_DiT_ref_3,4.65,2.85,626,0.93,0.5700000000000001,0.5301000000000001,0.7068000000000002
318,User_DiT_1,1.88,3.0,626,0.376,0.6,0.2256,0.46229508196721314
318,User_DiT_2,1.88,3.0,626,0.376,0.6,0.2256,0.46229508196721314
318,User_DiT_3,3.57,3.0,626,0.714,0.6,0.42839999999999995,0.6520547945205478
319,Sys_DiT_ref_1,4.65,2.85,626,0.93,0.5700000000000001,0.5301000000000001,0.7068000000000002
319,Sys_DiT_ref_2,4.65,2.85,626,0.93,0.5700000000000001,0.5301000000000001,0.7068000000000002
319,Sys_DiT_ref_3,4.65,2.85,626,0.93,0.5700000000000001,0.5301000000000001,0.7068000000000002
319,User_DiT_1,5.0,3.0,626,1.0,0.6,0.6,0.7499999999999999
319,User_DiT_2,3.75,3.0,626,0.75,0.6,0.44999999999999996,0.6666666666666665
319,User_DiT_3,5.0,3.0,626,1.0,0.6,0.6,0.7499999999999999
320,Sys_DiT_ref_1,4.85,3.6,632,0.97,0.72,0.6983999999999999,0.8265088757396449
320,Sys_DiT_ref_2,4.85,3.6,632,0.97,0.72,0.6983999999999999,0.8265088757396449
320,Sys_DiT_ref_3,4.65,3.85,632,0.93,0.77,0.7161000000000001,0.8424705882352941
320,User_DiT_1,4.38,4.0,632,0.876,0.8,0.7008000000000001,0.8362768496420048
320,User_DiT_2,4.38,3.0,632,0.876,0.6,0.5256,0.7121951219512195
320,User_DiT_3,4.38,4.0,632,0.876,0.8,0.7008000000000001,0.8362768496420048
321,Sys_DiT_ref_1,3.85,1.9,632,0.77,0.38,0.2926,0.5088695652173914
321,Sys_DiT_ref_2,3.85,2.15,632,0.77,0.43,0.3311,0.5518333333333334
321,Sys_DiT_ref_3,3.45,2.15,632,0.6900000000000001,0.43,0.2967,0.5298214285714286
321,User_DiT_1,3.12,2.0,632,0.624,0.4,0.24960000000000002,0.48750000000000004
321,User_DiT_2,3.12,2.0,632,0.624,0.4,0.24960000000000002,0.48750000000000004
321,User_DiT_3,3.12,2.0,632,0.624,0.4,0.24960000000000002,0.48750000000000004
322,Sys_DiT_ref_1,0.15,1.85,632,0.03,0.37,0.011099999999999999,0.055499999999999994
322,Sys_DiT_ref_2,2.85,1.92,632,0.5700000000000001,0.384,0.21888000000000002,0.4588679245283019
322,Sys_DiT_ref_3,1.85,2.4,632,0.37,0.48,0.17759999999999998,0.4178823529411764
322,User_DiT_1,1.88,2.0,632,0.376,0.4,0.1504,0.38762886597938145
322,User_DiT_2,0.0,2.0,632,0.0,0.4,0.0,0.0
322,User_DiT_3,0.0,2.0,632,0.0,0.4,0.0,0.0
323,Sys_DiT_ref_1,3.85,3.62,632,0.77,0.724,0.55748,0.7462918340026774
323,Sys_DiT_ref_2,2.85,2.1,632,0.5700000000000001,0.42000000000000004,0.23940000000000006,0.4836363636363637
323,Sys_DiT_ref_3,2.85,3.42,632,0.5700000000000001,0.6839999999999999,0.38988,0.6218181818181818
323,User_DiT_1,5.0,1.0,632,1.0,0.2,0.2,0.33333333333333337
323,User_DiT_2,4.17,2.0,632,0.834,0.4,0.3336,0.5406807131280389
323,User_DiT_3,4.17,2.0,632,0.834,0.4,0.3336,0.5406807131280389
324,Sys_DiT_ref_1,4.12,2.85,632,0.8240000000000001,0.5700000000000001,0.4696800000000001,0.6738593974175037
324,Sys_DiT_ref_2,4.72,3.85,632,0.944,0.77,0.72688,0.8481680280046674
324,Sys_DiT_ref_3,4.12,3.85,632,0.8240000000000001,0.77,0.63448,0.7960853199498118
324,User_DiT_1,4.29,3.0,632,0.858,0.6,0.5147999999999999,0.7061728395061727
324,User_DiT_2,4.29,4.0,632,0.858,0.8,0.6864,0.8279855247285887
324,User_DiT_3,4.29,4.0,632,0.858,0.8,0.6864,0.8279855247285887
325,Sys_DiT_ref_1,4.25,2.8,633,0.85,0.5599999999999999,0.4759999999999999,0.675177304964539
325,Sys_DiT_ref_2,4.85,3.62,633,0.97,0.724,0.7022799999999999,0.8291381345926799
325,Sys_DiT_ref_3,4.85,3.72,633,0.97,0.744,0.72168,0.842100350058343
325,User_DiT_1,4.38,4.0,633,0.876,0.8,0.7008000000000001,0.8362768496420048
325,User_DiT_2,5.0,4.0,633,1.0,0.8,0.8,0.888888888888889
325,User_DiT_3,5.0,4.0,633,1.0,0.8,0.8,0.888888888888889
326,Sys_DiT_ref_1,3.85,4.12,633,0.77,0.8240000000000001,0.63448,0.7960853199498118
326,Sys_DiT_ref_2,3.85,4.12,633,0.77,0.8240000000000001,0.63448,0.7960853199498118
326,Sys_DiT_ref_3,4.85,3.72,633,0.97,0.744,0.72168,0.842100350058343
326,User_DiT_1,2.78,4.0,633,0.5559999999999999,0.8,0.4448,0.656047197640118
326,User_DiT_2,2.78,4.0,633,0.5559999999999999,0.8,0.4448,0.656047197640118
326,User_DiT_3,2.78,4.0,633,0.5559999999999999,0.8,0.4448,0.656047197640118
327,Sys_DiT_ref_1,4.85,2.15,633,0.97,0.43,0.41709999999999997,0.5958571428571429
327,Sys_DiT_ref_2,4.15,2.85,633,0.8300000000000001,0.5700000000000001,0.4731000000000001,0.6758571428571429
327,Sys_DiT_ref_3,2.85,1.42,633,0.5700000000000001,0.284,0.16188,0.3791100702576112
327,User_DiT_1,4.29,1.0,633,0.858,0.2,0.1716,0.3243856332703213
327,User_DiT_2,2.5,1.0,633,0.5,0.2,0.1,0.28571428571428575
327,User_DiT_3,2.5,2.0,633,0.5,0.4,0.2,0.4444444444444445
328,Sys_DiT_ref_1,4.85,3.72,633,0.97,0.744,0.72168,0.842100350058343
328,Sys_DiT_ref_2,4.85,2.15,633,0.97,0.43,0.41709999999999997,0.5958571428571429
328,Sys_DiT_ref_3,4.85,2.15,633,0.97,0.43,0.41709999999999997,0.5958571428571429
328,User_DiT_1,4.38,4.0,633,0.876,0.8,0.7008000000000001,0.8362768496420048
328,User_DiT_2,4.38,4.0,633,0.876,0.8,0.7008000000000001,0.8362768496420048
328,User_DiT_3,4.38,4.0,633,0.876,0.8,0.7008000000000001,0.8362768496420048
329,Sys_DiT_ref_1,4.25,2.85,633,0.85,0.5700000000000001,0.48450000000000004,0.6823943661971832
329,Sys_DiT_ref_2,4.12,2.85,633,0.8240000000000001,0.5700000000000001,0.4696800000000001,0.6738593974175037
329,Sys_DiT_ref_3,4.25,2.85,633,0.85,0.5700000000000001,0.48450000000000004,0.6823943661971832
329,User_DiT_1,4.38,3.0,633,0.876,0.6,0.5256,0.7121951219512195
329,User_DiT_2,4.38,3.0,633,0.876,0.6,0.5256,0.7121951219512195
329,User_DiT_3,4.38,3.0,633,0.876,0.6,0.5256,0.7121951219512195
330,Sys_DiT_ref_1,0.15,2.85,634,0.03,0.5700000000000001,0.0171,0.056999999999999995
330,Sys_DiT_ref_2,0.0,1.85,634,0.0,0.37,0.0,0.0
330,Sys_DiT_ref_3,0.0,1.85,634,0.0,0.37,0.0,0.0
330,User_DiT_1,0.0,3.0,634,0.0,0.6,0.0,0.0
330,User_DiT_2,0.0,2.0,634,0.0,0.4,0.0,0.0
330,User_DiT_3,0.0,2.0,634,0.0,0.4,0.0,0.0
331,Sys_DiT_ref_1,3.85,2.65,634,0.77,0.53,0.4081,0.6278461538461538
331,Sys_DiT_ref_2,2.85,1.65,634,0.5700000000000001,0.32999999999999996,0.1881,0.418
331,Sys_DiT_ref_3,3.85,2.65,634,0.77,0.53,0.4081,0.6278461538461538
331,User_DiT_1,2.78,2.0,634,0.5559999999999999,0.4,0.2224,0.46527196652719666
331,User_DiT_2,2.5,2.0,634,0.5,0.4,0.2,0.4444444444444445
331,User_DiT_3,2.78,3.0,634,0.5559999999999999,0.6,0.33359999999999995,0.5771626297577854
332,Sys_DiT_ref_1,3.85,3.42,634,0.77,0.6839999999999999,0.5266799999999999,0.7244566712517193
332,Sys_DiT_ref_2,3.85,2.15,634,0.77,0.43,0.3311,0.5518333333333334
332,Sys_DiT_ref_3,3.85,2.4,634,0.77,0.48,0.3696,0.59136
332,User_DiT_1,2.5,4.0,634,0.5,0.8,0.4,0.6153846153846154
332,User_DiT_2,3.12,4.0,634,0.624,0.8,0.49920000000000003,0.7011235955056181
332,User_DiT_3,2.5,3.0,634,0.5,0.6,0.3,0.5454545454545454
333,Sys_DiT_ref_1,0.15,1.2,634,0.03,0.24,0.0072,0.05333333333333333
333,Sys_DiT_ref_2,0.15,1.25,634,0.03,0.25,0.0075,0.05357142857142856
333,Sys_DiT_ref_3,0.15,1.2,634,0.03,0.24,0.0072,0.05333333333333333
333,User_DiT_1,0.0,1.0,634,0.0,0.2,0.0,0.0
333,User_DiT_2,0.0,1.0,634,0.0,0.2,0.0,0.0
333,User_DiT_3,0.0,1.0,634,0.0,0.2,0.0,0.0
334,Sys_DiT_ref_1,0.0,3.85,634,0.0,0.77,0.0,0.0
334,Sys_DiT_ref_2,0.0,3.85,634,0.0,0.77,0.0,0.0
334,Sys_DiT_ref_3,0.85,3.65,634,0.16999999999999998,0.73,0.12409999999999999,0.2757777777777778
334,User_DiT_1,0.0,4.0,634,0.0,0.8,0.0,0.0
334,User_DiT_2,0.0,3.0,634,0.0,0.6,0.0,0.0
334,User_DiT_3,0.56,4.0,634,0.11200000000000002,0.8,0.08960000000000001,0.19649122807017547
335,Sys_DiT_ref_1,4.65,3.85,645,0.93,0.77,0.7161000000000001,0.8424705882352941
335,Sys_DiT_ref_2,4.2,2.8,645,0.8400000000000001,0.5599999999999999,0.4704,0.672
335,Sys_DiT_ref_3,3.82,2.15,645,0.764,0.43,0.32852,0.550284757118928
335,User_DiT_1,3.89,2.0,645,0.778,0.4,0.31120000000000003,0.5283531409168082
335,User_DiT_2,5.0,3.0,645,1.0,0.6,0.6,0.7499999999999999
335,User_DiT_3,5.0,3.0,645,1.0,0.6,0.6,0.7499999999999999
336,Sys_DiT_ref_1,3.85,1.5,645,0.77,0.3,0.23099999999999998,0.4317757009345794
336,Sys_DiT_ref_2,3.85,1.5,645,0.77,0.3,0.23099999999999998,0.4317757009345794
336,Sys_DiT_ref_3,4.65,1.5,645,0.93,0.3,0.279,0.4536585365853659
336,User_DiT_1,4.38,2.0,645,0.876,0.4,0.35040000000000004,0.5492163009404389
336,User_DiT_2,4.38,2.0,645,0.876,0.4,0.35040000000000004,0.5492163009404389
336,User_DiT_3,4.38,2.0,645,0.876,0.4,0.35040000000000004,0.5492163009404389
337,Sys_DiT_ref_1,4.85,2.0,645,0.97,0.4,0.388,0.5664233576642336
337,Sys_DiT_ref_2,4.65,2.0,645,0.93,0.4,0.37200000000000005,0.5593984962406016
337,Sys_DiT_ref_3,4.65,2.0,645,0.93,0.4,0.37200000000000005,0.5593984962406016
337,User_DiT_1,5.0,3.0,645,1.0,0.6,0.6,0.7499999999999999
337,User_DiT_2,5.0,3.0,645,1.0,0.6,0.6,0.7499999999999999
337,User_DiT_3,5.0,2.0,645,1.0,0.4,0.4,0.5714285714285715
338,Sys_DiT_ref_1,4.15,1.5,645,0.8300000000000001,0.3,0.249,0.44070796460176986
338,Sys_DiT_ref_2,4.65,3.82,645,0.93,0.764,0.71052,0.8388665879574971
338,Sys_DiT_ref_3,4.65,2.85,645,0.93,0.5700000000000001,0.5301000000000001,0.7068000000000002
338,User_DiT_1,4.38,4.0,645,0.876,0.8,0.7008000000000001,0.8362768496420048
338,User_DiT_2,5.0,2.0,645,1.0,0.4,0.4,0.5714285714285715
338,User_DiT_3,4.44,2.0,645,0.8880000000000001,0.4,0.35520000000000007,0.5515527950310559
339,Sys_DiT_ref_1,4.85,1.5,645,0.97,0.3,0.291,0.458267716535433
339,Sys_DiT_ref_2,4.85,1.5,645,0.97,0.3,0.291,0.458267716535433
339,Sys_DiT_ref_3,3.85,1.5,645,0.77,0.3,0.23099999999999998,0.4317757009345794
339,User_DiT_1,5.0,2.0,645,1.0,0.4,0.4,0.5714285714285715
339,User_DiT_2,5.0,2.0,645,1.0,0.4,0.4,0.5714285714285715
339,User_DiT_3,0.0,2.0,645,0.0,0.4,0.0,0.0
340,Sys_DiT_ref_1,4.85,3.62,654,0.97,0.724,0.7022799999999999,0.8291381345926799
340,Sys_DiT_ref_2,4.65,2.85,654,0.93,0.5700000000000001,0.5301000000000001,0.7068000000000002
340,Sys_DiT_ref_3,4.85,3.75,654,0.97,0.75,0.7275,0.8459302325581396
340,User_DiT_1,0.0,3.0,654,0.0,0.6,0.0,0.0
340,User_DiT_2,5.0,4.0,654,1.0,0.8,0.8,0.888888888888889
340,User_DiT_3,5.0,4.0,654,1.0,0.8,0.8,0.888888888888889
341,Sys_DiT_ref_1,4.25,1.85,654,0.85,0.37,0.3145,0.5155737704918033
341,Sys_DiT_ref_2,4.25,2.85,654,0.85,0.5700000000000001,0.48450000000000004,0.6823943661971832
341,Sys_DiT_ref_3,4.25,1.85,654,0.85,0.37,0.3145,0.5155737704918033
341,User_DiT_1,4.38,2.0,654,0.876,0.4,0.35040000000000004,0.5492163009404389
341,User_DiT_2,5.0,2.0,654,1.0,0.4,0.4,0.5714285714285715
341,User_DiT_3,4.38,2.0,654,0.876,0.4,0.35040000000000004,0.5492163009404389
342,Sys_DiT_ref_1,4.85,2.15,654,0.97,0.43,0.41709999999999997,0.5958571428571429
342,Sys_DiT_ref_2,4.85,2.15,654,0.97,0.43,0.41709999999999997,0.5958571428571429
342,Sys_DiT_ref_3,4.85,3.6,654,0.97,0.72,0.6983999999999999,0.8265088757396449
342,User_DiT_1,5.0,5.0,654,1.0,1.0,1.0,1.0
342,User_DiT_2,5.0,4.0,654,1.0,0.8,0.8,0.888888888888889
342,User_DiT_3,5.0,5.0,654,1.0,1.0,1.0,1.0
343,Sys_DiT_ref_1,4.65,2.85,654,0.93,0.5700000000000001,0.5301000000000001,0.7068000000000002
343,Sys_DiT_ref_2,4.65,2.85,654,0.93,0.5700000000000001,0.5301000000000001,0.7068000000000002
343,Sys_DiT_ref_3,4.65,3.8,654,0.93,0.76,0.7068000000000001,0.8364497041420119
343,User_DiT_1,5.0,3.0,654,1.0,0.6,0.6,0.7499999999999999
343,User_DiT_2,5.0,3.0,654,1.0,0.6,0.6,0.7499999999999999
343,User_DiT_3,4.38,4.0,654,0.876,0.8,0.7008000000000001,0.8362768496420048
344,Sys_DiT_ref_1,4.65,2.85,654,0.93,0.5700000000000001,0.5301000000000001,0.7068000000000002
344,Sys_DiT_ref_2,4.15,2.35,654,0.8300000000000001,0.47000000000000003,0.39010000000000006,0.6001538461538463
344,Sys_DiT_ref_3,3.85,2.4,654,0.77,0.48,0.3696,0.59136
344,User_DiT_1,4.38,2.0,654,0.876,0.4,0.35040000000000004,0.5492163009404389
344,User_DiT_2,5.0,2.0,654,1.0,0.4,0.4,0.5714285714285715
344,User_DiT_3,5.0,2.0,654,1.0,0.4,0.4,0.5714285714285715
345,Sys_DiT_ref_1,4.85,3.72,679,0.97,0.744,0.72168,0.842100350058343
345,Sys_DiT_ref_2,4.15,3.85,679,0.8300000000000001,0.77,0.6391000000000001,0.7988750000000001
345,Sys_DiT_ref_3,4.65,3.82,679,0.93,0.764,0.71052,0.8388665879574971
345,User_DiT_1,3.12,4.0,679,0.624,0.8,0.49920000000000003,0.7011235955056181
345,User_DiT_2,3.12,4.0,679,0.624,0.8,0.49920000000000003,0.7011235955056181
345,User_DiT_3,3.12,4.0,679,0.624,0.8,0.49920000000000003,0.7011235955056181
346,Sys_DiT_ref_1,3.85,3.62,679,0.77,0.724,0.55748,0.7462918340026774
346,Sys_DiT_ref_2,3.85,2.65,679,0.77,0.53,0.4081,0.6278461538461538
346,Sys_DiT_ref_3,4.85,3.65,679,0.97,0.73,0.7081,0.8330588235294117
346,User_DiT_1,1.88,4.0,679,0.376,0.8,0.3008,0.5115646258503401
346,User_DiT_2,2.5,4.0,679,0.5,0.8,0.4,0.6153846153846154
346,User_DiT_3,2.5,4.0,679,0.5,0.8,0.4,0.6153846153846154
347,Sys_DiT_ref_1,4.12,2.85,679,0.8240000000000001,0.5700000000000001,0.4696800000000001,0.6738593974175037
347,Sys_DiT_ref_2,4.15,3.85,679,0.8300000000000001,0.77,0.6391000000000001,0.7988750000000001
347,Sys_DiT_ref_3,4.12,3.65,679,0.8240000000000001,0.73,0.60152,0.7741570141570142
347,User_DiT_1,1.88,3.0,679,0.376,0.6,0.2256,0.46229508196721314
347,User_DiT_2,1.88,3.0,679,0.376,0.6,0.2256,0.46229508196721314
347,User_DiT_3,1.88,3.0,679,0.376,0.6,0.2256,0.46229508196721314
348,Sys_DiT_ref_1,4.25,2.8,679,0.85,0.5599999999999999,0.4759999999999999,0.675177304964539
348,Sys_DiT_ref_2,3.85,2.92,679,0.77,0.584,0.44967999999999997,0.6642245199409157
348,Sys_DiT_ref_3,3.82,2.15,679,0.764,0.43,0.32852,0.550284757118928
348,User_DiT_1,3.57,2.0,679,0.714,0.4,0.2856,0.5127468581687613
348,User_DiT_2,4.17,2.0,679,0.834,0.4,0.3336,0.5406807131280389
348,User_DiT_3,2.86,3.0,679,0.572,0.6,0.34319999999999995,0.5856655290102388
349,Sys_DiT_ref_1,3.82,2.15,679,0.764,0.43,0.32852,0.550284757118928
349,Sys_DiT_ref_2,1.85,1.92,679,0.37,0.384,0.14208,0.37687002652519896
349,Sys_DiT_ref_3,1.85,1.2,679,0.37,0.24,0.08879999999999999,0.2911475409836065
349,User_DiT_1,1.88,1.0,679,0.376,0.2,0.0752,0.26111111111111107
349,User_DiT_2,1.88,1.0,679,0.376,0.2,0.0752,0.26111111111111107
349,User_DiT_3,3.75,2.0,679,0.75,0.4,0.30000000000000004,0.5217391304347827
350,Sys_DiT_ref_1,4.85,3.65,687,0.97,0.73,0.7081,0.8330588235294117
350,Sys_DiT_ref_2,3.85,2.75,687,0.77,0.55,0.42350000000000004,0.6416666666666667
350,Sys_DiT_ref_3,4.85,3.65,687,0.97,0.73,0.7081,0.8330588235294117
350,User_DiT_1,5.0,4.0,687,1.0,0.8,0.8,0.888888888888889
350,User_DiT_2,5.0,4.0,687,1.0,0.8,0.8,0.888888888888889
350,User_DiT_3,5.0,3.0,687,1.0,0.6,0.6,0.7499999999999999
351,Sys_DiT_ref_1,5.0,4.95,687,1.0,0.99,0.99,0.9949748743718593
351,Sys_DiT_ref_2,4.12,2.85,687,0.8240000000000001,0.5700000000000001,0.4696800000000001,0.6738593974175037
351,Sys_DiT_ref_3,4.85,3.6,687,0.97,0.72,0.6983999999999999,0.8265088757396449
351,User_DiT_1,5.0,5.0,687,1.0,1.0,1.0,1.0
351,User_DiT_2,5.0,3.0,687,1.0,0.6,0.6,0.7499999999999999
351,User_DiT_3,5.0,3.0,687,1.0,0.6,0.6,0.7499999999999999
352,Sys_DiT_ref_1,4.85,4.2,687,0.97,0.8400000000000001,0.8148000000000001,0.9003314917127072
352,Sys_DiT_ref_2,4.85,4.92,687,0.97,0.984,0.95448,0.976949846468782
352,Sys_DiT_ref_3,5.0,4.9,687,1.0,0.9800000000000001,0.9800000000000001,0.9898989898989901
352,User_DiT_1,5.0,5.0,687,1.0,1.0,1.0,1.0
352,User_DiT_2,5.0,4.0,687,1.0,0.8,0.8,0.888888888888889
352,User_DiT_3,5.0,5.0,687,1.0,1.0,1.0,1.0
353,Sys_DiT_ref_1,4.95,4.98,687,0.99,0.9960000000000001,0.9860400000000001,0.9929909365558913
353,Sys_DiT_ref_2,4.85,4.92,687,0.97,0.984,0.95448,0.976949846468782
353,Sys_DiT_ref_3,4.95,4.98,687,0.99,0.9960000000000001,0.9860400000000001,0.9929909365558913
353,User_DiT_1,5.0,5.0,687,1.0,1.0,1.0,1.0
353,User_DiT_2,5.0,5.0,687,1.0,1.0,1.0,1.0
353,User_DiT_3,5.0,5.0,687,1.0,1.0,1.0,1.0
354,Sys_DiT_ref_1,4.35,3.82,687,0.8699999999999999,0.764,0.6646799999999999,0.8135618115055079
354,Sys_DiT_ref_2,4.65,3.82,687,0.93,0.764,0.71052,0.8388665879574971
354,Sys_DiT_ref_3,4.12,3.85,687,0.8240000000000001,0.77,0.63448,0.7960853199498118
354,User_DiT_1,5.0,4.0,687,1.0,0.8,0.8,0.888888888888889
354,User_DiT_2,5.0,4.0,687,1.0,0.8,0.8,0.888888888888889
354,User_DiT_3,5.0,4.0,687,1.0,0.8,0.8,0.888888888888889
355,Sys_DiT_ref_1,2.15,1.85,730,0.43,0.37,0.1591,0.39774999999999994
355,Sys_DiT_ref_2,3.82,1.47,730,0.764,0.294,0.22461599999999998,0.4246049149338374
355,Sys_DiT_ref_3,2.15,1.85,730,0.43,0.37,0.1591,0.39774999999999994
355,User_DiT_1,4.38,2.0,730,0.876,0.4,0.35040000000000004,0.5492163009404389
355,User_DiT_2,3.89,2.0,730,0.778,0.4,0.31120000000000003,0.5283531409168082
355,User_DiT_3,3.89,1.0,730,0.778,0.2,0.15560000000000002,0.31820040899795504
356,Sys_DiT_ref_1,4.65,3.75,730,0.93,0.75,0.6975,0.8303571428571428
356,Sys_DiT_ref_2,4.12,3.65,730,0.8240000000000001,0.73,0.60152,0.7741570141570142
356,Sys_DiT_ref_3,4.65,3.75,730,0.93,0.75,0.6975,0.8303571428571428
356,User_DiT_1,3.89,4.0,730,0.778,0.8,0.6224000000000001,0.7888466413181242
356,User_DiT_2,3.89,4.0,730,0.778,0.8,0.6224000000000001,0.7888466413181242
356,User_DiT_3,3.89,4.0,730,0.778,0.8,0.6224000000000001,0.7888466413181242
357,Sys_DiT_ref_1,4.85,3.72,730,0.97,0.744,0.72168,0.842100350058343
357,Sys_DiT_ref_2,4.65,3.82,730,0.93,0.764,0.71052,0.8388665879574971
357,Sys_DiT_ref_3,4.15,2.85,730,0.8300000000000001,0.5700000000000001,0.4731000000000001,0.6758571428571429
357,User_DiT_1,4.44,4.0,730,0.8880000000000001,0.8,0.7104000000000001,0.8417061611374408
357,User_DiT_2,5.0,4.0,730,1.0,0.8,0.8,0.888888888888889
357,User_DiT_3,4.44,3.0,730,0.8880000000000001,0.6,0.5328,0.7161290322580646
358,Sys_DiT_ref_1,3.15,1.82,730,0.63,0.364,0.22932,0.46140845070422537
358,Sys_DiT_ref_2,4.25,2.85,730,0.85,0.5700000000000001,0.48450000000000004,0.6823943661971832
358,Sys_DiT_ref_3,3.25,1.15,730,0.65,0.22999999999999998,0.1495,0.3397727272727273
358,User_DiT_1,3.33,1.0,730,0.666,0.2,0.1332,0.30762124711316396
358,User_DiT_2,4.38,2.0,730,0.876,0.4,0.35040000000000004,0.5492163009404389
358,User_DiT_3,2.78,1.0,730,0.5559999999999999,0.2,0.1112,0.29417989417989415
359,Sys_DiT_ref_1,4.65,3.82,730,0.93,0.764,0.71052,0.8388665879574971
359,Sys_DiT_ref_2,2.15,2.85,730,0.43,0.5700000000000001,0.2451,0.4902
359,Sys_DiT_ref_3,3.85,2.75,730,0.77,0.55,0.42350000000000004,0.6416666666666667
359,User_DiT_1,5.0,4.0,730,1.0,0.8,0.8,0.888888888888889
359,User_DiT_2,5.0,3.0,730,1.0,0.6,0.6,0.7499999999999999
359,User_DiT_3,5.0,4.0,730,1.0,0.8,0.8,0.888888888888889
360,Sys_DiT_ref_1,0.15,1.85,743,0.03,0.37,0.011099999999999999,0.055499999999999994
360,Sys_DiT_ref_2,0.15,2.85,743,0.03,0.5700000000000001,0.0171,0.056999999999999995
360,Sys_DiT_ref_3,0.15,3.2,743,0.03,0.64,0.0192,0.05731343283582089
360,User_DiT_1,0.0,1.0,743,0.0,0.2,0.0,0.0
360,User_DiT_2,0.0,3.0,743,0.0,0.6,0.0,0.0
360,User_DiT_3,0.0,3.0,743,0.0,0.6,0.0,0.0
361,Sys_DiT_ref_1,3.85,2.92,743,0.77,0.584,0.44967999999999997,0.6642245199409157
361,Sys_DiT_ref_2,4.85,3.72,743,0.97,0.744,0.72168,0.842100350058343
361,Sys_DiT_ref_3,4.85,3.72,743,0.97,0.744,0.72168,0.842100350058343
361,User_DiT_1,0.0,4.0,743,0.0,0.8,0.0,0.0
361,User_DiT_2,3.75,3.0,743,0.75,0.6,0.44999999999999996,0.6666666666666665
361,User_DiT_3,0.0,4.0,743,0.0,0.8,0.0,0.0
362,Sys_DiT_ref_1,4.85,4.2,743,0.97,0.8400000000000001,0.8148000000000001,0.9003314917127072
362,Sys_DiT_ref_2,4.85,4.62,743,0.97,0.924,0.89628,0.9464413938753959
362,Sys_DiT_ref_3,4.85,4.92,743,0.97,0.984,0.95448,0.976949846468782
362,User_DiT_1,5.0,5.0,743,1.0,1.0,1.0,1.0
362,User_DiT_2,5.0,5.0,743,1.0,1.0,1.0,1.0
362,User_DiT_3,5.0,5.0,743,1.0,1.0,1.0,1.0
363,Sys_DiT_ref_1,3.85,3.6,743,0.77,0.72,0.5544,0.7441610738255033
363,Sys_DiT_ref_2,3.85,2.15,743,0.77,0.43,0.3311,0.5518333333333334
363,Sys_DiT_ref_3,3.85,2.9,743,0.77,0.58,0.4466,0.6616296296296296
363,User_DiT_1,3.33,2.0,743,0.666,0.4,0.2664,0.499812382739212
363,User_DiT_2,3.33,3.0,743,0.666,0.6,0.3996,0.6312796208530805
363,User_DiT_3,3.33,2.0,743,0.666,0.4,0.2664,0.499812382739212
364,Sys_DiT_ref_1,4.85,4.2,743,0.97,0.8400000000000001,0.8148000000000001,0.9003314917127072
364,Sys_DiT_ref_2,4.65,3.82,743,0.93,0.764,0.71052,0.8388665879574971
364,Sys_DiT_ref_3,4.65,3.85,743,0.93,0.77,0.7161000000000001,0.8424705882352941
364,User_DiT_1,5.0,4.0,743,1.0,0.8,0.8,0.888888888888889
364,User_DiT_2,5.0,5.0,743,1.0,1.0,1.0,1.0
364,User_DiT_3,5.0,4.0,743,1.0,0.8,0.8,0.888888888888889
365,Sys_DiT_ref_1,3.42,3.85,746,0.6839999999999999,0.77,0.5266799999999999,0.7244566712517193
365,Sys_DiT_ref_2,2.15,1.85,746,0.43,0.37,0.1591,0.39774999999999994
365,Sys_DiT_ref_3,2.85,3.4,746,0.5700000000000001,0.6799999999999999,0.3876,0.62016
365,User_DiT_1,3.57,2.0,746,0.714,0.4,0.2856,0.5127468581687613
365,User_DiT_2,3.57,2.0,746,0.714,0.4,0.2856,0.5127468581687613
365,User_DiT_3,3.57,4.0,746,0.714,0.8,0.5712,0.7545574636723911
366,Sys_DiT_ref_1,4.85,1.5,746,0.97,0.3,0.291,0.458267716535433
366,Sys_DiT_ref_2,0.85,1.2,746,0.16999999999999998,0.24,0.040799999999999996,0.19902439024390242
366,Sys_DiT_ref_3,0.15,1.5,746,0.03,0.3,0.009,0.05454545454545455
366,User_DiT_1,1.25,1.0,746,0.25,0.2,0.05,0.22222222222222224
366,User_DiT_2,1.25,3.0,746,0.25,0.6,0.15,0.35294117647058826
366,User_DiT_3,1.25,2.0,746,0.25,0.4,0.1,0.3076923076923077
367,Sys_DiT_ref_1,2.85,3.42,746,0.5700000000000001,0.6839999999999999,0.38988,0.6218181818181818
367,Sys_DiT_ref_2,3.15,2.85,746,0.63,0.5700000000000001,0.35910000000000003,0.5984999999999999
367,Sys_DiT_ref_3,2.85,3.62,746,0.5700000000000001,0.724,0.41268000000000005,0.6378361669242659
367,User_DiT_1,3.57,4.0,746,0.714,0.8,0.5712,0.7545574636723911
367,User_DiT_2,3.57,3.0,746,0.714,0.6,0.42839999999999995,0.6520547945205478
367,User_DiT_3,3.57,4.0,746,0.714,0.8,0.5712,0.7545574636723911
368,Sys_DiT_ref_1,0.15,1.5,746,0.03,0.3,0.009,0.05454545454545455
368,Sys_DiT_ref_2,0.15,1.5,746,0.03,0.3,0.009,0.05454545454545455
368,Sys_DiT_ref_3,0.0,1.5,746,0.0,0.3,0.0,0.0
368,User_DiT_1,0.62,2.0,746,0.124,0.4,0.049600000000000005,0.18931297709923664
368,User_DiT_2,0.62,2.0,746,0.124,0.4,0.049600000000000005,0.18931297709923664
368,User_DiT_3,5.0,2.0,746,1.0,0.4,0.4,0.5714285714285715
369,Sys_DiT_ref_1,4.12,1.85,746,0.8240000000000001,0.37,0.30488000000000004,0.5106867671691793
369,Sys_DiT_ref_2,4.15,1.85,746,0.8300000000000001,0.37,0.30710000000000004,0.5118333333333334
369,Sys_DiT_ref_3,3.82,2.95,746,0.764,0.5900000000000001,0.45076000000000005,0.6658197932053176
369,User_DiT_1,4.17,1.0,746,0.834,0.2,0.1668,0.3226305609284333
369,User_DiT_2,4.29,1.0,746,0.858,0.2,0.1716,0.3243856332703213
369,User_DiT_3,4.17,3.0,746,0.834,0.6,0.5004,0.697907949790795
370,Sys_DiT_ref_1,1.85,2.1,755,0.37,0.42000000000000004,0.1554,0.39341772151898735
370,Sys_DiT_ref_2,3.85,2.4,755,0.77,0.48,0.3696,0.59136
370,Sys_DiT_ref_3,4.85,3.75,755,0.97,0.75,0.7275,0.8459302325581396
370,User_DiT_1,1.5,4.0,755,0.3,0.8,0.24,0.4363636363636363
370,User_DiT_2,5.0,2.0,755,1.0,0.4,0.4,0.5714285714285715
370,User_DiT_3,5.0,2.0,755,1.0,0.4,0.4,0.5714285714285715
371,Sys_DiT_ref_1,4.65,2.85,755,0.93,0.5700000000000001,0.5301000000000001,0.7068000000000002
371,Sys_DiT_ref_2,4.85,4.2,755,0.97,0.8400000000000001,0.8148000000000001,0.9003314917127072
371,Sys_DiT_ref_3,4.65,3.85,755,0.93,0.77,0.7161000000000001,0.8424705882352941
371,User_DiT_1,5.0,3.0,755,1.0,0.6,0.6,0.7499999999999999
371,User_DiT_2,4.5,4.0,755,0.9,0.8,0.7200000000000001,0.8470588235294118
371,User_DiT_3,5.0,3.0,755,1.0,0.6,0.6,0.7499999999999999
372,Sys_DiT_ref_1,4.82,4.95,755,0.9640000000000001,0.99,0.9543600000000001,0.9768270214943705
372,Sys_DiT_ref_2,4.85,4.92,755,0.97,0.984,0.95448,0.976949846468782
372,Sys_DiT_ref_3,4.65,4.85,755,0.93,0.97,0.9021,0.9495789473684211
372,User_DiT_1,5.0,5.0,755,1.0,1.0,1.0,1.0
372,User_DiT_2,5.0,5.0,755,1.0,1.0,1.0,1.0
372,User_DiT_3,5.0,3.0,755,1.0,0.6,0.6,0.7499999999999999
373,Sys_DiT_ref_1,0.12,0.85,755,0.024,0.16999999999999998,0.004079999999999999,0.04206185567010309
373,Sys_DiT_ref_2,4.15,3.25,755,0.8300000000000001,0.65,0.5395000000000001,0.7290540540540542
373,Sys_DiT_ref_3,0.15,1.2,755,0.03,0.24,0.0072,0.05333333333333333
373,User_DiT_1,0.56,1.0,755,0.11200000000000002,0.2,0.022400000000000003,0.14358974358974358
373,User_DiT_2,5.0,1.0,755,1.0,0.2,0.2,0.33333333333333337
373,User_DiT_3,0.56,1.0,755,0.11200000000000002,0.2,0.022400000000000003,0.14358974358974358
374,Sys_DiT_ref_1,4.92,4.95,755,0.984,0.99,0.97416,0.9869908814589666
374,Sys_DiT_ref_2,4.92,4.95,755,0.984,0.99,0.97416,0.9869908814589666
374,Sys_DiT_ref_3,5.0,4.92,755,1.0,0.984,0.984,0.9919354838709677
374,User_DiT_1,5.0,5.0,755,1.0,1.0,1.0,1.0
374,User_DiT_2,5.0,5.0,755,1.0,1.0,1.0,1.0
374,User_DiT_3,5.0,5.0,755,1.0,1.0,1.0,1.0
375,Sys_DiT_ref_1,4.85,3.75,756,0.97,0.75,0.7275,0.8459302325581396
375,Sys_DiT_ref_2,4.85,3.65,756,0.97,0.73,0.7081,0.8330588235294117
375,Sys_DiT_ref_3,4.85,2.1,756,0.97,0.42000000000000004,0.40740000000000004,0.5861870503597122
375,User_DiT_1,5.0,2.0,756,1.0,0.4,0.4,0.5714285714285715
375,User_DiT_2,5.0,4.0,756,1.0,0.8,0.8,0.888888888888889
375,User_DiT_3,5.0,4.0,756,1.0,0.8,0.8,0.888888888888889
376,Sys_DiT_ref_1,4.65,3.85,756,0.93,0.77,0.7161000000000001,0.8424705882352941
376,Sys_DiT_ref_2,3.85,2.65,756,0.77,0.53,0.4081,0.6278461538461538
376,Sys_DiT_ref_3,4.12,2.85,756,0.8240000000000001,0.5700000000000001,0.4696800000000001,0.6738593974175037
376,User_DiT_1,3.89,3.0,756,0.778,0.6,0.4668,0.6775036284470246
376,User_DiT_2,3.89,3.0,756,0.778,0.6,0.4668,0.6775036284470246
376,User_DiT_3,5.0,3.0,756,1.0,0.6,0.6,0.7499999999999999
377,Sys_DiT_ref_1,3.85,4.12,756,0.77,0.8240000000000001,0.63448,0.7960853199498118
377,Sys_DiT_ref_2,3.42,4.68,756,0.6839999999999999,0.9359999999999999,0.6402239999999999,0.7904
377,Sys_DiT_ref_3,3.85,4.12,756,0.77,0.8240000000000001,0.63448,0.7960853199498118
377,User_DiT_1,4.0,4.0,756,0.8,0.8,0.6400000000000001,0.8000000000000002
377,User_DiT_2,4.0,4.0,756,0.8,0.8,0.6400000000000001,0.8000000000000002
377,User_DiT_3,4.0,4.0,756,0.8,0.8,0.6400000000000001,0.8000000000000002
378,Sys_DiT_ref_1,4.15,2.85,756,0.8300000000000001,0.5700000000000001,0.4731000000000001,0.6758571428571429
378,Sys_DiT_ref_2,4.15,3.65,756,0.8300000000000001,0.73,0.6059,0.7767948717948717
378,Sys_DiT_ref_3,3.85,2.65,756,0.77,0.53,0.4081,0.6278461538461538
378,User_DiT_1,4.29,3.0,756,0.858,0.6,0.5147999999999999,0.7061728395061727
378,User_DiT_2,4.29,3.0,756,0.858,0.6,0.5147999999999999,0.7061728395061727
378,User_DiT_3,4.29,2.0,756,0.858,0.4,0.3432,0.5456279809220985
379,Sys_DiT_ref_1,3.25,2.85,756,0.65,0.5700000000000001,0.37050000000000005,0.6073770491803279
379,Sys_DiT_ref_2,3.85,2.15,756,0.77,0.43,0.3311,0.5518333333333334
379,Sys_DiT_ref_3,4.12,2.85,756,0.8240000000000001,0.5700000000000001,0.4696800000000001,0.6738593974175037
379,User_DiT_1,4.17,2.0,756,0.834,0.4,0.3336,0.5406807131280389
379,User_DiT_2,4.17,2.0,756,0.834,0.4,0.3336,0.5406807131280389
379,User_DiT_3,4.17,2.0,756,0.834,0.4,0.3336,0.5406807131280389
380,Sys_DiT_ref_1,5.0,5.0,806,1.0,1.0,1.0,1.0
380,Sys_DiT_ref_2,4.92,4.95,806,0.984,0.99,0.97416,0.9869908814589666
380,Sys_DiT_ref_3,4.85,3.2,806,0.97,0.64,0.6208,0.7711801242236026
380,User_DiT_1,5.0,5.0,806,1.0,1.0,1.0,1.0
380,User_DiT_2,0.0,3.0,806,0.0,0.6,0.0,0.0
380,User_DiT_3,5.0,5.0,806,1.0,1.0,1.0,1.0
381,Sys_DiT_ref_1,4.85,3.62,806,0.97,0.724,0.7022799999999999,0.8291381345926799
381,Sys_DiT_ref_2,4.92,4.65,806,0.984,0.93,0.91512,0.9562382445141066
381,Sys_DiT_ref_3,5.0,5.0,806,1.0,1.0,1.0,1.0
381,User_DiT_1,5.0,4.0,806,1.0,0.8,0.8,0.888888888888889
381,User_DiT_2,5.0,5.0,806,1.0,1.0,1.0,1.0
381,User_DiT_3,5.0,5.0,806,1.0,1.0,1.0,1.0
382,Sys_DiT_ref_1,4.65,4.78,806,0.93,0.9560000000000001,0.8890800000000001,0.9428207847295864
382,Sys_DiT_ref_2,4.65,3.82,806,0.93,0.764,0.71052,0.8388665879574971
382,Sys_DiT_ref_3,4.98,4.99,806,0.9960000000000001,0.998,0.9940080000000001,0.9969989969909729
382,User_DiT_1,5.0,5.0,806,1.0,1.0,1.0,1.0
382,User_DiT_2,5.0,5.0,806,1.0,1.0,1.0,1.0
382,User_DiT_3,4.44,5.0,806,0.8880000000000001,1.0,0.8880000000000001,0.940677966101695
383,Sys_DiT_ref_1,4.65,3.85,806,0.93,0.77,0.7161000000000001,0.8424705882352941
383,Sys_DiT_ref_2,4.85,4.2,806,0.97,0.8400000000000001,0.8148000000000001,0.9003314917127072
383,Sys_DiT_ref_3,4.65,3.85,806,0.93,0.77,0.7161000000000001,0.8424705882352941
383,User_DiT_1,5.0,4.0,806,1.0,0.8,0.8,0.888888888888889
383,User_DiT_2,5.0,4.0,806,1.0,0.8,0.8,0.888888888888889
383,User_DiT_3,5.0,4.0,806,1.0,0.8,0.8,0.888888888888889
384,Sys_DiT_ref_1,4.85,3.65,806,0.97,0.73,0.7081,0.8330588235294117
384,Sys_DiT_ref_2,4.85,4.2,806,0.97,0.8400000000000001,0.8148000000000001,0.9003314917127072
384,Sys_DiT_ref_3,4.85,4.6,806,0.97,0.9199999999999999,0.8923999999999999,0.9443386243386243
384,User_DiT_1,5.0,5.0,806,1.0,1.0,1.0,1.0
384,User_DiT_2,5.0,5.0,806,1.0,1.0,1.0,1.0
384,User_DiT_3,5.0,4.0,806,1.0,0.8,0.8,0.888888888888889
385,Sys_DiT_ref_1,1.25,2.85,810,0.25,0.5700000000000001,0.14250000000000002,0.34756097560975613
385,Sys_DiT_ref_2,2.85,2.65,810,0.5700000000000001,0.53,0.30210000000000004,0.5492727272727272
385,Sys_DiT_ref_3,0.15,2.85,810,0.03,0.5700000000000001,0.0171,0.056999999999999995
385,User_DiT_1,3.12,3.0,810,0.624,0.6,0.3744,0.611764705882353
385,User_DiT_2,2.5,3.0,810,0.5,0.6,0.3,0.5454545454545454
385,User_DiT_3,2.5,3.0,810,0.5,0.6,0.3,0.5454545454545454
386,Sys_DiT_ref_1,3.85,3.62,810,0.77,0.724,0.55748,0.7462918340026774
386,Sys_DiT_ref_2,4.15,3.85,810,0.8300000000000001,0.77,0.6391000000000001,0.7988750000000001
386,Sys_DiT_ref_3,4.85,3.92,810,0.97,0.784,0.76048,0.8671379703534778
386,User_DiT_1,3.75,4.0,810,0.75,0.8,0.6000000000000001,0.7741935483870969
386,User_DiT_2,3.75,4.0,810,0.75,0.8,0.6000000000000001,0.7741935483870969
386,User_DiT_3,3.75,4.0,810,0.75,0.8,0.6000000000000001,0.7741935483870969
387,Sys_DiT_ref_1,4.25,2.85,810,0.85,0.5700000000000001,0.48450000000000004,0.6823943661971832
387,Sys_DiT_ref_2,3.85,2.4,810,0.77,0.48,0.3696,0.59136
387,Sys_DiT_ref_3,4.85,4.2,810,0.97,0.8400000000000001,0.8148000000000001,0.9003314917127072
387,User_DiT_1,4.38,3.0,810,0.876,0.6,0.5256,0.7121951219512195
387,User_DiT_2,3.75,3.0,810,0.75,0.6,0.44999999999999996,0.6666666666666665
387,User_DiT_3,4.38,4.0,810,0.876,0.8,0.7008000000000001,0.8362768496420048
388,Sys_DiT_ref_1,4.15,3.68,810,0.8300000000000001,0.736,0.6108800000000001,0.7801787994891444
388,Sys_DiT_ref_2,4.15,2.85,810,0.8300000000000001,0.5700000000000001,0.4731000000000001,0.6758571428571429
388,Sys_DiT_ref_3,4.15,3.85,810,0.8300000000000001,0.77,0.6391000000000001,0.7988750000000001
388,User_DiT_1,3.75,4.0,810,0.75,0.8,0.6000000000000001,0.7741935483870969
388,User_DiT_2,3.75,2.0,810,0.75,0.4,0.30000000000000004,0.5217391304347827
388,User_DiT_3,3.75,3.0,810,0.75,0.6,0.44999999999999996,0.6666666666666665
389,Sys_DiT_ref_1,4.15,2.85,810,0.8300000000000001,0.5700000000000001,0.4731000000000001,0.6758571428571429
389,Sys_DiT_ref_2,1.85,2.4,810,0.37,0.48,0.17759999999999998,0.4178823529411764
389,Sys_DiT_ref_3,0.15,2.85,810,0.03,0.5700000000000001,0.0171,0.056999999999999995
389,User_DiT_1,3.12,2.0,810,0.624,0.4,0.24960000000000002,0.48750000000000004
389,User_DiT_2,3.12,3.0,810,0.624,0.6,0.3744,0.611764705882353
389,User_DiT_3,3.12,3.0,810,0.624,0.6,0.3744,0.611764705882353
390,Sys_DiT_ref_1,4.12,2.85,819,0.8240000000000001,0.5700000000000001,0.4696800000000001,0.6738593974175037
390,Sys_DiT_ref_2,4.82,2.15,819,0.9640000000000001,0.43,0.41452000000000006,0.5947202295552367
390,Sys_DiT_ref_3,3.85,2.15,819,0.77,0.43,0.3311,0.5518333333333334
390,User_DiT_1,4.0,2.0,819,0.8,0.4,0.32000000000000006,0.5333333333333333
390,User_DiT_2,4.0,2.0,819,0.8,0.4,0.32000000000000006,0.5333333333333333
390,User_DiT_3,4.0,2.0,819,0.8,0.4,0.32000000000000006,0.5333333333333333
391,Sys_DiT_ref_1,4.85,3.62,819,0.97,0.724,0.7022799999999999,0.8291381345926799
391,Sys_DiT_ref_2,4.85,3.75,819,0.97,0.75,0.7275,0.8459302325581396
391,Sys_DiT_ref_3,4.15,2.85,819,0.8300000000000001,0.5700000000000001,0.4731000000000001,0.6758571428571429
391,User_DiT_1,4.17,3.0,819,0.834,0.6,0.5004,0.697907949790795
391,User_DiT_2,5.0,3.0,819,1.0,0.6,0.6,0.7499999999999999
391,User_DiT_3,4.17,4.0,819,0.834,0.8,0.6672,0.8166462668298654
392,Sys_DiT_ref_1,4.15,2.85,819,0.8300000000000001,0.5700000000000001,0.4731000000000001,0.6758571428571429
392,Sys_DiT_ref_2,4.15,2.85,819,0.8300000000000001,0.5700000000000001,0.4731000000000001,0.6758571428571429
392,Sys_DiT_ref_3,3.85,1.5,819,0.77,0.3,0.23099999999999998,0.4317757009345794
392,User_DiT_1,5.0,2.0,819,1.0,0.4,0.4,0.5714285714285715
392,User_DiT_2,5.0,2.0,819,1.0,0.4,0.4,0.5714285714285715
392,User_DiT_3,5.0,3.0,819,1.0,0.6,0.6,0.7499999999999999
393,Sys_DiT_ref_1,1.85,2.0,819,0.37,0.4,0.148,0.3844155844155844
393,Sys_DiT_ref_2,1.85,2.4,819,0.37,0.48,0.17759999999999998,0.4178823529411764
393,Sys_DiT_ref_3,1.85,2.1,819,0.37,0.42000000000000004,0.1554,0.39341772151898735
393,User_DiT_1,1.25,2.0,819,0.25,0.4,0.1,0.3076923076923077
393,User_DiT_2,1.25,2.0,819,0.25,0.4,0.1,0.3076923076923077
393,User_DiT_3,1.25,2.0,819,0.25,0.4,0.1,0.3076923076923077
394,Sys_DiT_ref_1,4.65,1.5,819,0.93,0.3,0.279,0.4536585365853659
394,Sys_DiT_ref_2,4.12,1.5,819,0.8240000000000001,0.3,0.2472,0.43985765124555154
394,Sys_DiT_ref_3,4.15,1.5,819,0.8300000000000001,0.3,0.249,0.44070796460176986
394,User_DiT_1,5.0,4.0,819,1.0,0.8,0.8,0.888888888888889
394,User_DiT_2,5.0,2.0,819,1.0,0.4,0.4,0.5714285714285715
394,User_DiT_3,5.0,2.0,819,1.0,0.4,0.4,0.5714285714285715
395,Sys_DiT_ref_1,0.85,1.2,836,0.16999999999999998,0.24,0.040799999999999996,0.19902439024390242
395,Sys_DiT_ref_2,0.15,1.2,836,0.03,0.24,0.0072,0.05333333333333333
395,Sys_DiT_ref_3,0.12,1.85,836,0.024,0.37,0.00888,0.0450761421319797
395,User_DiT_1,0.71,1.0,836,0.142,0.2,0.028399999999999998,0.16608187134502925
395,User_DiT_2,0.83,2.0,836,0.16599999999999998,0.4,0.0664,0.23462897526501764
395,User_DiT_3,0.71,1.0,836,0.142,0.2,0.028399999999999998,0.16608187134502925
396,Sys_DiT_ref_1,1.85,1.2,836,0.37,0.24,0.08879999999999999,0.2911475409836065
396,Sys_DiT_ref_2,4.85,2.15,836,0.97,0.43,0.41709999999999997,0.5958571428571429
396,Sys_DiT_ref_3,0.0,2.15,836,0.0,0.43,0.0,0.0
396,User_DiT_1,1.43,4.0,836,0.286,0.8,0.2288,0.42136279926335174
396,User_DiT_2,1.43,1.0,836,0.286,0.2,0.0572,0.23539094650205764
396,User_DiT_3,0.0,4.0,836,0.0,0.8,0.0,0.0
397,Sys_DiT_ref_1,0.0,1.2,836,0.0,0.24,0.0,0.0
397,Sys_DiT_ref_2,0.0,1.25,836,0.0,0.25,0.0,0.0
397,Sys_DiT_ref_3,0.0,1.5,836,0.0,0.3,0.0,0.0
397,User_DiT_1,0.0,1.0,836,0.0,0.2,0.0,0.0
397,User_DiT_2,0.0,1.0,836,0.0,0.2,0.0,0.0
397,User_DiT_3,0.0,1.0,836,0.0,0.2,0.0,0.0
398,Sys_DiT_ref_1,0.0,2.85,836,0.0,0.5700000000000001,0.0,0.0
398,Sys_DiT_ref_2,0.0,3.85,836,0.0,0.77,0.0,0.0
398,Sys_DiT_ref_3,0.0,3.85,836,0.0,0.77,0.0,0.0
398,User_DiT_1,0.0,4.0,836,0.0,0.8,0.0,0.0
398,User_DiT_2,0.0,3.0,836,0.0,0.6,0.0,0.0
398,User_DiT_3,0.0,4.0,836,0.0,0.8,0.0,0.0
399,Sys_DiT_ref_1,0.0,0.85,836,0.0,0.16999999999999998,0.0,0.0
399,Sys_DiT_ref_2,0.15,1.85,836,0.03,0.37,0.011099999999999999,0.055499999999999994
399,Sys_DiT_ref_3,0.0,0.5,836,0.0,0.1,0.0,0.0
399,User_DiT_1,0.83,1.0,836,0.16599999999999998,0.2,0.0332,0.1814207650273224
399,User_DiT_2,0.83,1.0,836,0.16599999999999998,0.2,0.0332,0.1814207650273224
399,User_DiT_3,0.83,0.0,836,0.16599999999999998,0.0,0.0,0.0
400,Sys_DiT_ref_1,4.35,3.82,903,0.8699999999999999,0.764,0.6646799999999999,0.8135618115055079
400,Sys_DiT_ref_2,4.65,3.85,903,0.93,0.77,0.7161000000000001,0.8424705882352941
400,Sys_DiT_ref_3,4.65,3.85,903,0.93,0.77,0.7161000000000001,0.8424705882352941
400,User_DiT_1,5.0,4.0,903,1.0,0.8,0.8,0.888888888888889
400,User_DiT_2,5.0,4.0,903,1.0,0.8,0.8,0.888888888888889
400,User_DiT_3,5.0,4.0,903,1.0,0.8,0.8,0.888888888888889
401,Sys_DiT_ref_1,1.25,2.8,903,0.25,0.5599999999999999,0.13999999999999999,0.345679012345679
401,Sys_DiT_ref_2,2.85,2.1,903,0.5700000000000001,0.42000000000000004,0.23940000000000006,0.4836363636363637
401,Sys_DiT_ref_3,1.85,1.5,903,0.37,0.3,0.111,0.3313432835820896
401,User_DiT_1,3.57,3.0,903,0.714,0.6,0.42839999999999995,0.6520547945205478
401,User_DiT_2,1.43,2.0,903,0.286,0.4,0.1144,0.3335276967930029
401,User_DiT_3,3.57,2.0,903,0.714,0.4,0.2856,0.5127468581687613
402,Sys_DiT_ref_1,0.85,0.92,903,0.16999999999999998,0.184,0.031279999999999995,0.1767231638418079
402,Sys_DiT_ref_2,2.85,1.65,903,0.5700000000000001,0.32999999999999996,0.1881,0.418
402,Sys_DiT_ref_3,4.15,3.28,903,0.8300000000000001,0.6559999999999999,0.54448,0.7328129205921937
402,User_DiT_1,2.86,4.0,903,0.572,0.8,0.4576,0.6670553935860059
402,User_DiT_2,2.86,4.0,903,0.572,0.8,0.4576,0.6670553935860059
402,User_DiT_3,0.71,4.0,903,0.142,0.8,0.11359999999999999,0.24118895966029721
403,Sys_DiT_ref_1,4.85,3.6,903,0.97,0.72,0.6983999999999999,0.8265088757396449
403,Sys_DiT_ref_2,4.85,3.6,903,0.97,0.72,0.6983999999999999,0.8265088757396449
403,Sys_DiT_ref_3,4.72,3.85,903,0.944,0.77,0.72688,0.8481680280046674
403,User_DiT_1,5.0,4.0,903,1.0,0.8,0.8,0.888888888888889
403,User_DiT_2,5.0,4.0,903,1.0,0.8,0.8,0.888888888888889
403,User_DiT_3,5.0,4.0,903,1.0,0.8,0.8,0.888888888888889
404,Sys_DiT_ref_1,3.42,2.85,903,0.6839999999999999,0.5700000000000001,0.38988,0.6218181818181818
404,Sys_DiT_ref_2,1.85,1.5,903,0.37,0.3,0.111,0.3313432835820896
404,Sys_DiT_ref_3,3.45,2.85,903,0.6900000000000001,0.5700000000000001,0.3933000000000001,0.6242857142857143
404,User_DiT_1,0.0,4.0,903,0.0,0.8,0.0,0.0
404,User_DiT_2,3.57,4.0,903,0.714,0.8,0.5712,0.7545574636723911
404,User_DiT_3,0.0,3.0,903,0.0,0.6,0.0,0.0
405,Sys_DiT_ref_1,4.65,2.85,917,0.93,0.5700000000000001,0.5301000000000001,0.7068000000000002
405,Sys_DiT_ref_2,4.65,3.85,917,0.93,0.77,0.7161000000000001,0.8424705882352941
405,Sys_DiT_ref_3,4.12,2.85,917,0.8240000000000001,0.5700000000000001,0.4696800000000001,0.6738593974175037
405,User_DiT_1,4.29,3.0,917,0.858,0.6,0.5147999999999999,0.7061728395061727
405,User_DiT_2,4.29,3.0,917,0.858,0.6,0.5147999999999999,0.7061728395061727
405,User_DiT_3,4.29,3.0,917,0.858,0.6,0.5147999999999999,0.7061728395061727
406,Sys_DiT_ref_1,4.12,2.35,917,0.8240000000000001,0.47000000000000003,0.38728000000000007,0.5985780525502319
406,Sys_DiT_ref_2,4.12,2.35,917,0.8240000000000001,0.47000000000000003,0.38728000000000007,0.5985780525502319
406,Sys_DiT_ref_3,2.85,1.92,917,0.5700000000000001,0.384,0.21888000000000002,0.4588679245283019
406,User_DiT_1,0.0,2.0,917,0.0,0.4,0.0,0.0
406,User_DiT_2,3.0,2.0,917,0.6,0.4,0.24,0.48
406,User_DiT_3,5.0,2.0,917,1.0,0.4,0.4,0.5714285714285715
407,Sys_DiT_ref_1,4.12,2.85,917,0.8240000000000001,0.5700000000000001,0.4696800000000001,0.6738593974175037
407,Sys_DiT_ref_2,2.85,1.92,917,0.5700000000000001,0.384,0.21888000000000002,0.4588679245283019
407,Sys_DiT_ref_3,3.85,2.15,917,0.77,0.43,0.3311,0.5518333333333334
407,User_DiT_1,4.29,2.0,917,0.858,0.4,0.3432,0.5456279809220985
407,User_DiT_2,4.29,2.0,917,0.858,0.4,0.3432,0.5456279809220985
407,User_DiT_3,4.29,2.0,917,0.858,0.4,0.3432,0.5456279809220985
408,Sys_DiT_ref_1,2.85,2.1,917,0.5700000000000001,0.42000000000000004,0.23940000000000006,0.4836363636363637
408,Sys_DiT_ref_2,2.85,2.1,917,0.5700000000000001,0.42000000000000004,0.23940000000000006,0.4836363636363637
408,Sys_DiT_ref_3,2.85,1.92,917,0.5700000000000001,0.384,0.21888000000000002,0.4588679245283019
408,User_DiT_1,3.57,2.0,917,0.714,0.4,0.2856,0.5127468581687613
408,User_DiT_2,3.57,2.0,917,0.714,0.4,0.2856,0.5127468581687613
408,User_DiT_3,2.86,2.0,917,0.572,0.4,0.2288,0.47078189300411527
409,Sys_DiT_ref_1,3.82,1.47,917,0.764,0.294,0.22461599999999998,0.4246049149338374
409,Sys_DiT_ref_2,3.82,1.47,917,0.764,0.294,0.22461599999999998,0.4246049149338374
409,Sys_DiT_ref_3,4.15,1.85,917,0.8300000000000001,0.37,0.30710000000000004,0.5118333333333334
409,User_DiT_1,4.17,1.0,917,0.834,0.2,0.1668,0.3226305609284333
409,User_DiT_2,4.17,1.0,917,0.834,0.2,0.1668,0.3226305609284333
409,User_DiT_3,3.33,3.0,917,0.666,0.6,0.3996,0.6312796208530805
410,Sys_DiT_ref_1,1.85,1.2,919,0.37,0.24,0.08879999999999999,0.2911475409836065
410,Sys_DiT_ref_2,1.85,0.95,919,0.37,0.19,0.0703,0.25107142857142856
410,Sys_DiT_ref_3,1.25,1.8,919,0.25,0.36,0.09,0.29508196721311475
410,User_DiT_1,1.25,1.0,919,0.25,0.2,0.05,0.22222222222222224
410,User_DiT_2,1.25,1.0,919,0.25,0.2,0.05,0.22222222222222224
410,User_DiT_3,1.25,1.0,919,0.25,0.2,0.05,0.22222222222222224
411,Sys_DiT_ref_1,2.15,1.85,919,0.43,0.37,0.1591,0.39774999999999994
411,Sys_DiT_ref_2,2.85,1.2,919,0.5700000000000001,0.24,0.1368,0.3377777777777778
411,Sys_DiT_ref_3,1.85,1.2,919,0.37,0.24,0.08879999999999999,0.2911475409836065
411,User_DiT_1,3.12,1.0,919,0.624,0.2,0.12480000000000001,0.3029126213592233
411,User_DiT_2,3.12,1.0,919,0.624,0.2,0.12480000000000001,0.3029126213592233
411,User_DiT_3,3.12,1.0,919,0.624,0.2,0.12480000000000001,0.3029126213592233
412,Sys_DiT_ref_1,1.85,1.42,919,0.37,0.284,0.10507999999999999,0.3213455657492355
412,Sys_DiT_ref_2,1.25,1.8,919,0.25,0.36,0.09,0.29508196721311475
412,Sys_DiT_ref_3,1.25,0.85,919,0.25,0.16999999999999998,0.042499999999999996,0.20238095238095238
412,User_DiT_1,1.88,2.0,919,0.376,0.4,0.1504,0.38762886597938145
412,User_DiT_2,1.88,1.0,919,0.376,0.2,0.0752,0.26111111111111107
412,User_DiT_3,2.5,1.0,919,0.5,0.2,0.1,0.28571428571428575
413,Sys_DiT_ref_1,1.85,1.2,919,0.37,0.24,0.08879999999999999,0.2911475409836065
413,Sys_DiT_ref_2,1.85,1.2,919,0.37,0.24,0.08879999999999999,0.2911475409836065
413,Sys_DiT_ref_3,1.85,1.2,919,0.37,0.24,0.08879999999999999,0.2911475409836065
413,User_DiT_1,2.5,1.0,919,0.5,0.2,0.1,0.28571428571428575
413,User_DiT_2,2.5,2.0,919,0.5,0.4,0.2,0.4444444444444445
413,User_DiT_3,2.5,1.0,919,0.5,0.2,0.1,0.28571428571428575
414,Sys_DiT_ref_1,1.85,1.2,919,0.37,0.24,0.08879999999999999,0.2911475409836065
414,Sys_DiT_ref_2,1.85,1.2,919,0.37,0.24,0.08879999999999999,0.2911475409836065
414,Sys_DiT_ref_3,1.15,1.2,919,0.22999999999999998,0.24,0.05519999999999999,0.23489361702127656
414,User_DiT_1,1.67,1.0,919,0.33399999999999996,0.2,0.0668,0.250187265917603
414,User_DiT_2,1.67,2.0,919,0.33399999999999996,0.4,0.1336,0.3640326975476839
414,User_DiT_3,1.11,1.0,919,0.22200000000000003,0.2,0.04440000000000001,0.2104265402843602
415,Sys_DiT_ref_1,4.85,3.65,920,0.97,0.73,0.7081,0.8330588235294117
415,Sys_DiT_ref_2,4.65,2.85,920,0.93,0.5700000000000001,0.5301000000000001,0.7068000000000002
415,Sys_DiT_ref_3,4.65,1.85,920,0.93,0.37,0.3441,0.5293846153846153
415,User_DiT_1,5.0,2.0,920,1.0,0.4,0.4,0.5714285714285715
415,User_DiT_2,4.38,2.0,920,0.876,0.4,0.35040000000000004,0.5492163009404389
415,User_DiT_3,5.0,3.0,920,1.0,0.6,0.6,0.7499999999999999
416,Sys_DiT_ref_1,1.85,1.2,920,0.37,0.24,0.08879999999999999,0.2911475409836065
416,Sys_DiT_ref_2,2.85,1.65,920,0.5700000000000001,0.32999999999999996,0.1881,0.418
416,Sys_DiT_ref_3,4.15,2.85,920,0.8300000000000001,0.5700000000000001,0.4731000000000001,0.6758571428571429
416,User_DiT_1,2.78,3.0,920,0.5559999999999999,0.6,0.33359999999999995,0.5771626297577854
416,User_DiT_2,2.78,2.0,920,0.5559999999999999,0.4,0.2224,0.46527196652719666
416,User_DiT_3,2.22,2.0,920,0.44400000000000006,0.4,0.17760000000000004,0.4208530805687204
417,Sys_DiT_ref_1,1.85,1.2,920,0.37,0.24,0.08879999999999999,0.2911475409836065
417,Sys_DiT_ref_2,1.85,2.65,920,0.37,0.53,0.1961,0.43577777777777776
417,Sys_DiT_ref_3,2.15,2.8,920,0.43,0.5599999999999999,0.24079999999999996,0.4864646464646464
417,User_DiT_1,3.33,3.0,920,0.666,0.6,0.3996,0.6312796208530805
417,User_DiT_2,3.33,3.0,920,0.666,0.6,0.3996,0.6312796208530805
417,User_DiT_3,3.33,3.0,920,0.666,0.6,0.3996,0.6312796208530805
418,Sys_DiT_ref_1,2.85,2.1,920,0.5700000000000001,0.42000000000000004,0.23940000000000006,0.4836363636363637
418,Sys_DiT_ref_2,2.15,1.85,920,0.43,0.37,0.1591,0.39774999999999994
418,Sys_DiT_ref_3,1.85,1.9,920,0.37,0.38,0.1406,0.37493333333333334
418,User_DiT_1,3.33,2.0,920,0.666,0.4,0.2664,0.499812382739212
418,User_DiT_2,2.22,2.0,920,0.44400000000000006,0.4,0.17760000000000004,0.4208530805687204
418,User_DiT_3,4.44,2.0,920,0.8880000000000001,0.4,0.35520000000000007,0.5515527950310559
419,Sys_DiT_ref_1,4.65,3.82,920,0.93,0.764,0.71052,0.8388665879574971
419,Sys_DiT_ref_2,1.85,0.92,920,0.37,0.184,0.06808,0.24577617328519855
419,Sys_DiT_ref_3,4.65,3.82,920,0.93,0.764,0.71052,0.8388665879574971
419,User_DiT_1,5.0,4.0,920,1.0,0.8,0.8,0.888888888888889
419,User_DiT_2,2.5,4.0,920,0.5,0.8,0.4,0.6153846153846154
419,User_DiT_3,5.0,4.0,920,1.0,0.8,0.8,0.888888888888889
420,Sys_DiT_ref_1,1.85,0.92,922,0.37,0.184,0.06808,0.24577617328519855
420,Sys_DiT_ref_2,0.85,1.2,922,0.16999999999999998,0.24,0.040799999999999996,0.19902439024390242
420,Sys_DiT_ref_3,1.25,0.85,922,0.25,0.16999999999999998,0.042499999999999996,0.20238095238095238
420,User_DiT_1,1.11,1.0,922,0.22200000000000003,0.2,0.04440000000000001,0.2104265402843602
420,User_DiT_2,0.0,1.0,922,0.0,0.2,0.0,0.0
420,User_DiT_3,0.0,1.0,922,0.0,0.2,0.0,0.0
421,Sys_DiT_ref_1,2.85,1.2,922,0.5700000000000001,0.24,0.1368,0.3377777777777778
421,Sys_DiT_ref_2,2.15,1.85,922,0.43,0.37,0.1591,0.39774999999999994
421,Sys_DiT_ref_3,0.85,1.2,922,0.16999999999999998,0.24,0.040799999999999996,0.19902439024390242
421,User_DiT_1,2.22,1.0,922,0.44400000000000006,0.2,0.08880000000000002,0.27577639751552796
421,User_DiT_2,0.56,1.0,922,0.11200000000000002,0.2,0.022400000000000003,0.14358974358974358
421,User_DiT_3,2.22,1.0,922,0.44400000000000006,0.2,0.08880000000000002,0.27577639751552796
422,Sys_DiT_ref_1,0.15,0.85,922,0.03,0.16999999999999998,0.0050999999999999995,0.051
422,Sys_DiT_ref_2,1.85,1.2,922,0.37,0.24,0.08879999999999999,0.2911475409836065
422,Sys_DiT_ref_3,1.24,0.85,922,0.248,0.16999999999999998,0.042159999999999996,0.2017224880382775
422,User_DiT_1,2.22,1.0,922,0.44400000000000006,0.2,0.08880000000000002,0.27577639751552796
422,User_DiT_2,2.22,1.0,922,0.44400000000000006,0.2,0.08880000000000002,0.27577639751552796
422,User_DiT_3,2.22,1.0,922,0.44400000000000006,0.2,0.08880000000000002,0.27577639751552796
423,Sys_DiT_ref_1,2.15,1.85,922,0.43,0.37,0.1591,0.39774999999999994
423,Sys_DiT_ref_2,0.15,0.85,922,0.03,0.16999999999999998,0.0050999999999999995,0.051
423,Sys_DiT_ref_3,1.85,1.2,922,0.37,0.24,0.08879999999999999,0.2911475409836065
423,User_DiT_1,2.86,1.0,922,0.572,0.2,0.1144,0.29637305699481864
423,User_DiT_2,0.0,1.0,922,0.0,0.2,0.0,0.0
423,User_DiT_3,0.0,1.0,922,0.0,0.2,0.0,0.0
424,Sys_DiT_ref_1,0.15,0.85,922,0.03,0.16999999999999998,0.0050999999999999995,0.051
424,Sys_DiT_ref_2,0.15,0.85,922,0.03,0.16999999999999998,0.0050999999999999995,0.051
424,Sys_DiT_ref_3,0.15,0.85,922,0.03,0.16999999999999998,0.0050999999999999995,0.051
424,User_DiT_1,0.0,1.0,922,0.0,0.2,0.0,0.0
424,User_DiT_2,0.0,1.0,922,0.0,0.2,0.0,0.0
424,User_DiT_3,0.0,1.0,922,0.0,0.2,0.0,0.0
425,Sys_DiT_ref_1,2.85,3.42,928,0.5700000000000001,0.6839999999999999,0.38988,0.6218181818181818
425,Sys_DiT_ref_2,4.65,3.8,928,0.93,0.76,0.7068000000000001,0.8364497041420119
425,Sys_DiT_ref_3,3.85,2.65,928,0.77,0.53,0.4081,0.6278461538461538
425,User_DiT_1,5.0,4.0,928,1.0,0.8,0.8,0.888888888888889
425,User_DiT_2,5.0,4.0,928,1.0,0.8,0.8,0.888888888888889
425,User_DiT_3,5.0,4.0,928,1.0,0.8,0.8,0.888888888888889
426,Sys_DiT_ref_1,2.85,1.92,928,0.5700000000000001,0.384,0.21888000000000002,0.4588679245283019
426,Sys_DiT_ref_2,3.45,2.85,928,0.6900000000000001,0.5700000000000001,0.3933000000000001,0.6242857142857143
426,Sys_DiT_ref_3,3.42,2.15,928,0.6839999999999999,0.43,0.29412,0.5280430879712747
426,User_DiT_1,3.33,2.0,928,0.666,0.4,0.2664,0.499812382739212
426,User_DiT_2,3.33,3.0,928,0.666,0.6,0.3996,0.6312796208530805
426,User_DiT_3,3.33,2.0,928,0.666,0.4,0.2664,0.499812382739212
427,Sys_DiT_ref_1,4.12,2.85,928,0.8240000000000001,0.5700000000000001,0.4696800000000001,0.6738593974175037
427,Sys_DiT_ref_2,3.85,2.65,928,0.77,0.53,0.4081,0.6278461538461538
427,Sys_DiT_ref_3,3.85,2.9,928,0.77,0.58,0.4466,0.6616296296296296
427,User_DiT_1,4.44,3.0,928,0.8880000000000001,0.6,0.5328,0.7161290322580646
427,User_DiT_2,4.44,3.0,928,0.8880000000000001,0.6,0.5328,0.7161290322580646
427,User_DiT_3,3.75,4.0,928,0.75,0.8,0.6000000000000001,0.7741935483870969
428,Sys_DiT_ref_1,3.85,4.12,928,0.77,0.8240000000000001,0.63448,0.7960853199498118
428,Sys_DiT_ref_2,3.45,3.1,928,0.6900000000000001,0.62,0.4278,0.6531297709923664
428,Sys_DiT_ref_3,4.15,3.85,928,0.8300000000000001,0.77,0.6391000000000001,0.7988750000000001
428,User_DiT_1,5.0,4.0,928,1.0,0.8,0.8,0.888888888888889
428,User_DiT_2,3.33,3.0,928,0.666,0.6,0.3996,0.6312796208530805
428,User_DiT_3,3.33,3.0,928,0.666,0.6,0.3996,0.6312796208530805
429,Sys_DiT_ref_1,4.85,3.65,928,0.97,0.73,0.7081,0.8330588235294117
429,Sys_DiT_ref_2,4.85,4.72,928,0.97,0.944,0.9156799999999999,0.9568234064785789
429,Sys_DiT_ref_3,4.85,3.65,928,0.97,0.73,0.7081,0.8330588235294117
429,User_DiT_1,0.0,4.0,928,0.0,0.8,0.0,0.0
429,User_DiT_2,0.0,4.0,928,0.0,0.8,0.0,0.0
429,User_DiT_3,0.0,4.0,928,0.0,0.8,0.0,0.0
430,Sys_DiT_ref_1,4.85,4.2,931,0.97,0.8400000000000001,0.8148000000000001,0.9003314917127072
430,Sys_DiT_ref_2,4.85,3.62,931,0.97,0.724,0.7022799999999999,0.8291381345926799
430,Sys_DiT_ref_3,4.85,3.75,931,0.97,0.75,0.7275,0.8459302325581396
430,User_DiT_1,5.0,4.0,931,1.0,0.8,0.8,0.888888888888889
430,User_DiT_2,5.0,4.0,931,1.0,0.8,0.8,0.888888888888889
430,User_DiT_3,5.0,4.0,931,1.0,0.8,0.8,0.888888888888889
431,Sys_DiT_ref_1,4.85,3.65,931,0.97,0.73,0.7081,0.8330588235294117
431,Sys_DiT_ref_2,4.15,3.2,931,0.8300000000000001,0.64,0.5312,0.7227210884353741
431,Sys_DiT_ref_3,4.85,3.6,931,0.97,0.72,0.6983999999999999,0.8265088757396449
431,User_DiT_1,5.0,4.0,931,1.0,0.8,0.8,0.888888888888889
431,User_DiT_2,5.0,4.0,931,1.0,0.8,0.8,0.888888888888889
431,User_DiT_3,5.0,4.0,931,1.0,0.8,0.8,0.888888888888889
432,Sys_DiT_ref_1,2.85,1.92,931,0.5700000000000001,0.384,0.21888000000000002,0.4588679245283019
432,Sys_DiT_ref_2,2.15,1.85,931,0.43,0.37,0.1591,0.39774999999999994
432,Sys_DiT_ref_3,1.85,1.2,931,0.37,0.24,0.08879999999999999,0.2911475409836065
432,User_DiT_1,4.38,1.0,931,0.876,0.2,0.17520000000000002,0.32565055762081785
432,User_DiT_2,4.38,1.0,931,0.876,0.2,0.17520000000000002,0.32565055762081785
432,User_DiT_3,4.38,1.0,931,0.876,0.2,0.17520000000000002,0.32565055762081785
433,Sys_DiT_ref_1,2.85,3.42,931,0.5700000000000001,0.6839999999999999,0.38988,0.6218181818181818
433,Sys_DiT_ref_2,4.35,3.82,931,0.8699999999999999,0.764,0.6646799999999999,0.8135618115055079
433,Sys_DiT_ref_3,3.82,3.45,931,0.764,0.6900000000000001,0.5271600000000001,0.7251169188445667
433,User_DiT_1,3.12,4.0,931,0.624,0.8,0.49920000000000003,0.7011235955056181
433,User_DiT_2,4.44,4.0,931,0.8880000000000001,0.8,0.7104000000000001,0.8417061611374408
433,User_DiT_3,4.44,4.0,931,0.8880000000000001,0.8,0.7104000000000001,0.8417061611374408
434,Sys_DiT_ref_1,4.65,3.8,931,0.93,0.76,0.7068000000000001,0.8364497041420119
434,Sys_DiT_ref_2,4.85,4.2,931,0.97,0.8400000000000001,0.8148000000000001,0.9003314917127072
434,Sys_DiT_ref_3,4.85,3.72,931,0.97,0.744,0.72168,0.842100350058343
434,User_DiT_1,4.44,4.0,931,0.8880000000000001,0.8,0.7104000000000001,0.8417061611374408
434,User_DiT_2,5.0,4.0,931,1.0,0.8,0.8,0.888888888888889
434,User_DiT_3,4.44,5.0,931,0.8880000000000001,1.0,0.8880000000000001,0.940677966101695
435,Sys_DiT_ref_1,3.85,2.9,943,0.77,0.58,0.4466,0.6616296296296296
435,Sys_DiT_ref_2,2.85,3.15,943,0.5700000000000001,0.63,0.35910000000000003,0.5984999999999999
435,Sys_DiT_ref_3,3.42,2.85,943,0.6839999999999999,0.5700000000000001,0.38988,0.6218181818181818
435,User_DiT_1,4.0,3.0,943,0.8,0.6,0.48,0.6857142857142857
435,User_DiT_2,4.0,3.0,943,0.8,0.6,0.48,0.6857142857142857
435,User_DiT_3,4.0,3.0,943,0.8,0.6,0.48,0.6857142857142857
436,Sys_DiT_ref_1,4.65,2.85,943,0.93,0.5700000000000001,0.5301000000000001,0.7068000000000002
436,Sys_DiT_ref_2,4.65,2.85,943,0.93,0.5700000000000001,0.5301000000000001,0.7068000000000002
436,Sys_DiT_ref_3,4.65,2.85,943,0.93,0.5700000000000001,0.5301000000000001,0.7068000000000002
436,User_DiT_1,5.0,4.0,943,1.0,0.8,0.8,0.888888888888889
436,User_DiT_2,5.0,3.0,943,1.0,0.6,0.6,0.7499999999999999
436,User_DiT_3,5.0,4.0,943,1.0,0.8,0.8,0.888888888888889
437,Sys_DiT_ref_1,4.85,4.92,943,0.97,0.984,0.95448,0.976949846468782
437,Sys_DiT_ref_2,4.65,3.85,943,0.93,0.77,0.7161000000000001,0.8424705882352941
437,Sys_DiT_ref_3,4.68,2.35,943,0.9359999999999999,0.47000000000000003,0.43992,0.6257752489331436
437,User_DiT_1,5.0,5.0,943,1.0,1.0,1.0,1.0
437,User_DiT_2,5.0,4.0,943,1.0,0.8,0.8,0.888888888888889
437,User_DiT_3,5.0,4.0,943,1.0,0.8,0.8,0.888888888888889
438,Sys_DiT_ref_1,2.85,3.42,943,0.5700000000000001,0.6839999999999999,0.38988,0.6218181818181818
438,Sys_DiT_ref_2,2.15,2.85,943,0.43,0.5700000000000001,0.2451,0.4902
438,Sys_DiT_ref_3,2.15,2.8,943,0.43,0.5599999999999999,0.24079999999999996,0.4864646464646464
438,User_DiT_1,2.5,3.0,943,0.5,0.6,0.3,0.5454545454545454
438,User_DiT_2,2.5,3.0,943,0.5,0.6,0.3,0.5454545454545454
438,User_DiT_3,2.5,3.0,943,0.5,0.6,0.3,0.5454545454545454
439,Sys_DiT_ref_1,4.65,2.85,943,0.93,0.5700000000000001,0.5301000000000001,0.7068000000000002
439,Sys_DiT_ref_2,4.65,3.85,943,0.93,0.77,0.7161000000000001,0.8424705882352941
439,Sys_DiT_ref_3,4.85,3.62,943,0.97,0.724,0.7022799999999999,0.8291381345926799
439,User_DiT_1,5.0,4.0,943,1.0,0.8,0.8,0.888888888888889
439,User_DiT_2,5.0,4.0,943,1.0,0.8,0.8,0.888888888888889
439,User_DiT_3,5.0,3.0,943,1.0,0.6,0.6,0.7499999999999999
440,Sys_DiT_ref_1,4.85,4.92,952,0.97,0.984,0.95448,0.976949846468782
440,Sys_DiT_ref_2,4.85,4.92,952,0.97,0.984,0.95448,0.976949846468782
440,Sys_DiT_ref_3,4.12,3.85,952,0.8240000000000001,0.77,0.63448,0.7960853199498118
440,User_DiT_1,4.17,5.0,952,0.834,1.0,0.834,0.9094874591057797
440,User_DiT_2,4.0,5.0,952,0.8,1.0,0.8,0.888888888888889
440,User_DiT_3,4.17,5.0,952,0.834,1.0,0.834,0.9094874591057797
441,Sys_DiT_ref_1,4.92,4.95,952,0.984,0.99,0.97416,0.9869908814589666
441,Sys_DiT_ref_2,4.92,4.95,952,0.984,0.99,0.97416,0.9869908814589666
441,Sys_DiT_ref_3,4.82,4.65,952,0.9640000000000001,0.93,0.8965200000000001,0.9466948257655755
441,User_DiT_1,5.0,5.0,952,1.0,1.0,1.0,1.0
441,User_DiT_2,5.0,5.0,952,1.0,1.0,1.0,1.0
441,User_DiT_3,5.0,4.0,952,1.0,0.8,0.8,0.888888888888889
442,Sys_DiT_ref_1,4.92,4.95,952,0.984,0.99,0.97416,0.9869908814589666
442,Sys_DiT_ref_2,4.15,3.65,952,0.8300000000000001,0.73,0.6059,0.7767948717948717
442,Sys_DiT_ref_3,4.72,3.85,952,0.944,0.77,0.72688,0.8481680280046674
442,User_DiT_1,5.0,5.0,952,1.0,1.0,1.0,1.0
442,User_DiT_2,5.0,4.0,952,1.0,0.8,0.8,0.888888888888889
442,User_DiT_3,5.0,4.0,952,1.0,0.8,0.8,0.888888888888889
443,Sys_DiT_ref_1,4.98,4.99,952,0.9960000000000001,0.998,0.9940080000000001,0.9969989969909729
443,Sys_DiT_ref_2,4.98,4.97,952,0.9960000000000001,0.994,0.9900240000000001,0.9949989949748744
443,Sys_DiT_ref_3,4.98,5.0,952,0.9960000000000001,1.0,0.9960000000000001,0.997995991983968
443,User_DiT_1,5.0,5.0,952,1.0,1.0,1.0,1.0
443,User_DiT_2,5.0,5.0,952,1.0,1.0,1.0,1.0
443,User_DiT_3,5.0,5.0,952,1.0,1.0,1.0,1.0
444,Sys_DiT_ref_1,4.85,3.8,952,0.97,0.76,0.7372,0.8522543352601156
444,Sys_DiT_ref_2,4.85,3.75,952,0.97,0.75,0.7275,0.8459302325581396
444,Sys_DiT_ref_3,4.85,3.2,952,0.97,0.64,0.6208,0.7711801242236026
444,User_DiT_1,5.0,3.0,952,1.0,0.6,0.6,0.7499999999999999
444,User_DiT_2,5.0,4.0,952,1.0,0.8,0.8,0.888888888888889
444,User_DiT_3,5.0,4.0,952,1.0,0.8,0.8,0.888888888888889
445,Sys_DiT_ref_1,4.85,3.72,960,0.97,0.744,0.72168,0.842100350058343
445,Sys_DiT_ref_2,4.85,3.75,960,0.97,0.75,0.7275,0.8459302325581396
445,Sys_DiT_ref_3,4.85,3.2,960,0.97,0.64,0.6208,0.7711801242236026
445,User_DiT_1,5.0,4.0,960,1.0,0.8,0.8,0.888888888888889
445,User_DiT_2,5.0,4.0,960,1.0,0.8,0.8,0.888888888888889
445,User_DiT_3,5.0,4.0,960,1.0,0.8,0.8,0.888888888888889
446,Sys_DiT_ref_1,4.85,3.62,960,0.97,0.724,0.7022799999999999,0.8291381345926799
446,Sys_DiT_ref_2,4.85,3.2,960,0.97,0.64,0.6208,0.7711801242236026
446,Sys_DiT_ref_3,4.65,3.85,960,0.93,0.77,0.7161000000000001,0.8424705882352941
446,User_DiT_1,5.0,4.0,960,1.0,0.8,0.8,0.888888888888889
446,User_DiT_2,5.0,4.0,960,1.0,0.8,0.8,0.888888888888889
446,User_DiT_3,5.0,4.0,960,1.0,0.8,0.8,0.888888888888889
447,Sys_DiT_ref_1,2.85,1.65,960,0.5700000000000001,0.32999999999999996,0.1881,0.418
447,Sys_DiT_ref_2,1.85,2.1,960,0.37,0.42000000000000004,0.1554,0.39341772151898735
447,Sys_DiT_ref_3,2.85,2.1,960,0.5700000000000001,0.42000000000000004,0.23940000000000006,0.4836363636363637
447,User_DiT_1,3.57,2.0,960,0.714,0.4,0.2856,0.5127468581687613
447,User_DiT_2,3.57,2.0,960,0.714,0.4,0.2856,0.5127468581687613
447,User_DiT_3,5.0,2.0,960,1.0,0.4,0.4,0.5714285714285715
448,Sys_DiT_ref_1,3.85,3.2,960,0.77,0.64,0.4928,0.6990070921985815
448,Sys_DiT_ref_2,2.15,2.85,960,0.43,0.5700000000000001,0.2451,0.4902
448,Sys_DiT_ref_3,2.85,3.42,960,0.5700000000000001,0.6839999999999999,0.38988,0.6218181818181818
448,User_DiT_1,5.0,3.0,960,1.0,0.6,0.6,0.7499999999999999
448,User_DiT_2,5.0,3.0,960,1.0,0.6,0.6,0.7499999999999999
448,User_DiT_3,5.0,1.0,960,1.0,0.2,0.2,0.33333333333333337
449,Sys_DiT_ref_1,4.65,3.85,960,0.93,0.77,0.7161000000000001,0.8424705882352941
449,Sys_DiT_ref_2,4.65,3.82,960,0.93,0.764,0.71052,0.8388665879574971
449,Sys_DiT_ref_3,4.65,2.85,960,0.93,0.5700000000000001,0.5301000000000001,0.7068000000000002
449,User_DiT_1,5.0,4.0,960,1.0,0.8,0.8,0.888888888888889
449,User_DiT_2,5.0,4.0,960,1.0,0.8,0.8,0.888888888888889
449,User_DiT_3,5.0,3.0,960,1.0,0.6,0.6,0.7499999999999999
450,Sys_DiT_ref_1,4.65,3.82,962,0.93,0.764,0.71052,0.8388665879574971
450,Sys_DiT_ref_2,4.85,3.62,962,0.97,0.724,0.7022799999999999,0.8291381345926799
450,Sys_DiT_ref_3,4.85,3.6,962,0.97,0.72,0.6983999999999999,0.8265088757396449
450,User_DiT_1,5.0,4.0,962,1.0,0.8,0.8,0.888888888888889
450,User_DiT_2,5.0,4.0,962,1.0,0.8,0.8,0.888888888888889
450,User_DiT_3,5.0,4.0,962,1.0,0.8,0.8,0.888888888888889
451,Sys_DiT_ref_1,4.65,3.82,962,0.93,0.764,0.71052,0.8388665879574971
451,Sys_DiT_ref_2,4.65,3.85,962,0.93,0.77,0.7161000000000001,0.8424705882352941
451,Sys_DiT_ref_3,4.65,3.82,962,0.93,0.764,0.71052,0.8388665879574971
451,User_DiT_1,5.0,4.0,962,1.0,0.8,0.8,0.888888888888889
451,User_DiT_2,5.0,4.0,962,1.0,0.8,0.8,0.888888888888889
451,User_DiT_3,5.0,4.0,962,1.0,0.8,0.8,0.888888888888889
452,Sys_DiT_ref_1,4.65,3.82,962,0.93,0.764,0.71052,0.8388665879574971
452,Sys_DiT_ref_2,4.65,3.82,962,0.93,0.764,0.71052,0.8388665879574971
452,Sys_DiT_ref_3,4.85,4.2,962,0.97,0.8400000000000001,0.8148000000000001,0.9003314917127072
452,User_DiT_1,5.0,4.0,962,1.0,0.8,0.8,0.888888888888889
452,User_DiT_2,5.0,4.0,962,1.0,0.8,0.8,0.888888888888889
452,User_DiT_3,5.0,4.0,962,1.0,0.8,0.8,0.888888888888889
453,Sys_DiT_ref_1,4.65,3.85,962,0.93,0.77,0.7161000000000001,0.8424705882352941
453,Sys_DiT_ref_2,4.85,3.92,962,0.97,0.784,0.76048,0.8671379703534778
453,Sys_DiT_ref_3,4.65,3.82,962,0.93,0.764,0.71052,0.8388665879574971
453,User_DiT_1,5.0,4.0,962,1.0,0.8,0.8,0.888888888888889
453,User_DiT_2,5.0,4.0,962,1.0,0.8,0.8,0.888888888888889
453,User_DiT_3,5.0,4.0,962,1.0,0.8,0.8,0.888888888888889
454,Sys_DiT_ref_1,3.85,2.9,962,0.77,0.58,0.4466,0.6616296296296296
454,Sys_DiT_ref_2,3.85,2.15,962,0.77,0.43,0.3311,0.5518333333333334
454,Sys_DiT_ref_3,3.85,2.15,962,0.77,0.43,0.3311,0.5518333333333334
454,User_DiT_1,4.38,2.0,962,0.876,0.4,0.35040000000000004,0.5492163009404389
454,User_DiT_2,4.38,3.0,962,0.876,0.6,0.5256,0.7121951219512195
454,User_DiT_3,4.38,2.0,962,0.876,0.4,0.35040000000000004,0.5492163009404389
455,Sys_DiT_ref_1,3.15,2.85,968,0.63,0.5700000000000001,0.35910000000000003,0.5984999999999999
455,Sys_DiT_ref_2,2.15,3.65,968,0.43,0.73,0.3139,0.5412068965517242
455,Sys_DiT_ref_3,1.85,2.1,968,0.37,0.42000000000000004,0.1554,0.39341772151898735
455,User_DiT_1,2.86,2.0,968,0.572,0.4,0.2288,0.47078189300411527
455,User_DiT_2,2.14,4.0,968,0.42800000000000005,0.8,0.34240000000000004,0.5576547231270358
455,User_DiT_3,2.14,3.0,968,0.42800000000000005,0.6,0.25680000000000003,0.4996108949416343
456,Sys_DiT_ref_1,4.85,2.15,968,0.97,0.43,0.41709999999999997,0.5958571428571429
456,Sys_DiT_ref_2,4.85,3.65,968,0.97,0.73,0.7081,0.8330588235294117
456,Sys_DiT_ref_3,4.85,3.65,968,0.97,0.73,0.7081,0.8330588235294117
456,User_DiT_1,5.0,4.0,968,1.0,0.8,0.8,0.888888888888889
456,User_DiT_2,5.0,4.0,968,1.0,0.8,0.8,0.888888888888889
456,User_DiT_3,5.0,4.0,968,1.0,0.8,0.8,0.888888888888889
457,Sys_DiT_ref_1,4.98,4.95,968,0.9960000000000001,0.99,0.9860400000000001,0.9929909365558913
457,Sys_DiT_ref_2,5.0,5.0,968,1.0,1.0,1.0,1.0
457,Sys_DiT_ref_3,5.0,5.0,968,1.0,1.0,1.0,1.0
457,User_DiT_1,5.0,5.0,968,1.0,1.0,1.0,1.0
457,User_DiT_2,5.0,5.0,968,1.0,1.0,1.0,1.0
457,User_DiT_3,5.0,5.0,968,1.0,1.0,1.0,1.0
458,Sys_DiT_ref_1,3.85,2.4,968,0.77,0.48,0.3696,0.59136
458,Sys_DiT_ref_2,3.85,2.45,968,0.77,0.49000000000000005,0.3773,0.5988888888888889
458,Sys_DiT_ref_3,4.65,3.85,968,0.93,0.77,0.7161000000000001,0.8424705882352941
458,User_DiT_1,5.0,2.0,968,1.0,0.4,0.4,0.5714285714285715
458,User_DiT_2,5.0,3.0,968,1.0,0.6,0.6,0.7499999999999999
458,User_DiT_3,4.29,4.0,968,0.858,0.8,0.6864,0.8279855247285887
459,Sys_DiT_ref_1,4.35,3.68,968,0.8699999999999999,0.736,0.6403199999999999,0.7974097135740971
459,Sys_DiT_ref_2,4.65,3.85,968,0.93,0.77,0.7161000000000001,0.8424705882352941
459,Sys_DiT_ref_3,4.25,2.85,968,0.85,0.5700000000000001,0.48450000000000004,0.6823943661971832
459,User_DiT_1,5.0,3.0,968,1.0,0.6,0.6,0.7499999999999999
459,User_DiT_2,5.0,3.0,968,1.0,0.6,0.6,0.7499999999999999
459,User_DiT_3,5.0,3.0,968,1.0,0.6,0.6,0.7499999999999999
460,Sys_DiT_ref_1,3.85,2.4,971,0.77,0.48,0.3696,0.59136
460,Sys_DiT_ref_2,4.25,3.6,971,0.85,0.72,0.612,0.7796178343949045
460,Sys_DiT_ref_3,4.35,3.82,971,0.8699999999999999,0.764,0.6646799999999999,0.8135618115055079
460,User_DiT_1,4.38,4.0,971,0.876,0.8,0.7008000000000001,0.8362768496420048
460,User_DiT_2,4.38,4.0,971,0.876,0.8,0.7008000000000001,0.8362768496420048
460,User_DiT_3,4.38,4.0,971,0.876,0.8,0.7008000000000001,0.8362768496420048
461,Sys_DiT_ref_1,4.25,2.85,971,0.85,0.5700000000000001,0.48450000000000004,0.6823943661971832
461,Sys_DiT_ref_2,4.15,1.5,971,0.8300000000000001,0.3,0.249,0.44070796460176986
461,Sys_DiT_ref_3,4.12,2.85,971,0.8240000000000001,0.5700000000000001,0.4696800000000001,0.6738593974175037
461,User_DiT_1,4.38,2.0,971,0.876,0.4,0.35040000000000004,0.5492163009404389
461,User_DiT_2,4.38,2.0,971,0.876,0.4,0.35040000000000004,0.5492163009404389
461,User_DiT_3,4.38,2.0,971,0.876,0.4,0.35040000000000004,0.5492163009404389
462,Sys_DiT_ref_1,4.85,4.2,971,0.97,0.8400000000000001,0.8148000000000001,0.9003314917127072
462,Sys_DiT_ref_2,4.65,3.8,971,0.93,0.76,0.7068000000000001,0.8364497041420119
462,Sys_DiT_ref_3,3.82,2.45,971,0.764,0.49000000000000005,0.37436,0.5970653907496013
462,User_DiT_1,4.29,3.0,971,0.858,0.6,0.5147999999999999,0.7061728395061727
462,User_DiT_2,4.29,2.0,971,0.858,0.4,0.3432,0.5456279809220985
462,User_DiT_3,4.29,4.0,971,0.858,0.8,0.6864,0.8279855247285887
463,Sys_DiT_ref_1,3.85,1.25,971,0.77,0.25,0.1925,0.37745098039215685
463,Sys_DiT_ref_2,1.85,1.2,971,0.37,0.24,0.08879999999999999,0.2911475409836065
463,Sys_DiT_ref_3,0.12,1.85,971,0.024,0.37,0.00888,0.0450761421319797
463,User_DiT_1,4.38,1.0,971,0.876,0.2,0.17520000000000002,0.32565055762081785
463,User_DiT_2,0.0,1.0,971,0.0,0.2,0.0,0.0
463,User_DiT_3,0.0,2.0,971,0.0,0.4,0.0,0.0
464,Sys_DiT_ref_1,4.15,3.85,971,0.8300000000000001,0.77,0.6391000000000001,0.7988750000000001
464,Sys_DiT_ref_2,4.65,3.85,971,0.93,0.77,0.7161000000000001,0.8424705882352941
464,Sys_DiT_ref_3,4.13,2.4,971,0.826,0.48,0.39647999999999994,0.607166921898928
464,User_DiT_1,4.38,2.0,971,0.876,0.4,0.35040000000000004,0.5492163009404389
464,User_DiT_2,4.38,4.0,971,0.876,0.8,0.7008000000000001,0.8362768496420048
464,User_DiT_3,4.38,4.0,971,0.876,0.8,0.7008000000000001,0.8362768496420048
465,Sys_DiT_ref_1,4.15,3.2,972,0.8300000000000001,0.64,0.5312,0.7227210884353741
465,Sys_DiT_ref_2,4.35,3.8,972,0.8699999999999999,0.76,0.6611999999999999,0.8112883435582822
465,Sys_DiT_ref_3,3.85,2.65,972,0.77,0.53,0.4081,0.6278461538461538
465,User_DiT_1,5.0,4.0,972,1.0,0.8,0.8,0.888888888888889
465,User_DiT_2,5.0,3.0,972,1.0,0.6,0.6,0.7499999999999999
465,User_DiT_3,5.0,3.0,972,1.0,0.6,0.6,0.7499999999999999
466,Sys_DiT_ref_1,1.25,0.85,972,0.25,0.16999999999999998,0.042499999999999996,0.20238095238095238
466,Sys_DiT_ref_2,1.85,0.92,972,0.37,0.184,0.06808,0.24577617328519855
466,Sys_DiT_ref_3,1.85,0.92,972,0.37,0.184,0.06808,0.24577617328519855
466,User_DiT_1,2.5,1.0,972,0.5,0.2,0.1,0.28571428571428575
466,User_DiT_2,2.22,1.0,972,0.44400000000000006,0.2,0.08880000000000002,0.27577639751552796
466,User_DiT_3,2.22,1.0,972,0.44400000000000006,0.2,0.08880000000000002,0.27577639751552796
467,Sys_DiT_ref_1,4.65,2.35,972,0.93,0.47000000000000003,0.43710000000000004,0.6244285714285714
467,Sys_DiT_ref_2,4.65,2.35,972,0.93,0.47000000000000003,0.43710000000000004,0.6244285714285714
467,Sys_DiT_ref_3,4.85,3.2,972,0.97,0.64,0.6208,0.7711801242236026
467,User_DiT_1,5.0,5.0,972,1.0,1.0,1.0,1.0
467,User_DiT_2,5.0,5.0,972,1.0,1.0,1.0,1.0
467,User_DiT_3,5.0,4.0,972,1.0,0.8,0.8,0.888888888888889
468,Sys_DiT_ref_1,1.25,3.85,972,0.25,0.77,0.1925,0.37745098039215685
468,Sys_DiT_ref_2,1.85,3.65,972,0.37,0.73,0.2701,0.4910909090909091
468,Sys_DiT_ref_3,1.85,3.6,972,0.37,0.72,0.26639999999999997,0.4888073394495413
468,User_DiT_1,1.25,4.0,972,0.25,0.8,0.2,0.38095238095238093
468,User_DiT_2,1.88,4.0,972,0.376,0.8,0.3008,0.5115646258503401
468,User_DiT_3,2.78,3.0,972,0.5559999999999999,0.6,0.33359999999999995,0.5771626297577854
469,Sys_DiT_ref_1,1.25,3.0,972,0.25,0.6,0.15,0.35294117647058826
469,Sys_DiT_ref_2,2.15,1.2,972,0.43,0.24,0.1032,0.30805970149253736
469,Sys_DiT_ref_3,1.85,1.2,972,0.37,0.24,0.08879999999999999,0.2911475409836065
469,User_DiT_1,4.29,1.0,972,0.858,0.2,0.1716,0.3243856332703213
469,User_DiT_2,3.75,1.0,972,0.75,0.2,0.15000000000000002,0.31578947368421056
469,User_DiT_3,4.29,1.0,972,0.858,0.2,0.1716,0.3243856332703213
470,Sys_DiT_ref_1,2.15,1.5,981,0.43,0.3,0.129,0.35342465753424657
470,Sys_DiT_ref_2,2.15,1.5,981,0.43,0.3,0.129,0.35342465753424657
470,Sys_DiT_ref_3,2.85,1.5,981,0.5700000000000001,0.3,0.171,0.3931034482758621
470,User_DiT_1,1.67,2.0,981,0.33399999999999996,0.4,0.1336,0.3640326975476839
470,User_DiT_2,3.33,2.0,981,0.666,0.4,0.2664,0.499812382739212
470,User_DiT_3,3.33,2.0,981,0.666,0.4,0.2664,0.499812382739212
471,Sys_DiT_ref_1,1.85,0.92,981,0.37,0.184,0.06808,0.24577617328519855
471,Sys_DiT_ref_2,1.85,1.2,981,0.37,0.24,0.08879999999999999,0.2911475409836065
471,Sys_DiT_ref_3,3.65,1.5,981,0.73,0.3,0.219,0.42524271844660194
471,User_DiT_1,3.75,1.0,981,0.75,0.2,0.15000000000000002,0.31578947368421056
471,User_DiT_2,3.75,1.0,981,0.75,0.2,0.15000000000000002,0.31578947368421056
471,User_DiT_3,0.71,1.0,981,0.142,0.2,0.028399999999999998,0.16608187134502925
472,Sys_DiT_ref_1,3.65,1.5,981,0.73,0.3,0.219,0.42524271844660194
472,Sys_DiT_ref_2,4.65,1.5,981,0.93,0.3,0.279,0.4536585365853659
472,Sys_DiT_ref_3,2.85,1.5,981,0.5700000000000001,0.3,0.171,0.3931034482758621
472,User_DiT_1,4.29,2.0,981,0.858,0.4,0.3432,0.5456279809220985
472,User_DiT_2,5.0,2.0,981,1.0,0.4,0.4,0.5714285714285715
472,User_DiT_3,3.57,2.0,981,0.714,0.4,0.2856,0.5127468581687613
473,Sys_DiT_ref_1,3.85,2.0,981,0.77,0.4,0.30800000000000005,0.5264957264957266
473,Sys_DiT_ref_2,4.65,2.0,981,0.93,0.4,0.37200000000000005,0.5593984962406016
473,Sys_DiT_ref_3,3.85,2.0,981,0.77,0.4,0.30800000000000005,0.5264957264957266
473,User_DiT_1,4.38,2.0,981,0.876,0.4,0.35040000000000004,0.5492163009404389
473,User_DiT_2,4.38,2.0,981,0.876,0.4,0.35040000000000004,0.5492163009404389
473,User_DiT_3,5.0,2.0,981,1.0,0.4,0.4,0.5714285714285715
474,Sys_DiT_ref_1,3.65,1.5,981,0.73,0.3,0.219,0.42524271844660194
474,Sys_DiT_ref_2,3.42,1.5,981,0.6839999999999999,0.3,0.20519999999999997,0.41707317073170724
474,Sys_DiT_ref_3,3.85,1.5,981,0.77,0.3,0.23099999999999998,0.4317757009345794
474,User_DiT_1,3.57,2.0,981,0.714,0.4,0.2856,0.5127468581687613
474,User_DiT_2,4.29,2.0,981,0.858,0.4,0.3432,0.5456279809220985
474,User_DiT_3,4.29,2.0,981,0.858,0.4,0.3432,0.5456279809220985
475,Sys_DiT_ref_1,3.45,1.5,982,0.6900000000000001,0.3,0.20700000000000002,0.4181818181818182
475,Sys_DiT_ref_2,4.15,3.62,982,0.8300000000000001,0.724,0.60092,0.7733848133848134
475,Sys_DiT_ref_3,3.45,3.12,982,0.6900000000000001,0.624,0.43056000000000005,0.6553424657534247
475,User_DiT_1,3.57,2.0,982,0.714,0.4,0.2856,0.5127468581687613
475,User_DiT_2,3.57,2.0,982,0.714,0.4,0.2856,0.5127468581687613
475,User_DiT_3,3.57,3.0,982,0.714,0.6,0.42839999999999995,0.6520547945205478
476,Sys_DiT_ref_1,2.85,1.5,982,0.5700000000000001,0.3,0.171,0.3931034482758621
476,Sys_DiT_ref_2,3.65,1.5,982,0.73,0.3,0.219,0.42524271844660194
476,Sys_DiT_ref_3,1.85,1.2,982,0.37,0.24,0.08879999999999999,0.2911475409836065
476,User_DiT_1,0.0,2.0,982,0.0,0.4,0.0,0.0
476,User_DiT_2,2.5,2.0,982,0.5,0.4,0.2,0.4444444444444445
476,User_DiT_3,0.0,2.0,982,0.0,0.4,0.0,0.0
477,Sys_DiT_ref_1,2.85,1.5,982,0.5700000000000001,0.3,0.171,0.3931034482758621
477,Sys_DiT_ref_2,1.85,1.2,982,0.37,0.24,0.08879999999999999,0.2911475409836065
477,Sys_DiT_ref_3,1.25,0.85,982,0.25,0.16999999999999998,0.042499999999999996,0.20238095238095238
477,User_DiT_1,2.86,1.0,982,0.572,0.2,0.1144,0.29637305699481864
477,User_DiT_2,2.86,1.0,982,0.572,0.2,0.1144,0.29637305699481864
477,User_DiT_3,2.86,1.0,982,0.572,0.2,0.1144,0.29637305699481864
478,Sys_DiT_ref_1,1.25,0.85,982,0.25,0.16999999999999998,0.042499999999999996,0.20238095238095238
478,Sys_DiT_ref_2,1.15,0.82,982,0.22999999999999998,0.16399999999999998,0.03771999999999999,0.19147208121827408
478,Sys_DiT_ref_3,0.15,0.25,982,0.03,0.05,0.0015,0.0375
478,User_DiT_1,2.0,1.0,982,0.4,0.2,0.08000000000000002,0.26666666666666666
478,User_DiT_2,0.0,1.0,982,0.0,0.2,0.0,0.0
478,User_DiT_3,2.0,1.0,982,0.4,0.2,0.08000000000000002,0.26666666666666666
479,Sys_DiT_ref_1,2.85,1.5,982,0.5700000000000001,0.3,0.171,0.3931034482758621
479,Sys_DiT_ref_2,3.42,1.5,982,0.6839999999999999,0.3,0.20519999999999997,0.41707317073170724
479,Sys_DiT_ref_3,3.42,1.5,982,0.6839999999999999,0.3,0.20519999999999997,0.41707317073170724
479,User_DiT_1,2.86,2.0,982,0.572,0.4,0.2288,0.47078189300411527
479,User_DiT_2,3.57,2.0,982,0.714,0.4,0.2856,0.5127468581687613
479,User_DiT_3,2.86,2.0,982,0.572,0.4,0.2288,0.47078189300411527
480,Sys_DiT_ref_1,4.12,2.85,983,0.8240000000000001,0.5700000000000001,0.4696800000000001,0.6738593974175037
480,Sys_DiT_ref_2,4.65,3.0,983,0.93,0.6,0.558,0.7294117647058824
480,Sys_DiT_ref_3,4.85,3.0,983,0.97,0.6,0.582,0.7414012738853504
480,User_DiT_1,5.0,3.0,983,1.0,0.6,0.6,0.7499999999999999
480,User_DiT_2,5.0,3.0,983,1.0,0.6,0.6,0.7499999999999999
480,User_DiT_3,5.0,3.0,983,1.0,0.6,0.6,0.7499999999999999
481,Sys_DiT_ref_1,4.82,3.0,983,0.9640000000000001,0.6,0.5784,0.7396419437340154
481,Sys_DiT_ref_2,4.65,3.0,983,0.93,0.6,0.558,0.7294117647058824
481,Sys_DiT_ref_3,4.65,3.0,983,0.93,0.6,0.558,0.7294117647058824
481,User_DiT_1,5.0,3.0,983,1.0,0.6,0.6,0.7499999999999999
481,User_DiT_2,5.0,3.0,983,1.0,0.6,0.6,0.7499999999999999
481,User_DiT_3,5.0,3.0,983,1.0,0.6,0.6,0.7499999999999999
482,Sys_DiT_ref_1,4.65,2.85,983,0.93,0.5700000000000001,0.5301000000000001,0.7068000000000002
482,Sys_DiT_ref_2,4.65,2.85,983,0.93,0.5700000000000001,0.5301000000000001,0.7068000000000002
482,Sys_DiT_ref_3,4.65,3.0,983,0.93,0.6,0.558,0.7294117647058824
482,User_DiT_1,5.0,3.0,983,1.0,0.6,0.6,0.7499999999999999
482,User_DiT_2,5.0,3.0,983,1.0,0.6,0.6,0.7499999999999999
482,User_DiT_3,5.0,4.0,983,1.0,0.8,0.8,0.888888888888889
483,Sys_DiT_ref_1,4.65,2.85,983,0.93,0.5700000000000001,0.5301000000000001,0.7068000000000002
483,Sys_DiT_ref_2,4.65,3.85,983,0.93,0.77,0.7161000000000001,0.8424705882352941
483,Sys_DiT_ref_3,4.65,1.5,983,0.93,0.3,0.279,0.4536585365853659
483,User_DiT_1,5.0,3.0,983,1.0,0.6,0.6,0.7499999999999999
483,User_DiT_2,5.0,4.0,983,1.0,0.8,0.8,0.888888888888889
483,User_DiT_3,5.0,2.0,983,1.0,0.4,0.4,0.5714285714285715
484,Sys_DiT_ref_1,4.65,3.85,983,0.93,0.77,0.7161000000000001,0.8424705882352941
484,Sys_DiT_ref_2,3.85,2.15,983,0.77,0.43,0.3311,0.5518333333333334
484,Sys_DiT_ref_3,4.15,2.85,983,0.8300000000000001,0.5700000000000001,0.4731000000000001,0.6758571428571429
484,User_DiT_1,4.44,4.0,983,0.8880000000000001,0.8,0.7104000000000001,0.8417061611374408
484,User_DiT_2,4.44,3.0,983,0.8880000000000001,0.6,0.5328,0.7161290322580646
484,User_DiT_3,4.44,2.0,983,0.8880000000000001,0.4,0.35520000000000007,0.5515527950310559
485,Sys_DiT_ref_1,2.85,3.65,985,0.5700000000000001,0.73,0.4161,0.6401538461538462
485,Sys_DiT_ref_2,2.45,3.85,985,0.49000000000000005,0.77,0.3773,0.5988888888888889
485,Sys_DiT_ref_3,3.85,4.12,985,0.77,0.8240000000000001,0.63448,0.7960853199498118
485,User_DiT_1,3.0,4.0,985,0.6,0.8,0.48,0.6857142857142857
485,User_DiT_2,3.0,4.0,985,0.6,0.8,0.48,0.6857142857142857
485,User_DiT_3,3.0,4.0,985,0.6,0.8,0.48,0.6857142857142857
486,Sys_DiT_ref_1,1.25,2.85,985,0.25,0.5700000000000001,0.14250000000000002,0.34756097560975613
486,Sys_DiT_ref_2,0.15,2.85,985,0.03,0.5700000000000001,0.0171,0.056999999999999995
486,Sys_DiT_ref_3,0.85,2.15,985,0.16999999999999998,0.43,0.0731,0.24366666666666667
486,User_DiT_1,0.0,3.0,985,0.0,0.6,0.0,0.0
486,User_DiT_2,0.0,3.0,985,0.0,0.6,0.0,0.0
486,User_DiT_3,0.0,3.0,985,0.0,0.6,0.0,0.0
487,Sys_DiT_ref_1,4.82,4.15,985,0.9640000000000001,0.8300000000000001,0.8001200000000002,0.891995540691193
487,Sys_DiT_ref_2,4.82,4.15,985,0.9640000000000001,0.8300000000000001,0.8001200000000002,0.891995540691193
487,Sys_DiT_ref_3,4.85,4.12,985,0.97,0.8240000000000001,0.79928,0.8910590858416945
487,User_DiT_1,5.0,4.0,985,1.0,0.8,0.8,0.888888888888889
487,User_DiT_2,5.0,4.0,985,1.0,0.8,0.8,0.888888888888889
487,User_DiT_3,5.0,4.0,985,1.0,0.8,0.8,0.888888888888889
488,Sys_DiT_ref_1,4.92,4.95,985,0.984,0.99,0.97416,0.9869908814589666
488,Sys_DiT_ref_2,4.92,3.85,985,0.984,0.77,0.75768,0.863945267958951
488,Sys_DiT_ref_3,5.0,5.0,985,1.0,1.0,1.0,1.0
488,User_DiT_1,5.0,4.0,985,1.0,0.8,0.8,0.888888888888889
488,User_DiT_2,5.0,4.0,985,1.0,0.8,0.8,0.888888888888889
488,User_DiT_3,5.0,5.0,985,1.0,1.0,1.0,1.0
489,Sys_DiT_ref_1,4.82,3.65,985,0.9640000000000001,0.73,0.70372,0.8308382526564345
489,Sys_DiT_ref_2,4.85,4.62,985,0.97,0.924,0.89628,0.9464413938753959
489,Sys_DiT_ref_3,4.85,4.6,985,0.97,0.9199999999999999,0.8923999999999999,0.9443386243386243
489,User_DiT_1,5.0,4.0,985,1.0,0.8,0.8,0.888888888888889
489,User_DiT_2,5.0,4.0,985,1.0,0.8,0.8,0.888888888888889
489,User_DiT_3,5.0,4.0,985,1.0,0.8,0.8,0.888888888888889
490,Sys_DiT_ref_1,4.65,3.85,991,0.93,0.77,0.7161000000000001,0.8424705882352941
490,Sys_DiT_ref_2,4.92,4.85,991,0.984,0.97,0.95448,0.976949846468782
490,Sys_DiT_ref_3,4.98,4.95,991,0.9960000000000001,0.99,0.9860400000000001,0.9929909365558913
490,User_DiT_1,5.0,4.0,991,1.0,0.8,0.8,0.888888888888889
490,User_DiT_2,5.0,5.0,991,1.0,1.0,1.0,1.0
490,User_DiT_3,5.0,5.0,991,1.0,1.0,1.0,1.0
491,Sys_DiT_ref_1,4.65,3.85,991,0.93,0.77,0.7161000000000001,0.8424705882352941
491,Sys_DiT_ref_2,4.85,3.65,991,0.97,0.73,0.7081,0.8330588235294117
491,Sys_DiT_ref_3,3.42,3.65,991,0.6839999999999999,0.73,0.49931999999999993,0.7062517680339462
491,User_DiT_1,4.44,4.0,991,0.8880000000000001,0.8,0.7104000000000001,0.8417061611374408
491,User_DiT_2,4.44,4.0,991,0.8880000000000001,0.8,0.7104000000000001,0.8417061611374408
491,User_DiT_3,3.89,4.0,991,0.778,0.8,0.6224000000000001,0.7888466413181242
492,Sys_DiT_ref_1,4.65,3.85,991,0.93,0.77,0.7161000000000001,0.8424705882352941
492,Sys_DiT_ref_2,4.98,4.95,991,0.9960000000000001,0.99,0.9860400000000001,0.9929909365558913
492,Sys_DiT_ref_3,4.98,4.95,991,0.9960000000000001,0.99,0.9860400000000001,0.9929909365558913
492,User_DiT_1,5.0,4.0,991,1.0,0.8,0.8,0.888888888888889
492,User_DiT_2,5.0,5.0,991,1.0,1.0,1.0,1.0
492,User_DiT_3,5.0,5.0,991,1.0,1.0,1.0,1.0
493,Sys_DiT_ref_1,4.65,3.85,991,0.93,0.77,0.7161000000000001,0.8424705882352941
493,Sys_DiT_ref_2,5.0,5.0,991,1.0,1.0,1.0,1.0
493,Sys_DiT_ref_3,4.92,4.85,991,0.984,0.97,0.95448,0.976949846468782
493,User_DiT_1,5.0,5.0,991,1.0,1.0,1.0,1.0
493,User_DiT_2,5.0,3.0,991,1.0,0.6,0.6,0.7499999999999999
493,User_DiT_3,5.0,4.0,991,1.0,0.8,0.8,0.888888888888889
494,Sys_DiT_ref_1,3.42,2.15,991,0.6839999999999999,0.43,0.29412,0.5280430879712747
494,Sys_DiT_ref_2,4.85,4.92,991,0.97,0.984,0.95448,0.976949846468782
494,Sys_DiT_ref_3,4.35,3.82,991,0.8699999999999999,0.764,0.6646799999999999,0.8135618115055079
494,User_DiT_1,5.0,5.0,991,1.0,1.0,1.0,1.0
494,User_DiT_2,4.0,5.0,991,0.8,1.0,0.8,0.888888888888889
494,User_DiT_3,5.0,4.0,991,1.0,0.8,0.8,0.888888888888889
495,Sys_DiT_ref_1,4.12,2.85,999,0.8240000000000001,0.5700000000000001,0.4696800000000001,0.6738593974175037
495,Sys_DiT_ref_2,4.12,2.85,999,0.8240000000000001,0.5700000000000001,0.4696800000000001,0.6738593974175037
495,Sys_DiT_ref_3,4.65,2.85,999,0.93,0.5700000000000001,0.5301000000000001,0.7068000000000002
495,User_DiT_1,5.0,3.0,999,1.0,0.6,0.6,0.7499999999999999
495,User_DiT_2,5.0,3.0,999,1.0,0.6,0.6,0.7499999999999999
495,User_DiT_3,5.0,3.0,999,1.0,0.6,0.6,0.7499999999999999
496,Sys_DiT_ref_1,0.15,1.85,999,0.03,0.37,0.011099999999999999,0.055499999999999994
496,Sys_DiT_ref_2,4.25,3.85,999,0.85,0.77,0.6545,0.8080246913580246
496,Sys_DiT_ref_3,4.12,2.35,999,0.8240000000000001,0.47000000000000003,0.38728000000000007,0.5985780525502319
496,User_DiT_1,0.56,2.0,999,0.11200000000000002,0.4,0.044800000000000006,0.17500000000000002
496,User_DiT_2,0.56,2.0,999,0.11200000000000002,0.4,0.044800000000000006,0.17500000000000002
496,User_DiT_3,5.0,2.0,999,1.0,0.4,0.4,0.5714285714285715
497,Sys_DiT_ref_1,4.62,3.85,999,0.924,0.77,0.71148,0.8400000000000001
497,Sys_DiT_ref_2,4.85,2.65,999,0.97,0.53,0.5141,0.6854666666666667
497,Sys_DiT_ref_3,4.85,3.6,999,0.97,0.72,0.6983999999999999,0.8265088757396449
497,User_DiT_1,5.0,2.0,999,1.0,0.4,0.4,0.5714285714285715
497,User_DiT_2,5.0,2.0,999,1.0,0.4,0.4,0.5714285714285715
497,User_DiT_3,5.0,4.0,999,1.0,0.8,0.8,0.888888888888889
498,Sys_DiT_ref_1,4.85,2.75,999,0.97,0.55,0.5335,0.7019736842105263
498,Sys_DiT_ref_2,4.12,2.85,999,0.8240000000000001,0.5700000000000001,0.4696800000000001,0.6738593974175037
498,Sys_DiT_ref_3,4.65,2.85,999,0.93,0.5700000000000001,0.5301000000000001,0.7068000000000002
498,User_DiT_1,5.0,3.0,999,1.0,0.6,0.6,0.7499999999999999
498,User_DiT_2,5.0,3.0,999,1.0,0.6,0.6,0.7499999999999999
498,User_DiT_3,5.0,3.0,999,1.0,0.6,0.6,0.7499999999999999
499,Sys_DiT_ref_1,4.65,2.85,999,0.93,0.5700000000000001,0.5301000000000001,0.7068000000000002
499,Sys_DiT_ref_2,4.25,2.85,999,0.85,0.5700000000000001,0.48450000000000004,0.6823943661971832
499,Sys_DiT_ref_3,4.15,2.85,999,0.8300000000000001,0.5700000000000001,0.4731000000000001,0.6758571428571429
499,User_DiT_1,5.0,3.0,999,1.0,0.6,0.6,0.7499999999999999
499,User_DiT_2,5.0,3.0,999,1.0,0.6,0.6,0.7499999999999999
499,User_DiT_3,5.0,3.0,999,1.0,0.6,0.6,0.7499999999999999
