image_id,source,alignment_score,authenticity_score,class_id
0,Sys_VAR_ref_800_1,4.85,4.2,4
0,Sys_VAR_ref_800_2,4.62,3.85,4
0,Sys_VAR_ref_800_3,4.85,4.72,4
0,User_VAR_800_1,5.0,3.0,4
0,User_VAR_800_2,4.44,3.0,4
0,User_VAR_800_3,5.0,3.0,4
1,Sys_VAR_ref_800_1,4.65,1.82,4
1,Sys_VAR_ref_800_2,4.65,3.82,4
1,Sys_VAR_ref_800_3,4.62,2.85,4
1,User_VAR_800_1,5.0,3.0,4
1,User_VAR_800_2,4.44,3.0,4
1,User_VAR_800_3,5.0,3.0,4
2,Sys_VAR_ref_800_1,4.15,2.85,4
2,Sys_VAR_ref_800_2,4.12,2.85,4
2,Sys_VAR_ref_800_3,4.12,2.85,4
2,User_VAR_800_1,5.0,2.0,4
2,User_VAR_800_2,5.0,2.0,4
2,User_VAR_800_3,5.0,2.0,4
4,Sys_VAR_ref_800_1,4.65,3.85,4
4,Sys_VAR_ref_800_2,4.68,3.85,4
4,Sys_VAR_ref_800_3,4.85,4.62,4
4,User_VAR_800_1,5.0,3.0,4
4,User_VAR_800_2,5.0,3.0,4
4,User_VAR_800_3,5.0,3.0,4
5,Sys_VAR_ref_800_1,4.85,3.92,4
5,Sys_VAR_ref_800_2,4.78,4.15,4
5,Sys_VAR_ref_800_3,4.85,3.65,4
5,User_VAR_800_1,5.0,5.0,4
5,User_VAR_800_2,5.0,4.0,4
5,User_VAR_800_3,5.0,5.0,4
6,Sys_VAR_ref_800_1,3.85,1.42,4
6,Sys_VAR_ref_800_2,4.35,2.85,4
6,Sys_VAR_ref_800_3,4.65,3.85,4
6,User_VAR_800_1,5.0,3.0,4
6,User_VAR_800_2,5.0,3.0,4
6,User_VAR_800_3,4.29,3.0,4
8,Sys_VAR_ref_800_1,4.12,3.65,4
8,Sys_VAR_ref_800_2,4.85,3.6,4
8,Sys_VAR_ref_800_3,4.85,3.65,4
8,User_VAR_800_1,5.0,4.0,4
8,User_VAR_800_2,5.0,4.0,4
8,User_VAR_800_3,5.0,4.0,4
9,Sys_VAR_ref_800_1,3.85,2.15,4
9,Sys_VAR_ref_800_2,4.65,2.85,4
9,Sys_VAR_ref_800_3,4.65,2.85,4
9,User_VAR_800_1,5.0,3.0,4
9,User_VAR_800_2,5.0,2.0,4
9,User_VAR_800_3,4.38,2.0,4
10,Sys_VAR_ref_800_1,4.68,1.5,7
10,Sys_VAR_ref_800_2,4.65,1.5,7
10,Sys_VAR_ref_800_3,4.62,1.5,7
10,User_VAR_800_1,5.0,2.0,7
10,User_VAR_800_2,5.0,3.0,7
10,User_VAR_800_3,5.0,3.0,7
11,Sys_VAR_ref_800_1,4.15,3.65,7
11,Sys_VAR_ref_800_2,4.15,3.85,7
11,Sys_VAR_ref_800_3,4.12,3.85,7
11,User_VAR_800_1,4.17,3.0,7
11,User_VAR_800_2,4.17,4.0,7
11,User_VAR_800_3,4.17,4.0,7
14,Sys_VAR_ref_800_1,4.12,1.5,7
14,Sys_VAR_ref_800_2,4.82,1.5,7
14,Sys_VAR_ref_800_3,4.12,1.5,7
14,User_VAR_800_1,5.0,3.0,7
14,User_VAR_800_2,5.0,2.0,7
14,User_VAR_800_3,5.0,2.0,7
15,Sys_VAR_ref_800_1,3.65,1.5,7
15,Sys_VAR_ref_800_2,3.65,1.5,7
15,Sys_VAR_ref_800_3,4.92,1.5,7
15,User_VAR_800_1,4.5,4.0,7
15,User_VAR_800_2,4.09,3.0,7
15,User_VAR_800_3,4.09,2.0,7
16,Sys_VAR_ref_800_1,4.85,4.92,7
16,Sys_VAR_ref_800_2,4.85,4.92,7
16,Sys_VAR_ref_800_3,4.65,4.82,7
16,User_VAR_800_1,5.0,5.0,7
16,User_VAR_800_2,5.0,5.0,7
16,User_VAR_800_3,4.17,4.0,7
17,Sys_VAR_ref_800_1,4.15,1.5,7
17,Sys_VAR_ref_800_2,3.85,1.5,7
17,Sys_VAR_ref_800_3,3.85,1.5,7
17,User_VAR_800_1,3.64,3.0,7
17,User_VAR_800_2,3.64,4.0,7
17,User_VAR_800_3,5.0,3.0,7
18,Sys_VAR_ref_800_1,3.85,3.92,7
18,Sys_VAR_ref_800_2,3.45,2.8,7
18,Sys_VAR_ref_800_3,3.42,2.85,7
18,User_VAR_800_1,3.33,3.0,7
18,User_VAR_800_2,3.33,3.0,7
18,User_VAR_800_3,3.33,3.0,7
19,Sys_VAR_ref_800_1,4.12,1.5,7
19,Sys_VAR_ref_800_2,3.85,1.5,7
19,Sys_VAR_ref_800_3,3.85,1.5,7
19,User_VAR_800_1,4.09,3.0,7
19,User_VAR_800_2,4.09,3.0,7
19,User_VAR_800_3,5.0,3.0,7
20,Sys_VAR_ref_800_1,3.42,2.15,10
20,Sys_VAR_ref_800_2,4.85,4.15,10
20,Sys_VAR_ref_800_3,4.85,4.75,10
20,User_VAR_800_1,5.0,3.0,10
20,User_VAR_800_2,5.0,5.0,10
20,User_VAR_800_3,3.75,4.0,10
23,Sys_VAR_ref_800_1,4.82,1.5,10
23,Sys_VAR_ref_800_2,4.92,4.85,10
23,Sys_VAR_ref_800_3,4.82,3.65,10
23,User_VAR_800_1,5.0,5.0,10
23,User_VAR_800_2,4.0,5.0,10
23,User_VAR_800_3,4.0,5.0,10
24,Sys_VAR_ref_800_1,3.42,3.85,10
24,Sys_VAR_ref_800_2,3.85,2.4,10
24,Sys_VAR_ref_800_3,3.85,4.92,10
24,User_VAR_800_1,2.22,2.0,10
24,User_VAR_800_2,2.22,3.0,10
24,User_VAR_800_3,2.5,3.0,10
25,Sys_VAR_ref_800_1,3.65,3.8,10
25,Sys_VAR_ref_800_2,3.65,3.2,10
25,Sys_VAR_ref_800_3,3.82,4.15,10
25,User_VAR_800_1,3.75,4.0,10
25,User_VAR_800_2,4.17,2.0,10
26,Sys_VAR_ref_800_1,4.92,4.85,10
26,Sys_VAR_ref_800_2,4.82,4.65,10
26,Sys_VAR_ref_800_3,4.92,4.95,10
26,User_VAR_800_1,4.0,5.0,10
26,User_VAR_800_2,4.0,5.0,10
26,User_VAR_800_3,4.0,5.0,10
27,Sys_VAR_ref_800_1,4.85,1.5,10
27,Sys_VAR_ref_800_2,4.12,1.5,10
27,Sys_VAR_ref_800_3,3.85,1.5,10
27,User_VAR_800_1,3.33,4.0,10
27,User_VAR_800_2,3.33,4.0,10
27,User_VAR_800_3,5.0,4.0,10
28,Sys_VAR_ref_800_1,2.85,1.5,10
28,Sys_VAR_ref_800_2,3.42,2.85,10
28,Sys_VAR_ref_800_3,3.85,2.15,10
28,User_VAR_800_1,3.89,2.0,10
28,User_VAR_800_2,2.78,3.0,10
28,User_VAR_800_3,3.89,3.0,10
29,Sys_VAR_ref_800_1,3.85,1.5,10
29,Sys_VAR_ref_800_2,3.15,1.5,10
29,Sys_VAR_ref_800_3,3.42,1.5,10
29,User_VAR_800_1,3.89,5.0,10
29,User_VAR_800_2,4.0,2.0,10
29,User_VAR_800_3,4.38,2.0,10
30,Sys_VAR_ref_800_1,1.25,1.5,25
30,Sys_VAR_ref_800_2,4.12,3.65,25
30,Sys_VAR_ref_800_3,3.85,3.6,25
30,User_VAR_800_1,4.0,3.0,25
30,User_VAR_800_2,4.0,4.0,25
30,User_VAR_800_3,4.0,4.0,25
31,Sys_VAR_ref_800_1,3.85,4.72,25
31,Sys_VAR_ref_800_2,3.65,4.15,25
31,Sys_VAR_ref_800_3,4.15,4.82,25
31,User_VAR_800_1,5.0,4.0,25
31,User_VAR_800_2,5.0,3.0,25
31,User_VAR_800_3,5.0,4.0,25
32,Sys_VAR_ref_800_1,3.85,3.2,25
32,Sys_VAR_ref_800_2,4.65,2.0,25
32,Sys_VAR_ref_800_3,3.85,3.2,25
32,User_VAR_800_1,0.0,4.0,25
32,User_VAR_800_2,3.33,4.0,25
32,User_VAR_800_3,0.0,4.0,25
33,Sys_VAR_ref_800_1,4.72,3.85,25
33,Sys_VAR_ref_800_2,4.65,3.85,25
33,Sys_VAR_ref_800_3,4.72,1.5,25
33,User_VAR_800_1,4.29,4.0,25
33,User_VAR_800_2,4.29,4.0,25
33,User_VAR_800_3,4.29,4.0,25
34,Sys_VAR_ref_800_1,4.85,4.92,25
34,Sys_VAR_ref_800_2,4.65,3.82,25
34,Sys_VAR_ref_800_3,4.62,3.85,25
34,User_VAR_800_1,5.0,5.0,25
34,User_VAR_800_2,5.0,4.0,25
34,User_VAR_800_3,5.0,4.0,25
35,Sys_VAR_ref_800_1,4.85,4.92,25
35,Sys_VAR_ref_800_2,4.85,1.5,25
35,Sys_VAR_ref_800_3,4.85,4.92,25
35,User_VAR_800_1,5.0,2.0,25
35,User_VAR_800_2,5.0,2.0,25
35,User_VAR_800_3,5.0,5.0,25
36,Sys_VAR_ref_800_1,4.65,2.0,25
36,Sys_VAR_ref_800_2,4.85,4.75,25
36,Sys_VAR_ref_800_3,3.85,2.0,25
36,User_VAR_800_1,3.57,4.0,25
36,User_VAR_800_2,4.29,3.0,25
36,User_VAR_800_3,3.57,3.0,25
37,Sys_VAR_ref_800_1,4.85,4.72,25
37,Sys_VAR_ref_800_2,4.65,3.85,25
37,Sys_VAR_ref_800_3,4.15,2.85,25
37,User_VAR_800_1,5.0,4.0,25
37,User_VAR_800_2,5.0,4.0,25
37,User_VAR_800_3,5.0,4.0,25
40,Sys_VAR_ref_800_1,4.62,4.15,35
40,Sys_VAR_ref_800_2,3.68,3.45,35
40,Sys_VAR_ref_800_3,3.85,3.6,35
40,User_VAR_800_1,5.0,4.0,35
40,User_VAR_800_2,4.0,4.0,35
40,User_VAR_800_3,5.0,4.0,35
41,Sys_VAR_ref_800_1,4.65,4.2,35
41,Sys_VAR_ref_800_2,4.65,3.82,35
41,Sys_VAR_ref_800_3,4.12,3.65,35
41,User_VAR_800_1,4.0,3.0,35
41,User_VAR_800_2,5.0,3.0,35
41,User_VAR_800_3,4.0,3.0,35
42,Sys_VAR_ref_800_1,2.35,1.5,35
42,Sys_VAR_ref_800_2,2.15,1.5,35
42,Sys_VAR_ref_800_3,1.85,1.5,35
42,User_VAR_800_1,3.75,3.0,35
42,User_VAR_800_2,3.75,3.0,35
42,User_VAR_800_3,3.75,3.0,35
43,Sys_VAR_ref_800_1,4.12,3.65,35
43,Sys_VAR_ref_800_2,3.42,2.85,35
43,Sys_VAR_ref_800_3,4.15,3.65,35
43,User_VAR_800_1,3.75,4.0,35
43,User_VAR_800_2,4.0,4.0,35
43,User_VAR_800_3,3.75,4.0,35
45,Sys_VAR_ref_800_1,0.85,1.5,35
45,Sys_VAR_ref_800_2,1.25,3.85,35
45,Sys_VAR_ref_800_3,1.25,3.85,35
45,User_VAR_800_1,0.0,4.0,35
45,User_VAR_800_2,0.0,3.0,35
45,User_VAR_800_3,0.0,4.0,35
46,Sys_VAR_ref_800_1,2.85,2.1,35
46,Sys_VAR_ref_800_2,3.82,2.65,35
46,Sys_VAR_ref_800_3,2.15,2.85,35
46,User_VAR_800_1,5.0,3.0,35
46,User_VAR_800_2,5.0,3.0,35
46,User_VAR_800_3,5.0,2.0,35
47,Sys_VAR_ref_800_1,4.35,2.85,35
47,Sys_VAR_ref_800_2,4.12,3.85,35
47,Sys_VAR_ref_800_3,4.85,4.72,35
47,User_VAR_800_1,5.0,4.0,35
47,User_VAR_800_2,4.17,4.0,35
47,User_VAR_800_3,4.17,4.0,35
48,Sys_VAR_ref_800_1,4.15,2.85,35
48,Sys_VAR_ref_800_2,4.12,3.65,35
48,Sys_VAR_ref_800_3,2.85,3.6,35
48,User_VAR_800_1,4.0,4.0,35
48,User_VAR_800_2,4.0,3.0,35
48,User_VAR_800_3,4.0,3.0,35
50,Sys_VAR_ref_800_1,4.85,4.92,39
50,Sys_VAR_ref_800_2,4.12,2.85,39
50,Sys_VAR_ref_800_3,4.92,5.0,39
50,User_VAR_800_1,5.0,5.0,39
50,User_VAR_800_2,5.0,3.0,39
50,User_VAR_800_3,5.0,3.0,39
51,Sys_VAR_ref_800_1,2.85,1.5,39
51,Sys_VAR_ref_800_2,2.85,1.5,39
51,Sys_VAR_ref_800_3,2.85,1.5,39
51,User_VAR_800_1,4.29,2.0,39
51,User_VAR_800_2,4.29,3.0,39
51,User_VAR_800_3,3.89,2.0,39
53,Sys_VAR_ref_800_1,4.85,4.92,39
53,Sys_VAR_ref_800_2,4.85,4.62,39
53,Sys_VAR_ref_800_3,4.85,4.92,39
53,User_VAR_800_1,4.29,5.0,39
53,User_VAR_800_2,4.29,5.0,39
53,User_VAR_800_3,5.0,5.0,39
54,Sys_VAR_ref_800_1,4.65,3.85,39
54,Sys_VAR_ref_800_2,4.65,3.85,39
54,Sys_VAR_ref_800_3,4.65,3.85,39
54,User_VAR_800_1,5.0,4.0,39
54,User_VAR_800_2,5.0,4.0,39
54,User_VAR_800_3,5.0,4.0,39
55,Sys_VAR_ref_800_1,3.42,1.5,39
55,Sys_VAR_ref_800_2,3.42,1.5,39
55,Sys_VAR_ref_800_3,3.85,2.8,39
55,User_VAR_800_1,4.29,4.0,39
55,User_VAR_800_2,4.29,5.0,39
55,User_VAR_800_3,5.0,4.0,39
57,Sys_VAR_ref_800_1,4.12,4.35,39
57,Sys_VAR_ref_800_2,4.85,2.0,39
57,Sys_VAR_ref_800_3,3.42,2.0,39
57,User_VAR_800_1,4.44,2.0,39
57,User_VAR_800_2,5.0,2.0,39
57,User_VAR_800_3,4.44,3.0,39
58,Sys_VAR_ref_800_1,3.85,2.15,39
58,Sys_VAR_ref_800_2,4.12,2.85,39
58,Sys_VAR_ref_800_3,4.12,1.5,39
58,User_VAR_800_1,5.0,3.0,39
58,User_VAR_800_2,5.0,2.0,39
58,User_VAR_800_3,5.0,2.0,39
59,Sys_VAR_ref_800_1,3.85,1.5,39
59,Sys_VAR_ref_800_2,3.42,1.5,39
59,Sys_VAR_ref_800_3,3.42,1.5,39
59,User_VAR_800_1,4.29,3.0,39
59,User_VAR_800_2,3.57,3.0,39
59,User_VAR_800_3,3.57,3.0,39
61,Sys_VAR_ref_800_1,3.42,2.85,49
61,Sys_VAR_ref_800_2,3.42,2.85,49
61,Sys_VAR_ref_800_3,3.85,3.62,49
61,User_VAR_800_1,5.0,2.0,49
61,User_VAR_800_2,5.0,2.0,49
61,User_VAR_800_3,5.0,4.0,49
62,Sys_VAR_ref_800_1,2.85,2.1,49
62,Sys_VAR_ref_800_2,2.85,3.12,49
62,Sys_VAR_ref_800_3,3.85,3.6,49
62,User_VAR_800_1,5.0,4.0,49
62,User_VAR_800_2,5.0,2.0,49
62,User_VAR_800_3,5.0,4.0,49
63,Sys_VAR_ref_800_1,2.15,3.8,49
63,Sys_VAR_ref_800_2,2.85,2.1,49
63,Sys_VAR_ref_800_3,2.85,3.15,49
63,User_VAR_800_1,5.0,2.0,49
63,User_VAR_800_2,5.0,2.0,49
63,User_VAR_800_3,5.0,2.0,49
64,Sys_VAR_ref_800_1,2.85,1.92,49
64,Sys_VAR_ref_800_2,3.85,3.2,49
64,Sys_VAR_ref_800_3,2.85,4.72,49
64,User_VAR_800_1,4.29,2.0,49
64,User_VAR_800_2,4.29,3.0,49
64,User_VAR_800_3,5.0,3.0,49
65,Sys_VAR_ref_800_1,2.85,2.0,49
65,Sys_VAR_ref_800_2,2.15,2.85,49
65,Sys_VAR_ref_800_3,2.45,2.1,49
65,User_VAR_800_1,3.12,3.0,49
65,User_VAR_800_2,5.0,2.0,49
65,User_VAR_800_3,5.0,2.0,49
66,Sys_VAR_ref_800_1,4.92,4.95,49
66,Sys_VAR_ref_800_2,4.12,3.25,49
66,Sys_VAR_ref_800_3,4.85,4.2,49
66,User_VAR_800_1,5.0,5.0,49
66,User_VAR_800_2,5.0,4.0,49
66,User_VAR_800_3,5.0,4.0,49
67,Sys_VAR_ref_800_1,3.85,3.6,49
67,Sys_VAR_ref_800_2,3.65,2.85,49
67,Sys_VAR_ref_800_3,4.12,3.65,49
67,User_VAR_800_1,5.0,3.0,49
67,User_VAR_800_2,5.0,3.0,49
67,User_VAR_800_3,5.0,5.0,49
68,Sys_VAR_ref_800_1,4.12,4.85,49
68,Sys_VAR_ref_800_2,2.85,3.2,49
68,Sys_VAR_ref_800_3,3.85,3.2,49
68,User_VAR_800_1,3.57,3.0,49
68,User_VAR_800_2,3.57,3.0,49
68,User_VAR_800_3,3.57,3.0,49
70,Sys_VAR_ref_800_1,5.0,5.0,51
70,Sys_VAR_ref_800_2,4.12,2.85,51
70,Sys_VAR_ref_800_3,4.85,4.6,51
70,User_VAR_800_1,5.0,4.0,51
70,User_VAR_800_2,5.0,4.0,51
70,User_VAR_800_3,5.0,2.0,51
71,Sys_VAR_ref_800_1,2.85,1.92,51
71,Sys_VAR_ref_800_2,4.15,2.85,51
71,Sys_VAR_ref_800_3,3.85,2.65,51
71,User_VAR_800_1,2.86,2.0,51
71,User_VAR_800_2,4.0,3.0,51
71,User_VAR_800_3,4.0,2.0,51
72,Sys_VAR_ref_800_1,3.65,2.85,51
72,Sys_VAR_ref_800_2,4.65,3.82,51
72,Sys_VAR_ref_800_3,4.72,3.85,51
72,User_VAR_800_1,3.75,2.0,51
72,User_VAR_800_2,3.75,2.0,51
72,User_VAR_800_3,5.0,3.0,51
73,Sys_VAR_ref_800_1,3.45,2.15,51
73,Sys_VAR_ref_800_2,4.12,2.85,51
73,Sys_VAR_ref_800_3,3.42,2.15,51
73,User_VAR_800_1,4.17,5.0,51
73,User_VAR_800_2,5.0,4.0,51
73,User_VAR_800_3,5.0,4.0,51
75,Sys_VAR_ref_800_1,4.92,3.85,51
75,Sys_VAR_ref_800_2,4.15,2.85,51
75,Sys_VAR_ref_800_3,4.15,3.85,51
75,User_VAR_800_1,4.38,3.0,51
75,User_VAR_800_2,5.0,4.0,51
75,User_VAR_800_3,4.38,3.0,51
77,Sys_VAR_ref_800_1,4.85,3.65,51
77,Sys_VAR_ref_800_2,4.85,3.6,51
77,Sys_VAR_ref_800_3,4.85,3.2,51
77,User_VAR_800_1,5.0,5.0,51
77,User_VAR_800_2,5.0,5.0,51
77,User_VAR_800_3,5.0,5.0,51
78,Sys_VAR_ref_800_1,4.65,1.5,51
78,Sys_VAR_ref_800_2,4.65,3.85,51
78,Sys_VAR_ref_800_3,4.65,3.85,51
78,User_VAR_800_1,5.0,3.0,51
78,User_VAR_800_2,5.0,4.0,51
78,User_VAR_800_3,5.0,4.0,51
79,Sys_VAR_ref_800_1,4.92,4.85,51
79,Sys_VAR_ref_800_2,4.92,4.85,51
79,Sys_VAR_ref_800_3,4.92,4.85,51
79,User_VAR_800_1,5.0,5.0,51
79,User_VAR_800_2,5.0,5.0,51
79,User_VAR_800_3,5.0,5.0,51
81,Sys_VAR_ref_800_1,4.68,3.85,52
81,Sys_VAR_ref_800_2,4.92,4.85,52
81,Sys_VAR_ref_800_3,4.65,3.85,52
81,User_VAR_800_1,5.0,4.0,52
81,User_VAR_800_2,5.0,5.0,52
81,User_VAR_800_3,5.0,5.0,52
82,Sys_VAR_ref_800_1,3.42,3.85,52
82,Sys_VAR_ref_800_2,3.85,4.92,52
82,Sys_VAR_ref_800_3,3.42,3.85,52
82,User_VAR_800_1,4.38,4.0,52
82,User_VAR_800_2,4.38,4.0,52
82,User_VAR_800_3,5.0,4.0,52
83,Sys_VAR_ref_800_1,4.12,2.85,52
83,Sys_VAR_ref_800_2,4.12,2.85,52
83,Sys_VAR_ref_800_3,4.65,3.82,52
83,User_VAR_800_1,5.0,3.0,52
83,User_VAR_800_2,5.0,3.0,52
83,User_VAR_800_3,5.0,3.0,52
84,Sys_VAR_ref_800_1,4.65,3.82,52
84,Sys_VAR_ref_800_2,4.65,3.85,52
84,Sys_VAR_ref_800_3,4.92,4.65,52
84,User_VAR_800_1,5.0,5.0,52
84,User_VAR_800_2,5.0,5.0,52
84,User_VAR_800_3,5.0,5.0,52
85,Sys_VAR_ref_800_1,3.45,3.82,52
85,Sys_VAR_ref_800_2,2.85,3.62,52
85,Sys_VAR_ref_800_3,2.85,3.42,52
85,User_VAR_800_1,4.17,4.0,52
85,User_VAR_800_2,4.29,4.0,52
85,User_VAR_800_3,4.17,4.0,52
86,Sys_VAR_ref_800_1,1.42,1.85,52
86,Sys_VAR_ref_800_2,1.85,1.2,52
86,Sys_VAR_ref_800_3,1.25,1.8,52
86,User_VAR_800_1,3.0,2.0,52
86,User_VAR_800_2,3.0,1.0,52
86,User_VAR_800_3,2.5,2.0,52
88,Sys_VAR_ref_800_1,3.42,2.85,52
88,Sys_VAR_ref_800_2,3.42,2.85,52
88,Sys_VAR_ref_800_3,2.15,3.85,52
88,User_VAR_800_1,4.0,3.0,52
88,User_VAR_800_2,4.0,3.0,52
88,User_VAR_800_3,4.0,3.0,52
89,Sys_VAR_ref_800_1,4.92,4.85,52
89,Sys_VAR_ref_800_2,4.85,4.92,52
89,Sys_VAR_ref_800_3,4.92,4.95,52
89,User_VAR_800_1,5.0,5.0,52
89,User_VAR_800_2,5.0,5.0,52
89,User_VAR_800_3,5.0,5.0,52
90,Sys_VAR_ref_800_1,4.92,4.98,64
90,Sys_VAR_ref_800_2,4.65,4.2,64
90,Sys_VAR_ref_800_3,4.92,4.85,64
90,User_VAR_800_1,5.0,3.0,64
90,User_VAR_800_2,5.0,5.0,64
90,User_VAR_800_3,5.0,5.0,64
91,Sys_VAR_ref_800_1,2.85,1.65,64
91,Sys_VAR_ref_800_2,2.85,2.6,64
91,Sys_VAR_ref_800_3,2.85,3.6,64
91,User_VAR_800_1,3.57,3.0,64
91,User_VAR_800_2,2.86,4.0,64
91,User_VAR_800_3,2.14,4.0,64
92,Sys_VAR_ref_800_1,2.85,1.65,64
92,Sys_VAR_ref_800_2,2.85,1.2,64
92,Sys_VAR_ref_800_3,4.65,3.85,64
92,User_VAR_800_1,5.0,3.0,64
92,User_VAR_800_2,3.12,5.0,64
92,User_VAR_800_3,5.0,3.0,64
93,Sys_VAR_ref_800_1,4.85,4.72,64
93,Sys_VAR_ref_800_2,4.15,3.65,64
93,Sys_VAR_ref_800_3,4.15,2.85,64
93,User_VAR_800_1,5.0,5.0,64
93,User_VAR_800_2,5.0,4.0,64
93,User_VAR_800_3,4.29,4.0,64
94,Sys_VAR_ref_800_1,1.25,3.85,64
94,Sys_VAR_ref_800_2,1.85,3.62,64
94,Sys_VAR_ref_800_3,1.85,2.4,64
94,User_VAR_800_1,2.86,3.0,64
94,User_VAR_800_2,2.86,2.0,64
94,User_VAR_800_3,2.86,2.0,64
95,Sys_VAR_ref_800_1,4.92,4.95,64
95,Sys_VAR_ref_800_2,4.62,3.85,64
95,Sys_VAR_ref_800_3,4.85,4.92,64
95,User_VAR_800_1,5.0,5.0,64
95,User_VAR_800_2,5.0,5.0,64
95,User_VAR_800_3,5.0,4.0,64
96,Sys_VAR_ref_800_1,2.85,3.42,64
96,Sys_VAR_ref_800_2,2.15,3.42,64
96,Sys_VAR_ref_800_3,1.85,2.4,64
96,User_VAR_800_1,4.29,3.0,64
96,User_VAR_800_2,4.29,4.0,64
96,User_VAR_800_3,4.29,3.0,64
99,Sys_VAR_ref_800_1,2.85,2.6,64
99,Sys_VAR_ref_800_2,2.85,2.4,64
99,Sys_VAR_ref_800_3,2.45,3.85,64
99,User_VAR_800_1,2.5,4.0,64
99,User_VAR_800_2,2.5,4.0,64
99,User_VAR_800_3,2.5,4.0,64
101,Sys_VAR_ref_800_1,4.12,1.5,80
101,Sys_VAR_ref_800_2,3.62,1.85,80
101,Sys_VAR_ref_800_3,3.82,1.47,80
101,User_VAR_800_1,5.0,2.0,80
101,User_VAR_800_2,5.0,3.0,80
101,User_VAR_800_3,5.0,3.0,80
102,Sys_VAR_ref_800_1,4.65,1.5,80
102,Sys_VAR_ref_800_2,4.65,1.5,80
102,Sys_VAR_ref_800_3,4.65,1.5,80
102,User_VAR_800_1,5.0,4.0,80
102,User_VAR_800_2,5.0,2.0,80
102,User_VAR_800_3,5.0,4.0,80
103,Sys_VAR_ref_800_1,3.42,1.5,80
103,Sys_VAR_ref_800_2,4.65,1.5,80
103,Sys_VAR_ref_800_3,3.42,1.5,80
103,User_VAR_800_1,5.0,2.0,80
103,User_VAR_800_2,3.57,2.0,80
103,User_VAR_800_3,5.0,2.0,80
104,Sys_VAR_ref_800_1,3.42,1.85,80
104,Sys_VAR_ref_800_2,4.12,1.85,80
104,Sys_VAR_ref_800_3,3.85,1.25,80
104,User_VAR_800_1,4.29,2.0,80
104,User_VAR_800_2,5.0,1.0,80
104,User_VAR_800_3,5.0,1.0,80
105,Sys_VAR_ref_800_1,4.15,2.0,80
105,Sys_VAR_ref_800_2,3.85,1.92,80
105,Sys_VAR_ref_800_3,3.85,2.0,80
105,User_VAR_800_1,4.29,3.0,80
105,User_VAR_800_2,4.29,3.0,80
105,User_VAR_800_3,4.29,3.0,80
107,Sys_VAR_ref_800_1,4.65,1.5,80
107,Sys_VAR_ref_800_2,4.85,1.5,80
107,Sys_VAR_ref_800_3,4.85,1.5,80
107,User_VAR_800_1,5.0,3.0,80
107,User_VAR_800_2,5.0,2.0,80
107,User_VAR_800_3,5.0,4.0,80
108,Sys_VAR_ref_800_1,3.85,1.5,80
108,Sys_VAR_ref_800_2,4.62,1.5,80
108,Sys_VAR_ref_800_3,4.15,1.5,80
108,User_VAR_800_1,4.17,3.0,80
108,User_VAR_800_2,4.17,4.0,80
108,User_VAR_800_3,4.17,4.0,80
109,Sys_VAR_ref_800_1,4.65,1.5,80
109,Sys_VAR_ref_800_2,4.65,3.85,80
109,Sys_VAR_ref_800_3,4.85,3.65,80
109,User_VAR_800_1,5.0,4.0,80
109,User_VAR_800_2,5.0,4.0,80
109,User_VAR_800_3,5.0,4.0,80
110,Sys_VAR_ref_800_1,4.85,4.92,97
110,Sys_VAR_ref_800_2,4.82,4.65,97
110,Sys_VAR_ref_800_3,4.82,3.65,97
110,User_VAR_800_1,5.0,4.0,97
110,User_VAR_800_2,5.0,4.0,97
110,User_VAR_800_3,5.0,5.0,97
111,Sys_VAR_ref_800_1,4.72,3.85,97
111,Sys_VAR_ref_800_2,4.92,4.98,97
111,Sys_VAR_ref_800_3,4.92,4.95,97
111,User_VAR_800_1,5.0,4.0,97
111,User_VAR_800_2,5.0,4.0,97
111,User_VAR_800_3,5.0,4.0,97
112,Sys_VAR_ref_800_1,4.92,4.95,97
112,Sys_VAR_ref_800_2,4.85,3.62,97
112,Sys_VAR_ref_800_3,4.98,4.95,97
112,User_VAR_800_1,5.0,4.0,97
112,User_VAR_800_2,5.0,5.0,97
112,User_VAR_800_3,5.0,5.0,97
113,Sys_VAR_ref_800_1,2.85,3.62,97
113,Sys_VAR_ref_800_2,2.85,4.12,97
113,Sys_VAR_ref_800_3,1.85,3.0,97
113,User_VAR_800_1,2.5,4.0,97
113,User_VAR_800_2,2.5,4.0,97
113,User_VAR_800_3,2.5,3.0,97
115,Sys_VAR_ref_800_1,4.85,1.5,97
115,Sys_VAR_ref_800_2,4.12,1.5,97
115,Sys_VAR_ref_800_3,4.82,1.5,97
115,User_VAR_800_1,5.0,2.0,97
115,User_VAR_800_2,5.0,2.0,97
115,User_VAR_800_3,5.0,2.0,97
116,Sys_VAR_ref_800_1,4.98,4.95,97
116,Sys_VAR_ref_800_2,4.98,4.95,97
116,Sys_VAR_ref_800_3,4.98,4.95,97
116,User_VAR_800_1,5.0,5.0,97
116,User_VAR_800_2,5.0,5.0,97
116,User_VAR_800_3,5.0,5.0,97
117,Sys_VAR_ref_800_1,4.65,3.85,97
117,Sys_VAR_ref_800_2,4.65,3.85,97
117,Sys_VAR_ref_800_3,4.65,3.82,97
117,User_VAR_800_1,5.0,4.0,97
117,User_VAR_800_2,5.0,4.0,97
117,User_VAR_800_3,5.0,4.0,97
118,Sys_VAR_ref_800_1,4.82,3.65,97
118,Sys_VAR_ref_800_2,4.82,3.65,97
118,Sys_VAR_ref_800_3,4.85,4.92,97
118,User_VAR_800_1,5.0,5.0,97
118,User_VAR_800_2,5.0,5.0,97
118,User_VAR_800_3,5.0,3.0,97
121,Sys_VAR_ref_800_1,4.65,2.85,106
121,Sys_VAR_ref_800_2,4.12,2.85,106
121,Sys_VAR_ref_800_3,4.65,3.85,106
121,User_VAR_800_1,5.0,5.0,106
121,User_VAR_800_2,5.0,4.0,106
121,User_VAR_800_3,5.0,4.0,106
122,Sys_VAR_ref_800_1,4.68,2.0,106
122,Sys_VAR_ref_800_2,4.12,2.0,106
122,Sys_VAR_ref_800_3,4.65,2.0,106
122,User_VAR_800_1,5.0,3.0,106
122,User_VAR_800_2,5.0,3.0,106
122,User_VAR_800_3,5.0,3.0,106
123,Sys_VAR_ref_800_1,4.12,2.85,106
123,Sys_VAR_ref_800_2,4.85,3.0,106
123,Sys_VAR_ref_800_3,4.62,3.0,106
123,User_VAR_800_1,5.0,3.0,106
123,User_VAR_800_2,5.0,3.0,106
123,User_VAR_800_3,5.0,3.0,106
124,Sys_VAR_ref_800_1,4.85,3.75,106
124,Sys_VAR_ref_800_2,4.92,4.85,106
124,Sys_VAR_ref_800_3,4.85,3.65,106
124,User_VAR_800_1,5.0,5.0,106
124,User_VAR_800_2,5.0,5.0,106
124,User_VAR_800_3,5.0,5.0,106
125,Sys_VAR_ref_800_1,4.92,4.85,106
125,Sys_VAR_ref_800_2,4.92,4.85,106
125,Sys_VAR_ref_800_3,4.92,4.85,106
125,User_VAR_800_1,5.0,5.0,106
125,User_VAR_800_2,5.0,4.0,106
125,User_VAR_800_3,5.0,4.0,106
127,Sys_VAR_ref_800_1,4.85,3.65,106
127,Sys_VAR_ref_800_2,4.85,3.65,106
127,Sys_VAR_ref_800_3,4.85,3.72,106
127,User_VAR_800_1,5.0,4.0,106
127,User_VAR_800_2,5.0,4.0,106
127,User_VAR_800_3,5.0,4.0,106
128,Sys_VAR_ref_800_1,4.85,3.65,106
128,Sys_VAR_ref_800_2,4.92,4.65,106
128,Sys_VAR_ref_800_3,4.85,3.65,106
128,User_VAR_800_1,5.0,4.0,106
128,User_VAR_800_2,5.0,4.0,106
128,User_VAR_800_3,5.0,4.0,106
129,Sys_VAR_ref_800_1,4.85,1.5,106
129,Sys_VAR_ref_800_2,4.65,1.5,106
129,Sys_VAR_ref_800_3,4.85,4.92,106
129,User_VAR_800_1,5.0,5.0,106
129,User_VAR_800_2,5.0,4.0,106
129,User_VAR_800_3,5.0,4.0,106
131,Sys_VAR_ref_800_1,4.62,2.85,116
131,Sys_VAR_ref_800_2,4.82,3.15,116
131,Sys_VAR_ref_800_3,4.62,2.85,116
131,User_VAR_800_1,5.0,4.0,116
131,User_VAR_800_2,5.0,4.0,116
131,User_VAR_800_3,5.0,4.0,116
132,Sys_VAR_ref_800_1,4.65,3.85,116
132,Sys_VAR_ref_800_2,4.85,4.6,116
132,Sys_VAR_ref_800_3,4.65,2.85,116
132,User_VAR_800_1,5.0,4.0,116
132,User_VAR_800_2,5.0,4.0,116
132,User_VAR_800_3,5.0,5.0,116
133,Sys_VAR_ref_800_1,4.68,3.42,116
133,Sys_VAR_ref_800_2,4.85,4.12,116
133,Sys_VAR_ref_800_3,4.85,3.65,116
133,User_VAR_800_1,5.0,4.0,116
133,User_VAR_800_2,5.0,4.0,116
133,User_VAR_800_3,5.0,4.0,116
134,Sys_VAR_ref_800_1,4.98,4.96,116
134,Sys_VAR_ref_800_2,4.92,4.95,116
134,Sys_VAR_ref_800_3,4.92,4.88,116
134,User_VAR_800_1,5.0,5.0,116
134,User_VAR_800_2,5.0,5.0,116
134,User_VAR_800_3,5.0,5.0,116
136,Sys_VAR_ref_800_1,4.98,4.85,116
136,Sys_VAR_ref_800_2,4.98,4.95,116
136,Sys_VAR_ref_800_3,4.98,4.85,116
136,User_VAR_800_1,5.0,5.0,116
136,User_VAR_800_2,5.0,5.0,116
136,User_VAR_800_3,5.0,5.0,116
137,Sys_VAR_ref_800_1,4.85,2.65,116
137,Sys_VAR_ref_800_2,4.85,3.65,116
137,Sys_VAR_ref_800_3,4.65,2.85,116
137,User_VAR_800_1,5.0,3.0,116
137,User_VAR_800_2,5.0,2.0,116
137,User_VAR_800_3,5.0,2.0,116
138,Sys_VAR_ref_800_1,4.92,4.85,116
138,Sys_VAR_ref_800_2,4.98,4.95,116
138,Sys_VAR_ref_800_3,4.92,4.85,116
138,User_VAR_800_1,5.0,4.0,116
138,User_VAR_800_2,5.0,4.0,116
138,User_VAR_800_3,5.0,4.0,116
139,Sys_VAR_ref_800_1,4.98,4.85,116
139,Sys_VAR_ref_800_2,4.98,4.95,116
139,Sys_VAR_ref_800_3,4.92,4.85,116
139,User_VAR_800_1,5.0,5.0,116
139,User_VAR_800_2,5.0,5.0,116
139,User_VAR_800_3,5.0,5.0,116
140,Sys_VAR_ref_800_1,4.35,2.85,118
140,Sys_VAR_ref_800_2,4.12,2.85,118
140,Sys_VAR_ref_800_3,3.65,2.85,118
140,User_VAR_800_1,5.0,3.0,118
140,User_VAR_800_2,5.0,2.0,118
140,User_VAR_800_3,5.0,2.0,118
141,Sys_VAR_ref_800_1,1.85,1.42,118
141,Sys_VAR_ref_800_2,1.85,1.2,118
141,Sys_VAR_ref_800_3,2.85,1.42,118
141,User_VAR_800_1,4.17,2.0,118
141,User_VAR_800_2,3.33,2.0,118
141,User_VAR_800_3,4.0,2.0,118
142,Sys_VAR_ref_800_1,3.42,2.15,118
142,Sys_VAR_ref_800_2,3.85,2.65,118
142,Sys_VAR_ref_800_3,2.85,1.42,118
142,User_VAR_800_1,2.5,2.0,118
142,User_VAR_800_2,2.5,2.0,118
142,User_VAR_800_3,3.0,3.0,118
143,Sys_VAR_ref_800_1,0.12,0.85,118
143,Sys_VAR_ref_800_2,2.85,3.1,118
143,Sys_VAR_ref_800_3,3.85,2.65,118
143,User_VAR_800_1,5.0,3.0,118
143,User_VAR_800_2,5.0,3.0,118
143,User_VAR_800_3,0.0,3.0,118
145,Sys_VAR_ref_800_1,3.85,2.65,118
145,Sys_VAR_ref_800_2,4.15,2.85,118
145,Sys_VAR_ref_800_3,3.85,2.65,118
145,User_VAR_800_1,3.33,2.0,118
145,User_VAR_800_2,3.12,2.0,118
145,User_VAR_800_3,3.12,3.0,118
146,Sys_VAR_ref_800_1,4.65,2.85,118
146,Sys_VAR_ref_800_2,2.15,1.2,118
146,Sys_VAR_ref_800_3,3.85,4.12,118
146,User_VAR_800_1,3.75,2.0,118
146,User_VAR_800_2,3.75,2.0,118
146,User_VAR_800_3,3.75,2.0,118
148,Sys_VAR_ref_800_1,4.35,2.85,118
148,Sys_VAR_ref_800_2,4.82,3.65,118
148,Sys_VAR_ref_800_3,3.85,3.92,118
148,User_VAR_800_1,3.33,4.0,118
148,User_VAR_800_2,5.0,4.0,118
148,User_VAR_800_3,3.33,4.0,118
149,Sys_VAR_ref_800_1,1.85,1.45,118
149,Sys_VAR_ref_800_2,4.12,3.85,118
149,Sys_VAR_ref_800_3,4.35,3.82,118
149,User_VAR_800_1,4.29,4.0,118
149,User_VAR_800_2,1.67,2.0,118
149,User_VAR_800_3,4.38,2.0,118
150,Sys_VAR_ref_800_1,4.12,3.65,129
150,Sys_VAR_ref_800_2,4.12,3.65,129
150,Sys_VAR_ref_800_3,4.65,3.82,129
150,User_VAR_800_1,3.57,4.0,129
150,User_VAR_800_2,3.57,4.0,129
150,User_VAR_800_3,3.57,4.0,129
151,Sys_VAR_ref_800_1,4.12,2.85,129
151,Sys_VAR_ref_800_2,4.12,3.0,129
151,Sys_VAR_ref_800_3,4.12,2.85,129
151,User_VAR_800_1,3.57,3.0,129
151,User_VAR_800_2,3.57,3.0,129
151,User_VAR_800_3,3.57,4.0,129
152,Sys_VAR_ref_800_1,3.85,2.0,129
152,Sys_VAR_ref_800_2,4.12,2.0,129
152,Sys_VAR_ref_800_3,4.12,2.0,129
152,User_VAR_800_1,3.57,4.0,129
152,User_VAR_800_2,3.57,2.0,129
152,User_VAR_800_3,3.57,4.0,129
153,Sys_VAR_ref_800_1,3.85,1.5,129
153,Sys_VAR_ref_800_2,3.65,1.5,129
153,Sys_VAR_ref_800_3,4.65,1.5,129
153,User_VAR_800_1,3.33,2.0,129
153,User_VAR_800_2,3.33,2.0,129
153,User_VAR_800_3,3.33,3.0,129
155,Sys_VAR_ref_800_1,4.65,3.85,129
155,Sys_VAR_ref_800_2,4.15,3.65,129
155,Sys_VAR_ref_800_3,4.12,1.5,129
155,User_VAR_800_1,5.0,4.0,129
155,User_VAR_800_2,3.33,4.0,129
155,User_VAR_800_3,5.0,4.0,129
156,Sys_VAR_ref_800_1,4.85,1.5,129
156,Sys_VAR_ref_800_2,4.85,1.5,129
156,Sys_VAR_ref_800_3,4.12,1.5,129
156,User_VAR_800_1,5.0,3.0,129
156,User_VAR_800_2,4.29,2.0,129
156,User_VAR_800_3,4.29,2.0,129
158,Sys_VAR_ref_800_1,3.42,1.5,129
158,Sys_VAR_ref_800_2,3.85,1.5,129
158,Sys_VAR_ref_800_3,4.12,1.5,129
158,User_VAR_800_1,4.29,2.0,129
158,User_VAR_800_2,3.57,3.0,129
158,User_VAR_800_3,4.29,3.0,129
159,Sys_VAR_ref_800_1,3.42,1.5,129
159,Sys_VAR_ref_800_2,3.42,1.5,129
159,Sys_VAR_ref_800_3,3.85,1.5,129
159,User_VAR_800_1,3.33,2.0,129
159,User_VAR_800_2,2.78,2.0,129
159,User_VAR_800_3,3.33,2.0,129
160,Sys_VAR_ref_800_1,4.15,2.85,144
160,Sys_VAR_ref_800_2,4.68,3.42,144
160,Sys_VAR_ref_800_3,4.12,3.65,144
160,User_VAR_800_1,4.29,3.0,144
160,User_VAR_800_2,4.29,3.0,144
160,User_VAR_800_3,4.29,4.0,144
162,Sys_VAR_ref_800_1,4.65,2.0,144
162,Sys_VAR_ref_800_2,4.12,2.0,144
162,Sys_VAR_ref_800_3,4.85,2.0,144
162,User_VAR_800_1,5.0,4.0,144
162,User_VAR_800_2,3.75,2.0,144
162,User_VAR_800_3,3.75,4.0,144
163,Sys_VAR_ref_800_1,4.12,1.5,144
163,Sys_VAR_ref_800_2,4.62,2.85,144
163,Sys_VAR_ref_800_3,4.82,3.65,144
163,User_VAR_800_1,5.0,3.0,144
163,User_VAR_800_2,5.0,3.0,144
163,User_VAR_800_3,5.0,3.0,144
164,Sys_VAR_ref_800_1,4.12,1.5,144
164,Sys_VAR_ref_800_2,4.65,1.5,144
164,Sys_VAR_ref_800_3,4.65,3.85,144
164,User_VAR_800_1,4.0,2.0,144
164,User_VAR_800_2,4.0,4.0,144
164,User_VAR_800_3,4.0,4.0,144
165,Sys_VAR_ref_800_1,2.85,1.5,144
165,Sys_VAR_ref_800_2,2.85,1.5,144
165,Sys_VAR_ref_800_3,2.85,1.5,144
165,User_VAR_800_1,3.89,2.0,144
165,User_VAR_800_2,3.89,3.0,144
165,User_VAR_800_3,3.89,2.0,144
166,Sys_VAR_ref_800_1,3.82,3.65,144
166,Sys_VAR_ref_800_2,2.85,3.62,144
166,Sys_VAR_ref_800_3,2.85,3.42,144
166,User_VAR_800_1,4.38,4.0,144
166,User_VAR_800_2,4.29,4.0,144
166,User_VAR_800_3,4.38,3.0,144
167,Sys_VAR_ref_800_1,4.72,1.5,144
167,Sys_VAR_ref_800_2,4.12,1.5,144
167,Sys_VAR_ref_800_3,4.12,1.5,144
167,User_VAR_800_1,4.44,2.0,144
167,User_VAR_800_2,5.0,3.0,144
167,User_VAR_800_3,5.0,3.0,144
168,Sys_VAR_ref_800_1,4.35,1.5,144
168,Sys_VAR_ref_800_2,4.15,1.5,144
168,Sys_VAR_ref_800_3,4.15,1.5,144
168,User_VAR_800_1,5.0,2.0,144
168,User_VAR_800_2,5.0,3.0,144
168,User_VAR_800_3,4.44,3.0,144
170,Sys_VAR_ref_800_1,4.12,2.85,147
170,Sys_VAR_ref_800_2,4.85,3.65,147
170,Sys_VAR_ref_800_3,4.85,3.65,147
170,User_VAR_800_1,5.0,4.0,147
170,User_VAR_800_2,5.0,4.0,147
170,User_VAR_800_3,5.0,4.0,147
171,Sys_VAR_ref_800_1,4.85,3.72,147
171,Sys_VAR_ref_800_2,4.85,3.72,147
171,Sys_VAR_ref_800_3,4.85,3.72,147
171,User_VAR_800_1,5.0,2.0,147
171,User_VAR_800_2,5.0,2.0,147
171,User_VAR_800_3,5.0,4.0,147
172,Sys_VAR_ref_800_1,4.82,3.65,147
172,Sys_VAR_ref_800_2,4.82,3.65,147
172,Sys_VAR_ref_800_3,4.85,3.65,147
172,User_VAR_800_1,5.0,4.0,147
172,User_VAR_800_2,5.0,4.0,147
172,User_VAR_800_3,5.0,4.0,147
173,Sys_VAR_ref_800_1,4.85,3.65,147
173,Sys_VAR_ref_800_2,4.62,3.85,147
173,Sys_VAR_ref_800_3,4.85,3.65,147
173,User_VAR_800_1,5.0,4.0,147
173,User_VAR_800_2,5.0,4.0,147
173,User_VAR_800_3,5.0,4.0,147
174,Sys_VAR_ref_800_1,4.82,3.65,147
174,Sys_VAR_ref_800_2,4.15,2.85,147
174,Sys_VAR_ref_800_3,4.85,3.62,147
174,User_VAR_800_1,5.0,4.0,147
174,User_VAR_800_2,5.0,4.0,147
174,User_VAR_800_3,5.0,4.0,147
175,Sys_VAR_ref_800_1,4.85,4.62,147
175,Sys_VAR_ref_800_2,4.85,3.65,147
175,Sys_VAR_ref_800_3,4.65,3.15,147
175,User_VAR_800_1,5.0,4.0,147
175,User_VAR_800_2,5.0,4.0,147
175,User_VAR_800_3,5.0,4.0,147
176,Sys_VAR_ref_800_1,4.15,2.85,147
176,Sys_VAR_ref_800_2,3.85,2.15,147
176,Sys_VAR_ref_800_3,4.85,2.9,147
176,User_VAR_800_1,5.0,2.0,147
176,User_VAR_800_2,5.0,3.0,147
176,User_VAR_800_3,5.0,2.0,147
178,Sys_VAR_ref_800_1,4.85,3.65,147
178,Sys_VAR_ref_800_2,4.85,3.65,147
178,Sys_VAR_ref_800_3,4.85,4.62,147
178,User_VAR_800_1,5.0,4.0,147
178,User_VAR_800_2,5.0,4.0,147
178,User_VAR_800_3,5.0,4.0,147
180,Sys_VAR_ref_800_1,4.12,2.0,150
180,Sys_VAR_ref_800_2,4.12,2.0,150
180,Sys_VAR_ref_800_3,4.85,2.0,150
180,User_VAR_800_1,3.75,4.0,150
180,User_VAR_800_2,3.75,4.0,150
180,User_VAR_800_3,3.89,4.0,150
181,Sys_VAR_ref_800_1,4.12,2.0,150
181,Sys_VAR_ref_800_2,4.12,2.0,150
181,Sys_VAR_ref_800_3,4.62,2.0,150
181,User_VAR_800_1,3.89,3.0,150
181,User_VAR_800_2,3.89,3.0,150
181,User_VAR_800_3,3.57,3.0,150
182,Sys_VAR_ref_800_1,3.85,2.65,150
182,Sys_VAR_ref_800_2,4.12,1.5,150
182,Sys_VAR_ref_800_3,4.15,1.5,150
182,User_VAR_800_1,4.17,2.0,150
182,User_VAR_800_2,5.0,3.0,150
182,User_VAR_800_3,4.17,3.0,150
184,Sys_VAR_ref_800_1,4.68,3.0,150
184,Sys_VAR_ref_800_2,4.68,3.0,150
184,Sys_VAR_ref_800_3,4.68,3.0,150
184,User_VAR_800_1,3.75,3.0,150
184,User_VAR_800_2,3.75,3.0,150
184,User_VAR_800_3,3.75,4.0,150
185,Sys_VAR_ref_800_1,4.12,1.5,150
185,Sys_VAR_ref_800_2,4.12,1.5,150
185,Sys_VAR_ref_800_3,4.12,1.5,150
185,User_VAR_800_1,3.75,2.0,150
185,User_VAR_800_2,3.89,2.0,150
185,User_VAR_800_3,3.89,2.0,150
187,Sys_VAR_ref_800_1,3.42,2.0,150
187,Sys_VAR_ref_800_2,2.85,1.92,150
187,Sys_VAR_ref_800_3,4.35,2.0,150
187,User_VAR_800_1,4.38,2.0,150
187,User_VAR_800_2,3.12,3.0,150
187,User_VAR_800_3,1.67,2.0,150
188,Sys_VAR_ref_800_1,4.35,2.0,150
188,Sys_VAR_ref_800_2,4.35,2.0,150
188,Sys_VAR_ref_800_3,4.35,2.0,150
188,User_VAR_800_1,4.29,2.0,150
188,User_VAR_800_2,4.29,3.0,150
188,User_VAR_800_3,5.0,4.0,150
189,Sys_VAR_ref_800_1,4.15,1.5,150
189,Sys_VAR_ref_800_2,4.68,1.5,150
189,Sys_VAR_ref_800_3,4.12,1.5,150
189,User_VAR_800_1,5.0,2.0,150
189,User_VAR_800_2,5.0,2.0,150
189,User_VAR_800_3,5.0,3.0,150
190,Sys_VAR_ref_800_1,4.65,2.0,156
190,Sys_VAR_ref_800_2,4.68,2.0,156
190,Sys_VAR_ref_800_3,4.68,2.0,156
190,User_VAR_800_1,5.0,3.0,156
190,User_VAR_800_2,5.0,2.0,156
190,User_VAR_800_3,5.0,3.0,156
192,Sys_VAR_ref_800_1,4.85,3.8,156
192,Sys_VAR_ref_800_2,4.85,3.65,156
192,Sys_VAR_ref_800_3,4.85,3.8,156
192,User_VAR_800_1,5.0,4.0,156
192,User_VAR_800_2,5.0,4.0,156
192,User_VAR_800_3,5.0,4.0,156
193,Sys_VAR_ref_800_1,4.82,1.5,156
193,Sys_VAR_ref_800_2,4.82,1.5,156
193,Sys_VAR_ref_800_3,4.82,1.5,156
193,User_VAR_800_1,5.0,2.0,156
193,User_VAR_800_2,5.0,2.0,156
193,User_VAR_800_3,5.0,4.0,156
194,Sys_VAR_ref_800_1,4.12,1.5,156
194,Sys_VAR_ref_800_2,4.82,1.5,156
194,Sys_VAR_ref_800_3,4.82,1.5,156
194,User_VAR_800_1,5.0,3.0,156
194,User_VAR_800_2,5.0,2.0,156
194,User_VAR_800_3,5.0,3.0,156
195,Sys_VAR_ref_800_1,4.62,3.45,156
195,Sys_VAR_ref_800_2,4.62,3.85,156
195,Sys_VAR_ref_800_3,4.35,3.85,156
195,User_VAR_800_1,5.0,4.0,156
195,User_VAR_800_2,5.0,4.0,156
195,User_VAR_800_3,5.0,4.0,156
196,Sys_VAR_ref_800_1,4.12,1.5,156
196,Sys_VAR_ref_800_3,4.12,1.5,156
196,User_VAR_800_1,5.0,3.0,156
196,User_VAR_800_2,5.0,4.0,156
196,User_VAR_800_3,5.0,4.0,156
197,Sys_VAR_ref_800_1,4.62,2.0,156
197,Sys_VAR_ref_800_2,4.68,2.0,156
197,Sys_VAR_ref_800_3,4.62,2.0,156
197,User_VAR_800_1,5.0,4.0,156
197,User_VAR_800_2,5.0,3.0,156
197,User_VAR_800_3,5.0,3.0,156
198,Sys_VAR_ref_800_1,4.65,1.5,156
198,Sys_VAR_ref_800_2,4.12,1.5,156
198,Sys_VAR_ref_800_3,4.35,1.5,156
198,User_VAR_800_1,5.0,2.0,156
198,User_VAR_800_2,5.0,3.0,156
198,User_VAR_800_3,5.0,4.0,156
200,Sys_VAR_ref_800_1,3.65,2.0,159
200,Sys_VAR_ref_800_2,3.42,1.85,159
200,Sys_VAR_ref_800_3,2.85,2.0,159
200,User_VAR_800_1,4.29,3.0,159
200,User_VAR_800_2,4.29,2.0,159
200,User_VAR_800_3,4.29,1.0,159
201,Sys_VAR_ref_800_1,3.85,1.5,159
201,Sys_VAR_ref_800_2,3.85,1.5,159
201,Sys_VAR_ref_800_3,3.85,1.5,159
201,User_VAR_800_1,5.0,3.0,159
201,User_VAR_800_2,5.0,2.0,159
201,User_VAR_800_3,4.17,3.0,159
203,Sys_VAR_ref_800_1,2.85,1.5,159
203,Sys_VAR_ref_800_2,2.85,1.5,159
203,Sys_VAR_ref_800_3,3.45,1.5,159
203,User_VAR_800_1,5.0,2.0,159
203,User_VAR_800_2,5.0,3.0,159
203,User_VAR_800_3,5.0,2.0,159
204,Sys_VAR_ref_800_1,4.82,3.65,159
204,Sys_VAR_ref_800_2,4.12,3.85,159
204,Sys_VAR_ref_800_3,4.15,3.85,159
204,User_VAR_800_1,5.0,4.0,159
204,User_VAR_800_2,5.0,4.0,159
204,User_VAR_800_3,5.0,4.0,159
205,Sys_VAR_ref_800_1,3.42,1.85,159
205,Sys_VAR_ref_800_2,4.35,2.0,159
205,Sys_VAR_ref_800_3,4.35,2.0,159
205,User_VAR_800_1,5.0,2.0,159
205,User_VAR_800_2,4.0,2.0,159
205,User_VAR_800_3,5.0,2.0,159
206,Sys_VAR_ref_800_1,3.42,2.85,159
206,Sys_VAR_ref_800_2,1.45,1.5,159
206,Sys_VAR_ref_800_3,3.42,1.5,159
206,User_VAR_800_1,2.5,2.0,159
206,User_VAR_800_2,2.5,3.0,159
206,User_VAR_800_3,2.5,3.0,159
207,Sys_VAR_ref_800_1,3.82,1.5,159
207,Sys_VAR_ref_800_2,3.85,1.5,159
207,Sys_VAR_ref_800_3,2.85,1.2,159
207,User_VAR_800_1,4.17,1.0,159
207,User_VAR_800_2,4.17,1.0,159
207,User_VAR_800_3,4.17,2.0,159
208,Sys_VAR_ref_800_1,4.12,1.5,159
208,Sys_VAR_ref_800_2,3.42,1.5,159
208,Sys_VAR_ref_800_3,4.12,1.5,159
208,User_VAR_800_1,5.0,2.0,159
208,User_VAR_800_2,5.0,4.0,159
208,User_VAR_800_3,5.0,4.0,159
211,Sys_VAR_ref_800_1,4.82,1.5,281
211,Sys_VAR_ref_800_2,4.15,1.5,281
211,Sys_VAR_ref_800_3,4.82,1.5,281
211,User_VAR_800_1,5.0,2.0,281
211,User_VAR_800_2,5.0,5.0,281
211,User_VAR_800_3,4.38,5.0,281
212,Sys_VAR_ref_800_1,4.12,1.5,281
212,Sys_VAR_ref_800_2,4.12,1.5,281
212,Sys_VAR_ref_800_3,4.85,4.92,281
212,User_VAR_800_1,5.0,4.0,281
212,User_VAR_800_2,4.0,3.0,281
212,User_VAR_800_3,5.0,2.0,281
213,Sys_VAR_ref_800_1,4.12,1.5,281
213,Sys_VAR_ref_800_2,4.12,1.5,281
213,Sys_VAR_ref_800_3,3.85,1.5,281
213,User_VAR_800_1,5.0,3.0,281
213,User_VAR_800_2,5.0,3.0,281
213,User_VAR_800_3,5.0,3.0,281
214,Sys_VAR_ref_800_1,4.12,1.5,281
214,Sys_VAR_ref_800_2,4.65,1.5,281
214,Sys_VAR_ref_800_3,4.65,1.5,281
214,User_VAR_800_1,5.0,2.0,281
214,User_VAR_800_2,5.0,4.0,281
214,User_VAR_800_3,5.0,4.0,281
215,Sys_VAR_ref_800_1,4.85,1.5,281
215,Sys_VAR_ref_800_2,4.65,1.5,281
215,Sys_VAR_ref_800_3,4.85,1.5,281
215,User_VAR_800_1,5.0,2.0,281
215,User_VAR_800_2,5.0,4.0,281
215,User_VAR_800_3,5.0,4.0,281
216,Sys_VAR_ref_800_1,4.85,1.5,281
216,Sys_VAR_ref_800_2,4.85,1.5,281
216,Sys_VAR_ref_800_3,4.72,1.5,281
216,User_VAR_800_1,5.0,2.0,281
216,User_VAR_800_2,5.0,4.0,281
216,User_VAR_800_3,5.0,3.0,281
217,Sys_VAR_ref_800_1,4.12,1.5,281
217,Sys_VAR_ref_800_2,4.65,1.5,281
217,Sys_VAR_ref_800_3,4.85,1.5,281
217,User_VAR_800_1,5.0,2.0,281
217,User_VAR_800_2,5.0,3.0,281
217,User_VAR_800_3,5.0,3.0,281
218,Sys_VAR_ref_800_1,1.85,0.92,281
218,Sys_VAR_ref_800_2,3.85,1.5,281
218,Sys_VAR_ref_800_3,3.85,1.5,281
218,User_VAR_800_1,5.0,2.0,281
218,User_VAR_800_2,5.0,3.0,281
218,User_VAR_800_3,5.0,2.0,281
221,Sys_VAR_ref_800_1,4.98,4.95,300
221,Sys_VAR_ref_800_2,4.98,4.95,300
221,Sys_VAR_ref_800_3,4.98,4.95,300
221,User_VAR_800_1,5.0,5.0,300
221,User_VAR_800_2,5.0,5.0,300
221,User_VAR_800_3,5.0,5.0,300
222,Sys_VAR_ref_800_1,2.85,1.2,300
222,Sys_VAR_ref_800_2,4.12,2.85,300
222,Sys_VAR_ref_800_3,3.65,2.85,300
222,User_VAR_800_1,3.75,3.0,300
222,User_VAR_800_2,3.75,3.0,300
222,User_VAR_800_3,3.75,3.0,300
223,Sys_VAR_ref_800_1,4.95,4.92,300
223,Sys_VAR_ref_800_2,5.0,5.0,300
223,Sys_VAR_ref_800_3,5.0,5.0,300
223,User_VAR_800_1,5.0,5.0,300
223,User_VAR_800_2,5.0,5.0,300
223,User_VAR_800_3,5.0,5.0,300
224,Sys_VAR_ref_800_1,2.85,1.2,300
224,Sys_VAR_ref_800_2,2.85,1.2,300
224,Sys_VAR_ref_800_3,2.85,1.2,300
224,User_VAR_800_1,2.5,1.0,300
224,User_VAR_800_2,2.5,1.0,300
224,User_VAR_800_3,0.0,1.0,300
225,Sys_VAR_ref_800_1,4.92,4.15,300
225,Sys_VAR_ref_800_2,3.45,2.85,300
225,Sys_VAR_ref_800_3,4.15,3.85,300
225,User_VAR_800_1,5.0,3.0,300
225,User_VAR_800_2,3.75,4.0,300
225,User_VAR_800_3,3.75,2.0,300
226,Sys_VAR_ref_800_1,2.85,1.2,300
226,Sys_VAR_ref_800_2,2.85,2.6,300
226,Sys_VAR_ref_800_3,2.15,1.85,300
226,User_VAR_800_1,0.0,1.0,300
226,User_VAR_800_2,0.0,1.0,300
226,User_VAR_800_3,0.0,2.0,300
228,Sys_VAR_ref_800_1,4.92,4.85,300
228,Sys_VAR_ref_800_2,4.65,4.12,300
228,Sys_VAR_ref_800_3,4.92,4.85,300
228,User_VAR_800_1,4.38,5.0,300
228,User_VAR_800_2,4.38,5.0,300
228,User_VAR_800_3,5.0,4.0,300
229,Sys_VAR_ref_800_1,4.98,4.95,300
229,Sys_VAR_ref_800_2,4.98,4.96,300
229,Sys_VAR_ref_800_3,4.98,4.95,300
229,User_VAR_800_1,5.0,5.0,300
229,User_VAR_800_2,5.0,5.0,300
229,User_VAR_800_3,5.0,5.0,300
230,Sys_VAR_ref_800_1,4.92,4.95,322
230,Sys_VAR_ref_800_2,4.92,4.95,322
230,Sys_VAR_ref_800_3,5.0,5.0,322
230,User_VAR_800_1,5.0,5.0,322
230,User_VAR_800_2,5.0,5.0,322
230,User_VAR_800_3,5.0,5.0,322
231,Sys_VAR_ref_800_1,4.63,2.85,322
231,Sys_VAR_ref_800_2,4.62,2.85,322
231,Sys_VAR_ref_800_3,4.65,3.85,322
231,User_VAR_800_1,5.0,4.0,322
231,User_VAR_800_2,5.0,4.0,322
231,User_VAR_800_3,5.0,4.0,322
234,Sys_VAR_ref_800_1,1.15,1.5,322
234,Sys_VAR_ref_800_2,1.45,1.5,322
234,Sys_VAR_ref_800_3,1.25,2.85,322
234,User_VAR_800_1,1.43,4.0,322
234,User_VAR_800_2,1.43,4.0,322
234,User_VAR_800_3,1.43,3.0,322
235,Sys_VAR_ref_800_1,4.92,4.85,322
235,Sys_VAR_ref_800_2,4.65,3.85,322
235,Sys_VAR_ref_800_3,4.85,3.75,322
235,User_VAR_800_1,4.29,5.0,322
235,User_VAR_800_2,4.29,5.0,322
235,User_VAR_800_3,5.0,5.0,322
236,Sys_VAR_ref_800_1,4.65,3.8,322
236,Sys_VAR_ref_800_2,4.85,3.65,322
236,Sys_VAR_ref_800_3,4.65,2.85,322
236,User_VAR_800_1,5.0,3.0,322
236,User_VAR_800_2,5.0,3.0,322
236,User_VAR_800_3,5.0,3.0,322
237,Sys_VAR_ref_800_1,4.85,4.75,322
237,Sys_VAR_ref_800_2,4.72,2.85,322
237,Sys_VAR_ref_800_3,4.85,3.65,322
237,User_VAR_800_1,5.0,4.0,322
237,User_VAR_800_2,5.0,4.0,322
237,User_VAR_800_3,5.0,5.0,322
238,Sys_VAR_ref_800_1,4.92,4.85,322
238,Sys_VAR_ref_800_2,4.96,4.92,322
238,Sys_VAR_ref_800_3,4.92,4.85,322
238,User_VAR_800_1,5.0,5.0,322
238,User_VAR_800_2,5.0,5.0,322
238,User_VAR_800_3,5.0,5.0,322
239,Sys_VAR_ref_800_1,4.92,4.95,322
239,Sys_VAR_ref_800_2,4.92,4.85,322
239,Sys_VAR_ref_800_3,4.92,4.85,322
239,User_VAR_800_1,5.0,5.0,322
239,User_VAR_800_2,5.0,5.0,322
239,User_VAR_800_3,5.0,5.0,322
240,Sys_VAR_ref_800_1,4.12,3.0,330
240,Sys_VAR_ref_800_2,4.65,3.0,330
240,Sys_VAR_ref_800_3,4.85,3.0,330
240,User_VAR_800_1,5.0,3.0,330
240,User_VAR_800_2,5.0,5.0,330
240,User_VAR_800_3,5.0,5.0,330
241,Sys_VAR_ref_800_1,3.45,1.5,330
241,Sys_VAR_ref_800_2,3.42,1.5,330
241,Sys_VAR_ref_800_3,3.42,1.5,330
241,User_VAR_800_1,4.17,2.0,330
241,User_VAR_800_2,4.0,2.0,330
241,User_VAR_800_3,4.0,3.0,330
242,Sys_VAR_ref_800_1,3.82,2.15,330
242,Sys_VAR_ref_800_2,3.65,2.85,330
242,Sys_VAR_ref_800_3,3.65,2.85,330
242,User_VAR_800_1,4.0,3.0,330
242,User_VAR_800_2,3.33,3.0,330
242,User_VAR_800_3,3.33,3.0,330
243,Sys_VAR_ref_800_1,3.85,2.9,330
243,Sys_VAR_ref_800_2,3.65,2.85,330
243,Sys_VAR_ref_800_3,3.42,3.85,330
243,User_VAR_800_1,4.17,4.0,330
243,User_VAR_800_2,3.57,4.0,330
243,User_VAR_800_3,3.57,4.0,330
244,Sys_VAR_ref_800_1,4.72,3.0,330
244,Sys_VAR_ref_800_2,4.35,3.0,330
244,Sys_VAR_ref_800_3,4.35,2.85,330
244,User_VAR_800_1,4.29,2.0,330
244,User_VAR_800_2,5.0,2.0,330
244,User_VAR_800_3,5.0,2.0,330
246,Sys_VAR_ref_800_1,3.85,2.75,330
246,Sys_VAR_ref_800_2,3.42,3.85,330
246,Sys_VAR_ref_800_3,3.45,2.85,330
246,User_VAR_800_1,3.57,2.0,330
246,User_VAR_800_2,3.57,3.0,330
246,User_VAR_800_3,3.57,2.0,330
248,Sys_VAR_ref_800_1,3.82,1.5,330
248,Sys_VAR_ref_800_2,4.12,1.5,330
248,Sys_VAR_ref_800_3,3.85,1.5,330
248,User_VAR_800_1,5.0,4.0,330
248,User_VAR_800_2,5.0,4.0,330
248,User_VAR_800_3,5.0,4.0,330
249,Sys_VAR_ref_800_1,4.92,4.95,330
249,Sys_VAR_ref_800_2,4.82,3.65,330
249,Sys_VAR_ref_800_3,4.85,4.62,330
249,User_VAR_800_1,4.17,3.0,330
249,User_VAR_800_2,5.0,5.0,330
249,User_VAR_800_3,4.17,5.0,330
250,Sys_VAR_ref_800_1,2.85,1.65,333
250,Sys_VAR_ref_800_2,3.82,1.47,333
250,Sys_VAR_ref_800_3,2.85,1.65,333
250,User_VAR_800_1,3.0,2.0,333
250,User_VAR_800_2,4.0,1.0,333
250,User_VAR_800_3,4.0,2.0,333
251,Sys_VAR_ref_800_1,1.65,0.85,333
251,Sys_VAR_ref_800_2,1.85,1.42,333
251,Sys_VAR_ref_800_3,3.42,1.5,333
251,User_VAR_800_1,2.0,2.0,333
251,User_VAR_800_2,2.0,2.0,333
251,User_VAR_800_3,2.0,2.0,333
252,Sys_VAR_ref_800_1,4.72,2.0,333
252,Sys_VAR_ref_800_2,4.85,2.0,333
252,Sys_VAR_ref_800_3,4.65,3.82,333
252,User_VAR_800_1,5.0,4.0,333
252,User_VAR_800_2,5.0,4.0,333
252,User_VAR_800_3,5.0,4.0,333
253,Sys_VAR_ref_800_1,2.15,1.5,333
253,Sys_VAR_ref_800_2,3.82,1.5,333
253,Sys_VAR_ref_800_3,2.85,1.5,333
253,User_VAR_800_1,4.17,2.0,333
253,User_VAR_800_2,5.0,1.0,333
253,User_VAR_800_3,4.17,1.0,333
256,Sys_VAR_ref_800_1,4.65,2.85,333
256,Sys_VAR_ref_800_2,4.65,1.5,333
256,Sys_VAR_ref_800_3,4.15,1.5,333
256,User_VAR_800_1,5.0,4.0,333
256,User_VAR_800_2,5.0,4.0,333
256,User_VAR_800_3,5.0,4.0,333
257,Sys_VAR_ref_800_1,3.42,1.5,333
257,Sys_VAR_ref_800_2,3.42,1.5,333
257,Sys_VAR_ref_800_3,3.42,1.5,333
257,User_VAR_800_1,4.17,3.0,333
257,User_VAR_800_2,4.17,2.0,333
257,User_VAR_800_3,4.17,2.0,333
258,Sys_VAR_ref_800_1,4.65,1.5,333
258,Sys_VAR_ref_800_2,4.65,3.82,333
258,Sys_VAR_ref_800_3,4.85,4.92,333
258,User_VAR_800_1,5.0,3.0,333
258,User_VAR_800_2,5.0,4.0,333
258,User_VAR_800_3,5.0,3.0,333
259,Sys_VAR_ref_800_1,3.45,1.5,333
259,Sys_VAR_ref_800_2,3.45,1.5,333
259,Sys_VAR_ref_800_3,3.45,1.5,333
259,User_VAR_800_1,5.0,2.0,333
259,User_VAR_800_2,5.0,3.0,333
259,User_VAR_800_3,5.0,3.0,333
260,Sys_VAR_ref_800_1,3.65,1.5,339
260,Sys_VAR_ref_800_2,3.42,1.5,339
260,Sys_VAR_ref_800_3,4.15,1.5,339
260,User_VAR_800_1,3.75,3.0,339
260,User_VAR_800_2,1.67,2.0,339
260,User_VAR_800_3,1.67,2.0,339
262,Sys_VAR_ref_800_1,4.15,2.85,339
262,Sys_VAR_ref_800_2,4.85,2.15,339
262,Sys_VAR_ref_800_3,4.65,3.85,339
262,User_VAR_800_1,5.0,3.0,339
262,User_VAR_800_2,5.0,4.0,339
262,User_VAR_800_3,5.0,3.0,339
263,Sys_VAR_ref_800_1,2.85,1.92,339
263,Sys_VAR_ref_800_2,2.85,1.92,339
263,Sys_VAR_ref_800_3,2.15,1.85,339
263,User_VAR_800_1,1.25,2.0,339
263,User_VAR_800_2,1.25,2.0,339
263,User_VAR_800_3,1.25,2.0,339
264,Sys_VAR_ref_800_1,1.85,0.92,339
264,Sys_VAR_ref_800_2,1.85,1.2,339
264,Sys_VAR_ref_800_3,1.25,1.1,339
264,User_VAR_800_1,1.67,1.0,339
264,User_VAR_800_2,2.5,1.0,339
264,User_VAR_800_3,1.67,1.0,339
265,Sys_VAR_ref_800_1,4.65,3.85,339
265,Sys_VAR_ref_800_2,4.92,4.15,339
265,Sys_VAR_ref_800_3,4.98,4.85,339
265,User_VAR_800_1,5.0,4.0,339
265,User_VAR_800_2,5.0,4.0,339
265,User_VAR_800_3,5.0,4.0,339
266,Sys_VAR_ref_800_1,2.85,1.9,339
266,Sys_VAR_ref_800_2,4.12,3.0,339
266,Sys_VAR_ref_800_3,4.92,3.0,339
266,User_VAR_800_1,5.0,4.0,339
266,User_VAR_800_2,5.0,3.0,339
266,User_VAR_800_3,5.0,4.0,339
267,Sys_VAR_ref_800_1,3.65,1.5,339
267,Sys_VAR_ref_800_2,4.65,1.5,339
267,Sys_VAR_ref_800_3,4.12,1.5,339
267,User_VAR_800_1,4.29,2.0,339
267,User_VAR_800_2,4.17,3.0,339
267,User_VAR_800_3,4.29,3.0,339
268,Sys_VAR_ref_800_1,4.15,3.85,339
268,Sys_VAR_ref_800_2,4.85,3.92,339
268,Sys_VAR_ref_800_3,4.65,3.85,339
268,User_VAR_800_1,4.38,2.0,339
268,User_VAR_800_2,5.0,3.0,339
268,User_VAR_800_3,4.38,3.0,339
270,Sys_VAR_ref_800_1,4.92,4.35,347
270,Sys_VAR_ref_800_2,4.92,4.35,347
270,Sys_VAR_ref_800_3,4.92,3.85,347
270,User_VAR_800_1,5.0,4.0,347
270,User_VAR_800_2,5.0,4.0,347
270,User_VAR_800_3,5.0,4.0,347
271,Sys_VAR_ref_800_1,4.85,3.6,347
271,Sys_VAR_ref_800_2,4.85,1.5,347
271,Sys_VAR_ref_800_3,4.92,4.95,347
271,User_VAR_800_1,5.0,2.0,347
271,User_VAR_800_2,5.0,4.0,347
271,User_VAR_800_3,5.0,4.0,347
272,Sys_VAR_ref_800_1,4.85,1.5,347
272,Sys_VAR_ref_800_2,4.65,3.85,347
272,Sys_VAR_ref_800_3,4.65,1.5,347
272,User_VAR_800_1,5.0,3.0,347
272,User_VAR_800_2,5.0,4.0,347
272,User_VAR_800_3,5.0,4.0,347
273,Sys_VAR_ref_800_1,4.92,4.88,347
273,Sys_VAR_ref_800_2,4.98,4.97,347
273,Sys_VAR_ref_800_3,5.0,5.0,347
273,User_VAR_800_1,5.0,5.0,347
273,User_VAR_800_2,5.0,5.0,347
273,User_VAR_800_3,5.0,5.0,347
276,Sys_VAR_ref_800_1,4.62,3.0,347
276,Sys_VAR_ref_800_2,4.82,3.0,347
276,Sys_VAR_ref_800_3,4.68,2.85,347
276,User_VAR_800_1,5.0,3.0,347
276,User_VAR_800_2,5.0,4.0,347
276,User_VAR_800_3,5.0,4.0,347
277,Sys_VAR_ref_800_1,4.85,1.5,347
277,Sys_VAR_ref_800_2,4.65,1.5,347
277,Sys_VAR_ref_800_3,4.85,1.5,347
277,User_VAR_800_1,5.0,4.0,347
277,User_VAR_800_2,5.0,2.0,347
277,User_VAR_800_3,5.0,2.0,347
278,Sys_VAR_ref_800_1,4.85,3.65,347
278,Sys_VAR_ref_800_2,4.82,3.65,347
278,Sys_VAR_ref_800_3,4.68,2.85,347
278,User_VAR_800_1,5.0,5.0,347
278,User_VAR_800_2,5.0,5.0,347
278,User_VAR_800_3,5.0,5.0,347
279,Sys_VAR_ref_800_1,4.98,4.95,347
279,Sys_VAR_ref_800_2,4.65,2.85,347
279,Sys_VAR_ref_800_3,4.92,4.85,347
279,User_VAR_800_1,5.0,4.0,347
279,User_VAR_800_2,5.0,3.0,347
279,User_VAR_800_3,5.0,4.0,347
280,Sys_VAR_ref_800_1,4.82,1.5,356
280,Sys_VAR_ref_800_2,4.85,1.5,356
280,Sys_VAR_ref_800_3,4.12,1.5,356
280,User_VAR_800_1,4.29,2.0,356
280,User_VAR_800_2,4.29,3.0,356
280,User_VAR_800_3,4.29,3.0,356
281,Sys_VAR_ref_800_1,4.12,2.0,356
281,Sys_VAR_ref_800_2,4.12,2.0,356
281,Sys_VAR_ref_800_3,3.85,2.0,356
281,User_VAR_800_1,4.29,2.0,356
281,User_VAR_800_2,4.29,4.0,356
281,User_VAR_800_3,4.29,3.0,356
284,Sys_VAR_ref_800_1,4.85,3.0,356
284,Sys_VAR_ref_800_2,4.85,3.0,356
284,Sys_VAR_ref_800_3,4.85,3.0,356
284,User_VAR_800_1,5.0,3.0,356
284,User_VAR_800_2,5.0,5.0,356
284,User_VAR_800_3,5.0,3.0,356
285,Sys_VAR_ref_800_1,3.65,1.5,356
285,Sys_VAR_ref_800_2,4.12,1.5,356
285,Sys_VAR_ref_800_3,3.65,1.5,356
285,User_VAR_800_1,4.29,2.0,356
285,User_VAR_800_2,4.29,2.0,356
285,User_VAR_800_3,4.29,3.0,356
286,Sys_VAR_ref_800_1,4.62,3.85,356
286,Sys_VAR_ref_800_2,4.85,3.65,356
286,Sys_VAR_ref_800_3,4.85,3.65,356
286,User_VAR_800_1,5.0,3.0,356
286,User_VAR_800_2,4.44,4.0,356
286,User_VAR_800_3,5.0,4.0,356
287,Sys_VAR_ref_800_1,4.65,2.85,356
287,Sys_VAR_ref_800_2,4.62,3.85,356
287,Sys_VAR_ref_800_3,4.85,2.75,356
287,User_VAR_800_1,5.0,5.0,356
287,User_VAR_800_2,5.0,5.0,356
287,User_VAR_800_3,5.0,4.0,356
288,Sys_VAR_ref_800_1,4.12,2.0,356
288,Sys_VAR_ref_800_2,4.15,2.0,356
288,Sys_VAR_ref_800_3,4.62,2.0,356
288,User_VAR_800_1,4.29,2.0,356
288,User_VAR_800_2,4.29,4.0,356
288,User_VAR_800_3,4.29,2.0,356
289,Sys_VAR_ref_800_1,4.35,3.0,356
289,Sys_VAR_ref_800_2,4.15,3.0,356
289,Sys_VAR_ref_800_3,4.85,3.0,356
289,User_VAR_800_1,5.0,3.0,356
289,User_VAR_800_2,5.0,4.0,356
289,User_VAR_800_3,5.0,3.0,356
290,Sys_VAR_ref_800_1,4.62,2.85,365
290,Sys_VAR_ref_800_2,4.65,2.85,365
290,Sys_VAR_ref_800_3,4.65,2.8,365
290,User_VAR_800_1,5.0,3.0,365
290,User_VAR_800_2,5.0,3.0,365
290,User_VAR_800_3,5.0,3.0,365
291,Sys_VAR_ref_800_1,4.82,3.65,365
291,Sys_VAR_ref_800_2,3.85,3.65,365
291,Sys_VAR_ref_800_3,4.15,3.85,365
291,User_VAR_800_1,5.0,4.0,365
291,User_VAR_800_2,5.0,2.0,365
291,User_VAR_800_3,5.0,2.0,365
293,Sys_VAR_ref_800_1,4.12,2.0,365
293,Sys_VAR_ref_800_2,4.12,2.0,365
293,Sys_VAR_ref_800_3,4.65,2.0,365
293,User_VAR_800_1,4.17,2.0,365
293,User_VAR_800_2,4.38,2.0,365
293,User_VAR_800_3,5.0,3.0,365
294,Sys_VAR_ref_800_1,4.12,1.5,365
294,Sys_VAR_ref_800_2,4.12,1.5,365
294,Sys_VAR_ref_800_3,4.65,1.5,365
294,User_VAR_800_1,5.0,2.0,365
294,User_VAR_800_2,5.0,4.0,365
294,User_VAR_800_3,5.0,4.0,365
295,Sys_VAR_ref_800_1,4.12,1.5,365
295,Sys_VAR_ref_800_2,4.15,1.5,365
295,Sys_VAR_ref_800_3,4.85,1.5,365
295,User_VAR_800_1,5.0,3.0,365
295,User_VAR_800_2,5.0,4.0,365
295,User_VAR_800_3,5.0,3.0,365
296,Sys_VAR_ref_800_1,4.12,1.5,365
296,Sys_VAR_ref_800_2,4.12,1.5,365
296,Sys_VAR_ref_800_3,4.12,1.5,365
296,User_VAR_800_1,5.0,3.0,365
296,User_VAR_800_2,5.0,3.0,365
296,User_VAR_800_3,5.0,3.0,365
297,Sys_VAR_ref_800_1,1.25,1.5,365
297,Sys_VAR_ref_800_2,1.45,1.5,365
297,Sys_VAR_ref_800_3,0.15,1.5,365
297,User_VAR_800_1,1.88,2.0,365
297,User_VAR_800_2,3.0,2.0,365
297,User_VAR_800_3,3.0,2.0,365
298,Sys_VAR_ref_800_1,4.12,1.5,365
298,Sys_VAR_ref_800_2,4.12,1.5,365
298,Sys_VAR_ref_800_3,4.12,1.5,365
298,User_VAR_800_1,4.0,2.0,365
298,User_VAR_800_2,4.0,3.0,365
298,User_VAR_800_3,4.0,3.0,365
300,Sys_VAR_ref_800_1,3.85,1.5,370
300,Sys_VAR_ref_800_2,4.12,1.85,370
300,Sys_VAR_ref_800_3,4.12,1.85,370
300,User_VAR_800_1,5.0,3.0,370
300,User_VAR_800_2,5.0,3.0,370
300,User_VAR_800_3,5.0,2.0,370
301,Sys_VAR_ref_800_1,4.68,3.42,370
301,Sys_VAR_ref_800_2,4.62,3.85,370
301,Sys_VAR_ref_800_3,4.65,3.2,370
301,User_VAR_800_1,5.0,4.0,370
301,User_VAR_800_2,5.0,3.0,370
301,User_VAR_800_3,5.0,3.0,370
302,Sys_VAR_ref_800_1,4.62,3.0,370
302,Sys_VAR_ref_800_2,4.68,3.0,370
302,Sys_VAR_ref_800_3,4.92,3.0,370
302,User_VAR_800_1,5.0,3.0,370
302,User_VAR_800_2,5.0,4.0,370
302,User_VAR_800_3,5.0,5.0,370
303,Sys_VAR_ref_800_1,3.82,2.65,370
303,Sys_VAR_ref_800_2,2.85,1.5,370
303,Sys_VAR_ref_800_3,3.45,1.5,370
303,User_VAR_800_1,4.0,2.0,370
303,User_VAR_800_2,3.0,3.0,370
303,User_VAR_800_3,4.0,2.0,370
304,Sys_VAR_ref_800_1,4.65,3.0,370
304,Sys_VAR_ref_800_2,4.62,3.0,370
304,Sys_VAR_ref_800_3,4.62,3.0,370
304,User_VAR_800_1,5.0,3.0,370
304,User_VAR_800_2,5.0,3.0,370
304,User_VAR_800_3,5.0,4.0,370
306,Sys_VAR_ref_800_1,3.85,2.0,370
306,Sys_VAR_ref_800_2,4.15,2.0,370
306,Sys_VAR_ref_800_3,4.12,2.0,370
306,User_VAR_800_1,5.0,2.0,370
306,User_VAR_800_2,5.0,4.0,370
306,User_VAR_800_3,5.0,2.0,370
308,Sys_VAR_ref_800_1,4.92,1.5,370
308,Sys_VAR_ref_800_2,4.85,1.5,370
308,Sys_VAR_ref_800_3,4.92,1.5,370
308,User_VAR_800_1,5.0,5.0,370
308,User_VAR_800_2,5.0,2.0,370
308,User_VAR_800_3,5.0,5.0,370
309,Sys_VAR_ref_800_1,4.68,1.5,370
309,Sys_VAR_ref_800_2,4.65,1.5,370
309,Sys_VAR_ref_800_3,4.65,1.5,370
309,User_VAR_800_1,5.0,2.0,370
309,User_VAR_800_2,5.0,2.0,370
309,User_VAR_800_3,5.0,4.0,370
310,Sys_VAR_ref_800_1,1.85,2.4,389
310,Sys_VAR_ref_800_2,1.25,1.5,389
310,Sys_VAR_ref_800_3,1.15,1.5,389
310,User_VAR_800_1,1.67,3.0,389
310,User_VAR_800_2,2.22,2.0,389
310,User_VAR_800_3,1.67,2.0,389
311,Sys_VAR_ref_800_1,1.25,1.8,389
311,Sys_VAR_ref_800_2,1.85,2.0,389
311,Sys_VAR_ref_800_3,1.85,1.2,389
311,User_VAR_800_1,1.67,3.0,389
311,User_VAR_800_2,1.11,3.0,389
311,User_VAR_800_3,1.67,3.0,389
313,Sys_VAR_ref_800_1,1.42,1.5,389
313,Sys_VAR_ref_800_2,1.85,1.5,389
313,Sys_VAR_ref_800_3,1.85,1.5,389
313,User_VAR_800_1,2.22,2.0,389
313,User_VAR_800_2,1.67,2.0,389
313,User_VAR_800_3,2.22,3.0,389
314,Sys_VAR_ref_800_1,4.12,3.85,389
314,Sys_VAR_ref_800_2,2.85,3.62,389
314,Sys_VAR_ref_800_3,2.85,2.1,389
314,User_VAR_800_1,3.33,3.0,389
314,User_VAR_800_2,3.89,3.0,389
314,User_VAR_800_3,3.89,2.0,389
315,Sys_VAR_ref_800_1,0.15,3.0,389
315,Sys_VAR_ref_800_2,0.05,3.0,389
315,Sys_VAR_ref_800_3,1.85,2.1,389
315,User_VAR_800_1,0.0,4.0,389
315,User_VAR_800_2,0.0,3.0,389
315,User_VAR_800_3,2.22,3.0,389
317,Sys_VAR_ref_800_1,1.85,2.0,389
317,Sys_VAR_ref_800_2,1.42,2.0,389
317,Sys_VAR_ref_800_3,1.15,2.0,389
317,User_VAR_800_1,1.67,2.0,389
317,User_VAR_800_2,1.67,5.0,389
317,User_VAR_800_3,1.11,5.0,389
318,Sys_VAR_ref_800_1,1.85,1.5,389
318,Sys_VAR_ref_800_2,4.12,1.5,389
318,Sys_VAR_ref_800_3,1.42,1.5,389
318,User_VAR_800_1,1.67,3.0,389
318,User_VAR_800_2,1.67,2.0,389
318,User_VAR_800_3,1.67,2.0,389
319,Sys_VAR_ref_800_1,1.85,1.42,389
319,Sys_VAR_ref_800_2,1.15,1.5,389
319,Sys_VAR_ref_800_3,1.25,1.5,389
319,User_VAR_800_1,1.11,2.0,389
319,User_VAR_800_2,1.67,2.0,389
319,User_VAR_800_3,1.11,2.0,389
320,Sys_VAR_ref_800_1,1.85,2.1,392
320,Sys_VAR_ref_800_2,1.85,2.9,392
320,Sys_VAR_ref_800_3,1.85,3.42,392
320,User_VAR_800_1,3.0,4.0,392
320,User_VAR_800_2,3.33,4.0,392
320,User_VAR_800_3,3.33,4.0,392
322,Sys_VAR_ref_800_1,2.85,1.95,392
322,Sys_VAR_ref_800_2,2.85,1.92,392
322,Sys_VAR_ref_800_3,2.85,1.65,392
322,User_VAR_800_1,2.14,3.0,392
322,User_VAR_800_2,2.14,2.0,392
322,User_VAR_800_3,2.86,2.0,392
324,Sys_VAR_ref_800_1,1.85,2.92,392
324,Sys_VAR_ref_800_2,2.85,2.15,392
324,Sys_VAR_ref_800_3,2.15,2.85,392
324,User_VAR_800_1,3.57,4.0,392
324,User_VAR_800_2,3.57,3.0,392
324,User_VAR_800_3,3.57,4.0,392
325,Sys_VAR_ref_800_1,4.72,3.85,392
325,Sys_VAR_ref_800_2,4.72,2.85,392
325,Sys_VAR_ref_800_3,4.12,3.85,392
325,User_VAR_800_1,5.0,4.0,392
325,User_VAR_800_2,5.0,3.0,392
325,User_VAR_800_3,5.0,3.0,392
326,Sys_VAR_ref_800_1,4.85,3.72,392
326,Sys_VAR_ref_800_2,4.72,2.85,392
326,Sys_VAR_ref_800_3,4.72,3.85,392
326,User_VAR_800_1,5.0,4.0,392
326,User_VAR_800_2,5.0,2.0,392
326,User_VAR_800_3,5.0,2.0,392
327,Sys_VAR_ref_800_1,4.65,3.82,392
327,Sys_VAR_ref_800_2,4.85,2.8,392
327,Sys_VAR_ref_800_3,4.85,3.62,392
327,User_VAR_800_1,5.0,4.0,392
327,User_VAR_800_2,4.29,3.0,392
327,User_VAR_800_3,5.0,4.0,392
328,Sys_VAR_ref_800_1,1.85,2.1,392
328,Sys_VAR_ref_800_2,2.15,1.2,392
328,Sys_VAR_ref_800_3,2.85,1.2,392
328,User_VAR_800_1,2.14,1.0,392
328,User_VAR_800_2,2.14,2.0,392
328,User_VAR_800_3,2.14,2.0,392
329,Sys_VAR_ref_800_1,4.85,3.65,392
329,Sys_VAR_ref_800_2,4.85,3.65,392
329,Sys_VAR_ref_800_3,4.85,4.12,392
329,User_VAR_800_1,5.0,4.0,392
329,User_VAR_800_2,5.0,4.0,392
329,User_VAR_800_3,5.0,4.0,392
330,Sys_VAR_ref_800_1,1.85,1.2,394
330,Sys_VAR_ref_800_2,3.15,1.85,394
330,Sys_VAR_ref_800_3,1.85,1.65,394
330,User_VAR_800_1,1.67,2.0,394
330,User_VAR_800_2,3.75,1.0,394
330,User_VAR_800_3,1.67,2.0,394
332,Sys_VAR_ref_800_1,4.72,3.65,394
332,Sys_VAR_ref_800_2,4.65,2.85,394
332,Sys_VAR_ref_800_3,4.65,2.15,394
332,User_VAR_800_1,4.17,2.0,394
332,User_VAR_800_2,5.0,2.0,394
332,User_VAR_800_3,4.17,2.0,394
333,Sys_VAR_ref_800_1,4.65,2.85,394
333,Sys_VAR_ref_800_2,4.98,4.95,394
333,Sys_VAR_ref_800_3,4.72,2.85,394
333,User_VAR_800_1,5.0,5.0,394
333,User_VAR_800_2,5.0,5.0,394
333,User_VAR_800_3,5.0,5.0,394
334,Sys_VAR_ref_800_1,4.12,1.85,394
334,Sys_VAR_ref_800_2,3.42,1.85,394
334,Sys_VAR_ref_800_3,2.85,2.15,394
334,User_VAR_800_1,3.57,2.0,394
334,User_VAR_800_2,5.0,2.0,394
334,User_VAR_800_3,5.0,2.0,394
335,Sys_VAR_ref_800_1,4.85,4.92,394
335,Sys_VAR_ref_800_2,4.72,2.0,394
335,Sys_VAR_ref_800_3,4.85,4.92,394
335,User_VAR_800_1,5.0,2.0,394
335,User_VAR_800_2,5.0,2.0,394
335,User_VAR_800_3,5.0,5.0,394
336,Sys_VAR_ref_800_1,4.62,2.85,394
336,Sys_VAR_ref_800_2,4.12,2.85,394
336,Sys_VAR_ref_800_3,4.65,2.85,394
336,User_VAR_800_1,5.0,3.0,394
336,User_VAR_800_2,5.0,3.0,394
336,User_VAR_800_3,5.0,3.0,394
337,Sys_VAR_ref_800_1,4.85,2.15,394
337,Sys_VAR_ref_800_2,4.12,2.85,394
337,Sys_VAR_ref_800_3,2.85,2.1,394
337,User_VAR_800_1,4.17,4.0,394
337,User_VAR_800_2,2.5,3.0,394
337,User_VAR_800_3,2.5,3.0,394
338,Sys_VAR_ref_800_1,4.85,3.6,394
338,Sys_VAR_ref_800_2,4.85,2.1,394
338,Sys_VAR_ref_800_3,4.85,2.65,394
338,User_VAR_800_1,5.0,4.0,394
338,User_VAR_800_2,5.0,4.0,394
338,User_VAR_800_3,5.0,4.0,394
340,Sys_VAR_ref_800_1,4.72,3.85,396
340,Sys_VAR_ref_800_2,4.35,2.85,396
340,Sys_VAR_ref_800_3,4.82,3.65,396
340,User_VAR_800_1,4.29,2.0,396
340,User_VAR_800_2,4.29,3.0,396
340,User_VAR_800_3,4.29,3.0,396
342,Sys_VAR_ref_800_1,4.82,3.65,396
342,Sys_VAR_ref_800_2,4.85,4.2,396
342,Sys_VAR_ref_800_3,4.72,3.85,396
342,User_VAR_800_1,5.0,3.0,396
342,User_VAR_800_2,5.0,4.0,396
342,User_VAR_800_3,5.0,3.0,396
343,Sys_VAR_ref_800_1,4.85,3.65,396
343,Sys_VAR_ref_800_2,4.72,3.65,396
343,Sys_VAR_ref_800_3,4.72,3.85,396
343,User_VAR_800_1,5.0,4.0,396
343,User_VAR_800_2,5.0,4.0,396
343,User_VAR_800_3,5.0,4.0,396
344,Sys_VAR_ref_800_1,4.72,3.85,396
344,Sys_VAR_ref_800_2,4.15,2.85,396
344,Sys_VAR_ref_800_3,4.35,2.65,396
344,User_VAR_800_1,3.57,3.0,396
344,User_VAR_800_2,3.57,3.0,396
344,User_VAR_800_3,4.17,4.0,396
345,Sys_VAR_ref_800_1,4.72,3.85,396
345,Sys_VAR_ref_800_2,4.72,3.85,396
345,Sys_VAR_ref_800_3,4.72,3.85,396
345,User_VAR_800_1,5.0,3.0,396
345,User_VAR_800_2,5.0,4.0,396
345,User_VAR_800_3,5.0,3.0,396
346,Sys_VAR_ref_800_1,4.35,3.82,396
346,Sys_VAR_ref_800_2,4.72,3.85,396
346,Sys_VAR_ref_800_3,4.72,3.85,396
346,User_VAR_800_1,5.0,4.0,396
346,User_VAR_800_2,5.0,4.0,396
346,User_VAR_800_3,5.0,4.0,396
348,Sys_VAR_ref_800_1,4.35,2.85,396
348,Sys_VAR_ref_800_2,4.82,3.65,396
348,Sys_VAR_ref_800_3,3.82,3.45,396
348,User_VAR_800_1,5.0,3.0,396
348,User_VAR_800_2,5.0,3.0,396
348,User_VAR_800_3,5.0,3.0,396
349,Sys_VAR_ref_800_1,4.92,4.85,396
349,Sys_VAR_ref_800_2,4.92,4.95,396
349,Sys_VAR_ref_800_3,4.82,3.65,396
349,User_VAR_800_1,5.0,4.0,396
349,User_VAR_800_2,5.0,4.0,396
349,User_VAR_800_3,5.0,4.0,396
350,Sys_VAR_ref_800_1,4.85,1.5,400
350,Sys_VAR_ref_800_2,4.85,1.5,400
350,Sys_VAR_ref_800_3,4.25,1.5,400
350,User_VAR_800_1,5.0,2.0,400
350,User_VAR_800_2,5.0,3.0,400
350,User_VAR_800_3,5.0,3.0,400
351,Sys_VAR_ref_800_1,4.12,3.65,400
351,Sys_VAR_ref_800_2,4.85,3.72,400
351,Sys_VAR_ref_800_3,4.15,3.25,400
351,User_VAR_800_1,5.0,2.0,400
351,User_VAR_800_2,5.0,4.0,400
351,User_VAR_800_3,5.0,4.0,400
353,Sys_VAR_ref_800_1,4.15,1.5,400
353,Sys_VAR_ref_800_2,3.85,3.6,400
353,Sys_VAR_ref_800_3,4.85,3.6,400
353,User_VAR_800_1,5.0,3.0,400
353,User_VAR_800_2,3.75,2.0,400
353,User_VAR_800_3,5.0,3.0,400
354,Sys_VAR_ref_800_1,4.12,1.5,400
354,Sys_VAR_ref_800_2,3.45,1.5,400
354,Sys_VAR_ref_800_3,4.85,1.5,400
354,User_VAR_800_1,5.0,4.0,400
354,User_VAR_800_2,5.0,3.0,400
354,User_VAR_800_3,5.0,3.0,400
355,Sys_VAR_ref_800_1,3.85,1.2,400
355,Sys_VAR_ref_800_2,4.82,1.15,400
355,Sys_VAR_ref_800_3,3.82,1.47,400
355,User_VAR_800_1,5.0,1.0,400
355,User_VAR_800_2,5.0,0.0,400
355,User_VAR_800_3,5.0,0.0,400
356,Sys_VAR_ref_800_1,4.85,4.92,400
356,Sys_VAR_ref_800_2,4.85,4.92,400
356,Sys_VAR_ref_800_3,4.85,4.2,400
356,User_VAR_800_1,5.0,5.0,400
356,User_VAR_800_2,5.0,5.0,400
356,User_VAR_800_3,5.0,5.0,400
357,Sys_VAR_ref_800_1,4.12,1.5,400
357,Sys_VAR_ref_800_2,3.65,1.5,400
357,Sys_VAR_ref_800_3,4.12,1.5,400
357,User_VAR_800_1,3.0,2.0,400
357,User_VAR_800_2,5.0,2.0,400
357,User_VAR_800_3,3.0,2.0,400
358,Sys_VAR_ref_800_1,4.65,1.5,400
358,Sys_VAR_ref_800_2,2.85,2.1,400
358,Sys_VAR_ref_800_3,4.85,1.5,400
358,User_VAR_800_1,5.0,3.0,400
358,User_VAR_800_2,2.22,3.0,400
358,User_VAR_800_3,5.0,2.0,400
360,Sys_VAR_ref_800_1,2.15,2.85,405
360,Sys_VAR_ref_800_2,2.15,3.4,405
360,Sys_VAR_ref_800_3,3.42,2.85,405
360,User_VAR_800_1,3.0,2.0,405
360,User_VAR_800_2,2.78,3.0,405
360,User_VAR_800_3,2.78,2.0,405
361,Sys_VAR_ref_800_1,3.85,2.15,405
361,Sys_VAR_ref_800_2,4.12,2.85,405
361,Sys_VAR_ref_800_3,4.15,2.85,405
361,User_VAR_800_1,3.12,2.0,405
361,User_VAR_800_2,3.75,2.0,405
361,User_VAR_800_3,3.75,2.0,405
362,Sys_VAR_ref_800_1,0.85,1.2,405
362,Sys_VAR_ref_800_2,1.25,1.8,405
362,Sys_VAR_ref_800_3,1.42,2.85,405
362,User_VAR_800_1,1.11,2.0,405
362,User_VAR_800_2,1.11,2.0,405
362,User_VAR_800_3,1.11,2.0,405
363,Sys_VAR_ref_800_1,4.12,2.85,405
363,Sys_VAR_ref_800_2,4.85,2.1,405
363,Sys_VAR_ref_800_3,3.85,2.1,405
363,User_VAR_800_1,4.44,3.0,405
363,User_VAR_800_2,4.44,2.0,405
363,User_VAR_800_3,2.78,2.0,405
364,Sys_VAR_ref_800_1,3.82,2.45,405
364,Sys_VAR_ref_800_2,4.85,3.72,405
364,Sys_VAR_ref_800_3,4.15,2.85,405
364,User_VAR_800_1,5.0,4.0,405
364,User_VAR_800_2,4.0,4.0,405
364,User_VAR_800_3,5.0,2.0,405
366,Sys_VAR_ref_800_1,3.85,2.15,405
366,Sys_VAR_ref_800_2,4.85,1.5,405
366,Sys_VAR_ref_800_3,4.85,2.65,405
366,User_VAR_800_1,5.0,2.0,405
366,User_VAR_800_2,5.0,2.0,405
366,User_VAR_800_3,5.0,2.0,405
368,Sys_VAR_ref_800_1,2.85,2.15,405
368,Sys_VAR_ref_800_2,2.85,2.6,405
368,Sys_VAR_ref_800_3,2.85,2.4,405
368,User_VAR_800_1,2.22,3.0,405
368,User_VAR_800_2,2.22,3.0,405
368,User_VAR_800_3,2.22,4.0,405
369,Sys_VAR_ref_800_1,4.85,3.92,405
369,Sys_VAR_ref_800_2,4.85,3.92,405
369,Sys_VAR_ref_800_3,4.85,3.65,405
369,User_VAR_800_1,5.0,4.0,405
369,User_VAR_800_2,5.0,5.0,405
369,User_VAR_800_3,5.0,4.0,405
370,Sys_VAR_ref_800_1,4.85,2.15,406
370,Sys_VAR_ref_800_2,3.85,2.15,406
370,Sys_VAR_ref_800_3,4.12,2.35,406
370,User_VAR_800_1,5.0,3.0,406
370,User_VAR_800_2,5.0,2.0,406
370,User_VAR_800_3,5.0,2.0,406
371,Sys_VAR_ref_800_1,1.85,2.92,406
371,Sys_VAR_ref_800_2,1.85,2.4,406
371,Sys_VAR_ref_800_3,1.85,2.1,406
371,User_VAR_800_1,3.33,2.0,406
371,User_VAR_800_2,3.75,2.0,406
371,User_VAR_800_3,2.5,4.0,406
372,Sys_VAR_ref_800_1,4.85,3.72,406
372,Sys_VAR_ref_800_2,4.85,2.65,406
372,Sys_VAR_ref_800_3,5.0,4.95,406
372,User_VAR_800_1,5.0,2.0,406
372,User_VAR_800_2,5.0,4.0,406
372,User_VAR_800_3,5.0,2.0,406
373,Sys_VAR_ref_800_1,4.12,3.85,406
373,Sys_VAR_ref_800_2,4.15,4.62,406
373,Sys_VAR_ref_800_3,4.72,4.15,406
373,User_VAR_800_1,5.0,4.0,406
373,User_VAR_800_2,4.44,4.0,406
373,User_VAR_800_3,5.0,5.0,406
374,Sys_VAR_ref_800_1,4.65,2.85,406
374,Sys_VAR_ref_800_2,4.65,2.85,406
374,Sys_VAR_ref_800_3,4.12,1.85,406
374,User_VAR_800_1,4.44,3.0,406
374,User_VAR_800_2,4.44,3.0,406
374,User_VAR_800_3,4.44,3.0,406
377,Sys_VAR_ref_800_1,4.85,3.7,406
377,Sys_VAR_ref_800_2,4.85,3.6,406
377,Sys_VAR_ref_800_3,4.15,2.65,406
377,User_VAR_800_1,0.0,4.0,406
377,User_VAR_800_2,0.0,4.0,406
377,User_VAR_800_3,4.29,4.0,406
378,Sys_VAR_ref_800_1,3.85,2.75,406
378,Sys_VAR_ref_800_2,3.42,2.85,406
378,Sys_VAR_ref_800_3,3.85,3.2,406
378,User_VAR_800_1,3.33,2.0,406
378,User_VAR_800_2,3.33,4.0,406
378,User_VAR_800_3,3.0,3.0,406
379,Sys_VAR_ref_800_1,4.85,4.2,406
379,Sys_VAR_ref_800_2,4.82,3.65,406
379,Sys_VAR_ref_800_3,4.85,4.92,406
379,User_VAR_800_1,5.0,5.0,406
379,User_VAR_800_2,5.0,4.0,406
379,User_VAR_800_3,5.0,5.0,406
381,Sys_VAR_ref_800_1,4.65,3.82,413
381,Sys_VAR_ref_800_2,3.85,2.15,413
381,Sys_VAR_ref_800_3,4.25,4.1,413
381,User_VAR_800_1,4.29,3.0,413
381,User_VAR_800_2,3.57,4.0,413
381,User_VAR_800_3,4.38,4.0,413
382,Sys_VAR_ref_800_1,3.85,2.0,413
382,Sys_VAR_ref_800_2,4.65,2.0,413
382,Sys_VAR_ref_800_3,4.85,2.0,413
382,User_VAR_800_1,3.12,2.0,413
382,User_VAR_800_2,3.12,2.0,413
382,User_VAR_800_3,3.12,3.0,413
383,Sys_VAR_ref_800_1,4.85,1.5,413
383,Sys_VAR_ref_800_2,4.72,3.85,413
383,Sys_VAR_ref_800_3,4.15,1.5,413
383,User_VAR_800_1,5.0,3.0,413
383,User_VAR_800_2,5.0,4.0,413
383,User_VAR_800_3,5.0,3.0,413
384,Sys_VAR_ref_800_1,4.65,2.85,413
384,Sys_VAR_ref_800_2,4.15,2.85,413
384,Sys_VAR_ref_800_3,4.65,3.82,413
384,User_VAR_800_1,5.0,4.0,413
384,User_VAR_800_2,5.0,3.0,413
384,User_VAR_800_3,4.29,3.0,413
385,Sys_VAR_ref_800_1,2.15,1.85,413
385,Sys_VAR_ref_800_2,3.45,2.85,413
385,Sys_VAR_ref_800_3,3.82,2.15,413
385,User_VAR_800_1,3.33,2.0,413
385,User_VAR_800_2,3.33,3.0,413
385,User_VAR_800_3,3.89,2.0,413
386,Sys_VAR_ref_800_1,4.12,1.5,413
386,Sys_VAR_ref_800_2,4.65,1.5,413
386,Sys_VAR_ref_800_3,4.65,1.5,413
386,User_VAR_800_1,5.0,3.0,413
386,User_VAR_800_2,5.0,3.0,413
386,User_VAR_800_3,5.0,3.0,413
387,Sys_VAR_ref_800_1,1.85,4.12,413
387,Sys_VAR_ref_800_2,4.85,3.2,413
387,Sys_VAR_ref_800_3,1.85,0.92,413
387,User_VAR_800_1,5.0,2.0,413
387,User_VAR_800_2,0.0,2.0,413
387,User_VAR_800_3,0.0,2.0,413
389,Sys_VAR_ref_800_1,3.82,1.47,413
389,Sys_VAR_ref_800_2,4.15,1.5,413
389,Sys_VAR_ref_800_3,4.65,1.5,413
389,User_VAR_800_1,0.0,2.0,413
389,User_VAR_800_2,3.89,3.0,413
389,User_VAR_800_3,5.0,3.0,413
390,Sys_VAR_ref_800_1,3.82,1.47,415
390,Sys_VAR_ref_800_2,3.82,1.47,415
390,Sys_VAR_ref_800_3,3.82,1.47,415
390,User_VAR_800_1,4.0,1.0,415
390,User_VAR_800_2,5.0,1.0,415
390,User_VAR_800_3,5.0,1.0,415
391,Sys_VAR_ref_800_1,3.85,1.92,415
391,Sys_VAR_ref_800_2,4.12,2.85,415
391,Sys_VAR_ref_800_3,4.15,2.85,415
391,User_VAR_800_1,5.0,3.0,415
391,User_VAR_800_2,3.89,3.0,415
391,User_VAR_800_3,3.89,3.0,415
393,Sys_VAR_ref_800_1,0.15,2.85,415
393,Sys_VAR_ref_800_2,0.42,1.85,415
393,Sys_VAR_ref_800_3,1.85,2.1,415
393,User_VAR_800_1,0.62,3.0,415
393,User_VAR_800_2,1.67,3.0,415
393,User_VAR_800_3,0.62,3.0,415
394,Sys_VAR_ref_800_1,1.25,2.1,415
394,Sys_VAR_ref_800_2,1.25,2.85,415
394,Sys_VAR_ref_800_3,1.25,2.85,415
394,User_VAR_800_1,1.25,3.0,415
394,User_VAR_800_2,1.25,3.0,415
394,User_VAR_800_3,1.25,3.0,415
395,Sys_VAR_ref_800_1,1.85,3.62,415
395,Sys_VAR_ref_800_2,1.85,2.65,415
395,Sys_VAR_ref_800_3,0.0,3.85,415
395,User_VAR_800_1,0.0,4.0,415
395,User_VAR_800_2,1.67,3.0,415
395,User_VAR_800_3,1.67,3.0,415
396,Sys_VAR_ref_800_1,1.85,3.42,415
396,Sys_VAR_ref_800_2,1.85,2.1,415
396,Sys_VAR_ref_800_3,1.85,2.4,415
396,User_VAR_800_1,1.67,5.0,415
396,User_VAR_800_2,1.67,3.0,415
396,User_VAR_800_3,1.67,3.0,415
397,Sys_VAR_ref_800_1,1.25,2.85,415
397,Sys_VAR_ref_800_2,1.25,1.85,415
397,Sys_VAR_ref_800_3,0.85,1.42,415
397,User_VAR_800_1,5.0,2.0,415
397,User_VAR_800_2,0.56,4.0,415
397,User_VAR_800_3,1.11,4.0,415
399,Sys_VAR_ref_800_1,0.12,4.35,415
399,Sys_VAR_ref_800_2,0.12,3.85,415
399,Sys_VAR_ref_800_3,0.85,3.72,415
399,User_VAR_800_1,0.56,3.0,415
399,User_VAR_800_2,0.56,3.0,415
399,User_VAR_800_3,0.56,4.0,415
400,Sys_VAR_ref_800_1,1.25,2.8,419
400,Sys_VAR_ref_800_2,1.85,2.1,419
400,Sys_VAR_ref_800_3,1.25,2.1,419
400,User_VAR_800_1,3.57,2.0,419
400,User_VAR_800_2,3.57,3.0,419
400,User_VAR_800_3,3.57,3.0,419
401,Sys_VAR_ref_800_1,4.25,1.5,419
401,Sys_VAR_ref_800_2,4.25,1.5,419
401,Sys_VAR_ref_800_3,4.85,1.5,419
401,User_VAR_800_1,5.0,2.0,419
401,User_VAR_800_2,3.89,2.0,419
401,User_VAR_800_3,3.89,2.0,419
402,Sys_VAR_ref_800_1,4.25,3.85,419
402,Sys_VAR_ref_800_2,4.85,3.72,419
402,Sys_VAR_ref_800_3,4.85,4.2,419
402,User_VAR_800_1,5.0,4.0,419
402,User_VAR_800_2,3.75,4.0,419
402,User_VAR_800_3,5.0,5.0,419
403,Sys_VAR_ref_800_1,4.85,3.65,419
403,Sys_VAR_ref_800_2,4.25,3.8,419
403,Sys_VAR_ref_800_3,4.85,3.75,419
403,User_VAR_800_1,4.38,4.0,419
403,User_VAR_800_2,4.38,4.0,419
403,User_VAR_800_3,4.38,2.0,419
404,Sys_VAR_ref_800_1,4.65,3.82,419
404,Sys_VAR_ref_800_2,4.85,4.2,419
404,Sys_VAR_ref_800_3,4.85,3.75,419
404,User_VAR_800_1,5.0,4.0,419
404,User_VAR_800_2,5.0,4.0,419
404,User_VAR_800_3,5.0,4.0,419
406,Sys_VAR_ref_800_1,2.85,2.1,419
406,Sys_VAR_ref_800_2,2.85,1.92,419
406,Sys_VAR_ref_800_3,2.15,1.85,419
406,User_VAR_800_1,2.22,1.0,419
406,User_VAR_800_2,2.78,2.0,419
406,User_VAR_800_3,3.75,2.0,419
408,Sys_VAR_ref_800_1,4.85,4.12,419
408,Sys_VAR_ref_800_2,4.85,4.2,419
408,Sys_VAR_ref_800_3,4.85,2.15,419
408,User_VAR_800_1,4.29,4.0,419
408,User_VAR_800_2,4.29,4.0,419
408,User_VAR_800_3,5.0,4.0,419
409,Sys_VAR_ref_800_1,0.0,0.0,419
409,Sys_VAR_ref_800_2,0.0,4.85,419
409,Sys_VAR_ref_800_3,0.0,1.0,419
409,User_VAR_800_1,0.0,5.0,419
409,User_VAR_800_2,0.0,5.0,419
409,User_VAR_800_3,0.0,5.0,419
410,Sys_VAR_ref_800_1,2.85,1.2,421
410,Sys_VAR_ref_800_2,4.62,1.85,421
410,Sys_VAR_ref_800_3,3.42,1.65,421
410,User_VAR_800_1,5.0,3.0,421
410,User_VAR_800_2,2.78,2.0,421
410,User_VAR_800_3,5.0,3.0,421
412,Sys_VAR_ref_800_1,3.45,2.85,421
412,Sys_VAR_ref_800_2,4.92,4.35,421
412,Sys_VAR_ref_800_3,3.45,2.85,421
412,User_VAR_800_1,5.0,4.0,421
412,User_VAR_800_2,3.33,4.0,421
412,User_VAR_800_3,3.33,3.0,421
414,Sys_VAR_ref_800_1,1.85,2.1,421
414,Sys_VAR_ref_800_2,1.85,2.4,421
414,Sys_VAR_ref_800_3,1.85,2.1,421
414,User_VAR_800_1,4.38,2.0,421
414,User_VAR_800_2,5.0,2.0,421
414,User_VAR_800_3,5.0,2.0,421
415,Sys_VAR_ref_800_1,2.85,2.4,421
415,Sys_VAR_ref_800_2,3.45,2.85,421
415,Sys_VAR_ref_800_3,2.85,1.5,421
415,User_VAR_800_1,3.33,3.0,421
415,User_VAR_800_2,3.33,2.0,421
415,User_VAR_800_3,3.33,2.0,421
416,Sys_VAR_ref_800_1,4.12,2.85,421
416,Sys_VAR_ref_800_2,3.45,3.82,421
416,Sys_VAR_ref_800_3,3.42,2.85,421
416,User_VAR_800_1,3.33,4.0,421
416,User_VAR_800_2,5.0,3.0,421
416,User_VAR_800_3,3.33,3.0,421
417,Sys_VAR_ref_800_1,3.82,3.65,421
417,Sys_VAR_ref_800_2,4.12,3.65,421
417,Sys_VAR_ref_800_3,3.85,2.9,421
417,User_VAR_800_1,3.89,4.0,421
417,User_VAR_800_2,3.89,4.0,421
417,User_VAR_800_3,3.89,4.0,421
418,Sys_VAR_ref_800_1,2.15,1.85,421
418,Sys_VAR_ref_800_2,3.85,3.62,421
418,Sys_VAR_ref_800_3,3.82,1.47,421
418,User_VAR_800_1,5.0,3.0,421
418,User_VAR_800_2,5.0,1.0,421
418,User_VAR_800_3,3.89,1.0,421
419,Sys_VAR_ref_800_1,4.65,2.85,421
419,Sys_VAR_ref_800_2,4.85,4.2,421
419,Sys_VAR_ref_800_3,4.85,3.2,421
419,User_VAR_800_1,4.44,4.0,421
419,User_VAR_800_2,4.44,4.0,421
419,User_VAR_800_3,4.44,4.0,421
420,Sys_VAR_ref_800_1,0.85,2.4,426
420,Sys_VAR_ref_800_2,2.15,1.85,426
420,Sys_VAR_ref_800_3,1.85,2.4,426
420,User_VAR_800_1,3.12,2.0,426
420,User_VAR_800_2,1.67,2.0,426
420,User_VAR_800_3,3.12,2.0,426
421,Sys_VAR_ref_800_1,2.85,1.65,426
421,Sys_VAR_ref_800_2,2.85,1.65,426
421,Sys_VAR_ref_800_3,2.15,1.85,426
421,User_VAR_800_1,2.5,2.0,426
421,User_VAR_800_2,2.5,2.0,426
421,User_VAR_800_3,2.5,2.0,426
422,Sys_VAR_ref_800_1,3.85,1.2,426
422,Sys_VAR_ref_800_2,1.85,1.2,426
422,Sys_VAR_ref_800_3,2.85,1.65,426
422,User_VAR_800_1,3.75,1.0,426
422,User_VAR_800_2,3.12,2.0,426
422,User_VAR_800_3,3.12,2.0,426
424,Sys_VAR_ref_800_1,1.85,1.2,426
424,Sys_VAR_ref_800_2,2.85,1.92,426
424,Sys_VAR_ref_800_3,2.85,1.2,426
424,User_VAR_800_1,3.12,2.0,426
424,User_VAR_800_2,3.75,1.0,426
424,User_VAR_800_3,3.75,2.0,426
425,Sys_VAR_ref_800_1,2.85,1.9,426
425,Sys_VAR_ref_800_2,2.85,1.65,426
425,Sys_VAR_ref_800_3,2.85,1.92,426
425,User_VAR_800_1,3.12,2.0,426
425,User_VAR_800_2,3.12,2.0,426
425,User_VAR_800_3,2.5,1.0,426
427,Sys_VAR_ref_800_1,2.85,1.65,426
427,Sys_VAR_ref_800_2,2.15,1.85,426
427,Sys_VAR_ref_800_3,3.15,1.82,426
427,User_VAR_800_1,2.5,2.0,426
427,User_VAR_800_2,2.5,2.0,426
427,User_VAR_800_3,2.5,2.0,426
428,Sys_VAR_ref_800_1,2.85,1.5,426
428,Sys_VAR_ref_800_2,2.85,1.45,426
428,Sys_VAR_ref_800_3,2.15,1.5,426
428,User_VAR_800_1,3.12,2.0,426
428,User_VAR_800_2,3.12,1.0,426
428,User_VAR_800_3,3.12,2.0,426
429,Sys_VAR_ref_800_1,2.85,2.4,426
429,Sys_VAR_ref_800_2,2.85,2.4,426
429,Sys_VAR_ref_800_3,2.15,2.8,426
429,User_VAR_800_1,3.12,1.0,426
429,User_VAR_800_2,3.12,3.0,426
429,User_VAR_800_3,3.12,1.0,426
430,Sys_VAR_ref_800_1,0.0,0.85,429
430,Sys_VAR_ref_800_2,1.85,1.5,429
430,Sys_VAR_ref_800_3,0.0,1.5,429
430,User_VAR_800_1,0.0,2.0,429
430,User_VAR_800_2,3.33,2.0,429
430,User_VAR_800_3,0.0,2.0,429
431,Sys_VAR_ref_800_1,3.85,3.6,429
431,Sys_VAR_ref_800_2,3.85,2.9,429
431,Sys_VAR_ref_800_3,4.65,3.82,429
431,User_VAR_800_1,3.75,5.0,429
431,User_VAR_800_2,3.75,5.0,429
431,User_VAR_800_3,2.5,5.0,429
432,Sys_VAR_ref_800_1,2.85,2.15,429
432,Sys_VAR_ref_800_2,1.85,1.42,429
432,Sys_VAR_ref_800_3,1.85,2.4,429
432,User_VAR_800_1,1.25,3.0,429
432,User_VAR_800_2,1.88,2.0,429
432,User_VAR_800_3,1.88,3.0,429
434,Sys_VAR_ref_800_1,0.12,1.35,429
434,Sys_VAR_ref_800_2,0.15,1.5,429
434,Sys_VAR_ref_800_3,0.12,1.35,429
434,User_VAR_800_1,0.0,1.0,429
434,User_VAR_800_2,0.0,2.0,429
434,User_VAR_800_3,0.0,2.0,429
436,Sys_VAR_ref_800_1,4.85,3.6,429
436,Sys_VAR_ref_800_2,4.85,4.7,429
436,Sys_VAR_ref_800_3,4.85,4.92,429
436,User_VAR_800_1,5.0,5.0,429
436,User_VAR_800_2,5.0,5.0,429
436,User_VAR_800_3,5.0,5.0,429
437,Sys_VAR_ref_800_1,4.15,3.85,429
437,Sys_VAR_ref_800_2,4.85,3.62,429
437,Sys_VAR_ref_800_3,4.85,3.72,429
437,User_VAR_800_1,4.38,3.0,429
437,User_VAR_800_2,3.75,5.0,429
437,User_VAR_800_3,4.38,5.0,429
438,Sys_VAR_ref_800_1,3.42,2.15,429
438,Sys_VAR_ref_800_2,2.85,1.5,429
438,Sys_VAR_ref_800_3,2.85,1.45,429
438,User_VAR_800_1,3.12,2.0,429
438,User_VAR_800_2,3.12,2.0,429
438,User_VAR_800_3,3.12,2.0,429
439,Sys_VAR_ref_800_1,4.98,4.95,429
439,Sys_VAR_ref_800_2,4.92,4.85,429
439,Sys_VAR_ref_800_3,4.92,4.85,429
439,User_VAR_800_1,5.0,5.0,429
439,User_VAR_800_2,5.0,5.0,429
439,User_VAR_800_3,5.0,5.0,429
440,Sys_VAR_ref_800_1,4.85,1.5,432
440,Sys_VAR_ref_800_2,4.85,1.2,432
440,Sys_VAR_ref_800_3,4.85,1.5,432
440,User_VAR_800_1,5.0,1.0,432
440,User_VAR_800_2,5.0,2.0,432
440,User_VAR_800_3,5.0,1.0,432
441,Sys_VAR_ref_800_1,1.25,1.8,432
441,Sys_VAR_ref_800_2,0.15,0.85,432
441,Sys_VAR_ref_800_3,0.12,0.85,432
441,User_VAR_800_1,0.0,0.0,432
441,User_VAR_800_2,0.0,0.0,432
441,User_VAR_800_3,0.0,1.0,432
442,Sys_VAR_ref_800_1,4.85,1.5,432
442,Sys_VAR_ref_800_2,4.65,1.5,432
442,Sys_VAR_ref_800_3,4.85,1.5,432
442,User_VAR_800_1,5.0,2.0,432
442,User_VAR_800_2,5.0,2.0,432
442,User_VAR_800_3,5.0,2.0,432
443,Sys_VAR_ref_800_1,4.85,3.62,432
443,Sys_VAR_ref_800_2,4.65,2.85,432
443,Sys_VAR_ref_800_3,4.85,1.5,432
443,User_VAR_800_1,5.0,4.0,432
443,User_VAR_800_2,5.0,4.0,432
443,User_VAR_800_3,5.0,4.0,432
444,Sys_VAR_ref_800_1,4.85,3.75,432
444,Sys_VAR_ref_800_2,4.85,3.75,432
444,Sys_VAR_ref_800_3,5.0,5.0,432
444,User_VAR_800_1,5.0,4.0,432
444,User_VAR_800_2,5.0,2.0,432
444,User_VAR_800_3,5.0,3.0,432
445,Sys_VAR_ref_800_1,4.12,2.85,432
445,Sys_VAR_ref_800_2,4.65,2.85,432
445,Sys_VAR_ref_800_3,4.12,2.85,432
445,User_VAR_800_1,5.0,2.0,432
445,User_VAR_800_2,5.0,2.0,432
445,User_VAR_800_3,5.0,3.0,432
447,Sys_VAR_ref_800_1,4.85,1.5,432
447,Sys_VAR_ref_800_2,3.85,1.5,432
447,Sys_VAR_ref_800_3,4.12,1.5,432
447,User_VAR_800_1,4.38,2.0,432
447,User_VAR_800_2,4.29,2.0,432
447,User_VAR_800_3,4.38,2.0,432
448,Sys_VAR_ref_800_1,3.85,1.92,432
448,Sys_VAR_ref_800_2,2.85,1.9,432
448,Sys_VAR_ref_800_3,1.25,1.83,432
448,User_VAR_800_1,3.12,2.0,432
448,User_VAR_800_2,3.12,2.0,432
448,User_VAR_800_3,3.12,1.0,432
450,Sys_VAR_ref_800_1,5.0,5.0,443
450,Sys_VAR_ref_800_2,5.0,5.0,443
450,Sys_VAR_ref_800_3,4.65,3.82,443
450,User_VAR_800_1,5.0,4.0,443
450,User_VAR_800_2,5.0,3.0,443
450,User_VAR_800_3,5.0,4.0,443
451,Sys_VAR_ref_800_1,4.85,4.92,443
451,Sys_VAR_ref_800_2,4.85,4.72,443
451,Sys_VAR_ref_800_3,4.95,4.92,443
451,User_VAR_800_1,5.0,4.0,443
451,User_VAR_800_2,5.0,4.0,443
451,User_VAR_800_3,0.0,4.0,443
452,Sys_VAR_ref_800_1,4.85,1.65,443
452,Sys_VAR_ref_800_2,4.65,2.85,443
452,Sys_VAR_ref_800_3,4.65,1.85,443
452,User_VAR_800_1,5.0,3.0,443
452,User_VAR_800_2,5.0,2.0,443
452,User_VAR_800_3,5.0,3.0,443
454,Sys_VAR_ref_800_1,4.65,3.85,443
454,Sys_VAR_ref_800_2,3.85,4.12,443
454,Sys_VAR_ref_800_3,4.65,3.85,443
454,User_VAR_800_1,5.0,3.0,443
454,User_VAR_800_2,5.0,4.0,443
454,User_VAR_800_3,5.0,3.0,443
455,Sys_VAR_ref_800_1,4.12,2.85,443
455,Sys_VAR_ref_800_2,4.25,3.65,443
455,Sys_VAR_ref_800_3,4.65,2.85,443
455,User_VAR_800_1,5.0,3.0,443
455,User_VAR_800_2,5.0,2.0,443
455,User_VAR_800_3,4.38,3.0,443
456,Sys_VAR_ref_800_1,4.25,3.8,443
456,Sys_VAR_ref_800_2,5.0,5.0,443
456,Sys_VAR_ref_800_3,4.85,3.75,443
456,User_VAR_800_1,4.38,4.0,443
456,User_VAR_800_2,4.38,4.0,443
456,User_VAR_800_3,4.38,4.0,443
457,Sys_VAR_ref_800_1,5.0,5.0,443
457,Sys_VAR_ref_800_2,4.85,4.92,443
457,Sys_VAR_ref_800_3,2.15,1.85,443
457,User_VAR_800_1,3.89,2.0,443
457,User_VAR_800_2,3.89,3.0,443
457,User_VAR_800_3,2.78,5.0,443
459,Sys_VAR_ref_800_1,4.85,3.72,443
459,Sys_VAR_ref_800_2,4.65,2.85,443
459,Sys_VAR_ref_800_3,4.85,4.2,443
459,User_VAR_800_1,5.0,4.0,443
459,User_VAR_800_2,4.38,4.0,443
459,User_VAR_800_3,4.38,4.0,443
460,Sys_VAR_ref_800_1,0.85,1.2,446
460,Sys_VAR_ref_800_2,3.85,2.15,446
460,Sys_VAR_ref_800_3,3.45,2.15,446
460,User_VAR_800_1,5.0,2.0,446
460,User_VAR_800_2,5.0,2.0,446
460,User_VAR_800_3,0.62,2.0,446
462,Sys_VAR_ref_800_1,2.85,2.6,446
462,Sys_VAR_ref_800_2,2.15,2.85,446
462,Sys_VAR_ref_800_3,3.85,3.62,446
462,User_VAR_800_1,4.38,3.0,446
462,User_VAR_800_2,4.38,2.0,446
462,User_VAR_800_3,4.38,3.0,446
464,Sys_VAR_ref_800_1,4.85,2.15,446
464,Sys_VAR_ref_800_2,2.45,2.8,446
464,Sys_VAR_ref_800_3,1.25,1.8,446
464,User_VAR_800_1,5.0,2.0,446
464,User_VAR_800_2,2.5,1.0,446
464,User_VAR_800_3,2.5,1.0,446
465,Sys_VAR_ref_800_1,4.12,3.65,446
465,Sys_VAR_ref_800_2,4.35,3.62,446
465,Sys_VAR_ref_800_3,4.25,1.85,446
465,User_VAR_800_1,3.89,3.0,446
465,User_VAR_800_2,4.38,3.0,446
465,User_VAR_800_3,3.89,3.0,446
466,Sys_VAR_ref_800_1,4.65,2.85,446
466,Sys_VAR_ref_800_2,4.65,2.85,446
466,Sys_VAR_ref_800_3,4.65,2.85,446
466,User_VAR_800_1,4.38,3.0,446
466,User_VAR_800_2,4.38,4.0,446
466,User_VAR_800_3,5.0,4.0,446
467,Sys_VAR_ref_800_1,1.15,3.85,446
467,Sys_VAR_ref_800_2,0.12,3.45,446
467,Sys_VAR_ref_800_3,0.15,2.85,446
467,User_VAR_800_1,0.56,3.0,446
467,User_VAR_800_2,0.56,2.0,446
467,User_VAR_800_3,1.11,5.0,446
468,Sys_VAR_ref_800_1,4.25,2.85,446
468,Sys_VAR_ref_800_2,3.82,2.15,446
468,Sys_VAR_ref_800_3,2.85,1.42,446
468,User_VAR_800_1,4.29,2.0,446
468,User_VAR_800_2,5.0,2.0,446
468,User_VAR_800_3,5.0,2.0,446
469,Sys_VAR_ref_800_1,4.65,3.82,446
469,Sys_VAR_ref_800_2,4.25,2.85,446
469,Sys_VAR_ref_800_3,4.65,2.85,446
469,User_VAR_800_1,4.38,3.0,446
469,User_VAR_800_2,3.89,3.0,446
469,User_VAR_800_3,3.89,3.0,446
470,Sys_VAR_ref_800_1,3.82,1.47,453
470,Sys_VAR_ref_800_2,3.85,1.2,453
470,Sys_VAR_ref_800_3,4.25,3.85,453
470,User_VAR_800_1,5.0,2.0,453
470,User_VAR_800_2,4.38,2.0,453
470,User_VAR_800_3,3.75,2.0,453
471,Sys_VAR_ref_800_1,4.65,3.85,453
471,Sys_VAR_ref_800_2,4.65,2.85,453
471,Sys_VAR_ref_800_3,4.65,2.85,453
471,User_VAR_800_1,4.38,2.0,453
471,User_VAR_800_2,4.38,3.0,453
471,User_VAR_800_3,5.0,3.0,453
472,Sys_VAR_ref_800_1,4.85,2.35,453
472,Sys_VAR_ref_800_2,4.85,2.65,453
472,Sys_VAR_ref_800_3,4.85,3.62,453
472,User_VAR_800_1,5.0,3.0,453
472,User_VAR_800_2,5.0,2.0,453
472,User_VAR_800_3,5.0,2.0,453
473,Sys_VAR_ref_800_1,4.85,2.3,453
473,Sys_VAR_ref_800_2,4.85,3.6,453
473,Sys_VAR_ref_800_3,4.85,2.75,453
473,User_VAR_800_1,5.0,3.0,453
473,User_VAR_800_2,4.17,3.0,453
473,User_VAR_800_3,5.0,3.0,453
474,Sys_VAR_ref_800_1,4.12,2.35,453
474,Sys_VAR_ref_800_2,4.12,2.85,453
474,Sys_VAR_ref_800_3,4.85,2.6,453
474,User_VAR_800_1,4.0,2.0,453
474,User_VAR_800_2,4.0,2.0,453
474,User_VAR_800_3,4.0,3.0,453
476,Sys_VAR_ref_800_1,4.65,3.82,453
476,Sys_VAR_ref_800_2,4.85,4.2,453
476,Sys_VAR_ref_800_3,4.15,3.62,453
476,User_VAR_800_1,4.17,4.0,453
476,User_VAR_800_2,5.0,4.0,453
476,User_VAR_800_3,5.0,2.0,453
478,Sys_VAR_ref_800_1,4.12,2.85,453
478,Sys_VAR_ref_800_2,3.85,1.92,453
478,Sys_VAR_ref_800_3,4.15,2.85,453
478,User_VAR_800_1,3.75,2.0,453
478,User_VAR_800_2,2.86,2.0,453
478,User_VAR_800_3,2.86,2.0,453
479,Sys_VAR_ref_800_1,4.85,2.75,453
479,Sys_VAR_ref_800_2,4.12,2.85,453
479,Sys_VAR_ref_800_3,3.85,2.4,453
479,User_VAR_800_1,2.86,3.0,453
479,User_VAR_800_2,3.33,3.0,453
479,User_VAR_800_3,3.33,3.0,453
480,Sys_VAR_ref_800_1,1.85,1.42,461
480,Sys_VAR_ref_800_2,1.15,2.85,461
480,Sys_VAR_ref_800_3,1.42,2.85,461
480,User_VAR_800_1,1.11,2.0,461
480,User_VAR_800_2,1.67,2.0,461
480,User_VAR_800_3,1.11,3.0,461
481,Sys_VAR_ref_800_1,1.85,3.62,461
481,Sys_VAR_ref_800_2,1.85,3.62,461
481,Sys_VAR_ref_800_3,1.85,3.62,461
481,User_VAR_800_1,2.22,5.0,461
481,User_VAR_800_2,2.22,5.0,461
481,User_VAR_800_3,2.22,5.0,461
482,Sys_VAR_ref_800_1,3.45,2.85,461
482,Sys_VAR_ref_800_2,3.85,2.15,461
482,Sys_VAR_ref_800_3,4.15,3.85,461
482,User_VAR_800_1,2.78,4.0,461
482,User_VAR_800_2,2.78,4.0,461
482,User_VAR_800_3,2.78,3.0,461
484,Sys_VAR_ref_800_1,2.85,3.6,461
484,Sys_VAR_ref_800_2,4.15,3.85,461
484,Sys_VAR_ref_800_3,2.85,3.65,461
484,User_VAR_800_1,2.22,4.0,461
484,User_VAR_800_2,3.33,4.0,461
484,User_VAR_800_3,2.22,4.0,461
486,Sys_VAR_ref_800_1,5.0,5.0,461
486,Sys_VAR_ref_800_2,4.85,4.6,461
486,Sys_VAR_ref_800_3,4.65,3.85,461
486,User_VAR_800_1,4.38,4.0,461
486,User_VAR_800_2,5.0,5.0,461
486,User_VAR_800_3,5.0,4.0,461
487,Sys_VAR_ref_800_1,5.0,5.0,461
487,Sys_VAR_ref_800_2,5.0,5.0,461
487,Sys_VAR_ref_800_3,5.0,5.0,461
487,User_VAR_800_1,5.0,5.0,461
487,User_VAR_800_2,5.0,5.0,461
487,User_VAR_800_3,5.0,5.0,461
488,Sys_VAR_ref_800_1,4.65,3.85,461
488,Sys_VAR_ref_800_2,4.65,3.82,461
488,Sys_VAR_ref_800_3,3.85,2.65,461
488,User_VAR_800_1,4.44,5.0,461
488,User_VAR_800_2,4.44,4.0,461
488,User_VAR_800_3,3.33,4.0,461
489,Sys_VAR_ref_800_1,0.12,1.35,461
489,Sys_VAR_ref_800_2,0.12,0.85,461
489,Sys_VAR_ref_800_3,1.25,1.85,461
489,User_VAR_800_1,1.11,1.0,461
489,User_VAR_800_2,1.11,1.0,461
489,User_VAR_800_3,1.11,1.0,461
490,Sys_VAR_ref_800_1,3.82,3.65,477
490,Sys_VAR_ref_800_2,4.15,2.85,477
490,Sys_VAR_ref_800_3,4.15,2.35,477
490,User_VAR_800_1,3.89,3.0,477
490,User_VAR_800_2,3.89,2.0,477
490,User_VAR_800_3,3.89,2.0,477
491,Sys_VAR_ref_800_1,2.85,1.92,477
491,Sys_VAR_ref_800_2,2.85,1.65,477
491,Sys_VAR_ref_800_3,2.85,1.42,477
491,User_VAR_800_1,2.78,2.0,477
491,User_VAR_800_2,2.78,2.0,477
491,User_VAR_800_3,2.78,2.0,477
493,Sys_VAR_ref_800_1,2.15,2.85,477
493,Sys_VAR_ref_800_2,3.45,2.85,477
493,Sys_VAR_ref_800_3,3.85,2.4,477
493,User_VAR_800_1,2.22,2.0,477
493,User_VAR_800_2,2.22,3.0,477
493,User_VAR_800_3,2.22,2.0,477
494,Sys_VAR_ref_800_1,1.85,2.4,477
494,Sys_VAR_ref_800_2,1.85,2.4,477
494,Sys_VAR_ref_800_3,1.85,3.6,477
494,User_VAR_800_1,2.22,2.0,477
494,User_VAR_800_2,2.22,2.0,477
494,User_VAR_800_3,2.22,4.0,477
495,Sys_VAR_ref_800_1,1.85,2.4,477
495,Sys_VAR_ref_800_2,1.15,1.85,477
495,Sys_VAR_ref_800_3,2.85,1.65,477
495,User_VAR_800_1,3.33,2.0,477
495,User_VAR_800_2,3.33,2.0,477
495,User_VAR_800_3,2.22,2.0,477
496,Sys_VAR_ref_800_1,2.85,2.1,477
496,Sys_VAR_ref_800_2,3.85,2.75,477
496,Sys_VAR_ref_800_3,3.45,2.85,477
496,User_VAR_800_1,0.0,3.0,477
496,User_VAR_800_2,3.33,2.0,477
496,User_VAR_800_3,3.33,2.0,477
498,Sys_VAR_ref_800_1,1.85,2.4,477
498,Sys_VAR_ref_800_2,1.85,2.4,477
498,Sys_VAR_ref_800_3,1.85,2.4,477
498,User_VAR_800_1,2.78,2.0,477
498,User_VAR_800_2,2.78,2.0,477
498,User_VAR_800_3,2.22,2.0,477
499,Sys_VAR_ref_800_1,4.65,1.85,477
499,Sys_VAR_ref_800_2,3.85,1.2,477
499,Sys_VAR_ref_800_3,4.12,2.85,477
499,User_VAR_800_1,3.89,2.0,477
499,User_VAR_800_2,0.0,1.0,477
499,User_VAR_800_3,0.0,1.0,477
500,Sys_VAR_ref_800_1,4.65,3.85,479
500,Sys_VAR_ref_800_2,4.85,4.62,479
500,Sys_VAR_ref_800_3,4.65,3.85,479
500,User_VAR_800_1,4.44,4.0,479
500,User_VAR_800_2,4.44,4.0,479
500,User_VAR_800_3,4.44,5.0,479
501,Sys_VAR_ref_800_1,5.0,5.0,479
501,Sys_VAR_ref_800_2,5.0,5.0,479
501,Sys_VAR_ref_800_3,5.0,5.0,479
501,User_VAR_800_1,5.0,5.0,479
501,User_VAR_800_2,5.0,5.0,479
501,User_VAR_800_3,5.0,5.0,479
502,Sys_VAR_ref_800_1,4.12,2.85,479
502,Sys_VAR_ref_800_2,4.15,3.62,479
502,Sys_VAR_ref_800_3,4.85,3.72,479
502,User_VAR_800_1,3.89,4.0,479
502,User_VAR_800_2,3.89,3.0,479
502,User_VAR_800_3,3.89,3.0,479
503,Sys_VAR_ref_800_1,4.85,3.72,479
503,Sys_VAR_ref_800_2,4.85,3.72,479
503,Sys_VAR_ref_800_3,4.15,2.85,479
503,User_VAR_800_1,2.78,4.0,479
503,User_VAR_800_2,2.78,3.0,479
503,User_VAR_800_3,2.78,4.0,479
504,Sys_VAR_ref_800_1,4.12,2.85,479
504,Sys_VAR_ref_800_2,4.65,2.85,479
504,Sys_VAR_ref_800_3,1.15,2.85,479
504,User_VAR_800_1,1.25,2.0,479
504,User_VAR_800_2,5.0,2.0,479
504,User_VAR_800_3,5.0,1.0,479
506,Sys_VAR_ref_800_1,4.85,3.6,479
506,Sys_VAR_ref_800_2,4.85,3.62,479
506,Sys_VAR_ref_800_3,5.0,5.0,479
506,User_VAR_800_1,5.0,4.0,479
506,User_VAR_800_2,5.0,4.0,479
506,User_VAR_800_3,5.0,4.0,479
508,Sys_VAR_ref_800_1,3.85,1.65,479
508,Sys_VAR_ref_800_2,4.85,3.75,479
508,Sys_VAR_ref_800_3,4.85,3.75,479
508,User_VAR_800_1,3.89,2.0,479
508,User_VAR_800_2,3.89,4.0,479
508,User_VAR_800_3,5.0,4.0,479
509,Sys_VAR_ref_800_1,4.85,3.72,479
509,Sys_VAR_ref_800_2,4.85,3.6,479
509,Sys_VAR_ref_800_3,4.85,3.62,479
509,User_VAR_800_1,5.0,4.0,479
509,User_VAR_800_2,5.0,4.0,479
509,User_VAR_800_3,5.0,4.0,479
510,Sys_VAR_ref_800_1,4.65,2.85,481
510,Sys_VAR_ref_800_2,1.85,1.92,481
510,Sys_VAR_ref_800_3,4.65,2.85,481
510,User_VAR_800_1,2.22,3.0,481
510,User_VAR_800_2,3.75,2.0,481
510,User_VAR_800_3,3.75,2.0,481
512,Sys_VAR_ref_800_1,3.85,2.15,481
512,Sys_VAR_ref_800_2,1.85,1.92,481
512,Sys_VAR_ref_800_3,1.85,1.2,481
512,User_VAR_800_1,1.67,1.0,481
512,User_VAR_800_2,3.89,2.0,481
512,User_VAR_800_3,1.67,1.0,481
513,Sys_VAR_ref_800_1,1.85,2.4,481
513,Sys_VAR_ref_800_2,4.12,2.85,481
513,Sys_VAR_ref_800_3,1.85,2.4,481
513,User_VAR_800_1,3.75,2.0,481
513,User_VAR_800_2,3.33,2.0,481
513,User_VAR_800_3,3.75,2.0,481
514,Sys_VAR_ref_800_1,4.12,1.85,481
514,Sys_VAR_ref_800_2,3.15,1.85,481
514,Sys_VAR_ref_800_3,3.85,2.65,481
514,User_VAR_800_1,3.75,2.0,481
514,User_VAR_800_2,3.75,3.0,481
514,User_VAR_800_3,3.75,2.0,481
515,Sys_VAR_ref_800_1,4.65,2.85,481
515,Sys_VAR_ref_800_2,4.65,2.85,481
515,Sys_VAR_ref_800_3,4.65,3.82,481
515,User_VAR_800_1,4.38,3.0,481
515,User_VAR_800_2,5.0,3.0,481
515,User_VAR_800_3,5.0,3.0,481
516,Sys_VAR_ref_800_1,4.12,2.85,481
516,Sys_VAR_ref_800_2,3.65,1.82,481
516,Sys_VAR_ref_800_3,3.82,1.47,481
516,User_VAR_800_1,4.29,2.0,481
516,User_VAR_800_2,4.29,2.0,481
516,User_VAR_800_3,4.29,2.0,481
518,Sys_VAR_ref_800_1,0.12,0.85,481
518,Sys_VAR_ref_800_2,0.82,1.15,481
518,Sys_VAR_ref_800_3,0.85,1.2,481
518,User_VAR_800_1,0.56,1.0,481
518,User_VAR_800_2,0.56,1.0,481
518,User_VAR_800_3,0.0,1.0,481
519,Sys_VAR_ref_800_1,4.85,3.6,481
519,Sys_VAR_ref_800_2,4.85,3.62,481
519,Sys_VAR_ref_800_3,4.65,2.85,481
519,User_VAR_800_1,5.0,4.0,481
519,User_VAR_800_2,5.0,4.0,481
519,User_VAR_800_3,5.0,4.0,481
520,Sys_VAR_ref_800_1,3.85,2.15,488
520,Sys_VAR_ref_800_2,3.65,2.85,488
520,Sys_VAR_ref_800_3,2.85,2.1,488
520,User_VAR_800_1,4.29,2.0,488
520,User_VAR_800_2,5.0,2.0,488
520,User_VAR_800_3,5.0,2.0,488
522,Sys_VAR_ref_800_1,4.85,3.75,488
522,Sys_VAR_ref_800_2,4.85,3.72,488
522,Sys_VAR_ref_800_3,4.85,3.72,488
522,User_VAR_800_1,5.0,4.0,488
522,User_VAR_800_2,5.0,3.0,488
522,User_VAR_800_3,5.0,3.0,488
523,Sys_VAR_ref_800_1,4.85,3.65,488
523,Sys_VAR_ref_800_2,4.85,3.72,488
523,Sys_VAR_ref_800_3,4.25,3.85,488
523,User_VAR_800_1,4.38,4.0,488
523,User_VAR_800_2,5.0,4.0,488
523,User_VAR_800_3,5.0,4.0,488
524,Sys_VAR_ref_800_1,5.0,5.0,488
524,Sys_VAR_ref_800_2,5.0,5.0,488
524,Sys_VAR_ref_800_3,5.0,5.0,488
524,User_VAR_800_1,5.0,4.0,488
524,User_VAR_800_2,5.0,4.0,488
524,User_VAR_800_3,5.0,4.0,488
526,Sys_VAR_ref_800_1,1.85,1.2,488
526,Sys_VAR_ref_800_2,3.85,3.6,488
526,Sys_VAR_ref_800_3,1.85,2.1,488
526,User_VAR_800_1,5.0,1.0,488
526,User_VAR_800_2,2.86,2.0,488
526,User_VAR_800_3,0.0,2.0,488
527,Sys_VAR_ref_800_1,2.85,3.62,488
527,Sys_VAR_ref_800_2,3.85,2.15,488
527,Sys_VAR_ref_800_3,3.85,2.9,488
527,User_VAR_800_1,4.38,3.0,488
527,User_VAR_800_2,0.0,4.0,488
527,User_VAR_800_3,5.0,3.0,488
528,Sys_VAR_ref_800_1,3.85,3.42,488
528,Sys_VAR_ref_800_2,2.15,3.42,488
528,Sys_VAR_ref_800_3,2.85,3.6,488
528,User_VAR_800_1,5.0,3.0,488
528,User_VAR_800_2,5.0,4.0,488
528,User_VAR_800_3,5.0,4.0,488
529,Sys_VAR_ref_800_1,4.15,2.85,488
529,Sys_VAR_ref_800_2,4.85,3.75,488
529,Sys_VAR_ref_800_3,4.65,2.85,488
529,User_VAR_800_1,5.0,3.0,488
529,User_VAR_800_2,5.0,2.0,488
529,User_VAR_800_3,5.0,3.0,488
530,Sys_VAR_ref_800_1,3.85,2.9,499
530,Sys_VAR_ref_800_2,1.85,2.9,499
530,Sys_VAR_ref_800_3,3.85,2.75,499
530,User_VAR_800_1,0.71,3.0,499
530,User_VAR_800_2,0.71,4.0,499
530,User_VAR_800_3,0.71,3.0,499
531,Sys_VAR_ref_800_1,3.85,3.6,499
531,Sys_VAR_ref_800_2,4.15,3.2,499
531,Sys_VAR_ref_800_3,4.12,1.85,499
531,User_VAR_800_1,3.89,3.0,499
531,User_VAR_800_2,3.89,3.0,499
531,User_VAR_800_3,3.89,4.0,499
532,Sys_VAR_ref_800_1,2.85,2.1,499
532,Sys_VAR_ref_800_2,1.85,3.2,499
532,Sys_VAR_ref_800_3,1.85,2.1,499
532,User_VAR_800_1,4.29,2.0,499
532,User_VAR_800_2,4.17,2.0,499
532,User_VAR_800_3,4.17,2.0,499
533,Sys_VAR_ref_800_1,0.0,0.0,499
533,Sys_VAR_ref_800_2,0.0,1.2,499
533,Sys_VAR_ref_800_3,0.0,1.0,499
533,User_VAR_800_1,0.0,2.0,499
533,User_VAR_800_2,0.0,2.0,499
533,User_VAR_800_3,0.0,1.0,499
535,Sys_VAR_ref_800_1,4.85,4.6,499
535,Sys_VAR_ref_800_2,4.85,3.65,499
535,Sys_VAR_ref_800_3,4.85,3.62,499
535,User_VAR_800_1,5.0,5.0,499
535,User_VAR_800_2,5.0,5.0,499
535,User_VAR_800_3,5.0,5.0,499
537,Sys_VAR_ref_800_1,3.85,2.15,499
537,Sys_VAR_ref_800_2,2.15,2.8,499
537,Sys_VAR_ref_800_3,4.12,2.35,499
537,User_VAR_800_1,5.0,3.0,499
537,User_VAR_800_2,3.12,2.0,499
537,User_VAR_800_3,3.12,4.0,499
538,Sys_VAR_ref_800_1,4.85,2.15,499
538,Sys_VAR_ref_800_2,4.85,1.2,499
538,Sys_VAR_ref_800_3,4.65,1.5,499
538,User_VAR_800_1,5.0,2.0,499
538,User_VAR_800_2,5.0,3.0,499
538,User_VAR_800_3,5.0,3.0,499
539,Sys_VAR_ref_800_1,4.85,2.6,499
539,Sys_VAR_ref_800_2,3.85,1.75,499
539,Sys_VAR_ref_800_3,4.85,4.2,499
539,User_VAR_800_1,5.0,4.0,499
539,User_VAR_800_2,5.0,3.0,499
539,User_VAR_800_3,5.0,3.0,499
540,Sys_VAR_ref_800_1,4.12,2.85,529
540,Sys_VAR_ref_800_2,4.12,3.65,529
540,Sys_VAR_ref_800_3,4.25,3.8,529
540,User_VAR_800_1,4.17,4.0,529
540,User_VAR_800_2,4.29,4.0,529
540,User_VAR_800_3,4.38,4.0,529
542,Sys_VAR_ref_800_1,4.65,2.85,529
542,Sys_VAR_ref_800_2,4.85,3.72,529
542,Sys_VAR_ref_800_3,4.85,3.2,529
542,User_VAR_800_1,4.38,4.0,529
542,User_VAR_800_2,4.38,3.0,529
542,User_VAR_800_3,4.38,3.0,529
543,Sys_VAR_ref_800_1,3.85,3.2,529
543,Sys_VAR_ref_800_2,4.62,3.85,529
543,Sys_VAR_ref_800_3,4.12,2.85,529
543,User_VAR_800_1,4.29,4.0,529
543,User_VAR_800_2,4.0,4.0,529
543,User_VAR_800_3,4.29,4.0,529
544,Sys_VAR_ref_800_1,1.25,1.1,529
544,Sys_VAR_ref_800_2,1.82,0.95,529
544,Sys_VAR_ref_800_3,1.25,0.85,529
544,User_VAR_800_1,1.67,1.0,529
544,User_VAR_800_2,1.67,1.0,529
544,User_VAR_800_3,1.67,1.0,529
545,Sys_VAR_ref_800_1,4.85,1.5,529
545,Sys_VAR_ref_800_2,4.12,1.5,529
545,Sys_VAR_ref_800_3,3.65,1.5,529
545,User_VAR_800_1,4.29,2.0,529
545,User_VAR_800_2,4.29,2.0,529
545,User_VAR_800_3,4.29,3.0,529
546,Sys_VAR_ref_800_1,4.85,1.5,529
546,Sys_VAR_ref_800_2,4.12,1.5,529
546,Sys_VAR_ref_800_3,4.15,1.5,529
546,User_VAR_800_1,4.29,2.0,529
546,User_VAR_800_2,4.29,3.0,529
546,User_VAR_800_3,4.29,2.0,529
548,Sys_VAR_ref_800_1,4.85,3.75,529
548,Sys_VAR_ref_800_2,4.25,3.85,529
548,Sys_VAR_ref_800_3,4.12,2.85,529
548,User_VAR_800_1,3.75,4.0,529
548,User_VAR_800_2,3.75,3.0,529
548,User_VAR_800_3,3.75,4.0,529
549,Sys_VAR_ref_800_1,4.12,2.85,529
549,Sys_VAR_ref_800_2,3.85,1.92,529
549,Sys_VAR_ref_800_3,4.12,1.5,529
549,User_VAR_800_1,4.29,2.0,529
549,User_VAR_800_2,4.17,1.0,529
549,User_VAR_800_3,4.29,2.0,529
550,Sys_VAR_ref_800_1,4.15,2.85,535
550,Sys_VAR_ref_800_2,4.25,2.85,535
550,Sys_VAR_ref_800_3,4.85,2.65,535
550,User_VAR_800_1,3.89,3.0,535
550,User_VAR_800_2,4.29,3.0,535
550,User_VAR_800_3,4.38,3.0,535
551,Sys_VAR_ref_800_1,3.65,2.85,535
551,Sys_VAR_ref_800_2,4.85,4.92,535
551,Sys_VAR_ref_800_3,4.65,4.2,535
551,User_VAR_800_1,4.17,4.0,535
551,User_VAR_800_2,4.29,5.0,535
551,User_VAR_800_3,4.29,4.0,535
552,Sys_VAR_ref_800_1,4.65,3.82,535
552,Sys_VAR_ref_800_2,4.85,3.65,535
552,Sys_VAR_ref_800_3,4.85,3.75,535
552,User_VAR_800_1,5.0,4.0,535
552,User_VAR_800_2,4.38,2.0,535
552,User_VAR_800_3,4.38,4.0,535
553,Sys_VAR_ref_800_1,4.65,3.85,535
553,Sys_VAR_ref_800_2,4.65,3.85,535
553,Sys_VAR_ref_800_3,4.65,3.85,535
553,User_VAR_800_1,4.44,4.0,535
553,User_VAR_800_2,4.44,4.0,535
553,User_VAR_800_3,4.44,4.0,535
554,Sys_VAR_ref_800_1,3.85,2.75,535
554,Sys_VAR_ref_800_2,3.85,2.15,535
554,Sys_VAR_ref_800_3,3.85,2.4,535
554,User_VAR_800_1,2.78,1.0,535
554,User_VAR_800_2,2.78,2.0,535
554,User_VAR_800_3,2.78,1.0,535
556,Sys_VAR_ref_800_1,3.82,2.75,535
556,Sys_VAR_ref_800_2,4.15,3.82,535
556,Sys_VAR_ref_800_3,4.12,3.85,535
556,User_VAR_800_1,4.29,4.0,535
556,User_VAR_800_2,4.17,4.0,535
556,User_VAR_800_3,4.29,4.0,535
557,Sys_VAR_ref_800_1,2.85,1.92,535
557,Sys_VAR_ref_800_2,3.45,2.15,535
557,Sys_VAR_ref_800_3,3.65,2.8,535
557,User_VAR_800_1,3.33,1.0,535
557,User_VAR_800_2,3.33,2.0,535
557,User_VAR_800_3,3.75,1.0,535
559,Sys_VAR_ref_800_1,4.15,3.85,535
559,Sys_VAR_ref_800_2,5.0,5.0,535
559,Sys_VAR_ref_800_3,4.65,3.85,535
559,User_VAR_800_1,4.44,5.0,535
559,User_VAR_800_2,3.89,5.0,535
559,User_VAR_800_3,3.33,5.0,535
560,Sys_VAR_ref_800_1,4.65,2.85,554
560,Sys_VAR_ref_800_2,3.85,1.2,554
560,Sys_VAR_ref_800_3,5.0,1.85,554
560,User_VAR_800_1,0.0,1.0,554
560,User_VAR_800_2,0.0,2.0,554
560,User_VAR_800_3,0.0,1.0,554
561,Sys_VAR_ref_800_1,4.85,2.15,554
561,Sys_VAR_ref_800_2,4.85,1.92,554
561,Sys_VAR_ref_800_3,4.15,1.85,554
561,User_VAR_800_1,0.0,2.0,554
561,User_VAR_800_2,0.0,2.0,554
561,User_VAR_800_3,0.0,2.0,554
562,Sys_VAR_ref_800_1,4.92,1.85,554
562,Sys_VAR_ref_800_2,4.92,1.85,554
562,Sys_VAR_ref_800_3,4.85,1.75,554
562,User_VAR_800_1,0.0,2.0,554
562,User_VAR_800_2,0.0,2.0,554
562,User_VAR_800_3,0.0,2.0,554
563,Sys_VAR_ref_800_1,4.85,2.65,554
563,Sys_VAR_ref_800_2,4.85,1.65,554
563,Sys_VAR_ref_800_3,4.85,1.65,554
563,User_VAR_800_1,0.0,2.0,554
563,User_VAR_800_2,0.0,2.0,554
563,User_VAR_800_3,0.0,2.0,554
564,Sys_VAR_ref_800_1,4.85,1.65,554
564,Sys_VAR_ref_800_2,4.85,1.65,554
564,Sys_VAR_ref_800_3,4.85,1.65,554
564,User_VAR_800_1,0.0,1.0,554
564,User_VAR_800_2,0.0,1.0,554
564,User_VAR_800_3,0.0,1.0,554
565,Sys_VAR_ref_800_1,4.85,3.62,554
565,Sys_VAR_ref_800_2,3.85,1.92,554
565,Sys_VAR_ref_800_3,4.85,2.15,554
565,User_VAR_800_1,0.0,2.0,554
565,User_VAR_800_2,0.0,2.0,554
565,User_VAR_800_3,0.0,4.0,554
566,Sys_VAR_ref_800_1,4.82,1.95,554
566,Sys_VAR_ref_800_2,4.2,1.8,554
566,Sys_VAR_ref_800_3,4.85,1.2,554
566,User_VAR_800_1,0.0,1.0,554
566,User_VAR_800_2,0.0,1.0,554
566,User_VAR_800_3,0.0,2.0,554
567,Sys_VAR_ref_800_1,4.85,3.62,554
567,Sys_VAR_ref_800_2,5.0,3.65,554
567,Sys_VAR_ref_800_3,4.85,3.62,554
567,User_VAR_800_1,0.0,4.0,554
567,User_VAR_800_2,0.0,3.0,554
567,User_VAR_800_3,0.0,4.0,554
570,Sys_VAR_ref_800_1,4.85,3.6,567
570,Sys_VAR_ref_800_2,4.65,3.2,567
570,Sys_VAR_ref_800_3,4.85,3.62,567
570,User_VAR_800_1,4.17,2.0,567
570,User_VAR_800_2,4.17,4.0,567
570,User_VAR_800_3,4.17,4.0,567
572,Sys_VAR_ref_800_1,2.15,1.85,567
572,Sys_VAR_ref_800_2,2.85,1.42,567
572,Sys_VAR_ref_800_3,3.85,2.1,567
572,User_VAR_800_1,5.0,2.0,567
572,User_VAR_800_2,3.12,2.0,567
572,User_VAR_800_3,5.0,2.0,567
573,Sys_VAR_ref_800_1,2.15,1.2,567
573,Sys_VAR_ref_800_2,2.85,2.6,567
573,Sys_VAR_ref_800_3,2.85,2.1,567
573,User_VAR_800_1,3.75,3.0,567
573,User_VAR_800_2,3.12,2.0,567
573,User_VAR_800_3,3.12,2.0,567
575,Sys_VAR_ref_800_1,4.85,4.2,567
575,Sys_VAR_ref_800_2,4.82,3.65,567
575,Sys_VAR_ref_800_3,4.82,4.65,567
575,User_VAR_800_1,5.0,4.0,567
575,User_VAR_800_2,5.0,4.0,567
575,User_VAR_800_3,5.0,4.0,567
576,Sys_VAR_ref_800_1,4.15,4.3,567
576,Sys_VAR_ref_800_2,4.85,4.2,567
576,Sys_VAR_ref_800_3,4.12,3.85,567
576,User_VAR_800_1,5.0,4.0,567
576,User_VAR_800_2,5.0,4.0,567
576,User_VAR_800_3,5.0,3.0,567
577,Sys_VAR_ref_800_1,4.65,2.85,567
577,Sys_VAR_ref_800_2,4.85,2.15,567
577,Sys_VAR_ref_800_3,4.65,2.85,567
577,User_VAR_800_1,5.0,2.0,567
577,User_VAR_800_2,5.0,2.0,567
577,User_VAR_800_3,5.0,2.0,567
578,Sys_VAR_ref_800_1,3.82,1.47,567
578,Sys_VAR_ref_800_2,4.85,1.2,567
578,Sys_VAR_ref_800_3,3.85,1.65,567
578,User_VAR_800_1,5.0,2.0,567
578,User_VAR_800_2,5.0,2.0,567
578,User_VAR_800_3,5.0,1.0,567
579,Sys_VAR_ref_800_1,4.85,1.92,567
579,Sys_VAR_ref_800_2,4.15,2.85,567
579,Sys_VAR_ref_800_3,4.25,2.85,567
579,User_VAR_800_1,4.38,3.0,567
579,User_VAR_800_2,4.38,3.0,567
579,User_VAR_800_3,4.38,3.0,567
581,Sys_VAR_ref_800_1,4.65,3.85,575
581,Sys_VAR_ref_800_2,4.15,3.85,575
581,Sys_VAR_ref_800_3,4.12,2.85,575
581,User_VAR_800_1,4.38,4.0,575
581,User_VAR_800_2,5.0,4.0,575
581,User_VAR_800_3,4.38,4.0,575
582,Sys_VAR_ref_800_1,1.85,1.2,575
582,Sys_VAR_ref_800_2,4.85,1.2,575
582,Sys_VAR_ref_800_3,4.12,1.85,575
582,User_VAR_800_1,4.29,1.0,575
582,User_VAR_800_2,2.14,1.0,575
582,User_VAR_800_3,5.0,1.0,575
583,Sys_VAR_ref_800_1,3.82,1.47,575
583,Sys_VAR_ref_800_2,3.85,1.92,575
583,Sys_VAR_ref_800_3,4.12,2.85,575
583,User_VAR_800_1,4.38,1.0,575
583,User_VAR_800_2,4.38,4.0,575
583,User_VAR_800_3,4.38,3.0,575
584,Sys_VAR_ref_800_1,4.65,2.85,575
584,Sys_VAR_ref_800_2,4.85,2.15,575
584,Sys_VAR_ref_800_3,4.85,3.62,575
584,User_VAR_800_1,5.0,4.0,575
584,User_VAR_800_2,5.0,4.0,575
584,User_VAR_800_3,5.0,4.0,575
585,Sys_VAR_ref_800_1,3.85,1.5,575
585,Sys_VAR_ref_800_2,4.12,1.5,575
585,Sys_VAR_ref_800_3,3.82,1.5,575
585,User_VAR_800_1,4.17,2.0,575
585,User_VAR_800_2,5.0,2.0,575
585,User_VAR_800_3,5.0,2.0,575
587,Sys_VAR_ref_800_1,4.85,1.5,575
587,Sys_VAR_ref_800_2,4.12,1.5,575
587,Sys_VAR_ref_800_3,4.65,1.5,575
587,User_VAR_800_1,5.0,3.0,575
587,User_VAR_800_2,5.0,2.0,575
587,User_VAR_800_3,5.0,3.0,575
588,Sys_VAR_ref_800_1,4.65,3.85,575
588,Sys_VAR_ref_800_2,4.85,3.75,575
588,Sys_VAR_ref_800_3,4.65,3.82,575
588,User_VAR_800_1,0.0,3.0,575
588,User_VAR_800_2,5.0,3.0,575
588,User_VAR_800_3,5.0,3.0,575
589,Sys_VAR_ref_800_1,4.25,1.5,575
589,Sys_VAR_ref_800_2,4.12,1.5,575
589,Sys_VAR_ref_800_3,4.85,1.5,575
589,User_VAR_800_1,5.0,2.0,575
589,User_VAR_800_2,5.0,2.0,575
589,User_VAR_800_3,5.0,2.0,575
591,Sys_VAR_ref_800_1,2.15,1.85,585
591,Sys_VAR_ref_800_2,0.85,1.2,585
591,Sys_VAR_ref_800_3,1.25,1.8,585
591,User_VAR_800_1,0.0,2.0,585
591,User_VAR_800_2,2.86,2.0,585
591,User_VAR_800_3,0.0,2.0,585
592,Sys_VAR_ref_800_1,0.15,1.2,585
592,Sys_VAR_ref_800_2,1.85,1.2,585
592,Sys_VAR_ref_800_3,0.12,0.85,585
592,User_VAR_800_1,3.75,2.0,585
592,User_VAR_800_2,0.0,1.0,585
592,User_VAR_800_3,0.0,2.0,585
593,Sys_VAR_ref_800_1,3.82,1.47,585
593,Sys_VAR_ref_800_2,2.85,1.5,585
593,Sys_VAR_ref_800_3,2.85,1.5,585
593,User_VAR_800_1,3.33,1.0,585
593,User_VAR_800_2,5.0,1.0,585
593,User_VAR_800_3,3.75,1.0,585
594,Sys_VAR_ref_800_1,1.85,2.1,585
594,Sys_VAR_ref_800_2,1.85,1.42,585
594,Sys_VAR_ref_800_3,1.25,1.8,585
594,User_VAR_800_1,1.43,1.0,585
594,User_VAR_800_2,1.43,1.0,585
594,User_VAR_800_3,1.67,2.0,585
595,Sys_VAR_ref_800_1,1.85,1.2,585
595,Sys_VAR_ref_800_2,0.85,1.2,585
595,Sys_VAR_ref_800_3,1.85,1.2,585
595,User_VAR_800_1,3.75,1.0,585
595,User_VAR_800_2,3.75,1.0,585
595,User_VAR_800_3,2.14,1.0,585
596,Sys_VAR_ref_800_1,1.85,2.1,585
596,Sys_VAR_ref_800_2,0.85,1.2,585
596,Sys_VAR_ref_800_3,1.15,1.82,585
596,User_VAR_800_1,1.43,2.0,585
596,User_VAR_800_2,1.43,2.0,585
596,User_VAR_800_3,1.43,1.0,585
597,Sys_VAR_ref_800_1,0.0,1.25,585
597,Sys_VAR_ref_800_2,0.0,1.25,585
597,Sys_VAR_ref_800_3,0.0,1.25,585
597,User_VAR_800_1,0.0,1.0,585
597,User_VAR_800_2,0.0,1.0,585
597,User_VAR_800_3,0.0,1.0,585
598,Sys_VAR_ref_800_1,4.12,2.85,585
598,Sys_VAR_ref_800_2,4.85,2.15,585
598,Sys_VAR_ref_800_3,3.45,2.15,585
598,User_VAR_800_1,4.0,3.0,585
598,User_VAR_800_2,4.17,3.0,585
598,User_VAR_800_3,4.17,3.0,585
600,Sys_VAR_ref_800_1,4.12,2.85,590
600,Sys_VAR_ref_800_2,4.85,2.15,590
600,Sys_VAR_ref_800_3,4.85,3.2,590
600,User_VAR_800_1,5.0,3.0,590
600,User_VAR_800_2,5.0,3.0,590
600,User_VAR_800_3,5.0,3.0,590
602,Sys_VAR_ref_800_1,4.12,2.85,590
602,Sys_VAR_ref_800_2,4.25,3.85,590
602,Sys_VAR_ref_800_3,4.85,2.75,590
602,User_VAR_800_1,4.0,3.0,590
602,User_VAR_800_2,4.0,3.0,590
602,User_VAR_800_3,4.0,3.0,590
604,Sys_VAR_ref_800_1,4.12,2.85,590
604,Sys_VAR_ref_800_2,4.82,3.65,590
604,Sys_VAR_ref_800_3,3.45,2.85,590
604,User_VAR_800_1,5.0,3.0,590
604,User_VAR_800_2,4.0,3.0,590
604,User_VAR_800_3,4.0,3.0,590
605,Sys_VAR_ref_800_1,4.85,3.2,590
605,Sys_VAR_ref_800_2,2.85,3.42,590
605,Sys_VAR_ref_800_3,4.35,2.85,590
605,User_VAR_800_1,5.0,4.0,590
605,User_VAR_800_2,5.0,3.0,590
605,User_VAR_800_3,5.0,4.0,590
606,Sys_VAR_ref_800_1,4.12,1.5,590
606,Sys_VAR_ref_800_2,4.62,2.85,590
606,Sys_VAR_ref_800_3,4.65,2.85,590
606,User_VAR_800_1,4.29,3.0,590
606,User_VAR_800_2,4.29,3.0,590
606,User_VAR_800_3,5.0,3.0,590
607,Sys_VAR_ref_800_1,2.85,1.92,590
607,Sys_VAR_ref_800_2,3.42,1.85,590
607,Sys_VAR_ref_800_3,4.15,2.85,590
607,User_VAR_800_1,4.0,2.0,590
607,User_VAR_800_2,4.0,2.0,590
607,User_VAR_800_3,4.0,2.0,590
608,Sys_VAR_ref_800_1,0.85,1.2,590
608,Sys_VAR_ref_800_2,0.15,0.85,590
608,Sys_VAR_ref_800_3,0.85,1.2,590
608,User_VAR_800_1,0.0,1.0,590
608,User_VAR_800_2,0.0,1.0,590
608,User_VAR_800_3,0.0,1.0,590
609,Sys_VAR_ref_800_1,4.65,3.85,590
609,Sys_VAR_ref_800_2,4.85,3.72,590
609,Sys_VAR_ref_800_3,3.85,2.15,590
609,User_VAR_800_1,5.0,3.0,590
609,User_VAR_800_2,5.0,3.0,590
609,User_VAR_800_3,3.75,4.0,590
611,Sys_VAR_ref_800_1,4.35,3.82,605
611,Sys_VAR_ref_800_2,4.25,3.65,605
611,Sys_VAR_ref_800_3,4.25,3.85,605
611,User_VAR_800_1,4.38,4.0,605
611,User_VAR_800_2,4.38,4.0,605
611,User_VAR_800_3,4.38,4.0,605
612,Sys_VAR_ref_800_1,4.85,3.92,605
612,Sys_VAR_ref_800_2,4.85,4.2,605
612,Sys_VAR_ref_800_3,4.25,3.85,605
612,User_VAR_800_1,3.57,4.0,605
612,User_VAR_800_2,3.57,4.0,605
612,User_VAR_800_3,3.57,4.0,605
613,Sys_VAR_ref_800_1,4.25,3.6,605
613,Sys_VAR_ref_800_2,4.65,3.85,605
613,Sys_VAR_ref_800_3,4.85,3.72,605
613,User_VAR_800_1,4.29,2.0,605
613,User_VAR_800_2,4.29,4.0,605
613,User_VAR_800_3,4.38,3.0,605
615,Sys_VAR_ref_800_1,4.12,2.35,605
615,Sys_VAR_ref_800_2,1.85,1.2,605
615,Sys_VAR_ref_800_3,1.85,1.65,605
615,User_VAR_800_1,2.5,2.0,605
615,User_VAR_800_2,0.71,1.0,605
615,User_VAR_800_3,0.71,1.0,605
616,Sys_VAR_ref_800_1,4.85,2.15,605
616,Sys_VAR_ref_800_2,4.65,2.75,605
616,Sys_VAR_ref_800_3,4.85,3.75,605
616,User_VAR_800_1,5.0,3.0,605
616,User_VAR_800_2,5.0,4.0,605
616,User_VAR_800_3,5.0,4.0,605
617,Sys_VAR_ref_800_1,4.12,3.85,605
617,Sys_VAR_ref_800_2,2.85,1.92,605
617,Sys_VAR_ref_800_3,3.42,2.15,605
617,User_VAR_800_1,3.57,1.0,605
617,User_VAR_800_2,4.29,2.0,605
617,User_VAR_800_3,3.75,3.0,605
618,Sys_VAR_ref_800_1,4.65,2.85,605
618,Sys_VAR_ref_800_2,4.65,2.85,605
618,Sys_VAR_ref_800_3,4.65,3.82,605
618,User_VAR_800_1,4.38,4.0,605
618,User_VAR_800_2,4.29,4.0,605
618,User_VAR_800_3,5.0,3.0,605
619,Sys_VAR_ref_800_1,0.15,2.85,605
619,Sys_VAR_ref_800_2,1.25,2.85,605
619,Sys_VAR_ref_800_3,1.25,2.85,605
619,User_VAR_800_1,1.88,3.0,605
619,User_VAR_800_2,1.88,3.0,605
619,User_VAR_800_3,1.88,1.0,605
620,Sys_VAR_ref_800_1,4.85,3.75,606
620,Sys_VAR_ref_800_2,4.82,1.65,606
620,Sys_VAR_ref_800_3,4.85,3.6,606
620,User_VAR_800_1,5.0,3.0,606
620,User_VAR_800_2,5.0,3.0,606
620,User_VAR_800_3,5.0,3.0,606
621,Sys_VAR_ref_800_1,4.65,3.82,606
621,Sys_VAR_ref_800_2,4.15,2.85,606
621,Sys_VAR_ref_800_3,2.85,1.92,606
621,User_VAR_800_1,4.17,4.0,606
621,User_VAR_800_2,4.44,4.0,606
621,User_VAR_800_3,4.44,3.0,606
622,Sys_VAR_ref_800_1,4.15,1.85,606
622,Sys_VAR_ref_800_2,4.15,2.85,606
622,Sys_VAR_ref_800_3,4.85,3.8,606
622,User_VAR_800_1,5.0,4.0,606
622,User_VAR_800_2,4.44,4.0,606
622,User_VAR_800_3,5.0,2.0,606
624,Sys_VAR_ref_800_1,3.85,2.15,606
624,Sys_VAR_ref_800_2,1.85,2.4,606
624,Sys_VAR_ref_800_3,3.85,2.4,606
624,User_VAR_800_1,3.89,3.0,606
624,User_VAR_800_2,3.89,2.0,606
624,User_VAR_800_3,3.89,2.0,606
625,Sys_VAR_ref_800_1,0.0,1.25,606
625,Sys_VAR_ref_800_2,0.0,1.2,606
625,Sys_VAR_ref_800_3,0.0,1.2,606
625,User_VAR_800_1,0.0,1.0,606
625,User_VAR_800_2,0.0,1.0,606
625,User_VAR_800_3,0.0,1.0,606
626,Sys_VAR_ref_800_1,4.85,2.15,606
626,Sys_VAR_ref_800_2,4.85,3.75,606
626,Sys_VAR_ref_800_3,4.85,3.75,606
626,User_VAR_800_1,5.0,2.0,606
626,User_VAR_800_2,5.0,4.0,606
626,User_VAR_800_3,5.0,4.0,606
627,Sys_VAR_ref_800_1,1.85,2.4,606
627,Sys_VAR_ref_800_2,2.15,1.5,606
627,Sys_VAR_ref_800_3,1.85,2.1,606
627,User_VAR_800_1,4.17,2.0,606
627,User_VAR_800_2,4.17,2.0,606
627,User_VAR_800_3,3.75,1.0,606
629,Sys_VAR_ref_800_1,2.85,1.9,606
629,Sys_VAR_ref_800_2,2.85,1.92,606
629,Sys_VAR_ref_800_3,2.85,1.92,606
629,User_VAR_800_1,3.33,2.0,606
629,User_VAR_800_2,3.33,2.0,606
629,User_VAR_800_3,3.75,2.0,606
630,Sys_VAR_ref_800_1,3.85,2.65,626
630,Sys_VAR_ref_800_2,3.82,2.15,626
630,Sys_VAR_ref_800_3,3.42,2.85,626
630,User_VAR_800_1,5.0,3.0,626
630,User_VAR_800_2,5.0,3.0,626
630,User_VAR_800_3,5.0,4.0,626
631,Sys_VAR_ref_800_1,4.65,2.15,626
631,Sys_VAR_ref_800_2,4.65,3.85,626
631,Sys_VAR_ref_800_3,4.65,2.85,626
631,User_VAR_800_1,3.75,4.0,626
631,User_VAR_800_2,5.0,4.0,626
631,User_VAR_800_3,3.75,4.0,626
633,Sys_VAR_ref_800_1,2.85,1.65,626
633,Sys_VAR_ref_800_2,4.85,3.75,626
633,Sys_VAR_ref_800_3,1.85,1.2,626
633,User_VAR_800_1,1.88,3.0,626
633,User_VAR_800_2,3.12,3.0,626
633,User_VAR_800_3,5.0,3.0,626
634,Sys_VAR_ref_800_1,4.92,1.85,626
634,Sys_VAR_ref_800_2,4.85,2.15,626
634,Sys_VAR_ref_800_3,4.85,1.2,626
634,User_VAR_800_1,4.38,2.0,626
634,User_VAR_800_2,5.0,2.0,626
634,User_VAR_800_3,5.0,2.0,626
635,Sys_VAR_ref_800_1,1.25,1.15,626
635,Sys_VAR_ref_800_2,1.85,1.92,626
635,Sys_VAR_ref_800_3,1.85,2.4,626
635,User_VAR_800_1,5.0,2.0,626
635,User_VAR_800_2,0.62,2.0,626
635,User_VAR_800_3,5.0,2.0,626
636,Sys_VAR_ref_800_1,4.85,3.65,626
636,Sys_VAR_ref_800_2,4.85,3.62,626
636,Sys_VAR_ref_800_3,4.85,3.6,626
636,User_VAR_800_1,5.0,4.0,626
636,User_VAR_800_2,5.0,4.0,626
636,User_VAR_800_3,5.0,4.0,626
637,Sys_VAR_ref_800_1,2.85,2.4,626
637,Sys_VAR_ref_800_2,2.85,1.92,626
637,Sys_VAR_ref_800_3,2.85,2.4,626
637,User_VAR_800_1,5.0,3.0,626
637,User_VAR_800_2,3.75,2.0,626
637,User_VAR_800_3,5.0,3.0,626
639,Sys_VAR_ref_800_1,4.85,3.72,626
639,Sys_VAR_ref_800_2,4.65,3.85,626
639,Sys_VAR_ref_800_3,4.65,3.82,626
639,User_VAR_800_1,5.0,4.0,626
639,User_VAR_800_2,5.0,4.0,626
639,User_VAR_800_3,5.0,4.0,626
641,Sys_VAR_ref_800_1,2.85,1.92,632
641,Sys_VAR_ref_800_2,2.15,2.85,632
641,Sys_VAR_ref_800_3,2.85,1.65,632
641,User_VAR_800_1,3.75,2.0,632
641,User_VAR_800_2,4.38,2.0,632
641,User_VAR_800_3,2.5,2.0,632
642,Sys_VAR_ref_800_1,4.85,3.65,632
642,Sys_VAR_ref_800_2,4.25,2.85,632
642,Sys_VAR_ref_800_3,4.65,3.85,632
642,User_VAR_800_1,5.0,4.0,632
642,User_VAR_800_2,5.0,4.0,632
642,User_VAR_800_3,4.38,4.0,632
643,Sys_VAR_ref_800_1,2.85,1.42,632
643,Sys_VAR_ref_800_2,0.0,1.85,632
643,Sys_VAR_ref_800_3,0.15,1.85,632
643,User_VAR_800_1,0.0,1.0,632
643,User_VAR_800_2,0.0,2.0,632
643,User_VAR_800_3,0.0,1.0,632
644,Sys_VAR_ref_800_1,2.85,2.15,632
644,Sys_VAR_ref_800_2,1.85,1.2,632
644,Sys_VAR_ref_800_3,0.85,1.2,632
644,User_VAR_800_1,0.71,2.0,632
644,User_VAR_800_2,0.71,2.0,632
644,User_VAR_800_3,2.86,1.0,632
646,Sys_VAR_ref_800_1,4.85,2.9,632
646,Sys_VAR_ref_800_2,4.85,3.72,632
646,Sys_VAR_ref_800_3,4.85,3.75,632
646,User_VAR_800_1,4.38,2.0,632
646,User_VAR_800_2,4.38,3.0,632
646,User_VAR_800_3,4.38,3.0,632
647,Sys_VAR_ref_800_1,4.85,2.75,632
647,Sys_VAR_ref_800_2,4.13,2.85,632
647,Sys_VAR_ref_800_3,4.15,3.85,632
647,User_VAR_800_1,4.38,2.0,632
647,User_VAR_800_2,4.38,4.0,632
647,User_VAR_800_3,5.0,4.0,632
648,Sys_VAR_ref_800_1,4.65,3.82,632
648,Sys_VAR_ref_800_2,4.85,3.75,632
648,Sys_VAR_ref_800_3,4.85,3.65,632
648,User_VAR_800_1,5.0,4.0,632
648,User_VAR_800_2,5.0,4.0,632
648,User_VAR_800_3,4.29,4.0,632
649,Sys_VAR_ref_800_1,4.85,3.6,632
649,Sys_VAR_ref_800_2,3.42,2.15,632
649,Sys_VAR_ref_800_3,4.65,2.85,632
649,User_VAR_800_1,5.0,2.0,632
649,User_VAR_800_2,5.0,3.0,632
649,User_VAR_800_3,5.0,2.0,632
650,Sys_VAR_ref_800_1,1.85,1.2,633
650,Sys_VAR_ref_800_2,4.25,1.85,633
650,Sys_VAR_ref_800_3,1.85,1.2,633
650,User_VAR_800_1,4.38,1.0,633
650,User_VAR_800_2,1.67,1.0,633
650,User_VAR_800_3,1.25,1.0,633
651,Sys_VAR_ref_800_1,2.85,2.1,633
651,Sys_VAR_ref_800_2,3.85,1.92,633
651,Sys_VAR_ref_800_3,2.85,1.65,633
651,User_VAR_800_1,3.33,2.0,633
651,User_VAR_800_2,5.0,2.0,633
651,User_VAR_800_3,3.33,3.0,633
654,Sys_VAR_ref_800_1,4.85,1.2,633
654,Sys_VAR_ref_800_2,2.85,1.65,633
654,Sys_VAR_ref_800_3,4.12,1.85,633
654,User_VAR_800_1,3.75,2.0,633
654,User_VAR_800_2,5.0,2.0,633
654,User_VAR_800_3,5.0,2.0,633
655,Sys_VAR_ref_800_1,4.85,1.65,633
655,Sys_VAR_ref_800_2,4.85,3.2,633
655,Sys_VAR_ref_800_3,4.85,3.2,633
655,User_VAR_800_1,5.0,4.0,633
655,User_VAR_800_2,5.0,3.0,633
655,User_VAR_800_3,5.0,4.0,633
656,Sys_VAR_ref_800_1,3.85,3.6,633
656,Sys_VAR_ref_800_2,3.85,3.62,633
656,Sys_VAR_ref_800_3,2.35,3.82,633
656,User_VAR_800_1,2.78,4.0,633
656,User_VAR_800_2,2.78,3.0,633
656,User_VAR_800_3,2.78,3.0,633
657,Sys_VAR_ref_800_1,3.85,1.65,633
657,Sys_VAR_ref_800_2,4.12,2.85,633
657,Sys_VAR_ref_800_3,3.45,1.85,633
657,User_VAR_800_1,3.33,4.0,633
657,User_VAR_800_2,3.89,2.0,633
657,User_VAR_800_3,3.33,2.0,633
658,Sys_VAR_ref_800_1,4.12,2.85,633
658,Sys_VAR_ref_800_2,4.65,3.85,633
658,Sys_VAR_ref_800_3,4.25,3.85,633
658,User_VAR_800_1,5.0,3.0,633
658,User_VAR_800_2,4.17,3.0,633
658,User_VAR_800_3,5.0,4.0,633
659,Sys_VAR_ref_800_1,4.65,3.82,633
659,Sys_VAR_ref_800_2,4.65,3.82,633
659,Sys_VAR_ref_800_3,4.85,3.92,633
659,User_VAR_800_1,4.38,4.0,633
659,User_VAR_800_2,5.0,4.0,633
659,User_VAR_800_3,4.38,4.0,633
660,Sys_VAR_ref_800_1,1.15,1.5,634
660,Sys_VAR_ref_800_2,1.85,1.5,634
660,Sys_VAR_ref_800_3,1.25,1.5,634
660,User_VAR_800_1,0.56,2.0,634
660,User_VAR_800_2,0.56,1.0,634
660,User_VAR_800_3,0.56,1.0,634
661,Sys_VAR_ref_800_1,3.85,1.5,634
661,Sys_VAR_ref_800_2,3.85,2.75,634
661,Sys_VAR_ref_800_3,4.12,2.85,634
661,User_VAR_800_1,3.12,2.0,634
661,User_VAR_800_2,3.12,2.0,634
661,User_VAR_800_3,3.12,2.0,634
662,Sys_VAR_ref_800_1,4.65,3.82,634
662,Sys_VAR_ref_800_2,4.15,2.85,634
662,Sys_VAR_ref_800_3,2.85,1.65,634
662,User_VAR_800_1,2.14,2.0,634
662,User_VAR_800_2,5.0,2.0,634
662,User_VAR_800_3,5.0,2.0,634
663,Sys_VAR_ref_800_1,0.85,2.15,634
663,Sys_VAR_ref_800_2,1.85,3.42,634
663,Sys_VAR_ref_800_3,0.85,2.65,634
663,User_VAR_800_1,0.0,2.0,634
663,User_VAR_800_2,0.0,2.0,634
663,User_VAR_800_3,0.0,2.0,634
664,Sys_VAR_ref_800_1,1.85,2.1,634
664,Sys_VAR_ref_800_2,4.85,3.62,634
664,Sys_VAR_ref_800_3,1.85,1.2,634
664,User_VAR_800_1,5.0,4.0,634
664,User_VAR_800_2,2.5,2.0,634
664,User_VAR_800_3,1.11,2.0,634
665,Sys_VAR_ref_800_1,4.12,2.85,634
665,Sys_VAR_ref_800_2,4.85,3.92,634
665,Sys_VAR_ref_800_3,4.85,3.62,634
665,User_VAR_800_1,3.75,4.0,634
665,User_VAR_800_2,4.0,4.0,634
665,User_VAR_800_3,3.0,4.0,634
666,Sys_VAR_ref_800_1,2.85,1.65,634
666,Sys_VAR_ref_800_2,2.15,2.8,634
666,Sys_VAR_ref_800_3,1.85,2.4,634
666,User_VAR_800_1,1.67,1.0,634
666,User_VAR_800_2,1.88,1.0,634
666,User_VAR_800_3,1.88,1.0,634
667,Sys_VAR_ref_800_1,3.85,2.15,634
667,Sys_VAR_ref_800_2,4.12,2.85,634
667,Sys_VAR_ref_800_3,3.82,2.15,634
667,User_VAR_800_1,2.5,2.0,634
667,User_VAR_800_2,3.0,2.0,634
667,User_VAR_800_3,3.0,2.0,634
672,Sys_VAR_ref_800_1,4.65,3.85,645
672,Sys_VAR_ref_800_2,4.65,3.85,645
672,Sys_VAR_ref_800_3,4.65,2.85,645
672,User_VAR_800_1,4.29,3.0,645
672,User_VAR_800_2,4.38,2.0,645
672,User_VAR_800_3,4.29,4.0,645
673,Sys_VAR_ref_800_1,4.65,1.5,645
673,Sys_VAR_ref_800_2,4.85,1.5,645
673,Sys_VAR_ref_800_3,4.15,1.5,645
673,User_VAR_800_1,4.38,3.0,645
673,User_VAR_800_2,4.38,3.0,645
673,User_VAR_800_3,5.0,2.0,645
674,Sys_VAR_ref_800_1,4.35,1.5,645
674,Sys_VAR_ref_800_2,4.85,1.5,645
674,Sys_VAR_ref_800_3,4.65,1.5,645
674,User_VAR_800_1,5.0,2.0,645
674,User_VAR_800_2,5.0,2.0,645
674,User_VAR_800_3,5.0,2.0,645
675,Sys_VAR_ref_800_1,4.35,1.5,645
675,Sys_VAR_ref_800_2,3.42,1.5,645
675,Sys_VAR_ref_800_3,3.85,1.5,645
675,User_VAR_800_1,5.0,2.0,645
675,User_VAR_800_2,5.0,2.0,645
675,User_VAR_800_3,5.0,3.0,645
676,Sys_VAR_ref_800_1,2.85,1.5,645
676,Sys_VAR_ref_800_2,4.65,1.5,645
676,Sys_VAR_ref_800_3,3.85,1.5,645
676,User_VAR_800_1,4.29,2.0,645
676,User_VAR_800_2,0.0,2.0,645
676,User_VAR_800_3,0.0,2.0,645
677,Sys_VAR_ref_800_1,4.15,1.5,645
677,Sys_VAR_ref_800_2,4.15,1.5,645
677,Sys_VAR_ref_800_3,4.15,1.5,645
677,User_VAR_800_1,4.38,2.0,645
677,User_VAR_800_2,3.89,2.0,645
677,User_VAR_800_3,3.89,3.0,645
678,Sys_VAR_ref_800_1,2.85,3.62,645
678,Sys_VAR_ref_800_2,2.85,3.6,645
678,Sys_VAR_ref_800_3,2.85,4.12,645
678,User_VAR_800_1,3.75,4.0,645
678,User_VAR_800_2,3.75,4.0,645
678,User_VAR_800_3,3.12,2.0,645
679,Sys_VAR_ref_800_1,4.65,1.5,645
679,Sys_VAR_ref_800_2,4.15,1.5,645
679,Sys_VAR_ref_800_3,4.65,1.5,645
679,User_VAR_800_1,5.0,2.0,645
679,User_VAR_800_2,5.0,2.0,645
679,User_VAR_800_3,5.0,2.0,645
681,Sys_VAR_ref_800_1,4.85,3.6,654
681,Sys_VAR_ref_800_2,4.85,3.2,654
681,Sys_VAR_ref_800_3,4.65,2.85,654
681,User_VAR_800_1,4.38,4.0,654
681,User_VAR_800_2,5.0,3.0,654
681,User_VAR_800_3,4.38,3.0,654
682,Sys_VAR_ref_800_1,2.85,2.4,654
682,Sys_VAR_ref_800_2,3.85,3.42,654
682,Sys_VAR_ref_800_3,3.85,3.2,654
682,User_VAR_800_1,5.0,2.0,654
682,User_VAR_800_2,4.29,2.0,654
682,User_VAR_800_3,5.0,2.0,654
683,Sys_VAR_ref_800_1,4.65,2.85,654
683,Sys_VAR_ref_800_2,4.85,3.62,654
683,Sys_VAR_ref_800_3,4.85,2.15,654
683,User_VAR_800_1,5.0,3.0,654
683,User_VAR_800_2,5.0,3.0,654
683,User_VAR_800_3,5.0,3.0,654
685,Sys_VAR_ref_800_1,4.65,2.15,654
685,Sys_VAR_ref_800_2,4.65,2.85,654
685,Sys_VAR_ref_800_3,4.65,2.15,654
685,User_VAR_800_1,5.0,3.0,654
685,User_VAR_800_2,5.0,3.0,654
685,User_VAR_800_3,4.38,3.0,654
686,Sys_VAR_ref_800_1,4.12,2.85,654
686,Sys_VAR_ref_800_2,1.85,2.15,654
686,Sys_VAR_ref_800_3,4.85,2.15,654
686,User_VAR_800_1,1.43,2.0,654
686,User_VAR_800_2,1.43,2.0,654
686,User_VAR_800_3,1.43,2.0,654
687,Sys_VAR_ref_800_1,4.85,2.15,654
687,Sys_VAR_ref_800_2,4.65,2.85,654
687,Sys_VAR_ref_800_3,4.65,2.85,654
687,User_VAR_800_1,5.0,3.0,654
687,User_VAR_800_2,5.0,2.0,654
687,User_VAR_800_3,5.0,3.0,654
688,Sys_VAR_ref_800_1,4.85,3.2,654
688,Sys_VAR_ref_800_2,4.85,3.72,654
688,Sys_VAR_ref_800_3,4.85,3.6,654
688,User_VAR_800_1,5.0,5.0,654
688,User_VAR_800_2,5.0,4.0,654
688,User_VAR_800_3,5.0,5.0,654
689,Sys_VAR_ref_800_1,4.85,2.35,654
689,Sys_VAR_ref_800_2,4.85,3.72,654
689,Sys_VAR_ref_800_3,4.85,2.65,654
689,User_VAR_800_1,5.0,4.0,654
689,User_VAR_800_2,5.0,3.0,654
689,User_VAR_800_3,5.0,4.0,654
690,Sys_VAR_ref_800_1,1.85,2.4,679
690,Sys_VAR_ref_800_2,2.85,1.92,679
690,Sys_VAR_ref_800_3,1.84,2.65,679
690,User_VAR_800_1,2.86,2.0,679
690,User_VAR_800_2,2.14,3.0,679
690,User_VAR_800_3,2.14,2.0,679
691,Sys_VAR_ref_800_1,4.65,3.85,679
691,Sys_VAR_ref_800_2,4.12,3.65,679
691,Sys_VAR_ref_800_3,4.65,3.2,679
691,User_VAR_800_1,4.29,4.0,679
691,User_VAR_800_2,4.29,4.0,679
691,User_VAR_800_3,4.29,3.0,679
692,Sys_VAR_ref_800_1,4.85,3.72,679
692,Sys_VAR_ref_800_2,4.85,4.72,679
692,Sys_VAR_ref_800_3,4.85,3.6,679
692,User_VAR_800_1,3.33,4.0,679
692,User_VAR_800_2,3.57,4.0,679
692,User_VAR_800_3,3.57,4.0,679
693,Sys_VAR_ref_800_1,4.85,3.6,679
693,Sys_VAR_ref_800_2,4.85,3.72,679
693,Sys_VAR_ref_800_3,4.85,3.72,679
693,User_VAR_800_1,2.86,3.0,679
693,User_VAR_800_2,3.57,4.0,679
693,User_VAR_800_3,2.86,3.0,679
694,Sys_VAR_ref_800_1,4.12,3.65,679
694,Sys_VAR_ref_800_2,4.85,4.92,679
694,Sys_VAR_ref_800_3,4.85,4.92,679
694,User_VAR_800_1,4.29,3.0,679
694,User_VAR_800_2,4.29,5.0,679
694,User_VAR_800_3,4.29,3.0,679
696,Sys_VAR_ref_800_1,4.85,3.65,679
696,Sys_VAR_ref_800_2,4.85,3.65,679
696,Sys_VAR_ref_800_3,4.65,3.85,679
696,User_VAR_800_1,5.0,4.0,679
696,User_VAR_800_2,4.38,4.0,679
696,User_VAR_800_3,4.38,4.0,679
697,Sys_VAR_ref_800_1,4.12,3.65,679
697,Sys_VAR_ref_800_2,4.85,3.2,679
697,Sys_VAR_ref_800_3,4.12,2.85,679
697,User_VAR_800_1,4.29,4.0,679
697,User_VAR_800_2,4.17,4.0,679
697,User_VAR_800_3,3.57,4.0,679
698,Sys_VAR_ref_800_1,3.85,2.15,679
698,Sys_VAR_ref_800_2,3.85,2.15,679
698,Sys_VAR_ref_800_3,3.45,2.85,679
698,User_VAR_800_1,3.12,4.0,679
698,User_VAR_800_2,3.12,4.0,679
698,User_VAR_800_3,3.12,3.0,679
701,Sys_VAR_ref_800_1,4.85,3.72,687
701,Sys_VAR_ref_800_2,4.85,4.2,687
701,Sys_VAR_ref_800_3,4.85,3.72,687
701,User_VAR_800_1,5.0,4.0,687
701,User_VAR_800_2,5.0,4.0,687
701,User_VAR_800_3,5.0,4.0,687
702,Sys_VAR_ref_800_1,4.35,3.82,687
702,Sys_VAR_ref_800_2,4.85,2.15,687
702,Sys_VAR_ref_800_3,4.85,3.72,687
702,User_VAR_800_1,5.0,4.0,687
702,User_VAR_800_2,5.0,3.0,687
702,User_VAR_800_3,5.0,4.0,687
703,Sys_VAR_ref_800_1,4.12,3.65,687
703,Sys_VAR_ref_800_2,4.75,4.2,687
703,Sys_VAR_ref_800_3,4.85,4.62,687
703,User_VAR_800_1,5.0,5.0,687
703,User_VAR_800_2,5.0,5.0,687
703,User_VAR_800_3,5.0,5.0,687
705,Sys_VAR_ref_800_1,4.85,3.75,687
705,Sys_VAR_ref_800_2,3.82,2.65,687
705,Sys_VAR_ref_800_3,3.85,2.75,687
705,User_VAR_800_1,5.0,3.0,687
705,User_VAR_800_2,3.75,5.0,687
705,User_VAR_800_3,5.0,5.0,687
706,Sys_VAR_ref_800_1,4.12,2.85,687
706,Sys_VAR_ref_800_2,4.85,3.2,687
706,Sys_VAR_ref_800_3,4.85,3.2,687
706,User_VAR_800_1,5.0,4.0,687
706,User_VAR_800_2,5.0,4.0,687
706,User_VAR_800_3,5.0,3.0,687
707,Sys_VAR_ref_800_1,4.85,3.75,687
707,Sys_VAR_ref_800_2,5.0,5.0,687
707,Sys_VAR_ref_800_3,5.0,5.0,687
707,User_VAR_800_1,5.0,4.0,687
707,User_VAR_800_2,5.0,4.0,687
707,User_VAR_800_3,5.0,4.0,687
708,Sys_VAR_ref_800_1,4.85,2.1,687
708,Sys_VAR_ref_800_2,4.12,2.85,687
708,Sys_VAR_ref_800_3,4.12,2.85,687
708,User_VAR_800_1,5.0,4.0,687
708,User_VAR_800_2,5.0,3.0,687
708,User_VAR_800_3,5.0,4.0,687
709,Sys_VAR_ref_800_1,4.85,4.2,687
709,Sys_VAR_ref_800_2,3.85,2.4,687
709,Sys_VAR_ref_800_3,4.85,3.6,687
709,User_VAR_800_1,5.0,5.0,687
709,User_VAR_800_2,3.0,2.0,687
709,User_VAR_800_3,5.0,5.0,687
711,Sys_VAR_ref_800_1,4.85,3.75,730
711,Sys_VAR_ref_800_2,4.65,3.82,730
711,Sys_VAR_ref_800_3,4.15,3.85,730
711,User_VAR_800_1,3.33,4.0,730
711,User_VAR_800_2,4.44,3.0,730
711,User_VAR_800_3,3.33,3.0,730
712,Sys_VAR_ref_800_1,4.85,2.15,730
712,Sys_VAR_ref_800_2,4.85,3.62,730
712,Sys_VAR_ref_800_3,4.65,2.85,730
712,User_VAR_800_1,5.0,4.0,730
712,User_VAR_800_2,0.0,4.0,730
712,User_VAR_800_3,5.0,4.0,730
713,Sys_VAR_ref_800_1,4.85,3.2,730
713,Sys_VAR_ref_800_2,4.85,3.72,730
713,Sys_VAR_ref_800_3,4.85,2.15,730
713,User_VAR_800_1,3.89,3.0,730
713,User_VAR_800_2,3.89,3.0,730
713,User_VAR_800_3,5.0,3.0,730
715,Sys_VAR_ref_800_1,3.85,2.75,730
715,Sys_VAR_ref_800_2,3.82,4.15,730
715,Sys_VAR_ref_800_3,4.85,3.72,730
715,User_VAR_800_1,3.89,2.0,730
715,User_VAR_800_2,3.89,4.0,730
715,User_VAR_800_3,5.0,2.0,730
716,Sys_VAR_ref_800_1,2.85,1.5,730
716,Sys_VAR_ref_800_2,3.82,1.5,730
716,Sys_VAR_ref_800_3,2.85,1.5,730
716,User_VAR_800_1,3.0,2.0,730
716,User_VAR_800_2,5.0,2.0,730
716,User_VAR_800_3,3.0,2.0,730
717,Sys_VAR_ref_800_1,0.12,0.85,730
717,Sys_VAR_ref_800_2,0.0,0.0,730
717,Sys_VAR_ref_800_3,0.12,0.85,730
717,User_VAR_800_1,0.0,1.0,730
717,User_VAR_800_2,0.0,0.0,730
717,User_VAR_800_3,0.0,1.0,730
718,Sys_VAR_ref_800_1,2.15,2.85,730
718,Sys_VAR_ref_800_2,4.85,2.75,730
718,Sys_VAR_ref_800_3,4.15,1.85,730
718,User_VAR_800_1,3.33,2.0,730
718,User_VAR_800_2,3.33,2.0,730
718,User_VAR_800_3,2.5,2.0,730
719,Sys_VAR_ref_800_1,3.85,3.6,730
719,Sys_VAR_ref_800_2,2.85,1.65,730
719,Sys_VAR_ref_800_3,4.65,2.85,730
719,User_VAR_800_1,3.33,2.0,730
719,User_VAR_800_2,3.33,2.0,730
719,User_VAR_800_3,3.33,2.0,730
720,Sys_VAR_ref_800_1,4.85,2.15,743
720,Sys_VAR_ref_800_2,4.85,2.75,743
720,Sys_VAR_ref_800_3,4.85,2.15,743
720,User_VAR_800_1,0.0,2.0,743
720,User_VAR_800_2,0.0,2.0,743
720,User_VAR_800_3,0.0,2.0,743
721,Sys_VAR_ref_800_1,4.85,2.15,743
721,Sys_VAR_ref_800_2,4.85,3.62,743
721,Sys_VAR_ref_800_3,4.85,2.65,743
721,User_VAR_800_1,5.0,4.0,743
721,User_VAR_800_2,5.0,4.0,743
721,User_VAR_800_3,5.0,4.0,743
723,Sys_VAR_ref_800_1,4.12,2.85,743
723,Sys_VAR_ref_800_2,4.85,1.92,743
723,Sys_VAR_ref_800_3,4.85,2.65,743
723,User_VAR_800_1,5.0,2.0,743
723,User_VAR_800_2,3.75,4.0,743
723,User_VAR_800_3,5.0,2.0,743
724,Sys_VAR_ref_800_1,4.85,3.72,743
724,Sys_VAR_ref_800_2,4.85,3.72,743
724,Sys_VAR_ref_800_3,4.85,3.72,743
724,User_VAR_800_1,5.0,4.0,743
724,User_VAR_800_2,5.0,4.0,743
724,User_VAR_800_3,5.0,4.0,743
726,Sys_VAR_ref_800_1,4.85,3.62,743
726,Sys_VAR_ref_800_2,4.85,4.72,743
726,Sys_VAR_ref_800_3,4.85,4.2,743
726,User_VAR_800_1,5.0,4.0,743
726,User_VAR_800_2,5.0,4.0,743
726,User_VAR_800_3,5.0,4.0,743
727,Sys_VAR_ref_800_1,4.85,3.6,743
727,Sys_VAR_ref_800_2,3.85,2.15,743
727,Sys_VAR_ref_800_3,4.85,3.75,743
727,User_VAR_800_1,5.0,4.0,743
727,User_VAR_800_2,3.75,4.0,743
727,User_VAR_800_3,5.0,4.0,743
728,Sys_VAR_ref_800_1,2.85,3.42,743
728,Sys_VAR_ref_800_2,1.85,2.4,743
728,Sys_VAR_ref_800_3,1.85,3.62,743
728,User_VAR_800_1,5.0,3.0,743
728,User_VAR_800_2,3.33,3.0,743
728,User_VAR_800_3,3.33,3.0,743
729,Sys_VAR_ref_800_1,4.85,3.65,743
729,Sys_VAR_ref_800_2,4.85,2.65,743
729,Sys_VAR_ref_800_3,4.85,3.6,743
729,User_VAR_800_1,5.0,4.0,743
729,User_VAR_800_2,5.0,4.0,743
729,User_VAR_800_3,5.0,4.0,743
730,Sys_VAR_ref_800_1,4.85,1.5,746
730,Sys_VAR_ref_800_2,4.15,3.85,746
730,Sys_VAR_ref_800_3,4.85,3.92,746
730,User_VAR_800_1,5.0,2.0,746
730,User_VAR_800_2,5.0,3.0,746
730,User_VAR_800_3,5.0,3.0,746
731,Sys_VAR_ref_800_1,4.25,3.85,746
731,Sys_VAR_ref_800_2,4.65,3.82,746
731,Sys_VAR_ref_800_3,3.45,2.85,746
731,User_VAR_800_1,4.29,2.0,746
731,User_VAR_800_2,3.57,3.0,746
731,User_VAR_800_3,3.57,3.0,746
733,Sys_VAR_ref_800_1,4.82,2.15,746
733,Sys_VAR_ref_800_2,3.15,1.5,746
733,Sys_VAR_ref_800_3,4.15,2.85,746
733,User_VAR_800_1,4.0,2.0,746
733,User_VAR_800_2,4.0,1.0,746
733,User_VAR_800_3,5.0,2.0,746
734,Sys_VAR_ref_800_1,3.85,1.2,746
734,Sys_VAR_ref_800_2,4.85,1.2,746
734,Sys_VAR_ref_800_3,3.85,1.2,746
734,User_VAR_800_1,4.29,4.0,746
734,User_VAR_800_2,4.29,1.0,746
734,User_VAR_800_3,4.29,1.0,746
735,Sys_VAR_ref_800_1,0.05,2.0,746
735,Sys_VAR_ref_800_2,4.85,2.15,746
735,Sys_VAR_ref_800_3,4.85,3.2,746
735,User_VAR_800_1,5.0,2.0,746
735,User_VAR_800_2,5.0,2.0,746
735,User_VAR_800_3,5.0,2.0,746
736,Sys_VAR_ref_800_1,4.15,3.85,746
736,Sys_VAR_ref_800_2,4.12,2.85,746
736,Sys_VAR_ref_800_3,3.25,2.8,746
736,User_VAR_800_1,3.57,3.0,746
736,User_VAR_800_2,4.29,2.0,746
736,User_VAR_800_3,4.29,2.0,746
737,Sys_VAR_ref_800_1,0.15,1.25,746
737,Sys_VAR_ref_800_2,0.12,1.35,746
737,Sys_VAR_ref_800_3,0.12,1.35,746
737,User_VAR_800_1,0.62,1.0,746
737,User_VAR_800_2,1.25,1.0,746
737,User_VAR_800_3,5.0,1.0,746
738,Sys_VAR_ref_800_1,0.0,1.5,746
738,Sys_VAR_ref_800_2,0.15,1.5,746
738,Sys_VAR_ref_800_3,0.0,1.5,746
738,User_VAR_800_1,5.0,2.0,746
738,User_VAR_800_2,5.0,2.0,746
738,User_VAR_800_3,5.0,2.0,746
740,Sys_VAR_ref_800_1,4.15,2.85,755
740,Sys_VAR_ref_800_2,4.12,2.85,755
740,Sys_VAR_ref_800_3,4.85,3.75,755
740,User_VAR_800_1,4.38,3.0,755
740,User_VAR_800_2,4.38,3.0,755
740,User_VAR_800_3,5.0,3.0,755
742,Sys_VAR_ref_800_1,4.72,3.85,755
742,Sys_VAR_ref_800_2,4.65,2.85,755
742,Sys_VAR_ref_800_3,4.85,4.2,755
742,User_VAR_800_1,5.0,3.0,755
742,User_VAR_800_2,5.0,5.0,755
742,User_VAR_800_3,5.0,5.0,755
743,Sys_VAR_ref_800_1,4.65,3.85,755
743,Sys_VAR_ref_800_2,4.85,3.62,755
743,Sys_VAR_ref_800_3,4.65,3.85,755
743,User_VAR_800_1,4.38,4.0,755
743,User_VAR_800_2,4.38,4.0,755
743,User_VAR_800_3,5.0,4.0,755
744,Sys_VAR_ref_800_1,4.65,3.85,755
744,Sys_VAR_ref_800_2,4.85,3.72,755
744,Sys_VAR_ref_800_3,4.65,3.82,755
744,User_VAR_800_1,5.0,3.0,755
744,User_VAR_800_2,0.0,4.0,755
744,User_VAR_800_3,5.0,3.0,755
746,Sys_VAR_ref_800_1,4.65,3.85,755
746,Sys_VAR_ref_800_2,4.12,2.85,755
746,Sys_VAR_ref_800_3,4.12,3.65,755
746,User_VAR_800_1,5.0,3.0,755
746,User_VAR_800_2,5.0,4.0,755
746,User_VAR_800_3,5.0,4.0,755
747,Sys_VAR_ref_800_1,4.85,3.65,755
747,Sys_VAR_ref_800_2,4.65,3.85,755
747,Sys_VAR_ref_800_3,4.85,2.75,755
747,User_VAR_800_1,5.0,4.0,755
747,User_VAR_800_2,5.0,3.0,755
747,User_VAR_800_3,5.0,2.0,755
748,Sys_VAR_ref_800_1,2.85,3.72,755
748,Sys_VAR_ref_800_2,3.42,3.85,755
748,Sys_VAR_ref_800_3,2.85,3.42,755
748,User_VAR_800_1,3.33,4.0,755
748,User_VAR_800_2,4.38,3.0,755
748,User_VAR_800_3,3.75,3.0,755
749,Sys_VAR_ref_800_1,4.15,3.85,755
749,Sys_VAR_ref_800_2,4.12,2.85,755
749,Sys_VAR_ref_800_3,3.85,2.15,755
749,User_VAR_800_1,3.75,2.0,755
749,User_VAR_800_2,3.75,3.0,755
749,User_VAR_800_3,3.75,2.0,755
750,Sys_VAR_ref_800_1,3.45,3.82,756
750,Sys_VAR_ref_800_2,3.45,2.85,756
750,Sys_VAR_ref_800_3,3.85,2.6,756
750,User_VAR_800_1,3.12,2.0,756
750,User_VAR_800_2,3.12,4.0,756
750,User_VAR_800_3,3.12,4.0,756
751,Sys_VAR_ref_800_1,4.15,3.65,756
751,Sys_VAR_ref_800_2,4.65,3.85,756
751,Sys_VAR_ref_800_3,4.35,3.85,756
751,User_VAR_800_1,5.0,4.0,756
751,User_VAR_800_2,5.0,4.0,756
751,User_VAR_800_3,5.0,4.0,756
752,Sys_VAR_ref_800_1,4.12,3.65,756
752,Sys_VAR_ref_800_2,4.65,2.85,756
752,Sys_VAR_ref_800_3,4.65,2.85,756
752,User_VAR_800_1,4.44,4.0,756
752,User_VAR_800_2,3.33,3.0,756
752,User_VAR_800_3,3.57,4.0,756
754,Sys_VAR_ref_800_1,4.15,1.5,756
754,Sys_VAR_ref_800_2,3.42,1.85,756
754,Sys_VAR_ref_800_3,4.85,2.65,756
754,User_VAR_800_1,5.0,2.0,756
754,User_VAR_800_2,3.0,2.0,756
754,User_VAR_800_3,5.0,1.0,756
755,Sys_VAR_ref_800_1,4.12,2.85,756
755,Sys_VAR_ref_800_2,3.42,2.68,756
755,Sys_VAR_ref_800_3,4.15,2.85,756
755,User_VAR_800_1,4.29,3.0,756
755,User_VAR_800_2,4.29,3.0,756
755,User_VAR_800_3,4.29,2.0,756
756,Sys_VAR_ref_800_1,4.15,2.65,756
756,Sys_VAR_ref_800_2,4.65,3.85,756
756,Sys_VAR_ref_800_3,4.15,3.65,756
756,User_VAR_800_1,4.17,4.0,756
756,User_VAR_800_2,4.38,4.0,756
756,User_VAR_800_3,5.0,4.0,756
757,Sys_VAR_ref_800_1,4.85,3.75,756
757,Sys_VAR_ref_800_2,4.85,3.6,756
757,Sys_VAR_ref_800_3,4.65,3.2,756
757,User_VAR_800_1,5.0,4.0,756
757,User_VAR_800_2,4.5,4.0,756
757,User_VAR_800_3,4.5,4.0,756
759,Sys_VAR_ref_800_1,4.85,3.65,756
759,Sys_VAR_ref_800_2,4.65,3.85,756
759,Sys_VAR_ref_800_3,4.15,3.65,756
759,User_VAR_800_1,5.0,4.0,756
759,User_VAR_800_2,5.0,3.0,756
759,User_VAR_800_3,5.0,3.0,756
760,Sys_VAR_ref_800_1,4.92,4.95,806
760,Sys_VAR_ref_800_2,4.85,4.2,806
760,Sys_VAR_ref_800_3,4.65,3.85,806
760,User_VAR_800_1,4.38,4.0,806
760,User_VAR_800_2,4.38,4.0,806
760,User_VAR_800_3,5.0,4.0,806
761,Sys_VAR_ref_800_1,4.95,4.92,806
761,Sys_VAR_ref_800_2,5.0,5.0,806
761,Sys_VAR_ref_800_3,5.0,5.0,806
761,User_VAR_800_1,5.0,5.0,806
761,User_VAR_800_2,5.0,4.0,806
761,User_VAR_800_3,5.0,5.0,806
763,Sys_VAR_ref_800_1,4.65,4.2,806
763,Sys_VAR_ref_800_2,3.85,1.5,806
763,Sys_VAR_ref_800_3,4.65,3.82,806
763,User_VAR_800_1,4.38,4.0,806
763,User_VAR_800_2,4.38,4.0,806
763,User_VAR_800_3,4.38,4.0,806
765,Sys_VAR_ref_800_1,4.85,4.62,806
765,Sys_VAR_ref_800_2,5.0,5.0,806
765,Sys_VAR_ref_800_3,4.85,4.92,806
765,User_VAR_800_1,4.44,5.0,806
765,User_VAR_800_2,5.0,5.0,806
765,User_VAR_800_3,4.44,4.0,806
766,Sys_VAR_ref_800_1,4.82,4.65,806
766,Sys_VAR_ref_800_2,4.12,3.85,806
766,Sys_VAR_ref_800_3,4.25,3.85,806
766,User_VAR_800_1,4.38,4.0,806
766,User_VAR_800_2,4.29,4.0,806
766,User_VAR_800_3,4.29,4.0,806
767,Sys_VAR_ref_800_1,4.25,2.85,806
767,Sys_VAR_ref_800_2,3.85,2.75,806
767,Sys_VAR_ref_800_3,4.15,3.85,806
767,User_VAR_800_1,4.38,4.0,806
767,User_VAR_800_2,4.38,4.0,806
767,User_VAR_800_3,4.38,4.0,806
768,Sys_VAR_ref_800_1,4.85,3.62,806
768,Sys_VAR_ref_800_2,4.85,4.2,806
768,Sys_VAR_ref_800_3,4.85,3.72,806
768,User_VAR_800_1,5.0,4.0,806
768,User_VAR_800_2,5.0,4.0,806
768,User_VAR_800_3,5.0,4.0,806
769,Sys_VAR_ref_800_1,4.65,3.85,806
769,Sys_VAR_ref_800_2,4.65,3.85,806
769,Sys_VAR_ref_800_3,4.65,3.85,806
769,User_VAR_800_1,4.44,4.0,806
769,User_VAR_800_2,4.44,3.0,806
769,User_VAR_800_3,4.38,4.0,806
770,Sys_VAR_ref_800_1,4.12,3.65,810
770,Sys_VAR_ref_800_2,3.85,3.6,810
770,Sys_VAR_ref_800_3,3.85,2.4,810
770,User_VAR_800_1,3.75,3.0,810
770,User_VAR_800_2,4.38,3.0,810
770,User_VAR_800_3,3.75,4.0,810
771,Sys_VAR_ref_800_1,4.95,4.65,810
771,Sys_VAR_ref_800_2,4.92,4.65,810
771,Sys_VAR_ref_800_3,4.95,4.85,810
771,User_VAR_800_1,5.0,4.0,810
771,User_VAR_800_2,5.0,3.0,810
771,User_VAR_800_3,5.0,4.0,810
772,Sys_VAR_ref_800_1,0.15,1.2,810
772,Sys_VAR_ref_800_2,3.85,2.65,810
772,Sys_VAR_ref_800_3,4.65,3.85,810
772,User_VAR_800_1,3.75,3.0,810
772,User_VAR_800_2,3.75,3.0,810
772,User_VAR_800_3,1.88,3.0,810
773,Sys_VAR_ref_800_1,4.25,2.15,810
773,Sys_VAR_ref_800_2,4.65,4.12,810
773,Sys_VAR_ref_800_3,4.85,4.72,810
773,User_VAR_800_1,4.38,4.0,810
773,User_VAR_800_2,4.38,3.0,810
773,User_VAR_800_3,4.38,4.0,810
774,Sys_VAR_ref_800_1,3.65,2.85,810
774,Sys_VAR_ref_800_2,4.25,2.85,810
774,Sys_VAR_ref_800_3,2.85,2.1,810
774,User_VAR_800_1,3.75,3.0,810
774,User_VAR_800_2,3.75,2.0,810
774,User_VAR_800_3,3.75,2.0,810
775,Sys_VAR_ref_800_1,1.25,0.85,810
775,Sys_VAR_ref_800_2,0.0,0.5,810
775,Sys_VAR_ref_800_3,0.0,0.5,810
775,User_VAR_800_1,0.0,1.0,810
775,User_VAR_800_2,0.0,1.0,810
775,User_VAR_800_3,0.0,1.0,810
776,Sys_VAR_ref_800_1,0.0,1.2,810
776,Sys_VAR_ref_800_2,0.0,1.2,810
776,Sys_VAR_ref_800_3,2.85,1.92,810
776,User_VAR_800_1,3.75,1.0,810
776,User_VAR_800_2,0.0,2.0,810
776,User_VAR_800_3,0.0,1.0,810
777,Sys_VAR_ref_800_1,4.15,3.85,810
777,Sys_VAR_ref_800_2,3.85,2.15,810
777,Sys_VAR_ref_800_3,4.65,2.85,810
777,User_VAR_800_1,3.12,3.0,810
777,User_VAR_800_2,3.12,3.0,810
777,User_VAR_800_3,3.75,3.0,810
780,Sys_VAR_ref_800_1,3.42,2.85,819
780,Sys_VAR_ref_800_2,1.25,1.85,819
780,Sys_VAR_ref_800_3,3.42,2.0,819
780,User_VAR_800_1,1.0,3.0,819
780,User_VAR_800_2,1.0,2.0,819
780,User_VAR_800_3,1.0,3.0,819
782,Sys_VAR_ref_800_1,4.15,1.5,819
782,Sys_VAR_ref_800_2,4.12,1.5,819
782,Sys_VAR_ref_800_3,4.35,1.5,819
782,User_VAR_800_1,5.0,2.0,819
782,User_VAR_800_2,5.0,2.0,819
782,User_VAR_800_3,5.0,2.0,819
783,Sys_VAR_ref_800_1,1.85,2.4,819
783,Sys_VAR_ref_800_2,1.85,2.4,819
783,Sys_VAR_ref_800_3,1.85,1.5,819
783,User_VAR_800_1,0.0,2.0,819
783,User_VAR_800_2,0.0,2.0,819
783,User_VAR_800_3,0.0,2.0,819
784,Sys_VAR_ref_800_1,3.15,1.5,819
784,Sys_VAR_ref_800_2,3.45,1.5,819
784,Sys_VAR_ref_800_3,4.15,2.85,819
784,User_VAR_800_1,5.0,2.0,819
784,User_VAR_800_2,5.0,2.0,819
784,User_VAR_800_3,5.0,2.0,819
785,Sys_VAR_ref_800_1,3.65,1.5,819
785,Sys_VAR_ref_800_2,4.12,2.85,819
785,Sys_VAR_ref_800_3,4.15,1.5,819
785,User_VAR_800_1,4.17,2.0,819
785,User_VAR_800_2,4.17,3.0,819
785,User_VAR_800_3,4.17,3.0,819
786,Sys_VAR_ref_800_1,4.85,2.15,819
786,Sys_VAR_ref_800_2,4.15,2.0,819
786,Sys_VAR_ref_800_3,4.65,2.85,819
786,User_VAR_800_1,5.0,4.0,819
786,User_VAR_800_2,5.0,2.0,819
786,User_VAR_800_3,4.29,4.0,819
787,Sys_VAR_ref_800_1,1.85,2.4,819
787,Sys_VAR_ref_800_2,1.25,2.1,819
787,Sys_VAR_ref_800_3,0.85,2.4,819
787,User_VAR_800_1,0.0,2.0,819
787,User_VAR_800_2,0.0,2.0,819
787,User_VAR_800_3,0.0,2.0,819
789,Sys_VAR_ref_800_1,1.85,2.4,819
789,Sys_VAR_ref_800_2,3.85,3.6,819
789,Sys_VAR_ref_800_3,1.25,1.5,819
789,User_VAR_800_1,5.0,3.0,819
789,User_VAR_800_2,0.0,3.0,819
789,User_VAR_800_3,0.0,3.0,819
790,Sys_VAR_ref_800_1,0.85,1.5,836
790,Sys_VAR_ref_800_2,0.0,2.85,836
790,Sys_VAR_ref_800_3,0.15,2.85,836
790,User_VAR_800_1,0.71,2.0,836
790,User_VAR_800_2,0.83,3.0,836
790,User_VAR_800_3,0.0,3.0,836
791,Sys_VAR_ref_800_1,0.0,1.25,836
791,Sys_VAR_ref_800_2,0.0,1.25,836
791,Sys_VAR_ref_800_3,0.0,1.25,836
791,User_VAR_800_1,0.0,1.0,836
791,User_VAR_800_2,0.0,1.0,836
791,User_VAR_800_3,0.0,1.0,836
793,Sys_VAR_ref_800_1,0.0,1.5,836
793,Sys_VAR_ref_800_2,0.0,1.25,836
793,Sys_VAR_ref_800_3,0.0,1.25,836
793,User_VAR_800_1,0.0,2.0,836
793,User_VAR_800_2,0.0,1.0,836
793,User_VAR_800_3,0.0,1.0,836
794,Sys_VAR_ref_800_1,4.85,3.65,836
794,Sys_VAR_ref_800_2,0.0,3.2,836
794,Sys_VAR_ref_800_3,0.15,3.62,836
794,User_VAR_800_1,0.0,3.0,836
794,User_VAR_800_2,0.71,3.0,836
794,User_VAR_800_3,0.71,3.0,836
795,Sys_VAR_ref_800_1,0.0,2.85,836
795,Sys_VAR_ref_800_2,4.85,3.62,836
795,Sys_VAR_ref_800_3,1.25,3.65,836
795,User_VAR_800_1,0.56,3.0,836
795,User_VAR_800_2,0.0,3.0,836
795,User_VAR_800_3,0.0,4.0,836
797,Sys_VAR_ref_800_1,4.85,3.62,836
797,Sys_VAR_ref_800_2,0.15,2.85,836
797,Sys_VAR_ref_800_3,0.85,2.4,836
797,User_VAR_800_1,0.56,3.0,836
797,User_VAR_800_2,0.56,4.0,836
797,User_VAR_800_3,0.56,3.0,836
798,Sys_VAR_ref_800_1,0.85,3.62,836
798,Sys_VAR_ref_800_2,4.85,3.2,836
798,Sys_VAR_ref_800_3,0.85,3.62,836
798,User_VAR_800_1,1.43,2.0,836
798,User_VAR_800_2,1.43,3.0,836
798,User_VAR_800_3,1.43,2.0,836
799,Sys_VAR_ref_800_1,0.0,3.25,836
799,Sys_VAR_ref_800_2,0.0,2.85,836
799,Sys_VAR_ref_800_3,0.0,2.85,836
799,User_VAR_800_1,0.0,2.0,836
799,User_VAR_800_2,0.0,3.0,836
799,User_VAR_800_3,0.0,4.0,836
800,Sys_VAR_ref_800_1,2.85,1.5,903
800,Sys_VAR_ref_800_2,2.15,1.2,903
800,Sys_VAR_ref_800_3,2.15,1.25,903
800,User_VAR_800_1,2.5,1.0,903
800,User_VAR_800_2,2.5,1.0,903
800,User_VAR_800_3,2.5,1.0,903
801,Sys_VAR_ref_800_1,3.85,3.62,903
801,Sys_VAR_ref_800_2,2.85,1.92,903
801,Sys_VAR_ref_800_3,3.85,2.65,903
801,User_VAR_800_1,2.86,4.0,903
801,User_VAR_800_2,2.86,4.0,903
801,User_VAR_800_3,2.86,2.0,903
802,Sys_VAR_ref_800_1,2.85,1.92,903
802,Sys_VAR_ref_800_2,3.85,2.15,903
802,Sys_VAR_ref_800_3,4.12,2.85,903
802,User_VAR_800_1,3.57,2.0,903
802,User_VAR_800_2,3.57,2.0,903
802,User_VAR_800_3,3.57,3.0,903
803,Sys_VAR_ref_800_1,2.15,1.5,903
803,Sys_VAR_ref_800_2,3.42,1.5,903
803,Sys_VAR_ref_800_3,4.35,3.82,903
803,User_VAR_800_1,5.0,2.0,903
803,User_VAR_800_2,3.57,2.0,903
803,User_VAR_800_3,3.57,2.0,903
804,Sys_VAR_ref_800_1,1.85,1.42,903
804,Sys_VAR_ref_800_2,1.25,1.8,903
804,Sys_VAR_ref_800_3,1.85,1.2,903
804,User_VAR_800_1,0.0,1.0,903
804,User_VAR_800_2,2.5,1.0,903
804,User_VAR_800_3,2.5,2.0,903
805,Sys_VAR_ref_800_1,1.85,2.4,903
805,Sys_VAR_ref_800_2,3.85,4.12,903
805,Sys_VAR_ref_800_3,4.15,1.85,903
805,User_VAR_800_1,5.0,2.0,903
805,User_VAR_800_2,3.75,3.0,903
805,User_VAR_800_3,3.33,2.0,903
806,Sys_VAR_ref_800_1,2.85,1.92,903
806,Sys_VAR_ref_800_2,1.85,1.2,903
806,Sys_VAR_ref_800_3,1.85,1.5,903
806,User_VAR_800_1,3.57,1.0,903
806,User_VAR_800_2,2.86,1.0,903
806,User_VAR_800_3,3.57,2.0,903
808,Sys_VAR_ref_800_1,4.85,3.75,903
808,Sys_VAR_ref_800_2,4.15,2.85,903
808,Sys_VAR_ref_800_3,4.72,3.85,903
808,User_VAR_800_1,3.57,1.0,903
808,User_VAR_800_2,5.0,1.0,903
808,User_VAR_800_3,3.57,4.0,903
810,Sys_VAR_ref_800_1,2.85,1.92,917
810,Sys_VAR_ref_800_2,4.65,2.85,917
810,Sys_VAR_ref_800_3,3.85,2.4,917
810,User_VAR_800_1,4.29,2.0,917
810,User_VAR_800_2,2.86,3.0,917
810,User_VAR_800_3,5.0,2.0,917
811,Sys_VAR_ref_800_1,2.85,1.42,917
811,Sys_VAR_ref_800_2,3.85,1.92,917
811,Sys_VAR_ref_800_3,3.85,2.15,917
811,User_VAR_800_1,4.0,2.0,917
811,User_VAR_800_2,0.0,2.0,917
811,User_VAR_800_3,0.0,2.0,917
812,Sys_VAR_ref_800_1,4.12,2.85,917
812,Sys_VAR_ref_800_2,4.12,2.85,917
812,Sys_VAR_ref_800_3,4.12,1.85,917
812,User_VAR_800_1,4.0,2.0,917
812,User_VAR_800_2,4.0,1.0,917
812,User_VAR_800_3,4.0,1.0,917
813,Sys_VAR_ref_800_1,4.25,2.85,917
813,Sys_VAR_ref_800_2,4.12,2.35,917
813,Sys_VAR_ref_800_3,3.85,2.65,917
813,User_VAR_800_1,4.17,2.0,917
813,User_VAR_800_2,4.17,2.0,917
813,User_VAR_800_3,4.17,2.0,917
814,Sys_VAR_ref_800_1,4.12,2.85,917
814,Sys_VAR_ref_800_2,4.12,2.85,917
814,Sys_VAR_ref_800_3,4.65,2.8,917
814,User_VAR_800_1,5.0,2.0,917
814,User_VAR_800_2,5.0,3.0,917
814,User_VAR_800_3,5.0,2.0,917
815,Sys_VAR_ref_800_1,2.85,1.92,917
815,Sys_VAR_ref_800_2,3.85,1.92,917
815,Sys_VAR_ref_800_3,4.12,3.85,917
815,User_VAR_800_1,5.0,3.0,917
815,User_VAR_800_2,5.0,2.0,917
815,User_VAR_800_3,4.29,2.0,917
817,Sys_VAR_ref_800_1,3.85,2.15,917
817,Sys_VAR_ref_800_2,2.15,1.8,917
817,Sys_VAR_ref_800_3,1.85,1.2,917
817,User_VAR_800_1,3.0,1.0,917
817,User_VAR_800_2,3.0,2.0,917
817,User_VAR_800_3,3.0,2.0,917
819,Sys_VAR_ref_800_1,3.85,1.92,917
819,Sys_VAR_ref_800_2,4.65,2.85,917
819,Sys_VAR_ref_800_3,4.12,2.85,917
819,User_VAR_800_1,5.0,3.0,917
819,User_VAR_800_2,5.0,2.0,917
819,User_VAR_800_3,4.38,3.0,917
820,Sys_VAR_ref_800_1,1.85,1.2,919
820,Sys_VAR_ref_800_2,1.85,1.2,919
820,Sys_VAR_ref_800_3,1.85,1.2,919
820,User_VAR_800_1,2.22,1.0,919
820,User_VAR_800_2,2.22,1.0,919
820,User_VAR_800_3,2.22,1.0,919
821,Sys_VAR_ref_800_1,2.85,1.45,919
821,Sys_VAR_ref_800_2,1.85,1.2,919
821,Sys_VAR_ref_800_3,1.85,1.2,919
821,User_VAR_800_1,1.88,1.0,919
821,User_VAR_800_2,2.5,1.0,919
821,User_VAR_800_3,3.12,1.0,919
822,Sys_VAR_ref_800_1,1.85,1.2,919
822,Sys_VAR_ref_800_2,1.85,1.2,919
822,Sys_VAR_ref_800_3,1.85,1.2,919
822,User_VAR_800_1,2.5,1.0,919
822,User_VAR_800_2,2.5,1.0,919
822,User_VAR_800_3,2.5,1.0,919
824,Sys_VAR_ref_800_1,2.15,1.2,919
824,Sys_VAR_ref_800_2,1.85,0.92,919
824,Sys_VAR_ref_800_3,1.85,1.2,919
824,User_VAR_800_1,3.12,1.0,919
824,User_VAR_800_2,3.12,1.0,919
824,User_VAR_800_3,3.12,1.0,919
825,Sys_VAR_ref_800_1,1.25,2.1,919
825,Sys_VAR_ref_800_2,1.85,2.4,919
825,Sys_VAR_ref_800_3,0.12,1.85,919
825,User_VAR_800_1,0.71,2.0,919
825,User_VAR_800_2,1.25,1.0,919
825,User_VAR_800_3,0.71,1.0,919
827,Sys_VAR_ref_800_1,2.15,1.85,919
827,Sys_VAR_ref_800_2,1.85,1.2,919
827,Sys_VAR_ref_800_3,1.85,1.2,919
827,User_VAR_800_1,2.5,1.0,919
827,User_VAR_800_2,2.5,1.0,919
827,User_VAR_800_3,2.5,1.0,919
828,Sys_VAR_ref_800_1,1.85,1.2,919
828,Sys_VAR_ref_800_2,1.85,1.2,919
828,Sys_VAR_ref_800_3,2.85,1.2,919
828,User_VAR_800_1,2.5,1.0,919
828,User_VAR_800_2,2.5,1.0,919
828,User_VAR_800_3,3.12,1.0,919
829,Sys_VAR_ref_800_1,1.25,1.85,919
829,Sys_VAR_ref_800_2,1.85,1.2,919
829,Sys_VAR_ref_800_3,1.25,1.8,919
829,User_VAR_800_1,1.67,2.0,919
829,User_VAR_800_2,1.67,2.0,919
829,User_VAR_800_3,1.11,3.0,919
830,Sys_VAR_ref_800_1,4.15,2.85,920
830,Sys_VAR_ref_800_2,5.0,4.6,920
830,Sys_VAR_ref_800_3,4.85,2.1,920
830,User_VAR_800_1,5.0,4.0,920
830,User_VAR_800_2,5.0,3.0,920
830,User_VAR_800_3,4.38,3.0,920
831,Sys_VAR_ref_800_1,4.65,3.85,920
831,Sys_VAR_ref_800_2,4.65,3.82,920
831,Sys_VAR_ref_800_3,4.65,3.82,920
831,User_VAR_800_1,5.0,4.0,920
831,User_VAR_800_2,5.0,3.0,920
831,User_VAR_800_3,5.0,3.0,920
834,Sys_VAR_ref_800_1,4.85,3.62,920
834,Sys_VAR_ref_800_2,4.85,3.72,920
834,Sys_VAR_ref_800_3,4.65,3.82,920
834,User_VAR_800_1,5.0,3.0,920
834,User_VAR_800_2,5.0,3.0,920
834,User_VAR_800_3,5.0,3.0,920
835,Sys_VAR_ref_800_1,3.45,3.82,920
835,Sys_VAR_ref_800_2,4.15,3.62,920
835,Sys_VAR_ref_800_3,3.85,3.6,920
835,User_VAR_800_1,3.33,3.0,920
835,User_VAR_800_2,3.33,3.0,920
835,User_VAR_800_3,3.33,3.0,920
836,Sys_VAR_ref_800_1,4.85,2.75,920
836,Sys_VAR_ref_800_2,4.65,2.85,920
836,Sys_VAR_ref_800_3,4.15,2.85,920
836,User_VAR_800_1,5.0,3.0,920
836,User_VAR_800_2,5.0,3.0,920
836,User_VAR_800_3,5.0,3.0,920
837,Sys_VAR_ref_800_1,4.98,4.95,920
837,Sys_VAR_ref_800_2,4.65,2.85,920
837,Sys_VAR_ref_800_3,5.0,5.0,920
837,User_VAR_800_1,5.0,4.0,920
837,User_VAR_800_2,4.38,5.0,920
837,User_VAR_800_3,4.38,3.0,920
838,Sys_VAR_ref_800_1,4.85,2.3,920
838,Sys_VAR_ref_800_2,4.85,3.62,920
838,Sys_VAR_ref_800_3,4.85,3.65,920
838,User_VAR_800_1,5.0,4.0,920
838,User_VAR_800_2,5.0,4.0,920
838,User_VAR_800_3,5.0,4.0,920
839,Sys_VAR_ref_800_1,2.85,2.6,920
839,Sys_VAR_ref_800_2,3.45,3.82,920
839,Sys_VAR_ref_800_3,2.85,2.65,920
839,User_VAR_800_1,4.0,4.0,920
839,User_VAR_800_2,3.33,2.0,920
839,User_VAR_800_3,4.0,4.0,920
840,Sys_VAR_ref_800_1,0.85,0.92,922
840,Sys_VAR_ref_800_2,0.45,0.85,922
840,Sys_VAR_ref_800_3,0.15,0.85,922
840,User_VAR_800_1,0.62,1.0,922
840,User_VAR_800_2,0.71,1.0,922
840,User_VAR_800_3,0.71,1.0,922
841,Sys_VAR_ref_800_1,2.85,2.6,922
841,Sys_VAR_ref_800_2,0.85,0.92,922
841,Sys_VAR_ref_800_3,1.85,1.2,922
841,User_VAR_800_1,1.25,1.0,922
841,User_VAR_800_2,0.0,1.0,922
841,User_VAR_800_3,0.0,1.0,922
842,Sys_VAR_ref_800_1,0.42,1.15,922
842,Sys_VAR_ref_800_2,1.85,1.2,922
842,Sys_VAR_ref_800_3,0.42,0.85,922
842,User_VAR_800_1,0.0,1.0,922
842,User_VAR_800_2,3.12,1.0,922
842,User_VAR_800_3,3.12,1.0,922
843,Sys_VAR_ref_800_1,0.45,1.2,922
843,Sys_VAR_ref_800_2,0.85,1.2,922
843,Sys_VAR_ref_800_3,0.15,0.85,922
843,User_VAR_800_1,0.56,1.0,922
843,User_VAR_800_2,0.56,1.0,922
843,User_VAR_800_3,0.71,1.0,922
844,Sys_VAR_ref_800_1,2.85,1.2,922
844,Sys_VAR_ref_800_2,4.15,2.85,922
844,Sys_VAR_ref_800_3,3.85,2.9,922
844,User_VAR_800_1,4.29,2.0,922
844,User_VAR_800_2,4.29,2.0,922
844,User_VAR_800_3,3.89,2.0,922
846,Sys_VAR_ref_800_1,0.85,1.2,922
846,Sys_VAR_ref_800_2,1.25,0.85,922
846,Sys_VAR_ref_800_3,1.85,0.92,922
846,User_VAR_800_1,2.22,1.0,922
846,User_VAR_800_2,0.0,1.0,922
846,User_VAR_800_3,0.83,1.0,922
847,Sys_VAR_ref_800_1,1.85,0.92,922
847,Sys_VAR_ref_800_2,1.85,0.5,922
847,Sys_VAR_ref_800_3,1.85,0.92,922
847,User_VAR_800_1,0.0,1.0,922
847,User_VAR_800_2,2.78,1.0,922
847,User_VAR_800_3,2.78,1.0,922
849,Sys_VAR_ref_800_1,2.15,1.85,922
849,Sys_VAR_ref_800_2,2.15,1.85,922
849,Sys_VAR_ref_800_3,1.85,1.2,922
849,User_VAR_800_1,3.89,2.0,922
849,User_VAR_800_2,3.89,1.0,922
849,User_VAR_800_3,3.33,1.0,922
850,Sys_VAR_ref_800_1,4.15,3.2,928
850,Sys_VAR_ref_800_2,4.15,3.2,928
850,Sys_VAR_ref_800_3,4.85,3.65,928
850,User_VAR_800_1,5.0,4.0,928
850,User_VAR_800_2,4.38,4.0,928
850,User_VAR_800_3,4.38,4.0,928
851,Sys_VAR_ref_800_1,4.65,3.85,928
851,Sys_VAR_ref_800_2,4.65,2.85,928
851,Sys_VAR_ref_800_3,4.65,2.85,928
851,User_VAR_800_1,5.0,4.0,928
851,User_VAR_800_2,5.0,3.0,928
851,User_VAR_800_3,5.0,4.0,928
853,Sys_VAR_ref_800_1,1.85,3.6,928
853,Sys_VAR_ref_800_2,1.42,2.65,928
853,Sys_VAR_ref_800_3,1.42,3.65,928
853,User_VAR_800_1,1.11,3.0,928
853,User_VAR_800_2,1.67,3.0,928
853,User_VAR_800_3,1.11,3.0,928
855,Sys_VAR_ref_800_1,4.25,2.85,928
855,Sys_VAR_ref_800_2,4.65,2.85,928
855,Sys_VAR_ref_800_3,4.65,3.85,928
855,User_VAR_800_1,4.44,2.0,928
855,User_VAR_800_2,5.0,2.0,928
855,User_VAR_800_3,5.0,2.0,928
856,Sys_VAR_ref_800_1,3.42,3.85,928
856,Sys_VAR_ref_800_2,3.42,2.85,928
856,Sys_VAR_ref_800_3,4.65,3.82,928
856,User_VAR_800_1,4.38,4.0,928
856,User_VAR_800_2,4.38,4.0,928
856,User_VAR_800_3,4.38,4.0,928
857,Sys_VAR_ref_800_1,4.85,3.65,928
857,Sys_VAR_ref_800_2,4.85,3.6,928
857,Sys_VAR_ref_800_3,4.85,3.65,928
857,User_VAR_800_1,5.0,4.0,928
857,User_VAR_800_2,5.0,4.0,928
857,User_VAR_800_3,5.0,5.0,928
858,Sys_VAR_ref_800_1,4.65,2.85,928
858,Sys_VAR_ref_800_2,4.65,2.85,928
858,Sys_VAR_ref_800_3,4.65,2.85,928
858,User_VAR_800_1,5.0,3.0,928
858,User_VAR_800_2,5.0,3.0,928
858,User_VAR_800_3,5.0,3.0,928
859,Sys_VAR_ref_800_1,4.85,3.65,928
859,Sys_VAR_ref_800_2,4.65,3.85,928
859,Sys_VAR_ref_800_3,4.15,3.85,928
859,User_VAR_800_1,4.38,4.0,928
859,User_VAR_800_2,5.0,4.0,928
859,User_VAR_800_3,5.0,4.0,928
861,Sys_VAR_ref_800_1,4.85,4.2,931
861,Sys_VAR_ref_800_2,4.85,3.62,931
861,Sys_VAR_ref_800_3,4.85,3.65,931
861,User_VAR_800_1,5.0,4.0,931
861,User_VAR_800_2,5.0,4.0,931
861,User_VAR_800_3,5.0,5.0,931
862,Sys_VAR_ref_800_1,4.85,3.72,931
862,Sys_VAR_ref_800_2,4.85,2.75,931
862,Sys_VAR_ref_800_3,4.85,3.72,931
862,User_VAR_800_1,5.0,4.0,931
862,User_VAR_800_2,5.0,3.0,931
862,User_VAR_800_3,5.0,3.0,931
863,Sys_VAR_ref_800_1,4.85,3.92,931
863,Sys_VAR_ref_800_2,2.85,3.42,931
863,Sys_VAR_ref_800_3,2.15,2.8,931
863,User_VAR_800_1,4.38,4.0,931
863,User_VAR_800_2,5.0,4.0,931
863,User_VAR_800_3,5.0,3.0,931
864,Sys_VAR_ref_800_1,4.92,3.85,931
864,Sys_VAR_ref_800_2,4.92,4.15,931
864,Sys_VAR_ref_800_3,5.0,5.0,931
864,User_VAR_800_1,5.0,4.0,931
864,User_VAR_800_2,4.38,4.0,931
864,User_VAR_800_3,5.0,4.0,931
865,Sys_VAR_ref_800_1,4.85,3.62,931
865,Sys_VAR_ref_800_2,4.85,3.6,931
865,Sys_VAR_ref_800_3,4.85,3.65,931
865,User_VAR_800_1,5.0,5.0,931
865,User_VAR_800_2,5.0,4.0,931
865,User_VAR_800_3,5.0,5.0,931
866,Sys_VAR_ref_800_1,4.85,2.1,931
866,Sys_VAR_ref_800_2,4.65,2.85,931
866,Sys_VAR_ref_800_3,4.85,3.2,931
866,User_VAR_800_1,5.0,2.0,931
866,User_VAR_800_2,3.75,4.0,931
866,User_VAR_800_3,3.75,2.0,931
867,Sys_VAR_ref_800_1,1.85,3.62,931
867,Sys_VAR_ref_800_2,3.85,2.65,931
867,Sys_VAR_ref_800_3,2.85,3.12,931
867,User_VAR_800_1,3.75,3.0,931
867,User_VAR_800_2,3.75,3.0,931
867,User_VAR_800_3,3.75,3.0,931
868,Sys_VAR_ref_800_1,4.85,3.62,931
868,Sys_VAR_ref_800_2,4.85,3.65,931
868,Sys_VAR_ref_800_3,4.85,3.65,931
868,User_VAR_800_1,5.0,4.0,931
868,User_VAR_800_2,5.0,4.0,931
868,User_VAR_800_3,5.0,4.0,931
871,Sys_VAR_ref_800_1,4.65,3.85,943
871,Sys_VAR_ref_800_2,4.85,4.2,943
871,Sys_VAR_ref_800_3,4.85,3.65,943
871,User_VAR_800_1,4.0,4.0,943
871,User_VAR_800_2,4.0,4.0,943
871,User_VAR_800_3,4.0,4.0,943
872,Sys_VAR_ref_800_1,4.65,2.85,943
872,Sys_VAR_ref_800_2,4.85,3.65,943
872,Sys_VAR_ref_800_3,4.85,3.65,943
872,User_VAR_800_1,4.44,4.0,943
872,User_VAR_800_2,4.44,4.0,943
872,User_VAR_800_3,4.44,4.0,943
873,Sys_VAR_ref_800_1,4.85,4.2,943
873,Sys_VAR_ref_800_2,4.85,4.2,943
873,Sys_VAR_ref_800_3,4.85,3.6,943
873,User_VAR_800_1,5.0,4.0,943
873,User_VAR_800_2,5.0,4.0,943
873,User_VAR_800_3,5.0,4.0,943
874,Sys_VAR_ref_800_1,4.65,3.82,943
874,Sys_VAR_ref_800_2,4.85,3.65,943
874,Sys_VAR_ref_800_3,4.65,4.82,943
874,User_VAR_800_1,5.0,4.0,943
874,User_VAR_800_2,4.0,4.0,943
874,User_VAR_800_3,4.0,4.0,943
875,Sys_VAR_ref_800_1,4.65,3.85,943
875,Sys_VAR_ref_800_2,4.85,3.72,943
875,Sys_VAR_ref_800_3,4.85,3.6,943
875,User_VAR_800_1,5.0,4.0,943
875,User_VAR_800_2,3.89,3.0,943
875,User_VAR_800_3,5.0,3.0,943
877,Sys_VAR_ref_800_1,3.85,3.6,943
877,Sys_VAR_ref_800_2,3.85,3.2,943
877,Sys_VAR_ref_800_3,4.12,3.85,943
877,User_VAR_800_1,3.0,4.0,943
877,User_VAR_800_2,3.0,4.0,943
877,User_VAR_800_3,3.0,4.0,943
878,Sys_VAR_ref_800_1,3.85,4.95,943
878,Sys_VAR_ref_800_2,3.45,2.85,943
878,Sys_VAR_ref_800_3,4.85,4.92,943
878,User_VAR_800_1,4.0,3.0,943
878,User_VAR_800_2,4.0,4.0,943
878,User_VAR_800_3,4.0,4.0,943
879,Sys_VAR_ref_800_1,4.92,4.15,943
879,Sys_VAR_ref_800_2,4.85,3.65,943
879,Sys_VAR_ref_800_3,4.68,3.45,943
879,User_VAR_800_1,5.0,4.0,943
879,User_VAR_800_2,5.0,4.0,943
879,User_VAR_800_3,5.0,4.0,943
881,Sys_VAR_ref_800_1,4.85,4.2,952
881,Sys_VAR_ref_800_2,4.68,3.85,952
881,Sys_VAR_ref_800_3,4.85,3.65,952
881,User_VAR_800_1,5.0,3.0,952
881,User_VAR_800_2,5.0,4.0,952
881,User_VAR_800_3,5.0,4.0,952
883,Sys_VAR_ref_800_1,4.85,4.2,952
883,Sys_VAR_ref_800_2,4.85,4.2,952
883,Sys_VAR_ref_800_3,4.85,3.65,952
883,User_VAR_800_1,5.0,4.0,952
883,User_VAR_800_2,5.0,5.0,952
883,User_VAR_800_3,5.0,5.0,952
884,Sys_VAR_ref_800_1,0.05,4.82,952
884,Sys_VAR_ref_800_2,3.85,2.9,952
884,Sys_VAR_ref_800_3,0.05,4.82,952
884,User_VAR_800_1,0.0,4.0,952
884,User_VAR_800_2,0.0,5.0,952
884,User_VAR_800_3,0.0,5.0,952
885,Sys_VAR_ref_800_1,4.85,3.62,952
885,Sys_VAR_ref_800_2,4.85,3.65,952
885,Sys_VAR_ref_800_3,4.85,3.6,952
885,User_VAR_800_1,5.0,4.0,952
885,User_VAR_800_2,5.0,4.0,952
885,User_VAR_800_3,5.0,4.0,952
886,Sys_VAR_ref_800_1,4.85,4.62,952
886,Sys_VAR_ref_800_2,4.95,4.98,952
886,Sys_VAR_ref_800_3,4.15,3.65,952
886,User_VAR_800_1,5.0,4.0,952
886,User_VAR_800_2,5.0,4.0,952
886,User_VAR_800_3,5.0,4.0,952
887,Sys_VAR_ref_800_1,4.85,3.65,952
887,Sys_VAR_ref_800_2,4.85,3.6,952
887,Sys_VAR_ref_800_3,4.85,4.72,952
887,User_VAR_800_1,5.0,4.0,952
887,User_VAR_800_2,5.0,4.0,952
887,User_VAR_800_3,5.0,5.0,952
888,Sys_VAR_ref_800_1,4.98,5.0,952
888,Sys_VAR_ref_800_2,4.98,4.95,952
888,Sys_VAR_ref_800_3,4.98,4.95,952
888,User_VAR_800_1,5.0,5.0,952
888,User_VAR_800_2,5.0,5.0,952
888,User_VAR_800_3,5.0,5.0,952
889,Sys_VAR_ref_800_1,4.85,3.65,952
889,Sys_VAR_ref_800_2,4.92,4.85,952
889,Sys_VAR_ref_800_3,4.92,4.85,952
889,User_VAR_800_1,5.0,5.0,952
889,User_VAR_800_2,5.0,5.0,952
889,User_VAR_800_3,5.0,5.0,952
890,Sys_VAR_ref_800_1,4.65,3.85,960
890,Sys_VAR_ref_800_2,4.85,3.62,960
890,Sys_VAR_ref_800_3,4.65,3.85,960
890,User_VAR_800_1,5.0,3.0,960
890,User_VAR_800_2,5.0,4.0,960
890,User_VAR_800_3,5.0,4.0,960
891,Sys_VAR_ref_800_1,4.65,2.85,960
891,Sys_VAR_ref_800_2,4.85,3.2,960
891,Sys_VAR_ref_800_3,4.65,3.82,960
891,User_VAR_800_1,5.0,3.0,960
891,User_VAR_800_2,5.0,3.0,960
891,User_VAR_800_3,5.0,3.0,960
892,Sys_VAR_ref_800_1,3.42,2.15,960
892,Sys_VAR_ref_800_2,2.15,1.8,960
892,Sys_VAR_ref_800_3,2.15,1.85,960
892,User_VAR_800_1,1.88,2.0,960
892,User_VAR_800_2,1.88,2.0,960
892,User_VAR_800_3,5.0,2.0,960
893,Sys_VAR_ref_800_1,4.65,2.85,960
893,Sys_VAR_ref_800_2,4.85,3.62,960
893,Sys_VAR_ref_800_3,4.65,2.85,960
893,User_VAR_800_1,5.0,4.0,960
893,User_VAR_800_2,5.0,4.0,960
893,User_VAR_800_3,5.0,4.0,960
894,Sys_VAR_ref_800_1,4.65,3.85,960
894,Sys_VAR_ref_800_2,4.85,3.2,960
894,Sys_VAR_ref_800_3,4.85,4.2,960
894,User_VAR_800_1,5.0,4.0,960
894,User_VAR_800_2,5.0,4.0,960
894,User_VAR_800_3,5.0,4.0,960
895,Sys_VAR_ref_800_1,4.85,3.75,960
895,Sys_VAR_ref_800_2,4.85,3.72,960
895,Sys_VAR_ref_800_3,4.85,3.75,960
895,User_VAR_800_1,5.0,4.0,960
895,User_VAR_800_2,5.0,4.0,960
895,User_VAR_800_3,5.0,4.0,960
896,Sys_VAR_ref_800_1,4.65,2.85,960
896,Sys_VAR_ref_800_2,4.85,3.2,960
896,Sys_VAR_ref_800_3,4.65,3.82,960
896,User_VAR_800_1,5.0,4.0,960
896,User_VAR_800_2,5.0,4.0,960
896,User_VAR_800_3,5.0,4.0,960
897,Sys_VAR_ref_800_1,4.85,3.6,960
897,Sys_VAR_ref_800_2,4.85,2.9,960
897,Sys_VAR_ref_800_3,4.65,3.82,960
897,User_VAR_800_1,5.0,4.0,960
897,User_VAR_800_2,5.0,4.0,960
897,User_VAR_800_3,5.0,4.0,960
900,Sys_VAR_ref_800_1,2.85,3.4,962
900,Sys_VAR_ref_800_2,2.85,2.1,962
900,Sys_VAR_ref_800_3,2.85,2.1,962
900,User_VAR_800_1,3.75,2.0,962
900,User_VAR_800_2,4.38,3.0,962
900,User_VAR_800_3,4.38,2.0,962
901,Sys_VAR_ref_800_1,4.85,3.72,962
901,Sys_VAR_ref_800_2,4.15,3.85,962
901,Sys_VAR_ref_800_3,4.85,4.62,962
901,User_VAR_800_1,4.44,4.0,962
901,User_VAR_800_2,5.0,4.0,962
901,User_VAR_800_3,4.44,4.0,962
904,Sys_VAR_ref_800_1,4.85,3.62,962
904,Sys_VAR_ref_800_2,4.65,3.82,962
904,Sys_VAR_ref_800_3,4.85,3.65,962
904,User_VAR_800_1,5.0,4.0,962
904,User_VAR_800_2,5.0,4.0,962
904,User_VAR_800_3,5.0,4.0,962
905,Sys_VAR_ref_800_1,4.12,3.85,962
905,Sys_VAR_ref_800_2,4.35,3.82,962
905,Sys_VAR_ref_800_3,3.85,4.12,962
905,User_VAR_800_1,5.0,4.0,962
905,User_VAR_800_2,5.0,4.0,962
905,User_VAR_800_3,3.75,4.0,962
906,Sys_VAR_ref_800_1,4.85,3.65,962
906,Sys_VAR_ref_800_2,4.85,3.62,962
906,Sys_VAR_ref_800_3,4.92,4.85,962
906,User_VAR_800_1,5.0,4.0,962
906,User_VAR_800_2,5.0,4.0,962
906,User_VAR_800_3,5.0,4.0,962
907,Sys_VAR_ref_800_1,4.85,3.6,962
907,Sys_VAR_ref_800_2,4.85,3.62,962
907,Sys_VAR_ref_800_3,4.65,3.85,962
907,User_VAR_800_1,5.0,4.0,962
907,User_VAR_800_2,5.0,4.0,962
907,User_VAR_800_3,5.0,4.0,962
908,Sys_VAR_ref_800_1,2.85,3.42,962
908,Sys_VAR_ref_800_2,2.35,2.8,962
908,Sys_VAR_ref_800_3,2.15,2.8,962
908,User_VAR_800_1,3.57,2.0,962
908,User_VAR_800_2,4.29,3.0,962
908,User_VAR_800_3,4.29,3.0,962
909,Sys_VAR_ref_800_1,4.15,3.85,962
909,Sys_VAR_ref_800_2,4.85,4.62,962
909,Sys_VAR_ref_800_3,3.42,3.85,962
909,User_VAR_800_1,3.33,4.0,962
909,User_VAR_800_2,3.75,4.0,962
909,User_VAR_800_3,3.75,4.0,962
911,Sys_VAR_ref_800_1,4.85,3.6,968
911,Sys_VAR_ref_800_2,4.85,4.92,968
911,Sys_VAR_ref_800_3,4.35,4.82,968
911,User_VAR_800_1,5.0,5.0,968
911,User_VAR_800_2,5.0,5.0,968
911,User_VAR_800_3,5.0,5.0,968
913,Sys_VAR_ref_800_1,3.85,3.6,968
913,Sys_VAR_ref_800_2,1.85,1.2,968
913,Sys_VAR_ref_800_3,3.85,2.9,968
913,User_VAR_800_1,3.57,3.0,968
913,User_VAR_800_2,5.0,4.0,968
913,User_VAR_800_3,2.14,4.0,968
914,Sys_VAR_ref_800_1,4.15,3.85,968
914,Sys_VAR_ref_800_2,4.82,3.65,968
914,Sys_VAR_ref_800_3,3.85,3.62,968
914,User_VAR_800_1,4.17,4.0,968
914,User_VAR_800_2,4.29,4.0,968
914,User_VAR_800_3,4.29,4.0,968
915,Sys_VAR_ref_800_1,2.85,3.65,968
915,Sys_VAR_ref_800_2,2.85,3.65,968
915,Sys_VAR_ref_800_3,3.85,4.15,968
915,User_VAR_800_1,2.5,3.0,968
915,User_VAR_800_2,2.5,4.0,968
915,User_VAR_800_3,2.5,3.0,968
916,Sys_VAR_ref_800_1,4.85,3.72,968
916,Sys_VAR_ref_800_2,4.65,3.85,968
916,Sys_VAR_ref_800_3,4.85,3.75,968
916,User_VAR_800_1,5.0,3.0,968
916,User_VAR_800_2,5.0,3.0,968
916,User_VAR_800_3,5.0,4.0,968
917,Sys_VAR_ref_800_1,4.65,2.85,968
917,Sys_VAR_ref_800_2,4.85,3.6,968
917,Sys_VAR_ref_800_3,4.85,3.6,968
917,User_VAR_800_1,5.0,4.0,968
917,User_VAR_800_2,5.0,4.0,968
917,User_VAR_800_3,5.0,4.0,968
918,Sys_VAR_ref_800_1,4.65,3.85,968
918,Sys_VAR_ref_800_2,4.85,3.62,968
918,Sys_VAR_ref_800_3,4.85,3.2,968
918,User_VAR_800_1,5.0,4.0,968
918,User_VAR_800_2,5.0,4.0,968
918,User_VAR_800_3,5.0,4.0,968
919,Sys_VAR_ref_800_1,4.85,3.65,968
919,Sys_VAR_ref_800_2,4.85,4.2,968
919,Sys_VAR_ref_800_3,4.85,3.65,968
919,User_VAR_800_1,5.0,4.0,968
919,User_VAR_800_2,5.0,4.0,968
919,User_VAR_800_3,5.0,4.0,968
920,Sys_VAR_ref_800_1,3.45,2.15,971
920,Sys_VAR_ref_800_2,3.85,2.65,971
920,Sys_VAR_ref_800_3,3.45,2.1,971
920,User_VAR_800_1,4.38,2.0,971
920,User_VAR_800_2,4.29,3.0,971
920,User_VAR_800_3,4.29,2.0,971
921,Sys_VAR_ref_800_1,4.25,2.85,971
921,Sys_VAR_ref_800_2,4.15,2.85,971
921,Sys_VAR_ref_800_3,3.85,2.15,971
921,User_VAR_800_1,4.38,3.0,971
921,User_VAR_800_2,4.38,3.0,971
921,User_VAR_800_3,4.38,3.0,971
922,Sys_VAR_ref_800_1,4.98,4.95,971
922,Sys_VAR_ref_800_2,4.92,4.85,971
922,Sys_VAR_ref_800_3,4.85,4.62,971
922,User_VAR_800_1,5.0,5.0,971
922,User_VAR_800_2,5.0,5.0,971
922,User_VAR_800_3,5.0,5.0,971
923,Sys_VAR_ref_800_1,4.85,2.15,971
923,Sys_VAR_ref_800_2,4.85,2.15,971
923,Sys_VAR_ref_800_3,4.65,2.85,971
923,User_VAR_800_1,5.0,2.0,971
923,User_VAR_800_2,5.0,3.0,971
923,User_VAR_800_3,5.0,3.0,971
924,Sys_VAR_ref_800_1,4.15,2.85,971
924,Sys_VAR_ref_800_2,3.85,2.15,971
924,Sys_VAR_ref_800_3,3.85,1.65,971
924,User_VAR_800_1,4.38,4.0,971
924,User_VAR_800_2,4.38,2.0,971
924,User_VAR_800_3,4.38,4.0,971
925,Sys_VAR_ref_800_1,3.85,1.2,971
925,Sys_VAR_ref_800_2,2.85,1.42,971
925,Sys_VAR_ref_800_3,1.85,1.2,971
925,User_VAR_800_1,1.88,2.0,971
925,User_VAR_800_2,3.75,2.0,971
925,User_VAR_800_3,3.75,2.0,971
926,Sys_VAR_ref_800_1,4.92,4.85,971
926,Sys_VAR_ref_800_2,4.85,3.65,971
926,Sys_VAR_ref_800_3,4.82,3.65,971
926,User_VAR_800_1,5.0,4.0,971
926,User_VAR_800_2,5.0,5.0,971
926,User_VAR_800_3,5.0,4.0,971
928,Sys_VAR_ref_800_1,4.65,2.85,971
928,Sys_VAR_ref_800_2,4.85,3.2,971
928,Sys_VAR_ref_800_3,4.85,3.65,971
928,User_VAR_800_1,5.0,2.0,971
928,User_VAR_800_2,5.0,2.0,971
928,User_VAR_800_3,5.0,2.0,971
932,Sys_VAR_ref_800_1,3.42,2.65,972
932,Sys_VAR_ref_800_2,3.85,2.15,972
932,Sys_VAR_ref_800_3,3.65,2.85,972
932,User_VAR_800_1,3.75,4.0,972
932,User_VAR_800_2,3.12,2.0,972
932,User_VAR_800_3,3.75,4.0,972
933,Sys_VAR_ref_800_1,1.85,1.2,972
933,Sys_VAR_ref_800_2,2.85,1.5,972
933,Sys_VAR_ref_800_3,2.15,1.5,972
933,User_VAR_800_1,4.38,1.0,972
933,User_VAR_800_2,2.22,4.0,972
933,User_VAR_800_3,3.75,4.0,972
934,Sys_VAR_ref_800_1,4.65,3.85,972
934,Sys_VAR_ref_800_2,4.85,4.62,972
934,Sys_VAR_ref_800_3,4.85,3.92,972
934,User_VAR_800_1,5.0,3.0,972
934,User_VAR_800_2,5.0,4.0,972
934,User_VAR_800_3,5.0,4.0,972
935,Sys_VAR_ref_800_1,4.85,4.2,972
935,Sys_VAR_ref_800_2,4.85,4.2,972
935,Sys_VAR_ref_800_3,4.85,3.65,972
935,User_VAR_800_1,5.0,4.0,972
935,User_VAR_800_2,5.0,4.0,972
935,User_VAR_800_3,5.0,4.0,972
936,Sys_VAR_ref_800_1,4.12,1.85,972
936,Sys_VAR_ref_800_2,3.85,1.2,972
936,Sys_VAR_ref_800_3,4.15,1.85,972
936,User_VAR_800_1,5.0,1.0,972
936,User_VAR_800_2,4.44,1.0,972
936,User_VAR_800_3,4.38,1.0,972
937,Sys_VAR_ref_800_1,4.65,1.5,972
937,Sys_VAR_ref_800_2,4.12,1.5,972
937,Sys_VAR_ref_800_3,4.85,1.5,972
937,User_VAR_800_1,4.38,3.0,972
937,User_VAR_800_2,5.0,2.0,972
937,User_VAR_800_3,5.0,2.0,972
938,Sys_VAR_ref_800_1,4.65,3.85,972
938,Sys_VAR_ref_800_2,4.85,3.2,972
938,Sys_VAR_ref_800_3,4.65,3.85,972
938,User_VAR_800_1,5.0,4.0,972
938,User_VAR_800_2,4.44,4.0,972
938,User_VAR_800_3,5.0,4.0,972
939,Sys_VAR_ref_800_1,4.85,1.2,972
939,Sys_VAR_ref_800_2,3.85,1.5,972
939,Sys_VAR_ref_800_3,4.85,1.5,972
939,User_VAR_800_1,5.0,2.0,972
939,User_VAR_800_2,5.0,2.0,972
939,User_VAR_800_3,5.0,2.0,972
941,Sys_VAR_ref_800_1,2.85,1.4,981
941,Sys_VAR_ref_800_2,4.15,2.85,981
941,Sys_VAR_ref_800_3,3.82,2.15,981
941,User_VAR_800_1,3.33,3.0,981
941,User_VAR_800_2,3.33,3.0,981
941,User_VAR_800_3,3.33,3.0,981
942,Sys_VAR_ref_800_1,4.12,1.5,981
942,Sys_VAR_ref_800_2,4.12,1.5,981
942,Sys_VAR_ref_800_3,4.12,1.5,981
942,User_VAR_800_1,5.0,2.0,981
942,User_VAR_800_2,0.0,2.0,981
942,User_VAR_800_3,4.29,2.0,981
943,Sys_VAR_ref_800_1,3.65,1.25,981
943,Sys_VAR_ref_800_2,3.42,1.5,981
943,Sys_VAR_ref_800_3,2.85,1.2,981
943,User_VAR_800_1,2.86,2.0,981
943,User_VAR_800_2,3.57,2.0,981
943,User_VAR_800_3,4.29,2.0,981
944,Sys_VAR_ref_800_1,4.12,2.0,981
944,Sys_VAR_ref_800_2,3.82,2.0,981
944,Sys_VAR_ref_800_3,3.85,2.0,981
944,User_VAR_800_1,3.33,2.0,981
944,User_VAR_800_2,3.33,2.0,981
944,User_VAR_800_3,5.0,2.0,981
945,Sys_VAR_ref_800_1,4.12,1.5,981
945,Sys_VAR_ref_800_2,4.12,1.5,981
945,Sys_VAR_ref_800_3,4.12,1.5,981
945,User_VAR_800_1,4.29,4.0,981
945,User_VAR_800_2,5.0,4.0,981
945,User_VAR_800_3,5.0,4.0,981
947,Sys_VAR_ref_800_1,4.12,1.5,981
947,Sys_VAR_ref_800_2,4.35,1.5,981
947,Sys_VAR_ref_800_3,4.65,1.5,981
947,User_VAR_800_1,5.0,2.0,981
947,User_VAR_800_2,5.0,2.0,981
947,User_VAR_800_3,5.0,2.0,981
948,Sys_VAR_ref_800_1,3.42,1.5,981
948,Sys_VAR_ref_800_2,3.85,1.5,981
948,Sys_VAR_ref_800_3,4.12,1.5,981
948,User_VAR_800_1,3.33,1.0,981
948,User_VAR_800_2,3.33,1.0,981
948,User_VAR_800_3,3.33,1.0,981
949,Sys_VAR_ref_800_1,3.82,1.5,981
949,Sys_VAR_ref_800_2,3.42,1.5,981
949,Sys_VAR_ref_800_3,2.85,1.5,981
949,User_VAR_800_1,2.14,2.0,981
949,User_VAR_800_2,3.12,2.0,981
949,User_VAR_800_3,4.17,3.0,981
950,Sys_VAR_ref_800_1,3.42,1.15,982
950,Sys_VAR_ref_800_2,3.85,1.5,982
950,Sys_VAR_ref_800_3,2.15,1.5,982
950,User_VAR_800_1,3.12,1.0,982
950,User_VAR_800_2,3.12,1.0,982
950,User_VAR_800_3,3.12,1.0,982
951,Sys_VAR_ref_800_1,4.15,1.5,982
951,Sys_VAR_ref_800_2,3.45,2.15,982
951,Sys_VAR_ref_800_3,4.15,2.85,982
951,User_VAR_800_1,5.0,3.0,982
951,User_VAR_800_2,5.0,2.0,982
951,User_VAR_800_3,5.0,3.0,982
952,Sys_VAR_ref_800_1,3.42,1.5,982
952,Sys_VAR_ref_800_2,3.85,2.15,982
952,Sys_VAR_ref_800_3,4.15,3.85,982
952,User_VAR_800_1,4.0,3.0,982
952,User_VAR_800_2,4.0,3.0,982
952,User_VAR_800_3,4.0,2.0,982
953,Sys_VAR_ref_800_1,2.85,2.1,982
953,Sys_VAR_ref_800_2,3.65,1.5,982
953,Sys_VAR_ref_800_3,2.85,1.42,982
953,User_VAR_800_1,2.86,2.0,982
953,User_VAR_800_2,3.57,2.0,982
953,User_VAR_800_3,2.86,2.0,982
954,Sys_VAR_ref_800_1,2.85,1.45,982
954,Sys_VAR_ref_800_2,2.85,1.5,982
954,Sys_VAR_ref_800_3,2.85,1.42,982
954,User_VAR_800_1,2.86,2.0,982
954,User_VAR_800_2,4.17,2.0,982
954,User_VAR_800_3,2.86,2.0,982
955,Sys_VAR_ref_800_1,2.85,1.5,982
955,Sys_VAR_ref_800_2,0.85,0.92,982
955,Sys_VAR_ref_800_3,1.85,1.2,982
955,User_VAR_800_1,0.0,1.0,982
955,User_VAR_800_2,2.5,1.0,982
955,User_VAR_800_3,2.5,1.0,982
958,Sys_VAR_ref_800_1,2.85,2.0,982
958,Sys_VAR_ref_800_2,1.85,2.0,982
958,Sys_VAR_ref_800_3,2.85,1.42,982
958,User_VAR_800_1,3.57,1.0,982
958,User_VAR_800_2,3.57,1.0,982
958,User_VAR_800_3,3.57,1.0,982
959,Sys_VAR_ref_800_1,1.25,1.5,982
959,Sys_VAR_ref_800_2,1.24,1.5,982
959,Sys_VAR_ref_800_3,1.25,1.5,982
959,User_VAR_800_1,1.88,2.0,982
959,User_VAR_800_2,1.88,2.0,982
959,User_VAR_800_3,1.88,2.0,982
960,Sys_VAR_ref_800_1,4.85,2.65,983
960,Sys_VAR_ref_800_2,4.12,2.35,983
960,Sys_VAR_ref_800_3,4.65,2.85,983
960,User_VAR_800_1,4.44,4.0,983
960,User_VAR_800_2,4.44,3.0,983
960,User_VAR_800_3,4.44,2.0,983
962,Sys_VAR_ref_800_1,4.12,2.85,983
962,Sys_VAR_ref_800_2,3.82,2.15,983
962,Sys_VAR_ref_800_3,4.12,3.65,983
962,User_VAR_800_1,5.0,3.0,983
962,User_VAR_800_2,5.0,3.0,983
962,User_VAR_800_3,5.0,4.0,983
963,Sys_VAR_ref_800_1,3.45,1.5,983
963,Sys_VAR_ref_800_2,3.45,1.5,983
963,Sys_VAR_ref_800_3,3.85,1.5,983
963,User_VAR_800_1,5.0,2.0,983
963,User_VAR_800_2,5.0,1.0,983
963,User_VAR_800_3,5.0,2.0,983
964,Sys_VAR_ref_800_1,4.65,2.0,983
964,Sys_VAR_ref_800_2,3.65,2.85,983
964,Sys_VAR_ref_800_3,2.85,1.65,983
964,User_VAR_800_1,3.12,4.0,983
964,User_VAR_800_2,3.75,2.0,983
964,User_VAR_800_3,3.12,4.0,983
965,Sys_VAR_ref_800_1,4.12,1.5,983
965,Sys_VAR_ref_800_2,4.85,3.72,983
965,Sys_VAR_ref_800_3,4.35,3.82,983
965,User_VAR_800_1,5.0,2.0,983
965,User_VAR_800_2,5.0,3.0,983
965,User_VAR_800_3,5.0,3.0,983
966,Sys_VAR_ref_800_1,3.42,2.85,983
966,Sys_VAR_ref_800_2,4.65,3.82,983
966,Sys_VAR_ref_800_3,4.65,3.85,983
966,User_VAR_800_1,5.0,3.0,983
966,User_VAR_800_2,5.0,3.0,983
966,User_VAR_800_3,5.0,3.0,983
967,Sys_VAR_ref_800_1,4.65,1.5,983
967,Sys_VAR_ref_800_2,4.68,3.85,983
967,Sys_VAR_ref_800_3,4.62,3.85,983
967,User_VAR_800_1,5.0,4.0,983
967,User_VAR_800_2,5.0,4.0,983
967,User_VAR_800_3,5.0,4.0,983
968,Sys_VAR_ref_800_1,2.85,1.65,983
968,Sys_VAR_ref_800_2,3.42,1.5,983
968,Sys_VAR_ref_800_3,3.65,1.5,983
968,User_VAR_800_1,5.0,2.0,983
968,User_VAR_800_2,5.0,2.0,983
968,User_VAR_800_3,5.0,2.0,983
970,Sys_VAR_ref_800_1,3.85,4.12,985
970,Sys_VAR_ref_800_2,2.85,3.65,985
970,Sys_VAR_ref_800_3,2.85,3.65,985
970,User_VAR_800_1,3.0,4.0,985
970,User_VAR_800_2,3.0,4.0,985
970,User_VAR_800_3,3.0,4.0,985
971,Sys_VAR_ref_800_1,4.85,3.62,985
971,Sys_VAR_ref_800_2,4.82,3.85,985
971,Sys_VAR_ref_800_3,4.85,3.65,985
971,User_VAR_800_1,5.0,5.0,985
971,User_VAR_800_2,5.0,4.0,985
971,User_VAR_800_3,5.0,5.0,985
972,Sys_VAR_ref_800_1,0.0,3.85,985
972,Sys_VAR_ref_800_2,0.15,3.85,985
972,Sys_VAR_ref_800_3,0.0,4.92,985
972,User_VAR_800_1,0.0,5.0,985
972,User_VAR_800_2,0.0,5.0,985
972,User_VAR_800_3,0.0,5.0,985
973,Sys_VAR_ref_800_1,4.92,4.95,985
973,Sys_VAR_ref_800_2,4.82,4.65,985
973,Sys_VAR_ref_800_3,4.12,3.85,985
973,User_VAR_800_1,5.0,5.0,985
973,User_VAR_800_2,5.0,5.0,985
973,User_VAR_800_3,3.0,5.0,985
974,Sys_VAR_ref_800_1,4.65,3.85,985
974,Sys_VAR_ref_800_2,4.85,3.65,985
974,Sys_VAR_ref_800_3,4.85,4.62,985
974,User_VAR_800_1,5.0,4.0,985
974,User_VAR_800_2,5.0,4.0,985
974,User_VAR_800_3,5.0,4.0,985
976,Sys_VAR_ref_800_1,2.85,3.6,985
976,Sys_VAR_ref_800_2,2.85,3.62,985
976,Sys_VAR_ref_800_3,2.85,3.6,985
976,User_VAR_800_1,3.0,5.0,985
976,User_VAR_800_2,3.0,4.0,985
976,User_VAR_800_3,3.0,5.0,985
978,Sys_VAR_ref_800_1,4.62,3.85,985
978,Sys_VAR_ref_800_2,4.85,4.92,985
978,Sys_VAR_ref_800_3,4.85,4.92,985
978,User_VAR_800_1,5.0,4.0,985
978,User_VAR_800_2,5.0,4.0,985
978,User_VAR_800_3,5.0,5.0,985
979,Sys_VAR_ref_800_1,4.85,3.65,985
979,Sys_VAR_ref_800_2,4.85,3.65,985
979,Sys_VAR_ref_800_3,4.85,3.65,985
979,User_VAR_800_1,5.0,4.0,985
979,User_VAR_800_2,5.0,4.0,985
979,User_VAR_800_3,5.0,4.0,985
980,Sys_VAR_ref_800_1,4.15,2.85,991
980,Sys_VAR_ref_800_2,4.92,4.85,991
980,Sys_VAR_ref_800_3,4.85,3.75,991
980,User_VAR_800_1,5.0,5.0,991
980,User_VAR_800_2,5.0,5.0,991
980,User_VAR_800_3,5.0,5.0,991
982,Sys_VAR_ref_800_1,4.92,4.85,991
982,Sys_VAR_ref_800_2,4.92,4.85,991
982,Sys_VAR_ref_800_3,4.68,3.42,991
982,User_VAR_800_1,5.0,5.0,991
982,User_VAR_800_2,5.0,5.0,991
982,User_VAR_800_3,5.0,3.0,991
983,Sys_VAR_ref_800_1,4.35,2.85,991
983,Sys_VAR_ref_800_2,4.85,4.2,991
983,Sys_VAR_ref_800_3,4.85,4.72,991
983,User_VAR_800_1,5.0,4.0,991
983,User_VAR_800_2,5.0,4.0,991
983,User_VAR_800_3,5.0,4.0,991
984,Sys_VAR_ref_800_1,4.15,3.85,991
984,Sys_VAR_ref_800_2,4.65,4.72,991
984,Sys_VAR_ref_800_3,4.65,3.85,991
984,User_VAR_800_1,4.44,4.0,991
984,User_VAR_800_2,4.44,4.0,991
984,User_VAR_800_3,4.44,4.0,991
986,Sys_VAR_ref_800_1,3.82,2.65,991
986,Sys_VAR_ref_800_2,4.12,3.85,991
986,Sys_VAR_ref_800_3,3.45,3.82,991
986,User_VAR_800_1,3.89,4.0,991
986,User_VAR_800_2,3.89,4.0,991
986,User_VAR_800_3,3.89,4.0,991
987,Sys_VAR_ref_800_1,4.85,2.8,991
987,Sys_VAR_ref_800_2,4.85,3.8,991
987,Sys_VAR_ref_800_3,4.85,3.2,991
987,User_VAR_800_1,5.0,4.0,991
987,User_VAR_800_2,5.0,4.0,991
987,User_VAR_800_3,5.0,4.0,991
988,Sys_VAR_ref_800_1,4.92,4.85,991
988,Sys_VAR_ref_800_2,4.65,3.85,991
988,Sys_VAR_ref_800_3,4.92,4.85,991
988,User_VAR_800_1,5.0,5.0,991
988,User_VAR_800_2,5.0,3.0,991
988,User_VAR_800_3,5.0,3.0,991
989,Sys_VAR_ref_800_1,4.85,3.2,991
989,Sys_VAR_ref_800_2,4.82,3.65,991
989,Sys_VAR_ref_800_3,4.82,4.35,991
989,User_VAR_800_1,5.0,5.0,991
989,User_VAR_800_2,5.0,5.0,991
989,User_VAR_800_3,5.0,5.0,991
990,Sys_VAR_ref_800_1,1.25,1.1,999
990,Sys_VAR_ref_800_2,0.15,0.2,999
990,Sys_VAR_ref_800_3,1.85,0.92,999
990,User_VAR_800_1,2.78,1.0,999
990,User_VAR_800_2,2.22,1.0,999
990,User_VAR_800_3,2.86,1.0,999
991,Sys_VAR_ref_800_1,2.85,1.92,999
991,Sys_VAR_ref_800_2,1.85,2.1,999
991,Sys_VAR_ref_800_3,0.15,1.2,999
991,User_VAR_800_1,4.29,1.0,999
991,User_VAR_800_2,4.29,1.0,999
991,User_VAR_800_3,1.11,1.0,999
992,Sys_VAR_ref_800_1,3.85,2.15,999
992,Sys_VAR_ref_800_2,4.65,2.85,999
992,Sys_VAR_ref_800_3,4.65,3.85,999
992,User_VAR_800_1,5.0,3.0,999
992,User_VAR_800_2,5.0,3.0,999
992,User_VAR_800_3,5.0,3.0,999
994,Sys_VAR_ref_800_1,4.35,2.8,999
994,Sys_VAR_ref_800_2,4.65,3.85,999
994,Sys_VAR_ref_800_3,4.65,2.85,999
994,User_VAR_800_1,5.0,4.0,999
994,User_VAR_800_2,5.0,3.0,999
994,User_VAR_800_3,4.29,4.0,999
996,Sys_VAR_ref_800_1,4.85,3.92,999
996,Sys_VAR_ref_800_2,4.85,3.6,999
996,Sys_VAR_ref_800_3,4.15,2.35,999
996,User_VAR_800_1,5.0,4.0,999
996,User_VAR_800_2,5.0,3.0,999
996,User_VAR_800_3,5.0,3.0,999
997,Sys_VAR_ref_800_1,0.15,1.5,999
997,Sys_VAR_ref_800_2,0.0,1.5,999
997,Sys_VAR_ref_800_3,1.25,1.5,999
997,User_VAR_800_1,0.0,1.0,999
997,User_VAR_800_2,1.67,1.0,999
997,User_VAR_800_3,1.67,3.0,999
998,Sys_VAR_ref_800_1,3.42,2.68,999
998,Sys_VAR_ref_800_2,3.42,2.85,999
998,Sys_VAR_ref_800_3,3.85,2.45,999
998,User_VAR_800_1,4.29,2.0,999
998,User_VAR_800_2,4.29,1.0,999
998,User_VAR_800_3,4.29,2.0,999
999,Sys_VAR_ref_800_1,1.85,1.5,999
999,Sys_VAR_ref_800_2,2.85,1.5,999
999,Sys_VAR_ref_800_3,1.85,1.5,999
999,User_VAR_800_1,3.57,2.0,999
999,User_VAR_800_2,3.57,1.0,999
999,User_VAR_800_3,4.17,1.0,999
